source_config_id,source_pack,source_layout,source_tileset,script_pack,script_record,script_entry,trigger_type,trigger_addr,event_record,vm_context,event_sources,destination_pack,destination_entry_id,destination_config_id,destination_layout,destination_tileset,destination_variant,destination_x,destination_y,destination_secondary_x,destination_secondary_y,destination_coordinate_addr,condition,confidence,evidence,provenance
cfg_t07_l015_v2,0x2E,15,7,,,,runtime_observed_map_transition,,,,,0x50,,cfg_t04_l008_v2,8,4,2,,,,,,walk south through the central-room exit; exact event opcode address is not yet identified,confirmed,"runtime trace shows $0305 0x2E->0x50, then $126E/$12B4 converge to 0x50 and selector 4/8/2 becomes active",data/maps/transitions/stable_interior_to_pack50_shrine_exterior_20260928.json;docs/analysis/map_runtime_transition_pack2e_to_pack50_20260928.md
,,,,0x19,46,0xAB,vm_opcode_0x56_terminal,CB:7763,,pack=0x19;record=46;entry=0xAB,,0x77,0xCB,cfg_t28_l136_v2,136,28,2,,,,,,bounded substream tail; destination pack-wide unique entry 0xCB not resolved; source opcode boundary is CFG-reachable,strong_candidate,"C4:8B6A handler for opcode 0x56 stores operand1 to $15D0/$0305, copies old $0305 to $15CF, stores operand2 to $13B8/$13B9, calls 81:837F, and advances three bytes; exact bounded tail ends in compact B0",canonical_rom_sha256=F6A345E2F07F0CBC4EFF7D4FF06AE88A814A98FDF100C7BF7351168C73916A98;tools/python/catalog_map_transition_candidates.py;tools/python/catalog_map_selectors.py;C4:8B6A;C4:8BE2
,,,,0x48,1,0x77,vm_opcode_0x56_terminal,CC:004A,,pack=0x48;record=1;entry=0x77,,0x74,0x09,cfg_t33_l146_v1,146,33,1,,,,,,bounded substream tail; destination record0 entry 0x09 exists,strong_candidate,"C4:8B6A handler for opcode 0x56 stores operand1 to $15D0/$0305, copies old $0305 to $15CF, stores operand2 to $13B8/$13B9, calls 81:837F, and advances three bytes; exact bounded tail ends in compact B0",canonical_rom_sha256=F6A345E2F07F0CBC4EFF7D4FF06AE88A814A98FDF100C7BF7351168C73916A98;tools/python/catalog_map_transition_candidates.py;tools/python/catalog_map_selectors.py;C4:8B6A;C4:8BE2
,,,,0x49,1,0x27,vm_opcode_0x56_terminal,CC:02A6,,pack=0x49;record=1;entry=0x27,,0x49,0x03,cfg_t07_l067_v2,67,7,2,2,1,2,1,CC:025E,bounded substream tail; destination record0 entry 0x03 exists; destination entry has aligned 0x58 coordinate setter at CC:025E,strong_candidate,"C4:8B6A handler for opcode 0x56 stores operand1 to $15D0/$0305, copies old $0305 to $15CF, stores operand2 to $13B8/$13B9, calls 81:837F, and advances three bytes; exact bounded tail ends in compact B0; C4:8BE2 opcode 0x58 writes destination entry operands to $1573/$157D/$15C3/$15C4",canonical_rom_sha256=F6A345E2F07F0CBC4EFF7D4FF06AE88A814A98FDF100C7BF7351168C73916A98;tools/python/catalog_map_transition_candidates.py;tools/python/catalog_map_selectors.py;C4:8B6A;C4:8BE2
,,,,0x49,2,0x28,vm_opcode_0x56_terminal,CC:02CB,,pack=0x49;record=2;entry=0x28,,0x70,0x0B,cfg_t04_l045_v2,45,4,2,83,46,83,46,CC:6DE8,bounded substream tail; destination record0 entry 0x0B exists; destination entry has aligned 0x58 coordinate setter at CC:6DE8,strong_candidate,"C4:8B6A handler for opcode 0x56 stores operand1 to $15D0/$0305, copies old $0305 to $15CF, stores operand2 to $13B8/$13B9, calls 81:837F, and advances three bytes; exact bounded tail ends in compact B0; C4:8BE2 opcode 0x58 writes destination entry operands to $1573/$157D/$15C3/$15C4",canonical_rom_sha256=F6A345E2F07F0CBC4EFF7D4FF06AE88A814A98FDF100C7BF7351168C73916A98;tools/python/catalog_map_transition_candidates.py;tools/python/catalog_map_selectors.py;C4:8B6A;C4:8BE2
,,,,0x49,5,0x7C,vm_opcode_0x56_terminal,CC:0387,,pack=0x49;record=5;entry=0x7C,,0x49,0x04,cfg_t07_l067_v2,67,7,2,0,0,0,0,CC:0264,bounded substream tail; destination record0 entry 0x04 exists; destination entry has aligned 0x58 coordinate setter at CC:0264,strong_candidate,"C4:8B6A handler for opcode 0x56 stores operand1 to $15D0/$0305, copies old $0305 to $15CF, stores operand2 to $13B8/$13B9, calls 81:837F, and advances three bytes; exact bounded tail ends in compact B0; C4:8BE2 opcode 0x58 writes destination entry operands to $1573/$157D/$15C3/$15C4",canonical_rom_sha256=F6A345E2F07F0CBC4EFF7D4FF06AE88A814A98FDF100C7BF7351168C73916A98;tools/python/catalog_map_transition_candidates.py;tools/python/catalog_map_selectors.py;C4:8B6A;C4:8BE2
,,,,0x4C,27,0x79,vm_opcode_0x56_terminal,CC:0CF4,,pack=0x4C;record=27;entry=0x79,,0xC9,0x07,cfg_t59_l201_v2,201,59,2,15,8,15,8,CD:8D68,bounded substream tail; destination record0 entry 0x07 exists; destination entry has aligned 0x58 coordinate setter at CD:8D68,strong_candidate,"C4:8B6A handler for opcode 0x56 stores operand1 to $15D0/$0305, copies old $0305 to $15CF, stores operand2 to $13B8/$13B9, calls 81:837F, and advances three bytes; exact bounded tail ends in compact B0; C4:8BE2 opcode 0x58 writes destination entry operands to $1573/$157D/$15C3/$15C4",canonical_rom_sha256=F6A345E2F07F0CBC4EFF7D4FF06AE88A814A98FDF100C7BF7351168C73916A98;tools/python/catalog_map_transition_candidates.py;tools/python/catalog_map_selectors.py;C4:8B6A;C4:8BE2
,,,,0x4C,44,0x3C,vm_opcode_0x56_terminal,CC:0E26,,pack=0x4C;record=44;entry=0x3C,,0x81,0x15,,,,,37,30,37,30,CC:A911,bounded substream tail; destination record0 entry 0x15 exists; destination entry has aligned 0x58 coordinate setter at CC:A911,strong_candidate,"C4:8B6A handler for opcode 0x56 stores operand1 to $15D0/$0305, copies old $0305 to $15CF, stores operand2 to $13B8/$13B9, calls 81:837F, and advances three bytes; exact bounded tail ends in compact B0; C4:8BE2 opcode 0x58 writes destination entry operands to $1573/$157D/$15C3/$15C4",canonical_rom_sha256=F6A345E2F07F0CBC4EFF7D4FF06AE88A814A98FDF100C7BF7351168C73916A98;tools/python/catalog_map_transition_candidates.py;tools/python/catalog_map_selectors.py;C4:8B6A;C4:8BE2
,,,,0x4C,45,0x3A,vm_opcode_0x56_terminal,CC:0E61,,pack=0x4C;record=45;entry=0x3A,,0xB1,0x13,cfg_t29_l138_v2,138,29,2,224,36,224,36,CD:4356,bounded substream tail; destination record0 entry 0x13 exists; destination entry has aligned 0x58 coordinate setter at CD:4356,strong_candidate,"C4:8B6A handler for opcode 0x56 stores operand1 to $15D0/$0305, copies old $0305 to $15CF, stores operand2 to $13B8/$13B9, calls 81:837F, and advances three bytes; exact bounded tail ends in compact B0; C4:8BE2 opcode 0x58 writes destination entry operands to $1573/$157D/$15C3/$15C4",canonical_rom_sha256=F6A345E2F07F0CBC4EFF7D4FF06AE88A814A98FDF100C7BF7351168C73916A98;tools/python/catalog_map_transition_candidates.py;tools/python/catalog_map_selectors.py;C4:8B6A;C4:8BE2
,,,,0x4C,47,0x3D,vm_opcode_0x56_terminal,CC:0F06,,pack=0x4C;record=47;entry=0x3D,,0x82,0x0B,cfg_t04_l059_v2,59,4,2,30,25,30,25,CC:B2D8,bounded substream tail; destination record0 entry 0x0B exists; destination entry has aligned 0x58 coordinate setter at CC:B2D8,strong_candidate,"C4:8B6A handler for opcode 0x56 stores operand1 to $15D0/$0305, copies old $0305 to $15CF, stores operand2 to $13B8/$13B9, calls 81:837F, and advances three bytes; exact bounded tail ends in compact B0; C4:8BE2 opcode 0x58 writes destination entry operands to $1573/$157D/$15C3/$15C4",canonical_rom_sha256=F6A345E2F07F0CBC4EFF7D4FF06AE88A814A98FDF100C7BF7351168C73916A98;tools/python/catalog_map_transition_candidates.py;tools/python/catalog_map_selectors.py;C4:8B6A;C4:8BE2
,,,,0x50,28,0x33,vm_opcode_0x56_terminal,CC:1EEA,,pack=0x50;record=28;entry=0x33,,0x58,0x0B,cfg_t35_l149_v2,149,35,2,,,,,,bounded substream tail; destination record0 entry 0x0B exists,strong_candidate,"C4:8B6A handler for opcode 0x56 stores operand1 to $15D0/$0305, copies old $0305 to $15CF, stores operand2 to $13B8/$13B9, calls 81:837F, and advances three bytes; exact bounded tail ends in compact B0",canonical_rom_sha256=F6A345E2F07F0CBC4EFF7D4FF06AE88A814A98FDF100C7BF7351168C73916A98;tools/python/catalog_map_transition_candidates.py;tools/python/catalog_map_selectors.py;C4:8B6A;C4:8BE2
,,,,0x50,29,0x2E,vm_opcode_0x56_terminal,CC:1F12,,pack=0x50;record=29;entry=0x2E,,0xED,0x07,,,,,59,235,59,235,CD:E2F1,bounded substream tail; destination record0 entry 0x07 exists; destination entry has aligned 0x58 coordinate setter at CD:E2F1,strong_candidate,"C4:8B6A handler for opcode 0x56 stores operand1 to $15D0/$0305, copies old $0305 to $15CF, stores operand2 to $13B8/$13B9, calls 81:837F, and advances three bytes; exact bounded tail ends in compact B0; C4:8BE2 opcode 0x58 writes destination entry operands to $1573/$157D/$15C3/$15C4",canonical_rom_sha256=F6A345E2F07F0CBC4EFF7D4FF06AE88A814A98FDF100C7BF7351168C73916A98;tools/python/catalog_map_transition_candidates.py;tools/python/catalog_map_selectors.py;C4:8B6A;C4:8BE2
,,,,0x53,1,0x77,vm_opcode_0x56_terminal,CC:2544,,pack=0x53;record=1;entry=0x77,,0x53,0x0B,cfg_t08_l094_v2,94,8,2,,,,,,bounded substream tail; destination record0 entry 0x0B exists,strong_candidate,"C4:8B6A handler for opcode 0x56 stores operand1 to $15D0/$0305, copies old $0305 to $15CF, stores operand2 to $13B8/$13B9, calls 81:837F, and advances three bytes; exact bounded tail ends in compact B0",canonical_rom_sha256=F6A345E2F07F0CBC4EFF7D4FF06AE88A814A98FDF100C7BF7351168C73916A98;tools/python/catalog_map_transition_candidates.py;tools/python/catalog_map_selectors.py;C4:8B6A;C4:8BE2
,,,,0x53,2,0x77,vm_opcode_0x56_terminal,CC:2551,,pack=0x53;record=2;entry=0x77,,0x53,0x0C,cfg_t08_l094_v2,94,8,2,,,,,,bounded substream tail; destination record0 entry 0x0C exists,strong_candidate,"C4:8B6A handler for opcode 0x56 stores operand1 to $15D0/$0305, copies old $0305 to $15CF, stores operand2 to $13B8/$13B9, calls 81:837F, and advances three bytes; exact bounded tail ends in compact B0",canonical_rom_sha256=F6A345E2F07F0CBC4EFF7D4FF06AE88A814A98FDF100C7BF7351168C73916A98;tools/python/catalog_map_transition_candidates.py;tools/python/catalog_map_selectors.py;C4:8B6A;C4:8BE2
,,,,0x53,3,0x77,vm_opcode_0x56_terminal,CC:255E,,pack=0x53;record=3;entry=0x77,,0x53,0x0D,cfg_t08_l094_v2,94,8,2,,,,,,bounded substream tail; destination record0 entry 0x0D exists,strong_candidate,"C4:8B6A handler for opcode 0x56 stores operand1 to $15D0/$0305, copies old $0305 to $15CF, stores operand2 to $13B8/$13B9, calls 81:837F, and advances three bytes; exact bounded tail ends in compact B0",canonical_rom_sha256=F6A345E2F07F0CBC4EFF7D4FF06AE88A814A98FDF100C7BF7351168C73916A98;tools/python/catalog_map_transition_candidates.py;tools/python/catalog_map_selectors.py;C4:8B6A;C4:8BE2
,,,,0x53,4,0x77,vm_opcode_0x56_terminal,CC:256B,,pack=0x53;record=4;entry=0x77,,0x53,0x0E,cfg_t08_l094_v2,94,8,2,,,,,,bounded substream tail; destination record0 entry 0x0E exists,strong_candidate,"C4:8B6A handler for opcode 0x56 stores operand1 to $15D0/$0305, copies old $0305 to $15CF, stores operand2 to $13B8/$13B9, calls 81:837F, and advances three bytes; exact bounded tail ends in compact B0",canonical_rom_sha256=F6A345E2F07F0CBC4EFF7D4FF06AE88A814A98FDF100C7BF7351168C73916A98;tools/python/catalog_map_transition_candidates.py;tools/python/catalog_map_selectors.py;C4:8B6A;C4:8BE2
,,,,0x53,5,0x77,vm_opcode_0x56_terminal,CC:2578,,pack=0x53;record=5;entry=0x77,,0x91,0x03,cfg_t08_l092_v2,92,8,2,,,,,,bounded substream tail; destination record0 entry 0x03 exists,strong_candidate,"C4:8B6A handler for opcode 0x56 stores operand1 to $15D0/$0305, copies old $0305 to $15CF, stores operand2 to $13B8/$13B9, calls 81:837F, and advances three bytes; exact bounded tail ends in compact B0",canonical_rom_sha256=F6A345E2F07F0CBC4EFF7D4FF06AE88A814A98FDF100C7BF7351168C73916A98;tools/python/catalog_map_transition_candidates.py;tools/python/catalog_map_selectors.py;C4:8B6A;C4:8BE2
,,,,0x53,6,0x77,vm_opcode_0x56_terminal,CC:2585,,pack=0x53;record=6;entry=0x77,,0x53,0x0F,cfg_t08_l094_v2,94,8,2,,,,,,bounded substream tail; destination record0 entry 0x0F exists,strong_candidate,"C4:8B6A handler for opcode 0x56 stores operand1 to $15D0/$0305, copies old $0305 to $15CF, stores operand2 to $13B8/$13B9, calls 81:837F, and advances three bytes; exact bounded tail ends in compact B0",canonical_rom_sha256=F6A345E2F07F0CBC4EFF7D4FF06AE88A814A98FDF100C7BF7351168C73916A98;tools/python/catalog_map_transition_candidates.py;tools/python/catalog_map_selectors.py;C4:8B6A;C4:8BE2
,,,,0x53,7,0x77,vm_opcode_0x56_terminal,CC:2592,,pack=0x53;record=7;entry=0x77,,0x53,0x03,cfg_t08_l094_v2,94,8,2,,,,,,bounded substream tail; destination record0 entry 0x03 exists,strong_candidate,"C4:8B6A handler for opcode 0x56 stores operand1 to $15D0/$0305, copies old $0305 to $15CF, stores operand2 to $13B8/$13B9, calls 81:837F, and advances three bytes; exact bounded tail ends in compact B0",canonical_rom_sha256=F6A345E2F07F0CBC4EFF7D4FF06AE88A814A98FDF100C7BF7351168C73916A98;tools/python/catalog_map_transition_candidates.py;tools/python/catalog_map_selectors.py;C4:8B6A;C4:8BE2
,,,,0x53,8,0x77,vm_opcode_0x56_terminal,CC:259F,,pack=0x53;record=8;entry=0x77,,0x53,0x04,cfg_t08_l094_v2,94,8,2,,,,,,bounded substream tail; destination record0 entry 0x04 exists,strong_candidate,"C4:8B6A handler for opcode 0x56 stores operand1 to $15D0/$0305, copies old $0305 to $15CF, stores operand2 to $13B8/$13B9, calls 81:837F, and advances three bytes; exact bounded tail ends in compact B0",canonical_rom_sha256=F6A345E2F07F0CBC4EFF7D4FF06AE88A814A98FDF100C7BF7351168C73916A98;tools/python/catalog_map_transition_candidates.py;tools/python/catalog_map_selectors.py;C4:8B6A;C4:8BE2
,,,,0x53,9,0x77,vm_opcode_0x56_terminal,CC:25AC,,pack=0x53;record=9;entry=0x77,,0x53,0x06,cfg_t08_l094_v2,94,8,2,,,,,,bounded substream tail; destination record0 entry 0x06 exists,strong_candidate,"C4:8B6A handler for opcode 0x56 stores operand1 to $15D0/$0305, copies old $0305 to $15CF, stores operand2 to $13B8/$13B9, calls 81:837F, and advances three bytes; exact bounded tail ends in compact B0",canonical_rom_sha256=F6A345E2F07F0CBC4EFF7D4FF06AE88A814A98FDF100C7BF7351168C73916A98;tools/python/catalog_map_transition_candidates.py;tools/python/catalog_map_selectors.py;C4:8B6A;C4:8BE2
,,,,0x53,10,0x77,vm_opcode_0x56_terminal,CC:25B9,,pack=0x53;record=10;entry=0x77,,0x53,0x07,cfg_t08_l094_v2,94,8,2,,,,,,bounded substream tail; destination record0 entry 0x07 exists,strong_candidate,"C4:8B6A handler for opcode 0x56 stores operand1 to $15D0/$0305, copies old $0305 to $15CF, stores operand2 to $13B8/$13B9, calls 81:837F, and advances three bytes; exact bounded tail ends in compact B0",canonical_rom_sha256=F6A345E2F07F0CBC4EFF7D4FF06AE88A814A98FDF100C7BF7351168C73916A98;tools/python/catalog_map_transition_candidates.py;tools/python/catalog_map_selectors.py;C4:8B6A;C4:8BE2
,,,,0x53,11,0x77,vm_opcode_0x56_terminal,CC:25C6,,pack=0x53;record=11;entry=0x77,,0x53,0x08,cfg_t08_l094_v2,94,8,2,,,,,,bounded substream tail; destination record0 entry 0x08 exists,strong_candidate,"C4:8B6A handler for opcode 0x56 stores operand1 to $15D0/$0305, copies old $0305 to $15CF, stores operand2 to $13B8/$13B9, calls 81:837F, and advances three bytes; exact bounded tail ends in compact B0",canonical_rom_sha256=F6A345E2F07F0CBC4EFF7D4FF06AE88A814A98FDF100C7BF7351168C73916A98;tools/python/catalog_map_transition_candidates.py;tools/python/catalog_map_selectors.py;C4:8B6A;C4:8BE2
,,,,0x53,13,0x89,vm_opcode_0x56_terminal,CC:25E3,,pack=0x53;record=13;entry=0x89,,0x93,0x06,cfg_t08_l092_v2,92,8,2,,,,,,bounded substream tail; destination record0 entry 0x06 exists,strong_candidate,"C4:8B6A handler for opcode 0x56 stores operand1 to $15D0/$0305, copies old $0305 to $15CF, stores operand2 to $13B8/$13B9, calls 81:837F, and advances three bytes; exact bounded tail ends in compact B0",canonical_rom_sha256=F6A345E2F07F0CBC4EFF7D4FF06AE88A814A98FDF100C7BF7351168C73916A98;tools/python/catalog_map_transition_candidates.py;tools/python/catalog_map_selectors.py;C4:8B6A;C4:8BE2
,,,,0x55,0,0x77,vm_opcode_0x56_terminal,CC:2890,,pack=0x55;record=0;entry=0x77,,0x59,0x04,cfg_t07_l033_v2,33,7,2,5,4,5,4,CC:2C55,bounded substream tail; destination record0 entry 0x04 exists; destination entry has aligned 0x58 coordinate setter at CC:2C55,strong_candidate,"C4:8B6A handler for opcode 0x56 stores operand1 to $15D0/$0305, copies old $0305 to $15CF, stores operand2 to $13B8/$13B9, calls 81:837F, and advances three bytes; exact bounded tail ends in compact B0; C4:8BE2 opcode 0x58 writes destination entry operands to $1573/$157D/$15C3/$15C4",canonical_rom_sha256=F6A345E2F07F0CBC4EFF7D4FF06AE88A814A98FDF100C7BF7351168C73916A98;tools/python/catalog_map_transition_candidates.py;tools/python/catalog_map_selectors.py;C4:8B6A;C4:8BE2
,,,,0x56,1,0x6B,vm_opcode_0x56_terminal,CC:2932,,pack=0x56;record=1;entry=0x6B,,0x59,0x03,cfg_t07_l033_v2,33,7,2,5,4,5,4,CC:2C4C,bounded substream tail; destination record0 entry 0x03 exists; destination entry has aligned 0x58 coordinate setter at CC:2C4C,strong_candidate,"C4:8B6A handler for opcode 0x56 stores operand1 to $15D0/$0305, copies old $0305 to $15CF, stores operand2 to $13B8/$13B9, calls 81:837F, and advances three bytes; exact bounded tail ends in compact B0; C4:8BE2 opcode 0x58 writes destination entry operands to $1573/$157D/$15C3/$15C4",canonical_rom_sha256=F6A345E2F07F0CBC4EFF7D4FF06AE88A814A98FDF100C7BF7351168C73916A98;tools/python/catalog_map_transition_candidates.py;tools/python/catalog_map_selectors.py;C4:8B6A;C4:8BE2
,,,,0x56,1,0x79,vm_opcode_0x56_terminal,CC:2957,,pack=0x56;record=1;entry=0x79,,0x59,0x03,cfg_t07_l033_v2,33,7,2,5,4,5,4,CC:2C4C,bounded substream tail; destination record0 entry 0x03 exists; destination entry has aligned 0x58 coordinate setter at CC:2C4C,strong_candidate,"C4:8B6A handler for opcode 0x56 stores operand1 to $15D0/$0305, copies old $0305 to $15CF, stores operand2 to $13B8/$13B9, calls 81:837F, and advances three bytes; exact bounded tail ends in compact B0; C4:8BE2 opcode 0x58 writes destination entry operands to $1573/$157D/$15C3/$15C4",canonical_rom_sha256=F6A345E2F07F0CBC4EFF7D4FF06AE88A814A98FDF100C7BF7351168C73916A98;tools/python/catalog_map_transition_candidates.py;tools/python/catalog_map_selectors.py;C4:8B6A;C4:8BE2
,,,,0x57,0,0x6C,vm_opcode_0x56_terminal,CC:29F5,,pack=0x57;record=0;entry=0x6C,,0x59,0x05,cfg_t07_l033_v2,33,7,2,5,4,5,4,CC:2C5E,bounded substream tail; destination record0 entry 0x05 exists; destination entry has aligned 0x58 coordinate setter at CC:2C5E,strong_candidate,"C4:8B6A handler for opcode 0x56 stores operand1 to $15D0/$0305, copies old $0305 to $15CF, stores operand2 to $13B8/$13B9, calls 81:837F, and advances three bytes; exact bounded tail ends in compact B0; C4:8BE2 opcode 0x58 writes destination entry operands to $1573/$157D/$15C3/$15C4",canonical_rom_sha256=F6A345E2F07F0CBC4EFF7D4FF06AE88A814A98FDF100C7BF7351168C73916A98;tools/python/catalog_map_transition_candidates.py;tools/python/catalog_map_selectors.py;C4:8B6A;C4:8BE2
,,,,0x57,1,0x77,vm_opcode_0x56_terminal,CC:2A35,,pack=0x57;record=1;entry=0x77,,0x59,0x05,cfg_t07_l033_v2,33,7,2,5,4,5,4,CC:2C5E,bounded substream tail; destination record0 entry 0x05 exists; destination entry has aligned 0x58 coordinate setter at CC:2C5E,strong_candidate,"C4:8B6A handler for opcode 0x56 stores operand1 to $15D0/$0305, copies old $0305 to $15CF, stores operand2 to $13B8/$13B9, calls 81:837F, and advances three bytes; exact bounded tail ends in compact B0; C4:8BE2 opcode 0x58 writes destination entry operands to $1573/$157D/$15C3/$15C4",canonical_rom_sha256=F6A345E2F07F0CBC4EFF7D4FF06AE88A814A98FDF100C7BF7351168C73916A98;tools/python/catalog_map_transition_candidates.py;tools/python/catalog_map_selectors.py;C4:8B6A;C4:8BE2
,,,,0x58,2,0x77,vm_opcode_0x56_terminal,CC:2B53,,pack=0x58;record=2;entry=0x77,,0x58,0x04,cfg_t35_l149_v2,149,35,2,,,,,,bounded substream tail; destination record0 entry 0x04 exists,strong_candidate,"C4:8B6A handler for opcode 0x56 stores operand1 to $15D0/$0305, copies old $0305 to $15CF, stores operand2 to $13B8/$13B9, calls 81:837F, and advances three bytes; exact bounded tail ends in compact B0",canonical_rom_sha256=F6A345E2F07F0CBC4EFF7D4FF06AE88A814A98FDF100C7BF7351168C73916A98;tools/python/catalog_map_transition_candidates.py;tools/python/catalog_map_selectors.py;C4:8B6A;C4:8BE2
,,,,0x58,3,0x77,vm_opcode_0x56_terminal,CC:2B60,,pack=0x58;record=3;entry=0x77,,0x58,0x03,cfg_t35_l149_v2,149,35,2,,,,,,bounded substream tail; destination record0 entry 0x03 exists,strong_candidate,"C4:8B6A handler for opcode 0x56 stores operand1 to $15D0/$0305, copies old $0305 to $15CF, stores operand2 to $13B8/$13B9, calls 81:837F, and advances three bytes; exact bounded tail ends in compact B0",canonical_rom_sha256=F6A345E2F07F0CBC4EFF7D4FF06AE88A814A98FDF100C7BF7351168C73916A98;tools/python/catalog_map_transition_candidates.py;tools/python/catalog_map_selectors.py;C4:8B6A;C4:8BE2
,,,,0x58,4,0x77,vm_opcode_0x56_terminal,CC:2B6D,,pack=0x58;record=4;entry=0x77,,0x58,0x06,cfg_t35_l149_v2,149,35,2,,,,,,bounded substream tail; destination record0 entry 0x06 exists,strong_candidate,"C4:8B6A handler for opcode 0x56 stores operand1 to $15D0/$0305, copies old $0305 to $15CF, stores operand2 to $13B8/$13B9, calls 81:837F, and advances three bytes; exact bounded tail ends in compact B0",canonical_rom_sha256=F6A345E2F07F0CBC4EFF7D4FF06AE88A814A98FDF100C7BF7351168C73916A98;tools/python/catalog_map_transition_candidates.py;tools/python/catalog_map_selectors.py;C4:8B6A;C4:8BE2
,,,,0x58,5,0x77,vm_opcode_0x56_terminal,CC:2B7A,,pack=0x58;record=5;entry=0x77,,0x58,0x05,cfg_t35_l149_v2,149,35,2,,,,,,bounded substream tail; destination record0 entry 0x05 exists,strong_candidate,"C4:8B6A handler for opcode 0x56 stores operand1 to $15D0/$0305, copies old $0305 to $15CF, stores operand2 to $13B8/$13B9, calls 81:837F, and advances three bytes; exact bounded tail ends in compact B0",canonical_rom_sha256=F6A345E2F07F0CBC4EFF7D4FF06AE88A814A98FDF100C7BF7351168C73916A98;tools/python/catalog_map_transition_candidates.py;tools/python/catalog_map_selectors.py;C4:8B6A;C4:8BE2
,,,,0x60,24,0x25,vm_opcode_0x56_terminal,CC:3DF1,F60-L010,pack=0x60;record=24;entry=0x25,0x15->C8:F414;0x17->C8:F417;0x18->C8:F43C,0x60,0x02,,,,,37,56,37,56,CC:3B95,bounded substream tail; destination record0 entry 0x02 exists; destination entry has aligned 0x58 coordinate setter at CC:3B95,strong_candidate,"C4:8B6A handler for opcode 0x56 stores operand1 to $15D0/$0305, copies old $0305 to $15CF, stores operand2 to $13B8/$13B9, calls 81:837F, and advances three bytes; exact bounded tail ends in compact B0; C4:8BE2 opcode 0x58 writes destination entry operands to $1573/$157D/$15C3/$15C4",canonical_rom_sha256=F6A345E2F07F0CBC4EFF7D4FF06AE88A814A98FDF100C7BF7351168C73916A98;tools/python/catalog_map_transition_candidates.py;tools/python/catalog_map_selectors.py;C4:8B6A;C4:8BE2;data/events/event_record_frame_catalog.csv;data/events/event_source_crosslink.csv
,,,,0x60,30,0x26,vm_opcode_0x56_terminal,CC:3FAF,F60-L012,pack=0x60;record=30;entry=0x26,0x1A->C8:F44E;0x1F->C8:F47E,0x60,0x04,,,,,37,16,37,16,CC:3BAC,bounded substream tail; destination record0 entry 0x04 exists; destination entry has aligned 0x58 coordinate setter at CC:3BAC,strong_candidate,"C4:8B6A handler for opcode 0x56 stores operand1 to $15D0/$0305, copies old $0305 to $15CF, stores operand2 to $13B8/$13B9, calls 81:837F, and advances three bytes; exact bounded tail ends in compact B0; C4:8BE2 opcode 0x58 writes destination entry operands to $1573/$157D/$15C3/$15C4",canonical_rom_sha256=F6A345E2F07F0CBC4EFF7D4FF06AE88A814A98FDF100C7BF7351168C73916A98;tools/python/catalog_map_transition_candidates.py;tools/python/catalog_map_selectors.py;C4:8B6A;C4:8BE2;data/events/event_record_frame_catalog.csv;data/events/event_source_crosslink.csv
,,,,0x61,1,0x77,vm_opcode_0x56_terminal,CC:4125,,pack=0x61;record=1;entry=0x77,,0x99,0x02,cfg_t21_l119_v2,119,21,2,,,,,,bounded substream tail; destination record0 entry 0x02 exists,strong_candidate,"C4:8B6A handler for opcode 0x56 stores operand1 to $15D0/$0305, copies old $0305 to $15CF, stores operand2 to $13B8/$13B9, calls 81:837F, and advances three bytes; exact bounded tail ends in compact B0",canonical_rom_sha256=F6A345E2F07F0CBC4EFF7D4FF06AE88A814A98FDF100C7BF7351168C73916A98;tools/python/catalog_map_transition_candidates.py;tools/python/catalog_map_selectors.py;C4:8B6A;C4:8BE2
,,,,0x61,2,0x77,vm_opcode_0x56_terminal,CC:4135,,pack=0x61;record=2;entry=0x77,,0x99,0x09,cfg_t21_l119_v2,119,21,2,,,,,,bounded substream tail; destination record0 entry 0x09 exists,strong_candidate,"C4:8B6A handler for opcode 0x56 stores operand1 to $15D0/$0305, copies old $0305 to $15CF, stores operand2 to $13B8/$13B9, calls 81:837F, and advances three bytes; exact bounded tail ends in compact B0",canonical_rom_sha256=F6A345E2F07F0CBC4EFF7D4FF06AE88A814A98FDF100C7BF7351168C73916A98;tools/python/catalog_map_transition_candidates.py;tools/python/catalog_map_selectors.py;C4:8B6A;C4:8BE2
,,,,0x66,12,0x7B,vm_opcode_0x56_terminal,CC:4A21,F66-L010,pack=0x66;record=12;entry=0x7B,0x0F->C9:03A4,0x66,0x04,cfg_t07_l064_v2,64,7,2,15,4,15,4,CC:4868,bounded substream tail; destination record0 entry 0x04 exists; destination entry has aligned 0x58 coordinate setter at CC:4868,strong_candidate,"C4:8B6A handler for opcode 0x56 stores operand1 to $15D0/$0305, copies old $0305 to $15CF, stores operand2 to $13B8/$13B9, calls 81:837F, and advances three bytes; exact bounded tail ends in compact B0; C4:8BE2 opcode 0x58 writes destination entry operands to $1573/$157D/$15C3/$15C4",canonical_rom_sha256=F6A345E2F07F0CBC4EFF7D4FF06AE88A814A98FDF100C7BF7351168C73916A98;tools/python/catalog_map_transition_candidates.py;tools/python/catalog_map_selectors.py;C4:8B6A;C4:8BE2;data/events/event_record_frame_catalog.csv;data/events/event_source_crosslink.csv
,,,,0x6B,1,0x79,vm_opcode_0x56_terminal,CC:5AC1,,pack=0x6B;record=1;entry=0x79,,0x6D,0x02,cfg_t05_l077_v2,77,5,2,19,14,19,14,CC:62B0,bounded substream tail; destination record0 entry 0x02 exists; destination entry has aligned 0x58 coordinate setter at CC:62B0,strong_candidate,"C4:8B6A handler for opcode 0x56 stores operand1 to $15D0/$0305, copies old $0305 to $15CF, stores operand2 to $13B8/$13B9, calls 81:837F, and advances three bytes; exact bounded tail ends in compact B0; C4:8BE2 opcode 0x58 writes destination entry operands to $1573/$157D/$15C3/$15C4",canonical_rom_sha256=F6A345E2F07F0CBC4EFF7D4FF06AE88A814A98FDF100C7BF7351168C73916A98;tools/python/catalog_map_transition_candidates.py;tools/python/catalog_map_selectors.py;C4:8B6A;C4:8BE2
,,,,0x6B,26,0x28,vm_opcode_0x56_terminal,CC:5F76,,pack=0x6B;record=26;entry=0x28,,0xA9,0x16,cfg_t26_l131_v1,131,26,1,144,18,144,18,CD:2572,bounded substream tail; destination record0 entry 0x16 exists; destination entry has aligned 0x58 coordinate setter at CD:2572,strong_candidate,"C4:8B6A handler for opcode 0x56 stores operand1 to $15D0/$0305, copies old $0305 to $15CF, stores operand2 to $13B8/$13B9, calls 81:837F, and advances three bytes; exact bounded tail ends in compact B0; C4:8BE2 opcode 0x58 writes destination entry operands to $1573/$157D/$15C3/$15C4",canonical_rom_sha256=F6A345E2F07F0CBC4EFF7D4FF06AE88A814A98FDF100C7BF7351168C73916A98;tools/python/catalog_map_transition_candidates.py;tools/python/catalog_map_selectors.py;C4:8B6A;C4:8BE2
,,,,0x6E,1,0x79,vm_opcode_0x56_terminal,CC:641A,,pack=0x6E;record=1;entry=0x79,,0x6D,0x03,cfg_t05_l077_v2,77,5,2,44,14,44,14,CC:62B9,bounded substream tail; destination record0 entry 0x03 exists; destination entry has aligned 0x58 coordinate setter at CC:62B9,strong_candidate,"C4:8B6A handler for opcode 0x56 stores operand1 to $15D0/$0305, copies old $0305 to $15CF, stores operand2 to $13B8/$13B9, calls 81:837F, and advances three bytes; exact bounded tail ends in compact B0; C4:8BE2 opcode 0x58 writes destination entry operands to $1573/$157D/$15C3/$15C4",canonical_rom_sha256=F6A345E2F07F0CBC4EFF7D4FF06AE88A814A98FDF100C7BF7351168C73916A98;tools/python/catalog_map_transition_candidates.py;tools/python/catalog_map_selectors.py;C4:8B6A;C4:8BE2
,,,,0x6F,7,0x77,vm_opcode_0x56_terminal,CC:6783,,pack=0x6F;record=7;entry=0x77,,0x74,0x02,cfg_t33_l146_v1,146,33,1,,,,,,bounded substream tail; destination record0 entry 0x02 exists,strong_candidate,"C4:8B6A handler for opcode 0x56 stores operand1 to $15D0/$0305, copies old $0305 to $15CF, stores operand2 to $13B8/$13B9, calls 81:837F, and advances three bytes; exact bounded tail ends in compact B0",canonical_rom_sha256=F6A345E2F07F0CBC4EFF7D4FF06AE88A814A98FDF100C7BF7351168C73916A98;tools/python/catalog_map_transition_candidates.py;tools/python/catalog_map_selectors.py;C4:8B6A;C4:8BE2
,,,,0x6F,22,0x26,vm_opcode_0x56_terminal,CC:6B1B,,pack=0x6F;record=22;entry=0x26,,0x74,0x15,cfg_t33_l146_v1,146,33,1,,,,,,bounded substream tail; destination record0 entry 0x15 exists,strong_candidate,"C4:8B6A handler for opcode 0x56 stores operand1 to $15D0/$0305, copies old $0305 to $15CF, stores operand2 to $13B8/$13B9, calls 81:837F, and advances three bytes; exact bounded tail ends in compact B0",canonical_rom_sha256=F6A345E2F07F0CBC4EFF7D4FF06AE88A814A98FDF100C7BF7351168C73916A98;tools/python/catalog_map_transition_candidates.py;tools/python/catalog_map_selectors.py;C4:8B6A;C4:8BE2
,,,,0x6F,23,0x27,vm_opcode_0x56_terminal,CC:6BF8,,pack=0x6F;record=23;entry=0x27,,0x74,0x02,cfg_t33_l146_v1,146,33,1,,,,,,bounded substream tail; destination record0 entry 0x02 exists,strong_candidate,"C4:8B6A handler for opcode 0x56 stores operand1 to $15D0/$0305, copies old $0305 to $15CF, stores operand2 to $13B8/$13B9, calls 81:837F, and advances three bytes; exact bounded tail ends in compact B0",canonical_rom_sha256=F6A345E2F07F0CBC4EFF7D4FF06AE88A814A98FDF100C7BF7351168C73916A98;tools/python/catalog_map_transition_candidates.py;tools/python/catalog_map_selectors.py;C4:8B6A;C4:8BE2
,,,,0x70,24,0x77,vm_opcode_0x56_terminal,CC:6F28,,pack=0x70;record=24;entry=0x77,,0x74,0x02,cfg_t33_l146_v1,146,33,1,,,,,,bounded substream tail; destination record0 entry 0x02 exists,strong_candidate,"C4:8B6A handler for opcode 0x56 stores operand1 to $15D0/$0305, copies old $0305 to $15CF, stores operand2 to $13B8/$13B9, calls 81:837F, and advances three bytes; exact bounded tail ends in compact B0",canonical_rom_sha256=F6A345E2F07F0CBC4EFF7D4FF06AE88A814A98FDF100C7BF7351168C73916A98;tools/python/catalog_map_transition_candidates.py;tools/python/catalog_map_selectors.py;C4:8B6A;C4:8BE2
,,,,0x70,78,0x7E,vm_opcode_0x56_terminal,CC:7394,,pack=0x70;record=78;entry=0x7E,,0x49,0x05,cfg_t07_l067_v2,67,7,2,0,0,0,0,CC:026C,bounded substream tail; destination record0 entry 0x05 exists; destination entry has aligned 0x58 coordinate setter at CC:026C,strong_candidate,"C4:8B6A handler for opcode 0x56 stores operand1 to $15D0/$0305, copies old $0305 to $15CF, stores operand2 to $13B8/$13B9, calls 81:837F, and advances three bytes; exact bounded tail ends in compact B0; C4:8BE2 opcode 0x58 writes destination entry operands to $1573/$157D/$15C3/$15C4",canonical_rom_sha256=F6A345E2F07F0CBC4EFF7D4FF06AE88A814A98FDF100C7BF7351168C73916A98;tools/python/catalog_map_transition_candidates.py;tools/python/catalog_map_selectors.py;C4:8B6A;C4:8BE2
,,,,0x74,1,0x77,vm_opcode_0x56_terminal,CC:7A11,,pack=0x74;record=1;entry=0x77,,0x70,0x05,cfg_t04_l045_v2,45,4,2,45,55,45,55,CC:6DD0,bounded substream tail; destination record0 entry 0x05 exists; destination entry has aligned 0x58 coordinate setter at CC:6DD0,strong_candidate,"C4:8B6A handler for opcode 0x56 stores operand1 to $15D0/$0305, copies old $0305 to $15CF, stores operand2 to $13B8/$13B9, calls 81:837F, and advances three bytes; exact bounded tail ends in compact B0; C4:8BE2 opcode 0x58 writes destination entry operands to $1573/$157D/$15C3/$15C4",canonical_rom_sha256=F6A345E2F07F0CBC4EFF7D4FF06AE88A814A98FDF100C7BF7351168C73916A98;tools/python/catalog_map_transition_candidates.py;tools/python/catalog_map_selectors.py;C4:8B6A;C4:8BE2
,,,,0x74,2,0x77,vm_opcode_0x56_terminal,CC:7A1E,,pack=0x74;record=2;entry=0x77,,0x74,0x04,cfg_t33_l146_v1,146,33,1,,,,,,bounded substream tail; destination record0 entry 0x04 exists,strong_candidate,"C4:8B6A handler for opcode 0x56 stores operand1 to $15D0/$0305, copies old $0305 to $15CF, stores operand2 to $13B8/$13B9, calls 81:837F, and advances three bytes; exact bounded tail ends in compact B0",canonical_rom_sha256=F6A345E2F07F0CBC4EFF7D4FF06AE88A814A98FDF100C7BF7351168C73916A98;tools/python/catalog_map_transition_candidates.py;tools/python/catalog_map_selectors.py;C4:8B6A;C4:8BE2
,,,,0x74,3,0x77,vm_opcode_0x56_terminal,CC:7A2B,,pack=0x74;record=3;entry=0x77,,0x74,0x03,cfg_t33_l146_v1,146,33,1,,,,,,bounded substream tail; destination record0 entry 0x03 exists,strong_candidate,"C4:8B6A handler for opcode 0x56 stores operand1 to $15D0/$0305, copies old $0305 to $15CF, stores operand2 to $13B8/$13B9, calls 81:837F, and advances three bytes; exact bounded tail ends in compact B0",canonical_rom_sha256=F6A345E2F07F0CBC4EFF7D4FF06AE88A814A98FDF100C7BF7351168C73916A98;tools/python/catalog_map_transition_candidates.py;tools/python/catalog_map_selectors.py;C4:8B6A;C4:8BE2
,,,,0x74,4,0x77,vm_opcode_0x56_terminal,CC:7A38,,pack=0x74;record=4;entry=0x77,,0x74,0x06,cfg_t33_l146_v1,146,33,1,,,,,,bounded substream tail; destination record0 entry 0x06 exists,strong_candidate,"C4:8B6A handler for opcode 0x56 stores operand1 to $15D0/$0305, copies old $0305 to $15CF, stores operand2 to $13B8/$13B9, calls 81:837F, and advances three bytes; exact bounded tail ends in compact B0",canonical_rom_sha256=F6A345E2F07F0CBC4EFF7D4FF06AE88A814A98FDF100C7BF7351168C73916A98;tools/python/catalog_map_transition_candidates.py;tools/python/catalog_map_selectors.py;C4:8B6A;C4:8BE2
,,,,0x74,5,0x77,vm_opcode_0x56_terminal,CC:7A45,,pack=0x74;record=5;entry=0x77,,0x74,0x05,cfg_t33_l146_v1,146,33,1,,,,,,bounded substream tail; destination record0 entry 0x05 exists,strong_candidate,"C4:8B6A handler for opcode 0x56 stores operand1 to $15D0/$0305, copies old $0305 to $15CF, stores operand2 to $13B8/$13B9, calls 81:837F, and advances three bytes; exact bounded tail ends in compact B0",canonical_rom_sha256=F6A345E2F07F0CBC4EFF7D4FF06AE88A814A98FDF100C7BF7351168C73916A98;tools/python/catalog_map_transition_candidates.py;tools/python/catalog_map_selectors.py;C4:8B6A;C4:8BE2
,,,,0x74,6,0x77,vm_opcode_0x56_terminal,CC:7A52,,pack=0x74;record=6;entry=0x77,,0x74,0x08,cfg_t33_l146_v1,146,33,1,,,,,,bounded substream tail; destination record0 entry 0x08 exists,strong_candidate,"C4:8B6A handler for opcode 0x56 stores operand1 to $15D0/$0305, copies old $0305 to $15CF, stores operand2 to $13B8/$13B9, calls 81:837F, and advances three bytes; exact bounded tail ends in compact B0",canonical_rom_sha256=F6A345E2F07F0CBC4EFF7D4FF06AE88A814A98FDF100C7BF7351168C73916A98;tools/python/catalog_map_transition_candidates.py;tools/python/catalog_map_selectors.py;C4:8B6A;C4:8BE2
,,,,0x74,7,0x77,vm_opcode_0x56_terminal,CC:7A5F,,pack=0x74;record=7;entry=0x77,,0x74,0x07,cfg_t33_l146_v1,146,33,1,,,,,,bounded substream tail; destination record0 entry 0x07 exists,strong_candidate,"C4:8B6A handler for opcode 0x56 stores operand1 to $15D0/$0305, copies old $0305 to $15CF, stores operand2 to $13B8/$13B9, calls 81:837F, and advances three bytes; exact bounded tail ends in compact B0",canonical_rom_sha256=F6A345E2F07F0CBC4EFF7D4FF06AE88A814A98FDF100C7BF7351168C73916A98;tools/python/catalog_map_transition_candidates.py;tools/python/catalog_map_selectors.py;C4:8B6A;C4:8BE2
,,,,0x74,8,0x77,vm_opcode_0x56_terminal,CC:7A75,,pack=0x74;record=8;entry=0x77,,0x48,0x02,cfg_t33_l146_v1,146,33,1,,,,,,bounded substream tail; destination record0 entry 0x02 exists,strong_candidate,"C4:8B6A handler for opcode 0x56 stores operand1 to $15D0/$0305, copies old $0305 to $15CF, stores operand2 to $13B8/$13B9, calls 81:837F, and advances three bytes; exact bounded tail ends in compact B0",canonical_rom_sha256=F6A345E2F07F0CBC4EFF7D4FF06AE88A814A98FDF100C7BF7351168C73916A98;tools/python/catalog_map_transition_candidates.py;tools/python/catalog_map_selectors.py;C4:8B6A;C4:8BE2
,,,,0x74,9,0x77,vm_opcode_0x56_terminal,CC:7A82,,pack=0x74;record=9;entry=0x77,,0x74,0x09,cfg_t33_l146_v1,146,33,1,,,,,,bounded substream tail; destination record0 entry 0x09 exists,strong_candidate,"C4:8B6A handler for opcode 0x56 stores operand1 to $15D0/$0305, copies old $0305 to $15CF, stores operand2 to $13B8/$13B9, calls 81:837F, and advances three bytes; exact bounded tail ends in compact B0",canonical_rom_sha256=F6A345E2F07F0CBC4EFF7D4FF06AE88A814A98FDF100C7BF7351168C73916A98;tools/python/catalog_map_transition_candidates.py;tools/python/catalog_map_selectors.py;C4:8B6A;C4:8BE2
,,,,0x74,10,0x38,vm_opcode_0x56_terminal,CC:7AFD,,pack=0x74;record=10;entry=0x38,,0x3F,0x04,cfg_t07_l049_v2,49,7,2,21,6,21,6,CB:EBB8,bounded substream tail; destination record0 entry 0x04 exists; destination entry has aligned 0x58 coordinate setter at CB:EBB8,strong_candidate,"C4:8B6A handler for opcode 0x56 stores operand1 to $15D0/$0305, copies old $0305 to $15CF, stores operand2 to $13B8/$13B9, calls 81:837F, and advances three bytes; exact bounded tail ends in compact B0; C4:8BE2 opcode 0x58 writes destination entry operands to $1573/$157D/$15C3/$15C4",canonical_rom_sha256=F6A345E2F07F0CBC4EFF7D4FF06AE88A814A98FDF100C7BF7351168C73916A98;tools/python/catalog_map_transition_candidates.py;tools/python/catalog_map_selectors.py;C4:8B6A;C4:8BE2
,,,,0x75,2,0x77,vm_opcode_0x56_terminal,CC:7F29,,pack=0x75;record=2;entry=0x77,,0x75,0x04,cfg_t50_l178_v1,178,50,1,,,,,,bounded substream tail; destination record0 entry 0x04 exists,strong_candidate,"C4:8B6A handler for opcode 0x56 stores operand1 to $15D0/$0305, copies old $0305 to $15CF, stores operand2 to $13B8/$13B9, calls 81:837F, and advances three bytes; exact bounded tail ends in compact B0",canonical_rom_sha256=F6A345E2F07F0CBC4EFF7D4FF06AE88A814A98FDF100C7BF7351168C73916A98;tools/python/catalog_map_transition_candidates.py;tools/python/catalog_map_selectors.py;C4:8B6A;C4:8BE2
,,,,0x75,3,0x77,vm_opcode_0x56_terminal,CC:7F36,,pack=0x75;record=3;entry=0x77,,0x75,0x03,cfg_t50_l178_v1,178,50,1,,,,,,bounded substream tail; destination record0 entry 0x03 exists,strong_candidate,"C4:8B6A handler for opcode 0x56 stores operand1 to $15D0/$0305, copies old $0305 to $15CF, stores operand2 to $13B8/$13B9, calls 81:837F, and advances three bytes; exact bounded tail ends in compact B0",canonical_rom_sha256=F6A345E2F07F0CBC4EFF7D4FF06AE88A814A98FDF100C7BF7351168C73916A98;tools/python/catalog_map_transition_candidates.py;tools/python/catalog_map_selectors.py;C4:8B6A;C4:8BE2
,,,,0x75,4,0x77,vm_opcode_0x56_terminal,CC:7F43,,pack=0x75;record=4;entry=0x77,,0x75,0x06,cfg_t50_l178_v1,178,50,1,,,,,,bounded substream tail; destination record0 entry 0x06 exists,strong_candidate,"C4:8B6A handler for opcode 0x56 stores operand1 to $15D0/$0305, copies old $0305 to $15CF, stores operand2 to $13B8/$13B9, calls 81:837F, and advances three bytes; exact bounded tail ends in compact B0",canonical_rom_sha256=F6A345E2F07F0CBC4EFF7D4FF06AE88A814A98FDF100C7BF7351168C73916A98;tools/python/catalog_map_transition_candidates.py;tools/python/catalog_map_selectors.py;C4:8B6A;C4:8BE2
,,,,0x75,5,0x77,vm_opcode_0x56_terminal,CC:7F50,,pack=0x75;record=5;entry=0x77,,0x75,0x05,cfg_t50_l178_v1,178,50,1,,,,,,bounded substream tail; destination record0 entry 0x05 exists,strong_candidate,"C4:8B6A handler for opcode 0x56 stores operand1 to $15D0/$0305, copies old $0305 to $15CF, stores operand2 to $13B8/$13B9, calls 81:837F, and advances three bytes; exact bounded tail ends in compact B0",canonical_rom_sha256=F6A345E2F07F0CBC4EFF7D4FF06AE88A814A98FDF100C7BF7351168C73916A98;tools/python/catalog_map_transition_candidates.py;tools/python/catalog_map_selectors.py;C4:8B6A;C4:8BE2
,,,,0x75,6,0x77,vm_opcode_0x56_terminal,CC:7F5D,,pack=0x75;record=6;entry=0x77,,0x75,0x08,cfg_t50_l178_v1,178,50,1,,,,,,bounded substream tail; destination record0 entry 0x08 exists,strong_candidate,"C4:8B6A handler for opcode 0x56 stores operand1 to $15D0/$0305, copies old $0305 to $15CF, stores operand2 to $13B8/$13B9, calls 81:837F, and advances three bytes; exact bounded tail ends in compact B0",canonical_rom_sha256=F6A345E2F07F0CBC4EFF7D4FF06AE88A814A98FDF100C7BF7351168C73916A98;tools/python/catalog_map_transition_candidates.py;tools/python/catalog_map_selectors.py;C4:8B6A;C4:8BE2
,,,,0x75,7,0x77,vm_opcode_0x56_terminal,CC:7F6A,,pack=0x75;record=7;entry=0x77,,0x75,0x07,cfg_t50_l178_v1,178,50,1,,,,,,bounded substream tail; destination record0 entry 0x07 exists,strong_candidate,"C4:8B6A handler for opcode 0x56 stores operand1 to $15D0/$0305, copies old $0305 to $15CF, stores operand2 to $13B8/$13B9, calls 81:837F, and advances three bytes; exact bounded tail ends in compact B0",canonical_rom_sha256=F6A345E2F07F0CBC4EFF7D4FF06AE88A814A98FDF100C7BF7351168C73916A98;tools/python/catalog_map_transition_candidates.py;tools/python/catalog_map_selectors.py;C4:8B6A;C4:8BE2
,,,,0x75,8,0x77,vm_opcode_0x56_terminal,CC:7F77,,pack=0x75;record=8;entry=0x77,,0x75,0x0A,cfg_t50_l178_v1,178,50,1,,,,,,bounded substream tail; destination record0 entry 0x0A exists,strong_candidate,"C4:8B6A handler for opcode 0x56 stores operand1 to $15D0/$0305, copies old $0305 to $15CF, stores operand2 to $13B8/$13B9, calls 81:837F, and advances three bytes; exact bounded tail ends in compact B0",canonical_rom_sha256=F6A345E2F07F0CBC4EFF7D4FF06AE88A814A98FDF100C7BF7351168C73916A98;tools/python/catalog_map_transition_candidates.py;tools/python/catalog_map_selectors.py;C4:8B6A;C4:8BE2
,,,,0x75,9,0x77,vm_opcode_0x56_terminal,CC:7F84,,pack=0x75;record=9;entry=0x77,,0x75,0x09,cfg_t50_l178_v1,178,50,1,,,,,,bounded substream tail; destination record0 entry 0x09 exists,strong_candidate,"C4:8B6A handler for opcode 0x56 stores operand1 to $15D0/$0305, copies old $0305 to $15CF, stores operand2 to $13B8/$13B9, calls 81:837F, and advances three bytes; exact bounded tail ends in compact B0",canonical_rom_sha256=F6A345E2F07F0CBC4EFF7D4FF06AE88A814A98FDF100C7BF7351168C73916A98;tools/python/catalog_map_transition_candidates.py;tools/python/catalog_map_selectors.py;C4:8B6A;C4:8BE2
,,,,0x75,31,0x6C,vm_opcode_0x56_terminal,CC:848E,F75-L013,pack=0x75;record=31;entry=0x6C,0x1C->C9:4CFB,0x75,0x0B,cfg_t50_l178_v1,178,50,1,,,,,,bounded substream tail; destination record0 entry 0x0B exists,strong_candidate,"C4:8B6A handler for opcode 0x56 stores operand1 to $15D0/$0305, copies old $0305 to $15CF, stores operand2 to $13B8/$13B9, calls 81:837F, and advances three bytes; exact bounded tail ends in compact B0",canonical_rom_sha256=F6A345E2F07F0CBC4EFF7D4FF06AE88A814A98FDF100C7BF7351168C73916A98;tools/python/catalog_map_transition_candidates.py;tools/python/catalog_map_selectors.py;C4:8B6A;C4:8BE2;data/events/event_record_frame_catalog.csv;data/events/event_source_crosslink.csv
,,,,0x76,1,0x25,vm_opcode_0x56_terminal,CC:8BE1,,pack=0x76;record=1;entry=0x25,,0x76,0x03,cfg_t50_l178_v1,178,50,1,,,,,,bounded substream tail; destination record0 entry 0x03 exists,strong_candidate,"C4:8B6A handler for opcode 0x56 stores operand1 to $15D0/$0305, copies old $0305 to $15CF, stores operand2 to $13B8/$13B9, calls 81:837F, and advances three bytes; exact bounded tail ends in compact B0",canonical_rom_sha256=F6A345E2F07F0CBC4EFF7D4FF06AE88A814A98FDF100C7BF7351168C73916A98;tools/python/catalog_map_transition_candidates.py;tools/python/catalog_map_selectors.py;C4:8B6A;C4:8BE2
,,,,0x76,1,0x26,vm_opcode_0x56_terminal,CC:8BE9,,pack=0x76;record=1;entry=0x26,,0x76,0x04,cfg_t50_l178_v1,178,50,1,,,,,,bounded substream tail; destination record0 entry 0x04 exists,strong_candidate,"C4:8B6A handler for opcode 0x56 stores operand1 to $15D0/$0305, copies old $0305 to $15CF, stores operand2 to $13B8/$13B9, calls 81:837F, and advances three bytes; exact bounded tail ends in compact B0",canonical_rom_sha256=F6A345E2F07F0CBC4EFF7D4FF06AE88A814A98FDF100C7BF7351168C73916A98;tools/python/catalog_map_transition_candidates.py;tools/python/catalog_map_selectors.py;C4:8B6A;C4:8BE2
,,,,0x76,1,0x27,vm_opcode_0x56_terminal,CC:8BF1,,pack=0x76;record=1;entry=0x27,,0x76,0x05,cfg_t50_l178_v1,178,50,1,,,,,,bounded substream tail; destination record0 entry 0x05 exists,strong_candidate,"C4:8B6A handler for opcode 0x56 stores operand1 to $15D0/$0305, copies old $0305 to $15CF, stores operand2 to $13B8/$13B9, calls 81:837F, and advances three bytes; exact bounded tail ends in compact B0",canonical_rom_sha256=F6A345E2F07F0CBC4EFF7D4FF06AE88A814A98FDF100C7BF7351168C73916A98;tools/python/catalog_map_transition_candidates.py;tools/python/catalog_map_selectors.py;C4:8B6A;C4:8BE2
,,,,0x76,1,0x28,vm_opcode_0x56_terminal,CC:8BF9,,pack=0x76;record=1;entry=0x28,,0x76,0x06,cfg_t50_l178_v1,178,50,1,,,,,,bounded substream tail; destination record0 entry 0x06 exists,strong_candidate,"C4:8B6A handler for opcode 0x56 stores operand1 to $15D0/$0305, copies old $0305 to $15CF, stores operand2 to $13B8/$13B9, calls 81:837F, and advances three bytes; exact bounded tail ends in compact B0",canonical_rom_sha256=F6A345E2F07F0CBC4EFF7D4FF06AE88A814A98FDF100C7BF7351168C73916A98;tools/python/catalog_map_transition_candidates.py;tools/python/catalog_map_selectors.py;C4:8B6A;C4:8BE2
,,,,0x76,1,0x29,vm_opcode_0x56_terminal,CC:8C05,,pack=0x76;record=1;entry=0x29,,0x76,0x07,cfg_t50_l178_v1,178,50,1,,,,,,bounded substream tail; destination record0 entry 0x07 exists,strong_candidate,"C4:8B6A handler for opcode 0x56 stores operand1 to $15D0/$0305, copies old $0305 to $15CF, stores operand2 to $13B8/$13B9, calls 81:837F, and advances three bytes; exact bounded tail ends in compact B0",canonical_rom_sha256=F6A345E2F07F0CBC4EFF7D4FF06AE88A814A98FDF100C7BF7351168C73916A98;tools/python/catalog_map_transition_candidates.py;tools/python/catalog_map_selectors.py;C4:8B6A;C4:8BE2
,,,,0x76,1,0x2A,vm_opcode_0x56_terminal,CC:8C0F,,pack=0x76;record=1;entry=0x2A,,0x76,0x08,cfg_t50_l178_v1,178,50,1,,,,,,bounded substream tail; destination record0 entry 0x08 exists,strong_candidate,"C4:8B6A handler for opcode 0x56 stores operand1 to $15D0/$0305, copies old $0305 to $15CF, stores operand2 to $13B8/$13B9, calls 81:837F, and advances three bytes; exact bounded tail ends in compact B0",canonical_rom_sha256=F6A345E2F07F0CBC4EFF7D4FF06AE88A814A98FDF100C7BF7351168C73916A98;tools/python/catalog_map_transition_candidates.py;tools/python/catalog_map_selectors.py;C4:8B6A;C4:8BE2
,,,,0x76,1,0x2E,vm_opcode_0x56_terminal,CC:8CB7,,pack=0x76;record=1;entry=0x2E,,0xEB,0x0B,cfg_t46_l170_v2,170,46,2,78,6,78,6,CD:DF2A,bounded substream tail; destination record0 entry 0x0B exists; destination entry has aligned 0x58 coordinate setter at CD:DF2A,strong_candidate,"C4:8B6A handler for opcode 0x56 stores operand1 to $15D0/$0305, copies old $0305 to $15CF, stores operand2 to $13B8/$13B9, calls 81:837F, and advances three bytes; exact bounded tail ends in compact B0; C4:8BE2 opcode 0x58 writes destination entry operands to $1573/$157D/$15C3/$15C4",canonical_rom_sha256=F6A345E2F07F0CBC4EFF7D4FF06AE88A814A98FDF100C7BF7351168C73916A98;tools/python/catalog_map_transition_candidates.py;tools/python/catalog_map_selectors.py;C4:8B6A;C4:8BE2
,,,,0x77,3,0x77,vm_opcode_0x56_terminal,CC:9205,,pack=0x77;record=3;entry=0x77,,0x78,0x02,cfg_t46_l170_v2,170,46,2,,,,,,bounded substream tail; destination record0 entry 0x02 exists,strong_candidate,"C4:8B6A handler for opcode 0x56 stores operand1 to $15D0/$0305, copies old $0305 to $15CF, stores operand2 to $13B8/$13B9, calls 81:837F, and advances three bytes; exact bounded tail ends in compact B0",canonical_rom_sha256=F6A345E2F07F0CBC4EFF7D4FF06AE88A814A98FDF100C7BF7351168C73916A98;tools/python/catalog_map_transition_candidates.py;tools/python/catalog_map_selectors.py;C4:8B6A;C4:8BE2
,,,,0x7A,2,0x26,vm_opcode_0x56_terminal,CC:981E,,pack=0x7A;record=2;entry=0x26,,0x7B,0x03,cfg_t07_l071_v2,71,7,2,2,3,2,3,CC:9853,bounded substream tail; destination record0 entry 0x03 exists; destination entry has aligned 0x58 coordinate setter at CC:9853,strong_candidate,"C4:8B6A handler for opcode 0x56 stores operand1 to $15D0/$0305, copies old $0305 to $15CF, stores operand2 to $13B8/$13B9, calls 81:837F, and advances three bytes; exact bounded tail ends in compact B0; C4:8BE2 opcode 0x58 writes destination entry operands to $1573/$157D/$15C3/$15C4",canonical_rom_sha256=F6A345E2F07F0CBC4EFF7D4FF06AE88A814A98FDF100C7BF7351168C73916A98;tools/python/catalog_map_transition_candidates.py;tools/python/catalog_map_selectors.py;C4:8B6A;C4:8BE2
,,,,0x7B,1,0x7C,vm_opcode_0x56_terminal,CC:98B6,,pack=0x7B;record=1;entry=0x7C,,0x7A,0x03,cfg_t05_l041_v2,41,5,2,15,27,15,27,CC:977D,bounded substream tail; destination record0 entry 0x03 exists; destination entry has aligned 0x58 coordinate setter at CC:977D,strong_candidate,"C4:8B6A handler for opcode 0x56 stores operand1 to $15D0/$0305, copies old $0305 to $15CF, stores operand2 to $13B8/$13B9, calls 81:837F, and advances three bytes; exact bounded tail ends in compact B0; C4:8BE2 opcode 0x58 writes destination entry operands to $1573/$157D/$15C3/$15C4",canonical_rom_sha256=F6A345E2F07F0CBC4EFF7D4FF06AE88A814A98FDF100C7BF7351168C73916A98;tools/python/catalog_map_transition_candidates.py;tools/python/catalog_map_selectors.py;C4:8B6A;C4:8BE2
,,,,0x7C,2,0x77,vm_opcode_0x56_terminal,CC:99FB,,pack=0x7C;record=2;entry=0x77,,0x7E,0x02,cfg_t40_l157_v2,157,40,2,,,,,,bounded substream tail; destination record0 entry 0x02 exists,strong_candidate,"C4:8B6A handler for opcode 0x56 stores operand1 to $15D0/$0305, copies old $0305 to $15CF, stores operand2 to $13B8/$13B9, calls 81:837F, and advances three bytes; exact bounded tail ends in compact B0",canonical_rom_sha256=F6A345E2F07F0CBC4EFF7D4FF06AE88A814A98FDF100C7BF7351168C73916A98;tools/python/catalog_map_transition_candidates.py;tools/python/catalog_map_selectors.py;C4:8B6A;C4:8BE2
,,,,0x7C,3,0x77,vm_opcode_0x56_terminal,CC:9A08,,pack=0x7C;record=3;entry=0x77,,0x7E,0x09,cfg_t40_l157_v2,157,40,2,,,,,,bounded substream tail; destination record0 entry 0x09 exists,strong_candidate,"C4:8B6A handler for opcode 0x56 stores operand1 to $15D0/$0305, copies old $0305 to $15CF, stores operand2 to $13B8/$13B9, calls 81:837F, and advances three bytes; exact bounded tail ends in compact B0",canonical_rom_sha256=F6A345E2F07F0CBC4EFF7D4FF06AE88A814A98FDF100C7BF7351168C73916A98;tools/python/catalog_map_transition_candidates.py;tools/python/catalog_map_selectors.py;C4:8B6A;C4:8BE2
,,,,0x7C,4,0x77,vm_opcode_0x56_terminal,CC:9A15,,pack=0x7C;record=4;entry=0x77,,0x7E,0x0A,cfg_t40_l157_v2,157,40,2,,,,,,bounded substream tail; destination record0 entry 0x0A exists,strong_candidate,"C4:8B6A handler for opcode 0x56 stores operand1 to $15D0/$0305, copies old $0305 to $15CF, stores operand2 to $13B8/$13B9, calls 81:837F, and advances three bytes; exact bounded tail ends in compact B0",canonical_rom_sha256=F6A345E2F07F0CBC4EFF7D4FF06AE88A814A98FDF100C7BF7351168C73916A98;tools/python/catalog_map_transition_candidates.py;tools/python/catalog_map_selectors.py;C4:8B6A;C4:8BE2
,,,,0x7C,5,0x77,vm_opcode_0x56_terminal,CC:9A22,,pack=0x7C;record=5;entry=0x77,,0x7E,0x0B,cfg_t40_l157_v2,157,40,2,,,,,,bounded substream tail; destination record0 entry 0x0B exists,strong_candidate,"C4:8B6A handler for opcode 0x56 stores operand1 to $15D0/$0305, copies old $0305 to $15CF, stores operand2 to $13B8/$13B9, calls 81:837F, and advances three bytes; exact bounded tail ends in compact B0",canonical_rom_sha256=F6A345E2F07F0CBC4EFF7D4FF06AE88A814A98FDF100C7BF7351168C73916A98;tools/python/catalog_map_transition_candidates.py;tools/python/catalog_map_selectors.py;C4:8B6A;C4:8BE2
,,,,0x7C,6,0x77,vm_opcode_0x56_terminal,CC:9A2F,,pack=0x7C;record=6;entry=0x77,,0x7E,0x0C,cfg_t40_l157_v2,157,40,2,,,,,,bounded substream tail; destination record0 entry 0x0C exists,strong_candidate,"C4:8B6A handler for opcode 0x56 stores operand1 to $15D0/$0305, copies old $0305 to $15CF, stores operand2 to $13B8/$13B9, calls 81:837F, and advances three bytes; exact bounded tail ends in compact B0",canonical_rom_sha256=F6A345E2F07F0CBC4EFF7D4FF06AE88A814A98FDF100C7BF7351168C73916A98;tools/python/catalog_map_transition_candidates.py;tools/python/catalog_map_selectors.py;C4:8B6A;C4:8BE2
,,,,0x7C,7,0x77,vm_opcode_0x56_terminal,CC:9A3C,,pack=0x7C;record=7;entry=0x77,,0x7D,0x02,cfg_t40_l159_v2,159,40,2,,,,,,bounded substream tail; destination record0 entry 0x02 exists,strong_candidate,"C4:8B6A handler for opcode 0x56 stores operand1 to $15D0/$0305, copies old $0305 to $15CF, stores operand2 to $13B8/$13B9, calls 81:837F, and advances three bytes; exact bounded tail ends in compact B0",canonical_rom_sha256=F6A345E2F07F0CBC4EFF7D4FF06AE88A814A98FDF100C7BF7351168C73916A98;tools/python/catalog_map_transition_candidates.py;tools/python/catalog_map_selectors.py;C4:8B6A;C4:8BE2
,,,,0x7C,8,0x77,vm_opcode_0x56_terminal,CC:9A49,,pack=0x7C;record=8;entry=0x77,,0x7E,0x10,cfg_t40_l157_v2,157,40,2,,,,,,bounded substream tail; destination record0 entry 0x10 exists,strong_candidate,"C4:8B6A handler for opcode 0x56 stores operand1 to $15D0/$0305, copies old $0305 to $15CF, stores operand2 to $13B8/$13B9, calls 81:837F, and advances three bytes; exact bounded tail ends in compact B0",canonical_rom_sha256=F6A345E2F07F0CBC4EFF7D4FF06AE88A814A98FDF100C7BF7351168C73916A98;tools/python/catalog_map_transition_candidates.py;tools/python/catalog_map_selectors.py;C4:8B6A;C4:8BE2
,,,,0x7C,9,0x77,vm_opcode_0x56_terminal,CC:9A56,,pack=0x7C;record=9;entry=0x77,,0x7D,0x11,cfg_t40_l159_v2,159,40,2,,,,,,bounded substream tail; destination record0 entry 0x11 exists,strong_candidate,"C4:8B6A handler for opcode 0x56 stores operand1 to $15D0/$0305, copies old $0305 to $15CF, stores operand2 to $13B8/$13B9, calls 81:837F, and advances three bytes; exact bounded tail ends in compact B0",canonical_rom_sha256=F6A345E2F07F0CBC4EFF7D4FF06AE88A814A98FDF100C7BF7351168C73916A98;tools/python/catalog_map_transition_candidates.py;tools/python/catalog_map_selectors.py;C4:8B6A;C4:8BE2
,,,,0x7C,10,0x77,vm_opcode_0x56_terminal,CC:9A63,,pack=0x7C;record=10;entry=0x77,,0x7D,0x04,cfg_t40_l159_v2,159,40,2,,,,,,bounded substream tail; destination record0 entry 0x04 exists,strong_candidate,"C4:8B6A handler for opcode 0x56 stores operand1 to $15D0/$0305, copies old $0305 to $15CF, stores operand2 to $13B8/$13B9, calls 81:837F, and advances three bytes; exact bounded tail ends in compact B0",canonical_rom_sha256=F6A345E2F07F0CBC4EFF7D4FF06AE88A814A98FDF100C7BF7351168C73916A98;tools/python/catalog_map_transition_candidates.py;tools/python/catalog_map_selectors.py;C4:8B6A;C4:8BE2
,,,,0x7C,11,0x77,vm_opcode_0x56_terminal,CC:9A70,,pack=0x7C;record=11;entry=0x77,,0x7D,0x0F,cfg_t40_l159_v2,159,40,2,,,,,,bounded substream tail; destination record0 entry 0x0F exists,strong_candidate,"C4:8B6A handler for opcode 0x56 stores operand1 to $15D0/$0305, copies old $0305 to $15CF, stores operand2 to $13B8/$13B9, calls 81:837F, and advances three bytes; exact bounded tail ends in compact B0",canonical_rom_sha256=F6A345E2F07F0CBC4EFF7D4FF06AE88A814A98FDF100C7BF7351168C73916A98;tools/python/catalog_map_transition_candidates.py;tools/python/catalog_map_selectors.py;C4:8B6A;C4:8BE2
,,,,0x7C,12,0x77,vm_opcode_0x56_terminal,CC:9A7D,,pack=0x7C;record=12;entry=0x77,,0x7D,0x0D,cfg_t40_l159_v2,159,40,2,,,,,,bounded substream tail; destination record0 entry 0x0D exists,strong_candidate,"C4:8B6A handler for opcode 0x56 stores operand1 to $15D0/$0305, copies old $0305 to $15CF, stores operand2 to $13B8/$13B9, calls 81:837F, and advances three bytes; exact bounded tail ends in compact B0",canonical_rom_sha256=F6A345E2F07F0CBC4EFF7D4FF06AE88A814A98FDF100C7BF7351168C73916A98;tools/python/catalog_map_transition_candidates.py;tools/python/catalog_map_selectors.py;C4:8B6A;C4:8BE2
,,,,0x7C,13,0x77,vm_opcode_0x56_terminal,CC:9A8A,,pack=0x7C;record=13;entry=0x77,,0x7D,0x10,cfg_t40_l159_v2,159,40,2,,,,,,bounded substream tail; destination record0 entry 0x10 exists,strong_candidate,"C4:8B6A handler for opcode 0x56 stores operand1 to $15D0/$0305, copies old $0305 to $15CF, stores operand2 to $13B8/$13B9, calls 81:837F, and advances three bytes; exact bounded tail ends in compact B0",canonical_rom_sha256=F6A345E2F07F0CBC4EFF7D4FF06AE88A814A98FDF100C7BF7351168C73916A98;tools/python/catalog_map_transition_candidates.py;tools/python/catalog_map_selectors.py;C4:8B6A;C4:8BE2
,,,,0x7D,1,0x77,vm_opcode_0x56_terminal,CC:9F01,,pack=0x7D;record=1;entry=0x77,,0x7C,0x08,cfg_t39_l156_v1,156,39,1,54,27,54,27,CC:999B,bounded substream tail; destination record0 entry 0x08 exists; destination entry has aligned 0x58 coordinate setter at CC:999B,strong_candidate,"C4:8B6A handler for opcode 0x56 stores operand1 to $15D0/$0305, copies old $0305 to $15CF, stores operand2 to $13B8/$13B9, calls 81:837F, and advances three bytes; exact bounded tail ends in compact B0; C4:8BE2 opcode 0x58 writes destination entry operands to $1573/$157D/$15C3/$15C4",canonical_rom_sha256=F6A345E2F07F0CBC4EFF7D4FF06AE88A814A98FDF100C7BF7351168C73916A98;tools/python/catalog_map_transition_candidates.py;tools/python/catalog_map_selectors.py;C4:8B6A;C4:8BE2
,,,,0x7D,2,0x77,vm_opcode_0x56_terminal,CC:9F0E,,pack=0x7D;record=2;entry=0x77,,0x7D,0x05,cfg_t40_l159_v2,159,40,2,,,,,,bounded substream tail; destination record0 entry 0x05 exists,strong_candidate,"C4:8B6A handler for opcode 0x56 stores operand1 to $15D0/$0305, copies old $0305 to $15CF, stores operand2 to $13B8/$13B9, calls 81:837F, and advances three bytes; exact bounded tail ends in compact B0",canonical_rom_sha256=F6A345E2F07F0CBC4EFF7D4FF06AE88A814A98FDF100C7BF7351168C73916A98;tools/python/catalog_map_transition_candidates.py;tools/python/catalog_map_selectors.py;C4:8B6A;C4:8BE2
,,,,0x7D,3,0x77,vm_opcode_0x56_terminal,CC:9F1D,,pack=0x7D;record=3;entry=0x77,,0x7C,0x0B,cfg_t39_l156_v1,156,39,1,79,29,79,29,CC:99B6,bounded substream tail; destination record0 entry 0x0B exists; destination entry has aligned 0x58 coordinate setter at CC:99B6,strong_candidate,"C4:8B6A handler for opcode 0x56 stores operand1 to $15D0/$0305, copies old $0305 to $15CF, stores operand2 to $13B8/$13B9, calls 81:837F, and advances three bytes; exact bounded tail ends in compact B0; C4:8BE2 opcode 0x58 writes destination entry operands to $1573/$157D/$15C3/$15C4",canonical_rom_sha256=F6A345E2F07F0CBC4EFF7D4FF06AE88A814A98FDF100C7BF7351168C73916A98;tools/python/catalog_map_transition_candidates.py;tools/python/catalog_map_selectors.py;C4:8B6A;C4:8BE2
,,,,0x7D,4,0x77,vm_opcode_0x56_terminal,CC:9F2C,,pack=0x7D;record=4;entry=0x77,,0x7D,0x03,cfg_t40_l159_v2,159,40,2,,,,,,bounded substream tail; destination record0 entry 0x03 exists,strong_candidate,"C4:8B6A handler for opcode 0x56 stores operand1 to $15D0/$0305, copies old $0305 to $15CF, stores operand2 to $13B8/$13B9, calls 81:837F, and advances three bytes; exact bounded tail ends in compact B0",canonical_rom_sha256=F6A345E2F07F0CBC4EFF7D4FF06AE88A814A98FDF100C7BF7351168C73916A98;tools/python/catalog_map_transition_candidates.py;tools/python/catalog_map_selectors.py;C4:8B6A;C4:8BE2
,,,,0x7D,5,0x77,vm_opcode_0x56_terminal,CC:9F39,,pack=0x7D;record=5;entry=0x77,,0x7D,0x08,cfg_t40_l159_v2,159,40,2,,,,,,bounded substream tail; destination record0 entry 0x08 exists,strong_candidate,"C4:8B6A handler for opcode 0x56 stores operand1 to $15D0/$0305, copies old $0305 to $15CF, stores operand2 to $13B8/$13B9, calls 81:837F, and advances three bytes; exact bounded tail ends in compact B0",canonical_rom_sha256=F6A345E2F07F0CBC4EFF7D4FF06AE88A814A98FDF100C7BF7351168C73916A98;tools/python/catalog_map_transition_candidates.py;tools/python/catalog_map_selectors.py;C4:8B6A;C4:8BE2
,,,,0x7D,6,0x77,vm_opcode_0x56_terminal,CC:9F46,,pack=0x7D;record=6;entry=0x77,,0x7D,0x0E,cfg_t40_l159_v2,159,40,2,,,,,,bounded substream tail; destination record0 entry 0x0E exists,strong_candidate,"C4:8B6A handler for opcode 0x56 stores operand1 to $15D0/$0305, copies old $0305 to $15CF, stores operand2 to $13B8/$13B9, calls 81:837F, and advances three bytes; exact bounded tail ends in compact B0",canonical_rom_sha256=F6A345E2F07F0CBC4EFF7D4FF06AE88A814A98FDF100C7BF7351168C73916A98;tools/python/catalog_map_transition_candidates.py;tools/python/catalog_map_selectors.py;C4:8B6A;C4:8BE2
,,,,0x7D,7,0x77,vm_opcode_0x56_terminal,CC:9F53,,pack=0x7D;record=7;entry=0x77,,0x7D,0x07,cfg_t40_l159_v2,159,40,2,,,,,,bounded substream tail; destination record0 entry 0x07 exists,strong_candidate,"C4:8B6A handler for opcode 0x56 stores operand1 to $15D0/$0305, copies old $0305 to $15CF, stores operand2 to $13B8/$13B9, calls 81:837F, and advances three bytes; exact bounded tail ends in compact B0",canonical_rom_sha256=F6A345E2F07F0CBC4EFF7D4FF06AE88A814A98FDF100C7BF7351168C73916A98;tools/python/catalog_map_transition_candidates.py;tools/python/catalog_map_selectors.py;C4:8B6A;C4:8BE2
,,,,0x7D,8,0x77,vm_opcode_0x56_terminal,CC:9F60,,pack=0x7D;record=8;entry=0x77,,0x7D,0x0A,cfg_t40_l159_v2,159,40,2,,,,,,bounded substream tail; destination record0 entry 0x0A exists,strong_candidate,"C4:8B6A handler for opcode 0x56 stores operand1 to $15D0/$0305, copies old $0305 to $15CF, stores operand2 to $13B8/$13B9, calls 81:837F, and advances three bytes; exact bounded tail ends in compact B0",canonical_rom_sha256=F6A345E2F07F0CBC4EFF7D4FF06AE88A814A98FDF100C7BF7351168C73916A98;tools/python/catalog_map_transition_candidates.py;tools/python/catalog_map_selectors.py;C4:8B6A;C4:8BE2
,,,,0x7D,9,0x77,vm_opcode_0x56_terminal,CC:9F6D,,pack=0x7D;record=9;entry=0x77,,0x7D,0x09,cfg_t40_l159_v2,159,40,2,,,,,,bounded substream tail; destination record0 entry 0x09 exists,strong_candidate,"C4:8B6A handler for opcode 0x56 stores operand1 to $15D0/$0305, copies old $0305 to $15CF, stores operand2 to $13B8/$13B9, calls 81:837F, and advances three bytes; exact bounded tail ends in compact B0",canonical_rom_sha256=F6A345E2F07F0CBC4EFF7D4FF06AE88A814A98FDF100C7BF7351168C73916A98;tools/python/catalog_map_transition_candidates.py;tools/python/catalog_map_selectors.py;C4:8B6A;C4:8BE2
,,,,0x7D,10,0x77,vm_opcode_0x56_terminal,CC:9F7A,,pack=0x7D;record=10;entry=0x77,,0x7D,0x0C,cfg_t40_l159_v2,159,40,2,,,,,,bounded substream tail; destination record0 entry 0x0C exists,strong_candidate,"C4:8B6A handler for opcode 0x56 stores operand1 to $15D0/$0305, copies old $0305 to $15CF, stores operand2 to $13B8/$13B9, calls 81:837F, and advances three bytes; exact bounded tail ends in compact B0",canonical_rom_sha256=F6A345E2F07F0CBC4EFF7D4FF06AE88A814A98FDF100C7BF7351168C73916A98;tools/python/catalog_map_transition_candidates.py;tools/python/catalog_map_selectors.py;C4:8B6A;C4:8BE2
,,,,0x7D,11,0x77,vm_opcode_0x56_terminal,CC:9F87,,pack=0x7D;record=11;entry=0x77,,0x7D,0x0B,cfg_t40_l159_v2,159,40,2,,,,,,bounded substream tail; destination record0 entry 0x0B exists,strong_candidate,"C4:8B6A handler for opcode 0x56 stores operand1 to $15D0/$0305, copies old $0305 to $15CF, stores operand2 to $13B8/$13B9, calls 81:837F, and advances three bytes; exact bounded tail ends in compact B0",canonical_rom_sha256=F6A345E2F07F0CBC4EFF7D4FF06AE88A814A98FDF100C7BF7351168C73916A98;tools/python/catalog_map_transition_candidates.py;tools/python/catalog_map_selectors.py;C4:8B6A;C4:8BE2
,,,,0x7D,12,0x77,vm_opcode_0x56_terminal,CC:9F96,,pack=0x7D;record=12;entry=0x77,,0x7C,0x0D,cfg_t39_l156_v1,156,39,1,68,50,68,50,CC:99C8,bounded substream tail; destination record0 entry 0x0D exists; destination entry has aligned 0x58 coordinate setter at CC:99C8,strong_candidate,"C4:8B6A handler for opcode 0x56 stores operand1 to $15D0/$0305, copies old $0305 to $15CF, stores operand2 to $13B8/$13B9, calls 81:837F, and advances three bytes; exact bounded tail ends in compact B0; C4:8BE2 opcode 0x58 writes destination entry operands to $1573/$157D/$15C3/$15C4",canonical_rom_sha256=F6A345E2F07F0CBC4EFF7D4FF06AE88A814A98FDF100C7BF7351168C73916A98;tools/python/catalog_map_transition_candidates.py;tools/python/catalog_map_selectors.py;C4:8B6A;C4:8BE2
,,,,0x7D,13,0x77,vm_opcode_0x56_terminal,CC:9FA5,,pack=0x7D;record=13;entry=0x77,,0x7C,0x0C,cfg_t39_l156_v1,156,39,1,81,41,81,41,CC:99BF,bounded substream tail; destination record0 entry 0x0C exists; destination entry has aligned 0x58 coordinate setter at CC:99BF,strong_candidate,"C4:8B6A handler for opcode 0x56 stores operand1 to $15D0/$0305, copies old $0305 to $15CF, stores operand2 to $13B8/$13B9, calls 81:837F, and advances three bytes; exact bounded tail ends in compact B0; C4:8BE2 opcode 0x58 writes destination entry operands to $1573/$157D/$15C3/$15C4",canonical_rom_sha256=F6A345E2F07F0CBC4EFF7D4FF06AE88A814A98FDF100C7BF7351168C73916A98;tools/python/catalog_map_transition_candidates.py;tools/python/catalog_map_selectors.py;C4:8B6A;C4:8BE2
,,,,0x7D,14,0x77,vm_opcode_0x56_terminal,CC:9FB4,,pack=0x7D;record=14;entry=0x77,,0x7C,0x0E,cfg_t39_l156_v1,156,39,1,86,47,86,47,CC:99D1,bounded substream tail; destination record0 entry 0x0E exists; destination entry has aligned 0x58 coordinate setter at CC:99D1,strong_candidate,"C4:8B6A handler for opcode 0x56 stores operand1 to $15D0/$0305, copies old $0305 to $15CF, stores operand2 to $13B8/$13B9, calls 81:837F, and advances three bytes; exact bounded tail ends in compact B0; C4:8BE2 opcode 0x58 writes destination entry operands to $1573/$157D/$15C3/$15C4",canonical_rom_sha256=F6A345E2F07F0CBC4EFF7D4FF06AE88A814A98FDF100C7BF7351168C73916A98;tools/python/catalog_map_transition_candidates.py;tools/python/catalog_map_selectors.py;C4:8B6A;C4:8BE2
,,,,0x7D,15,0x77,vm_opcode_0x56_terminal,CC:9FC3,,pack=0x7D;record=15;entry=0x77,,0x7C,0x0A,cfg_t39_l156_v1,156,39,1,59,12,59,12,CC:99AD,bounded substream tail; destination record0 entry 0x0A exists; destination entry has aligned 0x58 coordinate setter at CC:99AD,strong_candidate,"C4:8B6A handler for opcode 0x56 stores operand1 to $15D0/$0305, copies old $0305 to $15CF, stores operand2 to $13B8/$13B9, calls 81:837F, and advances three bytes; exact bounded tail ends in compact B0; C4:8BE2 opcode 0x58 writes destination entry operands to $1573/$157D/$15C3/$15C4",canonical_rom_sha256=F6A345E2F07F0CBC4EFF7D4FF06AE88A814A98FDF100C7BF7351168C73916A98;tools/python/catalog_map_transition_candidates.py;tools/python/catalog_map_selectors.py;C4:8B6A;C4:8BE2
,,,,0x7D,16,0x77,vm_opcode_0x56_terminal,CC:9FD0,,pack=0x7D;record=16;entry=0x77,,0x7E,0x0E,cfg_t40_l157_v2,157,40,2,,,,,,bounded substream tail; destination record0 entry 0x0E exists,strong_candidate,"C4:8B6A handler for opcode 0x56 stores operand1 to $15D0/$0305, copies old $0305 to $15CF, stores operand2 to $13B8/$13B9, calls 81:837F, and advances three bytes; exact bounded tail ends in compact B0",canonical_rom_sha256=F6A345E2F07F0CBC4EFF7D4FF06AE88A814A98FDF100C7BF7351168C73916A98;tools/python/catalog_map_transition_candidates.py;tools/python/catalog_map_selectors.py;C4:8B6A;C4:8BE2
,,,,0x7D,17,0x77,vm_opcode_0x56_terminal,CC:9FDD,,pack=0x7D;record=17;entry=0x77,,0x7E,0x0D,cfg_t40_l157_v2,157,40,2,,,,,,bounded substream tail; destination record0 entry 0x0D exists,strong_candidate,"C4:8B6A handler for opcode 0x56 stores operand1 to $15D0/$0305, copies old $0305 to $15CF, stores operand2 to $13B8/$13B9, calls 81:837F, and advances three bytes; exact bounded tail ends in compact B0",canonical_rom_sha256=F6A345E2F07F0CBC4EFF7D4FF06AE88A814A98FDF100C7BF7351168C73916A98;tools/python/catalog_map_transition_candidates.py;tools/python/catalog_map_selectors.py;C4:8B6A;C4:8BE2
,,,,0x7D,18,0x77,vm_opcode_0x56_terminal,CC:9FEC,,pack=0x7D;record=18;entry=0x77,,0x7D,0x06,cfg_t40_l159_v2,159,40,2,,,,,,bounded substream tail; destination record0 entry 0x06 exists,strong_candidate,"C4:8B6A handler for opcode 0x56 stores operand1 to $15D0/$0305, copies old $0305 to $15CF, stores operand2 to $13B8/$13B9, calls 81:837F, and advances three bytes; exact bounded tail ends in compact B0",canonical_rom_sha256=F6A345E2F07F0CBC4EFF7D4FF06AE88A814A98FDF100C7BF7351168C73916A98;tools/python/catalog_map_transition_candidates.py;tools/python/catalog_map_selectors.py;C4:8B6A;C4:8BE2
,,,,0x7D,19,0x89,vm_opcode_0x56_terminal,CC:A00A,,pack=0x7D;record=19;entry=0x89,,0x7D,0x14,cfg_t40_l159_v2,159,40,2,,,,,,bounded substream tail; destination record0 entry 0x14 exists,strong_candidate,"C4:8B6A handler for opcode 0x56 stores operand1 to $15D0/$0305, copies old $0305 to $15CF, stores operand2 to $13B8/$13B9, calls 81:837F, and advances three bytes; exact bounded tail ends in compact B0",canonical_rom_sha256=F6A345E2F07F0CBC4EFF7D4FF06AE88A814A98FDF100C7BF7351168C73916A98;tools/python/catalog_map_transition_candidates.py;tools/python/catalog_map_selectors.py;C4:8B6A;C4:8BE2
,,,,0x7D,19,0x37,vm_opcode_0x56_terminal,CC:A012,,pack=0x7D;record=19;entry=0x37,,0x7D,0x15,cfg_t40_l159_v2,159,40,2,,,,,,bounded substream tail; destination record0 entry 0x15 exists,strong_candidate,"C4:8B6A handler for opcode 0x56 stores operand1 to $15D0/$0305, copies old $0305 to $15CF, stores operand2 to $13B8/$13B9, calls 81:837F, and advances three bytes; exact bounded tail ends in compact B0",canonical_rom_sha256=F6A345E2F07F0CBC4EFF7D4FF06AE88A814A98FDF100C7BF7351168C73916A98;tools/python/catalog_map_transition_candidates.py;tools/python/catalog_map_selectors.py;C4:8B6A;C4:8BE2
,,,,0x7D,19,0x38,vm_opcode_0x56_terminal,CC:A01A,,pack=0x7D;record=19;entry=0x38,,0x7D,0x16,cfg_t40_l159_v2,159,40,2,,,,,,bounded substream tail; destination record0 entry 0x16 exists,strong_candidate,"C4:8B6A handler for opcode 0x56 stores operand1 to $15D0/$0305, copies old $0305 to $15CF, stores operand2 to $13B8/$13B9, calls 81:837F, and advances three bytes; exact bounded tail ends in compact B0",canonical_rom_sha256=F6A345E2F07F0CBC4EFF7D4FF06AE88A814A98FDF100C7BF7351168C73916A98;tools/python/catalog_map_transition_candidates.py;tools/python/catalog_map_selectors.py;C4:8B6A;C4:8BE2
,,,,0x7E,1,0x77,vm_opcode_0x56_terminal,CC:A424,,pack=0x7E;record=1;entry=0x77,,0x7C,0x03,cfg_t39_l156_v1,156,39,1,33,48,33,48,CC:996E,bounded substream tail; destination record0 entry 0x03 exists; destination entry has aligned 0x58 coordinate setter at CC:996E,strong_candidate,"C4:8B6A handler for opcode 0x56 stores operand1 to $15D0/$0305, copies old $0305 to $15CF, stores operand2 to $13B8/$13B9, calls 81:837F, and advances three bytes; exact bounded tail ends in compact B0; C4:8BE2 opcode 0x58 writes destination entry operands to $1573/$157D/$15C3/$15C4",canonical_rom_sha256=F6A345E2F07F0CBC4EFF7D4FF06AE88A814A98FDF100C7BF7351168C73916A98;tools/python/catalog_map_transition_candidates.py;tools/python/catalog_map_selectors.py;C4:8B6A;C4:8BE2
,,,,0x7E,2,0x77,vm_opcode_0x56_terminal,CC:A431,,pack=0x7E;record=2;entry=0x77,,0x7E,0x03,cfg_t40_l157_v2,157,40,2,,,,,,bounded substream tail; destination record0 entry 0x03 exists,strong_candidate,"C4:8B6A handler for opcode 0x56 stores operand1 to $15D0/$0305, copies old $0305 to $15CF, stores operand2 to $13B8/$13B9, calls 81:837F, and advances three bytes; exact bounded tail ends in compact B0",canonical_rom_sha256=F6A345E2F07F0CBC4EFF7D4FF06AE88A814A98FDF100C7BF7351168C73916A98;tools/python/catalog_map_transition_candidates.py;tools/python/catalog_map_selectors.py;C4:8B6A;C4:8BE2
,,,,0x7E,3,0x77,vm_opcode_0x56_terminal,CC:A43E,,pack=0x7E;record=3;entry=0x77,,0x7E,0x04,cfg_t40_l157_v2,157,40,2,,,,,,bounded substream tail; destination record0 entry 0x04 exists,strong_candidate,"C4:8B6A handler for opcode 0x56 stores operand1 to $15D0/$0305, copies old $0305 to $15CF, stores operand2 to $13B8/$13B9, calls 81:837F, and advances three bytes; exact bounded tail ends in compact B0",canonical_rom_sha256=F6A345E2F07F0CBC4EFF7D4FF06AE88A814A98FDF100C7BF7351168C73916A98;tools/python/catalog_map_transition_candidates.py;tools/python/catalog_map_selectors.py;C4:8B6A;C4:8BE2
,,,,0x7E,4,0x77,vm_opcode_0x56_terminal,CC:A44B,,pack=0x7E;record=4;entry=0x77,,0x7E,0x05,cfg_t40_l157_v2,157,40,2,,,,,,bounded substream tail; destination record0 entry 0x05 exists,strong_candidate,"C4:8B6A handler for opcode 0x56 stores operand1 to $15D0/$0305, copies old $0305 to $15CF, stores operand2 to $13B8/$13B9, calls 81:837F, and advances three bytes; exact bounded tail ends in compact B0",canonical_rom_sha256=F6A345E2F07F0CBC4EFF7D4FF06AE88A814A98FDF100C7BF7351168C73916A98;tools/python/catalog_map_transition_candidates.py;tools/python/catalog_map_selectors.py;C4:8B6A;C4:8BE2
,,,,0x7E,5,0x77,vm_opcode_0x56_terminal,CC:A45A,,pack=0x7E;record=5;entry=0x77,,0x7E,0x06,cfg_t40_l157_v2,157,40,2,,,,,,bounded substream tail; destination record0 entry 0x06 exists,strong_candidate,"C4:8B6A handler for opcode 0x56 stores operand1 to $15D0/$0305, copies old $0305 to $15CF, stores operand2 to $13B8/$13B9, calls 81:837F, and advances three bytes; exact bounded tail ends in compact B0",canonical_rom_sha256=F6A345E2F07F0CBC4EFF7D4FF06AE88A814A98FDF100C7BF7351168C73916A98;tools/python/catalog_map_transition_candidates.py;tools/python/catalog_map_selectors.py;C4:8B6A;C4:8BE2
,,,,0x7E,6,0x77,vm_opcode_0x56_terminal,CC:A469,,pack=0x7E;record=6;entry=0x77,,0x7E,0x07,cfg_t40_l157_v2,157,40,2,,,,,,bounded substream tail; destination record0 entry 0x07 exists,strong_candidate,"C4:8B6A handler for opcode 0x56 stores operand1 to $15D0/$0305, copies old $0305 to $15CF, stores operand2 to $13B8/$13B9, calls 81:837F, and advances three bytes; exact bounded tail ends in compact B0",canonical_rom_sha256=F6A345E2F07F0CBC4EFF7D4FF06AE88A814A98FDF100C7BF7351168C73916A98;tools/python/catalog_map_transition_candidates.py;tools/python/catalog_map_selectors.py;C4:8B6A;C4:8BE2
,,,,0x7E,7,0x77,vm_opcode_0x56_terminal,CC:A478,,pack=0x7E;record=7;entry=0x77,,0x7E,0x08,cfg_t40_l157_v2,157,40,2,,,,,,bounded substream tail; destination record0 entry 0x08 exists,strong_candidate,"C4:8B6A handler for opcode 0x56 stores operand1 to $15D0/$0305, copies old $0305 to $15CF, stores operand2 to $13B8/$13B9, calls 81:837F, and advances three bytes; exact bounded tail ends in compact B0",canonical_rom_sha256=F6A345E2F07F0CBC4EFF7D4FF06AE88A814A98FDF100C7BF7351168C73916A98;tools/python/catalog_map_transition_candidates.py;tools/python/catalog_map_selectors.py;C4:8B6A;C4:8BE2
,,,,0x7E,8,0x77,vm_opcode_0x56_terminal,CC:A487,,pack=0x7E;record=8;entry=0x77,,0x7C,0x04,cfg_t39_l156_v1,156,39,1,25,41,25,41,CC:9977,bounded substream tail; destination record0 entry 0x04 exists; destination entry has aligned 0x58 coordinate setter at CC:9977,strong_candidate,"C4:8B6A handler for opcode 0x56 stores operand1 to $15D0/$0305, copies old $0305 to $15CF, stores operand2 to $13B8/$13B9, calls 81:837F, and advances three bytes; exact bounded tail ends in compact B0; C4:8BE2 opcode 0x58 writes destination entry operands to $1573/$157D/$15C3/$15C4",canonical_rom_sha256=F6A345E2F07F0CBC4EFF7D4FF06AE88A814A98FDF100C7BF7351168C73916A98;tools/python/catalog_map_transition_candidates.py;tools/python/catalog_map_selectors.py;C4:8B6A;C4:8BE2
,,,,0x7E,9,0x77,vm_opcode_0x56_terminal,CC:A494,,pack=0x7E;record=9;entry=0x77,,0x7C,0x05,cfg_t39_l156_v1,156,39,1,33,33,33,33,CC:9980,bounded substream tail; destination record0 entry 0x05 exists; destination entry has aligned 0x58 coordinate setter at CC:9980,strong_candidate,"C4:8B6A handler for opcode 0x56 stores operand1 to $15D0/$0305, copies old $0305 to $15CF, stores operand2 to $13B8/$13B9, calls 81:837F, and advances three bytes; exact bounded tail ends in compact B0; C4:8BE2 opcode 0x58 writes destination entry operands to $1573/$157D/$15C3/$15C4",canonical_rom_sha256=F6A345E2F07F0CBC4EFF7D4FF06AE88A814A98FDF100C7BF7351168C73916A98;tools/python/catalog_map_transition_candidates.py;tools/python/catalog_map_selectors.py;C4:8B6A;C4:8BE2
,,,,0x7E,10,0x77,vm_opcode_0x56_terminal,CC:A4A3,,pack=0x7E;record=10;entry=0x77,,0x7C,0x06,cfg_t39_l156_v1,156,39,1,46,42,46,42,CC:9989,bounded substream tail; destination record0 entry 0x06 exists; destination entry has aligned 0x58 coordinate setter at CC:9989,strong_candidate,"C4:8B6A handler for opcode 0x56 stores operand1 to $15D0/$0305, copies old $0305 to $15CF, stores operand2 to $13B8/$13B9, calls 81:837F, and advances three bytes; exact bounded tail ends in compact B0; C4:8BE2 opcode 0x58 writes destination entry operands to $1573/$157D/$15C3/$15C4",canonical_rom_sha256=F6A345E2F07F0CBC4EFF7D4FF06AE88A814A98FDF100C7BF7351168C73916A98;tools/python/catalog_map_transition_candidates.py;tools/python/catalog_map_selectors.py;C4:8B6A;C4:8BE2
,,,,0x7E,11,0x77,vm_opcode_0x56_terminal,CC:A4B2,,pack=0x7E;record=11;entry=0x77,,0x7C,0x07,cfg_t39_l156_v1,156,39,1,47,33,47,33,CC:9992,bounded substream tail; destination record0 entry 0x07 exists; destination entry has aligned 0x58 coordinate setter at CC:9992,strong_candidate,"C4:8B6A handler for opcode 0x56 stores operand1 to $15D0/$0305, copies old $0305 to $15CF, stores operand2 to $13B8/$13B9, calls 81:837F, and advances three bytes; exact bounded tail ends in compact B0; C4:8BE2 opcode 0x58 writes destination entry operands to $1573/$157D/$15C3/$15C4",canonical_rom_sha256=F6A345E2F07F0CBC4EFF7D4FF06AE88A814A98FDF100C7BF7351168C73916A98;tools/python/catalog_map_transition_candidates.py;tools/python/catalog_map_selectors.py;C4:8B6A;C4:8BE2
,,,,0x7E,12,0x77,vm_opcode_0x56_terminal,CC:A4BF,,pack=0x7E;record=12;entry=0x77,,0x7C,0x09,cfg_t39_l156_v1,156,39,1,32,11,32,11,CC:99A4,bounded substream tail; destination record0 entry 0x09 exists; destination entry has aligned 0x58 coordinate setter at CC:99A4,strong_candidate,"C4:8B6A handler for opcode 0x56 stores operand1 to $15D0/$0305, copies old $0305 to $15CF, stores operand2 to $13B8/$13B9, calls 81:837F, and advances three bytes; exact bounded tail ends in compact B0; C4:8BE2 opcode 0x58 writes destination entry operands to $1573/$157D/$15C3/$15C4",canonical_rom_sha256=F6A345E2F07F0CBC4EFF7D4FF06AE88A814A98FDF100C7BF7351168C73916A98;tools/python/catalog_map_transition_candidates.py;tools/python/catalog_map_selectors.py;C4:8B6A;C4:8BE2
,,,,0x7E,13,0x77,vm_opcode_0x56_terminal,CC:A4CC,,pack=0x7E;record=13;entry=0x77,,0x7E,0x12,cfg_t40_l157_v2,157,40,2,,,,,,bounded substream tail; destination record0 entry 0x12 exists,strong_candidate,"C4:8B6A handler for opcode 0x56 stores operand1 to $15D0/$0305, copies old $0305 to $15CF, stores operand2 to $13B8/$13B9, calls 81:837F, and advances three bytes; exact bounded tail ends in compact B0",canonical_rom_sha256=F6A345E2F07F0CBC4EFF7D4FF06AE88A814A98FDF100C7BF7351168C73916A98;tools/python/catalog_map_transition_candidates.py;tools/python/catalog_map_selectors.py;C4:8B6A;C4:8BE2
,,,,0x7E,14,0x77,vm_opcode_0x56_terminal,CC:A4DB,,pack=0x7E;record=14;entry=0x77,,0x7E,0x11,cfg_t40_l157_v2,157,40,2,,,,,,bounded substream tail; destination record0 entry 0x11 exists,strong_candidate,"C4:8B6A handler for opcode 0x56 stores operand1 to $15D0/$0305, copies old $0305 to $15CF, stores operand2 to $13B8/$13B9, calls 81:837F, and advances three bytes; exact bounded tail ends in compact B0",canonical_rom_sha256=F6A345E2F07F0CBC4EFF7D4FF06AE88A814A98FDF100C7BF7351168C73916A98;tools/python/catalog_map_transition_candidates.py;tools/python/catalog_map_selectors.py;C4:8B6A;C4:8BE2
,,,,0x7E,15,0x77,vm_opcode_0x56_terminal,CC:A4E8,,pack=0x7E;record=15;entry=0x77,,0x7E,0x0F,cfg_t40_l157_v2,157,40,2,,,,,,bounded substream tail; destination record0 entry 0x0F exists,strong_candidate,"C4:8B6A handler for opcode 0x56 stores operand1 to $15D0/$0305, copies old $0305 to $15CF, stores operand2 to $13B8/$13B9, calls 81:837F, and advances three bytes; exact bounded tail ends in compact B0",canonical_rom_sha256=F6A345E2F07F0CBC4EFF7D4FF06AE88A814A98FDF100C7BF7351168C73916A98;tools/python/catalog_map_transition_candidates.py;tools/python/catalog_map_selectors.py;C4:8B6A;C4:8BE2
,,,,0x7E,16,0x77,vm_opcode_0x56_terminal,CC:A4F7,,pack=0x7E;record=16;entry=0x77,,0x7E,0x13,cfg_t40_l157_v2,157,40,2,,,,,,bounded substream tail; destination record0 entry 0x13 exists,strong_candidate,"C4:8B6A handler for opcode 0x56 stores operand1 to $15D0/$0305, copies old $0305 to $15CF, stores operand2 to $13B8/$13B9, calls 81:837F, and advances three bytes; exact bounded tail ends in compact B0",canonical_rom_sha256=F6A345E2F07F0CBC4EFF7D4FF06AE88A814A98FDF100C7BF7351168C73916A98;tools/python/catalog_map_transition_candidates.py;tools/python/catalog_map_selectors.py;C4:8B6A;C4:8BE2
,,,,0x7E,17,0x77,vm_opcode_0x56_terminal,CC:A506,,pack=0x7E;record=17;entry=0x77,,0x7D,0x13,cfg_t40_l159_v2,159,40,2,,,,,,bounded substream tail; destination record0 entry 0x13 exists,strong_candidate,"C4:8B6A handler for opcode 0x56 stores operand1 to $15D0/$0305, copies old $0305 to $15CF, stores operand2 to $13B8/$13B9, calls 81:837F, and advances three bytes; exact bounded tail ends in compact B0",canonical_rom_sha256=F6A345E2F07F0CBC4EFF7D4FF06AE88A814A98FDF100C7BF7351168C73916A98;tools/python/catalog_map_transition_candidates.py;tools/python/catalog_map_selectors.py;C4:8B6A;C4:8BE2
,,,,0x7E,18,0x77,vm_opcode_0x56_terminal,CC:A515,,pack=0x7E;record=18;entry=0x77,,0x7D,0x12,cfg_t40_l159_v2,159,40,2,,,,,,bounded substream tail; destination record0 entry 0x12 exists,strong_candidate,"C4:8B6A handler for opcode 0x56 stores operand1 to $15D0/$0305, copies old $0305 to $15CF, stores operand2 to $13B8/$13B9, calls 81:837F, and advances three bytes; exact bounded tail ends in compact B0",canonical_rom_sha256=F6A345E2F07F0CBC4EFF7D4FF06AE88A814A98FDF100C7BF7351168C73916A98;tools/python/catalog_map_transition_candidates.py;tools/python/catalog_map_selectors.py;C4:8B6A;C4:8BE2
,,,,0x7E,19,0x77,vm_opcode_0x56_terminal,CC:A522,,pack=0x7E;record=19;entry=0x77,,0x7F,0x03,cfg_t40_l157_v2,157,40,2,84,47,84,47,CC:A67A,bounded substream tail; destination record0 entry 0x03 exists; destination entry has aligned 0x58 coordinate setter at CC:A67A,strong_candidate,"C4:8B6A handler for opcode 0x56 stores operand1 to $15D0/$0305, copies old $0305 to $15CF, stores operand2 to $13B8/$13B9, calls 81:837F, and advances three bytes; exact bounded tail ends in compact B0; C4:8BE2 opcode 0x58 writes destination entry operands to $1573/$157D/$15C3/$15C4",canonical_rom_sha256=F6A345E2F07F0CBC4EFF7D4FF06AE88A814A98FDF100C7BF7351168C73916A98;tools/python/catalog_map_transition_candidates.py;tools/python/catalog_map_selectors.py;C4:8B6A;C4:8BE2
,,,,0x7F,0,0x7B,vm_opcode_0x56_terminal,CC:A68C,,pack=0x7F;record=0;entry=0x7B,,0x7E,0x14,cfg_t40_l157_v2,157,40,2,,,,,,bounded substream tail; destination record0 entry 0x14 exists,strong_candidate,"C4:8B6A handler for opcode 0x56 stores operand1 to $15D0/$0305, copies old $0305 to $15CF, stores operand2 to $13B8/$13B9, calls 81:837F, and advances three bytes; exact bounded tail ends in compact B0",canonical_rom_sha256=F6A345E2F07F0CBC4EFF7D4FF06AE88A814A98FDF100C7BF7351168C73916A98;tools/python/catalog_map_transition_candidates.py;tools/python/catalog_map_selectors.py;C4:8B6A;C4:8BE2
,,,,0x7F,1,0x77,vm_opcode_0x56_terminal,CC:A699,,pack=0x7F;record=1;entry=0x77,,0x7E,0x15,cfg_t40_l157_v2,157,40,2,,,,,,bounded substream tail; destination record0 entry 0x15 exists,strong_candidate,"C4:8B6A handler for opcode 0x56 stores operand1 to $15D0/$0305, copies old $0305 to $15CF, stores operand2 to $13B8/$13B9, calls 81:837F, and advances three bytes; exact bounded tail ends in compact B0",canonical_rom_sha256=F6A345E2F07F0CBC4EFF7D4FF06AE88A814A98FDF100C7BF7351168C73916A98;tools/python/catalog_map_transition_candidates.py;tools/python/catalog_map_selectors.py;C4:8B6A;C4:8BE2
,,,,0x81,14,0x72,vm_opcode_0x56_terminal,CC:AD64,F81-L007,pack=0x81;record=14;entry=0x72,0x16->C9:66BE;0x17->C9:670D;0x18->C9:6749;0x19->C9:6785;0x25->C9:6AB3;0x26->C9:6AE8;0x3B->C9:7430,0xB1,0x12,cfg_t29_l138_v2,138,29,2,224,36,224,36,CD:434E,bounded substream tail; destination record0 entry 0x12 exists; destination entry has aligned 0x58 coordinate setter at CD:434E,strong_candidate,"C4:8B6A handler for opcode 0x56 stores operand1 to $15D0/$0305, copies old $0305 to $15CF, stores operand2 to $13B8/$13B9, calls 81:837F, and advances three bytes; exact bounded tail ends in compact B0; C4:8BE2 opcode 0x58 writes destination entry operands to $1573/$157D/$15C3/$15C4",canonical_rom_sha256=F6A345E2F07F0CBC4EFF7D4FF06AE88A814A98FDF100C7BF7351168C73916A98;tools/python/catalog_map_transition_candidates.py;tools/python/catalog_map_selectors.py;C4:8B6A;C4:8BE2;data/events/event_record_frame_catalog.csv;data/events/event_source_crosslink.csv
,,,,0x81,33,0x38,vm_opcode_0x56_terminal,CC:B1AD,,pack=0x81;record=33;entry=0x38,,0x81,0x1A,,,,,37,30,37,30,CC:A91C,bounded substream tail; destination record0 entry 0x1A exists; destination entry has aligned 0x58 coordinate setter at CC:A91C,strong_candidate,"C4:8B6A handler for opcode 0x56 stores operand1 to $15D0/$0305, copies old $0305 to $15CF, stores operand2 to $13B8/$13B9, calls 81:837F, and advances three bytes; exact bounded tail ends in compact B0; C4:8BE2 opcode 0x58 writes destination entry operands to $1573/$157D/$15C3/$15C4",canonical_rom_sha256=F6A345E2F07F0CBC4EFF7D4FF06AE88A814A98FDF100C7BF7351168C73916A98;tools/python/catalog_map_transition_candidates.py;tools/python/catalog_map_selectors.py;C4:8B6A;C4:8BE2
,,,,0x81,33,0x3D,vm_opcode_0x56_terminal,CC:B229,,pack=0x81;record=33;entry=0x3D,,0xB1,0x15,cfg_t29_l138_v2,138,29,2,224,36,224,36,CD:4366,bounded substream tail; destination record0 entry 0x15 exists; destination entry has aligned 0x58 coordinate setter at CD:4366,strong_candidate,"C4:8B6A handler for opcode 0x56 stores operand1 to $15D0/$0305, copies old $0305 to $15CF, stores operand2 to $13B8/$13B9, calls 81:837F, and advances three bytes; exact bounded tail ends in compact B0; C4:8BE2 opcode 0x58 writes destination entry operands to $1573/$157D/$15C3/$15C4",canonical_rom_sha256=F6A345E2F07F0CBC4EFF7D4FF06AE88A814A98FDF100C7BF7351168C73916A98;tools/python/catalog_map_transition_candidates.py;tools/python/catalog_map_selectors.py;C4:8B6A;C4:8BE2
,,,,0x82,20,0x7B,vm_opcode_0x56_terminal,CC:B67B,F82-L009,pack=0x82;record=20;entry=0x7B,0x19->C9:71FE;0x1A->C9:7226,0x4C,0x1A,,,,,176,189,176,189,CC:0A77,bounded substream tail; destination record0 entry 0x1A exists; destination entry has aligned 0x58 coordinate setter at CC:0A77,strong_candidate,"C4:8B6A handler for opcode 0x56 stores operand1 to $15D0/$0305, copies old $0305 to $15CF, stores operand2 to $13B8/$13B9, calls 81:837F, and advances three bytes; exact bounded tail ends in compact B0; C4:8BE2 opcode 0x58 writes destination entry operands to $1573/$157D/$15C3/$15C4",canonical_rom_sha256=F6A345E2F07F0CBC4EFF7D4FF06AE88A814A98FDF100C7BF7351168C73916A98;tools/python/catalog_map_transition_candidates.py;tools/python/catalog_map_selectors.py;C4:8B6A;C4:8BE2;data/events/event_record_frame_catalog.csv;data/events/event_source_crosslink.csv
,,,,0x82,25,0x79,vm_opcode_0x56_terminal,CC:B74E,,pack=0x82;record=25;entry=0x79,,0xB8,0x0B,cfg_t47_l172_v2,172,47,2,,,,,,bounded substream tail; destination record0 entry 0x0B exists,strong_candidate,"C4:8B6A handler for opcode 0x56 stores operand1 to $15D0/$0305, copies old $0305 to $15CF, stores operand2 to $13B8/$13B9, calls 81:837F, and advances three bytes; exact bounded tail ends in compact B0",canonical_rom_sha256=F6A345E2F07F0CBC4EFF7D4FF06AE88A814A98FDF100C7BF7351168C73916A98;tools/python/catalog_map_transition_candidates.py;tools/python/catalog_map_selectors.py;C4:8B6A;C4:8BE2
,,,,0x84,1,0x79,vm_opcode_0x56_terminal,CC:BAF4,,pack=0x84;record=1;entry=0x79,,0x85,0x02,,,,,22,40,22,40,CC:BC39,bounded substream tail; destination record0 entry 0x02 exists; destination entry has aligned 0x58 coordinate setter at CC:BC39,strong_candidate,"C4:8B6A handler for opcode 0x56 stores operand1 to $15D0/$0305, copies old $0305 to $15CF, stores operand2 to $13B8/$13B9, calls 81:837F, and advances three bytes; exact bounded tail ends in compact B0; C4:8BE2 opcode 0x58 writes destination entry operands to $1573/$157D/$15C3/$15C4",canonical_rom_sha256=F6A345E2F07F0CBC4EFF7D4FF06AE88A814A98FDF100C7BF7351168C73916A98;tools/python/catalog_map_transition_candidates.py;tools/python/catalog_map_selectors.py;C4:8B6A;C4:8BE2
,,,,0x84,4,0x38,vm_opcode_0x56_terminal,CC:BBD9,,pack=0x84;record=4;entry=0x38,,0x85,0x15,,,,,,,,,,bounded substream tail; destination record0 entry 0x15 exists,strong_candidate,"C4:8B6A handler for opcode 0x56 stores operand1 to $15D0/$0305, copies old $0305 to $15CF, stores operand2 to $13B8/$13B9, calls 81:837F, and advances three bytes; exact bounded tail ends in compact B0",canonical_rom_sha256=F6A345E2F07F0CBC4EFF7D4FF06AE88A814A98FDF100C7BF7351168C73916A98;tools/python/catalog_map_transition_candidates.py;tools/python/catalog_map_selectors.py;C4:8B6A;C4:8BE2
,,,,0x85,1,0x79,vm_opcode_0x56_terminal,CC:BC52,,pack=0x85;record=1;entry=0x79,,0x84,0x03,cfg_t07_l072_v2,72,7,2,7,3,7,3,CC:BADC,bounded substream tail; destination record0 entry 0x03 exists; destination entry has aligned 0x58 coordinate setter at CC:BADC,strong_candidate,"C4:8B6A handler for opcode 0x56 stores operand1 to $15D0/$0305, copies old $0305 to $15CF, stores operand2 to $13B8/$13B9, calls 81:837F, and advances three bytes; exact bounded tail ends in compact B0; C4:8BE2 opcode 0x58 writes destination entry operands to $1573/$157D/$15C3/$15C4",canonical_rom_sha256=F6A345E2F07F0CBC4EFF7D4FF06AE88A814A98FDF100C7BF7351168C73916A98;tools/python/catalog_map_transition_candidates.py;tools/python/catalog_map_selectors.py;C4:8B6A;C4:8BE2
,,,,0x86,5,0x7B,vm_opcode_0x56_terminal,CC:BF11,,pack=0x86;record=5;entry=0x7B,,0xED,0x18,,,,,199,39,199,39,CD:E311,bounded substream tail; destination record0 entry 0x18 exists; destination entry has aligned 0x58 coordinate setter at CD:E311,strong_candidate,"C4:8B6A handler for opcode 0x56 stores operand1 to $15D0/$0305, copies old $0305 to $15CF, stores operand2 to $13B8/$13B9, calls 81:837F, and advances three bytes; exact bounded tail ends in compact B0; C4:8BE2 opcode 0x58 writes destination entry operands to $1573/$157D/$15C3/$15C4",canonical_rom_sha256=F6A345E2F07F0CBC4EFF7D4FF06AE88A814A98FDF100C7BF7351168C73916A98;tools/python/catalog_map_transition_candidates.py;tools/python/catalog_map_selectors.py;C4:8B6A;C4:8BE2
,,,,0x87,1,0x77,vm_opcode_0x56_terminal,CC:BFF0,,pack=0x87;record=1;entry=0x77,,0x88,0x02,cfg_t45_l168_v2,168,45,2,,,,,,bounded substream tail; destination record0 entry 0x02 exists,strong_candidate,"C4:8B6A handler for opcode 0x56 stores operand1 to $15D0/$0305, copies old $0305 to $15CF, stores operand2 to $13B8/$13B9, calls 81:837F, and advances three bytes; exact bounded tail ends in compact B0",canonical_rom_sha256=F6A345E2F07F0CBC4EFF7D4FF06AE88A814A98FDF100C7BF7351168C73916A98;tools/python/catalog_map_transition_candidates.py;tools/python/catalog_map_selectors.py;C4:8B6A;C4:8BE2
,,,,0x87,2,0x77,vm_opcode_0x56_terminal,CC:BFFD,,pack=0x87;record=2;entry=0x77,,0x88,0x07,cfg_t45_l168_v2,168,45,2,,,,,,bounded substream tail; destination record0 entry 0x07 exists,strong_candidate,"C4:8B6A handler for opcode 0x56 stores operand1 to $15D0/$0305, copies old $0305 to $15CF, stores operand2 to $13B8/$13B9, calls 81:837F, and advances three bytes; exact bounded tail ends in compact B0",canonical_rom_sha256=F6A345E2F07F0CBC4EFF7D4FF06AE88A814A98FDF100C7BF7351168C73916A98;tools/python/catalog_map_transition_candidates.py;tools/python/catalog_map_selectors.py;C4:8B6A;C4:8BE2
,,,,0x87,3,0x77,vm_opcode_0x56_terminal,CC:C00A,,pack=0x87;record=3;entry=0x77,,0x88,0x08,cfg_t45_l168_v2,168,45,2,,,,,,bounded substream tail; destination record0 entry 0x08 exists,strong_candidate,"C4:8B6A handler for opcode 0x56 stores operand1 to $15D0/$0305, copies old $0305 to $15CF, stores operand2 to $13B8/$13B9, calls 81:837F, and advances three bytes; exact bounded tail ends in compact B0",canonical_rom_sha256=F6A345E2F07F0CBC4EFF7D4FF06AE88A814A98FDF100C7BF7351168C73916A98;tools/python/catalog_map_transition_candidates.py;tools/python/catalog_map_selectors.py;C4:8B6A;C4:8BE2
,,,,0x87,4,0x77,vm_opcode_0x56_terminal,CC:C017,,pack=0x87;record=4;entry=0x77,,0x88,0x09,cfg_t45_l168_v2,168,45,2,,,,,,bounded substream tail; destination record0 entry 0x09 exists,strong_candidate,"C4:8B6A handler for opcode 0x56 stores operand1 to $15D0/$0305, copies old $0305 to $15CF, stores operand2 to $13B8/$13B9, calls 81:837F, and advances three bytes; exact bounded tail ends in compact B0",canonical_rom_sha256=F6A345E2F07F0CBC4EFF7D4FF06AE88A814A98FDF100C7BF7351168C73916A98;tools/python/catalog_map_transition_candidates.py;tools/python/catalog_map_selectors.py;C4:8B6A;C4:8BE2
,,,,0x87,5,0x77,vm_opcode_0x56_terminal,CC:C024,,pack=0x87;record=5;entry=0x77,,0x89,0x03,cfg_t45_l168_v2,168,45,2,,,,,,bounded substream tail; destination record0 entry 0x03 exists,strong_candidate,"C4:8B6A handler for opcode 0x56 stores operand1 to $15D0/$0305, copies old $0305 to $15CF, stores operand2 to $13B8/$13B9, calls 81:837F, and advances three bytes; exact bounded tail ends in compact B0",canonical_rom_sha256=F6A345E2F07F0CBC4EFF7D4FF06AE88A814A98FDF100C7BF7351168C73916A98;tools/python/catalog_map_transition_candidates.py;tools/python/catalog_map_selectors.py;C4:8B6A;C4:8BE2
,,,,0x87,6,0x77,vm_opcode_0x56_terminal,CC:C031,,pack=0x87;record=6;entry=0x77,,0x89,0x0A,cfg_t45_l168_v2,168,45,2,,,,,,bounded substream tail; destination record0 entry 0x0A exists,strong_candidate,"C4:8B6A handler for opcode 0x56 stores operand1 to $15D0/$0305, copies old $0305 to $15CF, stores operand2 to $13B8/$13B9, calls 81:837F, and advances three bytes; exact bounded tail ends in compact B0",canonical_rom_sha256=F6A345E2F07F0CBC4EFF7D4FF06AE88A814A98FDF100C7BF7351168C73916A98;tools/python/catalog_map_transition_candidates.py;tools/python/catalog_map_selectors.py;C4:8B6A;C4:8BE2
,,,,0x88,1,0x77,vm_opcode_0x56_terminal,CC:C211,,pack=0x88;record=1;entry=0x77,,0x87,0x03,cfg_t44_l167_v1,167,44,1,13,43,13,43,CC:BFC3,bounded substream tail; destination record0 entry 0x03 exists; destination entry has aligned 0x58 coordinate setter at CC:BFC3,strong_candidate,"C4:8B6A handler for opcode 0x56 stores operand1 to $15D0/$0305, copies old $0305 to $15CF, stores operand2 to $13B8/$13B9, calls 81:837F, and advances three bytes; exact bounded tail ends in compact B0; C4:8BE2 opcode 0x58 writes destination entry operands to $1573/$157D/$15C3/$15C4",canonical_rom_sha256=F6A345E2F07F0CBC4EFF7D4FF06AE88A814A98FDF100C7BF7351168C73916A98;tools/python/catalog_map_transition_candidates.py;tools/python/catalog_map_selectors.py;C4:8B6A;C4:8BE2
,,,,0x88,2,0x77,vm_opcode_0x56_terminal,CC:C21E,,pack=0x88;record=2;entry=0x77,,0x88,0x04,cfg_t45_l168_v2,168,45,2,,,,,,bounded substream tail; destination record0 entry 0x04 exists,strong_candidate,"C4:8B6A handler for opcode 0x56 stores operand1 to $15D0/$0305, copies old $0305 to $15CF, stores operand2 to $13B8/$13B9, calls 81:837F, and advances three bytes; exact bounded tail ends in compact B0",canonical_rom_sha256=F6A345E2F07F0CBC4EFF7D4FF06AE88A814A98FDF100C7BF7351168C73916A98;tools/python/catalog_map_transition_candidates.py;tools/python/catalog_map_selectors.py;C4:8B6A;C4:8BE2
,,,,0x88,3,0x77,vm_opcode_0x56_terminal,CC:C22B,,pack=0x88;record=3;entry=0x77,,0x88,0x03,cfg_t45_l168_v2,168,45,2,,,,,,bounded substream tail; destination record0 entry 0x03 exists,strong_candidate,"C4:8B6A handler for opcode 0x56 stores operand1 to $15D0/$0305, copies old $0305 to $15CF, stores operand2 to $13B8/$13B9, calls 81:837F, and advances three bytes; exact bounded tail ends in compact B0",canonical_rom_sha256=F6A345E2F07F0CBC4EFF7D4FF06AE88A814A98FDF100C7BF7351168C73916A98;tools/python/catalog_map_transition_candidates.py;tools/python/catalog_map_selectors.py;C4:8B6A;C4:8BE2
,,,,0x88,4,0x77,vm_opcode_0x56_terminal,CC:C238,,pack=0x88;record=4;entry=0x77,,0x88,0x06,cfg_t45_l168_v2,168,45,2,,,,,,bounded substream tail; destination record0 entry 0x06 exists,strong_candidate,"C4:8B6A handler for opcode 0x56 stores operand1 to $15D0/$0305, copies old $0305 to $15CF, stores operand2 to $13B8/$13B9, calls 81:837F, and advances three bytes; exact bounded tail ends in compact B0",canonical_rom_sha256=F6A345E2F07F0CBC4EFF7D4FF06AE88A814A98FDF100C7BF7351168C73916A98;tools/python/catalog_map_transition_candidates.py;tools/python/catalog_map_selectors.py;C4:8B6A;C4:8BE2
,,,,0x88,5,0x77,vm_opcode_0x56_terminal,CC:C245,,pack=0x88;record=5;entry=0x77,,0x88,0x05,cfg_t45_l168_v2,168,45,2,,,,,,bounded substream tail; destination record0 entry 0x05 exists,strong_candidate,"C4:8B6A handler for opcode 0x56 stores operand1 to $15D0/$0305, copies old $0305 to $15CF, stores operand2 to $13B8/$13B9, calls 81:837F, and advances three bytes; exact bounded tail ends in compact B0",canonical_rom_sha256=F6A345E2F07F0CBC4EFF7D4FF06AE88A814A98FDF100C7BF7351168C73916A98;tools/python/catalog_map_transition_candidates.py;tools/python/catalog_map_selectors.py;C4:8B6A;C4:8BE2
,,,,0x88,6,0x77,vm_opcode_0x56_terminal,CC:C252,,pack=0x88;record=6;entry=0x77,,0x87,0x04,cfg_t44_l167_v1,167,44,1,16,33,16,33,CC:BFC9,bounded substream tail; destination record0 entry 0x04 exists; destination entry has aligned 0x58 coordinate setter at CC:BFC9,strong_candidate,"C4:8B6A handler for opcode 0x56 stores operand1 to $15D0/$0305, copies old $0305 to $15CF, stores operand2 to $13B8/$13B9, calls 81:837F, and advances three bytes; exact bounded tail ends in compact B0; C4:8BE2 opcode 0x58 writes destination entry operands to $1573/$157D/$15C3/$15C4",canonical_rom_sha256=F6A345E2F07F0CBC4EFF7D4FF06AE88A814A98FDF100C7BF7351168C73916A98;tools/python/catalog_map_transition_candidates.py;tools/python/catalog_map_selectors.py;C4:8B6A;C4:8BE2
,,,,0x88,7,0x77,vm_opcode_0x56_terminal,CC:C25F,,pack=0x88;record=7;entry=0x77,,0x87,0x05,cfg_t44_l167_v1,167,44,1,49,39,49,39,CC:BFCF,bounded substream tail; destination record0 entry 0x05 exists; destination entry has aligned 0x58 coordinate setter at CC:BFCF,strong_candidate,"C4:8B6A handler for opcode 0x56 stores operand1 to $15D0/$0305, copies old $0305 to $15CF, stores operand2 to $13B8/$13B9, calls 81:837F, and advances three bytes; exact bounded tail ends in compact B0; C4:8BE2 opcode 0x58 writes destination entry operands to $1573/$157D/$15C3/$15C4",canonical_rom_sha256=F6A345E2F07F0CBC4EFF7D4FF06AE88A814A98FDF100C7BF7351168C73916A98;tools/python/catalog_map_transition_candidates.py;tools/python/catalog_map_selectors.py;C4:8B6A;C4:8BE2
,,,,0x88,8,0x77,vm_opcode_0x56_terminal,CC:C26C,,pack=0x88;record=8;entry=0x77,,0x87,0x06,cfg_t44_l167_v1,167,44,1,35,28,35,28,CC:BFD5,bounded substream tail; destination record0 entry 0x06 exists; destination entry has aligned 0x58 coordinate setter at CC:BFD5,strong_candidate,"C4:8B6A handler for opcode 0x56 stores operand1 to $15D0/$0305, copies old $0305 to $15CF, stores operand2 to $13B8/$13B9, calls 81:837F, and advances three bytes; exact bounded tail ends in compact B0; C4:8BE2 opcode 0x58 writes destination entry operands to $1573/$157D/$15C3/$15C4",canonical_rom_sha256=F6A345E2F07F0CBC4EFF7D4FF06AE88A814A98FDF100C7BF7351168C73916A98;tools/python/catalog_map_transition_candidates.py;tools/python/catalog_map_selectors.py;C4:8B6A;C4:8BE2
,,,,0x88,9,0x77,vm_opcode_0x56_terminal,CC:C279,,pack=0x88;record=9;entry=0x77,,0x88,0x0C,cfg_t45_l168_v2,168,45,2,,,,,,bounded substream tail; destination record0 entry 0x0C exists,strong_candidate,"C4:8B6A handler for opcode 0x56 stores operand1 to $15D0/$0305, copies old $0305 to $15CF, stores operand2 to $13B8/$13B9, calls 81:837F, and advances three bytes; exact bounded tail ends in compact B0",canonical_rom_sha256=F6A345E2F07F0CBC4EFF7D4FF06AE88A814A98FDF100C7BF7351168C73916A98;tools/python/catalog_map_transition_candidates.py;tools/python/catalog_map_selectors.py;C4:8B6A;C4:8BE2
,,,,0x88,10,0x77,vm_opcode_0x56_terminal,CC:C286,,pack=0x88;record=10;entry=0x77,,0x89,0x02,cfg_t45_l168_v2,168,45,2,,,,,,bounded substream tail; destination record0 entry 0x02 exists,strong_candidate,"C4:8B6A handler for opcode 0x56 stores operand1 to $15D0/$0305, copies old $0305 to $15CF, stores operand2 to $13B8/$13B9, calls 81:837F, and advances three bytes; exact bounded tail ends in compact B0",canonical_rom_sha256=F6A345E2F07F0CBC4EFF7D4FF06AE88A814A98FDF100C7BF7351168C73916A98;tools/python/catalog_map_transition_candidates.py;tools/python/catalog_map_selectors.py;C4:8B6A;C4:8BE2
,,,,0x88,11,0x77,vm_opcode_0x56_terminal,CC:C293,,pack=0x88;record=11;entry=0x77,,0x88,0x0A,cfg_t45_l168_v2,168,45,2,,,,,,bounded substream tail; destination record0 entry 0x0A exists,strong_candidate,"C4:8B6A handler for opcode 0x56 stores operand1 to $15D0/$0305, copies old $0305 to $15CF, stores operand2 to $13B8/$13B9, calls 81:837F, and advances three bytes; exact bounded tail ends in compact B0",canonical_rom_sha256=F6A345E2F07F0CBC4EFF7D4FF06AE88A814A98FDF100C7BF7351168C73916A98;tools/python/catalog_map_transition_candidates.py;tools/python/catalog_map_selectors.py;C4:8B6A;C4:8BE2
,,,,0x88,17,0x6C,vm_opcode_0x56_terminal,CC:C43C,,pack=0x88;record=17;entry=0x6C,,0x50,0x04,cfg_t04_l008_v2,8,4,2,29,55,29,55,CC:1C59,bounded substream tail; destination record0 entry 0x04 exists; destination entry has aligned 0x58 coordinate setter at CC:1C59,strong_candidate,"C4:8B6A handler for opcode 0x56 stores operand1 to $15D0/$0305, copies old $0305 to $15CF, stores operand2 to $13B8/$13B9, calls 81:837F, and advances three bytes; exact bounded tail ends in compact B0; C4:8BE2 opcode 0x58 writes destination entry operands to $1573/$157D/$15C3/$15C4",canonical_rom_sha256=F6A345E2F07F0CBC4EFF7D4FF06AE88A814A98FDF100C7BF7351168C73916A98;tools/python/catalog_map_transition_candidates.py;tools/python/catalog_map_selectors.py;C4:8B6A;C4:8BE2
,,,,0x89,1,0x77,vm_opcode_0x56_terminal,CC:C570,,pack=0x89;record=1;entry=0x77,,0x88,0x0B,cfg_t45_l168_v2,168,45,2,,,,,,bounded substream tail; destination record0 entry 0x0B exists,strong_candidate,"C4:8B6A handler for opcode 0x56 stores operand1 to $15D0/$0305, copies old $0305 to $15CF, stores operand2 to $13B8/$13B9, calls 81:837F, and advances three bytes; exact bounded tail ends in compact B0",canonical_rom_sha256=F6A345E2F07F0CBC4EFF7D4FF06AE88A814A98FDF100C7BF7351168C73916A98;tools/python/catalog_map_transition_candidates.py;tools/python/catalog_map_selectors.py;C4:8B6A;C4:8BE2
,,,,0x89,2,0x77,vm_opcode_0x56_terminal,CC:C57D,,pack=0x89;record=2;entry=0x77,,0x87,0x07,cfg_t44_l167_v1,167,44,1,26,15,26,15,CC:BFDB,bounded substream tail; destination record0 entry 0x07 exists; destination entry has aligned 0x58 coordinate setter at CC:BFDB,strong_candidate,"C4:8B6A handler for opcode 0x56 stores operand1 to $15D0/$0305, copies old $0305 to $15CF, stores operand2 to $13B8/$13B9, calls 81:837F, and advances three bytes; exact bounded tail ends in compact B0; C4:8BE2 opcode 0x58 writes destination entry operands to $1573/$157D/$15C3/$15C4",canonical_rom_sha256=F6A345E2F07F0CBC4EFF7D4FF06AE88A814A98FDF100C7BF7351168C73916A98;tools/python/catalog_map_transition_candidates.py;tools/python/catalog_map_selectors.py;C4:8B6A;C4:8BE2
,,,,0x89,3,0x77,vm_opcode_0x56_terminal,CC:C58A,,pack=0x89;record=3;entry=0x77,,0x89,0x05,cfg_t45_l168_v2,168,45,2,,,,,,bounded substream tail; destination record0 entry 0x05 exists,strong_candidate,"C4:8B6A handler for opcode 0x56 stores operand1 to $15D0/$0305, copies old $0305 to $15CF, stores operand2 to $13B8/$13B9, calls 81:837F, and advances three bytes; exact bounded tail ends in compact B0",canonical_rom_sha256=F6A345E2F07F0CBC4EFF7D4FF06AE88A814A98FDF100C7BF7351168C73916A98;tools/python/catalog_map_transition_candidates.py;tools/python/catalog_map_selectors.py;C4:8B6A;C4:8BE2
,,,,0x89,4,0x77,vm_opcode_0x56_terminal,CC:C597,,pack=0x89;record=4;entry=0x77,,0x89,0x04,cfg_t45_l168_v2,168,45,2,,,,,,bounded substream tail; destination record0 entry 0x04 exists,strong_candidate,"C4:8B6A handler for opcode 0x56 stores operand1 to $15D0/$0305, copies old $0305 to $15CF, stores operand2 to $13B8/$13B9, calls 81:837F, and advances three bytes; exact bounded tail ends in compact B0",canonical_rom_sha256=F6A345E2F07F0CBC4EFF7D4FF06AE88A814A98FDF100C7BF7351168C73916A98;tools/python/catalog_map_transition_candidates.py;tools/python/catalog_map_selectors.py;C4:8B6A;C4:8BE2
,,,,0x89,5,0x77,vm_opcode_0x56_terminal,CC:C5A4,,pack=0x89;record=5;entry=0x77,,0x89,0x07,cfg_t45_l168_v2,168,45,2,,,,,,bounded substream tail; destination record0 entry 0x07 exists,strong_candidate,"C4:8B6A handler for opcode 0x56 stores operand1 to $15D0/$0305, copies old $0305 to $15CF, stores operand2 to $13B8/$13B9, calls 81:837F, and advances three bytes; exact bounded tail ends in compact B0",canonical_rom_sha256=F6A345E2F07F0CBC4EFF7D4FF06AE88A814A98FDF100C7BF7351168C73916A98;tools/python/catalog_map_transition_candidates.py;tools/python/catalog_map_selectors.py;C4:8B6A;C4:8BE2
,,,,0x89,6,0x77,vm_opcode_0x56_terminal,CC:C5B1,,pack=0x89;record=6;entry=0x77,,0x89,0x06,cfg_t45_l168_v2,168,45,2,,,,,,bounded substream tail; destination record0 entry 0x06 exists,strong_candidate,"C4:8B6A handler for opcode 0x56 stores operand1 to $15D0/$0305, copies old $0305 to $15CF, stores operand2 to $13B8/$13B9, calls 81:837F, and advances three bytes; exact bounded tail ends in compact B0",canonical_rom_sha256=F6A345E2F07F0CBC4EFF7D4FF06AE88A814A98FDF100C7BF7351168C73916A98;tools/python/catalog_map_transition_candidates.py;tools/python/catalog_map_selectors.py;C4:8B6A;C4:8BE2
,,,,0x89,7,0x77,vm_opcode_0x56_terminal,CC:C5BE,,pack=0x89;record=7;entry=0x77,,0x89,0x09,cfg_t45_l168_v2,168,45,2,,,,,,bounded substream tail; destination record0 entry 0x09 exists,strong_candidate,"C4:8B6A handler for opcode 0x56 stores operand1 to $15D0/$0305, copies old $0305 to $15CF, stores operand2 to $13B8/$13B9, calls 81:837F, and advances three bytes; exact bounded tail ends in compact B0",canonical_rom_sha256=F6A345E2F07F0CBC4EFF7D4FF06AE88A814A98FDF100C7BF7351168C73916A98;tools/python/catalog_map_transition_candidates.py;tools/python/catalog_map_selectors.py;C4:8B6A;C4:8BE2
,,,,0x89,8,0x77,vm_opcode_0x56_terminal,CC:C5CB,,pack=0x89;record=8;entry=0x77,,0x89,0x08,cfg_t45_l168_v2,168,45,2,,,,,,bounded substream tail; destination record0 entry 0x08 exists,strong_candidate,"C4:8B6A handler for opcode 0x56 stores operand1 to $15D0/$0305, copies old $0305 to $15CF, stores operand2 to $13B8/$13B9, calls 81:837F, and advances three bytes; exact bounded tail ends in compact B0",canonical_rom_sha256=F6A345E2F07F0CBC4EFF7D4FF06AE88A814A98FDF100C7BF7351168C73916A98;tools/python/catalog_map_transition_candidates.py;tools/python/catalog_map_selectors.py;C4:8B6A;C4:8BE2
,,,,0x89,9,0x77,vm_opcode_0x56_terminal,CC:C5D8,,pack=0x89;record=9;entry=0x77,,0x87,0x08,cfg_t44_l167_v1,167,44,1,30,6,30,6,CC:BFE1,bounded substream tail; destination record0 entry 0x08 exists; destination entry has aligned 0x58 coordinate setter at CC:BFE1,strong_candidate,"C4:8B6A handler for opcode 0x56 stores operand1 to $15D0/$0305, copies old $0305 to $15CF, stores operand2 to $13B8/$13B9, calls 81:837F, and advances three bytes; exact bounded tail ends in compact B0; C4:8BE2 opcode 0x58 writes destination entry operands to $1573/$157D/$15C3/$15C4",canonical_rom_sha256=F6A345E2F07F0CBC4EFF7D4FF06AE88A814A98FDF100C7BF7351168C73916A98;tools/python/catalog_map_transition_candidates.py;tools/python/catalog_map_selectors.py;C4:8B6A;C4:8BE2
,,,,0x8F,1,0x79,vm_opcode_0x56_terminal,CC:CE87,,pack=0x8F;record=1;entry=0x79,,0x90,0x03,cfg_t04_l081_v2,81,4,2,23,9,23,9,CC:D17D,bounded substream tail; destination record0 entry 0x03 exists; destination entry has aligned 0x58 coordinate setter at CC:D17D,strong_candidate,"C4:8B6A handler for opcode 0x56 stores operand1 to $15D0/$0305, copies old $0305 to $15CF, stores operand2 to $13B8/$13B9, calls 81:837F, and advances three bytes; exact bounded tail ends in compact B0; C4:8BE2 opcode 0x58 writes destination entry operands to $1573/$157D/$15C3/$15C4",canonical_rom_sha256=F6A345E2F07F0CBC4EFF7D4FF06AE88A814A98FDF100C7BF7351168C73916A98;tools/python/catalog_map_transition_candidates.py;tools/python/catalog_map_selectors.py;C4:8B6A;C4:8BE2
,,,,0x8F,1,0x89,vm_opcode_0x56_terminal,CC:CE8B,,pack=0x8F;record=1;entry=0x89,,0x90,0x04,cfg_t04_l081_v2,81,4,2,23,24,23,24,CC:D186,bounded substream tail; destination record0 entry 0x04 exists; destination entry has aligned 0x58 coordinate setter at CC:D186,strong_candidate,"C4:8B6A handler for opcode 0x56 stores operand1 to $15D0/$0305, copies old $0305 to $15CF, stores operand2 to $13B8/$13B9, calls 81:837F, and advances three bytes; exact bounded tail ends in compact B0; C4:8BE2 opcode 0x58 writes destination entry operands to $1573/$157D/$15C3/$15C4",canonical_rom_sha256=F6A345E2F07F0CBC4EFF7D4FF06AE88A814A98FDF100C7BF7351168C73916A98;tools/python/catalog_map_transition_candidates.py;tools/python/catalog_map_selectors.py;C4:8B6A;C4:8BE2
,,,,0x90,2,0x79,vm_opcode_0x56_terminal,CC:D208,,pack=0x90;record=2;entry=0x79,,0x8F,0x03,cfg_t53_l186_v2,186,53,2,35,51,35,51,CC:CE65,bounded substream tail; destination record0 entry 0x03 exists; destination entry has aligned 0x58 coordinate setter at CC:CE65,strong_candidate,"C4:8B6A handler for opcode 0x56 stores operand1 to $15D0/$0305, copies old $0305 to $15CF, stores operand2 to $13B8/$13B9, calls 81:837F, and advances three bytes; exact bounded tail ends in compact B0; C4:8BE2 opcode 0x58 writes destination entry operands to $1573/$157D/$15C3/$15C4",canonical_rom_sha256=F6A345E2F07F0CBC4EFF7D4FF06AE88A814A98FDF100C7BF7351168C73916A98;tools/python/catalog_map_transition_candidates.py;tools/python/catalog_map_selectors.py;C4:8B6A;C4:8BE2
,,,,0x91,2,0x79,vm_opcode_0x56_terminal,CC:D32F,,pack=0x91;record=2;entry=0x79,,0x91,0x06,cfg_t08_l092_v2,92,8,2,,,,,,bounded substream tail; destination record0 entry 0x06 exists,strong_candidate,"C4:8B6A handler for opcode 0x56 stores operand1 to $15D0/$0305, copies old $0305 to $15CF, stores operand2 to $13B8/$13B9, calls 81:837F, and advances three bytes; exact bounded tail ends in compact B0",canonical_rom_sha256=F6A345E2F07F0CBC4EFF7D4FF06AE88A814A98FDF100C7BF7351168C73916A98;tools/python/catalog_map_transition_candidates.py;tools/python/catalog_map_selectors.py;C4:8B6A;C4:8BE2
,,,,0x91,3,0x77,vm_opcode_0x56_terminal,CC:D350,,pack=0x91;record=3;entry=0x77,,0x53,0x02,cfg_t08_l094_v2,94,8,2,,,,,,bounded substream tail; destination record0 entry 0x02 exists,strong_candidate,"C4:8B6A handler for opcode 0x56 stores operand1 to $15D0/$0305, copies old $0305 to $15CF, stores operand2 to $13B8/$13B9, calls 81:837F, and advances three bytes; exact bounded tail ends in compact B0",canonical_rom_sha256=F6A345E2F07F0CBC4EFF7D4FF06AE88A814A98FDF100C7BF7351168C73916A98;tools/python/catalog_map_transition_candidates.py;tools/python/catalog_map_selectors.py;C4:8B6A;C4:8BE2
,,,,0x91,4,0x89,vm_opcode_0x56_terminal,CC:D35D,,pack=0x91;record=4;entry=0x89,,0x91,0x05,cfg_t08_l092_v2,92,8,2,,,,,,bounded substream tail; destination record0 entry 0x05 exists,strong_candidate,"C4:8B6A handler for opcode 0x56 stores operand1 to $15D0/$0305, copies old $0305 to $15CF, stores operand2 to $13B8/$13B9, calls 81:837F, and advances three bytes; exact bounded tail ends in compact B0",canonical_rom_sha256=F6A345E2F07F0CBC4EFF7D4FF06AE88A814A98FDF100C7BF7351168C73916A98;tools/python/catalog_map_transition_candidates.py;tools/python/catalog_map_selectors.py;C4:8B6A;C4:8BE2
,,,,0x91,6,0x77,vm_opcode_0x56_terminal,CC:D377,,pack=0x91;record=6;entry=0x77,,0x95,0x04,,,,,22,8,22,8,CC:D9F6,bounded substream tail; destination record0 entry 0x04 exists; destination entry has aligned 0x58 coordinate setter at CC:D9F6,strong_candidate,"C4:8B6A handler for opcode 0x56 stores operand1 to $15D0/$0305, copies old $0305 to $15CF, stores operand2 to $13B8/$13B9, calls 81:837F, and advances three bytes; exact bounded tail ends in compact B0; C4:8BE2 opcode 0x58 writes destination entry operands to $1573/$157D/$15C3/$15C4",canonical_rom_sha256=F6A345E2F07F0CBC4EFF7D4FF06AE88A814A98FDF100C7BF7351168C73916A98;tools/python/catalog_map_transition_candidates.py;tools/python/catalog_map_selectors.py;C4:8B6A;C4:8BE2
,,,,0x92,1,0x77,vm_opcode_0x56_terminal,CC:D4B5,,pack=0x92;record=1;entry=0x77,,0x91,0x03,cfg_t08_l092_v2,92,8,2,,,,,,bounded substream tail; destination record0 entry 0x03 exists,strong_candidate,"C4:8B6A handler for opcode 0x56 stores operand1 to $15D0/$0305, copies old $0305 to $15CF, stores operand2 to $13B8/$13B9, calls 81:837F, and advances three bytes; exact bounded tail ends in compact B0",canonical_rom_sha256=F6A345E2F07F0CBC4EFF7D4FF06AE88A814A98FDF100C7BF7351168C73916A98;tools/python/catalog_map_transition_candidates.py;tools/python/catalog_map_selectors.py;C4:8B6A;C4:8BE2
,,,,0x92,2,0x77,vm_opcode_0x56_terminal,CC:D4C2,,pack=0x92;record=2;entry=0x77,,0x93,0x02,cfg_t08_l092_v2,92,8,2,,,,,,bounded substream tail; destination record0 entry 0x02 exists,strong_candidate,"C4:8B6A handler for opcode 0x56 stores operand1 to $15D0/$0305, copies old $0305 to $15CF, stores operand2 to $13B8/$13B9, calls 81:837F, and advances three bytes; exact bounded tail ends in compact B0",canonical_rom_sha256=F6A345E2F07F0CBC4EFF7D4FF06AE88A814A98FDF100C7BF7351168C73916A98;tools/python/catalog_map_transition_candidates.py;tools/python/catalog_map_selectors.py;C4:8B6A;C4:8BE2
,,,,0x92,3,0x77,vm_opcode_0x56_terminal,CC:D4CF,,pack=0x92;record=3;entry=0x77,,0x93,0x03,cfg_t08_l092_v2,92,8,2,,,,,,bounded substream tail; destination record0 entry 0x03 exists,strong_candidate,"C4:8B6A handler for opcode 0x56 stores operand1 to $15D0/$0305, copies old $0305 to $15CF, stores operand2 to $13B8/$13B9, calls 81:837F, and advances three bytes; exact bounded tail ends in compact B0",canonical_rom_sha256=F6A345E2F07F0CBC4EFF7D4FF06AE88A814A98FDF100C7BF7351168C73916A98;tools/python/catalog_map_transition_candidates.py;tools/python/catalog_map_selectors.py;C4:8B6A;C4:8BE2
,,,,0x92,4,0x77,vm_opcode_0x56_terminal,CC:D4DC,,pack=0x92;record=4;entry=0x77,,0x93,0x04,cfg_t08_l092_v2,92,8,2,,,,,,bounded substream tail; destination record0 entry 0x04 exists,strong_candidate,"C4:8B6A handler for opcode 0x56 stores operand1 to $15D0/$0305, copies old $0305 to $15CF, stores operand2 to $13B8/$13B9, calls 81:837F, and advances three bytes; exact bounded tail ends in compact B0",canonical_rom_sha256=F6A345E2F07F0CBC4EFF7D4FF06AE88A814A98FDF100C7BF7351168C73916A98;tools/python/catalog_map_transition_candidates.py;tools/python/catalog_map_selectors.py;C4:8B6A;C4:8BE2
,,,,0x92,5,0x77,vm_opcode_0x56_terminal,CC:D4E9,,pack=0x92;record=5;entry=0x77,,0x93,0x05,cfg_t08_l092_v2,92,8,2,,,,,,bounded substream tail; destination record0 entry 0x05 exists,strong_candidate,"C4:8B6A handler for opcode 0x56 stores operand1 to $15D0/$0305, copies old $0305 to $15CF, stores operand2 to $13B8/$13B9, calls 81:837F, and advances three bytes; exact bounded tail ends in compact B0",canonical_rom_sha256=F6A345E2F07F0CBC4EFF7D4FF06AE88A814A98FDF100C7BF7351168C73916A98;tools/python/catalog_map_transition_candidates.py;tools/python/catalog_map_selectors.py;C4:8B6A;C4:8BE2
,,,,0x92,6,0x89,vm_opcode_0x56_terminal,CC:D519,,pack=0x92;record=6;entry=0x89,,0x93,0x06,cfg_t08_l092_v2,92,8,2,,,,,,bounded substream tail; destination record0 entry 0x06 exists,strong_candidate,"C4:8B6A handler for opcode 0x56 stores operand1 to $15D0/$0305, copies old $0305 to $15CF, stores operand2 to $13B8/$13B9, calls 81:837F, and advances three bytes; exact bounded tail ends in compact B0",canonical_rom_sha256=F6A345E2F07F0CBC4EFF7D4FF06AE88A814A98FDF100C7BF7351168C73916A98;tools/python/catalog_map_transition_candidates.py;tools/python/catalog_map_selectors.py;C4:8B6A;C4:8BE2
,,,,0x93,1,0x77,vm_opcode_0x56_terminal,CC:D6EF,,pack=0x93;record=1;entry=0x77,,0x92,0x03,cfg_t08_l092_v2,92,8,2,121,15,121,15,CC:D472,bounded substream tail; destination record0 entry 0x03 exists; destination entry has aligned 0x58 coordinate setter at CC:D472,strong_candidate,"C4:8B6A handler for opcode 0x56 stores operand1 to $15D0/$0305, copies old $0305 to $15CF, stores operand2 to $13B8/$13B9, calls 81:837F, and advances three bytes; exact bounded tail ends in compact B0; C4:8BE2 opcode 0x58 writes destination entry operands to $1573/$157D/$15C3/$15C4",canonical_rom_sha256=F6A345E2F07F0CBC4EFF7D4FF06AE88A814A98FDF100C7BF7351168C73916A98;tools/python/catalog_map_transition_candidates.py;tools/python/catalog_map_selectors.py;C4:8B6A;C4:8BE2
,,,,0x93,2,0x77,vm_opcode_0x56_terminal,CC:D6FC,,pack=0x93;record=2;entry=0x77,,0x92,0x04,cfg_t08_l092_v2,92,8,2,134,15,134,15,CC:D47B,bounded substream tail; destination record0 entry 0x04 exists; destination entry has aligned 0x58 coordinate setter at CC:D47B,strong_candidate,"C4:8B6A handler for opcode 0x56 stores operand1 to $15D0/$0305, copies old $0305 to $15CF, stores operand2 to $13B8/$13B9, calls 81:837F, and advances three bytes; exact bounded tail ends in compact B0; C4:8BE2 opcode 0x58 writes destination entry operands to $1573/$157D/$15C3/$15C4",canonical_rom_sha256=F6A345E2F07F0CBC4EFF7D4FF06AE88A814A98FDF100C7BF7351168C73916A98;tools/python/catalog_map_transition_candidates.py;tools/python/catalog_map_selectors.py;C4:8B6A;C4:8BE2
,,,,0x93,3,0x77,vm_opcode_0x56_terminal,CC:D709,,pack=0x93;record=3;entry=0x77,,0x92,0x05,cfg_t08_l092_v2,92,8,2,119,30,119,30,CC:D484,bounded substream tail; destination record0 entry 0x05 exists; destination entry has aligned 0x58 coordinate setter at CC:D484,strong_candidate,"C4:8B6A handler for opcode 0x56 stores operand1 to $15D0/$0305, copies old $0305 to $15CF, stores operand2 to $13B8/$13B9, calls 81:837F, and advances three bytes; exact bounded tail ends in compact B0; C4:8BE2 opcode 0x58 writes destination entry operands to $1573/$157D/$15C3/$15C4",canonical_rom_sha256=F6A345E2F07F0CBC4EFF7D4FF06AE88A814A98FDF100C7BF7351168C73916A98;tools/python/catalog_map_transition_candidates.py;tools/python/catalog_map_selectors.py;C4:8B6A;C4:8BE2
,,,,0x93,4,0x77,vm_opcode_0x56_terminal,CC:D716,,pack=0x93;record=4;entry=0x77,,0x92,0x06,cfg_t08_l092_v2,92,8,2,137,30,137,30,CC:D48D,bounded substream tail; destination record0 entry 0x06 exists; destination entry has aligned 0x58 coordinate setter at CC:D48D,strong_candidate,"C4:8B6A handler for opcode 0x56 stores operand1 to $15D0/$0305, copies old $0305 to $15CF, stores operand2 to $13B8/$13B9, calls 81:837F, and advances three bytes; exact bounded tail ends in compact B0; C4:8BE2 opcode 0x58 writes destination entry operands to $1573/$157D/$15C3/$15C4",canonical_rom_sha256=F6A345E2F07F0CBC4EFF7D4FF06AE88A814A98FDF100C7BF7351168C73916A98;tools/python/catalog_map_transition_candidates.py;tools/python/catalog_map_selectors.py;C4:8B6A;C4:8BE2
,,,,0x93,5,0x89,vm_opcode_0x56_terminal,CC:D723,,pack=0x93;record=5;entry=0x89,,0x95,0x02,,,,,17,41,17,41,CC:D9E4,bounded substream tail; destination record0 entry 0x02 exists; destination entry has aligned 0x58 coordinate setter at CC:D9E4,strong_candidate,"C4:8B6A handler for opcode 0x56 stores operand1 to $15D0/$0305, copies old $0305 to $15CF, stores operand2 to $13B8/$13B9, calls 81:837F, and advances three bytes; exact bounded tail ends in compact B0; C4:8BE2 opcode 0x58 writes destination entry operands to $1573/$157D/$15C3/$15C4",canonical_rom_sha256=F6A345E2F07F0CBC4EFF7D4FF06AE88A814A98FDF100C7BF7351168C73916A98;tools/python/catalog_map_transition_candidates.py;tools/python/catalog_map_selectors.py;C4:8B6A;C4:8BE2
,,,,0x94,1,0x77,vm_opcode_0x56_terminal,CC:D8F4,,pack=0x94;record=1;entry=0x77,,0x95,0x03,,,,,22,31,22,31,CC:D9ED,bounded substream tail; destination record0 entry 0x03 exists; destination entry has aligned 0x58 coordinate setter at CC:D9ED,strong_candidate,"C4:8B6A handler for opcode 0x56 stores operand1 to $15D0/$0305, copies old $0305 to $15CF, stores operand2 to $13B8/$13B9, calls 81:837F, and advances three bytes; exact bounded tail ends in compact B0; C4:8BE2 opcode 0x58 writes destination entry operands to $1573/$157D/$15C3/$15C4",canonical_rom_sha256=F6A345E2F07F0CBC4EFF7D4FF06AE88A814A98FDF100C7BF7351168C73916A98;tools/python/catalog_map_transition_candidates.py;tools/python/catalog_map_selectors.py;C4:8B6A;C4:8BE2
,,,,0x94,2,0x77,vm_opcode_0x56_terminal,CC:D901,,pack=0x94;record=2;entry=0x77,,0x94,0x04,cfg_t08_l092_v2,92,8,2,,,,,,bounded substream tail; destination record0 entry 0x04 exists,strong_candidate,"C4:8B6A handler for opcode 0x56 stores operand1 to $15D0/$0305, copies old $0305 to $15CF, stores operand2 to $13B8/$13B9, calls 81:837F, and advances three bytes; exact bounded tail ends in compact B0",canonical_rom_sha256=F6A345E2F07F0CBC4EFF7D4FF06AE88A814A98FDF100C7BF7351168C73916A98;tools/python/catalog_map_transition_candidates.py;tools/python/catalog_map_selectors.py;C4:8B6A;C4:8BE2
,,,,0x94,3,0x77,vm_opcode_0x56_terminal,CC:D90E,,pack=0x94;record=3;entry=0x77,,0x94,0x03,cfg_t08_l092_v2,92,8,2,,,,,,bounded substream tail; destination record0 entry 0x03 exists,strong_candidate,"C4:8B6A handler for opcode 0x56 stores operand1 to $15D0/$0305, copies old $0305 to $15CF, stores operand2 to $13B8/$13B9, calls 81:837F, and advances three bytes; exact bounded tail ends in compact B0",canonical_rom_sha256=F6A345E2F07F0CBC4EFF7D4FF06AE88A814A98FDF100C7BF7351168C73916A98;tools/python/catalog_map_transition_candidates.py;tools/python/catalog_map_selectors.py;C4:8B6A;C4:8BE2
,,,,0x94,4,0x77,vm_opcode_0x56_terminal,CC:D91B,,pack=0x94;record=4;entry=0x77,,0x94,0x06,cfg_t08_l092_v2,92,8,2,,,,,,bounded substream tail; destination record0 entry 0x06 exists,strong_candidate,"C4:8B6A handler for opcode 0x56 stores operand1 to $15D0/$0305, copies old $0305 to $15CF, stores operand2 to $13B8/$13B9, calls 81:837F, and advances three bytes; exact bounded tail ends in compact B0",canonical_rom_sha256=F6A345E2F07F0CBC4EFF7D4FF06AE88A814A98FDF100C7BF7351168C73916A98;tools/python/catalog_map_transition_candidates.py;tools/python/catalog_map_selectors.py;C4:8B6A;C4:8BE2
,,,,0x94,5,0x77,vm_opcode_0x56_terminal,CC:D928,,pack=0x94;record=5;entry=0x77,,0x94,0x05,cfg_t08_l092_v2,92,8,2,,,,,,bounded substream tail; destination record0 entry 0x05 exists,strong_candidate,"C4:8B6A handler for opcode 0x56 stores operand1 to $15D0/$0305, copies old $0305 to $15CF, stores operand2 to $13B8/$13B9, calls 81:837F, and advances three bytes; exact bounded tail ends in compact B0",canonical_rom_sha256=F6A345E2F07F0CBC4EFF7D4FF06AE88A814A98FDF100C7BF7351168C73916A98;tools/python/catalog_map_transition_candidates.py;tools/python/catalog_map_selectors.py;C4:8B6A;C4:8BE2
,,,,0x94,6,0x77,vm_opcode_0x56_terminal,CC:D935,,pack=0x94;record=6;entry=0x77,,0x94,0x08,cfg_t08_l092_v2,92,8,2,,,,,,bounded substream tail; destination record0 entry 0x08 exists,strong_candidate,"C4:8B6A handler for opcode 0x56 stores operand1 to $15D0/$0305, copies old $0305 to $15CF, stores operand2 to $13B8/$13B9, calls 81:837F, and advances three bytes; exact bounded tail ends in compact B0",canonical_rom_sha256=F6A345E2F07F0CBC4EFF7D4FF06AE88A814A98FDF100C7BF7351168C73916A98;tools/python/catalog_map_transition_candidates.py;tools/python/catalog_map_selectors.py;C4:8B6A;C4:8BE2
,,,,0x94,7,0x77,vm_opcode_0x56_terminal,CC:D942,,pack=0x94;record=7;entry=0x77,,0x94,0x07,cfg_t08_l092_v2,92,8,2,,,,,,bounded substream tail; destination record0 entry 0x07 exists,strong_candidate,"C4:8B6A handler for opcode 0x56 stores operand1 to $15D0/$0305, copies old $0305 to $15CF, stores operand2 to $13B8/$13B9, calls 81:837F, and advances three bytes; exact bounded tail ends in compact B0",canonical_rom_sha256=F6A345E2F07F0CBC4EFF7D4FF06AE88A814A98FDF100C7BF7351168C73916A98;tools/python/catalog_map_transition_candidates.py;tools/python/catalog_map_selectors.py;C4:8B6A;C4:8BE2
,,,,0x94,8,0x77,vm_opcode_0x56_terminal,CC:D94F,,pack=0x94;record=8;entry=0x77,,0x94,0x0A,cfg_t08_l092_v2,92,8,2,,,,,,bounded substream tail; destination record0 entry 0x0A exists,strong_candidate,"C4:8B6A handler for opcode 0x56 stores operand1 to $15D0/$0305, copies old $0305 to $15CF, stores operand2 to $13B8/$13B9, calls 81:837F, and advances three bytes; exact bounded tail ends in compact B0",canonical_rom_sha256=F6A345E2F07F0CBC4EFF7D4FF06AE88A814A98FDF100C7BF7351168C73916A98;tools/python/catalog_map_transition_candidates.py;tools/python/catalog_map_selectors.py;C4:8B6A;C4:8BE2
,,,,0x94,9,0x77,vm_opcode_0x56_terminal,CC:D95C,,pack=0x94;record=9;entry=0x77,,0x94,0x09,cfg_t08_l092_v2,92,8,2,,,,,,bounded substream tail; destination record0 entry 0x09 exists,strong_candidate,"C4:8B6A handler for opcode 0x56 stores operand1 to $15D0/$0305, copies old $0305 to $15CF, stores operand2 to $13B8/$13B9, calls 81:837F, and advances three bytes; exact bounded tail ends in compact B0",canonical_rom_sha256=F6A345E2F07F0CBC4EFF7D4FF06AE88A814A98FDF100C7BF7351168C73916A98;tools/python/catalog_map_transition_candidates.py;tools/python/catalog_map_selectors.py;C4:8B6A;C4:8BE2
,,,,0x94,10,0x77,vm_opcode_0x56_terminal,CC:D972,,pack=0x94;record=10;entry=0x77,,0x53,0x09,cfg_t08_l094_v2,94,8,2,,,,,,bounded substream tail; destination record0 entry 0x09 exists,strong_candidate,"C4:8B6A handler for opcode 0x56 stores operand1 to $15D0/$0305, copies old $0305 to $15CF, stores operand2 to $13B8/$13B9, calls 81:837F, and advances three bytes; exact bounded tail ends in compact B0",canonical_rom_sha256=F6A345E2F07F0CBC4EFF7D4FF06AE88A814A98FDF100C7BF7351168C73916A98;tools/python/catalog_map_transition_candidates.py;tools/python/catalog_map_selectors.py;C4:8B6A;C4:8BE2
,,,,0x95,1,0x77,vm_opcode_0x56_terminal,CC:DA0D,,pack=0x95;record=1;entry=0x77,,0x94,0x02,cfg_t08_l092_v2,92,8,2,,,,,,bounded substream tail; destination record0 entry 0x02 exists,strong_candidate,"C4:8B6A handler for opcode 0x56 stores operand1 to $15D0/$0305, copies old $0305 to $15CF, stores operand2 to $13B8/$13B9, calls 81:837F, and advances three bytes; exact bounded tail ends in compact B0",canonical_rom_sha256=F6A345E2F07F0CBC4EFF7D4FF06AE88A814A98FDF100C7BF7351168C73916A98;tools/python/catalog_map_transition_candidates.py;tools/python/catalog_map_selectors.py;C4:8B6A;C4:8BE2
,,,,0x95,2,0x77,vm_opcode_0x56_terminal,CC:DA1A,,pack=0x95;record=2;entry=0x77,,0x91,0x04,cfg_t08_l092_v2,92,8,2,,,,,,bounded substream tail; destination record0 entry 0x04 exists,strong_candidate,"C4:8B6A handler for opcode 0x56 stores operand1 to $15D0/$0305, copies old $0305 to $15CF, stores operand2 to $13B8/$13B9, calls 81:837F, and advances three bytes; exact bounded tail ends in compact B0",canonical_rom_sha256=F6A345E2F07F0CBC4EFF7D4FF06AE88A814A98FDF100C7BF7351168C73916A98;tools/python/catalog_map_transition_candidates.py;tools/python/catalog_map_selectors.py;C4:8B6A;C4:8BE2
,,,,0x96,1,0x89,vm_opcode_0x56_terminal,CC:DC7A,,pack=0x96;record=1;entry=0x89,,0x96,0x03,cfg_t09_l098_v2,98,9,2,,,,,,bounded substream tail; destination record0 entry 0x03 exists,strong_candidate,"C4:8B6A handler for opcode 0x56 stores operand1 to $15D0/$0305, copies old $0305 to $15CF, stores operand2 to $13B8/$13B9, calls 81:837F, and advances three bytes; exact bounded tail ends in compact B0",canonical_rom_sha256=F6A345E2F07F0CBC4EFF7D4FF06AE88A814A98FDF100C7BF7351168C73916A98;tools/python/catalog_map_transition_candidates.py;tools/python/catalog_map_selectors.py;C4:8B6A;C4:8BE2
,,,,0x96,2,0x77,vm_opcode_0x56_terminal,CC:DC91,,pack=0x96;record=2;entry=0x77,,0x97,0x02,cfg_t09_l097_v2,97,9,2,161,36,161,36,CC:DD08,bounded substream tail; destination record0 entry 0x02 exists; destination entry has aligned 0x58 coordinate setter at CC:DD08,strong_candidate,"C4:8B6A handler for opcode 0x56 stores operand1 to $15D0/$0305, copies old $0305 to $15CF, stores operand2 to $13B8/$13B9, calls 81:837F, and advances three bytes; exact bounded tail ends in compact B0; C4:8BE2 opcode 0x58 writes destination entry operands to $1573/$157D/$15C3/$15C4",canonical_rom_sha256=F6A345E2F07F0CBC4EFF7D4FF06AE88A814A98FDF100C7BF7351168C73916A98;tools/python/catalog_map_transition_candidates.py;tools/python/catalog_map_selectors.py;C4:8B6A;C4:8BE2
,,,,0x96,3,0x79,vm_opcode_0x56_terminal,CC:DCA2,,pack=0x96;record=3;entry=0x79,,0x96,0x04,cfg_t09_l098_v2,98,9,2,,,,,,bounded substream tail; destination record0 entry 0x04 exists,strong_candidate,"C4:8B6A handler for opcode 0x56 stores operand1 to $15D0/$0305, copies old $0305 to $15CF, stores operand2 to $13B8/$13B9, calls 81:837F, and advances three bytes; exact bounded tail ends in compact B0",canonical_rom_sha256=F6A345E2F07F0CBC4EFF7D4FF06AE88A814A98FDF100C7BF7351168C73916A98;tools/python/catalog_map_transition_candidates.py;tools/python/catalog_map_selectors.py;C4:8B6A;C4:8BE2
,,,,0x97,1,0x77,vm_opcode_0x56_terminal,CC:DDBD,,pack=0x97;record=1;entry=0x77,,0x96,0x05,cfg_t09_l098_v2,98,9,2,,,,,,bounded substream tail; destination record0 entry 0x05 exists,strong_candidate,"C4:8B6A handler for opcode 0x56 stores operand1 to $15D0/$0305, copies old $0305 to $15CF, stores operand2 to $13B8/$13B9, calls 81:837F, and advances three bytes; exact bounded tail ends in compact B0",canonical_rom_sha256=F6A345E2F07F0CBC4EFF7D4FF06AE88A814A98FDF100C7BF7351168C73916A98;tools/python/catalog_map_transition_candidates.py;tools/python/catalog_map_selectors.py;C4:8B6A;C4:8BE2
,,,,0x97,2,0x77,vm_opcode_0x56_terminal,CC:DDCA,,pack=0x97;record=2;entry=0x77,,0x97,0x04,cfg_t09_l097_v2,97,9,2,200,14,200,14,CC:DD40,bounded substream tail; destination record0 entry 0x04 exists; destination entry has aligned 0x58 coordinate setter at CC:DD40,strong_candidate,"C4:8B6A handler for opcode 0x56 stores operand1 to $15D0/$0305, copies old $0305 to $15CF, stores operand2 to $13B8/$13B9, calls 81:837F, and advances three bytes; exact bounded tail ends in compact B0; C4:8BE2 opcode 0x58 writes destination entry operands to $1573/$157D/$15C3/$15C4",canonical_rom_sha256=F6A345E2F07F0CBC4EFF7D4FF06AE88A814A98FDF100C7BF7351168C73916A98;tools/python/catalog_map_transition_candidates.py;tools/python/catalog_map_selectors.py;C4:8B6A;C4:8BE2
,,,,0x97,3,0x77,vm_opcode_0x56_terminal,CC:DDD7,,pack=0x97;record=3;entry=0x77,,0x97,0x03,cfg_t09_l097_v2,97,9,2,189,34,189,34,CC:DD24,bounded substream tail; destination record0 entry 0x03 exists; destination entry has aligned 0x58 coordinate setter at CC:DD24,strong_candidate,"C4:8B6A handler for opcode 0x56 stores operand1 to $15D0/$0305, copies old $0305 to $15CF, stores operand2 to $13B8/$13B9, calls 81:837F, and advances three bytes; exact bounded tail ends in compact B0; C4:8BE2 opcode 0x58 writes destination entry operands to $1573/$157D/$15C3/$15C4",canonical_rom_sha256=F6A345E2F07F0CBC4EFF7D4FF06AE88A814A98FDF100C7BF7351168C73916A98;tools/python/catalog_map_transition_candidates.py;tools/python/catalog_map_selectors.py;C4:8B6A;C4:8BE2
,,,,0x97,4,0x77,vm_opcode_0x56_terminal,CC:DDE4,,pack=0x97;record=4;entry=0x77,,0x97,0x06,cfg_t09_l097_v2,97,9,2,207,60,207,60,CC:DD7A,bounded substream tail; destination record0 entry 0x06 exists; destination entry has aligned 0x58 coordinate setter at CC:DD7A,strong_candidate,"C4:8B6A handler for opcode 0x56 stores operand1 to $15D0/$0305, copies old $0305 to $15CF, stores operand2 to $13B8/$13B9, calls 81:837F, and advances three bytes; exact bounded tail ends in compact B0; C4:8BE2 opcode 0x58 writes destination entry operands to $1573/$157D/$15C3/$15C4",canonical_rom_sha256=F6A345E2F07F0CBC4EFF7D4FF06AE88A814A98FDF100C7BF7351168C73916A98;tools/python/catalog_map_transition_candidates.py;tools/python/catalog_map_selectors.py;C4:8B6A;C4:8BE2
,,,,0x97,5,0x77,vm_opcode_0x56_terminal,CC:DDF1,,pack=0x97;record=5;entry=0x77,,0x98,0x02,cfg_t09_l097_v2,97,9,2,241,7,241,7,CC:DF88,bounded substream tail; destination record0 entry 0x02 exists; destination entry has aligned 0x58 coordinate setter at CC:DF88,strong_candidate,"C4:8B6A handler for opcode 0x56 stores operand1 to $15D0/$0305, copies old $0305 to $15CF, stores operand2 to $13B8/$13B9, calls 81:837F, and advances three bytes; exact bounded tail ends in compact B0; C4:8BE2 opcode 0x58 writes destination entry operands to $1573/$157D/$15C3/$15C4",canonical_rom_sha256=F6A345E2F07F0CBC4EFF7D4FF06AE88A814A98FDF100C7BF7351168C73916A98;tools/python/catalog_map_transition_candidates.py;tools/python/catalog_map_selectors.py;C4:8B6A;C4:8BE2
,,,,0x97,6,0x77,vm_opcode_0x56_terminal,CC:DDFE,,pack=0x97;record=6;entry=0x77,,0x97,0x05,cfg_t09_l097_v2,97,9,2,231,14,231,14,CC:DD5D,bounded substream tail; destination record0 entry 0x05 exists; destination entry has aligned 0x58 coordinate setter at CC:DD5D,strong_candidate,"C4:8B6A handler for opcode 0x56 stores operand1 to $15D0/$0305, copies old $0305 to $15CF, stores operand2 to $13B8/$13B9, calls 81:837F, and advances three bytes; exact bounded tail ends in compact B0; C4:8BE2 opcode 0x58 writes destination entry operands to $1573/$157D/$15C3/$15C4",canonical_rom_sha256=F6A345E2F07F0CBC4EFF7D4FF06AE88A814A98FDF100C7BF7351168C73916A98;tools/python/catalog_map_transition_candidates.py;tools/python/catalog_map_selectors.py;C4:8B6A;C4:8BE2
,,,,0x98,1,0x77,vm_opcode_0x56_terminal,CC:E0B1,,pack=0x98;record=1;entry=0x77,,0x98,0x03,cfg_t09_l097_v2,97,9,2,241,25,241,25,CC:DFA2,bounded substream tail; destination record0 entry 0x03 exists; destination entry has aligned 0x58 coordinate setter at CC:DFA2,strong_candidate,"C4:8B6A handler for opcode 0x56 stores operand1 to $15D0/$0305, copies old $0305 to $15CF, stores operand2 to $13B8/$13B9, calls 81:837F, and advances three bytes; exact bounded tail ends in compact B0; C4:8BE2 opcode 0x58 writes destination entry operands to $1573/$157D/$15C3/$15C4",canonical_rom_sha256=F6A345E2F07F0CBC4EFF7D4FF06AE88A814A98FDF100C7BF7351168C73916A98;tools/python/catalog_map_transition_candidates.py;tools/python/catalog_map_selectors.py;C4:8B6A;C4:8BE2
,,,,0x98,2,0x77,vm_opcode_0x56_terminal,CC:E0BE,,pack=0x98;record=2;entry=0x77,,0x98,0x04,cfg_t09_l097_v2,97,9,2,171,24,171,24,CC:DFBC,bounded substream tail; destination record0 entry 0x04 exists; destination entry has aligned 0x58 coordinate setter at CC:DFBC,strong_candidate,"C4:8B6A handler for opcode 0x56 stores operand1 to $15D0/$0305, copies old $0305 to $15CF, stores operand2 to $13B8/$13B9, calls 81:837F, and advances three bytes; exact bounded tail ends in compact B0; C4:8BE2 opcode 0x58 writes destination entry operands to $1573/$157D/$15C3/$15C4",canonical_rom_sha256=F6A345E2F07F0CBC4EFF7D4FF06AE88A814A98FDF100C7BF7351168C73916A98;tools/python/catalog_map_transition_candidates.py;tools/python/catalog_map_selectors.py;C4:8B6A;C4:8BE2
,,,,0x98,3,0x77,vm_opcode_0x56_terminal,CC:E0CB,,pack=0x98;record=3;entry=0x77,,0x98,0x05,cfg_t09_l097_v2,97,9,2,184,12,184,12,CC:DFD6,bounded substream tail; destination record0 entry 0x05 exists; destination entry has aligned 0x58 coordinate setter at CC:DFD6,strong_candidate,"C4:8B6A handler for opcode 0x56 stores operand1 to $15D0/$0305, copies old $0305 to $15CF, stores operand2 to $13B8/$13B9, calls 81:837F, and advances three bytes; exact bounded tail ends in compact B0; C4:8BE2 opcode 0x58 writes destination entry operands to $1573/$157D/$15C3/$15C4",canonical_rom_sha256=F6A345E2F07F0CBC4EFF7D4FF06AE88A814A98FDF100C7BF7351168C73916A98;tools/python/catalog_map_transition_candidates.py;tools/python/catalog_map_selectors.py;C4:8B6A;C4:8BE2
,,,,0x98,4,0x77,vm_opcode_0x56_terminal,CC:E0D8,,pack=0x98;record=4;entry=0x77,,0x98,0x06,cfg_t09_l097_v2,97,9,2,186,25,186,25,CC:DFF0,bounded substream tail; destination record0 entry 0x06 exists; destination entry has aligned 0x58 coordinate setter at CC:DFF0,strong_candidate,"C4:8B6A handler for opcode 0x56 stores operand1 to $15D0/$0305, copies old $0305 to $15CF, stores operand2 to $13B8/$13B9, calls 81:837F, and advances three bytes; exact bounded tail ends in compact B0; C4:8BE2 opcode 0x58 writes destination entry operands to $1573/$157D/$15C3/$15C4",canonical_rom_sha256=F6A345E2F07F0CBC4EFF7D4FF06AE88A814A98FDF100C7BF7351168C73916A98;tools/python/catalog_map_transition_candidates.py;tools/python/catalog_map_selectors.py;C4:8B6A;C4:8BE2
,,,,0x98,6,0x77,vm_opcode_0x56_terminal,CC:E0F2,,pack=0x98;record=6;entry=0x77,,0x98,0x0A,cfg_t09_l097_v2,97,9,2,164,6,164,6,CC:E040,bounded substream tail; destination record0 entry 0x0A exists; destination entry has aligned 0x58 coordinate setter at CC:E040,strong_candidate,"C4:8B6A handler for opcode 0x56 stores operand1 to $15D0/$0305, copies old $0305 to $15CF, stores operand2 to $13B8/$13B9, calls 81:837F, and advances three bytes; exact bounded tail ends in compact B0; C4:8BE2 opcode 0x58 writes destination entry operands to $1573/$157D/$15C3/$15C4",canonical_rom_sha256=F6A345E2F07F0CBC4EFF7D4FF06AE88A814A98FDF100C7BF7351168C73916A98;tools/python/catalog_map_transition_candidates.py;tools/python/catalog_map_selectors.py;C4:8B6A;C4:8BE2
,,,,0x98,7,0x77,vm_opcode_0x56_terminal,CC:E0FF,,pack=0x98;record=7;entry=0x77,,0x98,0x0B,cfg_t09_l097_v2,97,9,2,164,22,164,22,CC:E05A,bounded substream tail; destination record0 entry 0x0B exists; destination entry has aligned 0x58 coordinate setter at CC:E05A,strong_candidate,"C4:8B6A handler for opcode 0x56 stores operand1 to $15D0/$0305, copies old $0305 to $15CF, stores operand2 to $13B8/$13B9, calls 81:837F, and advances three bytes; exact bounded tail ends in compact B0; C4:8BE2 opcode 0x58 writes destination entry operands to $1573/$157D/$15C3/$15C4",canonical_rom_sha256=F6A345E2F07F0CBC4EFF7D4FF06AE88A814A98FDF100C7BF7351168C73916A98;tools/python/catalog_map_transition_candidates.py;tools/python/catalog_map_selectors.py;C4:8B6A;C4:8BE2
,,,,0x98,8,0x77,vm_opcode_0x56_terminal,CC:E10C,,pack=0x98;record=8;entry=0x77,,0x98,0x0C,cfg_t09_l097_v2,97,9,2,253,21,253,21,CC:E074,bounded substream tail; destination record0 entry 0x0C exists; destination entry has aligned 0x58 coordinate setter at CC:E074,strong_candidate,"C4:8B6A handler for opcode 0x56 stores operand1 to $15D0/$0305, copies old $0305 to $15CF, stores operand2 to $13B8/$13B9, calls 81:837F, and advances three bytes; exact bounded tail ends in compact B0; C4:8BE2 opcode 0x58 writes destination entry operands to $1573/$157D/$15C3/$15C4",canonical_rom_sha256=F6A345E2F07F0CBC4EFF7D4FF06AE88A814A98FDF100C7BF7351168C73916A98;tools/python/catalog_map_transition_candidates.py;tools/python/catalog_map_selectors.py;C4:8B6A;C4:8BE2
,,,,0x98,9,0x77,vm_opcode_0x56_terminal,CC:E119,,pack=0x98;record=9;entry=0x77,,0x98,0x0D,cfg_t09_l097_v2,97,9,2,253,7,253,7,CC:E08E,bounded substream tail; destination record0 entry 0x0D exists; destination entry has aligned 0x58 coordinate setter at CC:E08E,strong_candidate,"C4:8B6A handler for opcode 0x56 stores operand1 to $15D0/$0305, copies old $0305 to $15CF, stores operand2 to $13B8/$13B9, calls 81:837F, and advances three bytes; exact bounded tail ends in compact B0; C4:8BE2 opcode 0x58 writes destination entry operands to $1573/$157D/$15C3/$15C4",canonical_rom_sha256=F6A345E2F07F0CBC4EFF7D4FF06AE88A814A98FDF100C7BF7351168C73916A98;tools/python/catalog_map_transition_candidates.py;tools/python/catalog_map_selectors.py;C4:8B6A;C4:8BE2
,,,,0x98,10,0x77,vm_opcode_0x56_terminal,CC:E126,,pack=0x98;record=10;entry=0x77,,0x97,0x07,cfg_t09_l097_v2,97,9,2,216,44,216,44,CC:DD97,bounded substream tail; destination record0 entry 0x07 exists; destination entry has aligned 0x58 coordinate setter at CC:DD97,strong_candidate,"C4:8B6A handler for opcode 0x56 stores operand1 to $15D0/$0305, copies old $0305 to $15CF, stores operand2 to $13B8/$13B9, calls 81:837F, and advances three bytes; exact bounded tail ends in compact B0; C4:8BE2 opcode 0x58 writes destination entry operands to $1573/$157D/$15C3/$15C4",canonical_rom_sha256=F6A345E2F07F0CBC4EFF7D4FF06AE88A814A98FDF100C7BF7351168C73916A98;tools/python/catalog_map_transition_candidates.py;tools/python/catalog_map_selectors.py;C4:8B6A;C4:8BE2
,,,,0x99,1,0x79,vm_opcode_0x56_terminal,CC:E330,,pack=0x99;record=1;entry=0x79,,0x61,0x03,cfg_t07_l036_v2,36,7,2,3,5,3,5,CC:40F3,bounded substream tail; destination record0 entry 0x03 exists; destination entry has aligned 0x58 coordinate setter at CC:40F3,strong_candidate,"C4:8B6A handler for opcode 0x56 stores operand1 to $15D0/$0305, copies old $0305 to $15CF, stores operand2 to $13B8/$13B9, calls 81:837F, and advances three bytes; exact bounded tail ends in compact B0; C4:8BE2 opcode 0x58 writes destination entry operands to $1573/$157D/$15C3/$15C4",canonical_rom_sha256=F6A345E2F07F0CBC4EFF7D4FF06AE88A814A98FDF100C7BF7351168C73916A98;tools/python/catalog_map_transition_candidates.py;tools/python/catalog_map_selectors.py;C4:8B6A;C4:8BE2
,,,,0x99,2,0x77,vm_opcode_0x56_terminal,CC:E349,,pack=0x99;record=2;entry=0x77,,0x99,0x04,cfg_t21_l119_v2,119,21,2,,,,,,bounded substream tail; destination record0 entry 0x04 exists,strong_candidate,"C4:8B6A handler for opcode 0x56 stores operand1 to $15D0/$0305, copies old $0305 to $15CF, stores operand2 to $13B8/$13B9, calls 81:837F, and advances three bytes; exact bounded tail ends in compact B0",canonical_rom_sha256=F6A345E2F07F0CBC4EFF7D4FF06AE88A814A98FDF100C7BF7351168C73916A98;tools/python/catalog_map_transition_candidates.py;tools/python/catalog_map_selectors.py;C4:8B6A;C4:8BE2
,,,,0x99,3,0x79,vm_opcode_0x56_terminal,CC:E363,,pack=0x99;record=3;entry=0x79,,0x99,0x03,cfg_t21_l119_v2,119,21,2,,,,,,bounded substream tail; destination record0 entry 0x03 exists,strong_candidate,"C4:8B6A handler for opcode 0x56 stores operand1 to $15D0/$0305, copies old $0305 to $15CF, stores operand2 to $13B8/$13B9, calls 81:837F, and advances three bytes; exact bounded tail ends in compact B0",canonical_rom_sha256=F6A345E2F07F0CBC4EFF7D4FF06AE88A814A98FDF100C7BF7351168C73916A98;tools/python/catalog_map_transition_candidates.py;tools/python/catalog_map_selectors.py;C4:8B6A;C4:8BE2
,,,,0x99,4,0x77,vm_opcode_0x56_terminal,CC:E373,,pack=0x99;record=4;entry=0x77,,0x99,0x06,cfg_t21_l119_v2,119,21,2,,,,,,bounded substream tail; destination record0 entry 0x06 exists,strong_candidate,"C4:8B6A handler for opcode 0x56 stores operand1 to $15D0/$0305, copies old $0305 to $15CF, stores operand2 to $13B8/$13B9, calls 81:837F, and advances three bytes; exact bounded tail ends in compact B0",canonical_rom_sha256=F6A345E2F07F0CBC4EFF7D4FF06AE88A814A98FDF100C7BF7351168C73916A98;tools/python/catalog_map_transition_candidates.py;tools/python/catalog_map_selectors.py;C4:8B6A;C4:8BE2
,,,,0x99,5,0x79,vm_opcode_0x56_terminal,CC:E38D,,pack=0x99;record=5;entry=0x79,,0x99,0x05,cfg_t21_l119_v2,119,21,2,,,,,,bounded substream tail; destination record0 entry 0x05 exists,strong_candidate,"C4:8B6A handler for opcode 0x56 stores operand1 to $15D0/$0305, copies old $0305 to $15CF, stores operand2 to $13B8/$13B9, calls 81:837F, and advances three bytes; exact bounded tail ends in compact B0",canonical_rom_sha256=F6A345E2F07F0CBC4EFF7D4FF06AE88A814A98FDF100C7BF7351168C73916A98;tools/python/catalog_map_transition_candidates.py;tools/python/catalog_map_selectors.py;C4:8B6A;C4:8BE2
,,,,0x99,6,0x77,vm_opcode_0x56_terminal,CC:E39D,,pack=0x99;record=6;entry=0x77,,0x99,0x0A,cfg_t21_l119_v2,119,21,2,,,,,,bounded substream tail; destination record0 entry 0x0A exists,strong_candidate,"C4:8B6A handler for opcode 0x56 stores operand1 to $15D0/$0305, copies old $0305 to $15CF, stores operand2 to $13B8/$13B9, calls 81:837F, and advances three bytes; exact bounded tail ends in compact B0",canonical_rom_sha256=F6A345E2F07F0CBC4EFF7D4FF06AE88A814A98FDF100C7BF7351168C73916A98;tools/python/catalog_map_transition_candidates.py;tools/python/catalog_map_selectors.py;C4:8B6A;C4:8BE2
,,,,0x99,6,0x2D,vm_opcode_0x56_terminal,CC:E3A9,,pack=0x99;record=6;entry=0x2D,,0x99,0x07,cfg_t21_l119_v2,119,21,2,,,,,,bounded substream tail; destination record0 entry 0x07 exists,strong_candidate,"C4:8B6A handler for opcode 0x56 stores operand1 to $15D0/$0305, copies old $0305 to $15CF, stores operand2 to $13B8/$13B9, calls 81:837F, and advances three bytes; exact bounded tail ends in compact B0",canonical_rom_sha256=F6A345E2F07F0CBC4EFF7D4FF06AE88A814A98FDF100C7BF7351168C73916A98;tools/python/catalog_map_transition_candidates.py;tools/python/catalog_map_selectors.py;C4:8B6A;C4:8BE2
,,,,0x99,7,0x79,vm_opcode_0x56_terminal,CC:E3BA,,pack=0x99;record=7;entry=0x79,,0x61,0x04,cfg_t07_l036_v2,36,7,2,11,2,11,2,CC:40FC,bounded substream tail; destination record0 entry 0x04 exists; destination entry has aligned 0x58 coordinate setter at CC:40FC,strong_candidate,"C4:8B6A handler for opcode 0x56 stores operand1 to $15D0/$0305, copies old $0305 to $15CF, stores operand2 to $13B8/$13B9, calls 81:837F, and advances three bytes; exact bounded tail ends in compact B0; C4:8BE2 opcode 0x58 writes destination entry operands to $1573/$157D/$15C3/$15C4",canonical_rom_sha256=F6A345E2F07F0CBC4EFF7D4FF06AE88A814A98FDF100C7BF7351168C73916A98;tools/python/catalog_map_transition_candidates.py;tools/python/catalog_map_selectors.py;C4:8B6A;C4:8BE2
,,,,0x99,9,0x7E,vm_opcode_0x56_terminal,CC:E414,,pack=0x99;record=9;entry=0x7E,,0x99,0x08,cfg_t21_l119_v2,119,21,2,,,,,,bounded substream tail; destination record0 entry 0x08 exists,strong_candidate,"C4:8B6A handler for opcode 0x56 stores operand1 to $15D0/$0305, copies old $0305 to $15CF, stores operand2 to $13B8/$13B9, calls 81:837F, and advances three bytes; exact bounded tail ends in compact B0",canonical_rom_sha256=F6A345E2F07F0CBC4EFF7D4FF06AE88A814A98FDF100C7BF7351168C73916A98;tools/python/catalog_map_transition_candidates.py;tools/python/catalog_map_selectors.py;C4:8B6A;C4:8BE2
,,,,0x9A,2,0x77,vm_opcode_0x56_terminal,CC:E991,,pack=0x9A;record=2;entry=0x77,,0x9A,0x05,cfg_t22_l121_v2,121,22,2,,,,,,bounded substream tail; destination record0 entry 0x05 exists,strong_candidate,"C4:8B6A handler for opcode 0x56 stores operand1 to $15D0/$0305, copies old $0305 to $15CF, stores operand2 to $13B8/$13B9, calls 81:837F, and advances three bytes; exact bounded tail ends in compact B0",canonical_rom_sha256=F6A345E2F07F0CBC4EFF7D4FF06AE88A814A98FDF100C7BF7351168C73916A98;tools/python/catalog_map_transition_candidates.py;tools/python/catalog_map_selectors.py;C4:8B6A;C4:8BE2
,,,,0x9A,3,0x77,vm_opcode_0x56_terminal,CC:E9A0,,pack=0x9A;record=3;entry=0x77,,0x9A,0x04,cfg_t22_l121_v2,121,22,2,,,,,,bounded substream tail; destination record0 entry 0x04 exists,strong_candidate,"C4:8B6A handler for opcode 0x56 stores operand1 to $15D0/$0305, copies old $0305 to $15CF, stores operand2 to $13B8/$13B9, calls 81:837F, and advances three bytes; exact bounded tail ends in compact B0",canonical_rom_sha256=F6A345E2F07F0CBC4EFF7D4FF06AE88A814A98FDF100C7BF7351168C73916A98;tools/python/catalog_map_transition_candidates.py;tools/python/catalog_map_selectors.py;C4:8B6A;C4:8BE2
,,,,0x9A,4,0x77,vm_opcode_0x56_terminal,CC:E9AD,,pack=0x9A;record=4;entry=0x77,,0x9A,0x0E,cfg_t22_l121_v2,121,22,2,,,,,,bounded substream tail; destination record0 entry 0x0E exists,strong_candidate,"C4:8B6A handler for opcode 0x56 stores operand1 to $15D0/$0305, copies old $0305 to $15CF, stores operand2 to $13B8/$13B9, calls 81:837F, and advances three bytes; exact bounded tail ends in compact B0",canonical_rom_sha256=F6A345E2F07F0CBC4EFF7D4FF06AE88A814A98FDF100C7BF7351168C73916A98;tools/python/catalog_map_transition_candidates.py;tools/python/catalog_map_selectors.py;C4:8B6A;C4:8BE2
,,,,0x9A,5,0x77,vm_opcode_0x56_terminal,CC:E9BA,,pack=0x9A;record=5;entry=0x77,,0x9A,0x0B,cfg_t22_l121_v2,121,22,2,,,,,,bounded substream tail; destination record0 entry 0x0B exists,strong_candidate,"C4:8B6A handler for opcode 0x56 stores operand1 to $15D0/$0305, copies old $0305 to $15CF, stores operand2 to $13B8/$13B9, calls 81:837F, and advances three bytes; exact bounded tail ends in compact B0",canonical_rom_sha256=F6A345E2F07F0CBC4EFF7D4FF06AE88A814A98FDF100C7BF7351168C73916A98;tools/python/catalog_map_transition_candidates.py;tools/python/catalog_map_selectors.py;C4:8B6A;C4:8BE2
,,,,0x9A,6,0x77,vm_opcode_0x56_terminal,CC:E9C9,,pack=0x9A;record=6;entry=0x77,,0x9A,0x0F,cfg_t22_l121_v2,121,22,2,,,,,,bounded substream tail; destination record0 entry 0x0F exists,strong_candidate,"C4:8B6A handler for opcode 0x56 stores operand1 to $15D0/$0305, copies old $0305 to $15CF, stores operand2 to $13B8/$13B9, calls 81:837F, and advances three bytes; exact bounded tail ends in compact B0",canonical_rom_sha256=F6A345E2F07F0CBC4EFF7D4FF06AE88A814A98FDF100C7BF7351168C73916A98;tools/python/catalog_map_transition_candidates.py;tools/python/catalog_map_selectors.py;C4:8B6A;C4:8BE2
,,,,0x9A,7,0x77,vm_opcode_0x56_terminal,CC:E9D8,,pack=0x9A;record=7;entry=0x77,,0x9A,0x0C,cfg_t22_l121_v2,121,22,2,,,,,,bounded substream tail; destination record0 entry 0x0C exists,strong_candidate,"C4:8B6A handler for opcode 0x56 stores operand1 to $15D0/$0305, copies old $0305 to $15CF, stores operand2 to $13B8/$13B9, calls 81:837F, and advances three bytes; exact bounded tail ends in compact B0",canonical_rom_sha256=F6A345E2F07F0CBC4EFF7D4FF06AE88A814A98FDF100C7BF7351168C73916A98;tools/python/catalog_map_transition_candidates.py;tools/python/catalog_map_selectors.py;C4:8B6A;C4:8BE2
,,,,0x9A,8,0x77,vm_opcode_0x56_terminal,CC:E9E5,,pack=0x9A;record=8;entry=0x77,,0x9A,0x10,cfg_t22_l121_v2,121,22,2,,,,,,bounded substream tail; destination record0 entry 0x10 exists,strong_candidate,"C4:8B6A handler for opcode 0x56 stores operand1 to $15D0/$0305, copies old $0305 to $15CF, stores operand2 to $13B8/$13B9, calls 81:837F, and advances three bytes; exact bounded tail ends in compact B0",canonical_rom_sha256=F6A345E2F07F0CBC4EFF7D4FF06AE88A814A98FDF100C7BF7351168C73916A98;tools/python/catalog_map_transition_candidates.py;tools/python/catalog_map_selectors.py;C4:8B6A;C4:8BE2
,,,,0x9A,9,0x77,vm_opcode_0x56_terminal,CC:E9F2,,pack=0x9A;record=9;entry=0x77,,0x9A,0x0D,cfg_t22_l121_v2,121,22,2,,,,,,bounded substream tail; destination record0 entry 0x0D exists,strong_candidate,"C4:8B6A handler for opcode 0x56 stores operand1 to $15D0/$0305, copies old $0305 to $15CF, stores operand2 to $13B8/$13B9, calls 81:837F, and advances three bytes; exact bounded tail ends in compact B0",canonical_rom_sha256=F6A345E2F07F0CBC4EFF7D4FF06AE88A814A98FDF100C7BF7351168C73916A98;tools/python/catalog_map_transition_candidates.py;tools/python/catalog_map_selectors.py;C4:8B6A;C4:8BE2
,,,,0x9A,10,0x77,vm_opcode_0x56_terminal,CC:E9FF,,pack=0x9A;record=10;entry=0x77,,0x9B,0x02,cfg_t22_l121_v2,121,22,2,,,,,,bounded substream tail; destination record0 entry 0x02 exists,strong_candidate,"C4:8B6A handler for opcode 0x56 stores operand1 to $15D0/$0305, copies old $0305 to $15CF, stores operand2 to $13B8/$13B9, calls 81:837F, and advances three bytes; exact bounded tail ends in compact B0",canonical_rom_sha256=F6A345E2F07F0CBC4EFF7D4FF06AE88A814A98FDF100C7BF7351168C73916A98;tools/python/catalog_map_transition_candidates.py;tools/python/catalog_map_selectors.py;C4:8B6A;C4:8BE2
,,,,0x9A,46,0x26,vm_opcode_0x56_terminal,CC:EC91,,pack=0x9A;record=46;entry=0x26,,0x9A,0x06,cfg_t22_l121_v2,121,22,2,,,,,,bounded substream tail; destination record0 entry 0x06 exists,strong_candidate,"C4:8B6A handler for opcode 0x56 stores operand1 to $15D0/$0305, copies old $0305 to $15CF, stores operand2 to $13B8/$13B9, calls 81:837F, and advances three bytes; exact bounded tail ends in compact B0",canonical_rom_sha256=F6A345E2F07F0CBC4EFF7D4FF06AE88A814A98FDF100C7BF7351168C73916A98;tools/python/catalog_map_transition_candidates.py;tools/python/catalog_map_selectors.py;C4:8B6A;C4:8BE2
,,,,0x9A,54,0x2A,vm_opcode_0x56_terminal,CC:ED91,,pack=0x9A;record=54;entry=0x2A,,0x9A,0x03,cfg_t22_l121_v2,121,22,2,,,,,,bounded substream tail; destination record0 entry 0x03 exists,strong_candidate,"C4:8B6A handler for opcode 0x56 stores operand1 to $15D0/$0305, copies old $0305 to $15CF, stores operand2 to $13B8/$13B9, calls 81:837F, and advances three bytes; exact bounded tail ends in compact B0",canonical_rom_sha256=F6A345E2F07F0CBC4EFF7D4FF06AE88A814A98FDF100C7BF7351168C73916A98;tools/python/catalog_map_transition_candidates.py;tools/python/catalog_map_selectors.py;C4:8B6A;C4:8BE2
,,,,0x9A,54,0x7B,vm_opcode_0x56_terminal,CC:EDA8,,pack=0x9A;record=54;entry=0x7B,,0x9A,0x08,cfg_t22_l121_v2,121,22,2,,,,,,bounded substream tail; destination record0 entry 0x08 exists,strong_candidate,"C4:8B6A handler for opcode 0x56 stores operand1 to $15D0/$0305, copies old $0305 to $15CF, stores operand2 to $13B8/$13B9, calls 81:837F, and advances three bytes; exact bounded tail ends in compact B0",canonical_rom_sha256=F6A345E2F07F0CBC4EFF7D4FF06AE88A814A98FDF100C7BF7351168C73916A98;tools/python/catalog_map_transition_candidates.py;tools/python/catalog_map_selectors.py;C4:8B6A;C4:8BE2
,,,,0x9A,58,0x2B,vm_opcode_0x56_terminal,CC:EE08,,pack=0x9A;record=58;entry=0x2B,,0x9A,0x0A,cfg_t22_l121_v2,121,22,2,,,,,,bounded substream tail; destination record0 entry 0x0A exists,strong_candidate,"C4:8B6A handler for opcode 0x56 stores operand1 to $15D0/$0305, copies old $0305 to $15CF, stores operand2 to $13B8/$13B9, calls 81:837F, and advances three bytes; exact bounded tail ends in compact B0",canonical_rom_sha256=F6A345E2F07F0CBC4EFF7D4FF06AE88A814A98FDF100C7BF7351168C73916A98;tools/python/catalog_map_transition_candidates.py;tools/python/catalog_map_selectors.py;C4:8B6A;C4:8BE2
,,,,0x9A,58,0x2C,vm_opcode_0x56_terminal,CC:EE16,,pack=0x9A;record=58;entry=0x2C,,0x9A,0x07,cfg_t22_l121_v2,121,22,2,,,,,,bounded substream tail; destination record0 entry 0x07 exists,strong_candidate,"C4:8B6A handler for opcode 0x56 stores operand1 to $15D0/$0305, copies old $0305 to $15CF, stores operand2 to $13B8/$13B9, calls 81:837F, and advances three bytes; exact bounded tail ends in compact B0",canonical_rom_sha256=F6A345E2F07F0CBC4EFF7D4FF06AE88A814A98FDF100C7BF7351168C73916A98;tools/python/catalog_map_transition_candidates.py;tools/python/catalog_map_selectors.py;C4:8B6A;C4:8BE2
,,,,0x9A,61,0x7B,vm_opcode_0x56_terminal,CC:EE7D,,pack=0x9A;record=61;entry=0x7B,,0x9A,0x09,cfg_t22_l121_v2,121,22,2,,,,,,bounded substream tail; destination record0 entry 0x09 exists,strong_candidate,"C4:8B6A handler for opcode 0x56 stores operand1 to $15D0/$0305, copies old $0305 to $15CF, stores operand2 to $13B8/$13B9, calls 81:837F, and advances three bytes; exact bounded tail ends in compact B0",canonical_rom_sha256=F6A345E2F07F0CBC4EFF7D4FF06AE88A814A98FDF100C7BF7351168C73916A98;tools/python/catalog_map_transition_candidates.py;tools/python/catalog_map_selectors.py;C4:8B6A;C4:8BE2
,,,,0x9B,1,0x77,vm_opcode_0x56_terminal,CC:F0B1,,pack=0x9B;record=1;entry=0x77,,0x9A,0x11,cfg_t22_l121_v2,121,22,2,,,,,,bounded substream tail; destination record0 entry 0x11 exists,strong_candidate,"C4:8B6A handler for opcode 0x56 stores operand1 to $15D0/$0305, copies old $0305 to $15CF, stores operand2 to $13B8/$13B9, calls 81:837F, and advances three bytes; exact bounded tail ends in compact B0",canonical_rom_sha256=F6A345E2F07F0CBC4EFF7D4FF06AE88A814A98FDF100C7BF7351168C73916A98;tools/python/catalog_map_transition_candidates.py;tools/python/catalog_map_selectors.py;C4:8B6A;C4:8BE2
,,,,0x9B,2,0x77,vm_opcode_0x56_terminal,CC:F0C0,,pack=0x9B;record=2;entry=0x77,,0x9C,0x02,cfg_t22_l121_v2,121,22,2,,,,,,bounded substream tail; destination record0 entry 0x02 exists,strong_candidate,"C4:8B6A handler for opcode 0x56 stores operand1 to $15D0/$0305, copies old $0305 to $15CF, stores operand2 to $13B8/$13B9, calls 81:837F, and advances three bytes; exact bounded tail ends in compact B0",canonical_rom_sha256=F6A345E2F07F0CBC4EFF7D4FF06AE88A814A98FDF100C7BF7351168C73916A98;tools/python/catalog_map_transition_candidates.py;tools/python/catalog_map_selectors.py;C4:8B6A;C4:8BE2
,,,,0x9B,3,0x77,vm_opcode_0x56_terminal,CC:F0CF,,pack=0x9B;record=3;entry=0x77,,0x9B,0x03,cfg_t22_l121_v2,121,22,2,,,,,,bounded substream tail; destination record0 entry 0x03 exists,strong_candidate,"C4:8B6A handler for opcode 0x56 stores operand1 to $15D0/$0305, copies old $0305 to $15CF, stores operand2 to $13B8/$13B9, calls 81:837F, and advances three bytes; exact bounded tail ends in compact B0",canonical_rom_sha256=F6A345E2F07F0CBC4EFF7D4FF06AE88A814A98FDF100C7BF7351168C73916A98;tools/python/catalog_map_transition_candidates.py;tools/python/catalog_map_selectors.py;C4:8B6A;C4:8BE2
,,,,0x9B,4,0x77,vm_opcode_0x56_terminal,CC:F0DC,,pack=0x9B;record=4;entry=0x77,,0x9B,0x06,cfg_t22_l121_v2,121,22,2,,,,,,bounded substream tail; destination record0 entry 0x06 exists,strong_candidate,"C4:8B6A handler for opcode 0x56 stores operand1 to $15D0/$0305, copies old $0305 to $15CF, stores operand2 to $13B8/$13B9, calls 81:837F, and advances three bytes; exact bounded tail ends in compact B0",canonical_rom_sha256=F6A345E2F07F0CBC4EFF7D4FF06AE88A814A98FDF100C7BF7351168C73916A98;tools/python/catalog_map_transition_candidates.py;tools/python/catalog_map_selectors.py;C4:8B6A;C4:8BE2
,,,,0x9B,5,0x77,vm_opcode_0x56_terminal,CC:F0EB,,pack=0x9B;record=5;entry=0x77,,0x9B,0x04,cfg_t22_l121_v2,121,22,2,,,,,,bounded substream tail; destination record0 entry 0x04 exists,strong_candidate,"C4:8B6A handler for opcode 0x56 stores operand1 to $15D0/$0305, copies old $0305 to $15CF, stores operand2 to $13B8/$13B9, calls 81:837F, and advances three bytes; exact bounded tail ends in compact B0",canonical_rom_sha256=F6A345E2F07F0CBC4EFF7D4FF06AE88A814A98FDF100C7BF7351168C73916A98;tools/python/catalog_map_transition_candidates.py;tools/python/catalog_map_selectors.py;C4:8B6A;C4:8BE2
,,,,0x9B,6,0x77,vm_opcode_0x56_terminal,CC:F102,,pack=0x9B;record=6;entry=0x77,,0x9B,0x08,cfg_t22_l121_v2,121,22,2,,,,,,bounded substream tail; destination record0 entry 0x08 exists,strong_candidate,"C4:8B6A handler for opcode 0x56 stores operand1 to $15D0/$0305, copies old $0305 to $15CF, stores operand2 to $13B8/$13B9, calls 81:837F, and advances three bytes; exact bounded tail ends in compact B0",canonical_rom_sha256=F6A345E2F07F0CBC4EFF7D4FF06AE88A814A98FDF100C7BF7351168C73916A98;tools/python/catalog_map_transition_candidates.py;tools/python/catalog_map_selectors.py;C4:8B6A;C4:8BE2
,,,,0x9B,7,0x77,vm_opcode_0x56_terminal,CC:F111,,pack=0x9B;record=7;entry=0x77,,0x9B,0x07,cfg_t22_l121_v2,121,22,2,,,,,,bounded substream tail; destination record0 entry 0x07 exists,strong_candidate,"C4:8B6A handler for opcode 0x56 stores operand1 to $15D0/$0305, copies old $0305 to $15CF, stores operand2 to $13B8/$13B9, calls 81:837F, and advances three bytes; exact bounded tail ends in compact B0",canonical_rom_sha256=F6A345E2F07F0CBC4EFF7D4FF06AE88A814A98FDF100C7BF7351168C73916A98;tools/python/catalog_map_transition_candidates.py;tools/python/catalog_map_selectors.py;C4:8B6A;C4:8BE2
,,,,0x9B,32,0x7B,vm_opcode_0x56_terminal,CC:F4F9,F9B-L021,pack=0x9B;record=32;entry=0x7B,0x19->C9:AF65;0x28->C9:B237,0x69,0x02,cfg_t07_l015_v2,15,7,2,,,,,,bounded substream tail; destination record0 entry 0x02 exists,strong_candidate,"C4:8B6A handler for opcode 0x56 stores operand1 to $15D0/$0305, copies old $0305 to $15CF, stores operand2 to $13B8/$13B9, calls 81:837F, and advances three bytes; exact bounded tail ends in compact B0",canonical_rom_sha256=F6A345E2F07F0CBC4EFF7D4FF06AE88A814A98FDF100C7BF7351168C73916A98;tools/python/catalog_map_transition_candidates.py;tools/python/catalog_map_selectors.py;C4:8B6A;C4:8BE2;data/events/event_record_frame_catalog.csv;data/events/event_source_crosslink.csv
,,,,0x9C,1,0x77,vm_opcode_0x56_terminal,CC:F9C7,,pack=0x9C;record=1;entry=0x77,,0x9B,0x03,cfg_t22_l121_v2,121,22,2,,,,,,bounded substream tail; destination record0 entry 0x03 exists,strong_candidate,"C4:8B6A handler for opcode 0x56 stores operand1 to $15D0/$0305, copies old $0305 to $15CF, stores operand2 to $13B8/$13B9, calls 81:837F, and advances three bytes; exact bounded tail ends in compact B0",canonical_rom_sha256=F6A345E2F07F0CBC4EFF7D4FF06AE88A814A98FDF100C7BF7351168C73916A98;tools/python/catalog_map_transition_candidates.py;tools/python/catalog_map_selectors.py;C4:8B6A;C4:8BE2
,,,,0x9D,2,0x77,vm_opcode_0x56_terminal,CC:FC95,,pack=0x9D;record=2;entry=0x77,,0x9D,0x04,cfg_t42_l163_v1,163,42,1,,,,,,bounded substream tail; destination record0 entry 0x04 exists,strong_candidate,"C4:8B6A handler for opcode 0x56 stores operand1 to $15D0/$0305, copies old $0305 to $15CF, stores operand2 to $13B8/$13B9, calls 81:837F, and advances three bytes; exact bounded tail ends in compact B0",canonical_rom_sha256=F6A345E2F07F0CBC4EFF7D4FF06AE88A814A98FDF100C7BF7351168C73916A98;tools/python/catalog_map_transition_candidates.py;tools/python/catalog_map_selectors.py;C4:8B6A;C4:8BE2
,,,,0x9D,3,0x77,vm_opcode_0x56_terminal,CC:FCA5,,pack=0x9D;record=3;entry=0x77,,0x9D,0x03,cfg_t42_l163_v1,163,42,1,,,,,,bounded substream tail; destination record0 entry 0x03 exists,strong_candidate,"C4:8B6A handler for opcode 0x56 stores operand1 to $15D0/$0305, copies old $0305 to $15CF, stores operand2 to $13B8/$13B9, calls 81:837F, and advances three bytes; exact bounded tail ends in compact B0",canonical_rom_sha256=F6A345E2F07F0CBC4EFF7D4FF06AE88A814A98FDF100C7BF7351168C73916A98;tools/python/catalog_map_transition_candidates.py;tools/python/catalog_map_selectors.py;C4:8B6A;C4:8BE2
,,,,0x9D,3,0x28,vm_opcode_0x56_terminal,CC:FCB5,,pack=0x9D;record=3;entry=0x28,,0x9D,0x06,cfg_t42_l163_v1,163,42,1,,,,,,bounded substream tail; destination record0 entry 0x06 exists,strong_candidate,"C4:8B6A handler for opcode 0x56 stores operand1 to $15D0/$0305, copies old $0305 to $15CF, stores operand2 to $13B8/$13B9, calls 81:837F, and advances three bytes; exact bounded tail ends in compact B0",canonical_rom_sha256=F6A345E2F07F0CBC4EFF7D4FF06AE88A814A98FDF100C7BF7351168C73916A98;tools/python/catalog_map_transition_candidates.py;tools/python/catalog_map_selectors.py;C4:8B6A;C4:8BE2
,,,,0x9D,4,0x7B,vm_opcode_0x56_terminal,CC:FE2B,,pack=0x9D;record=4;entry=0x7B,,0x9D,0x05,cfg_t42_l163_v1,163,42,1,,,,,,bounded substream tail; destination record0 entry 0x05 exists,strong_candidate,"C4:8B6A handler for opcode 0x56 stores operand1 to $15D0/$0305, copies old $0305 to $15CF, stores operand2 to $13B8/$13B9, calls 81:837F, and advances three bytes; exact bounded tail ends in compact B0",canonical_rom_sha256=F6A345E2F07F0CBC4EFF7D4FF06AE88A814A98FDF100C7BF7351168C73916A98;tools/python/catalog_map_transition_candidates.py;tools/python/catalog_map_selectors.py;C4:8B6A;C4:8BE2
,,,,0x9E,2,0x77,vm_opcode_0x56_terminal,CD:00B7,,pack=0x9E;record=2;entry=0x77,,0x9E,0x04,cfg_t24_l125_v2,125,24,2,,,,,,bounded substream tail; destination record0 entry 0x04 exists,strong_candidate,"C4:8B6A handler for opcode 0x56 stores operand1 to $15D0/$0305, copies old $0305 to $15CF, stores operand2 to $13B8/$13B9, calls 81:837F, and advances three bytes; exact bounded tail ends in compact B0",canonical_rom_sha256=F6A345E2F07F0CBC4EFF7D4FF06AE88A814A98FDF100C7BF7351168C73916A98;tools/python/catalog_map_transition_candidates.py;tools/python/catalog_map_selectors.py;C4:8B6A;C4:8BE2
,,,,0x9E,3,0x77,vm_opcode_0x56_terminal,CD:00C4,,pack=0x9E;record=3;entry=0x77,,0x9E,0x03,cfg_t24_l125_v2,125,24,2,,,,,,bounded substream tail; destination record0 entry 0x03 exists,strong_candidate,"C4:8B6A handler for opcode 0x56 stores operand1 to $15D0/$0305, copies old $0305 to $15CF, stores operand2 to $13B8/$13B9, calls 81:837F, and advances three bytes; exact bounded tail ends in compact B0",canonical_rom_sha256=F6A345E2F07F0CBC4EFF7D4FF06AE88A814A98FDF100C7BF7351168C73916A98;tools/python/catalog_map_transition_candidates.py;tools/python/catalog_map_selectors.py;C4:8B6A;C4:8BE2
,,,,0x9E,4,0x77,vm_opcode_0x56_terminal,CD:00D1,,pack=0x9E;record=4;entry=0x77,,0x9F,0x02,cfg_t24_l125_v2,125,24,2,56,13,56,13,CD:022A,bounded substream tail; destination record0 entry 0x02 exists; destination entry has aligned 0x58 coordinate setter at CD:022A,strong_candidate,"C4:8B6A handler for opcode 0x56 stores operand1 to $15D0/$0305, copies old $0305 to $15CF, stores operand2 to $13B8/$13B9, calls 81:837F, and advances three bytes; exact bounded tail ends in compact B0; C4:8BE2 opcode 0x58 writes destination entry operands to $1573/$157D/$15C3/$15C4",canonical_rom_sha256=F6A345E2F07F0CBC4EFF7D4FF06AE88A814A98FDF100C7BF7351168C73916A98;tools/python/catalog_map_transition_candidates.py;tools/python/catalog_map_selectors.py;C4:8B6A;C4:8BE2
,,,,0x9E,5,0x77,vm_opcode_0x56_terminal,CD:00DE,,pack=0x9E;record=5;entry=0x77,,0x9F,0x03,cfg_t24_l125_v2,125,24,2,56,7,56,7,CD:0233,bounded substream tail; destination record0 entry 0x03 exists; destination entry has aligned 0x58 coordinate setter at CD:0233,strong_candidate,"C4:8B6A handler for opcode 0x56 stores operand1 to $15D0/$0305, copies old $0305 to $15CF, stores operand2 to $13B8/$13B9, calls 81:837F, and advances three bytes; exact bounded tail ends in compact B0; C4:8BE2 opcode 0x58 writes destination entry operands to $1573/$157D/$15C3/$15C4",canonical_rom_sha256=F6A345E2F07F0CBC4EFF7D4FF06AE88A814A98FDF100C7BF7351168C73916A98;tools/python/catalog_map_transition_candidates.py;tools/python/catalog_map_selectors.py;C4:8B6A;C4:8BE2
,,,,0x9E,6,0x77,vm_opcode_0x56_terminal,CD:00EB,,pack=0x9E;record=6;entry=0x77,,0xA0,0x02,cfg_t24_l125_v2,125,24,2,55,30,55,30,CD:0611,bounded substream tail; destination record0 entry 0x02 exists; destination entry has aligned 0x58 coordinate setter at CD:0611,strong_candidate,"C4:8B6A handler for opcode 0x56 stores operand1 to $15D0/$0305, copies old $0305 to $15CF, stores operand2 to $13B8/$13B9, calls 81:837F, and advances three bytes; exact bounded tail ends in compact B0; C4:8BE2 opcode 0x58 writes destination entry operands to $1573/$157D/$15C3/$15C4",canonical_rom_sha256=F6A345E2F07F0CBC4EFF7D4FF06AE88A814A98FDF100C7BF7351168C73916A98;tools/python/catalog_map_transition_candidates.py;tools/python/catalog_map_selectors.py;C4:8B6A;C4:8BE2
,,,,0x9F,1,0x77,vm_opcode_0x56_terminal,CD:0261,,pack=0x9F;record=1;entry=0x77,,0x9E,0x05,cfg_t24_l125_v2,125,24,2,,,,,,bounded substream tail; destination record0 entry 0x05 exists,strong_candidate,"C4:8B6A handler for opcode 0x56 stores operand1 to $15D0/$0305, copies old $0305 to $15CF, stores operand2 to $13B8/$13B9, calls 81:837F, and advances three bytes; exact bounded tail ends in compact B0",canonical_rom_sha256=F6A345E2F07F0CBC4EFF7D4FF06AE88A814A98FDF100C7BF7351168C73916A98;tools/python/catalog_map_transition_candidates.py;tools/python/catalog_map_selectors.py;C4:8B6A;C4:8BE2
,,,,0x9F,2,0x77,vm_opcode_0x56_terminal,CD:026E,,pack=0x9F;record=2;entry=0x77,,0x9E,0x06,cfg_t24_l125_v2,125,24,2,,,,,,bounded substream tail; destination record0 entry 0x06 exists,strong_candidate,"C4:8B6A handler for opcode 0x56 stores operand1 to $15D0/$0305, copies old $0305 to $15CF, stores operand2 to $13B8/$13B9, calls 81:837F, and advances three bytes; exact bounded tail ends in compact B0",canonical_rom_sha256=F6A345E2F07F0CBC4EFF7D4FF06AE88A814A98FDF100C7BF7351168C73916A98;tools/python/catalog_map_transition_candidates.py;tools/python/catalog_map_selectors.py;C4:8B6A;C4:8BE2
,,,,0xA0,1,0x77,vm_opcode_0x56_terminal,CD:064C,,pack=0xA0;record=1;entry=0x77,,0x9E,0x07,cfg_t24_l125_v2,125,24,2,,,,,,bounded substream tail; destination record0 entry 0x07 exists,strong_candidate,"C4:8B6A handler for opcode 0x56 stores operand1 to $15D0/$0305, copies old $0305 to $15CF, stores operand2 to $13B8/$13B9, calls 81:837F, and advances three bytes; exact bounded tail ends in compact B0",canonical_rom_sha256=F6A345E2F07F0CBC4EFF7D4FF06AE88A814A98FDF100C7BF7351168C73916A98;tools/python/catalog_map_transition_candidates.py;tools/python/catalog_map_selectors.py;C4:8B6A;C4:8BE2
,,,,0xA0,2,0x77,vm_opcode_0x56_terminal,CD:0661,,pack=0xA0;record=2;entry=0x77,,0xA1,0x02,cfg_t24_l125_v2,125,24,2,112,23,112,23,CD:070F,bounded substream tail; destination record0 entry 0x02 exists; destination entry has aligned 0x58 coordinate setter at CD:070F,strong_candidate,"C4:8B6A handler for opcode 0x56 stores operand1 to $15D0/$0305, copies old $0305 to $15CF, stores operand2 to $13B8/$13B9, calls 81:837F, and advances three bytes; exact bounded tail ends in compact B0; C4:8BE2 opcode 0x58 writes destination entry operands to $1573/$157D/$15C3/$15C4",canonical_rom_sha256=F6A345E2F07F0CBC4EFF7D4FF06AE88A814A98FDF100C7BF7351168C73916A98;tools/python/catalog_map_transition_candidates.py;tools/python/catalog_map_selectors.py;C4:8B6A;C4:8BE2
,,,,0xA1,1,0x77,vm_opcode_0x56_terminal,CD:0756,,pack=0xA1;record=1;entry=0x77,,0xA0,0x03,cfg_t24_l125_v2,125,24,2,58,21,58,21,CD:061A,bounded substream tail; destination record0 entry 0x03 exists; destination entry has aligned 0x58 coordinate setter at CD:061A,strong_candidate,"C4:8B6A handler for opcode 0x56 stores operand1 to $15D0/$0305, copies old $0305 to $15CF, stores operand2 to $13B8/$13B9, calls 81:837F, and advances three bytes; exact bounded tail ends in compact B0; C4:8BE2 opcode 0x58 writes destination entry operands to $1573/$157D/$15C3/$15C4",canonical_rom_sha256=F6A345E2F07F0CBC4EFF7D4FF06AE88A814A98FDF100C7BF7351168C73916A98;tools/python/catalog_map_transition_candidates.py;tools/python/catalog_map_selectors.py;C4:8B6A;C4:8BE2
,,,,0xA2,1,0x77,vm_opcode_0x56_terminal,CD:0BDA,,pack=0xA2;record=1;entry=0x77,,0xA1,0x03,cfg_t24_l125_v2,125,24,2,118,16,118,16,CD:0718,bounded substream tail; destination record0 entry 0x03 exists; destination entry has aligned 0x58 coordinate setter at CD:0718,strong_candidate,"C4:8B6A handler for opcode 0x56 stores operand1 to $15D0/$0305, copies old $0305 to $15CF, stores operand2 to $13B8/$13B9, calls 81:837F, and advances three bytes; exact bounded tail ends in compact B0; C4:8BE2 opcode 0x58 writes destination entry operands to $1573/$157D/$15C3/$15C4",canonical_rom_sha256=F6A345E2F07F0CBC4EFF7D4FF06AE88A814A98FDF100C7BF7351168C73916A98;tools/python/catalog_map_transition_candidates.py;tools/python/catalog_map_selectors.py;C4:8B6A;C4:8BE2
,,,,0xA2,2,0x77,vm_opcode_0x56_terminal,CD:0BE7,,pack=0xA2;record=2;entry=0x77,,0xA3,0x02,cfg_t24_l125_v2,125,24,2,,,,,,bounded substream tail; destination record0 entry 0x02 exists,strong_candidate,"C4:8B6A handler for opcode 0x56 stores operand1 to $15D0/$0305, copies old $0305 to $15CF, stores operand2 to $13B8/$13B9, calls 81:837F, and advances three bytes; exact bounded tail ends in compact B0",canonical_rom_sha256=F6A345E2F07F0CBC4EFF7D4FF06AE88A814A98FDF100C7BF7351168C73916A98;tools/python/catalog_map_transition_candidates.py;tools/python/catalog_map_selectors.py;C4:8B6A;C4:8BE2
,,,,0xA3,1,0x77,vm_opcode_0x56_terminal,CD:0DD2,,pack=0xA3;record=1;entry=0x77,,0xA2,0x03,cfg_t24_l125_v2,125,24,2,142,3,142,3,CD:0BAC,bounded substream tail; destination record0 entry 0x03 exists; destination entry has aligned 0x58 coordinate setter at CD:0BAC,strong_candidate,"C4:8B6A handler for opcode 0x56 stores operand1 to $15D0/$0305, copies old $0305 to $15CF, stores operand2 to $13B8/$13B9, calls 81:837F, and advances three bytes; exact bounded tail ends in compact B0; C4:8BE2 opcode 0x58 writes destination entry operands to $1573/$157D/$15C3/$15C4",canonical_rom_sha256=F6A345E2F07F0CBC4EFF7D4FF06AE88A814A98FDF100C7BF7351168C73916A98;tools/python/catalog_map_transition_candidates.py;tools/python/catalog_map_selectors.py;C4:8B6A;C4:8BE2
,,,,0xA3,2,0x77,vm_opcode_0x56_terminal,CD:0DE7,,pack=0xA3;record=2;entry=0x77,,0xA4,0x02,cfg_t24_l127_v2,127,24,2,40,88,40,88,CD:102B,bounded substream tail; destination record0 entry 0x02 exists; destination entry has aligned 0x58 coordinate setter at CD:102B,strong_candidate,"C4:8B6A handler for opcode 0x56 stores operand1 to $15D0/$0305, copies old $0305 to $15CF, stores operand2 to $13B8/$13B9, calls 81:837F, and advances three bytes; exact bounded tail ends in compact B0; C4:8BE2 opcode 0x58 writes destination entry operands to $1573/$157D/$15C3/$15C4",canonical_rom_sha256=F6A345E2F07F0CBC4EFF7D4FF06AE88A814A98FDF100C7BF7351168C73916A98;tools/python/catalog_map_transition_candidates.py;tools/python/catalog_map_selectors.py;C4:8B6A;C4:8BE2
,,,,0xA4,1,0x77,vm_opcode_0x56_terminal,CD:10A8,,pack=0xA4;record=1;entry=0x77,,0xA3,0x03,cfg_t24_l125_v2,125,24,2,176,37,176,37,CD:0D8A,bounded substream tail; destination record0 entry 0x03 exists; destination entry has aligned 0x58 coordinate setter at CD:0D8A,strong_candidate,"C4:8B6A handler for opcode 0x56 stores operand1 to $15D0/$0305, copies old $0305 to $15CF, stores operand2 to $13B8/$13B9, calls 81:837F, and advances three bytes; exact bounded tail ends in compact B0; C4:8BE2 opcode 0x58 writes destination entry operands to $1573/$157D/$15C3/$15C4",canonical_rom_sha256=F6A345E2F07F0CBC4EFF7D4FF06AE88A814A98FDF100C7BF7351168C73916A98;tools/python/catalog_map_transition_candidates.py;tools/python/catalog_map_selectors.py;C4:8B6A;C4:8BE2
,,,,0xA4,22,0x77,vm_opcode_0x56_terminal,CD:1429,,pack=0xA4;record=22;entry=0x77,,0xA5,0x02,cfg_t24_l125_v2,125,24,2,207,20,207,20,CD:14C9,bounded substream tail; destination record0 entry 0x02 exists; destination entry has aligned 0x58 coordinate setter at CD:14C9,strong_candidate,"C4:8B6A handler for opcode 0x56 stores operand1 to $15D0/$0305, copies old $0305 to $15CF, stores operand2 to $13B8/$13B9, calls 81:837F, and advances three bytes; exact bounded tail ends in compact B0; C4:8BE2 opcode 0x58 writes destination entry operands to $1573/$157D/$15C3/$15C4",canonical_rom_sha256=F6A345E2F07F0CBC4EFF7D4FF06AE88A814A98FDF100C7BF7351168C73916A98;tools/python/catalog_map_transition_candidates.py;tools/python/catalog_map_selectors.py;C4:8B6A;C4:8BE2
,,,,0xA5,1,0x77,vm_opcode_0x56_terminal,CD:1500,,pack=0xA5;record=1;entry=0x77,,0xA4,0x03,cfg_t24_l127_v2,127,24,2,40,56,40,56,CD:1034,bounded substream tail; destination record0 entry 0x03 exists; destination entry has aligned 0x58 coordinate setter at CD:1034,strong_candidate,"C4:8B6A handler for opcode 0x56 stores operand1 to $15D0/$0305, copies old $0305 to $15CF, stores operand2 to $13B8/$13B9, calls 81:837F, and advances three bytes; exact bounded tail ends in compact B0; C4:8BE2 opcode 0x58 writes destination entry operands to $1573/$157D/$15C3/$15C4",canonical_rom_sha256=F6A345E2F07F0CBC4EFF7D4FF06AE88A814A98FDF100C7BF7351168C73916A98;tools/python/catalog_map_transition_candidates.py;tools/python/catalog_map_selectors.py;C4:8B6A;C4:8BE2
,,,,0xA5,2,0x77,vm_opcode_0x56_terminal,CD:150D,,pack=0xA5;record=2;entry=0x77,,0xA6,0x0E,,,,,185,16,185,16,CD:184B,bounded substream tail; destination record0 entry 0x0E exists; destination entry has aligned 0x58 coordinate setter at CD:184B,strong_candidate,"C4:8B6A handler for opcode 0x56 stores operand1 to $15D0/$0305, copies old $0305 to $15CF, stores operand2 to $13B8/$13B9, calls 81:837F, and advances three bytes; exact bounded tail ends in compact B0; C4:8BE2 opcode 0x58 writes destination entry operands to $1573/$157D/$15C3/$15C4",canonical_rom_sha256=F6A345E2F07F0CBC4EFF7D4FF06AE88A814A98FDF100C7BF7351168C73916A98;tools/python/catalog_map_transition_candidates.py;tools/python/catalog_map_selectors.py;C4:8B6A;C4:8BE2
,,,,0xA6,1,0x77,vm_opcode_0x56_terminal,CD:1894,,pack=0xA6;record=1;entry=0x77,,0xA7,0x06,cfg_t23_l123_v1,123,23,1,,,,,,bounded substream tail; destination record0 entry 0x06 exists,strong_candidate,"C4:8B6A handler for opcode 0x56 stores operand1 to $15D0/$0305, copies old $0305 to $15CF, stores operand2 to $13B8/$13B9, calls 81:837F, and advances three bytes; exact bounded tail ends in compact B0",canonical_rom_sha256=F6A345E2F07F0CBC4EFF7D4FF06AE88A814A98FDF100C7BF7351168C73916A98;tools/python/catalog_map_transition_candidates.py;tools/python/catalog_map_selectors.py;C4:8B6A;C4:8BE2
,,,,0xA6,2,0x77,vm_opcode_0x56_terminal,CD:18A1,,pack=0xA6;record=2;entry=0x77,,0xA7,0x07,cfg_t23_l123_v1,123,23,1,,,,,,bounded substream tail; destination record0 entry 0x07 exists,strong_candidate,"C4:8B6A handler for opcode 0x56 stores operand1 to $15D0/$0305, copies old $0305 to $15CF, stores operand2 to $13B8/$13B9, calls 81:837F, and advances three bytes; exact bounded tail ends in compact B0",canonical_rom_sha256=F6A345E2F07F0CBC4EFF7D4FF06AE88A814A98FDF100C7BF7351168C73916A98;tools/python/catalog_map_transition_candidates.py;tools/python/catalog_map_selectors.py;C4:8B6A;C4:8BE2
,,,,0xA6,3,0x77,vm_opcode_0x56_terminal,CD:18AE,,pack=0xA6;record=3;entry=0x77,,0xA7,0x0B,cfg_t23_l123_v1,123,23,1,,,,,,bounded substream tail; destination record0 entry 0x0B exists,strong_candidate,"C4:8B6A handler for opcode 0x56 stores operand1 to $15D0/$0305, copies old $0305 to $15CF, stores operand2 to $13B8/$13B9, calls 81:837F, and advances three bytes; exact bounded tail ends in compact B0",canonical_rom_sha256=F6A345E2F07F0CBC4EFF7D4FF06AE88A814A98FDF100C7BF7351168C73916A98;tools/python/catalog_map_transition_candidates.py;tools/python/catalog_map_selectors.py;C4:8B6A;C4:8BE2
,,,,0xA6,4,0x77,vm_opcode_0x56_terminal,CD:18BB,,pack=0xA6;record=4;entry=0x77,,0xA7,0x0F,cfg_t23_l123_v1,123,23,1,,,,,,bounded substream tail; destination record0 entry 0x0F exists,strong_candidate,"C4:8B6A handler for opcode 0x56 stores operand1 to $15D0/$0305, copies old $0305 to $15CF, stores operand2 to $13B8/$13B9, calls 81:837F, and advances three bytes; exact bounded tail ends in compact B0",canonical_rom_sha256=F6A345E2F07F0CBC4EFF7D4FF06AE88A814A98FDF100C7BF7351168C73916A98;tools/python/catalog_map_transition_candidates.py;tools/python/catalog_map_selectors.py;C4:8B6A;C4:8BE2
,,,,0xA6,5,0x77,vm_opcode_0x56_terminal,CD:18C8,,pack=0xA6;record=5;entry=0x77,,0xA7,0x10,cfg_t23_l123_v1,123,23,1,,,,,,bounded substream tail; destination record0 entry 0x10 exists,strong_candidate,"C4:8B6A handler for opcode 0x56 stores operand1 to $15D0/$0305, copies old $0305 to $15CF, stores operand2 to $13B8/$13B9, calls 81:837F, and advances three bytes; exact bounded tail ends in compact B0",canonical_rom_sha256=F6A345E2F07F0CBC4EFF7D4FF06AE88A814A98FDF100C7BF7351168C73916A98;tools/python/catalog_map_transition_candidates.py;tools/python/catalog_map_selectors.py;C4:8B6A;C4:8BE2
,,,,0xA6,6,0x77,vm_opcode_0x56_terminal,CD:18D5,,pack=0xA6;record=6;entry=0x77,,0xA7,0x15,cfg_t23_l123_v1,123,23,1,,,,,,bounded substream tail; destination record0 entry 0x15 exists,strong_candidate,"C4:8B6A handler for opcode 0x56 stores operand1 to $15D0/$0305, copies old $0305 to $15CF, stores operand2 to $13B8/$13B9, calls 81:837F, and advances three bytes; exact bounded tail ends in compact B0",canonical_rom_sha256=F6A345E2F07F0CBC4EFF7D4FF06AE88A814A98FDF100C7BF7351168C73916A98;tools/python/catalog_map_transition_candidates.py;tools/python/catalog_map_selectors.py;C4:8B6A;C4:8BE2
,,,,0xA6,7,0x77,vm_opcode_0x56_terminal,CD:18E2,,pack=0xA6;record=7;entry=0x77,,0xA8,0x04,cfg_t23_l123_v1,123,23,1,,,,,,bounded substream tail; destination record0 entry 0x04 exists,strong_candidate,"C4:8B6A handler for opcode 0x56 stores operand1 to $15D0/$0305, copies old $0305 to $15CF, stores operand2 to $13B8/$13B9, calls 81:837F, and advances three bytes; exact bounded tail ends in compact B0",canonical_rom_sha256=F6A345E2F07F0CBC4EFF7D4FF06AE88A814A98FDF100C7BF7351168C73916A98;tools/python/catalog_map_transition_candidates.py;tools/python/catalog_map_selectors.py;C4:8B6A;C4:8BE2
,,,,0xA6,8,0x77,vm_opcode_0x56_terminal,CD:18EF,,pack=0xA6;record=8;entry=0x77,,0xA8,0x05,cfg_t23_l123_v1,123,23,1,,,,,,bounded substream tail; destination record0 entry 0x05 exists,strong_candidate,"C4:8B6A handler for opcode 0x56 stores operand1 to $15D0/$0305, copies old $0305 to $15CF, stores operand2 to $13B8/$13B9, calls 81:837F, and advances three bytes; exact bounded tail ends in compact B0",canonical_rom_sha256=F6A345E2F07F0CBC4EFF7D4FF06AE88A814A98FDF100C7BF7351168C73916A98;tools/python/catalog_map_transition_candidates.py;tools/python/catalog_map_selectors.py;C4:8B6A;C4:8BE2
,,,,0xA6,9,0x77,vm_opcode_0x56_terminal,CD:18FC,,pack=0xA6;record=9;entry=0x77,,0xA8,0x06,cfg_t23_l123_v1,123,23,1,,,,,,bounded substream tail; destination record0 entry 0x06 exists,strong_candidate,"C4:8B6A handler for opcode 0x56 stores operand1 to $15D0/$0305, copies old $0305 to $15CF, stores operand2 to $13B8/$13B9, calls 81:837F, and advances three bytes; exact bounded tail ends in compact B0",canonical_rom_sha256=F6A345E2F07F0CBC4EFF7D4FF06AE88A814A98FDF100C7BF7351168C73916A98;tools/python/catalog_map_transition_candidates.py;tools/python/catalog_map_selectors.py;C4:8B6A;C4:8BE2
,,,,0xA6,10,0x77,vm_opcode_0x56_terminal,CD:1909,,pack=0xA6;record=10;entry=0x77,,0xA8,0x09,cfg_t23_l123_v1,123,23,1,,,,,,bounded substream tail; destination record0 entry 0x09 exists,strong_candidate,"C4:8B6A handler for opcode 0x56 stores operand1 to $15D0/$0305, copies old $0305 to $15CF, stores operand2 to $13B8/$13B9, calls 81:837F, and advances three bytes; exact bounded tail ends in compact B0",canonical_rom_sha256=F6A345E2F07F0CBC4EFF7D4FF06AE88A814A98FDF100C7BF7351168C73916A98;tools/python/catalog_map_transition_candidates.py;tools/python/catalog_map_selectors.py;C4:8B6A;C4:8BE2
,,,,0xA6,11,0x77,vm_opcode_0x56_terminal,CD:1916,,pack=0xA6;record=11;entry=0x77,,0xA8,0x0A,cfg_t23_l123_v1,123,23,1,,,,,,bounded substream tail; destination record0 entry 0x0A exists,strong_candidate,"C4:8B6A handler for opcode 0x56 stores operand1 to $15D0/$0305, copies old $0305 to $15CF, stores operand2 to $13B8/$13B9, calls 81:837F, and advances three bytes; exact bounded tail ends in compact B0",canonical_rom_sha256=F6A345E2F07F0CBC4EFF7D4FF06AE88A814A98FDF100C7BF7351168C73916A98;tools/python/catalog_map_transition_candidates.py;tools/python/catalog_map_selectors.py;C4:8B6A;C4:8BE2
,,,,0xA6,12,0x77,vm_opcode_0x56_terminal,CD:1923,,pack=0xA6;record=12;entry=0x77,,0xA5,0x03,cfg_t24_l125_v2,125,24,2,207,6,207,6,CD:14D2,bounded substream tail; destination record0 entry 0x03 exists; destination entry has aligned 0x58 coordinate setter at CD:14D2,strong_candidate,"C4:8B6A handler for opcode 0x56 stores operand1 to $15D0/$0305, copies old $0305 to $15CF, stores operand2 to $13B8/$13B9, calls 81:837F, and advances three bytes; exact bounded tail ends in compact B0; C4:8BE2 opcode 0x58 writes destination entry operands to $1573/$157D/$15C3/$15C4",canonical_rom_sha256=F6A345E2F07F0CBC4EFF7D4FF06AE88A814A98FDF100C7BF7351168C73916A98;tools/python/catalog_map_transition_candidates.py;tools/python/catalog_map_selectors.py;C4:8B6A;C4:8BE2
,,,,0xA6,13,0x77,vm_opcode_0x56_terminal,CD:1930,,pack=0xA6;record=13;entry=0x77,,0xA7,0x02,cfg_t23_l123_v1,123,23,1,,,,,,bounded substream tail; destination record0 entry 0x02 exists,strong_candidate,"C4:8B6A handler for opcode 0x56 stores operand1 to $15D0/$0305, copies old $0305 to $15CF, stores operand2 to $13B8/$13B9, calls 81:837F, and advances three bytes; exact bounded tail ends in compact B0",canonical_rom_sha256=F6A345E2F07F0CBC4EFF7D4FF06AE88A814A98FDF100C7BF7351168C73916A98;tools/python/catalog_map_transition_candidates.py;tools/python/catalog_map_selectors.py;C4:8B6A;C4:8BE2
,,,,0xA7,1,0x77,vm_opcode_0x56_terminal,CD:1C06,,pack=0xA7;record=1;entry=0x77,,0xA6,0x0F,,,,,197,14,197,14,CD:1854,bounded substream tail; destination record0 entry 0x0F exists; destination entry has aligned 0x58 coordinate setter at CD:1854,strong_candidate,"C4:8B6A handler for opcode 0x56 stores operand1 to $15D0/$0305, copies old $0305 to $15CF, stores operand2 to $13B8/$13B9, calls 81:837F, and advances three bytes; exact bounded tail ends in compact B0; C4:8BE2 opcode 0x58 writes destination entry operands to $1573/$157D/$15C3/$15C4",canonical_rom_sha256=F6A345E2F07F0CBC4EFF7D4FF06AE88A814A98FDF100C7BF7351168C73916A98;tools/python/catalog_map_transition_candidates.py;tools/python/catalog_map_selectors.py;C4:8B6A;C4:8BE2
,,,,0xA7,2,0x77,vm_opcode_0x56_terminal,CD:1C13,,pack=0xA7;record=2;entry=0x77,,0xA7,0x04,cfg_t23_l123_v1,123,23,1,,,,,,bounded substream tail; destination record0 entry 0x04 exists,strong_candidate,"C4:8B6A handler for opcode 0x56 stores operand1 to $15D0/$0305, copies old $0305 to $15CF, stores operand2 to $13B8/$13B9, calls 81:837F, and advances three bytes; exact bounded tail ends in compact B0",canonical_rom_sha256=F6A345E2F07F0CBC4EFF7D4FF06AE88A814A98FDF100C7BF7351168C73916A98;tools/python/catalog_map_transition_candidates.py;tools/python/catalog_map_selectors.py;C4:8B6A;C4:8BE2
,,,,0xA7,3,0x77,vm_opcode_0x56_terminal,CD:1C20,,pack=0xA7;record=3;entry=0x77,,0xA7,0x03,cfg_t23_l123_v1,123,23,1,,,,,,bounded substream tail; destination record0 entry 0x03 exists,strong_candidate,"C4:8B6A handler for opcode 0x56 stores operand1 to $15D0/$0305, copies old $0305 to $15CF, stores operand2 to $13B8/$13B9, calls 81:837F, and advances three bytes; exact bounded tail ends in compact B0",canonical_rom_sha256=F6A345E2F07F0CBC4EFF7D4FF06AE88A814A98FDF100C7BF7351168C73916A98;tools/python/catalog_map_transition_candidates.py;tools/python/catalog_map_selectors.py;C4:8B6A;C4:8BE2
,,,,0xA7,4,0x77,vm_opcode_0x56_terminal,CD:1C2D,,pack=0xA7;record=4;entry=0x77,,0xA7,0x08,cfg_t23_l123_v1,123,23,1,,,,,,bounded substream tail; destination record0 entry 0x08 exists,strong_candidate,"C4:8B6A handler for opcode 0x56 stores operand1 to $15D0/$0305, copies old $0305 to $15CF, stores operand2 to $13B8/$13B9, calls 81:837F, and advances three bytes; exact bounded tail ends in compact B0",canonical_rom_sha256=F6A345E2F07F0CBC4EFF7D4FF06AE88A814A98FDF100C7BF7351168C73916A98;tools/python/catalog_map_transition_candidates.py;tools/python/catalog_map_selectors.py;C4:8B6A;C4:8BE2
,,,,0xA7,5,0x77,vm_opcode_0x56_terminal,CD:1C3A,,pack=0xA7;record=5;entry=0x77,,0xA6,0x02,,,,,14,9,14,9,CD:17DF,bounded substream tail; destination record0 entry 0x02 exists; destination entry has aligned 0x58 coordinate setter at CD:17DF,strong_candidate,"C4:8B6A handler for opcode 0x56 stores operand1 to $15D0/$0305, copies old $0305 to $15CF, stores operand2 to $13B8/$13B9, calls 81:837F, and advances three bytes; exact bounded tail ends in compact B0; C4:8BE2 opcode 0x58 writes destination entry operands to $1573/$157D/$15C3/$15C4",canonical_rom_sha256=F6A345E2F07F0CBC4EFF7D4FF06AE88A814A98FDF100C7BF7351168C73916A98;tools/python/catalog_map_transition_candidates.py;tools/python/catalog_map_selectors.py;C4:8B6A;C4:8BE2
,,,,0xA7,6,0x77,vm_opcode_0x56_terminal,CD:1C47,,pack=0xA7;record=6;entry=0x77,,0xA6,0x03,,,,,21,9,21,9,CD:17E8,bounded substream tail; destination record0 entry 0x03 exists; destination entry has aligned 0x58 coordinate setter at CD:17E8,strong_candidate,"C4:8B6A handler for opcode 0x56 stores operand1 to $15D0/$0305, copies old $0305 to $15CF, stores operand2 to $13B8/$13B9, calls 81:837F, and advances three bytes; exact bounded tail ends in compact B0; C4:8BE2 opcode 0x58 writes destination entry operands to $1573/$157D/$15C3/$15C4",canonical_rom_sha256=F6A345E2F07F0CBC4EFF7D4FF06AE88A814A98FDF100C7BF7351168C73916A98;tools/python/catalog_map_transition_candidates.py;tools/python/catalog_map_selectors.py;C4:8B6A;C4:8BE2
,,,,0xA7,7,0x77,vm_opcode_0x56_terminal,CD:1C54,,pack=0xA7;record=7;entry=0x77,,0xA7,0x05,cfg_t23_l123_v1,123,23,1,,,,,,bounded substream tail; destination record0 entry 0x05 exists,strong_candidate,"C4:8B6A handler for opcode 0x56 stores operand1 to $15D0/$0305, copies old $0305 to $15CF, stores operand2 to $13B8/$13B9, calls 81:837F, and advances three bytes; exact bounded tail ends in compact B0",canonical_rom_sha256=F6A345E2F07F0CBC4EFF7D4FF06AE88A814A98FDF100C7BF7351168C73916A98;tools/python/catalog_map_transition_candidates.py;tools/python/catalog_map_selectors.py;C4:8B6A;C4:8BE2
,,,,0xA7,8,0x77,vm_opcode_0x56_terminal,CD:1C61,,pack=0xA7;record=8;entry=0x77,,0xA7,0x0D,cfg_t23_l123_v1,123,23,1,,,,,,bounded substream tail; destination record0 entry 0x0D exists,strong_candidate,"C4:8B6A handler for opcode 0x56 stores operand1 to $15D0/$0305, copies old $0305 to $15CF, stores operand2 to $13B8/$13B9, calls 81:837F, and advances three bytes; exact bounded tail ends in compact B0",canonical_rom_sha256=F6A345E2F07F0CBC4EFF7D4FF06AE88A814A98FDF100C7BF7351168C73916A98;tools/python/catalog_map_transition_candidates.py;tools/python/catalog_map_selectors.py;C4:8B6A;C4:8BE2
,,,,0xA7,9,0x77,vm_opcode_0x56_terminal,CD:1C6E,,pack=0xA7;record=9;entry=0x77,,0xA7,0x0E,cfg_t23_l123_v1,123,23,1,,,,,,bounded substream tail; destination record0 entry 0x0E exists,strong_candidate,"C4:8B6A handler for opcode 0x56 stores operand1 to $15D0/$0305, copies old $0305 to $15CF, stores operand2 to $13B8/$13B9, calls 81:837F, and advances three bytes; exact bounded tail ends in compact B0",canonical_rom_sha256=F6A345E2F07F0CBC4EFF7D4FF06AE88A814A98FDF100C7BF7351168C73916A98;tools/python/catalog_map_transition_candidates.py;tools/python/catalog_map_selectors.py;C4:8B6A;C4:8BE2
,,,,0xA7,10,0x77,vm_opcode_0x56_terminal,CD:1C7B,,pack=0xA7;record=10;entry=0x77,,0xA6,0x04,,,,,14,14,14,14,CD:17F1,bounded substream tail; destination record0 entry 0x04 exists; destination entry has aligned 0x58 coordinate setter at CD:17F1,strong_candidate,"C4:8B6A handler for opcode 0x56 stores operand1 to $15D0/$0305, copies old $0305 to $15CF, stores operand2 to $13B8/$13B9, calls 81:837F, and advances three bytes; exact bounded tail ends in compact B0; C4:8BE2 opcode 0x58 writes destination entry operands to $1573/$157D/$15C3/$15C4",canonical_rom_sha256=F6A345E2F07F0CBC4EFF7D4FF06AE88A814A98FDF100C7BF7351168C73916A98;tools/python/catalog_map_transition_candidates.py;tools/python/catalog_map_selectors.py;C4:8B6A;C4:8BE2
,,,,0xA7,11,0x89,vm_opcode_0x56_terminal,CD:1C88,,pack=0xA7;record=11;entry=0x89,,0xA7,0x12,cfg_t23_l123_v1,123,23,1,,,,,,bounded substream tail; destination record0 entry 0x12 exists,strong_candidate,"C4:8B6A handler for opcode 0x56 stores operand1 to $15D0/$0305, copies old $0305 to $15CF, stores operand2 to $13B8/$13B9, calls 81:837F, and advances three bytes; exact bounded tail ends in compact B0",canonical_rom_sha256=F6A345E2F07F0CBC4EFF7D4FF06AE88A814A98FDF100C7BF7351168C73916A98;tools/python/catalog_map_transition_candidates.py;tools/python/catalog_map_selectors.py;C4:8B6A;C4:8BE2
,,,,0xA7,12,0x89,vm_opcode_0x56_terminal,CD:1C95,,pack=0xA7;record=12;entry=0x89,,0xA7,0x11,cfg_t23_l123_v1,123,23,1,,,,,,bounded substream tail; destination record0 entry 0x11 exists,strong_candidate,"C4:8B6A handler for opcode 0x56 stores operand1 to $15D0/$0305, copies old $0305 to $15CF, stores operand2 to $13B8/$13B9, calls 81:837F, and advances three bytes; exact bounded tail ends in compact B0",canonical_rom_sha256=F6A345E2F07F0CBC4EFF7D4FF06AE88A814A98FDF100C7BF7351168C73916A98;tools/python/catalog_map_transition_candidates.py;tools/python/catalog_map_selectors.py;C4:8B6A;C4:8BE2
,,,,0xA7,13,0x77,vm_opcode_0x56_terminal,CD:1CA2,,pack=0xA7;record=13;entry=0x77,,0xA7,0x13,cfg_t23_l123_v1,123,23,1,,,,,,bounded substream tail; destination record0 entry 0x13 exists,strong_candidate,"C4:8B6A handler for opcode 0x56 stores operand1 to $15D0/$0305, copies old $0305 to $15CF, stores operand2 to $13B8/$13B9, calls 81:837F, and advances three bytes; exact bounded tail ends in compact B0",canonical_rom_sha256=F6A345E2F07F0CBC4EFF7D4FF06AE88A814A98FDF100C7BF7351168C73916A98;tools/python/catalog_map_transition_candidates.py;tools/python/catalog_map_selectors.py;C4:8B6A;C4:8BE2
,,,,0xA7,14,0x77,vm_opcode_0x56_terminal,CD:1CAF,,pack=0xA7;record=14;entry=0x77,,0xA7,0x09,cfg_t23_l123_v1,123,23,1,,,,,,bounded substream tail; destination record0 entry 0x09 exists,strong_candidate,"C4:8B6A handler for opcode 0x56 stores operand1 to $15D0/$0305, copies old $0305 to $15CF, stores operand2 to $13B8/$13B9, calls 81:837F, and advances three bytes; exact bounded tail ends in compact B0",canonical_rom_sha256=F6A345E2F07F0CBC4EFF7D4FF06AE88A814A98FDF100C7BF7351168C73916A98;tools/python/catalog_map_transition_candidates.py;tools/python/catalog_map_selectors.py;C4:8B6A;C4:8BE2
,,,,0xA7,15,0x77,vm_opcode_0x56_terminal,CD:1CBC,,pack=0xA7;record=15;entry=0x77,,0xA7,0x0A,cfg_t23_l123_v1,123,23,1,,,,,,bounded substream tail; destination record0 entry 0x0A exists,strong_candidate,"C4:8B6A handler for opcode 0x56 stores operand1 to $15D0/$0305, copies old $0305 to $15CF, stores operand2 to $13B8/$13B9, calls 81:837F, and advances three bytes; exact bounded tail ends in compact B0",canonical_rom_sha256=F6A345E2F07F0CBC4EFF7D4FF06AE88A814A98FDF100C7BF7351168C73916A98;tools/python/catalog_map_transition_candidates.py;tools/python/catalog_map_selectors.py;C4:8B6A;C4:8BE2
,,,,0xA7,16,0x77,vm_opcode_0x56_terminal,CD:1CC9,,pack=0xA7;record=16;entry=0x77,,0xA6,0x05,,,,,15,19,15,19,CD:17FA,bounded substream tail; destination record0 entry 0x05 exists; destination entry has aligned 0x58 coordinate setter at CD:17FA,strong_candidate,"C4:8B6A handler for opcode 0x56 stores operand1 to $15D0/$0305, copies old $0305 to $15CF, stores operand2 to $13B8/$13B9, calls 81:837F, and advances three bytes; exact bounded tail ends in compact B0; C4:8BE2 opcode 0x58 writes destination entry operands to $1573/$157D/$15C3/$15C4",canonical_rom_sha256=F6A345E2F07F0CBC4EFF7D4FF06AE88A814A98FDF100C7BF7351168C73916A98;tools/python/catalog_map_transition_candidates.py;tools/python/catalog_map_selectors.py;C4:8B6A;C4:8BE2
,,,,0xA7,17,0x77,vm_opcode_0x56_terminal,CD:1CD6,,pack=0xA7;record=17;entry=0x77,,0xA6,0x06,,,,,19,19,19,19,CD:1803,bounded substream tail; destination record0 entry 0x06 exists; destination entry has aligned 0x58 coordinate setter at CD:1803,strong_candidate,"C4:8B6A handler for opcode 0x56 stores operand1 to $15D0/$0305, copies old $0305 to $15CF, stores operand2 to $13B8/$13B9, calls 81:837F, and advances three bytes; exact bounded tail ends in compact B0; C4:8BE2 opcode 0x58 writes destination entry operands to $1573/$157D/$15C3/$15C4",canonical_rom_sha256=F6A345E2F07F0CBC4EFF7D4FF06AE88A814A98FDF100C7BF7351168C73916A98;tools/python/catalog_map_transition_candidates.py;tools/python/catalog_map_selectors.py;C4:8B6A;C4:8BE2
,,,,0xA7,18,0x89,vm_opcode_0x56_terminal,CD:1CE3,,pack=0xA7;record=18;entry=0x89,,0xA7,0x14,cfg_t23_l123_v1,123,23,1,,,,,,bounded substream tail; destination record0 entry 0x14 exists,strong_candidate,"C4:8B6A handler for opcode 0x56 stores operand1 to $15D0/$0305, copies old $0305 to $15CF, stores operand2 to $13B8/$13B9, calls 81:837F, and advances three bytes; exact bounded tail ends in compact B0",canonical_rom_sha256=F6A345E2F07F0CBC4EFF7D4FF06AE88A814A98FDF100C7BF7351168C73916A98;tools/python/catalog_map_transition_candidates.py;tools/python/catalog_map_selectors.py;C4:8B6A;C4:8BE2
,,,,0xA7,19,0x77,vm_opcode_0x56_terminal,CD:1CF0,,pack=0xA7;record=19;entry=0x77,,0xA7,0x0C,cfg_t23_l123_v1,123,23,1,,,,,,bounded substream tail; destination record0 entry 0x0C exists,strong_candidate,"C4:8B6A handler for opcode 0x56 stores operand1 to $15D0/$0305, copies old $0305 to $15CF, stores operand2 to $13B8/$13B9, calls 81:837F, and advances three bytes; exact bounded tail ends in compact B0",canonical_rom_sha256=F6A345E2F07F0CBC4EFF7D4FF06AE88A814A98FDF100C7BF7351168C73916A98;tools/python/catalog_map_transition_candidates.py;tools/python/catalog_map_selectors.py;C4:8B6A;C4:8BE2
,,,,0xA7,20,0x77,vm_opcode_0x56_terminal,CD:1CFD,,pack=0xA7;record=20;entry=0x77,,0xA6,0x07,,,,,13,22,13,22,CD:180C,bounded substream tail; destination record0 entry 0x07 exists; destination entry has aligned 0x58 coordinate setter at CD:180C,strong_candidate,"C4:8B6A handler for opcode 0x56 stores operand1 to $15D0/$0305, copies old $0305 to $15CF, stores operand2 to $13B8/$13B9, calls 81:837F, and advances three bytes; exact bounded tail ends in compact B0; C4:8BE2 opcode 0x58 writes destination entry operands to $1573/$157D/$15C3/$15C4",canonical_rom_sha256=F6A345E2F07F0CBC4EFF7D4FF06AE88A814A98FDF100C7BF7351168C73916A98;tools/python/catalog_map_transition_candidates.py;tools/python/catalog_map_selectors.py;C4:8B6A;C4:8BE2
,,,,0xA7,21,0x89,vm_opcode_0x56_terminal,CD:1D0A,,pack=0xA7;record=21;entry=0x89,,0xA8,0x02,cfg_t23_l123_v1,123,23,1,,,,,,bounded substream tail; destination record0 entry 0x02 exists,strong_candidate,"C4:8B6A handler for opcode 0x56 stores operand1 to $15D0/$0305, copies old $0305 to $15CF, stores operand2 to $13B8/$13B9, calls 81:837F, and advances three bytes; exact bounded tail ends in compact B0",canonical_rom_sha256=F6A345E2F07F0CBC4EFF7D4FF06AE88A814A98FDF100C7BF7351168C73916A98;tools/python/catalog_map_transition_candidates.py;tools/python/catalog_map_selectors.py;C4:8B6A;C4:8BE2
,,,,0xA8,1,0x77,vm_opcode_0x56_terminal,CD:1EDE,,pack=0xA8;record=1;entry=0x77,,0xA8,0x07,cfg_t23_l123_v1,123,23,1,,,,,,bounded substream tail; destination record0 entry 0x07 exists,strong_candidate,"C4:8B6A handler for opcode 0x56 stores operand1 to $15D0/$0305, copies old $0305 to $15CF, stores operand2 to $13B8/$13B9, calls 81:837F, and advances three bytes; exact bounded tail ends in compact B0",canonical_rom_sha256=F6A345E2F07F0CBC4EFF7D4FF06AE88A814A98FDF100C7BF7351168C73916A98;tools/python/catalog_map_transition_candidates.py;tools/python/catalog_map_selectors.py;C4:8B6A;C4:8BE2
,,,,0xA8,2,0x77,vm_opcode_0x56_terminal,CD:1EEB,,pack=0xA8;record=2;entry=0x77,,0xA6,0x08,,,,,11,27,11,27,CD:1815,bounded substream tail; destination record0 entry 0x08 exists; destination entry has aligned 0x58 coordinate setter at CD:1815,strong_candidate,"C4:8B6A handler for opcode 0x56 stores operand1 to $15D0/$0305, copies old $0305 to $15CF, stores operand2 to $13B8/$13B9, calls 81:837F, and advances three bytes; exact bounded tail ends in compact B0; C4:8BE2 opcode 0x58 writes destination entry operands to $1573/$157D/$15C3/$15C4",canonical_rom_sha256=F6A345E2F07F0CBC4EFF7D4FF06AE88A814A98FDF100C7BF7351168C73916A98;tools/python/catalog_map_transition_candidates.py;tools/python/catalog_map_selectors.py;C4:8B6A;C4:8BE2
,,,,0xA8,3,0x77,vm_opcode_0x56_terminal,CD:1EF8,,pack=0xA8;record=3;entry=0x77,,0xA6,0x09,,,,,21,27,21,27,CD:181E,bounded substream tail; destination record0 entry 0x09 exists; destination entry has aligned 0x58 coordinate setter at CD:181E,strong_candidate,"C4:8B6A handler for opcode 0x56 stores operand1 to $15D0/$0305, copies old $0305 to $15CF, stores operand2 to $13B8/$13B9, calls 81:837F, and advances three bytes; exact bounded tail ends in compact B0; C4:8BE2 opcode 0x58 writes destination entry operands to $1573/$157D/$15C3/$15C4",canonical_rom_sha256=F6A345E2F07F0CBC4EFF7D4FF06AE88A814A98FDF100C7BF7351168C73916A98;tools/python/catalog_map_transition_candidates.py;tools/python/catalog_map_selectors.py;C4:8B6A;C4:8BE2
,,,,0xA8,4,0x77,vm_opcode_0x56_terminal,CD:1F05,,pack=0xA8;record=4;entry=0x77,,0xA6,0x0A,,,,,26,26,26,26,CD:1827,bounded substream tail; destination record0 entry 0x0A exists; destination entry has aligned 0x58 coordinate setter at CD:1827,strong_candidate,"C4:8B6A handler for opcode 0x56 stores operand1 to $15D0/$0305, copies old $0305 to $15CF, stores operand2 to $13B8/$13B9, calls 81:837F, and advances three bytes; exact bounded tail ends in compact B0; C4:8BE2 opcode 0x58 writes destination entry operands to $1573/$157D/$15C3/$15C4",canonical_rom_sha256=F6A345E2F07F0CBC4EFF7D4FF06AE88A814A98FDF100C7BF7351168C73916A98;tools/python/catalog_map_transition_candidates.py;tools/python/catalog_map_selectors.py;C4:8B6A;C4:8BE2
,,,,0xA8,5,0x77,vm_opcode_0x56_terminal,CD:1F12,,pack=0xA8;record=5;entry=0x77,,0xA8,0x03,cfg_t23_l123_v1,123,23,1,,,,,,bounded substream tail; destination record0 entry 0x03 exists,strong_candidate,"C4:8B6A handler for opcode 0x56 stores operand1 to $15D0/$0305, copies old $0305 to $15CF, stores operand2 to $13B8/$13B9, calls 81:837F, and advances three bytes; exact bounded tail ends in compact B0",canonical_rom_sha256=F6A345E2F07F0CBC4EFF7D4FF06AE88A814A98FDF100C7BF7351168C73916A98;tools/python/catalog_map_transition_candidates.py;tools/python/catalog_map_selectors.py;C4:8B6A;C4:8BE2
,,,,0xA8,6,0x77,vm_opcode_0x56_terminal,CD:1F27,,pack=0xA8;record=6;entry=0x77,,0xA8,0x0B,cfg_t23_l123_v1,123,23,1,,,,,,bounded substream tail; destination record0 entry 0x0B exists,strong_candidate,"C4:8B6A handler for opcode 0x56 stores operand1 to $15D0/$0305, copies old $0305 to $15CF, stores operand2 to $13B8/$13B9, calls 81:837F, and advances three bytes; exact bounded tail ends in compact B0",canonical_rom_sha256=F6A345E2F07F0CBC4EFF7D4FF06AE88A814A98FDF100C7BF7351168C73916A98;tools/python/catalog_map_transition_candidates.py;tools/python/catalog_map_selectors.py;C4:8B6A;C4:8BE2
,,,,0xA8,7,0x77,vm_opcode_0x56_terminal,CD:1F34,,pack=0xA8;record=7;entry=0x77,,0xA6,0x0B,,,,,18,32,18,32,CD:1830,bounded substream tail; destination record0 entry 0x0B exists; destination entry has aligned 0x58 coordinate setter at CD:1830,strong_candidate,"C4:8B6A handler for opcode 0x56 stores operand1 to $15D0/$0305, copies old $0305 to $15CF, stores operand2 to $13B8/$13B9, calls 81:837F, and advances three bytes; exact bounded tail ends in compact B0; C4:8BE2 opcode 0x58 writes destination entry operands to $1573/$157D/$15C3/$15C4",canonical_rom_sha256=F6A345E2F07F0CBC4EFF7D4FF06AE88A814A98FDF100C7BF7351168C73916A98;tools/python/catalog_map_transition_candidates.py;tools/python/catalog_map_selectors.py;C4:8B6A;C4:8BE2
,,,,0xA8,8,0x77,vm_opcode_0x56_terminal,CD:1F41,,pack=0xA8;record=8;entry=0x77,,0xA6,0x0C,,,,,27,31,27,31,CD:1839,bounded substream tail; destination record0 entry 0x0C exists; destination entry has aligned 0x58 coordinate setter at CD:1839,strong_candidate,"C4:8B6A handler for opcode 0x56 stores operand1 to $15D0/$0305, copies old $0305 to $15CF, stores operand2 to $13B8/$13B9, calls 81:837F, and advances three bytes; exact bounded tail ends in compact B0; C4:8BE2 opcode 0x58 writes destination entry operands to $1573/$157D/$15C3/$15C4",canonical_rom_sha256=F6A345E2F07F0CBC4EFF7D4FF06AE88A814A98FDF100C7BF7351168C73916A98;tools/python/catalog_map_transition_candidates.py;tools/python/catalog_map_selectors.py;C4:8B6A;C4:8BE2
,,,,0xA8,9,0x77,vm_opcode_0x56_terminal,CD:1F4E,,pack=0xA8;record=9;entry=0x77,,0xA8,0x08,cfg_t23_l123_v1,123,23,1,,,,,,bounded substream tail; destination record0 entry 0x08 exists,strong_candidate,"C4:8B6A handler for opcode 0x56 stores operand1 to $15D0/$0305, copies old $0305 to $15CF, stores operand2 to $13B8/$13B9, calls 81:837F, and advances three bytes; exact bounded tail ends in compact B0",canonical_rom_sha256=F6A345E2F07F0CBC4EFF7D4FF06AE88A814A98FDF100C7BF7351168C73916A98;tools/python/catalog_map_transition_candidates.py;tools/python/catalog_map_selectors.py;C4:8B6A;C4:8BE2
,,,,0xA9,1,0x77,vm_opcode_0x56_terminal,CD:2637,,pack=0xA9;record=1;entry=0x77,,0xA9,0x17,cfg_t26_l131_v1,131,26,1,7,40,7,40,CD:2583,bounded substream tail; destination record0 entry 0x17 exists; destination entry has aligned 0x58 coordinate setter at CD:2583,strong_candidate,"C4:8B6A handler for opcode 0x56 stores operand1 to $15D0/$0305, copies old $0305 to $15CF, stores operand2 to $13B8/$13B9, calls 81:837F, and advances three bytes; exact bounded tail ends in compact B0; C4:8BE2 opcode 0x58 writes destination entry operands to $1573/$157D/$15C3/$15C4",canonical_rom_sha256=F6A345E2F07F0CBC4EFF7D4FF06AE88A814A98FDF100C7BF7351168C73916A98;tools/python/catalog_map_transition_candidates.py;tools/python/catalog_map_selectors.py;C4:8B6A;C4:8BE2
,,,,0xA9,2,0x77,vm_opcode_0x56_terminal,CD:2646,,pack=0xA9;record=2;entry=0x77,,0xA9,0x06,cfg_t26_l131_v1,131,26,1,8,30,8,30,CD:24CB,bounded substream tail; destination record0 entry 0x06 exists; destination entry has aligned 0x58 coordinate setter at CD:24CB,strong_candidate,"C4:8B6A handler for opcode 0x56 stores operand1 to $15D0/$0305, copies old $0305 to $15CF, stores operand2 to $13B8/$13B9, calls 81:837F, and advances three bytes; exact bounded tail ends in compact B0; C4:8BE2 opcode 0x58 writes destination entry operands to $1573/$157D/$15C3/$15C4",canonical_rom_sha256=F6A345E2F07F0CBC4EFF7D4FF06AE88A814A98FDF100C7BF7351168C73916A98;tools/python/catalog_map_transition_candidates.py;tools/python/catalog_map_selectors.py;C4:8B6A;C4:8BE2
,,,,0xA9,3,0x77,vm_opcode_0x56_terminal,CD:2655,,pack=0xA9;record=3;entry=0x77,,0xA9,0x07,cfg_t26_l131_v1,131,26,1,16,26,16,26,CD:24DC,bounded substream tail; destination record0 entry 0x07 exists; destination entry has aligned 0x58 coordinate setter at CD:24DC,strong_candidate,"C4:8B6A handler for opcode 0x56 stores operand1 to $15D0/$0305, copies old $0305 to $15CF, stores operand2 to $13B8/$13B9, calls 81:837F, and advances three bytes; exact bounded tail ends in compact B0; C4:8BE2 opcode 0x58 writes destination entry operands to $1573/$157D/$15C3/$15C4",canonical_rom_sha256=F6A345E2F07F0CBC4EFF7D4FF06AE88A814A98FDF100C7BF7351168C73916A98;tools/python/catalog_map_transition_candidates.py;tools/python/catalog_map_selectors.py;C4:8B6A;C4:8BE2
,,,,0xA9,4,0x77,vm_opcode_0x56_terminal,CD:2664,,pack=0xA9;record=4;entry=0x77,,0xA9,0x08,cfg_t26_l131_v1,131,26,1,24,30,24,30,CD:24ED,bounded substream tail; destination record0 entry 0x08 exists; destination entry has aligned 0x58 coordinate setter at CD:24ED,strong_candidate,"C4:8B6A handler for opcode 0x56 stores operand1 to $15D0/$0305, copies old $0305 to $15CF, stores operand2 to $13B8/$13B9, calls 81:837F, and advances three bytes; exact bounded tail ends in compact B0; C4:8BE2 opcode 0x58 writes destination entry operands to $1573/$157D/$15C3/$15C4",canonical_rom_sha256=F6A345E2F07F0CBC4EFF7D4FF06AE88A814A98FDF100C7BF7351168C73916A98;tools/python/catalog_map_transition_candidates.py;tools/python/catalog_map_selectors.py;C4:8B6A;C4:8BE2
,,,,0xA9,5,0x77,vm_opcode_0x56_terminal,CD:2673,,pack=0xA9;record=5;entry=0x77,,0xA9,0x03,cfg_t26_l131_v1,131,26,1,178,9,178,9,CD:2495,bounded substream tail; destination record0 entry 0x03 exists; destination entry has aligned 0x58 coordinate setter at CD:2495,strong_candidate,"C4:8B6A handler for opcode 0x56 stores operand1 to $15D0/$0305, copies old $0305 to $15CF, stores operand2 to $13B8/$13B9, calls 81:837F, and advances three bytes; exact bounded tail ends in compact B0; C4:8BE2 opcode 0x58 writes destination entry operands to $1573/$157D/$15C3/$15C4",canonical_rom_sha256=F6A345E2F07F0CBC4EFF7D4FF06AE88A814A98FDF100C7BF7351168C73916A98;tools/python/catalog_map_transition_candidates.py;tools/python/catalog_map_selectors.py;C4:8B6A;C4:8BE2
,,,,0xA9,6,0x77,vm_opcode_0x56_terminal,CD:2682,,pack=0xA9;record=6;entry=0x77,,0xA9,0x04,cfg_t26_l131_v1,131,26,1,184,7,184,7,CD:24A6,bounded substream tail; destination record0 entry 0x04 exists; destination entry has aligned 0x58 coordinate setter at CD:24A6,strong_candidate,"C4:8B6A handler for opcode 0x56 stores operand1 to $15D0/$0305, copies old $0305 to $15CF, stores operand2 to $13B8/$13B9, calls 81:837F, and advances three bytes; exact bounded tail ends in compact B0; C4:8BE2 opcode 0x58 writes destination entry operands to $1573/$157D/$15C3/$15C4",canonical_rom_sha256=F6A345E2F07F0CBC4EFF7D4FF06AE88A814A98FDF100C7BF7351168C73916A98;tools/python/catalog_map_transition_candidates.py;tools/python/catalog_map_selectors.py;C4:8B6A;C4:8BE2
,,,,0xA9,7,0x77,vm_opcode_0x56_terminal,CD:2691,,pack=0xA9;record=7;entry=0x77,,0xA9,0x05,cfg_t26_l131_v1,131,26,1,190,9,190,9,CD:24BA,bounded substream tail; destination record0 entry 0x05 exists; destination entry has aligned 0x58 coordinate setter at CD:24BA,strong_candidate,"C4:8B6A handler for opcode 0x56 stores operand1 to $15D0/$0305, copies old $0305 to $15CF, stores operand2 to $13B8/$13B9, calls 81:837F, and advances three bytes; exact bounded tail ends in compact B0; C4:8BE2 opcode 0x58 writes destination entry operands to $1573/$157D/$15C3/$15C4",canonical_rom_sha256=F6A345E2F07F0CBC4EFF7D4FF06AE88A814A98FDF100C7BF7351168C73916A98;tools/python/catalog_map_transition_candidates.py;tools/python/catalog_map_selectors.py;C4:8B6A;C4:8BE2
,,,,0xA9,8,0x77,vm_opcode_0x56_terminal,CD:26A0,,pack=0xA9;record=8;entry=0x77,,0xA9,0x04,cfg_t26_l131_v1,131,26,1,184,7,184,7,CD:24A6,bounded substream tail; destination record0 entry 0x04 exists; destination entry has aligned 0x58 coordinate setter at CD:24A6,strong_candidate,"C4:8B6A handler for opcode 0x56 stores operand1 to $15D0/$0305, copies old $0305 to $15CF, stores operand2 to $13B8/$13B9, calls 81:837F, and advances three bytes; exact bounded tail ends in compact B0; C4:8BE2 opcode 0x58 writes destination entry operands to $1573/$157D/$15C3/$15C4",canonical_rom_sha256=F6A345E2F07F0CBC4EFF7D4FF06AE88A814A98FDF100C7BF7351168C73916A98;tools/python/catalog_map_transition_candidates.py;tools/python/catalog_map_selectors.py;C4:8B6A;C4:8BE2
,,,,0xA9,9,0x77,vm_opcode_0x56_terminal,CD:26AD,,pack=0xA9;record=9;entry=0x77,,0xAA,0x02,cfg_t26_l131_v1,131,26,1,60,5,60,5,CD:2C0C,bounded substream tail; destination record0 entry 0x02 exists; destination entry has aligned 0x58 coordinate setter at CD:2C0C,strong_candidate,"C4:8B6A handler for opcode 0x56 stores operand1 to $15D0/$0305, copies old $0305 to $15CF, stores operand2 to $13B8/$13B9, calls 81:837F, and advances three bytes; exact bounded tail ends in compact B0; C4:8BE2 opcode 0x58 writes destination entry operands to $1573/$157D/$15C3/$15C4",canonical_rom_sha256=F6A345E2F07F0CBC4EFF7D4FF06AE88A814A98FDF100C7BF7351168C73916A98;tools/python/catalog_map_transition_candidates.py;tools/python/catalog_map_selectors.py;C4:8B6A;C4:8BE2
,,,,0xA9,10,0x77,vm_opcode_0x56_terminal,CD:26BA,,pack=0xA9;record=10;entry=0x77,,0xAA,0x11,cfg_t26_l131_v1,131,26,1,112,18,112,18,CD:2D0B,bounded substream tail; destination record0 entry 0x11 exists; destination entry has aligned 0x58 coordinate setter at CD:2D0B,strong_candidate,"C4:8B6A handler for opcode 0x56 stores operand1 to $15D0/$0305, copies old $0305 to $15CF, stores operand2 to $13B8/$13B9, calls 81:837F, and advances three bytes; exact bounded tail ends in compact B0; C4:8BE2 opcode 0x58 writes destination entry operands to $1573/$157D/$15C3/$15C4",canonical_rom_sha256=F6A345E2F07F0CBC4EFF7D4FF06AE88A814A98FDF100C7BF7351168C73916A98;tools/python/catalog_map_transition_candidates.py;tools/python/catalog_map_selectors.py;C4:8B6A;C4:8BE2
,,,,0xA9,12,0x38,vm_opcode_0x56_terminal,CD:26CD,,pack=0xA9;record=12;entry=0x38,,0x6B,0x04,cfg_t05_l042_v2,42,5,2,58,33,58,33,CC:5A9E,bounded substream tail; destination record0 entry 0x04 exists; destination entry has aligned 0x58 coordinate setter at CC:5A9E,strong_candidate,"C4:8B6A handler for opcode 0x56 stores operand1 to $15D0/$0305, copies old $0305 to $15CF, stores operand2 to $13B8/$13B9, calls 81:837F, and advances three bytes; exact bounded tail ends in compact B0; C4:8BE2 opcode 0x58 writes destination entry operands to $1573/$157D/$15C3/$15C4",canonical_rom_sha256=F6A345E2F07F0CBC4EFF7D4FF06AE88A814A98FDF100C7BF7351168C73916A98;tools/python/catalog_map_transition_candidates.py;tools/python/catalog_map_selectors.py;C4:8B6A;C4:8BE2
,,,,0xA9,13,0x3A,vm_opcode_0x56_terminal,CD:2746,,pack=0xA9;record=13;entry=0x3A,,0xEF,0x02,,,,,,,,,,bounded substream tail; destination record0 entry 0x02 exists,strong_candidate,"C4:8B6A handler for opcode 0x56 stores operand1 to $15D0/$0305, copies old $0305 to $15CF, stores operand2 to $13B8/$13B9, calls 81:837F, and advances three bytes; exact bounded tail ends in compact B0",canonical_rom_sha256=F6A345E2F07F0CBC4EFF7D4FF06AE88A814A98FDF100C7BF7351168C73916A98;tools/python/catalog_map_transition_candidates.py;tools/python/catalog_map_selectors.py;C4:8B6A;C4:8BE2
,,,,0xAA,1,0x77,vm_opcode_0x56_terminal,CD:2D8F,,pack=0xAA;record=1;entry=0x77,,0xA9,0x0A,cfg_t26_l131_v1,131,26,1,28,5,28,5,CD:250F,bounded substream tail; destination record0 entry 0x0A exists; destination entry has aligned 0x58 coordinate setter at CD:250F,strong_candidate,"C4:8B6A handler for opcode 0x56 stores operand1 to $15D0/$0305, copies old $0305 to $15CF, stores operand2 to $13B8/$13B9, calls 81:837F, and advances three bytes; exact bounded tail ends in compact B0; C4:8BE2 opcode 0x58 writes destination entry operands to $1573/$157D/$15C3/$15C4",canonical_rom_sha256=F6A345E2F07F0CBC4EFF7D4FF06AE88A814A98FDF100C7BF7351168C73916A98;tools/python/catalog_map_transition_candidates.py;tools/python/catalog_map_selectors.py;C4:8B6A;C4:8BE2
,,,,0xAA,2,0x77,vm_opcode_0x56_terminal,CD:2D9C,,pack=0xAA;record=2;entry=0x77,,0xAA,0x07,cfg_t26_l131_v1,131,26,1,68,5,68,5,CD:2C61,bounded substream tail; destination record0 entry 0x07 exists; destination entry has aligned 0x58 coordinate setter at CD:2C61,strong_candidate,"C4:8B6A handler for opcode 0x56 stores operand1 to $15D0/$0305, copies old $0305 to $15CF, stores operand2 to $13B8/$13B9, calls 81:837F, and advances three bytes; exact bounded tail ends in compact B0; C4:8BE2 opcode 0x58 writes destination entry operands to $1573/$157D/$15C3/$15C4",canonical_rom_sha256=F6A345E2F07F0CBC4EFF7D4FF06AE88A814A98FDF100C7BF7351168C73916A98;tools/python/catalog_map_transition_candidates.py;tools/python/catalog_map_selectors.py;C4:8B6A;C4:8BE2
,,,,0xAA,3,0x77,vm_opcode_0x56_terminal,CD:2DA9,,pack=0xAA;record=3;entry=0x77,,0xAA,0x08,cfg_t26_l131_v1,131,26,1,80,18,80,18,CD:2C72,bounded substream tail; destination record0 entry 0x08 exists; destination entry has aligned 0x58 coordinate setter at CD:2C72,strong_candidate,"C4:8B6A handler for opcode 0x56 stores operand1 to $15D0/$0305, copies old $0305 to $15CF, stores operand2 to $13B8/$13B9, calls 81:837F, and advances three bytes; exact bounded tail ends in compact B0; C4:8BE2 opcode 0x58 writes destination entry operands to $1573/$157D/$15C3/$15C4",canonical_rom_sha256=F6A345E2F07F0CBC4EFF7D4FF06AE88A814A98FDF100C7BF7351168C73916A98;tools/python/catalog_map_transition_candidates.py;tools/python/catalog_map_selectors.py;C4:8B6A;C4:8BE2
,,,,0xAA,4,0x77,vm_opcode_0x56_terminal,CD:2DB6,,pack=0xAA;record=4;entry=0x77,,0xAA,0x09,cfg_t26_l131_v1,131,26,1,68,26,68,26,CD:2C83,bounded substream tail; destination record0 entry 0x09 exists; destination entry has aligned 0x58 coordinate setter at CD:2C83,strong_candidate,"C4:8B6A handler for opcode 0x56 stores operand1 to $15D0/$0305, copies old $0305 to $15CF, stores operand2 to $13B8/$13B9, calls 81:837F, and advances three bytes; exact bounded tail ends in compact B0; C4:8BE2 opcode 0x58 writes destination entry operands to $1573/$157D/$15C3/$15C4",canonical_rom_sha256=F6A345E2F07F0CBC4EFF7D4FF06AE88A814A98FDF100C7BF7351168C73916A98;tools/python/catalog_map_transition_candidates.py;tools/python/catalog_map_selectors.py;C4:8B6A;C4:8BE2
,,,,0xAA,5,0x77,vm_opcode_0x56_terminal,CD:2DC3,,pack=0xAA;record=5;entry=0x77,,0xAA,0x0A,cfg_t26_l131_v1,131,26,1,92,26,92,26,CD:2C94,bounded substream tail; destination record0 entry 0x0A exists; destination entry has aligned 0x58 coordinate setter at CD:2C94,strong_candidate,"C4:8B6A handler for opcode 0x56 stores operand1 to $15D0/$0305, copies old $0305 to $15CF, stores operand2 to $13B8/$13B9, calls 81:837F, and advances three bytes; exact bounded tail ends in compact B0; C4:8BE2 opcode 0x58 writes destination entry operands to $1573/$157D/$15C3/$15C4",canonical_rom_sha256=F6A345E2F07F0CBC4EFF7D4FF06AE88A814A98FDF100C7BF7351168C73916A98;tools/python/catalog_map_transition_candidates.py;tools/python/catalog_map_selectors.py;C4:8B6A;C4:8BE2
,,,,0xAA,6,0x77,vm_opcode_0x56_terminal,CD:2DD0,,pack=0xAA;record=6;entry=0x77,,0xAA,0x03,cfg_t26_l131_v1,131,26,1,36,5,36,5,CD:2C1D,bounded substream tail; destination record0 entry 0x03 exists; destination entry has aligned 0x58 coordinate setter at CD:2C1D,strong_candidate,"C4:8B6A handler for opcode 0x56 stores operand1 to $15D0/$0305, copies old $0305 to $15CF, stores operand2 to $13B8/$13B9, calls 81:837F, and advances three bytes; exact bounded tail ends in compact B0; C4:8BE2 opcode 0x58 writes destination entry operands to $1573/$157D/$15C3/$15C4",canonical_rom_sha256=F6A345E2F07F0CBC4EFF7D4FF06AE88A814A98FDF100C7BF7351168C73916A98;tools/python/catalog_map_transition_candidates.py;tools/python/catalog_map_selectors.py;C4:8B6A;C4:8BE2
,,,,0xAA,7,0x77,vm_opcode_0x56_terminal,CD:2DDD,,pack=0xAA;record=7;entry=0x77,,0xAA,0x04,cfg_t26_l131_v1,131,26,1,48,18,48,18,CD:2C2E,bounded substream tail; destination record0 entry 0x04 exists; destination entry has aligned 0x58 coordinate setter at CD:2C2E,strong_candidate,"C4:8B6A handler for opcode 0x56 stores operand1 to $15D0/$0305, copies old $0305 to $15CF, stores operand2 to $13B8/$13B9, calls 81:837F, and advances three bytes; exact bounded tail ends in compact B0; C4:8BE2 opcode 0x58 writes destination entry operands to $1573/$157D/$15C3/$15C4",canonical_rom_sha256=F6A345E2F07F0CBC4EFF7D4FF06AE88A814A98FDF100C7BF7351168C73916A98;tools/python/catalog_map_transition_candidates.py;tools/python/catalog_map_selectors.py;C4:8B6A;C4:8BE2
,,,,0xAA,8,0x77,vm_opcode_0x56_terminal,CD:2DEA,,pack=0xAA;record=8;entry=0x77,,0xAA,0x05,cfg_t26_l131_v1,131,26,1,36,26,36,26,CD:2C3F,bounded substream tail; destination record0 entry 0x05 exists; destination entry has aligned 0x58 coordinate setter at CD:2C3F,strong_candidate,"C4:8B6A handler for opcode 0x56 stores operand1 to $15D0/$0305, copies old $0305 to $15CF, stores operand2 to $13B8/$13B9, calls 81:837F, and advances three bytes; exact bounded tail ends in compact B0; C4:8BE2 opcode 0x58 writes destination entry operands to $1573/$157D/$15C3/$15C4",canonical_rom_sha256=F6A345E2F07F0CBC4EFF7D4FF06AE88A814A98FDF100C7BF7351168C73916A98;tools/python/catalog_map_transition_candidates.py;tools/python/catalog_map_selectors.py;C4:8B6A;C4:8BE2
,,,,0xAA,9,0x77,vm_opcode_0x56_terminal,CD:2DF7,,pack=0xAA;record=9;entry=0x77,,0xAA,0x06,cfg_t26_l131_v1,131,26,1,60,26,60,26,CD:2C50,bounded substream tail; destination record0 entry 0x06 exists; destination entry has aligned 0x58 coordinate setter at CD:2C50,strong_candidate,"C4:8B6A handler for opcode 0x56 stores operand1 to $15D0/$0305, copies old $0305 to $15CF, stores operand2 to $13B8/$13B9, calls 81:837F, and advances three bytes; exact bounded tail ends in compact B0; C4:8BE2 opcode 0x58 writes destination entry operands to $1573/$157D/$15C3/$15C4",canonical_rom_sha256=F6A345E2F07F0CBC4EFF7D4FF06AE88A814A98FDF100C7BF7351168C73916A98;tools/python/catalog_map_transition_candidates.py;tools/python/catalog_map_selectors.py;C4:8B6A;C4:8BE2
,,,,0xAA,10,0x77,vm_opcode_0x56_terminal,CD:2E04,,pack=0xAA;record=10;entry=0x77,,0xAA,0x0E,cfg_t26_l131_v1,131,26,1,117,5,117,5,CD:2CD8,bounded substream tail; destination record0 entry 0x0E exists; destination entry has aligned 0x58 coordinate setter at CD:2CD8,strong_candidate,"C4:8B6A handler for opcode 0x56 stores operand1 to $15D0/$0305, copies old $0305 to $15CF, stores operand2 to $13B8/$13B9, calls 81:837F, and advances three bytes; exact bounded tail ends in compact B0; C4:8BE2 opcode 0x58 writes destination entry operands to $1573/$157D/$15C3/$15C4",canonical_rom_sha256=F6A345E2F07F0CBC4EFF7D4FF06AE88A814A98FDF100C7BF7351168C73916A98;tools/python/catalog_map_transition_candidates.py;tools/python/catalog_map_selectors.py;C4:8B6A;C4:8BE2
,,,,0xAA,11,0x77,vm_opcode_0x56_terminal,CD:2E11,,pack=0xAA;record=11;entry=0x77,,0xAA,0x0F,cfg_t26_l131_v1,131,26,1,124,5,124,5,CD:2CE9,bounded substream tail; destination record0 entry 0x0F exists; destination entry has aligned 0x58 coordinate setter at CD:2CE9,strong_candidate,"C4:8B6A handler for opcode 0x56 stores operand1 to $15D0/$0305, copies old $0305 to $15CF, stores operand2 to $13B8/$13B9, calls 81:837F, and advances three bytes; exact bounded tail ends in compact B0; C4:8BE2 opcode 0x58 writes destination entry operands to $1573/$157D/$15C3/$15C4",canonical_rom_sha256=F6A345E2F07F0CBC4EFF7D4FF06AE88A814A98FDF100C7BF7351168C73916A98;tools/python/catalog_map_transition_candidates.py;tools/python/catalog_map_selectors.py;C4:8B6A;C4:8BE2
,,,,0xAA,12,0x77,vm_opcode_0x56_terminal,CD:2E1E,,pack=0xAA;record=12;entry=0x77,,0xAA,0x10,cfg_t26_l131_v1,131,26,1,112,12,112,12,CD:2CFA,bounded substream tail; destination record0 entry 0x10 exists; destination entry has aligned 0x58 coordinate setter at CD:2CFA,strong_candidate,"C4:8B6A handler for opcode 0x56 stores operand1 to $15D0/$0305, copies old $0305 to $15CF, stores operand2 to $13B8/$13B9, calls 81:837F, and advances three bytes; exact bounded tail ends in compact B0; C4:8BE2 opcode 0x58 writes destination entry operands to $1573/$157D/$15C3/$15C4",canonical_rom_sha256=F6A345E2F07F0CBC4EFF7D4FF06AE88A814A98FDF100C7BF7351168C73916A98;tools/python/catalog_map_transition_candidates.py;tools/python/catalog_map_selectors.py;C4:8B6A;C4:8BE2
,,,,0xAA,13,0x77,vm_opcode_0x56_terminal,CD:2E2B,,pack=0xAA;record=13;entry=0x77,,0xAA,0x1B,cfg_t26_l131_v1,131,26,1,100,21,100,21,CD:2D69,bounded substream tail; destination record0 entry 0x1B exists; destination entry has aligned 0x58 coordinate setter at CD:2D69,strong_candidate,"C4:8B6A handler for opcode 0x56 stores operand1 to $15D0/$0305, copies old $0305 to $15CF, stores operand2 to $13B8/$13B9, calls 81:837F, and advances three bytes; exact bounded tail ends in compact B0; C4:8BE2 opcode 0x58 writes destination entry operands to $1573/$157D/$15C3/$15C4",canonical_rom_sha256=F6A345E2F07F0CBC4EFF7D4FF06AE88A814A98FDF100C7BF7351168C73916A98;tools/python/catalog_map_transition_candidates.py;tools/python/catalog_map_selectors.py;C4:8B6A;C4:8BE2
,,,,0xAA,14,0x77,vm_opcode_0x56_terminal,CD:2E38,,pack=0xAA;record=14;entry=0x77,,0xAA,0x1A,cfg_t26_l131_v1,131,26,1,68,21,68,21,CD:2D58,bounded substream tail; destination record0 entry 0x1A exists; destination entry has aligned 0x58 coordinate setter at CD:2D58,strong_candidate,"C4:8B6A handler for opcode 0x56 stores operand1 to $15D0/$0305, copies old $0305 to $15CF, stores operand2 to $13B8/$13B9, calls 81:837F, and advances three bytes; exact bounded tail ends in compact B0; C4:8BE2 opcode 0x58 writes destination entry operands to $1573/$157D/$15C3/$15C4",canonical_rom_sha256=F6A345E2F07F0CBC4EFF7D4FF06AE88A814A98FDF100C7BF7351168C73916A98;tools/python/catalog_map_transition_candidates.py;tools/python/catalog_map_selectors.py;C4:8B6A;C4:8BE2
,,,,0xAA,15,0x77,vm_opcode_0x56_terminal,CD:2E45,,pack=0xAA;record=15;entry=0x77,,0xAA,0x0B,cfg_t26_l131_v1,131,26,1,85,5,85,5,CD:2CA5,bounded substream tail; destination record0 entry 0x0B exists; destination entry has aligned 0x58 coordinate setter at CD:2CA5,strong_candidate,"C4:8B6A handler for opcode 0x56 stores operand1 to $15D0/$0305, copies old $0305 to $15CF, stores operand2 to $13B8/$13B9, calls 81:837F, and advances three bytes; exact bounded tail ends in compact B0; C4:8BE2 opcode 0x58 writes destination entry operands to $1573/$157D/$15C3/$15C4",canonical_rom_sha256=F6A345E2F07F0CBC4EFF7D4FF06AE88A814A98FDF100C7BF7351168C73916A98;tools/python/catalog_map_transition_candidates.py;tools/python/catalog_map_selectors.py;C4:8B6A;C4:8BE2
,,,,0xAA,16,0x77,vm_opcode_0x56_terminal,CD:2E52,,pack=0xAA;record=16;entry=0x77,,0xAA,0x0C,cfg_t26_l131_v1,131,26,1,92,5,92,5,CD:2CB6,bounded substream tail; destination record0 entry 0x0C exists; destination entry has aligned 0x58 coordinate setter at CD:2CB6,strong_candidate,"C4:8B6A handler for opcode 0x56 stores operand1 to $15D0/$0305, copies old $0305 to $15CF, stores operand2 to $13B8/$13B9, calls 81:837F, and advances three bytes; exact bounded tail ends in compact B0; C4:8BE2 opcode 0x58 writes destination entry operands to $1573/$157D/$15C3/$15C4",canonical_rom_sha256=F6A345E2F07F0CBC4EFF7D4FF06AE88A814A98FDF100C7BF7351168C73916A98;tools/python/catalog_map_transition_candidates.py;tools/python/catalog_map_selectors.py;C4:8B6A;C4:8BE2
,,,,0xAA,17,0x77,vm_opcode_0x56_terminal,CD:2E5F,,pack=0xAA;record=17;entry=0x77,,0xAA,0x0D,cfg_t26_l131_v1,131,26,1,80,12,80,12,CD:2CC7,bounded substream tail; destination record0 entry 0x0D exists; destination entry has aligned 0x58 coordinate setter at CD:2CC7,strong_candidate,"C4:8B6A handler for opcode 0x56 stores operand1 to $15D0/$0305, copies old $0305 to $15CF, stores operand2 to $13B8/$13B9, calls 81:837F, and advances three bytes; exact bounded tail ends in compact B0; C4:8BE2 opcode 0x58 writes destination entry operands to $1573/$157D/$15C3/$15C4",canonical_rom_sha256=F6A345E2F07F0CBC4EFF7D4FF06AE88A814A98FDF100C7BF7351168C73916A98;tools/python/catalog_map_transition_candidates.py;tools/python/catalog_map_selectors.py;C4:8B6A;C4:8BE2
,,,,0xAA,18,0x77,vm_opcode_0x56_terminal,CD:2E86,,pack=0xAA;record=18;entry=0x77,,0xA9,0x0B,cfg_t26_l131_v1,131,26,1,144,28,144,28,CD:2520,bounded substream tail; destination record0 entry 0x0B exists; destination entry has aligned 0x58 coordinate setter at CD:2520,strong_candidate,"C4:8B6A handler for opcode 0x56 stores operand1 to $15D0/$0305, copies old $0305 to $15CF, stores operand2 to $13B8/$13B9, calls 81:837F, and advances three bytes; exact bounded tail ends in compact B0; C4:8BE2 opcode 0x58 writes destination entry operands to $1573/$157D/$15C3/$15C4",canonical_rom_sha256=F6A345E2F07F0CBC4EFF7D4FF06AE88A814A98FDF100C7BF7351168C73916A98;tools/python/catalog_map_transition_candidates.py;tools/python/catalog_map_selectors.py;C4:8B6A;C4:8BE2
,,,,0xAA,19,0x89,vm_opcode_0x56_terminal,CD:2EAF,,pack=0xAA;record=19;entry=0x89,,0xA9,0x14,cfg_t26_l131_v1,131,26,1,,,,,,bounded substream tail; destination record0 entry 0x14 exists,strong_candidate,"C4:8B6A handler for opcode 0x56 stores operand1 to $15D0/$0305, copies old $0305 to $15CF, stores operand2 to $13B8/$13B9, calls 81:837F, and advances three bytes; exact bounded tail ends in compact B0",canonical_rom_sha256=F6A345E2F07F0CBC4EFF7D4FF06AE88A814A98FDF100C7BF7351168C73916A98;tools/python/catalog_map_transition_candidates.py;tools/python/catalog_map_selectors.py;C4:8B6A;C4:8BE2
,,,,0xAA,19,0x35,vm_opcode_0x56_terminal,CD:2EC9,,pack=0xAA;record=19;entry=0x35,,0xA9,0x14,cfg_t26_l131_v1,131,26,1,,,,,,bounded substream tail; destination record0 entry 0x14 exists,strong_candidate,"C4:8B6A handler for opcode 0x56 stores operand1 to $15D0/$0305, copies old $0305 to $15CF, stores operand2 to $13B8/$13B9, calls 81:837F, and advances three bytes; exact bounded tail ends in compact B0",canonical_rom_sha256=F6A345E2F07F0CBC4EFF7D4FF06AE88A814A98FDF100C7BF7351168C73916A98;tools/python/catalog_map_transition_candidates.py;tools/python/catalog_map_selectors.py;C4:8B6A;C4:8BE2
,,,,0xAA,19,0x36,vm_opcode_0x56_terminal,CD:2EE3,,pack=0xAA;record=19;entry=0x36,,0xAA,0x12,cfg_t26_l131_v1,131,26,1,,,,,,bounded substream tail; destination record0 entry 0x12 exists,strong_candidate,"C4:8B6A handler for opcode 0x56 stores operand1 to $15D0/$0305, copies old $0305 to $15CF, stores operand2 to $13B8/$13B9, calls 81:837F, and advances three bytes; exact bounded tail ends in compact B0",canonical_rom_sha256=F6A345E2F07F0CBC4EFF7D4FF06AE88A814A98FDF100C7BF7351168C73916A98;tools/python/catalog_map_transition_candidates.py;tools/python/catalog_map_selectors.py;C4:8B6A;C4:8BE2
,,,,0xAB,2,0x77,vm_opcode_0x56_terminal,CD:30CC,,pack=0xAB;record=2;entry=0x77,,0xAC,0x02,cfg_t49_l176_v2,176,49,2,,,,,,bounded substream tail; destination record0 entry 0x02 exists,strong_candidate,"C4:8B6A handler for opcode 0x56 stores operand1 to $15D0/$0305, copies old $0305 to $15CF, stores operand2 to $13B8/$13B9, calls 81:837F, and advances three bytes; exact bounded tail ends in compact B0",canonical_rom_sha256=F6A345E2F07F0CBC4EFF7D4FF06AE88A814A98FDF100C7BF7351168C73916A98;tools/python/catalog_map_transition_candidates.py;tools/python/catalog_map_selectors.py;C4:8B6A;C4:8BE2
,,,,0xAC,2,0x77,vm_opcode_0x56_terminal,CD:339F,,pack=0xAC;record=2;entry=0x77,,0xAB,0x03,cfg_t49_l176_v2,176,49,2,4,23,4,23,CD:30A2,bounded substream tail; destination record0 entry 0x03 exists; destination entry has aligned 0x58 coordinate setter at CD:30A2,strong_candidate,"C4:8B6A handler for opcode 0x56 stores operand1 to $15D0/$0305, copies old $0305 to $15CF, stores operand2 to $13B8/$13B9, calls 81:837F, and advances three bytes; exact bounded tail ends in compact B0; C4:8BE2 opcode 0x58 writes destination entry operands to $1573/$157D/$15C3/$15C4",canonical_rom_sha256=F6A345E2F07F0CBC4EFF7D4FF06AE88A814A98FDF100C7BF7351168C73916A98;tools/python/catalog_map_transition_candidates.py;tools/python/catalog_map_selectors.py;C4:8B6A;C4:8BE2
,,,,0xAC,3,0x77,vm_opcode_0x56_terminal,CD:33AC,,pack=0xAC;record=3;entry=0x77,,0xAC,0x04,cfg_t49_l176_v2,176,49,2,,,,,,bounded substream tail; destination record0 entry 0x04 exists,strong_candidate,"C4:8B6A handler for opcode 0x56 stores operand1 to $15D0/$0305, copies old $0305 to $15CF, stores operand2 to $13B8/$13B9, calls 81:837F, and advances three bytes; exact bounded tail ends in compact B0",canonical_rom_sha256=F6A345E2F07F0CBC4EFF7D4FF06AE88A814A98FDF100C7BF7351168C73916A98;tools/python/catalog_map_transition_candidates.py;tools/python/catalog_map_selectors.py;C4:8B6A;C4:8BE2
,,,,0xAC,4,0x77,vm_opcode_0x56_terminal,CD:33B9,,pack=0xAC;record=4;entry=0x77,,0xAC,0x03,cfg_t49_l176_v2,176,49,2,,,,,,bounded substream tail; destination record0 entry 0x03 exists,strong_candidate,"C4:8B6A handler for opcode 0x56 stores operand1 to $15D0/$0305, copies old $0305 to $15CF, stores operand2 to $13B8/$13B9, calls 81:837F, and advances three bytes; exact bounded tail ends in compact B0",canonical_rom_sha256=F6A345E2F07F0CBC4EFF7D4FF06AE88A814A98FDF100C7BF7351168C73916A98;tools/python/catalog_map_transition_candidates.py;tools/python/catalog_map_selectors.py;C4:8B6A;C4:8BE2
,,,,0xAC,5,0x77,vm_opcode_0x56_terminal,CD:33C6,,pack=0xAC;record=5;entry=0x77,,0xAC,0x06,cfg_t49_l176_v2,176,49,2,,,,,,bounded substream tail; destination record0 entry 0x06 exists,strong_candidate,"C4:8B6A handler for opcode 0x56 stores operand1 to $15D0/$0305, copies old $0305 to $15CF, stores operand2 to $13B8/$13B9, calls 81:837F, and advances three bytes; exact bounded tail ends in compact B0",canonical_rom_sha256=F6A345E2F07F0CBC4EFF7D4FF06AE88A814A98FDF100C7BF7351168C73916A98;tools/python/catalog_map_transition_candidates.py;tools/python/catalog_map_selectors.py;C4:8B6A;C4:8BE2
,,,,0xAC,6,0x77,vm_opcode_0x56_terminal,CD:33D3,,pack=0xAC;record=6;entry=0x77,,0xAC,0x05,cfg_t49_l176_v2,176,49,2,,,,,,bounded substream tail; destination record0 entry 0x05 exists,strong_candidate,"C4:8B6A handler for opcode 0x56 stores operand1 to $15D0/$0305, copies old $0305 to $15CF, stores operand2 to $13B8/$13B9, calls 81:837F, and advances three bytes; exact bounded tail ends in compact B0",canonical_rom_sha256=F6A345E2F07F0CBC4EFF7D4FF06AE88A814A98FDF100C7BF7351168C73916A98;tools/python/catalog_map_transition_candidates.py;tools/python/catalog_map_selectors.py;C4:8B6A;C4:8BE2
,,,,0xAC,7,0x77,vm_opcode_0x56_terminal,CD:33E0,,pack=0xAC;record=7;entry=0x77,,0xAC,0x08,cfg_t49_l176_v2,176,49,2,,,,,,bounded substream tail; destination record0 entry 0x08 exists,strong_candidate,"C4:8B6A handler for opcode 0x56 stores operand1 to $15D0/$0305, copies old $0305 to $15CF, stores operand2 to $13B8/$13B9, calls 81:837F, and advances three bytes; exact bounded tail ends in compact B0",canonical_rom_sha256=F6A345E2F07F0CBC4EFF7D4FF06AE88A814A98FDF100C7BF7351168C73916A98;tools/python/catalog_map_transition_candidates.py;tools/python/catalog_map_selectors.py;C4:8B6A;C4:8BE2
,,,,0xAC,8,0x77,vm_opcode_0x56_terminal,CD:33ED,,pack=0xAC;record=8;entry=0x77,,0xAC,0x07,cfg_t49_l176_v2,176,49,2,,,,,,bounded substream tail; destination record0 entry 0x07 exists,strong_candidate,"C4:8B6A handler for opcode 0x56 stores operand1 to $15D0/$0305, copies old $0305 to $15CF, stores operand2 to $13B8/$13B9, calls 81:837F, and advances three bytes; exact bounded tail ends in compact B0",canonical_rom_sha256=F6A345E2F07F0CBC4EFF7D4FF06AE88A814A98FDF100C7BF7351168C73916A98;tools/python/catalog_map_transition_candidates.py;tools/python/catalog_map_selectors.py;C4:8B6A;C4:8BE2
,,,,0xAC,9,0x77,vm_opcode_0x56_terminal,CD:33FA,,pack=0xAC;record=9;entry=0x77,,0xAC,0x0A,cfg_t49_l176_v2,176,49,2,,,,,,bounded substream tail; destination record0 entry 0x0A exists,strong_candidate,"C4:8B6A handler for opcode 0x56 stores operand1 to $15D0/$0305, copies old $0305 to $15CF, stores operand2 to $13B8/$13B9, calls 81:837F, and advances three bytes; exact bounded tail ends in compact B0",canonical_rom_sha256=F6A345E2F07F0CBC4EFF7D4FF06AE88A814A98FDF100C7BF7351168C73916A98;tools/python/catalog_map_transition_candidates.py;tools/python/catalog_map_selectors.py;C4:8B6A;C4:8BE2
,,,,0xAC,10,0x77,vm_opcode_0x56_terminal,CD:3407,,pack=0xAC;record=10;entry=0x77,,0xAC,0x09,cfg_t49_l176_v2,176,49,2,,,,,,bounded substream tail; destination record0 entry 0x09 exists,strong_candidate,"C4:8B6A handler for opcode 0x56 stores operand1 to $15D0/$0305, copies old $0305 to $15CF, stores operand2 to $13B8/$13B9, calls 81:837F, and advances three bytes; exact bounded tail ends in compact B0",canonical_rom_sha256=F6A345E2F07F0CBC4EFF7D4FF06AE88A814A98FDF100C7BF7351168C73916A98;tools/python/catalog_map_transition_candidates.py;tools/python/catalog_map_selectors.py;C4:8B6A;C4:8BE2
,,,,0xAC,11,0x77,vm_opcode_0x56_terminal,CD:3414,,pack=0xAC;record=11;entry=0x77,,0xAC,0x0C,cfg_t49_l176_v2,176,49,2,,,,,,bounded substream tail; destination record0 entry 0x0C exists,strong_candidate,"C4:8B6A handler for opcode 0x56 stores operand1 to $15D0/$0305, copies old $0305 to $15CF, stores operand2 to $13B8/$13B9, calls 81:837F, and advances three bytes; exact bounded tail ends in compact B0",canonical_rom_sha256=F6A345E2F07F0CBC4EFF7D4FF06AE88A814A98FDF100C7BF7351168C73916A98;tools/python/catalog_map_transition_candidates.py;tools/python/catalog_map_selectors.py;C4:8B6A;C4:8BE2
,,,,0xAC,12,0x77,vm_opcode_0x56_terminal,CD:3421,,pack=0xAC;record=12;entry=0x77,,0xAC,0x0B,cfg_t49_l176_v2,176,49,2,,,,,,bounded substream tail; destination record0 entry 0x0B exists,strong_candidate,"C4:8B6A handler for opcode 0x56 stores operand1 to $15D0/$0305, copies old $0305 to $15CF, stores operand2 to $13B8/$13B9, calls 81:837F, and advances three bytes; exact bounded tail ends in compact B0",canonical_rom_sha256=F6A345E2F07F0CBC4EFF7D4FF06AE88A814A98FDF100C7BF7351168C73916A98;tools/python/catalog_map_transition_candidates.py;tools/python/catalog_map_selectors.py;C4:8B6A;C4:8BE2
,,,,0xAC,13,0x77,vm_opcode_0x56_terminal,CD:342E,,pack=0xAC;record=13;entry=0x77,,0xAC,0x0E,cfg_t49_l176_v2,176,49,2,,,,,,bounded substream tail; destination record0 entry 0x0E exists,strong_candidate,"C4:8B6A handler for opcode 0x56 stores operand1 to $15D0/$0305, copies old $0305 to $15CF, stores operand2 to $13B8/$13B9, calls 81:837F, and advances three bytes; exact bounded tail ends in compact B0",canonical_rom_sha256=F6A345E2F07F0CBC4EFF7D4FF06AE88A814A98FDF100C7BF7351168C73916A98;tools/python/catalog_map_transition_candidates.py;tools/python/catalog_map_selectors.py;C4:8B6A;C4:8BE2
,,,,0xAC,14,0x77,vm_opcode_0x56_terminal,CD:343B,,pack=0xAC;record=14;entry=0x77,,0xAC,0x0D,cfg_t49_l176_v2,176,49,2,,,,,,bounded substream tail; destination record0 entry 0x0D exists,strong_candidate,"C4:8B6A handler for opcode 0x56 stores operand1 to $15D0/$0305, copies old $0305 to $15CF, stores operand2 to $13B8/$13B9, calls 81:837F, and advances three bytes; exact bounded tail ends in compact B0",canonical_rom_sha256=F6A345E2F07F0CBC4EFF7D4FF06AE88A814A98FDF100C7BF7351168C73916A98;tools/python/catalog_map_transition_candidates.py;tools/python/catalog_map_selectors.py;C4:8B6A;C4:8BE2
,,,,0xAE,2,0x77,vm_opcode_0x56_terminal,CD:38B4,,pack=0xAE;record=2;entry=0x77,,0xAE,0x03,cfg_t11_l101_v2,101,11,2,,,,,,bounded substream tail; destination record0 entry 0x03 exists,strong_candidate,"C4:8B6A handler for opcode 0x56 stores operand1 to $15D0/$0305, copies old $0305 to $15CF, stores operand2 to $13B8/$13B9, calls 81:837F, and advances three bytes; exact bounded tail ends in compact B0",canonical_rom_sha256=F6A345E2F07F0CBC4EFF7D4FF06AE88A814A98FDF100C7BF7351168C73916A98;tools/python/catalog_map_transition_candidates.py;tools/python/catalog_map_selectors.py;C4:8B6A;C4:8BE2
,,,,0xAE,3,0x77,vm_opcode_0x56_terminal,CD:38C1,,pack=0xAE;record=3;entry=0x77,,0xAE,0x04,cfg_t11_l101_v2,101,11,2,,,,,,bounded substream tail; destination record0 entry 0x04 exists,strong_candidate,"C4:8B6A handler for opcode 0x56 stores operand1 to $15D0/$0305, copies old $0305 to $15CF, stores operand2 to $13B8/$13B9, calls 81:837F, and advances three bytes; exact bounded tail ends in compact B0",canonical_rom_sha256=F6A345E2F07F0CBC4EFF7D4FF06AE88A814A98FDF100C7BF7351168C73916A98;tools/python/catalog_map_transition_candidates.py;tools/python/catalog_map_selectors.py;C4:8B6A;C4:8BE2
,,,,0xAE,4,0x77,vm_opcode_0x56_terminal,CD:38CE,,pack=0xAE;record=4;entry=0x77,,0xAE,0x07,cfg_t11_l101_v2,101,11,2,,,,,,bounded substream tail; destination record0 entry 0x07 exists,strong_candidate,"C4:8B6A handler for opcode 0x56 stores operand1 to $15D0/$0305, copies old $0305 to $15CF, stores operand2 to $13B8/$13B9, calls 81:837F, and advances three bytes; exact bounded tail ends in compact B0",canonical_rom_sha256=F6A345E2F07F0CBC4EFF7D4FF06AE88A814A98FDF100C7BF7351168C73916A98;tools/python/catalog_map_transition_candidates.py;tools/python/catalog_map_selectors.py;C4:8B6A;C4:8BE2
,,,,0xAE,5,0x77,vm_opcode_0x56_terminal,CD:38DB,,pack=0xAE;record=5;entry=0x77,,0xAE,0x08,cfg_t11_l101_v2,101,11,2,,,,,,bounded substream tail; destination record0 entry 0x08 exists,strong_candidate,"C4:8B6A handler for opcode 0x56 stores operand1 to $15D0/$0305, copies old $0305 to $15CF, stores operand2 to $13B8/$13B9, calls 81:837F, and advances three bytes; exact bounded tail ends in compact B0",canonical_rom_sha256=F6A345E2F07F0CBC4EFF7D4FF06AE88A814A98FDF100C7BF7351168C73916A98;tools/python/catalog_map_transition_candidates.py;tools/python/catalog_map_selectors.py;C4:8B6A;C4:8BE2
,,,,0xAE,6,0x77,vm_opcode_0x56_terminal,CD:38E8,,pack=0xAE;record=6;entry=0x77,,0xAE,0x05,cfg_t11_l101_v2,101,11,2,,,,,,bounded substream tail; destination record0 entry 0x05 exists,strong_candidate,"C4:8B6A handler for opcode 0x56 stores operand1 to $15D0/$0305, copies old $0305 to $15CF, stores operand2 to $13B8/$13B9, calls 81:837F, and advances three bytes; exact bounded tail ends in compact B0",canonical_rom_sha256=F6A345E2F07F0CBC4EFF7D4FF06AE88A814A98FDF100C7BF7351168C73916A98;tools/python/catalog_map_transition_candidates.py;tools/python/catalog_map_selectors.py;C4:8B6A;C4:8BE2
,,,,0xAE,7,0x77,vm_opcode_0x56_terminal,CD:38F5,,pack=0xAE;record=7;entry=0x77,,0xAE,0x06,cfg_t11_l101_v2,101,11,2,,,,,,bounded substream tail; destination record0 entry 0x06 exists,strong_candidate,"C4:8B6A handler for opcode 0x56 stores operand1 to $15D0/$0305, copies old $0305 to $15CF, stores operand2 to $13B8/$13B9, calls 81:837F, and advances three bytes; exact bounded tail ends in compact B0",canonical_rom_sha256=F6A345E2F07F0CBC4EFF7D4FF06AE88A814A98FDF100C7BF7351168C73916A98;tools/python/catalog_map_transition_candidates.py;tools/python/catalog_map_selectors.py;C4:8B6A;C4:8BE2
,,,,0xAE,8,0x77,vm_opcode_0x56_terminal,CD:3902,,pack=0xAE;record=8;entry=0x77,,0xAE,0x09,cfg_t11_l101_v2,101,11,2,,,,,,bounded substream tail; destination record0 entry 0x09 exists,strong_candidate,"C4:8B6A handler for opcode 0x56 stores operand1 to $15D0/$0305, copies old $0305 to $15CF, stores operand2 to $13B8/$13B9, calls 81:837F, and advances three bytes; exact bounded tail ends in compact B0",canonical_rom_sha256=F6A345E2F07F0CBC4EFF7D4FF06AE88A814A98FDF100C7BF7351168C73916A98;tools/python/catalog_map_transition_candidates.py;tools/python/catalog_map_selectors.py;C4:8B6A;C4:8BE2
,,,,0xAE,9,0x77,vm_opcode_0x56_terminal,CD:390F,,pack=0xAE;record=9;entry=0x77,,0xAE,0x0A,cfg_t11_l101_v2,101,11,2,,,,,,bounded substream tail; destination record0 entry 0x0A exists,strong_candidate,"C4:8B6A handler for opcode 0x56 stores operand1 to $15D0/$0305, copies old $0305 to $15CF, stores operand2 to $13B8/$13B9, calls 81:837F, and advances three bytes; exact bounded tail ends in compact B0",canonical_rom_sha256=F6A345E2F07F0CBC4EFF7D4FF06AE88A814A98FDF100C7BF7351168C73916A98;tools/python/catalog_map_transition_candidates.py;tools/python/catalog_map_selectors.py;C4:8B6A;C4:8BE2
,,,,0xAE,10,0x77,vm_opcode_0x56_terminal,CD:391C,,pack=0xAE;record=10;entry=0x77,,0xAF,0x02,cfg_t11_l101_v2,101,11,2,,,,,,bounded substream tail; destination record0 entry 0x02 exists,strong_candidate,"C4:8B6A handler for opcode 0x56 stores operand1 to $15D0/$0305, copies old $0305 to $15CF, stores operand2 to $13B8/$13B9, calls 81:837F, and advances three bytes; exact bounded tail ends in compact B0",canonical_rom_sha256=F6A345E2F07F0CBC4EFF7D4FF06AE88A814A98FDF100C7BF7351168C73916A98;tools/python/catalog_map_transition_candidates.py;tools/python/catalog_map_selectors.py;C4:8B6A;C4:8BE2
,,,,0xAE,11,0x77,vm_opcode_0x56_terminal,CD:3929,,pack=0xAE;record=11;entry=0x77,,0xAF,0x0B,cfg_t11_l101_v2,101,11,2,,,,,,bounded substream tail; destination record0 entry 0x0B exists,strong_candidate,"C4:8B6A handler for opcode 0x56 stores operand1 to $15D0/$0305, copies old $0305 to $15CF, stores operand2 to $13B8/$13B9, calls 81:837F, and advances three bytes; exact bounded tail ends in compact B0",canonical_rom_sha256=F6A345E2F07F0CBC4EFF7D4FF06AE88A814A98FDF100C7BF7351168C73916A98;tools/python/catalog_map_transition_candidates.py;tools/python/catalog_map_selectors.py;C4:8B6A;C4:8BE2
,,,,0xAE,12,0x77,vm_opcode_0x56_terminal,CD:3936,,pack=0xAE;record=12;entry=0x77,,0xAE,0x10,cfg_t11_l101_v2,101,11,2,,,,,,bounded substream tail; destination record0 entry 0x10 exists,strong_candidate,"C4:8B6A handler for opcode 0x56 stores operand1 to $15D0/$0305, copies old $0305 to $15CF, stores operand2 to $13B8/$13B9, calls 81:837F, and advances three bytes; exact bounded tail ends in compact B0",canonical_rom_sha256=F6A345E2F07F0CBC4EFF7D4FF06AE88A814A98FDF100C7BF7351168C73916A98;tools/python/catalog_map_transition_candidates.py;tools/python/catalog_map_selectors.py;C4:8B6A;C4:8BE2
,,,,0xAE,13,0x77,vm_opcode_0x56_terminal,CD:3943,,pack=0xAE;record=13;entry=0x77,,0xAE,0x11,cfg_t11_l101_v2,101,11,2,,,,,,bounded substream tail; destination record0 entry 0x11 exists,strong_candidate,"C4:8B6A handler for opcode 0x56 stores operand1 to $15D0/$0305, copies old $0305 to $15CF, stores operand2 to $13B8/$13B9, calls 81:837F, and advances three bytes; exact bounded tail ends in compact B0",canonical_rom_sha256=F6A345E2F07F0CBC4EFF7D4FF06AE88A814A98FDF100C7BF7351168C73916A98;tools/python/catalog_map_transition_candidates.py;tools/python/catalog_map_selectors.py;C4:8B6A;C4:8BE2
,,,,0xAE,14,0x77,vm_opcode_0x56_terminal,CD:3950,,pack=0xAE;record=14;entry=0x77,,0xAE,0x0D,cfg_t11_l101_v2,101,11,2,,,,,,bounded substream tail; destination record0 entry 0x0D exists,strong_candidate,"C4:8B6A handler for opcode 0x56 stores operand1 to $15D0/$0305, copies old $0305 to $15CF, stores operand2 to $13B8/$13B9, calls 81:837F, and advances three bytes; exact bounded tail ends in compact B0",canonical_rom_sha256=F6A345E2F07F0CBC4EFF7D4FF06AE88A814A98FDF100C7BF7351168C73916A98;tools/python/catalog_map_transition_candidates.py;tools/python/catalog_map_selectors.py;C4:8B6A;C4:8BE2
,,,,0xAE,15,0x77,vm_opcode_0x56_terminal,CD:395D,,pack=0xAE;record=15;entry=0x77,,0xAE,0x0E,cfg_t11_l101_v2,101,11,2,,,,,,bounded substream tail; destination record0 entry 0x0E exists,strong_candidate,"C4:8B6A handler for opcode 0x56 stores operand1 to $15D0/$0305, copies old $0305 to $15CF, stores operand2 to $13B8/$13B9, calls 81:837F, and advances three bytes; exact bounded tail ends in compact B0",canonical_rom_sha256=F6A345E2F07F0CBC4EFF7D4FF06AE88A814A98FDF100C7BF7351168C73916A98;tools/python/catalog_map_transition_candidates.py;tools/python/catalog_map_selectors.py;C4:8B6A;C4:8BE2
,,,,0xAE,16,0x77,vm_opcode_0x56_terminal,CD:396A,,pack=0xAE;record=16;entry=0x77,,0xB0,0x02,cfg_t11_l101_v2,101,11,2,41,12,41,12,CD:4073,bounded substream tail; destination record0 entry 0x02 exists; destination entry has aligned 0x58 coordinate setter at CD:4073,strong_candidate,"C4:8B6A handler for opcode 0x56 stores operand1 to $15D0/$0305, copies old $0305 to $15CF, stores operand2 to $13B8/$13B9, calls 81:837F, and advances three bytes; exact bounded tail ends in compact B0; C4:8BE2 opcode 0x58 writes destination entry operands to $1573/$157D/$15C3/$15C4",canonical_rom_sha256=F6A345E2F07F0CBC4EFF7D4FF06AE88A814A98FDF100C7BF7351168C73916A98;tools/python/catalog_map_transition_candidates.py;tools/python/catalog_map_selectors.py;C4:8B6A;C4:8BE2
,,,,0xAE,17,0x77,vm_opcode_0x56_terminal,CD:3977,,pack=0xAE;record=17;entry=0x77,,0xAF,0x1A,cfg_t11_l101_v2,101,11,2,,,,,,bounded substream tail; destination record0 entry 0x1A exists,strong_candidate,"C4:8B6A handler for opcode 0x56 stores operand1 to $15D0/$0305, copies old $0305 to $15CF, stores operand2 to $13B8/$13B9, calls 81:837F, and advances three bytes; exact bounded tail ends in compact B0",canonical_rom_sha256=F6A345E2F07F0CBC4EFF7D4FF06AE88A814A98FDF100C7BF7351168C73916A98;tools/python/catalog_map_transition_candidates.py;tools/python/catalog_map_selectors.py;C4:8B6A;C4:8BE2
,,,,0xAE,33,0x79,vm_opcode_0x56_terminal,CD:3C49,,pack=0xAE;record=33;entry=0x79,,0xAE,0x1E,cfg_t11_l101_v2,101,11,2,,,,,,bounded substream tail; destination record0 entry 0x1E exists,strong_candidate,"C4:8B6A handler for opcode 0x56 stores operand1 to $15D0/$0305, copies old $0305 to $15CF, stores operand2 to $13B8/$13B9, calls 81:837F, and advances three bytes; exact bounded tail ends in compact B0",canonical_rom_sha256=F6A345E2F07F0CBC4EFF7D4FF06AE88A814A98FDF100C7BF7351168C73916A98;tools/python/catalog_map_transition_candidates.py;tools/python/catalog_map_selectors.py;C4:8B6A;C4:8BE2
,,,,0xAE,33,0x41,vm_opcode_0x56_terminal,CD:3C51,,pack=0xAE;record=33;entry=0x41,,0xAF,0x1D,cfg_t11_l101_v2,101,11,2,,,,,,bounded substream tail; destination record0 entry 0x1D exists,strong_candidate,"C4:8B6A handler for opcode 0x56 stores operand1 to $15D0/$0305, copies old $0305 to $15CF, stores operand2 to $13B8/$13B9, calls 81:837F, and advances three bytes; exact bounded tail ends in compact B0",canonical_rom_sha256=F6A345E2F07F0CBC4EFF7D4FF06AE88A814A98FDF100C7BF7351168C73916A98;tools/python/catalog_map_transition_candidates.py;tools/python/catalog_map_selectors.py;C4:8B6A;C4:8BE2
,,,,0xAF,1,0x77,vm_opcode_0x56_terminal,CD:3EB4,,pack=0xAF;record=1;entry=0x77,,0xAE,0x0B,cfg_t11_l101_v2,101,11,2,,,,,,bounded substream tail; destination record0 entry 0x0B exists,strong_candidate,"C4:8B6A handler for opcode 0x56 stores operand1 to $15D0/$0305, copies old $0305 to $15CF, stores operand2 to $13B8/$13B9, calls 81:837F, and advances three bytes; exact bounded tail ends in compact B0",canonical_rom_sha256=F6A345E2F07F0CBC4EFF7D4FF06AE88A814A98FDF100C7BF7351168C73916A98;tools/python/catalog_map_transition_candidates.py;tools/python/catalog_map_selectors.py;C4:8B6A;C4:8BE2
,,,,0xAF,2,0x77,vm_opcode_0x56_terminal,CD:3EC1,,pack=0xAF;record=2;entry=0x77,,0xAF,0x03,cfg_t11_l101_v2,101,11,2,,,,,,bounded substream tail; destination record0 entry 0x03 exists,strong_candidate,"C4:8B6A handler for opcode 0x56 stores operand1 to $15D0/$0305, copies old $0305 to $15CF, stores operand2 to $13B8/$13B9, calls 81:837F, and advances three bytes; exact bounded tail ends in compact B0",canonical_rom_sha256=F6A345E2F07F0CBC4EFF7D4FF06AE88A814A98FDF100C7BF7351168C73916A98;tools/python/catalog_map_transition_candidates.py;tools/python/catalog_map_selectors.py;C4:8B6A;C4:8BE2
,,,,0xAF,3,0x77,vm_opcode_0x56_terminal,CD:3ECE,,pack=0xAF;record=3;entry=0x77,,0xAF,0x04,cfg_t11_l101_v2,101,11,2,,,,,,bounded substream tail; destination record0 entry 0x04 exists,strong_candidate,"C4:8B6A handler for opcode 0x56 stores operand1 to $15D0/$0305, copies old $0305 to $15CF, stores operand2 to $13B8/$13B9, calls 81:837F, and advances three bytes; exact bounded tail ends in compact B0",canonical_rom_sha256=F6A345E2F07F0CBC4EFF7D4FF06AE88A814A98FDF100C7BF7351168C73916A98;tools/python/catalog_map_transition_candidates.py;tools/python/catalog_map_selectors.py;C4:8B6A;C4:8BE2
,,,,0xAF,4,0x77,vm_opcode_0x56_terminal,CD:3EDB,,pack=0xAF;record=4;entry=0x77,,0xAF,0x05,cfg_t11_l101_v2,101,11,2,,,,,,bounded substream tail; destination record0 entry 0x05 exists,strong_candidate,"C4:8B6A handler for opcode 0x56 stores operand1 to $15D0/$0305, copies old $0305 to $15CF, stores operand2 to $13B8/$13B9, calls 81:837F, and advances three bytes; exact bounded tail ends in compact B0",canonical_rom_sha256=F6A345E2F07F0CBC4EFF7D4FF06AE88A814A98FDF100C7BF7351168C73916A98;tools/python/catalog_map_transition_candidates.py;tools/python/catalog_map_selectors.py;C4:8B6A;C4:8BE2
,,,,0xAF,5,0x77,vm_opcode_0x56_terminal,CD:3EE8,,pack=0xAF;record=5;entry=0x77,,0xAF,0x06,cfg_t11_l101_v2,101,11,2,,,,,,bounded substream tail; destination record0 entry 0x06 exists,strong_candidate,"C4:8B6A handler for opcode 0x56 stores operand1 to $15D0/$0305, copies old $0305 to $15CF, stores operand2 to $13B8/$13B9, calls 81:837F, and advances three bytes; exact bounded tail ends in compact B0",canonical_rom_sha256=F6A345E2F07F0CBC4EFF7D4FF06AE88A814A98FDF100C7BF7351168C73916A98;tools/python/catalog_map_transition_candidates.py;tools/python/catalog_map_selectors.py;C4:8B6A;C4:8BE2
,,,,0xAF,6,0x77,vm_opcode_0x56_terminal,CD:3EF5,,pack=0xAF;record=6;entry=0x77,,0xAF,0x09,cfg_t11_l101_v2,101,11,2,,,,,,bounded substream tail; destination record0 entry 0x09 exists,strong_candidate,"C4:8B6A handler for opcode 0x56 stores operand1 to $15D0/$0305, copies old $0305 to $15CF, stores operand2 to $13B8/$13B9, calls 81:837F, and advances three bytes; exact bounded tail ends in compact B0",canonical_rom_sha256=F6A345E2F07F0CBC4EFF7D4FF06AE88A814A98FDF100C7BF7351168C73916A98;tools/python/catalog_map_transition_candidates.py;tools/python/catalog_map_selectors.py;C4:8B6A;C4:8BE2
,,,,0xAF,7,0x77,vm_opcode_0x56_terminal,CD:3F02,,pack=0xAF;record=7;entry=0x77,,0xAF,0x0A,cfg_t11_l101_v2,101,11,2,,,,,,bounded substream tail; destination record0 entry 0x0A exists,strong_candidate,"C4:8B6A handler for opcode 0x56 stores operand1 to $15D0/$0305, copies old $0305 to $15CF, stores operand2 to $13B8/$13B9, calls 81:837F, and advances three bytes; exact bounded tail ends in compact B0",canonical_rom_sha256=F6A345E2F07F0CBC4EFF7D4FF06AE88A814A98FDF100C7BF7351168C73916A98;tools/python/catalog_map_transition_candidates.py;tools/python/catalog_map_selectors.py;C4:8B6A;C4:8BE2
,,,,0xAF,8,0x77,vm_opcode_0x56_terminal,CD:3F0F,,pack=0xAF;record=8;entry=0x77,,0xAF,0x07,cfg_t11_l101_v2,101,11,2,,,,,,bounded substream tail; destination record0 entry 0x07 exists,strong_candidate,"C4:8B6A handler for opcode 0x56 stores operand1 to $15D0/$0305, copies old $0305 to $15CF, stores operand2 to $13B8/$13B9, calls 81:837F, and advances three bytes; exact bounded tail ends in compact B0",canonical_rom_sha256=F6A345E2F07F0CBC4EFF7D4FF06AE88A814A98FDF100C7BF7351168C73916A98;tools/python/catalog_map_transition_candidates.py;tools/python/catalog_map_selectors.py;C4:8B6A;C4:8BE2
,,,,0xAF,9,0x77,vm_opcode_0x56_terminal,CD:3F1C,,pack=0xAF;record=9;entry=0x77,,0xAF,0x08,cfg_t11_l101_v2,101,11,2,,,,,,bounded substream tail; destination record0 entry 0x08 exists,strong_candidate,"C4:8B6A handler for opcode 0x56 stores operand1 to $15D0/$0305, copies old $0305 to $15CF, stores operand2 to $13B8/$13B9, calls 81:837F, and advances three bytes; exact bounded tail ends in compact B0",canonical_rom_sha256=F6A345E2F07F0CBC4EFF7D4FF06AE88A814A98FDF100C7BF7351168C73916A98;tools/python/catalog_map_transition_candidates.py;tools/python/catalog_map_selectors.py;C4:8B6A;C4:8BE2
,,,,0xAF,10,0x77,vm_opcode_0x56_terminal,CD:3F29,,pack=0xAF;record=10;entry=0x77,,0xAE,0x0C,cfg_t11_l101_v2,101,11,2,,,,,,bounded substream tail; destination record0 entry 0x0C exists,strong_candidate,"C4:8B6A handler for opcode 0x56 stores operand1 to $15D0/$0305, copies old $0305 to $15CF, stores operand2 to $13B8/$13B9, calls 81:837F, and advances three bytes; exact bounded tail ends in compact B0",canonical_rom_sha256=F6A345E2F07F0CBC4EFF7D4FF06AE88A814A98FDF100C7BF7351168C73916A98;tools/python/catalog_map_transition_candidates.py;tools/python/catalog_map_selectors.py;C4:8B6A;C4:8BE2
,,,,0xAF,11,0x77,vm_opcode_0x56_terminal,CD:3F36,,pack=0xAF;record=11;entry=0x77,,0xAE,0x1A,cfg_t11_l101_v2,101,11,2,,,,,,bounded substream tail; destination record0 entry 0x1A exists,strong_candidate,"C4:8B6A handler for opcode 0x56 stores operand1 to $15D0/$0305, copies old $0305 to $15CF, stores operand2 to $13B8/$13B9, calls 81:837F, and advances three bytes; exact bounded tail ends in compact B0",canonical_rom_sha256=F6A345E2F07F0CBC4EFF7D4FF06AE88A814A98FDF100C7BF7351168C73916A98;tools/python/catalog_map_transition_candidates.py;tools/python/catalog_map_selectors.py;C4:8B6A;C4:8BE2
,,,,0xAF,16,0x40,vm_opcode_0x56_terminal,CD:3FDD,,pack=0xAF;record=16;entry=0x40,,0xAF,0x1E,cfg_t11_l101_v2,101,11,2,,,,,,bounded substream tail; destination record0 entry 0x1E exists,strong_candidate,"C4:8B6A handler for opcode 0x56 stores operand1 to $15D0/$0305, copies old $0305 to $15CF, stores operand2 to $13B8/$13B9, calls 81:837F, and advances three bytes; exact bounded tail ends in compact B0",canonical_rom_sha256=F6A345E2F07F0CBC4EFF7D4FF06AE88A814A98FDF100C7BF7351168C73916A98;tools/python/catalog_map_transition_candidates.py;tools/python/catalog_map_selectors.py;C4:8B6A;C4:8BE2
,,,,0xB0,1,0x77,vm_opcode_0x56_terminal,CD:40A6,,pack=0xB0;record=1;entry=0x77,,0xAE,0x0F,cfg_t11_l101_v2,101,11,2,,,,,,bounded substream tail; destination record0 entry 0x0F exists,strong_candidate,"C4:8B6A handler for opcode 0x56 stores operand1 to $15D0/$0305, copies old $0305 to $15CF, stores operand2 to $13B8/$13B9, calls 81:837F, and advances three bytes; exact bounded tail ends in compact B0",canonical_rom_sha256=F6A345E2F07F0CBC4EFF7D4FF06AE88A814A98FDF100C7BF7351168C73916A98;tools/python/catalog_map_transition_candidates.py;tools/python/catalog_map_selectors.py;C4:8B6A;C4:8BE2
,,,,0xB1,2,0x77,vm_opcode_0x56_terminal,CD:4395,,pack=0xB1;record=2;entry=0x77,,0xB2,0x02,cfg_t29_l138_v2,138,29,2,,,,,,bounded substream tail; destination record0 entry 0x02 exists,strong_candidate,"C4:8B6A handler for opcode 0x56 stores operand1 to $15D0/$0305, copies old $0305 to $15CF, stores operand2 to $13B8/$13B9, calls 81:837F, and advances three bytes; exact bounded tail ends in compact B0",canonical_rom_sha256=F6A345E2F07F0CBC4EFF7D4FF06AE88A814A98FDF100C7BF7351168C73916A98;tools/python/catalog_map_transition_candidates.py;tools/python/catalog_map_selectors.py;C4:8B6A;C4:8BE2
,,,,0xB1,3,0x77,vm_opcode_0x56_terminal,CD:43A2,,pack=0xB1;record=3;entry=0x77,,0xB2,0x0D,cfg_t29_l138_v2,138,29,2,,,,,,bounded substream tail; destination record0 entry 0x0D exists,strong_candidate,"C4:8B6A handler for opcode 0x56 stores operand1 to $15D0/$0305, copies old $0305 to $15CF, stores operand2 to $13B8/$13B9, calls 81:837F, and advances three bytes; exact bounded tail ends in compact B0",canonical_rom_sha256=F6A345E2F07F0CBC4EFF7D4FF06AE88A814A98FDF100C7BF7351168C73916A98;tools/python/catalog_map_transition_candidates.py;tools/python/catalog_map_selectors.py;C4:8B6A;C4:8BE2
,,,,0xB1,4,0x77,vm_opcode_0x56_terminal,CD:43AF,,pack=0xB1;record=4;entry=0x77,,0xB2,0x0E,cfg_t29_l138_v2,138,29,2,,,,,,bounded substream tail; destination record0 entry 0x0E exists,strong_candidate,"C4:8B6A handler for opcode 0x56 stores operand1 to $15D0/$0305, copies old $0305 to $15CF, stores operand2 to $13B8/$13B9, calls 81:837F, and advances three bytes; exact bounded tail ends in compact B0",canonical_rom_sha256=F6A345E2F07F0CBC4EFF7D4FF06AE88A814A98FDF100C7BF7351168C73916A98;tools/python/catalog_map_transition_candidates.py;tools/python/catalog_map_selectors.py;C4:8B6A;C4:8BE2
,,,,0xB1,5,0x77,vm_opcode_0x56_terminal,CD:43BC,,pack=0xB1;record=5;entry=0x77,,0xB2,0x0F,cfg_t29_l138_v2,138,29,2,,,,,,bounded substream tail; destination record0 entry 0x0F exists,strong_candidate,"C4:8B6A handler for opcode 0x56 stores operand1 to $15D0/$0305, copies old $0305 to $15CF, stores operand2 to $13B8/$13B9, calls 81:837F, and advances three bytes; exact bounded tail ends in compact B0",canonical_rom_sha256=F6A345E2F07F0CBC4EFF7D4FF06AE88A814A98FDF100C7BF7351168C73916A98;tools/python/catalog_map_transition_candidates.py;tools/python/catalog_map_selectors.py;C4:8B6A;C4:8BE2
,,,,0xB1,6,0x77,vm_opcode_0x56_terminal,CD:43C9,,pack=0xB1;record=6;entry=0x77,,0xB3,0x08,cfg_t29_l138_v2,138,29,2,,,,,,bounded substream tail; destination record0 entry 0x08 exists,strong_candidate,"C4:8B6A handler for opcode 0x56 stores operand1 to $15D0/$0305, copies old $0305 to $15CF, stores operand2 to $13B8/$13B9, calls 81:837F, and advances three bytes; exact bounded tail ends in compact B0",canonical_rom_sha256=F6A345E2F07F0CBC4EFF7D4FF06AE88A814A98FDF100C7BF7351168C73916A98;tools/python/catalog_map_transition_candidates.py;tools/python/catalog_map_selectors.py;C4:8B6A;C4:8BE2
,,,,0xB1,7,0x77,vm_opcode_0x56_terminal,CD:43D6,,pack=0xB1;record=7;entry=0x77,,0xB3,0x09,cfg_t29_l138_v2,138,29,2,,,,,,bounded substream tail; destination record0 entry 0x09 exists,strong_candidate,"C4:8B6A handler for opcode 0x56 stores operand1 to $15D0/$0305, copies old $0305 to $15CF, stores operand2 to $13B8/$13B9, calls 81:837F, and advances three bytes; exact bounded tail ends in compact B0",canonical_rom_sha256=F6A345E2F07F0CBC4EFF7D4FF06AE88A814A98FDF100C7BF7351168C73916A98;tools/python/catalog_map_transition_candidates.py;tools/python/catalog_map_selectors.py;C4:8B6A;C4:8BE2
,,,,0xB1,8,0x77,vm_opcode_0x56_terminal,CD:43E3,,pack=0xB1;record=8;entry=0x77,,0xB3,0x0A,cfg_t29_l138_v2,138,29,2,,,,,,bounded substream tail; destination record0 entry 0x0A exists,strong_candidate,"C4:8B6A handler for opcode 0x56 stores operand1 to $15D0/$0305, copies old $0305 to $15CF, stores operand2 to $13B8/$13B9, calls 81:837F, and advances three bytes; exact bounded tail ends in compact B0",canonical_rom_sha256=F6A345E2F07F0CBC4EFF7D4FF06AE88A814A98FDF100C7BF7351168C73916A98;tools/python/catalog_map_transition_candidates.py;tools/python/catalog_map_selectors.py;C4:8B6A;C4:8BE2
,,,,0xB1,9,0x77,vm_opcode_0x56_terminal,CD:43F0,,pack=0xB1;record=9;entry=0x77,,0xB3,0x0B,cfg_t29_l138_v2,138,29,2,,,,,,bounded substream tail; destination record0 entry 0x0B exists,strong_candidate,"C4:8B6A handler for opcode 0x56 stores operand1 to $15D0/$0305, copies old $0305 to $15CF, stores operand2 to $13B8/$13B9, calls 81:837F, and advances three bytes; exact bounded tail ends in compact B0",canonical_rom_sha256=F6A345E2F07F0CBC4EFF7D4FF06AE88A814A98FDF100C7BF7351168C73916A98;tools/python/catalog_map_transition_candidates.py;tools/python/catalog_map_selectors.py;C4:8B6A;C4:8BE2
,,,,0xB1,10,0x77,vm_opcode_0x56_terminal,CD:43FD,,pack=0xB1;record=10;entry=0x77,,0xB4,0x0A,cfg_t29_l138_v2,138,29,2,,,,,,bounded substream tail; destination record0 entry 0x0A exists,strong_candidate,"C4:8B6A handler for opcode 0x56 stores operand1 to $15D0/$0305, copies old $0305 to $15CF, stores operand2 to $13B8/$13B9, calls 81:837F, and advances three bytes; exact bounded tail ends in compact B0",canonical_rom_sha256=F6A345E2F07F0CBC4EFF7D4FF06AE88A814A98FDF100C7BF7351168C73916A98;tools/python/catalog_map_transition_candidates.py;tools/python/catalog_map_selectors.py;C4:8B6A;C4:8BE2
,,,,0xB1,11,0x77,vm_opcode_0x56_terminal,CD:440A,,pack=0xB1;record=11;entry=0x77,,0xB4,0x0B,cfg_t29_l138_v2,138,29,2,,,,,,bounded substream tail; destination record0 entry 0x0B exists,strong_candidate,"C4:8B6A handler for opcode 0x56 stores operand1 to $15D0/$0305, copies old $0305 to $15CF, stores operand2 to $13B8/$13B9, calls 81:837F, and advances three bytes; exact bounded tail ends in compact B0",canonical_rom_sha256=F6A345E2F07F0CBC4EFF7D4FF06AE88A814A98FDF100C7BF7351168C73916A98;tools/python/catalog_map_transition_candidates.py;tools/python/catalog_map_selectors.py;C4:8B6A;C4:8BE2
,,,,0xB1,12,0x77,vm_opcode_0x56_terminal,CD:4417,,pack=0xB1;record=12;entry=0x77,,0xB4,0x0C,cfg_t29_l138_v2,138,29,2,,,,,,bounded substream tail; destination record0 entry 0x0C exists,strong_candidate,"C4:8B6A handler for opcode 0x56 stores operand1 to $15D0/$0305, copies old $0305 to $15CF, stores operand2 to $13B8/$13B9, calls 81:837F, and advances three bytes; exact bounded tail ends in compact B0",canonical_rom_sha256=F6A345E2F07F0CBC4EFF7D4FF06AE88A814A98FDF100C7BF7351168C73916A98;tools/python/catalog_map_transition_candidates.py;tools/python/catalog_map_selectors.py;C4:8B6A;C4:8BE2
,,,,0xB1,13,0x77,vm_opcode_0x56_terminal,CD:4424,,pack=0xB1;record=13;entry=0x77,,0xB4,0x0D,cfg_t29_l138_v2,138,29,2,,,,,,bounded substream tail; destination record0 entry 0x0D exists,strong_candidate,"C4:8B6A handler for opcode 0x56 stores operand1 to $15D0/$0305, copies old $0305 to $15CF, stores operand2 to $13B8/$13B9, calls 81:837F, and advances three bytes; exact bounded tail ends in compact B0",canonical_rom_sha256=F6A345E2F07F0CBC4EFF7D4FF06AE88A814A98FDF100C7BF7351168C73916A98;tools/python/catalog_map_transition_candidates.py;tools/python/catalog_map_selectors.py;C4:8B6A;C4:8BE2
,,,,0xB1,14,0x77,vm_opcode_0x56_terminal,CD:4431,,pack=0xB1;record=14;entry=0x77,,0xB5,0x06,cfg_t29_l138_v2,138,29,2,,,,,,bounded substream tail; destination record0 entry 0x06 exists,strong_candidate,"C4:8B6A handler for opcode 0x56 stores operand1 to $15D0/$0305, copies old $0305 to $15CF, stores operand2 to $13B8/$13B9, calls 81:837F, and advances three bytes; exact bounded tail ends in compact B0",canonical_rom_sha256=F6A345E2F07F0CBC4EFF7D4FF06AE88A814A98FDF100C7BF7351168C73916A98;tools/python/catalog_map_transition_candidates.py;tools/python/catalog_map_selectors.py;C4:8B6A;C4:8BE2
,,,,0xB1,15,0x77,vm_opcode_0x56_terminal,CD:443E,,pack=0xB1;record=15;entry=0x77,,0xB2,0x02,cfg_t29_l138_v2,138,29,2,,,,,,bounded substream tail; destination record0 entry 0x02 exists,strong_candidate,"C4:8B6A handler for opcode 0x56 stores operand1 to $15D0/$0305, copies old $0305 to $15CF, stores operand2 to $13B8/$13B9, calls 81:837F, and advances three bytes; exact bounded tail ends in compact B0",canonical_rom_sha256=F6A345E2F07F0CBC4EFF7D4FF06AE88A814A98FDF100C7BF7351168C73916A98;tools/python/catalog_map_transition_candidates.py;tools/python/catalog_map_selectors.py;C4:8B6A;C4:8BE2
,,,,0xB1,16,0x77,vm_opcode_0x56_terminal,CD:444B,,pack=0xB1;record=16;entry=0x77,,0xB5,0x0C,cfg_t29_l138_v2,138,29,2,,,,,,bounded substream tail; destination record0 entry 0x0C exists,strong_candidate,"C4:8B6A handler for opcode 0x56 stores operand1 to $15D0/$0305, copies old $0305 to $15CF, stores operand2 to $13B8/$13B9, calls 81:837F, and advances three bytes; exact bounded tail ends in compact B0",canonical_rom_sha256=F6A345E2F07F0CBC4EFF7D4FF06AE88A814A98FDF100C7BF7351168C73916A98;tools/python/catalog_map_transition_candidates.py;tools/python/catalog_map_selectors.py;C4:8B6A;C4:8BE2
,,,,0xB1,17,0x77,vm_opcode_0x56_terminal,CD:4458,,pack=0xB1;record=17;entry=0x77,,0xB5,0x05,cfg_t29_l138_v2,138,29,2,,,,,,bounded substream tail; destination record0 entry 0x05 exists,strong_candidate,"C4:8B6A handler for opcode 0x56 stores operand1 to $15D0/$0305, copies old $0305 to $15CF, stores operand2 to $13B8/$13B9, calls 81:837F, and advances three bytes; exact bounded tail ends in compact B0",canonical_rom_sha256=F6A345E2F07F0CBC4EFF7D4FF06AE88A814A98FDF100C7BF7351168C73916A98;tools/python/catalog_map_transition_candidates.py;tools/python/catalog_map_selectors.py;C4:8B6A;C4:8BE2
,,,,0xB1,21,0x35,vm_opcode_0x56_terminal,CD:44FA,,pack=0xB1;record=21;entry=0x35,,0x4C,0x17,,,,,206,182,206,182,CC:0A31,bounded substream tail; destination record0 entry 0x17 exists; destination entry has aligned 0x58 coordinate setter at CC:0A31,strong_candidate,"C4:8B6A handler for opcode 0x56 stores operand1 to $15D0/$0305, copies old $0305 to $15CF, stores operand2 to $13B8/$13B9, calls 81:837F, and advances three bytes; exact bounded tail ends in compact B0; C4:8BE2 opcode 0x58 writes destination entry operands to $1573/$157D/$15C3/$15C4",canonical_rom_sha256=F6A345E2F07F0CBC4EFF7D4FF06AE88A814A98FDF100C7BF7351168C73916A98;tools/python/catalog_map_transition_candidates.py;tools/python/catalog_map_selectors.py;C4:8B6A;C4:8BE2
,,,,0xB1,21,0x36,vm_opcode_0x56_terminal,CD:4516,,pack=0xB1;record=21;entry=0x36,,0x81,0x0B,,,,,48,32,48,32,CC:A908,bounded substream tail; destination record0 entry 0x0B exists; destination entry has aligned 0x58 coordinate setter at CC:A908,strong_candidate,"C4:8B6A handler for opcode 0x56 stores operand1 to $15D0/$0305, copies old $0305 to $15CF, stores operand2 to $13B8/$13B9, calls 81:837F, and advances three bytes; exact bounded tail ends in compact B0; C4:8BE2 opcode 0x58 writes destination entry operands to $1573/$157D/$15C3/$15C4",canonical_rom_sha256=F6A345E2F07F0CBC4EFF7D4FF06AE88A814A98FDF100C7BF7351168C73916A98;tools/python/catalog_map_transition_candidates.py;tools/python/catalog_map_selectors.py;C4:8B6A;C4:8BE2
,,,,0xB1,21,0x37,vm_opcode_0x56_terminal,CD:453F,,pack=0xB1;record=21;entry=0x37,,0x4C,0x19,,,,,192,175,192,175,CC:0A6F,bounded substream tail; destination record0 entry 0x19 exists; destination entry has aligned 0x58 coordinate setter at CC:0A6F,strong_candidate,"C4:8B6A handler for opcode 0x56 stores operand1 to $15D0/$0305, copies old $0305 to $15CF, stores operand2 to $13B8/$13B9, calls 81:837F, and advances three bytes; exact bounded tail ends in compact B0; C4:8BE2 opcode 0x58 writes destination entry operands to $1573/$157D/$15C3/$15C4",canonical_rom_sha256=F6A345E2F07F0CBC4EFF7D4FF06AE88A814A98FDF100C7BF7351168C73916A98;tools/python/catalog_map_transition_candidates.py;tools/python/catalog_map_selectors.py;C4:8B6A;C4:8BE2
,,,,0xB1,21,0x38,vm_opcode_0x56_terminal,CD:458B,,pack=0xB1;record=21;entry=0x38,,0xB5,0x16,cfg_t29_l138_v2,138,29,2,,,,,,bounded substream tail; destination record0 entry 0x16 exists,strong_candidate,"C4:8B6A handler for opcode 0x56 stores operand1 to $15D0/$0305, copies old $0305 to $15CF, stores operand2 to $13B8/$13B9, calls 81:837F, and advances three bytes; exact bounded tail ends in compact B0",canonical_rom_sha256=F6A345E2F07F0CBC4EFF7D4FF06AE88A814A98FDF100C7BF7351168C73916A98;tools/python/catalog_map_transition_candidates.py;tools/python/catalog_map_selectors.py;C4:8B6A;C4:8BE2
,,,,0xB2,1,0x77,vm_opcode_0x56_terminal,CD:47B7,,pack=0xB2;record=1;entry=0x77,,0xB1,0x03,cfg_t29_l138_v2,138,29,2,224,37,224,37,CD:42F1,bounded substream tail; destination record0 entry 0x03 exists; destination entry has aligned 0x58 coordinate setter at CD:42F1,strong_candidate,"C4:8B6A handler for opcode 0x56 stores operand1 to $15D0/$0305, copies old $0305 to $15CF, stores operand2 to $13B8/$13B9, calls 81:837F, and advances three bytes; exact bounded tail ends in compact B0; C4:8BE2 opcode 0x58 writes destination entry operands to $1573/$157D/$15C3/$15C4",canonical_rom_sha256=F6A345E2F07F0CBC4EFF7D4FF06AE88A814A98FDF100C7BF7351168C73916A98;tools/python/catalog_map_transition_candidates.py;tools/python/catalog_map_selectors.py;C4:8B6A;C4:8BE2
,,,,0xB2,2,0x77,vm_opcode_0x56_terminal,CD:47C4,,pack=0xB2;record=2;entry=0x77,,0xB5,0x0E,cfg_t29_l138_v2,138,29,2,,,,,,bounded substream tail; destination record0 entry 0x0E exists,strong_candidate,"C4:8B6A handler for opcode 0x56 stores operand1 to $15D0/$0305, copies old $0305 to $15CF, stores operand2 to $13B8/$13B9, calls 81:837F, and advances three bytes; exact bounded tail ends in compact B0",canonical_rom_sha256=F6A345E2F07F0CBC4EFF7D4FF06AE88A814A98FDF100C7BF7351168C73916A98;tools/python/catalog_map_transition_candidates.py;tools/python/catalog_map_selectors.py;C4:8B6A;C4:8BE2
,,,,0xB2,3,0x77,vm_opcode_0x56_terminal,CD:47D1,,pack=0xB2;record=3;entry=0x77,,0xB2,0x08,cfg_t29_l138_v2,138,29,2,,,,,,bounded substream tail; destination record0 entry 0x08 exists,strong_candidate,"C4:8B6A handler for opcode 0x56 stores operand1 to $15D0/$0305, copies old $0305 to $15CF, stores operand2 to $13B8/$13B9, calls 81:837F, and advances three bytes; exact bounded tail ends in compact B0",canonical_rom_sha256=F6A345E2F07F0CBC4EFF7D4FF06AE88A814A98FDF100C7BF7351168C73916A98;tools/python/catalog_map_transition_candidates.py;tools/python/catalog_map_selectors.py;C4:8B6A;C4:8BE2
,,,,0xB2,4,0x77,vm_opcode_0x56_terminal,CD:47DE,,pack=0xB2;record=4;entry=0x77,,0xB2,0x09,cfg_t29_l138_v2,138,29,2,,,,,,bounded substream tail; destination record0 entry 0x09 exists,strong_candidate,"C4:8B6A handler for opcode 0x56 stores operand1 to $15D0/$0305, copies old $0305 to $15CF, stores operand2 to $13B8/$13B9, calls 81:837F, and advances three bytes; exact bounded tail ends in compact B0",canonical_rom_sha256=F6A345E2F07F0CBC4EFF7D4FF06AE88A814A98FDF100C7BF7351168C73916A98;tools/python/catalog_map_transition_candidates.py;tools/python/catalog_map_selectors.py;C4:8B6A;C4:8BE2
,,,,0xB2,5,0x77,vm_opcode_0x56_terminal,CD:47EB,,pack=0xB2;record=5;entry=0x77,,0xB2,0x0B,cfg_t29_l138_v2,138,29,2,,,,,,bounded substream tail; destination record0 entry 0x0B exists,strong_candidate,"C4:8B6A handler for opcode 0x56 stores operand1 to $15D0/$0305, copies old $0305 to $15CF, stores operand2 to $13B8/$13B9, calls 81:837F, and advances three bytes; exact bounded tail ends in compact B0",canonical_rom_sha256=F6A345E2F07F0CBC4EFF7D4FF06AE88A814A98FDF100C7BF7351168C73916A98;tools/python/catalog_map_transition_candidates.py;tools/python/catalog_map_selectors.py;C4:8B6A;C4:8BE2
,,,,0xB2,6,0x77,vm_opcode_0x56_terminal,CD:47F8,,pack=0xB2;record=6;entry=0x77,,0xB2,0x0A,cfg_t29_l138_v2,138,29,2,,,,,,bounded substream tail; destination record0 entry 0x0A exists,strong_candidate,"C4:8B6A handler for opcode 0x56 stores operand1 to $15D0/$0305, copies old $0305 to $15CF, stores operand2 to $13B8/$13B9, calls 81:837F, and advances three bytes; exact bounded tail ends in compact B0",canonical_rom_sha256=F6A345E2F07F0CBC4EFF7D4FF06AE88A814A98FDF100C7BF7351168C73916A98;tools/python/catalog_map_transition_candidates.py;tools/python/catalog_map_selectors.py;C4:8B6A;C4:8BE2
,,,,0xB2,7,0x77,vm_opcode_0x56_terminal,CD:4805,,pack=0xB2;record=7;entry=0x77,,0xB2,0x04,cfg_t29_l138_v2,138,29,2,,,,,,bounded substream tail; destination record0 entry 0x04 exists,strong_candidate,"C4:8B6A handler for opcode 0x56 stores operand1 to $15D0/$0305, copies old $0305 to $15CF, stores operand2 to $13B8/$13B9, calls 81:837F, and advances three bytes; exact bounded tail ends in compact B0",canonical_rom_sha256=F6A345E2F07F0CBC4EFF7D4FF06AE88A814A98FDF100C7BF7351168C73916A98;tools/python/catalog_map_transition_candidates.py;tools/python/catalog_map_selectors.py;C4:8B6A;C4:8BE2
,,,,0xB2,8,0x77,vm_opcode_0x56_terminal,CD:4812,,pack=0xB2;record=8;entry=0x77,,0xB2,0x05,cfg_t29_l138_v2,138,29,2,,,,,,bounded substream tail; destination record0 entry 0x05 exists,strong_candidate,"C4:8B6A handler for opcode 0x56 stores operand1 to $15D0/$0305, copies old $0305 to $15CF, stores operand2 to $13B8/$13B9, calls 81:837F, and advances three bytes; exact bounded tail ends in compact B0",canonical_rom_sha256=F6A345E2F07F0CBC4EFF7D4FF06AE88A814A98FDF100C7BF7351168C73916A98;tools/python/catalog_map_transition_candidates.py;tools/python/catalog_map_selectors.py;C4:8B6A;C4:8BE2
,,,,0xB2,9,0x77,vm_opcode_0x56_terminal,CD:481F,,pack=0xB2;record=9;entry=0x77,,0xB2,0x07,cfg_t29_l138_v2,138,29,2,,,,,,bounded substream tail; destination record0 entry 0x07 exists,strong_candidate,"C4:8B6A handler for opcode 0x56 stores operand1 to $15D0/$0305, copies old $0305 to $15CF, stores operand2 to $13B8/$13B9, calls 81:837F, and advances three bytes; exact bounded tail ends in compact B0",canonical_rom_sha256=F6A345E2F07F0CBC4EFF7D4FF06AE88A814A98FDF100C7BF7351168C73916A98;tools/python/catalog_map_transition_candidates.py;tools/python/catalog_map_selectors.py;C4:8B6A;C4:8BE2
,,,,0xB2,10,0x77,vm_opcode_0x56_terminal,CD:482C,,pack=0xB2;record=10;entry=0x77,,0xB2,0x06,cfg_t29_l138_v2,138,29,2,,,,,,bounded substream tail; destination record0 entry 0x06 exists,strong_candidate,"C4:8B6A handler for opcode 0x56 stores operand1 to $15D0/$0305, copies old $0305 to $15CF, stores operand2 to $13B8/$13B9, calls 81:837F, and advances three bytes; exact bounded tail ends in compact B0",canonical_rom_sha256=F6A345E2F07F0CBC4EFF7D4FF06AE88A814A98FDF100C7BF7351168C73916A98;tools/python/catalog_map_transition_candidates.py;tools/python/catalog_map_selectors.py;C4:8B6A;C4:8BE2
,,,,0xB2,11,0x77,vm_opcode_0x56_terminal,CD:4839,,pack=0xB2;record=11;entry=0x77,,0xB3,0x02,cfg_t29_l138_v2,138,29,2,,,,,,bounded substream tail; destination record0 entry 0x02 exists,strong_candidate,"C4:8B6A handler for opcode 0x56 stores operand1 to $15D0/$0305, copies old $0305 to $15CF, stores operand2 to $13B8/$13B9, calls 81:837F, and advances three bytes; exact bounded tail ends in compact B0",canonical_rom_sha256=F6A345E2F07F0CBC4EFF7D4FF06AE88A814A98FDF100C7BF7351168C73916A98;tools/python/catalog_map_transition_candidates.py;tools/python/catalog_map_selectors.py;C4:8B6A;C4:8BE2
,,,,0xB2,12,0x77,vm_opcode_0x56_terminal,CD:4846,,pack=0xB2;record=12;entry=0x77,,0xB1,0x04,cfg_t29_l138_v2,138,29,2,221,34,221,34,CD:42F7,bounded substream tail; destination record0 entry 0x04 exists; destination entry has aligned 0x58 coordinate setter at CD:42F7,strong_candidate,"C4:8B6A handler for opcode 0x56 stores operand1 to $15D0/$0305, copies old $0305 to $15CF, stores operand2 to $13B8/$13B9, calls 81:837F, and advances three bytes; exact bounded tail ends in compact B0; C4:8BE2 opcode 0x58 writes destination entry operands to $1573/$157D/$15C3/$15C4",canonical_rom_sha256=F6A345E2F07F0CBC4EFF7D4FF06AE88A814A98FDF100C7BF7351168C73916A98;tools/python/catalog_map_transition_candidates.py;tools/python/catalog_map_selectors.py;C4:8B6A;C4:8BE2
,,,,0xB2,13,0x77,vm_opcode_0x56_terminal,CD:4853,,pack=0xB2;record=13;entry=0x77,,0xB1,0x05,cfg_t29_l138_v2,138,29,2,224,34,224,34,CD:42FD,bounded substream tail; destination record0 entry 0x05 exists; destination entry has aligned 0x58 coordinate setter at CD:42FD,strong_candidate,"C4:8B6A handler for opcode 0x56 stores operand1 to $15D0/$0305, copies old $0305 to $15CF, stores operand2 to $13B8/$13B9, calls 81:837F, and advances three bytes; exact bounded tail ends in compact B0; C4:8BE2 opcode 0x58 writes destination entry operands to $1573/$157D/$15C3/$15C4",canonical_rom_sha256=F6A345E2F07F0CBC4EFF7D4FF06AE88A814A98FDF100C7BF7351168C73916A98;tools/python/catalog_map_transition_candidates.py;tools/python/catalog_map_selectors.py;C4:8B6A;C4:8BE2
,,,,0xB2,14,0x77,vm_opcode_0x56_terminal,CD:4860,,pack=0xB2;record=14;entry=0x77,,0xB1,0x06,cfg_t29_l138_v2,138,29,2,227,34,227,34,CD:4303,bounded substream tail; destination record0 entry 0x06 exists; destination entry has aligned 0x58 coordinate setter at CD:4303,strong_candidate,"C4:8B6A handler for opcode 0x56 stores operand1 to $15D0/$0305, copies old $0305 to $15CF, stores operand2 to $13B8/$13B9, calls 81:837F, and advances three bytes; exact bounded tail ends in compact B0; C4:8BE2 opcode 0x58 writes destination entry operands to $1573/$157D/$15C3/$15C4",canonical_rom_sha256=F6A345E2F07F0CBC4EFF7D4FF06AE88A814A98FDF100C7BF7351168C73916A98;tools/python/catalog_map_transition_candidates.py;tools/python/catalog_map_selectors.py;C4:8B6A;C4:8BE2
,,,,0xB3,1,0x77,vm_opcode_0x56_terminal,CD:49CB,,pack=0xB3;record=1;entry=0x77,,0xB2,0x0C,cfg_t29_l138_v2,138,29,2,,,,,,bounded substream tail; destination record0 entry 0x0C exists,strong_candidate,"C4:8B6A handler for opcode 0x56 stores operand1 to $15D0/$0305, copies old $0305 to $15CF, stores operand2 to $13B8/$13B9, calls 81:837F, and advances three bytes; exact bounded tail ends in compact B0",canonical_rom_sha256=F6A345E2F07F0CBC4EFF7D4FF06AE88A814A98FDF100C7BF7351168C73916A98;tools/python/catalog_map_transition_candidates.py;tools/python/catalog_map_selectors.py;C4:8B6A;C4:8BE2
,,,,0xB3,2,0x77,vm_opcode_0x56_terminal,CD:49D8,,pack=0xB3;record=2;entry=0x77,,0xB4,0x02,cfg_t29_l138_v2,138,29,2,,,,,,bounded substream tail; destination record0 entry 0x02 exists,strong_candidate,"C4:8B6A handler for opcode 0x56 stores operand1 to $15D0/$0305, copies old $0305 to $15CF, stores operand2 to $13B8/$13B9, calls 81:837F, and advances three bytes; exact bounded tail ends in compact B0",canonical_rom_sha256=F6A345E2F07F0CBC4EFF7D4FF06AE88A814A98FDF100C7BF7351168C73916A98;tools/python/catalog_map_transition_candidates.py;tools/python/catalog_map_selectors.py;C4:8B6A;C4:8BE2
,,,,0xB3,3,0x77,vm_opcode_0x56_terminal,CD:49E5,,pack=0xB3;record=3;entry=0x77,,0xB4,0x03,cfg_t29_l138_v2,138,29,2,,,,,,bounded substream tail; destination record0 entry 0x03 exists,strong_candidate,"C4:8B6A handler for opcode 0x56 stores operand1 to $15D0/$0305, copies old $0305 to $15CF, stores operand2 to $13B8/$13B9, calls 81:837F, and advances three bytes; exact bounded tail ends in compact B0",canonical_rom_sha256=F6A345E2F07F0CBC4EFF7D4FF06AE88A814A98FDF100C7BF7351168C73916A98;tools/python/catalog_map_transition_candidates.py;tools/python/catalog_map_selectors.py;C4:8B6A;C4:8BE2
,,,,0xB3,4,0x77,vm_opcode_0x56_terminal,CD:49F2,,pack=0xB3;record=4;entry=0x77,,0xB4,0x04,cfg_t29_l138_v2,138,29,2,,,,,,bounded substream tail; destination record0 entry 0x04 exists,strong_candidate,"C4:8B6A handler for opcode 0x56 stores operand1 to $15D0/$0305, copies old $0305 to $15CF, stores operand2 to $13B8/$13B9, calls 81:837F, and advances three bytes; exact bounded tail ends in compact B0",canonical_rom_sha256=F6A345E2F07F0CBC4EFF7D4FF06AE88A814A98FDF100C7BF7351168C73916A98;tools/python/catalog_map_transition_candidates.py;tools/python/catalog_map_selectors.py;C4:8B6A;C4:8BE2
,,,,0xB3,5,0x77,vm_opcode_0x56_terminal,CD:49FF,,pack=0xB3;record=5;entry=0x77,,0xB4,0x05,cfg_t29_l138_v2,138,29,2,,,,,,bounded substream tail; destination record0 entry 0x05 exists,strong_candidate,"C4:8B6A handler for opcode 0x56 stores operand1 to $15D0/$0305, copies old $0305 to $15CF, stores operand2 to $13B8/$13B9, calls 81:837F, and advances three bytes; exact bounded tail ends in compact B0",canonical_rom_sha256=F6A345E2F07F0CBC4EFF7D4FF06AE88A814A98FDF100C7BF7351168C73916A98;tools/python/catalog_map_transition_candidates.py;tools/python/catalog_map_selectors.py;C4:8B6A;C4:8BE2
,,,,0xB3,6,0x77,vm_opcode_0x56_terminal,CD:4A0C,,pack=0xB3;record=6;entry=0x77,,0xB4,0x06,cfg_t29_l138_v2,138,29,2,,,,,,bounded substream tail; destination record0 entry 0x06 exists,strong_candidate,"C4:8B6A handler for opcode 0x56 stores operand1 to $15D0/$0305, copies old $0305 to $15CF, stores operand2 to $13B8/$13B9, calls 81:837F, and advances three bytes; exact bounded tail ends in compact B0",canonical_rom_sha256=F6A345E2F07F0CBC4EFF7D4FF06AE88A814A98FDF100C7BF7351168C73916A98;tools/python/catalog_map_transition_candidates.py;tools/python/catalog_map_selectors.py;C4:8B6A;C4:8BE2
,,,,0xB3,7,0x77,vm_opcode_0x56_terminal,CD:4A19,,pack=0xB3;record=7;entry=0x77,,0xB1,0x07,cfg_t29_l138_v2,138,29,2,218,31,218,31,CD:4309,bounded substream tail; destination record0 entry 0x07 exists; destination entry has aligned 0x58 coordinate setter at CD:4309,strong_candidate,"C4:8B6A handler for opcode 0x56 stores operand1 to $15D0/$0305, copies old $0305 to $15CF, stores operand2 to $13B8/$13B9, calls 81:837F, and advances three bytes; exact bounded tail ends in compact B0; C4:8BE2 opcode 0x58 writes destination entry operands to $1573/$157D/$15C3/$15C4",canonical_rom_sha256=F6A345E2F07F0CBC4EFF7D4FF06AE88A814A98FDF100C7BF7351168C73916A98;tools/python/catalog_map_transition_candidates.py;tools/python/catalog_map_selectors.py;C4:8B6A;C4:8BE2
,,,,0xB3,8,0x77,vm_opcode_0x56_terminal,CD:4A26,,pack=0xB3;record=8;entry=0x77,,0xB1,0x08,cfg_t29_l138_v2,138,29,2,224,31,224,31,CD:430F,bounded substream tail; destination record0 entry 0x08 exists; destination entry has aligned 0x58 coordinate setter at CD:430F,strong_candidate,"C4:8B6A handler for opcode 0x56 stores operand1 to $15D0/$0305, copies old $0305 to $15CF, stores operand2 to $13B8/$13B9, calls 81:837F, and advances three bytes; exact bounded tail ends in compact B0; C4:8BE2 opcode 0x58 writes destination entry operands to $1573/$157D/$15C3/$15C4",canonical_rom_sha256=F6A345E2F07F0CBC4EFF7D4FF06AE88A814A98FDF100C7BF7351168C73916A98;tools/python/catalog_map_transition_candidates.py;tools/python/catalog_map_selectors.py;C4:8B6A;C4:8BE2
,,,,0xB3,9,0x77,vm_opcode_0x56_terminal,CD:4A33,,pack=0xB3;record=9;entry=0x77,,0xB1,0x09,cfg_t29_l138_v2,138,29,2,227,31,227,31,CD:4315,bounded substream tail; destination record0 entry 0x09 exists; destination entry has aligned 0x58 coordinate setter at CD:4315,strong_candidate,"C4:8B6A handler for opcode 0x56 stores operand1 to $15D0/$0305, copies old $0305 to $15CF, stores operand2 to $13B8/$13B9, calls 81:837F, and advances three bytes; exact bounded tail ends in compact B0; C4:8BE2 opcode 0x58 writes destination entry operands to $1573/$157D/$15C3/$15C4",canonical_rom_sha256=F6A345E2F07F0CBC4EFF7D4FF06AE88A814A98FDF100C7BF7351168C73916A98;tools/python/catalog_map_transition_candidates.py;tools/python/catalog_map_selectors.py;C4:8B6A;C4:8BE2
,,,,0xB3,10,0x77,vm_opcode_0x56_terminal,CD:4A40,,pack=0xB3;record=10;entry=0x77,,0xB1,0x0A,cfg_t29_l138_v2,138,29,2,230,31,230,31,CD:431B,bounded substream tail; destination record0 entry 0x0A exists; destination entry has aligned 0x58 coordinate setter at CD:431B,strong_candidate,"C4:8B6A handler for opcode 0x56 stores operand1 to $15D0/$0305, copies old $0305 to $15CF, stores operand2 to $13B8/$13B9, calls 81:837F, and advances three bytes; exact bounded tail ends in compact B0; C4:8BE2 opcode 0x58 writes destination entry operands to $1573/$157D/$15C3/$15C4",canonical_rom_sha256=F6A345E2F07F0CBC4EFF7D4FF06AE88A814A98FDF100C7BF7351168C73916A98;tools/python/catalog_map_transition_candidates.py;tools/python/catalog_map_selectors.py;C4:8B6A;C4:8BE2
,,,,0xB4,1,0x77,vm_opcode_0x56_terminal,CD:4CBF,,pack=0xB4;record=1;entry=0x77,,0xB3,0x03,cfg_t29_l138_v2,138,29,2,,,,,,bounded substream tail; destination record0 entry 0x03 exists,strong_candidate,"C4:8B6A handler for opcode 0x56 stores operand1 to $15D0/$0305, copies old $0305 to $15CF, stores operand2 to $13B8/$13B9, calls 81:837F, and advances three bytes; exact bounded tail ends in compact B0",canonical_rom_sha256=F6A345E2F07F0CBC4EFF7D4FF06AE88A814A98FDF100C7BF7351168C73916A98;tools/python/catalog_map_transition_candidates.py;tools/python/catalog_map_selectors.py;C4:8B6A;C4:8BE2
,,,,0xB4,2,0x77,vm_opcode_0x56_terminal,CD:4CCC,,pack=0xB4;record=2;entry=0x77,,0xB3,0x04,cfg_t29_l138_v2,138,29,2,,,,,,bounded substream tail; destination record0 entry 0x04 exists,strong_candidate,"C4:8B6A handler for opcode 0x56 stores operand1 to $15D0/$0305, copies old $0305 to $15CF, stores operand2 to $13B8/$13B9, calls 81:837F, and advances three bytes; exact bounded tail ends in compact B0",canonical_rom_sha256=F6A345E2F07F0CBC4EFF7D4FF06AE88A814A98FDF100C7BF7351168C73916A98;tools/python/catalog_map_transition_candidates.py;tools/python/catalog_map_selectors.py;C4:8B6A;C4:8BE2
,,,,0xB4,3,0x77,vm_opcode_0x56_terminal,CD:4CD9,,pack=0xB4;record=3;entry=0x77,,0xB3,0x05,cfg_t29_l138_v2,138,29,2,,,,,,bounded substream tail; destination record0 entry 0x05 exists,strong_candidate,"C4:8B6A handler for opcode 0x56 stores operand1 to $15D0/$0305, copies old $0305 to $15CF, stores operand2 to $13B8/$13B9, calls 81:837F, and advances three bytes; exact bounded tail ends in compact B0",canonical_rom_sha256=F6A345E2F07F0CBC4EFF7D4FF06AE88A814A98FDF100C7BF7351168C73916A98;tools/python/catalog_map_transition_candidates.py;tools/python/catalog_map_selectors.py;C4:8B6A;C4:8BE2
,,,,0xB4,4,0x77,vm_opcode_0x56_terminal,CD:4CE6,,pack=0xB4;record=4;entry=0x77,,0xB3,0x06,cfg_t29_l138_v2,138,29,2,,,,,,bounded substream tail; destination record0 entry 0x06 exists,strong_candidate,"C4:8B6A handler for opcode 0x56 stores operand1 to $15D0/$0305, copies old $0305 to $15CF, stores operand2 to $13B8/$13B9, calls 81:837F, and advances three bytes; exact bounded tail ends in compact B0",canonical_rom_sha256=F6A345E2F07F0CBC4EFF7D4FF06AE88A814A98FDF100C7BF7351168C73916A98;tools/python/catalog_map_transition_candidates.py;tools/python/catalog_map_selectors.py;C4:8B6A;C4:8BE2
,,,,0xB4,5,0x77,vm_opcode_0x56_terminal,CD:4CF3,,pack=0xB4;record=5;entry=0x77,,0xB3,0x07,cfg_t29_l138_v2,138,29,2,,,,,,bounded substream tail; destination record0 entry 0x07 exists,strong_candidate,"C4:8B6A handler for opcode 0x56 stores operand1 to $15D0/$0305, copies old $0305 to $15CF, stores operand2 to $13B8/$13B9, calls 81:837F, and advances three bytes; exact bounded tail ends in compact B0",canonical_rom_sha256=F6A345E2F07F0CBC4EFF7D4FF06AE88A814A98FDF100C7BF7351168C73916A98;tools/python/catalog_map_transition_candidates.py;tools/python/catalog_map_selectors.py;C4:8B6A;C4:8BE2
,,,,0xB4,6,0x77,vm_opcode_0x56_terminal,CD:4D00,,pack=0xB4;record=6;entry=0x77,,0xB5,0x02,cfg_t29_l138_v2,138,29,2,,,,,,bounded substream tail; destination record0 entry 0x02 exists,strong_candidate,"C4:8B6A handler for opcode 0x56 stores operand1 to $15D0/$0305, copies old $0305 to $15CF, stores operand2 to $13B8/$13B9, calls 81:837F, and advances three bytes; exact bounded tail ends in compact B0",canonical_rom_sha256=F6A345E2F07F0CBC4EFF7D4FF06AE88A814A98FDF100C7BF7351168C73916A98;tools/python/catalog_map_transition_candidates.py;tools/python/catalog_map_selectors.py;C4:8B6A;C4:8BE2
,,,,0xB4,7,0x77,vm_opcode_0x56_terminal,CD:4D0D,,pack=0xB4;record=7;entry=0x77,,0xB5,0x03,cfg_t29_l138_v2,138,29,2,,,,,,bounded substream tail; destination record0 entry 0x03 exists,strong_candidate,"C4:8B6A handler for opcode 0x56 stores operand1 to $15D0/$0305, copies old $0305 to $15CF, stores operand2 to $13B8/$13B9, calls 81:837F, and advances three bytes; exact bounded tail ends in compact B0",canonical_rom_sha256=F6A345E2F07F0CBC4EFF7D4FF06AE88A814A98FDF100C7BF7351168C73916A98;tools/python/catalog_map_transition_candidates.py;tools/python/catalog_map_selectors.py;C4:8B6A;C4:8BE2
,,,,0xB4,8,0x77,vm_opcode_0x56_terminal,CD:4D1A,,pack=0xB4;record=8;entry=0x77,,0xB5,0x04,cfg_t29_l138_v2,138,29,2,,,,,,bounded substream tail; destination record0 entry 0x04 exists,strong_candidate,"C4:8B6A handler for opcode 0x56 stores operand1 to $15D0/$0305, copies old $0305 to $15CF, stores operand2 to $13B8/$13B9, calls 81:837F, and advances three bytes; exact bounded tail ends in compact B0",canonical_rom_sha256=F6A345E2F07F0CBC4EFF7D4FF06AE88A814A98FDF100C7BF7351168C73916A98;tools/python/catalog_map_transition_candidates.py;tools/python/catalog_map_selectors.py;C4:8B6A;C4:8BE2
,,,,0xB4,9,0x77,vm_opcode_0x56_terminal,CD:4D27,,pack=0xB4;record=9;entry=0x77,,0xB1,0x0B,cfg_t29_l138_v2,138,29,2,218,28,218,28,CD:4321,bounded substream tail; destination record0 entry 0x0B exists; destination entry has aligned 0x58 coordinate setter at CD:4321,strong_candidate,"C4:8B6A handler for opcode 0x56 stores operand1 to $15D0/$0305, copies old $0305 to $15CF, stores operand2 to $13B8/$13B9, calls 81:837F, and advances three bytes; exact bounded tail ends in compact B0; C4:8BE2 opcode 0x58 writes destination entry operands to $1573/$157D/$15C3/$15C4",canonical_rom_sha256=F6A345E2F07F0CBC4EFF7D4FF06AE88A814A98FDF100C7BF7351168C73916A98;tools/python/catalog_map_transition_candidates.py;tools/python/catalog_map_selectors.py;C4:8B6A;C4:8BE2
,,,,0xB4,10,0x77,vm_opcode_0x56_terminal,CD:4D34,,pack=0xB4;record=10;entry=0x77,,0xB1,0x0C,cfg_t29_l138_v2,138,29,2,224,28,224,28,CD:4327,bounded substream tail; destination record0 entry 0x0C exists; destination entry has aligned 0x58 coordinate setter at CD:4327,strong_candidate,"C4:8B6A handler for opcode 0x56 stores operand1 to $15D0/$0305, copies old $0305 to $15CF, stores operand2 to $13B8/$13B9, calls 81:837F, and advances three bytes; exact bounded tail ends in compact B0; C4:8BE2 opcode 0x58 writes destination entry operands to $1573/$157D/$15C3/$15C4",canonical_rom_sha256=F6A345E2F07F0CBC4EFF7D4FF06AE88A814A98FDF100C7BF7351168C73916A98;tools/python/catalog_map_transition_candidates.py;tools/python/catalog_map_selectors.py;C4:8B6A;C4:8BE2
,,,,0xB4,11,0x77,vm_opcode_0x56_terminal,CD:4D41,,pack=0xB4;record=11;entry=0x77,,0xB1,0x0D,cfg_t29_l138_v2,138,29,2,227,28,227,28,CD:432D,bounded substream tail; destination record0 entry 0x0D exists; destination entry has aligned 0x58 coordinate setter at CD:432D,strong_candidate,"C4:8B6A handler for opcode 0x56 stores operand1 to $15D0/$0305, copies old $0305 to $15CF, stores operand2 to $13B8/$13B9, calls 81:837F, and advances three bytes; exact bounded tail ends in compact B0; C4:8BE2 opcode 0x58 writes destination entry operands to $1573/$157D/$15C3/$15C4",canonical_rom_sha256=F6A345E2F07F0CBC4EFF7D4FF06AE88A814A98FDF100C7BF7351168C73916A98;tools/python/catalog_map_transition_candidates.py;tools/python/catalog_map_selectors.py;C4:8B6A;C4:8BE2
,,,,0xB4,12,0x77,vm_opcode_0x56_terminal,CD:4D4E,,pack=0xB4;record=12;entry=0x77,,0xB1,0x0E,cfg_t29_l138_v2,138,29,2,230,28,230,28,CD:4333,bounded substream tail; destination record0 entry 0x0E exists; destination entry has aligned 0x58 coordinate setter at CD:4333,strong_candidate,"C4:8B6A handler for opcode 0x56 stores operand1 to $15D0/$0305, copies old $0305 to $15CF, stores operand2 to $13B8/$13B9, calls 81:837F, and advances three bytes; exact bounded tail ends in compact B0; C4:8BE2 opcode 0x58 writes destination entry operands to $1573/$157D/$15C3/$15C4",canonical_rom_sha256=F6A345E2F07F0CBC4EFF7D4FF06AE88A814A98FDF100C7BF7351168C73916A98;tools/python/catalog_map_transition_candidates.py;tools/python/catalog_map_selectors.py;C4:8B6A;C4:8BE2
,,,,0xB5,1,0x77,vm_opcode_0x56_terminal,CD:4F85,,pack=0xB5;record=1;entry=0x77,,0xB4,0x07,cfg_t29_l138_v2,138,29,2,,,,,,bounded substream tail; destination record0 entry 0x07 exists,strong_candidate,"C4:8B6A handler for opcode 0x56 stores operand1 to $15D0/$0305, copies old $0305 to $15CF, stores operand2 to $13B8/$13B9, calls 81:837F, and advances three bytes; exact bounded tail ends in compact B0",canonical_rom_sha256=F6A345E2F07F0CBC4EFF7D4FF06AE88A814A98FDF100C7BF7351168C73916A98;tools/python/catalog_map_transition_candidates.py;tools/python/catalog_map_selectors.py;C4:8B6A;C4:8BE2
,,,,0xB5,2,0x77,vm_opcode_0x56_terminal,CD:4F92,,pack=0xB5;record=2;entry=0x77,,0xB4,0x08,cfg_t29_l138_v2,138,29,2,,,,,,bounded substream tail; destination record0 entry 0x08 exists,strong_candidate,"C4:8B6A handler for opcode 0x56 stores operand1 to $15D0/$0305, copies old $0305 to $15CF, stores operand2 to $13B8/$13B9, calls 81:837F, and advances three bytes; exact bounded tail ends in compact B0",canonical_rom_sha256=F6A345E2F07F0CBC4EFF7D4FF06AE88A814A98FDF100C7BF7351168C73916A98;tools/python/catalog_map_transition_candidates.py;tools/python/catalog_map_selectors.py;C4:8B6A;C4:8BE2
,,,,0xB5,3,0x77,vm_opcode_0x56_terminal,CD:4F9F,,pack=0xB5;record=3;entry=0x77,,0xB4,0x09,cfg_t29_l138_v2,138,29,2,,,,,,bounded substream tail; destination record0 entry 0x09 exists,strong_candidate,"C4:8B6A handler for opcode 0x56 stores operand1 to $15D0/$0305, copies old $0305 to $15CF, stores operand2 to $13B8/$13B9, calls 81:837F, and advances three bytes; exact bounded tail ends in compact B0",canonical_rom_sha256=F6A345E2F07F0CBC4EFF7D4FF06AE88A814A98FDF100C7BF7351168C73916A98;tools/python/catalog_map_transition_candidates.py;tools/python/catalog_map_selectors.py;C4:8B6A;C4:8BE2
,,,,0xB5,4,0x77,vm_opcode_0x56_terminal,CD:4FAC,,pack=0xB5;record=4;entry=0x77,,0xB1,0x0F,cfg_t29_l138_v2,138,29,2,221,25,221,25,CD:4339,bounded substream tail; destination record0 entry 0x0F exists; destination entry has aligned 0x58 coordinate setter at CD:4339,strong_candidate,"C4:8B6A handler for opcode 0x56 stores operand1 to $15D0/$0305, copies old $0305 to $15CF, stores operand2 to $13B8/$13B9, calls 81:837F, and advances three bytes; exact bounded tail ends in compact B0; C4:8BE2 opcode 0x58 writes destination entry operands to $1573/$157D/$15C3/$15C4",canonical_rom_sha256=F6A345E2F07F0CBC4EFF7D4FF06AE88A814A98FDF100C7BF7351168C73916A98;tools/python/catalog_map_transition_candidates.py;tools/python/catalog_map_selectors.py;C4:8B6A;C4:8BE2
,,,,0xB5,5,0x77,vm_opcode_0x56_terminal,CD:4FB9,,pack=0xB5;record=5;entry=0x77,,0xB1,0x10,cfg_t29_l138_v2,138,29,2,224,22,224,22,CD:433F,bounded substream tail; destination record0 entry 0x10 exists; destination entry has aligned 0x58 coordinate setter at CD:433F,strong_candidate,"C4:8B6A handler for opcode 0x56 stores operand1 to $15D0/$0305, copies old $0305 to $15CF, stores operand2 to $13B8/$13B9, calls 81:837F, and advances three bytes; exact bounded tail ends in compact B0; C4:8BE2 opcode 0x58 writes destination entry operands to $1573/$157D/$15C3/$15C4",canonical_rom_sha256=F6A345E2F07F0CBC4EFF7D4FF06AE88A814A98FDF100C7BF7351168C73916A98;tools/python/catalog_map_transition_candidates.py;tools/python/catalog_map_selectors.py;C4:8B6A;C4:8BE2
,,,,0xB5,6,0x77,vm_opcode_0x56_terminal,CD:4FC6,,pack=0xB5;record=6;entry=0x77,,0xB1,0x11,cfg_t29_l138_v2,138,29,2,224,18,224,18,CD:4348,bounded substream tail; destination record0 entry 0x11 exists; destination entry has aligned 0x58 coordinate setter at CD:4348,strong_candidate,"C4:8B6A handler for opcode 0x56 stores operand1 to $15D0/$0305, copies old $0305 to $15CF, stores operand2 to $13B8/$13B9, calls 81:837F, and advances three bytes; exact bounded tail ends in compact B0; C4:8BE2 opcode 0x58 writes destination entry operands to $1573/$157D/$15C3/$15C4",canonical_rom_sha256=F6A345E2F07F0CBC4EFF7D4FF06AE88A814A98FDF100C7BF7351168C73916A98;tools/python/catalog_map_transition_candidates.py;tools/python/catalog_map_selectors.py;C4:8B6A;C4:8BE2
,,,,0xB5,7,0x77,vm_opcode_0x56_terminal,CD:4FDF,,pack=0xB5;record=7;entry=0x77,,0xDD,0x0C,cfg_t53_l184_v2,184,53,2,80,80,80,80,CD:B60F,bounded substream tail; destination record0 entry 0x0C exists; destination entry has aligned 0x58 coordinate setter at CD:B60F,strong_candidate,"C4:8B6A handler for opcode 0x56 stores operand1 to $15D0/$0305, copies old $0305 to $15CF, stores operand2 to $13B8/$13B9, calls 81:837F, and advances three bytes; exact bounded tail ends in compact B0; C4:8BE2 opcode 0x58 writes destination entry operands to $1573/$157D/$15C3/$15C4",canonical_rom_sha256=F6A345E2F07F0CBC4EFF7D4FF06AE88A814A98FDF100C7BF7351168C73916A98;tools/python/catalog_map_transition_candidates.py;tools/python/catalog_map_selectors.py;C4:8B6A;C4:8BE2
,,,,0xB5,8,0x77,vm_opcode_0x56_terminal,CD:4FF5,,pack=0xB5;record=8;entry=0x77,,0xB2,0x03,cfg_t29_l138_v2,138,29,2,,,,,,bounded substream tail; destination record0 entry 0x03 exists,strong_candidate,"C4:8B6A handler for opcode 0x56 stores operand1 to $15D0/$0305, copies old $0305 to $15CF, stores operand2 to $13B8/$13B9, calls 81:837F, and advances three bytes; exact bounded tail ends in compact B0",canonical_rom_sha256=F6A345E2F07F0CBC4EFF7D4FF06AE88A814A98FDF100C7BF7351168C73916A98;tools/python/catalog_map_transition_candidates.py;tools/python/catalog_map_selectors.py;C4:8B6A;C4:8BE2
,,,,0xB5,9,0x77,vm_opcode_0x56_terminal,CD:500B,,pack=0xB5;record=9;entry=0x77,,0xB6,0x02,cfg_t30_l140_v2,140,30,2,,,,,,bounded substream tail; destination record0 entry 0x02 exists,strong_candidate,"C4:8B6A handler for opcode 0x56 stores operand1 to $15D0/$0305, copies old $0305 to $15CF, stores operand2 to $13B8/$13B9, calls 81:837F, and advances three bytes; exact bounded tail ends in compact B0",canonical_rom_sha256=F6A345E2F07F0CBC4EFF7D4FF06AE88A814A98FDF100C7BF7351168C73916A98;tools/python/catalog_map_transition_candidates.py;tools/python/catalog_map_selectors.py;C4:8B6A;C4:8BE2
,,,,0xB5,21,0x38,vm_opcode_0x56_terminal,CD:51DB,,pack=0xB5;record=21;entry=0x38,,0xB1,0x15,cfg_t29_l138_v2,138,29,2,224,36,224,36,CD:4366,bounded substream tail; destination record0 entry 0x15 exists; destination entry has aligned 0x58 coordinate setter at CD:4366,strong_candidate,"C4:8B6A handler for opcode 0x56 stores operand1 to $15D0/$0305, copies old $0305 to $15CF, stores operand2 to $13B8/$13B9, calls 81:837F, and advances three bytes; exact bounded tail ends in compact B0; C4:8BE2 opcode 0x58 writes destination entry operands to $1573/$157D/$15C3/$15C4",canonical_rom_sha256=F6A345E2F07F0CBC4EFF7D4FF06AE88A814A98FDF100C7BF7351168C73916A98;tools/python/catalog_map_transition_candidates.py;tools/python/catalog_map_selectors.py;C4:8B6A;C4:8BE2
,,,,0xB5,21,0x39,vm_opcode_0x56_terminal,CD:51E5,,pack=0xB5;record=21;entry=0x39,,0xB6,0x15,cfg_t30_l140_v2,140,30,2,,,,,,bounded substream tail; destination record0 entry 0x15 exists,strong_candidate,"C4:8B6A handler for opcode 0x56 stores operand1 to $15D0/$0305, copies old $0305 to $15CF, stores operand2 to $13B8/$13B9, calls 81:837F, and advances three bytes; exact bounded tail ends in compact B0",canonical_rom_sha256=F6A345E2F07F0CBC4EFF7D4FF06AE88A814A98FDF100C7BF7351168C73916A98;tools/python/catalog_map_transition_candidates.py;tools/python/catalog_map_selectors.py;C4:8B6A;C4:8BE2
,,,,0xB6,1,0x77,vm_opcode_0x56_terminal,CD:5315,,pack=0xB6;record=1;entry=0x77,,0xB5,0x0F,cfg_t29_l138_v2,138,29,2,,,,,,bounded substream tail; destination record0 entry 0x0F exists,strong_candidate,"C4:8B6A handler for opcode 0x56 stores operand1 to $15D0/$0305, copies old $0305 to $15CF, stores operand2 to $13B8/$13B9, calls 81:837F, and advances three bytes; exact bounded tail ends in compact B0",canonical_rom_sha256=F6A345E2F07F0CBC4EFF7D4FF06AE88A814A98FDF100C7BF7351168C73916A98;tools/python/catalog_map_transition_candidates.py;tools/python/catalog_map_selectors.py;C4:8B6A;C4:8BE2
,,,,0xB6,2,0x77,vm_opcode_0x56_terminal,CD:5322,,pack=0xB6;record=2;entry=0x77,,0xB6,0x04,cfg_t30_l140_v2,140,30,2,,,,,,bounded substream tail; destination record0 entry 0x04 exists,strong_candidate,"C4:8B6A handler for opcode 0x56 stores operand1 to $15D0/$0305, copies old $0305 to $15CF, stores operand2 to $13B8/$13B9, calls 81:837F, and advances three bytes; exact bounded tail ends in compact B0",canonical_rom_sha256=F6A345E2F07F0CBC4EFF7D4FF06AE88A814A98FDF100C7BF7351168C73916A98;tools/python/catalog_map_transition_candidates.py;tools/python/catalog_map_selectors.py;C4:8B6A;C4:8BE2
,,,,0xB6,3,0x77,vm_opcode_0x56_terminal,CD:532F,,pack=0xB6;record=3;entry=0x77,,0xB6,0x03,cfg_t30_l140_v2,140,30,2,,,,,,bounded substream tail; destination record0 entry 0x03 exists,strong_candidate,"C4:8B6A handler for opcode 0x56 stores operand1 to $15D0/$0305, copies old $0305 to $15CF, stores operand2 to $13B8/$13B9, calls 81:837F, and advances three bytes; exact bounded tail ends in compact B0",canonical_rom_sha256=F6A345E2F07F0CBC4EFF7D4FF06AE88A814A98FDF100C7BF7351168C73916A98;tools/python/catalog_map_transition_candidates.py;tools/python/catalog_map_selectors.py;C4:8B6A;C4:8BE2
,,,,0xB6,4,0x77,vm_opcode_0x56_terminal,CD:533C,,pack=0xB6;record=4;entry=0x77,,0xB6,0x06,cfg_t30_l140_v2,140,30,2,,,,,,bounded substream tail; destination record0 entry 0x06 exists,strong_candidate,"C4:8B6A handler for opcode 0x56 stores operand1 to $15D0/$0305, copies old $0305 to $15CF, stores operand2 to $13B8/$13B9, calls 81:837F, and advances three bytes; exact bounded tail ends in compact B0",canonical_rom_sha256=F6A345E2F07F0CBC4EFF7D4FF06AE88A814A98FDF100C7BF7351168C73916A98;tools/python/catalog_map_transition_candidates.py;tools/python/catalog_map_selectors.py;C4:8B6A;C4:8BE2
,,,,0xB6,5,0x77,vm_opcode_0x56_terminal,CD:5349,,pack=0xB6;record=5;entry=0x77,,0xB6,0x05,cfg_t30_l140_v2,140,30,2,,,,,,bounded substream tail; destination record0 entry 0x05 exists,strong_candidate,"C4:8B6A handler for opcode 0x56 stores operand1 to $15D0/$0305, copies old $0305 to $15CF, stores operand2 to $13B8/$13B9, calls 81:837F, and advances three bytes; exact bounded tail ends in compact B0",canonical_rom_sha256=F6A345E2F07F0CBC4EFF7D4FF06AE88A814A98FDF100C7BF7351168C73916A98;tools/python/catalog_map_transition_candidates.py;tools/python/catalog_map_selectors.py;C4:8B6A;C4:8BE2
,,,,0xB7,2,0x77,vm_opcode_0x56_terminal,CD:554B,,pack=0xB7;record=2;entry=0x77,,0xB7,0x04,cfg_t47_l172_v2,172,47,2,,,,,,bounded substream tail; destination record0 entry 0x04 exists,strong_candidate,"C4:8B6A handler for opcode 0x56 stores operand1 to $15D0/$0305, copies old $0305 to $15CF, stores operand2 to $13B8/$13B9, calls 81:837F, and advances three bytes; exact bounded tail ends in compact B0",canonical_rom_sha256=F6A345E2F07F0CBC4EFF7D4FF06AE88A814A98FDF100C7BF7351168C73916A98;tools/python/catalog_map_transition_candidates.py;tools/python/catalog_map_selectors.py;C4:8B6A;C4:8BE2
,,,,0xB7,3,0x77,vm_opcode_0x56_terminal,CD:5558,,pack=0xB7;record=3;entry=0x77,,0xB7,0x03,cfg_t47_l172_v2,172,47,2,,,,,,bounded substream tail; destination record0 entry 0x03 exists,strong_candidate,"C4:8B6A handler for opcode 0x56 stores operand1 to $15D0/$0305, copies old $0305 to $15CF, stores operand2 to $13B8/$13B9, calls 81:837F, and advances three bytes; exact bounded tail ends in compact B0",canonical_rom_sha256=F6A345E2F07F0CBC4EFF7D4FF06AE88A814A98FDF100C7BF7351168C73916A98;tools/python/catalog_map_transition_candidates.py;tools/python/catalog_map_selectors.py;C4:8B6A;C4:8BE2
,,,,0xB7,4,0x77,vm_opcode_0x56_terminal,CD:5565,,pack=0xB7;record=4;entry=0x77,,0xB7,0x06,cfg_t47_l172_v2,172,47,2,,,,,,bounded substream tail; destination record0 entry 0x06 exists,strong_candidate,"C4:8B6A handler for opcode 0x56 stores operand1 to $15D0/$0305, copies old $0305 to $15CF, stores operand2 to $13B8/$13B9, calls 81:837F, and advances three bytes; exact bounded tail ends in compact B0",canonical_rom_sha256=F6A345E2F07F0CBC4EFF7D4FF06AE88A814A98FDF100C7BF7351168C73916A98;tools/python/catalog_map_transition_candidates.py;tools/python/catalog_map_selectors.py;C4:8B6A;C4:8BE2
,,,,0xB7,5,0x77,vm_opcode_0x56_terminal,CD:5572,,pack=0xB7;record=5;entry=0x77,,0xB7,0x05,cfg_t47_l172_v2,172,47,2,,,,,,bounded substream tail; destination record0 entry 0x05 exists,strong_candidate,"C4:8B6A handler for opcode 0x56 stores operand1 to $15D0/$0305, copies old $0305 to $15CF, stores operand2 to $13B8/$13B9, calls 81:837F, and advances three bytes; exact bounded tail ends in compact B0",canonical_rom_sha256=F6A345E2F07F0CBC4EFF7D4FF06AE88A814A98FDF100C7BF7351168C73916A98;tools/python/catalog_map_transition_candidates.py;tools/python/catalog_map_selectors.py;C4:8B6A;C4:8BE2
,,,,0xB7,6,0x77,vm_opcode_0x56_terminal,CD:557F,,pack=0xB7;record=6;entry=0x77,,0xB7,0x08,cfg_t47_l172_v2,172,47,2,,,,,,bounded substream tail; destination record0 entry 0x08 exists,strong_candidate,"C4:8B6A handler for opcode 0x56 stores operand1 to $15D0/$0305, copies old $0305 to $15CF, stores operand2 to $13B8/$13B9, calls 81:837F, and advances three bytes; exact bounded tail ends in compact B0",canonical_rom_sha256=F6A345E2F07F0CBC4EFF7D4FF06AE88A814A98FDF100C7BF7351168C73916A98;tools/python/catalog_map_transition_candidates.py;tools/python/catalog_map_selectors.py;C4:8B6A;C4:8BE2
,,,,0xB7,7,0x77,vm_opcode_0x56_terminal,CD:558C,,pack=0xB7;record=7;entry=0x77,,0xB7,0x07,cfg_t47_l172_v2,172,47,2,,,,,,bounded substream tail; destination record0 entry 0x07 exists,strong_candidate,"C4:8B6A handler for opcode 0x56 stores operand1 to $15D0/$0305, copies old $0305 to $15CF, stores operand2 to $13B8/$13B9, calls 81:837F, and advances three bytes; exact bounded tail ends in compact B0",canonical_rom_sha256=F6A345E2F07F0CBC4EFF7D4FF06AE88A814A98FDF100C7BF7351168C73916A98;tools/python/catalog_map_transition_candidates.py;tools/python/catalog_map_selectors.py;C4:8B6A;C4:8BE2
,,,,0xB7,8,0x77,vm_opcode_0x56_terminal,CD:5599,,pack=0xB7;record=8;entry=0x77,,0xB7,0x0A,cfg_t47_l172_v2,172,47,2,,,,,,bounded substream tail; destination record0 entry 0x0A exists,strong_candidate,"C4:8B6A handler for opcode 0x56 stores operand1 to $15D0/$0305, copies old $0305 to $15CF, stores operand2 to $13B8/$13B9, calls 81:837F, and advances three bytes; exact bounded tail ends in compact B0",canonical_rom_sha256=F6A345E2F07F0CBC4EFF7D4FF06AE88A814A98FDF100C7BF7351168C73916A98;tools/python/catalog_map_transition_candidates.py;tools/python/catalog_map_selectors.py;C4:8B6A;C4:8BE2
,,,,0xB7,9,0x77,vm_opcode_0x56_terminal,CD:55A6,,pack=0xB7;record=9;entry=0x77,,0xB7,0x09,cfg_t47_l172_v2,172,47,2,,,,,,bounded substream tail; destination record0 entry 0x09 exists,strong_candidate,"C4:8B6A handler for opcode 0x56 stores operand1 to $15D0/$0305, copies old $0305 to $15CF, stores operand2 to $13B8/$13B9, calls 81:837F, and advances three bytes; exact bounded tail ends in compact B0",canonical_rom_sha256=F6A345E2F07F0CBC4EFF7D4FF06AE88A814A98FDF100C7BF7351168C73916A98;tools/python/catalog_map_transition_candidates.py;tools/python/catalog_map_selectors.py;C4:8B6A;C4:8BE2
,,,,0xB7,10,0x77,vm_opcode_0x56_terminal,CD:55B3,,pack=0xB7;record=10;entry=0x77,,0xB8,0x02,cfg_t47_l172_v2,172,47,2,52,16,52,16,CD:56F1,bounded substream tail; destination record0 entry 0x02 exists; destination entry has aligned 0x58 coordinate setter at CD:56F1,strong_candidate,"C4:8B6A handler for opcode 0x56 stores operand1 to $15D0/$0305, copies old $0305 to $15CF, stores operand2 to $13B8/$13B9, calls 81:837F, and advances three bytes; exact bounded tail ends in compact B0; C4:8BE2 opcode 0x58 writes destination entry operands to $1573/$157D/$15C3/$15C4",canonical_rom_sha256=F6A345E2F07F0CBC4EFF7D4FF06AE88A814A98FDF100C7BF7351168C73916A98;tools/python/catalog_map_transition_candidates.py;tools/python/catalog_map_selectors.py;C4:8B6A;C4:8BE2
,,,,0xB8,1,0x77,vm_opcode_0x56_terminal,CD:5766,,pack=0xB8;record=1;entry=0x77,,0xB7,0x0B,cfg_t47_l172_v2,172,47,2,,,,,,bounded substream tail; destination record0 entry 0x0B exists,strong_candidate,"C4:8B6A handler for opcode 0x56 stores operand1 to $15D0/$0305, copies old $0305 to $15CF, stores operand2 to $13B8/$13B9, calls 81:837F, and advances three bytes; exact bounded tail ends in compact B0",canonical_rom_sha256=F6A345E2F07F0CBC4EFF7D4FF06AE88A814A98FDF100C7BF7351168C73916A98;tools/python/catalog_map_transition_candidates.py;tools/python/catalog_map_selectors.py;C4:8B6A;C4:8BE2
,,,,0xB9,2,0x77,vm_opcode_0x56_terminal,CD:5E12,,pack=0xB9;record=2;entry=0x77,,0xB9,0x09,cfg_t25_l129_v2,129,25,2,,,,,,bounded substream tail; destination record0 entry 0x09 exists,strong_candidate,"C4:8B6A handler for opcode 0x56 stores operand1 to $15D0/$0305, copies old $0305 to $15CF, stores operand2 to $13B8/$13B9, calls 81:837F, and advances three bytes; exact bounded tail ends in compact B0",canonical_rom_sha256=F6A345E2F07F0CBC4EFF7D4FF06AE88A814A98FDF100C7BF7351168C73916A98;tools/python/catalog_map_transition_candidates.py;tools/python/catalog_map_selectors.py;C4:8B6A;C4:8BE2
,,,,0xB9,3,0x77,vm_opcode_0x56_terminal,CD:5E1F,,pack=0xB9;record=3;entry=0x77,,0xB9,0x0A,cfg_t25_l129_v2,129,25,2,,,,,,bounded substream tail; destination record0 entry 0x0A exists,strong_candidate,"C4:8B6A handler for opcode 0x56 stores operand1 to $15D0/$0305, copies old $0305 to $15CF, stores operand2 to $13B8/$13B9, calls 81:837F, and advances three bytes; exact bounded tail ends in compact B0",canonical_rom_sha256=F6A345E2F07F0CBC4EFF7D4FF06AE88A814A98FDF100C7BF7351168C73916A98;tools/python/catalog_map_transition_candidates.py;tools/python/catalog_map_selectors.py;C4:8B6A;C4:8BE2
,,,,0xB9,4,0x77,vm_opcode_0x56_terminal,CD:5E2C,,pack=0xB9;record=4;entry=0x77,,0xB9,0x0B,cfg_t25_l129_v2,129,25,2,,,,,,bounded substream tail; destination record0 entry 0x0B exists,strong_candidate,"C4:8B6A handler for opcode 0x56 stores operand1 to $15D0/$0305, copies old $0305 to $15CF, stores operand2 to $13B8/$13B9, calls 81:837F, and advances three bytes; exact bounded tail ends in compact B0",canonical_rom_sha256=F6A345E2F07F0CBC4EFF7D4FF06AE88A814A98FDF100C7BF7351168C73916A98;tools/python/catalog_map_transition_candidates.py;tools/python/catalog_map_selectors.py;C4:8B6A;C4:8BE2
,,,,0xB9,5,0x77,vm_opcode_0x56_terminal,CD:5E39,,pack=0xB9;record=5;entry=0x77,,0xB9,0x0C,cfg_t25_l129_v2,129,25,2,,,,,,bounded substream tail; destination record0 entry 0x0C exists,strong_candidate,"C4:8B6A handler for opcode 0x56 stores operand1 to $15D0/$0305, copies old $0305 to $15CF, stores operand2 to $13B8/$13B9, calls 81:837F, and advances three bytes; exact bounded tail ends in compact B0",canonical_rom_sha256=F6A345E2F07F0CBC4EFF7D4FF06AE88A814A98FDF100C7BF7351168C73916A98;tools/python/catalog_map_transition_candidates.py;tools/python/catalog_map_selectors.py;C4:8B6A;C4:8BE2
,,,,0xB9,6,0x77,vm_opcode_0x56_terminal,CD:5E46,,pack=0xB9;record=6;entry=0x77,,0xB9,0x0D,cfg_t25_l129_v2,129,25,2,,,,,,bounded substream tail; destination record0 entry 0x0D exists,strong_candidate,"C4:8B6A handler for opcode 0x56 stores operand1 to $15D0/$0305, copies old $0305 to $15CF, stores operand2 to $13B8/$13B9, calls 81:837F, and advances three bytes; exact bounded tail ends in compact B0",canonical_rom_sha256=F6A345E2F07F0CBC4EFF7D4FF06AE88A814A98FDF100C7BF7351168C73916A98;tools/python/catalog_map_transition_candidates.py;tools/python/catalog_map_selectors.py;C4:8B6A;C4:8BE2
,,,,0xB9,7,0x77,vm_opcode_0x56_terminal,CD:5E53,,pack=0xB9;record=7;entry=0x77,,0xB9,0x0E,cfg_t25_l129_v2,129,25,2,,,,,,bounded substream tail; destination record0 entry 0x0E exists,strong_candidate,"C4:8B6A handler for opcode 0x56 stores operand1 to $15D0/$0305, copies old $0305 to $15CF, stores operand2 to $13B8/$13B9, calls 81:837F, and advances three bytes; exact bounded tail ends in compact B0",canonical_rom_sha256=F6A345E2F07F0CBC4EFF7D4FF06AE88A814A98FDF100C7BF7351168C73916A98;tools/python/catalog_map_transition_candidates.py;tools/python/catalog_map_selectors.py;C4:8B6A;C4:8BE2
,,,,0xB9,8,0x77,vm_opcode_0x56_terminal,CD:5E60,,pack=0xB9;record=8;entry=0x77,,0xB9,0x03,cfg_t25_l129_v2,129,25,2,,,,,,bounded substream tail; destination record0 entry 0x03 exists,strong_candidate,"C4:8B6A handler for opcode 0x56 stores operand1 to $15D0/$0305, copies old $0305 to $15CF, stores operand2 to $13B8/$13B9, calls 81:837F, and advances three bytes; exact bounded tail ends in compact B0",canonical_rom_sha256=F6A345E2F07F0CBC4EFF7D4FF06AE88A814A98FDF100C7BF7351168C73916A98;tools/python/catalog_map_transition_candidates.py;tools/python/catalog_map_selectors.py;C4:8B6A;C4:8BE2
,,,,0xB9,9,0x77,vm_opcode_0x56_terminal,CD:5E6D,,pack=0xB9;record=9;entry=0x77,,0xB9,0x04,cfg_t25_l129_v2,129,25,2,,,,,,bounded substream tail; destination record0 entry 0x04 exists,strong_candidate,"C4:8B6A handler for opcode 0x56 stores operand1 to $15D0/$0305, copies old $0305 to $15CF, stores operand2 to $13B8/$13B9, calls 81:837F, and advances three bytes; exact bounded tail ends in compact B0",canonical_rom_sha256=F6A345E2F07F0CBC4EFF7D4FF06AE88A814A98FDF100C7BF7351168C73916A98;tools/python/catalog_map_transition_candidates.py;tools/python/catalog_map_selectors.py;C4:8B6A;C4:8BE2
,,,,0xB9,10,0x77,vm_opcode_0x56_terminal,CD:5E7A,,pack=0xB9;record=10;entry=0x77,,0xB9,0x05,cfg_t25_l129_v2,129,25,2,,,,,,bounded substream tail; destination record0 entry 0x05 exists,strong_candidate,"C4:8B6A handler for opcode 0x56 stores operand1 to $15D0/$0305, copies old $0305 to $15CF, stores operand2 to $13B8/$13B9, calls 81:837F, and advances three bytes; exact bounded tail ends in compact B0",canonical_rom_sha256=F6A345E2F07F0CBC4EFF7D4FF06AE88A814A98FDF100C7BF7351168C73916A98;tools/python/catalog_map_transition_candidates.py;tools/python/catalog_map_selectors.py;C4:8B6A;C4:8BE2
,,,,0xB9,11,0x77,vm_opcode_0x56_terminal,CD:5E87,,pack=0xB9;record=11;entry=0x77,,0xB9,0x06,cfg_t25_l129_v2,129,25,2,,,,,,bounded substream tail; destination record0 entry 0x06 exists,strong_candidate,"C4:8B6A handler for opcode 0x56 stores operand1 to $15D0/$0305, copies old $0305 to $15CF, stores operand2 to $13B8/$13B9, calls 81:837F, and advances three bytes; exact bounded tail ends in compact B0",canonical_rom_sha256=F6A345E2F07F0CBC4EFF7D4FF06AE88A814A98FDF100C7BF7351168C73916A98;tools/python/catalog_map_transition_candidates.py;tools/python/catalog_map_selectors.py;C4:8B6A;C4:8BE2
,,,,0xB9,12,0x77,vm_opcode_0x56_terminal,CD:5E94,,pack=0xB9;record=12;entry=0x77,,0xB9,0x07,cfg_t25_l129_v2,129,25,2,,,,,,bounded substream tail; destination record0 entry 0x07 exists,strong_candidate,"C4:8B6A handler for opcode 0x56 stores operand1 to $15D0/$0305, copies old $0305 to $15CF, stores operand2 to $13B8/$13B9, calls 81:837F, and advances three bytes; exact bounded tail ends in compact B0",canonical_rom_sha256=F6A345E2F07F0CBC4EFF7D4FF06AE88A814A98FDF100C7BF7351168C73916A98;tools/python/catalog_map_transition_candidates.py;tools/python/catalog_map_selectors.py;C4:8B6A;C4:8BE2
,,,,0xB9,13,0x77,vm_opcode_0x56_terminal,CD:5EA1,,pack=0xB9;record=13;entry=0x77,,0xB9,0x08,cfg_t25_l129_v2,129,25,2,,,,,,bounded substream tail; destination record0 entry 0x08 exists,strong_candidate,"C4:8B6A handler for opcode 0x56 stores operand1 to $15D0/$0305, copies old $0305 to $15CF, stores operand2 to $13B8/$13B9, calls 81:837F, and advances three bytes; exact bounded tail ends in compact B0",canonical_rom_sha256=F6A345E2F07F0CBC4EFF7D4FF06AE88A814A98FDF100C7BF7351168C73916A98;tools/python/catalog_map_transition_candidates.py;tools/python/catalog_map_selectors.py;C4:8B6A;C4:8BE2
,,,,0xBA,2,0x77,vm_opcode_0x56_terminal,CD:6112,,pack=0xBA;record=2;entry=0x77,,0xBC,0x03,cfg_t32_l144_v1,144,32,1,,,,,,bounded substream tail; destination record0 entry 0x03 exists,strong_candidate,"C4:8B6A handler for opcode 0x56 stores operand1 to $15D0/$0305, copies old $0305 to $15CF, stores operand2 to $13B8/$13B9, calls 81:837F, and advances three bytes; exact bounded tail ends in compact B0",canonical_rom_sha256=F6A345E2F07F0CBC4EFF7D4FF06AE88A814A98FDF100C7BF7351168C73916A98;tools/python/catalog_map_transition_candidates.py;tools/python/catalog_map_selectors.py;C4:8B6A;C4:8BE2
,,,,0xBA,3,0x77,vm_opcode_0x56_terminal,CD:611F,,pack=0xBA;record=3;entry=0x77,,0xBA,0x04,cfg_t32_l144_v1,144,32,1,,,,,,bounded substream tail; destination record0 entry 0x04 exists,strong_candidate,"C4:8B6A handler for opcode 0x56 stores operand1 to $15D0/$0305, copies old $0305 to $15CF, stores operand2 to $13B8/$13B9, calls 81:837F, and advances three bytes; exact bounded tail ends in compact B0",canonical_rom_sha256=F6A345E2F07F0CBC4EFF7D4FF06AE88A814A98FDF100C7BF7351168C73916A98;tools/python/catalog_map_transition_candidates.py;tools/python/catalog_map_selectors.py;C4:8B6A;C4:8BE2
,,,,0xBA,4,0x77,vm_opcode_0x56_terminal,CD:612C,,pack=0xBA;record=4;entry=0x77,,0xBA,0x03,cfg_t32_l144_v1,144,32,1,,,,,,bounded substream tail; destination record0 entry 0x03 exists,strong_candidate,"C4:8B6A handler for opcode 0x56 stores operand1 to $15D0/$0305, copies old $0305 to $15CF, stores operand2 to $13B8/$13B9, calls 81:837F, and advances three bytes; exact bounded tail ends in compact B0",canonical_rom_sha256=F6A345E2F07F0CBC4EFF7D4FF06AE88A814A98FDF100C7BF7351168C73916A98;tools/python/catalog_map_transition_candidates.py;tools/python/catalog_map_selectors.py;C4:8B6A;C4:8BE2
,,,,0xBA,5,0x77,vm_opcode_0x56_terminal,CD:6139,,pack=0xBA;record=5;entry=0x77,,0xBA,0x06,cfg_t32_l144_v1,144,32,1,,,,,,bounded substream tail; destination record0 entry 0x06 exists,strong_candidate,"C4:8B6A handler for opcode 0x56 stores operand1 to $15D0/$0305, copies old $0305 to $15CF, stores operand2 to $13B8/$13B9, calls 81:837F, and advances three bytes; exact bounded tail ends in compact B0",canonical_rom_sha256=F6A345E2F07F0CBC4EFF7D4FF06AE88A814A98FDF100C7BF7351168C73916A98;tools/python/catalog_map_transition_candidates.py;tools/python/catalog_map_selectors.py;C4:8B6A;C4:8BE2
,,,,0xBA,6,0x77,vm_opcode_0x56_terminal,CD:6146,,pack=0xBA;record=6;entry=0x77,,0xBA,0x05,cfg_t32_l144_v1,144,32,1,,,,,,bounded substream tail; destination record0 entry 0x05 exists,strong_candidate,"C4:8B6A handler for opcode 0x56 stores operand1 to $15D0/$0305, copies old $0305 to $15CF, stores operand2 to $13B8/$13B9, calls 81:837F, and advances three bytes; exact bounded tail ends in compact B0",canonical_rom_sha256=F6A345E2F07F0CBC4EFF7D4FF06AE88A814A98FDF100C7BF7351168C73916A98;tools/python/catalog_map_transition_candidates.py;tools/python/catalog_map_selectors.py;C4:8B6A;C4:8BE2
,,,,0xBA,7,0x77,vm_opcode_0x56_terminal,CD:6153,,pack=0xBA;record=7;entry=0x77,,0xBB,0x02,cfg_t32_l144_v1,144,32,1,,,,,,bounded substream tail; destination record0 entry 0x02 exists,strong_candidate,"C4:8B6A handler for opcode 0x56 stores operand1 to $15D0/$0305, copies old $0305 to $15CF, stores operand2 to $13B8/$13B9, calls 81:837F, and advances three bytes; exact bounded tail ends in compact B0",canonical_rom_sha256=F6A345E2F07F0CBC4EFF7D4FF06AE88A814A98FDF100C7BF7351168C73916A98;tools/python/catalog_map_transition_candidates.py;tools/python/catalog_map_selectors.py;C4:8B6A;C4:8BE2
,,,,0xBA,8,0x77,vm_opcode_0x56_terminal,CD:6160,,pack=0xBA;record=8;entry=0x77,,0xBB,0x03,cfg_t32_l144_v1,144,32,1,,,,,,bounded substream tail; destination record0 entry 0x03 exists,strong_candidate,"C4:8B6A handler for opcode 0x56 stores operand1 to $15D0/$0305, copies old $0305 to $15CF, stores operand2 to $13B8/$13B9, calls 81:837F, and advances three bytes; exact bounded tail ends in compact B0",canonical_rom_sha256=F6A345E2F07F0CBC4EFF7D4FF06AE88A814A98FDF100C7BF7351168C73916A98;tools/python/catalog_map_transition_candidates.py;tools/python/catalog_map_selectors.py;C4:8B6A;C4:8BE2
,,,,0xBB,2,0x77,vm_opcode_0x56_terminal,CD:66ED,,pack=0xBB;record=2;entry=0x77,,0xBA,0x07,cfg_t32_l144_v1,144,32,1,,,,,,bounded substream tail; destination record0 entry 0x07 exists,strong_candidate,"C4:8B6A handler for opcode 0x56 stores operand1 to $15D0/$0305, copies old $0305 to $15CF, stores operand2 to $13B8/$13B9, calls 81:837F, and advances three bytes; exact bounded tail ends in compact B0",canonical_rom_sha256=F6A345E2F07F0CBC4EFF7D4FF06AE88A814A98FDF100C7BF7351168C73916A98;tools/python/catalog_map_transition_candidates.py;tools/python/catalog_map_selectors.py;C4:8B6A;C4:8BE2
,,,,0xBB,3,0x77,vm_opcode_0x56_terminal,CD:66FA,,pack=0xBB;record=3;entry=0x77,,0xBA,0x08,cfg_t32_l144_v1,144,32,1,,,,,,bounded substream tail; destination record0 entry 0x08 exists,strong_candidate,"C4:8B6A handler for opcode 0x56 stores operand1 to $15D0/$0305, copies old $0305 to $15CF, stores operand2 to $13B8/$13B9, calls 81:837F, and advances three bytes; exact bounded tail ends in compact B0",canonical_rom_sha256=F6A345E2F07F0CBC4EFF7D4FF06AE88A814A98FDF100C7BF7351168C73916A98;tools/python/catalog_map_transition_candidates.py;tools/python/catalog_map_selectors.py;C4:8B6A;C4:8BE2
,,,,0xBB,4,0x77,vm_opcode_0x56_terminal,CD:6707,,pack=0xBB;record=4;entry=0x77,,0xBB,0x05,cfg_t32_l144_v1,144,32,1,,,,,,bounded substream tail; destination record0 entry 0x05 exists,strong_candidate,"C4:8B6A handler for opcode 0x56 stores operand1 to $15D0/$0305, copies old $0305 to $15CF, stores operand2 to $13B8/$13B9, calls 81:837F, and advances three bytes; exact bounded tail ends in compact B0",canonical_rom_sha256=F6A345E2F07F0CBC4EFF7D4FF06AE88A814A98FDF100C7BF7351168C73916A98;tools/python/catalog_map_transition_candidates.py;tools/python/catalog_map_selectors.py;C4:8B6A;C4:8BE2
,,,,0xBB,5,0x77,vm_opcode_0x56_terminal,CD:6714,,pack=0xBB;record=5;entry=0x77,,0xBB,0x04,cfg_t32_l144_v1,144,32,1,,,,,,bounded substream tail; destination record0 entry 0x04 exists,strong_candidate,"C4:8B6A handler for opcode 0x56 stores operand1 to $15D0/$0305, copies old $0305 to $15CF, stores operand2 to $13B8/$13B9, calls 81:837F, and advances three bytes; exact bounded tail ends in compact B0",canonical_rom_sha256=F6A345E2F07F0CBC4EFF7D4FF06AE88A814A98FDF100C7BF7351168C73916A98;tools/python/catalog_map_transition_candidates.py;tools/python/catalog_map_selectors.py;C4:8B6A;C4:8BE2
,,,,0xBB,6,0x77,vm_opcode_0x56_terminal,CD:6721,,pack=0xBB;record=6;entry=0x77,,0xBB,0x07,cfg_t32_l144_v1,144,32,1,,,,,,bounded substream tail; destination record0 entry 0x07 exists,strong_candidate,"C4:8B6A handler for opcode 0x56 stores operand1 to $15D0/$0305, copies old $0305 to $15CF, stores operand2 to $13B8/$13B9, calls 81:837F, and advances three bytes; exact bounded tail ends in compact B0",canonical_rom_sha256=F6A345E2F07F0CBC4EFF7D4FF06AE88A814A98FDF100C7BF7351168C73916A98;tools/python/catalog_map_transition_candidates.py;tools/python/catalog_map_selectors.py;C4:8B6A;C4:8BE2
,,,,0xBB,7,0x77,vm_opcode_0x56_terminal,CD:672E,,pack=0xBB;record=7;entry=0x77,,0xBB,0x06,cfg_t32_l144_v1,144,32,1,,,,,,bounded substream tail; destination record0 entry 0x06 exists,strong_candidate,"C4:8B6A handler for opcode 0x56 stores operand1 to $15D0/$0305, copies old $0305 to $15CF, stores operand2 to $13B8/$13B9, calls 81:837F, and advances three bytes; exact bounded tail ends in compact B0",canonical_rom_sha256=F6A345E2F07F0CBC4EFF7D4FF06AE88A814A98FDF100C7BF7351168C73916A98;tools/python/catalog_map_transition_candidates.py;tools/python/catalog_map_selectors.py;C4:8B6A;C4:8BE2
,,,,0xBB,8,0x77,vm_opcode_0x56_terminal,CD:673B,,pack=0xBB;record=8;entry=0x77,,0xBC,0x04,cfg_t32_l144_v1,144,32,1,,,,,,bounded substream tail; destination record0 entry 0x04 exists,strong_candidate,"C4:8B6A handler for opcode 0x56 stores operand1 to $15D0/$0305, copies old $0305 to $15CF, stores operand2 to $13B8/$13B9, calls 81:837F, and advances three bytes; exact bounded tail ends in compact B0",canonical_rom_sha256=F6A345E2F07F0CBC4EFF7D4FF06AE88A814A98FDF100C7BF7351168C73916A98;tools/python/catalog_map_transition_candidates.py;tools/python/catalog_map_selectors.py;C4:8B6A;C4:8BE2
,,,,0xBC,2,0x77,vm_opcode_0x56_terminal,CD:6B05,,pack=0xBC;record=2;entry=0x77,,0xBA,0x02,cfg_t32_l144_v1,144,32,1,,,,,,bounded substream tail; destination record0 entry 0x02 exists,strong_candidate,"C4:8B6A handler for opcode 0x56 stores operand1 to $15D0/$0305, copies old $0305 to $15CF, stores operand2 to $13B8/$13B9, calls 81:837F, and advances three bytes; exact bounded tail ends in compact B0",canonical_rom_sha256=F6A345E2F07F0CBC4EFF7D4FF06AE88A814A98FDF100C7BF7351168C73916A98;tools/python/catalog_map_transition_candidates.py;tools/python/catalog_map_selectors.py;C4:8B6A;C4:8BE2
,,,,0xBC,3,0x77,vm_opcode_0x56_terminal,CD:6B12,,pack=0xBC;record=3;entry=0x77,,0xBB,0x08,cfg_t32_l144_v1,144,32,1,,,,,,bounded substream tail; destination record0 entry 0x08 exists,strong_candidate,"C4:8B6A handler for opcode 0x56 stores operand1 to $15D0/$0305, copies old $0305 to $15CF, stores operand2 to $13B8/$13B9, calls 81:837F, and advances three bytes; exact bounded tail ends in compact B0",canonical_rom_sha256=F6A345E2F07F0CBC4EFF7D4FF06AE88A814A98FDF100C7BF7351168C73916A98;tools/python/catalog_map_transition_candidates.py;tools/python/catalog_map_selectors.py;C4:8B6A;C4:8BE2
,,,,0xBC,4,0x77,vm_opcode_0x56_terminal,CD:6B1F,,pack=0xBC;record=4;entry=0x77,,0xBC,0x06,cfg_t32_l144_v1,144,32,1,,,,,,bounded substream tail; destination record0 entry 0x06 exists,strong_candidate,"C4:8B6A handler for opcode 0x56 stores operand1 to $15D0/$0305, copies old $0305 to $15CF, stores operand2 to $13B8/$13B9, calls 81:837F, and advances three bytes; exact bounded tail ends in compact B0",canonical_rom_sha256=F6A345E2F07F0CBC4EFF7D4FF06AE88A814A98FDF100C7BF7351168C73916A98;tools/python/catalog_map_transition_candidates.py;tools/python/catalog_map_selectors.py;C4:8B6A;C4:8BE2
,,,,0xBC,5,0x77,vm_opcode_0x56_terminal,CD:6B2C,,pack=0xBC;record=5;entry=0x77,,0xBC,0x05,cfg_t32_l144_v1,144,32,1,,,,,,bounded substream tail; destination record0 entry 0x05 exists,strong_candidate,"C4:8B6A handler for opcode 0x56 stores operand1 to $15D0/$0305, copies old $0305 to $15CF, stores operand2 to $13B8/$13B9, calls 81:837F, and advances three bytes; exact bounded tail ends in compact B0",canonical_rom_sha256=F6A345E2F07F0CBC4EFF7D4FF06AE88A814A98FDF100C7BF7351168C73916A98;tools/python/catalog_map_transition_candidates.py;tools/python/catalog_map_selectors.py;C4:8B6A;C4:8BE2
,,,,0xBC,6,0x77,vm_opcode_0x56_terminal,CD:6B45,,pack=0xBC;record=6;entry=0x77,,0xDD,0x0D,cfg_t53_l184_v2,184,53,2,80,80,80,80,CD:B618,bounded substream tail; destination record0 entry 0x0D exists; destination entry has aligned 0x58 coordinate setter at CD:B618,strong_candidate,"C4:8B6A handler for opcode 0x56 stores operand1 to $15D0/$0305, copies old $0305 to $15CF, stores operand2 to $13B8/$13B9, calls 81:837F, and advances three bytes; exact bounded tail ends in compact B0; C4:8BE2 opcode 0x58 writes destination entry operands to $1573/$157D/$15C3/$15C4",canonical_rom_sha256=F6A345E2F07F0CBC4EFF7D4FF06AE88A814A98FDF100C7BF7351168C73916A98;tools/python/catalog_map_transition_candidates.py;tools/python/catalog_map_selectors.py;C4:8B6A;C4:8BE2
,,,,0xBC,7,0x89,vm_opcode_0x56_terminal,CD:6B56,,pack=0xBC;record=7;entry=0x89,,0xBC,0x03,cfg_t32_l144_v1,144,32,1,,,,,,bounded substream tail; destination record0 entry 0x03 exists,strong_candidate,"C4:8B6A handler for opcode 0x56 stores operand1 to $15D0/$0305, copies old $0305 to $15CF, stores operand2 to $13B8/$13B9, calls 81:837F, and advances three bytes; exact bounded tail ends in compact B0",canonical_rom_sha256=F6A345E2F07F0CBC4EFF7D4FF06AE88A814A98FDF100C7BF7351168C73916A98;tools/python/catalog_map_transition_candidates.py;tools/python/catalog_map_selectors.py;C4:8B6A;C4:8BE2
,,,,0xBD,2,0x77,vm_opcode_0x56_terminal,CD:6D90,,pack=0xBD;record=2;entry=0x77,,0xBD,0x04,cfg_t36_l150_v2,150,36,2,,,,,,bounded substream tail; destination record0 entry 0x04 exists,strong_candidate,"C4:8B6A handler for opcode 0x56 stores operand1 to $15D0/$0305, copies old $0305 to $15CF, stores operand2 to $13B8/$13B9, calls 81:837F, and advances three bytes; exact bounded tail ends in compact B0",canonical_rom_sha256=F6A345E2F07F0CBC4EFF7D4FF06AE88A814A98FDF100C7BF7351168C73916A98;tools/python/catalog_map_transition_candidates.py;tools/python/catalog_map_selectors.py;C4:8B6A;C4:8BE2
,,,,0xBD,3,0x77,vm_opcode_0x56_terminal,CD:6D9D,,pack=0xBD;record=3;entry=0x77,,0xBD,0x03,cfg_t36_l150_v2,150,36,2,,,,,,bounded substream tail; destination record0 entry 0x03 exists,strong_candidate,"C4:8B6A handler for opcode 0x56 stores operand1 to $15D0/$0305, copies old $0305 to $15CF, stores operand2 to $13B8/$13B9, calls 81:837F, and advances three bytes; exact bounded tail ends in compact B0",canonical_rom_sha256=F6A345E2F07F0CBC4EFF7D4FF06AE88A814A98FDF100C7BF7351168C73916A98;tools/python/catalog_map_transition_candidates.py;tools/python/catalog_map_selectors.py;C4:8B6A;C4:8BE2
,,,,0xBD,4,0x77,vm_opcode_0x56_terminal,CD:6DAA,,pack=0xBD;record=4;entry=0x77,,0xBD,0x06,cfg_t36_l150_v2,150,36,2,,,,,,bounded substream tail; destination record0 entry 0x06 exists,strong_candidate,"C4:8B6A handler for opcode 0x56 stores operand1 to $15D0/$0305, copies old $0305 to $15CF, stores operand2 to $13B8/$13B9, calls 81:837F, and advances three bytes; exact bounded tail ends in compact B0",canonical_rom_sha256=F6A345E2F07F0CBC4EFF7D4FF06AE88A814A98FDF100C7BF7351168C73916A98;tools/python/catalog_map_transition_candidates.py;tools/python/catalog_map_selectors.py;C4:8B6A;C4:8BE2
,,,,0xBD,5,0x77,vm_opcode_0x56_terminal,CD:6DB7,,pack=0xBD;record=5;entry=0x77,,0xBD,0x05,cfg_t36_l150_v2,150,36,2,,,,,,bounded substream tail; destination record0 entry 0x05 exists,strong_candidate,"C4:8B6A handler for opcode 0x56 stores operand1 to $15D0/$0305, copies old $0305 to $15CF, stores operand2 to $13B8/$13B9, calls 81:837F, and advances three bytes; exact bounded tail ends in compact B0",canonical_rom_sha256=F6A345E2F07F0CBC4EFF7D4FF06AE88A814A98FDF100C7BF7351168C73916A98;tools/python/catalog_map_transition_candidates.py;tools/python/catalog_map_selectors.py;C4:8B6A;C4:8BE2
,,,,0xBD,6,0x77,vm_opcode_0x56_terminal,CD:6DC4,,pack=0xBD;record=6;entry=0x77,,0xBE,0x03,cfg_t13_l103_v2,103,13,2,54,149,54,149,CD:6EC4,bounded substream tail; destination record0 entry 0x03 exists; destination entry has aligned 0x58 coordinate setter at CD:6EC4,strong_candidate,"C4:8B6A handler for opcode 0x56 stores operand1 to $15D0/$0305, copies old $0305 to $15CF, stores operand2 to $13B8/$13B9, calls 81:837F, and advances three bytes; exact bounded tail ends in compact B0; C4:8BE2 opcode 0x58 writes destination entry operands to $1573/$157D/$15C3/$15C4",canonical_rom_sha256=F6A345E2F07F0CBC4EFF7D4FF06AE88A814A98FDF100C7BF7351168C73916A98;tools/python/catalog_map_transition_candidates.py;tools/python/catalog_map_selectors.py;C4:8B6A;C4:8BE2
,,,,0xBD,7,0x89,vm_opcode_0x56_terminal,CD:6DD3,,pack=0xBD;record=7;entry=0x89,,0xBE,0x02,cfg_t13_l103_v2,103,13,2,43,131,43,131,CD:6EA8,bounded substream tail; destination record0 entry 0x02 exists; destination entry has aligned 0x58 coordinate setter at CD:6EA8,strong_candidate,"C4:8B6A handler for opcode 0x56 stores operand1 to $15D0/$0305, copies old $0305 to $15CF, stores operand2 to $13B8/$13B9, calls 81:837F, and advances three bytes; exact bounded tail ends in compact B0; C4:8BE2 opcode 0x58 writes destination entry operands to $1573/$157D/$15C3/$15C4",canonical_rom_sha256=F6A345E2F07F0CBC4EFF7D4FF06AE88A814A98FDF100C7BF7351168C73916A98;tools/python/catalog_map_transition_candidates.py;tools/python/catalog_map_selectors.py;C4:8B6A;C4:8BE2
,,,,0xBE,2,0x77,vm_opcode_0x56_terminal,CD:6FDE,,pack=0xBE;record=2;entry=0x77,,0xBD,0x07,cfg_t36_l150_v2,150,36,2,,,,,,bounded substream tail; destination record0 entry 0x07 exists,strong_candidate,"C4:8B6A handler for opcode 0x56 stores operand1 to $15D0/$0305, copies old $0305 to $15CF, stores operand2 to $13B8/$13B9, calls 81:837F, and advances three bytes; exact bounded tail ends in compact B0",canonical_rom_sha256=F6A345E2F07F0CBC4EFF7D4FF06AE88A814A98FDF100C7BF7351168C73916A98;tools/python/catalog_map_transition_candidates.py;tools/python/catalog_map_selectors.py;C4:8B6A;C4:8BE2
,,,,0xBE,4,0x77,vm_opcode_0x56_terminal,CD:6FFA,,pack=0xBE;record=4;entry=0x77,,0xBE,0x04,cfg_t13_l103_v2,103,13,2,47,8,47,8,CD:6EE0,bounded substream tail; destination record0 entry 0x04 exists; destination entry has aligned 0x58 coordinate setter at CD:6EE0,strong_candidate,"C4:8B6A handler for opcode 0x56 stores operand1 to $15D0/$0305, copies old $0305 to $15CF, stores operand2 to $13B8/$13B9, calls 81:837F, and advances three bytes; exact bounded tail ends in compact B0; C4:8BE2 opcode 0x58 writes destination entry operands to $1573/$157D/$15C3/$15C4",canonical_rom_sha256=F6A345E2F07F0CBC4EFF7D4FF06AE88A814A98FDF100C7BF7351168C73916A98;tools/python/catalog_map_transition_candidates.py;tools/python/catalog_map_selectors.py;C4:8B6A;C4:8BE2
,,,,0xBE,5,0x77,vm_opcode_0x56_terminal,CD:7009,,pack=0xBE;record=5;entry=0x77,,0xBE,0x05,cfg_t13_l103_v2,103,13,2,8,174,8,174,CD:6EF9,bounded substream tail; destination record0 entry 0x05 exists; destination entry has aligned 0x58 coordinate setter at CD:6EF9,strong_candidate,"C4:8B6A handler for opcode 0x56 stores operand1 to $15D0/$0305, copies old $0305 to $15CF, stores operand2 to $13B8/$13B9, calls 81:837F, and advances three bytes; exact bounded tail ends in compact B0; C4:8BE2 opcode 0x58 writes destination entry operands to $1573/$157D/$15C3/$15C4",canonical_rom_sha256=F6A345E2F07F0CBC4EFF7D4FF06AE88A814A98FDF100C7BF7351168C73916A98;tools/python/catalog_map_transition_candidates.py;tools/python/catalog_map_selectors.py;C4:8B6A;C4:8BE2
,,,,0xBE,6,0x77,vm_opcode_0x56_terminal,CD:7016,,pack=0xBE;record=6;entry=0x77,,0xBE,0x06,cfg_t13_l103_v2,103,13,2,7,166,7,166,CD:6F10,bounded substream tail; destination record0 entry 0x06 exists; destination entry has aligned 0x58 coordinate setter at CD:6F10,strong_candidate,"C4:8B6A handler for opcode 0x56 stores operand1 to $15D0/$0305, copies old $0305 to $15CF, stores operand2 to $13B8/$13B9, calls 81:837F, and advances three bytes; exact bounded tail ends in compact B0; C4:8BE2 opcode 0x58 writes destination entry operands to $1573/$157D/$15C3/$15C4",canonical_rom_sha256=F6A345E2F07F0CBC4EFF7D4FF06AE88A814A98FDF100C7BF7351168C73916A98;tools/python/catalog_map_transition_candidates.py;tools/python/catalog_map_selectors.py;C4:8B6A;C4:8BE2
,,,,0xBE,7,0x77,vm_opcode_0x56_terminal,CD:7023,,pack=0xBE;record=7;entry=0x77,,0xBE,0x07,cfg_t13_l103_v2,103,13,2,23,164,23,164,CD:6F27,bounded substream tail; destination record0 entry 0x07 exists; destination entry has aligned 0x58 coordinate setter at CD:6F27,strong_candidate,"C4:8B6A handler for opcode 0x56 stores operand1 to $15D0/$0305, copies old $0305 to $15CF, stores operand2 to $13B8/$13B9, calls 81:837F, and advances three bytes; exact bounded tail ends in compact B0; C4:8BE2 opcode 0x58 writes destination entry operands to $1573/$157D/$15C3/$15C4",canonical_rom_sha256=F6A345E2F07F0CBC4EFF7D4FF06AE88A814A98FDF100C7BF7351168C73916A98;tools/python/catalog_map_transition_candidates.py;tools/python/catalog_map_selectors.py;C4:8B6A;C4:8BE2
,,,,0xBE,8,0x77,vm_opcode_0x56_terminal,CD:7030,,pack=0xBE;record=8;entry=0x77,,0xC0,0x02,cfg_t14_l105_v2,105,14,2,16,13,16,13,CD:7964,bounded substream tail; destination record0 entry 0x02 exists; destination entry has aligned 0x58 coordinate setter at CD:7964,strong_candidate,"C4:8B6A handler for opcode 0x56 stores operand1 to $15D0/$0305, copies old $0305 to $15CF, stores operand2 to $13B8/$13B9, calls 81:837F, and advances three bytes; exact bounded tail ends in compact B0; C4:8BE2 opcode 0x58 writes destination entry operands to $1573/$157D/$15C3/$15C4",canonical_rom_sha256=F6A345E2F07F0CBC4EFF7D4FF06AE88A814A98FDF100C7BF7351168C73916A98;tools/python/catalog_map_transition_candidates.py;tools/python/catalog_map_selectors.py;C4:8B6A;C4:8BE2
,,,,0xBE,9,0x38,vm_opcode_0x56_terminal,CD:704C,,pack=0xBE;record=9;entry=0x38,,0xBD,0x15,cfg_t36_l150_v2,150,36,2,,,,,,bounded substream tail; destination record0 entry 0x15 exists,strong_candidate,"C4:8B6A handler for opcode 0x56 stores operand1 to $15D0/$0305, copies old $0305 to $15CF, stores operand2 to $13B8/$13B9, calls 81:837F, and advances three bytes; exact bounded tail ends in compact B0",canonical_rom_sha256=F6A345E2F07F0CBC4EFF7D4FF06AE88A814A98FDF100C7BF7351168C73916A98;tools/python/catalog_map_transition_candidates.py;tools/python/catalog_map_selectors.py;C4:8B6A;C4:8BE2
,,,,0xBE,14,0x79,vm_opcode_0x56_terminal,CD:71FE,,pack=0xBE;record=14;entry=0x79,,0xF0,0x03,cfg_t06_l037_v2,37,6,2,127,125,127,125,CD:F698,bounded substream tail; destination record0 entry 0x03 exists; destination entry has aligned 0x58 coordinate setter at CD:F698,strong_candidate,"C4:8B6A handler for opcode 0x56 stores operand1 to $15D0/$0305, copies old $0305 to $15CF, stores operand2 to $13B8/$13B9, calls 81:837F, and advances three bytes; exact bounded tail ends in compact B0; C4:8BE2 opcode 0x58 writes destination entry operands to $1573/$157D/$15C3/$15C4",canonical_rom_sha256=F6A345E2F07F0CBC4EFF7D4FF06AE88A814A98FDF100C7BF7351168C73916A98;tools/python/catalog_map_transition_candidates.py;tools/python/catalog_map_selectors.py;C4:8B6A;C4:8BE2
,,,,0xBE,15,0x3D,vm_opcode_0x56_terminal,CD:76D5,,pack=0xBE;record=15;entry=0x3D,,0xF0,0x15,cfg_t06_l037_v2,37,6,2,,,,,,bounded substream tail; destination record0 entry 0x15 exists,strong_candidate,"C4:8B6A handler for opcode 0x56 stores operand1 to $15D0/$0305, copies old $0305 to $15CF, stores operand2 to $13B8/$13B9, calls 81:837F, and advances three bytes; exact bounded tail ends in compact B0",canonical_rom_sha256=F6A345E2F07F0CBC4EFF7D4FF06AE88A814A98FDF100C7BF7351168C73916A98;tools/python/catalog_map_transition_candidates.py;tools/python/catalog_map_selectors.py;C4:8B6A;C4:8BE2
,,,,0xC0,1,0x77,vm_opcode_0x56_terminal,CD:799E,,pack=0xC0;record=1;entry=0x77,,0xBE,0x08,cfg_t13_l103_v2,103,13,2,23,171,23,171,CD:6F3E,bounded substream tail; destination record0 entry 0x08 exists; destination entry has aligned 0x58 coordinate setter at CD:6F3E,strong_candidate,"C4:8B6A handler for opcode 0x56 stores operand1 to $15D0/$0305, copies old $0305 to $15CF, stores operand2 to $13B8/$13B9, calls 81:837F, and advances three bytes; exact bounded tail ends in compact B0; C4:8BE2 opcode 0x58 writes destination entry operands to $1573/$157D/$15C3/$15C4",canonical_rom_sha256=F6A345E2F07F0CBC4EFF7D4FF06AE88A814A98FDF100C7BF7351168C73916A98;tools/python/catalog_map_transition_candidates.py;tools/python/catalog_map_selectors.py;C4:8B6A;C4:8BE2
,,,,0xC0,2,0x77,vm_opcode_0x56_terminal,CD:79AB,,pack=0xC0;record=2;entry=0x77,,0xC2,0x02,cfg_t16_l109_v2,109,16,2,10,18,10,18,CD:7D46,bounded substream tail; destination record0 entry 0x02 exists; destination entry has aligned 0x58 coordinate setter at CD:7D46,strong_candidate,"C4:8B6A handler for opcode 0x56 stores operand1 to $15D0/$0305, copies old $0305 to $15CF, stores operand2 to $13B8/$13B9, calls 81:837F, and advances three bytes; exact bounded tail ends in compact B0; C4:8BE2 opcode 0x58 writes destination entry operands to $1573/$157D/$15C3/$15C4",canonical_rom_sha256=F6A345E2F07F0CBC4EFF7D4FF06AE88A814A98FDF100C7BF7351168C73916A98;tools/python/catalog_map_transition_candidates.py;tools/python/catalog_map_selectors.py;C4:8B6A;C4:8BE2
,,,,0xC0,3,0x38,vm_opcode_0x56_terminal,CD:79B9,,pack=0xC0;record=3;entry=0x38,,0xBE,0x15,cfg_t13_l103_v2,103,13,2,47,9,47,9,CD:6F55,bounded substream tail; destination record0 entry 0x15 exists; destination entry has aligned 0x58 coordinate setter at CD:6F55,strong_candidate,"C4:8B6A handler for opcode 0x56 stores operand1 to $15D0/$0305, copies old $0305 to $15CF, stores operand2 to $13B8/$13B9, calls 81:837F, and advances three bytes; exact bounded tail ends in compact B0; C4:8BE2 opcode 0x58 writes destination entry operands to $1573/$157D/$15C3/$15C4",canonical_rom_sha256=F6A345E2F07F0CBC4EFF7D4FF06AE88A814A98FDF100C7BF7351168C73916A98;tools/python/catalog_map_transition_candidates.py;tools/python/catalog_map_selectors.py;C4:8B6A;C4:8BE2
,,,,0xC1,1,0x77,vm_opcode_0x56_terminal,CD:7C66,,pack=0xC1;record=1;entry=0x77,,0xC0,0x03,cfg_t14_l105_v2,105,14,2,47,29,47,29,CD:796C,bounded substream tail; destination record0 entry 0x03 exists; destination entry has aligned 0x58 coordinate setter at CD:796C,strong_candidate,"C4:8B6A handler for opcode 0x56 stores operand1 to $15D0/$0305, copies old $0305 to $15CF, stores operand2 to $13B8/$13B9, calls 81:837F, and advances three bytes; exact bounded tail ends in compact B0; C4:8BE2 opcode 0x58 writes destination entry operands to $1573/$157D/$15C3/$15C4",canonical_rom_sha256=F6A345E2F07F0CBC4EFF7D4FF06AE88A814A98FDF100C7BF7351168C73916A98;tools/python/catalog_map_transition_candidates.py;tools/python/catalog_map_selectors.py;C4:8B6A;C4:8BE2
,,,,0xC1,2,0x77,vm_opcode_0x56_terminal,CD:7C73,,pack=0xC1;record=2;entry=0x77,,0xC2,0x02,cfg_t16_l109_v2,109,16,2,10,18,10,18,CD:7D46,bounded substream tail; destination record0 entry 0x02 exists; destination entry has aligned 0x58 coordinate setter at CD:7D46,strong_candidate,"C4:8B6A handler for opcode 0x56 stores operand1 to $15D0/$0305, copies old $0305 to $15CF, stores operand2 to $13B8/$13B9, calls 81:837F, and advances three bytes; exact bounded tail ends in compact B0; C4:8BE2 opcode 0x58 writes destination entry operands to $1573/$157D/$15C3/$15C4",canonical_rom_sha256=F6A345E2F07F0CBC4EFF7D4FF06AE88A814A98FDF100C7BF7351168C73916A98;tools/python/catalog_map_transition_candidates.py;tools/python/catalog_map_selectors.py;C4:8B6A;C4:8BE2
,,,,0xC2,1,0x77,vm_opcode_0x56_terminal,CD:7D70,,pack=0xC2;record=1;entry=0x77,,0xC0,0x03,cfg_t14_l105_v2,105,14,2,47,29,47,29,CD:796C,bounded substream tail; destination record0 entry 0x03 exists; destination entry has aligned 0x58 coordinate setter at CD:796C,strong_candidate,"C4:8B6A handler for opcode 0x56 stores operand1 to $15D0/$0305, copies old $0305 to $15CF, stores operand2 to $13B8/$13B9, calls 81:837F, and advances three bytes; exact bounded tail ends in compact B0; C4:8BE2 opcode 0x58 writes destination entry operands to $1573/$157D/$15C3/$15C4",canonical_rom_sha256=F6A345E2F07F0CBC4EFF7D4FF06AE88A814A98FDF100C7BF7351168C73916A98;tools/python/catalog_map_transition_candidates.py;tools/python/catalog_map_selectors.py;C4:8B6A;C4:8BE2
,,,,0xC2,2,0x77,vm_opcode_0x56_terminal,CD:7D7D,,pack=0xC2;record=2;entry=0x77,,0xC3,0x02,cfg_t14_l105_v2,105,14,2,179,13,179,13,CD:7E68,bounded substream tail; destination record0 entry 0x02 exists; destination entry has aligned 0x58 coordinate setter at CD:7E68,strong_candidate,"C4:8B6A handler for opcode 0x56 stores operand1 to $15D0/$0305, copies old $0305 to $15CF, stores operand2 to $13B8/$13B9, calls 81:837F, and advances three bytes; exact bounded tail ends in compact B0; C4:8BE2 opcode 0x58 writes destination entry operands to $1573/$157D/$15C3/$15C4",canonical_rom_sha256=F6A345E2F07F0CBC4EFF7D4FF06AE88A814A98FDF100C7BF7351168C73916A98;tools/python/catalog_map_transition_candidates.py;tools/python/catalog_map_selectors.py;C4:8B6A;C4:8BE2
,,,,0xC2,3,0x38,vm_opcode_0x56_terminal,CD:7D8B,,pack=0xC2;record=3;entry=0x38,,0xC0,0x15,cfg_t14_l105_v2,105,14,2,47,29,47,29,CD:7974,bounded substream tail; destination record0 entry 0x15 exists; destination entry has aligned 0x58 coordinate setter at CD:7974,strong_candidate,"C4:8B6A handler for opcode 0x56 stores operand1 to $15D0/$0305, copies old $0305 to $15CF, stores operand2 to $13B8/$13B9, calls 81:837F, and advances three bytes; exact bounded tail ends in compact B0; C4:8BE2 opcode 0x58 writes destination entry operands to $1573/$157D/$15C3/$15C4",canonical_rom_sha256=F6A345E2F07F0CBC4EFF7D4FF06AE88A814A98FDF100C7BF7351168C73916A98;tools/python/catalog_map_transition_candidates.py;tools/python/catalog_map_selectors.py;C4:8B6A;C4:8BE2
,,,,0xC3,1,0x77,vm_opcode_0x56_terminal,CD:7E92,,pack=0xC3;record=1;entry=0x77,,0xC2,0x03,cfg_t16_l109_v2,109,16,2,39,23,39,23,CD:7D4C,bounded substream tail; destination record0 entry 0x03 exists; destination entry has aligned 0x58 coordinate setter at CD:7D4C,strong_candidate,"C4:8B6A handler for opcode 0x56 stores operand1 to $15D0/$0305, copies old $0305 to $15CF, stores operand2 to $13B8/$13B9, calls 81:837F, and advances three bytes; exact bounded tail ends in compact B0; C4:8BE2 opcode 0x58 writes destination entry operands to $1573/$157D/$15C3/$15C4",canonical_rom_sha256=F6A345E2F07F0CBC4EFF7D4FF06AE88A814A98FDF100C7BF7351168C73916A98;tools/python/catalog_map_transition_candidates.py;tools/python/catalog_map_selectors.py;C4:8B6A;C4:8BE2
,,,,0xC3,2,0x77,vm_opcode_0x56_terminal,CD:7E9F,,pack=0xC3;record=2;entry=0x77,,0xC4,0x02,cfg_t17_l111_v2,111,17,2,9,9,9,9,CD:7FF2,bounded substream tail; destination record0 entry 0x02 exists; destination entry has aligned 0x58 coordinate setter at CD:7FF2,strong_candidate,"C4:8B6A handler for opcode 0x56 stores operand1 to $15D0/$0305, copies old $0305 to $15CF, stores operand2 to $13B8/$13B9, calls 81:837F, and advances three bytes; exact bounded tail ends in compact B0; C4:8BE2 opcode 0x58 writes destination entry operands to $1573/$157D/$15C3/$15C4",canonical_rom_sha256=F6A345E2F07F0CBC4EFF7D4FF06AE88A814A98FDF100C7BF7351168C73916A98;tools/python/catalog_map_transition_candidates.py;tools/python/catalog_map_selectors.py;C4:8B6A;C4:8BE2
,,,,0xC3,3,0x77,vm_opcode_0x56_terminal,CD:7EAE,,pack=0xC3;record=3;entry=0x77,,0xBE,0x04,cfg_t13_l103_v2,103,13,2,47,8,47,8,CD:6EE0,bounded substream tail; destination record0 entry 0x04 exists; destination entry has aligned 0x58 coordinate setter at CD:6EE0,strong_candidate,"C4:8B6A handler for opcode 0x56 stores operand1 to $15D0/$0305, copies old $0305 to $15CF, stores operand2 to $13B8/$13B9, calls 81:837F, and advances three bytes; exact bounded tail ends in compact B0; C4:8BE2 opcode 0x58 writes destination entry operands to $1573/$157D/$15C3/$15C4",canonical_rom_sha256=F6A345E2F07F0CBC4EFF7D4FF06AE88A814A98FDF100C7BF7351168C73916A98;tools/python/catalog_map_transition_candidates.py;tools/python/catalog_map_selectors.py;C4:8B6A;C4:8BE2
,,,,0xC3,4,0x77,vm_opcode_0x56_terminal,CD:7EBD,,pack=0xC3;record=4;entry=0x77,,0xBE,0x05,cfg_t13_l103_v2,103,13,2,8,174,8,174,CD:6EF9,bounded substream tail; destination record0 entry 0x05 exists; destination entry has aligned 0x58 coordinate setter at CD:6EF9,strong_candidate,"C4:8B6A handler for opcode 0x56 stores operand1 to $15D0/$0305, copies old $0305 to $15CF, stores operand2 to $13B8/$13B9, calls 81:837F, and advances three bytes; exact bounded tail ends in compact B0; C4:8BE2 opcode 0x58 writes destination entry operands to $1573/$157D/$15C3/$15C4",canonical_rom_sha256=F6A345E2F07F0CBC4EFF7D4FF06AE88A814A98FDF100C7BF7351168C73916A98;tools/python/catalog_map_transition_candidates.py;tools/python/catalog_map_selectors.py;C4:8B6A;C4:8BE2
,,,,0xC3,5,0x77,vm_opcode_0x56_terminal,CD:7ECA,,pack=0xC3;record=5;entry=0x77,,0xBE,0x06,cfg_t13_l103_v2,103,13,2,7,166,7,166,CD:6F10,bounded substream tail; destination record0 entry 0x06 exists; destination entry has aligned 0x58 coordinate setter at CD:6F10,strong_candidate,"C4:8B6A handler for opcode 0x56 stores operand1 to $15D0/$0305, copies old $0305 to $15CF, stores operand2 to $13B8/$13B9, calls 81:837F, and advances three bytes; exact bounded tail ends in compact B0; C4:8BE2 opcode 0x58 writes destination entry operands to $1573/$157D/$15C3/$15C4",canonical_rom_sha256=F6A345E2F07F0CBC4EFF7D4FF06AE88A814A98FDF100C7BF7351168C73916A98;tools/python/catalog_map_transition_candidates.py;tools/python/catalog_map_selectors.py;C4:8B6A;C4:8BE2
,,,,0xC3,6,0x77,vm_opcode_0x56_terminal,CD:7ED7,,pack=0xC3;record=6;entry=0x77,,0xBE,0x07,cfg_t13_l103_v2,103,13,2,23,164,23,164,CD:6F27,bounded substream tail; destination record0 entry 0x07 exists; destination entry has aligned 0x58 coordinate setter at CD:6F27,strong_candidate,"C4:8B6A handler for opcode 0x56 stores operand1 to $15D0/$0305, copies old $0305 to $15CF, stores operand2 to $13B8/$13B9, calls 81:837F, and advances three bytes; exact bounded tail ends in compact B0; C4:8BE2 opcode 0x58 writes destination entry operands to $1573/$157D/$15C3/$15C4",canonical_rom_sha256=F6A345E2F07F0CBC4EFF7D4FF06AE88A814A98FDF100C7BF7351168C73916A98;tools/python/catalog_map_transition_candidates.py;tools/python/catalog_map_selectors.py;C4:8B6A;C4:8BE2
,,,,0xC3,7,0x77,vm_opcode_0x56_terminal,CD:7EE4,,pack=0xC3;record=7;entry=0x77,,0xC0,0x02,cfg_t14_l105_v2,105,14,2,16,13,16,13,CD:7964,bounded substream tail; destination record0 entry 0x02 exists; destination entry has aligned 0x58 coordinate setter at CD:7964,strong_candidate,"C4:8B6A handler for opcode 0x56 stores operand1 to $15D0/$0305, copies old $0305 to $15CF, stores operand2 to $13B8/$13B9, calls 81:837F, and advances three bytes; exact bounded tail ends in compact B0; C4:8BE2 opcode 0x58 writes destination entry operands to $1573/$157D/$15C3/$15C4",canonical_rom_sha256=F6A345E2F07F0CBC4EFF7D4FF06AE88A814A98FDF100C7BF7351168C73916A98;tools/python/catalog_map_transition_candidates.py;tools/python/catalog_map_selectors.py;C4:8B6A;C4:8BE2
,,,,0xC3,8,0x38,vm_opcode_0x56_terminal,CD:7EF2,,pack=0xC3;record=8;entry=0x38,,0xC2,0x15,cfg_t16_l109_v2,109,16,2,32,25,32,25,CD:7D52,bounded substream tail; destination record0 entry 0x15 exists; destination entry has aligned 0x58 coordinate setter at CD:7D52,strong_candidate,"C4:8B6A handler for opcode 0x56 stores operand1 to $15D0/$0305, copies old $0305 to $15CF, stores operand2 to $13B8/$13B9, calls 81:837F, and advances three bytes; exact bounded tail ends in compact B0; C4:8BE2 opcode 0x58 writes destination entry operands to $1573/$157D/$15C3/$15C4",canonical_rom_sha256=F6A345E2F07F0CBC4EFF7D4FF06AE88A814A98FDF100C7BF7351168C73916A98;tools/python/catalog_map_transition_candidates.py;tools/python/catalog_map_selectors.py;C4:8B6A;C4:8BE2
,,,,0xC4,1,0x77,vm_opcode_0x56_terminal,CD:8198,,pack=0xC4;record=1;entry=0x77,,0xC3,0x03,cfg_t14_l105_v2,105,14,2,206,22,206,22,CD:7E6E,bounded substream tail; destination record0 entry 0x03 exists; destination entry has aligned 0x58 coordinate setter at CD:7E6E,strong_candidate,"C4:8B6A handler for opcode 0x56 stores operand1 to $15D0/$0305, copies old $0305 to $15CF, stores operand2 to $13B8/$13B9, calls 81:837F, and advances three bytes; exact bounded tail ends in compact B0; C4:8BE2 opcode 0x58 writes destination entry operands to $1573/$157D/$15C3/$15C4",canonical_rom_sha256=F6A345E2F07F0CBC4EFF7D4FF06AE88A814A98FDF100C7BF7351168C73916A98;tools/python/catalog_map_transition_candidates.py;tools/python/catalog_map_selectors.py;C4:8B6A;C4:8BE2
,,,,0xC4,2,0x77,vm_opcode_0x56_terminal,CD:81A5,,pack=0xC4;record=2;entry=0x77,,0xC4,0x0A,cfg_t17_l111_v2,111,17,2,71,12,71,12,CD:809C,bounded substream tail; destination record0 entry 0x0A exists; destination entry has aligned 0x58 coordinate setter at CD:809C,strong_candidate,"C4:8B6A handler for opcode 0x56 stores operand1 to $15D0/$0305, copies old $0305 to $15CF, stores operand2 to $13B8/$13B9, calls 81:837F, and advances three bytes; exact bounded tail ends in compact B0; C4:8BE2 opcode 0x58 writes destination entry operands to $1573/$157D/$15C3/$15C4",canonical_rom_sha256=F6A345E2F07F0CBC4EFF7D4FF06AE88A814A98FDF100C7BF7351168C73916A98;tools/python/catalog_map_transition_candidates.py;tools/python/catalog_map_selectors.py;C4:8B6A;C4:8BE2
,,,,0xC4,3,0x77,vm_opcode_0x56_terminal,CD:81B2,,pack=0xC4;record=3;entry=0x77,,0xC4,0x0B,cfg_t17_l111_v2,111,17,2,87,11,87,11,CD:80B1,bounded substream tail; destination record0 entry 0x0B exists; destination entry has aligned 0x58 coordinate setter at CD:80B1,strong_candidate,"C4:8B6A handler for opcode 0x56 stores operand1 to $15D0/$0305, copies old $0305 to $15CF, stores operand2 to $13B8/$13B9, calls 81:837F, and advances three bytes; exact bounded tail ends in compact B0; C4:8BE2 opcode 0x58 writes destination entry operands to $1573/$157D/$15C3/$15C4",canonical_rom_sha256=F6A345E2F07F0CBC4EFF7D4FF06AE88A814A98FDF100C7BF7351168C73916A98;tools/python/catalog_map_transition_candidates.py;tools/python/catalog_map_selectors.py;C4:8B6A;C4:8BE2
,,,,0xC4,4,0x77,vm_opcode_0x56_terminal,CD:81BF,,pack=0xC4;record=4;entry=0x77,,0xC4,0x0C,cfg_t17_l111_v2,111,17,2,71,28,71,28,CD:80C6,bounded substream tail; destination record0 entry 0x0C exists; destination entry has aligned 0x58 coordinate setter at CD:80C6,strong_candidate,"C4:8B6A handler for opcode 0x56 stores operand1 to $15D0/$0305, copies old $0305 to $15CF, stores operand2 to $13B8/$13B9, calls 81:837F, and advances three bytes; exact bounded tail ends in compact B0; C4:8BE2 opcode 0x58 writes destination entry operands to $1573/$157D/$15C3/$15C4",canonical_rom_sha256=F6A345E2F07F0CBC4EFF7D4FF06AE88A814A98FDF100C7BF7351168C73916A98;tools/python/catalog_map_transition_candidates.py;tools/python/catalog_map_selectors.py;C4:8B6A;C4:8BE2
,,,,0xC4,5,0x77,vm_opcode_0x56_terminal,CD:81CC,,pack=0xC4;record=5;entry=0x77,,0xC4,0x0D,cfg_t17_l111_v2,111,17,2,87,27,87,27,CD:80DB,bounded substream tail; destination record0 entry 0x0D exists; destination entry has aligned 0x58 coordinate setter at CD:80DB,strong_candidate,"C4:8B6A handler for opcode 0x56 stores operand1 to $15D0/$0305, copies old $0305 to $15CF, stores operand2 to $13B8/$13B9, calls 81:837F, and advances three bytes; exact bounded tail ends in compact B0; C4:8BE2 opcode 0x58 writes destination entry operands to $1573/$157D/$15C3/$15C4",canonical_rom_sha256=F6A345E2F07F0CBC4EFF7D4FF06AE88A814A98FDF100C7BF7351168C73916A98;tools/python/catalog_map_transition_candidates.py;tools/python/catalog_map_selectors.py;C4:8B6A;C4:8BE2
,,,,0xC4,6,0x77,vm_opcode_0x56_terminal,CD:81D9,,pack=0xC4;record=6;entry=0x77,,0xC4,0x0E,cfg_t17_l111_v2,111,17,2,71,44,71,44,CD:80F0,bounded substream tail; destination record0 entry 0x0E exists; destination entry has aligned 0x58 coordinate setter at CD:80F0,strong_candidate,"C4:8B6A handler for opcode 0x56 stores operand1 to $15D0/$0305, copies old $0305 to $15CF, stores operand2 to $13B8/$13B9, calls 81:837F, and advances three bytes; exact bounded tail ends in compact B0; C4:8BE2 opcode 0x58 writes destination entry operands to $1573/$157D/$15C3/$15C4",canonical_rom_sha256=F6A345E2F07F0CBC4EFF7D4FF06AE88A814A98FDF100C7BF7351168C73916A98;tools/python/catalog_map_transition_candidates.py;tools/python/catalog_map_selectors.py;C4:8B6A;C4:8BE2
,,,,0xC4,7,0x77,vm_opcode_0x56_terminal,CD:81E6,,pack=0xC4;record=7;entry=0x77,,0xC4,0x0F,cfg_t17_l111_v2,111,17,2,87,43,87,43,CD:8105,bounded substream tail; destination record0 entry 0x0F exists; destination entry has aligned 0x58 coordinate setter at CD:8105,strong_candidate,"C4:8B6A handler for opcode 0x56 stores operand1 to $15D0/$0305, copies old $0305 to $15CF, stores operand2 to $13B8/$13B9, calls 81:837F, and advances three bytes; exact bounded tail ends in compact B0; C4:8BE2 opcode 0x58 writes destination entry operands to $1573/$157D/$15C3/$15C4",canonical_rom_sha256=F6A345E2F07F0CBC4EFF7D4FF06AE88A814A98FDF100C7BF7351168C73916A98;tools/python/catalog_map_transition_candidates.py;tools/python/catalog_map_selectors.py;C4:8B6A;C4:8BE2
,,,,0xC4,8,0x77,vm_opcode_0x56_terminal,CD:81F3,,pack=0xC4;record=8;entry=0x77,,0xC4,0x10,cfg_t17_l111_v2,111,17,2,71,58,71,58,CD:811A,bounded substream tail; destination record0 entry 0x10 exists; destination entry has aligned 0x58 coordinate setter at CD:811A,strong_candidate,"C4:8B6A handler for opcode 0x56 stores operand1 to $15D0/$0305, copies old $0305 to $15CF, stores operand2 to $13B8/$13B9, calls 81:837F, and advances three bytes; exact bounded tail ends in compact B0; C4:8BE2 opcode 0x58 writes destination entry operands to $1573/$157D/$15C3/$15C4",canonical_rom_sha256=F6A345E2F07F0CBC4EFF7D4FF06AE88A814A98FDF100C7BF7351168C73916A98;tools/python/catalog_map_transition_candidates.py;tools/python/catalog_map_selectors.py;C4:8B6A;C4:8BE2
,,,,0xC4,9,0x77,vm_opcode_0x56_terminal,CD:8200,,pack=0xC4;record=9;entry=0x77,,0xC4,0x03,cfg_t17_l111_v2,111,17,2,24,13,24,13,CD:8009,bounded substream tail; destination record0 entry 0x03 exists; destination entry has aligned 0x58 coordinate setter at CD:8009,strong_candidate,"C4:8B6A handler for opcode 0x56 stores operand1 to $15D0/$0305, copies old $0305 to $15CF, stores operand2 to $13B8/$13B9, calls 81:837F, and advances three bytes; exact bounded tail ends in compact B0; C4:8BE2 opcode 0x58 writes destination entry operands to $1573/$157D/$15C3/$15C4",canonical_rom_sha256=F6A345E2F07F0CBC4EFF7D4FF06AE88A814A98FDF100C7BF7351168C73916A98;tools/python/catalog_map_transition_candidates.py;tools/python/catalog_map_selectors.py;C4:8B6A;C4:8BE2
,,,,0xC4,10,0x77,vm_opcode_0x56_terminal,CD:820D,,pack=0xC4;record=10;entry=0x77,,0xC4,0x04,cfg_t17_l111_v2,111,17,2,12,20,12,20,CD:801E,bounded substream tail; destination record0 entry 0x04 exists; destination entry has aligned 0x58 coordinate setter at CD:801E,strong_candidate,"C4:8B6A handler for opcode 0x56 stores operand1 to $15D0/$0305, copies old $0305 to $15CF, stores operand2 to $13B8/$13B9, calls 81:837F, and advances three bytes; exact bounded tail ends in compact B0; C4:8BE2 opcode 0x58 writes destination entry operands to $1573/$157D/$15C3/$15C4",canonical_rom_sha256=F6A345E2F07F0CBC4EFF7D4FF06AE88A814A98FDF100C7BF7351168C73916A98;tools/python/catalog_map_transition_candidates.py;tools/python/catalog_map_selectors.py;C4:8B6A;C4:8BE2
,,,,0xC4,11,0x77,vm_opcode_0x56_terminal,CD:821A,,pack=0xC4;record=11;entry=0x77,,0xC4,0x05,cfg_t17_l111_v2,111,17,2,37,17,37,17,CD:8033,bounded substream tail; destination record0 entry 0x05 exists; destination entry has aligned 0x58 coordinate setter at CD:8033,strong_candidate,"C4:8B6A handler for opcode 0x56 stores operand1 to $15D0/$0305, copies old $0305 to $15CF, stores operand2 to $13B8/$13B9, calls 81:837F, and advances three bytes; exact bounded tail ends in compact B0; C4:8BE2 opcode 0x58 writes destination entry operands to $1573/$157D/$15C3/$15C4",canonical_rom_sha256=F6A345E2F07F0CBC4EFF7D4FF06AE88A814A98FDF100C7BF7351168C73916A98;tools/python/catalog_map_transition_candidates.py;tools/python/catalog_map_selectors.py;C4:8B6A;C4:8BE2
,,,,0xC4,12,0x77,vm_opcode_0x56_terminal,CD:8227,,pack=0xC4;record=12;entry=0x77,,0xC4,0x06,cfg_t17_l111_v2,111,17,2,30,23,30,23,CD:8048,bounded substream tail; destination record0 entry 0x06 exists; destination entry has aligned 0x58 coordinate setter at CD:8048,strong_candidate,"C4:8B6A handler for opcode 0x56 stores operand1 to $15D0/$0305, copies old $0305 to $15CF, stores operand2 to $13B8/$13B9, calls 81:837F, and advances three bytes; exact bounded tail ends in compact B0; C4:8BE2 opcode 0x58 writes destination entry operands to $1573/$157D/$15C3/$15C4",canonical_rom_sha256=F6A345E2F07F0CBC4EFF7D4FF06AE88A814A98FDF100C7BF7351168C73916A98;tools/python/catalog_map_transition_candidates.py;tools/python/catalog_map_selectors.py;C4:8B6A;C4:8BE2
,,,,0xC4,13,0x77,vm_opcode_0x56_terminal,CD:8234,,pack=0xC4;record=13;entry=0x77,,0xC4,0x07,cfg_t17_l111_v2,111,17,2,10,39,10,39,CD:805D,bounded substream tail; destination record0 entry 0x07 exists; destination entry has aligned 0x58 coordinate setter at CD:805D,strong_candidate,"C4:8B6A handler for opcode 0x56 stores operand1 to $15D0/$0305, copies old $0305 to $15CF, stores operand2 to $13B8/$13B9, calls 81:837F, and advances three bytes; exact bounded tail ends in compact B0; C4:8BE2 opcode 0x58 writes destination entry operands to $1573/$157D/$15C3/$15C4",canonical_rom_sha256=F6A345E2F07F0CBC4EFF7D4FF06AE88A814A98FDF100C7BF7351168C73916A98;tools/python/catalog_map_transition_candidates.py;tools/python/catalog_map_selectors.py;C4:8B6A;C4:8BE2
,,,,0xC4,14,0x77,vm_opcode_0x56_terminal,CD:8241,,pack=0xC4;record=14;entry=0x77,,0xC4,0x08,cfg_t17_l111_v2,111,17,2,31,35,31,35,CD:8072,bounded substream tail; destination record0 entry 0x08 exists; destination entry has aligned 0x58 coordinate setter at CD:8072,strong_candidate,"C4:8B6A handler for opcode 0x56 stores operand1 to $15D0/$0305, copies old $0305 to $15CF, stores operand2 to $13B8/$13B9, calls 81:837F, and advances three bytes; exact bounded tail ends in compact B0; C4:8BE2 opcode 0x58 writes destination entry operands to $1573/$157D/$15C3/$15C4",canonical_rom_sha256=F6A345E2F07F0CBC4EFF7D4FF06AE88A814A98FDF100C7BF7351168C73916A98;tools/python/catalog_map_transition_candidates.py;tools/python/catalog_map_selectors.py;C4:8B6A;C4:8BE2
,,,,0xC4,15,0x77,vm_opcode_0x56_terminal,CD:824E,,pack=0xC4;record=15;entry=0x77,,0xC4,0x09,cfg_t17_l111_v2,111,17,2,40,30,40,30,CD:8087,bounded substream tail; destination record0 entry 0x09 exists; destination entry has aligned 0x58 coordinate setter at CD:8087,strong_candidate,"C4:8B6A handler for opcode 0x56 stores operand1 to $15D0/$0305, copies old $0305 to $15CF, stores operand2 to $13B8/$13B9, calls 81:837F, and advances three bytes; exact bounded tail ends in compact B0; C4:8BE2 opcode 0x58 writes destination entry operands to $1573/$157D/$15C3/$15C4",canonical_rom_sha256=F6A345E2F07F0CBC4EFF7D4FF06AE88A814A98FDF100C7BF7351168C73916A98;tools/python/catalog_map_transition_candidates.py;tools/python/catalog_map_selectors.py;C4:8B6A;C4:8BE2
,,,,0xC4,16,0x77,vm_opcode_0x56_terminal,CD:825B,,pack=0xC4;record=16;entry=0x77,,0xC6,0x02,cfg_t19_l113_v2,113,19,2,32,39,32,39,CD:8414,bounded substream tail; destination record0 entry 0x02 exists; destination entry has aligned 0x58 coordinate setter at CD:8414,strong_candidate,"C4:8B6A handler for opcode 0x56 stores operand1 to $15D0/$0305, copies old $0305 to $15CF, stores operand2 to $13B8/$13B9, calls 81:837F, and advances three bytes; exact bounded tail ends in compact B0; C4:8BE2 opcode 0x58 writes destination entry operands to $1573/$157D/$15C3/$15C4",canonical_rom_sha256=F6A345E2F07F0CBC4EFF7D4FF06AE88A814A98FDF100C7BF7351168C73916A98;tools/python/catalog_map_transition_candidates.py;tools/python/catalog_map_selectors.py;C4:8B6A;C4:8BE2
,,,,0xC4,17,0x38,vm_opcode_0x56_terminal,CD:8269,,pack=0xC4;record=17;entry=0x38,,0xC3,0x15,cfg_t14_l105_v2,105,14,2,190,46,190,46,CD:7E74,bounded substream tail; destination record0 entry 0x15 exists; destination entry has aligned 0x58 coordinate setter at CD:7E74,strong_candidate,"C4:8B6A handler for opcode 0x56 stores operand1 to $15D0/$0305, copies old $0305 to $15CF, stores operand2 to $13B8/$13B9, calls 81:837F, and advances three bytes; exact bounded tail ends in compact B0; C4:8BE2 opcode 0x58 writes destination entry operands to $1573/$157D/$15C3/$15C4",canonical_rom_sha256=F6A345E2F07F0CBC4EFF7D4FF06AE88A814A98FDF100C7BF7351168C73916A98;tools/python/catalog_map_transition_candidates.py;tools/python/catalog_map_selectors.py;C4:8B6A;C4:8BE2
,,,,0xC5,1,0x77,vm_opcode_0x56_terminal,CD:8375,,pack=0xC5;record=1;entry=0x77,,0xC4,0x11,cfg_t17_l111_v2,111,17,2,71,55,71,55,CD:812F,bounded substream tail; destination record0 entry 0x11 exists; destination entry has aligned 0x58 coordinate setter at CD:812F,strong_candidate,"C4:8B6A handler for opcode 0x56 stores operand1 to $15D0/$0305, copies old $0305 to $15CF, stores operand2 to $13B8/$13B9, calls 81:837F, and advances three bytes; exact bounded tail ends in compact B0; C4:8BE2 opcode 0x58 writes destination entry operands to $1573/$157D/$15C3/$15C4",canonical_rom_sha256=F6A345E2F07F0CBC4EFF7D4FF06AE88A814A98FDF100C7BF7351168C73916A98;tools/python/catalog_map_transition_candidates.py;tools/python/catalog_map_selectors.py;C4:8B6A;C4:8BE2
,,,,0xC5,2,0x77,vm_opcode_0x56_terminal,CD:8382,,pack=0xC5;record=2;entry=0x77,,0xC6,0x02,cfg_t19_l113_v2,113,19,2,32,39,32,39,CD:8414,bounded substream tail; destination record0 entry 0x02 exists; destination entry has aligned 0x58 coordinate setter at CD:8414,strong_candidate,"C4:8B6A handler for opcode 0x56 stores operand1 to $15D0/$0305, copies old $0305 to $15CF, stores operand2 to $13B8/$13B9, calls 81:837F, and advances three bytes; exact bounded tail ends in compact B0; C4:8BE2 opcode 0x58 writes destination entry operands to $1573/$157D/$15C3/$15C4",canonical_rom_sha256=F6A345E2F07F0CBC4EFF7D4FF06AE88A814A98FDF100C7BF7351168C73916A98;tools/python/catalog_map_transition_candidates.py;tools/python/catalog_map_selectors.py;C4:8B6A;C4:8BE2
,,,,0xC6,1,0x77,vm_opcode_0x56_terminal,CD:8458,,pack=0xC6;record=1;entry=0x77,,0xC4,0x11,cfg_t17_l111_v2,111,17,2,71,55,71,55,CD:812F,bounded substream tail; destination record0 entry 0x11 exists; destination entry has aligned 0x58 coordinate setter at CD:812F,strong_candidate,"C4:8B6A handler for opcode 0x56 stores operand1 to $15D0/$0305, copies old $0305 to $15CF, stores operand2 to $13B8/$13B9, calls 81:837F, and advances three bytes; exact bounded tail ends in compact B0; C4:8BE2 opcode 0x58 writes destination entry operands to $1573/$157D/$15C3/$15C4",canonical_rom_sha256=F6A345E2F07F0CBC4EFF7D4FF06AE88A814A98FDF100C7BF7351168C73916A98;tools/python/catalog_map_transition_candidates.py;tools/python/catalog_map_selectors.py;C4:8B6A;C4:8BE2
,,,,0xC6,2,0x77,vm_opcode_0x56_terminal,CD:8465,,pack=0xC6;record=2;entry=0x77,,0xC7,0x02,cfg_t19_l115_v2,115,19,2,8,11,8,11,CD:8588,bounded substream tail; destination record0 entry 0x02 exists; destination entry has aligned 0x58 coordinate setter at CD:8588,strong_candidate,"C4:8B6A handler for opcode 0x56 stores operand1 to $15D0/$0305, copies old $0305 to $15CF, stores operand2 to $13B8/$13B9, calls 81:837F, and advances three bytes; exact bounded tail ends in compact B0; C4:8BE2 opcode 0x58 writes destination entry operands to $1573/$157D/$15C3/$15C4",canonical_rom_sha256=F6A345E2F07F0CBC4EFF7D4FF06AE88A814A98FDF100C7BF7351168C73916A98;tools/python/catalog_map_transition_candidates.py;tools/python/catalog_map_selectors.py;C4:8B6A;C4:8BE2
,,,,0xC6,3,0x77,vm_opcode_0x56_terminal,CD:8472,,pack=0xC6;record=3;entry=0x77,,0xC7,0x03,cfg_t19_l115_v2,115,19,2,7,26,7,26,CD:859F,bounded substream tail; destination record0 entry 0x03 exists; destination entry has aligned 0x58 coordinate setter at CD:859F,strong_candidate,"C4:8B6A handler for opcode 0x56 stores operand1 to $15D0/$0305, copies old $0305 to $15CF, stores operand2 to $13B8/$13B9, calls 81:837F, and advances three bytes; exact bounded tail ends in compact B0; C4:8BE2 opcode 0x58 writes destination entry operands to $1573/$157D/$15C3/$15C4",canonical_rom_sha256=F6A345E2F07F0CBC4EFF7D4FF06AE88A814A98FDF100C7BF7351168C73916A98;tools/python/catalog_map_transition_candidates.py;tools/python/catalog_map_selectors.py;C4:8B6A;C4:8BE2
,,,,0xC6,4,0x77,vm_opcode_0x56_terminal,CD:847F,,pack=0xC6;record=4;entry=0x77,,0xC7,0x04,cfg_t19_l115_v2,115,19,2,24,11,24,11,CD:85B6,bounded substream tail; destination record0 entry 0x04 exists; destination entry has aligned 0x58 coordinate setter at CD:85B6,strong_candidate,"C4:8B6A handler for opcode 0x56 stores operand1 to $15D0/$0305, copies old $0305 to $15CF, stores operand2 to $13B8/$13B9, calls 81:837F, and advances three bytes; exact bounded tail ends in compact B0; C4:8BE2 opcode 0x58 writes destination entry operands to $1573/$157D/$15C3/$15C4",canonical_rom_sha256=F6A345E2F07F0CBC4EFF7D4FF06AE88A814A98FDF100C7BF7351168C73916A98;tools/python/catalog_map_transition_candidates.py;tools/python/catalog_map_selectors.py;C4:8B6A;C4:8BE2
,,,,0xC6,5,0x77,vm_opcode_0x56_terminal,CD:848C,,pack=0xC6;record=5;entry=0x77,,0xC7,0x05,cfg_t19_l115_v2,115,19,2,25,27,25,27,CD:85CD,bounded substream tail; destination record0 entry 0x05 exists; destination entry has aligned 0x58 coordinate setter at CD:85CD,strong_candidate,"C4:8B6A handler for opcode 0x56 stores operand1 to $15D0/$0305, copies old $0305 to $15CF, stores operand2 to $13B8/$13B9, calls 81:837F, and advances three bytes; exact bounded tail ends in compact B0; C4:8BE2 opcode 0x58 writes destination entry operands to $1573/$157D/$15C3/$15C4",canonical_rom_sha256=F6A345E2F07F0CBC4EFF7D4FF06AE88A814A98FDF100C7BF7351168C73916A98;tools/python/catalog_map_transition_candidates.py;tools/python/catalog_map_selectors.py;C4:8B6A;C4:8BE2
,,,,0xC6,6,0x77,vm_opcode_0x56_terminal,CD:8499,,pack=0xC6;record=6;entry=0x77,,0xC7,0x06,cfg_t19_l115_v2,115,19,2,40,10,40,10,CD:85E4,bounded substream tail; destination record0 entry 0x06 exists; destination entry has aligned 0x58 coordinate setter at CD:85E4,strong_candidate,"C4:8B6A handler for opcode 0x56 stores operand1 to $15D0/$0305, copies old $0305 to $15CF, stores operand2 to $13B8/$13B9, calls 81:837F, and advances three bytes; exact bounded tail ends in compact B0; C4:8BE2 opcode 0x58 writes destination entry operands to $1573/$157D/$15C3/$15C4",canonical_rom_sha256=F6A345E2F07F0CBC4EFF7D4FF06AE88A814A98FDF100C7BF7351168C73916A98;tools/python/catalog_map_transition_candidates.py;tools/python/catalog_map_selectors.py;C4:8B6A;C4:8BE2
,,,,0xC6,7,0x38,vm_opcode_0x56_terminal,CD:84A7,,pack=0xC6;record=7;entry=0x38,,0xC4,0x15,cfg_t17_l111_v2,111,17,2,22,33,22,33,CD:8146,bounded substream tail; destination record0 entry 0x15 exists; destination entry has aligned 0x58 coordinate setter at CD:8146,strong_candidate,"C4:8B6A handler for opcode 0x56 stores operand1 to $15D0/$0305, copies old $0305 to $15CF, stores operand2 to $13B8/$13B9, calls 81:837F, and advances three bytes; exact bounded tail ends in compact B0; C4:8BE2 opcode 0x58 writes destination entry operands to $1573/$157D/$15C3/$15C4",canonical_rom_sha256=F6A345E2F07F0CBC4EFF7D4FF06AE88A814A98FDF100C7BF7351168C73916A98;tools/python/catalog_map_transition_candidates.py;tools/python/catalog_map_selectors.py;C4:8B6A;C4:8BE2
,,,,0xC7,1,0x77,vm_opcode_0x56_terminal,CD:861D,,pack=0xC7;record=1;entry=0x77,,0xC6,0x03,cfg_t19_l113_v2,113,19,2,23,24,23,24,CD:841C,bounded substream tail; destination record0 entry 0x03 exists; destination entry has aligned 0x58 coordinate setter at CD:841C,strong_candidate,"C4:8B6A handler for opcode 0x56 stores operand1 to $15D0/$0305, copies old $0305 to $15CF, stores operand2 to $13B8/$13B9, calls 81:837F, and advances three bytes; exact bounded tail ends in compact B0; C4:8BE2 opcode 0x58 writes destination entry operands to $1573/$157D/$15C3/$15C4",canonical_rom_sha256=F6A345E2F07F0CBC4EFF7D4FF06AE88A814A98FDF100C7BF7351168C73916A98;tools/python/catalog_map_transition_candidates.py;tools/python/catalog_map_selectors.py;C4:8B6A;C4:8BE2
,,,,0xC7,2,0x77,vm_opcode_0x56_terminal,CD:862A,,pack=0xC7;record=2;entry=0x77,,0xC6,0x04,cfg_t19_l113_v2,113,19,2,51,39,51,39,CD:8422,bounded substream tail; destination record0 entry 0x04 exists; destination entry has aligned 0x58 coordinate setter at CD:8422,strong_candidate,"C4:8B6A handler for opcode 0x56 stores operand1 to $15D0/$0305, copies old $0305 to $15CF, stores operand2 to $13B8/$13B9, calls 81:837F, and advances three bytes; exact bounded tail ends in compact B0; C4:8BE2 opcode 0x58 writes destination entry operands to $1573/$157D/$15C3/$15C4",canonical_rom_sha256=F6A345E2F07F0CBC4EFF7D4FF06AE88A814A98FDF100C7BF7351168C73916A98;tools/python/catalog_map_transition_candidates.py;tools/python/catalog_map_selectors.py;C4:8B6A;C4:8BE2
,,,,0xC7,3,0x77,vm_opcode_0x56_terminal,CD:8637,,pack=0xC7;record=3;entry=0x77,,0xC6,0x05,cfg_t19_l113_v2,113,19,2,55,24,55,24,CD:8428,bounded substream tail; destination record0 entry 0x05 exists; destination entry has aligned 0x58 coordinate setter at CD:8428,strong_candidate,"C4:8B6A handler for opcode 0x56 stores operand1 to $15D0/$0305, copies old $0305 to $15CF, stores operand2 to $13B8/$13B9, calls 81:837F, and advances three bytes; exact bounded tail ends in compact B0; C4:8BE2 opcode 0x58 writes destination entry operands to $1573/$157D/$15C3/$15C4",canonical_rom_sha256=F6A345E2F07F0CBC4EFF7D4FF06AE88A814A98FDF100C7BF7351168C73916A98;tools/python/catalog_map_transition_candidates.py;tools/python/catalog_map_selectors.py;C4:8B6A;C4:8BE2
,,,,0xC7,4,0x77,vm_opcode_0x56_terminal,CD:8644,,pack=0xC7;record=4;entry=0x77,,0xC6,0x06,cfg_t19_l113_v2,113,19,2,67,33,67,33,CD:842E,bounded substream tail; destination record0 entry 0x06 exists; destination entry has aligned 0x58 coordinate setter at CD:842E,strong_candidate,"C4:8B6A handler for opcode 0x56 stores operand1 to $15D0/$0305, copies old $0305 to $15CF, stores operand2 to $13B8/$13B9, calls 81:837F, and advances three bytes; exact bounded tail ends in compact B0; C4:8BE2 opcode 0x58 writes destination entry operands to $1573/$157D/$15C3/$15C4",canonical_rom_sha256=F6A345E2F07F0CBC4EFF7D4FF06AE88A814A98FDF100C7BF7351168C73916A98;tools/python/catalog_map_transition_candidates.py;tools/python/catalog_map_selectors.py;C4:8B6A;C4:8BE2
,,,,0xC7,5,0x77,vm_opcode_0x56_terminal,CD:8651,,pack=0xC7;record=5;entry=0x77,,0xC6,0x07,cfg_t19_l113_v2,113,19,2,71,20,71,20,CD:8434,bounded substream tail; destination record0 entry 0x07 exists; destination entry has aligned 0x58 coordinate setter at CD:8434,strong_candidate,"C4:8B6A handler for opcode 0x56 stores operand1 to $15D0/$0305, copies old $0305 to $15CF, stores operand2 to $13B8/$13B9, calls 81:837F, and advances three bytes; exact bounded tail ends in compact B0; C4:8BE2 opcode 0x58 writes destination entry operands to $1573/$157D/$15C3/$15C4",canonical_rom_sha256=F6A345E2F07F0CBC4EFF7D4FF06AE88A814A98FDF100C7BF7351168C73916A98;tools/python/catalog_map_transition_candidates.py;tools/python/catalog_map_selectors.py;C4:8B6A;C4:8BE2
,,,,0xC7,6,0x77,vm_opcode_0x56_terminal,CD:865E,,pack=0xC7;record=6;entry=0x77,,0xC8,0x02,cfg_t20_l117_v1,117,20,1,15,32,15,32,CD:8703,bounded substream tail; destination record0 entry 0x02 exists; destination entry has aligned 0x58 coordinate setter at CD:8703,strong_candidate,"C4:8B6A handler for opcode 0x56 stores operand1 to $15D0/$0305, copies old $0305 to $15CF, stores operand2 to $13B8/$13B9, calls 81:837F, and advances three bytes; exact bounded tail ends in compact B0; C4:8BE2 opcode 0x58 writes destination entry operands to $1573/$157D/$15C3/$15C4",canonical_rom_sha256=F6A345E2F07F0CBC4EFF7D4FF06AE88A814A98FDF100C7BF7351168C73916A98;tools/python/catalog_map_transition_candidates.py;tools/python/catalog_map_selectors.py;C4:8B6A;C4:8BE2
,,,,0xC8,1,0x77,vm_opcode_0x56_terminal,CD:87E2,,pack=0xC8;record=1;entry=0x77,,0xC7,0x07,cfg_t19_l115_v2,115,19,2,39,7,39,7,CD:85FB,bounded substream tail; destination record0 entry 0x07 exists; destination entry has aligned 0x58 coordinate setter at CD:85FB,strong_candidate,"C4:8B6A handler for opcode 0x56 stores operand1 to $15D0/$0305, copies old $0305 to $15CF, stores operand2 to $13B8/$13B9, calls 81:837F, and advances three bytes; exact bounded tail ends in compact B0; C4:8BE2 opcode 0x58 writes destination entry operands to $1573/$157D/$15C3/$15C4",canonical_rom_sha256=F6A345E2F07F0CBC4EFF7D4FF06AE88A814A98FDF100C7BF7351168C73916A98;tools/python/catalog_map_transition_candidates.py;tools/python/catalog_map_selectors.py;C4:8B6A;C4:8BE2
,,,,0xC8,2,0x2E,vm_opcode_0x56_terminal,CD:88C5,,pack=0xC8;record=2;entry=0x2E,,0xC8,0x15,cfg_t20_l117_v1,117,20,1,15,13,15,13,CD:872C,bounded substream tail; destination record0 entry 0x15 exists; destination entry has aligned 0x58 coordinate setter at CD:872C,strong_candidate,"C4:8B6A handler for opcode 0x56 stores operand1 to $15D0/$0305, copies old $0305 to $15CF, stores operand2 to $13B8/$13B9, calls 81:837F, and advances three bytes; exact bounded tail ends in compact B0; C4:8BE2 opcode 0x58 writes destination entry operands to $1573/$157D/$15C3/$15C4",canonical_rom_sha256=F6A345E2F07F0CBC4EFF7D4FF06AE88A814A98FDF100C7BF7351168C73916A98;tools/python/catalog_map_transition_candidates.py;tools/python/catalog_map_selectors.py;C4:8B6A;C4:8BE2
,,,,0xC8,3,0x7B,vm_opcode_0x56_terminal,CD:8A5F,,pack=0xC8;record=3;entry=0x7B,,0xC8,0x0B,cfg_t20_l117_v1,117,20,1,15,13,15,13,CD:8718,bounded substream tail; destination record0 entry 0x0B exists; destination entry has aligned 0x58 coordinate setter at CD:8718,strong_candidate,"C4:8B6A handler for opcode 0x56 stores operand1 to $15D0/$0305, copies old $0305 to $15CF, stores operand2 to $13B8/$13B9, calls 81:837F, and advances three bytes; exact bounded tail ends in compact B0; C4:8BE2 opcode 0x58 writes destination entry operands to $1573/$157D/$15C3/$15C4",canonical_rom_sha256=F6A345E2F07F0CBC4EFF7D4FF06AE88A814A98FDF100C7BF7351168C73916A98;tools/python/catalog_map_transition_candidates.py;tools/python/catalog_map_selectors.py;C4:8B6A;C4:8BE2
,,,,0xC8,3,0x38,vm_opcode_0x56_terminal,CD:8AEF,,pack=0xC8;record=3;entry=0x38,,0xC6,0x15,cfg_t19_l113_v2,113,19,2,39,31,39,31,CD:843A,bounded substream tail; destination record0 entry 0x15 exists; destination entry has aligned 0x58 coordinate setter at CD:843A,strong_candidate,"C4:8B6A handler for opcode 0x56 stores operand1 to $15D0/$0305, copies old $0305 to $15CF, stores operand2 to $13B8/$13B9, calls 81:837F, and advances three bytes; exact bounded tail ends in compact B0; C4:8BE2 opcode 0x58 writes destination entry operands to $1573/$157D/$15C3/$15C4",canonical_rom_sha256=F6A345E2F07F0CBC4EFF7D4FF06AE88A814A98FDF100C7BF7351168C73916A98;tools/python/catalog_map_transition_candidates.py;tools/python/catalog_map_selectors.py;C4:8B6A;C4:8BE2
,,,,0xC9,2,0x29,vm_opcode_0x56_terminal,CD:8DB6,,pack=0xC9;record=2;entry=0x29,,0x4C,0x1C,,,,,142,34,142,34,CC:0A85,bounded substream tail; destination record0 entry 0x1C exists; destination entry has aligned 0x58 coordinate setter at CC:0A85,strong_candidate,"C4:8B6A handler for opcode 0x56 stores operand1 to $15D0/$0305, copies old $0305 to $15CF, stores operand2 to $13B8/$13B9, calls 81:837F, and advances three bytes; exact bounded tail ends in compact B0; C4:8BE2 opcode 0x58 writes destination entry operands to $1573/$157D/$15C3/$15C4",canonical_rom_sha256=F6A345E2F07F0CBC4EFF7D4FF06AE88A814A98FDF100C7BF7351168C73916A98;tools/python/catalog_map_transition_candidates.py;tools/python/catalog_map_selectors.py;C4:8B6A;C4:8BE2
,,,,0xC9,2,0x2A,vm_opcode_0x56_terminal,CD:8DBE,,pack=0xC9;record=2;entry=0x2A,,0x4C,0x1B,,,,,142,32,142,32,CC:0A7F,bounded substream tail; destination record0 entry 0x1B exists; destination entry has aligned 0x58 coordinate setter at CC:0A7F,strong_candidate,"C4:8B6A handler for opcode 0x56 stores operand1 to $15D0/$0305, copies old $0305 to $15CF, stores operand2 to $13B8/$13B9, calls 81:837F, and advances three bytes; exact bounded tail ends in compact B0; C4:8BE2 opcode 0x58 writes destination entry operands to $1573/$157D/$15C3/$15C4",canonical_rom_sha256=F6A345E2F07F0CBC4EFF7D4FF06AE88A814A98FDF100C7BF7351168C73916A98;tools/python/catalog_map_transition_candidates.py;tools/python/catalog_map_selectors.py;C4:8B6A;C4:8BE2
,,,,0xCC,2,0x77,vm_opcode_0x56_terminal,CD:8F99,,pack=0xCC;record=2;entry=0x77,,0xCC,0x04,cfg_t37_l152_v2,152,37,2,,,,,,bounded substream tail; destination record0 entry 0x04 exists,strong_candidate,"C4:8B6A handler for opcode 0x56 stores operand1 to $15D0/$0305, copies old $0305 to $15CF, stores operand2 to $13B8/$13B9, calls 81:837F, and advances three bytes; exact bounded tail ends in compact B0",canonical_rom_sha256=F6A345E2F07F0CBC4EFF7D4FF06AE88A814A98FDF100C7BF7351168C73916A98;tools/python/catalog_map_transition_candidates.py;tools/python/catalog_map_selectors.py;C4:8B6A;C4:8BE2
,,,,0xCC,3,0x77,vm_opcode_0x56_terminal,CD:8FA6,,pack=0xCC;record=3;entry=0x77,,0xCC,0x03,cfg_t37_l152_v2,152,37,2,,,,,,bounded substream tail; destination record0 entry 0x03 exists,strong_candidate,"C4:8B6A handler for opcode 0x56 stores operand1 to $15D0/$0305, copies old $0305 to $15CF, stores operand2 to $13B8/$13B9, calls 81:837F, and advances three bytes; exact bounded tail ends in compact B0",canonical_rom_sha256=F6A345E2F07F0CBC4EFF7D4FF06AE88A814A98FDF100C7BF7351168C73916A98;tools/python/catalog_map_transition_candidates.py;tools/python/catalog_map_selectors.py;C4:8B6A;C4:8BE2
,,,,0xCC,4,0x77,vm_opcode_0x56_terminal,CD:8FB3,,pack=0xCC;record=4;entry=0x77,,0xCC,0x06,cfg_t37_l152_v2,152,37,2,,,,,,bounded substream tail; destination record0 entry 0x06 exists,strong_candidate,"C4:8B6A handler for opcode 0x56 stores operand1 to $15D0/$0305, copies old $0305 to $15CF, stores operand2 to $13B8/$13B9, calls 81:837F, and advances three bytes; exact bounded tail ends in compact B0",canonical_rom_sha256=F6A345E2F07F0CBC4EFF7D4FF06AE88A814A98FDF100C7BF7351168C73916A98;tools/python/catalog_map_transition_candidates.py;tools/python/catalog_map_selectors.py;C4:8B6A;C4:8BE2
,,,,0xCC,5,0x77,vm_opcode_0x56_terminal,CD:8FC0,,pack=0xCC;record=5;entry=0x77,,0xCC,0x05,cfg_t37_l152_v2,152,37,2,,,,,,bounded substream tail; destination record0 entry 0x05 exists,strong_candidate,"C4:8B6A handler for opcode 0x56 stores operand1 to $15D0/$0305, copies old $0305 to $15CF, stores operand2 to $13B8/$13B9, calls 81:837F, and advances three bytes; exact bounded tail ends in compact B0",canonical_rom_sha256=F6A345E2F07F0CBC4EFF7D4FF06AE88A814A98FDF100C7BF7351168C73916A98;tools/python/catalog_map_transition_candidates.py;tools/python/catalog_map_selectors.py;C4:8B6A;C4:8BE2
,,,,0xCD,6,0x25,vm_opcode_0x56_terminal,CD:9112,,pack=0xCD;record=6;entry=0x25,,0x32,0x03,cfg_t07_l024_v2,24,7,2,,,,,,bounded substream tail; destination record0 entry 0x03 exists,strong_candidate,"C4:8B6A handler for opcode 0x56 stores operand1 to $15D0/$0305, copies old $0305 to $15CF, stores operand2 to $13B8/$13B9, calls 81:837F, and advances three bytes; exact bounded tail ends in compact B0",canonical_rom_sha256=F6A345E2F07F0CBC4EFF7D4FF06AE88A814A98FDF100C7BF7351168C73916A98;tools/python/catalog_map_transition_candidates.py;tools/python/catalog_map_selectors.py;C4:8B6A;C4:8BE2
,,,,0xCF,20,0x30,vm_opcode_0x56_terminal,CD:95AE,,pack=0xCF;record=20;entry=0x30,,0xCF,0x0F,,,,,28,44,28,44,CD:939A,bounded substream tail; destination record0 entry 0x0F exists; destination entry has aligned 0x58 coordinate setter at CD:939A,strong_candidate,"C4:8B6A handler for opcode 0x56 stores operand1 to $15D0/$0305, copies old $0305 to $15CF, stores operand2 to $13B8/$13B9, calls 81:837F, and advances three bytes; exact bounded tail ends in compact B0; C4:8BE2 opcode 0x58 writes destination entry operands to $1573/$157D/$15C3/$15C4",canonical_rom_sha256=F6A345E2F07F0CBC4EFF7D4FF06AE88A814A98FDF100C7BF7351168C73916A98;tools/python/catalog_map_transition_candidates.py;tools/python/catalog_map_selectors.py;C4:8B6A;C4:8BE2
,,,,0xCF,20,0x31,vm_opcode_0x56_terminal,CD:95BE,,pack=0xCF;record=20;entry=0x31,,0xED,0x06,,,,,103,6,103,6,CD:E2E9,bounded substream tail; destination record0 entry 0x06 exists; destination entry has aligned 0x58 coordinate setter at CD:E2E9,strong_candidate,"C4:8B6A handler for opcode 0x56 stores operand1 to $15D0/$0305, copies old $0305 to $15CF, stores operand2 to $13B8/$13B9, calls 81:837F, and advances three bytes; exact bounded tail ends in compact B0; C4:8BE2 opcode 0x58 writes destination entry operands to $1573/$157D/$15C3/$15C4",canonical_rom_sha256=F6A345E2F07F0CBC4EFF7D4FF06AE88A814A98FDF100C7BF7351168C73916A98;tools/python/catalog_map_transition_candidates.py;tools/python/catalog_map_selectors.py;C4:8B6A;C4:8BE2
,,,,0xCF,20,0x32,vm_opcode_0x56_terminal,CD:95C6,,pack=0xCF;record=20;entry=0x32,,0xD9,0x0B,cfg_t52_l182_v2,182,52,2,37,58,37,58,CD:A53B,bounded substream tail; destination record0 entry 0x0B exists; destination entry has aligned 0x58 coordinate setter at CD:A53B,strong_candidate,"C4:8B6A handler for opcode 0x56 stores operand1 to $15D0/$0305, copies old $0305 to $15CF, stores operand2 to $13B8/$13B9, calls 81:837F, and advances three bytes; exact bounded tail ends in compact B0; C4:8BE2 opcode 0x58 writes destination entry operands to $1573/$157D/$15C3/$15C4",canonical_rom_sha256=F6A345E2F07F0CBC4EFF7D4FF06AE88A814A98FDF100C7BF7351168C73916A98;tools/python/catalog_map_transition_candidates.py;tools/python/catalog_map_selectors.py;C4:8B6A;C4:8BE2
,,,,0xD6,2,0x79,vm_opcode_0x56_terminal,CD:A052,,pack=0xD6;record=2;entry=0x79,,0xD6,0x04,cfg_t37_l152_v2,152,37,2,,,,,,bounded substream tail; destination record0 entry 0x04 exists,strong_candidate,"C4:8B6A handler for opcode 0x56 stores operand1 to $15D0/$0305, copies old $0305 to $15CF, stores operand2 to $13B8/$13B9, calls 81:837F, and advances three bytes; exact bounded tail ends in compact B0",canonical_rom_sha256=F6A345E2F07F0CBC4EFF7D4FF06AE88A814A98FDF100C7BF7351168C73916A98;tools/python/catalog_map_transition_candidates.py;tools/python/catalog_map_selectors.py;C4:8B6A;C4:8BE2
,,,,0xD6,3,0x79,vm_opcode_0x56_terminal,CD:A05F,,pack=0xD6;record=3;entry=0x79,,0xD6,0x03,cfg_t37_l152_v2,152,37,2,,,,,,bounded substream tail; destination record0 entry 0x03 exists,strong_candidate,"C4:8B6A handler for opcode 0x56 stores operand1 to $15D0/$0305, copies old $0305 to $15CF, stores operand2 to $13B8/$13B9, calls 81:837F, and advances three bytes; exact bounded tail ends in compact B0",canonical_rom_sha256=F6A345E2F07F0CBC4EFF7D4FF06AE88A814A98FDF100C7BF7351168C73916A98;tools/python/catalog_map_transition_candidates.py;tools/python/catalog_map_selectors.py;C4:8B6A;C4:8BE2
,,,,0xD9,2,0x77,vm_opcode_0x56_terminal,CD:A56F,,pack=0xD9;record=2;entry=0x77,,0xDA,0x02,cfg_t51_l180_v2,180,51,2,,,,,,bounded substream tail; destination record0 entry 0x02 exists,strong_candidate,"C4:8B6A handler for opcode 0x56 stores operand1 to $15D0/$0305, copies old $0305 to $15CF, stores operand2 to $13B8/$13B9, calls 81:837F, and advances three bytes; exact bounded tail ends in compact B0",canonical_rom_sha256=F6A345E2F07F0CBC4EFF7D4FF06AE88A814A98FDF100C7BF7351168C73916A98;tools/python/catalog_map_transition_candidates.py;tools/python/catalog_map_selectors.py;C4:8B6A;C4:8BE2
,,,,0xD9,3,0x2E,vm_opcode_0x56_terminal,CD:A59A,,pack=0xD9;record=3;entry=0x2E,,0xD9,0x02,cfg_t52_l182_v2,182,52,2,37,46,37,46,CD:A527,bounded substream tail; destination record0 entry 0x02 exists; destination entry has aligned 0x58 coordinate setter at CD:A527,strong_candidate,"C4:8B6A handler for opcode 0x56 stores operand1 to $15D0/$0305, copies old $0305 to $15CF, stores operand2 to $13B8/$13B9, calls 81:837F, and advances three bytes; exact bounded tail ends in compact B0; C4:8BE2 opcode 0x58 writes destination entry operands to $1573/$157D/$15C3/$15C4",canonical_rom_sha256=F6A345E2F07F0CBC4EFF7D4FF06AE88A814A98FDF100C7BF7351168C73916A98;tools/python/catalog_map_transition_candidates.py;tools/python/catalog_map_selectors.py;C4:8B6A;C4:8BE2
,,,,0xDA,1,0x77,vm_opcode_0x56_terminal,CD:A82C,,pack=0xDA;record=1;entry=0x77,,0xD9,0x03,cfg_t52_l182_v2,182,52,2,38,20,38,20,CD:A532,bounded substream tail; destination record0 entry 0x03 exists; destination entry has aligned 0x58 coordinate setter at CD:A532,strong_candidate,"C4:8B6A handler for opcode 0x56 stores operand1 to $15D0/$0305, copies old $0305 to $15CF, stores operand2 to $13B8/$13B9, calls 81:837F, and advances three bytes; exact bounded tail ends in compact B0; C4:8BE2 opcode 0x58 writes destination entry operands to $1573/$157D/$15C3/$15C4",canonical_rom_sha256=F6A345E2F07F0CBC4EFF7D4FF06AE88A814A98FDF100C7BF7351168C73916A98;tools/python/catalog_map_transition_candidates.py;tools/python/catalog_map_selectors.py;C4:8B6A;C4:8BE2
,,,,0xDA,2,0x77,vm_opcode_0x56_terminal,CD:A852,,pack=0xDA;record=2;entry=0x77,,0xDB,0x02,cfg_t51_l180_v2,180,51,2,,,,,,bounded substream tail; destination record0 entry 0x02 exists,strong_candidate,"C4:8B6A handler for opcode 0x56 stores operand1 to $15D0/$0305, copies old $0305 to $15CF, stores operand2 to $13B8/$13B9, calls 81:837F, and advances three bytes; exact bounded tail ends in compact B0",canonical_rom_sha256=F6A345E2F07F0CBC4EFF7D4FF06AE88A814A98FDF100C7BF7351168C73916A98;tools/python/catalog_map_transition_candidates.py;tools/python/catalog_map_selectors.py;C4:8B6A;C4:8BE2
,,,,0xDA,3,0x77,vm_opcode_0x56_terminal,CD:A87C,,pack=0xDA;record=3;entry=0x77,,0xDA,0x0A,cfg_t51_l180_v2,180,51,2,,,,,,bounded substream tail; destination record0 entry 0x0A exists,strong_candidate,"C4:8B6A handler for opcode 0x56 stores operand1 to $15D0/$0305, copies old $0305 to $15CF, stores operand2 to $13B8/$13B9, calls 81:837F, and advances three bytes; exact bounded tail ends in compact B0",canonical_rom_sha256=F6A345E2F07F0CBC4EFF7D4FF06AE88A814A98FDF100C7BF7351168C73916A98;tools/python/catalog_map_transition_candidates.py;tools/python/catalog_map_selectors.py;C4:8B6A;C4:8BE2
,,,,0xDA,4,0x77,vm_opcode_0x56_terminal,CD:A8A6,,pack=0xDA;record=4;entry=0x77,,0xDA,0x0B,cfg_t51_l180_v2,180,51,2,,,,,,bounded substream tail; destination record0 entry 0x0B exists,strong_candidate,"C4:8B6A handler for opcode 0x56 stores operand1 to $15D0/$0305, copies old $0305 to $15CF, stores operand2 to $13B8/$13B9, calls 81:837F, and advances three bytes; exact bounded tail ends in compact B0",canonical_rom_sha256=F6A345E2F07F0CBC4EFF7D4FF06AE88A814A98FDF100C7BF7351168C73916A98;tools/python/catalog_map_transition_candidates.py;tools/python/catalog_map_selectors.py;C4:8B6A;C4:8BE2
,,,,0xDA,5,0x77,vm_opcode_0x56_terminal,CD:A8D0,,pack=0xDA;record=5;entry=0x77,,0xDA,0x0C,cfg_t51_l180_v2,180,51,2,,,,,,bounded substream tail; destination record0 entry 0x0C exists,strong_candidate,"C4:8B6A handler for opcode 0x56 stores operand1 to $15D0/$0305, copies old $0305 to $15CF, stores operand2 to $13B8/$13B9, calls 81:837F, and advances three bytes; exact bounded tail ends in compact B0",canonical_rom_sha256=F6A345E2F07F0CBC4EFF7D4FF06AE88A814A98FDF100C7BF7351168C73916A98;tools/python/catalog_map_transition_candidates.py;tools/python/catalog_map_selectors.py;C4:8B6A;C4:8BE2
,,,,0xDA,6,0x77,vm_opcode_0x56_terminal,CD:A8FA,,pack=0xDA;record=6;entry=0x77,,0xDA,0x0D,cfg_t51_l180_v2,180,51,2,,,,,,bounded substream tail; destination record0 entry 0x0D exists,strong_candidate,"C4:8B6A handler for opcode 0x56 stores operand1 to $15D0/$0305, copies old $0305 to $15CF, stores operand2 to $13B8/$13B9, calls 81:837F, and advances three bytes; exact bounded tail ends in compact B0",canonical_rom_sha256=F6A345E2F07F0CBC4EFF7D4FF06AE88A814A98FDF100C7BF7351168C73916A98;tools/python/catalog_map_transition_candidates.py;tools/python/catalog_map_selectors.py;C4:8B6A;C4:8BE2
,,,,0xDA,7,0x77,vm_opcode_0x56_terminal,CD:A924,,pack=0xDA;record=7;entry=0x77,,0xDC,0x02,cfg_t51_l180_v2,180,51,2,,,,,,bounded substream tail; destination record0 entry 0x02 exists,strong_candidate,"C4:8B6A handler for opcode 0x56 stores operand1 to $15D0/$0305, copies old $0305 to $15CF, stores operand2 to $13B8/$13B9, calls 81:837F, and advances three bytes; exact bounded tail ends in compact B0",canonical_rom_sha256=F6A345E2F07F0CBC4EFF7D4FF06AE88A814A98FDF100C7BF7351168C73916A98;tools/python/catalog_map_transition_candidates.py;tools/python/catalog_map_selectors.py;C4:8B6A;C4:8BE2
,,,,0xDA,8,0x77,vm_opcode_0x56_terminal,CD:A94E,,pack=0xDA;record=8;entry=0x77,,0xDC,0x07,cfg_t51_l180_v2,180,51,2,,,,,,bounded substream tail; destination record0 entry 0x07 exists,strong_candidate,"C4:8B6A handler for opcode 0x56 stores operand1 to $15D0/$0305, copies old $0305 to $15CF, stores operand2 to $13B8/$13B9, calls 81:837F, and advances three bytes; exact bounded tail ends in compact B0",canonical_rom_sha256=F6A345E2F07F0CBC4EFF7D4FF06AE88A814A98FDF100C7BF7351168C73916A98;tools/python/catalog_map_transition_candidates.py;tools/python/catalog_map_selectors.py;C4:8B6A;C4:8BE2
,,,,0xDA,9,0x77,vm_opcode_0x56_terminal,CD:A961,,pack=0xDA;record=9;entry=0x77,,0xDA,0x04,cfg_t51_l180_v2,180,51,2,,,,,,bounded substream tail; destination record0 entry 0x04 exists,strong_candidate,"C4:8B6A handler for opcode 0x56 stores operand1 to $15D0/$0305, copies old $0305 to $15CF, stores operand2 to $13B8/$13B9, calls 81:837F, and advances three bytes; exact bounded tail ends in compact B0",canonical_rom_sha256=F6A345E2F07F0CBC4EFF7D4FF06AE88A814A98FDF100C7BF7351168C73916A98;tools/python/catalog_map_transition_candidates.py;tools/python/catalog_map_selectors.py;C4:8B6A;C4:8BE2
,,,,0xDA,10,0x77,vm_opcode_0x56_terminal,CD:A974,,pack=0xDA;record=10;entry=0x77,,0xDA,0x05,cfg_t51_l180_v2,180,51,2,,,,,,bounded substream tail; destination record0 entry 0x05 exists,strong_candidate,"C4:8B6A handler for opcode 0x56 stores operand1 to $15D0/$0305, copies old $0305 to $15CF, stores operand2 to $13B8/$13B9, calls 81:837F, and advances three bytes; exact bounded tail ends in compact B0",canonical_rom_sha256=F6A345E2F07F0CBC4EFF7D4FF06AE88A814A98FDF100C7BF7351168C73916A98;tools/python/catalog_map_transition_candidates.py;tools/python/catalog_map_selectors.py;C4:8B6A;C4:8BE2
,,,,0xDA,11,0x77,vm_opcode_0x56_terminal,CD:A987,,pack=0xDA;record=11;entry=0x77,,0xDA,0x06,cfg_t51_l180_v2,180,51,2,,,,,,bounded substream tail; destination record0 entry 0x06 exists,strong_candidate,"C4:8B6A handler for opcode 0x56 stores operand1 to $15D0/$0305, copies old $0305 to $15CF, stores operand2 to $13B8/$13B9, calls 81:837F, and advances three bytes; exact bounded tail ends in compact B0",canonical_rom_sha256=F6A345E2F07F0CBC4EFF7D4FF06AE88A814A98FDF100C7BF7351168C73916A98;tools/python/catalog_map_transition_candidates.py;tools/python/catalog_map_selectors.py;C4:8B6A;C4:8BE2
,,,,0xDA,12,0x77,vm_opcode_0x56_terminal,CD:A99A,,pack=0xDA;record=12;entry=0x77,,0xDA,0x07,cfg_t51_l180_v2,180,51,2,,,,,,bounded substream tail; destination record0 entry 0x07 exists,strong_candidate,"C4:8B6A handler for opcode 0x56 stores operand1 to $15D0/$0305, copies old $0305 to $15CF, stores operand2 to $13B8/$13B9, calls 81:837F, and advances three bytes; exact bounded tail ends in compact B0",canonical_rom_sha256=F6A345E2F07F0CBC4EFF7D4FF06AE88A814A98FDF100C7BF7351168C73916A98;tools/python/catalog_map_transition_candidates.py;tools/python/catalog_map_selectors.py;C4:8B6A;C4:8BE2
,,,,0xDA,15,0x38,vm_opcode_0x56_terminal,CD:AA23,,pack=0xDA;record=15;entry=0x38,,0xDC,0x0D,cfg_t51_l180_v2,180,51,2,,,,,,bounded substream tail; destination record0 entry 0x0D exists,strong_candidate,"C4:8B6A handler for opcode 0x56 stores operand1 to $15D0/$0305, copies old $0305 to $15CF, stores operand2 to $13B8/$13B9, calls 81:837F, and advances three bytes; exact bounded tail ends in compact B0",canonical_rom_sha256=F6A345E2F07F0CBC4EFF7D4FF06AE88A814A98FDF100C7BF7351168C73916A98;tools/python/catalog_map_transition_candidates.py;tools/python/catalog_map_selectors.py;C4:8B6A;C4:8BE2
,,,,0xDB,1,0x77,vm_opcode_0x56_terminal,CD:ABE2,,pack=0xDB;record=1;entry=0x77,,0xDA,0x03,cfg_t51_l180_v2,180,51,2,,,,,,bounded substream tail; destination record0 entry 0x03 exists,strong_candidate,"C4:8B6A handler for opcode 0x56 stores operand1 to $15D0/$0305, copies old $0305 to $15CF, stores operand2 to $13B8/$13B9, calls 81:837F, and advances three bytes; exact bounded tail ends in compact B0",canonical_rom_sha256=F6A345E2F07F0CBC4EFF7D4FF06AE88A814A98FDF100C7BF7351168C73916A98;tools/python/catalog_map_transition_candidates.py;tools/python/catalog_map_selectors.py;C4:8B6A;C4:8BE2
,,,,0xDB,2,0x77,vm_opcode_0x56_terminal,CD:AC08,,pack=0xDB;record=2;entry=0x77,,0xDB,0x06,cfg_t51_l180_v2,180,51,2,,,,,,bounded substream tail; destination record0 entry 0x06 exists,strong_candidate,"C4:8B6A handler for opcode 0x56 stores operand1 to $15D0/$0305, copies old $0305 to $15CF, stores operand2 to $13B8/$13B9, calls 81:837F, and advances three bytes; exact bounded tail ends in compact B0",canonical_rom_sha256=F6A345E2F07F0CBC4EFF7D4FF06AE88A814A98FDF100C7BF7351168C73916A98;tools/python/catalog_map_transition_candidates.py;tools/python/catalog_map_selectors.py;C4:8B6A;C4:8BE2
,,,,0xDB,3,0x77,vm_opcode_0x56_terminal,CD:AC32,,pack=0xDB;record=3;entry=0x77,,0xDB,0x07,cfg_t51_l180_v2,180,51,2,,,,,,bounded substream tail; destination record0 entry 0x07 exists,strong_candidate,"C4:8B6A handler for opcode 0x56 stores operand1 to $15D0/$0305, copies old $0305 to $15CF, stores operand2 to $13B8/$13B9, calls 81:837F, and advances three bytes; exact bounded tail ends in compact B0",canonical_rom_sha256=F6A345E2F07F0CBC4EFF7D4FF06AE88A814A98FDF100C7BF7351168C73916A98;tools/python/catalog_map_transition_candidates.py;tools/python/catalog_map_selectors.py;C4:8B6A;C4:8BE2
,,,,0xDB,4,0x77,vm_opcode_0x56_terminal,CD:AC5C,,pack=0xDB;record=4;entry=0x77,,0xDB,0x08,cfg_t51_l180_v2,180,51,2,,,,,,bounded substream tail; destination record0 entry 0x08 exists,strong_candidate,"C4:8B6A handler for opcode 0x56 stores operand1 to $15D0/$0305, copies old $0305 to $15CF, stores operand2 to $13B8/$13B9, calls 81:837F, and advances three bytes; exact bounded tail ends in compact B0",canonical_rom_sha256=F6A345E2F07F0CBC4EFF7D4FF06AE88A814A98FDF100C7BF7351168C73916A98;tools/python/catalog_map_transition_candidates.py;tools/python/catalog_map_selectors.py;C4:8B6A;C4:8BE2
,,,,0xDB,5,0x77,vm_opcode_0x56_terminal,CD:AC6B,,pack=0xDB;record=5;entry=0x77,,0xDB,0x03,cfg_t51_l180_v2,180,51,2,,,,,,bounded substream tail; destination record0 entry 0x03 exists,strong_candidate,"C4:8B6A handler for opcode 0x56 stores operand1 to $15D0/$0305, copies old $0305 to $15CF, stores operand2 to $13B8/$13B9, calls 81:837F, and advances three bytes; exact bounded tail ends in compact B0",canonical_rom_sha256=F6A345E2F07F0CBC4EFF7D4FF06AE88A814A98FDF100C7BF7351168C73916A98;tools/python/catalog_map_transition_candidates.py;tools/python/catalog_map_selectors.py;C4:8B6A;C4:8BE2
,,,,0xDB,6,0x77,vm_opcode_0x56_terminal,CD:AC7E,,pack=0xDB;record=6;entry=0x77,,0xDB,0x04,cfg_t51_l180_v2,180,51,2,,,,,,bounded substream tail; destination record0 entry 0x04 exists,strong_candidate,"C4:8B6A handler for opcode 0x56 stores operand1 to $15D0/$0305, copies old $0305 to $15CF, stores operand2 to $13B8/$13B9, calls 81:837F, and advances three bytes; exact bounded tail ends in compact B0",canonical_rom_sha256=F6A345E2F07F0CBC4EFF7D4FF06AE88A814A98FDF100C7BF7351168C73916A98;tools/python/catalog_map_transition_candidates.py;tools/python/catalog_map_selectors.py;C4:8B6A;C4:8BE2
,,,,0xDB,7,0x77,vm_opcode_0x56_terminal,CD:AC91,,pack=0xDB;record=7;entry=0x77,,0xDB,0x05,cfg_t51_l180_v2,180,51,2,,,,,,bounded substream tail; destination record0 entry 0x05 exists,strong_candidate,"C4:8B6A handler for opcode 0x56 stores operand1 to $15D0/$0305, copies old $0305 to $15CF, stores operand2 to $13B8/$13B9, calls 81:837F, and advances three bytes; exact bounded tail ends in compact B0",canonical_rom_sha256=F6A345E2F07F0CBC4EFF7D4FF06AE88A814A98FDF100C7BF7351168C73916A98;tools/python/catalog_map_transition_candidates.py;tools/python/catalog_map_selectors.py;C4:8B6A;C4:8BE2
,,,,0xDB,9,0x6D,vm_opcode_0x56_terminal,CD:ADCD,,pack=0xDB;record=9;entry=0x6D,,0xCF,0x0E,,,,,28,29,28,29,CD:938B,bounded substream tail; destination record0 entry 0x0E exists; destination entry has aligned 0x58 coordinate setter at CD:938B,strong_candidate,"C4:8B6A handler for opcode 0x56 stores operand1 to $15D0/$0305, copies old $0305 to $15CF, stores operand2 to $13B8/$13B9, calls 81:837F, and advances three bytes; exact bounded tail ends in compact B0; C4:8BE2 opcode 0x58 writes destination entry operands to $1573/$157D/$15C3/$15C4",canonical_rom_sha256=F6A345E2F07F0CBC4EFF7D4FF06AE88A814A98FDF100C7BF7351168C73916A98;tools/python/catalog_map_transition_candidates.py;tools/python/catalog_map_selectors.py;C4:8B6A;C4:8BE2
,,,,0xDC,1,0x77,vm_opcode_0x56_terminal,CD:B0F7,,pack=0xDC;record=1;entry=0x77,,0xDA,0x08,cfg_t51_l180_v2,180,51,2,,,,,,bounded substream tail; destination record0 entry 0x08 exists,strong_candidate,"C4:8B6A handler for opcode 0x56 stores operand1 to $15D0/$0305, copies old $0305 to $15CF, stores operand2 to $13B8/$13B9, calls 81:837F, and advances three bytes; exact bounded tail ends in compact B0",canonical_rom_sha256=F6A345E2F07F0CBC4EFF7D4FF06AE88A814A98FDF100C7BF7351168C73916A98;tools/python/catalog_map_transition_candidates.py;tools/python/catalog_map_selectors.py;C4:8B6A;C4:8BE2
,,,,0xDC,2,0x77,vm_opcode_0x56_terminal,CD:B104,,pack=0xDC;record=2;entry=0x77,,0xDC,0x04,cfg_t51_l180_v2,180,51,2,,,,,,bounded substream tail; destination record0 entry 0x04 exists,strong_candidate,"C4:8B6A handler for opcode 0x56 stores operand1 to $15D0/$0305, copies old $0305 to $15CF, stores operand2 to $13B8/$13B9, calls 81:837F, and advances three bytes; exact bounded tail ends in compact B0",canonical_rom_sha256=F6A345E2F07F0CBC4EFF7D4FF06AE88A814A98FDF100C7BF7351168C73916A98;tools/python/catalog_map_transition_candidates.py;tools/python/catalog_map_selectors.py;C4:8B6A;C4:8BE2
,,,,0xDC,3,0x77,vm_opcode_0x56_terminal,CD:B111,,pack=0xDC;record=3;entry=0x77,,0xDC,0x03,cfg_t51_l180_v2,180,51,2,,,,,,bounded substream tail; destination record0 entry 0x03 exists,strong_candidate,"C4:8B6A handler for opcode 0x56 stores operand1 to $15D0/$0305, copies old $0305 to $15CF, stores operand2 to $13B8/$13B9, calls 81:837F, and advances three bytes; exact bounded tail ends in compact B0",canonical_rom_sha256=F6A345E2F07F0CBC4EFF7D4FF06AE88A814A98FDF100C7BF7351168C73916A98;tools/python/catalog_map_transition_candidates.py;tools/python/catalog_map_selectors.py;C4:8B6A;C4:8BE2
,,,,0xDC,4,0x77,vm_opcode_0x56_terminal,CD:B120,,pack=0xDC;record=4;entry=0x77,,0xDC,0x06,cfg_t51_l180_v2,180,51,2,,,,,,bounded substream tail; destination record0 entry 0x06 exists,strong_candidate,"C4:8B6A handler for opcode 0x56 stores operand1 to $15D0/$0305, copies old $0305 to $15CF, stores operand2 to $13B8/$13B9, calls 81:837F, and advances three bytes; exact bounded tail ends in compact B0",canonical_rom_sha256=F6A345E2F07F0CBC4EFF7D4FF06AE88A814A98FDF100C7BF7351168C73916A98;tools/python/catalog_map_transition_candidates.py;tools/python/catalog_map_selectors.py;C4:8B6A;C4:8BE2
,,,,0xDC,5,0x77,vm_opcode_0x56_terminal,CD:B12D,,pack=0xDC;record=5;entry=0x77,,0xDC,0x05,cfg_t51_l180_v2,180,51,2,,,,,,bounded substream tail; destination record0 entry 0x05 exists,strong_candidate,"C4:8B6A handler for opcode 0x56 stores operand1 to $15D0/$0305, copies old $0305 to $15CF, stores operand2 to $13B8/$13B9, calls 81:837F, and advances three bytes; exact bounded tail ends in compact B0",canonical_rom_sha256=F6A345E2F07F0CBC4EFF7D4FF06AE88A814A98FDF100C7BF7351168C73916A98;tools/python/catalog_map_transition_candidates.py;tools/python/catalog_map_selectors.py;C4:8B6A;C4:8BE2
,,,,0xDC,6,0x77,vm_opcode_0x56_terminal,CD:B13C,,pack=0xDC;record=6;entry=0x77,,0xDA,0x09,cfg_t51_l180_v2,180,51,2,,,,,,bounded substream tail; destination record0 entry 0x09 exists,strong_candidate,"C4:8B6A handler for opcode 0x56 stores operand1 to $15D0/$0305, copies old $0305 to $15CF, stores operand2 to $13B8/$13B9, calls 81:837F, and advances three bytes; exact bounded tail ends in compact B0",canonical_rom_sha256=F6A345E2F07F0CBC4EFF7D4FF06AE88A814A98FDF100C7BF7351168C73916A98;tools/python/catalog_map_transition_candidates.py;tools/python/catalog_map_selectors.py;C4:8B6A;C4:8BE2
,,,,0xDC,18,0x2E,vm_opcode_0x56_terminal,CD:B4B7,,pack=0xDC;record=18;entry=0x2E,,0xDC,0x0C,cfg_t51_l180_v2,180,51,2,,,,,,bounded substream tail; destination record0 entry 0x0C exists,strong_candidate,"C4:8B6A handler for opcode 0x56 stores operand1 to $15D0/$0305, copies old $0305 to $15CF, stores operand2 to $13B8/$13B9, calls 81:837F, and advances three bytes; exact bounded tail ends in compact B0",canonical_rom_sha256=F6A345E2F07F0CBC4EFF7D4FF06AE88A814A98FDF100C7BF7351168C73916A98;tools/python/catalog_map_transition_candidates.py;tools/python/catalog_map_selectors.py;C4:8B6A;C4:8BE2
,,,,0xDC,18,0x2F,vm_opcode_0x56_terminal,CD:B4D3,,pack=0xDC;record=18;entry=0x2F,,0xDA,0x15,cfg_t51_l180_v2,180,51,2,,,,,,bounded substream tail; destination record0 entry 0x15 exists,strong_candidate,"C4:8B6A handler for opcode 0x56 stores operand1 to $15D0/$0305, copies old $0305 to $15CF, stores operand2 to $13B8/$13B9, calls 81:837F, and advances three bytes; exact bounded tail ends in compact B0",canonical_rom_sha256=F6A345E2F07F0CBC4EFF7D4FF06AE88A814A98FDF100C7BF7351168C73916A98;tools/python/catalog_map_transition_candidates.py;tools/python/catalog_map_selectors.py;C4:8B6A;C4:8BE2
,,,,0xDD,1,0x79,vm_opcode_0x56_terminal,CD:B6B7,,pack=0xDD;record=1;entry=0x79,,0xE2,0x06,cfg_t55_l192_v2,192,55,2,71,4,71,4,CD:C471,bounded substream tail; destination record0 entry 0x06 exists; destination entry has aligned 0x58 coordinate setter at CD:C471,strong_candidate,"C4:8B6A handler for opcode 0x56 stores operand1 to $15D0/$0305, copies old $0305 to $15CF, stores operand2 to $13B8/$13B9, calls 81:837F, and advances three bytes; exact bounded tail ends in compact B0; C4:8BE2 opcode 0x58 writes destination entry operands to $1573/$157D/$15C3/$15C4",canonical_rom_sha256=F6A345E2F07F0CBC4EFF7D4FF06AE88A814A98FDF100C7BF7351168C73916A98;tools/python/catalog_map_transition_candidates.py;tools/python/catalog_map_selectors.py;C4:8B6A;C4:8BE2
,,,,0xDF,4,0x26,vm_opcode_0x56_terminal,CD:B9C5,,pack=0xDF;record=4;entry=0x26,,0x6A,0x04,cfg_t06_l040_v2,40,6,2,,,,,,bounded substream tail; destination record0 entry 0x04 exists,strong_candidate,"C4:8B6A handler for opcode 0x56 stores operand1 to $15D0/$0305, copies old $0305 to $15CF, stores operand2 to $13B8/$13B9, calls 81:837F, and advances three bytes; exact bounded tail ends in compact B0",canonical_rom_sha256=F6A345E2F07F0CBC4EFF7D4FF06AE88A814A98FDF100C7BF7351168C73916A98;tools/python/catalog_map_transition_candidates.py;tools/python/catalog_map_selectors.py;C4:8B6A;C4:8BE2
,,,,0xDF,7,0x6B,vm_opcode_0x56_terminal,CD:BA10,,pack=0xDF;record=7;entry=0x6B,,0x4C,0x1F,,,,,,,,,,bounded substream tail; destination record0 entry 0x1F exists,strong_candidate,"C4:8B6A handler for opcode 0x56 stores operand1 to $15D0/$0305, copies old $0305 to $15CF, stores operand2 to $13B8/$13B9, calls 81:837F, and advances three bytes; exact bounded tail ends in compact B0",canonical_rom_sha256=F6A345E2F07F0CBC4EFF7D4FF06AE88A814A98FDF100C7BF7351168C73916A98;tools/python/catalog_map_transition_candidates.py;tools/python/catalog_map_selectors.py;C4:8B6A;C4:8BE2
,,,,0xDF,7,0x8D,vm_opcode_0x56_terminal,CD:BA1F,,pack=0xDF;record=7;entry=0x8D,,0x4C,0x1F,,,,,,,,,,bounded substream tail; destination record0 entry 0x1F exists,strong_candidate,"C4:8B6A handler for opcode 0x56 stores operand1 to $15D0/$0305, copies old $0305 to $15CF, stores operand2 to $13B8/$13B9, calls 81:837F, and advances three bytes; exact bounded tail ends in compact B0",canonical_rom_sha256=F6A345E2F07F0CBC4EFF7D4FF06AE88A814A98FDF100C7BF7351168C73916A98;tools/python/catalog_map_transition_candidates.py;tools/python/catalog_map_selectors.py;C4:8B6A;C4:8BE2
,,,,0xE0,1,0x77,vm_opcode_0x56_terminal,CD:BB95,,pack=0xE0;record=1;entry=0x77,,0xE1,0x07,cfg_t55_l192_v2,192,55,2,95,20,95,20,CD:C096,bounded substream tail; destination record0 entry 0x07 exists; destination entry has aligned 0x58 coordinate setter at CD:C096,strong_candidate,"C4:8B6A handler for opcode 0x56 stores operand1 to $15D0/$0305, copies old $0305 to $15CF, stores operand2 to $13B8/$13B9, calls 81:837F, and advances three bytes; exact bounded tail ends in compact B0; C4:8BE2 opcode 0x58 writes destination entry operands to $1573/$157D/$15C3/$15C4",canonical_rom_sha256=F6A345E2F07F0CBC4EFF7D4FF06AE88A814A98FDF100C7BF7351168C73916A98;tools/python/catalog_map_transition_candidates.py;tools/python/catalog_map_selectors.py;C4:8B6A;C4:8BE2
,,,,0xE0,2,0x77,vm_opcode_0x56_terminal,CD:BBA2,,pack=0xE0;record=2;entry=0x77,,0xE1,0x03,cfg_t55_l192_v2,192,55,2,50,21,50,21,CD:C034,bounded substream tail; destination record0 entry 0x03 exists; destination entry has aligned 0x58 coordinate setter at CD:C034,strong_candidate,"C4:8B6A handler for opcode 0x56 stores operand1 to $15D0/$0305, copies old $0305 to $15CF, stores operand2 to $13B8/$13B9, calls 81:837F, and advances three bytes; exact bounded tail ends in compact B0; C4:8BE2 opcode 0x58 writes destination entry operands to $1573/$157D/$15C3/$15C4",canonical_rom_sha256=F6A345E2F07F0CBC4EFF7D4FF06AE88A814A98FDF100C7BF7351168C73916A98;tools/python/catalog_map_transition_candidates.py;tools/python/catalog_map_selectors.py;C4:8B6A;C4:8BE2
,,,,0xE0,3,0x77,vm_opcode_0x56_terminal,CD:BBAF,,pack=0xE0;record=3;entry=0x77,,0xE1,0x04,cfg_t55_l192_v2,192,55,2,74,21,74,21,CD:C04B,bounded substream tail; destination record0 entry 0x04 exists; destination entry has aligned 0x58 coordinate setter at CD:C04B,strong_candidate,"C4:8B6A handler for opcode 0x56 stores operand1 to $15D0/$0305, copies old $0305 to $15CF, stores operand2 to $13B8/$13B9, calls 81:837F, and advances three bytes; exact bounded tail ends in compact B0; C4:8BE2 opcode 0x58 writes destination entry operands to $1573/$157D/$15C3/$15C4",canonical_rom_sha256=F6A345E2F07F0CBC4EFF7D4FF06AE88A814A98FDF100C7BF7351168C73916A98;tools/python/catalog_map_transition_candidates.py;tools/python/catalog_map_selectors.py;C4:8B6A;C4:8BE2
,,,,0xE0,4,0x77,vm_opcode_0x56_terminal,CD:BBC8,,pack=0xE0;record=4;entry=0x77,,0xE1,0x05,cfg_t55_l192_v2,192,55,2,55,4,55,4,CD:C062,bounded substream tail; destination record0 entry 0x05 exists; destination entry has aligned 0x58 coordinate setter at CD:C062,strong_candidate,"C4:8B6A handler for opcode 0x56 stores operand1 to $15D0/$0305, copies old $0305 to $15CF, stores operand2 to $13B8/$13B9, calls 81:837F, and advances three bytes; exact bounded tail ends in compact B0; C4:8BE2 opcode 0x58 writes destination entry operands to $1573/$157D/$15C3/$15C4",canonical_rom_sha256=F6A345E2F07F0CBC4EFF7D4FF06AE88A814A98FDF100C7BF7351168C73916A98;tools/python/catalog_map_transition_candidates.py;tools/python/catalog_map_selectors.py;C4:8B6A;C4:8BE2
,,,,0xE0,5,0x77,vm_opcode_0x56_terminal,CD:BBD5,,pack=0xE0;record=5;entry=0x77,,0xE2,0x02,cfg_t55_l192_v2,192,55,2,51,65,51,65,CD:C415,bounded substream tail; destination record0 entry 0x02 exists; destination entry has aligned 0x58 coordinate setter at CD:C415,strong_candidate,"C4:8B6A handler for opcode 0x56 stores operand1 to $15D0/$0305, copies old $0305 to $15CF, stores operand2 to $13B8/$13B9, calls 81:837F, and advances three bytes; exact bounded tail ends in compact B0; C4:8BE2 opcode 0x58 writes destination entry operands to $1573/$157D/$15C3/$15C4",canonical_rom_sha256=F6A345E2F07F0CBC4EFF7D4FF06AE88A814A98FDF100C7BF7351168C73916A98;tools/python/catalog_map_transition_candidates.py;tools/python/catalog_map_selectors.py;C4:8B6A;C4:8BE2
,,,,0xE0,6,0x77,vm_opcode_0x56_terminal,CD:BBE2,,pack=0xE0;record=6;entry=0x77,,0xE2,0x03,cfg_t55_l192_v2,192,55,2,77,65,77,65,CD:C42C,bounded substream tail; destination record0 entry 0x03 exists; destination entry has aligned 0x58 coordinate setter at CD:C42C,strong_candidate,"C4:8B6A handler for opcode 0x56 stores operand1 to $15D0/$0305, copies old $0305 to $15CF, stores operand2 to $13B8/$13B9, calls 81:837F, and advances three bytes; exact bounded tail ends in compact B0; C4:8BE2 opcode 0x58 writes destination entry operands to $1573/$157D/$15C3/$15C4",canonical_rom_sha256=F6A345E2F07F0CBC4EFF7D4FF06AE88A814A98FDF100C7BF7351168C73916A98;tools/python/catalog_map_transition_candidates.py;tools/python/catalog_map_selectors.py;C4:8B6A;C4:8BE2
,,,,0xE0,21,0x36,vm_opcode_0x56_terminal,CD:BF33,,pack=0xE0;record=21;entry=0x36,,0xE2,0x07,cfg_t55_l192_v2,192,55,2,51,65,51,65,CD:C48B,bounded substream tail; destination record0 entry 0x07 exists; destination entry has aligned 0x58 coordinate setter at CD:C48B,strong_candidate,"C4:8B6A handler for opcode 0x56 stores operand1 to $15D0/$0305, copies old $0305 to $15CF, stores operand2 to $13B8/$13B9, calls 81:837F, and advances three bytes; exact bounded tail ends in compact B0; C4:8BE2 opcode 0x58 writes destination entry operands to $1573/$157D/$15C3/$15C4",canonical_rom_sha256=F6A345E2F07F0CBC4EFF7D4FF06AE88A814A98FDF100C7BF7351168C73916A98;tools/python/catalog_map_transition_candidates.py;tools/python/catalog_map_selectors.py;C4:8B6A;C4:8BE2
,,,,0xE1,1,0x77,vm_opcode_0x56_terminal,CD:C13C,,pack=0xE1;record=1;entry=0x77,,0xE0,0x03,cfg_t55_l192_v2,192,55,2,23,62,23,62,CD:BAD0,bounded substream tail; destination record0 entry 0x03 exists; destination entry has aligned 0x58 coordinate setter at CD:BAD0,strong_candidate,"C4:8B6A handler for opcode 0x56 stores operand1 to $15D0/$0305, copies old $0305 to $15CF, stores operand2 to $13B8/$13B9, calls 81:837F, and advances three bytes; exact bounded tail ends in compact B0; C4:8BE2 opcode 0x58 writes destination entry operands to $1573/$157D/$15C3/$15C4",canonical_rom_sha256=F6A345E2F07F0CBC4EFF7D4FF06AE88A814A98FDF100C7BF7351168C73916A98;tools/python/catalog_map_transition_candidates.py;tools/python/catalog_map_selectors.py;C4:8B6A;C4:8BE2
,,,,0xE1,2,0x77,vm_opcode_0x56_terminal,CD:C149,,pack=0xE1;record=2;entry=0x77,,0xE1,0x02,cfg_t55_l192_v2,192,55,2,62,38,62,38,CD:C01D,bounded substream tail; destination record0 entry 0x02 exists; destination entry has aligned 0x58 coordinate setter at CD:C01D,strong_candidate,"C4:8B6A handler for opcode 0x56 stores operand1 to $15D0/$0305, copies old $0305 to $15CF, stores operand2 to $13B8/$13B9, calls 81:837F, and advances three bytes; exact bounded tail ends in compact B0; C4:8BE2 opcode 0x58 writes destination entry operands to $1573/$157D/$15C3/$15C4",canonical_rom_sha256=F6A345E2F07F0CBC4EFF7D4FF06AE88A814A98FDF100C7BF7351168C73916A98;tools/python/catalog_map_transition_candidates.py;tools/python/catalog_map_selectors.py;C4:8B6A;C4:8BE2
,,,,0xE1,3,0x77,vm_opcode_0x56_terminal,CD:C156,,pack=0xE1;record=3;entry=0x77,,0xE1,0x08,cfg_t55_l192_v2,192,55,2,95,15,95,15,CD:C0B4,bounded substream tail; destination record0 entry 0x08 exists; destination entry has aligned 0x58 coordinate setter at CD:C0B4,strong_candidate,"C4:8B6A handler for opcode 0x56 stores operand1 to $15D0/$0305, copies old $0305 to $15CF, stores operand2 to $13B8/$13B9, calls 81:837F, and advances three bytes; exact bounded tail ends in compact B0; C4:8BE2 opcode 0x58 writes destination entry operands to $1573/$157D/$15C3/$15C4",canonical_rom_sha256=F6A345E2F07F0CBC4EFF7D4FF06AE88A814A98FDF100C7BF7351168C73916A98;tools/python/catalog_map_transition_candidates.py;tools/python/catalog_map_selectors.py;C4:8B6A;C4:8BE2
,,,,0xE1,4,0x77,vm_opcode_0x56_terminal,CD:C163,,pack=0xE1;record=4;entry=0x77,,0xE0,0x04,cfg_t55_l192_v2,192,55,2,13,37,13,37,CD:BAD9,bounded substream tail; destination record0 entry 0x04 exists; destination entry has aligned 0x58 coordinate setter at CD:BAD9,strong_candidate,"C4:8B6A handler for opcode 0x56 stores operand1 to $15D0/$0305, copies old $0305 to $15CF, stores operand2 to $13B8/$13B9, calls 81:837F, and advances three bytes; exact bounded tail ends in compact B0; C4:8BE2 opcode 0x58 writes destination entry operands to $1573/$157D/$15C3/$15C4",canonical_rom_sha256=F6A345E2F07F0CBC4EFF7D4FF06AE88A814A98FDF100C7BF7351168C73916A98;tools/python/catalog_map_transition_candidates.py;tools/python/catalog_map_selectors.py;C4:8B6A;C4:8BE2
,,,,0xE1,5,0x77,vm_opcode_0x56_terminal,CD:C170,,pack=0xE1;record=5;entry=0x77,,0xE0,0x05,cfg_t55_l192_v2,192,55,2,33,37,33,37,CD:BAE2,bounded substream tail; destination record0 entry 0x05 exists; destination entry has aligned 0x58 coordinate setter at CD:BAE2,strong_candidate,"C4:8B6A handler for opcode 0x56 stores operand1 to $15D0/$0305, copies old $0305 to $15CF, stores operand2 to $13B8/$13B9, calls 81:837F, and advances three bytes; exact bounded tail ends in compact B0; C4:8BE2 opcode 0x58 writes destination entry operands to $1573/$157D/$15C3/$15C4",canonical_rom_sha256=F6A345E2F07F0CBC4EFF7D4FF06AE88A814A98FDF100C7BF7351168C73916A98;tools/python/catalog_map_transition_candidates.py;tools/python/catalog_map_selectors.py;C4:8B6A;C4:8BE2
,,,,0xE1,6,0x77,vm_opcode_0x56_terminal,CD:C17D,,pack=0xE1;record=6;entry=0x77,,0xE0,0x06,cfg_t55_l192_v2,192,55,2,23,12,23,12,CD:BAEB,bounded substream tail; destination record0 entry 0x06 exists; destination entry has aligned 0x58 coordinate setter at CD:BAEB,strong_candidate,"C4:8B6A handler for opcode 0x56 stores operand1 to $15D0/$0305, copies old $0305 to $15CF, stores operand2 to $13B8/$13B9, calls 81:837F, and advances three bytes; exact bounded tail ends in compact B0; C4:8BE2 opcode 0x58 writes destination entry operands to $1573/$157D/$15C3/$15C4",canonical_rom_sha256=F6A345E2F07F0CBC4EFF7D4FF06AE88A814A98FDF100C7BF7351168C73916A98;tools/python/catalog_map_transition_candidates.py;tools/python/catalog_map_selectors.py;C4:8B6A;C4:8BE2
,,,,0xE1,13,0x7C,vm_opcode_0x56_terminal,CD:C288,FE1-L006,pack=0xE1;record=13;entry=0x7C,,0xE0,0x09,cfg_t55_l192_v2,192,55,2,23,12,23,12,CD:BB06,bounded substream tail; destination record0 entry 0x09 exists; destination entry has aligned 0x58 coordinate setter at CD:BB06,strong_candidate,"C4:8B6A handler for opcode 0x56 stores operand1 to $15D0/$0305, copies old $0305 to $15CF, stores operand2 to $13B8/$13B9, calls 81:837F, and advances three bytes; exact bounded tail ends in compact B0; C4:8BE2 opcode 0x58 writes destination entry operands to $1573/$157D/$15C3/$15C4",canonical_rom_sha256=F6A345E2F07F0CBC4EFF7D4FF06AE88A814A98FDF100C7BF7351168C73916A98;tools/python/catalog_map_transition_candidates.py;tools/python/catalog_map_selectors.py;C4:8B6A;C4:8BE2;data/events/event_record_frame_catalog.csv;data/events/event_source_crosslink.csv
,,,,0xE2,1,0x77,vm_opcode_0x56_terminal,CD:C583,,pack=0xE2;record=1;entry=0x77,,0xE0,0x07,cfg_t55_l192_v2,192,55,2,9,25,9,25,CD:BAF4,bounded substream tail; destination record0 entry 0x07 exists; destination entry has aligned 0x58 coordinate setter at CD:BAF4,strong_candidate,"C4:8B6A handler for opcode 0x56 stores operand1 to $15D0/$0305, copies old $0305 to $15CF, stores operand2 to $13B8/$13B9, calls 81:837F, and advances three bytes; exact bounded tail ends in compact B0; C4:8BE2 opcode 0x58 writes destination entry operands to $1573/$157D/$15C3/$15C4",canonical_rom_sha256=F6A345E2F07F0CBC4EFF7D4FF06AE88A814A98FDF100C7BF7351168C73916A98;tools/python/catalog_map_transition_candidates.py;tools/python/catalog_map_selectors.py;C4:8B6A;C4:8BE2
,,,,0xE2,2,0x77,vm_opcode_0x56_terminal,CD:C590,,pack=0xE2;record=2;entry=0x77,,0xE0,0x08,cfg_t55_l192_v2,192,55,2,37,25,37,25,CD:BAFD,bounded substream tail; destination record0 entry 0x08 exists; destination entry has aligned 0x58 coordinate setter at CD:BAFD,strong_candidate,"C4:8B6A handler for opcode 0x56 stores operand1 to $15D0/$0305, copies old $0305 to $15CF, stores operand2 to $13B8/$13B9, calls 81:837F, and advances three bytes; exact bounded tail ends in compact B0; C4:8BE2 opcode 0x58 writes destination entry operands to $1573/$157D/$15C3/$15C4",canonical_rom_sha256=F6A345E2F07F0CBC4EFF7D4FF06AE88A814A98FDF100C7BF7351168C73916A98;tools/python/catalog_map_transition_candidates.py;tools/python/catalog_map_selectors.py;C4:8B6A;C4:8BE2
,,,,0xE2,3,0x77,vm_opcode_0x56_terminal,CD:C5BA,,pack=0xE2;record=3;entry=0x77,,0xE2,0x08,cfg_t55_l192_v2,192,55,2,84,44,84,44,CD:C4A5,bounded substream tail; destination record0 entry 0x08 exists; destination entry has aligned 0x58 coordinate setter at CD:C4A5,strong_candidate,"C4:8B6A handler for opcode 0x56 stores operand1 to $15D0/$0305, copies old $0305 to $15CF, stores operand2 to $13B8/$13B9, calls 81:837F, and advances three bytes; exact bounded tail ends in compact B0; C4:8BE2 opcode 0x58 writes destination entry operands to $1573/$157D/$15C3/$15C4",canonical_rom_sha256=F6A345E2F07F0CBC4EFF7D4FF06AE88A814A98FDF100C7BF7351168C73916A98;tools/python/catalog_map_transition_candidates.py;tools/python/catalog_map_selectors.py;C4:8B6A;C4:8BE2
,,,,0xE2,4,0x77,vm_opcode_0x56_terminal,CD:C5E4,,pack=0xE2;record=4;entry=0x77,,0xE2,0x0A,cfg_t55_l192_v2,192,55,2,100,44,100,44,CD:C4D9,bounded substream tail; destination record0 entry 0x0A exists; destination entry has aligned 0x58 coordinate setter at CD:C4D9,strong_candidate,"C4:8B6A handler for opcode 0x56 stores operand1 to $15D0/$0305, copies old $0305 to $15CF, stores operand2 to $13B8/$13B9, calls 81:837F, and advances three bytes; exact bounded tail ends in compact B0; C4:8BE2 opcode 0x58 writes destination entry operands to $1573/$157D/$15C3/$15C4",canonical_rom_sha256=F6A345E2F07F0CBC4EFF7D4FF06AE88A814A98FDF100C7BF7351168C73916A98;tools/python/catalog_map_transition_candidates.py;tools/python/catalog_map_selectors.py;C4:8B6A;C4:8BE2
,,,,0xE2,5,0x77,vm_opcode_0x56_terminal,CD:C60E,,pack=0xE2;record=5;entry=0x77,,0xE2,0x05,cfg_t55_l192_v2,192,55,2,71,10,71,10,CD:C45A,bounded substream tail; destination record0 entry 0x05 exists; destination entry has aligned 0x58 coordinate setter at CD:C45A,strong_candidate,"C4:8B6A handler for opcode 0x56 stores operand1 to $15D0/$0305, copies old $0305 to $15CF, stores operand2 to $13B8/$13B9, calls 81:837F, and advances three bytes; exact bounded tail ends in compact B0; C4:8BE2 opcode 0x58 writes destination entry operands to $1573/$157D/$15C3/$15C4",canonical_rom_sha256=F6A345E2F07F0CBC4EFF7D4FF06AE88A814A98FDF100C7BF7351168C73916A98;tools/python/catalog_map_transition_candidates.py;tools/python/catalog_map_selectors.py;C4:8B6A;C4:8BE2
,,,,0xE2,6,0x77,vm_opcode_0x56_terminal,CD:C61D,,pack=0xE2;record=6;entry=0x77,,0xE2,0x04,cfg_t55_l192_v2,192,55,2,64,51,64,51,CD:C443,bounded substream tail; destination record0 entry 0x04 exists; destination entry has aligned 0x58 coordinate setter at CD:C443,strong_candidate,"C4:8B6A handler for opcode 0x56 stores operand1 to $15D0/$0305, copies old $0305 to $15CF, stores operand2 to $13B8/$13B9, calls 81:837F, and advances three bytes; exact bounded tail ends in compact B0; C4:8BE2 opcode 0x58 writes destination entry operands to $1573/$157D/$15C3/$15C4",canonical_rom_sha256=F6A345E2F07F0CBC4EFF7D4FF06AE88A814A98FDF100C7BF7351168C73916A98;tools/python/catalog_map_transition_candidates.py;tools/python/catalog_map_selectors.py;C4:8B6A;C4:8BE2
,,,,0xE2,7,0x77,vm_opcode_0x56_terminal,CD:C62C,,pack=0xE2;record=7;entry=0x77,,0xE2,0x09,cfg_t55_l192_v2,192,55,2,53,51,53,51,CD:C4BF,bounded substream tail; destination record0 entry 0x09 exists; destination entry has aligned 0x58 coordinate setter at CD:C4BF,strong_candidate,"C4:8B6A handler for opcode 0x56 stores operand1 to $15D0/$0305, copies old $0305 to $15CF, stores operand2 to $13B8/$13B9, calls 81:837F, and advances three bytes; exact bounded tail ends in compact B0; C4:8BE2 opcode 0x58 writes destination entry operands to $1573/$157D/$15C3/$15C4",canonical_rom_sha256=F6A345E2F07F0CBC4EFF7D4FF06AE88A814A98FDF100C7BF7351168C73916A98;tools/python/catalog_map_transition_candidates.py;tools/python/catalog_map_selectors.py;C4:8B6A;C4:8BE2
,,,,0xE2,8,0x77,vm_opcode_0x56_terminal,CD:C63B,,pack=0xE2;record=8;entry=0x77,,0xE2,0x0B,cfg_t55_l192_v2,192,55,2,75,51,75,51,CD:C4F3,bounded substream tail; destination record0 entry 0x0B exists; destination entry has aligned 0x58 coordinate setter at CD:C4F3,strong_candidate,"C4:8B6A handler for opcode 0x56 stores operand1 to $15D0/$0305, copies old $0305 to $15CF, stores operand2 to $13B8/$13B9, calls 81:837F, and advances three bytes; exact bounded tail ends in compact B0; C4:8BE2 opcode 0x58 writes destination entry operands to $1573/$157D/$15C3/$15C4",canonical_rom_sha256=F6A345E2F07F0CBC4EFF7D4FF06AE88A814A98FDF100C7BF7351168C73916A98;tools/python/catalog_map_transition_candidates.py;tools/python/catalog_map_selectors.py;C4:8B6A;C4:8BE2
,,,,0xE2,9,0x77,vm_opcode_0x56_terminal,CD:C654,,pack=0xE2;record=9;entry=0x77,,0xDD,0x0E,cfg_t53_l184_v2,184,53,2,80,80,80,80,CD:B621,bounded substream tail; destination record0 entry 0x0E exists; destination entry has aligned 0x58 coordinate setter at CD:B621,strong_candidate,"C4:8B6A handler for opcode 0x56 stores operand1 to $15D0/$0305, copies old $0305 to $15CF, stores operand2 to $13B8/$13B9, calls 81:837F, and advances three bytes; exact bounded tail ends in compact B0; C4:8BE2 opcode 0x58 writes destination entry operands to $1573/$157D/$15C3/$15C4",canonical_rom_sha256=F6A345E2F07F0CBC4EFF7D4FF06AE88A814A98FDF100C7BF7351168C73916A98;tools/python/catalog_map_transition_candidates.py;tools/python/catalog_map_selectors.py;C4:8B6A;C4:8BE2
,,,,0xE3,1,0x79,vm_opcode_0x56_terminal,CD:C81B,,pack=0xE3;record=1;entry=0x79,,0xE4,0x02,cfg_t58_l196_v1,196,58,1,,,,,,bounded substream tail; destination record0 entry 0x02 exists,strong_candidate,"C4:8B6A handler for opcode 0x56 stores operand1 to $15D0/$0305, copies old $0305 to $15CF, stores operand2 to $13B8/$13B9, calls 81:837F, and advances three bytes; exact bounded tail ends in compact B0",canonical_rom_sha256=F6A345E2F07F0CBC4EFF7D4FF06AE88A814A98FDF100C7BF7351168C73916A98;tools/python/catalog_map_transition_candidates.py;tools/python/catalog_map_selectors.py;C4:8B6A;C4:8BE2
,,,,0xE4,1,0x79,vm_opcode_0x56_terminal,CD:C973,,pack=0xE4;record=1;entry=0x79,,0xE7,0x0F,cfg_t58_l196_v1,196,58,1,,,,,,bounded substream tail; destination record0 entry 0x0F exists,strong_candidate,"C4:8B6A handler for opcode 0x56 stores operand1 to $15D0/$0305, copies old $0305 to $15CF, stores operand2 to $13B8/$13B9, calls 81:837F, and advances three bytes; exact bounded tail ends in compact B0",canonical_rom_sha256=F6A345E2F07F0CBC4EFF7D4FF06AE88A814A98FDF100C7BF7351168C73916A98;tools/python/catalog_map_transition_candidates.py;tools/python/catalog_map_selectors.py;C4:8B6A;C4:8BE2
,,,,0xE4,2,0x77,vm_opcode_0x56_terminal,CD:C980,,pack=0xE4;record=2;entry=0x77,,0xE4,0x06,cfg_t58_l196_v1,196,58,1,,,,,,bounded substream tail; destination record0 entry 0x06 exists,strong_candidate,"C4:8B6A handler for opcode 0x56 stores operand1 to $15D0/$0305, copies old $0305 to $15CF, stores operand2 to $13B8/$13B9, calls 81:837F, and advances three bytes; exact bounded tail ends in compact B0",canonical_rom_sha256=F6A345E2F07F0CBC4EFF7D4FF06AE88A814A98FDF100C7BF7351168C73916A98;tools/python/catalog_map_transition_candidates.py;tools/python/catalog_map_selectors.py;C4:8B6A;C4:8BE2
,,,,0xE4,3,0x77,vm_opcode_0x56_terminal,CD:C98D,,pack=0xE4;record=3;entry=0x77,,0xE4,0x05,cfg_t58_l196_v1,196,58,1,,,,,,bounded substream tail; destination record0 entry 0x05 exists,strong_candidate,"C4:8B6A handler for opcode 0x56 stores operand1 to $15D0/$0305, copies old $0305 to $15CF, stores operand2 to $13B8/$13B9, calls 81:837F, and advances three bytes; exact bounded tail ends in compact B0",canonical_rom_sha256=F6A345E2F07F0CBC4EFF7D4FF06AE88A814A98FDF100C7BF7351168C73916A98;tools/python/catalog_map_transition_candidates.py;tools/python/catalog_map_selectors.py;C4:8B6A;C4:8BE2
,,,,0xE4,4,0x77,vm_opcode_0x56_terminal,CD:C99A,,pack=0xE4;record=4;entry=0x77,,0xE5,0x02,cfg_t58_l196_v1,196,58,1,,,,,,bounded substream tail; destination record0 entry 0x02 exists,strong_candidate,"C4:8B6A handler for opcode 0x56 stores operand1 to $15D0/$0305, copies old $0305 to $15CF, stores operand2 to $13B8/$13B9, calls 81:837F, and advances three bytes; exact bounded tail ends in compact B0",canonical_rom_sha256=F6A345E2F07F0CBC4EFF7D4FF06AE88A814A98FDF100C7BF7351168C73916A98;tools/python/catalog_map_transition_candidates.py;tools/python/catalog_map_selectors.py;C4:8B6A;C4:8BE2
,,,,0xE4,5,0x77,vm_opcode_0x56_terminal,CD:C9A7,,pack=0xE4;record=5;entry=0x77,,0xE5,0x03,cfg_t58_l196_v1,196,58,1,,,,,,bounded substream tail; destination record0 entry 0x03 exists,strong_candidate,"C4:8B6A handler for opcode 0x56 stores operand1 to $15D0/$0305, copies old $0305 to $15CF, stores operand2 to $13B8/$13B9, calls 81:837F, and advances three bytes; exact bounded tail ends in compact B0",canonical_rom_sha256=F6A345E2F07F0CBC4EFF7D4FF06AE88A814A98FDF100C7BF7351168C73916A98;tools/python/catalog_map_transition_candidates.py;tools/python/catalog_map_selectors.py;C4:8B6A;C4:8BE2
,,,,0xE4,6,0x77,vm_opcode_0x56_terminal,CD:C9B4,,pack=0xE4;record=6;entry=0x77,,0xE5,0x04,cfg_t58_l196_v1,196,58,1,,,,,,bounded substream tail; destination record0 entry 0x04 exists,strong_candidate,"C4:8B6A handler for opcode 0x56 stores operand1 to $15D0/$0305, copies old $0305 to $15CF, stores operand2 to $13B8/$13B9, calls 81:837F, and advances three bytes; exact bounded tail ends in compact B0",canonical_rom_sha256=F6A345E2F07F0CBC4EFF7D4FF06AE88A814A98FDF100C7BF7351168C73916A98;tools/python/catalog_map_transition_candidates.py;tools/python/catalog_map_selectors.py;C4:8B6A;C4:8BE2
,,,,0xE4,10,0x79,vm_opcode_0x56_terminal,CD:CAA6,,pack=0xE4;record=10;entry=0x79,,0xE8,0x02,cfg_t58_l197_v1,197,58,1,103,68,103,68,CD:D7CE,bounded substream tail; destination record0 entry 0x02 exists; destination entry has aligned 0x58 coordinate setter at CD:D7CE,strong_candidate,"C4:8B6A handler for opcode 0x56 stores operand1 to $15D0/$0305, copies old $0305 to $15CF, stores operand2 to $13B8/$13B9, calls 81:837F, and advances three bytes; exact bounded tail ends in compact B0; C4:8BE2 opcode 0x58 writes destination entry operands to $1573/$157D/$15C3/$15C4",canonical_rom_sha256=F6A345E2F07F0CBC4EFF7D4FF06AE88A814A98FDF100C7BF7351168C73916A98;tools/python/catalog_map_transition_candidates.py;tools/python/catalog_map_selectors.py;C4:8B6A;C4:8BE2
,,,,0xE5,1,0x77,vm_opcode_0x56_terminal,CD:CBEF,,pack=0xE5;record=1;entry=0x77,,0xE4,0x07,cfg_t58_l196_v1,196,58,1,,,,,,bounded substream tail; destination record0 entry 0x07 exists,strong_candidate,"C4:8B6A handler for opcode 0x56 stores operand1 to $15D0/$0305, copies old $0305 to $15CF, stores operand2 to $13B8/$13B9, calls 81:837F, and advances three bytes; exact bounded tail ends in compact B0",canonical_rom_sha256=F6A345E2F07F0CBC4EFF7D4FF06AE88A814A98FDF100C7BF7351168C73916A98;tools/python/catalog_map_transition_candidates.py;tools/python/catalog_map_selectors.py;C4:8B6A;C4:8BE2
,,,,0xE5,2,0x77,vm_opcode_0x56_terminal,CD:CBFC,,pack=0xE5;record=2;entry=0x77,,0xE4,0x08,cfg_t58_l196_v1,196,58,1,,,,,,bounded substream tail; destination record0 entry 0x08 exists,strong_candidate,"C4:8B6A handler for opcode 0x56 stores operand1 to $15D0/$0305, copies old $0305 to $15CF, stores operand2 to $13B8/$13B9, calls 81:837F, and advances three bytes; exact bounded tail ends in compact B0",canonical_rom_sha256=F6A345E2F07F0CBC4EFF7D4FF06AE88A814A98FDF100C7BF7351168C73916A98;tools/python/catalog_map_transition_candidates.py;tools/python/catalog_map_selectors.py;C4:8B6A;C4:8BE2
,,,,0xE5,3,0x77,vm_opcode_0x56_terminal,CD:CC09,,pack=0xE5;record=3;entry=0x77,,0xE4,0x09,cfg_t58_l196_v1,196,58,1,,,,,,bounded substream tail; destination record0 entry 0x09 exists,strong_candidate,"C4:8B6A handler for opcode 0x56 stores operand1 to $15D0/$0305, copies old $0305 to $15CF, stores operand2 to $13B8/$13B9, calls 81:837F, and advances three bytes; exact bounded tail ends in compact B0",canonical_rom_sha256=F6A345E2F07F0CBC4EFF7D4FF06AE88A814A98FDF100C7BF7351168C73916A98;tools/python/catalog_map_transition_candidates.py;tools/python/catalog_map_selectors.py;C4:8B6A;C4:8BE2
,,,,0xE5,4,0x77,vm_opcode_0x56_terminal,CD:CC16,,pack=0xE5;record=4;entry=0x77,,0xE5,0x07,cfg_t58_l196_v1,196,58,1,,,,,,bounded substream tail; destination record0 entry 0x07 exists,strong_candidate,"C4:8B6A handler for opcode 0x56 stores operand1 to $15D0/$0305, copies old $0305 to $15CF, stores operand2 to $13B8/$13B9, calls 81:837F, and advances three bytes; exact bounded tail ends in compact B0",canonical_rom_sha256=F6A345E2F07F0CBC4EFF7D4FF06AE88A814A98FDF100C7BF7351168C73916A98;tools/python/catalog_map_transition_candidates.py;tools/python/catalog_map_selectors.py;C4:8B6A;C4:8BE2
,,,,0xE5,5,0x77,vm_opcode_0x56_terminal,CD:CC23,,pack=0xE5;record=5;entry=0x77,,0xE5,0x08,cfg_t58_l196_v1,196,58,1,,,,,,bounded substream tail; destination record0 entry 0x08 exists,strong_candidate,"C4:8B6A handler for opcode 0x56 stores operand1 to $15D0/$0305, copies old $0305 to $15CF, stores operand2 to $13B8/$13B9, calls 81:837F, and advances three bytes; exact bounded tail ends in compact B0",canonical_rom_sha256=F6A345E2F07F0CBC4EFF7D4FF06AE88A814A98FDF100C7BF7351168C73916A98;tools/python/catalog_map_transition_candidates.py;tools/python/catalog_map_selectors.py;C4:8B6A;C4:8BE2
,,,,0xE5,6,0x77,vm_opcode_0x56_terminal,CD:CC30,,pack=0xE5;record=6;entry=0x77,,0xE5,0x05,cfg_t58_l196_v1,196,58,1,,,,,,bounded substream tail; destination record0 entry 0x05 exists,strong_candidate,"C4:8B6A handler for opcode 0x56 stores operand1 to $15D0/$0305, copies old $0305 to $15CF, stores operand2 to $13B8/$13B9, calls 81:837F, and advances three bytes; exact bounded tail ends in compact B0",canonical_rom_sha256=F6A345E2F07F0CBC4EFF7D4FF06AE88A814A98FDF100C7BF7351168C73916A98;tools/python/catalog_map_transition_candidates.py;tools/python/catalog_map_selectors.py;C4:8B6A;C4:8BE2
,,,,0xE5,7,0x77,vm_opcode_0x56_terminal,CD:CC3D,,pack=0xE5;record=7;entry=0x77,,0xE5,0x06,cfg_t58_l196_v1,196,58,1,,,,,,bounded substream tail; destination record0 entry 0x06 exists,strong_candidate,"C4:8B6A handler for opcode 0x56 stores operand1 to $15D0/$0305, copies old $0305 to $15CF, stores operand2 to $13B8/$13B9, calls 81:837F, and advances three bytes; exact bounded tail ends in compact B0",canonical_rom_sha256=F6A345E2F07F0CBC4EFF7D4FF06AE88A814A98FDF100C7BF7351168C73916A98;tools/python/catalog_map_transition_candidates.py;tools/python/catalog_map_selectors.py;C4:8B6A;C4:8BE2
,,,,0xE5,8,0x77,vm_opcode_0x56_terminal,CD:CC4A,,pack=0xE5;record=8;entry=0x77,,0xE6,0x02,cfg_t58_l196_v1,196,58,1,,,,,,bounded substream tail; destination record0 entry 0x02 exists,strong_candidate,"C4:8B6A handler for opcode 0x56 stores operand1 to $15D0/$0305, copies old $0305 to $15CF, stores operand2 to $13B8/$13B9, calls 81:837F, and advances three bytes; exact bounded tail ends in compact B0",canonical_rom_sha256=F6A345E2F07F0CBC4EFF7D4FF06AE88A814A98FDF100C7BF7351168C73916A98;tools/python/catalog_map_transition_candidates.py;tools/python/catalog_map_selectors.py;C4:8B6A;C4:8BE2
,,,,0xE6,1,0x77,vm_opcode_0x56_terminal,CD:CE00,,pack=0xE6;record=1;entry=0x77,,0xE5,0x09,cfg_t58_l196_v1,196,58,1,,,,,,bounded substream tail; destination record0 entry 0x09 exists,strong_candidate,"C4:8B6A handler for opcode 0x56 stores operand1 to $15D0/$0305, copies old $0305 to $15CF, stores operand2 to $13B8/$13B9, calls 81:837F, and advances three bytes; exact bounded tail ends in compact B0",canonical_rom_sha256=F6A345E2F07F0CBC4EFF7D4FF06AE88A814A98FDF100C7BF7351168C73916A98;tools/python/catalog_map_transition_candidates.py;tools/python/catalog_map_selectors.py;C4:8B6A;C4:8BE2
,,,,0xE6,2,0x89,vm_opcode_0x56_terminal,CD:CE12,,pack=0xE6;record=2;entry=0x89,,0xE6,0x0B,cfg_t58_l196_v1,196,58,1,,,,,,bounded substream tail; destination record0 entry 0x0B exists,strong_candidate,"C4:8B6A handler for opcode 0x56 stores operand1 to $15D0/$0305, copies old $0305 to $15CF, stores operand2 to $13B8/$13B9, calls 81:837F, and advances three bytes; exact bounded tail ends in compact B0",canonical_rom_sha256=F6A345E2F07F0CBC4EFF7D4FF06AE88A814A98FDF100C7BF7351168C73916A98;tools/python/catalog_map_transition_candidates.py;tools/python/catalog_map_selectors.py;C4:8B6A;C4:8BE2
,,,,0xE6,3,0x79,vm_opcode_0x56_terminal,CD:CE24,,pack=0xE6;record=3;entry=0x79,,0xE6,0x05,cfg_t58_l196_v1,196,58,1,,,,,,bounded substream tail; destination record0 entry 0x05 exists,strong_candidate,"C4:8B6A handler for opcode 0x56 stores operand1 to $15D0/$0305, copies old $0305 to $15CF, stores operand2 to $13B8/$13B9, calls 81:837F, and advances three bytes; exact bounded tail ends in compact B0",canonical_rom_sha256=F6A345E2F07F0CBC4EFF7D4FF06AE88A814A98FDF100C7BF7351168C73916A98;tools/python/catalog_map_transition_candidates.py;tools/python/catalog_map_selectors.py;C4:8B6A;C4:8BE2
,,,,0xE6,4,0x77,vm_opcode_0x56_terminal,CD:CE31,,pack=0xE6;record=4;entry=0x77,,0xE6,0x04,cfg_t58_l196_v1,196,58,1,,,,,,bounded substream tail; destination record0 entry 0x04 exists,strong_candidate,"C4:8B6A handler for opcode 0x56 stores operand1 to $15D0/$0305, copies old $0305 to $15CF, stores operand2 to $13B8/$13B9, calls 81:837F, and advances three bytes; exact bounded tail ends in compact B0",canonical_rom_sha256=F6A345E2F07F0CBC4EFF7D4FF06AE88A814A98FDF100C7BF7351168C73916A98;tools/python/catalog_map_transition_candidates.py;tools/python/catalog_map_selectors.py;C4:8B6A;C4:8BE2
,,,,0xE6,5,0x77,vm_opcode_0x56_terminal,CD:CE3E,,pack=0xE6;record=5;entry=0x77,,0xE7,0x02,cfg_t58_l196_v1,196,58,1,,,,,,bounded substream tail; destination record0 entry 0x02 exists,strong_candidate,"C4:8B6A handler for opcode 0x56 stores operand1 to $15D0/$0305, copies old $0305 to $15CF, stores operand2 to $13B8/$13B9, calls 81:837F, and advances three bytes; exact bounded tail ends in compact B0",canonical_rom_sha256=F6A345E2F07F0CBC4EFF7D4FF06AE88A814A98FDF100C7BF7351168C73916A98;tools/python/catalog_map_transition_candidates.py;tools/python/catalog_map_selectors.py;C4:8B6A;C4:8BE2
,,,,0xE6,6,0x6C,vm_opcode_0x56_terminal,CD:CF60,,pack=0xE6;record=6;entry=0x6C,,0xE6,0x03,cfg_t58_l196_v1,196,58,1,,,,,,bounded substream tail; destination record0 entry 0x03 exists,strong_candidate,"C4:8B6A handler for opcode 0x56 stores operand1 to $15D0/$0305, copies old $0305 to $15CF, stores operand2 to $13B8/$13B9, calls 81:837F, and advances three bytes; exact bounded tail ends in compact B0",canonical_rom_sha256=F6A345E2F07F0CBC4EFF7D4FF06AE88A814A98FDF100C7BF7351168C73916A98;tools/python/catalog_map_transition_candidates.py;tools/python/catalog_map_selectors.py;C4:8B6A;C4:8BE2
,,,,0xE6,12,0x7C,vm_opcode_0x56_terminal,CD:D2CA,,pack=0xE6;record=12;entry=0x7C,,0xE6,0x05,cfg_t58_l196_v1,196,58,1,,,,,,bounded substream tail; destination record0 entry 0x05 exists,strong_candidate,"C4:8B6A handler for opcode 0x56 stores operand1 to $15D0/$0305, copies old $0305 to $15CF, stores operand2 to $13B8/$13B9, calls 81:837F, and advances three bytes; exact bounded tail ends in compact B0",canonical_rom_sha256=F6A345E2F07F0CBC4EFF7D4FF06AE88A814A98FDF100C7BF7351168C73916A98;tools/python/catalog_map_transition_candidates.py;tools/python/catalog_map_selectors.py;C4:8B6A;C4:8BE2
,,,,0xE7,1,0x77,vm_opcode_0x56_terminal,CD:D6E3,,pack=0xE7;record=1;entry=0x77,,0xE6,0x06,cfg_t58_l196_v1,196,58,1,,,,,,bounded substream tail; destination record0 entry 0x06 exists,strong_candidate,"C4:8B6A handler for opcode 0x56 stores operand1 to $15D0/$0305, copies old $0305 to $15CF, stores operand2 to $13B8/$13B9, calls 81:837F, and advances three bytes; exact bounded tail ends in compact B0",canonical_rom_sha256=F6A345E2F07F0CBC4EFF7D4FF06AE88A814A98FDF100C7BF7351168C73916A98;tools/python/catalog_map_transition_candidates.py;tools/python/catalog_map_selectors.py;C4:8B6A;C4:8BE2
,,,,0xE7,2,0x77,vm_opcode_0x56_terminal,CD:D6F0,,pack=0xE7;record=2;entry=0x77,,0xE7,0x04,cfg_t58_l196_v1,196,58,1,,,,,,bounded substream tail; destination record0 entry 0x04 exists,strong_candidate,"C4:8B6A handler for opcode 0x56 stores operand1 to $15D0/$0305, copies old $0305 to $15CF, stores operand2 to $13B8/$13B9, calls 81:837F, and advances three bytes; exact bounded tail ends in compact B0",canonical_rom_sha256=F6A345E2F07F0CBC4EFF7D4FF06AE88A814A98FDF100C7BF7351168C73916A98;tools/python/catalog_map_transition_candidates.py;tools/python/catalog_map_selectors.py;C4:8B6A;C4:8BE2
,,,,0xE7,3,0x77,vm_opcode_0x56_terminal,CD:D6FD,,pack=0xE7;record=3;entry=0x77,,0xE7,0x03,cfg_t58_l196_v1,196,58,1,,,,,,bounded substream tail; destination record0 entry 0x03 exists,strong_candidate,"C4:8B6A handler for opcode 0x56 stores operand1 to $15D0/$0305, copies old $0305 to $15CF, stores operand2 to $13B8/$13B9, calls 81:837F, and advances three bytes; exact bounded tail ends in compact B0",canonical_rom_sha256=F6A345E2F07F0CBC4EFF7D4FF06AE88A814A98FDF100C7BF7351168C73916A98;tools/python/catalog_map_transition_candidates.py;tools/python/catalog_map_selectors.py;C4:8B6A;C4:8BE2
,,,,0xE7,4,0x77,vm_opcode_0x56_terminal,CD:D70A,,pack=0xE7;record=4;entry=0x77,,0xE7,0x06,cfg_t58_l196_v1,196,58,1,,,,,,bounded substream tail; destination record0 entry 0x06 exists,strong_candidate,"C4:8B6A handler for opcode 0x56 stores operand1 to $15D0/$0305, copies old $0305 to $15CF, stores operand2 to $13B8/$13B9, calls 81:837F, and advances three bytes; exact bounded tail ends in compact B0",canonical_rom_sha256=F6A345E2F07F0CBC4EFF7D4FF06AE88A814A98FDF100C7BF7351168C73916A98;tools/python/catalog_map_transition_candidates.py;tools/python/catalog_map_selectors.py;C4:8B6A;C4:8BE2
,,,,0xE7,5,0x77,vm_opcode_0x56_terminal,CD:D717,,pack=0xE7;record=5;entry=0x77,,0xE7,0x05,cfg_t58_l196_v1,196,58,1,,,,,,bounded substream tail; destination record0 entry 0x05 exists,strong_candidate,"C4:8B6A handler for opcode 0x56 stores operand1 to $15D0/$0305, copies old $0305 to $15CF, stores operand2 to $13B8/$13B9, calls 81:837F, and advances three bytes; exact bounded tail ends in compact B0",canonical_rom_sha256=F6A345E2F07F0CBC4EFF7D4FF06AE88A814A98FDF100C7BF7351168C73916A98;tools/python/catalog_map_transition_candidates.py;tools/python/catalog_map_selectors.py;C4:8B6A;C4:8BE2
,,,,0xE7,6,0x77,vm_opcode_0x56_terminal,CD:D724,,pack=0xE7;record=6;entry=0x77,,0xE7,0x08,cfg_t58_l196_v1,196,58,1,,,,,,bounded substream tail; destination record0 entry 0x08 exists,strong_candidate,"C4:8B6A handler for opcode 0x56 stores operand1 to $15D0/$0305, copies old $0305 to $15CF, stores operand2 to $13B8/$13B9, calls 81:837F, and advances three bytes; exact bounded tail ends in compact B0",canonical_rom_sha256=F6A345E2F07F0CBC4EFF7D4FF06AE88A814A98FDF100C7BF7351168C73916A98;tools/python/catalog_map_transition_candidates.py;tools/python/catalog_map_selectors.py;C4:8B6A;C4:8BE2
,,,,0xE7,7,0x77,vm_opcode_0x56_terminal,CD:D731,,pack=0xE7;record=7;entry=0x77,,0xE7,0x07,cfg_t58_l196_v1,196,58,1,,,,,,bounded substream tail; destination record0 entry 0x07 exists,strong_candidate,"C4:8B6A handler for opcode 0x56 stores operand1 to $15D0/$0305, copies old $0305 to $15CF, stores operand2 to $13B8/$13B9, calls 81:837F, and advances three bytes; exact bounded tail ends in compact B0",canonical_rom_sha256=F6A345E2F07F0CBC4EFF7D4FF06AE88A814A98FDF100C7BF7351168C73916A98;tools/python/catalog_map_transition_candidates.py;tools/python/catalog_map_selectors.py;C4:8B6A;C4:8BE2
,,,,0xE7,8,0x77,vm_opcode_0x56_terminal,CD:D73E,,pack=0xE7;record=8;entry=0x77,,0xE7,0x0A,cfg_t58_l196_v1,196,58,1,,,,,,bounded substream tail; destination record0 entry 0x0A exists,strong_candidate,"C4:8B6A handler for opcode 0x56 stores operand1 to $15D0/$0305, copies old $0305 to $15CF, stores operand2 to $13B8/$13B9, calls 81:837F, and advances three bytes; exact bounded tail ends in compact B0",canonical_rom_sha256=F6A345E2F07F0CBC4EFF7D4FF06AE88A814A98FDF100C7BF7351168C73916A98;tools/python/catalog_map_transition_candidates.py;tools/python/catalog_map_selectors.py;C4:8B6A;C4:8BE2
,,,,0xE7,9,0x77,vm_opcode_0x56_terminal,CD:D74B,,pack=0xE7;record=9;entry=0x77,,0xE7,0x09,cfg_t58_l196_v1,196,58,1,,,,,,bounded substream tail; destination record0 entry 0x09 exists,strong_candidate,"C4:8B6A handler for opcode 0x56 stores operand1 to $15D0/$0305, copies old $0305 to $15CF, stores operand2 to $13B8/$13B9, calls 81:837F, and advances three bytes; exact bounded tail ends in compact B0",canonical_rom_sha256=F6A345E2F07F0CBC4EFF7D4FF06AE88A814A98FDF100C7BF7351168C73916A98;tools/python/catalog_map_transition_candidates.py;tools/python/catalog_map_selectors.py;C4:8B6A;C4:8BE2
,,,,0xE7,10,0x77,vm_opcode_0x56_terminal,CD:D758,,pack=0xE7;record=10;entry=0x77,,0xE7,0x0C,cfg_t58_l196_v1,196,58,1,,,,,,bounded substream tail; destination record0 entry 0x0C exists,strong_candidate,"C4:8B6A handler for opcode 0x56 stores operand1 to $15D0/$0305, copies old $0305 to $15CF, stores operand2 to $13B8/$13B9, calls 81:837F, and advances three bytes; exact bounded tail ends in compact B0",canonical_rom_sha256=F6A345E2F07F0CBC4EFF7D4FF06AE88A814A98FDF100C7BF7351168C73916A98;tools/python/catalog_map_transition_candidates.py;tools/python/catalog_map_selectors.py;C4:8B6A;C4:8BE2
,,,,0xE7,11,0x77,vm_opcode_0x56_terminal,CD:D765,,pack=0xE7;record=11;entry=0x77,,0xE7,0x0B,cfg_t58_l196_v1,196,58,1,,,,,,bounded substream tail; destination record0 entry 0x0B exists,strong_candidate,"C4:8B6A handler for opcode 0x56 stores operand1 to $15D0/$0305, copies old $0305 to $15CF, stores operand2 to $13B8/$13B9, calls 81:837F, and advances three bytes; exact bounded tail ends in compact B0",canonical_rom_sha256=F6A345E2F07F0CBC4EFF7D4FF06AE88A814A98FDF100C7BF7351168C73916A98;tools/python/catalog_map_transition_candidates.py;tools/python/catalog_map_selectors.py;C4:8B6A;C4:8BE2
,,,,0xE7,12,0x77,vm_opcode_0x56_terminal,CD:D772,,pack=0xE7;record=12;entry=0x77,,0xE7,0x0E,cfg_t58_l196_v1,196,58,1,,,,,,bounded substream tail; destination record0 entry 0x0E exists,strong_candidate,"C4:8B6A handler for opcode 0x56 stores operand1 to $15D0/$0305, copies old $0305 to $15CF, stores operand2 to $13B8/$13B9, calls 81:837F, and advances three bytes; exact bounded tail ends in compact B0",canonical_rom_sha256=F6A345E2F07F0CBC4EFF7D4FF06AE88A814A98FDF100C7BF7351168C73916A98;tools/python/catalog_map_transition_candidates.py;tools/python/catalog_map_selectors.py;C4:8B6A;C4:8BE2
,,,,0xE7,13,0x77,vm_opcode_0x56_terminal,CD:D77F,,pack=0xE7;record=13;entry=0x77,,0xE7,0x0D,cfg_t58_l196_v1,196,58,1,,,,,,bounded substream tail; destination record0 entry 0x0D exists,strong_candidate,"C4:8B6A handler for opcode 0x56 stores operand1 to $15D0/$0305, copies old $0305 to $15CF, stores operand2 to $13B8/$13B9, calls 81:837F, and advances three bytes; exact bounded tail ends in compact B0",canonical_rom_sha256=F6A345E2F07F0CBC4EFF7D4FF06AE88A814A98FDF100C7BF7351168C73916A98;tools/python/catalog_map_transition_candidates.py;tools/python/catalog_map_selectors.py;C4:8B6A;C4:8BE2
,,,,0xE7,14,0x77,vm_opcode_0x56_terminal,CD:D78C,,pack=0xE7;record=14;entry=0x77,,0xE4,0x03,cfg_t58_l196_v1,196,58,1,,,,,,bounded substream tail; destination record0 entry 0x03 exists,strong_candidate,"C4:8B6A handler for opcode 0x56 stores operand1 to $15D0/$0305, copies old $0305 to $15CF, stores operand2 to $13B8/$13B9, calls 81:837F, and advances three bytes; exact bounded tail ends in compact B0",canonical_rom_sha256=F6A345E2F07F0CBC4EFF7D4FF06AE88A814A98FDF100C7BF7351168C73916A98;tools/python/catalog_map_transition_candidates.py;tools/python/catalog_map_selectors.py;C4:8B6A;C4:8BE2
,,,,0xE9,2,0x77,vm_opcode_0x56_terminal,CD:DA2B,,pack=0xE9;record=2;entry=0x77,,0xE9,0x04,cfg_t31_l142_v2,142,31,2,,,,,,bounded substream tail; destination record0 entry 0x04 exists,strong_candidate,"C4:8B6A handler for opcode 0x56 stores operand1 to $15D0/$0305, copies old $0305 to $15CF, stores operand2 to $13B8/$13B9, calls 81:837F, and advances three bytes; exact bounded tail ends in compact B0",canonical_rom_sha256=F6A345E2F07F0CBC4EFF7D4FF06AE88A814A98FDF100C7BF7351168C73916A98;tools/python/catalog_map_transition_candidates.py;tools/python/catalog_map_selectors.py;C4:8B6A;C4:8BE2
,,,,0xE9,3,0x77,vm_opcode_0x56_terminal,CD:DA38,,pack=0xE9;record=3;entry=0x77,,0xE9,0x03,cfg_t31_l142_v2,142,31,2,,,,,,bounded substream tail; destination record0 entry 0x03 exists,strong_candidate,"C4:8B6A handler for opcode 0x56 stores operand1 to $15D0/$0305, copies old $0305 to $15CF, stores operand2 to $13B8/$13B9, calls 81:837F, and advances three bytes; exact bounded tail ends in compact B0",canonical_rom_sha256=F6A345E2F07F0CBC4EFF7D4FF06AE88A814A98FDF100C7BF7351168C73916A98;tools/python/catalog_map_transition_candidates.py;tools/python/catalog_map_selectors.py;C4:8B6A;C4:8BE2
,,,,0xE9,4,0x77,vm_opcode_0x56_terminal,CD:DA45,,pack=0xE9;record=4;entry=0x77,,0xE9,0x08,cfg_t31_l142_v2,142,31,2,,,,,,bounded substream tail; destination record0 entry 0x08 exists,strong_candidate,"C4:8B6A handler for opcode 0x56 stores operand1 to $15D0/$0305, copies old $0305 to $15CF, stores operand2 to $13B8/$13B9, calls 81:837F, and advances three bytes; exact bounded tail ends in compact B0",canonical_rom_sha256=F6A345E2F07F0CBC4EFF7D4FF06AE88A814A98FDF100C7BF7351168C73916A98;tools/python/catalog_map_transition_candidates.py;tools/python/catalog_map_selectors.py;C4:8B6A;C4:8BE2
,,,,0xE9,5,0x77,vm_opcode_0x56_terminal,CD:DA52,,pack=0xE9;record=5;entry=0x77,,0xE9,0x09,cfg_t31_l142_v2,142,31,2,,,,,,bounded substream tail; destination record0 entry 0x09 exists,strong_candidate,"C4:8B6A handler for opcode 0x56 stores operand1 to $15D0/$0305, copies old $0305 to $15CF, stores operand2 to $13B8/$13B9, calls 81:837F, and advances three bytes; exact bounded tail ends in compact B0",canonical_rom_sha256=F6A345E2F07F0CBC4EFF7D4FF06AE88A814A98FDF100C7BF7351168C73916A98;tools/python/catalog_map_transition_candidates.py;tools/python/catalog_map_selectors.py;C4:8B6A;C4:8BE2
,,,,0xE9,6,0x77,vm_opcode_0x56_terminal,CD:DA5F,,pack=0xE9;record=6;entry=0x77,,0xE9,0x0A,cfg_t31_l142_v2,142,31,2,,,,,,bounded substream tail; destination record0 entry 0x0A exists,strong_candidate,"C4:8B6A handler for opcode 0x56 stores operand1 to $15D0/$0305, copies old $0305 to $15CF, stores operand2 to $13B8/$13B9, calls 81:837F, and advances three bytes; exact bounded tail ends in compact B0",canonical_rom_sha256=F6A345E2F07F0CBC4EFF7D4FF06AE88A814A98FDF100C7BF7351168C73916A98;tools/python/catalog_map_transition_candidates.py;tools/python/catalog_map_selectors.py;C4:8B6A;C4:8BE2
,,,,0xE9,7,0x77,vm_opcode_0x56_terminal,CD:DA6C,,pack=0xE9;record=7;entry=0x77,,0xE9,0x05,cfg_t31_l142_v2,142,31,2,,,,,,bounded substream tail; destination record0 entry 0x05 exists,strong_candidate,"C4:8B6A handler for opcode 0x56 stores operand1 to $15D0/$0305, copies old $0305 to $15CF, stores operand2 to $13B8/$13B9, calls 81:837F, and advances three bytes; exact bounded tail ends in compact B0",canonical_rom_sha256=F6A345E2F07F0CBC4EFF7D4FF06AE88A814A98FDF100C7BF7351168C73916A98;tools/python/catalog_map_transition_candidates.py;tools/python/catalog_map_selectors.py;C4:8B6A;C4:8BE2
,,,,0xE9,8,0x77,vm_opcode_0x56_terminal,CD:DA79,,pack=0xE9;record=8;entry=0x77,,0xE9,0x06,cfg_t31_l142_v2,142,31,2,,,,,,bounded substream tail; destination record0 entry 0x06 exists,strong_candidate,"C4:8B6A handler for opcode 0x56 stores operand1 to $15D0/$0305, copies old $0305 to $15CF, stores operand2 to $13B8/$13B9, calls 81:837F, and advances three bytes; exact bounded tail ends in compact B0",canonical_rom_sha256=F6A345E2F07F0CBC4EFF7D4FF06AE88A814A98FDF100C7BF7351168C73916A98;tools/python/catalog_map_transition_candidates.py;tools/python/catalog_map_selectors.py;C4:8B6A;C4:8BE2
,,,,0xE9,9,0x77,vm_opcode_0x56_terminal,CD:DA86,,pack=0xE9;record=9;entry=0x77,,0xE9,0x07,cfg_t31_l142_v2,142,31,2,,,,,,bounded substream tail; destination record0 entry 0x07 exists,strong_candidate,"C4:8B6A handler for opcode 0x56 stores operand1 to $15D0/$0305, copies old $0305 to $15CF, stores operand2 to $13B8/$13B9, calls 81:837F, and advances three bytes; exact bounded tail ends in compact B0",canonical_rom_sha256=F6A345E2F07F0CBC4EFF7D4FF06AE88A814A98FDF100C7BF7351168C73916A98;tools/python/catalog_map_transition_candidates.py;tools/python/catalog_map_selectors.py;C4:8B6A;C4:8BE2
,,,,0xEB,2,0x77,vm_opcode_0x56_terminal,CD:DF5A,,pack=0xEB;record=2;entry=0x77,,0xEB,0x04,cfg_t46_l170_v2,170,46,2,76,18,76,18,CD:DF10,bounded substream tail; destination record0 entry 0x04 exists; destination entry has aligned 0x58 coordinate setter at CD:DF10,strong_candidate,"C4:8B6A handler for opcode 0x56 stores operand1 to $15D0/$0305, copies old $0305 to $15CF, stores operand2 to $13B8/$13B9, calls 81:837F, and advances three bytes; exact bounded tail ends in compact B0; C4:8BE2 opcode 0x58 writes destination entry operands to $1573/$157D/$15C3/$15C4",canonical_rom_sha256=F6A345E2F07F0CBC4EFF7D4FF06AE88A814A98FDF100C7BF7351168C73916A98;tools/python/catalog_map_transition_candidates.py;tools/python/catalog_map_selectors.py;C4:8B6A;C4:8BE2
,,,,0xEB,3,0x77,vm_opcode_0x56_terminal,CD:DF69,,pack=0xEB;record=3;entry=0x77,,0xEB,0x03,cfg_t46_l170_v2,170,46,2,103,2,103,2,CD:DEF6,bounded substream tail; destination record0 entry 0x03 exists; destination entry has aligned 0x58 coordinate setter at CD:DEF6,strong_candidate,"C4:8B6A handler for opcode 0x56 stores operand1 to $15D0/$0305, copies old $0305 to $15CF, stores operand2 to $13B8/$13B9, calls 81:837F, and advances three bytes; exact bounded tail ends in compact B0; C4:8BE2 opcode 0x58 writes destination entry operands to $1573/$157D/$15C3/$15C4",canonical_rom_sha256=F6A345E2F07F0CBC4EFF7D4FF06AE88A814A98FDF100C7BF7351168C73916A98;tools/python/catalog_map_transition_candidates.py;tools/python/catalog_map_selectors.py;C4:8B6A;C4:8BE2
,,,,0xEB,4,0x6C,vm_opcode_0x56_terminal,CD:E04B,,pack=0xEB;record=4;entry=0x6C,,0x76,0x0B,cfg_t50_l178_v1,178,50,1,,,,,,bounded substream tail; destination record0 entry 0x0B exists,strong_candidate,"C4:8B6A handler for opcode 0x56 stores operand1 to $15D0/$0305, copies old $0305 to $15CF, stores operand2 to $13B8/$13B9, calls 81:837F, and advances three bytes; exact bounded tail ends in compact B0",canonical_rom_sha256=F6A345E2F07F0CBC4EFF7D4FF06AE88A814A98FDF100C7BF7351168C73916A98;tools/python/catalog_map_transition_candidates.py;tools/python/catalog_map_selectors.py;C4:8B6A;C4:8BE2
,,,,0xED,1,0x25,vm_opcode_0x56_terminal,CD:E344,,pack=0xED;record=1;entry=0x25,,0xED,0x03,,,,,15,13,15,13,CD:E2DA,bounded substream tail; destination record0 entry 0x03 exists; destination entry has aligned 0x58 coordinate setter at CD:E2DA,strong_candidate,"C4:8B6A handler for opcode 0x56 stores operand1 to $15D0/$0305, copies old $0305 to $15CF, stores operand2 to $13B8/$13B9, calls 81:837F, and advances three bytes; exact bounded tail ends in compact B0; C4:8BE2 opcode 0x58 writes destination entry operands to $1573/$157D/$15C3/$15C4",canonical_rom_sha256=F6A345E2F07F0CBC4EFF7D4FF06AE88A814A98FDF100C7BF7351168C73916A98;tools/python/catalog_map_transition_candidates.py;tools/python/catalog_map_selectors.py;C4:8B6A;C4:8BE2
,,,,0xED,2,0x26,vm_opcode_0x56_terminal,CD:E508,,pack=0xED;record=2;entry=0x26,,0xED,0x0B,,,,,,,,,,bounded substream tail; destination record0 entry 0x0B exists,strong_candidate,"C4:8B6A handler for opcode 0x56 stores operand1 to $15D0/$0305, copies old $0305 to $15CF, stores operand2 to $13B8/$13B9, calls 81:837F, and advances three bytes; exact bounded tail ends in compact B0",canonical_rom_sha256=F6A345E2F07F0CBC4EFF7D4FF06AE88A814A98FDF100C7BF7351168C73916A98;tools/python/catalog_map_transition_candidates.py;tools/python/catalog_map_selectors.py;C4:8B6A;C4:8BE2
,,,,0xED,14,0x2A,vm_opcode_0x56_terminal,CD:E74B,,pack=0xED;record=14;entry=0x2A,,0x4E,0x03,cfg_t07_l007_v2,7,7,2,,,,,,bounded substream tail; destination record0 entry 0x03 exists,strong_candidate,"C4:8B6A handler for opcode 0x56 stores operand1 to $15D0/$0305, copies old $0305 to $15CF, stores operand2 to $13B8/$13B9, calls 81:837F, and advances three bytes; exact bounded tail ends in compact B0",canonical_rom_sha256=F6A345E2F07F0CBC4EFF7D4FF06AE88A814A98FDF100C7BF7351168C73916A98;tools/python/catalog_map_transition_candidates.py;tools/python/catalog_map_selectors.py;C4:8B6A;C4:8BE2
,,,,0xED,19,0x2B,vm_opcode_0x56_terminal,CD:E833,,pack=0xED;record=19;entry=0x2B,,0x50,0x0B,cfg_t04_l008_v2,8,4,2,34,49,34,49,CC:1C68,bounded substream tail; destination record0 entry 0x0B exists; destination entry has aligned 0x58 coordinate setter at CC:1C68,strong_candidate,"C4:8B6A handler for opcode 0x56 stores operand1 to $15D0/$0305, copies old $0305 to $15CF, stores operand2 to $13B8/$13B9, calls 81:837F, and advances three bytes; exact bounded tail ends in compact B0; C4:8BE2 opcode 0x58 writes destination entry operands to $1573/$157D/$15C3/$15C4",canonical_rom_sha256=F6A345E2F07F0CBC4EFF7D4FF06AE88A814A98FDF100C7BF7351168C73916A98;tools/python/catalog_map_transition_candidates.py;tools/python/catalog_map_selectors.py;C4:8B6A;C4:8BE2
,,,,0xED,20,0x29,vm_opcode_0x56_terminal,CD:E854,,pack=0xED;record=20;entry=0x29,,0xED,0x08,,,,,59,238,59,238,CD:E2F7,bounded substream tail; destination record0 entry 0x08 exists; destination entry has aligned 0x58 coordinate setter at CD:E2F7,strong_candidate,"C4:8B6A handler for opcode 0x56 stores operand1 to $15D0/$0305, copies old $0305 to $15CF, stores operand2 to $13B8/$13B9, calls 81:837F, and advances three bytes; exact bounded tail ends in compact B0; C4:8BE2 opcode 0x58 writes destination entry operands to $1573/$157D/$15C3/$15C4",canonical_rom_sha256=F6A345E2F07F0CBC4EFF7D4FF06AE88A814A98FDF100C7BF7351168C73916A98;tools/python/catalog_map_transition_candidates.py;tools/python/catalog_map_selectors.py;C4:8B6A;C4:8BE2
,,,,0xED,24,0x2E,vm_opcode_0x56_terminal,CD:E8A8,,pack=0xED;record=24;entry=0x2E,,0xCF,0x0D,,,,,28,52,28,52,CD:937C,bounded substream tail; destination record0 entry 0x0D exists; destination entry has aligned 0x58 coordinate setter at CD:937C,strong_candidate,"C4:8B6A handler for opcode 0x56 stores operand1 to $15D0/$0305, copies old $0305 to $15CF, stores operand2 to $13B8/$13B9, calls 81:837F, and advances three bytes; exact bounded tail ends in compact B0; C4:8BE2 opcode 0x58 writes destination entry operands to $1573/$157D/$15C3/$15C4",canonical_rom_sha256=F6A345E2F07F0CBC4EFF7D4FF06AE88A814A98FDF100C7BF7351168C73916A98;tools/python/catalog_map_transition_candidates.py;tools/python/catalog_map_selectors.py;C4:8B6A;C4:8BE2
,,,,0xED,25,0x3B,vm_opcode_0x56_terminal,CD:E8C9,,pack=0xED;record=25;entry=0x3B,,0x4C,0x18,,,,,,,,,,bounded substream tail; destination record0 entry 0x18 exists,strong_candidate,"C4:8B6A handler for opcode 0x56 stores operand1 to $15D0/$0305, copies old $0305 to $15CF, stores operand2 to $13B8/$13B9, calls 81:837F, and advances three bytes; exact bounded tail ends in compact B0",canonical_rom_sha256=F6A345E2F07F0CBC4EFF7D4FF06AE88A814A98FDF100C7BF7351168C73916A98;tools/python/catalog_map_transition_candidates.py;tools/python/catalog_map_selectors.py;C4:8B6A;C4:8BE2
,,,,0xEE,1,0x25,vm_opcode_0x56_terminal,CD:E9F2,,pack=0xEE;record=1;entry=0x25,,0xEE,0x03,,,,,0,0,0,0,CD:E94E,bounded substream tail; destination record0 entry 0x03 exists; destination entry has aligned 0x58 coordinate setter at CD:E94E,strong_candidate,"C4:8B6A handler for opcode 0x56 stores operand1 to $15D0/$0305, copies old $0305 to $15CF, stores operand2 to $13B8/$13B9, calls 81:837F, and advances three bytes; exact bounded tail ends in compact B0; C4:8BE2 opcode 0x58 writes destination entry operands to $1573/$157D/$15C3/$15C4",canonical_rom_sha256=F6A345E2F07F0CBC4EFF7D4FF06AE88A814A98FDF100C7BF7351168C73916A98;tools/python/catalog_map_transition_candidates.py;tools/python/catalog_map_selectors.py;C4:8B6A;C4:8BE2
,,,,0xEE,2,0x26,vm_opcode_0x56_terminal,CD:EA46,,pack=0xEE;record=2;entry=0x26,,0xF5,0x08,cfg_t50_l178_v1,178,50,1,,,,,,bounded substream tail; destination record0 entry 0x08 exists,strong_candidate,"C4:8B6A handler for opcode 0x56 stores operand1 to $15D0/$0305, copies old $0305 to $15CF, stores operand2 to $13B8/$13B9, calls 81:837F, and advances three bytes; exact bounded tail ends in compact B0",canonical_rom_sha256=F6A345E2F07F0CBC4EFF7D4FF06AE88A814A98FDF100C7BF7351168C73916A98;tools/python/catalog_map_transition_candidates.py;tools/python/catalog_map_selectors.py;C4:8B6A;C4:8BE2
,,,,0xEE,4,0x28,vm_opcode_0x56_terminal,CD:EB15,,pack=0xEE;record=4;entry=0x28,,0xEE,0x0D,,,,,15,12,15,12,CD:ED4E,bounded substream tail; destination pack-wide unique entry 0x0D exists in record 9; destination entry has aligned 0x58 coordinate setter at CD:ED4E,strong_candidate,"C4:8B6A handler for opcode 0x56 stores operand1 to $15D0/$0305, copies old $0305 to $15CF, stores operand2 to $13B8/$13B9, calls 81:837F, and advances three bytes; exact bounded tail ends in compact B0; C4:8BE2 opcode 0x58 writes destination entry operands to $1573/$157D/$15C3/$15C4",canonical_rom_sha256=F6A345E2F07F0CBC4EFF7D4FF06AE88A814A98FDF100C7BF7351168C73916A98;tools/python/catalog_map_transition_candidates.py;tools/python/catalog_map_selectors.py;C4:8B6A;C4:8BE2
,,,,0xEE,5,0x2B,vm_opcode_0x56_terminal,CD:EB54,,pack=0xEE;record=5;entry=0x2B,,0xEE,0x05,,,,,,,,,,bounded substream tail; destination record0 entry 0x05 exists,strong_candidate,"C4:8B6A handler for opcode 0x56 stores operand1 to $15D0/$0305, copies old $0305 to $15CF, stores operand2 to $13B8/$13B9, calls 81:837F, and advances three bytes; exact bounded tail ends in compact B0",canonical_rom_sha256=F6A345E2F07F0CBC4EFF7D4FF06AE88A814A98FDF100C7BF7351168C73916A98;tools/python/catalog_map_transition_candidates.py;tools/python/catalog_map_selectors.py;C4:8B6A;C4:8BE2
,,,,0xEE,8,0x82,vm_opcode_0x56_terminal,CD:EC8D,,pack=0xEE;record=8;entry=0x82,,0xEE,0x02,,,,,7,121,7,121,CD:E948,bounded substream tail; destination record0 entry 0x02 exists; destination entry has aligned 0x58 coordinate setter at CD:E948,strong_candidate,"C4:8B6A handler for opcode 0x56 stores operand1 to $15D0/$0305, copies old $0305 to $15CF, stores operand2 to $13B8/$13B9, calls 81:837F, and advances three bytes; exact bounded tail ends in compact B0; C4:8BE2 opcode 0x58 writes destination entry operands to $1573/$157D/$15C3/$15C4",canonical_rom_sha256=F6A345E2F07F0CBC4EFF7D4FF06AE88A814A98FDF100C7BF7351168C73916A98;tools/python/catalog_map_transition_candidates.py;tools/python/catalog_map_selectors.py;C4:8B6A;C4:8BE2
,,,,0xEE,9,0x30,vm_opcode_0x56_terminal,CD:EE90,,pack=0xEE;record=9;entry=0x30,,0xF6,0x04,,,,,17,26,17,26,CE:0BEF,bounded substream tail; destination record0 entry 0x04 exists; destination entry has aligned 0x58 coordinate setter at CE:0BEF,strong_candidate,"C4:8B6A handler for opcode 0x56 stores operand1 to $15D0/$0305, copies old $0305 to $15CF, stores operand2 to $13B8/$13B9, calls 81:837F, and advances three bytes; exact bounded tail ends in compact B0; C4:8BE2 opcode 0x58 writes destination entry operands to $1573/$157D/$15C3/$15C4",canonical_rom_sha256=F6A345E2F07F0CBC4EFF7D4FF06AE88A814A98FDF100C7BF7351168C73916A98;tools/python/catalog_map_transition_candidates.py;tools/python/catalog_map_selectors.py;C4:8B6A;C4:8BE2
,,,,0xEF,1,0x6C,vm_opcode_0x56_terminal,CD:F00E,,pack=0xEF;record=1;entry=0x6C,,0xEF,0x11,,,,,15,33,15,33,CD:EF77,bounded substream tail; destination record0 entry 0x11 exists; destination entry has aligned 0x58 coordinate setter at CD:EF77,strong_candidate,"C4:8B6A handler for opcode 0x56 stores operand1 to $15D0/$0305, copies old $0305 to $15CF, stores operand2 to $13B8/$13B9, calls 81:837F, and advances three bytes; exact bounded tail ends in compact B0; C4:8BE2 opcode 0x58 writes destination entry operands to $1573/$157D/$15C3/$15C4",canonical_rom_sha256=F6A345E2F07F0CBC4EFF7D4FF06AE88A814A98FDF100C7BF7351168C73916A98;tools/python/catalog_map_transition_candidates.py;tools/python/catalog_map_selectors.py;C4:8B6A;C4:8BE2
,,,,0xEF,11,0x30,vm_opcode_0x56_terminal,CD:F2FE,,pack=0xEF;record=11;entry=0x30,,0x6D,0x04,cfg_t05_l077_v2,77,5,2,31,14,31,14,CC:62C2,bounded substream tail; destination record0 entry 0x04 exists; destination entry has aligned 0x58 coordinate setter at CC:62C2,strong_candidate,"C4:8B6A handler for opcode 0x56 stores operand1 to $15D0/$0305, copies old $0305 to $15CF, stores operand2 to $13B8/$13B9, calls 81:837F, and advances three bytes; exact bounded tail ends in compact B0; C4:8BE2 opcode 0x58 writes destination entry operands to $1573/$157D/$15C3/$15C4",canonical_rom_sha256=F6A345E2F07F0CBC4EFF7D4FF06AE88A814A98FDF100C7BF7351168C73916A98;tools/python/catalog_map_transition_candidates.py;tools/python/catalog_map_selectors.py;C4:8B6A;C4:8BE2
,,,,0xEF,15,0x34,vm_opcode_0x56_terminal,CD:F5BF,,pack=0xEF;record=15;entry=0x34,,0x70,0x06,cfg_t04_l045_v2,45,4,2,45,55,45,55,CC:6DDB,bounded substream tail; destination record0 entry 0x06 exists; destination entry has aligned 0x58 coordinate setter at CC:6DDB,strong_candidate,"C4:8B6A handler for opcode 0x56 stores operand1 to $15D0/$0305, copies old $0305 to $15CF, stores operand2 to $13B8/$13B9, calls 81:837F, and advances three bytes; exact bounded tail ends in compact B0; C4:8BE2 opcode 0x58 writes destination entry operands to $1573/$157D/$15C3/$15C4",canonical_rom_sha256=F6A345E2F07F0CBC4EFF7D4FF06AE88A814A98FDF100C7BF7351168C73916A98;tools/python/catalog_map_transition_candidates.py;tools/python/catalog_map_selectors.py;C4:8B6A;C4:8BE2
,,,,0xF0,4,0x26,vm_opcode_0x56_terminal,CD:F755,,pack=0xF0;record=4;entry=0x26,,0xF0,0x04,cfg_t06_l037_v2,37,6,2,59,155,59,155,CD:F69E,bounded substream tail; destination record0 entry 0x04 exists; destination entry has aligned 0x58 coordinate setter at CD:F69E,strong_candidate,"C4:8B6A handler for opcode 0x56 stores operand1 to $15D0/$0305, copies old $0305 to $15CF, stores operand2 to $13B8/$13B9, calls 81:837F, and advances three bytes; exact bounded tail ends in compact B0; C4:8BE2 opcode 0x58 writes destination entry operands to $1573/$157D/$15C3/$15C4",canonical_rom_sha256=F6A345E2F07F0CBC4EFF7D4FF06AE88A814A98FDF100C7BF7351168C73916A98;tools/python/catalog_map_transition_candidates.py;tools/python/catalog_map_selectors.py;C4:8B6A;C4:8BE2
,,,,0xF0,5,0x27,vm_opcode_0x56_terminal,CD:F78D,,pack=0xF0;record=5;entry=0x27,,0xF0,0x05,cfg_t06_l037_v2,37,6,2,45,115,45,115,CD:F6A4,bounded substream tail; destination record0 entry 0x05 exists; destination entry has aligned 0x58 coordinate setter at CD:F6A4,strong_candidate,"C4:8B6A handler for opcode 0x56 stores operand1 to $15D0/$0305, copies old $0305 to $15CF, stores operand2 to $13B8/$13B9, calls 81:837F, and advances three bytes; exact bounded tail ends in compact B0; C4:8BE2 opcode 0x58 writes destination entry operands to $1573/$157D/$15C3/$15C4",canonical_rom_sha256=F6A345E2F07F0CBC4EFF7D4FF06AE88A814A98FDF100C7BF7351168C73916A98;tools/python/catalog_map_transition_candidates.py;tools/python/catalog_map_selectors.py;C4:8B6A;C4:8BE2
,,,,0xF0,5,0x28,vm_opcode_0x56_terminal,CD:F79A,,pack=0xF0;record=5;entry=0x28,,0xF0,0x08,cfg_t06_l037_v2,37,6,2,80,187,80,187,CD:F6B0,bounded substream tail; destination record0 entry 0x08 exists; destination entry has aligned 0x58 coordinate setter at CD:F6B0,strong_candidate,"C4:8B6A handler for opcode 0x56 stores operand1 to $15D0/$0305, copies old $0305 to $15CF, stores operand2 to $13B8/$13B9, calls 81:837F, and advances three bytes; exact bounded tail ends in compact B0; C4:8BE2 opcode 0x58 writes destination entry operands to $1573/$157D/$15C3/$15C4",canonical_rom_sha256=F6A345E2F07F0CBC4EFF7D4FF06AE88A814A98FDF100C7BF7351168C73916A98;tools/python/catalog_map_transition_candidates.py;tools/python/catalog_map_selectors.py;C4:8B6A;C4:8BE2
,,,,0xF0,5,0x2B,vm_opcode_0x56_terminal,CD:F7A7,,pack=0xF0;record=5;entry=0x2B,,0xF0,0x06,cfg_t06_l037_v2,37,6,2,54,237,54,237,CD:F6AA,bounded substream tail; destination record0 entry 0x06 exists; destination entry has aligned 0x58 coordinate setter at CD:F6AA,strong_candidate,"C4:8B6A handler for opcode 0x56 stores operand1 to $15D0/$0305, copies old $0305 to $15CF, stores operand2 to $13B8/$13B9, calls 81:837F, and advances three bytes; exact bounded tail ends in compact B0; C4:8BE2 opcode 0x58 writes destination entry operands to $1573/$157D/$15C3/$15C4",canonical_rom_sha256=F6A345E2F07F0CBC4EFF7D4FF06AE88A814A98FDF100C7BF7351168C73916A98;tools/python/catalog_map_transition_candidates.py;tools/python/catalog_map_selectors.py;C4:8B6A;C4:8BE2
,,,,0xF0,6,0x29,vm_opcode_0x56_terminal,CD:F7D1,,pack=0xF0;record=6;entry=0x29,,0xF0,0x02,cfg_t06_l037_v2,37,6,2,29,40,29,40,CD:F692,bounded substream tail; destination record0 entry 0x02 exists; destination entry has aligned 0x58 coordinate setter at CD:F692,strong_candidate,"C4:8B6A handler for opcode 0x56 stores operand1 to $15D0/$0305, copies old $0305 to $15CF, stores operand2 to $13B8/$13B9, calls 81:837F, and advances three bytes; exact bounded tail ends in compact B0; C4:8BE2 opcode 0x58 writes destination entry operands to $1573/$157D/$15C3/$15C4",canonical_rom_sha256=F6A345E2F07F0CBC4EFF7D4FF06AE88A814A98FDF100C7BF7351168C73916A98;tools/python/catalog_map_transition_candidates.py;tools/python/catalog_map_selectors.py;C4:8B6A;C4:8BE2
,,,,0xF0,14,0x6C,vm_opcode_0x56_terminal,CD:F889,,pack=0xF0;record=14;entry=0x6C,,0xBE,0x1A,cfg_t13_l103_v2,103,13,2,42,17,42,17,CD:6F6E,bounded substream tail; destination record0 entry 0x1A exists; destination entry has aligned 0x58 coordinate setter at CD:6F6E,strong_candidate,"C4:8B6A handler for opcode 0x56 stores operand1 to $15D0/$0305, copies old $0305 to $15CF, stores operand2 to $13B8/$13B9, calls 81:837F, and advances three bytes; exact bounded tail ends in compact B0; C4:8BE2 opcode 0x58 writes destination entry operands to $1573/$157D/$15C3/$15C4",canonical_rom_sha256=F6A345E2F07F0CBC4EFF7D4FF06AE88A814A98FDF100C7BF7351168C73916A98;tools/python/catalog_map_transition_candidates.py;tools/python/catalog_map_selectors.py;C4:8B6A;C4:8BE2
,,,,0xF0,15,0x38,vm_opcode_0x56_terminal,CD:F8B8,,pack=0xF0;record=15;entry=0x38,,0x83,0x15,cfg_t04_l070_v2,70,4,2,,,,,,bounded substream tail; destination record0 entry 0x15 exists,strong_candidate,"C4:8B6A handler for opcode 0x56 stores operand1 to $15D0/$0305, copies old $0305 to $15CF, stores operand2 to $13B8/$13B9, calls 81:837F, and advances three bytes; exact bounded tail ends in compact B0",canonical_rom_sha256=F6A345E2F07F0CBC4EFF7D4FF06AE88A814A98FDF100C7BF7351168C73916A98;tools/python/catalog_map_transition_candidates.py;tools/python/catalog_map_selectors.py;C4:8B6A;C4:8BE2
,,,,0xF5,2,0x77,vm_opcode_0x56_terminal,CE:07CE,,pack=0xF5;record=2;entry=0x77,,0xF5,0x04,cfg_t50_l178_v1,178,50,1,,,,,,bounded substream tail; destination record0 entry 0x04 exists,strong_candidate,"C4:8B6A handler for opcode 0x56 stores operand1 to $15D0/$0305, copies old $0305 to $15CF, stores operand2 to $13B8/$13B9, calls 81:837F, and advances three bytes; exact bounded tail ends in compact B0",canonical_rom_sha256=F6A345E2F07F0CBC4EFF7D4FF06AE88A814A98FDF100C7BF7351168C73916A98;tools/python/catalog_map_transition_candidates.py;tools/python/catalog_map_selectors.py;C4:8B6A;C4:8BE2
,,,,0xF5,3,0x77,vm_opcode_0x56_terminal,CE:07DB,,pack=0xF5;record=3;entry=0x77,,0xF5,0x03,cfg_t50_l178_v1,178,50,1,,,,,,bounded substream tail; destination record0 entry 0x03 exists,strong_candidate,"C4:8B6A handler for opcode 0x56 stores operand1 to $15D0/$0305, copies old $0305 to $15CF, stores operand2 to $13B8/$13B9, calls 81:837F, and advances three bytes; exact bounded tail ends in compact B0",canonical_rom_sha256=F6A345E2F07F0CBC4EFF7D4FF06AE88A814A98FDF100C7BF7351168C73916A98;tools/python/catalog_map_transition_candidates.py;tools/python/catalog_map_selectors.py;C4:8B6A;C4:8BE2
,,,,0xF5,4,0x77,vm_opcode_0x56_terminal,CE:07E8,,pack=0xF5;record=4;entry=0x77,,0xF5,0x06,cfg_t50_l178_v1,178,50,1,,,,,,bounded substream tail; destination record0 entry 0x06 exists,strong_candidate,"C4:8B6A handler for opcode 0x56 stores operand1 to $15D0/$0305, copies old $0305 to $15CF, stores operand2 to $13B8/$13B9, calls 81:837F, and advances three bytes; exact bounded tail ends in compact B0",canonical_rom_sha256=F6A345E2F07F0CBC4EFF7D4FF06AE88A814A98FDF100C7BF7351168C73916A98;tools/python/catalog_map_transition_candidates.py;tools/python/catalog_map_selectors.py;C4:8B6A;C4:8BE2
,,,,0xF5,5,0x77,vm_opcode_0x56_terminal,CE:07F5,,pack=0xF5;record=5;entry=0x77,,0xF5,0x05,cfg_t50_l178_v1,178,50,1,,,,,,bounded substream tail; destination record0 entry 0x05 exists,strong_candidate,"C4:8B6A handler for opcode 0x56 stores operand1 to $15D0/$0305, copies old $0305 to $15CF, stores operand2 to $13B8/$13B9, calls 81:837F, and advances three bytes; exact bounded tail ends in compact B0",canonical_rom_sha256=F6A345E2F07F0CBC4EFF7D4FF06AE88A814A98FDF100C7BF7351168C73916A98;tools/python/catalog_map_transition_candidates.py;tools/python/catalog_map_selectors.py;C4:8B6A;C4:8BE2
,,,,0xF5,6,0x77,vm_opcode_0x56_terminal,CE:0802,,pack=0xF5;record=6;entry=0x77,,0xF5,0x08,cfg_t50_l178_v1,178,50,1,,,,,,bounded substream tail; destination record0 entry 0x08 exists,strong_candidate,"C4:8B6A handler for opcode 0x56 stores operand1 to $15D0/$0305, copies old $0305 to $15CF, stores operand2 to $13B8/$13B9, calls 81:837F, and advances three bytes; exact bounded tail ends in compact B0",canonical_rom_sha256=F6A345E2F07F0CBC4EFF7D4FF06AE88A814A98FDF100C7BF7351168C73916A98;tools/python/catalog_map_transition_candidates.py;tools/python/catalog_map_selectors.py;C4:8B6A;C4:8BE2
,,,,0xF5,7,0x77,vm_opcode_0x56_terminal,CE:0815,,pack=0xF5;record=7;entry=0x77,,0xF5,0x07,cfg_t50_l178_v1,178,50,1,,,,,,bounded substream tail; destination record0 entry 0x07 exists,strong_candidate,"C4:8B6A handler for opcode 0x56 stores operand1 to $15D0/$0305, copies old $0305 to $15CF, stores operand2 to $13B8/$13B9, calls 81:837F, and advances three bytes; exact bounded tail ends in compact B0",canonical_rom_sha256=F6A345E2F07F0CBC4EFF7D4FF06AE88A814A98FDF100C7BF7351168C73916A98;tools/python/catalog_map_transition_candidates.py;tools/python/catalog_map_selectors.py;C4:8B6A;C4:8BE2
,,,,0xF5,8,0x77,vm_opcode_0x56_terminal,CE:0828,,pack=0xF5;record=8;entry=0x77,,0xF5,0x0A,cfg_t50_l178_v1,178,50,1,,,,,,bounded substream tail; destination record0 entry 0x0A exists,strong_candidate,"C4:8B6A handler for opcode 0x56 stores operand1 to $15D0/$0305, copies old $0305 to $15CF, stores operand2 to $13B8/$13B9, calls 81:837F, and advances three bytes; exact bounded tail ends in compact B0",canonical_rom_sha256=F6A345E2F07F0CBC4EFF7D4FF06AE88A814A98FDF100C7BF7351168C73916A98;tools/python/catalog_map_transition_candidates.py;tools/python/catalog_map_selectors.py;C4:8B6A;C4:8BE2
,,,,0xF5,9,0x77,vm_opcode_0x56_terminal,CE:0835,,pack=0xF5;record=9;entry=0x77,,0xF5,0x09,cfg_t50_l178_v1,178,50,1,,,,,,bounded substream tail; destination record0 entry 0x09 exists,strong_candidate,"C4:8B6A handler for opcode 0x56 stores operand1 to $15D0/$0305, copies old $0305 to $15CF, stores operand2 to $13B8/$13B9, calls 81:837F, and advances three bytes; exact bounded tail ends in compact B0",canonical_rom_sha256=F6A345E2F07F0CBC4EFF7D4FF06AE88A814A98FDF100C7BF7351168C73916A98;tools/python/catalog_map_transition_candidates.py;tools/python/catalog_map_selectors.py;C4:8B6A;C4:8BE2
,,,,0xF6,4,0x27,vm_opcode_0x56_terminal,CE:0C60,,pack=0xF6;record=4;entry=0x27,,0xEE,0x0B,,,,,,,,,,bounded substream tail; destination pack-wide unique entry 0x0B exists in record 6,strong_candidate,"C4:8B6A handler for opcode 0x56 stores operand1 to $15D0/$0305, copies old $0305 to $15CF, stores operand2 to $13B8/$13B9, calls 81:837F, and advances three bytes; exact bounded tail ends in compact B0",canonical_rom_sha256=F6A345E2F07F0CBC4EFF7D4FF06AE88A814A98FDF100C7BF7351168C73916A98;tools/python/catalog_map_transition_candidates.py;tools/python/catalog_map_selectors.py;C4:8B6A;C4:8BE2
,,,,0xF9,4,0x7C,vm_opcode_0x56_terminal,CE:126A,FF9-L004,pack=0xF9;record=4;entry=0x7C,,0xEE,0x02,,,,,7,121,7,121,CD:E948,bounded substream tail; destination record0 entry 0x02 exists; destination entry has aligned 0x58 coordinate setter at CD:E948,strong_candidate,"C4:8B6A handler for opcode 0x56 stores operand1 to $15D0/$0305, copies old $0305 to $15CF, stores operand2 to $13B8/$13B9, calls 81:837F, and advances three bytes; exact bounded tail ends in compact B0; C4:8BE2 opcode 0x58 writes destination entry operands to $1573/$157D/$15C3/$15C4",canonical_rom_sha256=F6A345E2F07F0CBC4EFF7D4FF06AE88A814A98FDF100C7BF7351168C73916A98;tools/python/catalog_map_transition_candidates.py;tools/python/catalog_map_selectors.py;C4:8B6A;C4:8BE2;data/events/event_record_frame_catalog.csv;data/events/event_source_crosslink.csv
,,,,0xF9,9,0x7C,vm_opcode_0x56_terminal,CE:1303,FF9-L009,pack=0xF9;record=9;entry=0x7C,,0xF9,0x03,cfg_t07_l009_v2,9,7,2,10,4,10,4,CE:120D,bounded substream tail; destination record0 entry 0x03 exists; destination entry has aligned 0x58 coordinate setter at CE:120D,strong_candidate,"C4:8B6A handler for opcode 0x56 stores operand1 to $15D0/$0305, copies old $0305 to $15CF, stores operand2 to $13B8/$13B9, calls 81:837F, and advances three bytes; exact bounded tail ends in compact B0; C4:8BE2 opcode 0x58 writes destination entry operands to $1573/$157D/$15C3/$15C4",canonical_rom_sha256=F6A345E2F07F0CBC4EFF7D4FF06AE88A814A98FDF100C7BF7351168C73916A98;tools/python/catalog_map_transition_candidates.py;tools/python/catalog_map_selectors.py;C4:8B6A;C4:8BE2;data/events/event_record_frame_catalog.csv;data/events/event_source_crosslink.csv
,,,,0xF9,12,0x7C,vm_opcode_0x56_terminal,CE:1373,,pack=0xF9;record=12;entry=0x7C,,0xBE,0x1A,cfg_t13_l103_v2,103,13,2,42,17,42,17,CD:6F6E,bounded substream tail; destination record0 entry 0x1A exists; destination entry has aligned 0x58 coordinate setter at CD:6F6E,strong_candidate,"C4:8B6A handler for opcode 0x56 stores operand1 to $15D0/$0305, copies old $0305 to $15CF, stores operand2 to $13B8/$13B9, calls 81:837F, and advances three bytes; exact bounded tail ends in compact B0; C4:8BE2 opcode 0x58 writes destination entry operands to $1573/$157D/$15C3/$15C4",canonical_rom_sha256=F6A345E2F07F0CBC4EFF7D4FF06AE88A814A98FDF100C7BF7351168C73916A98;tools/python/catalog_map_transition_candidates.py;tools/python/catalog_map_selectors.py;C4:8B6A;C4:8BE2
,,,,0x32,1,0x7C,vm_opcode_0x56_nonterminal_shape,CB:E183,,pack=0x32;record=1;entry=0x7C,,0x32,0x04,cfg_t07_l024_v2,24,7,2,5,3,5,3,CB:E0E8,source opcode boundary proven reachable by fail-closed CFG; destination record0 entry exists and has aligned 0x58 setter,strong_candidate,raw 0x56 shape inside a structurally bounded VM substream; destination pack/entry cross-links to aligned opcode 0x58 coordinate setter; source opcode boundary proven reachable by fail-closed CFG,canonical_rom_sha256=F6A345E2F07F0CBC4EFF7D4FF06AE88A814A98FDF100C7BF7351168C73916A98;tools/python/catalog_map_transition_candidates.py;C4:8B6A;C4:8BE2
,,,,0x3F,7,0x7C,vm_opcode_0x56_nonterminal_shape,CB:EDA2,F3F-L006,pack=0x3F;record=7;entry=0x7C,0x16->C8:7D4A;0x17->C8:7D7C;0x18->C8:7D9F;0x1C->C8:7DE3;0x1D->C8:7E57;0x21->C8:7EEB;0x2B->C8:8063,0x6F,0x03,cfg_t04_l045_v2,45,4,2,45,53,45,53,CC:66FD,source opcode boundary proven reachable by fail-closed CFG; destination record0 entry exists and has aligned 0x58 setter,strong_candidate,raw 0x56 shape inside a structurally bounded VM substream; destination pack/entry cross-links to aligned opcode 0x58 coordinate setter; source opcode boundary proven reachable by fail-closed CFG,canonical_rom_sha256=F6A345E2F07F0CBC4EFF7D4FF06AE88A814A98FDF100C7BF7351168C73916A98;tools/python/catalog_map_transition_candidates.py;C4:8B6A;C4:8BE2;data/events/event_record_frame_catalog.csv;data/events/event_source_crosslink.csv
,,,,0x4C,27,0x79,vm_opcode_0x56_nonterminal_shape,CC:0CEA,,pack=0x4C;record=27;entry=0x79,,0xC9,0x06,cfg_t59_l201_v2,201,59,2,15,25,15,25,CD:8D60,source opcode boundary proven reachable by fail-closed CFG; destination record0 entry exists and has aligned 0x58 setter,strong_candidate,raw 0x56 shape inside a structurally bounded VM substream; destination pack/entry cross-links to aligned opcode 0x58 coordinate setter; source opcode boundary proven reachable by fail-closed CFG,canonical_rom_sha256=F6A345E2F07F0CBC4EFF7D4FF06AE88A814A98FDF100C7BF7351168C73916A98;tools/python/catalog_map_transition_candidates.py;C4:8B6A;C4:8BE2
,,,,0x56,1,0x79,vm_opcode_0x56_nonterminal_shape,CC:2948,,pack=0x56;record=1;entry=0x79,,0x59,0x03,cfg_t07_l033_v2,33,7,2,5,4,5,4,CC:2C4C,source opcode boundary proven reachable by fail-closed CFG; destination record0 entry exists and has aligned 0x58 setter,strong_candidate,raw 0x56 shape inside a structurally bounded VM substream; destination pack/entry cross-links to aligned opcode 0x58 coordinate setter; source opcode boundary proven reachable by fail-closed CFG,canonical_rom_sha256=F6A345E2F07F0CBC4EFF7D4FF06AE88A814A98FDF100C7BF7351168C73916A98;tools/python/catalog_map_transition_candidates.py;C4:8B6A;C4:8BE2
,,,,0x59,4,0x7C,vm_opcode_0x56_nonterminal_shape,CC:2D4C,,pack=0x59;record=4;entry=0x7C,,0x57,0x02,cfg_t27_l134_v2,134,27,2,15,30,15,30,CC:299D,source opcode boundary proven reachable by fail-closed CFG; destination record0 entry exists and has aligned 0x58 setter,strong_candidate,raw 0x56 shape inside a structurally bounded VM substream; destination pack/entry cross-links to aligned opcode 0x58 coordinate setter; source opcode boundary proven reachable by fail-closed CFG,canonical_rom_sha256=F6A345E2F07F0CBC4EFF7D4FF06AE88A814A98FDF100C7BF7351168C73916A98;tools/python/catalog_map_transition_candidates.py;C4:8B6A;C4:8BE2
,,,,0x59,5,0x7C,vm_opcode_0x56_nonterminal_shape,CC:2DB1,,pack=0x59;record=5;entry=0x7C,,0x55,0x02,cfg_t27_l132_v2,132,27,2,12,15,12,15,CC:285E,source opcode boundary proven reachable by fail-closed CFG; destination record0 entry exists and has aligned 0x58 setter,strong_candidate,raw 0x56 shape inside a structurally bounded VM substream; destination pack/entry cross-links to aligned opcode 0x58 coordinate setter; source opcode boundary proven reachable by fail-closed CFG,canonical_rom_sha256=F6A345E2F07F0CBC4EFF7D4FF06AE88A814A98FDF100C7BF7351168C73916A98;tools/python/catalog_map_transition_candidates.py;C4:8B6A;C4:8BE2
,,,,0x59,8,0x7C,vm_opcode_0x56_nonterminal_shape,CC:2F22,,pack=0x59;record=8;entry=0x7C,,0x56,0x02,cfg_t04_l031_v2,31,4,2,25,54,25,54,CC:28C1,source opcode boundary proven reachable by fail-closed CFG; destination record0 entry exists and has aligned 0x58 setter,strong_candidate,raw 0x56 shape inside a structurally bounded VM substream; destination pack/entry cross-links to aligned opcode 0x58 coordinate setter; source opcode boundary proven reachable by fail-closed CFG,canonical_rom_sha256=F6A345E2F07F0CBC4EFF7D4FF06AE88A814A98FDF100C7BF7351168C73916A98;tools/python/catalog_map_transition_candidates.py;C4:8B6A;C4:8BE2
,,,,0x59,9,0x7C,vm_opcode_0x56_nonterminal_shape,CC:2FAE,,pack=0x59;record=9;entry=0x7C,,0x50,0x10,cfg_t04_l008_v2,8,4,2,34,49,34,49,CC:1C6E,source opcode boundary proven reachable by fail-closed CFG; destination record0 entry exists and has aligned 0x58 setter,strong_candidate,raw 0x56 shape inside a structurally bounded VM substream; destination pack/entry cross-links to aligned opcode 0x58 coordinate setter; source opcode boundary proven reachable by fail-closed CFG,canonical_rom_sha256=F6A345E2F07F0CBC4EFF7D4FF06AE88A814A98FDF100C7BF7351168C73916A98;tools/python/catalog_map_transition_candidates.py;C4:8B6A;C4:8BE2
,,,,0x6D,1,0x79,vm_opcode_0x56_nonterminal_shape,CC:62D6,,pack=0x6D;record=1;entry=0x79,,0x6B,0x03,cfg_t05_l042_v2,42,5,2,65,33,65,33,CC:5A98,source opcode boundary proven reachable by fail-closed CFG; destination record0 entry exists and has aligned 0x58 setter,strong_candidate,raw 0x56 shape inside a structurally bounded VM substream; destination pack/entry cross-links to aligned opcode 0x58 coordinate setter; source opcode boundary proven reachable by fail-closed CFG,canonical_rom_sha256=F6A345E2F07F0CBC4EFF7D4FF06AE88A814A98FDF100C7BF7351168C73916A98;tools/python/catalog_map_transition_candidates.py;C4:8B6A;C4:8BE2
,,,,0x6D,1,0x79,vm_opcode_0x56_nonterminal_shape,CC:62E0,,pack=0x6D;record=1;entry=0x79,,0x6E,0x03,cfg_t05_l043_v2,43,5,2,8,34,8,34,CC:63FF,source opcode boundary proven reachable by fail-closed CFG; destination record0 entry exists and has aligned 0x58 setter,strong_candidate,raw 0x56 shape inside a structurally bounded VM substream; destination pack/entry cross-links to aligned opcode 0x58 coordinate setter; source opcode boundary proven reachable by fail-closed CFG,canonical_rom_sha256=F6A345E2F07F0CBC4EFF7D4FF06AE88A814A98FDF100C7BF7351168C73916A98;tools/python/catalog_map_transition_candidates.py;C4:8B6A;C4:8BE2
,,,,0x74,1,0x77,vm_opcode_0x56_nonterminal_shape,CC:7A01,,pack=0x74;record=1;entry=0x77,,0x6F,0x05,cfg_t04_l045_v2,45,4,2,45,55,45,55,CC:670E,source opcode boundary proven reachable by fail-closed CFG; destination record0 entry exists and has aligned 0x58 setter,strong_candidate,raw 0x56 shape inside a structurally bounded VM substream; destination pack/entry cross-links to aligned opcode 0x58 coordinate setter; source opcode boundary proven reachable by fail-closed CFG,canonical_rom_sha256=F6A345E2F07F0CBC4EFF7D4FF06AE88A814A98FDF100C7BF7351168C73916A98;tools/python/catalog_map_transition_candidates.py;C4:8B6A;C4:8BE2
,,,,0x7E,21,0x7C,vm_opcode_0x56_nonterminal_shape,CC:A577,,pack=0x7E;record=21;entry=0x7C,,0x7F,0x02,cfg_t40_l157_v2,157,40,2,84,46,84,46,CC:A671,source opcode boundary proven reachable by fail-closed CFG; destination record0 entry exists and has aligned 0x58 setter,strong_candidate,raw 0x56 shape inside a structurally bounded VM substream; destination pack/entry cross-links to aligned opcode 0x58 coordinate setter; source opcode boundary proven reachable by fail-closed CFG,canonical_rom_sha256=F6A345E2F07F0CBC4EFF7D4FF06AE88A814A98FDF100C7BF7351168C73916A98;tools/python/catalog_map_transition_candidates.py;C4:8B6A;C4:8BE2
,,,,0x8A,1,0x79,vm_opcode_0x56_nonterminal_shape,CC:C691,,pack=0x8A;record=1;entry=0x79,,0x4C,0x0E,,,,,209,49,209,49,CC:09C6,source opcode boundary proven reachable by fail-closed CFG; destination record0 entry exists and has aligned 0x58 setter,strong_candidate,raw 0x56 shape inside a structurally bounded VM substream; destination pack/entry cross-links to aligned opcode 0x58 coordinate setter; source opcode boundary proven reachable by fail-closed CFG,canonical_rom_sha256=F6A345E2F07F0CBC4EFF7D4FF06AE88A814A98FDF100C7BF7351168C73916A98;tools/python/catalog_map_transition_candidates.py;C4:8B6A;C4:8BE2
,,,,0x91,3,0x77,vm_opcode_0x56_nonterminal_shape,CC:D34B,,pack=0x91;record=3;entry=0x77,,0x92,0x02,cfg_t08_l092_v2,92,8,2,127,30,127,30,CC:D469,source opcode boundary proven reachable by fail-closed CFG; destination record0 entry exists and has aligned 0x58 setter,strong_candidate,raw 0x56 shape inside a structurally bounded VM substream; destination pack/entry cross-links to aligned opcode 0x58 coordinate setter; source opcode boundary proven reachable by fail-closed CFG,canonical_rom_sha256=F6A345E2F07F0CBC4EFF7D4FF06AE88A814A98FDF100C7BF7351168C73916A98;tools/python/catalog_map_transition_candidates.py;C4:8B6A;C4:8BE2
,,,,0x94,10,0x77,vm_opcode_0x56_nonterminal_shape,CC:D96D,,pack=0x94;record=10;entry=0x77,,0x92,0x07,cfg_t08_l092_v2,92,8,2,128,8,128,8,CC:D496,source opcode boundary proven reachable by fail-closed CFG; destination record0 entry exists and has aligned 0x58 setter,strong_candidate,raw 0x56 shape inside a structurally bounded VM substream; destination pack/entry cross-links to aligned opcode 0x58 coordinate setter; source opcode boundary proven reachable by fail-closed CFG,canonical_rom_sha256=F6A345E2F07F0CBC4EFF7D4FF06AE88A814A98FDF100C7BF7351168C73916A98;tools/python/catalog_map_transition_candidates.py;C4:8B6A;C4:8BE2
,,,,0xA1,2,0x77,vm_opcode_0x56_nonterminal_shape,CD:0763,,pack=0xA1;record=2;entry=0x77,,0xA2,0x02,cfg_t24_l125_v2,125,24,2,150,15,150,15,CD:0BA3,source opcode boundary proven reachable by fail-closed CFG; destination record0 entry exists and has aligned 0x58 setter,strong_candidate,raw 0x56 shape inside a structurally bounded VM substream; destination pack/entry cross-links to aligned opcode 0x58 coordinate setter; source opcode boundary proven reachable by fail-closed CFG,canonical_rom_sha256=F6A345E2F07F0CBC4EFF7D4FF06AE88A814A98FDF100C7BF7351168C73916A98;tools/python/catalog_map_transition_candidates.py;C4:8B6A;C4:8BE2
,,,,0xA9,0,0x6B,vm_opcode_0x56_nonterminal_shape,CD:260D,,pack=0xA9;record=0;entry=0x6B,,0x6B,0x05,cfg_t05_l042_v2,42,5,2,40,16,40,16,CC:5AA4,source opcode boundary proven reachable by fail-closed CFG; destination record0 entry exists and has aligned 0x58 setter,strong_candidate,raw 0x56 shape inside a structurally bounded VM substream; destination pack/entry cross-links to aligned opcode 0x58 coordinate setter; source opcode boundary proven reachable by fail-closed CFG,canonical_rom_sha256=F6A345E2F07F0CBC4EFF7D4FF06AE88A814A98FDF100C7BF7351168C73916A98;tools/python/catalog_map_transition_candidates.py;C4:8B6A;C4:8BE2
,,,,0xB5,9,0x77,vm_opcode_0x56_nonterminal_shape,CD:5006,,pack=0xB5;record=9;entry=0x77,,0xB1,0x14,cfg_t29_l138_v2,138,29,2,224,36,224,36,CD:435E,source opcode boundary proven reachable by fail-closed CFG; destination record0 entry exists and has aligned 0x58 setter,strong_candidate,raw 0x56 shape inside a structurally bounded VM substream; destination pack/entry cross-links to aligned opcode 0x58 coordinate setter; source opcode boundary proven reachable by fail-closed CFG,canonical_rom_sha256=F6A345E2F07F0CBC4EFF7D4FF06AE88A814A98FDF100C7BF7351168C73916A98;tools/python/catalog_map_transition_candidates.py;C4:8B6A;C4:8BE2
,,,,0xE4,10,0x79,vm_opcode_0x56_nonterminal_shape,CD:CA75,,pack=0xE4;record=10;entry=0x79,,0xE3,0x03,cfg_t58_l198_v1,198,58,1,12,115,12,115,CD:C7DC,source opcode boundary proven reachable by fail-closed CFG; destination record0 entry exists and has aligned 0x58 setter,strong_candidate,raw 0x56 shape inside a structurally bounded VM substream; destination pack/entry cross-links to aligned opcode 0x58 coordinate setter; source opcode boundary proven reachable by fail-closed CFG,canonical_rom_sha256=F6A345E2F07F0CBC4EFF7D4FF06AE88A814A98FDF100C7BF7351168C73916A98;tools/python/catalog_map_transition_candidates.py;C4:8B6A;C4:8BE2
,,,,0xE4,10,0x79,vm_opcode_0x56_nonterminal_shape,CD:CAA1,,pack=0xE4;record=10;entry=0x79,,0xE8,0x15,cfg_t58_l197_v1,197,58,1,103,68,103,68,CD:D7E0,source opcode boundary proven reachable by fail-closed CFG; destination record0 entry exists and has aligned 0x58 setter,strong_candidate,raw 0x56 shape inside a structurally bounded VM substream; destination pack/entry cross-links to aligned opcode 0x58 coordinate setter; source opcode boundary proven reachable by fail-closed CFG,canonical_rom_sha256=F6A345E2F07F0CBC4EFF7D4FF06AE88A814A98FDF100C7BF7351168C73916A98;tools/python/catalog_map_transition_candidates.py;C4:8B6A;C4:8BE2
,,,,0x41,7,0x7C,vm_opcode_0x53_transition_wrapper_terminal,CB:F1FA,F41-L006,pack=0x41;record=7;entry=0x7C,0x06->C8:81CA;0x07->C8:81D5;0x0E->C8:8239;0x0F->C8:823A;0x11->C8:8279,0x1E,0x1F,,,,,0,0,0,0,CB:C51F,bounded substream tail; destination record0 entry 0x1F exists; destination entry has aligned 0x58 coordinate setter at CB:C51F,strong_candidate,C4:8B3F opcode 0x53 wrapper calls C4:8B6A transition core; the core writes operand1 to $0305 and operand2 to $13B8/$13B9; exact bounded tail ends in compact B0; C4:8BE2 opcode 0x58 writes destination coordinates,canonical_rom_sha256=F6A345E2F07F0CBC4EFF7D4FF06AE88A814A98FDF100C7BF7351168C73916A98;tools/python/catalog_map_transition_candidates.py;C4:8B3F;C4:8B6A;C4:8BE2;data/events/event_record_frame_catalog.csv;data/events/event_source_crosslink.csv
,,,,0x41,17,0x7C,vm_opcode_0x53_transition_wrapper_terminal,CB:F36B,,pack=0x41;record=17;entry=0x7C,,0x41,0x0D,cfg_t07_l050_v2,50,7,2,,,,,,bounded substream tail; destination pack-wide unique entry 0x0D not resolved; source opcode boundary is CFG-reachable,strong_candidate,C4:8B3F opcode 0x53 wrapper calls C4:8B6A transition core; the core writes operand1 to $0305 and operand2 to $13B8/$13B9; exact bounded tail ends in compact B0,canonical_rom_sha256=F6A345E2F07F0CBC4EFF7D4FF06AE88A814A98FDF100C7BF7351168C73916A98;tools/python/catalog_map_transition_candidates.py;C4:8B3F;C4:8B6A;C4:8BE2
,,,,0x46,1,0x6C,vm_opcode_0x53_transition_wrapper_terminal,CB:FD0A,,pack=0x46;record=1;entry=0x6C,,0x46,0x03,cfg_t07_l056_v2,56,7,2,,,,,,bounded substream tail; destination pack-wide unique entry 0x03 not resolved; source opcode boundary is CFG-reachable,strong_candidate,C4:8B3F opcode 0x53 wrapper calls C4:8B6A transition core; the core writes operand1 to $0305 and operand2 to $13B8/$13B9; exact bounded tail ends in compact B0,canonical_rom_sha256=F6A345E2F07F0CBC4EFF7D4FF06AE88A814A98FDF100C7BF7351168C73916A98;tools/python/catalog_map_transition_candidates.py;C4:8B3F;C4:8B6A;C4:8BE2
,,,,0x4C,1,0x79,vm_opcode_0x53_transition_wrapper_terminal,CC:0AF9,,pack=0x4C;record=1;entry=0x79,,0x4D,0x02,cfg_t04_l006_v2,6,4,2,17,37,17,37,CC:18B3,bounded substream tail; destination record0 entry 0x02 exists; destination entry has aligned 0x58 coordinate setter at CC:18B3,strong_candidate,C4:8B3F opcode 0x53 wrapper calls C4:8B6A transition core; the core writes operand1 to $0305 and operand2 to $13B8/$13B9; exact bounded tail ends in compact B0; C4:8BE2 opcode 0x58 writes destination coordinates,canonical_rom_sha256=F6A345E2F07F0CBC4EFF7D4FF06AE88A814A98FDF100C7BF7351168C73916A98;tools/python/catalog_map_transition_candidates.py;C4:8B3F;C4:8B6A;C4:8BE2
cfg_t01_l001_v1,0x4C,1,1,0x4C,2,0x77,vm_opcode_0x53_transition_wrapper_terminal,CC:0B08,,pack=0x4C;record=2;entry=0x77,,0x50,0x02,cfg_t04_l008_v2,8,4,2,29,55,29,55,CC:1C4E,bounded substream tail; destination record0 entry 0x02 exists; destination entry has aligned 0x58 coordinate setter at CC:1C4E; runtime frame 14455 confirms 0x4C -> 0x50,confirmed,"C4:8B3F opcode 0x53 wrapper calls C4:8B6A transition core; the core writes operand1 to $0305 and operand2 to $13B8/$13B9; exact bounded tail ends in compact B0; C4:8BE2 opcode 0x58 writes destination coordinates; runtime $0305 switch at frame 14455 and arrival coordinates (29,55) match the static destination entry; visible destination label=旅立ちの村",canonical_rom_sha256=F6A345E2F07F0CBC4EFF7D4FF06AE88A814A98FDF100C7BF7351168C73916A98;tools/python/catalog_map_transition_candidates.py;C4:8B3F;C4:8B6A;C4:8BE2;data/maps/transitions/world_pack4c_to_pack50_entry02_20260929.json
,,,,0x4C,3,0x77,vm_opcode_0x53_transition_wrapper_terminal,CC:0B19,,pack=0x4C;record=3;entry=0x77,,0x54,0x02,,,,,16,24,16,24,CC:27F1,bounded substream tail; destination record0 entry 0x02 exists; destination entry has aligned 0x58 coordinate setter at CC:27F1,strong_candidate,C4:8B3F opcode 0x53 wrapper calls C4:8B6A transition core; the core writes operand1 to $0305 and operand2 to $13B8/$13B9; exact bounded tail ends in compact B0; C4:8BE2 opcode 0x58 writes destination coordinates,canonical_rom_sha256=F6A345E2F07F0CBC4EFF7D4FF06AE88A814A98FDF100C7BF7351168C73916A98;tools/python/catalog_map_transition_candidates.py;C4:8B3F;C4:8B6A;C4:8BE2
,,,,0x4C,4,0x77,vm_opcode_0x53_transition_wrapper_terminal,CC:0B42,,pack=0x4C;record=4;entry=0x77,,0x91,0x02,cfg_t08_l092_v2,92,8,2,,,,,,bounded substream tail; destination record0 entry 0x02 exists,strong_candidate,C4:8B3F opcode 0x53 wrapper calls C4:8B6A transition core; the core writes operand1 to $0305 and operand2 to $13B8/$13B9; exact bounded tail ends in compact B0,canonical_rom_sha256=F6A345E2F07F0CBC4EFF7D4FF06AE88A814A98FDF100C7BF7351168C73916A98;tools/python/catalog_map_transition_candidates.py;C4:8B3F;C4:8B6A;C4:8BE2
,,,,0x4C,5,0x77,vm_opcode_0x53_transition_wrapper_terminal,CC:0B7F,,pack=0x4C;record=5;entry=0x77,,0x91,0x07,cfg_t08_l092_v2,92,8,2,,,,,,bounded substream tail; destination record0 entry 0x07 exists,strong_candidate,C4:8B3F opcode 0x53 wrapper calls C4:8B6A transition core; the core writes operand1 to $0305 and operand2 to $13B8/$13B9; exact bounded tail ends in compact B0,canonical_rom_sha256=F6A345E2F07F0CBC4EFF7D4FF06AE88A814A98FDF100C7BF7351168C73916A98;tools/python/catalog_map_transition_candidates.py;C4:8B3F;C4:8B6A;C4:8BE2
,,,,0x4C,6,0x77,vm_opcode_0x53_transition_wrapper_terminal,CC:0B90,,pack=0x4C;record=6;entry=0x77,,0x54,0x02,,,,,16,24,16,24,CC:27F1,bounded substream tail; destination record0 entry 0x02 exists; destination entry has aligned 0x58 coordinate setter at CC:27F1,strong_candidate,C4:8B3F opcode 0x53 wrapper calls C4:8B6A transition core; the core writes operand1 to $0305 and operand2 to $13B8/$13B9; exact bounded tail ends in compact B0; C4:8BE2 opcode 0x58 writes destination coordinates,canonical_rom_sha256=F6A345E2F07F0CBC4EFF7D4FF06AE88A814A98FDF100C7BF7351168C73916A98;tools/python/catalog_map_transition_candidates.py;C4:8B3F;C4:8B6A;C4:8BE2
,,,,0x4C,7,0x77,vm_opcode_0x53_transition_wrapper_terminal,CC:0B9D,,pack=0x4C;record=7;entry=0x77,,0x5A,0x02,cfg_t04_l018_v2,18,4,2,24,40,24,40,CC:32EF,bounded substream tail; destination record0 entry 0x02 exists; destination entry has aligned 0x58 coordinate setter at CC:32EF,strong_candidate,C4:8B3F opcode 0x53 wrapper calls C4:8B6A transition core; the core writes operand1 to $0305 and operand2 to $13B8/$13B9; exact bounded tail ends in compact B0; C4:8BE2 opcode 0x58 writes destination coordinates,canonical_rom_sha256=F6A345E2F07F0CBC4EFF7D4FF06AE88A814A98FDF100C7BF7351168C73916A98;tools/python/catalog_map_transition_candidates.py;C4:8B3F;C4:8B6A;C4:8BE2
,,,,0x4C,8,0x77,vm_opcode_0x53_transition_wrapper_terminal,CC:0BAC,,pack=0x4C;record=8;entry=0x77,,0x7C,0x02,cfg_t39_l156_v1,156,39,1,24,78,24,78,CC:9963,bounded substream tail; destination record0 entry 0x02 exists; destination entry has aligned 0x58 coordinate setter at CC:9963,strong_candidate,C4:8B3F opcode 0x53 wrapper calls C4:8B6A transition core; the core writes operand1 to $0305 and operand2 to $13B8/$13B9; exact bounded tail ends in compact B0; C4:8BE2 opcode 0x58 writes destination coordinates,canonical_rom_sha256=F6A345E2F07F0CBC4EFF7D4FF06AE88A814A98FDF100C7BF7351168C73916A98;tools/python/catalog_map_transition_candidates.py;C4:8B3F;C4:8B6A;C4:8BE2
,,,,0x4C,9,0x77,vm_opcode_0x53_transition_wrapper_terminal,CC:0BBB,,pack=0x4C;record=9;entry=0x77,,0x7C,0x0F,cfg_t39_l156_v1,156,39,1,100,70,100,70,CC:99DA,bounded substream tail; destination record0 entry 0x0F exists; destination entry has aligned 0x58 coordinate setter at CC:99DA,strong_candidate,C4:8B3F opcode 0x53 wrapper calls C4:8B6A transition core; the core writes operand1 to $0305 and operand2 to $13B8/$13B9; exact bounded tail ends in compact B0; C4:8BE2 opcode 0x58 writes destination coordinates,canonical_rom_sha256=F6A345E2F07F0CBC4EFF7D4FF06AE88A814A98FDF100C7BF7351168C73916A98;tools/python/catalog_map_transition_candidates.py;C4:8B3F;C4:8B6A;C4:8BE2
,,,,0x4C,10,0x77,vm_opcode_0x53_transition_wrapper_terminal,CC:0BCA,,pack=0x4C;record=10;entry=0x77,,0x60,0x02,,,,,37,56,37,56,CC:3B95,bounded substream tail; destination record0 entry 0x02 exists; destination entry has aligned 0x58 coordinate setter at CC:3B95,strong_candidate,C4:8B3F opcode 0x53 wrapper calls C4:8B6A transition core; the core writes operand1 to $0305 and operand2 to $13B8/$13B9; exact bounded tail ends in compact B0; C4:8BE2 opcode 0x58 writes destination coordinates,canonical_rom_sha256=F6A345E2F07F0CBC4EFF7D4FF06AE88A814A98FDF100C7BF7351168C73916A98;tools/python/catalog_map_transition_candidates.py;C4:8B3F;C4:8B6A;C4:8BE2
,,,,0x4C,11,0x77,vm_opcode_0x53_transition_wrapper_terminal,CC:0BD7,,pack=0x4C;record=11;entry=0x77,,0x96,0x02,cfg_t09_l098_v2,98,9,2,,,,,,bounded substream tail; destination record0 entry 0x02 exists,strong_candidate,C4:8B3F opcode 0x53 wrapper calls C4:8B6A transition core; the core writes operand1 to $0305 and operand2 to $13B8/$13B9; exact bounded tail ends in compact B0,canonical_rom_sha256=F6A345E2F07F0CBC4EFF7D4FF06AE88A814A98FDF100C7BF7351168C73916A98;tools/python/catalog_map_transition_candidates.py;C4:8B3F;C4:8B6A;C4:8BE2
,,,,0x4C,12,0x77,vm_opcode_0x53_transition_wrapper_terminal,CC:0BE6,,pack=0x4C;record=12;entry=0x77,,0x98,0x09,cfg_t09_l097_v2,97,9,2,183,29,183,29,CC:E024,bounded substream tail; destination record0 entry 0x09 exists; destination entry has aligned 0x58 coordinate setter at CC:E024,strong_candidate,C4:8B3F opcode 0x53 wrapper calls C4:8B6A transition core; the core writes operand1 to $0305 and operand2 to $13B8/$13B9; exact bounded tail ends in compact B0; C4:8BE2 opcode 0x58 writes destination coordinates,canonical_rom_sha256=F6A345E2F07F0CBC4EFF7D4FF06AE88A814A98FDF100C7BF7351168C73916A98;tools/python/catalog_map_transition_candidates.py;C4:8B3F;C4:8B6A;C4:8BE2
,,,,0x4C,13,0x77,vm_opcode_0x53_transition_wrapper_terminal,CC:0BF7,,pack=0x4C;record=13;entry=0x77,,0x67,0x02,cfg_t04_l039_v2,39,4,2,18,54,18,54,CC:4D3D,bounded substream tail; destination record0 entry 0x02 exists; destination entry has aligned 0x58 coordinate setter at CC:4D3D,strong_candidate,C4:8B3F opcode 0x53 wrapper calls C4:8B6A transition core; the core writes operand1 to $0305 and operand2 to $13B8/$13B9; exact bounded tail ends in compact B0; C4:8BE2 opcode 0x58 writes destination coordinates,canonical_rom_sha256=F6A345E2F07F0CBC4EFF7D4FF06AE88A814A98FDF100C7BF7351168C73916A98;tools/python/catalog_map_transition_candidates.py;C4:8B3F;C4:8B6A;C4:8BE2
,,,,0x4C,14,0x77,vm_opcode_0x53_transition_wrapper_terminal,CC:0C08,,pack=0x4C;record=14;entry=0x77,,0x54,0x02,,,,,16,24,16,24,CC:27F1,bounded substream tail; destination record0 entry 0x02 exists; destination entry has aligned 0x58 coordinate setter at CC:27F1,strong_candidate,C4:8B3F opcode 0x53 wrapper calls C4:8B6A transition core; the core writes operand1 to $0305 and operand2 to $13B8/$13B9; exact bounded tail ends in compact B0; C4:8BE2 opcode 0x58 writes destination coordinates,canonical_rom_sha256=F6A345E2F07F0CBC4EFF7D4FF06AE88A814A98FDF100C7BF7351168C73916A98;tools/python/catalog_map_transition_candidates.py;C4:8B3F;C4:8B6A;C4:8BE2
,,,,0x4C,15,0x77,vm_opcode_0x53_transition_wrapper_terminal,CC:0C17,,pack=0x4C;record=15;entry=0x77,,0x68,0x02,,,,,36,72,36,72,CC:4E84,bounded substream tail; destination record0 entry 0x02 exists; destination entry has aligned 0x58 coordinate setter at CC:4E84,strong_candidate,C4:8B3F opcode 0x53 wrapper calls C4:8B6A transition core; the core writes operand1 to $0305 and operand2 to $13B8/$13B9; exact bounded tail ends in compact B0; C4:8BE2 opcode 0x58 writes destination coordinates,canonical_rom_sha256=F6A345E2F07F0CBC4EFF7D4FF06AE88A814A98FDF100C7BF7351168C73916A98;tools/python/catalog_map_transition_candidates.py;C4:8B3F;C4:8B6A;C4:8BE2
,,,,0x4C,16,0x77,vm_opcode_0x53_transition_wrapper_terminal,CC:0C28,,pack=0x4C;record=16;entry=0x77,,0x54,0x02,,,,,16,24,16,24,CC:27F1,bounded substream tail; destination record0 entry 0x02 exists; destination entry has aligned 0x58 coordinate setter at CC:27F1,strong_candidate,C4:8B3F opcode 0x53 wrapper calls C4:8B6A transition core; the core writes operand1 to $0305 and operand2 to $13B8/$13B9; exact bounded tail ends in compact B0; C4:8BE2 opcode 0x58 writes destination coordinates,canonical_rom_sha256=F6A345E2F07F0CBC4EFF7D4FF06AE88A814A98FDF100C7BF7351168C73916A98;tools/python/catalog_map_transition_candidates.py;C4:8B3F;C4:8B6A;C4:8BE2
,,,,0x4C,17,0x77,vm_opcode_0x53_transition_wrapper_terminal,CC:0C35,,pack=0x4C;record=17;entry=0x77,,0x5B,0x02,cfg_t04_l018_v2,18,4,2,24,40,24,40,CC:3403,bounded substream tail; destination record0 entry 0x02 exists; destination entry has aligned 0x58 coordinate setter at CC:3403,strong_candidate,C4:8B3F opcode 0x53 wrapper calls C4:8B6A transition core; the core writes operand1 to $0305 and operand2 to $13B8/$13B9; exact bounded tail ends in compact B0; C4:8BE2 opcode 0x58 writes destination coordinates,canonical_rom_sha256=F6A345E2F07F0CBC4EFF7D4FF06AE88A814A98FDF100C7BF7351168C73916A98;tools/python/catalog_map_transition_candidates.py;C4:8B3F;C4:8B6A;C4:8BE2
,,,,0x4C,18,0x77,vm_opcode_0x53_transition_wrapper_terminal,CC:0C46,,pack=0x4C;record=18;entry=0x77,,0x54,0x02,,,,,16,24,16,24,CC:27F1,bounded substream tail; destination record0 entry 0x02 exists; destination entry has aligned 0x58 coordinate setter at CC:27F1,strong_candidate,C4:8B3F opcode 0x53 wrapper calls C4:8B6A transition core; the core writes operand1 to $0305 and operand2 to $13B8/$13B9; exact bounded tail ends in compact B0; C4:8BE2 opcode 0x58 writes destination coordinates,canonical_rom_sha256=F6A345E2F07F0CBC4EFF7D4FF06AE88A814A98FDF100C7BF7351168C73916A98;tools/python/catalog_map_transition_candidates.py;C4:8B3F;C4:8B6A;C4:8BE2
,,,,0x4C,19,0x77,vm_opcode_0x53_transition_wrapper_terminal,CC:0C55,,pack=0x4C;record=19;entry=0x77,,0x6A,0x02,cfg_t06_l040_v2,40,6,2,41,72,41,72,CC:5473,bounded substream tail; destination record0 entry 0x02 exists; destination entry has aligned 0x58 coordinate setter at CC:5473,strong_candidate,C4:8B3F opcode 0x53 wrapper calls C4:8B6A transition core; the core writes operand1 to $0305 and operand2 to $13B8/$13B9; exact bounded tail ends in compact B0; C4:8BE2 opcode 0x58 writes destination coordinates,canonical_rom_sha256=F6A345E2F07F0CBC4EFF7D4FF06AE88A814A98FDF100C7BF7351168C73916A98;tools/python/catalog_map_transition_candidates.py;C4:8B3F;C4:8B6A;C4:8BE2
,,,,0x4C,20,0x77,vm_opcode_0x53_transition_wrapper_terminal,CC:0C66,,pack=0x4C;record=20;entry=0x77,,0x58,0x02,cfg_t35_l149_v2,149,35,2,,,,,,bounded substream tail; destination record0 entry 0x02 exists,strong_candidate,C4:8B3F opcode 0x53 wrapper calls C4:8B6A transition core; the core writes operand1 to $0305 and operand2 to $13B8/$13B9; exact bounded tail ends in compact B0,canonical_rom_sha256=F6A345E2F07F0CBC4EFF7D4FF06AE88A814A98FDF100C7BF7351168C73916A98;tools/python/catalog_map_transition_candidates.py;C4:8B3F;C4:8B6A;C4:8BE2
,,,,0x4C,21,0x77,vm_opcode_0x53_transition_wrapper_terminal,CC:0C75,,pack=0x4C;record=21;entry=0x77,,0x9E,0x02,cfg_t24_l125_v2,125,24,2,,,,,,bounded substream tail; destination record0 entry 0x02 exists,strong_candidate,C4:8B3F opcode 0x53 wrapper calls C4:8B6A transition core; the core writes operand1 to $0305 and operand2 to $13B8/$13B9; exact bounded tail ends in compact B0,canonical_rom_sha256=F6A345E2F07F0CBC4EFF7D4FF06AE88A814A98FDF100C7BF7351168C73916A98;tools/python/catalog_map_transition_candidates.py;C4:8B3F;C4:8B6A;C4:8BE2
,,,,0x4C,22,0x79,vm_opcode_0x53_transition_wrapper_terminal,CC:0C84,,pack=0x4C;record=22;entry=0x79,,0xA8,0x0C,cfg_t23_l123_v1,123,23,1,,,,,,bounded substream tail; destination record0 entry 0x0C exists,strong_candidate,C4:8B3F opcode 0x53 wrapper calls C4:8B6A transition core; the core writes operand1 to $0305 and operand2 to $13B8/$13B9; exact bounded tail ends in compact B0,canonical_rom_sha256=F6A345E2F07F0CBC4EFF7D4FF06AE88A814A98FDF100C7BF7351168C73916A98;tools/python/catalog_map_transition_candidates.py;C4:8B3F;C4:8B6A;C4:8BE2
,,,,0x4C,23,0x77,vm_opcode_0x53_transition_wrapper_terminal,CC:0C91,,pack=0x4C;record=23;entry=0x77,,0x7A,0x02,cfg_t05_l041_v2,41,5,2,15,39,15,39,CC:9772,bounded substream tail; destination record0 entry 0x02 exists; destination entry has aligned 0x58 coordinate setter at CC:9772,strong_candidate,C4:8B3F opcode 0x53 wrapper calls C4:8B6A transition core; the core writes operand1 to $0305 and operand2 to $13B8/$13B9; exact bounded tail ends in compact B0; C4:8BE2 opcode 0x58 writes destination coordinates,canonical_rom_sha256=F6A345E2F07F0CBC4EFF7D4FF06AE88A814A98FDF100C7BF7351168C73916A98;tools/python/catalog_map_transition_candidates.py;C4:8B3F;C4:8B6A;C4:8BE2
,,,,0x4C,24,0x77,vm_opcode_0x53_transition_wrapper_terminal,CC:0CA2,,pack=0x4C;record=24;entry=0x77,,0x54,0x02,,,,,16,24,16,24,CC:27F1,bounded substream tail; destination record0 entry 0x02 exists; destination entry has aligned 0x58 coordinate setter at CC:27F1,strong_candidate,C4:8B3F opcode 0x53 wrapper calls C4:8B6A transition core; the core writes operand1 to $0305 and operand2 to $13B8/$13B9; exact bounded tail ends in compact B0; C4:8BE2 opcode 0x58 writes destination coordinates,canonical_rom_sha256=F6A345E2F07F0CBC4EFF7D4FF06AE88A814A98FDF100C7BF7351168C73916A98;tools/python/catalog_map_transition_candidates.py;C4:8B3F;C4:8B6A;C4:8BE2
,,,,0x4C,25,0x77,vm_opcode_0x53_transition_wrapper_terminal,CC:0CB2,,pack=0x4C;record=25;entry=0x77,,0xA9,0x02,cfg_t26_l131_v1,131,26,1,184,23,184,23,CD:247F,bounded substream tail; destination record0 entry 0x02 exists; destination entry has aligned 0x58 coordinate setter at CD:247F,strong_candidate,C4:8B3F opcode 0x53 wrapper calls C4:8B6A transition core; the core writes operand1 to $0305 and operand2 to $13B8/$13B9; exact bounded tail ends in compact B0; C4:8BE2 opcode 0x58 writes destination coordinates,canonical_rom_sha256=F6A345E2F07F0CBC4EFF7D4FF06AE88A814A98FDF100C7BF7351168C73916A98;tools/python/catalog_map_transition_candidates.py;C4:8B3F;C4:8B6A;C4:8BE2
,,,,0x4C,26,0x77,vm_opcode_0x53_transition_wrapper_terminal,CC:0CCF,,pack=0x4C;record=26;entry=0x77,,0x6B,0x02,cfg_t05_l042_v2,42,5,2,24,72,24,72,CC:5A8D,bounded substream tail; destination record0 entry 0x02 exists; destination entry has aligned 0x58 coordinate setter at CC:5A8D,strong_candidate,C4:8B3F opcode 0x53 wrapper calls C4:8B6A transition core; the core writes operand1 to $0305 and operand2 to $13B8/$13B9; exact bounded tail ends in compact B0; C4:8BE2 opcode 0x58 writes destination coordinates,canonical_rom_sha256=F6A345E2F07F0CBC4EFF7D4FF06AE88A814A98FDF100C7BF7351168C73916A98;tools/python/catalog_map_transition_candidates.py;C4:8B3F;C4:8B6A;C4:8BE2
,,,,0x4C,28,0x77,vm_opcode_0x53_transition_wrapper_terminal,CC:0D03,,pack=0x4C;record=28;entry=0x77,,0x6E,0x02,cfg_t05_l043_v2,43,5,2,58,55,58,55,CC:63F4,bounded substream tail; destination record0 entry 0x02 exists; destination entry has aligned 0x58 coordinate setter at CC:63F4,strong_candidate,C4:8B3F opcode 0x53 wrapper calls C4:8B6A transition core; the core writes operand1 to $0305 and operand2 to $13B8/$13B9; exact bounded tail ends in compact B0; C4:8BE2 opcode 0x58 writes destination coordinates,canonical_rom_sha256=F6A345E2F07F0CBC4EFF7D4FF06AE88A814A98FDF100C7BF7351168C73916A98;tools/python/catalog_map_transition_candidates.py;C4:8B3F;C4:8B6A;C4:8BE2
,,,,0x4C,29,0x77,vm_opcode_0x53_transition_wrapper_terminal,CC:0D12,,pack=0x4C;record=29;entry=0x77,,0x65,0x02,cfg_t04_l044_v2,44,4,2,58,55,58,55,CC:45A2,bounded substream tail; destination record0 entry 0x02 exists; destination entry has aligned 0x58 coordinate setter at CC:45A2,strong_candidate,C4:8B3F opcode 0x53 wrapper calls C4:8B6A transition core; the core writes operand1 to $0305 and operand2 to $13B8/$13B9; exact bounded tail ends in compact B0; C4:8BE2 opcode 0x58 writes destination coordinates,canonical_rom_sha256=F6A345E2F07F0CBC4EFF7D4FF06AE88A814A98FDF100C7BF7351168C73916A98;tools/python/catalog_map_transition_candidates.py;C4:8B3F;C4:8B6A;C4:8BE2
,,,,0x4C,30,0x77,vm_opcode_0x53_transition_wrapper_terminal,CC:0D1F,,pack=0x4C;record=30;entry=0x77,,0xAB,0x02,cfg_t49_l176_v2,176,49,2,22,5,22,5,CD:3097,bounded substream tail; destination record0 entry 0x02 exists; destination entry has aligned 0x58 coordinate setter at CD:3097,strong_candidate,C4:8B3F opcode 0x53 wrapper calls C4:8B6A transition core; the core writes operand1 to $0305 and operand2 to $13B8/$13B9; exact bounded tail ends in compact B0; C4:8BE2 opcode 0x58 writes destination coordinates,canonical_rom_sha256=F6A345E2F07F0CBC4EFF7D4FF06AE88A814A98FDF100C7BF7351168C73916A98;tools/python/catalog_map_transition_candidates.py;C4:8B3F;C4:8B6A;C4:8BE2
,,,,0x4C,31,0x77,vm_opcode_0x53_transition_wrapper_terminal,CC:0D37,,pack=0x4C;record=31;entry=0x77,,0x70,0x02,cfg_t04_l045_v2,45,4,2,45,94,45,94,CC:6DC5,bounded substream tail; destination record0 entry 0x02 exists; destination entry has aligned 0x58 coordinate setter at CC:6DC5,strong_candidate,C4:8B3F opcode 0x53 wrapper calls C4:8B6A transition core; the core writes operand1 to $0305 and operand2 to $13B8/$13B9; exact bounded tail ends in compact B0; C4:8BE2 opcode 0x58 writes destination coordinates,canonical_rom_sha256=F6A345E2F07F0CBC4EFF7D4FF06AE88A814A98FDF100C7BF7351168C73916A98;tools/python/catalog_map_transition_candidates.py;C4:8B3F;C4:8B6A;C4:8BE2
,,,,0x4C,32,0x77,vm_opcode_0x53_transition_wrapper_terminal,CC:0D44,,pack=0x4C;record=32;entry=0x77,,0x8A,0x02,cfg_t56_l194_v1,194,56,1,30,56,30,56,CC:C66D,bounded substream tail; destination record0 entry 0x02 exists; destination entry has aligned 0x58 coordinate setter at CC:C66D,strong_candidate,C4:8B3F opcode 0x53 wrapper calls C4:8B6A transition core; the core writes operand1 to $0305 and operand2 to $13B8/$13B9; exact bounded tail ends in compact B0; C4:8BE2 opcode 0x58 writes destination coordinates,canonical_rom_sha256=F6A345E2F07F0CBC4EFF7D4FF06AE88A814A98FDF100C7BF7351168C73916A98;tools/python/catalog_map_transition_candidates.py;C4:8B3F;C4:8B6A;C4:8BE2
,,,,0x4C,33,0x77,vm_opcode_0x53_transition_wrapper_terminal,CC:0D51,,pack=0x4C;record=33;entry=0x77,,0x87,0x02,cfg_t44_l167_v1,167,44,1,30,53,30,53,CC:BFB8,bounded substream tail; destination record0 entry 0x02 exists; destination entry has aligned 0x58 coordinate setter at CC:BFB8,strong_candidate,C4:8B3F opcode 0x53 wrapper calls C4:8B6A transition core; the core writes operand1 to $0305 and operand2 to $13B8/$13B9; exact bounded tail ends in compact B0; C4:8BE2 opcode 0x58 writes destination coordinates,canonical_rom_sha256=F6A345E2F07F0CBC4EFF7D4FF06AE88A814A98FDF100C7BF7351168C73916A98;tools/python/catalog_map_transition_candidates.py;C4:8B3F;C4:8B6A;C4:8BE2
,,,,0x4C,34,0x77,vm_opcode_0x53_transition_wrapper_terminal,CC:0D69,,pack=0x4C;record=34;entry=0x77,,0x86,0x02,cfg_t43_l165_v2,165,43,2,23,46,23,46,CC:BE17,bounded substream tail; destination record0 entry 0x02 exists; destination entry has aligned 0x58 coordinate setter at CC:BE17,strong_candidate,C4:8B3F opcode 0x53 wrapper calls C4:8B6A transition core; the core writes operand1 to $0305 and operand2 to $13B8/$13B9; exact bounded tail ends in compact B0; C4:8BE2 opcode 0x58 writes destination coordinates,canonical_rom_sha256=F6A345E2F07F0CBC4EFF7D4FF06AE88A814A98FDF100C7BF7351168C73916A98;tools/python/catalog_map_transition_candidates.py;C4:8B3F;C4:8B6A;C4:8BE2
,,,,0x4C,35,0x77,vm_opcode_0x53_transition_wrapper_terminal,CC:0D76,,pack=0x4C;record=35;entry=0x77,,0x86,0x03,cfg_t43_l165_v2,165,43,2,23,9,23,9,CC:BE22,bounded substream tail; destination record0 entry 0x03 exists; destination entry has aligned 0x58 coordinate setter at CC:BE22,strong_candidate,C4:8B3F opcode 0x53 wrapper calls C4:8B6A transition core; the core writes operand1 to $0305 and operand2 to $13B8/$13B9; exact bounded tail ends in compact B0; C4:8BE2 opcode 0x58 writes destination coordinates,canonical_rom_sha256=F6A345E2F07F0CBC4EFF7D4FF06AE88A814A98FDF100C7BF7351168C73916A98;tools/python/catalog_map_transition_candidates.py;C4:8B3F;C4:8B6A;C4:8BE2
,,,,0x4C,36,0x79,vm_opcode_0x53_transition_wrapper_terminal,CC:0D8F,,pack=0x4C;record=36;entry=0x79,,0xCD,0x02,cfg_t05_l083_v2,83,5,2,7,20,7,20,CD:9020,bounded substream tail; destination record0 entry 0x02 exists; destination entry has aligned 0x58 coordinate setter at CD:9020,strong_candidate,C4:8B3F opcode 0x53 wrapper calls C4:8B6A transition core; the core writes operand1 to $0305 and operand2 to $13B8/$13B9; exact bounded tail ends in compact B0; C4:8BE2 opcode 0x58 writes destination coordinates,canonical_rom_sha256=F6A345E2F07F0CBC4EFF7D4FF06AE88A814A98FDF100C7BF7351168C73916A98;tools/python/catalog_map_transition_candidates.py;C4:8B3F;C4:8B6A;C4:8BE2
,,,,0x4C,37,0x77,vm_opcode_0x53_transition_wrapper_terminal,CC:0D9C,,pack=0x4C;record=37;entry=0x77,,0x80,0x02,cfg_t05_l020_v2,20,5,2,24,40,24,40,CC:A76A,bounded substream tail; destination record0 entry 0x02 exists; destination entry has aligned 0x58 coordinate setter at CC:A76A,strong_candidate,C4:8B3F opcode 0x53 wrapper calls C4:8B6A transition core; the core writes operand1 to $0305 and operand2 to $13B8/$13B9; exact bounded tail ends in compact B0; C4:8BE2 opcode 0x58 writes destination coordinates,canonical_rom_sha256=F6A345E2F07F0CBC4EFF7D4FF06AE88A814A98FDF100C7BF7351168C73916A98;tools/python/catalog_map_transition_candidates.py;C4:8B3F;C4:8B6A;C4:8BE2
,,,,0x4C,38,0x77,vm_opcode_0x53_transition_wrapper_terminal,CC:0DAB,,pack=0x4C;record=38;entry=0x77,,0xAD,0x02,cfg_t34_l148_v1,148,34,1,7,30,7,30,CD:34D6,bounded substream tail; destination record0 entry 0x02 exists; destination entry has aligned 0x58 coordinate setter at CD:34D6,strong_candidate,C4:8B3F opcode 0x53 wrapper calls C4:8B6A transition core; the core writes operand1 to $0305 and operand2 to $13B8/$13B9; exact bounded tail ends in compact B0; C4:8BE2 opcode 0x58 writes destination coordinates,canonical_rom_sha256=F6A345E2F07F0CBC4EFF7D4FF06AE88A814A98FDF100C7BF7351168C73916A98;tools/python/catalog_map_transition_candidates.py;C4:8B3F;C4:8B6A;C4:8BE2
,,,,0x4C,39,0x77,vm_opcode_0x53_transition_wrapper_terminal,CC:0DB8,,pack=0x4C;record=39;entry=0x77,,0xAE,0x02,cfg_t11_l101_v2,101,11,2,,,,,,bounded substream tail; destination record0 entry 0x02 exists,strong_candidate,C4:8B3F opcode 0x53 wrapper calls C4:8B6A transition core; the core writes operand1 to $0305 and operand2 to $13B8/$13B9; exact bounded tail ends in compact B0,canonical_rom_sha256=F6A345E2F07F0CBC4EFF7D4FF06AE88A814A98FDF100C7BF7351168C73916A98;tools/python/catalog_map_transition_candidates.py;C4:8B3F;C4:8B6A;C4:8BE2
,,,,0x4C,40,0x77,vm_opcode_0x53_transition_wrapper_terminal,CC:0DC5,,pack=0x4C;record=40;entry=0x77,,0xB0,0x03,cfg_t11_l101_v2,101,11,2,61,38,61,38,CD:4079,bounded substream tail; destination record0 entry 0x03 exists; destination entry has aligned 0x58 coordinate setter at CD:4079,strong_candidate,C4:8B3F opcode 0x53 wrapper calls C4:8B6A transition core; the core writes operand1 to $0305 and operand2 to $13B8/$13B9; exact bounded tail ends in compact B0; C4:8BE2 opcode 0x58 writes destination coordinates,canonical_rom_sha256=F6A345E2F07F0CBC4EFF7D4FF06AE88A814A98FDF100C7BF7351168C73916A98;tools/python/catalog_map_transition_candidates.py;C4:8B3F;C4:8B6A;C4:8BE2
,,,,0x4C,41,0x77,vm_opcode_0x53_transition_wrapper_terminal,CC:0DD6,,pack=0x4C;record=41;entry=0x77,,0x54,0x02,,,,,16,24,16,24,CC:27F1,bounded substream tail; destination record0 entry 0x02 exists; destination entry has aligned 0x58 coordinate setter at CC:27F1,strong_candidate,C4:8B3F opcode 0x53 wrapper calls C4:8B6A transition core; the core writes operand1 to $0305 and operand2 to $13B8/$13B9; exact bounded tail ends in compact B0; C4:8BE2 opcode 0x58 writes destination coordinates,canonical_rom_sha256=F6A345E2F07F0CBC4EFF7D4FF06AE88A814A98FDF100C7BF7351168C73916A98;tools/python/catalog_map_transition_candidates.py;C4:8B3F;C4:8B6A;C4:8BE2
,,,,0x4C,42,0x77,vm_opcode_0x53_transition_wrapper_terminal,CC:0DE3,,pack=0x4C;record=42;entry=0x77,,0x5D,0x02,cfg_t04_l018_v2,18,4,2,24,40,24,40,CC:3700,bounded substream tail; destination record0 entry 0x02 exists; destination entry has aligned 0x58 coordinate setter at CC:3700,strong_candidate,C4:8B3F opcode 0x53 wrapper calls C4:8B6A transition core; the core writes operand1 to $0305 and operand2 to $13B8/$13B9; exact bounded tail ends in compact B0; C4:8BE2 opcode 0x58 writes destination coordinates,canonical_rom_sha256=F6A345E2F07F0CBC4EFF7D4FF06AE88A814A98FDF100C7BF7351168C73916A98;tools/python/catalog_map_transition_candidates.py;C4:8B3F;C4:8B6A;C4:8BE2
,,,,0x4C,43,0x79,vm_opcode_0x53_transition_wrapper_terminal,CC:0DF8,,pack=0x4C;record=43;entry=0x79,,0x77,0x04,cfg_t28_l136_v2,136,28,2,9,43,9,43,CC:91D3,bounded substream tail; destination record0 entry 0x04 exists; destination entry has aligned 0x58 coordinate setter at CC:91D3,strong_candidate,C4:8B3F opcode 0x53 wrapper calls C4:8B6A transition core; the core writes operand1 to $0305 and operand2 to $13B8/$13B9; exact bounded tail ends in compact B0; C4:8BE2 opcode 0x58 writes destination coordinates,canonical_rom_sha256=F6A345E2F07F0CBC4EFF7D4FF06AE88A814A98FDF100C7BF7351168C73916A98;tools/python/catalog_map_transition_candidates.py;C4:8B3F;C4:8B6A;C4:8BE2
,,,,0x4C,44,0x77,vm_opcode_0x53_transition_wrapper_terminal,CC:0E0D,,pack=0x4C;record=44;entry=0x77,,0x81,0x02,,,,,37,15,37,15,CC:A8FD,bounded substream tail; destination record0 entry 0x02 exists; destination entry has aligned 0x58 coordinate setter at CC:A8FD,strong_candidate,C4:8B3F opcode 0x53 wrapper calls C4:8B6A transition core; the core writes operand1 to $0305 and operand2 to $13B8/$13B9; exact bounded tail ends in compact B0; C4:8BE2 opcode 0x58 writes destination coordinates,canonical_rom_sha256=F6A345E2F07F0CBC4EFF7D4FF06AE88A814A98FDF100C7BF7351168C73916A98;tools/python/catalog_map_transition_candidates.py;C4:8B3F;C4:8B6A;C4:8BE2
,,,,0x4C,45,0x77,vm_opcode_0x53_transition_wrapper_terminal,CC:0E57,,pack=0x4C;record=45;entry=0x77,,0xB1,0x02,cfg_t29_l138_v2,138,29,2,224,40,224,40,CD:42E6,bounded substream tail; destination record0 entry 0x02 exists; destination entry has aligned 0x58 coordinate setter at CD:42E6,strong_candidate,C4:8B3F opcode 0x53 wrapper calls C4:8B6A transition core; the core writes operand1 to $0305 and operand2 to $13B8/$13B9; exact bounded tail ends in compact B0; C4:8BE2 opcode 0x58 writes destination coordinates,canonical_rom_sha256=F6A345E2F07F0CBC4EFF7D4FF06AE88A814A98FDF100C7BF7351168C73916A98;tools/python/catalog_map_transition_candidates.py;C4:8B3F;C4:8B6A;C4:8BE2
,,,,0x4C,46,0x77,vm_opcode_0x53_transition_wrapper_terminal,CC:0E70,,pack=0x4C;record=46;entry=0x77,,0xB6,0x07,cfg_t30_l140_v2,140,30,2,,,,,,bounded substream tail; destination record0 entry 0x07 exists,strong_candidate,C4:8B3F opcode 0x53 wrapper calls C4:8B6A transition core; the core writes operand1 to $0305 and operand2 to $13B8/$13B9; exact bounded tail ends in compact B0,canonical_rom_sha256=F6A345E2F07F0CBC4EFF7D4FF06AE88A814A98FDF100C7BF7351168C73916A98;tools/python/catalog_map_transition_candidates.py;C4:8B3F;C4:8B6A;C4:8BE2
,,,,0x4C,47,0x77,vm_opcode_0x53_transition_wrapper_terminal,CC:0E88,,pack=0x4C;record=47;entry=0x77,,0x82,0x02,cfg_t04_l059_v2,59,4,2,40,59,40,59,CC:B2CD,bounded substream tail; destination record0 entry 0x02 exists; destination entry has aligned 0x58 coordinate setter at CC:B2CD,strong_candidate,C4:8B3F opcode 0x53 wrapper calls C4:8B6A transition core; the core writes operand1 to $0305 and operand2 to $13B8/$13B9; exact bounded tail ends in compact B0; C4:8BE2 opcode 0x58 writes destination coordinates,canonical_rom_sha256=F6A345E2F07F0CBC4EFF7D4FF06AE88A814A98FDF100C7BF7351168C73916A98;tools/python/catalog_map_transition_candidates.py;C4:8B3F;C4:8B6A;C4:8BE2
,,,,0x4C,48,0x77,vm_opcode_0x53_transition_wrapper_terminal,CC:0F1D,,pack=0x4C;record=48;entry=0x77,,0x8C,0x02,cfg_t04_l062_v2,62,4,2,31,48,31,48,CC:C8F4,bounded substream tail; destination record0 entry 0x02 exists; destination entry has aligned 0x58 coordinate setter at CC:C8F4,strong_candidate,C4:8B3F opcode 0x53 wrapper calls C4:8B6A transition core; the core writes operand1 to $0305 and operand2 to $13B8/$13B9; exact bounded tail ends in compact B0; C4:8BE2 opcode 0x58 writes destination coordinates,canonical_rom_sha256=F6A345E2F07F0CBC4EFF7D4FF06AE88A814A98FDF100C7BF7351168C73916A98;tools/python/catalog_map_transition_candidates.py;C4:8B3F;C4:8B6A;C4:8BE2
,,,,0x4C,49,0x77,vm_opcode_0x53_transition_wrapper_terminal,CC:0F2E,,pack=0x4C;record=49;entry=0x77,,0x54,0x02,,,,,16,24,16,24,CC:27F1,bounded substream tail; destination record0 entry 0x02 exists; destination entry has aligned 0x58 coordinate setter at CC:27F1,strong_candidate,C4:8B3F opcode 0x53 wrapper calls C4:8B6A transition core; the core writes operand1 to $0305 and operand2 to $13B8/$13B9; exact bounded tail ends in compact B0; C4:8BE2 opcode 0x58 writes destination coordinates,canonical_rom_sha256=F6A345E2F07F0CBC4EFF7D4FF06AE88A814A98FDF100C7BF7351168C73916A98;tools/python/catalog_map_transition_candidates.py;C4:8B3F;C4:8B6A;C4:8BE2
,,,,0x4C,50,0x77,vm_opcode_0x53_transition_wrapper_terminal,CC:0F3B,,pack=0x4C;record=50;entry=0x77,,0xB7,0x02,cfg_t47_l172_v2,172,47,2,,,,,,bounded substream tail; destination record0 entry 0x02 exists,strong_candidate,C4:8B3F opcode 0x53 wrapper calls C4:8B6A transition core; the core writes operand1 to $0305 and operand2 to $13B8/$13B9; exact bounded tail ends in compact B0,canonical_rom_sha256=F6A345E2F07F0CBC4EFF7D4FF06AE88A814A98FDF100C7BF7351168C73916A98;tools/python/catalog_map_transition_candidates.py;C4:8B3F;C4:8B6A;C4:8BE2
,,,,0x4C,51,0x77,vm_opcode_0x53_transition_wrapper_terminal,CC:0F48,,pack=0x4C;record=51;entry=0x77,,0x5E,0x02,cfg_t04_l018_v2,18,4,2,24,40,24,40,CC:383C,bounded substream tail; destination record0 entry 0x02 exists; destination entry has aligned 0x58 coordinate setter at CC:383C,strong_candidate,C4:8B3F opcode 0x53 wrapper calls C4:8B6A transition core; the core writes operand1 to $0305 and operand2 to $13B8/$13B9; exact bounded tail ends in compact B0; C4:8BE2 opcode 0x58 writes destination coordinates,canonical_rom_sha256=F6A345E2F07F0CBC4EFF7D4FF06AE88A814A98FDF100C7BF7351168C73916A98;tools/python/catalog_map_transition_candidates.py;C4:8B3F;C4:8B6A;C4:8BE2
,,,,0x4C,52,0x77,vm_opcode_0x53_transition_wrapper_terminal,CC:0F55,,pack=0x4C;record=52;entry=0x77,,0x5F,0x02,cfg_t06_l021_v2,21,6,2,24,40,24,40,CC:3984,bounded substream tail; destination record0 entry 0x02 exists; destination entry has aligned 0x58 coordinate setter at CC:3984,strong_candidate,C4:8B3F opcode 0x53 wrapper calls C4:8B6A transition core; the core writes operand1 to $0305 and operand2 to $13B8/$13B9; exact bounded tail ends in compact B0; C4:8BE2 opcode 0x58 writes destination coordinates,canonical_rom_sha256=F6A345E2F07F0CBC4EFF7D4FF06AE88A814A98FDF100C7BF7351168C73916A98;tools/python/catalog_map_transition_candidates.py;C4:8B3F;C4:8B6A;C4:8BE2
,,,,0x4C,53,0x77,vm_opcode_0x53_transition_wrapper_terminal,CC:0F64,,pack=0x4C;record=53;entry=0x77,,0x83,0x02,cfg_t04_l070_v2,70,4,2,33,55,33,55,CC:B80E,bounded substream tail; destination record0 entry 0x02 exists; destination entry has aligned 0x58 coordinate setter at CC:B80E,strong_candidate,C4:8B3F opcode 0x53 wrapper calls C4:8B6A transition core; the core writes operand1 to $0305 and operand2 to $13B8/$13B9; exact bounded tail ends in compact B0; C4:8BE2 opcode 0x58 writes destination coordinates,canonical_rom_sha256=F6A345E2F07F0CBC4EFF7D4FF06AE88A814A98FDF100C7BF7351168C73916A98;tools/python/catalog_map_transition_candidates.py;C4:8B3F;C4:8B6A;C4:8BE2
,,,,0x4C,54,0x77,vm_opcode_0x53_transition_wrapper_terminal,CC:0F71,,pack=0x4C;record=54;entry=0x77,,0xBC,0x02,cfg_t32_l144_v1,144,32,1,,,,,,bounded substream tail; destination record0 entry 0x02 exists,strong_candidate,C4:8B3F opcode 0x53 wrapper calls C4:8B6A transition core; the core writes operand1 to $0305 and operand2 to $13B8/$13B9; exact bounded tail ends in compact B0,canonical_rom_sha256=F6A345E2F07F0CBC4EFF7D4FF06AE88A814A98FDF100C7BF7351168C73916A98;tools/python/catalog_map_transition_candidates.py;C4:8B3F;C4:8B6A;C4:8BE2
,,,,0x4C,55,0x77,vm_opcode_0x53_transition_wrapper_terminal,CC:0F7E,,pack=0x4C;record=55;entry=0x77,,0x90,0x02,cfg_t04_l081_v2,81,4,2,23,39,23,39,CC:D174,bounded substream tail; destination record0 entry 0x02 exists; destination entry has aligned 0x58 coordinate setter at CC:D174,strong_candidate,C4:8B3F opcode 0x53 wrapper calls C4:8B6A transition core; the core writes operand1 to $0305 and operand2 to $13B8/$13B9; exact bounded tail ends in compact B0; C4:8BE2 opcode 0x58 writes destination coordinates,canonical_rom_sha256=F6A345E2F07F0CBC4EFF7D4FF06AE88A814A98FDF100C7BF7351168C73916A98;tools/python/catalog_map_transition_candidates.py;C4:8B3F;C4:8B6A;C4:8BE2
,,,,0x4C,56,0x77,vm_opcode_0x53_transition_wrapper_terminal,CC:0F8F,,pack=0x4C;record=56;entry=0x77,,0x54,0x02,,,,,16,24,16,24,CC:27F1,bounded substream tail; destination record0 entry 0x02 exists; destination entry has aligned 0x58 coordinate setter at CC:27F1,strong_candidate,C4:8B3F opcode 0x53 wrapper calls C4:8B6A transition core; the core writes operand1 to $0305 and operand2 to $13B8/$13B9; exact bounded tail ends in compact B0; C4:8BE2 opcode 0x58 writes destination coordinates,canonical_rom_sha256=F6A345E2F07F0CBC4EFF7D4FF06AE88A814A98FDF100C7BF7351168C73916A98;tools/python/catalog_map_transition_candidates.py;C4:8B3F;C4:8B6A;C4:8BE2
,,,,0x4C,57,0x77,vm_opcode_0x53_transition_wrapper_terminal,CC:0F9C,,pack=0x4C;record=57;entry=0x77,,0x8E,0x02,cfg_t04_l060_v1,60,4,1,31,69,31,69,CC:CCB9,bounded substream tail; destination record0 entry 0x02 exists; destination entry has aligned 0x58 coordinate setter at CC:CCB9,strong_candidate,C4:8B3F opcode 0x53 wrapper calls C4:8B6A transition core; the core writes operand1 to $0305 and operand2 to $13B8/$13B9; exact bounded tail ends in compact B0; C4:8BE2 opcode 0x58 writes destination coordinates,canonical_rom_sha256=F6A345E2F07F0CBC4EFF7D4FF06AE88A814A98FDF100C7BF7351168C73916A98;tools/python/catalog_map_transition_candidates.py;C4:8B3F;C4:8B6A;C4:8BE2
,,,,0x4C,58,0x77,vm_opcode_0x53_transition_wrapper_terminal,CC:0FA9,,pack=0x4C;record=58;entry=0x77,,0xBD,0x02,cfg_t36_l150_v2,150,36,2,,,,,,bounded substream tail; destination record0 entry 0x02 exists,strong_candidate,C4:8B3F opcode 0x53 wrapper calls C4:8B6A transition core; the core writes operand1 to $0305 and operand2 to $13B8/$13B9; exact bounded tail ends in compact B0,canonical_rom_sha256=F6A345E2F07F0CBC4EFF7D4FF06AE88A814A98FDF100C7BF7351168C73916A98;tools/python/catalog_map_transition_candidates.py;C4:8B3F;C4:8B6A;C4:8BE2
,,,,0x4C,59,0x77,vm_opcode_0x53_transition_wrapper_terminal,CC:0FB6,,pack=0x4C;record=59;entry=0x77,,0xB9,0x02,cfg_t25_l129_v2,129,25,2,,,,,,bounded substream tail; destination record0 entry 0x02 exists,strong_candidate,C4:8B3F opcode 0x53 wrapper calls C4:8B6A transition core; the core writes operand1 to $0305 and operand2 to $13B8/$13B9; exact bounded tail ends in compact B0,canonical_rom_sha256=F6A345E2F07F0CBC4EFF7D4FF06AE88A814A98FDF100C7BF7351168C73916A98;tools/python/catalog_map_transition_candidates.py;C4:8B3F;C4:8B6A;C4:8BE2
,,,,0x4C,60,0x77,vm_opcode_0x53_transition_wrapper_terminal,CC:0FD3,,pack=0x4C;record=60;entry=0x77,,0xCA,0x04,cfg_t04_l028_v2,28,4,2,16,24,16,24,CD:8E0E,bounded substream tail; destination record0 entry 0x04 exists; destination entry has aligned 0x58 coordinate setter at CD:8E0E,strong_candidate,C4:8B3F opcode 0x53 wrapper calls C4:8B6A transition core; the core writes operand1 to $0305 and operand2 to $13B8/$13B9; exact bounded tail ends in compact B0; C4:8BE2 opcode 0x58 writes destination coordinates,canonical_rom_sha256=F6A345E2F07F0CBC4EFF7D4FF06AE88A814A98FDF100C7BF7351168C73916A98;tools/python/catalog_map_transition_candidates.py;C4:8B3F;C4:8B6A;C4:8BE2
,,,,0x4C,61,0x77,vm_opcode_0x53_transition_wrapper_terminal,CC:1160,,pack=0x4C;record=61;entry=0x77,,0xCE,0x02,,,,,22,28,22,28,CD:91D8,bounded substream tail; destination record0 entry 0x02 exists; destination entry has aligned 0x58 coordinate setter at CD:91D8,strong_candidate,C4:8B3F opcode 0x53 wrapper calls C4:8B6A transition core; the core writes operand1 to $0305 and operand2 to $13B8/$13B9; exact bounded tail ends in compact B0; C4:8BE2 opcode 0x58 writes destination coordinates,canonical_rom_sha256=F6A345E2F07F0CBC4EFF7D4FF06AE88A814A98FDF100C7BF7351168C73916A98;tools/python/catalog_map_transition_candidates.py;C4:8B3F;C4:8B6A;C4:8BE2
,,,,0x4C,88,0x79,vm_opcode_0x53_transition_wrapper_terminal,CC:14CC,,pack=0x4C;record=88;entry=0x79,,0x76,0x02,cfg_t50_l178_v1,178,50,1,,,,,,bounded substream tail; destination record0 entry 0x02 exists,strong_candidate,C4:8B3F opcode 0x53 wrapper calls C4:8B6A transition core; the core writes operand1 to $0305 and operand2 to $13B8/$13B9; exact bounded tail ends in compact B0,canonical_rom_sha256=F6A345E2F07F0CBC4EFF7D4FF06AE88A814A98FDF100C7BF7351168C73916A98;tools/python/catalog_map_transition_candidates.py;C4:8B3F;C4:8B6A;C4:8BE2
,,,,0x4C,88,0x82,vm_opcode_0x53_transition_wrapper_terminal,CC:1504,,pack=0x4C;record=88;entry=0x82,,0x76,0x02,cfg_t50_l178_v1,178,50,1,,,,,,bounded substream tail; destination record0 entry 0x02 exists,strong_candidate,C4:8B3F opcode 0x53 wrapper calls C4:8B6A transition core; the core writes operand1 to $0305 and operand2 to $13B8/$13B9; exact bounded tail ends in compact B0,canonical_rom_sha256=F6A345E2F07F0CBC4EFF7D4FF06AE88A814A98FDF100C7BF7351168C73916A98;tools/python/catalog_map_transition_candidates.py;C4:8B3F;C4:8B6A;C4:8BE2
,,,,0x4C,91,0x77,vm_opcode_0x53_transition_wrapper_terminal,CC:15D5,,pack=0x4C;record=91;entry=0x77,,0x75,0x02,cfg_t50_l178_v1,178,50,1,,,,,,bounded substream tail; destination record0 entry 0x02 exists,strong_candidate,C4:8B3F opcode 0x53 wrapper calls C4:8B6A transition core; the core writes operand1 to $0305 and operand2 to $13B8/$13B9; exact bounded tail ends in compact B0,canonical_rom_sha256=F6A345E2F07F0CBC4EFF7D4FF06AE88A814A98FDF100C7BF7351168C73916A98;tools/python/catalog_map_transition_candidates.py;C4:8B3F;C4:8B6A;C4:8BE2
,,,,0x4C,93,0x79,vm_opcode_0x53_transition_wrapper_terminal,CC:169E,,pack=0x4C;record=93;entry=0x79,,0xCB,0x02,cfg_t04_l082_v2,82,4,2,22,34,22,34,CD:8E9D,bounded substream tail; destination record0 entry 0x02 exists; destination entry has aligned 0x58 coordinate setter at CD:8E9D,strong_candidate,C4:8B3F opcode 0x53 wrapper calls C4:8B6A transition core; the core writes operand1 to $0305 and operand2 to $13B8/$13B9; exact bounded tail ends in compact B0; C4:8BE2 opcode 0x58 writes destination coordinates,canonical_rom_sha256=F6A345E2F07F0CBC4EFF7D4FF06AE88A814A98FDF100C7BF7351168C73916A98;tools/python/catalog_map_transition_candidates.py;C4:8B3F;C4:8B6A;C4:8BE2
,,,,0x4C,98,0x43,vm_opcode_0x53_transition_wrapper_terminal,CC:1771,,pack=0x4C;record=98;entry=0x43,,0xEF,0x05,,,,,,,,,,bounded substream tail; destination record0 entry 0x05 exists,strong_candidate,C4:8B3F opcode 0x53 wrapper calls C4:8B6A transition core; the core writes operand1 to $0305 and operand2 to $13B8/$13B9; exact bounded tail ends in compact B0,canonical_rom_sha256=F6A345E2F07F0CBC4EFF7D4FF06AE88A814A98FDF100C7BF7351168C73916A98;tools/python/catalog_map_transition_candidates.py;C4:8B3F;C4:8B6A;C4:8BE2
,,,,0x4C,98,0x44,vm_opcode_0x53_transition_wrapper_terminal,CC:1782,,pack=0x4C;record=98;entry=0x44,,0xEF,0x05,,,,,,,,,,bounded substream tail; destination record0 entry 0x05 exists,strong_candidate,C4:8B3F opcode 0x53 wrapper calls C4:8B6A transition core; the core writes operand1 to $0305 and operand2 to $13B8/$13B9; exact bounded tail ends in compact B0,canonical_rom_sha256=F6A345E2F07F0CBC4EFF7D4FF06AE88A814A98FDF100C7BF7351168C73916A98;tools/python/catalog_map_transition_candidates.py;C4:8B3F;C4:8B6A;C4:8BE2
,,,,0x4D,1,0x77,vm_opcode_0x53_transition_wrapper_terminal,CC:18CD,,pack=0x4D;record=1;entry=0x77,,0x4E,0x02,cfg_t07_l007_v2,7,7,2,6,10,6,10,CC:1907,bounded substream tail; destination record0 entry 0x02 exists; destination entry has aligned 0x58 coordinate setter at CC:1907,strong_candidate,C4:8B3F opcode 0x53 wrapper calls C4:8B6A transition core; the core writes operand1 to $0305 and operand2 to $13B8/$13B9; exact bounded tail ends in compact B0; C4:8BE2 opcode 0x58 writes destination coordinates,canonical_rom_sha256=F6A345E2F07F0CBC4EFF7D4FF06AE88A814A98FDF100C7BF7351168C73916A98;tools/python/catalog_map_transition_candidates.py;C4:8B3F;C4:8B6A;C4:8BE2
,,,,0x50,1,0x77,vm_opcode_0x53_transition_wrapper_terminal,CC:1C7F,,pack=0x50;record=1;entry=0x77,,0x51,0x02,cfg_t07_l009_v2,9,7,2,6,10,6,10,CC:1F4A,bounded substream tail; destination record0 entry 0x02 exists; destination entry has aligned 0x58 coordinate setter at CC:1F4A,strong_candidate,C4:8B3F opcode 0x53 wrapper calls C4:8B6A transition core; the core writes operand1 to $0305 and operand2 to $13B8/$13B9; exact bounded tail ends in compact B0; C4:8BE2 opcode 0x58 writes destination coordinates,canonical_rom_sha256=F6A345E2F07F0CBC4EFF7D4FF06AE88A814A98FDF100C7BF7351168C73916A98;tools/python/catalog_map_transition_candidates.py;C4:8B3F;C4:8B6A;C4:8BE2
,,,,0x50,2,0x77,vm_opcode_0x53_transition_wrapper_terminal,CC:1C8C,,pack=0x50;record=2;entry=0x77,,0x52,0x02,cfg_t07_l010_v2,10,7,2,6,10,6,10,CC:2134,bounded substream tail; destination record0 entry 0x02 exists; destination entry has aligned 0x58 coordinate setter at CC:2134,strong_candidate,C4:8B3F opcode 0x53 wrapper calls C4:8B6A transition core; the core writes operand1 to $0305 and operand2 to $13B8/$13B9; exact bounded tail ends in compact B0; C4:8BE2 opcode 0x58 writes destination coordinates,canonical_rom_sha256=F6A345E2F07F0CBC4EFF7D4FF06AE88A814A98FDF100C7BF7351168C73916A98;tools/python/catalog_map_transition_candidates.py;C4:8B3F;C4:8B6A;C4:8BE2
,,,,0x50,3,0x77,vm_opcode_0x53_transition_wrapper_terminal,CC:1C99,,pack=0x50;record=3;entry=0x77,,0x29,0x02,cfg_t07_l014_v2,14,7,2,5,10,5,10,CB:D729,bounded substream tail; destination record0 entry 0x02 exists; destination entry has aligned 0x58 coordinate setter at CB:D729,strong_candidate,C4:8B3F opcode 0x53 wrapper calls C4:8B6A transition core; the core writes operand1 to $0305 and operand2 to $13B8/$13B9; exact bounded tail ends in compact B0; C4:8BE2 opcode 0x58 writes destination coordinates,canonical_rom_sha256=F6A345E2F07F0CBC4EFF7D4FF06AE88A814A98FDF100C7BF7351168C73916A98;tools/python/catalog_map_transition_candidates.py;C4:8B3F;C4:8B6A;C4:8BE2
,,,,0x50,4,0x77,vm_opcode_0x53_transition_wrapper_terminal,CC:1CA6,,pack=0x50;record=4;entry=0x77,,0x2A,0x02,cfg_t07_l016_v2,16,7,2,3,14,3,14,CB:D792,bounded substream tail; destination record0 entry 0x02 exists; destination entry has aligned 0x58 coordinate setter at CB:D792,strong_candidate,C4:8B3F opcode 0x53 wrapper calls C4:8B6A transition core; the core writes operand1 to $0305 and operand2 to $13B8/$13B9; exact bounded tail ends in compact B0; C4:8BE2 opcode 0x58 writes destination coordinates,canonical_rom_sha256=F6A345E2F07F0CBC4EFF7D4FF06AE88A814A98FDF100C7BF7351168C73916A98;tools/python/catalog_map_transition_candidates.py;C4:8B3F;C4:8B6A;C4:8BE2
,,,,0x50,5,0x77,vm_opcode_0x53_transition_wrapper_terminal,CC:1CB3,,pack=0x50;record=5;entry=0x77,,0x2B,0x02,cfg_t07_l012_v2,12,7,2,5,10,5,10,CB:D97A,bounded substream tail; destination record0 entry 0x02 exists; destination entry has aligned 0x58 coordinate setter at CB:D97A,strong_candidate,C4:8B3F opcode 0x53 wrapper calls C4:8B6A transition core; the core writes operand1 to $0305 and operand2 to $13B8/$13B9; exact bounded tail ends in compact B0; C4:8BE2 opcode 0x58 writes destination coordinates,canonical_rom_sha256=F6A345E2F07F0CBC4EFF7D4FF06AE88A814A98FDF100C7BF7351168C73916A98;tools/python/catalog_map_transition_candidates.py;C4:8B3F;C4:8B6A;C4:8BE2
,,,,0x50,6,0x77,vm_opcode_0x53_transition_wrapper_terminal,CC:1CC0,,pack=0x50;record=6;entry=0x77,,0x2C,0x02,,,,,6,10,6,10,CB:DA08,bounded substream tail; destination record0 entry 0x02 exists; destination entry has aligned 0x58 coordinate setter at CB:DA08,strong_candidate,C4:8B3F opcode 0x53 wrapper calls C4:8B6A transition core; the core writes operand1 to $0305 and operand2 to $13B8/$13B9; exact bounded tail ends in compact B0; C4:8BE2 opcode 0x58 writes destination coordinates,canonical_rom_sha256=F6A345E2F07F0CBC4EFF7D4FF06AE88A814A98FDF100C7BF7351168C73916A98;tools/python/catalog_map_transition_candidates.py;C4:8B3F;C4:8B6A;C4:8BE2
,,,,0x50,7,0x77,vm_opcode_0x53_transition_wrapper_terminal,CC:1CCD,,pack=0x50;record=7;entry=0x77,,0x2D,0x02,cfg_t07_l013_v2,13,7,2,6,10,6,10,CB:DD6D,bounded substream tail; destination record0 entry 0x02 exists; destination entry has aligned 0x58 coordinate setter at CB:DD6D,strong_candidate,C4:8B3F opcode 0x53 wrapper calls C4:8B6A transition core; the core writes operand1 to $0305 and operand2 to $13B8/$13B9; exact bounded tail ends in compact B0; C4:8BE2 opcode 0x58 writes destination coordinates,canonical_rom_sha256=F6A345E2F07F0CBC4EFF7D4FF06AE88A814A98FDF100C7BF7351168C73916A98;tools/python/catalog_map_transition_candidates.py;C4:8B3F;C4:8B6A;C4:8BE2
,,,,0x50,8,0x77,vm_opcode_0x53_transition_wrapper_terminal,CC:1CDA,,pack=0x50;record=8;entry=0x77,,0x2E,0x02,cfg_t07_l015_v2,15,7,2,9,12,9,12,CB:DE7C,bounded substream tail; destination record0 entry 0x02 exists; destination entry has aligned 0x58 coordinate setter at CB:DE7C,strong_candidate,C4:8B3F opcode 0x53 wrapper calls C4:8B6A transition core; the core writes operand1 to $0305 and operand2 to $13B8/$13B9; exact bounded tail ends in compact B0; C4:8BE2 opcode 0x58 writes destination coordinates,canonical_rom_sha256=F6A345E2F07F0CBC4EFF7D4FF06AE88A814A98FDF100C7BF7351168C73916A98;tools/python/catalog_map_transition_candidates.py;C4:8B3F;C4:8B6A;C4:8BE2
,,,,0x50,9,0x77,vm_opcode_0x53_transition_wrapper_terminal,CC:1CE7,,pack=0x50;record=9;entry=0x77,,0x2F,0x02,cfg_t07_l047_v2,47,7,2,6,10,6,10,CB:DF90,bounded substream tail; destination record0 entry 0x02 exists; destination entry has aligned 0x58 coordinate setter at CB:DF90,strong_candidate,C4:8B3F opcode 0x53 wrapper calls C4:8B6A transition core; the core writes operand1 to $0305 and operand2 to $13B8/$13B9; exact bounded tail ends in compact B0; C4:8BE2 opcode 0x58 writes destination coordinates,canonical_rom_sha256=F6A345E2F07F0CBC4EFF7D4FF06AE88A814A98FDF100C7BF7351168C73916A98;tools/python/catalog_map_transition_candidates.py;C4:8B3F;C4:8B6A;C4:8BE2
,,,,0x50,10,0x8C,vm_opcode_0x53_transition_wrapper_terminal,CC:1CFD,,pack=0x50;record=10;entry=0x8C,,0x4B,0x02,cfg_t07_l080_v2,80,7,2,7,15,7,15,CC:06F9,bounded substream tail; destination record0 entry 0x02 exists; destination entry has aligned 0x58 coordinate setter at CC:06F9,strong_candidate,C4:8B3F opcode 0x53 wrapper calls C4:8B6A transition core; the core writes operand1 to $0305 and operand2 to $13B8/$13B9; exact bounded tail ends in compact B0; C4:8BE2 opcode 0x58 writes destination coordinates,canonical_rom_sha256=F6A345E2F07F0CBC4EFF7D4FF06AE88A814A98FDF100C7BF7351168C73916A98;tools/python/catalog_map_transition_candidates.py;C4:8B3F;C4:8B6A;C4:8BE2
,,,,0x52,1,0x7C,vm_opcode_0x53_transition_wrapper_terminal,CC:2195,,pack=0x52;record=1;entry=0x7C,,0x1E,0x1F,,,,,0,0,0,0,CB:C51F,bounded substream tail; destination record0 entry 0x1F exists; destination entry has aligned 0x58 coordinate setter at CB:C51F,strong_candidate,C4:8B3F opcode 0x53 wrapper calls C4:8B6A transition core; the core writes operand1 to $0305 and operand2 to $13B8/$13B9; exact bounded tail ends in compact B0; C4:8BE2 opcode 0x58 writes destination coordinates,canonical_rom_sha256=F6A345E2F07F0CBC4EFF7D4FF06AE88A814A98FDF100C7BF7351168C73916A98;tools/python/catalog_map_transition_candidates.py;C4:8B3F;C4:8B6A;C4:8BE2
,,,,0x54,1,0x77,vm_opcode_0x53_transition_wrapper_terminal,CC:2806,,pack=0x54;record=1;entry=0x77,,0x59,0x02,cfg_t07_l033_v2,33,7,2,5,8,5,8,CC:2C43,bounded substream tail; destination record0 entry 0x02 exists; destination entry has aligned 0x58 coordinate setter at CC:2C43,strong_candidate,C4:8B3F opcode 0x53 wrapper calls C4:8B6A transition core; the core writes operand1 to $0305 and operand2 to $13B8/$13B9; exact bounded tail ends in compact B0; C4:8BE2 opcode 0x58 writes destination coordinates,canonical_rom_sha256=F6A345E2F07F0CBC4EFF7D4FF06AE88A814A98FDF100C7BF7351168C73916A98;tools/python/catalog_map_transition_candidates.py;C4:8B3F;C4:8B6A;C4:8BE2
,,,,0x5A,1,0x77,vm_opcode_0x53_transition_wrapper_terminal,CC:3303,,pack=0x5A;record=1;entry=0x77,,0x33,0x02,cfg_t07_l026_v2,26,7,2,5,10,5,10,CB:E29A,bounded substream tail; destination record0 entry 0x02 exists; destination entry has aligned 0x58 coordinate setter at CB:E29A,strong_candidate,C4:8B3F opcode 0x53 wrapper calls C4:8B6A transition core; the core writes operand1 to $0305 and operand2 to $13B8/$13B9; exact bounded tail ends in compact B0; C4:8BE2 opcode 0x58 writes destination coordinates,canonical_rom_sha256=F6A345E2F07F0CBC4EFF7D4FF06AE88A814A98FDF100C7BF7351168C73916A98;tools/python/catalog_map_transition_candidates.py;C4:8B3F;C4:8B6A;C4:8BE2
,,,,0x5A,2,0x77,vm_opcode_0x53_transition_wrapper_terminal,CC:3310,,pack=0x5A;record=2;entry=0x77,,0x34,0x02,cfg_t07_l022_v2,22,7,2,4,10,4,10,CB:E3AF,bounded substream tail; destination record0 entry 0x02 exists; destination entry has aligned 0x58 coordinate setter at CB:E3AF,strong_candidate,C4:8B3F opcode 0x53 wrapper calls C4:8B6A transition core; the core writes operand1 to $0305 and operand2 to $13B8/$13B9; exact bounded tail ends in compact B0; C4:8BE2 opcode 0x58 writes destination coordinates,canonical_rom_sha256=F6A345E2F07F0CBC4EFF7D4FF06AE88A814A98FDF100C7BF7351168C73916A98;tools/python/catalog_map_transition_candidates.py;C4:8B3F;C4:8B6A;C4:8BE2
,,,,0x5A,3,0x77,vm_opcode_0x53_transition_wrapper_terminal,CC:331D,,pack=0x5A;record=3;entry=0x77,,0x32,0x02,cfg_t07_l024_v2,24,7,2,4,8,4,8,CB:E0D7,bounded substream tail; destination record0 entry 0x02 exists; destination entry has aligned 0x58 coordinate setter at CB:E0D7,strong_candidate,C4:8B3F opcode 0x53 wrapper calls C4:8B6A transition core; the core writes operand1 to $0305 and operand2 to $13B8/$13B9; exact bounded tail ends in compact B0; C4:8BE2 opcode 0x58 writes destination coordinates,canonical_rom_sha256=F6A345E2F07F0CBC4EFF7D4FF06AE88A814A98FDF100C7BF7351168C73916A98;tools/python/catalog_map_transition_candidates.py;C4:8B3F;C4:8B6A;C4:8BE2
,,,,0x5A,4,0x77,vm_opcode_0x53_transition_wrapper_terminal,CC:332A,,pack=0x5A;record=4;entry=0x77,,0x37,0x02,cfg_t07_l027_v2,27,7,2,4,10,4,10,CB:E5B2,bounded substream tail; destination record0 entry 0x02 exists; destination entry has aligned 0x58 coordinate setter at CB:E5B2,strong_candidate,C4:8B3F opcode 0x53 wrapper calls C4:8B6A transition core; the core writes operand1 to $0305 and operand2 to $13B8/$13B9; exact bounded tail ends in compact B0; C4:8BE2 opcode 0x58 writes destination coordinates,canonical_rom_sha256=F6A345E2F07F0CBC4EFF7D4FF06AE88A814A98FDF100C7BF7351168C73916A98;tools/python/catalog_map_transition_candidates.py;C4:8B3F;C4:8B6A;C4:8BE2
,,,,0x5A,5,0x77,vm_opcode_0x53_transition_wrapper_terminal,CC:3337,,pack=0x5A;record=5;entry=0x77,,0x35,0x02,cfg_t07_l023_v2,23,7,2,4,8,4,8,CB:E4E4,bounded substream tail; destination record0 entry 0x02 exists; destination entry has aligned 0x58 coordinate setter at CB:E4E4,strong_candidate,C4:8B3F opcode 0x53 wrapper calls C4:8B6A transition core; the core writes operand1 to $0305 and operand2 to $13B8/$13B9; exact bounded tail ends in compact B0; C4:8BE2 opcode 0x58 writes destination coordinates,canonical_rom_sha256=F6A345E2F07F0CBC4EFF7D4FF06AE88A814A98FDF100C7BF7351168C73916A98;tools/python/catalog_map_transition_candidates.py;C4:8B3F;C4:8B6A;C4:8BE2
,,,,0x5A,6,0x77,vm_opcode_0x53_transition_wrapper_terminal,CC:3344,,pack=0x5A;record=6;entry=0x77,,0x36,0x02,cfg_t07_l025_v2,25,7,2,5,10,5,10,CB:E568,bounded substream tail; destination record0 entry 0x02 exists; destination entry has aligned 0x58 coordinate setter at CB:E568,strong_candidate,C4:8B3F opcode 0x53 wrapper calls C4:8B6A transition core; the core writes operand1 to $0305 and operand2 to $13B8/$13B9; exact bounded tail ends in compact B0; C4:8BE2 opcode 0x58 writes destination coordinates,canonical_rom_sha256=F6A345E2F07F0CBC4EFF7D4FF06AE88A814A98FDF100C7BF7351168C73916A98;tools/python/catalog_map_transition_candidates.py;C4:8B3F;C4:8B6A;C4:8BE2
,,,,0x5B,1,0x77,vm_opcode_0x53_transition_wrapper_terminal,CC:3417,,pack=0x5B;record=1;entry=0x77,,0x33,0x02,cfg_t07_l026_v2,26,7,2,5,10,5,10,CB:E29A,bounded substream tail; destination record0 entry 0x02 exists; destination entry has aligned 0x58 coordinate setter at CB:E29A,strong_candidate,C4:8B3F opcode 0x53 wrapper calls C4:8B6A transition core; the core writes operand1 to $0305 and operand2 to $13B8/$13B9; exact bounded tail ends in compact B0; C4:8BE2 opcode 0x58 writes destination coordinates,canonical_rom_sha256=F6A345E2F07F0CBC4EFF7D4FF06AE88A814A98FDF100C7BF7351168C73916A98;tools/python/catalog_map_transition_candidates.py;C4:8B3F;C4:8B6A;C4:8BE2
,,,,0x5B,2,0x77,vm_opcode_0x53_transition_wrapper_terminal,CC:3424,,pack=0x5B;record=2;entry=0x77,,0x34,0x02,cfg_t07_l022_v2,22,7,2,4,10,4,10,CB:E3AF,bounded substream tail; destination record0 entry 0x02 exists; destination entry has aligned 0x58 coordinate setter at CB:E3AF,strong_candidate,C4:8B3F opcode 0x53 wrapper calls C4:8B6A transition core; the core writes operand1 to $0305 and operand2 to $13B8/$13B9; exact bounded tail ends in compact B0; C4:8BE2 opcode 0x58 writes destination coordinates,canonical_rom_sha256=F6A345E2F07F0CBC4EFF7D4FF06AE88A814A98FDF100C7BF7351168C73916A98;tools/python/catalog_map_transition_candidates.py;C4:8B3F;C4:8B6A;C4:8BE2
,,,,0x5B,3,0x77,vm_opcode_0x53_transition_wrapper_terminal,CC:3431,,pack=0x5B;record=3;entry=0x77,,0x32,0x02,cfg_t07_l024_v2,24,7,2,4,8,4,8,CB:E0D7,bounded substream tail; destination record0 entry 0x02 exists; destination entry has aligned 0x58 coordinate setter at CB:E0D7,strong_candidate,C4:8B3F opcode 0x53 wrapper calls C4:8B6A transition core; the core writes operand1 to $0305 and operand2 to $13B8/$13B9; exact bounded tail ends in compact B0; C4:8BE2 opcode 0x58 writes destination coordinates,canonical_rom_sha256=F6A345E2F07F0CBC4EFF7D4FF06AE88A814A98FDF100C7BF7351168C73916A98;tools/python/catalog_map_transition_candidates.py;C4:8B3F;C4:8B6A;C4:8BE2
,,,,0x5B,4,0x77,vm_opcode_0x53_transition_wrapper_terminal,CC:343E,,pack=0x5B;record=4;entry=0x77,,0x37,0x02,cfg_t07_l027_v2,27,7,2,4,10,4,10,CB:E5B2,bounded substream tail; destination record0 entry 0x02 exists; destination entry has aligned 0x58 coordinate setter at CB:E5B2,strong_candidate,C4:8B3F opcode 0x53 wrapper calls C4:8B6A transition core; the core writes operand1 to $0305 and operand2 to $13B8/$13B9; exact bounded tail ends in compact B0; C4:8BE2 opcode 0x58 writes destination coordinates,canonical_rom_sha256=F6A345E2F07F0CBC4EFF7D4FF06AE88A814A98FDF100C7BF7351168C73916A98;tools/python/catalog_map_transition_candidates.py;C4:8B3F;C4:8B6A;C4:8BE2
,,,,0x5B,5,0x77,vm_opcode_0x53_transition_wrapper_terminal,CC:344B,,pack=0x5B;record=5;entry=0x77,,0x35,0x02,cfg_t07_l023_v2,23,7,2,4,8,4,8,CB:E4E4,bounded substream tail; destination record0 entry 0x02 exists; destination entry has aligned 0x58 coordinate setter at CB:E4E4,strong_candidate,C4:8B3F opcode 0x53 wrapper calls C4:8B6A transition core; the core writes operand1 to $0305 and operand2 to $13B8/$13B9; exact bounded tail ends in compact B0; C4:8BE2 opcode 0x58 writes destination coordinates,canonical_rom_sha256=F6A345E2F07F0CBC4EFF7D4FF06AE88A814A98FDF100C7BF7351168C73916A98;tools/python/catalog_map_transition_candidates.py;C4:8B3F;C4:8B6A;C4:8BE2
,,,,0x5B,6,0x77,vm_opcode_0x53_transition_wrapper_terminal,CC:3458,,pack=0x5B;record=6;entry=0x77,,0x36,0x02,cfg_t07_l025_v2,25,7,2,5,10,5,10,CB:E568,bounded substream tail; destination record0 entry 0x02 exists; destination entry has aligned 0x58 coordinate setter at CB:E568,strong_candidate,C4:8B3F opcode 0x53 wrapper calls C4:8B6A transition core; the core writes operand1 to $0305 and operand2 to $13B8/$13B9; exact bounded tail ends in compact B0; C4:8BE2 opcode 0x58 writes destination coordinates,canonical_rom_sha256=F6A345E2F07F0CBC4EFF7D4FF06AE88A814A98FDF100C7BF7351168C73916A98;tools/python/catalog_map_transition_candidates.py;C4:8B3F;C4:8B6A;C4:8BE2
,,,,0x5C,2,0x77,vm_opcode_0x53_transition_wrapper_terminal,CC:35D8,,pack=0x5C;record=2;entry=0x77,,0x33,0x02,cfg_t07_l026_v2,26,7,2,5,10,5,10,CB:E29A,bounded substream tail; destination record0 entry 0x02 exists; destination entry has aligned 0x58 coordinate setter at CB:E29A,strong_candidate,C4:8B3F opcode 0x53 wrapper calls C4:8B6A transition core; the core writes operand1 to $0305 and operand2 to $13B8/$13B9; exact bounded tail ends in compact B0; C4:8BE2 opcode 0x58 writes destination coordinates,canonical_rom_sha256=F6A345E2F07F0CBC4EFF7D4FF06AE88A814A98FDF100C7BF7351168C73916A98;tools/python/catalog_map_transition_candidates.py;C4:8B3F;C4:8B6A;C4:8BE2
,,,,0x5C,3,0x77,vm_opcode_0x53_transition_wrapper_terminal,CC:35E5,,pack=0x5C;record=3;entry=0x77,,0x34,0x02,cfg_t07_l022_v2,22,7,2,4,10,4,10,CB:E3AF,bounded substream tail; destination record0 entry 0x02 exists; destination entry has aligned 0x58 coordinate setter at CB:E3AF,strong_candidate,C4:8B3F opcode 0x53 wrapper calls C4:8B6A transition core; the core writes operand1 to $0305 and operand2 to $13B8/$13B9; exact bounded tail ends in compact B0; C4:8BE2 opcode 0x58 writes destination coordinates,canonical_rom_sha256=F6A345E2F07F0CBC4EFF7D4FF06AE88A814A98FDF100C7BF7351168C73916A98;tools/python/catalog_map_transition_candidates.py;C4:8B3F;C4:8B6A;C4:8BE2
,,,,0x5C,4,0x77,vm_opcode_0x53_transition_wrapper_terminal,CC:35F2,,pack=0x5C;record=4;entry=0x77,,0x32,0x02,cfg_t07_l024_v2,24,7,2,4,8,4,8,CB:E0D7,bounded substream tail; destination record0 entry 0x02 exists; destination entry has aligned 0x58 coordinate setter at CB:E0D7,strong_candidate,C4:8B3F opcode 0x53 wrapper calls C4:8B6A transition core; the core writes operand1 to $0305 and operand2 to $13B8/$13B9; exact bounded tail ends in compact B0; C4:8BE2 opcode 0x58 writes destination coordinates,canonical_rom_sha256=F6A345E2F07F0CBC4EFF7D4FF06AE88A814A98FDF100C7BF7351168C73916A98;tools/python/catalog_map_transition_candidates.py;C4:8B3F;C4:8B6A;C4:8BE2
,,,,0x5C,5,0x77,vm_opcode_0x53_transition_wrapper_terminal,CC:35FF,,pack=0x5C;record=5;entry=0x77,,0x37,0x02,cfg_t07_l027_v2,27,7,2,4,10,4,10,CB:E5B2,bounded substream tail; destination record0 entry 0x02 exists; destination entry has aligned 0x58 coordinate setter at CB:E5B2,strong_candidate,C4:8B3F opcode 0x53 wrapper calls C4:8B6A transition core; the core writes operand1 to $0305 and operand2 to $13B8/$13B9; exact bounded tail ends in compact B0; C4:8BE2 opcode 0x58 writes destination coordinates,canonical_rom_sha256=F6A345E2F07F0CBC4EFF7D4FF06AE88A814A98FDF100C7BF7351168C73916A98;tools/python/catalog_map_transition_candidates.py;C4:8B3F;C4:8B6A;C4:8BE2
,,,,0x5C,6,0x77,vm_opcode_0x53_transition_wrapper_terminal,CC:360C,,pack=0x5C;record=6;entry=0x77,,0x35,0x02,cfg_t07_l023_v2,23,7,2,4,8,4,8,CB:E4E4,bounded substream tail; destination record0 entry 0x02 exists; destination entry has aligned 0x58 coordinate setter at CB:E4E4,strong_candidate,C4:8B3F opcode 0x53 wrapper calls C4:8B6A transition core; the core writes operand1 to $0305 and operand2 to $13B8/$13B9; exact bounded tail ends in compact B0; C4:8BE2 opcode 0x58 writes destination coordinates,canonical_rom_sha256=F6A345E2F07F0CBC4EFF7D4FF06AE88A814A98FDF100C7BF7351168C73916A98;tools/python/catalog_map_transition_candidates.py;C4:8B3F;C4:8B6A;C4:8BE2
,,,,0x5C,7,0x77,vm_opcode_0x53_transition_wrapper_terminal,CC:3619,,pack=0x5C;record=7;entry=0x77,,0x36,0x02,cfg_t07_l025_v2,25,7,2,5,10,5,10,CB:E568,bounded substream tail; destination record0 entry 0x02 exists; destination entry has aligned 0x58 coordinate setter at CB:E568,strong_candidate,C4:8B3F opcode 0x53 wrapper calls C4:8B6A transition core; the core writes operand1 to $0305 and operand2 to $13B8/$13B9; exact bounded tail ends in compact B0; C4:8BE2 opcode 0x58 writes destination coordinates,canonical_rom_sha256=F6A345E2F07F0CBC4EFF7D4FF06AE88A814A98FDF100C7BF7351168C73916A98;tools/python/catalog_map_transition_candidates.py;C4:8B3F;C4:8B6A;C4:8BE2
,,,,0x5D,1,0x77,vm_opcode_0x53_transition_wrapper_terminal,CC:3714,,pack=0x5D;record=1;entry=0x77,,0x33,0x02,cfg_t07_l026_v2,26,7,2,5,10,5,10,CB:E29A,bounded substream tail; destination record0 entry 0x02 exists; destination entry has aligned 0x58 coordinate setter at CB:E29A,strong_candidate,C4:8B3F opcode 0x53 wrapper calls C4:8B6A transition core; the core writes operand1 to $0305 and operand2 to $13B8/$13B9; exact bounded tail ends in compact B0; C4:8BE2 opcode 0x58 writes destination coordinates,canonical_rom_sha256=F6A345E2F07F0CBC4EFF7D4FF06AE88A814A98FDF100C7BF7351168C73916A98;tools/python/catalog_map_transition_candidates.py;C4:8B3F;C4:8B6A;C4:8BE2
,,,,0x5D,2,0x77,vm_opcode_0x53_transition_wrapper_terminal,CC:3721,,pack=0x5D;record=2;entry=0x77,,0x34,0x02,cfg_t07_l022_v2,22,7,2,4,10,4,10,CB:E3AF,bounded substream tail; destination record0 entry 0x02 exists; destination entry has aligned 0x58 coordinate setter at CB:E3AF,strong_candidate,C4:8B3F opcode 0x53 wrapper calls C4:8B6A transition core; the core writes operand1 to $0305 and operand2 to $13B8/$13B9; exact bounded tail ends in compact B0; C4:8BE2 opcode 0x58 writes destination coordinates,canonical_rom_sha256=F6A345E2F07F0CBC4EFF7D4FF06AE88A814A98FDF100C7BF7351168C73916A98;tools/python/catalog_map_transition_candidates.py;C4:8B3F;C4:8B6A;C4:8BE2
,,,,0x5D,3,0x77,vm_opcode_0x53_transition_wrapper_terminal,CC:372E,,pack=0x5D;record=3;entry=0x77,,0x32,0x02,cfg_t07_l024_v2,24,7,2,4,8,4,8,CB:E0D7,bounded substream tail; destination record0 entry 0x02 exists; destination entry has aligned 0x58 coordinate setter at CB:E0D7,strong_candidate,C4:8B3F opcode 0x53 wrapper calls C4:8B6A transition core; the core writes operand1 to $0305 and operand2 to $13B8/$13B9; exact bounded tail ends in compact B0; C4:8BE2 opcode 0x58 writes destination coordinates,canonical_rom_sha256=F6A345E2F07F0CBC4EFF7D4FF06AE88A814A98FDF100C7BF7351168C73916A98;tools/python/catalog_map_transition_candidates.py;C4:8B3F;C4:8B6A;C4:8BE2
,,,,0x5D,4,0x77,vm_opcode_0x53_transition_wrapper_terminal,CC:373B,,pack=0x5D;record=4;entry=0x77,,0x37,0x02,cfg_t07_l027_v2,27,7,2,4,10,4,10,CB:E5B2,bounded substream tail; destination record0 entry 0x02 exists; destination entry has aligned 0x58 coordinate setter at CB:E5B2,strong_candidate,C4:8B3F opcode 0x53 wrapper calls C4:8B6A transition core; the core writes operand1 to $0305 and operand2 to $13B8/$13B9; exact bounded tail ends in compact B0; C4:8BE2 opcode 0x58 writes destination coordinates,canonical_rom_sha256=F6A345E2F07F0CBC4EFF7D4FF06AE88A814A98FDF100C7BF7351168C73916A98;tools/python/catalog_map_transition_candidates.py;C4:8B3F;C4:8B6A;C4:8BE2
,,,,0x5D,5,0x77,vm_opcode_0x53_transition_wrapper_terminal,CC:3748,,pack=0x5D;record=5;entry=0x77,,0x35,0x04,cfg_t07_l023_v2,23,7,2,4,8,4,8,CB:E4F0,bounded substream tail; destination record0 entry 0x04 exists; destination entry has aligned 0x58 coordinate setter at CB:E4F0,strong_candidate,C4:8B3F opcode 0x53 wrapper calls C4:8B6A transition core; the core writes operand1 to $0305 and operand2 to $13B8/$13B9; exact bounded tail ends in compact B0; C4:8BE2 opcode 0x58 writes destination coordinates,canonical_rom_sha256=F6A345E2F07F0CBC4EFF7D4FF06AE88A814A98FDF100C7BF7351168C73916A98;tools/python/catalog_map_transition_candidates.py;C4:8B3F;C4:8B6A;C4:8BE2
,,,,0x5D,6,0x77,vm_opcode_0x53_transition_wrapper_terminal,CC:3755,,pack=0x5D;record=6;entry=0x77,,0x36,0x02,cfg_t07_l025_v2,25,7,2,5,10,5,10,CB:E568,bounded substream tail; destination record0 entry 0x02 exists; destination entry has aligned 0x58 coordinate setter at CB:E568,strong_candidate,C4:8B3F opcode 0x53 wrapper calls C4:8B6A transition core; the core writes operand1 to $0305 and operand2 to $13B8/$13B9; exact bounded tail ends in compact B0; C4:8BE2 opcode 0x58 writes destination coordinates,canonical_rom_sha256=F6A345E2F07F0CBC4EFF7D4FF06AE88A814A98FDF100C7BF7351168C73916A98;tools/python/catalog_map_transition_candidates.py;C4:8B3F;C4:8B6A;C4:8BE2
,,,,0x5E,1,0x77,vm_opcode_0x53_transition_wrapper_terminal,CC:3850,,pack=0x5E;record=1;entry=0x77,,0x33,0x02,cfg_t07_l026_v2,26,7,2,5,10,5,10,CB:E29A,bounded substream tail; destination record0 entry 0x02 exists; destination entry has aligned 0x58 coordinate setter at CB:E29A,strong_candidate,C4:8B3F opcode 0x53 wrapper calls C4:8B6A transition core; the core writes operand1 to $0305 and operand2 to $13B8/$13B9; exact bounded tail ends in compact B0; C4:8BE2 opcode 0x58 writes destination coordinates,canonical_rom_sha256=F6A345E2F07F0CBC4EFF7D4FF06AE88A814A98FDF100C7BF7351168C73916A98;tools/python/catalog_map_transition_candidates.py;C4:8B3F;C4:8B6A;C4:8BE2
,,,,0x5E,2,0x77,vm_opcode_0x53_transition_wrapper_terminal,CC:385D,,pack=0x5E;record=2;entry=0x77,,0x34,0x02,cfg_t07_l022_v2,22,7,2,4,10,4,10,CB:E3AF,bounded substream tail; destination record0 entry 0x02 exists; destination entry has aligned 0x58 coordinate setter at CB:E3AF,strong_candidate,C4:8B3F opcode 0x53 wrapper calls C4:8B6A transition core; the core writes operand1 to $0305 and operand2 to $13B8/$13B9; exact bounded tail ends in compact B0; C4:8BE2 opcode 0x58 writes destination coordinates,canonical_rom_sha256=F6A345E2F07F0CBC4EFF7D4FF06AE88A814A98FDF100C7BF7351168C73916A98;tools/python/catalog_map_transition_candidates.py;C4:8B3F;C4:8B6A;C4:8BE2
,,,,0x5E,3,0x77,vm_opcode_0x53_transition_wrapper_terminal,CC:386A,,pack=0x5E;record=3;entry=0x77,,0x32,0x02,cfg_t07_l024_v2,24,7,2,4,8,4,8,CB:E0D7,bounded substream tail; destination record0 entry 0x02 exists; destination entry has aligned 0x58 coordinate setter at CB:E0D7,strong_candidate,C4:8B3F opcode 0x53 wrapper calls C4:8B6A transition core; the core writes operand1 to $0305 and operand2 to $13B8/$13B9; exact bounded tail ends in compact B0; C4:8BE2 opcode 0x58 writes destination coordinates,canonical_rom_sha256=F6A345E2F07F0CBC4EFF7D4FF06AE88A814A98FDF100C7BF7351168C73916A98;tools/python/catalog_map_transition_candidates.py;C4:8B3F;C4:8B6A;C4:8BE2
,,,,0x5E,4,0x77,vm_opcode_0x53_transition_wrapper_terminal,CC:3877,,pack=0x5E;record=4;entry=0x77,,0x37,0x02,cfg_t07_l027_v2,27,7,2,4,10,4,10,CB:E5B2,bounded substream tail; destination record0 entry 0x02 exists; destination entry has aligned 0x58 coordinate setter at CB:E5B2,strong_candidate,C4:8B3F opcode 0x53 wrapper calls C4:8B6A transition core; the core writes operand1 to $0305 and operand2 to $13B8/$13B9; exact bounded tail ends in compact B0; C4:8BE2 opcode 0x58 writes destination coordinates,canonical_rom_sha256=F6A345E2F07F0CBC4EFF7D4FF06AE88A814A98FDF100C7BF7351168C73916A98;tools/python/catalog_map_transition_candidates.py;C4:8B3F;C4:8B6A;C4:8BE2
,,,,0x5E,5,0x77,vm_opcode_0x53_transition_wrapper_terminal,CC:3884,,pack=0x5E;record=5;entry=0x77,,0x35,0x04,cfg_t07_l023_v2,23,7,2,4,8,4,8,CB:E4F0,bounded substream tail; destination record0 entry 0x04 exists; destination entry has aligned 0x58 coordinate setter at CB:E4F0,strong_candidate,C4:8B3F opcode 0x53 wrapper calls C4:8B6A transition core; the core writes operand1 to $0305 and operand2 to $13B8/$13B9; exact bounded tail ends in compact B0; C4:8BE2 opcode 0x58 writes destination coordinates,canonical_rom_sha256=F6A345E2F07F0CBC4EFF7D4FF06AE88A814A98FDF100C7BF7351168C73916A98;tools/python/catalog_map_transition_candidates.py;C4:8B3F;C4:8B6A;C4:8BE2
,,,,0x5E,6,0x77,vm_opcode_0x53_transition_wrapper_terminal,CC:3891,,pack=0x5E;record=6;entry=0x77,,0x36,0x02,cfg_t07_l025_v2,25,7,2,5,10,5,10,CB:E568,bounded substream tail; destination record0 entry 0x02 exists; destination entry has aligned 0x58 coordinate setter at CB:E568,strong_candidate,C4:8B3F opcode 0x53 wrapper calls C4:8B6A transition core; the core writes operand1 to $0305 and operand2 to $13B8/$13B9; exact bounded tail ends in compact B0; C4:8BE2 opcode 0x58 writes destination coordinates,canonical_rom_sha256=F6A345E2F07F0CBC4EFF7D4FF06AE88A814A98FDF100C7BF7351168C73916A98;tools/python/catalog_map_transition_candidates.py;C4:8B3F;C4:8B6A;C4:8BE2
,,,,0x5F,1,0x77,vm_opcode_0x53_transition_wrapper_terminal,CC:3998,,pack=0x5F;record=1;entry=0x77,,0x33,0x02,cfg_t07_l026_v2,26,7,2,5,10,5,10,CB:E29A,bounded substream tail; destination record0 entry 0x02 exists; destination entry has aligned 0x58 coordinate setter at CB:E29A,strong_candidate,C4:8B3F opcode 0x53 wrapper calls C4:8B6A transition core; the core writes operand1 to $0305 and operand2 to $13B8/$13B9; exact bounded tail ends in compact B0; C4:8BE2 opcode 0x58 writes destination coordinates,canonical_rom_sha256=F6A345E2F07F0CBC4EFF7D4FF06AE88A814A98FDF100C7BF7351168C73916A98;tools/python/catalog_map_transition_candidates.py;C4:8B3F;C4:8B6A;C4:8BE2
,,,,0x5F,2,0x77,vm_opcode_0x53_transition_wrapper_terminal,CC:39A5,,pack=0x5F;record=2;entry=0x77,,0x34,0x02,cfg_t07_l022_v2,22,7,2,4,10,4,10,CB:E3AF,bounded substream tail; destination record0 entry 0x02 exists; destination entry has aligned 0x58 coordinate setter at CB:E3AF,strong_candidate,C4:8B3F opcode 0x53 wrapper calls C4:8B6A transition core; the core writes operand1 to $0305 and operand2 to $13B8/$13B9; exact bounded tail ends in compact B0; C4:8BE2 opcode 0x58 writes destination coordinates,canonical_rom_sha256=F6A345E2F07F0CBC4EFF7D4FF06AE88A814A98FDF100C7BF7351168C73916A98;tools/python/catalog_map_transition_candidates.py;C4:8B3F;C4:8B6A;C4:8BE2
,,,,0x5F,3,0x77,vm_opcode_0x53_transition_wrapper_terminal,CC:39B2,,pack=0x5F;record=3;entry=0x77,,0x32,0x02,cfg_t07_l024_v2,24,7,2,4,8,4,8,CB:E0D7,bounded substream tail; destination record0 entry 0x02 exists; destination entry has aligned 0x58 coordinate setter at CB:E0D7,strong_candidate,C4:8B3F opcode 0x53 wrapper calls C4:8B6A transition core; the core writes operand1 to $0305 and operand2 to $13B8/$13B9; exact bounded tail ends in compact B0; C4:8BE2 opcode 0x58 writes destination coordinates,canonical_rom_sha256=F6A345E2F07F0CBC4EFF7D4FF06AE88A814A98FDF100C7BF7351168C73916A98;tools/python/catalog_map_transition_candidates.py;C4:8B3F;C4:8B6A;C4:8BE2
,,,,0x5F,4,0x77,vm_opcode_0x53_transition_wrapper_terminal,CC:39BF,,pack=0x5F;record=4;entry=0x77,,0x37,0x02,cfg_t07_l027_v2,27,7,2,4,10,4,10,CB:E5B2,bounded substream tail; destination record0 entry 0x02 exists; destination entry has aligned 0x58 coordinate setter at CB:E5B2,strong_candidate,C4:8B3F opcode 0x53 wrapper calls C4:8B6A transition core; the core writes operand1 to $0305 and operand2 to $13B8/$13B9; exact bounded tail ends in compact B0; C4:8BE2 opcode 0x58 writes destination coordinates,canonical_rom_sha256=F6A345E2F07F0CBC4EFF7D4FF06AE88A814A98FDF100C7BF7351168C73916A98;tools/python/catalog_map_transition_candidates.py;C4:8B3F;C4:8B6A;C4:8BE2
,,,,0x5F,5,0x77,vm_opcode_0x53_transition_wrapper_terminal,CC:39CC,,pack=0x5F;record=5;entry=0x77,,0x35,0x04,cfg_t07_l023_v2,23,7,2,4,8,4,8,CB:E4F0,bounded substream tail; destination record0 entry 0x04 exists; destination entry has aligned 0x58 coordinate setter at CB:E4F0,strong_candidate,C4:8B3F opcode 0x53 wrapper calls C4:8B6A transition core; the core writes operand1 to $0305 and operand2 to $13B8/$13B9; exact bounded tail ends in compact B0; C4:8BE2 opcode 0x58 writes destination coordinates,canonical_rom_sha256=F6A345E2F07F0CBC4EFF7D4FF06AE88A814A98FDF100C7BF7351168C73916A98;tools/python/catalog_map_transition_candidates.py;C4:8B3F;C4:8B6A;C4:8BE2
,,,,0x5F,6,0x77,vm_opcode_0x53_transition_wrapper_terminal,CC:39D9,,pack=0x5F;record=6;entry=0x77,,0x36,0x02,cfg_t07_l025_v2,25,7,2,5,10,5,10,CB:E568,bounded substream tail; destination record0 entry 0x02 exists; destination entry has aligned 0x58 coordinate setter at CB:E568,strong_candidate,C4:8B3F opcode 0x53 wrapper calls C4:8B6A transition core; the core writes operand1 to $0305 and operand2 to $13B8/$13B9; exact bounded tail ends in compact B0; C4:8BE2 opcode 0x58 writes destination coordinates,canonical_rom_sha256=F6A345E2F07F0CBC4EFF7D4FF06AE88A814A98FDF100C7BF7351168C73916A98;tools/python/catalog_map_transition_candidates.py;C4:8B3F;C4:8B6A;C4:8BE2
,,,,0x60,1,0x77,vm_opcode_0x53_transition_wrapper_terminal,CC:3BC1,,pack=0x60;record=1;entry=0x77,,0x2C,0x02,,,,,6,10,6,10,CB:DA08,bounded substream tail; destination record0 entry 0x02 exists; destination entry has aligned 0x58 coordinate setter at CB:DA08,strong_candidate,C4:8B3F opcode 0x53 wrapper calls C4:8B6A transition core; the core writes operand1 to $0305 and operand2 to $13B8/$13B9; exact bounded tail ends in compact B0; C4:8BE2 opcode 0x58 writes destination coordinates,canonical_rom_sha256=F6A345E2F07F0CBC4EFF7D4FF06AE88A814A98FDF100C7BF7351168C73916A98;tools/python/catalog_map_transition_candidates.py;C4:8B3F;C4:8B6A;C4:8BE2
,,,,0x60,2,0x77,vm_opcode_0x53_transition_wrapper_terminal,CC:3BCE,,pack=0x60;record=2;entry=0x77,,0x2A,0x02,cfg_t07_l016_v2,16,7,2,3,14,3,14,CB:D792,bounded substream tail; destination record0 entry 0x02 exists; destination entry has aligned 0x58 coordinate setter at CB:D792,strong_candidate,C4:8B3F opcode 0x53 wrapper calls C4:8B6A transition core; the core writes operand1 to $0305 and operand2 to $13B8/$13B9; exact bounded tail ends in compact B0; C4:8BE2 opcode 0x58 writes destination coordinates,canonical_rom_sha256=F6A345E2F07F0CBC4EFF7D4FF06AE88A814A98FDF100C7BF7351168C73916A98;tools/python/catalog_map_transition_candidates.py;C4:8B3F;C4:8B6A;C4:8BE2
,,,,0x60,3,0x77,vm_opcode_0x53_transition_wrapper_terminal,CC:3BDB,,pack=0x60;record=3;entry=0x77,,0x62,0x02,cfg_t07_l009_v2,9,7,2,6,10,6,10,CC:427E,bounded substream tail; destination record0 entry 0x02 exists; destination entry has aligned 0x58 coordinate setter at CC:427E,strong_candidate,C4:8B3F opcode 0x53 wrapper calls C4:8B6A transition core; the core writes operand1 to $0305 and operand2 to $13B8/$13B9; exact bounded tail ends in compact B0; C4:8BE2 opcode 0x58 writes destination coordinates,canonical_rom_sha256=F6A345E2F07F0CBC4EFF7D4FF06AE88A814A98FDF100C7BF7351168C73916A98;tools/python/catalog_map_transition_candidates.py;C4:8B3F;C4:8B6A;C4:8BE2
,,,,0x60,4,0x77,vm_opcode_0x53_transition_wrapper_terminal,CC:3BE8,,pack=0x60;record=4;entry=0x77,,0x63,0x02,cfg_t07_l010_v2,10,7,2,6,10,6,10,CC:43C2,bounded substream tail; destination record0 entry 0x02 exists; destination entry has aligned 0x58 coordinate setter at CC:43C2,strong_candidate,C4:8B3F opcode 0x53 wrapper calls C4:8B6A transition core; the core writes operand1 to $0305 and operand2 to $13B8/$13B9; exact bounded tail ends in compact B0; C4:8BE2 opcode 0x58 writes destination coordinates,canonical_rom_sha256=F6A345E2F07F0CBC4EFF7D4FF06AE88A814A98FDF100C7BF7351168C73916A98;tools/python/catalog_map_transition_candidates.py;C4:8B3F;C4:8B6A;C4:8BE2
,,,,0x60,5,0x77,vm_opcode_0x53_transition_wrapper_terminal,CC:3BF5,,pack=0x60;record=5;entry=0x77,,0x29,0x02,cfg_t07_l014_v2,14,7,2,5,10,5,10,CB:D729,bounded substream tail; destination record0 entry 0x02 exists; destination entry has aligned 0x58 coordinate setter at CB:D729,strong_candidate,C4:8B3F opcode 0x53 wrapper calls C4:8B6A transition core; the core writes operand1 to $0305 and operand2 to $13B8/$13B9; exact bounded tail ends in compact B0; C4:8BE2 opcode 0x58 writes destination coordinates,canonical_rom_sha256=F6A345E2F07F0CBC4EFF7D4FF06AE88A814A98FDF100C7BF7351168C73916A98;tools/python/catalog_map_transition_candidates.py;C4:8B3F;C4:8B6A;C4:8BE2
,,,,0x60,6,0x77,vm_opcode_0x53_transition_wrapper_terminal,CC:3C02,,pack=0x60;record=6;entry=0x77,,0x2C,0x03,,,,,6,10,6,10,CB:DA0E,bounded substream tail; destination record0 entry 0x03 exists; destination entry has aligned 0x58 coordinate setter at CB:DA0E,strong_candidate,C4:8B3F opcode 0x53 wrapper calls C4:8B6A transition core; the core writes operand1 to $0305 and operand2 to $13B8/$13B9; exact bounded tail ends in compact B0; C4:8BE2 opcode 0x58 writes destination coordinates,canonical_rom_sha256=F6A345E2F07F0CBC4EFF7D4FF06AE88A814A98FDF100C7BF7351168C73916A98;tools/python/catalog_map_transition_candidates.py;C4:8B3F;C4:8B6A;C4:8BE2
,,,,0x60,7,0x77,vm_opcode_0x53_transition_wrapper_terminal,CC:3C0F,,pack=0x60;record=7;entry=0x77,,0x64,0x02,cfg_t07_l009_v2,9,7,2,6,10,6,10,CC:44F6,bounded substream tail; destination record0 entry 0x02 exists; destination entry has aligned 0x58 coordinate setter at CC:44F6,strong_candidate,C4:8B3F opcode 0x53 wrapper calls C4:8B6A transition core; the core writes operand1 to $0305 and operand2 to $13B8/$13B9; exact bounded tail ends in compact B0; C4:8BE2 opcode 0x58 writes destination coordinates,canonical_rom_sha256=F6A345E2F07F0CBC4EFF7D4FF06AE88A814A98FDF100C7BF7351168C73916A98;tools/python/catalog_map_transition_candidates.py;C4:8B3F;C4:8B6A;C4:8BE2
,,,,0x60,8,0x77,vm_opcode_0x53_transition_wrapper_terminal,CC:3C1C,,pack=0x60;record=8;entry=0x77,,0x2D,0x02,cfg_t07_l013_v2,13,7,2,6,10,6,10,CB:DD6D,bounded substream tail; destination record0 entry 0x02 exists; destination entry has aligned 0x58 coordinate setter at CB:DD6D,strong_candidate,C4:8B3F opcode 0x53 wrapper calls C4:8B6A transition core; the core writes operand1 to $0305 and operand2 to $13B8/$13B9; exact bounded tail ends in compact B0; C4:8BE2 opcode 0x58 writes destination coordinates,canonical_rom_sha256=F6A345E2F07F0CBC4EFF7D4FF06AE88A814A98FDF100C7BF7351168C73916A98;tools/python/catalog_map_transition_candidates.py;C4:8B3F;C4:8B6A;C4:8BE2
,,,,0x60,9,0x77,vm_opcode_0x53_transition_wrapper_terminal,CC:3C29,,pack=0x60;record=9;entry=0x77,,0x30,0x02,cfg_t07_l065_v2,65,7,2,7,11,7,11,CB:DFE8,bounded substream tail; destination record0 entry 0x02 exists; destination entry has aligned 0x58 coordinate setter at CB:DFE8,strong_candidate,C4:8B3F opcode 0x53 wrapper calls C4:8B6A transition core; the core writes operand1 to $0305 and operand2 to $13B8/$13B9; exact bounded tail ends in compact B0; C4:8BE2 opcode 0x58 writes destination coordinates,canonical_rom_sha256=F6A345E2F07F0CBC4EFF7D4FF06AE88A814A98FDF100C7BF7351168C73916A98;tools/python/catalog_map_transition_candidates.py;C4:8B3F;C4:8B6A;C4:8BE2
,,,,0x60,10,0x77,vm_opcode_0x53_transition_wrapper_terminal,CC:3C36,,pack=0x60;record=10;entry=0x77,,0x2B,0x02,cfg_t07_l012_v2,12,7,2,5,10,5,10,CB:D97A,bounded substream tail; destination record0 entry 0x02 exists; destination entry has aligned 0x58 coordinate setter at CB:D97A,strong_candidate,C4:8B3F opcode 0x53 wrapper calls C4:8B6A transition core; the core writes operand1 to $0305 and operand2 to $13B8/$13B9; exact bounded tail ends in compact B0; C4:8BE2 opcode 0x58 writes destination coordinates,canonical_rom_sha256=F6A345E2F07F0CBC4EFF7D4FF06AE88A814A98FDF100C7BF7351168C73916A98;tools/python/catalog_map_transition_candidates.py;C4:8B3F;C4:8B6A;C4:8BE2
,,,,0x60,11,0x77,vm_opcode_0x53_transition_wrapper_terminal,CC:3C43,,pack=0x60;record=11;entry=0x77,,0x2E,0x02,cfg_t07_l015_v2,15,7,2,9,12,9,12,CB:DE7C,bounded substream tail; destination record0 entry 0x02 exists; destination entry has aligned 0x58 coordinate setter at CB:DE7C,strong_candidate,C4:8B3F opcode 0x53 wrapper calls C4:8B6A transition core; the core writes operand1 to $0305 and operand2 to $13B8/$13B9; exact bounded tail ends in compact B0; C4:8BE2 opcode 0x58 writes destination coordinates,canonical_rom_sha256=F6A345E2F07F0CBC4EFF7D4FF06AE88A814A98FDF100C7BF7351168C73916A98;tools/python/catalog_map_transition_candidates.py;C4:8B3F;C4:8B6A;C4:8BE2
,,,,0x60,12,0x77,vm_opcode_0x53_transition_wrapper_terminal,CC:3C52,,pack=0x60;record=12;entry=0x77,,0x61,0x02,cfg_t07_l036_v2,36,7,2,21,21,21,21,CC:40EA,bounded substream tail; destination record0 entry 0x02 exists; destination entry has aligned 0x58 coordinate setter at CC:40EA,strong_candidate,C4:8B3F opcode 0x53 wrapper calls C4:8B6A transition core; the core writes operand1 to $0305 and operand2 to $13B8/$13B9; exact bounded tail ends in compact B0; C4:8BE2 opcode 0x58 writes destination coordinates,canonical_rom_sha256=F6A345E2F07F0CBC4EFF7D4FF06AE88A814A98FDF100C7BF7351168C73916A98;tools/python/catalog_map_transition_candidates.py;C4:8B3F;C4:8B6A;C4:8BE2
,,,,0x60,13,0x8C,vm_opcode_0x53_transition_wrapper_terminal,CC:3C68,,pack=0x60;record=13;entry=0x8C,,0x4B,0x03,cfg_t07_l080_v2,80,7,2,7,15,7,15,CC:06FF,bounded substream tail; destination record0 entry 0x03 exists; destination entry has aligned 0x58 coordinate setter at CC:06FF,strong_candidate,C4:8B3F opcode 0x53 wrapper calls C4:8B6A transition core; the core writes operand1 to $0305 and operand2 to $13B8/$13B9; exact bounded tail ends in compact B0; C4:8BE2 opcode 0x58 writes destination coordinates,canonical_rom_sha256=F6A345E2F07F0CBC4EFF7D4FF06AE88A814A98FDF100C7BF7351168C73916A98;tools/python/catalog_map_transition_candidates.py;C4:8B3F;C4:8B6A;C4:8BE2
,,,,0x65,1,0x77,vm_opcode_0x53_transition_wrapper_terminal,CC:45C2,,pack=0x65;record=1;entry=0x77,,0x29,0x02,cfg_t07_l014_v2,14,7,2,5,10,5,10,CB:D729,bounded substream tail; destination record0 entry 0x02 exists; destination entry has aligned 0x58 coordinate setter at CB:D729,strong_candidate,C4:8B3F opcode 0x53 wrapper calls C4:8B6A transition core; the core writes operand1 to $0305 and operand2 to $13B8/$13B9; exact bounded tail ends in compact B0; C4:8BE2 opcode 0x58 writes destination coordinates,canonical_rom_sha256=F6A345E2F07F0CBC4EFF7D4FF06AE88A814A98FDF100C7BF7351168C73916A98;tools/python/catalog_map_transition_candidates.py;C4:8B3F;C4:8B6A;C4:8BE2
,,,,0x65,2,0x77,vm_opcode_0x53_transition_wrapper_terminal,CC:45CF,,pack=0x65;record=2;entry=0x77,,0x51,0x02,cfg_t07_l009_v2,9,7,2,6,10,6,10,CC:1F4A,bounded substream tail; destination record0 entry 0x02 exists; destination entry has aligned 0x58 coordinate setter at CC:1F4A,strong_candidate,C4:8B3F opcode 0x53 wrapper calls C4:8B6A transition core; the core writes operand1 to $0305 and operand2 to $13B8/$13B9; exact bounded tail ends in compact B0; C4:8BE2 opcode 0x58 writes destination coordinates,canonical_rom_sha256=F6A345E2F07F0CBC4EFF7D4FF06AE88A814A98FDF100C7BF7351168C73916A98;tools/python/catalog_map_transition_candidates.py;C4:8B3F;C4:8B6A;C4:8BE2
,,,,0x65,3,0x77,vm_opcode_0x53_transition_wrapper_terminal,CC:45DC,,pack=0x65;record=3;entry=0x77,,0x2D,0x0B,cfg_t07_l013_v2,13,7,2,6,10,6,10,CB:DD85,bounded substream tail; destination record0 entry 0x0B exists; destination entry has aligned 0x58 coordinate setter at CB:DD85,strong_candidate,C4:8B3F opcode 0x53 wrapper calls C4:8B6A transition core; the core writes operand1 to $0305 and operand2 to $13B8/$13B9; exact bounded tail ends in compact B0; C4:8BE2 opcode 0x58 writes destination coordinates,canonical_rom_sha256=F6A345E2F07F0CBC4EFF7D4FF06AE88A814A98FDF100C7BF7351168C73916A98;tools/python/catalog_map_transition_candidates.py;C4:8B3F;C4:8B6A;C4:8BE2
,,,,0x65,4,0x77,vm_opcode_0x53_transition_wrapper_terminal,CC:45E9,,pack=0x65;record=4;entry=0x77,,0x2A,0x02,cfg_t07_l016_v2,16,7,2,3,14,3,14,CB:D792,bounded substream tail; destination record0 entry 0x02 exists; destination entry has aligned 0x58 coordinate setter at CB:D792,strong_candidate,C4:8B3F opcode 0x53 wrapper calls C4:8B6A transition core; the core writes operand1 to $0305 and operand2 to $13B8/$13B9; exact bounded tail ends in compact B0; C4:8BE2 opcode 0x58 writes destination coordinates,canonical_rom_sha256=F6A345E2F07F0CBC4EFF7D4FF06AE88A814A98FDF100C7BF7351168C73916A98;tools/python/catalog_map_transition_candidates.py;C4:8B3F;C4:8B6A;C4:8BE2
,,,,0x65,5,0x77,vm_opcode_0x53_transition_wrapper_terminal,CC:45F6,,pack=0x65;record=5;entry=0x77,,0x2B,0x02,cfg_t07_l012_v2,12,7,2,5,10,5,10,CB:D97A,bounded substream tail; destination record0 entry 0x02 exists; destination entry has aligned 0x58 coordinate setter at CB:D97A,strong_candidate,C4:8B3F opcode 0x53 wrapper calls C4:8B6A transition core; the core writes operand1 to $0305 and operand2 to $13B8/$13B9; exact bounded tail ends in compact B0; C4:8BE2 opcode 0x58 writes destination coordinates,canonical_rom_sha256=F6A345E2F07F0CBC4EFF7D4FF06AE88A814A98FDF100C7BF7351168C73916A98;tools/python/catalog_map_transition_candidates.py;C4:8B3F;C4:8B6A;C4:8BE2
,,,,0x65,6,0x77,vm_opcode_0x53_transition_wrapper_terminal,CC:4603,,pack=0x65;record=6;entry=0x77,,0x2C,0x02,,,,,6,10,6,10,CB:DA08,bounded substream tail; destination record0 entry 0x02 exists; destination entry has aligned 0x58 coordinate setter at CB:DA08,strong_candidate,C4:8B3F opcode 0x53 wrapper calls C4:8B6A transition core; the core writes operand1 to $0305 and operand2 to $13B8/$13B9; exact bounded tail ends in compact B0; C4:8BE2 opcode 0x58 writes destination coordinates,canonical_rom_sha256=F6A345E2F07F0CBC4EFF7D4FF06AE88A814A98FDF100C7BF7351168C73916A98;tools/python/catalog_map_transition_candidates.py;C4:8B3F;C4:8B6A;C4:8BE2
,,,,0x65,7,0x77,vm_opcode_0x53_transition_wrapper_terminal,CC:4610,,pack=0x65;record=7;entry=0x77,,0x2E,0x02,cfg_t07_l015_v2,15,7,2,9,12,9,12,CB:DE7C,bounded substream tail; destination record0 entry 0x02 exists; destination entry has aligned 0x58 coordinate setter at CB:DE7C,strong_candidate,C4:8B3F opcode 0x53 wrapper calls C4:8B6A transition core; the core writes operand1 to $0305 and operand2 to $13B8/$13B9; exact bounded tail ends in compact B0; C4:8BE2 opcode 0x58 writes destination coordinates,canonical_rom_sha256=F6A345E2F07F0CBC4EFF7D4FF06AE88A814A98FDF100C7BF7351168C73916A98;tools/python/catalog_map_transition_candidates.py;C4:8B3F;C4:8B6A;C4:8BE2
,,,,0x65,8,0x77,vm_opcode_0x53_transition_wrapper_terminal,CC:461D,,pack=0x65;record=8;entry=0x77,,0x52,0x02,cfg_t07_l010_v2,10,7,2,6,10,6,10,CC:2134,bounded substream tail; destination record0 entry 0x02 exists; destination entry has aligned 0x58 coordinate setter at CC:2134,strong_candidate,C4:8B3F opcode 0x53 wrapper calls C4:8B6A transition core; the core writes operand1 to $0305 and operand2 to $13B8/$13B9; exact bounded tail ends in compact B0; C4:8BE2 opcode 0x58 writes destination coordinates,canonical_rom_sha256=F6A345E2F07F0CBC4EFF7D4FF06AE88A814A98FDF100C7BF7351168C73916A98;tools/python/catalog_map_transition_candidates.py;C4:8B3F;C4:8B6A;C4:8BE2
,,,,0x65,9,0x77,vm_opcode_0x53_transition_wrapper_terminal,CC:462A,,pack=0x65;record=9;entry=0x77,,0x62,0x02,cfg_t07_l009_v2,9,7,2,6,10,6,10,CC:427E,bounded substream tail; destination record0 entry 0x02 exists; destination entry has aligned 0x58 coordinate setter at CC:427E,strong_candidate,C4:8B3F opcode 0x53 wrapper calls C4:8B6A transition core; the core writes operand1 to $0305 and operand2 to $13B8/$13B9; exact bounded tail ends in compact B0; C4:8BE2 opcode 0x58 writes destination coordinates,canonical_rom_sha256=F6A345E2F07F0CBC4EFF7D4FF06AE88A814A98FDF100C7BF7351168C73916A98;tools/python/catalog_map_transition_candidates.py;C4:8B3F;C4:8B6A;C4:8BE2
,,,,0x65,10,0x77,vm_opcode_0x53_transition_wrapper_terminal,CC:463B,,pack=0x65;record=10;entry=0x77,,0x59,0x02,cfg_t07_l033_v2,33,7,2,5,8,5,8,CC:2C43,bounded substream tail; destination record0 entry 0x02 exists; destination entry has aligned 0x58 coordinate setter at CC:2C43,strong_candidate,C4:8B3F opcode 0x53 wrapper calls C4:8B6A transition core; the core writes operand1 to $0305 and operand2 to $13B8/$13B9; exact bounded tail ends in compact B0; C4:8BE2 opcode 0x58 writes destination coordinates,canonical_rom_sha256=F6A345E2F07F0CBC4EFF7D4FF06AE88A814A98FDF100C7BF7351168C73916A98;tools/python/catalog_map_transition_candidates.py;C4:8B3F;C4:8B6A;C4:8BE2
,,,,0x65,11,0x77,vm_opcode_0x53_transition_wrapper_terminal,CC:4650,,pack=0x65;record=11;entry=0x77,,0x66,0x03,cfg_t07_l064_v2,64,7,2,25,26,25,26,CC:4862,bounded substream tail; destination record0 entry 0x03 exists; destination entry has aligned 0x58 coordinate setter at CC:4862,strong_candidate,C4:8B3F opcode 0x53 wrapper calls C4:8B6A transition core; the core writes operand1 to $0305 and operand2 to $13B8/$13B9; exact bounded tail ends in compact B0; C4:8BE2 opcode 0x58 writes destination coordinates,canonical_rom_sha256=F6A345E2F07F0CBC4EFF7D4FF06AE88A814A98FDF100C7BF7351168C73916A98;tools/python/catalog_map_transition_candidates.py;C4:8B3F;C4:8B6A;C4:8BE2
,,,,0x65,12,0x8C,vm_opcode_0x53_transition_wrapper_terminal,CC:4666,,pack=0x65;record=12;entry=0x8C,,0x4B,0x07,cfg_t07_l080_v2,80,7,2,7,15,7,15,CC:0717,bounded substream tail; destination record0 entry 0x07 exists; destination entry has aligned 0x58 coordinate setter at CC:0717,strong_candidate,C4:8B3F opcode 0x53 wrapper calls C4:8B6A transition core; the core writes operand1 to $0305 and operand2 to $13B8/$13B9; exact bounded tail ends in compact B0; C4:8BE2 opcode 0x58 writes destination coordinates,canonical_rom_sha256=F6A345E2F07F0CBC4EFF7D4FF06AE88A814A98FDF100C7BF7351168C73916A98;tools/python/catalog_map_transition_candidates.py;C4:8B3F;C4:8B6A;C4:8BE2
,,,,0x67,1,0x77,vm_opcode_0x53_transition_wrapper_terminal,CC:4D51,,pack=0x67;record=1;entry=0x77,,0x59,0x02,cfg_t07_l033_v2,33,7,2,5,8,5,8,CC:2C43,bounded substream tail; destination record0 entry 0x02 exists; destination entry has aligned 0x58 coordinate setter at CC:2C43,strong_candidate,C4:8B3F opcode 0x53 wrapper calls C4:8B6A transition core; the core writes operand1 to $0305 and operand2 to $13B8/$13B9; exact bounded tail ends in compact B0; C4:8BE2 opcode 0x58 writes destination coordinates,canonical_rom_sha256=F6A345E2F07F0CBC4EFF7D4FF06AE88A814A98FDF100C7BF7351168C73916A98;tools/python/catalog_map_transition_candidates.py;C4:8B3F;C4:8B6A;C4:8BE2
,,,,0x67,2,0x77,vm_opcode_0x53_transition_wrapper_terminal,CC:4D5E,,pack=0x67;record=2;entry=0x77,,0x51,0x02,cfg_t07_l009_v2,9,7,2,6,10,6,10,CC:1F4A,bounded substream tail; destination record0 entry 0x02 exists; destination entry has aligned 0x58 coordinate setter at CC:1F4A,strong_candidate,C4:8B3F opcode 0x53 wrapper calls C4:8B6A transition core; the core writes operand1 to $0305 and operand2 to $13B8/$13B9; exact bounded tail ends in compact B0; C4:8BE2 opcode 0x58 writes destination coordinates,canonical_rom_sha256=F6A345E2F07F0CBC4EFF7D4FF06AE88A814A98FDF100C7BF7351168C73916A98;tools/python/catalog_map_transition_candidates.py;C4:8B3F;C4:8B6A;C4:8BE2
,,,,0x67,3,0x77,vm_opcode_0x53_transition_wrapper_terminal,CC:4D6B,,pack=0x67;record=3;entry=0x77,,0x52,0x02,cfg_t07_l010_v2,10,7,2,6,10,6,10,CC:2134,bounded substream tail; destination record0 entry 0x02 exists; destination entry has aligned 0x58 coordinate setter at CC:2134,strong_candidate,C4:8B3F opcode 0x53 wrapper calls C4:8B6A transition core; the core writes operand1 to $0305 and operand2 to $13B8/$13B9; exact bounded tail ends in compact B0; C4:8BE2 opcode 0x58 writes destination coordinates,canonical_rom_sha256=F6A345E2F07F0CBC4EFF7D4FF06AE88A814A98FDF100C7BF7351168C73916A98;tools/python/catalog_map_transition_candidates.py;C4:8B3F;C4:8B6A;C4:8BE2
,,,,0x68,1,0x77,vm_opcode_0x53_transition_wrapper_terminal,CC:4EAB,,pack=0x68;record=1;entry=0x77,,0x2A,0x02,cfg_t07_l016_v2,16,7,2,3,14,3,14,CB:D792,bounded substream tail; destination record0 entry 0x02 exists; destination entry has aligned 0x58 coordinate setter at CB:D792,strong_candidate,C4:8B3F opcode 0x53 wrapper calls C4:8B6A transition core; the core writes operand1 to $0305 and operand2 to $13B8/$13B9; exact bounded tail ends in compact B0; C4:8BE2 opcode 0x58 writes destination coordinates,canonical_rom_sha256=F6A345E2F07F0CBC4EFF7D4FF06AE88A814A98FDF100C7BF7351168C73916A98;tools/python/catalog_map_transition_candidates.py;C4:8B3F;C4:8B6A;C4:8BE2
,,,,0x68,2,0x77,vm_opcode_0x53_transition_wrapper_terminal,CC:4EB8,,pack=0x68;record=2;entry=0x77,,0x2C,0x02,,,,,6,10,6,10,CB:DA08,bounded substream tail; destination record0 entry 0x02 exists; destination entry has aligned 0x58 coordinate setter at CB:DA08,strong_candidate,C4:8B3F opcode 0x53 wrapper calls C4:8B6A transition core; the core writes operand1 to $0305 and operand2 to $13B8/$13B9; exact bounded tail ends in compact B0; C4:8BE2 opcode 0x58 writes destination coordinates,canonical_rom_sha256=F6A345E2F07F0CBC4EFF7D4FF06AE88A814A98FDF100C7BF7351168C73916A98;tools/python/catalog_map_transition_candidates.py;C4:8B3F;C4:8B6A;C4:8BE2
,,,,0x68,3,0x77,vm_opcode_0x53_transition_wrapper_terminal,CC:4EC5,,pack=0x68;record=3;entry=0x77,,0x29,0x02,cfg_t07_l014_v2,14,7,2,5,10,5,10,CB:D729,bounded substream tail; destination record0 entry 0x02 exists; destination entry has aligned 0x58 coordinate setter at CB:D729,strong_candidate,C4:8B3F opcode 0x53 wrapper calls C4:8B6A transition core; the core writes operand1 to $0305 and operand2 to $13B8/$13B9; exact bounded tail ends in compact B0; C4:8BE2 opcode 0x58 writes destination coordinates,canonical_rom_sha256=F6A345E2F07F0CBC4EFF7D4FF06AE88A814A98FDF100C7BF7351168C73916A98;tools/python/catalog_map_transition_candidates.py;C4:8B3F;C4:8B6A;C4:8BE2
,,,,0x68,4,0x77,vm_opcode_0x53_transition_wrapper_terminal,CC:4ED2,,pack=0x68;record=4;entry=0x77,,0x31,0x02,cfg_t07_l046_v2,46,7,2,5,10,5,10,CB:E05F,bounded substream tail; destination record0 entry 0x02 exists; destination entry has aligned 0x58 coordinate setter at CB:E05F,strong_candidate,C4:8B3F opcode 0x53 wrapper calls C4:8B6A transition core; the core writes operand1 to $0305 and operand2 to $13B8/$13B9; exact bounded tail ends in compact B0; C4:8BE2 opcode 0x58 writes destination coordinates,canonical_rom_sha256=F6A345E2F07F0CBC4EFF7D4FF06AE88A814A98FDF100C7BF7351168C73916A98;tools/python/catalog_map_transition_candidates.py;C4:8B3F;C4:8B6A;C4:8BE2
,,,,0x68,5,0x77,vm_opcode_0x53_transition_wrapper_terminal,CC:4EDF,,pack=0x68;record=5;entry=0x77,,0x2B,0x02,cfg_t07_l012_v2,12,7,2,5,10,5,10,CB:D97A,bounded substream tail; destination record0 entry 0x02 exists; destination entry has aligned 0x58 coordinate setter at CB:D97A,strong_candidate,C4:8B3F opcode 0x53 wrapper calls C4:8B6A transition core; the core writes operand1 to $0305 and operand2 to $13B8/$13B9; exact bounded tail ends in compact B0; C4:8BE2 opcode 0x58 writes destination coordinates,canonical_rom_sha256=F6A345E2F07F0CBC4EFF7D4FF06AE88A814A98FDF100C7BF7351168C73916A98;tools/python/catalog_map_transition_candidates.py;C4:8B3F;C4:8B6A;C4:8BE2
,,,,0x68,6,0x77,vm_opcode_0x53_transition_wrapper_terminal,CC:4EEC,,pack=0x68;record=6;entry=0x77,,0x63,0x02,cfg_t07_l010_v2,10,7,2,6,10,6,10,CC:43C2,bounded substream tail; destination record0 entry 0x02 exists; destination entry has aligned 0x58 coordinate setter at CC:43C2,strong_candidate,C4:8B3F opcode 0x53 wrapper calls C4:8B6A transition core; the core writes operand1 to $0305 and operand2 to $13B8/$13B9; exact bounded tail ends in compact B0; C4:8BE2 opcode 0x58 writes destination coordinates,canonical_rom_sha256=F6A345E2F07F0CBC4EFF7D4FF06AE88A814A98FDF100C7BF7351168C73916A98;tools/python/catalog_map_transition_candidates.py;C4:8B3F;C4:8B6A;C4:8BE2
,,,,0x68,7,0x77,vm_opcode_0x53_transition_wrapper_terminal,CC:4EF9,,pack=0x68;record=7;entry=0x77,,0x62,0x02,cfg_t07_l009_v2,9,7,2,6,10,6,10,CC:427E,bounded substream tail; destination record0 entry 0x02 exists; destination entry has aligned 0x58 coordinate setter at CC:427E,strong_candidate,C4:8B3F opcode 0x53 wrapper calls C4:8B6A transition core; the core writes operand1 to $0305 and operand2 to $13B8/$13B9; exact bounded tail ends in compact B0; C4:8BE2 opcode 0x58 writes destination coordinates,canonical_rom_sha256=F6A345E2F07F0CBC4EFF7D4FF06AE88A814A98FDF100C7BF7351168C73916A98;tools/python/catalog_map_transition_candidates.py;C4:8B3F;C4:8B6A;C4:8BE2
,,,,0x68,8,0x77,vm_opcode_0x53_transition_wrapper_terminal,CC:4F06,,pack=0x68;record=8;entry=0x77,,0x30,0x02,cfg_t07_l065_v2,65,7,2,7,11,7,11,CB:DFE8,bounded substream tail; destination record0 entry 0x02 exists; destination entry has aligned 0x58 coordinate setter at CB:DFE8,strong_candidate,C4:8B3F opcode 0x53 wrapper calls C4:8B6A transition core; the core writes operand1 to $0305 and operand2 to $13B8/$13B9; exact bounded tail ends in compact B0; C4:8BE2 opcode 0x58 writes destination coordinates,canonical_rom_sha256=F6A345E2F07F0CBC4EFF7D4FF06AE88A814A98FDF100C7BF7351168C73916A98;tools/python/catalog_map_transition_candidates.py;C4:8B3F;C4:8B6A;C4:8BE2
,,,,0x68,9,0x77,vm_opcode_0x53_transition_wrapper_terminal,CC:4F13,,pack=0x68;record=9;entry=0x77,,0x2D,0x02,cfg_t07_l013_v2,13,7,2,6,10,6,10,CB:DD6D,bounded substream tail; destination record0 entry 0x02 exists; destination entry has aligned 0x58 coordinate setter at CB:DD6D,strong_candidate,C4:8B3F opcode 0x53 wrapper calls C4:8B6A transition core; the core writes operand1 to $0305 and operand2 to $13B8/$13B9; exact bounded tail ends in compact B0; C4:8BE2 opcode 0x58 writes destination coordinates,canonical_rom_sha256=F6A345E2F07F0CBC4EFF7D4FF06AE88A814A98FDF100C7BF7351168C73916A98;tools/python/catalog_map_transition_candidates.py;C4:8B3F;C4:8B6A;C4:8BE2
,,,,0x68,10,0x77,vm_opcode_0x53_transition_wrapper_terminal,CC:4F20,,pack=0x68;record=10;entry=0x77,,0x2F,0x02,cfg_t07_l047_v2,47,7,2,6,10,6,10,CB:DF90,bounded substream tail; destination record0 entry 0x02 exists; destination entry has aligned 0x58 coordinate setter at CB:DF90,strong_candidate,C4:8B3F opcode 0x53 wrapper calls C4:8B6A transition core; the core writes operand1 to $0305 and operand2 to $13B8/$13B9; exact bounded tail ends in compact B0; C4:8BE2 opcode 0x58 writes destination coordinates,canonical_rom_sha256=F6A345E2F07F0CBC4EFF7D4FF06AE88A814A98FDF100C7BF7351168C73916A98;tools/python/catalog_map_transition_candidates.py;C4:8B3F;C4:8B6A;C4:8BE2
,,,,0x68,11,0x77,vm_opcode_0x53_transition_wrapper_terminal,CC:4F2D,,pack=0x68;record=11;entry=0x77,,0x2E,0x02,cfg_t07_l015_v2,15,7,2,9,12,9,12,CB:DE7C,bounded substream tail; destination record0 entry 0x02 exists; destination entry has aligned 0x58 coordinate setter at CB:DE7C,strong_candidate,C4:8B3F opcode 0x53 wrapper calls C4:8B6A transition core; the core writes operand1 to $0305 and operand2 to $13B8/$13B9; exact bounded tail ends in compact B0; C4:8BE2 opcode 0x58 writes destination coordinates,canonical_rom_sha256=F6A345E2F07F0CBC4EFF7D4FF06AE88A814A98FDF100C7BF7351168C73916A98;tools/python/catalog_map_transition_candidates.py;C4:8B3F;C4:8B6A;C4:8BE2
,,,,0x68,12,0x77,vm_opcode_0x53_transition_wrapper_terminal,CC:4F3A,,pack=0x68;record=12;entry=0x77,,0x9A,0x02,cfg_t22_l121_v2,121,22,2,,,,,,bounded substream tail; destination record0 entry 0x02 exists,strong_candidate,C4:8B3F opcode 0x53 wrapper calls C4:8B6A transition core; the core writes operand1 to $0305 and operand2 to $13B8/$13B9; exact bounded tail ends in compact B0,canonical_rom_sha256=F6A345E2F07F0CBC4EFF7D4FF06AE88A814A98FDF100C7BF7351168C73916A98;tools/python/catalog_map_transition_candidates.py;C4:8B3F;C4:8B6A;C4:8BE2
,,,,0x68,13,0x8C,vm_opcode_0x53_transition_wrapper_terminal,CC:4F50,,pack=0x68;record=13;entry=0x8C,,0x4B,0x04,cfg_t07_l080_v2,80,7,2,7,15,7,15,CC:0705,bounded substream tail; destination record0 entry 0x04 exists; destination entry has aligned 0x58 coordinate setter at CC:0705,strong_candidate,C4:8B3F opcode 0x53 wrapper calls C4:8B6A transition core; the core writes operand1 to $0305 and operand2 to $13B8/$13B9; exact bounded tail ends in compact B0; C4:8BE2 opcode 0x58 writes destination coordinates,canonical_rom_sha256=F6A345E2F07F0CBC4EFF7D4FF06AE88A814A98FDF100C7BF7351168C73916A98;tools/python/catalog_map_transition_candidates.py;C4:8B3F;C4:8B6A;C4:8BE2
,,,,0x68,37,0x7C,vm_opcode_0x53_transition_wrapper_terminal,CC:52C2,F68-L022,pack=0x68;record=37;entry=0x7C,,0x20,0x02,,,,,0,0,0,0,CB:D1FA,bounded substream tail; destination record0 entry 0x02 exists; destination entry has aligned 0x58 coordinate setter at CB:D1FA,strong_candidate,C4:8B3F opcode 0x53 wrapper calls C4:8B6A transition core; the core writes operand1 to $0305 and operand2 to $13B8/$13B9; exact bounded tail ends in compact B0; C4:8BE2 opcode 0x58 writes destination coordinates,canonical_rom_sha256=F6A345E2F07F0CBC4EFF7D4FF06AE88A814A98FDF100C7BF7351168C73916A98;tools/python/catalog_map_transition_candidates.py;C4:8B3F;C4:8B6A;C4:8BE2;data/events/event_record_frame_catalog.csv;data/events/event_source_crosslink.csv
,,,,0x68,38,0x7C,vm_opcode_0x53_transition_wrapper_terminal,CC:52DD,F68-L023,pack=0x68;record=38;entry=0x7C,,0x22,0x02,,,,,0,0,0,0,CB:D3B0,bounded substream tail; destination record0 entry 0x02 exists; destination entry has aligned 0x58 coordinate setter at CB:D3B0,strong_candidate,C4:8B3F opcode 0x53 wrapper calls C4:8B6A transition core; the core writes operand1 to $0305 and operand2 to $13B8/$13B9; exact bounded tail ends in compact B0; C4:8BE2 opcode 0x58 writes destination coordinates,canonical_rom_sha256=F6A345E2F07F0CBC4EFF7D4FF06AE88A814A98FDF100C7BF7351168C73916A98;tools/python/catalog_map_transition_candidates.py;C4:8B3F;C4:8B6A;C4:8BE2;data/events/event_record_frame_catalog.csv;data/events/event_source_crosslink.csv
,,,,0x68,39,0x7C,vm_opcode_0x53_transition_wrapper_terminal,CC:52F8,F68-L024,pack=0x68;record=39;entry=0x7C,,0x26,0x02,,,,,0,0,0,0,CB:D5C3,bounded substream tail; destination record0 entry 0x02 exists; destination entry has aligned 0x58 coordinate setter at CB:D5C3,strong_candidate,C4:8B3F opcode 0x53 wrapper calls C4:8B6A transition core; the core writes operand1 to $0305 and operand2 to $13B8/$13B9; exact bounded tail ends in compact B0; C4:8BE2 opcode 0x58 writes destination coordinates,canonical_rom_sha256=F6A345E2F07F0CBC4EFF7D4FF06AE88A814A98FDF100C7BF7351168C73916A98;tools/python/catalog_map_transition_candidates.py;C4:8B3F;C4:8B6A;C4:8BE2;data/events/event_record_frame_catalog.csv;data/events/event_source_crosslink.csv
,,,,0x68,40,0x7C,vm_opcode_0x53_transition_wrapper_terminal,CC:5313,F68-L025,pack=0x68;record=40;entry=0x7C,,0x25,0x02,,,,,0,0,0,0,CB:D4E1,bounded substream tail; destination record0 entry 0x02 exists; destination entry has aligned 0x58 coordinate setter at CB:D4E1,strong_candidate,C4:8B3F opcode 0x53 wrapper calls C4:8B6A transition core; the core writes operand1 to $0305 and operand2 to $13B8/$13B9; exact bounded tail ends in compact B0; C4:8BE2 opcode 0x58 writes destination coordinates,canonical_rom_sha256=F6A345E2F07F0CBC4EFF7D4FF06AE88A814A98FDF100C7BF7351168C73916A98;tools/python/catalog_map_transition_candidates.py;C4:8B3F;C4:8B6A;C4:8BE2;data/events/event_record_frame_catalog.csv;data/events/event_source_crosslink.csv
,,,,0x6A,1,0x77,vm_opcode_0x53_transition_wrapper_terminal,CC:54C5,,pack=0x6A;record=1;entry=0x77,,0x2A,0x02,cfg_t07_l016_v2,16,7,2,3,14,3,14,CB:D792,bounded substream tail; destination record0 entry 0x02 exists; destination entry has aligned 0x58 coordinate setter at CB:D792,strong_candidate,C4:8B3F opcode 0x53 wrapper calls C4:8B6A transition core; the core writes operand1 to $0305 and operand2 to $13B8/$13B9; exact bounded tail ends in compact B0; C4:8BE2 opcode 0x58 writes destination coordinates,canonical_rom_sha256=F6A345E2F07F0CBC4EFF7D4FF06AE88A814A98FDF100C7BF7351168C73916A98;tools/python/catalog_map_transition_candidates.py;C4:8B3F;C4:8B6A;C4:8BE2
,,,,0x6A,2,0x77,vm_opcode_0x53_transition_wrapper_terminal,CC:54D2,,pack=0x6A;record=2;entry=0x77,,0x2E,0x02,cfg_t07_l015_v2,15,7,2,9,12,9,12,CB:DE7C,bounded substream tail; destination record0 entry 0x02 exists; destination entry has aligned 0x58 coordinate setter at CB:DE7C,strong_candidate,C4:8B3F opcode 0x53 wrapper calls C4:8B6A transition core; the core writes operand1 to $0305 and operand2 to $13B8/$13B9; exact bounded tail ends in compact B0; C4:8BE2 opcode 0x58 writes destination coordinates,canonical_rom_sha256=F6A345E2F07F0CBC4EFF7D4FF06AE88A814A98FDF100C7BF7351168C73916A98;tools/python/catalog_map_transition_candidates.py;C4:8B3F;C4:8B6A;C4:8BE2
,,,,0x6A,3,0x77,vm_opcode_0x53_transition_wrapper_terminal,CC:54DF,,pack=0x6A;record=3;entry=0x77,,0x2C,0x02,,,,,6,10,6,10,CB:DA08,bounded substream tail; destination record0 entry 0x02 exists; destination entry has aligned 0x58 coordinate setter at CB:DA08,strong_candidate,C4:8B3F opcode 0x53 wrapper calls C4:8B6A transition core; the core writes operand1 to $0305 and operand2 to $13B8/$13B9; exact bounded tail ends in compact B0; C4:8BE2 opcode 0x58 writes destination coordinates,canonical_rom_sha256=F6A345E2F07F0CBC4EFF7D4FF06AE88A814A98FDF100C7BF7351168C73916A98;tools/python/catalog_map_transition_candidates.py;C4:8B3F;C4:8B6A;C4:8BE2
,,,,0x6A,4,0x77,vm_opcode_0x53_transition_wrapper_terminal,CC:54EC,,pack=0x6A;record=4;entry=0x77,,0x29,0x02,cfg_t07_l014_v2,14,7,2,5,10,5,10,CB:D729,bounded substream tail; destination record0 entry 0x02 exists; destination entry has aligned 0x58 coordinate setter at CB:D729,strong_candidate,C4:8B3F opcode 0x53 wrapper calls C4:8B6A transition core; the core writes operand1 to $0305 and operand2 to $13B8/$13B9; exact bounded tail ends in compact B0; C4:8BE2 opcode 0x58 writes destination coordinates,canonical_rom_sha256=F6A345E2F07F0CBC4EFF7D4FF06AE88A814A98FDF100C7BF7351168C73916A98;tools/python/catalog_map_transition_candidates.py;C4:8B3F;C4:8B6A;C4:8BE2
,,,,0x6A,5,0x77,vm_opcode_0x53_transition_wrapper_terminal,CC:54F9,,pack=0x6A;record=5;entry=0x77,,0x2B,0x02,cfg_t07_l012_v2,12,7,2,5,10,5,10,CB:D97A,bounded substream tail; destination record0 entry 0x02 exists; destination entry has aligned 0x58 coordinate setter at CB:D97A,strong_candidate,C4:8B3F opcode 0x53 wrapper calls C4:8B6A transition core; the core writes operand1 to $0305 and operand2 to $13B8/$13B9; exact bounded tail ends in compact B0; C4:8BE2 opcode 0x58 writes destination coordinates,canonical_rom_sha256=F6A345E2F07F0CBC4EFF7D4FF06AE88A814A98FDF100C7BF7351168C73916A98;tools/python/catalog_map_transition_candidates.py;C4:8B3F;C4:8B6A;C4:8BE2
,,,,0x6A,6,0x77,vm_opcode_0x53_transition_wrapper_terminal,CC:5506,,pack=0x6A;record=6;entry=0x77,,0x2D,0x02,cfg_t07_l013_v2,13,7,2,6,10,6,10,CB:DD6D,bounded substream tail; destination record0 entry 0x02 exists; destination entry has aligned 0x58 coordinate setter at CB:DD6D,strong_candidate,C4:8B3F opcode 0x53 wrapper calls C4:8B6A transition core; the core writes operand1 to $0305 and operand2 to $13B8/$13B9; exact bounded tail ends in compact B0; C4:8BE2 opcode 0x58 writes destination coordinates,canonical_rom_sha256=F6A345E2F07F0CBC4EFF7D4FF06AE88A814A98FDF100C7BF7351168C73916A98;tools/python/catalog_map_transition_candidates.py;C4:8B3F;C4:8B6A;C4:8BE2
,,,,0x6A,7,0x77,vm_opcode_0x53_transition_wrapper_terminal,CC:5513,,pack=0x6A;record=7;entry=0x77,,0x51,0x02,cfg_t07_l009_v2,9,7,2,6,10,6,10,CC:1F4A,bounded substream tail; destination record0 entry 0x02 exists; destination entry has aligned 0x58 coordinate setter at CC:1F4A,strong_candidate,C4:8B3F opcode 0x53 wrapper calls C4:8B6A transition core; the core writes operand1 to $0305 and operand2 to $13B8/$13B9; exact bounded tail ends in compact B0; C4:8BE2 opcode 0x58 writes destination coordinates,canonical_rom_sha256=F6A345E2F07F0CBC4EFF7D4FF06AE88A814A98FDF100C7BF7351168C73916A98;tools/python/catalog_map_transition_candidates.py;C4:8B3F;C4:8B6A;C4:8BE2
,,,,0x6A,8,0x77,vm_opcode_0x53_transition_wrapper_terminal,CC:5520,,pack=0x6A;record=8;entry=0x77,,0x52,0x02,cfg_t07_l010_v2,10,7,2,6,10,6,10,CC:2134,bounded substream tail; destination record0 entry 0x02 exists; destination entry has aligned 0x58 coordinate setter at CC:2134,strong_candidate,C4:8B3F opcode 0x53 wrapper calls C4:8B6A transition core; the core writes operand1 to $0305 and operand2 to $13B8/$13B9; exact bounded tail ends in compact B0; C4:8BE2 opcode 0x58 writes destination coordinates,canonical_rom_sha256=F6A345E2F07F0CBC4EFF7D4FF06AE88A814A98FDF100C7BF7351168C73916A98;tools/python/catalog_map_transition_candidates.py;C4:8B3F;C4:8B6A;C4:8BE2
,,,,0x6A,9,0x77,vm_opcode_0x53_transition_wrapper_terminal,CC:552D,,pack=0x6A;record=9;entry=0x77,,0x62,0x02,cfg_t07_l009_v2,9,7,2,6,10,6,10,CC:427E,bounded substream tail; destination record0 entry 0x02 exists; destination entry has aligned 0x58 coordinate setter at CC:427E,strong_candidate,C4:8B3F opcode 0x53 wrapper calls C4:8B6A transition core; the core writes operand1 to $0305 and operand2 to $13B8/$13B9; exact bounded tail ends in compact B0; C4:8BE2 opcode 0x58 writes destination coordinates,canonical_rom_sha256=F6A345E2F07F0CBC4EFF7D4FF06AE88A814A98FDF100C7BF7351168C73916A98;tools/python/catalog_map_transition_candidates.py;C4:8B3F;C4:8B6A;C4:8BE2
,,,,0x6A,10,0x77,vm_opcode_0x53_transition_wrapper_terminal,CC:553A,,pack=0x6A;record=10;entry=0x77,,0x30,0x02,cfg_t07_l065_v2,65,7,2,7,11,7,11,CB:DFE8,bounded substream tail; destination record0 entry 0x02 exists; destination entry has aligned 0x58 coordinate setter at CB:DFE8,strong_candidate,C4:8B3F opcode 0x53 wrapper calls C4:8B6A transition core; the core writes operand1 to $0305 and operand2 to $13B8/$13B9; exact bounded tail ends in compact B0; C4:8BE2 opcode 0x58 writes destination coordinates,canonical_rom_sha256=F6A345E2F07F0CBC4EFF7D4FF06AE88A814A98FDF100C7BF7351168C73916A98;tools/python/catalog_map_transition_candidates.py;C4:8B3F;C4:8B6A;C4:8BE2
,,,,0x6A,11,0x77,vm_opcode_0x53_transition_wrapper_terminal,CC:5549,,pack=0x6A;record=11;entry=0x77,,0x9D,0x02,cfg_t42_l163_v1,163,42,1,,,,,,bounded substream tail; destination record0 entry 0x02 exists,strong_candidate,C4:8B3F opcode 0x53 wrapper calls C4:8B6A transition core; the core writes operand1 to $0305 and operand2 to $13B8/$13B9; exact bounded tail ends in compact B0,canonical_rom_sha256=F6A345E2F07F0CBC4EFF7D4FF06AE88A814A98FDF100C7BF7351168C73916A98;tools/python/catalog_map_transition_candidates.py;C4:8B3F;C4:8B6A;C4:8BE2
,,,,0x6A,12,0x8C,vm_opcode_0x53_transition_wrapper_terminal,CC:555F,,pack=0x6A;record=12;entry=0x8C,,0x4B,0x05,cfg_t07_l080_v2,80,7,2,7,15,7,15,CC:070B,bounded substream tail; destination record0 entry 0x05 exists; destination entry has aligned 0x58 coordinate setter at CC:070B,strong_candidate,C4:8B3F opcode 0x53 wrapper calls C4:8B6A transition core; the core writes operand1 to $0305 and operand2 to $13B8/$13B9; exact bounded tail ends in compact B0; C4:8BE2 opcode 0x58 writes destination coordinates,canonical_rom_sha256=F6A345E2F07F0CBC4EFF7D4FF06AE88A814A98FDF100C7BF7351168C73916A98;tools/python/catalog_map_transition_candidates.py;C4:8B3F;C4:8B6A;C4:8BE2
,,,,0x6B,2,0x77,vm_opcode_0x53_transition_wrapper_terminal,CC:5ACE,,pack=0x6B;record=2;entry=0x77,,0x2A,0x02,cfg_t07_l016_v2,16,7,2,3,14,3,14,CB:D792,bounded substream tail; destination record0 entry 0x02 exists; destination entry has aligned 0x58 coordinate setter at CB:D792,strong_candidate,C4:8B3F opcode 0x53 wrapper calls C4:8B6A transition core; the core writes operand1 to $0305 and operand2 to $13B8/$13B9; exact bounded tail ends in compact B0; C4:8BE2 opcode 0x58 writes destination coordinates,canonical_rom_sha256=F6A345E2F07F0CBC4EFF7D4FF06AE88A814A98FDF100C7BF7351168C73916A98;tools/python/catalog_map_transition_candidates.py;C4:8B3F;C4:8B6A;C4:8BE2
,,,,0x6B,3,0x77,vm_opcode_0x53_transition_wrapper_terminal,CC:5ADB,,pack=0x6B;record=3;entry=0x77,,0x29,0x02,cfg_t07_l014_v2,14,7,2,5,10,5,10,CB:D729,bounded substream tail; destination record0 entry 0x02 exists; destination entry has aligned 0x58 coordinate setter at CB:D729,strong_candidate,C4:8B3F opcode 0x53 wrapper calls C4:8B6A transition core; the core writes operand1 to $0305 and operand2 to $13B8/$13B9; exact bounded tail ends in compact B0; C4:8BE2 opcode 0x58 writes destination coordinates,canonical_rom_sha256=F6A345E2F07F0CBC4EFF7D4FF06AE88A814A98FDF100C7BF7351168C73916A98;tools/python/catalog_map_transition_candidates.py;C4:8B3F;C4:8B6A;C4:8BE2
,,,,0x6B,4,0x77,vm_opcode_0x53_transition_wrapper_terminal,CC:5AE8,,pack=0x6B;record=4;entry=0x77,,0x2B,0x02,cfg_t07_l012_v2,12,7,2,5,10,5,10,CB:D97A,bounded substream tail; destination record0 entry 0x02 exists; destination entry has aligned 0x58 coordinate setter at CB:D97A,strong_candidate,C4:8B3F opcode 0x53 wrapper calls C4:8B6A transition core; the core writes operand1 to $0305 and operand2 to $13B8/$13B9; exact bounded tail ends in compact B0; C4:8BE2 opcode 0x58 writes destination coordinates,canonical_rom_sha256=F6A345E2F07F0CBC4EFF7D4FF06AE88A814A98FDF100C7BF7351168C73916A98;tools/python/catalog_map_transition_candidates.py;C4:8B3F;C4:8B6A;C4:8BE2
,,,,0x6B,5,0x77,vm_opcode_0x53_transition_wrapper_terminal,CC:5AF5,,pack=0x6B;record=5;entry=0x77,,0x2C,0x02,,,,,6,10,6,10,CB:DA08,bounded substream tail; destination record0 entry 0x02 exists; destination entry has aligned 0x58 coordinate setter at CB:DA08,strong_candidate,C4:8B3F opcode 0x53 wrapper calls C4:8B6A transition core; the core writes operand1 to $0305 and operand2 to $13B8/$13B9; exact bounded tail ends in compact B0; C4:8BE2 opcode 0x58 writes destination coordinates,canonical_rom_sha256=F6A345E2F07F0CBC4EFF7D4FF06AE88A814A98FDF100C7BF7351168C73916A98;tools/python/catalog_map_transition_candidates.py;C4:8B3F;C4:8B6A;C4:8BE2
,,,,0x6B,6,0x77,vm_opcode_0x53_transition_wrapper_terminal,CC:5B02,,pack=0x6B;record=6;entry=0x77,,0x2D,0x04,cfg_t07_l013_v2,13,7,2,6,10,6,10,CB:DD79,bounded substream tail; destination record0 entry 0x04 exists; destination entry has aligned 0x58 coordinate setter at CB:DD79,strong_candidate,C4:8B3F opcode 0x53 wrapper calls C4:8B6A transition core; the core writes operand1 to $0305 and operand2 to $13B8/$13B9; exact bounded tail ends in compact B0; C4:8BE2 opcode 0x58 writes destination coordinates,canonical_rom_sha256=F6A345E2F07F0CBC4EFF7D4FF06AE88A814A98FDF100C7BF7351168C73916A98;tools/python/catalog_map_transition_candidates.py;C4:8B3F;C4:8B6A;C4:8BE2
,,,,0x6B,7,0x77,vm_opcode_0x53_transition_wrapper_terminal,CC:5B0F,,pack=0x6B;record=7;entry=0x77,,0x2E,0x02,cfg_t07_l015_v2,15,7,2,9,12,9,12,CB:DE7C,bounded substream tail; destination record0 entry 0x02 exists; destination entry has aligned 0x58 coordinate setter at CB:DE7C,strong_candidate,C4:8B3F opcode 0x53 wrapper calls C4:8B6A transition core; the core writes operand1 to $0305 and operand2 to $13B8/$13B9; exact bounded tail ends in compact B0; C4:8BE2 opcode 0x58 writes destination coordinates,canonical_rom_sha256=F6A345E2F07F0CBC4EFF7D4FF06AE88A814A98FDF100C7BF7351168C73916A98;tools/python/catalog_map_transition_candidates.py;C4:8B3F;C4:8B6A;C4:8BE2
,,,,0x6B,8,0x77,vm_opcode_0x53_transition_wrapper_terminal,CC:5B1C,,pack=0x6B;record=8;entry=0x77,,0x30,0x02,cfg_t07_l065_v2,65,7,2,7,11,7,11,CB:DFE8,bounded substream tail; destination record0 entry 0x02 exists; destination entry has aligned 0x58 coordinate setter at CB:DFE8,strong_candidate,C4:8B3F opcode 0x53 wrapper calls C4:8B6A transition core; the core writes operand1 to $0305 and operand2 to $13B8/$13B9; exact bounded tail ends in compact B0; C4:8BE2 opcode 0x58 writes destination coordinates,canonical_rom_sha256=F6A345E2F07F0CBC4EFF7D4FF06AE88A814A98FDF100C7BF7351168C73916A98;tools/python/catalog_map_transition_candidates.py;C4:8B3F;C4:8B6A;C4:8BE2
,,,,0x6B,9,0x77,vm_opcode_0x53_transition_wrapper_terminal,CC:5B29,,pack=0x6B;record=9;entry=0x77,,0x2F,0x02,cfg_t07_l047_v2,47,7,2,6,10,6,10,CB:DF90,bounded substream tail; destination record0 entry 0x02 exists; destination entry has aligned 0x58 coordinate setter at CB:DF90,strong_candidate,C4:8B3F opcode 0x53 wrapper calls C4:8B6A transition core; the core writes operand1 to $0305 and operand2 to $13B8/$13B9; exact bounded tail ends in compact B0; C4:8BE2 opcode 0x58 writes destination coordinates,canonical_rom_sha256=F6A345E2F07F0CBC4EFF7D4FF06AE88A814A98FDF100C7BF7351168C73916A98;tools/python/catalog_map_transition_candidates.py;C4:8B3F;C4:8B6A;C4:8BE2
,,,,0x6B,10,0x77,vm_opcode_0x53_transition_wrapper_terminal,CC:5B36,,pack=0x6B;record=10;entry=0x77,,0x51,0x02,cfg_t07_l009_v2,9,7,2,6,10,6,10,CC:1F4A,bounded substream tail; destination record0 entry 0x02 exists; destination entry has aligned 0x58 coordinate setter at CC:1F4A,strong_candidate,C4:8B3F opcode 0x53 wrapper calls C4:8B6A transition core; the core writes operand1 to $0305 and operand2 to $13B8/$13B9; exact bounded tail ends in compact B0; C4:8BE2 opcode 0x58 writes destination coordinates,canonical_rom_sha256=F6A345E2F07F0CBC4EFF7D4FF06AE88A814A98FDF100C7BF7351168C73916A98;tools/python/catalog_map_transition_candidates.py;C4:8B3F;C4:8B6A;C4:8BE2
,,,,0x6B,11,0x77,vm_opcode_0x53_transition_wrapper_terminal,CC:5B43,,pack=0x6B;record=11;entry=0x77,,0x6C,0x02,cfg_t07_l076_v2,76,7,2,11,21,11,21,CC:604B,bounded substream tail; destination record0 entry 0x02 exists; destination entry has aligned 0x58 coordinate setter at CC:604B,strong_candidate,C4:8B3F opcode 0x53 wrapper calls C4:8B6A transition core; the core writes operand1 to $0305 and operand2 to $13B8/$13B9; exact bounded tail ends in compact B0; C4:8BE2 opcode 0x58 writes destination coordinates,canonical_rom_sha256=F6A345E2F07F0CBC4EFF7D4FF06AE88A814A98FDF100C7BF7351168C73916A98;tools/python/catalog_map_transition_candidates.py;C4:8B3F;C4:8B6A;C4:8BE2
,,,,0x6B,12,0x8C,vm_opcode_0x53_transition_wrapper_terminal,CC:5B59,,pack=0x6B;record=12;entry=0x8C,,0x4B,0x06,cfg_t07_l080_v2,80,7,2,7,15,7,15,CC:0711,bounded substream tail; destination record0 entry 0x06 exists; destination entry has aligned 0x58 coordinate setter at CC:0711,strong_candidate,C4:8B3F opcode 0x53 wrapper calls C4:8B6A transition core; the core writes operand1 to $0305 and operand2 to $13B8/$13B9; exact bounded tail ends in compact B0; C4:8BE2 opcode 0x58 writes destination coordinates,canonical_rom_sha256=F6A345E2F07F0CBC4EFF7D4FF06AE88A814A98FDF100C7BF7351168C73916A98;tools/python/catalog_map_transition_candidates.py;C4:8B3F;C4:8B6A;C4:8BE2
,,,,0x6B,23,0x7C,vm_opcode_0x53_transition_wrapper_terminal,CC:5D64,,pack=0x6B;record=23;entry=0x7C,,0xA9,0x15,cfg_t26_l131_v1,131,26,1,149,25,149,25,CD:2559,bounded substream tail; destination record0 entry 0x15 exists; destination entry has aligned 0x58 coordinate setter at CD:2559,strong_candidate,C4:8B3F opcode 0x53 wrapper calls C4:8B6A transition core; the core writes operand1 to $0305 and operand2 to $13B8/$13B9; exact bounded tail ends in compact B0; C4:8BE2 opcode 0x58 writes destination coordinates,canonical_rom_sha256=F6A345E2F07F0CBC4EFF7D4FF06AE88A814A98FDF100C7BF7351168C73916A98;tools/python/catalog_map_transition_candidates.py;C4:8B3F;C4:8B6A;C4:8BE2
,,,,0x6E,2,0x77,vm_opcode_0x53_transition_wrapper_terminal,CC:6427,,pack=0x6E;record=2;entry=0x77,,0x2A,0x02,cfg_t07_l016_v2,16,7,2,3,14,3,14,CB:D792,bounded substream tail; destination record0 entry 0x02 exists; destination entry has aligned 0x58 coordinate setter at CB:D792,strong_candidate,C4:8B3F opcode 0x53 wrapper calls C4:8B6A transition core; the core writes operand1 to $0305 and operand2 to $13B8/$13B9; exact bounded tail ends in compact B0; C4:8BE2 opcode 0x58 writes destination coordinates,canonical_rom_sha256=F6A345E2F07F0CBC4EFF7D4FF06AE88A814A98FDF100C7BF7351168C73916A98;tools/python/catalog_map_transition_candidates.py;C4:8B3F;C4:8B6A;C4:8BE2
,,,,0x6E,3,0x77,vm_opcode_0x53_transition_wrapper_terminal,CC:6434,,pack=0x6E;record=3;entry=0x77,,0x2B,0x02,cfg_t07_l012_v2,12,7,2,5,10,5,10,CB:D97A,bounded substream tail; destination record0 entry 0x02 exists; destination entry has aligned 0x58 coordinate setter at CB:D97A,strong_candidate,C4:8B3F opcode 0x53 wrapper calls C4:8B6A transition core; the core writes operand1 to $0305 and operand2 to $13B8/$13B9; exact bounded tail ends in compact B0; C4:8BE2 opcode 0x58 writes destination coordinates,canonical_rom_sha256=F6A345E2F07F0CBC4EFF7D4FF06AE88A814A98FDF100C7BF7351168C73916A98;tools/python/catalog_map_transition_candidates.py;C4:8B3F;C4:8B6A;C4:8BE2
,,,,0x6E,4,0x77,vm_opcode_0x53_transition_wrapper_terminal,CC:6441,,pack=0x6E;record=4;entry=0x77,,0x2C,0x02,,,,,6,10,6,10,CB:DA08,bounded substream tail; destination record0 entry 0x02 exists; destination entry has aligned 0x58 coordinate setter at CB:DA08,strong_candidate,C4:8B3F opcode 0x53 wrapper calls C4:8B6A transition core; the core writes operand1 to $0305 and operand2 to $13B8/$13B9; exact bounded tail ends in compact B0; C4:8BE2 opcode 0x58 writes destination coordinates,canonical_rom_sha256=F6A345E2F07F0CBC4EFF7D4FF06AE88A814A98FDF100C7BF7351168C73916A98;tools/python/catalog_map_transition_candidates.py;C4:8B3F;C4:8B6A;C4:8BE2
,,,,0x6E,5,0x77,vm_opcode_0x53_transition_wrapper_terminal,CC:644E,,pack=0x6E;record=5;entry=0x77,,0x29,0x02,cfg_t07_l014_v2,14,7,2,5,10,5,10,CB:D729,bounded substream tail; destination record0 entry 0x02 exists; destination entry has aligned 0x58 coordinate setter at CB:D729,strong_candidate,C4:8B3F opcode 0x53 wrapper calls C4:8B6A transition core; the core writes operand1 to $0305 and operand2 to $13B8/$13B9; exact bounded tail ends in compact B0; C4:8BE2 opcode 0x58 writes destination coordinates,canonical_rom_sha256=F6A345E2F07F0CBC4EFF7D4FF06AE88A814A98FDF100C7BF7351168C73916A98;tools/python/catalog_map_transition_candidates.py;C4:8B3F;C4:8B6A;C4:8BE2
,,,,0x6E,6,0x77,vm_opcode_0x53_transition_wrapper_terminal,CC:645B,,pack=0x6E;record=6;entry=0x77,,0x2D,0x02,cfg_t07_l013_v2,13,7,2,6,10,6,10,CB:DD6D,bounded substream tail; destination record0 entry 0x02 exists; destination entry has aligned 0x58 coordinate setter at CB:DD6D,strong_candidate,C4:8B3F opcode 0x53 wrapper calls C4:8B6A transition core; the core writes operand1 to $0305 and operand2 to $13B8/$13B9; exact bounded tail ends in compact B0; C4:8BE2 opcode 0x58 writes destination coordinates,canonical_rom_sha256=F6A345E2F07F0CBC4EFF7D4FF06AE88A814A98FDF100C7BF7351168C73916A98;tools/python/catalog_map_transition_candidates.py;C4:8B3F;C4:8B6A;C4:8BE2
,,,,0x6E,7,0x77,vm_opcode_0x53_transition_wrapper_terminal,CC:6468,,pack=0x6E;record=7;entry=0x77,,0xEC,0x02,,,,,6,10,6,10,CD:E13A,bounded substream tail; destination record0 entry 0x02 exists; destination entry has aligned 0x58 coordinate setter at CD:E13A,strong_candidate,C4:8B3F opcode 0x53 wrapper calls C4:8B6A transition core; the core writes operand1 to $0305 and operand2 to $13B8/$13B9; exact bounded tail ends in compact B0; C4:8BE2 opcode 0x58 writes destination coordinates,canonical_rom_sha256=F6A345E2F07F0CBC4EFF7D4FF06AE88A814A98FDF100C7BF7351168C73916A98;tools/python/catalog_map_transition_candidates.py;C4:8B3F;C4:8B6A;C4:8BE2
,,,,0x6E,8,0x77,vm_opcode_0x53_transition_wrapper_terminal,CC:6475,,pack=0x6E;record=8;entry=0x77,,0x52,0x02,cfg_t07_l010_v2,10,7,2,6,10,6,10,CC:2134,bounded substream tail; destination record0 entry 0x02 exists; destination entry has aligned 0x58 coordinate setter at CC:2134,strong_candidate,C4:8B3F opcode 0x53 wrapper calls C4:8B6A transition core; the core writes operand1 to $0305 and operand2 to $13B8/$13B9; exact bounded tail ends in compact B0; C4:8BE2 opcode 0x58 writes destination coordinates,canonical_rom_sha256=F6A345E2F07F0CBC4EFF7D4FF06AE88A814A98FDF100C7BF7351168C73916A98;tools/python/catalog_map_transition_candidates.py;C4:8B3F;C4:8B6A;C4:8BE2
,,,,0x6F,1,0x77,vm_opcode_0x53_transition_wrapper_terminal,CC:6733,,pack=0x6F;record=1;entry=0x77,,0x2A,0x02,cfg_t07_l016_v2,16,7,2,3,14,3,14,CB:D792,bounded substream tail; destination record0 entry 0x02 exists; destination entry has aligned 0x58 coordinate setter at CB:D792,strong_candidate,C4:8B3F opcode 0x53 wrapper calls C4:8B6A transition core; the core writes operand1 to $0305 and operand2 to $13B8/$13B9; exact bounded tail ends in compact B0; C4:8BE2 opcode 0x58 writes destination coordinates,canonical_rom_sha256=F6A345E2F07F0CBC4EFF7D4FF06AE88A814A98FDF100C7BF7351168C73916A98;tools/python/catalog_map_transition_candidates.py;C4:8B3F;C4:8B6A;C4:8BE2
,,,,0x6F,2,0x77,vm_opcode_0x53_transition_wrapper_terminal,CC:6740,,pack=0x6F;record=2;entry=0x77,,0x2C,0x02,,,,,6,10,6,10,CB:DA08,bounded substream tail; destination record0 entry 0x02 exists; destination entry has aligned 0x58 coordinate setter at CB:DA08,strong_candidate,C4:8B3F opcode 0x53 wrapper calls C4:8B6A transition core; the core writes operand1 to $0305 and operand2 to $13B8/$13B9; exact bounded tail ends in compact B0; C4:8BE2 opcode 0x58 writes destination coordinates,canonical_rom_sha256=F6A345E2F07F0CBC4EFF7D4FF06AE88A814A98FDF100C7BF7351168C73916A98;tools/python/catalog_map_transition_candidates.py;C4:8B3F;C4:8B6A;C4:8BE2
,,,,0x6F,3,0x77,vm_opcode_0x53_transition_wrapper_terminal,CC:674D,,pack=0x6F;record=3;entry=0x77,,0x2C,0x03,,,,,6,10,6,10,CB:DA0E,bounded substream tail; destination record0 entry 0x03 exists; destination entry has aligned 0x58 coordinate setter at CB:DA0E,strong_candidate,C4:8B3F opcode 0x53 wrapper calls C4:8B6A transition core; the core writes operand1 to $0305 and operand2 to $13B8/$13B9; exact bounded tail ends in compact B0; C4:8BE2 opcode 0x58 writes destination coordinates,canonical_rom_sha256=F6A345E2F07F0CBC4EFF7D4FF06AE88A814A98FDF100C7BF7351168C73916A98;tools/python/catalog_map_transition_candidates.py;C4:8B3F;C4:8B6A;C4:8BE2
,,,,0x6F,4,0x77,vm_opcode_0x53_transition_wrapper_terminal,CC:675A,,pack=0x6F;record=4;entry=0x77,,0x2E,0x02,cfg_t07_l015_v2,15,7,2,9,12,9,12,CB:DE7C,bounded substream tail; destination record0 entry 0x02 exists; destination entry has aligned 0x58 coordinate setter at CB:DE7C,strong_candidate,C4:8B3F opcode 0x53 wrapper calls C4:8B6A transition core; the core writes operand1 to $0305 and operand2 to $13B8/$13B9; exact bounded tail ends in compact B0; C4:8BE2 opcode 0x58 writes destination coordinates,canonical_rom_sha256=F6A345E2F07F0CBC4EFF7D4FF06AE88A814A98FDF100C7BF7351168C73916A98;tools/python/catalog_map_transition_candidates.py;C4:8B3F;C4:8B6A;C4:8BE2
,,,,0x6F,5,0x77,vm_opcode_0x53_transition_wrapper_terminal,CC:6767,,pack=0x6F;record=5;entry=0x77,,0x71,0x02,cfg_t07_l069_v2,69,7,2,7,14,7,14,CC:73C6,bounded substream tail; destination record0 entry 0x02 exists; destination entry has aligned 0x58 coordinate setter at CC:73C6,strong_candidate,C4:8B3F opcode 0x53 wrapper calls C4:8B6A transition core; the core writes operand1 to $0305 and operand2 to $13B8/$13B9; exact bounded tail ends in compact B0; C4:8BE2 opcode 0x58 writes destination coordinates,canonical_rom_sha256=F6A345E2F07F0CBC4EFF7D4FF06AE88A814A98FDF100C7BF7351168C73916A98;tools/python/catalog_map_transition_candidates.py;C4:8B3F;C4:8B6A;C4:8BE2
,,,,0x6F,6,0x77,vm_opcode_0x53_transition_wrapper_terminal,CC:6776,,pack=0x6F;record=6;entry=0x77,,0x3F,0x02,cfg_t07_l049_v2,49,7,2,25,25,25,25,CB:EBAC,bounded substream tail; destination record0 entry 0x02 exists; destination entry has aligned 0x58 coordinate setter at CB:EBAC,strong_candidate,C4:8B3F opcode 0x53 wrapper calls C4:8B6A transition core; the core writes operand1 to $0305 and operand2 to $13B8/$13B9; exact bounded tail ends in compact B0; C4:8BE2 opcode 0x58 writes destination coordinates,canonical_rom_sha256=F6A345E2F07F0CBC4EFF7D4FF06AE88A814A98FDF100C7BF7351168C73916A98;tools/python/catalog_map_transition_candidates.py;C4:8B3F;C4:8B6A;C4:8BE2
,,,,0x70,1,0x77,vm_opcode_0x53_transition_wrapper_terminal,CC:6DF9,,pack=0x70;record=1;entry=0x77,,0x2A,0x02,cfg_t07_l016_v2,16,7,2,3,14,3,14,CB:D792,bounded substream tail; destination record0 entry 0x02 exists; destination entry has aligned 0x58 coordinate setter at CB:D792,strong_candidate,C4:8B3F opcode 0x53 wrapper calls C4:8B6A transition core; the core writes operand1 to $0305 and operand2 to $13B8/$13B9; exact bounded tail ends in compact B0; C4:8BE2 opcode 0x58 writes destination coordinates,canonical_rom_sha256=F6A345E2F07F0CBC4EFF7D4FF06AE88A814A98FDF100C7BF7351168C73916A98;tools/python/catalog_map_transition_candidates.py;C4:8B3F;C4:8B6A;C4:8BE2
,,,,0x70,2,0x77,vm_opcode_0x53_transition_wrapper_terminal,CC:6E06,,pack=0x70;record=2;entry=0x77,,0x2B,0x02,cfg_t07_l012_v2,12,7,2,5,10,5,10,CB:D97A,bounded substream tail; destination record0 entry 0x02 exists; destination entry has aligned 0x58 coordinate setter at CB:D97A,strong_candidate,C4:8B3F opcode 0x53 wrapper calls C4:8B6A transition core; the core writes operand1 to $0305 and operand2 to $13B8/$13B9; exact bounded tail ends in compact B0; C4:8BE2 opcode 0x58 writes destination coordinates,canonical_rom_sha256=F6A345E2F07F0CBC4EFF7D4FF06AE88A814A98FDF100C7BF7351168C73916A98;tools/python/catalog_map_transition_candidates.py;C4:8B3F;C4:8B6A;C4:8BE2
,,,,0x70,3,0x77,vm_opcode_0x53_transition_wrapper_terminal,CC:6E13,,pack=0x70;record=3;entry=0x77,,0x2C,0x02,,,,,6,10,6,10,CB:DA08,bounded substream tail; destination record0 entry 0x02 exists; destination entry has aligned 0x58 coordinate setter at CB:DA08,strong_candidate,C4:8B3F opcode 0x53 wrapper calls C4:8B6A transition core; the core writes operand1 to $0305 and operand2 to $13B8/$13B9; exact bounded tail ends in compact B0; C4:8BE2 opcode 0x58 writes destination coordinates,canonical_rom_sha256=F6A345E2F07F0CBC4EFF7D4FF06AE88A814A98FDF100C7BF7351168C73916A98;tools/python/catalog_map_transition_candidates.py;C4:8B3F;C4:8B6A;C4:8BE2
,,,,0x70,4,0x77,vm_opcode_0x53_transition_wrapper_terminal,CC:6E20,,pack=0x70;record=4;entry=0x77,,0x2C,0x03,,,,,6,10,6,10,CB:DA0E,bounded substream tail; destination record0 entry 0x03 exists; destination entry has aligned 0x58 coordinate setter at CB:DA0E,strong_candidate,C4:8B3F opcode 0x53 wrapper calls C4:8B6A transition core; the core writes operand1 to $0305 and operand2 to $13B8/$13B9; exact bounded tail ends in compact B0; C4:8BE2 opcode 0x58 writes destination coordinates,canonical_rom_sha256=F6A345E2F07F0CBC4EFF7D4FF06AE88A814A98FDF100C7BF7351168C73916A98;tools/python/catalog_map_transition_candidates.py;C4:8B3F;C4:8B6A;C4:8BE2
,,,,0x70,5,0x77,vm_opcode_0x53_transition_wrapper_terminal,CC:6E2D,,pack=0x70;record=5;entry=0x77,,0x2D,0x04,cfg_t07_l013_v2,13,7,2,6,10,6,10,CB:DD79,bounded substream tail; destination record0 entry 0x04 exists; destination entry has aligned 0x58 coordinate setter at CB:DD79,strong_candidate,C4:8B3F opcode 0x53 wrapper calls C4:8B6A transition core; the core writes operand1 to $0305 and operand2 to $13B8/$13B9; exact bounded tail ends in compact B0; C4:8BE2 opcode 0x58 writes destination coordinates,canonical_rom_sha256=F6A345E2F07F0CBC4EFF7D4FF06AE88A814A98FDF100C7BF7351168C73916A98;tools/python/catalog_map_transition_candidates.py;C4:8B3F;C4:8B6A;C4:8BE2
,,,,0x70,6,0x77,vm_opcode_0x53_transition_wrapper_terminal,CC:6E3A,,pack=0x70;record=6;entry=0x77,,0x2D,0x05,cfg_t07_l013_v2,13,7,2,6,10,6,10,CB:DD7F,bounded substream tail; destination record0 entry 0x05 exists; destination entry has aligned 0x58 coordinate setter at CB:DD7F,strong_candidate,C4:8B3F opcode 0x53 wrapper calls C4:8B6A transition core; the core writes operand1 to $0305 and operand2 to $13B8/$13B9; exact bounded tail ends in compact B0; C4:8BE2 opcode 0x58 writes destination coordinates,canonical_rom_sha256=F6A345E2F07F0CBC4EFF7D4FF06AE88A814A98FDF100C7BF7351168C73916A98;tools/python/catalog_map_transition_candidates.py;C4:8B3F;C4:8B6A;C4:8BE2
,,,,0x70,7,0x77,vm_opcode_0x53_transition_wrapper_terminal,CC:6E47,,pack=0x70;record=7;entry=0x77,,0x2E,0x02,cfg_t07_l015_v2,15,7,2,9,12,9,12,CB:DE7C,bounded substream tail; destination record0 entry 0x02 exists; destination entry has aligned 0x58 coordinate setter at CB:DE7C,strong_candidate,C4:8B3F opcode 0x53 wrapper calls C4:8B6A transition core; the core writes operand1 to $0305 and operand2 to $13B8/$13B9; exact bounded tail ends in compact B0; C4:8BE2 opcode 0x58 writes destination coordinates,canonical_rom_sha256=F6A345E2F07F0CBC4EFF7D4FF06AE88A814A98FDF100C7BF7351168C73916A98;tools/python/catalog_map_transition_candidates.py;C4:8B3F;C4:8B6A;C4:8BE2
,,,,0x70,8,0x77,vm_opcode_0x53_transition_wrapper_terminal,CC:6E54,,pack=0x70;record=8;entry=0x77,,0x30,0x02,cfg_t07_l065_v2,65,7,2,7,11,7,11,CB:DFE8,bounded substream tail; destination record0 entry 0x02 exists; destination entry has aligned 0x58 coordinate setter at CB:DFE8,strong_candidate,C4:8B3F opcode 0x53 wrapper calls C4:8B6A transition core; the core writes operand1 to $0305 and operand2 to $13B8/$13B9; exact bounded tail ends in compact B0; C4:8BE2 opcode 0x58 writes destination coordinates,canonical_rom_sha256=F6A345E2F07F0CBC4EFF7D4FF06AE88A814A98FDF100C7BF7351168C73916A98;tools/python/catalog_map_transition_candidates.py;C4:8B3F;C4:8B6A;C4:8BE2
,,,,0x70,9,0x77,vm_opcode_0x53_transition_wrapper_terminal,CC:6E61,,pack=0x70;record=9;entry=0x77,,0x31,0x02,cfg_t07_l046_v2,46,7,2,5,10,5,10,CB:E05F,bounded substream tail; destination record0 entry 0x02 exists; destination entry has aligned 0x58 coordinate setter at CB:E05F,strong_candidate,C4:8B3F opcode 0x53 wrapper calls C4:8B6A transition core; the core writes operand1 to $0305 and operand2 to $13B8/$13B9; exact bounded tail ends in compact B0; C4:8BE2 opcode 0x58 writes destination coordinates,canonical_rom_sha256=F6A345E2F07F0CBC4EFF7D4FF06AE88A814A98FDF100C7BF7351168C73916A98;tools/python/catalog_map_transition_candidates.py;C4:8B3F;C4:8B6A;C4:8BE2
,,,,0x70,10,0x77,vm_opcode_0x53_transition_wrapper_terminal,CC:6E6E,,pack=0x70;record=10;entry=0x77,,0x29,0x02,cfg_t07_l014_v2,14,7,2,5,10,5,10,CB:D729,bounded substream tail; destination record0 entry 0x02 exists; destination entry has aligned 0x58 coordinate setter at CB:D729,strong_candidate,C4:8B3F opcode 0x53 wrapper calls C4:8B6A transition core; the core writes operand1 to $0305 and operand2 to $13B8/$13B9; exact bounded tail ends in compact B0; C4:8BE2 opcode 0x58 writes destination coordinates,canonical_rom_sha256=F6A345E2F07F0CBC4EFF7D4FF06AE88A814A98FDF100C7BF7351168C73916A98;tools/python/catalog_map_transition_candidates.py;C4:8B3F;C4:8B6A;C4:8BE2
,,,,0x70,11,0x77,vm_opcode_0x53_transition_wrapper_terminal,CC:6E7B,,pack=0x70;record=11;entry=0x77,,0x49,0x02,cfg_t07_l067_v2,67,7,2,5,9,5,9,CC:0258,bounded substream tail; destination record0 entry 0x02 exists; destination entry has aligned 0x58 coordinate setter at CC:0258,strong_candidate,C4:8B3F opcode 0x53 wrapper calls C4:8B6A transition core; the core writes operand1 to $0305 and operand2 to $13B8/$13B9; exact bounded tail ends in compact B0; C4:8BE2 opcode 0x58 writes destination coordinates,canonical_rom_sha256=F6A345E2F07F0CBC4EFF7D4FF06AE88A814A98FDF100C7BF7351168C73916A98;tools/python/catalog_map_transition_candidates.py;C4:8B3F;C4:8B6A;C4:8BE2
,,,,0x70,12,0x77,vm_opcode_0x53_transition_wrapper_terminal,CC:6E88,,pack=0x70;record=12;entry=0x77,,0x71,0x02,cfg_t07_l069_v2,69,7,2,7,14,7,14,CC:73C6,bounded substream tail; destination record0 entry 0x02 exists; destination entry has aligned 0x58 coordinate setter at CC:73C6,strong_candidate,C4:8B3F opcode 0x53 wrapper calls C4:8B6A transition core; the core writes operand1 to $0305 and operand2 to $13B8/$13B9; exact bounded tail ends in compact B0; C4:8BE2 opcode 0x58 writes destination coordinates,canonical_rom_sha256=F6A345E2F07F0CBC4EFF7D4FF06AE88A814A98FDF100C7BF7351168C73916A98;tools/python/catalog_map_transition_candidates.py;C4:8B3F;C4:8B6A;C4:8BE2
,,,,0x70,13,0x77,vm_opcode_0x53_transition_wrapper_terminal,CC:6E95,,pack=0x70;record=13;entry=0x77,,0x2F,0x02,cfg_t07_l047_v2,47,7,2,6,10,6,10,CB:DF90,bounded substream tail; destination record0 entry 0x02 exists; destination entry has aligned 0x58 coordinate setter at CB:DF90,strong_candidate,C4:8B3F opcode 0x53 wrapper calls C4:8B6A transition core; the core writes operand1 to $0305 and operand2 to $13B8/$13B9; exact bounded tail ends in compact B0; C4:8BE2 opcode 0x58 writes destination coordinates,canonical_rom_sha256=F6A345E2F07F0CBC4EFF7D4FF06AE88A814A98FDF100C7BF7351168C73916A98;tools/python/catalog_map_transition_candidates.py;C4:8B3F;C4:8B6A;C4:8BE2
,,,,0x70,14,0x77,vm_opcode_0x53_transition_wrapper_terminal,CC:6EA2,,pack=0x70;record=14;entry=0x77,,0x3E,0x02,cfg_t07_l048_v2,48,7,2,5,10,5,10,CB:EB2A,bounded substream tail; destination record0 entry 0x02 exists; destination entry has aligned 0x58 coordinate setter at CB:EB2A,strong_candidate,C4:8B3F opcode 0x53 wrapper calls C4:8B6A transition core; the core writes operand1 to $0305 and operand2 to $13B8/$13B9; exact bounded tail ends in compact B0; C4:8BE2 opcode 0x58 writes destination coordinates,canonical_rom_sha256=F6A345E2F07F0CBC4EFF7D4FF06AE88A814A98FDF100C7BF7351168C73916A98;tools/python/catalog_map_transition_candidates.py;C4:8B3F;C4:8B6A;C4:8BE2
,,,,0x70,15,0x77,vm_opcode_0x53_transition_wrapper_terminal,CC:6EAF,,pack=0x70;record=15;entry=0x77,,0x42,0x02,cfg_t07_l052_v2,52,7,2,5,14,5,14,CB:F4AC,bounded substream tail; destination record0 entry 0x02 exists; destination entry has aligned 0x58 coordinate setter at CB:F4AC,strong_candidate,C4:8B3F opcode 0x53 wrapper calls C4:8B6A transition core; the core writes operand1 to $0305 and operand2 to $13B8/$13B9; exact bounded tail ends in compact B0; C4:8BE2 opcode 0x58 writes destination coordinates,canonical_rom_sha256=F6A345E2F07F0CBC4EFF7D4FF06AE88A814A98FDF100C7BF7351168C73916A98;tools/python/catalog_map_transition_candidates.py;C4:8B3F;C4:8B6A;C4:8BE2
,,,,0x70,16,0x77,vm_opcode_0x53_transition_wrapper_terminal,CC:6EBC,,pack=0x70;record=16;entry=0x77,,0x43,0x02,cfg_t07_l053_v2,53,7,2,7,9,7,9,CB:F549,bounded substream tail; destination record0 entry 0x02 exists; destination entry has aligned 0x58 coordinate setter at CB:F549,strong_candidate,C4:8B3F opcode 0x53 wrapper calls C4:8B6A transition core; the core writes operand1 to $0305 and operand2 to $13B8/$13B9; exact bounded tail ends in compact B0; C4:8BE2 opcode 0x58 writes destination coordinates,canonical_rom_sha256=F6A345E2F07F0CBC4EFF7D4FF06AE88A814A98FDF100C7BF7351168C73916A98;tools/python/catalog_map_transition_candidates.py;C4:8B3F;C4:8B6A;C4:8BE2
,,,,0x70,17,0x77,vm_opcode_0x53_transition_wrapper_terminal,CC:6EC9,,pack=0x70;record=17;entry=0x77,,0x3D,0x02,,,,,4,9,4,9,CB:EA89,bounded substream tail; destination record0 entry 0x02 exists; destination entry has aligned 0x58 coordinate setter at CB:EA89,strong_candidate,C4:8B3F opcode 0x53 wrapper calls C4:8B6A transition core; the core writes operand1 to $0305 and operand2 to $13B8/$13B9; exact bounded tail ends in compact B0; C4:8BE2 opcode 0x58 writes destination coordinates,canonical_rom_sha256=F6A345E2F07F0CBC4EFF7D4FF06AE88A814A98FDF100C7BF7351168C73916A98;tools/python/catalog_map_transition_candidates.py;C4:8B3F;C4:8B6A;C4:8BE2
,,,,0x70,18,0x77,vm_opcode_0x53_transition_wrapper_terminal,CC:6ED6,,pack=0x70;record=18;entry=0x77,,0x46,0x02,cfg_t07_l056_v2,56,7,2,5,9,5,9,CB:FCCF,bounded substream tail; destination record0 entry 0x02 exists; destination entry has aligned 0x58 coordinate setter at CB:FCCF,strong_candidate,C4:8B3F opcode 0x53 wrapper calls C4:8B6A transition core; the core writes operand1 to $0305 and operand2 to $13B8/$13B9; exact bounded tail ends in compact B0; C4:8BE2 opcode 0x58 writes destination coordinates,canonical_rom_sha256=F6A345E2F07F0CBC4EFF7D4FF06AE88A814A98FDF100C7BF7351168C73916A98;tools/python/catalog_map_transition_candidates.py;C4:8B3F;C4:8B6A;C4:8BE2
,,,,0x70,19,0x77,vm_opcode_0x53_transition_wrapper_terminal,CC:6EE5,,pack=0x70;record=19;entry=0x77,,0x44,0x02,cfg_t07_l054_v2,54,7,2,8,28,8,28,CB:F6E3,bounded substream tail; destination record0 entry 0x02 exists; destination entry has aligned 0x58 coordinate setter at CB:F6E3,strong_candidate,C4:8B3F opcode 0x53 wrapper calls C4:8B6A transition core; the core writes operand1 to $0305 and operand2 to $13B8/$13B9; exact bounded tail ends in compact B0; C4:8BE2 opcode 0x58 writes destination coordinates,canonical_rom_sha256=F6A345E2F07F0CBC4EFF7D4FF06AE88A814A98FDF100C7BF7351168C73916A98;tools/python/catalog_map_transition_candidates.py;C4:8B3F;C4:8B6A;C4:8BE2
,,,,0x70,20,0x77,vm_opcode_0x53_transition_wrapper_terminal,CC:6EF2,,pack=0x70;record=20;entry=0x77,,0x40,0x02,cfg_t07_l051_v2,51,7,2,5,10,5,10,CB:EF9E,bounded substream tail; destination record0 entry 0x02 exists; destination entry has aligned 0x58 coordinate setter at CB:EF9E,strong_candidate,C4:8B3F opcode 0x53 wrapper calls C4:8B6A transition core; the core writes operand1 to $0305 and operand2 to $13B8/$13B9; exact bounded tail ends in compact B0; C4:8BE2 opcode 0x58 writes destination coordinates,canonical_rom_sha256=F6A345E2F07F0CBC4EFF7D4FF06AE88A814A98FDF100C7BF7351168C73916A98;tools/python/catalog_map_transition_candidates.py;C4:8B3F;C4:8B6A;C4:8BE2
,,,,0x70,21,0x77,vm_opcode_0x53_transition_wrapper_terminal,CC:6EFF,,pack=0x70;record=21;entry=0x77,,0x47,0x02,cfg_t07_l063_v2,63,7,2,7,10,7,10,CB:FE72,bounded substream tail; destination record0 entry 0x02 exists; destination entry has aligned 0x58 coordinate setter at CB:FE72,strong_candidate,C4:8B3F opcode 0x53 wrapper calls C4:8B6A transition core; the core writes operand1 to $0305 and operand2 to $13B8/$13B9; exact bounded tail ends in compact B0; C4:8BE2 opcode 0x58 writes destination coordinates,canonical_rom_sha256=F6A345E2F07F0CBC4EFF7D4FF06AE88A814A98FDF100C7BF7351168C73916A98;tools/python/catalog_map_transition_candidates.py;C4:8B3F;C4:8B6A;C4:8BE2
,,,,0x70,22,0x77,vm_opcode_0x53_transition_wrapper_terminal,CC:6F0C,,pack=0x70;record=22;entry=0x77,,0x45,0x02,cfg_t07_l055_v2,55,7,2,6,10,6,10,CB:FC4A,bounded substream tail; destination record0 entry 0x02 exists; destination entry has aligned 0x58 coordinate setter at CB:FC4A,strong_candidate,C4:8B3F opcode 0x53 wrapper calls C4:8B6A transition core; the core writes operand1 to $0305 and operand2 to $13B8/$13B9; exact bounded tail ends in compact B0; C4:8BE2 opcode 0x58 writes destination coordinates,canonical_rom_sha256=F6A345E2F07F0CBC4EFF7D4FF06AE88A814A98FDF100C7BF7351168C73916A98;tools/python/catalog_map_transition_candidates.py;C4:8B3F;C4:8B6A;C4:8BE2
,,,,0x70,23,0x77,vm_opcode_0x53_transition_wrapper_terminal,CC:6F1B,,pack=0x70;record=23;entry=0x77,,0x3F,0x02,cfg_t07_l049_v2,49,7,2,25,25,25,25,CB:EBAC,bounded substream tail; destination record0 entry 0x02 exists; destination entry has aligned 0x58 coordinate setter at CB:EBAC,strong_candidate,C4:8B3F opcode 0x53 wrapper calls C4:8B6A transition core; the core writes operand1 to $0305 and operand2 to $13B8/$13B9; exact bounded tail ends in compact B0; C4:8BE2 opcode 0x58 writes destination coordinates,canonical_rom_sha256=F6A345E2F07F0CBC4EFF7D4FF06AE88A814A98FDF100C7BF7351168C73916A98;tools/python/catalog_map_transition_candidates.py;C4:8B3F;C4:8B6A;C4:8BE2
,,,,0x70,25,0x77,vm_opcode_0x53_transition_wrapper_terminal,CC:6F35,,pack=0x70;record=25;entry=0x77,,0x72,0x02,cfg_t07_l078_v2,78,7,2,5,9,5,9,CC:7484,bounded substream tail; destination record0 entry 0x02 exists; destination entry has aligned 0x58 coordinate setter at CC:7484,strong_candidate,C4:8B3F opcode 0x53 wrapper calls C4:8B6A transition core; the core writes operand1 to $0305 and operand2 to $13B8/$13B9; exact bounded tail ends in compact B0; C4:8BE2 opcode 0x58 writes destination coordinates,canonical_rom_sha256=F6A345E2F07F0CBC4EFF7D4FF06AE88A814A98FDF100C7BF7351168C73916A98;tools/python/catalog_map_transition_candidates.py;C4:8B3F;C4:8B6A;C4:8BE2
,,,,0x70,26,0x77,vm_opcode_0x53_transition_wrapper_terminal,CC:6F42,,pack=0x70;record=26;entry=0x77,,0x72,0x03,cfg_t07_l078_v2,78,7,2,16,9,16,9,CC:748A,bounded substream tail; destination record0 entry 0x03 exists; destination entry has aligned 0x58 coordinate setter at CC:748A,strong_candidate,C4:8B3F opcode 0x53 wrapper calls C4:8B6A transition core; the core writes operand1 to $0305 and operand2 to $13B8/$13B9; exact bounded tail ends in compact B0; C4:8BE2 opcode 0x58 writes destination coordinates,canonical_rom_sha256=F6A345E2F07F0CBC4EFF7D4FF06AE88A814A98FDF100C7BF7351168C73916A98;tools/python/catalog_map_transition_candidates.py;C4:8B3F;C4:8B6A;C4:8BE2
,,,,0x70,27,0x77,vm_opcode_0x53_transition_wrapper_terminal,CC:6F4F,,pack=0x70;record=27;entry=0x77,,0x73,0x08,cfg_t07_l078_v2,78,7,2,5,9,5,9,CC:76AD,bounded substream tail; destination record0 entry 0x08 exists; destination entry has aligned 0x58 coordinate setter at CC:76AD,strong_candidate,C4:8B3F opcode 0x53 wrapper calls C4:8B6A transition core; the core writes operand1 to $0305 and operand2 to $13B8/$13B9; exact bounded tail ends in compact B0; C4:8BE2 opcode 0x58 writes destination coordinates,canonical_rom_sha256=F6A345E2F07F0CBC4EFF7D4FF06AE88A814A98FDF100C7BF7351168C73916A98;tools/python/catalog_map_transition_candidates.py;C4:8B3F;C4:8B6A;C4:8BE2
,,,,0x70,28,0x77,vm_opcode_0x53_transition_wrapper_terminal,CC:6F5C,,pack=0x70;record=28;entry=0x77,,0x73,0x09,cfg_t07_l078_v2,78,7,2,16,9,16,9,CC:76B3,bounded substream tail; destination record0 entry 0x09 exists; destination entry has aligned 0x58 coordinate setter at CC:76B3,strong_candidate,C4:8B3F opcode 0x53 wrapper calls C4:8B6A transition core; the core writes operand1 to $0305 and operand2 to $13B8/$13B9; exact bounded tail ends in compact B0; C4:8BE2 opcode 0x58 writes destination coordinates,canonical_rom_sha256=F6A345E2F07F0CBC4EFF7D4FF06AE88A814A98FDF100C7BF7351168C73916A98;tools/python/catalog_map_transition_candidates.py;C4:8B3F;C4:8B6A;C4:8BE2
,,,,0x70,29,0x77,vm_opcode_0x53_transition_wrapper_terminal,CC:6F69,,pack=0x70;record=29;entry=0x77,,0x72,0x06,cfg_t07_l078_v2,78,7,2,5,9,5,9,CC:749C,bounded substream tail; destination record0 entry 0x06 exists; destination entry has aligned 0x58 coordinate setter at CC:749C,strong_candidate,C4:8B3F opcode 0x53 wrapper calls C4:8B6A transition core; the core writes operand1 to $0305 and operand2 to $13B8/$13B9; exact bounded tail ends in compact B0; C4:8BE2 opcode 0x58 writes destination coordinates,canonical_rom_sha256=F6A345E2F07F0CBC4EFF7D4FF06AE88A814A98FDF100C7BF7351168C73916A98;tools/python/catalog_map_transition_candidates.py;C4:8B3F;C4:8B6A;C4:8BE2
,,,,0x70,30,0x77,vm_opcode_0x53_transition_wrapper_terminal,CC:6F76,,pack=0x70;record=30;entry=0x77,,0x72,0x07,cfg_t07_l078_v2,78,7,2,16,9,16,9,CC:74A2,bounded substream tail; destination record0 entry 0x07 exists; destination entry has aligned 0x58 coordinate setter at CC:74A2,strong_candidate,C4:8B3F opcode 0x53 wrapper calls C4:8B6A transition core; the core writes operand1 to $0305 and operand2 to $13B8/$13B9; exact bounded tail ends in compact B0; C4:8BE2 opcode 0x58 writes destination coordinates,canonical_rom_sha256=F6A345E2F07F0CBC4EFF7D4FF06AE88A814A98FDF100C7BF7351168C73916A98;tools/python/catalog_map_transition_candidates.py;C4:8B3F;C4:8B6A;C4:8BE2
,,,,0x70,31,0x77,vm_opcode_0x53_transition_wrapper_terminal,CC:6F83,,pack=0x70;record=31;entry=0x77,,0x72,0x08,cfg_t07_l078_v2,78,7,2,5,9,5,9,CC:74A8,bounded substream tail; destination record0 entry 0x08 exists; destination entry has aligned 0x58 coordinate setter at CC:74A8,strong_candidate,C4:8B3F opcode 0x53 wrapper calls C4:8B6A transition core; the core writes operand1 to $0305 and operand2 to $13B8/$13B9; exact bounded tail ends in compact B0; C4:8BE2 opcode 0x58 writes destination coordinates,canonical_rom_sha256=F6A345E2F07F0CBC4EFF7D4FF06AE88A814A98FDF100C7BF7351168C73916A98;tools/python/catalog_map_transition_candidates.py;C4:8B3F;C4:8B6A;C4:8BE2
,,,,0x70,32,0x77,vm_opcode_0x53_transition_wrapper_terminal,CC:6F90,,pack=0x70;record=32;entry=0x77,,0x72,0x09,cfg_t07_l078_v2,78,7,2,16,9,16,9,CC:74AE,bounded substream tail; destination record0 entry 0x09 exists; destination entry has aligned 0x58 coordinate setter at CC:74AE,strong_candidate,C4:8B3F opcode 0x53 wrapper calls C4:8B6A transition core; the core writes operand1 to $0305 and operand2 to $13B8/$13B9; exact bounded tail ends in compact B0; C4:8BE2 opcode 0x58 writes destination coordinates,canonical_rom_sha256=F6A345E2F07F0CBC4EFF7D4FF06AE88A814A98FDF100C7BF7351168C73916A98;tools/python/catalog_map_transition_candidates.py;C4:8B3F;C4:8B6A;C4:8BE2
,,,,0x70,33,0x77,vm_opcode_0x53_transition_wrapper_terminal,CC:6F9D,,pack=0x70;record=33;entry=0x77,,0x51,0x02,cfg_t07_l009_v2,9,7,2,6,10,6,10,CC:1F4A,bounded substream tail; destination record0 entry 0x02 exists; destination entry has aligned 0x58 coordinate setter at CC:1F4A,strong_candidate,C4:8B3F opcode 0x53 wrapper calls C4:8B6A transition core; the core writes operand1 to $0305 and operand2 to $13B8/$13B9; exact bounded tail ends in compact B0; C4:8BE2 opcode 0x58 writes destination coordinates,canonical_rom_sha256=F6A345E2F07F0CBC4EFF7D4FF06AE88A814A98FDF100C7BF7351168C73916A98;tools/python/catalog_map_transition_candidates.py;C4:8B3F;C4:8B6A;C4:8BE2
,,,,0x70,34,0x77,vm_opcode_0x53_transition_wrapper_terminal,CC:6FB2,,pack=0x70;record=34;entry=0x77,,0x41,0x03,cfg_t07_l050_v2,50,7,2,16,14,16,14,CB:F10F,bounded substream tail; destination record0 entry 0x03 exists; destination entry has aligned 0x58 coordinate setter at CB:F10F,strong_candidate,C4:8B3F opcode 0x53 wrapper calls C4:8B6A transition core; the core writes operand1 to $0305 and operand2 to $13B8/$13B9; exact bounded tail ends in compact B0; C4:8BE2 opcode 0x58 writes destination coordinates,canonical_rom_sha256=F6A345E2F07F0CBC4EFF7D4FF06AE88A814A98FDF100C7BF7351168C73916A98;tools/python/catalog_map_transition_candidates.py;C4:8B3F;C4:8B6A;C4:8BE2
,,,,0x70,35,0x77,vm_opcode_0x53_transition_wrapper_terminal,CC:6FBF,,pack=0x70;record=35;entry=0x77,,0x28,0x02,cfg_t07_l090_v2,90,7,2,7,9,7,9,CB:D6E5,bounded substream tail; destination record0 entry 0x02 exists; destination entry has aligned 0x58 coordinate setter at CB:D6E5,strong_candidate,C4:8B3F opcode 0x53 wrapper calls C4:8B6A transition core; the core writes operand1 to $0305 and operand2 to $13B8/$13B9; exact bounded tail ends in compact B0; C4:8BE2 opcode 0x58 writes destination coordinates,canonical_rom_sha256=F6A345E2F07F0CBC4EFF7D4FF06AE88A814A98FDF100C7BF7351168C73916A98;tools/python/catalog_map_transition_candidates.py;C4:8B3F;C4:8B6A;C4:8BE2
,,,,0x70,36,0x77,vm_opcode_0x53_transition_wrapper_terminal,CC:7002,,pack=0x70;record=36;entry=0x77,,0x4A,0x07,cfg_t07_l075_v2,75,7,2,5,14,5,14,CC:04E4,bounded substream tail; destination record0 entry 0x07 exists; destination entry has aligned 0x58 coordinate setter at CC:04E4,strong_candidate,C4:8B3F opcode 0x53 wrapper calls C4:8B6A transition core; the core writes operand1 to $0305 and operand2 to $13B8/$13B9; exact bounded tail ends in compact B0; C4:8BE2 opcode 0x58 writes destination coordinates,canonical_rom_sha256=F6A345E2F07F0CBC4EFF7D4FF06AE88A814A98FDF100C7BF7351168C73916A98;tools/python/catalog_map_transition_candidates.py;C4:8B3F;C4:8B6A;C4:8BE2
,,,,0x70,37,0x8C,vm_opcode_0x53_transition_wrapper_terminal,CC:7042,,pack=0x70;record=37;entry=0x8C,,0x4B,0x08,cfg_t07_l080_v2,80,7,2,7,15,7,15,CC:071D,bounded substream tail; destination record0 entry 0x08 exists; destination entry has aligned 0x58 coordinate setter at CC:071D,strong_candidate,C4:8B3F opcode 0x53 wrapper calls C4:8B6A transition core; the core writes operand1 to $0305 and operand2 to $13B8/$13B9; exact bounded tail ends in compact B0; C4:8BE2 opcode 0x58 writes destination coordinates,canonical_rom_sha256=F6A345E2F07F0CBC4EFF7D4FF06AE88A814A98FDF100C7BF7351168C73916A98;tools/python/catalog_map_transition_candidates.py;C4:8B3F;C4:8B6A;C4:8BE2
,,,,0x70,38,0x77,vm_opcode_0x53_transition_wrapper_terminal,CC:704F,,pack=0x70;record=38;entry=0x77,,0x73,0x02,cfg_t07_l078_v2,78,7,2,5,9,5,9,CC:7689,bounded substream tail; destination record0 entry 0x02 exists; destination entry has aligned 0x58 coordinate setter at CC:7689,strong_candidate,C4:8B3F opcode 0x53 wrapper calls C4:8B6A transition core; the core writes operand1 to $0305 and operand2 to $13B8/$13B9; exact bounded tail ends in compact B0; C4:8BE2 opcode 0x58 writes destination coordinates,canonical_rom_sha256=F6A345E2F07F0CBC4EFF7D4FF06AE88A814A98FDF100C7BF7351168C73916A98;tools/python/catalog_map_transition_candidates.py;C4:8B3F;C4:8B6A;C4:8BE2
,,,,0x70,39,0x77,vm_opcode_0x53_transition_wrapper_terminal,CC:705C,,pack=0x70;record=39;entry=0x77,,0x73,0x03,cfg_t07_l078_v2,78,7,2,16,9,16,9,CC:768F,bounded substream tail; destination record0 entry 0x03 exists; destination entry has aligned 0x58 coordinate setter at CC:768F,strong_candidate,C4:8B3F opcode 0x53 wrapper calls C4:8B6A transition core; the core writes operand1 to $0305 and operand2 to $13B8/$13B9; exact bounded tail ends in compact B0; C4:8BE2 opcode 0x58 writes destination coordinates,canonical_rom_sha256=F6A345E2F07F0CBC4EFF7D4FF06AE88A814A98FDF100C7BF7351168C73916A98;tools/python/catalog_map_transition_candidates.py;C4:8B3F;C4:8B6A;C4:8BE2
,,,,0x70,40,0x77,vm_opcode_0x53_transition_wrapper_terminal,CC:7069,,pack=0x70;record=40;entry=0x77,,0x73,0x04,cfg_t07_l078_v2,78,7,2,5,9,5,9,CC:7695,bounded substream tail; destination record0 entry 0x04 exists; destination entry has aligned 0x58 coordinate setter at CC:7695,strong_candidate,C4:8B3F opcode 0x53 wrapper calls C4:8B6A transition core; the core writes operand1 to $0305 and operand2 to $13B8/$13B9; exact bounded tail ends in compact B0; C4:8BE2 opcode 0x58 writes destination coordinates,canonical_rom_sha256=F6A345E2F07F0CBC4EFF7D4FF06AE88A814A98FDF100C7BF7351168C73916A98;tools/python/catalog_map_transition_candidates.py;C4:8B3F;C4:8B6A;C4:8BE2
,,,,0x70,41,0x77,vm_opcode_0x53_transition_wrapper_terminal,CC:7076,,pack=0x70;record=41;entry=0x77,,0x73,0x05,cfg_t07_l078_v2,78,7,2,16,9,16,9,CC:769B,bounded substream tail; destination record0 entry 0x05 exists; destination entry has aligned 0x58 coordinate setter at CC:769B,strong_candidate,C4:8B3F opcode 0x53 wrapper calls C4:8B6A transition core; the core writes operand1 to $0305 and operand2 to $13B8/$13B9; exact bounded tail ends in compact B0; C4:8BE2 opcode 0x58 writes destination coordinates,canonical_rom_sha256=F6A345E2F07F0CBC4EFF7D4FF06AE88A814A98FDF100C7BF7351168C73916A98;tools/python/catalog_map_transition_candidates.py;C4:8B3F;C4:8B6A;C4:8BE2
,,,,0x70,42,0x77,vm_opcode_0x53_transition_wrapper_terminal,CC:7083,,pack=0x70;record=42;entry=0x77,,0x73,0x06,cfg_t07_l078_v2,78,7,2,5,9,5,9,CC:76A1,bounded substream tail; destination record0 entry 0x06 exists; destination entry has aligned 0x58 coordinate setter at CC:76A1,strong_candidate,C4:8B3F opcode 0x53 wrapper calls C4:8B6A transition core; the core writes operand1 to $0305 and operand2 to $13B8/$13B9; exact bounded tail ends in compact B0; C4:8BE2 opcode 0x58 writes destination coordinates,canonical_rom_sha256=F6A345E2F07F0CBC4EFF7D4FF06AE88A814A98FDF100C7BF7351168C73916A98;tools/python/catalog_map_transition_candidates.py;C4:8B3F;C4:8B6A;C4:8BE2
,,,,0x70,43,0x77,vm_opcode_0x53_transition_wrapper_terminal,CC:7090,,pack=0x70;record=43;entry=0x77,,0x73,0x07,cfg_t07_l078_v2,78,7,2,16,9,16,9,CC:76A7,bounded substream tail; destination record0 entry 0x07 exists; destination entry has aligned 0x58 coordinate setter at CC:76A7,strong_candidate,C4:8B3F opcode 0x53 wrapper calls C4:8B6A transition core; the core writes operand1 to $0305 and operand2 to $13B8/$13B9; exact bounded tail ends in compact B0; C4:8BE2 opcode 0x58 writes destination coordinates,canonical_rom_sha256=F6A345E2F07F0CBC4EFF7D4FF06AE88A814A98FDF100C7BF7351168C73916A98;tools/python/catalog_map_transition_candidates.py;C4:8B3F;C4:8B6A;C4:8BE2
,,,,0x70,44,0x77,vm_opcode_0x53_transition_wrapper_terminal,CC:709D,,pack=0x70;record=44;entry=0x77,,0xF8,0x02,cfg_t07_l063_v2,63,7,2,7,10,7,10,CE:1145,bounded substream tail; destination record0 entry 0x02 exists; destination entry has aligned 0x58 coordinate setter at CE:1145,strong_candidate,C4:8B3F opcode 0x53 wrapper calls C4:8B6A transition core; the core writes operand1 to $0305 and operand2 to $13B8/$13B9; exact bounded tail ends in compact B0; C4:8BE2 opcode 0x58 writes destination coordinates,canonical_rom_sha256=F6A345E2F07F0CBC4EFF7D4FF06AE88A814A98FDF100C7BF7351168C73916A98;tools/python/catalog_map_transition_candidates.py;C4:8B3F;C4:8B6A;C4:8BE2
,,,,0x70,45,0x77,vm_opcode_0x53_transition_wrapper_terminal,CC:70AA,,pack=0x70;record=45;entry=0x77,,0xF8,0x03,cfg_t07_l063_v2,63,7,2,7,10,7,10,CE:114B,bounded substream tail; destination record0 entry 0x03 exists; destination entry has aligned 0x58 coordinate setter at CE:114B,strong_candidate,C4:8B3F opcode 0x53 wrapper calls C4:8B6A transition core; the core writes operand1 to $0305 and operand2 to $13B8/$13B9; exact bounded tail ends in compact B0; C4:8BE2 opcode 0x58 writes destination coordinates,canonical_rom_sha256=F6A345E2F07F0CBC4EFF7D4FF06AE88A814A98FDF100C7BF7351168C73916A98;tools/python/catalog_map_transition_candidates.py;C4:8B3F;C4:8B6A;C4:8BE2
,,,,0x70,46,0x77,vm_opcode_0x53_transition_wrapper_terminal,CC:70B7,,pack=0x70;record=46;entry=0x77,,0xF8,0x04,cfg_t07_l063_v2,63,7,2,7,10,7,10,CE:1151,bounded substream tail; destination record0 entry 0x04 exists; destination entry has aligned 0x58 coordinate setter at CE:1151,strong_candidate,C4:8B3F opcode 0x53 wrapper calls C4:8B6A transition core; the core writes operand1 to $0305 and operand2 to $13B8/$13B9; exact bounded tail ends in compact B0; C4:8BE2 opcode 0x58 writes destination coordinates,canonical_rom_sha256=F6A345E2F07F0CBC4EFF7D4FF06AE88A814A98FDF100C7BF7351168C73916A98;tools/python/catalog_map_transition_candidates.py;C4:8B3F;C4:8B6A;C4:8BE2
,,,,0x76,2,0x6C,vm_opcode_0x53_transition_wrapper_terminal,CC:8D15,,pack=0x76;record=2;entry=0x6C,,0x1E,0x1F,,,,,0,0,0,0,CB:C51F,bounded substream tail; destination record0 entry 0x1F exists; destination entry has aligned 0x58 coordinate setter at CB:C51F,strong_candidate,C4:8B3F opcode 0x53 wrapper calls C4:8B6A transition core; the core writes operand1 to $0305 and operand2 to $13B8/$13B9; exact bounded tail ends in compact B0; C4:8BE2 opcode 0x58 writes destination coordinates,canonical_rom_sha256=F6A345E2F07F0CBC4EFF7D4FF06AE88A814A98FDF100C7BF7351168C73916A98;tools/python/catalog_map_transition_candidates.py;C4:8B3F;C4:8B6A;C4:8BE2
,,,,0x78,1,0x77,vm_opcode_0x53_transition_wrapper_terminal,CC:92A3,,pack=0x78;record=1;entry=0x77,,0x77,0x03,cfg_t28_l136_v2,136,28,2,44,32,44,32,CC:91CA,bounded substream tail; destination record0 entry 0x03 exists; destination entry has aligned 0x58 coordinate setter at CC:91CA,strong_candidate,C4:8B3F opcode 0x53 wrapper calls C4:8B6A transition core; the core writes operand1 to $0305 and operand2 to $13B8/$13B9; exact bounded tail ends in compact B0; C4:8BE2 opcode 0x58 writes destination coordinates,canonical_rom_sha256=F6A345E2F07F0CBC4EFF7D4FF06AE88A814A98FDF100C7BF7351168C73916A98;tools/python/catalog_map_transition_candidates.py;C4:8B3F;C4:8B6A;C4:8BE2
,,,,0x78,2,0x77,vm_opcode_0x53_transition_wrapper_terminal,CC:92B0,,pack=0x78;record=2;entry=0x77,,0x79,0x02,cfg_t46_l170_v2,170,46,2,,,,,,bounded substream tail; destination record0 entry 0x02 exists,strong_candidate,C4:8B3F opcode 0x53 wrapper calls C4:8B6A transition core; the core writes operand1 to $0305 and operand2 to $13B8/$13B9; exact bounded tail ends in compact B0,canonical_rom_sha256=F6A345E2F07F0CBC4EFF7D4FF06AE88A814A98FDF100C7BF7351168C73916A98;tools/python/catalog_map_transition_candidates.py;C4:8B3F;C4:8B6A;C4:8BE2
,,,,0x78,3,0x77,vm_opcode_0x53_transition_wrapper_terminal,CC:92BD,,pack=0x78;record=3;entry=0x77,,0x79,0x03,cfg_t46_l170_v2,170,46,2,,,,,,bounded substream tail; destination record0 entry 0x03 exists,strong_candidate,C4:8B3F opcode 0x53 wrapper calls C4:8B6A transition core; the core writes operand1 to $0305 and operand2 to $13B8/$13B9; exact bounded tail ends in compact B0,canonical_rom_sha256=F6A345E2F07F0CBC4EFF7D4FF06AE88A814A98FDF100C7BF7351168C73916A98;tools/python/catalog_map_transition_candidates.py;C4:8B3F;C4:8B6A;C4:8BE2
,,,,0x78,4,0x77,vm_opcode_0x53_transition_wrapper_terminal,CC:92CA,,pack=0x78;record=4;entry=0x77,,0x79,0x04,cfg_t46_l170_v2,170,46,2,,,,,,bounded substream tail; destination record0 entry 0x04 exists,strong_candidate,C4:8B3F opcode 0x53 wrapper calls C4:8B6A transition core; the core writes operand1 to $0305 and operand2 to $13B8/$13B9; exact bounded tail ends in compact B0,canonical_rom_sha256=F6A345E2F07F0CBC4EFF7D4FF06AE88A814A98FDF100C7BF7351168C73916A98;tools/python/catalog_map_transition_candidates.py;C4:8B3F;C4:8B6A;C4:8BE2
,,,,0x78,5,0x77,vm_opcode_0x53_transition_wrapper_terminal,CC:92D7,,pack=0x78;record=5;entry=0x77,,0x79,0x05,cfg_t46_l170_v2,170,46,2,,,,,,bounded substream tail; destination record0 entry 0x05 exists,strong_candidate,C4:8B3F opcode 0x53 wrapper calls C4:8B6A transition core; the core writes operand1 to $0305 and operand2 to $13B8/$13B9; exact bounded tail ends in compact B0,canonical_rom_sha256=F6A345E2F07F0CBC4EFF7D4FF06AE88A814A98FDF100C7BF7351168C73916A98;tools/python/catalog_map_transition_candidates.py;C4:8B3F;C4:8B6A;C4:8BE2
,,,,0x78,6,0x77,vm_opcode_0x53_transition_wrapper_terminal,CC:92E4,,pack=0x78;record=6;entry=0x77,,0x79,0x06,cfg_t46_l170_v2,170,46,2,,,,,,bounded substream tail; destination record0 entry 0x06 exists,strong_candidate,C4:8B3F opcode 0x53 wrapper calls C4:8B6A transition core; the core writes operand1 to $0305 and operand2 to $13B8/$13B9; exact bounded tail ends in compact B0,canonical_rom_sha256=F6A345E2F07F0CBC4EFF7D4FF06AE88A814A98FDF100C7BF7351168C73916A98;tools/python/catalog_map_transition_candidates.py;C4:8B3F;C4:8B6A;C4:8BE2
,,,,0x78,7,0x77,vm_opcode_0x53_transition_wrapper_terminal,CC:92F1,,pack=0x78;record=7;entry=0x77,,0x79,0x07,cfg_t46_l170_v2,170,46,2,,,,,,bounded substream tail; destination record0 entry 0x07 exists,strong_candidate,C4:8B3F opcode 0x53 wrapper calls C4:8B6A transition core; the core writes operand1 to $0305 and operand2 to $13B8/$13B9; exact bounded tail ends in compact B0,canonical_rom_sha256=F6A345E2F07F0CBC4EFF7D4FF06AE88A814A98FDF100C7BF7351168C73916A98;tools/python/catalog_map_transition_candidates.py;C4:8B3F;C4:8B6A;C4:8BE2
,,,,0x78,8,0x77,vm_opcode_0x53_transition_wrapper_terminal,CC:92FE,,pack=0x78;record=8;entry=0x77,,0x79,0x08,cfg_t46_l170_v2,170,46,2,,,,,,bounded substream tail; destination record0 entry 0x08 exists,strong_candidate,C4:8B3F opcode 0x53 wrapper calls C4:8B6A transition core; the core writes operand1 to $0305 and operand2 to $13B8/$13B9; exact bounded tail ends in compact B0,canonical_rom_sha256=F6A345E2F07F0CBC4EFF7D4FF06AE88A814A98FDF100C7BF7351168C73916A98;tools/python/catalog_map_transition_candidates.py;C4:8B3F;C4:8B6A;C4:8BE2
,,,,0x7A,1,0x77,vm_opcode_0x53_transition_wrapper_terminal,CC:978F,,pack=0x7A;record=1;entry=0x77,,0x7B,0x02,cfg_t07_l071_v2,71,7,2,4,8,4,8,CC:9848,bounded substream tail; destination record0 entry 0x02 exists; destination entry has aligned 0x58 coordinate setter at CC:9848,strong_candidate,C4:8B3F opcode 0x53 wrapper calls C4:8B6A transition core; the core writes operand1 to $0305 and operand2 to $13B8/$13B9; exact bounded tail ends in compact B0; C4:8BE2 opcode 0x58 writes destination coordinates,canonical_rom_sha256=F6A345E2F07F0CBC4EFF7D4FF06AE88A814A98FDF100C7BF7351168C73916A98;tools/python/catalog_map_transition_candidates.py;C4:8B3F;C4:8B6A;C4:8BE2
,,,,0x80,1,0x77,vm_opcode_0x53_transition_wrapper_terminal,CC:A77E,,pack=0x80;record=1;entry=0x77,,0x33,0x02,cfg_t07_l026_v2,26,7,2,5,10,5,10,CB:E29A,bounded substream tail; destination record0 entry 0x02 exists; destination entry has aligned 0x58 coordinate setter at CB:E29A,strong_candidate,C4:8B3F opcode 0x53 wrapper calls C4:8B6A transition core; the core writes operand1 to $0305 and operand2 to $13B8/$13B9; exact bounded tail ends in compact B0; C4:8BE2 opcode 0x58 writes destination coordinates,canonical_rom_sha256=F6A345E2F07F0CBC4EFF7D4FF06AE88A814A98FDF100C7BF7351168C73916A98;tools/python/catalog_map_transition_candidates.py;C4:8B3F;C4:8B6A;C4:8BE2
,,,,0x80,2,0x77,vm_opcode_0x53_transition_wrapper_terminal,CC:A78B,,pack=0x80;record=2;entry=0x77,,0x34,0x02,cfg_t07_l022_v2,22,7,2,4,10,4,10,CB:E3AF,bounded substream tail; destination record0 entry 0x02 exists; destination entry has aligned 0x58 coordinate setter at CB:E3AF,strong_candidate,C4:8B3F opcode 0x53 wrapper calls C4:8B6A transition core; the core writes operand1 to $0305 and operand2 to $13B8/$13B9; exact bounded tail ends in compact B0; C4:8BE2 opcode 0x58 writes destination coordinates,canonical_rom_sha256=F6A345E2F07F0CBC4EFF7D4FF06AE88A814A98FDF100C7BF7351168C73916A98;tools/python/catalog_map_transition_candidates.py;C4:8B3F;C4:8B6A;C4:8BE2
,,,,0x80,3,0x77,vm_opcode_0x53_transition_wrapper_terminal,CC:A798,,pack=0x80;record=3;entry=0x77,,0x32,0x02,cfg_t07_l024_v2,24,7,2,4,8,4,8,CB:E0D7,bounded substream tail; destination record0 entry 0x02 exists; destination entry has aligned 0x58 coordinate setter at CB:E0D7,strong_candidate,C4:8B3F opcode 0x53 wrapper calls C4:8B6A transition core; the core writes operand1 to $0305 and operand2 to $13B8/$13B9; exact bounded tail ends in compact B0; C4:8BE2 opcode 0x58 writes destination coordinates,canonical_rom_sha256=F6A345E2F07F0CBC4EFF7D4FF06AE88A814A98FDF100C7BF7351168C73916A98;tools/python/catalog_map_transition_candidates.py;C4:8B3F;C4:8B6A;C4:8BE2
,,,,0x80,4,0x77,vm_opcode_0x53_transition_wrapper_terminal,CC:A7A5,,pack=0x80;record=4;entry=0x77,,0x37,0x02,cfg_t07_l027_v2,27,7,2,4,10,4,10,CB:E5B2,bounded substream tail; destination record0 entry 0x02 exists; destination entry has aligned 0x58 coordinate setter at CB:E5B2,strong_candidate,C4:8B3F opcode 0x53 wrapper calls C4:8B6A transition core; the core writes operand1 to $0305 and operand2 to $13B8/$13B9; exact bounded tail ends in compact B0; C4:8BE2 opcode 0x58 writes destination coordinates,canonical_rom_sha256=F6A345E2F07F0CBC4EFF7D4FF06AE88A814A98FDF100C7BF7351168C73916A98;tools/python/catalog_map_transition_candidates.py;C4:8B3F;C4:8B6A;C4:8BE2
,,,,0x80,5,0x77,vm_opcode_0x53_transition_wrapper_terminal,CC:A7B2,,pack=0x80;record=5;entry=0x77,,0x35,0x04,cfg_t07_l023_v2,23,7,2,4,8,4,8,CB:E4F0,bounded substream tail; destination record0 entry 0x04 exists; destination entry has aligned 0x58 coordinate setter at CB:E4F0,strong_candidate,C4:8B3F opcode 0x53 wrapper calls C4:8B6A transition core; the core writes operand1 to $0305 and operand2 to $13B8/$13B9; exact bounded tail ends in compact B0; C4:8BE2 opcode 0x58 writes destination coordinates,canonical_rom_sha256=F6A345E2F07F0CBC4EFF7D4FF06AE88A814A98FDF100C7BF7351168C73916A98;tools/python/catalog_map_transition_candidates.py;C4:8B3F;C4:8B6A;C4:8BE2
,,,,0x80,6,0x77,vm_opcode_0x53_transition_wrapper_terminal,CC:A7BF,,pack=0x80;record=6;entry=0x77,,0x36,0x02,cfg_t07_l025_v2,25,7,2,5,10,5,10,CB:E568,bounded substream tail; destination record0 entry 0x02 exists; destination entry has aligned 0x58 coordinate setter at CB:E568,strong_candidate,C4:8B3F opcode 0x53 wrapper calls C4:8B6A transition core; the core writes operand1 to $0305 and operand2 to $13B8/$13B9; exact bounded tail ends in compact B0; C4:8BE2 opcode 0x58 writes destination coordinates,canonical_rom_sha256=F6A345E2F07F0CBC4EFF7D4FF06AE88A814A98FDF100C7BF7351168C73916A98;tools/python/catalog_map_transition_candidates.py;C4:8B3F;C4:8B6A;C4:8BE2
,,,,0x81,1,0x77,vm_opcode_0x53_transition_wrapper_terminal,CC:A988,,pack=0x81;record=1;entry=0x77,,0x29,0x02,cfg_t07_l014_v2,14,7,2,5,10,5,10,CB:D729,bounded substream tail; destination record0 entry 0x02 exists; destination entry has aligned 0x58 coordinate setter at CB:D729,strong_candidate,C4:8B3F opcode 0x53 wrapper calls C4:8B6A transition core; the core writes operand1 to $0305 and operand2 to $13B8/$13B9; exact bounded tail ends in compact B0; C4:8BE2 opcode 0x58 writes destination coordinates,canonical_rom_sha256=F6A345E2F07F0CBC4EFF7D4FF06AE88A814A98FDF100C7BF7351168C73916A98;tools/python/catalog_map_transition_candidates.py;C4:8B3F;C4:8B6A;C4:8BE2
,,,,0x81,2,0x77,vm_opcode_0x53_transition_wrapper_terminal,CC:A995,,pack=0x81;record=2;entry=0x77,,0x2C,0x02,,,,,6,10,6,10,CB:DA08,bounded substream tail; destination record0 entry 0x02 exists; destination entry has aligned 0x58 coordinate setter at CB:DA08,strong_candidate,C4:8B3F opcode 0x53 wrapper calls C4:8B6A transition core; the core writes operand1 to $0305 and operand2 to $13B8/$13B9; exact bounded tail ends in compact B0; C4:8BE2 opcode 0x58 writes destination coordinates,canonical_rom_sha256=F6A345E2F07F0CBC4EFF7D4FF06AE88A814A98FDF100C7BF7351168C73916A98;tools/python/catalog_map_transition_candidates.py;C4:8B3F;C4:8B6A;C4:8BE2
,,,,0x81,3,0x77,vm_opcode_0x53_transition_wrapper_terminal,CC:A9A2,,pack=0x81;record=3;entry=0x77,,0x2D,0x04,cfg_t07_l013_v2,13,7,2,6,10,6,10,CB:DD79,bounded substream tail; destination record0 entry 0x04 exists; destination entry has aligned 0x58 coordinate setter at CB:DD79,strong_candidate,C4:8B3F opcode 0x53 wrapper calls C4:8B6A transition core; the core writes operand1 to $0305 and operand2 to $13B8/$13B9; exact bounded tail ends in compact B0; C4:8BE2 opcode 0x58 writes destination coordinates,canonical_rom_sha256=F6A345E2F07F0CBC4EFF7D4FF06AE88A814A98FDF100C7BF7351168C73916A98;tools/python/catalog_map_transition_candidates.py;C4:8B3F;C4:8B6A;C4:8BE2
,,,,0x81,4,0x77,vm_opcode_0x53_transition_wrapper_terminal,CC:A9AF,,pack=0x81;record=4;entry=0x77,,0x2A,0x02,cfg_t07_l016_v2,16,7,2,3,14,3,14,CB:D792,bounded substream tail; destination record0 entry 0x02 exists; destination entry has aligned 0x58 coordinate setter at CB:D792,strong_candidate,C4:8B3F opcode 0x53 wrapper calls C4:8B6A transition core; the core writes operand1 to $0305 and operand2 to $13B8/$13B9; exact bounded tail ends in compact B0; C4:8BE2 opcode 0x58 writes destination coordinates,canonical_rom_sha256=F6A345E2F07F0CBC4EFF7D4FF06AE88A814A98FDF100C7BF7351168C73916A98;tools/python/catalog_map_transition_candidates.py;C4:8B3F;C4:8B6A;C4:8BE2
,,,,0x81,5,0x77,vm_opcode_0x53_transition_wrapper_terminal,CC:A9BC,,pack=0x81;record=5;entry=0x77,,0x2E,0x02,cfg_t07_l015_v2,15,7,2,9,12,9,12,CB:DE7C,bounded substream tail; destination record0 entry 0x02 exists; destination entry has aligned 0x58 coordinate setter at CB:DE7C,strong_candidate,C4:8B3F opcode 0x53 wrapper calls C4:8B6A transition core; the core writes operand1 to $0305 and operand2 to $13B8/$13B9; exact bounded tail ends in compact B0; C4:8BE2 opcode 0x58 writes destination coordinates,canonical_rom_sha256=F6A345E2F07F0CBC4EFF7D4FF06AE88A814A98FDF100C7BF7351168C73916A98;tools/python/catalog_map_transition_candidates.py;C4:8B3F;C4:8B6A;C4:8BE2
,,,,0x81,6,0x8C,vm_opcode_0x53_transition_wrapper_terminal,CC:A9D2,,pack=0x81;record=6;entry=0x8C,,0x4B,0x0A,cfg_t07_l080_v2,80,7,2,7,15,7,15,CC:0729,bounded substream tail; destination record0 entry 0x0A exists; destination entry has aligned 0x58 coordinate setter at CC:0729,strong_candidate,C4:8B3F opcode 0x53 wrapper calls C4:8B6A transition core; the core writes operand1 to $0305 and operand2 to $13B8/$13B9; exact bounded tail ends in compact B0; C4:8BE2 opcode 0x58 writes destination coordinates,canonical_rom_sha256=F6A345E2F07F0CBC4EFF7D4FF06AE88A814A98FDF100C7BF7351168C73916A98;tools/python/catalog_map_transition_candidates.py;C4:8B3F;C4:8B6A;C4:8BE2
,,,,0x82,1,0x77,vm_opcode_0x53_transition_wrapper_terminal,CC:B2EA,,pack=0x82;record=1;entry=0x77,,0x29,0x02,cfg_t07_l014_v2,14,7,2,5,10,5,10,CB:D729,bounded substream tail; destination record0 entry 0x02 exists; destination entry has aligned 0x58 coordinate setter at CB:D729,strong_candidate,C4:8B3F opcode 0x53 wrapper calls C4:8B6A transition core; the core writes operand1 to $0305 and operand2 to $13B8/$13B9; exact bounded tail ends in compact B0; C4:8BE2 opcode 0x58 writes destination coordinates,canonical_rom_sha256=F6A345E2F07F0CBC4EFF7D4FF06AE88A814A98FDF100C7BF7351168C73916A98;tools/python/catalog_map_transition_candidates.py;C4:8B3F;C4:8B6A;C4:8BE2
,,,,0x82,2,0x77,vm_opcode_0x53_transition_wrapper_terminal,CC:B2F7,,pack=0x82;record=2;entry=0x77,,0x2E,0x02,cfg_t07_l015_v2,15,7,2,9,12,9,12,CB:DE7C,bounded substream tail; destination record0 entry 0x02 exists; destination entry has aligned 0x58 coordinate setter at CB:DE7C,strong_candidate,C4:8B3F opcode 0x53 wrapper calls C4:8B6A transition core; the core writes operand1 to $0305 and operand2 to $13B8/$13B9; exact bounded tail ends in compact B0; C4:8BE2 opcode 0x58 writes destination coordinates,canonical_rom_sha256=F6A345E2F07F0CBC4EFF7D4FF06AE88A814A98FDF100C7BF7351168C73916A98;tools/python/catalog_map_transition_candidates.py;C4:8B3F;C4:8B6A;C4:8BE2
,,,,0x82,3,0x77,vm_opcode_0x53_transition_wrapper_terminal,CC:B304,,pack=0x82;record=3;entry=0x77,,0x2A,0x02,cfg_t07_l016_v2,16,7,2,3,14,3,14,CB:D792,bounded substream tail; destination record0 entry 0x02 exists; destination entry has aligned 0x58 coordinate setter at CB:D792,strong_candidate,C4:8B3F opcode 0x53 wrapper calls C4:8B6A transition core; the core writes operand1 to $0305 and operand2 to $13B8/$13B9; exact bounded tail ends in compact B0; C4:8BE2 opcode 0x58 writes destination coordinates,canonical_rom_sha256=F6A345E2F07F0CBC4EFF7D4FF06AE88A814A98FDF100C7BF7351168C73916A98;tools/python/catalog_map_transition_candidates.py;C4:8B3F;C4:8B6A;C4:8BE2
,,,,0x82,4,0x77,vm_opcode_0x53_transition_wrapper_terminal,CC:B311,,pack=0x82;record=4;entry=0x77,,0x2C,0x02,,,,,6,10,6,10,CB:DA08,bounded substream tail; destination record0 entry 0x02 exists; destination entry has aligned 0x58 coordinate setter at CB:DA08,strong_candidate,C4:8B3F opcode 0x53 wrapper calls C4:8B6A transition core; the core writes operand1 to $0305 and operand2 to $13B8/$13B9; exact bounded tail ends in compact B0; C4:8BE2 opcode 0x58 writes destination coordinates,canonical_rom_sha256=F6A345E2F07F0CBC4EFF7D4FF06AE88A814A98FDF100C7BF7351168C73916A98;tools/python/catalog_map_transition_candidates.py;C4:8B3F;C4:8B6A;C4:8BE2
,,,,0x82,5,0x77,vm_opcode_0x53_transition_wrapper_terminal,CC:B31E,,pack=0x82;record=5;entry=0x77,,0x2B,0x02,cfg_t07_l012_v2,12,7,2,5,10,5,10,CB:D97A,bounded substream tail; destination record0 entry 0x02 exists; destination entry has aligned 0x58 coordinate setter at CB:D97A,strong_candidate,C4:8B3F opcode 0x53 wrapper calls C4:8B6A transition core; the core writes operand1 to $0305 and operand2 to $13B8/$13B9; exact bounded tail ends in compact B0; C4:8BE2 opcode 0x58 writes destination coordinates,canonical_rom_sha256=F6A345E2F07F0CBC4EFF7D4FF06AE88A814A98FDF100C7BF7351168C73916A98;tools/python/catalog_map_transition_candidates.py;C4:8B3F;C4:8B6A;C4:8BE2
,,,,0x82,6,0x77,vm_opcode_0x53_transition_wrapper_terminal,CC:B32B,,pack=0x82;record=6;entry=0x77,,0x2D,0x04,cfg_t07_l013_v2,13,7,2,6,10,6,10,CB:DD79,bounded substream tail; destination record0 entry 0x04 exists; destination entry has aligned 0x58 coordinate setter at CB:DD79,strong_candidate,C4:8B3F opcode 0x53 wrapper calls C4:8B6A transition core; the core writes operand1 to $0305 and operand2 to $13B8/$13B9; exact bounded tail ends in compact B0; C4:8BE2 opcode 0x58 writes destination coordinates,canonical_rom_sha256=F6A345E2F07F0CBC4EFF7D4FF06AE88A814A98FDF100C7BF7351168C73916A98;tools/python/catalog_map_transition_candidates.py;C4:8B3F;C4:8B6A;C4:8BE2
,,,,0x82,7,0x77,vm_opcode_0x53_transition_wrapper_terminal,CC:B338,,pack=0x82;record=7;entry=0x77,,0x62,0x02,cfg_t07_l009_v2,9,7,2,6,10,6,10,CC:427E,bounded substream tail; destination record0 entry 0x02 exists; destination entry has aligned 0x58 coordinate setter at CC:427E,strong_candidate,C4:8B3F opcode 0x53 wrapper calls C4:8B6A transition core; the core writes operand1 to $0305 and operand2 to $13B8/$13B9; exact bounded tail ends in compact B0; C4:8BE2 opcode 0x58 writes destination coordinates,canonical_rom_sha256=F6A345E2F07F0CBC4EFF7D4FF06AE88A814A98FDF100C7BF7351168C73916A98;tools/python/catalog_map_transition_candidates.py;C4:8B3F;C4:8B6A;C4:8BE2
,,,,0x82,8,0x77,vm_opcode_0x53_transition_wrapper_terminal,CC:B345,,pack=0x82;record=8;entry=0x77,,0x63,0x02,cfg_t07_l010_v2,10,7,2,6,10,6,10,CC:43C2,bounded substream tail; destination record0 entry 0x02 exists; destination entry has aligned 0x58 coordinate setter at CC:43C2,strong_candidate,C4:8B3F opcode 0x53 wrapper calls C4:8B6A transition core; the core writes operand1 to $0305 and operand2 to $13B8/$13B9; exact bounded tail ends in compact B0; C4:8BE2 opcode 0x58 writes destination coordinates,canonical_rom_sha256=F6A345E2F07F0CBC4EFF7D4FF06AE88A814A98FDF100C7BF7351168C73916A98;tools/python/catalog_map_transition_candidates.py;C4:8B3F;C4:8B6A;C4:8BE2
,,,,0x82,9,0x8C,vm_opcode_0x53_transition_wrapper_terminal,CC:B35B,,pack=0x82;record=9;entry=0x8C,,0x4B,0x09,cfg_t07_l080_v2,80,7,2,7,15,7,15,CC:0723,bounded substream tail; destination record0 entry 0x09 exists; destination entry has aligned 0x58 coordinate setter at CC:0723,strong_candidate,C4:8B3F opcode 0x53 wrapper calls C4:8B6A transition core; the core writes operand1 to $0305 and operand2 to $13B8/$13B9; exact bounded tail ends in compact B0; C4:8BE2 opcode 0x58 writes destination coordinates,canonical_rom_sha256=F6A345E2F07F0CBC4EFF7D4FF06AE88A814A98FDF100C7BF7351168C73916A98;tools/python/catalog_map_transition_candidates.py;C4:8B3F;C4:8B6A;C4:8BE2
,,,,0x83,1,0x77,vm_opcode_0x53_transition_wrapper_terminal,CC:B82D,,pack=0x83;record=1;entry=0x77,,0x2E,0x02,cfg_t07_l015_v2,15,7,2,9,12,9,12,CB:DE7C,bounded substream tail; destination record0 entry 0x02 exists; destination entry has aligned 0x58 coordinate setter at CB:DE7C,strong_candidate,C4:8B3F opcode 0x53 wrapper calls C4:8B6A transition core; the core writes operand1 to $0305 and operand2 to $13B8/$13B9; exact bounded tail ends in compact B0; C4:8BE2 opcode 0x58 writes destination coordinates,canonical_rom_sha256=F6A345E2F07F0CBC4EFF7D4FF06AE88A814A98FDF100C7BF7351168C73916A98;tools/python/catalog_map_transition_candidates.py;C4:8B3F;C4:8B6A;C4:8BE2
,,,,0x83,2,0x77,vm_opcode_0x53_transition_wrapper_terminal,CC:B83A,,pack=0x83;record=2;entry=0x77,,0x2C,0x02,,,,,6,10,6,10,CB:DA08,bounded substream tail; destination record0 entry 0x02 exists; destination entry has aligned 0x58 coordinate setter at CB:DA08,strong_candidate,C4:8B3F opcode 0x53 wrapper calls C4:8B6A transition core; the core writes operand1 to $0305 and operand2 to $13B8/$13B9; exact bounded tail ends in compact B0; C4:8BE2 opcode 0x58 writes destination coordinates,canonical_rom_sha256=F6A345E2F07F0CBC4EFF7D4FF06AE88A814A98FDF100C7BF7351168C73916A98;tools/python/catalog_map_transition_candidates.py;C4:8B3F;C4:8B6A;C4:8BE2
,,,,0x83,3,0x77,vm_opcode_0x53_transition_wrapper_terminal,CC:B847,,pack=0x83;record=3;entry=0x77,,0x2A,0x02,cfg_t07_l016_v2,16,7,2,3,14,3,14,CB:D792,bounded substream tail; destination record0 entry 0x02 exists; destination entry has aligned 0x58 coordinate setter at CB:D792,strong_candidate,C4:8B3F opcode 0x53 wrapper calls C4:8B6A transition core; the core writes operand1 to $0305 and operand2 to $13B8/$13B9; exact bounded tail ends in compact B0; C4:8BE2 opcode 0x58 writes destination coordinates,canonical_rom_sha256=F6A345E2F07F0CBC4EFF7D4FF06AE88A814A98FDF100C7BF7351168C73916A98;tools/python/catalog_map_transition_candidates.py;C4:8B3F;C4:8B6A;C4:8BE2
,,,,0x83,4,0x77,vm_opcode_0x53_transition_wrapper_terminal,CC:B854,,pack=0x83;record=4;entry=0x77,,0x2B,0x02,cfg_t07_l012_v2,12,7,2,5,10,5,10,CB:D97A,bounded substream tail; destination record0 entry 0x02 exists; destination entry has aligned 0x58 coordinate setter at CB:D97A,strong_candidate,C4:8B3F opcode 0x53 wrapper calls C4:8B6A transition core; the core writes operand1 to $0305 and operand2 to $13B8/$13B9; exact bounded tail ends in compact B0; C4:8BE2 opcode 0x58 writes destination coordinates,canonical_rom_sha256=F6A345E2F07F0CBC4EFF7D4FF06AE88A814A98FDF100C7BF7351168C73916A98;tools/python/catalog_map_transition_candidates.py;C4:8B3F;C4:8B6A;C4:8BE2
,,,,0x83,5,0x77,vm_opcode_0x53_transition_wrapper_terminal,CC:B861,,pack=0x83;record=5;entry=0x77,,0x29,0x02,cfg_t07_l014_v2,14,7,2,5,10,5,10,CB:D729,bounded substream tail; destination record0 entry 0x02 exists; destination entry has aligned 0x58 coordinate setter at CB:D729,strong_candidate,C4:8B3F opcode 0x53 wrapper calls C4:8B6A transition core; the core writes operand1 to $0305 and operand2 to $13B8/$13B9; exact bounded tail ends in compact B0; C4:8BE2 opcode 0x58 writes destination coordinates,canonical_rom_sha256=F6A345E2F07F0CBC4EFF7D4FF06AE88A814A98FDF100C7BF7351168C73916A98;tools/python/catalog_map_transition_candidates.py;C4:8B3F;C4:8B6A;C4:8BE2
,,,,0x83,6,0x77,vm_opcode_0x53_transition_wrapper_terminal,CC:B86E,,pack=0x83;record=6;entry=0x77,,0x30,0x02,cfg_t07_l065_v2,65,7,2,7,11,7,11,CB:DFE8,bounded substream tail; destination record0 entry 0x02 exists; destination entry has aligned 0x58 coordinate setter at CB:DFE8,strong_candidate,C4:8B3F opcode 0x53 wrapper calls C4:8B6A transition core; the core writes operand1 to $0305 and operand2 to $13B8/$13B9; exact bounded tail ends in compact B0; C4:8BE2 opcode 0x58 writes destination coordinates,canonical_rom_sha256=F6A345E2F07F0CBC4EFF7D4FF06AE88A814A98FDF100C7BF7351168C73916A98;tools/python/catalog_map_transition_candidates.py;C4:8B3F;C4:8B6A;C4:8BE2
,,,,0x83,7,0x77,vm_opcode_0x53_transition_wrapper_terminal,CC:B87B,,pack=0x83;record=7;entry=0x77,,0x2D,0x04,cfg_t07_l013_v2,13,7,2,6,10,6,10,CB:DD79,bounded substream tail; destination record0 entry 0x04 exists; destination entry has aligned 0x58 coordinate setter at CB:DD79,strong_candidate,C4:8B3F opcode 0x53 wrapper calls C4:8B6A transition core; the core writes operand1 to $0305 and operand2 to $13B8/$13B9; exact bounded tail ends in compact B0; C4:8BE2 opcode 0x58 writes destination coordinates,canonical_rom_sha256=F6A345E2F07F0CBC4EFF7D4FF06AE88A814A98FDF100C7BF7351168C73916A98;tools/python/catalog_map_transition_candidates.py;C4:8B3F;C4:8B6A;C4:8BE2
,,,,0x83,8,0x77,vm_opcode_0x53_transition_wrapper_terminal,CC:B888,,pack=0x83;record=8;entry=0x77,,0x2F,0x02,cfg_t07_l047_v2,47,7,2,6,10,6,10,CB:DF90,bounded substream tail; destination record0 entry 0x02 exists; destination entry has aligned 0x58 coordinate setter at CB:DF90,strong_candidate,C4:8B3F opcode 0x53 wrapper calls C4:8B6A transition core; the core writes operand1 to $0305 and operand2 to $13B8/$13B9; exact bounded tail ends in compact B0; C4:8BE2 opcode 0x58 writes destination coordinates,canonical_rom_sha256=F6A345E2F07F0CBC4EFF7D4FF06AE88A814A98FDF100C7BF7351168C73916A98;tools/python/catalog_map_transition_candidates.py;C4:8B3F;C4:8B6A;C4:8BE2
,,,,0x83,9,0x77,vm_opcode_0x53_transition_wrapper_terminal,CC:B895,,pack=0x83;record=9;entry=0x77,,0x52,0x02,cfg_t07_l010_v2,10,7,2,6,10,6,10,CC:2134,bounded substream tail; destination record0 entry 0x02 exists; destination entry has aligned 0x58 coordinate setter at CC:2134,strong_candidate,C4:8B3F opcode 0x53 wrapper calls C4:8B6A transition core; the core writes operand1 to $0305 and operand2 to $13B8/$13B9; exact bounded tail ends in compact B0; C4:8BE2 opcode 0x58 writes destination coordinates,canonical_rom_sha256=F6A345E2F07F0CBC4EFF7D4FF06AE88A814A98FDF100C7BF7351168C73916A98;tools/python/catalog_map_transition_candidates.py;C4:8B3F;C4:8B6A;C4:8BE2
,,,,0x83,10,0x77,vm_opcode_0x53_transition_wrapper_terminal,CC:B8A4,,pack=0x83;record=10;entry=0x77,,0x84,0x02,cfg_t07_l072_v2,72,7,2,16,21,16,21,CC:BAD6,bounded substream tail; destination record0 entry 0x02 exists; destination entry has aligned 0x58 coordinate setter at CC:BAD6,strong_candidate,C4:8B3F opcode 0x53 wrapper calls C4:8B6A transition core; the core writes operand1 to $0305 and operand2 to $13B8/$13B9; exact bounded tail ends in compact B0; C4:8BE2 opcode 0x58 writes destination coordinates,canonical_rom_sha256=F6A345E2F07F0CBC4EFF7D4FF06AE88A814A98FDF100C7BF7351168C73916A98;tools/python/catalog_map_transition_candidates.py;C4:8B3F;C4:8B6A;C4:8BE2
,,,,0x83,11,0x77,vm_opcode_0x53_transition_wrapper_terminal,CC:B8BB,,pack=0x83;record=11;entry=0x77,,0x4A,0x08,cfg_t07_l075_v2,75,7,2,5,14,5,14,CC:04EA,bounded substream tail; destination record0 entry 0x08 exists; destination entry has aligned 0x58 coordinate setter at CC:04EA,strong_candidate,C4:8B3F opcode 0x53 wrapper calls C4:8B6A transition core; the core writes operand1 to $0305 and operand2 to $13B8/$13B9; exact bounded tail ends in compact B0; C4:8BE2 opcode 0x58 writes destination coordinates,canonical_rom_sha256=F6A345E2F07F0CBC4EFF7D4FF06AE88A814A98FDF100C7BF7351168C73916A98;tools/python/catalog_map_transition_candidates.py;C4:8B3F;C4:8B6A;C4:8BE2
,,,,0x83,12,0x8C,vm_opcode_0x53_transition_wrapper_terminal,CC:B8DF,,pack=0x83;record=12;entry=0x8C,,0x4B,0x0B,cfg_t07_l080_v2,80,7,2,7,15,7,15,CC:072F,bounded substream tail; destination record0 entry 0x0B exists; destination entry has aligned 0x58 coordinate setter at CC:072F,strong_candidate,C4:8B3F opcode 0x53 wrapper calls C4:8B6A transition core; the core writes operand1 to $0305 and operand2 to $13B8/$13B9; exact bounded tail ends in compact B0; C4:8BE2 opcode 0x58 writes destination coordinates,canonical_rom_sha256=F6A345E2F07F0CBC4EFF7D4FF06AE88A814A98FDF100C7BF7351168C73916A98;tools/python/catalog_map_transition_candidates.py;C4:8B3F;C4:8B6A;C4:8BE2
,,,,0x83,27,0x38,vm_opcode_0x53_transition_wrapper_terminal,CC:BA82,,pack=0x83;record=27;entry=0x38,,0x84,0x15,cfg_t07_l072_v2,72,7,2,,,,,,bounded substream tail; destination record0 entry 0x15 exists,strong_candidate,C4:8B3F opcode 0x53 wrapper calls C4:8B6A transition core; the core writes operand1 to $0305 and operand2 to $13B8/$13B9; exact bounded tail ends in compact B0,canonical_rom_sha256=F6A345E2F07F0CBC4EFF7D4FF06AE88A814A98FDF100C7BF7351168C73916A98;tools/python/catalog_map_transition_candidates.py;C4:8B3F;C4:8B6A;C4:8BE2
,,,,0x88,12,0x7C,vm_opcode_0x53_transition_wrapper_terminal,CC:C2C8,,pack=0x88;record=12;entry=0x7C,,0x1E,0x1F,,,,,0,0,0,0,CB:C51F,bounded substream tail; destination record0 entry 0x1F exists; destination entry has aligned 0x58 coordinate setter at CB:C51F,strong_candidate,C4:8B3F opcode 0x53 wrapper calls C4:8B6A transition core; the core writes operand1 to $0305 and operand2 to $13B8/$13B9; exact bounded tail ends in compact B0; C4:8BE2 opcode 0x58 writes destination coordinates,canonical_rom_sha256=F6A345E2F07F0CBC4EFF7D4FF06AE88A814A98FDF100C7BF7351168C73916A98;tools/python/catalog_map_transition_candidates.py;C4:8B3F;C4:8B6A;C4:8BE2
,,,,0x8A,1,0x79,vm_opcode_0x53_transition_wrapper_terminal,CC:C69B,,pack=0x8A;record=1;entry=0x79,,0x8B,0x02,cfg_t04_l061_v2,61,4,2,29,56,29,56,CC:C714,bounded substream tail; destination record0 entry 0x02 exists; destination entry has aligned 0x58 coordinate setter at CC:C714,strong_candidate,C4:8B3F opcode 0x53 wrapper calls C4:8B6A transition core; the core writes operand1 to $0305 and operand2 to $13B8/$13B9; exact bounded tail ends in compact B0; C4:8BE2 opcode 0x58 writes destination coordinates,canonical_rom_sha256=F6A345E2F07F0CBC4EFF7D4FF06AE88A814A98FDF100C7BF7351168C73916A98;tools/python/catalog_map_transition_candidates.py;C4:8B3F;C4:8B6A;C4:8BE2
,,,,0x8B,2,0x77,vm_opcode_0x53_transition_wrapper_terminal,CC:C747,,pack=0x8B;record=2;entry=0x77,,0x8D,0x07,cfg_t07_l084_v2,84,7,2,4,7,4,7,CC:CA96,bounded substream tail; destination record0 entry 0x07 exists; destination entry has aligned 0x58 coordinate setter at CC:CA96,strong_candidate,C4:8B3F opcode 0x53 wrapper calls C4:8B6A transition core; the core writes operand1 to $0305 and operand2 to $13B8/$13B9; exact bounded tail ends in compact B0; C4:8BE2 opcode 0x58 writes destination coordinates,canonical_rom_sha256=F6A345E2F07F0CBC4EFF7D4FF06AE88A814A98FDF100C7BF7351168C73916A98;tools/python/catalog_map_transition_candidates.py;C4:8B3F;C4:8B6A;C4:8BE2
,,,,0x8B,3,0x77,vm_opcode_0x53_transition_wrapper_terminal,CC:C754,,pack=0x8B;record=3;entry=0x77,,0x8D,0x08,cfg_t07_l084_v2,84,7,2,4,7,4,7,CC:CA9C,bounded substream tail; destination record0 entry 0x08 exists; destination entry has aligned 0x58 coordinate setter at CC:CA9C,strong_candidate,C4:8B3F opcode 0x53 wrapper calls C4:8B6A transition core; the core writes operand1 to $0305 and operand2 to $13B8/$13B9; exact bounded tail ends in compact B0; C4:8BE2 opcode 0x58 writes destination coordinates,canonical_rom_sha256=F6A345E2F07F0CBC4EFF7D4FF06AE88A814A98FDF100C7BF7351168C73916A98;tools/python/catalog_map_transition_candidates.py;C4:8B3F;C4:8B6A;C4:8BE2
,,,,0x8B,4,0x77,vm_opcode_0x53_transition_wrapper_terminal,CC:C761,,pack=0x8B;record=4;entry=0x77,,0x8D,0x09,cfg_t07_l084_v2,84,7,2,4,7,4,7,CC:CAA2,bounded substream tail; destination record0 entry 0x09 exists; destination entry has aligned 0x58 coordinate setter at CC:CAA2,strong_candidate,C4:8B3F opcode 0x53 wrapper calls C4:8B6A transition core; the core writes operand1 to $0305 and operand2 to $13B8/$13B9; exact bounded tail ends in compact B0; C4:8BE2 opcode 0x58 writes destination coordinates,canonical_rom_sha256=F6A345E2F07F0CBC4EFF7D4FF06AE88A814A98FDF100C7BF7351168C73916A98;tools/python/catalog_map_transition_candidates.py;C4:8B3F;C4:8B6A;C4:8BE2
,,,,0x8B,5,0x77,vm_opcode_0x53_transition_wrapper_terminal,CC:C76E,,pack=0x8B;record=5;entry=0x77,,0x8D,0x0A,cfg_t07_l084_v2,84,7,2,4,7,4,7,CC:CAA8,bounded substream tail; destination record0 entry 0x0A exists; destination entry has aligned 0x58 coordinate setter at CC:CAA8,strong_candidate,C4:8B3F opcode 0x53 wrapper calls C4:8B6A transition core; the core writes operand1 to $0305 and operand2 to $13B8/$13B9; exact bounded tail ends in compact B0; C4:8BE2 opcode 0x58 writes destination coordinates,canonical_rom_sha256=F6A345E2F07F0CBC4EFF7D4FF06AE88A814A98FDF100C7BF7351168C73916A98;tools/python/catalog_map_transition_candidates.py;C4:8B3F;C4:8B6A;C4:8BE2
,,,,0x8B,6,0x77,vm_opcode_0x53_transition_wrapper_terminal,CC:C77B,,pack=0x8B;record=6;entry=0x77,,0x8D,0x0B,cfg_t07_l084_v2,84,7,2,4,7,4,7,CC:CAAE,bounded substream tail; destination record0 entry 0x0B exists; destination entry has aligned 0x58 coordinate setter at CC:CAAE,strong_candidate,C4:8B3F opcode 0x53 wrapper calls C4:8B6A transition core; the core writes operand1 to $0305 and operand2 to $13B8/$13B9; exact bounded tail ends in compact B0; C4:8BE2 opcode 0x58 writes destination coordinates,canonical_rom_sha256=F6A345E2F07F0CBC4EFF7D4FF06AE88A814A98FDF100C7BF7351168C73916A98;tools/python/catalog_map_transition_candidates.py;C4:8B3F;C4:8B6A;C4:8BE2
,,,,0x8C,1,0x77,vm_opcode_0x53_transition_wrapper_terminal,CC:C908,,pack=0x8C;record=1;entry=0x77,,0x8D,0x02,cfg_t07_l084_v2,84,7,2,4,7,4,7,CC:CA78,bounded substream tail; destination record0 entry 0x02 exists; destination entry has aligned 0x58 coordinate setter at CC:CA78,strong_candidate,C4:8B3F opcode 0x53 wrapper calls C4:8B6A transition core; the core writes operand1 to $0305 and operand2 to $13B8/$13B9; exact bounded tail ends in compact B0; C4:8BE2 opcode 0x58 writes destination coordinates,canonical_rom_sha256=F6A345E2F07F0CBC4EFF7D4FF06AE88A814A98FDF100C7BF7351168C73916A98;tools/python/catalog_map_transition_candidates.py;C4:8B3F;C4:8B6A;C4:8BE2
,,,,0x8C,2,0x77,vm_opcode_0x53_transition_wrapper_terminal,CC:C915,,pack=0x8C;record=2;entry=0x77,,0x8D,0x03,cfg_t07_l084_v2,84,7,2,4,7,4,7,CC:CA7E,bounded substream tail; destination record0 entry 0x03 exists; destination entry has aligned 0x58 coordinate setter at CC:CA7E,strong_candidate,C4:8B3F opcode 0x53 wrapper calls C4:8B6A transition core; the core writes operand1 to $0305 and operand2 to $13B8/$13B9; exact bounded tail ends in compact B0; C4:8BE2 opcode 0x58 writes destination coordinates,canonical_rom_sha256=F6A345E2F07F0CBC4EFF7D4FF06AE88A814A98FDF100C7BF7351168C73916A98;tools/python/catalog_map_transition_candidates.py;C4:8B3F;C4:8B6A;C4:8BE2
,,,,0x8C,3,0x77,vm_opcode_0x53_transition_wrapper_terminal,CC:C922,,pack=0x8C;record=3;entry=0x77,,0x8D,0x04,cfg_t07_l084_v2,84,7,2,4,7,4,7,CC:CA84,bounded substream tail; destination record0 entry 0x04 exists; destination entry has aligned 0x58 coordinate setter at CC:CA84,strong_candidate,C4:8B3F opcode 0x53 wrapper calls C4:8B6A transition core; the core writes operand1 to $0305 and operand2 to $13B8/$13B9; exact bounded tail ends in compact B0; C4:8BE2 opcode 0x58 writes destination coordinates,canonical_rom_sha256=F6A345E2F07F0CBC4EFF7D4FF06AE88A814A98FDF100C7BF7351168C73916A98;tools/python/catalog_map_transition_candidates.py;C4:8B3F;C4:8B6A;C4:8BE2
,,,,0x8C,4,0x77,vm_opcode_0x53_transition_wrapper_terminal,CC:C92F,,pack=0x8C;record=4;entry=0x77,,0x8D,0x05,cfg_t07_l084_v2,84,7,2,4,7,4,7,CC:CA8A,bounded substream tail; destination record0 entry 0x05 exists; destination entry has aligned 0x58 coordinate setter at CC:CA8A,strong_candidate,C4:8B3F opcode 0x53 wrapper calls C4:8B6A transition core; the core writes operand1 to $0305 and operand2 to $13B8/$13B9; exact bounded tail ends in compact B0; C4:8BE2 opcode 0x58 writes destination coordinates,canonical_rom_sha256=F6A345E2F07F0CBC4EFF7D4FF06AE88A814A98FDF100C7BF7351168C73916A98;tools/python/catalog_map_transition_candidates.py;C4:8B3F;C4:8B6A;C4:8BE2
,,,,0x8C,5,0x77,vm_opcode_0x53_transition_wrapper_terminal,CC:C93C,,pack=0x8C;record=5;entry=0x77,,0x8D,0x06,cfg_t07_l084_v2,84,7,2,4,7,4,7,CC:CA90,bounded substream tail; destination record0 entry 0x06 exists; destination entry has aligned 0x58 coordinate setter at CC:CA90,strong_candidate,C4:8B3F opcode 0x53 wrapper calls C4:8B6A transition core; the core writes operand1 to $0305 and operand2 to $13B8/$13B9; exact bounded tail ends in compact B0; C4:8BE2 opcode 0x58 writes destination coordinates,canonical_rom_sha256=F6A345E2F07F0CBC4EFF7D4FF06AE88A814A98FDF100C7BF7351168C73916A98;tools/python/catalog_map_transition_candidates.py;C4:8B3F;C4:8B6A;C4:8BE2
,,,,0x8E,2,0x77,vm_opcode_0x53_transition_wrapper_terminal,CC:CCDC,,pack=0x8E;record=2;entry=0x77,,0x2C,0x05,,,,,5,8,5,8,CB:DA1A,bounded substream tail; destination record0 entry 0x05 exists; destination entry has aligned 0x58 coordinate setter at CB:DA1A,strong_candidate,C4:8B3F opcode 0x53 wrapper calls C4:8B6A transition core; the core writes operand1 to $0305 and operand2 to $13B8/$13B9; exact bounded tail ends in compact B0; C4:8BE2 opcode 0x58 writes destination coordinates,canonical_rom_sha256=F6A345E2F07F0CBC4EFF7D4FF06AE88A814A98FDF100C7BF7351168C73916A98;tools/python/catalog_map_transition_candidates.py;C4:8B3F;C4:8B6A;C4:8BE2
,,,,0x8E,3,0x77,vm_opcode_0x53_transition_wrapper_terminal,CC:CCE9,,pack=0x8E;record=3;entry=0x77,,0x4F,0x02,cfg_t07_l033_v2,33,7,2,5,8,5,8,CC:1BA2,bounded substream tail; destination record0 entry 0x02 exists; destination entry has aligned 0x58 coordinate setter at CC:1BA2,strong_candidate,C4:8B3F opcode 0x53 wrapper calls C4:8B6A transition core; the core writes operand1 to $0305 and operand2 to $13B8/$13B9; exact bounded tail ends in compact B0; C4:8BE2 opcode 0x58 writes destination coordinates,canonical_rom_sha256=F6A345E2F07F0CBC4EFF7D4FF06AE88A814A98FDF100C7BF7351168C73916A98;tools/python/catalog_map_transition_candidates.py;C4:8B3F;C4:8B6A;C4:8BE2
,,,,0x8E,4,0x77,vm_opcode_0x53_transition_wrapper_terminal,CC:CCF6,,pack=0x8E;record=4;entry=0x77,,0x3D,0x03,,,,,5,8,5,8,CB:EA8F,bounded substream tail; destination record0 entry 0x03 exists; destination entry has aligned 0x58 coordinate setter at CB:EA8F,strong_candidate,C4:8B3F opcode 0x53 wrapper calls C4:8B6A transition core; the core writes operand1 to $0305 and operand2 to $13B8/$13B9; exact bounded tail ends in compact B0; C4:8BE2 opcode 0x58 writes destination coordinates,canonical_rom_sha256=F6A345E2F07F0CBC4EFF7D4FF06AE88A814A98FDF100C7BF7351168C73916A98;tools/python/catalog_map_transition_candidates.py;C4:8B3F;C4:8B6A;C4:8BE2
,,,,0x8E,5,0x77,vm_opcode_0x53_transition_wrapper_terminal,CC:CD03,,pack=0x8E;record=5;entry=0x77,,0x4F,0x03,cfg_t07_l033_v2,33,7,2,5,8,5,8,CC:1BA8,bounded substream tail; destination record0 entry 0x03 exists; destination entry has aligned 0x58 coordinate setter at CC:1BA8,strong_candidate,C4:8B3F opcode 0x53 wrapper calls C4:8B6A transition core; the core writes operand1 to $0305 and operand2 to $13B8/$13B9; exact bounded tail ends in compact B0; C4:8BE2 opcode 0x58 writes destination coordinates,canonical_rom_sha256=F6A345E2F07F0CBC4EFF7D4FF06AE88A814A98FDF100C7BF7351168C73916A98;tools/python/catalog_map_transition_candidates.py;C4:8B3F;C4:8B6A;C4:8BE2
,,,,0x8F,2,0x77,vm_opcode_0x53_transition_wrapper_terminal,CC:CEA9,,pack=0x8F;record=2;entry=0x77,,0xD1,0x06,cfg_t54_l190_v2,190,54,2,22,76,22,76,CD:97DA,bounded substream tail; destination record0 entry 0x06 exists; destination entry has aligned 0x58 coordinate setter at CD:97DA,strong_candidate,C4:8B3F opcode 0x53 wrapper calls C4:8B6A transition core; the core writes operand1 to $0305 and operand2 to $13B8/$13B9; exact bounded tail ends in compact B0; C4:8BE2 opcode 0x58 writes destination coordinates,canonical_rom_sha256=F6A345E2F07F0CBC4EFF7D4FF06AE88A814A98FDF100C7BF7351168C73916A98;tools/python/catalog_map_transition_candidates.py;C4:8B3F;C4:8B6A;C4:8BE2
,,,,0x8F,3,0x77,vm_opcode_0x53_transition_wrapper_terminal,CC:CEB8,,pack=0x8F;record=3;entry=0x77,,0xD2,0x06,cfg_t54_l190_v2,190,54,2,38,76,38,76,CD:9986,bounded substream tail; destination record0 entry 0x06 exists; destination entry has aligned 0x58 coordinate setter at CD:9986,strong_candidate,C4:8B3F opcode 0x53 wrapper calls C4:8B6A transition core; the core writes operand1 to $0305 and operand2 to $13B8/$13B9; exact bounded tail ends in compact B0; C4:8BE2 opcode 0x58 writes destination coordinates,canonical_rom_sha256=F6A345E2F07F0CBC4EFF7D4FF06AE88A814A98FDF100C7BF7351168C73916A98;tools/python/catalog_map_transition_candidates.py;C4:8B3F;C4:8B6A;C4:8BE2
,,,,0x8F,4,0x77,vm_opcode_0x53_transition_wrapper_terminal,CC:CEC7,,pack=0x8F;record=4;entry=0x77,,0xD3,0x06,cfg_t54_l190_v2,190,54,2,54,76,54,76,CD:9AC7,bounded substream tail; destination record0 entry 0x06 exists; destination entry has aligned 0x58 coordinate setter at CD:9AC7,strong_candidate,C4:8B3F opcode 0x53 wrapper calls C4:8B6A transition core; the core writes operand1 to $0305 and operand2 to $13B8/$13B9; exact bounded tail ends in compact B0; C4:8BE2 opcode 0x58 writes destination coordinates,canonical_rom_sha256=F6A345E2F07F0CBC4EFF7D4FF06AE88A814A98FDF100C7BF7351168C73916A98;tools/python/catalog_map_transition_candidates.py;C4:8B3F;C4:8B6A;C4:8BE2
,,,,0x8F,5,0x77,vm_opcode_0x53_transition_wrapper_terminal,CC:CED6,,pack=0x8F;record=5;entry=0x77,,0xD4,0x06,cfg_t54_l190_v2,190,54,2,70,76,70,76,CD:9CBD,bounded substream tail; destination record0 entry 0x06 exists; destination entry has aligned 0x58 coordinate setter at CD:9CBD,strong_candidate,C4:8B3F opcode 0x53 wrapper calls C4:8B6A transition core; the core writes operand1 to $0305 and operand2 to $13B8/$13B9; exact bounded tail ends in compact B0; C4:8BE2 opcode 0x58 writes destination coordinates,canonical_rom_sha256=F6A345E2F07F0CBC4EFF7D4FF06AE88A814A98FDF100C7BF7351168C73916A98;tools/python/catalog_map_transition_candidates.py;C4:8B3F;C4:8B6A;C4:8BE2
,,,,0x8F,6,0x77,vm_opcode_0x53_transition_wrapper_terminal,CC:CEE5,,pack=0x8F;record=6;entry=0x77,,0x3C,0x06,cfg_t54_l190_v2,190,54,2,7,76,7,76,CB:E99A,bounded substream tail; destination record0 entry 0x06 exists; destination entry has aligned 0x58 coordinate setter at CB:E99A,strong_candidate,C4:8B3F opcode 0x53 wrapper calls C4:8B6A transition core; the core writes operand1 to $0305 and operand2 to $13B8/$13B9; exact bounded tail ends in compact B0; C4:8BE2 opcode 0x58 writes destination coordinates,canonical_rom_sha256=F6A345E2F07F0CBC4EFF7D4FF06AE88A814A98FDF100C7BF7351168C73916A98;tools/python/catalog_map_transition_candidates.py;C4:8B3F;C4:8B6A;C4:8BE2
,,,,0xA6,14,0x79,vm_opcode_0x53_transition_wrapper_terminal,CD:193F,,pack=0xA6;record=14;entry=0x79,,0x5C,0x02,cfg_t04_l019_v1,19,4,1,24,39,24,39,CC:35B5,bounded substream tail; destination record0 entry 0x02 exists; destination entry has aligned 0x58 coordinate setter at CC:35B5,strong_candidate,C4:8B3F opcode 0x53 wrapper calls C4:8B6A transition core; the core writes operand1 to $0305 and operand2 to $13B8/$13B9; exact bounded tail ends in compact B0; C4:8BE2 opcode 0x58 writes destination coordinates,canonical_rom_sha256=F6A345E2F07F0CBC4EFF7D4FF06AE88A814A98FDF100C7BF7351168C73916A98;tools/python/catalog_map_transition_candidates.py;C4:8B3F;C4:8B6A;C4:8BE2
,,,,0xBE,3,0x77,vm_opcode_0x53_transition_wrapper_terminal,CD:6FEB,,pack=0xBE;record=3;entry=0x77,,0xBF,0x02,cfg_t07_l009_v2,9,7,2,6,10,6,10,CD:782F,bounded substream tail; destination record0 entry 0x02 exists; destination entry has aligned 0x58 coordinate setter at CD:782F,strong_candidate,C4:8B3F opcode 0x53 wrapper calls C4:8B6A transition core; the core writes operand1 to $0305 and operand2 to $13B8/$13B9; exact bounded tail ends in compact B0; C4:8BE2 opcode 0x58 writes destination coordinates,canonical_rom_sha256=F6A345E2F07F0CBC4EFF7D4FF06AE88A814A98FDF100C7BF7351168C73916A98;tools/python/catalog_map_transition_candidates.py;C4:8B3F;C4:8B6A;C4:8BE2
,,,,0xC0,0,0x25,vm_opcode_0x53_transition_wrapper_terminal,CD:7991,,pack=0xC0;record=0;entry=0x25,,0xEF,0x06,,,,,,,,,,bounded substream tail; destination record0 entry 0x06 exists,strong_candidate,C4:8B3F opcode 0x53 wrapper calls C4:8B6A transition core; the core writes operand1 to $0305 and operand2 to $13B8/$13B9; exact bounded tail ends in compact B0,canonical_rom_sha256=F6A345E2F07F0CBC4EFF7D4FF06AE88A814A98FDF100C7BF7351168C73916A98;tools/python/catalog_map_transition_candidates.py;C4:8B3F;C4:8B6A;C4:8BE2
,,,,0xCA,1,0x77,vm_opcode_0x53_transition_wrapper_terminal,CD:8E5F,,pack=0xCA;record=1;entry=0x77,,0x2A,0x02,cfg_t07_l016_v2,16,7,2,3,14,3,14,CB:D792,bounded substream tail; destination record0 entry 0x02 exists; destination entry has aligned 0x58 coordinate setter at CB:D792,strong_candidate,C4:8B3F opcode 0x53 wrapper calls C4:8B6A transition core; the core writes operand1 to $0305 and operand2 to $13B8/$13B9; exact bounded tail ends in compact B0; C4:8BE2 opcode 0x58 writes destination coordinates,canonical_rom_sha256=F6A345E2F07F0CBC4EFF7D4FF06AE88A814A98FDF100C7BF7351168C73916A98;tools/python/catalog_map_transition_candidates.py;C4:8B3F;C4:8B6A;C4:8BE2
,,,,0xCB,1,0x77,vm_opcode_0x53_transition_wrapper_terminal,CD:8EAF,,pack=0xCB;record=1;entry=0x77,,0xCC,0x02,cfg_t37_l152_v2,152,37,2,,,,,,bounded substream tail; destination record0 entry 0x02 exists,strong_candidate,C4:8B3F opcode 0x53 wrapper calls C4:8B6A transition core; the core writes operand1 to $0305 and operand2 to $13B8/$13B9; exact bounded tail ends in compact B0,canonical_rom_sha256=F6A345E2F07F0CBC4EFF7D4FF06AE88A814A98FDF100C7BF7351168C73916A98;tools/python/catalog_map_transition_candidates.py;C4:8B3F;C4:8B6A;C4:8BE2
,,,,0xCF,1,0x77,vm_opcode_0x53_transition_wrapper_terminal,CD:93F5,,pack=0xCF;record=1;entry=0x77,,0xD9,0x02,cfg_t52_l182_v2,182,52,2,37,46,37,46,CD:A527,bounded substream tail; destination record0 entry 0x02 exists; destination entry has aligned 0x58 coordinate setter at CD:A527,strong_candidate,C4:8B3F opcode 0x53 wrapper calls C4:8B6A transition core; the core writes operand1 to $0305 and operand2 to $13B8/$13B9; exact bounded tail ends in compact B0; C4:8BE2 opcode 0x58 writes destination coordinates,canonical_rom_sha256=F6A345E2F07F0CBC4EFF7D4FF06AE88A814A98FDF100C7BF7351168C73916A98;tools/python/catalog_map_transition_candidates.py;C4:8B3F;C4:8B6A;C4:8BE2
,,,,0xCF,2,0x77,vm_opcode_0x53_transition_wrapper_terminal,CD:9404,,pack=0xCF;record=2;entry=0x77,,0xD8,0x02,cfg_t53_l184_v2,184,53,2,95,48,95,48,CD:A3A6,bounded substream tail; destination record0 entry 0x02 exists; destination entry has aligned 0x58 coordinate setter at CD:A3A6,strong_candidate,C4:8B3F opcode 0x53 wrapper calls C4:8B6A transition core; the core writes operand1 to $0305 and operand2 to $13B8/$13B9; exact bounded tail ends in compact B0; C4:8BE2 opcode 0x58 writes destination coordinates,canonical_rom_sha256=F6A345E2F07F0CBC4EFF7D4FF06AE88A814A98FDF100C7BF7351168C73916A98;tools/python/catalog_map_transition_candidates.py;C4:8B3F;C4:8B6A;C4:8BE2
,,,,0xCF,3,0x77,vm_opcode_0x53_transition_wrapper_terminal,CD:9418,,pack=0xCF;record=3;entry=0x77,,0xDD,0x02,cfg_t53_l184_v2,184,53,2,80,85,80,85,CD:B5EE,bounded substream tail; destination record0 entry 0x02 exists; destination entry has aligned 0x58 coordinate setter at CD:B5EE,strong_candidate,C4:8B3F opcode 0x53 wrapper calls C4:8B6A transition core; the core writes operand1 to $0305 and operand2 to $13B8/$13B9; exact bounded tail ends in compact B0; C4:8BE2 opcode 0x58 writes destination coordinates,canonical_rom_sha256=F6A345E2F07F0CBC4EFF7D4FF06AE88A814A98FDF100C7BF7351168C73916A98;tools/python/catalog_map_transition_candidates.py;C4:8B3F;C4:8B6A;C4:8BE2
,,,,0xCF,4,0x77,vm_opcode_0x53_transition_wrapper_terminal,CD:9427,,pack=0xCF;record=4;entry=0x77,,0xD0,0x02,cfg_t53_l184_v2,184,53,2,232,49,232,49,CD:963F,bounded substream tail; destination record0 entry 0x02 exists; destination entry has aligned 0x58 coordinate setter at CD:963F,strong_candidate,C4:8B3F opcode 0x53 wrapper calls C4:8B6A transition core; the core writes operand1 to $0305 and operand2 to $13B8/$13B9; exact bounded tail ends in compact B0; C4:8BE2 opcode 0x58 writes destination coordinates,canonical_rom_sha256=F6A345E2F07F0CBC4EFF7D4FF06AE88A814A98FDF100C7BF7351168C73916A98;tools/python/catalog_map_transition_candidates.py;C4:8B3F;C4:8B6A;C4:8BE2
,,,,0xCF,5,0x77,vm_opcode_0x53_transition_wrapper_terminal,CD:943B,,pack=0xCF;record=5;entry=0x77,,0xDD,0x03,cfg_t53_l184_v2,184,53,2,80,85,80,85,CD:B5F9,bounded substream tail; destination record0 entry 0x03 exists; destination entry has aligned 0x58 coordinate setter at CD:B5F9,strong_candidate,C4:8B3F opcode 0x53 wrapper calls C4:8B6A transition core; the core writes operand1 to $0305 and operand2 to $13B8/$13B9; exact bounded tail ends in compact B0; C4:8BE2 opcode 0x58 writes destination coordinates,canonical_rom_sha256=F6A345E2F07F0CBC4EFF7D4FF06AE88A814A98FDF100C7BF7351168C73916A98;tools/python/catalog_map_transition_candidates.py;C4:8B3F;C4:8B6A;C4:8BE2
,,,,0xCF,6,0x77,vm_opcode_0x53_transition_wrapper_terminal,CD:944A,,pack=0xCF;record=6;entry=0x77,,0xD5,0x02,cfg_t53_l184_v2,184,53,2,29,67,29,67,CD:9E67,bounded substream tail; destination record0 entry 0x02 exists; destination entry has aligned 0x58 coordinate setter at CD:9E67,strong_candidate,C4:8B3F opcode 0x53 wrapper calls C4:8B6A transition core; the core writes operand1 to $0305 and operand2 to $13B8/$13B9; exact bounded tail ends in compact B0; C4:8BE2 opcode 0x58 writes destination coordinates,canonical_rom_sha256=F6A345E2F07F0CBC4EFF7D4FF06AE88A814A98FDF100C7BF7351168C73916A98;tools/python/catalog_map_transition_candidates.py;C4:8B3F;C4:8B6A;C4:8BE2
,,,,0xCF,7,0x77,vm_opcode_0x53_transition_wrapper_terminal,CD:945E,,pack=0xCF;record=7;entry=0x77,,0xDD,0x04,cfg_t53_l184_v2,184,53,2,80,85,80,85,CD:B604,bounded substream tail; destination record0 entry 0x04 exists; destination entry has aligned 0x58 coordinate setter at CD:B604,strong_candidate,C4:8B3F opcode 0x53 wrapper calls C4:8B6A transition core; the core writes operand1 to $0305 and operand2 to $13B8/$13B9; exact bounded tail ends in compact B0; C4:8BE2 opcode 0x58 writes destination coordinates,canonical_rom_sha256=F6A345E2F07F0CBC4EFF7D4FF06AE88A814A98FDF100C7BF7351168C73916A98;tools/python/catalog_map_transition_candidates.py;C4:8B3F;C4:8B6A;C4:8BE2
,,,,0xCF,8,0x77,vm_opcode_0x53_transition_wrapper_terminal,CD:946D,,pack=0xCF;record=8;entry=0x77,,0xD7,0x02,cfg_t53_l184_v2,184,53,2,155,10,155,10,CD:A13A,bounded substream tail; destination record0 entry 0x02 exists; destination entry has aligned 0x58 coordinate setter at CD:A13A,strong_candidate,C4:8B3F opcode 0x53 wrapper calls C4:8B6A transition core; the core writes operand1 to $0305 and operand2 to $13B8/$13B9; exact bounded tail ends in compact B0; C4:8BE2 opcode 0x58 writes destination coordinates,canonical_rom_sha256=F6A345E2F07F0CBC4EFF7D4FF06AE88A814A98FDF100C7BF7351168C73916A98;tools/python/catalog_map_transition_candidates.py;C4:8B3F;C4:8B6A;C4:8BE2
,,,,0xCF,9,0x77,vm_opcode_0x53_transition_wrapper_terminal,CD:947A,,pack=0xCF;record=9;entry=0x77,,0xDE,0x02,cfg_t48_l174_v2,174,48,2,,,,,,bounded substream tail; destination record0 entry 0x02 exists,strong_candidate,C4:8B3F opcode 0x53 wrapper calls C4:8B6A transition core; the core writes operand1 to $0305 and operand2 to $13B8/$13B9; exact bounded tail ends in compact B0,canonical_rom_sha256=F6A345E2F07F0CBC4EFF7D4FF06AE88A814A98FDF100C7BF7351168C73916A98;tools/python/catalog_map_transition_candidates.py;C4:8B3F;C4:8B6A;C4:8BE2
,,,,0xCF,10,0x77,vm_opcode_0x53_transition_wrapper_terminal,CD:9487,,pack=0xCF;record=10;entry=0x77,,0xDE,0x03,cfg_t48_l174_v2,174,48,2,,,,,,bounded substream tail; destination record0 entry 0x03 exists,strong_candidate,C4:8B3F opcode 0x53 wrapper calls C4:8B6A transition core; the core writes operand1 to $0305 and operand2 to $13B8/$13B9; exact bounded tail ends in compact B0,canonical_rom_sha256=F6A345E2F07F0CBC4EFF7D4FF06AE88A814A98FDF100C7BF7351168C73916A98;tools/python/catalog_map_transition_candidates.py;C4:8B3F;C4:8B6A;C4:8BE2
,,,,0xCF,11,0x77,vm_opcode_0x53_transition_wrapper_terminal,CD:9494,,pack=0xCF;record=11;entry=0x77,,0xDE,0x04,cfg_t48_l174_v2,174,48,2,,,,,,bounded substream tail; destination record0 entry 0x04 exists,strong_candidate,C4:8B3F opcode 0x53 wrapper calls C4:8B6A transition core; the core writes operand1 to $0305 and operand2 to $13B8/$13B9; exact bounded tail ends in compact B0,canonical_rom_sha256=F6A345E2F07F0CBC4EFF7D4FF06AE88A814A98FDF100C7BF7351168C73916A98;tools/python/catalog_map_transition_candidates.py;C4:8B3F;C4:8B6A;C4:8BE2
,,,,0xCF,12,0x77,vm_opcode_0x53_transition_wrapper_terminal,CD:94A1,,pack=0xCF;record=12;entry=0x77,,0xDE,0x05,cfg_t48_l174_v2,174,48,2,,,,,,bounded substream tail; destination record0 entry 0x05 exists,strong_candidate,C4:8B3F opcode 0x53 wrapper calls C4:8B6A transition core; the core writes operand1 to $0305 and operand2 to $13B8/$13B9; exact bounded tail ends in compact B0,canonical_rom_sha256=F6A345E2F07F0CBC4EFF7D4FF06AE88A814A98FDF100C7BF7351168C73916A98;tools/python/catalog_map_transition_candidates.py;C4:8B3F;C4:8B6A;C4:8BE2
,,,,0xCF,13,0x77,vm_opcode_0x53_transition_wrapper_terminal,CD:94AE,,pack=0xCF;record=13;entry=0x77,,0xDE,0x06,cfg_t48_l174_v2,174,48,2,,,,,,bounded substream tail; destination record0 entry 0x06 exists,strong_candidate,C4:8B3F opcode 0x53 wrapper calls C4:8B6A transition core; the core writes operand1 to $0305 and operand2 to $13B8/$13B9; exact bounded tail ends in compact B0,canonical_rom_sha256=F6A345E2F07F0CBC4EFF7D4FF06AE88A814A98FDF100C7BF7351168C73916A98;tools/python/catalog_map_transition_candidates.py;C4:8B3F;C4:8B6A;C4:8BE2
,,,,0xCF,14,0x77,vm_opcode_0x53_transition_wrapper_terminal,CD:94BB,,pack=0xCF;record=14;entry=0x77,,0xDE,0x07,cfg_t48_l174_v2,174,48,2,,,,,,bounded substream tail; destination record0 entry 0x07 exists,strong_candidate,C4:8B3F opcode 0x53 wrapper calls C4:8B6A transition core; the core writes operand1 to $0305 and operand2 to $13B8/$13B9; exact bounded tail ends in compact B0,canonical_rom_sha256=F6A345E2F07F0CBC4EFF7D4FF06AE88A814A98FDF100C7BF7351168C73916A98;tools/python/catalog_map_transition_candidates.py;C4:8B3F;C4:8B6A;C4:8BE2
,,,,0xCF,15,0x77,vm_opcode_0x53_transition_wrapper_terminal,CD:94C8,,pack=0xCF;record=15;entry=0x77,,0xDE,0x08,cfg_t48_l174_v2,174,48,2,,,,,,bounded substream tail; destination record0 entry 0x08 exists,strong_candidate,C4:8B3F opcode 0x53 wrapper calls C4:8B6A transition core; the core writes operand1 to $0305 and operand2 to $13B8/$13B9; exact bounded tail ends in compact B0,canonical_rom_sha256=F6A345E2F07F0CBC4EFF7D4FF06AE88A814A98FDF100C7BF7351168C73916A98;tools/python/catalog_map_transition_candidates.py;C4:8B3F;C4:8B6A;C4:8BE2
,,,,0xCF,16,0x77,vm_opcode_0x53_transition_wrapper_terminal,CD:94D5,,pack=0xCF;record=16;entry=0x77,,0xDE,0x09,cfg_t48_l174_v2,174,48,2,,,,,,bounded substream tail; destination record0 entry 0x09 exists,strong_candidate,C4:8B3F opcode 0x53 wrapper calls C4:8B6A transition core; the core writes operand1 to $0305 and operand2 to $13B8/$13B9; exact bounded tail ends in compact B0,canonical_rom_sha256=F6A345E2F07F0CBC4EFF7D4FF06AE88A814A98FDF100C7BF7351168C73916A98;tools/python/catalog_map_transition_candidates.py;C4:8B3F;C4:8B6A;C4:8BE2
,,,,0xCF,17,0x77,vm_opcode_0x53_transition_wrapper_terminal,CD:94E2,,pack=0xCF;record=17;entry=0x77,,0xDE,0x0A,cfg_t48_l174_v2,174,48,2,,,,,,bounded substream tail; destination record0 entry 0x0A exists,strong_candidate,C4:8B3F opcode 0x53 wrapper calls C4:8B6A transition core; the core writes operand1 to $0305 and operand2 to $13B8/$13B9; exact bounded tail ends in compact B0,canonical_rom_sha256=F6A345E2F07F0CBC4EFF7D4FF06AE88A814A98FDF100C7BF7351168C73916A98;tools/python/catalog_map_transition_candidates.py;C4:8B3F;C4:8B6A;C4:8BE2
,,,,0xCF,18,0x77,vm_opcode_0x53_transition_wrapper_terminal,CD:94F2,,pack=0xCF;record=18;entry=0x77,,0xDE,0x0B,cfg_t48_l174_v2,174,48,2,,,,,,bounded substream tail; destination record0 entry 0x0B exists,strong_candidate,C4:8B3F opcode 0x53 wrapper calls C4:8B6A transition core; the core writes operand1 to $0305 and operand2 to $13B8/$13B9; exact bounded tail ends in compact B0,canonical_rom_sha256=F6A345E2F07F0CBC4EFF7D4FF06AE88A814A98FDF100C7BF7351168C73916A98;tools/python/catalog_map_transition_candidates.py;C4:8B3F;C4:8B6A;C4:8BE2
,,,,0xCF,19,0x79,vm_opcode_0x53_transition_wrapper_terminal,CD:958A,,pack=0xCF;record=19;entry=0x79,,0xCE,0x07,,,,,16,19,16,19,CD:920F,bounded substream tail; destination record0 entry 0x07 exists; destination entry has aligned 0x58 coordinate setter at CD:920F,strong_candidate,C4:8B3F opcode 0x53 wrapper calls C4:8B6A transition core; the core writes operand1 to $0305 and operand2 to $13B8/$13B9; exact bounded tail ends in compact B0; C4:8BE2 opcode 0x58 writes destination coordinates,canonical_rom_sha256=F6A345E2F07F0CBC4EFF7D4FF06AE88A814A98FDF100C7BF7351168C73916A98;tools/python/catalog_map_transition_candidates.py;C4:8B3F;C4:8B6A;C4:8BE2
,,,,0xD0,1,0x77,vm_opcode_0x53_transition_wrapper_terminal,CD:9662,,pack=0xD0;record=1;entry=0x77,,0xD1,0x04,cfg_t54_l190_v2,190,54,2,87,11,87,11,CD:97AC,bounded substream tail; destination record0 entry 0x04 exists; destination entry has aligned 0x58 coordinate setter at CD:97AC,strong_candidate,C4:8B3F opcode 0x53 wrapper calls C4:8B6A transition core; the core writes operand1 to $0305 and operand2 to $13B8/$13B9; exact bounded tail ends in compact B0; C4:8BE2 opcode 0x58 writes destination coordinates,canonical_rom_sha256=F6A345E2F07F0CBC4EFF7D4FF06AE88A814A98FDF100C7BF7351168C73916A98;tools/python/catalog_map_transition_candidates.py;C4:8B3F;C4:8B6A;C4:8BE2
,,,,0xD0,2,0x77,vm_opcode_0x53_transition_wrapper_terminal,CD:9671,,pack=0xD0;record=2;entry=0x77,,0xD2,0x04,cfg_t54_l190_v2,190,54,2,88,26,88,26,CD:9958,bounded substream tail; destination record0 entry 0x04 exists; destination entry has aligned 0x58 coordinate setter at CD:9958,strong_candidate,C4:8B3F opcode 0x53 wrapper calls C4:8B6A transition core; the core writes operand1 to $0305 and operand2 to $13B8/$13B9; exact bounded tail ends in compact B0; C4:8BE2 opcode 0x58 writes destination coordinates,canonical_rom_sha256=F6A345E2F07F0CBC4EFF7D4FF06AE88A814A98FDF100C7BF7351168C73916A98;tools/python/catalog_map_transition_candidates.py;C4:8B3F;C4:8B6A;C4:8BE2
,,,,0xD0,3,0x77,vm_opcode_0x53_transition_wrapper_terminal,CD:967E,,pack=0xD0;record=3;entry=0x77,,0xD3,0x04,cfg_t54_l190_v2,190,54,2,72,27,72,27,CD:9A99,bounded substream tail; destination record0 entry 0x04 exists; destination entry has aligned 0x58 coordinate setter at CD:9A99,strong_candidate,C4:8B3F opcode 0x53 wrapper calls C4:8B6A transition core; the core writes operand1 to $0305 and operand2 to $13B8/$13B9; exact bounded tail ends in compact B0; C4:8BE2 opcode 0x58 writes destination coordinates,canonical_rom_sha256=F6A345E2F07F0CBC4EFF7D4FF06AE88A814A98FDF100C7BF7351168C73916A98;tools/python/catalog_map_transition_candidates.py;C4:8B3F;C4:8B6A;C4:8BE2
,,,,0xD0,4,0x77,vm_opcode_0x53_transition_wrapper_terminal,CD:968D,,pack=0xD0;record=4;entry=0x77,,0x39,0x04,cfg_t54_l190_v2,190,54,2,104,11,104,11,CB:E73A,bounded substream tail; destination record0 entry 0x04 exists; destination entry has aligned 0x58 coordinate setter at CB:E73A,strong_candidate,C4:8B3F opcode 0x53 wrapper calls C4:8B6A transition core; the core writes operand1 to $0305 and operand2 to $13B8/$13B9; exact bounded tail ends in compact B0; C4:8BE2 opcode 0x58 writes destination coordinates,canonical_rom_sha256=F6A345E2F07F0CBC4EFF7D4FF06AE88A814A98FDF100C7BF7351168C73916A98;tools/python/catalog_map_transition_candidates.py;C4:8B3F;C4:8B6A;C4:8BE2
,,,,0xD0,5,0x77,vm_opcode_0x53_transition_wrapper_terminal,CD:969C,,pack=0xD0;record=5;entry=0x77,,0x38,0x04,cfg_t54_l190_v2,190,54,2,103,27,103,27,CB:E634,bounded substream tail; destination record0 entry 0x04 exists; destination entry has aligned 0x58 coordinate setter at CB:E634,strong_candidate,C4:8B3F opcode 0x53 wrapper calls C4:8B6A transition core; the core writes operand1 to $0305 and operand2 to $13B8/$13B9; exact bounded tail ends in compact B0; C4:8BE2 opcode 0x58 writes destination coordinates,canonical_rom_sha256=F6A345E2F07F0CBC4EFF7D4FF06AE88A814A98FDF100C7BF7351168C73916A98;tools/python/catalog_map_transition_candidates.py;C4:8B3F;C4:8B6A;C4:8BE2
,,,,0xD0,6,0x77,vm_opcode_0x53_transition_wrapper_terminal,CD:96AB,,pack=0xD0;record=6;entry=0x77,,0x3A,0x04,cfg_t54_l190_v2,190,54,2,88,44,88,44,CB:E802,bounded substream tail; destination record0 entry 0x04 exists; destination entry has aligned 0x58 coordinate setter at CB:E802,strong_candidate,C4:8B3F opcode 0x53 wrapper calls C4:8B6A transition core; the core writes operand1 to $0305 and operand2 to $13B8/$13B9; exact bounded tail ends in compact B0; C4:8BE2 opcode 0x58 writes destination coordinates,canonical_rom_sha256=F6A345E2F07F0CBC4EFF7D4FF06AE88A814A98FDF100C7BF7351168C73916A98;tools/python/catalog_map_transition_candidates.py;C4:8B3F;C4:8B6A;C4:8BE2
,,,,0xD0,7,0x77,vm_opcode_0x53_transition_wrapper_terminal,CD:96B8,,pack=0xD0;record=7;entry=0x77,,0x3C,0x04,cfg_t54_l190_v2,190,54,2,71,44,71,44,CB:E96C,bounded substream tail; destination record0 entry 0x04 exists; destination entry has aligned 0x58 coordinate setter at CB:E96C,strong_candidate,C4:8B3F opcode 0x53 wrapper calls C4:8B6A transition core; the core writes operand1 to $0305 and operand2 to $13B8/$13B9; exact bounded tail ends in compact B0; C4:8BE2 opcode 0x58 writes destination coordinates,canonical_rom_sha256=F6A345E2F07F0CBC4EFF7D4FF06AE88A814A98FDF100C7BF7351168C73916A98;tools/python/catalog_map_transition_candidates.py;C4:8B3F;C4:8B6A;C4:8BE2
,,,,0xD5,2,0x77,vm_opcode_0x53_transition_wrapper_terminal,CD:9E97,,pack=0xD5;record=2;entry=0x77,,0xD1,0x02,cfg_t54_l190_v2,190,54,2,7,11,7,11,CD:977E,bounded substream tail; destination record0 entry 0x02 exists; destination entry has aligned 0x58 coordinate setter at CD:977E,strong_candidate,C4:8B3F opcode 0x53 wrapper calls C4:8B6A transition core; the core writes operand1 to $0305 and operand2 to $13B8/$13B9; exact bounded tail ends in compact B0; C4:8BE2 opcode 0x58 writes destination coordinates,canonical_rom_sha256=F6A345E2F07F0CBC4EFF7D4FF06AE88A814A98FDF100C7BF7351168C73916A98;tools/python/catalog_map_transition_candidates.py;C4:8B3F;C4:8B6A;C4:8BE2
,,,,0xD5,3,0x77,vm_opcode_0x53_transition_wrapper_terminal,CD:9EA6,,pack=0xD5;record=3;entry=0x77,,0xD2,0x02,cfg_t54_l190_v2,190,54,2,24,11,24,11,CD:992A,bounded substream tail; destination record0 entry 0x02 exists; destination entry has aligned 0x58 coordinate setter at CD:992A,strong_candidate,C4:8B3F opcode 0x53 wrapper calls C4:8B6A transition core; the core writes operand1 to $0305 and operand2 to $13B8/$13B9; exact bounded tail ends in compact B0; C4:8BE2 opcode 0x58 writes destination coordinates,canonical_rom_sha256=F6A345E2F07F0CBC4EFF7D4FF06AE88A814A98FDF100C7BF7351168C73916A98;tools/python/catalog_map_transition_candidates.py;C4:8B3F;C4:8B6A;C4:8BE2
,,,,0xD5,4,0x77,vm_opcode_0x53_transition_wrapper_terminal,CD:9EB5,,pack=0xD5;record=4;entry=0x77,,0xD3,0x02,cfg_t54_l190_v2,190,54,2,39,11,39,11,CD:9A6B,bounded substream tail; destination record0 entry 0x02 exists; destination entry has aligned 0x58 coordinate setter at CD:9A6B,strong_candidate,C4:8B3F opcode 0x53 wrapper calls C4:8B6A transition core; the core writes operand1 to $0305 and operand2 to $13B8/$13B9; exact bounded tail ends in compact B0; C4:8BE2 opcode 0x58 writes destination coordinates,canonical_rom_sha256=F6A345E2F07F0CBC4EFF7D4FF06AE88A814A98FDF100C7BF7351168C73916A98;tools/python/catalog_map_transition_candidates.py;C4:8B3F;C4:8B6A;C4:8BE2
,,,,0xD5,5,0x77,vm_opcode_0x53_transition_wrapper_terminal,CD:9EC4,,pack=0xD5;record=5;entry=0x77,,0x3A,0x02,cfg_t54_l190_v2,190,54,2,23,27,23,27,CB:E7D4,bounded substream tail; destination record0 entry 0x02 exists; destination entry has aligned 0x58 coordinate setter at CB:E7D4,strong_candidate,C4:8B3F opcode 0x53 wrapper calls C4:8B6A transition core; the core writes operand1 to $0305 and operand2 to $13B8/$13B9; exact bounded tail ends in compact B0; C4:8BE2 opcode 0x58 writes destination coordinates,canonical_rom_sha256=F6A345E2F07F0CBC4EFF7D4FF06AE88A814A98FDF100C7BF7351168C73916A98;tools/python/catalog_map_transition_candidates.py;C4:8B3F;C4:8B6A;C4:8BE2
,,,,0xD5,6,0x77,vm_opcode_0x53_transition_wrapper_terminal,CD:9ED3,,pack=0xD5;record=6;entry=0x77,,0x3B,0x02,cfg_t54_l190_v2,190,54,2,55,29,55,29,CB:E896,bounded substream tail; destination record0 entry 0x02 exists; destination entry has aligned 0x58 coordinate setter at CB:E896,strong_candidate,C4:8B3F opcode 0x53 wrapper calls C4:8B6A transition core; the core writes operand1 to $0305 and operand2 to $13B8/$13B9; exact bounded tail ends in compact B0; C4:8BE2 opcode 0x58 writes destination coordinates,canonical_rom_sha256=F6A345E2F07F0CBC4EFF7D4FF06AE88A814A98FDF100C7BF7351168C73916A98;tools/python/catalog_map_transition_candidates.py;C4:8B3F;C4:8B6A;C4:8BE2
,,,,0xD5,7,0x77,vm_opcode_0x53_transition_wrapper_terminal,CD:9EE2,,pack=0xD5;record=7;entry=0x77,,0x38,0x02,cfg_t54_l190_v2,190,54,2,39,27,39,27,CB:E606,bounded substream tail; destination record0 entry 0x02 exists; destination entry has aligned 0x58 coordinate setter at CB:E606,strong_candidate,C4:8B3F opcode 0x53 wrapper calls C4:8B6A transition core; the core writes operand1 to $0305 and operand2 to $13B8/$13B9; exact bounded tail ends in compact B0; C4:8BE2 opcode 0x58 writes destination coordinates,canonical_rom_sha256=F6A345E2F07F0CBC4EFF7D4FF06AE88A814A98FDF100C7BF7351168C73916A98;tools/python/catalog_map_transition_candidates.py;C4:8B3F;C4:8B6A;C4:8BE2
,,,,0xD5,8,0x77,vm_opcode_0x53_transition_wrapper_terminal,CD:9EF1,,pack=0xD5;record=8;entry=0x77,,0x39,0x02,cfg_t54_l190_v2,190,54,2,71,11,71,11,CB:E70C,bounded substream tail; destination record0 entry 0x02 exists; destination entry has aligned 0x58 coordinate setter at CB:E70C,strong_candidate,C4:8B3F opcode 0x53 wrapper calls C4:8B6A transition core; the core writes operand1 to $0305 and operand2 to $13B8/$13B9; exact bounded tail ends in compact B0; C4:8BE2 opcode 0x58 writes destination coordinates,canonical_rom_sha256=F6A345E2F07F0CBC4EFF7D4FF06AE88A814A98FDF100C7BF7351168C73916A98;tools/python/catalog_map_transition_candidates.py;C4:8B3F;C4:8B6A;C4:8BE2
,,,,0xD5,9,0x77,vm_opcode_0x53_transition_wrapper_terminal,CD:9F00,,pack=0xD5;record=9;entry=0x77,,0x3C,0x02,cfg_t54_l190_v2,190,54,2,8,29,8,29,CB:E93E,bounded substream tail; destination record0 entry 0x02 exists; destination entry has aligned 0x58 coordinate setter at CB:E93E,strong_candidate,C4:8B3F opcode 0x53 wrapper calls C4:8B6A transition core; the core writes operand1 to $0305 and operand2 to $13B8/$13B9; exact bounded tail ends in compact B0; C4:8BE2 opcode 0x58 writes destination coordinates,canonical_rom_sha256=F6A345E2F07F0CBC4EFF7D4FF06AE88A814A98FDF100C7BF7351168C73916A98;tools/python/catalog_map_transition_candidates.py;C4:8B3F;C4:8B6A;C4:8BE2
,,,,0xD5,10,0x77,vm_opcode_0x53_transition_wrapper_terminal,CD:9F0D,,pack=0xD5;record=10;entry=0x77,,0xD4,0x02,cfg_t54_l190_v2,190,54,2,55,11,55,11,CD:9C61,bounded substream tail; destination record0 entry 0x02 exists; destination entry has aligned 0x58 coordinate setter at CD:9C61,strong_candidate,C4:8B3F opcode 0x53 wrapper calls C4:8B6A transition core; the core writes operand1 to $0305 and operand2 to $13B8/$13B9; exact bounded tail ends in compact B0; C4:8BE2 opcode 0x58 writes destination coordinates,canonical_rom_sha256=F6A345E2F07F0CBC4EFF7D4FF06AE88A814A98FDF100C7BF7351168C73916A98;tools/python/catalog_map_transition_candidates.py;C4:8B3F;C4:8B6A;C4:8BE2
,,,,0xD7,1,0x77,vm_opcode_0x53_transition_wrapper_terminal,CD:A15D,,pack=0xD7;record=1;entry=0x77,,0xD1,0x03,cfg_t54_l190_v2,190,54,2,88,59,88,59,CD:9795,bounded substream tail; destination record0 entry 0x03 exists; destination entry has aligned 0x58 coordinate setter at CD:9795,strong_candidate,C4:8B3F opcode 0x53 wrapper calls C4:8B6A transition core; the core writes operand1 to $0305 and operand2 to $13B8/$13B9; exact bounded tail ends in compact B0; C4:8BE2 opcode 0x58 writes destination coordinates,canonical_rom_sha256=F6A345E2F07F0CBC4EFF7D4FF06AE88A814A98FDF100C7BF7351168C73916A98;tools/python/catalog_map_transition_candidates.py;C4:8B3F;C4:8B6A;C4:8BE2
,,,,0xD7,2,0x77,vm_opcode_0x53_transition_wrapper_terminal,CD:A16C,,pack=0xD7;record=2;entry=0x77,,0xD3,0x03,cfg_t54_l190_v2,190,54,2,103,43,103,43,CD:9A82,bounded substream tail; destination record0 entry 0x03 exists; destination entry has aligned 0x58 coordinate setter at CD:9A82,strong_candidate,C4:8B3F opcode 0x53 wrapper calls C4:8B6A transition core; the core writes operand1 to $0305 and operand2 to $13B8/$13B9; exact bounded tail ends in compact B0; C4:8BE2 opcode 0x58 writes destination coordinates,canonical_rom_sha256=F6A345E2F07F0CBC4EFF7D4FF06AE88A814A98FDF100C7BF7351168C73916A98;tools/python/catalog_map_transition_candidates.py;C4:8B3F;C4:8B6A;C4:8BE2
,,,,0xD7,3,0x77,vm_opcode_0x53_transition_wrapper_terminal,CD:A17B,,pack=0xD7;record=3;entry=0x77,,0x38,0x03,cfg_t54_l190_v2,190,54,2,103,61,103,61,CB:E61D,bounded substream tail; destination record0 entry 0x03 exists; destination entry has aligned 0x58 coordinate setter at CB:E61D,strong_candidate,C4:8B3F opcode 0x53 wrapper calls C4:8B6A transition core; the core writes operand1 to $0305 and operand2 to $13B8/$13B9; exact bounded tail ends in compact B0; C4:8BE2 opcode 0x58 writes destination coordinates,canonical_rom_sha256=F6A345E2F07F0CBC4EFF7D4FF06AE88A814A98FDF100C7BF7351168C73916A98;tools/python/catalog_map_transition_candidates.py;C4:8B3F;C4:8B6A;C4:8BE2
,,,,0xD7,4,0x77,vm_opcode_0x53_transition_wrapper_terminal,CD:A18A,,pack=0xD7;record=4;entry=0x77,,0x3C,0x03,cfg_t54_l190_v2,190,54,2,71,60,71,60,CB:E955,bounded substream tail; destination record0 entry 0x03 exists; destination entry has aligned 0x58 coordinate setter at CB:E955,strong_candidate,C4:8B3F opcode 0x53 wrapper calls C4:8B6A transition core; the core writes operand1 to $0305 and operand2 to $13B8/$13B9; exact bounded tail ends in compact B0; C4:8BE2 opcode 0x58 writes destination coordinates,canonical_rom_sha256=F6A345E2F07F0CBC4EFF7D4FF06AE88A814A98FDF100C7BF7351168C73916A98;tools/python/catalog_map_transition_candidates.py;C4:8B3F;C4:8B6A;C4:8BE2
,,,,0xD8,1,0x77,vm_opcode_0x53_transition_wrapper_terminal,CD:A3C9,,pack=0xD8;record=1;entry=0x77,,0xD1,0x05,cfg_t54_l190_v2,190,54,2,8,43,8,43,CD:97C3,bounded substream tail; destination record0 entry 0x05 exists; destination entry has aligned 0x58 coordinate setter at CD:97C3,strong_candidate,C4:8B3F opcode 0x53 wrapper calls C4:8B6A transition core; the core writes operand1 to $0305 and operand2 to $13B8/$13B9; exact bounded tail ends in compact B0; C4:8BE2 opcode 0x58 writes destination coordinates,canonical_rom_sha256=F6A345E2F07F0CBC4EFF7D4FF06AE88A814A98FDF100C7BF7351168C73916A98;tools/python/catalog_map_transition_candidates.py;C4:8B3F;C4:8B6A;C4:8BE2
,,,,0xD8,2,0x77,vm_opcode_0x53_transition_wrapper_terminal,CD:A3D8,,pack=0xD8;record=2;entry=0x77,,0xD2,0x05,cfg_t54_l190_v2,190,54,2,23,43,23,43,CD:996F,bounded substream tail; destination record0 entry 0x05 exists; destination entry has aligned 0x58 coordinate setter at CD:996F,strong_candidate,C4:8B3F opcode 0x53 wrapper calls C4:8B6A transition core; the core writes operand1 to $0305 and operand2 to $13B8/$13B9; exact bounded tail ends in compact B0; C4:8BE2 opcode 0x58 writes destination coordinates,canonical_rom_sha256=F6A345E2F07F0CBC4EFF7D4FF06AE88A814A98FDF100C7BF7351168C73916A98;tools/python/catalog_map_transition_candidates.py;C4:8B3F;C4:8B6A;C4:8BE2
,,,,0xD8,3,0x77,vm_opcode_0x53_transition_wrapper_terminal,CD:A3E7,,pack=0xD8;record=3;entry=0x77,,0xD3,0x05,cfg_t54_l190_v2,190,54,2,39,43,39,43,CD:9AB0,bounded substream tail; destination record0 entry 0x05 exists; destination entry has aligned 0x58 coordinate setter at CD:9AB0,strong_candidate,C4:8B3F opcode 0x53 wrapper calls C4:8B6A transition core; the core writes operand1 to $0305 and operand2 to $13B8/$13B9; exact bounded tail ends in compact B0; C4:8BE2 opcode 0x58 writes destination coordinates,canonical_rom_sha256=F6A345E2F07F0CBC4EFF7D4FF06AE88A814A98FDF100C7BF7351168C73916A98;tools/python/catalog_map_transition_candidates.py;C4:8B3F;C4:8B6A;C4:8BE2
,,,,0xD8,4,0x77,vm_opcode_0x53_transition_wrapper_terminal,CD:A3F6,,pack=0xD8;record=4;entry=0x77,,0x3A,0x05,cfg_t54_l190_v2,190,54,2,56,43,56,43,CB:E819,bounded substream tail; destination record0 entry 0x05 exists; destination entry has aligned 0x58 coordinate setter at CB:E819,strong_candidate,C4:8B3F opcode 0x53 wrapper calls C4:8B6A transition core; the core writes operand1 to $0305 and operand2 to $13B8/$13B9; exact bounded tail ends in compact B0; C4:8BE2 opcode 0x58 writes destination coordinates,canonical_rom_sha256=F6A345E2F07F0CBC4EFF7D4FF06AE88A814A98FDF100C7BF7351168C73916A98;tools/python/catalog_map_transition_candidates.py;C4:8B3F;C4:8B6A;C4:8BE2
,,,,0xD8,5,0x77,vm_opcode_0x53_transition_wrapper_terminal,CD:A405,,pack=0xD8;record=5;entry=0x77,,0x3B,0x05,cfg_t54_l190_v2,190,54,2,23,59,23,59,CB:E8DB,bounded substream tail; destination record0 entry 0x05 exists; destination entry has aligned 0x58 coordinate setter at CB:E8DB,strong_candidate,C4:8B3F opcode 0x53 wrapper calls C4:8B6A transition core; the core writes operand1 to $0305 and operand2 to $13B8/$13B9; exact bounded tail ends in compact B0; C4:8BE2 opcode 0x58 writes destination coordinates,canonical_rom_sha256=F6A345E2F07F0CBC4EFF7D4FF06AE88A814A98FDF100C7BF7351168C73916A98;tools/python/catalog_map_transition_candidates.py;C4:8B3F;C4:8B6A;C4:8BE2
,,,,0xD8,6,0x77,vm_opcode_0x53_transition_wrapper_terminal,CD:A414,,pack=0xD8;record=6;entry=0x77,,0x38,0x05,cfg_t54_l190_v2,190,54,2,47,59,47,59,CB:E64B,bounded substream tail; destination record0 entry 0x05 exists; destination entry has aligned 0x58 coordinate setter at CB:E64B,strong_candidate,C4:8B3F opcode 0x53 wrapper calls C4:8B6A transition core; the core writes operand1 to $0305 and operand2 to $13B8/$13B9; exact bounded tail ends in compact B0; C4:8BE2 opcode 0x58 writes destination coordinates,canonical_rom_sha256=F6A345E2F07F0CBC4EFF7D4FF06AE88A814A98FDF100C7BF7351168C73916A98;tools/python/catalog_map_transition_candidates.py;C4:8B3F;C4:8B6A;C4:8BE2
,,,,0xD8,7,0x77,vm_opcode_0x53_transition_wrapper_terminal,CD:A423,,pack=0xD8;record=7;entry=0x77,,0x3C,0x05,cfg_t54_l190_v2,190,54,2,7,60,7,60,CB:E983,bounded substream tail; destination record0 entry 0x05 exists; destination entry has aligned 0x58 coordinate setter at CB:E983,strong_candidate,C4:8B3F opcode 0x53 wrapper calls C4:8B6A transition core; the core writes operand1 to $0305 and operand2 to $13B8/$13B9; exact bounded tail ends in compact B0; C4:8BE2 opcode 0x58 writes destination coordinates,canonical_rom_sha256=F6A345E2F07F0CBC4EFF7D4FF06AE88A814A98FDF100C7BF7351168C73916A98;tools/python/catalog_map_transition_candidates.py;C4:8B3F;C4:8B6A;C4:8BE2
,,,,0xDF,1,0x77,vm_opcode_0x53_transition_wrapper_terminal,CD:B948,,pack=0xDF;record=1;entry=0x77,,0xE3,0x02,cfg_t58_l198_v1,198,58,1,13,10,13,10,CD:C7D6,bounded substream tail; destination record0 entry 0x02 exists; destination entry has aligned 0x58 coordinate setter at CD:C7D6,strong_candidate,C4:8B3F opcode 0x53 wrapper calls C4:8B6A transition core; the core writes operand1 to $0305 and operand2 to $13B8/$13B9; exact bounded tail ends in compact B0; C4:8BE2 opcode 0x58 writes destination coordinates,canonical_rom_sha256=F6A345E2F07F0CBC4EFF7D4FF06AE88A814A98FDF100C7BF7351168C73916A98;tools/python/catalog_map_transition_candidates.py;C4:8B3F;C4:8B6A;C4:8BE2
,,,,0xDF,2,0x77,vm_opcode_0x53_transition_wrapper_terminal,CD:B957,,pack=0xDF;record=2;entry=0x77,,0xEB,0x02,cfg_t46_l170_v2,170,46,2,103,20,103,20,CD:DEDA,bounded substream tail; destination record0 entry 0x02 exists; destination entry has aligned 0x58 coordinate setter at CD:DEDA,strong_candidate,C4:8B3F opcode 0x53 wrapper calls C4:8B6A transition core; the core writes operand1 to $0305 and operand2 to $13B8/$13B9; exact bounded tail ends in compact B0; C4:8BE2 opcode 0x58 writes destination coordinates,canonical_rom_sha256=F6A345E2F07F0CBC4EFF7D4FF06AE88A814A98FDF100C7BF7351168C73916A98;tools/python/catalog_map_transition_candidates.py;C4:8B3F;C4:8B6A;C4:8BE2
,,,,0xDF,3,0x77,vm_opcode_0x53_transition_wrapper_terminal,CD:B966,,pack=0xDF;record=3;entry=0x77,,0xEA,0x02,cfg_t38_l154_v2,154,38,2,14,25,14,25,CD:DE14,bounded substream tail; destination record0 entry 0x02 exists; destination entry has aligned 0x58 coordinate setter at CD:DE14,strong_candidate,C4:8B3F opcode 0x53 wrapper calls C4:8B6A transition core; the core writes operand1 to $0305 and operand2 to $13B8/$13B9; exact bounded tail ends in compact B0; C4:8BE2 opcode 0x58 writes destination coordinates,canonical_rom_sha256=F6A345E2F07F0CBC4EFF7D4FF06AE88A814A98FDF100C7BF7351168C73916A98;tools/python/catalog_map_transition_candidates.py;C4:8B3F;C4:8B6A;C4:8BE2
,,,,0xDF,4,0x77,vm_opcode_0x53_transition_wrapper_terminal,CD:B981,,pack=0xDF;record=4;entry=0x77,,0xE0,0x15,cfg_t55_l192_v2,192,55,2,23,70,23,70,CD:BB2B,bounded substream tail; destination record0 entry 0x15 exists; destination entry has aligned 0x58 coordinate setter at CD:BB2B,strong_candidate,C4:8B3F opcode 0x53 wrapper calls C4:8B6A transition core; the core writes operand1 to $0305 and operand2 to $13B8/$13B9; exact bounded tail ends in compact B0; C4:8BE2 opcode 0x58 writes destination coordinates,canonical_rom_sha256=F6A345E2F07F0CBC4EFF7D4FF06AE88A814A98FDF100C7BF7351168C73916A98;tools/python/catalog_map_transition_candidates.py;C4:8B3F;C4:8B6A;C4:8BE2
,,,,0xDF,4,0x25,vm_opcode_0x53_transition_wrapper_terminal,CD:B9A1,,pack=0xDF;record=4;entry=0x25,,0xE0,0x0A,cfg_t55_l192_v2,192,55,2,31,64,31,64,CD:BB0F,bounded substream tail; destination record0 entry 0x0A exists; destination entry has aligned 0x58 coordinate setter at CD:BB0F,strong_candidate,C4:8B3F opcode 0x53 wrapper calls C4:8B6A transition core; the core writes operand1 to $0305 and operand2 to $13B8/$13B9; exact bounded tail ends in compact B0; C4:8BE2 opcode 0x58 writes destination coordinates,canonical_rom_sha256=F6A345E2F07F0CBC4EFF7D4FF06AE88A814A98FDF100C7BF7351168C73916A98;tools/python/catalog_map_transition_candidates.py;C4:8B3F;C4:8B6A;C4:8BE2
,,,,0xDF,5,0x77,vm_opcode_0x53_transition_wrapper_terminal,CD:B9D4,,pack=0xDF;record=5;entry=0x77,,0xE9,0x02,cfg_t31_l142_v2,142,31,2,,,,,,bounded substream tail; destination record0 entry 0x02 exists,strong_candidate,C4:8B3F opcode 0x53 wrapper calls C4:8B6A transition core; the core writes operand1 to $0305 and operand2 to $13B8/$13B9; exact bounded tail ends in compact B0,canonical_rom_sha256=F6A345E2F07F0CBC4EFF7D4FF06AE88A814A98FDF100C7BF7351168C73916A98;tools/python/catalog_map_transition_candidates.py;C4:8B3F;C4:8B6A;C4:8BE2
,,,,0xDF,7,0x8E,vm_opcode_0x53_transition_wrapper_terminal,CD:BA2A,,pack=0xDF;record=7;entry=0x8E,,0x75,0x1E,cfg_t50_l178_v1,178,50,1,,,,,,bounded substream tail; destination record0 entry 0x1E exists,strong_candidate,C4:8B3F opcode 0x53 wrapper calls C4:8B6A transition core; the core writes operand1 to $0305 and operand2 to $13B8/$13B9; exact bounded tail ends in compact B0,canonical_rom_sha256=F6A345E2F07F0CBC4EFF7D4FF06AE88A814A98FDF100C7BF7351168C73916A98;tools/python/catalog_map_transition_candidates.py;C4:8B3F;C4:8B6A;C4:8BE2
,,,,0xE0,22,0x6C,vm_opcode_0x53_transition_wrapper_terminal,CD:BF3B,,pack=0xE0;record=22;entry=0x6C,,0xF0,0x07,cfg_t06_l037_v2,37,6,2,,,,,,bounded substream tail; destination pack-wide unique entry 0x07 exists in record 16,strong_candidate,C4:8B3F opcode 0x53 wrapper calls C4:8B6A transition core; the core writes operand1 to $0305 and operand2 to $13B8/$13B9; exact bounded tail ends in compact B0,canonical_rom_sha256=F6A345E2F07F0CBC4EFF7D4FF06AE88A814A98FDF100C7BF7351168C73916A98;tools/python/catalog_map_transition_candidates.py;C4:8B3F;C4:8B6A;C4:8BE2
,,,,0xEE,6,0x77,vm_opcode_0x53_transition_wrapper_terminal,CD:EBCC,,pack=0xEE;record=6;entry=0x77,,0xF5,0x02,cfg_t50_l178_v1,178,50,1,,,,,,bounded substream tail; destination record0 entry 0x02 exists,strong_candidate,C4:8B3F opcode 0x53 wrapper calls C4:8B6A transition core; the core writes operand1 to $0305 and operand2 to $13B8/$13B9; exact bounded tail ends in compact B0,canonical_rom_sha256=F6A345E2F07F0CBC4EFF7D4FF06AE88A814A98FDF100C7BF7351168C73916A98;tools/python/catalog_map_transition_candidates.py;C4:8B3F;C4:8B6A;C4:8BE2
,,,,0xEE,6,0x79,vm_opcode_0x53_transition_wrapper_terminal,CD:EBD5,,pack=0xEE;record=6;entry=0x79,,0xEE,0x0C,,,,,16,15,16,15,CD:EC2A,bounded substream tail; destination pack-wide unique entry 0x0C exists in record 8; destination entry has aligned 0x58 coordinate setter at CD:EC2A,strong_candidate,C4:8B3F opcode 0x53 wrapper calls C4:8B6A transition core; the core writes operand1 to $0305 and operand2 to $13B8/$13B9; exact bounded tail ends in compact B0; C4:8BE2 opcode 0x58 writes destination coordinates,canonical_rom_sha256=F6A345E2F07F0CBC4EFF7D4FF06AE88A814A98FDF100C7BF7351168C73916A98;tools/python/catalog_map_transition_candidates.py;C4:8B3F;C4:8B6A;C4:8BE2
,,,,0xF3,1,0x77,vm_opcode_0x53_transition_wrapper_terminal,CE:02B0,,pack=0xF3;record=1;entry=0x77,,0xF7,0x0C,,,,,9,12,9,12,CE:0F37,bounded substream tail; destination pack-wide unique entry 0x0C exists in record 17; destination entry has aligned 0x58 coordinate setter at CE:0F37,strong_candidate,C4:8B3F opcode 0x53 wrapper calls C4:8B6A transition core; the core writes operand1 to $0305 and operand2 to $13B8/$13B9; exact bounded tail ends in compact B0; C4:8BE2 opcode 0x58 writes destination coordinates,canonical_rom_sha256=F6A345E2F07F0CBC4EFF7D4FF06AE88A814A98FDF100C7BF7351168C73916A98;tools/python/catalog_map_transition_candidates.py;C4:8B3F;C4:8B6A;C4:8BE2
,,,,0xF3,2,0x77,vm_opcode_0x53_transition_wrapper_terminal,CE:02BD,,pack=0xF3;record=2;entry=0x77,,0xF7,0x0D,,,,,6,10,6,10,CE:0F66,bounded substream tail; destination pack-wide unique entry 0x0D exists in record 18; destination entry has aligned 0x58 coordinate setter at CE:0F66,strong_candidate,C4:8B3F opcode 0x53 wrapper calls C4:8B6A transition core; the core writes operand1 to $0305 and operand2 to $13B8/$13B9; exact bounded tail ends in compact B0; C4:8BE2 opcode 0x58 writes destination coordinates,canonical_rom_sha256=F6A345E2F07F0CBC4EFF7D4FF06AE88A814A98FDF100C7BF7351168C73916A98;tools/python/catalog_map_transition_candidates.py;C4:8B3F;C4:8B6A;C4:8BE2
,,,,0xF3,3,0x77,vm_opcode_0x53_transition_wrapper_terminal,CE:02CA,,pack=0xF3;record=3;entry=0x77,,0xF7,0x0E,,,,,3,14,3,14,CE:0F92,bounded substream tail; destination pack-wide unique entry 0x0E exists in record 19; destination entry has aligned 0x58 coordinate setter at CE:0F92,strong_candidate,C4:8B3F opcode 0x53 wrapper calls C4:8B6A transition core; the core writes operand1 to $0305 and operand2 to $13B8/$13B9; exact bounded tail ends in compact B0; C4:8BE2 opcode 0x58 writes destination coordinates,canonical_rom_sha256=F6A345E2F07F0CBC4EFF7D4FF06AE88A814A98FDF100C7BF7351168C73916A98;tools/python/catalog_map_transition_candidates.py;C4:8B3F;C4:8B6A;C4:8BE2
,,,,0xF3,4,0x77,vm_opcode_0x53_transition_wrapper_terminal,CE:02D7,,pack=0xF3;record=4;entry=0x77,,0xF7,0x0F,,,,,5,10,5,10,CE:0FE4,bounded substream tail; destination pack-wide unique entry 0x0F exists in record 23; destination entry has aligned 0x58 coordinate setter at CE:0FE4,strong_candidate,C4:8B3F opcode 0x53 wrapper calls C4:8B6A transition core; the core writes operand1 to $0305 and operand2 to $13B8/$13B9; exact bounded tail ends in compact B0; C4:8BE2 opcode 0x58 writes destination coordinates,canonical_rom_sha256=F6A345E2F07F0CBC4EFF7D4FF06AE88A814A98FDF100C7BF7351168C73916A98;tools/python/catalog_map_transition_candidates.py;C4:8B3F;C4:8B6A;C4:8BE2
,,,,0xF3,5,0x77,vm_opcode_0x53_transition_wrapper_terminal,CE:02E4,,pack=0xF3;record=5;entry=0x77,,0xF7,0x10,,,,,5,10,5,10,CE:1009,bounded substream tail; destination pack-wide unique entry 0x10 exists in record 24; destination entry has aligned 0x58 coordinate setter at CE:1009,strong_candidate,C4:8B3F opcode 0x53 wrapper calls C4:8B6A transition core; the core writes operand1 to $0305 and operand2 to $13B8/$13B9; exact bounded tail ends in compact B0; C4:8BE2 opcode 0x58 writes destination coordinates,canonical_rom_sha256=F6A345E2F07F0CBC4EFF7D4FF06AE88A814A98FDF100C7BF7351168C73916A98;tools/python/catalog_map_transition_candidates.py;C4:8B3F;C4:8B6A;C4:8BE2
,,,,0xF3,6,0x77,vm_opcode_0x53_transition_wrapper_terminal,CE:02F1,,pack=0xF3;record=6;entry=0x77,,0xF7,0x11,,,,,7,11,7,11,CE:1038,bounded substream tail; destination pack-wide unique entry 0x11 exists in record 25; destination entry has aligned 0x58 coordinate setter at CE:1038,strong_candidate,C4:8B3F opcode 0x53 wrapper calls C4:8B6A transition core; the core writes operand1 to $0305 and operand2 to $13B8/$13B9; exact bounded tail ends in compact B0; C4:8BE2 opcode 0x58 writes destination coordinates,canonical_rom_sha256=F6A345E2F07F0CBC4EFF7D4FF06AE88A814A98FDF100C7BF7351168C73916A98;tools/python/catalog_map_transition_candidates.py;C4:8B3F;C4:8B6A;C4:8BE2
,,,,0xF3,7,0x77,vm_opcode_0x53_transition_wrapper_terminal,CE:02FE,,pack=0xF3;record=7;entry=0x77,,0xF7,0x12,,,,,6,10,6,10,CE:1067,bounded substream tail; destination pack-wide unique entry 0x12 exists in record 26; destination entry has aligned 0x58 coordinate setter at CE:1067,strong_candidate,C4:8B3F opcode 0x53 wrapper calls C4:8B6A transition core; the core writes operand1 to $0305 and operand2 to $13B8/$13B9; exact bounded tail ends in compact B0; C4:8BE2 opcode 0x58 writes destination coordinates,canonical_rom_sha256=F6A345E2F07F0CBC4EFF7D4FF06AE88A814A98FDF100C7BF7351168C73916A98;tools/python/catalog_map_transition_candidates.py;C4:8B3F;C4:8B6A;C4:8BE2
,,,,0xF3,8,0x77,vm_opcode_0x53_transition_wrapper_terminal,CE:030B,,pack=0xF3;record=8;entry=0x77,,0xF7,0x13,,,,,6,10,6,10,CE:10A2,bounded substream tail; destination pack-wide unique entry 0x13 exists in record 28; destination entry has aligned 0x58 coordinate setter at CE:10A2,strong_candidate,C4:8B3F opcode 0x53 wrapper calls C4:8B6A transition core; the core writes operand1 to $0305 and operand2 to $13B8/$13B9; exact bounded tail ends in compact B0; C4:8BE2 opcode 0x58 writes destination coordinates,canonical_rom_sha256=F6A345E2F07F0CBC4EFF7D4FF06AE88A814A98FDF100C7BF7351168C73916A98;tools/python/catalog_map_transition_candidates.py;C4:8B3F;C4:8B6A;C4:8BE2
,,,,0xF3,9,0x77,vm_opcode_0x53_transition_wrapper_terminal,CE:0318,,pack=0xF3;record=9;entry=0x77,,0xF7,0x14,,,,,6,10,6,10,CE:10CB,bounded substream tail; destination pack-wide unique entry 0x14 exists in record 29; destination entry has aligned 0x58 coordinate setter at CE:10CB,strong_candidate,C4:8B3F opcode 0x53 wrapper calls C4:8B6A transition core; the core writes operand1 to $0305 and operand2 to $13B8/$13B9; exact bounded tail ends in compact B0; C4:8BE2 opcode 0x58 writes destination coordinates,canonical_rom_sha256=F6A345E2F07F0CBC4EFF7D4FF06AE88A814A98FDF100C7BF7351168C73916A98;tools/python/catalog_map_transition_candidates.py;C4:8B3F;C4:8B6A;C4:8BE2
,,,,0xF3,10,0x77,vm_opcode_0x53_transition_wrapper_terminal,CE:0327,,pack=0xF3;record=10;entry=0x77,,0xF6,0x02,,,,,16,21,16,21,CE:0BE3,bounded substream tail; destination record0 entry 0x02 exists; destination entry has aligned 0x58 coordinate setter at CE:0BE3,strong_candidate,C4:8B3F opcode 0x53 wrapper calls C4:8B6A transition core; the core writes operand1 to $0305 and operand2 to $13B8/$13B9; exact bounded tail ends in compact B0; C4:8BE2 opcode 0x58 writes destination coordinates,canonical_rom_sha256=F6A345E2F07F0CBC4EFF7D4FF06AE88A814A98FDF100C7BF7351168C73916A98;tools/python/catalog_map_transition_candidates.py;C4:8B3F;C4:8B6A;C4:8BE2
,,,,0xF4,1,0x77,vm_opcode_0x53_transition_wrapper_terminal,CE:0452,,pack=0xF4;record=1;entry=0x77,,0xF7,0x02,,,,,5,10,5,10,CE:0D9B,bounded substream tail; destination pack-wide unique entry 0x02 exists in record 1; destination entry has aligned 0x58 coordinate setter at CE:0D9B,strong_candidate,C4:8B3F opcode 0x53 wrapper calls C4:8B6A transition core; the core writes operand1 to $0305 and operand2 to $13B8/$13B9; exact bounded tail ends in compact B0; C4:8BE2 opcode 0x58 writes destination coordinates,canonical_rom_sha256=F6A345E2F07F0CBC4EFF7D4FF06AE88A814A98FDF100C7BF7351168C73916A98;tools/python/catalog_map_transition_candidates.py;C4:8B3F;C4:8B6A;C4:8BE2
,,,,0xF4,2,0x77,vm_opcode_0x53_transition_wrapper_terminal,CE:045F,,pack=0xF4;record=2;entry=0x77,,0xF7,0x03,,,,,4,10,4,10,CE:0DFE,bounded substream tail; destination pack-wide unique entry 0x03 exists in record 6; destination entry has aligned 0x58 coordinate setter at CE:0DFE,strong_candidate,C4:8B3F opcode 0x53 wrapper calls C4:8B6A transition core; the core writes operand1 to $0305 and operand2 to $13B8/$13B9; exact bounded tail ends in compact B0; C4:8BE2 opcode 0x58 writes destination coordinates,canonical_rom_sha256=F6A345E2F07F0CBC4EFF7D4FF06AE88A814A98FDF100C7BF7351168C73916A98;tools/python/catalog_map_transition_candidates.py;C4:8B3F;C4:8B6A;C4:8BE2
,,,,0xF4,3,0x77,vm_opcode_0x53_transition_wrapper_terminal,CE:046C,,pack=0xF4;record=3;entry=0x77,,0xF7,0x04,,,,,4,8,4,8,CE:0E69,bounded substream tail; destination pack-wide unique entry 0x04 exists in record 11; destination entry has aligned 0x58 coordinate setter at CE:0E69,strong_candidate,C4:8B3F opcode 0x53 wrapper calls C4:8B6A transition core; the core writes operand1 to $0305 and operand2 to $13B8/$13B9; exact bounded tail ends in compact B0; C4:8BE2 opcode 0x58 writes destination coordinates,canonical_rom_sha256=F6A345E2F07F0CBC4EFF7D4FF06AE88A814A98FDF100C7BF7351168C73916A98;tools/python/catalog_map_transition_candidates.py;C4:8B3F;C4:8B6A;C4:8BE2
,,,,0xF4,4,0x77,vm_opcode_0x53_transition_wrapper_terminal,CE:0479,,pack=0xF4;record=4;entry=0x77,,0xF7,0x05,,,,,4,10,4,10,CE:0E98,bounded substream tail; destination pack-wide unique entry 0x05 exists in record 12; destination entry has aligned 0x58 coordinate setter at CE:0E98,strong_candidate,C4:8B3F opcode 0x53 wrapper calls C4:8B6A transition core; the core writes operand1 to $0305 and operand2 to $13B8/$13B9; exact bounded tail ends in compact B0; C4:8BE2 opcode 0x58 writes destination coordinates,canonical_rom_sha256=F6A345E2F07F0CBC4EFF7D4FF06AE88A814A98FDF100C7BF7351168C73916A98;tools/python/catalog_map_transition_candidates.py;C4:8B3F;C4:8B6A;C4:8BE2
,,,,0xF4,5,0x77,vm_opcode_0x53_transition_wrapper_terminal,CE:0486,,pack=0xF4;record=5;entry=0x77,,0xF7,0x06,,,,,4,8,4,8,CE:0EC1,bounded substream tail; destination pack-wide unique entry 0x06 exists in record 13; destination entry has aligned 0x58 coordinate setter at CE:0EC1,strong_candidate,C4:8B3F opcode 0x53 wrapper calls C4:8B6A transition core; the core writes operand1 to $0305 and operand2 to $13B8/$13B9; exact bounded tail ends in compact B0; C4:8BE2 opcode 0x58 writes destination coordinates,canonical_rom_sha256=F6A345E2F07F0CBC4EFF7D4FF06AE88A814A98FDF100C7BF7351168C73916A98;tools/python/catalog_map_transition_candidates.py;C4:8B3F;C4:8B6A;C4:8BE2
,,,,0xF4,6,0x77,vm_opcode_0x53_transition_wrapper_terminal,CE:0493,,pack=0xF4;record=6;entry=0x77,,0xF7,0x07,,,,,5,10,5,10,CE:0F08,bounded substream tail; destination pack-wide unique entry 0x07 exists in record 16; destination entry has aligned 0x58 coordinate setter at CE:0F08,strong_candidate,C4:8B3F opcode 0x53 wrapper calls C4:8B6A transition core; the core writes operand1 to $0305 and operand2 to $13B8/$13B9; exact bounded tail ends in compact B0; C4:8BE2 opcode 0x58 writes destination coordinates,canonical_rom_sha256=F6A345E2F07F0CBC4EFF7D4FF06AE88A814A98FDF100C7BF7351168C73916A98;tools/python/catalog_map_transition_candidates.py;C4:8B3F;C4:8B6A;C4:8BE2
,,,,0xF6,1,0x79,vm_opcode_0x53_transition_wrapper_terminal,CE:0C08,,pack=0xF6;record=1;entry=0x79,,0xF6,0x03,,,,,22,40,22,40,CE:0BE9,bounded substream tail; destination record0 entry 0x03 exists; destination entry has aligned 0x58 coordinate setter at CE:0BE9,strong_candidate,C4:8B3F opcode 0x53 wrapper calls C4:8B6A transition core; the core writes operand1 to $0305 and operand2 to $13B8/$13B9; exact bounded tail ends in compact B0; C4:8BE2 opcode 0x58 writes destination coordinates,canonical_rom_sha256=F6A345E2F07F0CBC4EFF7D4FF06AE88A814A98FDF100C7BF7351168C73916A98;tools/python/catalog_map_transition_candidates.py;C4:8B3F;C4:8B6A;C4:8BE2
,,,,0xF8,1,0x7C,vm_opcode_0x53_transition_wrapper_terminal,CE:11A6,,pack=0xF8;record=1;entry=0x7C,,0x25,0x02,,,,,0,0,0,0,CB:D4E1,bounded substream tail; destination record0 entry 0x02 exists; destination entry has aligned 0x58 coordinate setter at CB:D4E1,strong_candidate,C4:8B3F opcode 0x53 wrapper calls C4:8B6A transition core; the core writes operand1 to $0305 and operand2 to $13B8/$13B9; exact bounded tail ends in compact B0; C4:8BE2 opcode 0x58 writes destination coordinates,canonical_rom_sha256=F6A345E2F07F0CBC4EFF7D4FF06AE88A814A98FDF100C7BF7351168C73916A98;tools/python/catalog_map_transition_candidates.py;C4:8B3F;C4:8B6A;C4:8BE2
,,,,0xF9,3,0x7C,vm_opcode_0x53_transition_wrapper_terminal,CE:1252,FF9-L003,pack=0xF9;record=3;entry=0x7C,,0x41,0x02,cfg_t07_l050_v2,50,7,2,5,14,5,14,CB:F109,bounded substream tail; destination record0 entry 0x02 exists; destination entry has aligned 0x58 coordinate setter at CB:F109,strong_candidate,C4:8B3F opcode 0x53 wrapper calls C4:8B6A transition core; the core writes operand1 to $0305 and operand2 to $13B8/$13B9; exact bounded tail ends in compact B0; C4:8BE2 opcode 0x58 writes destination coordinates,canonical_rom_sha256=F6A345E2F07F0CBC4EFF7D4FF06AE88A814A98FDF100C7BF7351168C73916A98;tools/python/catalog_map_transition_candidates.py;C4:8B3F;C4:8B6A;C4:8BE2;data/events/event_record_frame_catalog.csv;data/events/event_source_crosslink.csv
,,,,0xF9,6,0x7C,vm_opcode_0x53_transition_wrapper_terminal,CE:12B4,FF9-L006,pack=0xF9;record=6;entry=0x7C,,0xCF,0x02,,,,,126,63,126,63,CD:930D,bounded substream tail; destination record0 entry 0x02 exists; destination entry has aligned 0x58 coordinate setter at CD:930D,strong_candidate,C4:8B3F opcode 0x53 wrapper calls C4:8B6A transition core; the core writes operand1 to $0305 and operand2 to $13B8/$13B9; exact bounded tail ends in compact B0; C4:8BE2 opcode 0x58 writes destination coordinates,canonical_rom_sha256=F6A345E2F07F0CBC4EFF7D4FF06AE88A814A98FDF100C7BF7351168C73916A98;tools/python/catalog_map_transition_candidates.py;C4:8B3F;C4:8B6A;C4:8BE2;data/events/event_record_frame_catalog.csv;data/events/event_source_crosslink.csv
,,,,0xF9,7,0x7C,vm_opcode_0x53_transition_wrapper_terminal,CE:12CE,FF9-L007,pack=0xF9;record=7;entry=0x7C,,0xDF,0x1F,cfg_t03_l005_v1,5,3,1,,,,,,bounded substream tail; destination record0 entry 0x1F exists,strong_candidate,C4:8B3F opcode 0x53 wrapper calls C4:8B6A transition core; the core writes operand1 to $0305 and operand2 to $13B8/$13B9; exact bounded tail ends in compact B0,canonical_rom_sha256=F6A345E2F07F0CBC4EFF7D4FF06AE88A814A98FDF100C7BF7351168C73916A98;tools/python/catalog_map_transition_candidates.py;C4:8B3F;C4:8B6A;C4:8BE2;data/events/event_record_frame_catalog.csv;data/events/event_source_crosslink.csv
,,,,0x41,10,0x6C,vm_opcode_0x53_nonterminal_shape,CB:F23D,F41-L006,pack=0x41;record=10;entry=0x6C,0x06->C8:81CA;0x07->C8:81D5;0x0E->C8:8239;0x0F->C8:823A;0x11->C8:8279,0x1E,0x1F,,,,,0,0,0,0,CB:C51F,source opcode boundary proven reachable by fail-closed CFG; destination record0 entry exists and has aligned 0x58 setter,strong_candidate,raw 0x53 shape inside bounded VM substream; C4:8B3F is the transition wrapper for C4:8B6A; destination entry independently has aligned 0x58 coordinates; source opcode boundary proven reachable by fail-closed CFG,canonical_rom_sha256=F6A345E2F07F0CBC4EFF7D4FF06AE88A814A98FDF100C7BF7351168C73916A98;tools/python/catalog_map_transition_candidates.py;C4:8B3F;C4:8B6A;C4:8BE2;data/events/event_record_frame_catalog.csv;data/events/event_source_crosslink.csv
,,,,0x4C,31,0x77,vm_opcode_0x53_nonterminal_shape,CC:0D32,,pack=0x4C;record=31;entry=0x77,,0x6F,0x02,cfg_t04_l045_v2,45,4,2,45,94,45,94,CC:66F2,source opcode boundary proven reachable by fail-closed CFG; destination record0 entry exists and has aligned 0x58 setter,strong_candidate,raw 0x53 shape inside bounded VM substream; C4:8B3F is the transition wrapper for C4:8B6A; destination entry independently has aligned 0x58 coordinates; source opcode boundary proven reachable by fail-closed CFG,canonical_rom_sha256=F6A345E2F07F0CBC4EFF7D4FF06AE88A814A98FDF100C7BF7351168C73916A98;tools/python/catalog_map_transition_candidates.py;C4:8B3F;C4:8B6A;C4:8BE2
,,,,0x4C,34,0x77,vm_opcode_0x53_nonterminal_shape,CC:0D64,,pack=0x4C;record=34;entry=0x77,,0x86,0x03,cfg_t43_l165_v2,165,43,2,23,9,23,9,CC:BE22,source opcode boundary proven reachable by fail-closed CFG; destination record0 entry exists and has aligned 0x58 setter,strong_candidate,raw 0x53 shape inside bounded VM substream; C4:8B3F is the transition wrapper for C4:8B6A; destination entry independently has aligned 0x58 coordinates; source opcode boundary proven reachable by fail-closed CFG,canonical_rom_sha256=F6A345E2F07F0CBC4EFF7D4FF06AE88A814A98FDF100C7BF7351168C73916A98;tools/python/catalog_map_transition_candidates.py;C4:8B3F;C4:8B6A;C4:8BE2
,,,,0x4C,43,0x79,vm_opcode_0x53_nonterminal_shape,CC:0DF0,,pack=0x4C;record=43;entry=0x79,,0x77,0x02,cfg_t28_l136_v2,136,28,2,37,9,37,9,CC:91C1,source opcode boundary proven reachable by fail-closed CFG; destination record0 entry exists and has aligned 0x58 setter,strong_candidate,raw 0x53 shape inside bounded VM substream; C4:8B3F is the transition wrapper for C4:8B6A; destination entry independently has aligned 0x58 coordinates; source opcode boundary proven reachable by fail-closed CFG,canonical_rom_sha256=F6A345E2F07F0CBC4EFF7D4FF06AE88A814A98FDF100C7BF7351168C73916A98;tools/python/catalog_map_transition_candidates.py;C4:8B3F;C4:8B6A;C4:8BE2
,,,,0x4C,60,0x77,vm_opcode_0x53_nonterminal_shape,CC:0FC3,,pack=0x4C;record=60;entry=0x77,,0xCA,0x02,cfg_t04_l028_v2,28,4,2,16,24,16,24,CD:8DF2,source opcode boundary proven reachable by fail-closed CFG; destination record0 entry exists and has aligned 0x58 setter,strong_candidate,raw 0x53 shape inside bounded VM substream; C4:8B3F is the transition wrapper for C4:8B6A; destination entry independently has aligned 0x58 coordinates; source opcode boundary proven reachable by fail-closed CFG,canonical_rom_sha256=F6A345E2F07F0CBC4EFF7D4FF06AE88A814A98FDF100C7BF7351168C73916A98;tools/python/catalog_map_transition_candidates.py;C4:8B3F;C4:8B6A;C4:8BE2
,,,,0x4C,60,0x77,vm_opcode_0x53_nonterminal_shape,CC:0FCB,,pack=0x4C;record=60;entry=0x77,,0xCA,0x03,cfg_t04_l028_v2,28,4,2,16,24,16,24,CD:8E00,source opcode boundary proven reachable by fail-closed CFG; destination record0 entry exists and has aligned 0x58 setter,strong_candidate,raw 0x53 shape inside bounded VM substream; C4:8B3F is the transition wrapper for C4:8B6A; destination entry independently has aligned 0x58 coordinates; source opcode boundary proven reachable by fail-closed CFG,canonical_rom_sha256=F6A345E2F07F0CBC4EFF7D4FF06AE88A814A98FDF100C7BF7351168C73916A98;tools/python/catalog_map_transition_candidates.py;C4:8B3F;C4:8B6A;C4:8BE2
,,,,0x4C,61,0x77,vm_opcode_0x53_nonterminal_shape,CC:0FE0,,pack=0x4C;record=61;entry=0x77,,0xCE,0x02,,,,,22,28,22,28,CD:91D8,source opcode boundary proven reachable by fail-closed CFG; destination record0 entry exists and has aligned 0x58 setter,strong_candidate,raw 0x53 shape inside bounded VM substream; C4:8B3F is the transition wrapper for C4:8B6A; destination entry independently has aligned 0x58 coordinates; source opcode boundary proven reachable by fail-closed CFG,canonical_rom_sha256=F6A345E2F07F0CBC4EFF7D4FF06AE88A814A98FDF100C7BF7351168C73916A98;tools/python/catalog_map_transition_candidates.py;C4:8B3F;C4:8B6A;C4:8BE2
,,,,0x4C,61,0x77,vm_opcode_0x53_nonterminal_shape,CC:0FE8,,pack=0x4C;record=61;entry=0x77,,0xCE,0x02,,,,,22,28,22,28,CD:91D8,source opcode boundary proven reachable by fail-closed CFG; destination record0 entry exists and has aligned 0x58 setter,strong_candidate,raw 0x53 shape inside bounded VM substream; C4:8B3F is the transition wrapper for C4:8B6A; destination entry independently has aligned 0x58 coordinates; source opcode boundary proven reachable by fail-closed CFG,canonical_rom_sha256=F6A345E2F07F0CBC4EFF7D4FF06AE88A814A98FDF100C7BF7351168C73916A98;tools/python/catalog_map_transition_candidates.py;C4:8B3F;C4:8B6A;C4:8BE2
,,,,0x4C,61,0x77,vm_opcode_0x53_nonterminal_shape,CC:0FF0,,pack=0x4C;record=61;entry=0x77,,0xCE,0x05,,,,,22,28,22,28,CD:91F9,source opcode boundary proven reachable by fail-closed CFG; destination record0 entry exists and has aligned 0x58 setter,strong_candidate,raw 0x53 shape inside bounded VM substream; C4:8B3F is the transition wrapper for C4:8B6A; destination entry independently has aligned 0x58 coordinates; source opcode boundary proven reachable by fail-closed CFG,canonical_rom_sha256=F6A345E2F07F0CBC4EFF7D4FF06AE88A814A98FDF100C7BF7351168C73916A98;tools/python/catalog_map_transition_candidates.py;C4:8B3F;C4:8B6A;C4:8BE2
,,,,0x4C,61,0x77,vm_opcode_0x53_nonterminal_shape,CC:0FF8,,pack=0x4C;record=61;entry=0x77,,0xCE,0x05,,,,,22,28,22,28,CD:91F9,source opcode boundary proven reachable by fail-closed CFG; destination record0 entry exists and has aligned 0x58 setter,strong_candidate,raw 0x53 shape inside bounded VM substream; C4:8B3F is the transition wrapper for C4:8B6A; destination entry independently has aligned 0x58 coordinates; source opcode boundary proven reachable by fail-closed CFG,canonical_rom_sha256=F6A345E2F07F0CBC4EFF7D4FF06AE88A814A98FDF100C7BF7351168C73916A98;tools/python/catalog_map_transition_candidates.py;C4:8B3F;C4:8B6A;C4:8BE2
,,,,0x4C,61,0x77,vm_opcode_0x53_nonterminal_shape,CC:1000,,pack=0x4C;record=61;entry=0x77,,0xCE,0x02,,,,,22,28,22,28,CD:91D8,source opcode boundary proven reachable by fail-closed CFG; destination record0 entry exists and has aligned 0x58 setter,strong_candidate,raw 0x53 shape inside bounded VM substream; C4:8B3F is the transition wrapper for C4:8B6A; destination entry independently has aligned 0x58 coordinates; source opcode boundary proven reachable by fail-closed CFG,canonical_rom_sha256=F6A345E2F07F0CBC4EFF7D4FF06AE88A814A98FDF100C7BF7351168C73916A98;tools/python/catalog_map_transition_candidates.py;C4:8B3F;C4:8B6A;C4:8BE2
,,,,0x4C,61,0x77,vm_opcode_0x53_nonterminal_shape,CC:1008,,pack=0x4C;record=61;entry=0x77,,0xCE,0x02,,,,,22,28,22,28,CD:91D8,source opcode boundary proven reachable by fail-closed CFG; destination record0 entry exists and has aligned 0x58 setter,strong_candidate,raw 0x53 shape inside bounded VM substream; C4:8B3F is the transition wrapper for C4:8B6A; destination entry independently has aligned 0x58 coordinates; source opcode boundary proven reachable by fail-closed CFG,canonical_rom_sha256=F6A345E2F07F0CBC4EFF7D4FF06AE88A814A98FDF100C7BF7351168C73916A98;tools/python/catalog_map_transition_candidates.py;C4:8B3F;C4:8B6A;C4:8BE2
,,,,0x4C,61,0x77,vm_opcode_0x53_nonterminal_shape,CC:1010,,pack=0x4C;record=61;entry=0x77,,0xCE,0x05,,,,,22,28,22,28,CD:91F9,source opcode boundary proven reachable by fail-closed CFG; destination record0 entry exists and has aligned 0x58 setter,strong_candidate,raw 0x53 shape inside bounded VM substream; C4:8B3F is the transition wrapper for C4:8B6A; destination entry independently has aligned 0x58 coordinates; source opcode boundary proven reachable by fail-closed CFG,canonical_rom_sha256=F6A345E2F07F0CBC4EFF7D4FF06AE88A814A98FDF100C7BF7351168C73916A98;tools/python/catalog_map_transition_candidates.py;C4:8B3F;C4:8B6A;C4:8BE2
,,,,0x4C,61,0x77,vm_opcode_0x53_nonterminal_shape,CC:1018,,pack=0x4C;record=61;entry=0x77,,0xCE,0x05,,,,,22,28,22,28,CD:91F9,source opcode boundary proven reachable by fail-closed CFG; destination record0 entry exists and has aligned 0x58 setter,strong_candidate,raw 0x53 shape inside bounded VM substream; C4:8B3F is the transition wrapper for C4:8B6A; destination entry independently has aligned 0x58 coordinates; source opcode boundary proven reachable by fail-closed CFG,canonical_rom_sha256=F6A345E2F07F0CBC4EFF7D4FF06AE88A814A98FDF100C7BF7351168C73916A98;tools/python/catalog_map_transition_candidates.py;C4:8B3F;C4:8B6A;C4:8BE2
,,,,0x4C,61,0x77,vm_opcode_0x53_nonterminal_shape,CC:1020,,pack=0x4C;record=61;entry=0x77,,0xCE,0x03,,,,,22,28,22,28,CD:91E3,source opcode boundary proven reachable by fail-closed CFG; destination record0 entry exists and has aligned 0x58 setter,strong_candidate,raw 0x53 shape inside bounded VM substream; C4:8B3F is the transition wrapper for C4:8B6A; destination entry independently has aligned 0x58 coordinates; source opcode boundary proven reachable by fail-closed CFG,canonical_rom_sha256=F6A345E2F07F0CBC4EFF7D4FF06AE88A814A98FDF100C7BF7351168C73916A98;tools/python/catalog_map_transition_candidates.py;C4:8B3F;C4:8B6A;C4:8BE2
,,,,0x4C,61,0x77,vm_opcode_0x53_nonterminal_shape,CC:1028,,pack=0x4C;record=61;entry=0x77,,0xCE,0x03,,,,,22,28,22,28,CD:91E3,source opcode boundary proven reachable by fail-closed CFG; destination record0 entry exists and has aligned 0x58 setter,strong_candidate,raw 0x53 shape inside bounded VM substream; C4:8B3F is the transition wrapper for C4:8B6A; destination entry independently has aligned 0x58 coordinates; source opcode boundary proven reachable by fail-closed CFG,canonical_rom_sha256=F6A345E2F07F0CBC4EFF7D4FF06AE88A814A98FDF100C7BF7351168C73916A98;tools/python/catalog_map_transition_candidates.py;C4:8B3F;C4:8B6A;C4:8BE2
,,,,0x4C,61,0x77,vm_opcode_0x53_nonterminal_shape,CC:1030,,pack=0x4C;record=61;entry=0x77,,0xCE,0x02,,,,,22,28,22,28,CD:91D8,source opcode boundary proven reachable by fail-closed CFG; destination record0 entry exists and has aligned 0x58 setter,strong_candidate,raw 0x53 shape inside bounded VM substream; C4:8B3F is the transition wrapper for C4:8B6A; destination entry independently has aligned 0x58 coordinates; source opcode boundary proven reachable by fail-closed CFG,canonical_rom_sha256=F6A345E2F07F0CBC4EFF7D4FF06AE88A814A98FDF100C7BF7351168C73916A98;tools/python/catalog_map_transition_candidates.py;C4:8B3F;C4:8B6A;C4:8BE2
,,,,0x4C,61,0x77,vm_opcode_0x53_nonterminal_shape,CC:1038,,pack=0x4C;record=61;entry=0x77,,0xCE,0x03,,,,,22,28,22,28,CD:91E3,source opcode boundary proven reachable by fail-closed CFG; destination record0 entry exists and has aligned 0x58 setter,strong_candidate,raw 0x53 shape inside bounded VM substream; C4:8B3F is the transition wrapper for C4:8B6A; destination entry independently has aligned 0x58 coordinates; source opcode boundary proven reachable by fail-closed CFG,canonical_rom_sha256=F6A345E2F07F0CBC4EFF7D4FF06AE88A814A98FDF100C7BF7351168C73916A98;tools/python/catalog_map_transition_candidates.py;C4:8B3F;C4:8B6A;C4:8BE2
,,,,0x4C,61,0x77,vm_opcode_0x53_nonterminal_shape,CC:1040,,pack=0x4C;record=61;entry=0x77,,0xCE,0x02,,,,,22,28,22,28,CD:91D8,source opcode boundary proven reachable by fail-closed CFG; destination record0 entry exists and has aligned 0x58 setter,strong_candidate,raw 0x53 shape inside bounded VM substream; C4:8B3F is the transition wrapper for C4:8B6A; destination entry independently has aligned 0x58 coordinates; source opcode boundary proven reachable by fail-closed CFG,canonical_rom_sha256=F6A345E2F07F0CBC4EFF7D4FF06AE88A814A98FDF100C7BF7351168C73916A98;tools/python/catalog_map_transition_candidates.py;C4:8B3F;C4:8B6A;C4:8BE2
,,,,0x4C,61,0x77,vm_opcode_0x53_nonterminal_shape,CC:1048,,pack=0x4C;record=61;entry=0x77,,0xCE,0x02,,,,,22,28,22,28,CD:91D8,source opcode boundary proven reachable by fail-closed CFG; destination record0 entry exists and has aligned 0x58 setter,strong_candidate,raw 0x53 shape inside bounded VM substream; C4:8B3F is the transition wrapper for C4:8B6A; destination entry independently has aligned 0x58 coordinates; source opcode boundary proven reachable by fail-closed CFG,canonical_rom_sha256=F6A345E2F07F0CBC4EFF7D4FF06AE88A814A98FDF100C7BF7351168C73916A98;tools/python/catalog_map_transition_candidates.py;C4:8B3F;C4:8B6A;C4:8BE2
,,,,0x4C,61,0x77,vm_opcode_0x53_nonterminal_shape,CC:1050,,pack=0x4C;record=61;entry=0x77,,0xCE,0x05,,,,,22,28,22,28,CD:91F9,source opcode boundary proven reachable by fail-closed CFG; destination record0 entry exists and has aligned 0x58 setter,strong_candidate,raw 0x53 shape inside bounded VM substream; C4:8B3F is the transition wrapper for C4:8B6A; destination entry independently has aligned 0x58 coordinates; source opcode boundary proven reachable by fail-closed CFG,canonical_rom_sha256=F6A345E2F07F0CBC4EFF7D4FF06AE88A814A98FDF100C7BF7351168C73916A98;tools/python/catalog_map_transition_candidates.py;C4:8B3F;C4:8B6A;C4:8BE2
,,,,0x4C,61,0x77,vm_opcode_0x53_nonterminal_shape,CC:1058,,pack=0x4C;record=61;entry=0x77,,0xCE,0x02,,,,,22,28,22,28,CD:91D8,source opcode boundary proven reachable by fail-closed CFG; destination record0 entry exists and has aligned 0x58 setter,strong_candidate,raw 0x53 shape inside bounded VM substream; C4:8B3F is the transition wrapper for C4:8B6A; destination entry independently has aligned 0x58 coordinates; source opcode boundary proven reachable by fail-closed CFG,canonical_rom_sha256=F6A345E2F07F0CBC4EFF7D4FF06AE88A814A98FDF100C7BF7351168C73916A98;tools/python/catalog_map_transition_candidates.py;C4:8B3F;C4:8B6A;C4:8BE2
,,,,0x4C,61,0x77,vm_opcode_0x53_nonterminal_shape,CC:1060,,pack=0x4C;record=61;entry=0x77,,0xCE,0x03,,,,,22,28,22,28,CD:91E3,source opcode boundary proven reachable by fail-closed CFG; destination record0 entry exists and has aligned 0x58 setter,strong_candidate,raw 0x53 shape inside bounded VM substream; C4:8B3F is the transition wrapper for C4:8B6A; destination entry independently has aligned 0x58 coordinates; source opcode boundary proven reachable by fail-closed CFG,canonical_rom_sha256=F6A345E2F07F0CBC4EFF7D4FF06AE88A814A98FDF100C7BF7351168C73916A98;tools/python/catalog_map_transition_candidates.py;C4:8B3F;C4:8B6A;C4:8BE2
,,,,0x4C,61,0x77,vm_opcode_0x53_nonterminal_shape,CC:1068,,pack=0x4C;record=61;entry=0x77,,0xCE,0x03,,,,,22,28,22,28,CD:91E3,source opcode boundary proven reachable by fail-closed CFG; destination record0 entry exists and has aligned 0x58 setter,strong_candidate,raw 0x53 shape inside bounded VM substream; C4:8B3F is the transition wrapper for C4:8B6A; destination entry independently has aligned 0x58 coordinates; source opcode boundary proven reachable by fail-closed CFG,canonical_rom_sha256=F6A345E2F07F0CBC4EFF7D4FF06AE88A814A98FDF100C7BF7351168C73916A98;tools/python/catalog_map_transition_candidates.py;C4:8B3F;C4:8B6A;C4:8BE2
,,,,0x4C,61,0x77,vm_opcode_0x53_nonterminal_shape,CC:1070,,pack=0x4C;record=61;entry=0x77,,0xCE,0x05,,,,,22,28,22,28,CD:91F9,source opcode boundary proven reachable by fail-closed CFG; destination record0 entry exists and has aligned 0x58 setter,strong_candidate,raw 0x53 shape inside bounded VM substream; C4:8B3F is the transition wrapper for C4:8B6A; destination entry independently has aligned 0x58 coordinates; source opcode boundary proven reachable by fail-closed CFG,canonical_rom_sha256=F6A345E2F07F0CBC4EFF7D4FF06AE88A814A98FDF100C7BF7351168C73916A98;tools/python/catalog_map_transition_candidates.py;C4:8B3F;C4:8B6A;C4:8BE2
,,,,0x4C,61,0x77,vm_opcode_0x53_nonterminal_shape,CC:1078,,pack=0x4C;record=61;entry=0x77,,0xCE,0x02,,,,,22,28,22,28,CD:91D8,source opcode boundary proven reachable by fail-closed CFG; destination record0 entry exists and has aligned 0x58 setter,strong_candidate,raw 0x53 shape inside bounded VM substream; C4:8B3F is the transition wrapper for C4:8B6A; destination entry independently has aligned 0x58 coordinates; source opcode boundary proven reachable by fail-closed CFG,canonical_rom_sha256=F6A345E2F07F0CBC4EFF7D4FF06AE88A814A98FDF100C7BF7351168C73916A98;tools/python/catalog_map_transition_candidates.py;C4:8B3F;C4:8B6A;C4:8BE2
,,,,0x4C,61,0x77,vm_opcode_0x53_nonterminal_shape,CC:1080,,pack=0x4C;record=61;entry=0x77,,0xCE,0x05,,,,,22,28,22,28,CD:91F9,source opcode boundary proven reachable by fail-closed CFG; destination record0 entry exists and has aligned 0x58 setter,strong_candidate,raw 0x53 shape inside bounded VM substream; C4:8B3F is the transition wrapper for C4:8B6A; destination entry independently has aligned 0x58 coordinates; source opcode boundary proven reachable by fail-closed CFG,canonical_rom_sha256=F6A345E2F07F0CBC4EFF7D4FF06AE88A814A98FDF100C7BF7351168C73916A98;tools/python/catalog_map_transition_candidates.py;C4:8B3F;C4:8B6A;C4:8BE2
,,,,0x4C,61,0x77,vm_opcode_0x53_nonterminal_shape,CC:1088,,pack=0x4C;record=61;entry=0x77,,0xCE,0x02,,,,,22,28,22,28,CD:91D8,source opcode boundary proven reachable by fail-closed CFG; destination record0 entry exists and has aligned 0x58 setter,strong_candidate,raw 0x53 shape inside bounded VM substream; C4:8B3F is the transition wrapper for C4:8B6A; destination entry independently has aligned 0x58 coordinates; source opcode boundary proven reachable by fail-closed CFG,canonical_rom_sha256=F6A345E2F07F0CBC4EFF7D4FF06AE88A814A98FDF100C7BF7351168C73916A98;tools/python/catalog_map_transition_candidates.py;C4:8B3F;C4:8B6A;C4:8BE2
,,,,0x4C,61,0x77,vm_opcode_0x53_nonterminal_shape,CC:1090,,pack=0x4C;record=61;entry=0x77,,0xCE,0x04,,,,,22,28,22,28,CD:91EE,source opcode boundary proven reachable by fail-closed CFG; destination record0 entry exists and has aligned 0x58 setter,strong_candidate,raw 0x53 shape inside bounded VM substream; C4:8B3F is the transition wrapper for C4:8B6A; destination entry independently has aligned 0x58 coordinates; source opcode boundary proven reachable by fail-closed CFG,canonical_rom_sha256=F6A345E2F07F0CBC4EFF7D4FF06AE88A814A98FDF100C7BF7351168C73916A98;tools/python/catalog_map_transition_candidates.py;C4:8B3F;C4:8B6A;C4:8BE2
,,,,0x4C,61,0x77,vm_opcode_0x53_nonterminal_shape,CC:1098,,pack=0x4C;record=61;entry=0x77,,0xCE,0x05,,,,,22,28,22,28,CD:91F9,source opcode boundary proven reachable by fail-closed CFG; destination record0 entry exists and has aligned 0x58 setter,strong_candidate,raw 0x53 shape inside bounded VM substream; C4:8B3F is the transition wrapper for C4:8B6A; destination entry independently has aligned 0x58 coordinates; source opcode boundary proven reachable by fail-closed CFG,canonical_rom_sha256=F6A345E2F07F0CBC4EFF7D4FF06AE88A814A98FDF100C7BF7351168C73916A98;tools/python/catalog_map_transition_candidates.py;C4:8B3F;C4:8B6A;C4:8BE2
,,,,0x4C,61,0x77,vm_opcode_0x53_nonterminal_shape,CC:10A0,,pack=0x4C;record=61;entry=0x77,,0xCE,0x03,,,,,22,28,22,28,CD:91E3,source opcode boundary proven reachable by fail-closed CFG; destination record0 entry exists and has aligned 0x58 setter,strong_candidate,raw 0x53 shape inside bounded VM substream; C4:8B3F is the transition wrapper for C4:8B6A; destination entry independently has aligned 0x58 coordinates; source opcode boundary proven reachable by fail-closed CFG,canonical_rom_sha256=F6A345E2F07F0CBC4EFF7D4FF06AE88A814A98FDF100C7BF7351168C73916A98;tools/python/catalog_map_transition_candidates.py;C4:8B3F;C4:8B6A;C4:8BE2
,,,,0x4C,61,0x77,vm_opcode_0x53_nonterminal_shape,CC:10A8,,pack=0x4C;record=61;entry=0x77,,0xCE,0x02,,,,,22,28,22,28,CD:91D8,source opcode boundary proven reachable by fail-closed CFG; destination record0 entry exists and has aligned 0x58 setter,strong_candidate,raw 0x53 shape inside bounded VM substream; C4:8B3F is the transition wrapper for C4:8B6A; destination entry independently has aligned 0x58 coordinates; source opcode boundary proven reachable by fail-closed CFG,canonical_rom_sha256=F6A345E2F07F0CBC4EFF7D4FF06AE88A814A98FDF100C7BF7351168C73916A98;tools/python/catalog_map_transition_candidates.py;C4:8B3F;C4:8B6A;C4:8BE2
,,,,0x4C,61,0x77,vm_opcode_0x53_nonterminal_shape,CC:10B0,,pack=0x4C;record=61;entry=0x77,,0xCE,0x02,,,,,22,28,22,28,CD:91D8,source opcode boundary proven reachable by fail-closed CFG; destination record0 entry exists and has aligned 0x58 setter,strong_candidate,raw 0x53 shape inside bounded VM substream; C4:8B3F is the transition wrapper for C4:8B6A; destination entry independently has aligned 0x58 coordinates; source opcode boundary proven reachable by fail-closed CFG,canonical_rom_sha256=F6A345E2F07F0CBC4EFF7D4FF06AE88A814A98FDF100C7BF7351168C73916A98;tools/python/catalog_map_transition_candidates.py;C4:8B3F;C4:8B6A;C4:8BE2
,,,,0x4C,61,0x77,vm_opcode_0x53_nonterminal_shape,CC:10B8,,pack=0x4C;record=61;entry=0x77,,0xCE,0x02,,,,,22,28,22,28,CD:91D8,source opcode boundary proven reachable by fail-closed CFG; destination record0 entry exists and has aligned 0x58 setter,strong_candidate,raw 0x53 shape inside bounded VM substream; C4:8B3F is the transition wrapper for C4:8B6A; destination entry independently has aligned 0x58 coordinates; source opcode boundary proven reachable by fail-closed CFG,canonical_rom_sha256=F6A345E2F07F0CBC4EFF7D4FF06AE88A814A98FDF100C7BF7351168C73916A98;tools/python/catalog_map_transition_candidates.py;C4:8B3F;C4:8B6A;C4:8BE2
,,,,0x4C,61,0x77,vm_opcode_0x53_nonterminal_shape,CC:10C0,,pack=0x4C;record=61;entry=0x77,,0xCE,0x02,,,,,22,28,22,28,CD:91D8,source opcode boundary proven reachable by fail-closed CFG; destination record0 entry exists and has aligned 0x58 setter,strong_candidate,raw 0x53 shape inside bounded VM substream; C4:8B3F is the transition wrapper for C4:8B6A; destination entry independently has aligned 0x58 coordinates; source opcode boundary proven reachable by fail-closed CFG,canonical_rom_sha256=F6A345E2F07F0CBC4EFF7D4FF06AE88A814A98FDF100C7BF7351168C73916A98;tools/python/catalog_map_transition_candidates.py;C4:8B3F;C4:8B6A;C4:8BE2
,,,,0x4C,61,0x77,vm_opcode_0x53_nonterminal_shape,CC:10C8,,pack=0x4C;record=61;entry=0x77,,0xCE,0x03,,,,,22,28,22,28,CD:91E3,source opcode boundary proven reachable by fail-closed CFG; destination record0 entry exists and has aligned 0x58 setter,strong_candidate,raw 0x53 shape inside bounded VM substream; C4:8B3F is the transition wrapper for C4:8B6A; destination entry independently has aligned 0x58 coordinates; source opcode boundary proven reachable by fail-closed CFG,canonical_rom_sha256=F6A345E2F07F0CBC4EFF7D4FF06AE88A814A98FDF100C7BF7351168C73916A98;tools/python/catalog_map_transition_candidates.py;C4:8B3F;C4:8B6A;C4:8BE2
,,,,0x4C,61,0x77,vm_opcode_0x53_nonterminal_shape,CC:10D0,,pack=0x4C;record=61;entry=0x77,,0xCE,0x05,,,,,22,28,22,28,CD:91F9,source opcode boundary proven reachable by fail-closed CFG; destination record0 entry exists and has aligned 0x58 setter,strong_candidate,raw 0x53 shape inside bounded VM substream; C4:8B3F is the transition wrapper for C4:8B6A; destination entry independently has aligned 0x58 coordinates; source opcode boundary proven reachable by fail-closed CFG,canonical_rom_sha256=F6A345E2F07F0CBC4EFF7D4FF06AE88A814A98FDF100C7BF7351168C73916A98;tools/python/catalog_map_transition_candidates.py;C4:8B3F;C4:8B6A;C4:8BE2
,,,,0x4C,61,0x77,vm_opcode_0x53_nonterminal_shape,CC:10D8,,pack=0x4C;record=61;entry=0x77,,0xCE,0x05,,,,,22,28,22,28,CD:91F9,source opcode boundary proven reachable by fail-closed CFG; destination record0 entry exists and has aligned 0x58 setter,strong_candidate,raw 0x53 shape inside bounded VM substream; C4:8B3F is the transition wrapper for C4:8B6A; destination entry independently has aligned 0x58 coordinates; source opcode boundary proven reachable by fail-closed CFG,canonical_rom_sha256=F6A345E2F07F0CBC4EFF7D4FF06AE88A814A98FDF100C7BF7351168C73916A98;tools/python/catalog_map_transition_candidates.py;C4:8B3F;C4:8B6A;C4:8BE2
,,,,0x4C,61,0x77,vm_opcode_0x53_nonterminal_shape,CC:10E0,,pack=0x4C;record=61;entry=0x77,,0xCE,0x05,,,,,22,28,22,28,CD:91F9,source opcode boundary proven reachable by fail-closed CFG; destination record0 entry exists and has aligned 0x58 setter,strong_candidate,raw 0x53 shape inside bounded VM substream; C4:8B3F is the transition wrapper for C4:8B6A; destination entry independently has aligned 0x58 coordinates; source opcode boundary proven reachable by fail-closed CFG,canonical_rom_sha256=F6A345E2F07F0CBC4EFF7D4FF06AE88A814A98FDF100C7BF7351168C73916A98;tools/python/catalog_map_transition_candidates.py;C4:8B3F;C4:8B6A;C4:8BE2
,,,,0x4C,61,0x77,vm_opcode_0x53_nonterminal_shape,CC:10E8,,pack=0x4C;record=61;entry=0x77,,0xCE,0x02,,,,,22,28,22,28,CD:91D8,source opcode boundary proven reachable by fail-closed CFG; destination record0 entry exists and has aligned 0x58 setter,strong_candidate,raw 0x53 shape inside bounded VM substream; C4:8B3F is the transition wrapper for C4:8B6A; destination entry independently has aligned 0x58 coordinates; source opcode boundary proven reachable by fail-closed CFG,canonical_rom_sha256=F6A345E2F07F0CBC4EFF7D4FF06AE88A814A98FDF100C7BF7351168C73916A98;tools/python/catalog_map_transition_candidates.py;C4:8B3F;C4:8B6A;C4:8BE2
,,,,0x4C,61,0x77,vm_opcode_0x53_nonterminal_shape,CC:10F0,,pack=0x4C;record=61;entry=0x77,,0xCE,0x02,,,,,22,28,22,28,CD:91D8,source opcode boundary proven reachable by fail-closed CFG; destination record0 entry exists and has aligned 0x58 setter,strong_candidate,raw 0x53 shape inside bounded VM substream; C4:8B3F is the transition wrapper for C4:8B6A; destination entry independently has aligned 0x58 coordinates; source opcode boundary proven reachable by fail-closed CFG,canonical_rom_sha256=F6A345E2F07F0CBC4EFF7D4FF06AE88A814A98FDF100C7BF7351168C73916A98;tools/python/catalog_map_transition_candidates.py;C4:8B3F;C4:8B6A;C4:8BE2
,,,,0x4C,61,0x77,vm_opcode_0x53_nonterminal_shape,CC:10F8,,pack=0x4C;record=61;entry=0x77,,0xCE,0x05,,,,,22,28,22,28,CD:91F9,source opcode boundary proven reachable by fail-closed CFG; destination record0 entry exists and has aligned 0x58 setter,strong_candidate,raw 0x53 shape inside bounded VM substream; C4:8B3F is the transition wrapper for C4:8B6A; destination entry independently has aligned 0x58 coordinates; source opcode boundary proven reachable by fail-closed CFG,canonical_rom_sha256=F6A345E2F07F0CBC4EFF7D4FF06AE88A814A98FDF100C7BF7351168C73916A98;tools/python/catalog_map_transition_candidates.py;C4:8B3F;C4:8B6A;C4:8BE2
,,,,0x4C,61,0x77,vm_opcode_0x53_nonterminal_shape,CC:1100,,pack=0x4C;record=61;entry=0x77,,0xCE,0x02,,,,,22,28,22,28,CD:91D8,source opcode boundary proven reachable by fail-closed CFG; destination record0 entry exists and has aligned 0x58 setter,strong_candidate,raw 0x53 shape inside bounded VM substream; C4:8B3F is the transition wrapper for C4:8B6A; destination entry independently has aligned 0x58 coordinates; source opcode boundary proven reachable by fail-closed CFG,canonical_rom_sha256=F6A345E2F07F0CBC4EFF7D4FF06AE88A814A98FDF100C7BF7351168C73916A98;tools/python/catalog_map_transition_candidates.py;C4:8B3F;C4:8B6A;C4:8BE2
,,,,0x4C,61,0x77,vm_opcode_0x53_nonterminal_shape,CC:1108,,pack=0x4C;record=61;entry=0x77,,0xCE,0x02,,,,,22,28,22,28,CD:91D8,source opcode boundary proven reachable by fail-closed CFG; destination record0 entry exists and has aligned 0x58 setter,strong_candidate,raw 0x53 shape inside bounded VM substream; C4:8B3F is the transition wrapper for C4:8B6A; destination entry independently has aligned 0x58 coordinates; source opcode boundary proven reachable by fail-closed CFG,canonical_rom_sha256=F6A345E2F07F0CBC4EFF7D4FF06AE88A814A98FDF100C7BF7351168C73916A98;tools/python/catalog_map_transition_candidates.py;C4:8B3F;C4:8B6A;C4:8BE2
,,,,0x4C,61,0x77,vm_opcode_0x53_nonterminal_shape,CC:1110,,pack=0x4C;record=61;entry=0x77,,0xCE,0x02,,,,,22,28,22,28,CD:91D8,source opcode boundary proven reachable by fail-closed CFG; destination record0 entry exists and has aligned 0x58 setter,strong_candidate,raw 0x53 shape inside bounded VM substream; C4:8B3F is the transition wrapper for C4:8B6A; destination entry independently has aligned 0x58 coordinates; source opcode boundary proven reachable by fail-closed CFG,canonical_rom_sha256=F6A345E2F07F0CBC4EFF7D4FF06AE88A814A98FDF100C7BF7351168C73916A98;tools/python/catalog_map_transition_candidates.py;C4:8B3F;C4:8B6A;C4:8BE2
,,,,0x4C,61,0x77,vm_opcode_0x53_nonterminal_shape,CC:1118,,pack=0x4C;record=61;entry=0x77,,0xCE,0x02,,,,,22,28,22,28,CD:91D8,source opcode boundary proven reachable by fail-closed CFG; destination record0 entry exists and has aligned 0x58 setter,strong_candidate,raw 0x53 shape inside bounded VM substream; C4:8B3F is the transition wrapper for C4:8B6A; destination entry independently has aligned 0x58 coordinates; source opcode boundary proven reachable by fail-closed CFG,canonical_rom_sha256=F6A345E2F07F0CBC4EFF7D4FF06AE88A814A98FDF100C7BF7351168C73916A98;tools/python/catalog_map_transition_candidates.py;C4:8B3F;C4:8B6A;C4:8BE2
,,,,0x4C,61,0x77,vm_opcode_0x53_nonterminal_shape,CC:1120,,pack=0x4C;record=61;entry=0x77,,0xCE,0x05,,,,,22,28,22,28,CD:91F9,source opcode boundary proven reachable by fail-closed CFG; destination record0 entry exists and has aligned 0x58 setter,strong_candidate,raw 0x53 shape inside bounded VM substream; C4:8B3F is the transition wrapper for C4:8B6A; destination entry independently has aligned 0x58 coordinates; source opcode boundary proven reachable by fail-closed CFG,canonical_rom_sha256=F6A345E2F07F0CBC4EFF7D4FF06AE88A814A98FDF100C7BF7351168C73916A98;tools/python/catalog_map_transition_candidates.py;C4:8B3F;C4:8B6A;C4:8BE2
,,,,0x4C,61,0x77,vm_opcode_0x53_nonterminal_shape,CC:1128,,pack=0x4C;record=61;entry=0x77,,0xCE,0x02,,,,,22,28,22,28,CD:91D8,source opcode boundary proven reachable by fail-closed CFG; destination record0 entry exists and has aligned 0x58 setter,strong_candidate,raw 0x53 shape inside bounded VM substream; C4:8B3F is the transition wrapper for C4:8B6A; destination entry independently has aligned 0x58 coordinates; source opcode boundary proven reachable by fail-closed CFG,canonical_rom_sha256=F6A345E2F07F0CBC4EFF7D4FF06AE88A814A98FDF100C7BF7351168C73916A98;tools/python/catalog_map_transition_candidates.py;C4:8B3F;C4:8B6A;C4:8BE2
,,,,0x4C,61,0x77,vm_opcode_0x53_nonterminal_shape,CC:1130,,pack=0x4C;record=61;entry=0x77,,0xCE,0x03,,,,,22,28,22,28,CD:91E3,source opcode boundary proven reachable by fail-closed CFG; destination record0 entry exists and has aligned 0x58 setter,strong_candidate,raw 0x53 shape inside bounded VM substream; C4:8B3F is the transition wrapper for C4:8B6A; destination entry independently has aligned 0x58 coordinates; source opcode boundary proven reachable by fail-closed CFG,canonical_rom_sha256=F6A345E2F07F0CBC4EFF7D4FF06AE88A814A98FDF100C7BF7351168C73916A98;tools/python/catalog_map_transition_candidates.py;C4:8B3F;C4:8B6A;C4:8BE2
,,,,0x4C,61,0x77,vm_opcode_0x53_nonterminal_shape,CC:1138,,pack=0x4C;record=61;entry=0x77,,0xCE,0x03,,,,,22,28,22,28,CD:91E3,source opcode boundary proven reachable by fail-closed CFG; destination record0 entry exists and has aligned 0x58 setter,strong_candidate,raw 0x53 shape inside bounded VM substream; C4:8B3F is the transition wrapper for C4:8B6A; destination entry independently has aligned 0x58 coordinates; source opcode boundary proven reachable by fail-closed CFG,canonical_rom_sha256=F6A345E2F07F0CBC4EFF7D4FF06AE88A814A98FDF100C7BF7351168C73916A98;tools/python/catalog_map_transition_candidates.py;C4:8B3F;C4:8B6A;C4:8BE2
,,,,0x4C,61,0x77,vm_opcode_0x53_nonterminal_shape,CC:1140,,pack=0x4C;record=61;entry=0x77,,0xCE,0x02,,,,,22,28,22,28,CD:91D8,source opcode boundary proven reachable by fail-closed CFG; destination record0 entry exists and has aligned 0x58 setter,strong_candidate,raw 0x53 shape inside bounded VM substream; C4:8B3F is the transition wrapper for C4:8B6A; destination entry independently has aligned 0x58 coordinates; source opcode boundary proven reachable by fail-closed CFG,canonical_rom_sha256=F6A345E2F07F0CBC4EFF7D4FF06AE88A814A98FDF100C7BF7351168C73916A98;tools/python/catalog_map_transition_candidates.py;C4:8B3F;C4:8B6A;C4:8BE2
,,,,0x4C,61,0x77,vm_opcode_0x53_nonterminal_shape,CC:1148,,pack=0x4C;record=61;entry=0x77,,0xCE,0x03,,,,,22,28,22,28,CD:91E3,source opcode boundary proven reachable by fail-closed CFG; destination record0 entry exists and has aligned 0x58 setter,strong_candidate,raw 0x53 shape inside bounded VM substream; C4:8B3F is the transition wrapper for C4:8B6A; destination entry independently has aligned 0x58 coordinates; source opcode boundary proven reachable by fail-closed CFG,canonical_rom_sha256=F6A345E2F07F0CBC4EFF7D4FF06AE88A814A98FDF100C7BF7351168C73916A98;tools/python/catalog_map_transition_candidates.py;C4:8B3F;C4:8B6A;C4:8BE2
,,,,0x4C,61,0x77,vm_opcode_0x53_nonterminal_shape,CC:1150,,pack=0x4C;record=61;entry=0x77,,0xCE,0x02,,,,,22,28,22,28,CD:91D8,source opcode boundary proven reachable by fail-closed CFG; destination record0 entry exists and has aligned 0x58 setter,strong_candidate,raw 0x53 shape inside bounded VM substream; C4:8B3F is the transition wrapper for C4:8B6A; destination entry independently has aligned 0x58 coordinates; source opcode boundary proven reachable by fail-closed CFG,canonical_rom_sha256=F6A345E2F07F0CBC4EFF7D4FF06AE88A814A98FDF100C7BF7351168C73916A98;tools/python/catalog_map_transition_candidates.py;C4:8B3F;C4:8B6A;C4:8BE2
,,,,0x4C,61,0x77,vm_opcode_0x53_nonterminal_shape,CC:1158,,pack=0x4C;record=61;entry=0x77,,0xCE,0x02,,,,,22,28,22,28,CD:91D8,source opcode boundary proven reachable by fail-closed CFG; destination record0 entry exists and has aligned 0x58 setter,strong_candidate,raw 0x53 shape inside bounded VM substream; C4:8B3F is the transition wrapper for C4:8B6A; destination entry independently has aligned 0x58 coordinates; source opcode boundary proven reachable by fail-closed CFG,canonical_rom_sha256=F6A345E2F07F0CBC4EFF7D4FF06AE88A814A98FDF100C7BF7351168C73916A98;tools/python/catalog_map_transition_candidates.py;C4:8B3F;C4:8B6A;C4:8BE2
,,,,0x4C,91,0x8E,vm_opcode_0x53_nonterminal_shape,CC:15F8,,pack=0x4C;record=91;entry=0x8E,,0xE8,0x03,cfg_t58_l197_v1,197,58,1,19,23,19,23,CD:D7D4,source opcode boundary proven reachable by fail-closed CFG; destination record0 entry exists and has aligned 0x58 setter,strong_candidate,raw 0x53 shape inside bounded VM substream; C4:8B3F is the transition wrapper for C4:8B6A; destination entry independently has aligned 0x58 coordinates; source opcode boundary proven reachable by fail-closed CFG,canonical_rom_sha256=F6A345E2F07F0CBC4EFF7D4FF06AE88A814A98FDF100C7BF7351168C73916A98;tools/python/catalog_map_transition_candidates.py;C4:8B3F;C4:8B6A;C4:8BE2
,,,,0x4C,91,0x8E,vm_opcode_0x53_nonterminal_shape,CC:1606,,pack=0x4C;record=91;entry=0x8E,,0xE8,0x04,cfg_t58_l197_v1,197,58,1,113,94,113,94,CD:D7DA,source opcode boundary proven reachable by fail-closed CFG; destination record0 entry exists and has aligned 0x58 setter,strong_candidate,raw 0x53 shape inside bounded VM substream; C4:8B3F is the transition wrapper for C4:8B6A; destination entry independently has aligned 0x58 coordinates; source opcode boundary proven reachable by fail-closed CFG,canonical_rom_sha256=F6A345E2F07F0CBC4EFF7D4FF06AE88A814A98FDF100C7BF7351168C73916A98;tools/python/catalog_map_transition_candidates.py;C4:8B3F;C4:8B6A;C4:8BE2
,,,,0x4C,94,0x82,vm_opcode_0x53_nonterminal_shape,CC:16B7,,pack=0x4C;record=94;entry=0x82,,0xC9,0x02,cfg_t59_l201_v2,201,59,2,15,25,15,25,CD:8D58,source opcode boundary proven reachable by fail-closed CFG; destination record0 entry exists and has aligned 0x58 setter,strong_candidate,raw 0x53 shape inside bounded VM substream; C4:8B3F is the transition wrapper for C4:8B6A; destination entry independently has aligned 0x58 coordinates; source opcode boundary proven reachable by fail-closed CFG,canonical_rom_sha256=F6A345E2F07F0CBC4EFF7D4FF06AE88A814A98FDF100C7BF7351168C73916A98;tools/python/catalog_map_transition_candidates.py;C4:8B3F;C4:8B6A;C4:8BE2
,,,,0x52,1,0x6B,vm_opcode_0x53_nonterminal_shape,CC:21AD,,pack=0x52;record=1;entry=0x6B,,0x1E,0x1F,,,,,0,0,0,0,CB:C51F,source opcode boundary proven reachable by fail-closed CFG; destination record0 entry exists and has aligned 0x58 setter,strong_candidate,raw 0x53 shape inside bounded VM substream; C4:8B3F is the transition wrapper for C4:8B6A; destination entry independently has aligned 0x58 coordinates; source opcode boundary proven reachable by fail-closed CFG,canonical_rom_sha256=F6A345E2F07F0CBC4EFF7D4FF06AE88A814A98FDF100C7BF7351168C73916A98;tools/python/catalog_map_transition_candidates.py;C4:8B3F;C4:8B6A;C4:8BE2
,,,,0x52,1,0x6B,vm_opcode_0x53_nonterminal_shape,CC:21C2,,pack=0x52;record=1;entry=0x6B,,0x1E,0x1F,,,,,0,0,0,0,CB:C51F,source opcode boundary proven reachable by fail-closed CFG; destination record0 entry exists and has aligned 0x58 setter,strong_candidate,raw 0x53 shape inside bounded VM substream; C4:8B3F is the transition wrapper for C4:8B6A; destination entry independently has aligned 0x58 coordinates; source opcode boundary proven reachable by fail-closed CFG,canonical_rom_sha256=F6A345E2F07F0CBC4EFF7D4FF06AE88A814A98FDF100C7BF7351168C73916A98;tools/python/catalog_map_transition_candidates.py;C4:8B3F;C4:8B6A;C4:8BE2
,,,,0x65,11,0x77,vm_opcode_0x53_nonterminal_shape,CC:4648,,pack=0x65;record=11;entry=0x77,,0x66,0x02,cfg_t07_l064_v2,64,7,2,6,26,6,26,CC:485C,source opcode boundary proven reachable by fail-closed CFG; destination record0 entry exists and has aligned 0x58 setter,strong_candidate,raw 0x53 shape inside bounded VM substream; C4:8B3F is the transition wrapper for C4:8B6A; destination entry independently has aligned 0x58 coordinates; source opcode boundary proven reachable by fail-closed CFG,canonical_rom_sha256=F6A345E2F07F0CBC4EFF7D4FF06AE88A814A98FDF100C7BF7351168C73916A98;tools/python/catalog_map_transition_candidates.py;C4:8B3F;C4:8B6A;C4:8BE2
,,,,0x70,34,0x77,vm_opcode_0x53_nonterminal_shape,CC:6FAA,,pack=0x70;record=34;entry=0x77,,0x41,0x02,cfg_t07_l050_v2,50,7,2,5,14,5,14,CB:F109,source opcode boundary proven reachable by fail-closed CFG; destination record0 entry exists and has aligned 0x58 setter,strong_candidate,raw 0x53 shape inside bounded VM substream; C4:8B3F is the transition wrapper for C4:8B6A; destination entry independently has aligned 0x58 coordinates; source opcode boundary proven reachable by fail-closed CFG,canonical_rom_sha256=F6A345E2F07F0CBC4EFF7D4FF06AE88A814A98FDF100C7BF7351168C73916A98;tools/python/catalog_map_transition_candidates.py;C4:8B3F;C4:8B6A;C4:8BE2
,,,,0x70,36,0x77,vm_opcode_0x53_nonterminal_shape,CC:6FDA,,pack=0x70;record=36;entry=0x77,,0x4A,0x02,cfg_t07_l075_v2,75,7,2,5,14,5,14,CC:04C6,source opcode boundary proven reachable by fail-closed CFG; destination record0 entry exists and has aligned 0x58 setter,strong_candidate,raw 0x53 shape inside bounded VM substream; C4:8B3F is the transition wrapper for C4:8B6A; destination entry independently has aligned 0x58 coordinates; source opcode boundary proven reachable by fail-closed CFG,canonical_rom_sha256=F6A345E2F07F0CBC4EFF7D4FF06AE88A814A98FDF100C7BF7351168C73916A98;tools/python/catalog_map_transition_candidates.py;C4:8B3F;C4:8B6A;C4:8BE2
,,,,0x70,36,0x77,vm_opcode_0x53_nonterminal_shape,CC:6FE2,,pack=0x70;record=36;entry=0x77,,0x4A,0x03,cfg_t07_l075_v2,75,7,2,5,14,5,14,CC:04CC,source opcode boundary proven reachable by fail-closed CFG; destination record0 entry exists and has aligned 0x58 setter,strong_candidate,raw 0x53 shape inside bounded VM substream; C4:8B3F is the transition wrapper for C4:8B6A; destination entry independently has aligned 0x58 coordinates; source opcode boundary proven reachable by fail-closed CFG,canonical_rom_sha256=F6A345E2F07F0CBC4EFF7D4FF06AE88A814A98FDF100C7BF7351168C73916A98;tools/python/catalog_map_transition_candidates.py;C4:8B3F;C4:8B6A;C4:8BE2
,,,,0x70,36,0x77,vm_opcode_0x53_nonterminal_shape,CC:6FEA,,pack=0x70;record=36;entry=0x77,,0x4A,0x04,cfg_t07_l075_v2,75,7,2,5,14,5,14,CC:04D2,source opcode boundary proven reachable by fail-closed CFG; destination record0 entry exists and has aligned 0x58 setter,strong_candidate,raw 0x53 shape inside bounded VM substream; C4:8B3F is the transition wrapper for C4:8B6A; destination entry independently has aligned 0x58 coordinates; source opcode boundary proven reachable by fail-closed CFG,canonical_rom_sha256=F6A345E2F07F0CBC4EFF7D4FF06AE88A814A98FDF100C7BF7351168C73916A98;tools/python/catalog_map_transition_candidates.py;C4:8B3F;C4:8B6A;C4:8BE2
,,,,0x70,36,0x77,vm_opcode_0x53_nonterminal_shape,CC:6FF2,,pack=0x70;record=36;entry=0x77,,0x4A,0x05,cfg_t07_l075_v2,75,7,2,5,14,5,14,CC:04D8,source opcode boundary proven reachable by fail-closed CFG; destination record0 entry exists and has aligned 0x58 setter,strong_candidate,raw 0x53 shape inside bounded VM substream; C4:8B3F is the transition wrapper for C4:8B6A; destination entry independently has aligned 0x58 coordinates; source opcode boundary proven reachable by fail-closed CFG,canonical_rom_sha256=F6A345E2F07F0CBC4EFF7D4FF06AE88A814A98FDF100C7BF7351168C73916A98;tools/python/catalog_map_transition_candidates.py;C4:8B3F;C4:8B6A;C4:8BE2
,,,,0x70,36,0x77,vm_opcode_0x53_nonterminal_shape,CC:6FFA,,pack=0x70;record=36;entry=0x77,,0x4A,0x06,cfg_t07_l075_v2,75,7,2,5,14,5,14,CC:04DE,source opcode boundary proven reachable by fail-closed CFG; destination record0 entry exists and has aligned 0x58 setter,strong_candidate,raw 0x53 shape inside bounded VM substream; C4:8B3F is the transition wrapper for C4:8B6A; destination entry independently has aligned 0x58 coordinates; source opcode boundary proven reachable by fail-closed CFG,canonical_rom_sha256=F6A345E2F07F0CBC4EFF7D4FF06AE88A814A98FDF100C7BF7351168C73916A98;tools/python/catalog_map_transition_candidates.py;C4:8B3F;C4:8B6A;C4:8BE2
,,,,0xAB,3,0x7C,vm_opcode_0x53_nonterminal_shape,CD:3102,,pack=0xAB;record=3;entry=0x7C,,0x1E,0x1F,,,,,0,0,0,0,CB:C51F,source opcode boundary proven reachable by fail-closed CFG; destination record0 entry exists and has aligned 0x58 setter,strong_candidate,raw 0x53 shape inside bounded VM substream; C4:8B3F is the transition wrapper for C4:8B6A; destination entry independently has aligned 0x58 coordinates; source opcode boundary proven reachable by fail-closed CFG,canonical_rom_sha256=F6A345E2F07F0CBC4EFF7D4FF06AE88A814A98FDF100C7BF7351168C73916A98;tools/python/catalog_map_transition_candidates.py;C4:8B3F;C4:8B6A;C4:8BE2
,,,,0xAB,3,0x6B,vm_opcode_0x53_nonterminal_shape,CD:311E,,pack=0xAB;record=3;entry=0x6B,,0x1E,0x1F,,,,,0,0,0,0,CB:C51F,source opcode boundary proven reachable by fail-closed CFG; destination record0 entry exists and has aligned 0x58 setter,strong_candidate,raw 0x53 shape inside bounded VM substream; C4:8B3F is the transition wrapper for C4:8B6A; destination entry independently has aligned 0x58 coordinates; source opcode boundary proven reachable by fail-closed CFG,canonical_rom_sha256=F6A345E2F07F0CBC4EFF7D4FF06AE88A814A98FDF100C7BF7351168C73916A98;tools/python/catalog_map_transition_candidates.py;C4:8B3F;C4:8B6A;C4:8BE2
,,,,0xAB,3,0x6B,vm_opcode_0x53_nonterminal_shape,CD:3133,,pack=0xAB;record=3;entry=0x6B,,0x1E,0x1F,,,,,0,0,0,0,CB:C51F,source opcode boundary proven reachable by fail-closed CFG; destination record0 entry exists and has aligned 0x58 setter,strong_candidate,raw 0x53 shape inside bounded VM substream; C4:8B3F is the transition wrapper for C4:8B6A; destination entry independently has aligned 0x58 coordinates; source opcode boundary proven reachable by fail-closed CFG,canonical_rom_sha256=F6A345E2F07F0CBC4EFF7D4FF06AE88A814A98FDF100C7BF7351168C73916A98;tools/python/catalog_map_transition_candidates.py;C4:8B3F;C4:8B6A;C4:8BE2
,,,,0xAB,3,0x6B,vm_opcode_0x53_nonterminal_shape,CD:3148,,pack=0xAB;record=3;entry=0x6B,,0x1E,0x1F,,,,,0,0,0,0,CB:C51F,source opcode boundary proven reachable by fail-closed CFG; destination record0 entry exists and has aligned 0x58 setter,strong_candidate,raw 0x53 shape inside bounded VM substream; C4:8B3F is the transition wrapper for C4:8B6A; destination entry independently has aligned 0x58 coordinates; source opcode boundary proven reachable by fail-closed CFG,canonical_rom_sha256=F6A345E2F07F0CBC4EFF7D4FF06AE88A814A98FDF100C7BF7351168C73916A98;tools/python/catalog_map_transition_candidates.py;C4:8B3F;C4:8B6A;C4:8BE2
,,,,0xCA,1,0x77,vm_opcode_0x53_nonterminal_shape,CD:8E4E,,pack=0xCA;record=1;entry=0x77,,0x2D,0x04,cfg_t07_l013_v2,13,7,2,6,10,6,10,CB:DD79,source opcode boundary proven reachable by fail-closed CFG; destination record0 entry exists and has aligned 0x58 setter,strong_candidate,raw 0x53 shape inside bounded VM substream; C4:8B3F is the transition wrapper for C4:8B6A; destination entry independently has aligned 0x58 coordinates; source opcode boundary proven reachable by fail-closed CFG,canonical_rom_sha256=F6A345E2F07F0CBC4EFF7D4FF06AE88A814A98FDF100C7BF7351168C73916A98;tools/python/catalog_map_transition_candidates.py;C4:8B3F;C4:8B6A;C4:8BE2
,,,,0xCA,1,0x77,vm_opcode_0x53_nonterminal_shape,CD:8E5A,,pack=0xCA;record=1;entry=0x77,,0x2C,0x02,,,,,6,10,6,10,CB:DA08,source opcode boundary proven reachable by fail-closed CFG; destination record0 entry exists and has aligned 0x58 setter,strong_candidate,raw 0x53 shape inside bounded VM substream; C4:8B3F is the transition wrapper for C4:8B6A; destination entry independently has aligned 0x58 coordinates; source opcode boundary proven reachable by fail-closed CFG,canonical_rom_sha256=F6A345E2F07F0CBC4EFF7D4FF06AE88A814A98FDF100C7BF7351168C73916A98;tools/python/catalog_map_transition_candidates.py;C4:8B3F;C4:8B6A;C4:8BE2
,,,,0xCF,19,0x79,vm_opcode_0x53_nonterminal_shape,CD:9512,,pack=0xCF;record=19;entry=0x79,,0xCE,0x07,,,,,16,19,16,19,CD:920F,source opcode boundary proven reachable by fail-closed CFG; destination record0 entry exists and has aligned 0x58 setter,strong_candidate,raw 0x53 shape inside bounded VM substream; C4:8B3F is the transition wrapper for C4:8B6A; destination entry independently has aligned 0x58 coordinates; source opcode boundary proven reachable by fail-closed CFG,canonical_rom_sha256=F6A345E2F07F0CBC4EFF7D4FF06AE88A814A98FDF100C7BF7351168C73916A98;tools/python/catalog_map_transition_candidates.py;C4:8B3F;C4:8B6A;C4:8BE2
,,,,0xCF,19,0x79,vm_opcode_0x53_nonterminal_shape,CD:951A,,pack=0xCF;record=19;entry=0x79,,0xCE,0x07,,,,,16,19,16,19,CD:920F,source opcode boundary proven reachable by fail-closed CFG; destination record0 entry exists and has aligned 0x58 setter,strong_candidate,raw 0x53 shape inside bounded VM substream; C4:8B3F is the transition wrapper for C4:8B6A; destination entry independently has aligned 0x58 coordinates; source opcode boundary proven reachable by fail-closed CFG,canonical_rom_sha256=F6A345E2F07F0CBC4EFF7D4FF06AE88A814A98FDF100C7BF7351168C73916A98;tools/python/catalog_map_transition_candidates.py;C4:8B3F;C4:8B6A;C4:8BE2
,,,,0xCF,19,0x79,vm_opcode_0x53_nonterminal_shape,CD:9522,,pack=0xCF;record=19;entry=0x79,,0xCE,0x07,,,,,16,19,16,19,CD:920F,source opcode boundary proven reachable by fail-closed CFG; destination record0 entry exists and has aligned 0x58 setter,strong_candidate,raw 0x53 shape inside bounded VM substream; C4:8B3F is the transition wrapper for C4:8B6A; destination entry independently has aligned 0x58 coordinates; source opcode boundary proven reachable by fail-closed CFG,canonical_rom_sha256=F6A345E2F07F0CBC4EFF7D4FF06AE88A814A98FDF100C7BF7351168C73916A98;tools/python/catalog_map_transition_candidates.py;C4:8B3F;C4:8B6A;C4:8BE2
,,,,0xCF,19,0x79,vm_opcode_0x53_nonterminal_shape,CD:952A,,pack=0xCF;record=19;entry=0x79,,0xCE,0x07,,,,,16,19,16,19,CD:920F,source opcode boundary proven reachable by fail-closed CFG; destination record0 entry exists and has aligned 0x58 setter,strong_candidate,raw 0x53 shape inside bounded VM substream; C4:8B3F is the transition wrapper for C4:8B6A; destination entry independently has aligned 0x58 coordinates; source opcode boundary proven reachable by fail-closed CFG,canonical_rom_sha256=F6A345E2F07F0CBC4EFF7D4FF06AE88A814A98FDF100C7BF7351168C73916A98;tools/python/catalog_map_transition_candidates.py;C4:8B3F;C4:8B6A;C4:8BE2
,,,,0xCF,19,0x79,vm_opcode_0x53_nonterminal_shape,CD:9532,,pack=0xCF;record=19;entry=0x79,,0xCE,0x07,,,,,16,19,16,19,CD:920F,source opcode boundary proven reachable by fail-closed CFG; destination record0 entry exists and has aligned 0x58 setter,strong_candidate,raw 0x53 shape inside bounded VM substream; C4:8B3F is the transition wrapper for C4:8B6A; destination entry independently has aligned 0x58 coordinates; source opcode boundary proven reachable by fail-closed CFG,canonical_rom_sha256=F6A345E2F07F0CBC4EFF7D4FF06AE88A814A98FDF100C7BF7351168C73916A98;tools/python/catalog_map_transition_candidates.py;C4:8B3F;C4:8B6A;C4:8BE2
,,,,0xCF,19,0x79,vm_opcode_0x53_nonterminal_shape,CD:953A,,pack=0xCF;record=19;entry=0x79,,0xCE,0x07,,,,,16,19,16,19,CD:920F,source opcode boundary proven reachable by fail-closed CFG; destination record0 entry exists and has aligned 0x58 setter,strong_candidate,raw 0x53 shape inside bounded VM substream; C4:8B3F is the transition wrapper for C4:8B6A; destination entry independently has aligned 0x58 coordinates; source opcode boundary proven reachable by fail-closed CFG,canonical_rom_sha256=F6A345E2F07F0CBC4EFF7D4FF06AE88A814A98FDF100C7BF7351168C73916A98;tools/python/catalog_map_transition_candidates.py;C4:8B3F;C4:8B6A;C4:8BE2
,,,,0xCF,19,0x79,vm_opcode_0x53_nonterminal_shape,CD:9542,,pack=0xCF;record=19;entry=0x79,,0xCE,0x07,,,,,16,19,16,19,CD:920F,source opcode boundary proven reachable by fail-closed CFG; destination record0 entry exists and has aligned 0x58 setter,strong_candidate,raw 0x53 shape inside bounded VM substream; C4:8B3F is the transition wrapper for C4:8B6A; destination entry independently has aligned 0x58 coordinates; source opcode boundary proven reachable by fail-closed CFG,canonical_rom_sha256=F6A345E2F07F0CBC4EFF7D4FF06AE88A814A98FDF100C7BF7351168C73916A98;tools/python/catalog_map_transition_candidates.py;C4:8B3F;C4:8B6A;C4:8BE2
,,,,0xCF,19,0x79,vm_opcode_0x53_nonterminal_shape,CD:954A,,pack=0xCF;record=19;entry=0x79,,0xCE,0x07,,,,,16,19,16,19,CD:920F,source opcode boundary proven reachable by fail-closed CFG; destination record0 entry exists and has aligned 0x58 setter,strong_candidate,raw 0x53 shape inside bounded VM substream; C4:8B3F is the transition wrapper for C4:8B6A; destination entry independently has aligned 0x58 coordinates; source opcode boundary proven reachable by fail-closed CFG,canonical_rom_sha256=F6A345E2F07F0CBC4EFF7D4FF06AE88A814A98FDF100C7BF7351168C73916A98;tools/python/catalog_map_transition_candidates.py;C4:8B3F;C4:8B6A;C4:8BE2
,,,,0xCF,19,0x79,vm_opcode_0x53_nonterminal_shape,CD:9552,,pack=0xCF;record=19;entry=0x79,,0xCE,0x07,,,,,16,19,16,19,CD:920F,source opcode boundary proven reachable by fail-closed CFG; destination record0 entry exists and has aligned 0x58 setter,strong_candidate,raw 0x53 shape inside bounded VM substream; C4:8B3F is the transition wrapper for C4:8B6A; destination entry independently has aligned 0x58 coordinates; source opcode boundary proven reachable by fail-closed CFG,canonical_rom_sha256=F6A345E2F07F0CBC4EFF7D4FF06AE88A814A98FDF100C7BF7351168C73916A98;tools/python/catalog_map_transition_candidates.py;C4:8B3F;C4:8B6A;C4:8BE2
,,,,0xCF,19,0x79,vm_opcode_0x53_nonterminal_shape,CD:955A,,pack=0xCF;record=19;entry=0x79,,0xCE,0x07,,,,,16,19,16,19,CD:920F,source opcode boundary proven reachable by fail-closed CFG; destination record0 entry exists and has aligned 0x58 setter,strong_candidate,raw 0x53 shape inside bounded VM substream; C4:8B3F is the transition wrapper for C4:8B6A; destination entry independently has aligned 0x58 coordinates; source opcode boundary proven reachable by fail-closed CFG,canonical_rom_sha256=F6A345E2F07F0CBC4EFF7D4FF06AE88A814A98FDF100C7BF7351168C73916A98;tools/python/catalog_map_transition_candidates.py;C4:8B3F;C4:8B6A;C4:8BE2
,,,,0xCF,19,0x79,vm_opcode_0x53_nonterminal_shape,CD:9562,,pack=0xCF;record=19;entry=0x79,,0xCE,0x07,,,,,16,19,16,19,CD:920F,source opcode boundary proven reachable by fail-closed CFG; destination record0 entry exists and has aligned 0x58 setter,strong_candidate,raw 0x53 shape inside bounded VM substream; C4:8B3F is the transition wrapper for C4:8B6A; destination entry independently has aligned 0x58 coordinates; source opcode boundary proven reachable by fail-closed CFG,canonical_rom_sha256=F6A345E2F07F0CBC4EFF7D4FF06AE88A814A98FDF100C7BF7351168C73916A98;tools/python/catalog_map_transition_candidates.py;C4:8B3F;C4:8B6A;C4:8BE2
,,,,0xCF,19,0x79,vm_opcode_0x53_nonterminal_shape,CD:956A,,pack=0xCF;record=19;entry=0x79,,0xCE,0x07,,,,,16,19,16,19,CD:920F,source opcode boundary proven reachable by fail-closed CFG; destination record0 entry exists and has aligned 0x58 setter,strong_candidate,raw 0x53 shape inside bounded VM substream; C4:8B3F is the transition wrapper for C4:8B6A; destination entry independently has aligned 0x58 coordinates; source opcode boundary proven reachable by fail-closed CFG,canonical_rom_sha256=F6A345E2F07F0CBC4EFF7D4FF06AE88A814A98FDF100C7BF7351168C73916A98;tools/python/catalog_map_transition_candidates.py;C4:8B3F;C4:8B6A;C4:8BE2
,,,,0xCF,19,0x79,vm_opcode_0x53_nonterminal_shape,CD:9572,,pack=0xCF;record=19;entry=0x79,,0xCE,0x07,,,,,16,19,16,19,CD:920F,source opcode boundary proven reachable by fail-closed CFG; destination record0 entry exists and has aligned 0x58 setter,strong_candidate,raw 0x53 shape inside bounded VM substream; C4:8B3F is the transition wrapper for C4:8B6A; destination entry independently has aligned 0x58 coordinates; source opcode boundary proven reachable by fail-closed CFG,canonical_rom_sha256=F6A345E2F07F0CBC4EFF7D4FF06AE88A814A98FDF100C7BF7351168C73916A98;tools/python/catalog_map_transition_candidates.py;C4:8B3F;C4:8B6A;C4:8BE2
,,,,0xCF,19,0x79,vm_opcode_0x53_nonterminal_shape,CD:957A,,pack=0xCF;record=19;entry=0x79,,0xCE,0x07,,,,,16,19,16,19,CD:920F,source opcode boundary proven reachable by fail-closed CFG; destination record0 entry exists and has aligned 0x58 setter,strong_candidate,raw 0x53 shape inside bounded VM substream; C4:8B3F is the transition wrapper for C4:8B6A; destination entry independently has aligned 0x58 coordinates; source opcode boundary proven reachable by fail-closed CFG,canonical_rom_sha256=F6A345E2F07F0CBC4EFF7D4FF06AE88A814A98FDF100C7BF7351168C73916A98;tools/python/catalog_map_transition_candidates.py;C4:8B3F;C4:8B6A;C4:8BE2
,,,,0xCF,19,0x79,vm_opcode_0x53_nonterminal_shape,CD:9582,,pack=0xCF;record=19;entry=0x79,,0xCE,0x07,,,,,16,19,16,19,CD:920F,source opcode boundary proven reachable by fail-closed CFG; destination record0 entry exists and has aligned 0x58 setter,strong_candidate,raw 0x53 shape inside bounded VM substream; C4:8B3F is the transition wrapper for C4:8B6A; destination entry independently has aligned 0x58 coordinates; source opcode boundary proven reachable by fail-closed CFG,canonical_rom_sha256=F6A345E2F07F0CBC4EFF7D4FF06AE88A814A98FDF100C7BF7351168C73916A98;tools/python/catalog_map_transition_candidates.py;C4:8B3F;C4:8B6A;C4:8BE2
,,,,0xEB,4,0x7C,vm_opcode_0x53_nonterminal_shape,CD:DF9C,,pack=0xEB;record=4;entry=0x7C,,0xF0,0x1A,cfg_t06_l037_v2,37,6,2,1,1,1,1,CD:F6CC,source opcode boundary proven reachable by fail-closed CFG; destination record0 entry exists and has aligned 0x58 setter,strong_candidate,raw 0x53 shape inside bounded VM substream; C4:8B3F is the transition wrapper for C4:8B6A; destination entry independently has aligned 0x58 coordinates; source opcode boundary proven reachable by fail-closed CFG,canonical_rom_sha256=F6A345E2F07F0CBC4EFF7D4FF06AE88A814A98FDF100C7BF7351168C73916A98;tools/python/catalog_map_transition_candidates.py;C4:8B3F;C4:8B6A;C4:8BE2
,,,,0xEC,2,0x7C,vm_opcode_0x53_nonterminal_shape,CD:E1AE,FEC-L001,pack=0xEC;record=2;entry=0x7C,0x01->CA:6B6E;0x05->CA:6C7A;0x06->CA:6C91;0x07->CA:6CB1;0x08->CA:6CC0,0x1E,0x1F,,,,,0,0,0,0,CB:C51F,source opcode boundary proven reachable by fail-closed CFG; destination record0 entry exists and has aligned 0x58 setter,strong_candidate,raw 0x53 shape inside bounded VM substream; C4:8B3F is the transition wrapper for C4:8B6A; destination entry independently has aligned 0x58 coordinates; source opcode boundary proven reachable by fail-closed CFG,canonical_rom_sha256=F6A345E2F07F0CBC4EFF7D4FF06AE88A814A98FDF100C7BF7351168C73916A98;tools/python/catalog_map_transition_candidates.py;C4:8B3F;C4:8B6A;C4:8BE2;data/events/event_record_frame_catalog.csv;data/events/event_source_crosslink.csv
,,,,0xEE,6,0x77,vm_opcode_0x53_nonterminal_shape,CD:EBB5,,pack=0xEE;record=6;entry=0x77,,0xF3,0x02,cfg_t04_l070_v2,70,4,2,33,55,33,55,CE:029C,source opcode boundary proven reachable by fail-closed CFG; destination record0 entry exists and has aligned 0x58 setter,strong_candidate,raw 0x53 shape inside bounded VM substream; C4:8B3F is the transition wrapper for C4:8B6A; destination entry independently has aligned 0x58 coordinates; source opcode boundary proven reachable by fail-closed CFG,canonical_rom_sha256=F6A345E2F07F0CBC4EFF7D4FF06AE88A814A98FDF100C7BF7351168C73916A98;tools/python/catalog_map_transition_candidates.py;C4:8B3F;C4:8B6A;C4:8BE2
,,,,0xEE,6,0x77,vm_opcode_0x53_nonterminal_shape,CD:EBBD,,pack=0xEE;record=6;entry=0x77,,0xF4,0x02,cfg_t06_l021_v2,21,6,2,24,40,24,40,CE:043E,source opcode boundary proven reachable by fail-closed CFG; destination record0 entry exists and has aligned 0x58 setter,strong_candidate,raw 0x53 shape inside bounded VM substream; C4:8B3F is the transition wrapper for C4:8B6A; destination entry independently has aligned 0x58 coordinates; source opcode boundary proven reachable by fail-closed CFG,canonical_rom_sha256=F6A345E2F07F0CBC4EFF7D4FF06AE88A814A98FDF100C7BF7351168C73916A98;tools/python/catalog_map_transition_candidates.py;C4:8B3F;C4:8B6A;C4:8BE2
,,,,0xF8,1,0x7C,vm_opcode_0x53_nonterminal_shape,CE:1178,,pack=0xF8;record=1;entry=0x7C,,0x20,0x02,,,,,0,0,0,0,CB:D1FA,source opcode boundary proven reachable by fail-closed CFG; destination record0 entry exists and has aligned 0x58 setter,strong_candidate,raw 0x53 shape inside bounded VM substream; C4:8B3F is the transition wrapper for C4:8B6A; destination entry independently has aligned 0x58 coordinates; source opcode boundary proven reachable by fail-closed CFG,canonical_rom_sha256=F6A345E2F07F0CBC4EFF7D4FF06AE88A814A98FDF100C7BF7351168C73916A98;tools/python/catalog_map_transition_candidates.py;C4:8B3F;C4:8B6A;C4:8BE2
,,,,0xF8,1,0x7C,vm_opcode_0x53_nonterminal_shape,CE:118F,,pack=0xF8;record=1;entry=0x7C,,0x22,0x02,,,,,0,0,0,0,CB:D3B0,source opcode boundary proven reachable by fail-closed CFG; destination record0 entry exists and has aligned 0x58 setter,strong_candidate,raw 0x53 shape inside bounded VM substream; C4:8B3F is the transition wrapper for C4:8B6A; destination entry independently has aligned 0x58 coordinates; source opcode boundary proven reachable by fail-closed CFG,canonical_rom_sha256=F6A345E2F07F0CBC4EFF7D4FF06AE88A814A98FDF100C7BF7351168C73916A98;tools/python/catalog_map_transition_candidates.py;C4:8B3F;C4:8B6A;C4:8BE2
,,,,0x3F,7,0x80,vm_opcode_0x55_restore_context_terminal,CB:EE65,F3F-L006,pack=0x3F;record=7;entry=0x80,0x16->C8:7D4A;0x17->C8:7D7C;0x18->C8:7D9F;0x1C->C8:7DE3;0x1D->C8:7E57;0x21->C8:7EEB;0x2B->C8:8063,0x6F,0x04,cfg_t04_l045_v2,45,4,2,56,72,56,72,CC:6705,bounded substream tail; destination record0 entry 0x04 exists; destination entry has aligned 0x58 coordinate setter at CC:6705,strong_candidate,"C4:8B56 opcode 0x55 saves current $157D/$1573 on the CPU stack, calls 81:8244 to restore indexed map state, restores the current primary X/Y pair, then falls through to C4:8B6A; the transition core writes operand1 to $0305 and operand2 to $13B8/$13B9; C4:8BE2 opcode 0x58 writes destination coordinates",canonical_rom_sha256=F6A345E2F07F0CBC4EFF7D4FF06AE88A814A98FDF100C7BF7351168C73916A98;tools/python/catalog_map_transition_candidates.py;C4:8B56;C1:8244;C4:8B6A;C4:8BE2;data/events/event_record_frame_catalog.csv;data/events/event_source_crosslink.csv
,,,,0x5C,1,0x79,vm_opcode_0x55_restore_context_terminal,CC:35CB,,pack=0x5C;record=1;entry=0x79,,0xA6,0x10,,,,,191,9,191,9,CD:185D,bounded substream tail; destination record0 entry 0x10 exists; destination entry has aligned 0x58 coordinate setter at CD:185D,strong_candidate,"C4:8B56 opcode 0x55 saves current $157D/$1573 on the CPU stack, calls 81:8244 to restore indexed map state, restores the current primary X/Y pair, then falls through to C4:8B6A; the transition core writes operand1 to $0305 and operand2 to $13B8/$13B9; C4:8BE2 opcode 0x58 writes destination coordinates",canonical_rom_sha256=F6A345E2F07F0CBC4EFF7D4FF06AE88A814A98FDF100C7BF7351168C73916A98;tools/python/catalog_map_transition_candidates.py;C4:8B56;C1:8244;C4:8B6A;C4:8BE2
,,,,0x61,7,0x7C,vm_opcode_0x55_restore_context_terminal,CC:420E,,pack=0x61;record=7;entry=0x7C,,0x60,0x03,,,,,20,12,20,12,CC:3BA3,bounded substream tail; destination record0 entry 0x03 exists; destination entry has aligned 0x58 coordinate setter at CC:3BA3,strong_candidate,"C4:8B56 opcode 0x55 saves current $157D/$1573 on the CPU stack, calls 81:8244 to restore indexed map state, restores the current primary X/Y pair, then falls through to C4:8B6A; the transition core writes operand1 to $0305 and operand2 to $13B8/$13B9; C4:8BE2 opcode 0x58 writes destination coordinates",canonical_rom_sha256=F6A345E2F07F0CBC4EFF7D4FF06AE88A814A98FDF100C7BF7351168C73916A98;tools/python/catalog_map_transition_candidates.py;C4:8B56;C1:8244;C4:8B6A;C4:8BE2
,,,,0x66,1,0x79,vm_opcode_0x55_restore_context_terminal,CC:4886,,pack=0x66;record=1;entry=0x79,,0x65,0x03,cfg_t04_l044_v2,44,4,2,25,31,25,31,CC:45AD,bounded substream tail; destination record0 entry 0x03 exists; destination entry has aligned 0x58 coordinate setter at CC:45AD,strong_candidate,"C4:8B56 opcode 0x55 saves current $157D/$1573 on the CPU stack, calls 81:8244 to restore indexed map state, restores the current primary X/Y pair, then falls through to C4:8B6A; the transition core writes operand1 to $0305 and operand2 to $13B8/$13B9; C4:8BE2 opcode 0x58 writes destination coordinates",canonical_rom_sha256=F6A345E2F07F0CBC4EFF7D4FF06AE88A814A98FDF100C7BF7351168C73916A98;tools/python/catalog_map_transition_candidates.py;C4:8B56;C1:8244;C4:8B6A;C4:8BE2
,,,,0x6A,32,0x7C,vm_opcode_0x55_restore_context_terminal,CC:59D1,,pack=0x6A;record=32;entry=0x7C,,0xDF,0x02,cfg_t03_l005_v1,5,3,1,81,183,81,183,CD:B8EA,bounded substream tail; destination record0 entry 0x02 exists; destination entry has aligned 0x58 coordinate setter at CD:B8EA,strong_candidate,"C4:8B56 opcode 0x55 saves current $157D/$1573 on the CPU stack, calls 81:8244 to restore indexed map state, restores the current primary X/Y pair, then falls through to C4:8B6A; the transition core writes operand1 to $0305 and operand2 to $13B8/$13B9; C4:8BE2 opcode 0x58 writes destination coordinates",canonical_rom_sha256=F6A345E2F07F0CBC4EFF7D4FF06AE88A814A98FDF100C7BF7351168C73916A98;tools/python/catalog_map_transition_candidates.py;C4:8B56;C1:8244;C4:8B6A;C4:8BE2
,,,,0x77,1,0x77,vm_opcode_0x55_restore_context_terminal,CC:91E7,,pack=0x77;record=1;entry=0x77,,0x4C,0x13,,,,,,,,,,bounded substream tail; destination record0 entry 0x13 exists,strong_candidate,"C4:8B56 opcode 0x55 saves current $157D/$1573 on the CPU stack, calls 81:8244 to restore indexed map state, restores the current primary X/Y pair, then falls through to C4:8B6A; the transition core writes operand1 to $0305 and operand2 to $13B8/$13B9",canonical_rom_sha256=F6A345E2F07F0CBC4EFF7D4FF06AE88A814A98FDF100C7BF7351168C73916A98;tools/python/catalog_map_transition_candidates.py;C4:8B56;C1:8244;C4:8B6A;C4:8BE2
,,,,0x77,2,0x77,vm_opcode_0x55_restore_context_terminal,CC:91F6,,pack=0x77;record=2;entry=0x77,,0x4C,0x14,,,,,,,,,,bounded substream tail; destination record0 entry 0x14 exists,strong_candidate,"C4:8B56 opcode 0x55 saves current $157D/$1573 on the CPU stack, calls 81:8244 to restore indexed map state, restores the current primary X/Y pair, then falls through to C4:8B6A; the transition core writes operand1 to $0305 and operand2 to $13B8/$13B9",canonical_rom_sha256=F6A345E2F07F0CBC4EFF7D4FF06AE88A814A98FDF100C7BF7351168C73916A98;tools/python/catalog_map_transition_candidates.py;C4:8B56;C1:8244;C4:8B6A;C4:8BE2
,,,,0x7C,1,0x77,vm_opcode_0x55_restore_context_terminal,CC:99EE,,pack=0x7C;record=1;entry=0x77,,0x4C,0x05,,,,,31,147,31,147,CC:0975,bounded substream tail; destination record0 entry 0x05 exists; destination entry has aligned 0x58 coordinate setter at CC:0975,strong_candidate,"C4:8B56 opcode 0x55 saves current $157D/$1573 on the CPU stack, calls 81:8244 to restore indexed map state, restores the current primary X/Y pair, then falls through to C4:8B6A; the transition core writes operand1 to $0305 and operand2 to $13B8/$13B9; C4:8BE2 opcode 0x58 writes destination coordinates",canonical_rom_sha256=F6A345E2F07F0CBC4EFF7D4FF06AE88A814A98FDF100C7BF7351168C73916A98;tools/python/catalog_map_transition_candidates.py;C4:8B56;C1:8244;C4:8B6A;C4:8BE2
,,,,0x7C,14,0x77,vm_opcode_0x55_restore_context_terminal,CC:9A97,,pack=0x7C;record=14;entry=0x77,,0x4C,0x06,,,,,31,142,31,142,CC:097E,bounded substream tail; destination record0 entry 0x06 exists; destination entry has aligned 0x58 coordinate setter at CC:097E,strong_candidate,"C4:8B56 opcode 0x55 saves current $157D/$1573 on the CPU stack, calls 81:8244 to restore indexed map state, restores the current primary X/Y pair, then falls through to C4:8B6A; the transition core writes operand1 to $0305 and operand2 to $13B8/$13B9; C4:8BE2 opcode 0x58 writes destination coordinates",canonical_rom_sha256=F6A345E2F07F0CBC4EFF7D4FF06AE88A814A98FDF100C7BF7351168C73916A98;tools/python/catalog_map_transition_candidates.py;C4:8B56;C1:8244;C4:8B6A;C4:8BE2
,,,,0x86,1,0x77,vm_opcode_0x55_restore_context_terminal,CC:BE38,,pack=0x86;record=1;entry=0x77,,0x4C,0x0F,,,,,199,40,199,40,CC:09CF,bounded substream tail; destination record0 entry 0x0F exists; destination entry has aligned 0x58 coordinate setter at CC:09CF,strong_candidate,"C4:8B56 opcode 0x55 saves current $157D/$1573 on the CPU stack, calls 81:8244 to restore indexed map state, restores the current primary X/Y pair, then falls through to C4:8B6A; the transition core writes operand1 to $0305 and operand2 to $13B8/$13B9; C4:8BE2 opcode 0x58 writes destination coordinates",canonical_rom_sha256=F6A345E2F07F0CBC4EFF7D4FF06AE88A814A98FDF100C7BF7351168C73916A98;tools/python/catalog_map_transition_candidates.py;C4:8B56;C1:8244;C4:8B6A;C4:8BE2
,,,,0x86,2,0x79,vm_opcode_0x55_restore_context_terminal,CC:BE45,,pack=0x86;record=2;entry=0x79,,0x4C,0x10,,,,,199,38,199,38,CC:09D8,bounded substream tail; destination record0 entry 0x10 exists; destination entry has aligned 0x58 coordinate setter at CC:09D8,strong_candidate,"C4:8B56 opcode 0x55 saves current $157D/$1573 on the CPU stack, calls 81:8244 to restore indexed map state, restores the current primary X/Y pair, then falls through to C4:8B6A; the transition core writes operand1 to $0305 and operand2 to $13B8/$13B9; C4:8BE2 opcode 0x58 writes destination coordinates",canonical_rom_sha256=F6A345E2F07F0CBC4EFF7D4FF06AE88A814A98FDF100C7BF7351168C73916A98;tools/python/catalog_map_transition_candidates.py;C4:8B56;C1:8244;C4:8B6A;C4:8BE2
,,,,0x8B,1,0x79,vm_opcode_0x55_restore_context_terminal,CC:C73A,,pack=0x8B;record=1;entry=0x79,,0x8A,0x03,cfg_t56_l194_v1,194,56,1,8,36,8,36,CC:C678,bounded substream tail; destination record0 entry 0x03 exists; destination entry has aligned 0x58 coordinate setter at CC:C678,strong_candidate,"C4:8B56 opcode 0x55 saves current $157D/$1573 on the CPU stack, calls 81:8244 to restore indexed map state, restores the current primary X/Y pair, then falls through to C4:8B6A; the transition core writes operand1 to $0305 and operand2 to $13B8/$13B9; C4:8BE2 opcode 0x58 writes destination coordinates",canonical_rom_sha256=F6A345E2F07F0CBC4EFF7D4FF06AE88A814A98FDF100C7BF7351168C73916A98;tools/python/catalog_map_transition_candidates.py;C4:8B56;C1:8244;C4:8B6A;C4:8BE2
,,,,0x91,5,0x77,vm_opcode_0x55_restore_context_terminal,CC:D36A,,pack=0x91;record=5;entry=0x77,,0x4C,0x04,,,,,47,199,47,199,CC:096C,bounded substream tail; destination record0 entry 0x04 exists; destination entry has aligned 0x58 coordinate setter at CC:096C,strong_candidate,"C4:8B56 opcode 0x55 saves current $157D/$1573 on the CPU stack, calls 81:8244 to restore indexed map state, restores the current primary X/Y pair, then falls through to C4:8B6A; the transition core writes operand1 to $0305 and operand2 to $13B8/$13B9; C4:8BE2 opcode 0x58 writes destination coordinates",canonical_rom_sha256=F6A345E2F07F0CBC4EFF7D4FF06AE88A814A98FDF100C7BF7351168C73916A98;tools/python/catalog_map_transition_candidates.py;C4:8B56;C1:8244;C4:8B6A;C4:8BE2
,,,,0x96,4,0x79,vm_opcode_0x55_restore_context_terminal,CC:DCB3,,pack=0x96;record=4;entry=0x79,,0x4C,0x07,,,,,50,129,50,129,CC:0987,bounded substream tail; destination record0 entry 0x07 exists; destination entry has aligned 0x58 coordinate setter at CC:0987,strong_candidate,"C4:8B56 opcode 0x55 saves current $157D/$1573 on the CPU stack, calls 81:8244 to restore indexed map state, restores the current primary X/Y pair, then falls through to C4:8B6A; the transition core writes operand1 to $0305 and operand2 to $13B8/$13B9; C4:8BE2 opcode 0x58 writes destination coordinates",canonical_rom_sha256=F6A345E2F07F0CBC4EFF7D4FF06AE88A814A98FDF100C7BF7351168C73916A98;tools/python/catalog_map_transition_candidates.py;C4:8B56;C1:8244;C4:8B6A;C4:8BE2
,,,,0x98,5,0x79,vm_opcode_0x55_restore_context_terminal,CC:E0E5,,pack=0x98;record=5;entry=0x79,,0x4C,0x08,,,,,51,122,51,122,CC:0990,bounded substream tail; destination record0 entry 0x08 exists; destination entry has aligned 0x58 coordinate setter at CC:0990,strong_candidate,"C4:8B56 opcode 0x55 saves current $157D/$1573 on the CPU stack, calls 81:8244 to restore indexed map state, restores the current primary X/Y pair, then falls through to C4:8B6A; the transition core writes operand1 to $0305 and operand2 to $13B8/$13B9; C4:8BE2 opcode 0x58 writes destination coordinates",canonical_rom_sha256=F6A345E2F07F0CBC4EFF7D4FF06AE88A814A98FDF100C7BF7351168C73916A98;tools/python/catalog_map_transition_candidates.py;C4:8B56;C1:8244;C4:8B6A;C4:8BE2
,,,,0x9A,1,0x77,vm_opcode_0x55_restore_context_terminal,CC:E982,,pack=0x9A;record=1;entry=0x77,,0x68,0x03,,,,,36,13,36,13,CC:4E8F,bounded substream tail; destination record0 entry 0x03 exists; destination entry has aligned 0x58 coordinate setter at CC:4E8F,strong_candidate,"C4:8B56 opcode 0x55 saves current $157D/$1573 on the CPU stack, calls 81:8244 to restore indexed map state, restores the current primary X/Y pair, then falls through to C4:8B6A; the transition core writes operand1 to $0305 and operand2 to $13B8/$13B9; C4:8BE2 opcode 0x58 writes destination coordinates",canonical_rom_sha256=F6A345E2F07F0CBC4EFF7D4FF06AE88A814A98FDF100C7BF7351168C73916A98;tools/python/catalog_map_transition_candidates.py;C4:8B56;C1:8244;C4:8B6A;C4:8BE2
,,,,0x9B,8,0x77,vm_opcode_0x55_restore_context_terminal,CC:F120,,pack=0x9B;record=8;entry=0x77,,0x68,0x03,,,,,36,13,36,13,CC:4E8F,bounded substream tail; destination record0 entry 0x03 exists; destination entry has aligned 0x58 coordinate setter at CC:4E8F,strong_candidate,"C4:8B56 opcode 0x55 saves current $157D/$1573 on the CPU stack, calls 81:8244 to restore indexed map state, restores the current primary X/Y pair, then falls through to C4:8B6A; the transition core writes operand1 to $0305 and operand2 to $13B8/$13B9; C4:8BE2 opcode 0x58 writes destination coordinates",canonical_rom_sha256=F6A345E2F07F0CBC4EFF7D4FF06AE88A814A98FDF100C7BF7351168C73916A98;tools/python/catalog_map_transition_candidates.py;C4:8B56;C1:8244;C4:8B6A;C4:8BE2
,,,,0x9D,1,0x29,vm_opcode_0x55_restore_context_terminal,CC:FC88,,pack=0x9D;record=1;entry=0x29,,0x6A,0x03,cfg_t06_l040_v2,40,6,2,57,10,57,10,CC:547E,bounded substream tail; destination record0 entry 0x03 exists; destination entry has aligned 0x58 coordinate setter at CC:547E,strong_candidate,"C4:8B56 opcode 0x55 saves current $157D/$1573 on the CPU stack, calls 81:8244 to restore indexed map state, restores the current primary X/Y pair, then falls through to C4:8B6A; the transition core writes operand1 to $0305 and operand2 to $13B8/$13B9; C4:8BE2 opcode 0x58 writes destination coordinates",canonical_rom_sha256=F6A345E2F07F0CBC4EFF7D4FF06AE88A814A98FDF100C7BF7351168C73916A98;tools/python/catalog_map_transition_candidates.py;C4:8B56;C1:8244;C4:8B6A;C4:8BE2
,,,,0x9E,1,0x77,vm_opcode_0x55_restore_context_terminal,CD:00AA,,pack=0x9E;record=1;entry=0x77,,0x4C,0x09,,,,,124,64,124,64,CC:0999,bounded substream tail; destination record0 entry 0x09 exists; destination entry has aligned 0x58 coordinate setter at CC:0999,strong_candidate,"C4:8B56 opcode 0x55 saves current $157D/$1573 on the CPU stack, calls 81:8244 to restore indexed map state, restores the current primary X/Y pair, then falls through to C4:8B6A; the transition core writes operand1 to $0305 and operand2 to $13B8/$13B9; C4:8BE2 opcode 0x58 writes destination coordinates",canonical_rom_sha256=F6A345E2F07F0CBC4EFF7D4FF06AE88A814A98FDF100C7BF7351168C73916A98;tools/python/catalog_map_transition_candidates.py;C4:8B56;C1:8244;C4:8B6A;C4:8BE2
,,,,0xA8,10,0x77,vm_opcode_0x55_restore_context_terminal,CD:1F5B,,pack=0xA8;record=10;entry=0x77,,0x4C,0x0A,,,,,124,62,124,62,CC:09A2,bounded substream tail; destination record0 entry 0x0A exists; destination entry has aligned 0x58 coordinate setter at CC:09A2,strong_candidate,"C4:8B56 opcode 0x55 saves current $157D/$1573 on the CPU stack, calls 81:8244 to restore indexed map state, restores the current primary X/Y pair, then falls through to C4:8B6A; the transition core writes operand1 to $0305 and operand2 to $13B8/$13B9; C4:8BE2 opcode 0x58 writes destination coordinates",canonical_rom_sha256=F6A345E2F07F0CBC4EFF7D4FF06AE88A814A98FDF100C7BF7351168C73916A98;tools/python/catalog_map_transition_candidates.py;C4:8B56;C1:8244;C4:8B6A;C4:8BE2
,,,,0xAE,1,0x77,vm_opcode_0x55_restore_context_terminal,CD:38A7,,pack=0xAE;record=1;entry=0x77,,0x4C,0x0B,,,,,230,70,230,70,CC:09AB,bounded substream tail; destination record0 entry 0x0B exists; destination entry has aligned 0x58 coordinate setter at CC:09AB,strong_candidate,"C4:8B56 opcode 0x55 saves current $157D/$1573 on the CPU stack, calls 81:8244 to restore indexed map state, restores the current primary X/Y pair, then falls through to C4:8B6A; the transition core writes operand1 to $0305 and operand2 to $13B8/$13B9; C4:8BE2 opcode 0x58 writes destination coordinates",canonical_rom_sha256=F6A345E2F07F0CBC4EFF7D4FF06AE88A814A98FDF100C7BF7351168C73916A98;tools/python/catalog_map_transition_candidates.py;C4:8B56;C1:8244;C4:8B6A;C4:8BE2
,,,,0xB0,2,0x77,vm_opcode_0x55_restore_context_terminal,CD:40B3,,pack=0xB0;record=2;entry=0x77,,0x4C,0x0C,,,,,233,73,233,73,CC:09B4,bounded substream tail; destination record0 entry 0x0C exists; destination entry has aligned 0x58 coordinate setter at CC:09B4,strong_candidate,"C4:8B56 opcode 0x55 saves current $157D/$1573 on the CPU stack, calls 81:8244 to restore indexed map state, restores the current primary X/Y pair, then falls through to C4:8B6A; the transition core writes operand1 to $0305 and operand2 to $13B8/$13B9; C4:8BE2 opcode 0x58 writes destination coordinates",canonical_rom_sha256=F6A345E2F07F0CBC4EFF7D4FF06AE88A814A98FDF100C7BF7351168C73916A98;tools/python/catalog_map_transition_candidates.py;C4:8B56;C1:8244;C4:8B6A;C4:8BE2
,,,,0xB1,1,0x77,vm_opcode_0x55_restore_context_terminal,CD:4386,,pack=0xB1;record=1;entry=0x77,,0x4C,0x15,,,,,206,181,206,181,CC:0A1F,bounded substream tail; destination record0 entry 0x15 exists; destination entry has aligned 0x58 coordinate setter at CC:0A1F,strong_candidate,"C4:8B56 opcode 0x55 saves current $157D/$1573 on the CPU stack, calls 81:8244 to restore indexed map state, restores the current primary X/Y pair, then falls through to C4:8B6A; the transition core writes operand1 to $0305 and operand2 to $13B8/$13B9; C4:8BE2 opcode 0x58 writes destination coordinates",canonical_rom_sha256=F6A345E2F07F0CBC4EFF7D4FF06AE88A814A98FDF100C7BF7351168C73916A98;tools/python/catalog_map_transition_candidates.py;C4:8B56;C1:8244;C4:8B6A;C4:8BE2
,,,,0xB6,6,0x79,vm_opcode_0x55_restore_context_terminal,CD:5361,,pack=0xB6;record=6;entry=0x79,,0x4C,0x16,,,,,206,184,206,184,CC:0A28,bounded substream tail; destination record0 entry 0x16 exists; destination entry has aligned 0x58 coordinate setter at CC:0A28,strong_candidate,"C4:8B56 opcode 0x55 saves current $157D/$1573 on the CPU stack, calls 81:8244 to restore indexed map state, restores the current primary X/Y pair, then falls through to C4:8B6A; the transition core writes operand1 to $0305 and operand2 to $13B8/$13B9; C4:8BE2 opcode 0x58 writes destination coordinates",canonical_rom_sha256=F6A345E2F07F0CBC4EFF7D4FF06AE88A814A98FDF100C7BF7351168C73916A98;tools/python/catalog_map_transition_candidates.py;C4:8B56;C1:8244;C4:8B6A;C4:8BE2
,,,,0xB8,18,0x2E,vm_opcode_0x55_restore_context_terminal,CD:5C13,,pack=0xB8;record=18;entry=0x2E,,0x4C,0x23,,,,,,,,,,bounded substream tail; destination record0 entry 0x23 exists,strong_candidate,"C4:8B56 opcode 0x55 saves current $157D/$1573 on the CPU stack, calls 81:8244 to restore indexed map state, restores the current primary X/Y pair, then falls through to C4:8B6A; the transition core writes operand1 to $0305 and operand2 to $13B8/$13B9",canonical_rom_sha256=F6A345E2F07F0CBC4EFF7D4FF06AE88A814A98FDF100C7BF7351168C73916A98;tools/python/catalog_map_transition_candidates.py;C4:8B56;C1:8244;C4:8B6A;C4:8BE2
,,,,0xBD,8,0x38,vm_opcode_0x55_restore_context_terminal,CD:6DF0,,pack=0xBD;record=8;entry=0x38,,0x4C,0x1E,,,,,,,,,,bounded substream tail; destination record0 entry 0x1E exists,strong_candidate,"C4:8B56 opcode 0x55 saves current $157D/$1573 on the CPU stack, calls 81:8244 to restore indexed map state, restores the current primary X/Y pair, then falls through to C4:8B6A; the transition core writes operand1 to $0305 and operand2 to $13B8/$13B9",canonical_rom_sha256=F6A345E2F07F0CBC4EFF7D4FF06AE88A814A98FDF100C7BF7351168C73916A98;tools/python/catalog_map_transition_candidates.py;C4:8B56;C1:8244;C4:8B6A;C4:8BE2
,,,,0xCB,2,0x79,vm_opcode_0x55_restore_context_terminal,CD:8EBE,,pack=0xCB;record=2;entry=0x79,,0x4C,0x24,,,,,,,,,,bounded substream tail; destination record0 entry 0x24 exists,strong_candidate,"C4:8B56 opcode 0x55 saves current $157D/$1573 on the CPU stack, calls 81:8244 to restore indexed map state, restores the current primary X/Y pair, then falls through to C4:8B6A; the transition core writes operand1 to $0305 and operand2 to $13B8/$13B9",canonical_rom_sha256=F6A345E2F07F0CBC4EFF7D4FF06AE88A814A98FDF100C7BF7351168C73916A98;tools/python/catalog_map_transition_candidates.py;C4:8B56;C1:8244;C4:8B6A;C4:8BE2
,,,,0xD6,1,0x79,vm_opcode_0x55_restore_context_terminal,CD:A03B,,pack=0xD6;record=1;entry=0x79,,0xD4,0x07,cfg_t54_l190_v2,190,54,2,55,5,55,5,CD:9CD4,bounded substream tail; destination record0 entry 0x07 exists; destination entry has aligned 0x58 coordinate setter at CD:9CD4,strong_candidate,"C4:8B56 opcode 0x55 saves current $157D/$1573 on the CPU stack, calls 81:8244 to restore indexed map state, restores the current primary X/Y pair, then falls through to C4:8B6A; the transition core writes operand1 to $0305 and operand2 to $13B8/$13B9; C4:8BE2 opcode 0x58 writes destination coordinates",canonical_rom_sha256=F6A345E2F07F0CBC4EFF7D4FF06AE88A814A98FDF100C7BF7351168C73916A98;tools/python/catalog_map_transition_candidates.py;C4:8B56;C1:8244;C4:8B6A;C4:8BE2
,,,,0xDE,1,0x77,vm_opcode_0x55_restore_context_terminal,CD:B82A,,pack=0xDE;record=1;entry=0x77,,0xCF,0x03,,,,,70,124,70,124,CD:9318,bounded substream tail; destination record0 entry 0x03 exists; destination entry has aligned 0x58 coordinate setter at CD:9318,strong_candidate,"C4:8B56 opcode 0x55 saves current $157D/$1573 on the CPU stack, calls 81:8244 to restore indexed map state, restores the current primary X/Y pair, then falls through to C4:8B6A; the transition core writes operand1 to $0305 and operand2 to $13B8/$13B9; C4:8BE2 opcode 0x58 writes destination coordinates",canonical_rom_sha256=F6A345E2F07F0CBC4EFF7D4FF06AE88A814A98FDF100C7BF7351168C73916A98;tools/python/catalog_map_transition_candidates.py;C4:8B56;C1:8244;C4:8B6A;C4:8BE2
,,,,0xDE,2,0x77,vm_opcode_0x55_restore_context_terminal,CD:B837,,pack=0xDE;record=2;entry=0x77,,0xCF,0x04,,,,,65,11,65,11,CD:9322,bounded substream tail; destination record0 entry 0x04 exists; destination entry has aligned 0x58 coordinate setter at CD:9322,strong_candidate,"C4:8B56 opcode 0x55 saves current $157D/$1573 on the CPU stack, calls 81:8244 to restore indexed map state, restores the current primary X/Y pair, then falls through to C4:8B6A; the transition core writes operand1 to $0305 and operand2 to $13B8/$13B9; C4:8BE2 opcode 0x58 writes destination coordinates",canonical_rom_sha256=F6A345E2F07F0CBC4EFF7D4FF06AE88A814A98FDF100C7BF7351168C73916A98;tools/python/catalog_map_transition_candidates.py;C4:8B56;C1:8244;C4:8B6A;C4:8BE2
,,,,0xDE,3,0x77,vm_opcode_0x55_restore_context_terminal,CD:B844,,pack=0xDE;record=3;entry=0x77,,0xCF,0x05,,,,,61,13,61,13,CD:932C,bounded substream tail; destination record0 entry 0x05 exists; destination entry has aligned 0x58 coordinate setter at CD:932C,strong_candidate,"C4:8B56 opcode 0x55 saves current $157D/$1573 on the CPU stack, calls 81:8244 to restore indexed map state, restores the current primary X/Y pair, then falls through to C4:8B6A; the transition core writes operand1 to $0305 and operand2 to $13B8/$13B9; C4:8BE2 opcode 0x58 writes destination coordinates",canonical_rom_sha256=F6A345E2F07F0CBC4EFF7D4FF06AE88A814A98FDF100C7BF7351168C73916A98;tools/python/catalog_map_transition_candidates.py;C4:8B56;C1:8244;C4:8B6A;C4:8BE2
,,,,0xDE,4,0x77,vm_opcode_0x55_restore_context_terminal,CD:B851,,pack=0xDE;record=4;entry=0x77,,0xCF,0x06,,,,,58,18,58,18,CD:9336,bounded substream tail; destination record0 entry 0x06 exists; destination entry has aligned 0x58 coordinate setter at CD:9336,strong_candidate,"C4:8B56 opcode 0x55 saves current $157D/$1573 on the CPU stack, calls 81:8244 to restore indexed map state, restores the current primary X/Y pair, then falls through to C4:8B6A; the transition core writes operand1 to $0305 and operand2 to $13B8/$13B9; C4:8BE2 opcode 0x58 writes destination coordinates",canonical_rom_sha256=F6A345E2F07F0CBC4EFF7D4FF06AE88A814A98FDF100C7BF7351168C73916A98;tools/python/catalog_map_transition_candidates.py;C4:8B56;C1:8244;C4:8B6A;C4:8BE2
,,,,0xDE,5,0x77,vm_opcode_0x55_restore_context_terminal,CD:B85E,,pack=0xDE;record=5;entry=0x77,,0xCF,0x07,,,,,63,22,63,22,CD:9340,bounded substream tail; destination record0 entry 0x07 exists; destination entry has aligned 0x58 coordinate setter at CD:9340,strong_candidate,"C4:8B56 opcode 0x55 saves current $157D/$1573 on the CPU stack, calls 81:8244 to restore indexed map state, restores the current primary X/Y pair, then falls through to C4:8B6A; the transition core writes operand1 to $0305 and operand2 to $13B8/$13B9; C4:8BE2 opcode 0x58 writes destination coordinates",canonical_rom_sha256=F6A345E2F07F0CBC4EFF7D4FF06AE88A814A98FDF100C7BF7351168C73916A98;tools/python/catalog_map_transition_candidates.py;C4:8B56;C1:8244;C4:8B6A;C4:8BE2
,,,,0xDE,6,0x77,vm_opcode_0x55_restore_context_terminal,CD:B86B,,pack=0xDE;record=6;entry=0x77,,0xCF,0x08,,,,,56,24,56,24,CD:934A,bounded substream tail; destination record0 entry 0x08 exists; destination entry has aligned 0x58 coordinate setter at CD:934A,strong_candidate,"C4:8B56 opcode 0x55 saves current $157D/$1573 on the CPU stack, calls 81:8244 to restore indexed map state, restores the current primary X/Y pair, then falls through to C4:8B6A; the transition core writes operand1 to $0305 and operand2 to $13B8/$13B9; C4:8BE2 opcode 0x58 writes destination coordinates",canonical_rom_sha256=F6A345E2F07F0CBC4EFF7D4FF06AE88A814A98FDF100C7BF7351168C73916A98;tools/python/catalog_map_transition_candidates.py;C4:8B56;C1:8244;C4:8B6A;C4:8BE2
,,,,0xDE,7,0x77,vm_opcode_0x55_restore_context_terminal,CD:B878,,pack=0xDE;record=7;entry=0x77,,0xCF,0x09,,,,,54,28,54,28,CD:9354,bounded substream tail; destination record0 entry 0x09 exists; destination entry has aligned 0x58 coordinate setter at CD:9354,strong_candidate,"C4:8B56 opcode 0x55 saves current $157D/$1573 on the CPU stack, calls 81:8244 to restore indexed map state, restores the current primary X/Y pair, then falls through to C4:8B6A; the transition core writes operand1 to $0305 and operand2 to $13B8/$13B9; C4:8BE2 opcode 0x58 writes destination coordinates",canonical_rom_sha256=F6A345E2F07F0CBC4EFF7D4FF06AE88A814A98FDF100C7BF7351168C73916A98;tools/python/catalog_map_transition_candidates.py;C4:8B56;C1:8244;C4:8B6A;C4:8BE2
,,,,0xDE,8,0x77,vm_opcode_0x55_restore_context_terminal,CD:B885,,pack=0xDE;record=8;entry=0x77,,0xCF,0x0A,,,,,49,32,49,32,CD:935E,bounded substream tail; destination record0 entry 0x0A exists; destination entry has aligned 0x58 coordinate setter at CD:935E,strong_candidate,"C4:8B56 opcode 0x55 saves current $157D/$1573 on the CPU stack, calls 81:8244 to restore indexed map state, restores the current primary X/Y pair, then falls through to C4:8B6A; the transition core writes operand1 to $0305 and operand2 to $13B8/$13B9; C4:8BE2 opcode 0x58 writes destination coordinates",canonical_rom_sha256=F6A345E2F07F0CBC4EFF7D4FF06AE88A814A98FDF100C7BF7351168C73916A98;tools/python/catalog_map_transition_candidates.py;C4:8B56;C1:8244;C4:8B6A;C4:8BE2
,,,,0xDE,9,0x77,vm_opcode_0x55_restore_context_terminal,CD:B892,,pack=0xDE;record=9;entry=0x77,,0xCF,0x0B,,,,,45,31,45,31,CD:9368,bounded substream tail; destination record0 entry 0x0B exists; destination entry has aligned 0x58 coordinate setter at CD:9368,strong_candidate,"C4:8B56 opcode 0x55 saves current $157D/$1573 on the CPU stack, calls 81:8244 to restore indexed map state, restores the current primary X/Y pair, then falls through to C4:8B6A; the transition core writes operand1 to $0305 and operand2 to $13B8/$13B9; C4:8BE2 opcode 0x58 writes destination coordinates",canonical_rom_sha256=F6A345E2F07F0CBC4EFF7D4FF06AE88A814A98FDF100C7BF7351168C73916A98;tools/python/catalog_map_transition_candidates.py;C4:8B56;C1:8244;C4:8B6A;C4:8BE2
,,,,0xDE,10,0x77,vm_opcode_0x55_restore_context_terminal,CD:B89F,,pack=0xDE;record=10;entry=0x77,,0xCF,0x0C,,,,,41,34,41,34,CD:9372,bounded substream tail; destination record0 entry 0x0C exists; destination entry has aligned 0x58 coordinate setter at CD:9372,strong_candidate,"C4:8B56 opcode 0x55 saves current $157D/$1573 on the CPU stack, calls 81:8244 to restore indexed map state, restores the current primary X/Y pair, then falls through to C4:8B6A; the transition core writes operand1 to $0305 and operand2 to $13B8/$13B9; C4:8BE2 opcode 0x58 writes destination coordinates",canonical_rom_sha256=F6A345E2F07F0CBC4EFF7D4FF06AE88A814A98FDF100C7BF7351168C73916A98;tools/python/catalog_map_transition_candidates.py;C4:8B56;C1:8244;C4:8B6A;C4:8BE2
,,,,0xE8,1,0x79,vm_opcode_0x55_restore_context_terminal,CD:D845,,pack=0xE8;record=1;entry=0x79,,0x4C,0x21,,,,,141,194,141,194,CC:0ABA,bounded substream tail; destination record0 entry 0x21 exists; destination entry has aligned 0x58 coordinate setter at CC:0ABA,strong_candidate,"C4:8B56 opcode 0x55 saves current $157D/$1573 on the CPU stack, calls 81:8244 to restore indexed map state, restores the current primary X/Y pair, then falls through to C4:8B6A; the transition core writes operand1 to $0305 and operand2 to $13B8/$13B9; C4:8BE2 opcode 0x58 writes destination coordinates",canonical_rom_sha256=F6A345E2F07F0CBC4EFF7D4FF06AE88A814A98FDF100C7BF7351168C73916A98;tools/python/catalog_map_transition_candidates.py;C4:8B56;C1:8244;C4:8B6A;C4:8BE2
,,,,0xEF,12,0x31,vm_opcode_0x55_restore_context_terminal,CD:F380,,pack=0xEF;record=12;entry=0x31,,0x4C,0x16,,,,,206,184,206,184,CC:0A28,bounded substream tail; destination record0 entry 0x16 exists; destination entry has aligned 0x58 coordinate setter at CC:0A28,strong_candidate,"C4:8B56 opcode 0x55 saves current $157D/$1573 on the CPU stack, calls 81:8244 to restore indexed map state, restores the current primary X/Y pair, then falls through to C4:8B6A; the transition core writes operand1 to $0305 and operand2 to $13B8/$13B9; C4:8BE2 opcode 0x58 writes destination coordinates",canonical_rom_sha256=F6A345E2F07F0CBC4EFF7D4FF06AE88A814A98FDF100C7BF7351168C73916A98;tools/python/catalog_map_transition_candidates.py;C4:8B56;C1:8244;C4:8B6A;C4:8BE2
,,,,0x66,1,0x79,vm_opcode_0x55_nonterminal_shape,CC:487C,,pack=0x66;record=1;entry=0x79,,0x65,0x04,cfg_t04_l044_v2,44,4,2,20,31,20,31,CC:45B3,source opcode boundary proven reachable by fail-closed CFG; destination record0 entry exists and has aligned 0x58 setter,strong_candidate,raw 0x55 shape inside bounded VM substream; C4:8B56 restores saved map context then falls through to the C4:8B6A transition core; destination entry independently has aligned 0x58 coordinates; source opcode boundary proven reachable by fail-closed CFG,canonical_rom_sha256=F6A345E2F07F0CBC4EFF7D4FF06AE88A814A98FDF100C7BF7351168C73916A98;tools/python/catalog_map_transition_candidates.py;C4:8B56;C1:8244;C4:8B6A;C4:8BE2
,,,,0x6B,1,0x79,vm_opcode_0x55_nonterminal_shape,CC:5AB7,,pack=0x6B;record=1;entry=0x79,,0x4C,0x11,,,,,140,34,140,34,CC:09E1,source opcode boundary proven reachable by fail-closed CFG; destination record0 entry exists and has aligned 0x58 setter,strong_candidate,raw 0x55 shape inside bounded VM substream; C4:8B56 restores saved map context then falls through to the C4:8B6A transition core; destination entry independently has aligned 0x58 coordinates; source opcode boundary proven reachable by fail-closed CFG,canonical_rom_sha256=F6A345E2F07F0CBC4EFF7D4FF06AE88A814A98FDF100C7BF7351168C73916A98;tools/python/catalog_map_transition_candidates.py;C4:8B56;C1:8244;C4:8B6A;C4:8BE2
,,,,0x6E,1,0x79,vm_opcode_0x55_nonterminal_shape,CC:6410,,pack=0x6E;record=1;entry=0x79,,0x4C,0x12,,,,,145,34,145,34,CC:09EA,source opcode boundary proven reachable by fail-closed CFG; destination record0 entry exists and has aligned 0x58 setter,strong_candidate,raw 0x55 shape inside bounded VM substream; C4:8B56 restores saved map context then falls through to the C4:8B6A transition core; destination entry independently has aligned 0x58 coordinates; source opcode boundary proven reachable by fail-closed CFG,canonical_rom_sha256=F6A345E2F07F0CBC4EFF7D4FF06AE88A814A98FDF100C7BF7351168C73916A98;tools/python/catalog_map_transition_candidates.py;C4:8B56;C1:8244;C4:8B6A;C4:8BE2
,,,,0x91,2,0x79,vm_opcode_0x55_nonterminal_shape,CC:D323,,pack=0x91;record=2;entry=0x79,,0x4C,0x03,,,,,33,203,33,203,CC:0963,source opcode boundary proven reachable by fail-closed CFG; destination record0 entry exists and has aligned 0x58 setter,strong_candidate,raw 0x55 shape inside bounded VM substream; C4:8B56 restores saved map context then falls through to the C4:8B6A transition core; destination entry independently has aligned 0x58 coordinates; source opcode boundary proven reachable by fail-closed CFG,canonical_rom_sha256=F6A345E2F07F0CBC4EFF7D4FF06AE88A814A98FDF100C7BF7351168C73916A98;tools/python/catalog_map_transition_candidates.py;C4:8B56;C1:8244;C4:8B6A;C4:8BE2
,,,,0xDD,1,0x79,vm_opcode_0x55_nonterminal_shape,CD:B654,,pack=0xDD;record=1;entry=0x79,,0xCF,0x15,,,,,91,23,91,23,CD:93AE,source opcode boundary proven reachable by fail-closed CFG; destination record0 entry exists and has aligned 0x58 setter,strong_candidate,raw 0x55 shape inside bounded VM substream; C4:8B56 restores saved map context then falls through to the C4:8B6A transition core; destination entry independently has aligned 0x58 coordinates; source opcode boundary proven reachable by fail-closed CFG,canonical_rom_sha256=F6A345E2F07F0CBC4EFF7D4FF06AE88A814A98FDF100C7BF7351168C73916A98;tools/python/catalog_map_transition_candidates.py;C4:8B56;C1:8244;C4:8B6A;C4:8BE2
,,,,0xDD,1,0x79,vm_opcode_0x55_nonterminal_shape,CD:B666,,pack=0xDD;record=1;entry=0x79,,0xCF,0x16,,,,,57,7,57,7,CD:93C0,source opcode boundary proven reachable by fail-closed CFG; destination record0 entry exists and has aligned 0x58 setter,strong_candidate,raw 0x55 shape inside bounded VM substream; C4:8B56 restores saved map context then falls through to the C4:8B6A transition core; destination entry independently has aligned 0x58 coordinates; source opcode boundary proven reachable by fail-closed CFG,canonical_rom_sha256=F6A345E2F07F0CBC4EFF7D4FF06AE88A814A98FDF100C7BF7351168C73916A98;tools/python/catalog_map_transition_candidates.py;C4:8B56;C1:8244;C4:8B6A;C4:8BE2
,,,,0xDD,1,0x79,vm_opcode_0x55_nonterminal_shape,CD:B678,,pack=0xDD;record=1;entry=0x79,,0xCF,0x17,,,,,65,62,65,62,CD:93D2,source opcode boundary proven reachable by fail-closed CFG; destination record0 entry exists and has aligned 0x58 setter,strong_candidate,raw 0x55 shape inside bounded VM substream; C4:8B56 restores saved map context then falls through to the C4:8B6A transition core; destination entry independently has aligned 0x58 coordinates; source opcode boundary proven reachable by fail-closed CFG,canonical_rom_sha256=F6A345E2F07F0CBC4EFF7D4FF06AE88A814A98FDF100C7BF7351168C73916A98;tools/python/catalog_map_transition_candidates.py;C4:8B56;C1:8244;C4:8B6A;C4:8BE2
,,,,0xE0,7,0x7C,vm_opcode_0x55_nonterminal_shape,CD:BC6B,,pack=0xE0;record=7;entry=0x7C,,0xDF,0x03,cfg_t03_l005_v1,5,3,1,73,183,73,183,CD:B8F5,source opcode boundary proven reachable by fail-closed CFG; destination record0 entry exists and has aligned 0x58 setter,strong_candidate,raw 0x55 shape inside bounded VM substream; C4:8B56 restores saved map context then falls through to the C4:8B6A transition core; destination entry independently has aligned 0x58 coordinates; source opcode boundary proven reachable by fail-closed CFG,canonical_rom_sha256=F6A345E2F07F0CBC4EFF7D4FF06AE88A814A98FDF100C7BF7351168C73916A98;tools/python/catalog_map_transition_candidates.py;C4:8B56;C1:8244;C4:8B6A;C4:8BE2
,,,,0xE8,1,0x79,vm_opcode_0x55_nonterminal_shape,CD:D829,,pack=0xE8;record=1;entry=0x79,,0x4C,0x20,,,,,61,91,61,91,CC:0AAA,source opcode boundary proven reachable by fail-closed CFG; destination record0 entry exists and has aligned 0x58 setter,strong_candidate,raw 0x55 shape inside bounded VM substream; C4:8B56 restores saved map context then falls through to the C4:8B6A transition core; destination entry independently has aligned 0x58 coordinates; source opcode boundary proven reachable by fail-closed CFG,canonical_rom_sha256=F6A345E2F07F0CBC4EFF7D4FF06AE88A814A98FDF100C7BF7351168C73916A98;tools/python/catalog_map_transition_candidates.py;C4:8B56;C1:8244;C4:8B6A;C4:8BE2
,,,,0x50,0,0x04,vm_opcode_0x57_native_route_terminal,CC:1C63,,pack=0x50;record=0;entry=0x04,,0x50,,cfg_t04_l008_v2,8,4,2,39,37,,,,exact bounded tail 57 0x03 B0; C4:8BD4 guard $13B8 != 0; route_ptr=C6:809C; context_0306=0x50; destination_entrance=0x02,strong_candidate,"C4:8BD4 opcode 0x57 reads one route-index operand when $13B8 != 0 and JSLs 86:8000 (LoROM mirror of C6:8000). C6:8000 doubles the index, loads a route pointer from C6:8060, clears the saved-map-state stack via 81:8204, walks [pack,x,y,entrance] nodes, saves non-final nodes through 81:8207, and leaves the final node active",canonical_rom_sha256=F6A345E2F07F0CBC4EFF7D4FF06AE88A814A98FDF100C7BF7351168C73916A98;tools/python/catalog_map_transition_candidates.py;C4:8BD4;C6:8000;C6:8060;81:8204;81:8207
,,,,0xDB,0,0x07,vm_opcode_0x57_native_route_terminal,CD:AB80,,pack=0xDB;record=0;entry=0x07,,0x6A,,cfg_t06_l040_v2,40,6,2,88,20,,,,exact bounded tail 57 0x0E B0; C4:8BD4 guard $13B8 != 0; route_ptr=C6:8112; context_0306=0xB8; destination_entrance=0x02,strong_candidate,"C4:8BD4 opcode 0x57 reads one route-index operand when $13B8 != 0 and JSLs 86:8000 (LoROM mirror of C6:8000). C6:8000 doubles the index, loads a route pointer from C6:8060, clears the saved-map-state stack via 81:8204, walks [pack,x,y,entrance] nodes, saves non-final nodes through 81:8207, and leaves the final node active",canonical_rom_sha256=F6A345E2F07F0CBC4EFF7D4FF06AE88A814A98FDF100C7BF7351168C73916A98;tools/python/catalog_map_transition_candidates.py;C4:8BD4;C6:8000;C6:8060;81:8204;81:8207
,,,,0x32,0,0x03,vm_opcode_0x57_entry_start_route,CB:E0DD,,pack=0x32;record=0;entry=0x03,,0x32,,cfg_t07_l024_v2,24,7,2,5,3,5,3,CB:E0DF,entry-start instruction boundary; route_index=0x0C; route_ptr=C6:80FA; context_0306=0x80; destination_entrance=0x02; aligned immediate 0x58 at CB:E0DF overrides primary/secondary coordinates,strong_candidate,"entry byte 0 is opcode 0x57, so source opcode alignment is independently exact. C4:8BD4 passes its one-byte route index to 86:8000/C6:8000, which selects C6:8060 and constructs the saved map-state route. The next aligned instruction is opcode 0x58, whose four operands write $1573/$157D/$15C3/$15C4.",canonical_rom_sha256=F6A345E2F07F0CBC4EFF7D4FF06AE88A814A98FDF100C7BF7351168C73916A98;tools/python/catalog_map_transition_candidates.py;C4:8BD4;C6:8000;C6:8060;81:8204;81:8207;C4:8BE2
,,,,0x4E,0,0x04,vm_opcode_0x57_entry_start_route,CC:1921,,pack=0x4E;record=0;entry=0x04,,0x4E,,cfg_t07_l007_v2,7,7,2,6,6,6,6,CC:1923,entry-start instruction boundary; route_index=0x01; route_ptr=C6:8080; context_0306=0x4E; destination_entrance=0x03; aligned immediate 0x58 at CC:1923 overrides primary/secondary coordinates,strong_candidate,"entry byte 0 is opcode 0x57, so source opcode alignment is independently exact. C4:8BD4 passes its one-byte route index to 86:8000/C6:8000, which selects C6:8060 and constructs the saved map-state route. The next aligned instruction is opcode 0x58, whose four operands write $1573/$157D/$15C3/$15C4.",canonical_rom_sha256=F6A345E2F07F0CBC4EFF7D4FF06AE88A814A98FDF100C7BF7351168C73916A98;tools/python/catalog_map_transition_candidates.py;C4:8BD4;C6:8000;C6:8060;81:8204;81:8207;C4:8BE2
,,,,0x69,0,0x02,vm_opcode_0x57_entry_start_route,CC:539D,,pack=0x69;record=0;entry=0x02,,0x69,,cfg_t07_l015_v2,15,7,2,9,7,9,7,CC:539F,entry-start instruction boundary; route_index=0x05; route_ptr=C6:80B0; context_0306=0x68; destination_entrance=0x02; aligned immediate 0x58 at CC:539F overrides primary/secondary coordinates,strong_candidate,"entry byte 0 is opcode 0x57, so source opcode alignment is independently exact. C4:8BD4 passes its one-byte route index to 86:8000/C6:8000, which selects C6:8060 and constructs the saved map-state route. The next aligned instruction is opcode 0x58, whose four operands write $1573/$157D/$15C3/$15C4.",canonical_rom_sha256=F6A345E2F07F0CBC4EFF7D4FF06AE88A814A98FDF100C7BF7351168C73916A98;tools/python/catalog_map_transition_candidates.py;C4:8BD4;C6:8000;C6:8060;81:8204;81:8207;C4:8BE2
,,,,0x6A,0,0x04,vm_opcode_0x57_entry_start_route,CC:5487,,pack=0x6A;record=0;entry=0x04,,0x6A,,cfg_t06_l040_v2,40,6,2,8,47,8,47,CC:5489,entry-start instruction boundary; route_index=0x0D; route_ptr=C6:8108; context_0306=0x6A; destination_entrance=0x02; aligned immediate 0x58 at CC:5489 overrides primary/secondary coordinates,strong_candidate,"entry byte 0 is opcode 0x57, so source opcode alignment is independently exact. C4:8BD4 passes its one-byte route index to 86:8000/C6:8000, which selects C6:8060 and constructs the saved map-state route. The next aligned instruction is opcode 0x58, whose four operands write $1573/$157D/$15C3/$15C4.",canonical_rom_sha256=F6A345E2F07F0CBC4EFF7D4FF06AE88A814A98FDF100C7BF7351168C73916A98;tools/python/catalog_map_transition_candidates.py;C4:8BD4;C6:8000;C6:8060;81:8204;81:8207;C4:8BE2
,,,,0x83,0,0x15,vm_opcode_0x57_entry_start_route,CC:B819,,pack=0x83;record=0;entry=0x15,,0x85,,,,,,11,30,11,30,CC:B81B,entry-start instruction boundary; route_index=0x0F; route_ptr=C6:811C; context_0306=0x83; destination_entrance=0x02; aligned immediate 0x58 at CC:B81B overrides primary/secondary coordinates,strong_candidate,"entry byte 0 is opcode 0x57, so source opcode alignment is independently exact. C4:8BD4 passes its one-byte route index to 86:8000/C6:8000, which selects C6:8060 and constructs the saved map-state route. The next aligned instruction is opcode 0x58, whose four operands write $1573/$157D/$15C3/$15C4.",canonical_rom_sha256=F6A345E2F07F0CBC4EFF7D4FF06AE88A814A98FDF100C7BF7351168C73916A98;tools/python/catalog_map_transition_candidates.py;C4:8BD4;C6:8000;C6:8060;81:8204;81:8207;C4:8BE2
,,,,0x84,0,0x15,vm_opcode_0x57_entry_start_route,CC:BAE2,,pack=0x84;record=0;entry=0x15,,0x85,,,,,,16,21,16,21,CC:BAE4,entry-start instruction boundary; route_index=0x0F; route_ptr=C6:811C; context_0306=0x83; destination_entrance=0x02; aligned immediate 0x58 at CC:BAE4 overrides primary/secondary coordinates,strong_candidate,"entry byte 0 is opcode 0x57, so source opcode alignment is independently exact. C4:8BD4 passes its one-byte route index to 86:8000/C6:8000, which selects C6:8060 and constructs the saved map-state route. The next aligned instruction is opcode 0x58, whose four operands write $1573/$157D/$15C3/$15C4.",canonical_rom_sha256=F6A345E2F07F0CBC4EFF7D4FF06AE88A814A98FDF100C7BF7351168C73916A98;tools/python/catalog_map_transition_candidates.py;C4:8BD4;C6:8000;C6:8060;81:8204;81:8207;C4:8BE2
,,,,0x85,0,0x15,vm_opcode_0x57_entry_start_route,CC:BC3F,,pack=0x85;record=0;entry=0x15,,0x85,,,,,,22,40,22,40,CC:BC41,entry-start instruction boundary; route_index=0x0F; route_ptr=C6:811C; context_0306=0x83; destination_entrance=0x02; aligned immediate 0x58 at CC:BC41 overrides primary/secondary coordinates,strong_candidate,"entry byte 0 is opcode 0x57, so source opcode alignment is independently exact. C4:8BD4 passes its one-byte route index to 86:8000/C6:8000, which selects C6:8060 and constructs the saved map-state route. The next aligned instruction is opcode 0x58, whose four operands write $1573/$157D/$15C3/$15C4.",canonical_rom_sha256=F6A345E2F07F0CBC4EFF7D4FF06AE88A814A98FDF100C7BF7351168C73916A98;tools/python/catalog_map_transition_candidates.py;C4:8BD4;C6:8000;C6:8060;81:8204;81:8207;C4:8BE2
,,,,0xB8,0,0x0B,vm_opcode_0x57_entry_start_route,CD:5703,,pack=0xB8;record=0;entry=0x0B,,0x6A,,cfg_t06_l040_v2,40,6,2,88,20,88,20,CD:5705,entry-start instruction boundary; route_index=0x0E; route_ptr=C6:8112; context_0306=0xB8; destination_entrance=0x02; aligned immediate 0x58 at CD:5705 overrides primary/secondary coordinates,strong_candidate,"entry byte 0 is opcode 0x57, so source opcode alignment is independently exact. C4:8BD4 passes its one-byte route index to 86:8000/C6:8000, which selects C6:8060 and constructs the saved map-state route. The next aligned instruction is opcode 0x58, whose four operands write $1573/$157D/$15C3/$15C4.",canonical_rom_sha256=F6A345E2F07F0CBC4EFF7D4FF06AE88A814A98FDF100C7BF7351168C73916A98;tools/python/catalog_map_transition_candidates.py;C4:8BD4;C6:8000;C6:8060;81:8204;81:8207;C4:8BE2
,,,,0x4E,0,0x03,vm_opcode_0x57_cfg_reachable_route,CC:1916,,pack=0x4E;record=0;entry=0x03,,0x4E,,cfg_t07_l007_v2,7,7,2,7,3,7,3,CC:1918,instruction boundary is reachable from parsed entry start under fail-closed CFG; route_index=0x01; route_ptr=C6:8080; context_0306=0x4E; destination_entrance=0x03; next_opcode=0x58; aligned immediate 0x58 at CC:1918 overrides primary/secondary coordinates,strong_candidate,"C4:8BD4 opcode 0x57 route-index semantics are proven. Source alignment is independently established by a fail-closed control-flow walk from the parsed entry start using only independently bounded instruction lengths and the proven B2/B3/B4 relative-branch grammar. Unknown or variable-length opcodes terminate that CFG path. The next aligned opcode is 0x58, whose four operands write $1573/$157D/$15C3/$15C4.",canonical_rom_sha256=F6A345E2F07F0CBC4EFF7D4FF06AE88A814A98FDF100C7BF7351168C73916A98;tools/python/catalog_map_transition_candidates.py;cfg_reachable_57_offsets;C4:8BD4;C6:8000;C6:8060;81:8204;81:8207;C4:8BE2
,,,,0xDD,1,0x79,vm_opcode_0x57_cfg_reachable_route,CD:B652,,pack=0xDD;record=1;entry=0x79,,0xDD,,cfg_t53_l184_v2,184,53,2,5,8,,,,instruction boundary is reachable from parsed entry start under fail-closed CFG; route_index=0x06; route_ptr=C6:80BE; context_0306=0xDD; destination_entrance=0x02; next_opcode=0x55; route-table final coordinates retained,strong_candidate,C4:8BD4 opcode 0x57 route-index semantics are proven. Source alignment is independently established by a fail-closed control-flow walk from the parsed entry start using only independently bounded instruction lengths and the proven B2/B3/B4 relative-branch grammar. Unknown or variable-length opcodes terminate that CFG path. ,canonical_rom_sha256=F6A345E2F07F0CBC4EFF7D4FF06AE88A814A98FDF100C7BF7351168C73916A98;tools/python/catalog_map_transition_candidates.py;cfg_reachable_57_offsets;C4:8BD4;C6:8000;C6:8060;81:8204;81:8207
,,,,0xDD,1,0x79,vm_opcode_0x57_cfg_reachable_route,CD:B664,,pack=0xDD;record=1;entry=0x79,,0xDD,,cfg_t53_l184_v2,184,53,2,5,8,,,,instruction boundary is reachable from parsed entry start under fail-closed CFG; route_index=0x07; route_ptr=C6:80C8; context_0306=0xDD; destination_entrance=0x02; next_opcode=0x55; route-table final coordinates retained,strong_candidate,C4:8BD4 opcode 0x57 route-index semantics are proven. Source alignment is independently established by a fail-closed control-flow walk from the parsed entry start using only independently bounded instruction lengths and the proven B2/B3/B4 relative-branch grammar. Unknown or variable-length opcodes terminate that CFG path. ,canonical_rom_sha256=F6A345E2F07F0CBC4EFF7D4FF06AE88A814A98FDF100C7BF7351168C73916A98;tools/python/catalog_map_transition_candidates.py;cfg_reachable_57_offsets;C4:8BD4;C6:8000;C6:8060;81:8204;81:8207
,,,,0xDD,1,0x79,vm_opcode_0x57_cfg_reachable_route,CD:B676,,pack=0xDD;record=1;entry=0x79,,0xDD,,cfg_t53_l184_v2,184,53,2,5,8,,,,instruction boundary is reachable from parsed entry start under fail-closed CFG; route_index=0x08; route_ptr=C6:80D2; context_0306=0xDD; destination_entrance=0x02; next_opcode=0x55; route-table final coordinates retained,strong_candidate,C4:8BD4 opcode 0x57 route-index semantics are proven. Source alignment is independently established by a fail-closed control-flow walk from the parsed entry start using only independently bounded instruction lengths and the proven B2/B3/B4 relative-branch grammar. Unknown or variable-length opcodes terminate that CFG path. ,canonical_rom_sha256=F6A345E2F07F0CBC4EFF7D4FF06AE88A814A98FDF100C7BF7351168C73916A98;tools/python/catalog_map_transition_candidates.py;cfg_reachable_57_offsets;C4:8BD4;C6:8000;C6:8060;81:8204;81:8207
,,,,0xDD,1,0x79,vm_opcode_0x57_cfg_reachable_route,CD:B68D,,pack=0xDD;record=1;entry=0x79,,0xB5,,cfg_t29_l138_v2,138,29,2,167,41,,,,instruction boundary is reachable from parsed entry start under fail-closed CFG; route_index=0x09; route_ptr=C6:80DC; context_0306=0xB5; destination_entrance=0x02; next_opcode=0x56; route-table final coordinates retained,strong_candidate,C4:8BD4 opcode 0x57 route-index semantics are proven. Source alignment is independently established by a fail-closed control-flow walk from the parsed entry start using only independently bounded instruction lengths and the proven B2/B3/B4 relative-branch grammar. Unknown or variable-length opcodes terminate that CFG path. ,canonical_rom_sha256=F6A345E2F07F0CBC4EFF7D4FF06AE88A814A98FDF100C7BF7351168C73916A98;tools/python/catalog_map_transition_candidates.py;cfg_reachable_57_offsets;C4:8BD4;C6:8000;C6:8060;81:8204;81:8207
,,,,0xDD,1,0x79,vm_opcode_0x57_cfg_reachable_route,CD:B6A1,,pack=0xDD;record=1;entry=0x79,,0xBC,,cfg_t32_l144_v1,144,32,1,215,40,,,,instruction boundary is reachable from parsed entry start under fail-closed CFG; route_index=0x0A; route_ptr=C6:80E6; context_0306=0xBC; destination_entrance=0x02; next_opcode=0x56; route-table final coordinates retained,strong_candidate,C4:8BD4 opcode 0x57 route-index semantics are proven. Source alignment is independently established by a fail-closed control-flow walk from the parsed entry start using only independently bounded instruction lengths and the proven B2/B3/B4 relative-branch grammar. Unknown or variable-length opcodes terminate that CFG path. ,canonical_rom_sha256=F6A345E2F07F0CBC4EFF7D4FF06AE88A814A98FDF100C7BF7351168C73916A98;tools/python/catalog_map_transition_candidates.py;cfg_reachable_57_offsets;C4:8BD4;C6:8000;C6:8060;81:8204;81:8207
,,,,0xDD,1,0x79,vm_opcode_0x57_cfg_reachable_route,CD:B6B5,,pack=0xDD;record=1;entry=0x79,,0xE0,,cfg_t55_l192_v2,192,55,2,71,4,,,,instruction boundary is reachable from parsed entry start under fail-closed CFG; route_index=0x0B; route_ptr=C6:80F0; context_0306=0xE0; destination_entrance=0x0A; next_opcode=0x56; route-table final coordinates retained,strong_candidate,C4:8BD4 opcode 0x57 route-index semantics are proven. Source alignment is independently established by a fail-closed control-flow walk from the parsed entry start using only independently bounded instruction lengths and the proven B2/B3/B4 relative-branch grammar. Unknown or variable-length opcodes terminate that CFG path. ,canonical_rom_sha256=F6A345E2F07F0CBC4EFF7D4FF06AE88A814A98FDF100C7BF7351168C73916A98;tools/python/catalog_map_transition_candidates.py;cfg_reachable_57_offsets;C4:8BD4;C6:8000;C6:8060;81:8204;81:8207
cfg_t04_l008_v2,0x50,8,4,,,,runtime_saved_map_state_restore_transition,,,,,0x4C,,cfg_t01_l001_v1,1,1,1,54,237,,,,runtime frame 14787 confirms 0x50 -> 0x4C; exact execution PC not observed,confirmed,"atomic capture hash=251C806AA44250E87DAC4139D3A5210CF2E73195443AC239B6FF1EF55666F59D; arrival selector=1/1/1; arrival coordinate=(54,237); mechanism=strong_candidate_saved_map_state_restore; candidate mechanism writer=C1:8255 (execution PC not observed)",data/maps/transitions/tabidachi_village_to_world_pack4c_restore_20260929.json
