family_id,family_hex,record_seq,record_id,record_start,trailer_start,body_start,record_end_exclusive,record_size,pre_trailer_size,trailer_size,body_size,start_marker,trailer_grammar,evidence_class,semantic_status
42,0x2A,1,F2A-L001,CB:D7C9,CB:D7EA,CB:D7F1,CB:D7FB,50,33,7,10,0xB0,7A_body16_7C_next_plus_1_16_00,strong_structural_frame,unclassified
42,0x2A,2,F2A-L002,CB:D7FB,CB:D807,CB:D80E,CB:D818,29,12,7,10,0xB0,7A_body16_7C_next_plus_1_16_00,strong_structural_frame,unclassified
42,0x2A,3,F2A-L003,CB:D818,CB:D82C,CB:D833,CB:D844,44,20,7,17,0xB0,7A_body16_7C_next_plus_1_16_00,strong_structural_frame,unclassified
42,0x2A,4,F2A-L004,CB:D844,CB:D86C,CB:D873,CB:D87D,57,40,7,10,0xB0,7A_body16_7C_next_plus_1_16_00,strong_structural_frame,unclassified
42,0x2A,5,F2A-L005,CB:D87D,CB:D889,CB:D890,CB:D89A,29,12,7,10,0xB0,7A_body16_7C_next_plus_1_16_00,strong_structural_frame,unclassified
42,0x2A,6,F2A-L006,CB:D89A,CB:D89E,CB:D8A5,CB:D8AF,21,4,7,10,0xB0,7A_body16_7C_next_plus_1_16_00,strong_structural_frame,unclassified
42,0x2A,7,F2A-L007,CB:D8AF,CB:D8B3,CB:D8BA,CB:D8C4,21,4,7,10,0xB0,7A_body16_7C_next_plus_1_16_00,strong_structural_frame,unclassified
42,0x2A,8,F2A-L008,CB:D8C4,CB:D8E7,CB:D8EE,CB:D8FB,55,35,7,13,0xB0,7A_body16_7C_next_plus_1_16_00,strong_structural_frame,unclassified
42,0x2A,9,F2A-L009,CB:D8FB,CB:D907,CB:D90E,CB:D91B,32,12,7,13,0xB0,7A_body16_7C_next_plus_1_16_00,strong_structural_frame,unclassified
42,0x2A,10,F2A-L010,CB:D91B,CB:D91F,CB:D926,CB:D930,21,4,7,10,0xB0,7A_body16_7C_next_plus_1_16_00,strong_structural_frame,unclassified
42,0x2A,11,F2A-L011,CB:D930,CB:D93E,CB:D945,CB:D94F,31,14,7,10,0xB0,7A_body16_7C_next_plus_1_16_00,strong_structural_frame,unclassified
44,0x2C,1,F2C-L001,CB:DA40,CB:DA4A,CB:DA51,CB:DA6A,42,10,7,25,0xB0,7A_body16_7C_next_plus_1_16_00,strong_structural_frame,unclassified
44,0x2C,2,F2C-L002,CB:DA6A,CB:DA74,CB:DA7B,CB:DA87,29,10,7,12,0xB0,7A_body16_7C_next_plus_1_16_00,strong_structural_frame,unclassified
44,0x2C,3,F2C-L003,CB:DA87,CB:DB28,CB:DB2F,CB:DB3E,183,161,7,15,0xB0,7A_body16_7C_next_plus_1_16_00,strong_structural_frame,unclassified
44,0x2C,4,F2C-L004,CB:DB3E,CB:DB4A,CB:DB51,CB:DB60,34,12,7,15,0xB0,7A_body16_7C_next_plus_1_16_00,strong_structural_frame,unclassified
44,0x2C,5,F2C-L005,CB:DB60,CB:DB6C,CB:DB73,CB:DB7D,29,12,7,10,0xB0,7A_body16_7C_next_plus_1_16_00,strong_structural_frame,unclassified
44,0x2C,6,F2C-L006,CB:DB7D,CB:DB89,CB:DB90,CB:DBA7,42,12,7,23,0xB0,7A_body16_7C_next_plus_1_16_00,strong_structural_frame,unclassified
44,0x2C,7,F2C-L007,CB:DBA7,CB:DBCD,CB:DBD4,CB:DBDE,55,38,7,10,0xB0,7A_body16_7C_next_plus_1_16_00,strong_structural_frame,unclassified
44,0x2C,8,F2C-L008,CB:DBDE,CB:DBF2,CB:DBF9,CB:DC03,37,20,7,10,0xB0,7A_body16_7C_next_plus_1_16_00,strong_structural_frame,unclassified
44,0x2C,9,F2C-L009,CB:DC03,CB:DC25,CB:DC2C,CB:DC3D,58,34,7,17,0xB0,7A_body16_7C_next_plus_1_16_00,strong_structural_frame,unclassified
44,0x2C,10,F2C-L010,CB:DC3D,CB:DC49,CB:DC50,CB:DC5A,29,12,7,10,0xB0,7A_body16_7C_next_plus_1_16_00,strong_structural_frame,unclassified
44,0x2C,11,F2C-L011,CB:DC5A,CB:DC66,CB:DC6D,CB:DC77,29,12,7,10,0xB0,7A_body16_7C_next_plus_1_16_00,strong_structural_frame,unclassified
44,0x2C,12,F2C-L012,CB:DC77,CB:DC83,CB:DC8A,CB:DC99,34,12,7,15,0xB0,7A_body16_7C_next_plus_1_16_00,strong_structural_frame,unclassified
44,0x2C,13,F2C-L013,CB:DC99,CB:DC9D,CB:DCA4,CB:DCB3,26,4,7,15,0xB0,7A_body16_7C_next_plus_1_16_00,strong_structural_frame,unclassified
44,0x2C,14,F2C-L014,CB:DCB3,CB:DCB7,CB:DCBE,CB:DCCD,26,4,7,15,0xB0,7A_body16_7C_next_plus_1_16_00,strong_structural_frame,unclassified
44,0x2C,15,F2C-L015,CB:DCCD,CB:DCD1,CB:DCD8,CB:DCE2,21,4,7,10,0xB0,7A_body16_7C_next_plus_1_16_00,strong_structural_frame,unclassified
44,0x2C,16,F2C-L016,CB:DCE2,CB:DCEE,CB:DCF5,CB:DCFF,29,12,7,10,0xB0,7A_body16_7C_next_plus_1_16_00,strong_structural_frame,unclassified
44,0x2C,17,F2C-L017,CB:DCFF,CB:DD03,CB:DD0A,CB:DD14,21,4,7,10,0xB0,7A_body16_7C_next_plus_1_16_00,strong_structural_frame,unclassified
44,0x2C,18,F2C-L018,CB:DD14,CB:DD18,CB:DD1F,CB:DD29,21,4,7,10,0xB0,7A_body16_7C_next_plus_1_16_00,strong_structural_frame,unclassified
45,0x2D,1,F2D-L001,CB:DDAB,CB:DDB5,CB:DDBC,CB:DDD5,42,10,7,25,0xB0,7A_body16_7C_next_plus_1_16_00,strong_structural_frame,unclassified
45,0x2D,2,F2D-L002,CB:DDD5,CB:DDDF,CB:DDE6,CB:DDFA,37,10,7,20,0xB0,7A_body16_7C_next_plus_1_16_00,strong_structural_frame,unclassified
45,0x2D,3,F2D-L003,CB:DDFA,CB:DE04,CB:DE0B,CB:DE1F,37,10,7,20,0xB0,7A_body16_7C_next_plus_1_16_00,strong_structural_frame,unclassified
45,0x2D,4,F2D-L004,CB:DE1F,CB:DE29,CB:DE30,CB:DE3C,29,10,7,12,0xB0,7A_body16_7C_next_plus_1_16_00,strong_structural_frame,unclassified
46,0x2E,1,F2E-L001,CB:DECF,CB:DEEB,CB:DEF2,CB:DEFC,45,28,7,10,0xB0,7A_body16_7C_next_plus_1_16_00,strong_structural_frame,unclassified
46,0x2E,2,F2E-L002,CB:DEFC,CB:DF16,CB:DF1D,CB:DF27,43,26,7,10,0xB0,7A_body16_7C_next_plus_1_16_00,strong_structural_frame,unclassified
46,0x2E,3,F2E-L003,CB:DF27,CB:DF49,CB:DF50,CB:DF5A,51,34,7,10,0xB0,7A_body16_7C_next_plus_1_16_00,strong_structural_frame,unclassified
51,0x33,1,F33-L001,CB:E2C0,CB:E2CC,CB:E2D3,CB:E2DD,29,12,7,10,0xB0,7A_body16_7C_next_plus_1_16_00,strong_structural_frame,unclassified
51,0x33,2,F33-L002,CB:E2DD,CB:E2F7,CB:E2FE,CB:E308,43,26,7,10,0xB0,7A_body16_7C_next_plus_1_16_00,strong_structural_frame,unclassified
51,0x33,3,F33-L003,CB:E308,CB:E314,CB:E31B,CB:E325,29,12,7,10,0xB0,7A_body16_7C_next_plus_1_16_00,strong_structural_frame,unclassified
51,0x33,4,F33-L004,CB:E325,CB:E329,CB:E330,CB:E33D,24,4,7,13,0xB0,7A_body16_7C_next_plus_1_16_00,strong_structural_frame,unclassified
51,0x33,5,F33-L005,CB:E33D,CB:E341,CB:E348,CB:E355,24,4,7,13,0xB0,7A_body16_7C_next_plus_1_16_00,strong_structural_frame,unclassified
51,0x33,6,F33-L006,CB:E355,CB:E359,CB:E360,CB:E36D,24,4,7,13,0xB0,7A_body16_7C_next_plus_1_16_00,strong_structural_frame,unclassified
52,0x34,1,F34-L001,CB:E3C2,CB:E3CC,CB:E3D3,CB:E3DD,27,10,7,10,0xB0,7A_body16_7C_next_plus_1_16_00,strong_structural_frame,unclassified
52,0x34,2,F34-L002,CB:E3DD,CB:E3E1,CB:E3E8,CB:E3F2,21,4,7,10,0xB0,7A_body16_7C_next_plus_1_16_00,strong_structural_frame,unclassified
52,0x34,3,F34-L003,CB:E3F2,CB:E3F6,CB:E3FD,CB:E407,21,4,7,10,0xB0,7A_body16_7C_next_plus_1_16_00,strong_structural_frame,unclassified
52,0x34,4,F34-L004,CB:E407,CB:E40B,CB:E412,CB:E41C,21,4,7,10,0xB0,7A_body16_7C_next_plus_1_16_00,strong_structural_frame,unclassified
52,0x34,5,F34-L005,CB:E41C,CB:E431,CB:E438,CB:E442,38,21,7,10,0xB0,7A_body16_7C_next_plus_1_16_00,strong_structural_frame,unclassified
52,0x34,6,F34-L006,CB:E442,CB:E446,CB:E44D,CB:E457,21,4,7,10,0xB0,7A_body16_7C_next_plus_1_16_00,strong_structural_frame,unclassified
52,0x34,7,F34-L007,CB:E457,CB:E45B,CB:E462,CB:E46C,21,4,7,10,0xB0,7A_body16_7C_next_plus_1_16_00,strong_structural_frame,unclassified
52,0x34,8,F34-L008,CB:E46C,CB:E480,CB:E487,CB:E494,40,20,7,13,0xB0,7A_body16_7C_next_plus_1_16_00,strong_structural_frame,unclassified
52,0x34,9,F34-L009,CB:E494,CB:E498,CB:E49F,CB:E4AC,24,4,7,13,0xB0,7A_body16_7C_next_plus_1_16_00,strong_structural_frame,unclassified
53,0x35,1,F35-L001,CB:E50E,CB:E518,CB:E51F,CB:E530,34,10,7,17,0xB0,7A_body16_7C_next_plus_1_16_00,strong_structural_frame,unclassified
56,0x38,1,F38-L001,CB:E697,CB:E6A1,CB:E6A8,CB:E6B2,27,10,7,10,0xB0,7A_body16_7C_next_plus_1_16_00,strong_structural_frame,unclassified
57,0x39,1,F39-L001,CB:E785,CB:E78F,CB:E796,CB:E7A0,27,10,7,10,0xB0,7A_body16_7C_next_plus_1_16_00,strong_structural_frame,unclassified
61,0x3D,1,F3D-L001,CB:EAA6,CB:EAAA,CB:EAB1,CB:EABB,21,4,7,10,0xB0,7A_body16_7C_next_plus_1_16_00,strong_structural_frame,unclassified
61,0x3D,2,F3D-L002,CB:EABB,CB:EABF,CB:EAC6,CB:EAD0,21,4,7,10,0xB0,7A_body16_7C_next_plus_1_16_00,strong_structural_frame,unclassified
63,0x3F,1,F3F-L001,CB:EBD2,CB:EBEE,CB:EBF5,CB:EBFF,45,28,7,10,0xB0,7A_body16_7C_next_plus_1_16_00,strong_structural_frame,unclassified
63,0x3F,2,F3F-L002,CB:EBFF,CB:EC1B,CB:EC22,CB:EC2C,45,28,7,10,0xB0,7A_body16_7C_next_plus_1_16_00,strong_structural_frame,unclassified
63,0x3F,3,F3F-L003,CB:EC2C,CB:EC48,CB:EC4F,CB:EC59,45,28,7,10,0xB0,7A_body16_7C_next_plus_1_16_00,strong_structural_frame,unclassified
63,0x3F,4,F3F-L004,CB:EC59,CB:EC83,CB:EC8A,CB:EC94,59,42,7,10,0xB0,7A_body16_7C_next_plus_1_16_00,strong_structural_frame,unclassified
63,0x3F,5,F3F-L005,CB:EC94,CB:ECB0,CB:ECB7,CB:ECC1,45,28,7,10,0xB0,7A_body16_7C_next_plus_1_16_00,strong_structural_frame,unclassified
63,0x3F,6,F3F-L006,CB:ECC1,CB:EF26,CB:EF2D,CB:EF48,647,613,7,27,0xB0,7A_body16_7C_next_plus_1_16_00,strong_structural_frame,unclassified
64,0x40,1,F40-L001,CB:EFB6,CB:EFC6,CB:EFCD,CB:EFD3,29,16,7,6,0xB0,7A_body16_7C_next_plus_1_16_00,strong_structural_frame,unclassified
64,0x40,2,F40-L002,CB:EFD3,CB:EFE3,CB:EFEA,CB:EFF0,29,16,7,6,0xB0,7A_body16_7C_next_plus_1_16_00,strong_structural_frame,unclassified
64,0x40,3,F40-L003,CB:EFF0,CB:F07B,CB:F082,CB:F08E,158,139,7,12,0xB0,7A_body16_7C_next_plus_1_16_00,strong_structural_frame,unclassified
65,0x41,1,F41-L001,CB:F150,CB:F154,CB:F15B,CB:F168,24,4,7,13,0xB0,7A_body16_7C_next_plus_1_16_00,strong_structural_frame,unclassified
65,0x41,2,F41-L002,CB:F168,CB:F16C,CB:F173,CB:F180,24,4,7,13,0xB0,7A_body16_7C_next_plus_1_16_00,strong_structural_frame,unclassified
65,0x41,3,F41-L003,CB:F180,CB:F184,CB:F18B,CB:F198,24,4,7,13,0xB0,7A_body16_7C_next_plus_1_16_00,strong_structural_frame,unclassified
65,0x41,4,F41-L004,CB:F198,CB:F19C,CB:F1A3,CB:F1B0,24,4,7,13,0xB0,7A_body16_7C_next_plus_1_16_00,strong_structural_frame,unclassified
65,0x41,5,F41-L005,CB:F1B0,CB:F1B7,CB:F1BE,CB:F1CB,27,7,7,13,0xB0,7A_body16_7C_next_plus_1_16_00,strong_structural_frame,unclassified
65,0x41,6,F41-L006,CB:F1CB,CB:F2B8,CB:F2BF,CB:F2CC,257,237,7,13,0xB0,7A_body16_7C_next_plus_1_16_00,strong_structural_frame,unclassified
65,0x41,7,F41-L007,CB:F2CC,CB:F2D3,CB:F2DA,CB:F2E7,27,7,7,13,0xB0,7A_body16_7C_next_plus_1_16_00,strong_structural_frame,unclassified
65,0x41,8,F41-L008,CB:F2E7,CB:F2EB,CB:F2F2,CB:F2FF,24,4,7,13,0xB0,7A_body16_7C_next_plus_1_16_00,strong_structural_frame,unclassified
65,0x41,9,F41-L009,CB:F2FF,CB:F303,CB:F30A,CB:F317,24,4,7,13,0xB0,7A_body16_7C_next_plus_1_16_00,strong_structural_frame,unclassified
65,0x41,10,F41-L010,CB:F317,CB:F31B,CB:F322,CB:F32F,24,4,7,13,0xB0,7A_body16_7C_next_plus_1_16_00,strong_structural_frame,unclassified
65,0x41,11,F41-L011,CB:F32F,CB:F333,CB:F33A,CB:F347,24,4,7,13,0xB0,7A_body16_7C_next_plus_1_16_00,strong_structural_frame,unclassified
67,0x43,1,F43-L001,CB:F561,CB:F565,CB:F56C,CB:F572,17,4,7,6,0xB0,7A_body16_7C_next_plus_1_16_00,strong_structural_frame,unclassified
67,0x43,2,F43-L002,CB:F572,CB:F576,CB:F57D,CB:F583,17,4,7,6,0xB0,7A_body16_7C_next_plus_1_16_00,strong_structural_frame,unclassified
68,0x44,1,F44-L001,CB:F9B5,CB:F9B9,CB:F9C0,CB:F9C6,17,4,7,6,0xB0,7A_body16_7C_next_plus_1_16_00,strong_structural_frame,unclassified
68,0x44,2,F44-L002,CB:F9C6,CB:FA2F,CB:FA36,CB:FA3C,118,105,7,6,0xB0,7A_body16_7C_next_plus_1_16_00,strong_structural_frame,unclassified
68,0x44,3,F44-L003,CB:FA3C,CB:FA40,CB:FA47,CB:FA4D,17,4,7,6,0xB0,7A_body16_7C_next_plus_1_16_00,strong_structural_frame,unclassified
68,0x44,4,F44-L004,CB:FA4D,CB:FA51,CB:FA58,CB:FA5E,17,4,7,6,0xB0,7A_body16_7C_next_plus_1_16_00,strong_structural_frame,unclassified
68,0x44,5,F44-L005,CB:FA5E,CB:FA62,CB:FA69,CB:FA6F,17,4,7,6,0xB0,7A_body16_7C_next_plus_1_16_00,strong_structural_frame,unclassified
68,0x44,6,F44-L006,CB:FA6F,CB:FA73,CB:FA7A,CB:FA80,17,4,7,6,0xB0,7A_body16_7C_next_plus_1_16_00,strong_structural_frame,unclassified
68,0x44,7,F44-L007,CB:FA80,CB:FA84,CB:FA8B,CB:FA91,17,4,7,6,0xB0,7A_body16_7C_next_plus_1_16_00,strong_structural_frame,unclassified
68,0x44,8,F44-L008,CB:FA91,CB:FA95,CB:FA9C,CB:FAA2,17,4,7,6,0xB0,7A_body16_7C_next_plus_1_16_00,strong_structural_frame,unclassified
68,0x44,9,F44-L009,CB:FAA2,CB:FAA6,CB:FAAD,CB:FAB3,17,4,7,6,0xB0,7A_body16_7C_next_plus_1_16_00,strong_structural_frame,unclassified
68,0x44,10,F44-L010,CB:FAB3,CB:FAB7,CB:FABE,CB:FACB,24,4,7,13,0xB0,7A_body16_7C_next_plus_1_16_00,strong_structural_frame,unclassified
68,0x44,11,F44-L011,CB:FACB,CB:FACF,CB:FAD6,CB:FADC,17,4,7,6,0xB0,7A_body16_7C_next_plus_1_16_00,strong_structural_frame,unclassified
68,0x44,12,F44-L012,CB:FADC,CB:FAE0,CB:FAE7,CB:FAED,17,4,7,6,0xB0,7A_body16_7C_next_plus_1_16_00,strong_structural_frame,unclassified
68,0x44,13,F44-L013,CB:FAED,CB:FAF1,CB:FAF8,CB:FAFE,17,4,7,6,0xB0,7A_body16_7C_next_plus_1_16_00,strong_structural_frame,unclassified
71,0x47,1,F47-L001,CB:FE8A,CB:FE8E,CB:FE95,CB:FE9B,17,4,7,6,0xB0,7A_body16_7C_next_plus_1_16_00,strong_structural_frame,unclassified
71,0x47,2,F47-L002,CB:FE9B,CB:FE9F,CB:FEA6,CB:FEAC,17,4,7,6,0xB0,7A_body16_7C_next_plus_1_16_00,strong_structural_frame,unclassified
71,0x47,3,F47-L003,CB:FEAC,CB:FEB0,CB:FEB7,CB:FEC7,27,4,7,16,0xB0,7A_body16_7C_next_plus_1_16_00,strong_structural_frame,unclassified
72,0x48,1,F48-L001,CC:005B,CC:005F,CC:0066,CC:006C,17,4,7,6,0xB0,7A_body16_7C_next_plus_1_16_00,strong_structural_frame,unclassified
72,0x48,2,F48-L002,CC:006C,CC:0070,CC:0077,CC:007D,17,4,7,6,0xB0,7A_body16_7C_next_plus_1_16_00,strong_structural_frame,unclassified
72,0x48,3,F48-L003,CC:007D,CC:0081,CC:0088,CC:008E,17,4,7,6,0xB0,7A_body16_7C_next_plus_1_16_00,strong_structural_frame,unclassified
72,0x48,4,F48-L004,CC:008E,CC:0092,CC:0099,CC:009F,17,4,7,6,0xB0,7A_body16_7C_next_plus_1_16_00,strong_structural_frame,unclassified
72,0x48,5,F48-L005,CC:009F,CC:00A3,CC:00AA,CC:00B0,17,4,7,6,0xB0,7A_body16_7C_next_plus_1_16_00,strong_structural_frame,unclassified
72,0x48,6,F48-L006,CC:00B0,CC:0192,CC:0199,CC:019F,239,226,7,6,0xB0,7A_body16_7C_next_plus_1_16_00,strong_structural_frame,unclassified
72,0x48,7,F48-L007,CC:019F,CC:01A3,CC:01AA,CC:01B0,17,4,7,6,0xB0,7A_body16_7C_next_plus_1_16_00,strong_structural_frame,unclassified
72,0x48,8,F48-L008,CC:01B0,CC:01B4,CC:01BB,CC:01C1,17,4,7,6,0xB0,7A_body16_7C_next_plus_1_16_00,strong_structural_frame,unclassified
76,0x4C,1,F4C-L001,CC:116E,CC:119F,CC:11A6,CC:11A9,59,49,7,3,0xB0,7A_body16_7C_next_plus_1_16_00,strong_structural_frame,unclassified
76,0x4C,2,F4C-L002,CC:11A9,CC:11AD,CC:11B4,CC:11B7,14,4,7,3,0xB0,7A_body16_7C_next_plus_1_16_00,strong_structural_frame,unclassified
76,0x4C,3,F4C-L003,CC:11B7,CC:11BB,CC:11C2,CC:11C5,14,4,7,3,0xB0,7A_body16_7C_next_plus_1_16_00,strong_structural_frame,unclassified
76,0x4C,4,F4C-L004,CC:11C5,CC:11C9,CC:11D0,CC:11D3,14,4,7,3,0xB0,7A_body16_7C_next_plus_1_16_00,strong_structural_frame,unclassified
76,0x4C,5,F4C-L005,CC:11D3,CC:11D7,CC:11DE,CC:11E1,14,4,7,3,0xB0,7A_body16_7C_next_plus_1_16_00,strong_structural_frame,unclassified
76,0x4C,6,F4C-L006,CC:11E1,CC:11E5,CC:11EC,CC:11EF,14,4,7,3,0xB0,7A_body16_7C_next_plus_1_16_00,strong_structural_frame,unclassified
76,0x4C,7,F4C-L007,CC:11EF,CC:11F3,CC:11FA,CC:11FD,14,4,7,3,0xB0,7A_body16_7C_next_plus_1_16_00,strong_structural_frame,unclassified
76,0x4C,8,F4C-L008,CC:11FD,CC:1201,CC:1208,CC:120B,14,4,7,3,0xB0,7A_body16_7C_next_plus_1_16_00,strong_structural_frame,unclassified
76,0x4C,9,F4C-L009,CC:120B,CC:120F,CC:1216,CC:1219,14,4,7,3,0xB0,7A_body16_7C_next_plus_1_16_00,strong_structural_frame,unclassified
76,0x4C,10,F4C-L010,CC:1219,CC:121D,CC:1224,CC:1227,14,4,7,3,0xB0,7A_body16_7C_next_plus_1_16_00,strong_structural_frame,unclassified
76,0x4C,11,F4C-L011,CC:1227,CC:122B,CC:1232,CC:1235,14,4,7,3,0xB0,7A_body16_7C_next_plus_1_16_00,strong_structural_frame,unclassified
76,0x4C,12,F4C-L012,CC:1235,CC:1239,CC:1240,CC:1243,14,4,7,3,0xB0,7A_body16_7C_next_plus_1_16_00,strong_structural_frame,unclassified
76,0x4C,13,F4C-L013,CC:1243,CC:1247,CC:124E,CC:1251,14,4,7,3,0xB0,7A_body16_7C_next_plus_1_16_00,strong_structural_frame,unclassified
76,0x4C,14,F4C-L014,CC:1251,CC:1265,CC:126C,CC:126F,30,20,7,3,0xB0,7A_body16_7C_next_plus_1_16_00,strong_structural_frame,unclassified
76,0x4C,15,F4C-L015,CC:126F,CC:1283,CC:128A,CC:128D,30,20,7,3,0xB0,7A_body16_7C_next_plus_1_16_00,strong_structural_frame,unclassified
76,0x4C,16,F4C-L016,CC:128D,CC:12D1,CC:12D8,CC:12DB,78,68,7,3,0xB0,7A_body16_7C_next_plus_1_16_00,strong_structural_frame,unclassified
76,0x4C,17,F4C-L017,CC:12DB,CC:12FB,CC:1302,CC:1305,42,32,7,3,0xB0,7A_body16_7C_next_plus_1_16_00,strong_structural_frame,unclassified
76,0x4C,18,F4C-L018,CC:1305,CC:1325,CC:132C,CC:132F,42,32,7,3,0xB0,7A_body16_7C_next_plus_1_16_00,strong_structural_frame,unclassified
76,0x4C,19,F4C-L019,CC:132F,CC:134F,CC:1356,CC:1359,42,32,7,3,0xB0,7A_body16_7C_next_plus_1_16_00,strong_structural_frame,unclassified
76,0x4C,20,F4C-L020,CC:1359,CC:1379,CC:1380,CC:1383,42,32,7,3,0xB0,7A_body16_7C_next_plus_1_16_00,strong_structural_frame,unclassified
76,0x4C,21,F4C-L021,CC:1383,CC:13A7,CC:13AE,CC:13B1,46,36,7,3,0xB0,7A_body16_7C_next_plus_1_16_00,strong_structural_frame,unclassified
76,0x4C,22,F4C-L022,CC:13B1,CC:13D1,CC:13D8,CC:13DB,42,32,7,3,0xB0,7A_body16_7C_next_plus_1_16_00,strong_structural_frame,unclassified
76,0x4C,23,F4C-L023,CC:13DB,CC:13FB,CC:1402,CC:1405,42,32,7,3,0xB0,7A_body16_7C_next_plus_1_16_00,strong_structural_frame,unclassified
76,0x4C,24,F4C-L024,CC:1405,CC:1425,CC:142C,CC:142F,42,32,7,3,0xB0,7A_body16_7C_next_plus_1_16_00,strong_structural_frame,unclassified
79,0x4F,1,F4F-L001,CC:1BC1,CC:1BC5,CC:1BCC,CC:1BD8,23,4,7,12,0xB0,7A_body16_7C_next_plus_1_16_00,strong_structural_frame,unclassified
80,0x50,1,F50-L001,CC:1D0B,CC:1D0F,CC:1D16,CC:1D1C,17,4,7,6,0xB0,7A_body16_7C_next_plus_1_16_00,strong_structural_frame,unclassified
80,0x50,2,F50-L002,CC:1D1C,CC:1D2D,CC:1D34,CC:1D3A,30,17,7,6,0xB0,7A_body16_7C_next_plus_1_16_00,strong_structural_frame,unclassified
80,0x50,3,F50-L003,CC:1D3A,CC:1D4B,CC:1D52,CC:1D58,30,17,7,6,0xB0,7A_body16_7C_next_plus_1_16_00,strong_structural_frame,unclassified
80,0x50,4,F50-L004,CC:1D58,CC:1D69,CC:1D70,CC:1D76,30,17,7,6,0xB0,7A_body16_7C_next_plus_1_16_00,strong_structural_frame,unclassified
80,0x50,5,F50-L005,CC:1D76,CC:1D8F,CC:1D96,CC:1D9C,38,25,7,6,0xB0,7A_body16_7C_next_plus_1_16_00,strong_structural_frame,unclassified
80,0x50,6,F50-L006,CC:1D9C,CC:1DAD,CC:1DB4,CC:1DBA,30,17,7,6,0xB0,7A_body16_7C_next_plus_1_16_00,strong_structural_frame,unclassified
80,0x50,7,F50-L007,CC:1DBA,CC:1DD3,CC:1DDA,CC:1DE0,38,25,7,6,0xB0,7A_body16_7C_next_plus_1_16_00,strong_structural_frame,unclassified
80,0x50,8,F50-L008,CC:1DE0,CC:1DF1,CC:1DF8,CC:1DFE,30,17,7,6,0xB0,7A_body16_7C_next_plus_1_16_00,strong_structural_frame,unclassified
80,0x50,9,F50-L009,CC:1DFE,CC:1E02,CC:1E09,CC:1E0F,17,4,7,6,0xB0,7A_body16_7C_next_plus_1_16_00,strong_structural_frame,unclassified
80,0x50,10,F50-L010,CC:1E0F,CC:1E13,CC:1E1A,CC:1E2F,32,4,7,21,0xB0,7A_body16_7C_next_plus_1_16_00,strong_structural_frame,unclassified
81,0x51,1,F51-L001,CC:1F66,CC:1F6A,CC:1F71,CC:1F7B,21,4,7,10,0xB0,7A_body16_7C_next_plus_1_16_00,strong_structural_frame,unclassified
81,0x51,2,F51-L002,CC:1F7B,CC:1F7F,CC:1F86,CC:1F90,21,4,7,10,0xB0,7A_body16_7C_next_plus_1_16_00,strong_structural_frame,unclassified
81,0x51,3,F51-L003,CC:1F90,CC:1FB2,CC:1FB9,CC:1FC3,51,34,7,10,0xB0,7A_body16_7C_next_plus_1_16_00,strong_structural_frame,unclassified
81,0x51,4,F51-L004,CC:1FC3,CC:1FE0,CC:1FE7,CC:1FF1,46,29,7,10,0xB0,7A_body16_7C_next_plus_1_16_00,strong_structural_frame,unclassified
81,0x51,5,F51-L005,CC:1FF1,CC:1FF5,CC:1FFC,CC:200D,28,4,7,17,0xB0,7A_body16_7C_next_plus_1_16_00,strong_structural_frame,unclassified
81,0x51,6,F51-L006,CC:200D,CC:2019,CC:2020,CC:2031,36,12,7,17,0xB0,7A_body16_7C_next_plus_1_16_00,strong_structural_frame,unclassified
81,0x51,7,F51-L007,CC:2031,CC:2057,CC:205E,CC:2068,55,38,7,10,0xB0,7A_body16_7C_next_plus_1_16_00,strong_structural_frame,unclassified
81,0x51,8,F51-L008,CC:2068,CC:206C,CC:2073,CC:207D,21,4,7,10,0xB0,7A_body16_7C_next_plus_1_16_00,strong_structural_frame,unclassified
81,0x51,9,F51-L009,CC:207D,CC:2081,CC:2088,CC:2092,21,4,7,10,0xB0,7A_body16_7C_next_plus_1_16_00,strong_structural_frame,unclassified
81,0x51,10,F51-L010,CC:2092,CC:20BB,CC:20C2,CC:20CC,58,41,7,10,0xB0,7A_body16_7C_next_plus_1_16_00,strong_structural_frame,unclassified
81,0x51,11,F51-L011,CC:20CC,CC:20D8,CC:20DF,CC:20E9,29,12,7,10,0xB0,7A_body16_7C_next_plus_1_16_00,strong_structural_frame,unclassified
82,0x52,1,F52-L001,CC:21F7,CC:2213,CC:221A,CC:2224,45,28,7,10,0xB0,7A_body16_7C_next_plus_1_16_00,strong_structural_frame,unclassified
82,0x52,2,F52-L002,CC:2224,CC:2228,CC:222F,CC:2239,21,4,7,10,0xB0,7A_body16_7C_next_plus_1_16_00,strong_structural_frame,unclassified
82,0x52,3,F52-L003,CC:2239,CC:2264,CC:226B,CC:2275,60,43,7,10,0xB0,7A_body16_7C_next_plus_1_16_00,strong_structural_frame,unclassified
82,0x52,4,F52-L004,CC:2275,CC:2281,CC:2288,CC:2296,33,12,7,14,0xB0,7A_body16_7C_next_plus_1_16_00,strong_structural_frame,unclassified
82,0x52,5,F52-L005,CC:2296,CC:22B5,CC:22BC,CC:22C6,48,31,7,10,0xB0,7A_body16_7C_next_plus_1_16_00,strong_structural_frame,unclassified
82,0x52,6,F52-L006,CC:22C6,CC:22D2,CC:22D9,CC:22E6,32,12,7,13,0xB0,7A_body16_7C_next_plus_1_16_00,strong_structural_frame,unclassified
82,0x52,7,F52-L007,CC:22E6,CC:22F2,CC:22F9,CC:2306,32,12,7,13,0xB0,7A_body16_7C_next_plus_1_16_00,strong_structural_frame,unclassified
82,0x52,8,F52-L008,CC:2306,CC:2312,CC:2319,CC:2326,32,12,7,13,0xB0,7A_body16_7C_next_plus_1_16_00,strong_structural_frame,unclassified
82,0x52,9,F52-L009,CC:2326,CC:232A,CC:2331,CC:233E,24,4,7,13,0xB0,7A_body16_7C_next_plus_1_16_00,strong_structural_frame,unclassified
83,0x53,1,F53-L001,CC:25F4,CC:2606,CC:260D,CC:2613,31,18,7,6,0xB0,7A_body16_7C_next_plus_1_16_00,strong_structural_frame,unclassified
83,0x53,2,F53-L002,CC:2613,CC:2617,CC:261E,CC:2624,17,4,7,6,0xB0,7A_body16_7C_next_plus_1_16_00,strong_structural_frame,unclassified
83,0x53,3,F53-L003,CC:2624,CC:2628,CC:262F,CC:2635,17,4,7,6,0xB0,7A_body16_7C_next_plus_1_16_00,strong_structural_frame,unclassified
83,0x53,4,F53-L004,CC:2635,CC:2639,CC:2640,CC:2646,17,4,7,6,0xB0,7A_body16_7C_next_plus_1_16_00,strong_structural_frame,unclassified
83,0x53,5,F53-L005,CC:2646,CC:264A,CC:2651,CC:2657,17,4,7,6,0xB0,7A_body16_7C_next_plus_1_16_00,strong_structural_frame,unclassified
83,0x53,6,F53-L006,CC:2657,CC:265B,CC:2662,CC:2668,17,4,7,6,0xB0,7A_body16_7C_next_plus_1_16_00,strong_structural_frame,unclassified
83,0x53,7,F53-L007,CC:2668,CC:266C,CC:2673,CC:2679,17,4,7,6,0xB0,7A_body16_7C_next_plus_1_16_00,strong_structural_frame,unclassified
83,0x53,8,F53-L008,CC:2679,CC:267D,CC:2684,CC:268A,17,4,7,6,0xB0,7A_body16_7C_next_plus_1_16_00,strong_structural_frame,unclassified
83,0x53,9,F53-L009,CC:268A,CC:268E,CC:2695,CC:269B,17,4,7,6,0xB0,7A_body16_7C_next_plus_1_16_00,strong_structural_frame,unclassified
83,0x53,10,F53-L010,CC:269B,CC:269F,CC:26A6,CC:26AC,17,4,7,6,0xB0,7A_body16_7C_next_plus_1_16_00,strong_structural_frame,unclassified
83,0x53,11,F53-L011,CC:26AC,CC:26B0,CC:26B7,CC:26BD,17,4,7,6,0xB0,7A_body16_7C_next_plus_1_16_00,strong_structural_frame,unclassified
83,0x53,12,F53-L012,CC:26BD,CC:26C1,CC:26C8,CC:26CE,17,4,7,6,0xB0,7A_body16_7C_next_plus_1_16_00,strong_structural_frame,unclassified
83,0x53,13,F53-L013,CC:26CE,CC:26E0,CC:26E7,CC:26ED,31,18,7,6,0xB0,7A_body16_7C_next_plus_1_16_00,strong_structural_frame,unclassified
83,0x53,14,F53-L014,CC:26ED,CC:26FE,CC:2705,CC:270B,30,17,7,6,0xB0,7A_body16_7C_next_plus_1_16_00,strong_structural_frame,unclassified
83,0x53,15,F53-L015,CC:270B,CC:2729,CC:2730,CC:2736,43,30,7,6,0xB0,7A_body16_7C_next_plus_1_16_00,strong_structural_frame,unclassified
83,0x53,16,F53-L016,CC:2736,CC:273A,CC:2741,CC:2747,17,4,7,6,0xB0,7A_body16_7C_next_plus_1_16_00,strong_structural_frame,unclassified
83,0x53,17,F53-L017,CC:2747,CC:275A,CC:2761,CC:2767,32,19,7,6,0xB0,7A_body16_7C_next_plus_1_16_00,strong_structural_frame,unclassified
83,0x53,18,F53-L018,CC:2767,CC:2771,CC:2778,CC:277E,23,10,7,6,0xB0,7A_body16_7C_next_plus_1_16_00,strong_structural_frame,unclassified
90,0x5A,1,F5A-L001,CC:3352,CC:3356,CC:335D,CC:3363,17,4,7,6,0xB0,7A_body16_7C_next_plus_1_16_00,strong_structural_frame,unclassified
90,0x5A,2,F5A-L002,CC:3363,CC:3367,CC:336E,CC:3374,17,4,7,6,0xB0,7A_body16_7C_next_plus_1_16_00,strong_structural_frame,unclassified
90,0x5A,3,F5A-L003,CC:3374,CC:3380,CC:3387,CC:338D,25,12,7,6,0xB0,7A_body16_7C_next_plus_1_16_00,strong_structural_frame,unclassified
90,0x5A,4,F5A-L004,CC:338D,CC:3391,CC:3398,CC:339E,17,4,7,6,0xB0,7A_body16_7C_next_plus_1_16_00,strong_structural_frame,unclassified
91,0x5B,1,F5B-L001,CC:3475,CC:3489,CC:3490,CC:3496,33,20,7,6,0xB0,7A_body16_7C_next_plus_1_16_00,strong_structural_frame,unclassified
91,0x5B,2,F5B-L002,CC:3496,CC:34AA,CC:34B1,CC:34B7,33,20,7,6,0xB0,7A_body16_7C_next_plus_1_16_00,strong_structural_frame,unclassified
91,0x5B,3,F5B-L003,CC:34B7,CC:34CB,CC:34D2,CC:34D8,33,20,7,6,0xB0,7A_body16_7C_next_plus_1_16_00,strong_structural_frame,unclassified
91,0x5B,4,F5B-L004,CC:34D8,CC:34DC,CC:34E3,CC:34E9,17,4,7,6,0xB0,7A_body16_7C_next_plus_1_16_00,strong_structural_frame,unclassified
91,0x5B,5,F5B-L005,CC:34E9,CC:350B,CC:3512,CC:3518,47,34,7,6,0xB0,7A_body16_7C_next_plus_1_16_00,strong_structural_frame,unclassified
91,0x5B,6,F5B-L006,CC:3518,CC:353E,CC:3545,CC:354B,51,38,7,6,0xB0,7A_body16_7C_next_plus_1_16_00,strong_structural_frame,unclassified
92,0x5C,1,F5C-L001,CC:3636,CC:363A,CC:3641,CC:3647,17,4,7,6,0xB0,7A_body16_7C_next_plus_1_16_00,strong_structural_frame,unclassified
92,0x5C,2,F5C-L002,CC:3647,CC:364B,CC:3652,CC:3658,17,4,7,6,0xB0,7A_body16_7C_next_plus_1_16_00,strong_structural_frame,unclassified
92,0x5C,3,F5C-L003,CC:3658,CC:365C,CC:3663,CC:3669,17,4,7,6,0xB0,7A_body16_7C_next_plus_1_16_00,strong_structural_frame,unclassified
92,0x5C,4,F5C-L004,CC:3669,CC:366D,CC:3674,CC:367A,17,4,7,6,0xB0,7A_body16_7C_next_plus_1_16_00,strong_structural_frame,unclassified
92,0x5C,5,F5C-L005,CC:367A,CC:368C,CC:3693,CC:3699,31,18,7,6,0xB0,7A_body16_7C_next_plus_1_16_00,strong_structural_frame,unclassified
92,0x5C,6,F5C-L006,CC:3699,CC:369D,CC:36A4,CC:36AA,17,4,7,6,0xB0,7A_body16_7C_next_plus_1_16_00,strong_structural_frame,unclassified
93,0x5D,1,F5D-L001,CC:3772,CC:3776,CC:377D,CC:3783,17,4,7,6,0xB0,7A_body16_7C_next_plus_1_16_00,strong_structural_frame,unclassified
93,0x5D,2,F5D-L002,CC:3783,CC:3787,CC:378E,CC:3794,17,4,7,6,0xB0,7A_body16_7C_next_plus_1_16_00,strong_structural_frame,unclassified
93,0x5D,3,F5D-L003,CC:3794,CC:3798,CC:379F,CC:37A5,17,4,7,6,0xB0,7A_body16_7C_next_plus_1_16_00,strong_structural_frame,unclassified
93,0x5D,4,F5D-L004,CC:37A5,CC:37A9,CC:37B0,CC:37B6,17,4,7,6,0xB0,7A_body16_7C_next_plus_1_16_00,strong_structural_frame,unclassified
93,0x5D,5,F5D-L005,CC:37B6,CC:37C8,CC:37CF,CC:37D5,31,18,7,6,0xB0,7A_body16_7C_next_plus_1_16_00,strong_structural_frame,unclassified
93,0x5D,6,F5D-L006,CC:37D5,CC:37D9,CC:37E0,CC:37E6,17,4,7,6,0xB0,7A_body16_7C_next_plus_1_16_00,strong_structural_frame,unclassified
94,0x5E,1,F5E-L001,CC:38AE,CC:38B2,CC:38B9,CC:38BF,17,4,7,6,0xB0,7A_body16_7C_next_plus_1_16_00,strong_structural_frame,unclassified
94,0x5E,2,F5E-L002,CC:38BF,CC:38C3,CC:38CA,CC:38D0,17,4,7,6,0xB0,7A_body16_7C_next_plus_1_16_00,strong_structural_frame,unclassified
94,0x5E,3,F5E-L003,CC:38D0,CC:38D4,CC:38DB,CC:38E1,17,4,7,6,0xB0,7A_body16_7C_next_plus_1_16_00,strong_structural_frame,unclassified
94,0x5E,4,F5E-L004,CC:38E1,CC:38E5,CC:38EC,CC:38F2,17,4,7,6,0xB0,7A_body16_7C_next_plus_1_16_00,strong_structural_frame,unclassified
94,0x5E,5,F5E-L005,CC:38F2,CC:3904,CC:390B,CC:3911,31,18,7,6,0xB0,7A_body16_7C_next_plus_1_16_00,strong_structural_frame,unclassified
94,0x5E,6,F5E-L006,CC:3911,CC:3915,CC:391C,CC:3922,17,4,7,6,0xB0,7A_body16_7C_next_plus_1_16_00,strong_structural_frame,unclassified
95,0x5F,1,F5F-L001,CC:39F6,CC:3A0A,CC:3A11,CC:3A17,33,20,7,6,0xB0,7A_body16_7C_next_plus_1_16_00,strong_structural_frame,unclassified
95,0x5F,2,F5F-L002,CC:3A17,CC:3A2B,CC:3A32,CC:3A38,33,20,7,6,0xB0,7A_body16_7C_next_plus_1_16_00,strong_structural_frame,unclassified
95,0x5F,3,F5F-L003,CC:3A38,CC:3A4C,CC:3A53,CC:3A59,33,20,7,6,0xB0,7A_body16_7C_next_plus_1_16_00,strong_structural_frame,unclassified
95,0x5F,4,F5F-L004,CC:3A59,CC:3A6D,CC:3A74,CC:3A7A,33,20,7,6,0xB0,7A_body16_7C_next_plus_1_16_00,strong_structural_frame,unclassified
95,0x5F,5,F5F-L005,CC:3A7A,CC:3A8E,CC:3A95,CC:3A9B,33,20,7,6,0xB0,7A_body16_7C_next_plus_1_16_00,strong_structural_frame,unclassified
95,0x5F,6,F5F-L006,CC:3A9B,CC:3AAF,CC:3AB6,CC:3ABC,33,20,7,6,0xB0,7A_body16_7C_next_plus_1_16_00,strong_structural_frame,unclassified
95,0x5F,7,F5F-L007,CC:3ABC,CC:3AD0,CC:3AD7,CC:3AE1,37,20,7,10,0xB0,7A_body16_7C_next_plus_1_16_00,strong_structural_frame,unclassified
95,0x5F,8,F5F-L008,CC:3AE1,CC:3AEC,CC:3AF3,CC:3AFD,28,11,7,10,0xB0,7A_body16_7C_next_plus_1_16_00,strong_structural_frame,unclassified
96,0x60,1,F60-L001,CC:3C76,CC:3C82,CC:3C89,CC:3C8F,25,12,7,6,0xB0,7A_body16_7C_next_plus_1_16_00,strong_structural_frame,unclassified
96,0x60,2,F60-L002,CC:3C8F,CC:3C9B,CC:3CA2,CC:3CA8,25,12,7,6,0xB0,7A_body16_7C_next_plus_1_16_00,strong_structural_frame,unclassified
96,0x60,3,F60-L003,CC:3CA8,CC:3CB4,CC:3CBB,CC:3CC5,29,12,7,10,0xB0,7A_body16_7C_next_plus_1_16_00,strong_structural_frame,unclassified
96,0x60,4,F60-L004,CC:3CC5,CC:3CD1,CC:3CD8,CC:3CDE,25,12,7,6,0xB0,7A_body16_7C_next_plus_1_16_00,strong_structural_frame,unclassified
96,0x60,5,F60-L005,CC:3CDE,CC:3CEA,CC:3CF1,CC:3CFB,29,12,7,10,0xB0,7A_body16_7C_next_plus_1_16_00,strong_structural_frame,unclassified
96,0x60,6,F60-L006,CC:3CFB,CC:3D15,CC:3D1C,CC:3D22,39,26,7,6,0xB0,7A_body16_7C_next_plus_1_16_00,strong_structural_frame,unclassified
96,0x60,7,F60-L007,CC:3D22,CC:3D2E,CC:3D35,CC:3D3B,25,12,7,6,0xB0,7A_body16_7C_next_plus_1_16_00,strong_structural_frame,unclassified
96,0x60,8,F60-L008,CC:3D3B,CC:3D47,CC:3D4E,CC:3D54,25,12,7,6,0xB0,7A_body16_7C_next_plus_1_16_00,strong_structural_frame,unclassified
96,0x60,9,F60-L009,CC:3D54,CC:3D60,CC:3D67,CC:3D6D,25,12,7,6,0xB0,7A_body16_7C_next_plus_1_16_00,strong_structural_frame,unclassified
96,0x60,10,F60-L010,CC:3D6D,CC:3EA8,CC:3EAF,CC:3EB9,332,315,7,10,0xB0,7A_body16_7C_next_plus_1_16_00,strong_structural_frame,unclassified
96,0x60,11,F60-L011,CC:3EB9,CC:3EBD,CC:3EC4,CC:3ECE,21,4,7,10,0xB0,7A_body16_7C_next_plus_1_16_00,strong_structural_frame,unclassified
96,0x60,12,F60-L012,CC:3ECE,CC:402F,CC:4036,CC:4052,388,353,7,28,0xB0,7A_body16_7C_next_plus_1_16_00,strong_structural_frame,unclassified
98,0x62,1,F62-L001,CC:4295,CC:42A1,CC:42A8,CC:42B2,29,12,7,10,0xB0,7A_body16_7C_next_plus_1_16_00,strong_structural_frame,unclassified
98,0x62,2,F62-L002,CC:42B2,CC:42CC,CC:42D3,CC:42E0,46,26,7,13,0xB0,7A_body16_7C_next_plus_1_16_00,strong_structural_frame,unclassified
98,0x62,3,F62-L003,CC:42E0,CC:42E4,CC:42EB,CC:42F5,21,4,7,10,0xB0,7A_body16_7C_next_plus_1_16_00,strong_structural_frame,unclassified
98,0x62,4,F62-L004,CC:42F5,CC:4301,CC:4308,CC:4312,29,12,7,10,0xB0,7A_body16_7C_next_plus_1_16_00,strong_structural_frame,unclassified
98,0x62,5,F62-L005,CC:4312,CC:4326,CC:432D,CC:4337,37,20,7,10,0xB0,7A_body16_7C_next_plus_1_16_00,strong_structural_frame,unclassified
98,0x62,6,F62-L006,CC:4337,CC:4343,CC:434A,CC:4354,29,12,7,10,0xB0,7A_body16_7C_next_plus_1_16_00,strong_structural_frame,unclassified
98,0x62,7,F62-L007,CC:4354,CC:4368,CC:436F,CC:437D,41,20,7,14,0xB0,7A_body16_7C_next_plus_1_16_00,strong_structural_frame,unclassified
99,0x63,1,F63-L001,CC:43DE,CC:43EA,CC:43F1,CC:43FF,33,12,7,14,0xB0,7A_body16_7C_next_plus_1_16_00,strong_structural_frame,unclassified
99,0x63,2,F63-L002,CC:43FF,CC:4403,CC:440A,CC:4414,21,4,7,10,0xB0,7A_body16_7C_next_plus_1_16_00,strong_structural_frame,unclassified
99,0x63,3,F63-L003,CC:4414,CC:442A,CC:4431,CC:443F,43,22,7,14,0xB0,7A_body16_7C_next_plus_1_16_00,strong_structural_frame,unclassified
99,0x63,4,F63-L004,CC:443F,CC:4443,CC:444A,CC:4458,25,4,7,14,0xB0,7A_body16_7C_next_plus_1_16_00,strong_structural_frame,unclassified
99,0x63,5,F63-L005,CC:4458,CC:445C,CC:4463,CC:446D,21,4,7,10,0xB0,7A_body16_7C_next_plus_1_16_00,strong_structural_frame,unclassified
99,0x63,6,F63-L006,CC:446D,CC:4481,CC:4488,CC:4495,40,20,7,13,0xB0,7A_body16_7C_next_plus_1_16_00,strong_structural_frame,unclassified
99,0x63,7,F63-L007,CC:4495,CC:4499,CC:44A0,CC:44AA,21,4,7,10,0xB0,7A_body16_7C_next_plus_1_16_00,strong_structural_frame,unclassified
101,0x65,1,F65-L001,CC:4674,CC:4680,CC:4687,CC:468D,25,12,7,6,0xB0,7A_body16_7C_next_plus_1_16_00,strong_structural_frame,unclassified
101,0x65,2,F65-L002,CC:468D,CC:46BD,CC:46C4,CC:46CA,61,48,7,6,0xB0,7A_body16_7C_next_plus_1_16_00,strong_structural_frame,unclassified
101,0x65,3,F65-L003,CC:46CA,CC:46D6,CC:46DD,CC:46E3,25,12,7,6,0xB0,7A_body16_7C_next_plus_1_16_00,strong_structural_frame,unclassified
101,0x65,4,F65-L004,CC:46E3,CC:46EF,CC:46F6,CC:4700,29,12,7,10,0xB0,7A_body16_7C_next_plus_1_16_00,strong_structural_frame,unclassified
101,0x65,5,F65-L005,CC:4700,CC:470C,CC:4713,CC:4719,25,12,7,6,0xB0,7A_body16_7C_next_plus_1_16_00,strong_structural_frame,unclassified
101,0x65,6,F65-L006,CC:4719,CC:4733,CC:473A,CC:4744,43,26,7,10,0xB0,7A_body16_7C_next_plus_1_16_00,strong_structural_frame,unclassified
101,0x65,7,F65-L007,CC:4744,CC:4748,CC:474F,CC:4759,21,4,7,10,0xB0,7A_body16_7C_next_plus_1_16_00,strong_structural_frame,unclassified
101,0x65,8,F65-L008,CC:4759,CC:475D,CC:4764,CC:476E,21,4,7,10,0xB0,7A_body16_7C_next_plus_1_16_00,strong_structural_frame,unclassified
101,0x65,9,F65-L009,CC:476E,CC:4772,CC:4779,CC:4788,26,4,7,15,0xB0,7A_body16_7C_next_plus_1_16_00,strong_structural_frame,unclassified
101,0x65,10,F65-L010,CC:4788,CC:478C,CC:4793,CC:479D,21,4,7,10,0xB0,7A_body16_7C_next_plus_1_16_00,strong_structural_frame,unclassified
102,0x66,1,F66-L001,CC:48A3,CC:48B2,CC:48B9,CC:48CB,40,15,7,18,0xB0,7A_body16_7C_next_plus_1_16_00,strong_structural_frame,unclassified
102,0x66,2,F66-L002,CC:48CB,CC:48DA,CC:48E1,CC:48F3,40,15,7,18,0xB0,7A_body16_7C_next_plus_1_16_00,strong_structural_frame,unclassified
102,0x66,3,F66-L003,CC:48F3,CC:4902,CC:4909,CC:491B,40,15,7,18,0xB0,7A_body16_7C_next_plus_1_16_00,strong_structural_frame,unclassified
102,0x66,4,F66-L004,CC:491B,CC:492A,CC:4931,CC:4943,40,15,7,18,0xB0,7A_body16_7C_next_plus_1_16_00,strong_structural_frame,unclassified
102,0x66,5,F66-L005,CC:4943,CC:4952,CC:4959,CC:496B,40,15,7,18,0xB0,7A_body16_7C_next_plus_1_16_00,strong_structural_frame,unclassified
102,0x66,6,F66-L006,CC:496B,CC:497A,CC:4981,CC:498B,32,15,7,10,0xB0,7A_body16_7C_next_plus_1_16_00,strong_structural_frame,unclassified
102,0x66,7,F66-L007,CC:498B,CC:498F,CC:4996,CC:49A0,21,4,7,10,0xB0,7A_body16_7C_next_plus_1_16_00,strong_structural_frame,unclassified
102,0x66,8,F66-L008,CC:49A0,CC:49A4,CC:49AB,CC:49B5,21,4,7,10,0xB0,7A_body16_7C_next_plus_1_16_00,strong_structural_frame,unclassified
102,0x66,9,F66-L009,CC:49B5,CC:49B9,CC:49C0,CC:49CA,21,4,7,10,0xB0,7A_body16_7C_next_plus_1_16_00,strong_structural_frame,unclassified
102,0x66,10,F66-L010,CC:49CA,CC:4A45,CC:4A4C,CC:4A56,140,123,7,10,0xB0,7A_body16_7C_next_plus_1_16_00,strong_structural_frame,unclassified
103,0x67,1,F67-L001,CC:4D79,CC:4D7D,CC:4D84,CC:4D8A,17,4,7,6,0xB0,7A_body16_7C_next_plus_1_16_00,strong_structural_frame,unclassified
103,0x67,2,F67-L002,CC:4D8A,CC:4D8E,CC:4D95,CC:4D9B,17,4,7,6,0xB0,7A_body16_7C_next_plus_1_16_00,strong_structural_frame,unclassified
103,0x67,3,F67-L003,CC:4D9B,CC:4D9F,CC:4DA6,CC:4DAC,17,4,7,6,0xB0,7A_body16_7C_next_plus_1_16_00,strong_structural_frame,unclassified
103,0x67,4,F67-L004,CC:4DAC,CC:4DB0,CC:4DB7,CC:4DBD,17,4,7,6,0xB0,7A_body16_7C_next_plus_1_16_00,strong_structural_frame,unclassified
103,0x67,5,F67-L005,CC:4DBD,CC:4DC1,CC:4DC8,CC:4DCE,17,4,7,6,0xB0,7A_body16_7C_next_plus_1_16_00,strong_structural_frame,unclassified
103,0x67,6,F67-L006,CC:4DCE,CC:4DD2,CC:4DD9,CC:4DDF,17,4,7,6,0xB0,7A_body16_7C_next_plus_1_16_00,strong_structural_frame,unclassified
104,0x68,1,F68-L001,CC:4F5E,CC:4F6A,CC:4F71,CC:4F74,22,12,7,3,0xB0,7A_body16_7C_next_plus_1_16_00,strong_structural_frame,unclassified
104,0x68,2,F68-L002,CC:4F74,CC:4F78,CC:4F7F,CC:4F91,29,4,7,18,0xB0,7A_body16_7C_next_plus_1_16_00,strong_structural_frame,unclassified
104,0x68,3,F68-L003,CC:4F91,CC:4FAD,CC:4FB4,CC:4FC6,53,28,7,18,0xB0,7A_body16_7C_next_plus_1_16_00,strong_structural_frame,unclassified
104,0x68,4,F68-L004,CC:4FC6,CC:4FDB,CC:4FE2,CC:4FF4,46,21,7,18,0xB0,7A_body16_7C_next_plus_1_16_00,strong_structural_frame,unclassified
104,0x68,5,F68-L005,CC:4FF4,CC:5010,CC:5017,CC:5029,53,28,7,18,0xB0,7A_body16_7C_next_plus_1_16_00,strong_structural_frame,unclassified
104,0x68,6,F68-L006,CC:5029,CC:503E,CC:5045,CC:5057,46,21,7,18,0xB0,7A_body16_7C_next_plus_1_16_00,strong_structural_frame,unclassified
104,0x68,7,F68-L007,CC:5057,CC:506C,CC:5073,CC:5079,34,21,7,6,0xB0,7A_body16_7C_next_plus_1_16_00,strong_structural_frame,unclassified
104,0x68,8,F68-L008,CC:5079,CC:5085,CC:508C,CC:509E,37,12,7,18,0xB0,7A_body16_7C_next_plus_1_16_00,strong_structural_frame,unclassified
104,0x68,9,F68-L009,CC:509E,CC:50B3,CC:50BA,CC:50C0,34,21,7,6,0xB0,7A_body16_7C_next_plus_1_16_00,strong_structural_frame,unclassified
104,0x68,10,F68-L010,CC:50C0,CC:50CC,CC:50D3,CC:50E5,37,12,7,18,0xB0,7A_body16_7C_next_plus_1_16_00,strong_structural_frame,unclassified
104,0x68,11,F68-L011,CC:50E5,CC:50F7,CC:50FE,CC:5108,35,18,7,10,0xB0,7A_body16_7C_next_plus_1_16_00,strong_structural_frame,unclassified
104,0x68,12,F68-L012,CC:5108,CC:5112,CC:5119,CC:5123,27,10,7,10,0xB0,7A_body16_7C_next_plus_1_16_00,strong_structural_frame,unclassified
104,0x68,13,F68-L013,CC:5123,CC:5127,CC:512E,CC:5138,21,4,7,10,0xB0,7A_body16_7C_next_plus_1_16_00,strong_structural_frame,unclassified
104,0x68,14,F68-L014,CC:5138,CC:5143,CC:514A,CC:5154,28,11,7,10,0xB0,7A_body16_7C_next_plus_1_16_00,strong_structural_frame,unclassified
104,0x68,15,F68-L015,CC:5154,CC:5158,CC:515F,CC:5169,21,4,7,10,0xB0,7A_body16_7C_next_plus_1_16_00,strong_structural_frame,unclassified
104,0x68,16,F68-L016,CC:5169,CC:5174,CC:517B,CC:5185,28,11,7,10,0xB0,7A_body16_7C_next_plus_1_16_00,strong_structural_frame,unclassified
104,0x68,17,F68-L017,CC:5185,CC:5190,CC:5197,CC:51A1,28,11,7,10,0xB0,7A_body16_7C_next_plus_1_16_00,strong_structural_frame,unclassified
104,0x68,18,F68-L018,CC:51A1,CC:51AC,CC:51B3,CC:51BD,28,11,7,10,0xB0,7A_body16_7C_next_plus_1_16_00,strong_structural_frame,unclassified
104,0x68,19,F68-L019,CC:51BD,CC:51C8,CC:51CF,CC:51D9,28,11,7,10,0xB0,7A_body16_7C_next_plus_1_16_00,strong_structural_frame,unclassified
104,0x68,20,F68-L020,CC:51D9,CC:51E4,CC:51EB,CC:51F5,28,11,7,10,0xB0,7A_body16_7C_next_plus_1_16_00,strong_structural_frame,unclassified
104,0x68,21,F68-L021,CC:51F5,CC:52AB,CC:52B2,CC:52B5,192,182,7,3,0xB0,7A_body16_7C_next_plus_1_16_00,strong_structural_frame,unclassified
104,0x68,22,F68-L022,CC:52B5,CC:52C6,CC:52CD,CC:52D0,27,17,7,3,0xB0,7A_body16_7C_next_plus_1_16_00,strong_structural_frame,unclassified
104,0x68,23,F68-L023,CC:52D0,CC:52E1,CC:52E8,CC:52EB,27,17,7,3,0xB0,7A_body16_7C_next_plus_1_16_00,strong_structural_frame,unclassified
104,0x68,24,F68-L024,CC:52EB,CC:52FC,CC:5303,CC:5306,27,17,7,3,0xB0,7A_body16_7C_next_plus_1_16_00,strong_structural_frame,unclassified
104,0x68,25,F68-L025,CC:5306,CC:5317,CC:531E,CC:5333,45,17,7,21,0xB0,7A_body16_7C_next_plus_1_16_00,strong_structural_frame,unclassified
106,0x6A,1,F6A-L001,CC:556D,CC:5581,CC:5588,CC:558B,30,20,7,3,0xB0,7A_body16_7C_next_plus_1_16_00,strong_structural_frame,unclassified
106,0x6A,2,F6A-L002,CC:558B,CC:559F,CC:55A6,CC:55AC,33,20,7,6,0xB0,7A_body16_7C_next_plus_1_16_00,strong_structural_frame,unclassified
106,0x6A,3,F6A-L003,CC:55AC,CC:55D6,CC:55DD,CC:55E3,55,42,7,6,0xB0,7A_body16_7C_next_plus_1_16_00,strong_structural_frame,unclassified
106,0x6A,4,F6A-L004,CC:55E3,CC:5605,CC:560C,CC:5612,47,34,7,6,0xB0,7A_body16_7C_next_plus_1_16_00,strong_structural_frame,unclassified
106,0x6A,5,F6A-L005,CC:5612,CC:5634,CC:563B,CC:5641,47,34,7,6,0xB0,7A_body16_7C_next_plus_1_16_00,strong_structural_frame,unclassified
106,0x6A,6,F6A-L006,CC:5641,CC:564D,CC:5654,CC:565A,25,12,7,6,0xB0,7A_body16_7C_next_plus_1_16_00,strong_structural_frame,unclassified
106,0x6A,7,F6A-L007,CC:565A,CC:5677,CC:567E,CC:5684,42,29,7,6,0xB0,7A_body16_7C_next_plus_1_16_00,strong_structural_frame,unclassified
106,0x6A,8,F6A-L008,CC:5684,CC:5698,CC:569F,CC:56A5,33,20,7,6,0xB0,7A_body16_7C_next_plus_1_16_00,strong_structural_frame,unclassified
106,0x6A,9,F6A-L009,CC:56A5,CC:56C1,CC:56C8,CC:56CE,41,28,7,6,0xB0,7A_body16_7C_next_plus_1_16_00,strong_structural_frame,unclassified
106,0x6A,10,F6A-L010,CC:56CE,CC:56F8,CC:56FF,CC:5709,59,42,7,10,0xB0,7A_body16_7C_next_plus_1_16_00,strong_structural_frame,unclassified
106,0x6A,11,F6A-L011,CC:5709,CC:5715,CC:571C,CC:5726,29,12,7,10,0xB0,7A_body16_7C_next_plus_1_16_00,strong_structural_frame,unclassified
106,0x6A,12,F6A-L012,CC:5726,CC:5732,CC:5739,CC:5743,29,12,7,10,0xB0,7A_body16_7C_next_plus_1_16_00,strong_structural_frame,unclassified
106,0x6A,13,F6A-L013,CC:5743,CC:5747,CC:574E,CC:5758,21,4,7,10,0xB0,7A_body16_7C_next_plus_1_16_00,strong_structural_frame,unclassified
108,0x6C,1,F6C-L001,CC:6068,CC:606C,CC:6073,CC:6081,25,4,7,14,0xB0,7A_body16_7C_next_plus_1_16_00,strong_structural_frame,unclassified
108,0x6C,2,F6C-L002,CC:6081,CC:6085,CC:608C,CC:609A,25,4,7,14,0xB0,7A_body16_7C_next_plus_1_16_00,strong_structural_frame,unclassified
108,0x6C,3,F6C-L003,CC:609A,CC:609E,CC:60A5,CC:60B3,25,4,7,14,0xB0,7A_body16_7C_next_plus_1_16_00,strong_structural_frame,unclassified
108,0x6C,4,F6C-L004,CC:60B3,CC:60B7,CC:60BE,CC:60CC,25,4,7,14,0xB0,7A_body16_7C_next_plus_1_16_00,strong_structural_frame,unclassified
108,0x6C,5,F6C-L005,CC:60CC,CC:60D0,CC:60D7,CC:60E5,25,4,7,14,0xB0,7A_body16_7C_next_plus_1_16_00,strong_structural_frame,unclassified
108,0x6C,6,F6C-L006,CC:60E5,CC:60E9,CC:60F0,CC:60FE,25,4,7,14,0xB0,7A_body16_7C_next_plus_1_16_00,strong_structural_frame,unclassified
108,0x6C,7,F6C-L007,CC:60FE,CC:6102,CC:6109,CC:6117,25,4,7,14,0xB0,7A_body16_7C_next_plus_1_16_00,strong_structural_frame,unclassified
108,0x6C,8,F6C-L008,CC:6117,CC:611B,CC:6122,CC:6130,25,4,7,14,0xB0,7A_body16_7C_next_plus_1_16_00,strong_structural_frame,unclassified
108,0x6C,9,F6C-L009,CC:6130,CC:6134,CC:613B,CC:6149,25,4,7,14,0xB0,7A_body16_7C_next_plus_1_16_00,strong_structural_frame,unclassified
108,0x6C,10,F6C-L010,CC:6149,CC:614D,CC:6154,CC:6162,25,4,7,14,0xB0,7A_body16_7C_next_plus_1_16_00,strong_structural_frame,unclassified
108,0x6C,11,F6C-L011,CC:6162,CC:617D,CC:6184,CC:6192,48,27,7,14,0xB0,7A_body16_7C_next_plus_1_16_00,strong_structural_frame,unclassified
108,0x6C,12,F6C-L012,CC:6192,CC:6196,CC:619D,CC:61AB,25,4,7,14,0xB0,7A_body16_7C_next_plus_1_16_00,strong_structural_frame,unclassified
108,0x6C,13,F6C-L013,CC:61AB,CC:61B5,CC:61BC,CC:61CA,31,10,7,14,0xB0,7A_body16_7C_next_plus_1_16_00,strong_structural_frame,unclassified
108,0x6C,14,F6C-L014,CC:61CA,CC:61CE,CC:61D5,CC:61E3,25,4,7,14,0xB0,7A_body16_7C_next_plus_1_16_00,strong_structural_frame,unclassified
108,0x6C,15,F6C-L015,CC:61E3,CC:6232,CC:6239,CC:6247,100,79,7,14,0xB0,7A_body16_7C_next_plus_1_16_00,strong_structural_frame,unclassified
108,0x6C,16,F6C-L016,CC:6247,CC:6251,CC:6258,CC:6266,31,10,7,14,0xB0,7A_body16_7C_next_plus_1_16_00,strong_structural_frame,unclassified
110,0x6E,1,F6E-L001,CC:6483,CC:6487,CC:648E,CC:6494,17,4,7,6,0xB0,7A_body16_7C_next_plus_1_16_00,strong_structural_frame,unclassified
110,0x6E,2,F6E-L002,CC:6494,CC:6498,CC:649F,CC:64A5,17,4,7,6,0xB0,7A_body16_7C_next_plus_1_16_00,strong_structural_frame,unclassified
110,0x6E,3,F6E-L003,CC:64A5,CC:64A9,CC:64B0,CC:64B6,17,4,7,6,0xB0,7A_body16_7C_next_plus_1_16_00,strong_structural_frame,unclassified
110,0x6E,4,F6E-L004,CC:64B6,CC:64C8,CC:64CF,CC:64D5,31,18,7,6,0xB0,7A_body16_7C_next_plus_1_16_00,strong_structural_frame,unclassified
110,0x6E,5,F6E-L005,CC:64D5,CC:64EF,CC:64F6,CC:64FC,39,26,7,6,0xB0,7A_body16_7C_next_plus_1_16_00,strong_structural_frame,unclassified
110,0x6E,6,F6E-L006,CC:64FC,CC:6500,CC:6507,CC:650D,17,4,7,6,0xB0,7A_body16_7C_next_plus_1_16_00,strong_structural_frame,unclassified
110,0x6E,7,F6E-L007,CC:650D,CC:6511,CC:6518,CC:651E,17,4,7,6,0xB0,7A_body16_7C_next_plus_1_16_00,strong_structural_frame,unclassified
110,0x6E,8,F6E-L008,CC:651E,CC:6522,CC:6529,CC:652F,17,4,7,6,0xB0,7A_body16_7C_next_plus_1_16_00,strong_structural_frame,unclassified
110,0x6E,9,F6E-L009,CC:652F,CC:6549,CC:6550,CC:6556,39,26,7,6,0xB0,7A_body16_7C_next_plus_1_16_00,strong_structural_frame,unclassified
110,0x6E,10,F6E-L010,CC:6556,CC:655A,CC:6561,CC:6567,17,4,7,6,0xB0,7A_body16_7C_next_plus_1_16_00,strong_structural_frame,unclassified
110,0x6E,11,F6E-L011,CC:6567,CC:656B,CC:6572,CC:6578,17,4,7,6,0xB0,7A_body16_7C_next_plus_1_16_00,strong_structural_frame,unclassified
110,0x6E,12,F6E-L012,CC:6578,CC:657C,CC:6583,CC:6589,17,4,7,6,0xB0,7A_body16_7C_next_plus_1_16_00,strong_structural_frame,unclassified
110,0x6E,13,F6E-L013,CC:6589,CC:658D,CC:6594,CC:659A,17,4,7,6,0xB0,7A_body16_7C_next_plus_1_16_00,strong_structural_frame,unclassified
110,0x6E,14,F6E-L014,CC:659A,CC:659E,CC:65A5,CC:65AB,17,4,7,6,0xB0,7A_body16_7C_next_plus_1_16_00,strong_structural_frame,unclassified
110,0x6E,15,F6E-L015,CC:65AB,CC:65AF,CC:65B6,CC:65C0,21,4,7,10,0xB0,7A_body16_7C_next_plus_1_16_00,strong_structural_frame,unclassified
110,0x6E,16,F6E-L016,CC:65C0,CC:65E1,CC:65E8,CC:65EE,46,33,7,6,0xB0,7A_body16_7C_next_plus_1_16_00,strong_structural_frame,unclassified
110,0x6E,17,F6E-L017,CC:65EE,CC:660F,CC:6616,CC:661C,46,33,7,6,0xB0,7A_body16_7C_next_plus_1_16_00,strong_structural_frame,unclassified
111,0x6F,1,F6F-L001,CC:6791,CC:6795,CC:679C,CC:679F,14,4,7,3,0xB0,7A_body16_7C_next_plus_1_16_00,strong_structural_frame,unclassified
111,0x6F,2,F6F-L002,CC:679F,CC:67A3,CC:67AA,CC:67AD,14,4,7,3,0xB0,7A_body16_7C_next_plus_1_16_00,strong_structural_frame,unclassified
111,0x6F,3,F6F-L003,CC:67AD,CC:67B1,CC:67B8,CC:67C4,23,4,7,12,0xB0,7A_body16_7C_next_plus_1_16_00,strong_structural_frame,unclassified
111,0x6F,4,F6F-L004,CC:67C4,CC:67C8,CC:67CF,CC:67DB,23,4,7,12,0xB0,7A_body16_7C_next_plus_1_16_00,strong_structural_frame,unclassified
111,0x6F,5,F6F-L005,CC:67DB,CC:67DF,CC:67E6,CC:67F2,23,4,7,12,0xB0,7A_body16_7C_next_plus_1_16_00,strong_structural_frame,unclassified
111,0x6F,6,F6F-L006,CC:67F2,CC:67F6,CC:67FD,CC:6809,23,4,7,12,0xB0,7A_body16_7C_next_plus_1_16_00,strong_structural_frame,unclassified
111,0x6F,7,F6F-L007,CC:6809,CC:680D,CC:6814,CC:6820,23,4,7,12,0xB0,7A_body16_7C_next_plus_1_16_00,strong_structural_frame,unclassified
111,0x6F,8,F6F-L008,CC:6820,CC:6824,CC:682B,CC:6837,23,4,7,12,0xB0,7A_body16_7C_next_plus_1_16_00,strong_structural_frame,unclassified
111,0x6F,9,F6F-L009,CC:6837,CC:683B,CC:6842,CC:684E,23,4,7,12,0xB0,7A_body16_7C_next_plus_1_16_00,strong_structural_frame,unclassified
111,0x6F,10,F6F-L010,CC:684E,CC:687E,CC:6885,CC:6895,71,48,7,16,0xB0,7A_body16_7C_next_plus_1_16_00,strong_structural_frame,unclassified
111,0x6F,11,F6F-L011,CC:6895,CC:68C9,CC:68D0,CC:68E0,75,52,7,16,0xB0,7A_body16_7C_next_plus_1_16_00,strong_structural_frame,unclassified
112,0x70,1,F70-L001,CC:70C5,CC:70C9,CC:70D0,CC:70D3,14,4,7,3,0xB0,7A_body16_7C_next_plus_1_16_00,strong_structural_frame,unclassified
112,0x70,2,F70-L002,CC:70D3,CC:70D7,CC:70DE,CC:70E1,14,4,7,3,0xB0,7A_body16_7C_next_plus_1_16_00,strong_structural_frame,unclassified
112,0x70,3,F70-L003,CC:70E1,CC:70E5,CC:70EC,CC:70F2,17,4,7,6,0xB0,7A_body16_7C_next_plus_1_16_00,strong_structural_frame,unclassified
112,0x70,4,F70-L004,CC:70F2,CC:70F6,CC:70FD,CC:7103,17,4,7,6,0xB0,7A_body16_7C_next_plus_1_16_00,strong_structural_frame,unclassified
112,0x70,5,F70-L005,CC:7103,CC:7115,CC:711C,CC:7122,31,18,7,6,0xB0,7A_body16_7C_next_plus_1_16_00,strong_structural_frame,unclassified
112,0x70,6,F70-L006,CC:7122,CC:7126,CC:712D,CC:7133,17,4,7,6,0xB0,7A_body16_7C_next_plus_1_16_00,strong_structural_frame,unclassified
112,0x70,7,F70-L007,CC:7133,CC:7137,CC:713E,CC:7144,17,4,7,6,0xB0,7A_body16_7C_next_plus_1_16_00,strong_structural_frame,unclassified
112,0x70,8,F70-L008,CC:7144,CC:7148,CC:714F,CC:7155,17,4,7,6,0xB0,7A_body16_7C_next_plus_1_16_00,strong_structural_frame,unclassified
112,0x70,9,F70-L009,CC:7155,CC:7159,CC:7160,CC:7166,17,4,7,6,0xB0,7A_body16_7C_next_plus_1_16_00,strong_structural_frame,unclassified
112,0x70,10,F70-L010,CC:7166,CC:716A,CC:7171,CC:7177,17,4,7,6,0xB0,7A_body16_7C_next_plus_1_16_00,strong_structural_frame,unclassified
112,0x70,11,F70-L011,CC:7177,CC:7189,CC:7190,CC:7196,31,18,7,6,0xB0,7A_body16_7C_next_plus_1_16_00,strong_structural_frame,unclassified
112,0x70,12,F70-L012,CC:7196,CC:719A,CC:71A1,CC:71A7,17,4,7,6,0xB0,7A_body16_7C_next_plus_1_16_00,strong_structural_frame,unclassified
112,0x70,13,F70-L013,CC:71A7,CC:71AB,CC:71B2,CC:71B8,17,4,7,6,0xB0,7A_body16_7C_next_plus_1_16_00,strong_structural_frame,unclassified
112,0x70,14,F70-L014,CC:71B8,CC:71C6,CC:71CD,CC:71D3,27,14,7,6,0xB0,7A_body16_7C_next_plus_1_16_00,strong_structural_frame,unclassified
112,0x70,15,F70-L015,CC:71D3,CC:71D7,CC:71DE,CC:71E4,17,4,7,6,0xB0,7A_body16_7C_next_plus_1_16_00,strong_structural_frame,unclassified
112,0x70,16,F70-L016,CC:71E4,CC:71E8,CC:71EF,CC:71F5,17,4,7,6,0xB0,7A_body16_7C_next_plus_1_16_00,strong_structural_frame,unclassified
112,0x70,17,F70-L017,CC:71F5,CC:7207,CC:720E,CC:7214,31,18,7,6,0xB0,7A_body16_7C_next_plus_1_16_00,strong_structural_frame,unclassified
112,0x70,18,F70-L018,CC:7214,CC:7218,CC:721F,CC:7225,17,4,7,6,0xB0,7A_body16_7C_next_plus_1_16_00,strong_structural_frame,unclassified
112,0x70,19,F70-L019,CC:7225,CC:7229,CC:7230,CC:7236,17,4,7,6,0xB0,7A_body16_7C_next_plus_1_16_00,strong_structural_frame,unclassified
112,0x70,20,F70-L020,CC:7236,CC:723A,CC:7241,CC:7247,17,4,7,6,0xB0,7A_body16_7C_next_plus_1_16_00,strong_structural_frame,unclassified
112,0x70,21,F70-L021,CC:7247,CC:724B,CC:7252,CC:7258,17,4,7,6,0xB0,7A_body16_7C_next_plus_1_16_00,strong_structural_frame,unclassified
112,0x70,22,F70-L022,CC:7258,CC:725C,CC:7263,CC:7269,17,4,7,6,0xB0,7A_body16_7C_next_plus_1_16_00,strong_structural_frame,unclassified
112,0x70,23,F70-L023,CC:7269,CC:726D,CC:7274,CC:727A,17,4,7,6,0xB0,7A_body16_7C_next_plus_1_16_00,strong_structural_frame,unclassified
112,0x70,24,F70-L024,CC:727A,CC:727E,CC:7285,CC:728B,17,4,7,6,0xB0,7A_body16_7C_next_plus_1_16_00,strong_structural_frame,unclassified
113,0x71,1,F71-L001,CC:73E2,CC:740E,CC:7415,CC:741F,61,44,7,10,0xB0,7A_body16_7C_next_plus_1_16_00,strong_structural_frame,unclassified
113,0x71,2,F71-L002,CC:741F,CC:7423,CC:742A,CC:7434,21,4,7,10,0xB0,7A_body16_7C_next_plus_1_16_00,strong_structural_frame,unclassified
114,0x72,1,F72-L001,CC:74CC,CC:74D0,CC:74D7,CC:74E8,28,4,7,17,0xB0,7A_body16_7C_next_plus_1_16_00,strong_structural_frame,unclassified
114,0x72,2,F72-L002,CC:74E8,CC:74EC,CC:74F3,CC:7504,28,4,7,17,0xB0,7A_body16_7C_next_plus_1_16_00,strong_structural_frame,unclassified
114,0x72,3,F72-L003,CC:7504,CC:7508,CC:750F,CC:7520,28,4,7,17,0xB0,7A_body16_7C_next_plus_1_16_00,strong_structural_frame,unclassified
114,0x72,4,F72-L004,CC:7520,CC:7524,CC:752B,CC:753C,28,4,7,17,0xB0,7A_body16_7C_next_plus_1_16_00,strong_structural_frame,unclassified
114,0x72,5,F72-L005,CC:753C,CC:7540,CC:7547,CC:7558,28,4,7,17,0xB0,7A_body16_7C_next_plus_1_16_00,strong_structural_frame,unclassified
114,0x72,6,F72-L006,CC:7558,CC:755C,CC:7563,CC:7574,28,4,7,17,0xB0,7A_body16_7C_next_plus_1_16_00,strong_structural_frame,unclassified
114,0x72,7,F72-L007,CC:7574,CC:7578,CC:757F,CC:7590,28,4,7,17,0xB0,7A_body16_7C_next_plus_1_16_00,strong_structural_frame,unclassified
114,0x72,8,F72-L008,CC:7590,CC:7594,CC:759B,CC:75AC,28,4,7,17,0xB0,7A_body16_7C_next_plus_1_16_00,strong_structural_frame,unclassified
114,0x72,9,F72-L009,CC:75AC,CC:75B0,CC:75B7,CC:75C8,28,4,7,17,0xB0,7A_body16_7C_next_plus_1_16_00,strong_structural_frame,unclassified
114,0x72,10,F72-L010,CC:75C8,CC:75CC,CC:75D3,CC:75E4,28,4,7,17,0xB0,7A_body16_7C_next_plus_1_16_00,strong_structural_frame,unclassified
115,0x73,1,F73-L001,CC:76D1,CC:76D5,CC:76DC,CC:76ED,28,4,7,17,0xB0,7A_body16_7C_next_plus_1_16_00,strong_structural_frame,unclassified
115,0x73,2,F73-L002,CC:76ED,CC:76FB,CC:7702,CC:7713,38,14,7,17,0xB0,7A_body16_7C_next_plus_1_16_00,strong_structural_frame,unclassified
115,0x73,3,F73-L003,CC:7713,CC:7717,CC:771E,CC:772F,28,4,7,17,0xB0,7A_body16_7C_next_plus_1_16_00,strong_structural_frame,unclassified
115,0x73,4,F73-L004,CC:772F,CC:7733,CC:773A,CC:774B,28,4,7,17,0xB0,7A_body16_7C_next_plus_1_16_00,strong_structural_frame,unclassified
115,0x73,5,F73-L005,CC:774B,CC:776E,CC:7775,CC:7786,59,35,7,17,0xB0,7A_body16_7C_next_plus_1_16_00,strong_structural_frame,unclassified
115,0x73,6,F73-L006,CC:7786,CC:778A,CC:7791,CC:77A2,28,4,7,17,0xB0,7A_body16_7C_next_plus_1_16_00,strong_structural_frame,unclassified
115,0x73,7,F73-L007,CC:77A2,CC:77A6,CC:77AD,CC:77BE,28,4,7,17,0xB0,7A_body16_7C_next_plus_1_16_00,strong_structural_frame,unclassified
115,0x73,8,F73-L008,CC:77BE,CC:77C2,CC:77C9,CC:77DA,28,4,7,17,0xB0,7A_body16_7C_next_plus_1_16_00,strong_structural_frame,unclassified
117,0x75,1,F75-L001,CC:80EF,CC:8156,CC:815D,CC:8168,121,103,7,11,0xB0,7A_body16_7C_next_plus_1_16_00,strong_structural_frame,unclassified
117,0x75,2,F75-L002,CC:8168,CC:8172,CC:8179,CC:818B,35,10,7,18,0xB0,7A_body16_7C_next_plus_1_16_00,strong_structural_frame,unclassified
117,0x75,3,F75-L003,CC:818B,CC:8197,CC:819E,CC:81A4,25,12,7,6,0xB0,7A_body16_7C_next_plus_1_16_00,strong_structural_frame,unclassified
117,0x75,4,F75-L004,CC:81A4,CC:81DD,CC:81E4,CC:81EA,70,57,7,6,0xB0,7A_body16_7C_next_plus_1_16_00,strong_structural_frame,unclassified
117,0x75,5,F75-L005,CC:81EA,CC:8200,CC:8207,CC:8216,44,22,7,15,0xB0,7A_body16_7C_next_plus_1_16_00,strong_structural_frame,unclassified
117,0x75,6,F75-L006,CC:8216,CC:821A,CC:8221,CC:8230,26,4,7,15,0xB0,7A_body16_7C_next_plus_1_16_00,strong_structural_frame,unclassified
117,0x75,7,F75-L007,CC:8230,CC:823F,CC:8246,CC:8255,37,15,7,15,0xB0,7A_body16_7C_next_plus_1_16_00,strong_structural_frame,unclassified
117,0x75,8,F75-L008,CC:8255,CC:8264,CC:826B,CC:827A,37,15,7,15,0xB0,7A_body16_7C_next_plus_1_16_00,strong_structural_frame,unclassified
117,0x75,9,F75-L009,CC:827A,CC:8287,CC:828E,CC:829D,35,13,7,15,0xB0,7A_body16_7C_next_plus_1_16_00,strong_structural_frame,unclassified
117,0x75,10,F75-L010,CC:829D,CC:82AD,CC:82B4,CC:82C3,38,16,7,15,0xB0,7A_body16_7C_next_plus_1_16_00,strong_structural_frame,unclassified
117,0x75,11,F75-L011,CC:82C3,CC:82D2,CC:82D9,CC:82E8,37,15,7,15,0xB0,7A_body16_7C_next_plus_1_16_00,strong_structural_frame,unclassified
117,0x75,12,F75-L012,CC:82E8,CC:82F7,CC:82FE,CC:830D,37,15,7,15,0xB0,7A_body16_7C_next_plus_1_16_00,strong_structural_frame,unclassified
117,0x75,13,F75-L013,CC:830D,CC:8492,CC:8499,CC:849F,402,389,7,6,0xB0,7A_body16_7C_next_plus_1_16_00,strong_structural_frame,unclassified
117,0x75,14,F75-L014,CC:849F,CC:84DF,CC:84E6,CC:84F8,89,64,7,18,0xB0,7A_body16_7C_next_plus_1_16_00,strong_structural_frame,unclassified
117,0x75,15,F75-L015,CC:84F8,CC:8515,CC:851C,CC:852E,54,29,7,18,0xB0,7A_body16_7C_next_plus_1_16_00,strong_structural_frame,unclassified
117,0x75,16,F75-L016,CC:852E,CC:854B,CC:8552,CC:8564,54,29,7,18,0xB0,7A_body16_7C_next_plus_1_16_00,strong_structural_frame,unclassified
117,0x75,17,F75-L017,CC:8564,CC:8581,CC:8588,CC:859A,54,29,7,18,0xB0,7A_body16_7C_next_plus_1_16_00,strong_structural_frame,unclassified
117,0x75,18,F75-L018,CC:859A,CC:85B7,CC:85BE,CC:85D0,54,29,7,18,0xB0,7A_body16_7C_next_plus_1_16_00,strong_structural_frame,unclassified
117,0x75,19,F75-L019,CC:85D0,CC:85ED,CC:85F4,CC:8606,54,29,7,18,0xB0,7A_body16_7C_next_plus_1_16_00,strong_structural_frame,unclassified
117,0x75,20,F75-L020,CC:8606,CC:8623,CC:862A,CC:863C,54,29,7,18,0xB0,7A_body16_7C_next_plus_1_16_00,strong_structural_frame,unclassified
117,0x75,21,F75-L021,CC:863C,CC:8659,CC:8660,CC:8673,55,29,7,19,0xB0,7A_body16_7C_next_plus_1_16_00,strong_structural_frame,unclassified
117,0x75,22,F75-L022,CC:8673,CC:8691,CC:8698,CC:86AB,56,30,7,19,0xB0,7A_body16_7C_next_plus_1_16_00,strong_structural_frame,unclassified
117,0x75,23,F75-L023,CC:86AB,CC:86C9,CC:86D0,CC:86E3,56,30,7,19,0xB0,7A_body16_7C_next_plus_1_16_00,strong_structural_frame,unclassified
117,0x75,24,F75-L024,CC:86E3,CC:8701,CC:8708,CC:871A,55,30,7,18,0xB0,7A_body16_7C_next_plus_1_16_00,strong_structural_frame,unclassified
117,0x75,25,F75-L025,CC:871A,CC:8737,CC:873E,CC:8751,55,29,7,19,0xB0,7A_body16_7C_next_plus_1_16_00,strong_structural_frame,unclassified
117,0x75,26,F75-L026,CC:8751,CC:876F,CC:8776,CC:8789,56,30,7,19,0xB0,7A_body16_7C_next_plus_1_16_00,strong_structural_frame,unclassified
117,0x75,27,F75-L027,CC:8789,CC:87A7,CC:87AE,CC:87C0,55,30,7,18,0xB0,7A_body16_7C_next_plus_1_16_00,strong_structural_frame,unclassified
117,0x75,28,F75-L028,CC:87C0,CC:87DD,CC:87E4,CC:87F7,55,29,7,19,0xB0,7A_body16_7C_next_plus_1_16_00,strong_structural_frame,unclassified
117,0x75,29,F75-L029,CC:87F7,CC:8815,CC:881C,CC:882F,56,30,7,19,0xB0,7A_body16_7C_next_plus_1_16_00,strong_structural_frame,unclassified
117,0x75,30,F75-L030,CC:882F,CC:884D,CC:8854,CC:8866,55,30,7,18,0xB0,7A_body16_7C_next_plus_1_16_00,strong_structural_frame,unclassified
117,0x75,31,F75-L031,CC:8866,CC:8883,CC:888A,CC:889C,54,29,7,18,0xB0,7A_body16_7C_next_plus_1_16_00,strong_structural_frame,unclassified
117,0x75,32,F75-L032,CC:889C,CC:88B9,CC:88C0,CC:88D2,54,29,7,18,0xB0,7A_body16_7C_next_plus_1_16_00,strong_structural_frame,unclassified
120,0x78,1,F78-L001,CC:930F,CC:9313,CC:931A,CC:9320,17,4,7,6,0xB0,7A_body16_7C_next_plus_1_16_00,strong_structural_frame,unclassified
120,0x78,2,F78-L002,CC:9320,CC:9324,CC:932B,CC:9331,17,4,7,6,0xB0,7A_body16_7C_next_plus_1_16_00,strong_structural_frame,unclassified
120,0x78,3,F78-L003,CC:9331,CC:9335,CC:933C,CC:9342,17,4,7,6,0xB0,7A_body16_7C_next_plus_1_16_00,strong_structural_frame,unclassified
120,0x78,4,F78-L004,CC:9342,CC:9346,CC:934D,CC:9353,17,4,7,6,0xB0,7A_body16_7C_next_plus_1_16_00,strong_structural_frame,unclassified
120,0x78,5,F78-L005,CC:9353,CC:9357,CC:935E,CC:9364,17,4,7,6,0xB0,7A_body16_7C_next_plus_1_16_00,strong_structural_frame,unclassified
120,0x78,6,F78-L006,CC:9364,CC:9368,CC:936F,CC:9375,17,4,7,6,0xB0,7A_body16_7C_next_plus_1_16_00,strong_structural_frame,unclassified
121,0x79,1,F79-L001,CC:9518,CC:96BA,CC:96C1,CC:96CD,437,418,7,12,0xB0,7A_body16_7C_next_plus_1_16_00,strong_structural_frame,unclassified
121,0x79,2,F79-L002,CC:96CD,CC:96EC,CC:96F3,CC:96FF,50,31,7,12,0xB0,7A_body16_7C_next_plus_1_16_00,strong_structural_frame,unclassified
121,0x79,3,F79-L003,CC:96FF,CC:9709,CC:9710,CC:971C,29,10,7,12,0xB0,7A_body16_7C_next_plus_1_16_00,strong_structural_frame,unclassified
121,0x79,4,F79-L004,CC:971C,CC:9726,CC:972D,CC:9739,29,10,7,12,0xB0,7A_body16_7C_next_plus_1_16_00,strong_structural_frame,unclassified
124,0x7C,1,F7C-L001,CC:9AE6,CC:9AF6,CC:9AFD,CC:9B07,33,16,7,10,0xB0,7A_body16_7C_next_plus_1_16_00,strong_structural_frame,unclassified
124,0x7C,2,F7C-L002,CC:9B07,CC:9B17,CC:9B1E,CC:9B28,33,16,7,10,0xB0,7A_body16_7C_next_plus_1_16_00,strong_structural_frame,unclassified
124,0x7C,3,F7C-L003,CC:9B28,CC:9B38,CC:9B3F,CC:9B49,33,16,7,10,0xB0,7A_body16_7C_next_plus_1_16_00,strong_structural_frame,unclassified
124,0x7C,4,F7C-L004,CC:9B49,CC:9B59,CC:9B60,CC:9B6A,33,16,7,10,0xB0,7A_body16_7C_next_plus_1_16_00,strong_structural_frame,unclassified
125,0x7D,1,F7D-L001,CC:A097,CC:A0CF,CC:A0D6,CC:A0DC,69,56,7,6,0xB0,7A_body16_7C_next_plus_1_16_00,strong_structural_frame,unclassified
128,0x80,1,F80-L001,CC:A7DC,CC:A7E8,CC:A7EF,CC:A7F5,25,12,7,6,0xB0,7A_body16_7C_next_plus_1_16_00,strong_structural_frame,unclassified
128,0x80,2,F80-L002,CC:A7F5,CC:A801,CC:A808,CC:A80E,25,12,7,6,0xB0,7A_body16_7C_next_plus_1_16_00,strong_structural_frame,unclassified
128,0x80,3,F80-L003,CC:A80E,CC:A81A,CC:A821,CC:A827,25,12,7,6,0xB0,7A_body16_7C_next_plus_1_16_00,strong_structural_frame,unclassified
128,0x80,4,F80-L004,CC:A827,CC:A833,CC:A83A,CC:A840,25,12,7,6,0xB0,7A_body16_7C_next_plus_1_16_00,strong_structural_frame,unclassified
129,0x81,1,F81-L001,CC:A9E0,CC:A9F4,CC:A9FB,CC:AA05,37,20,7,10,0xB0,7A_body16_7C_next_plus_1_16_00,strong_structural_frame,unclassified
129,0x81,2,F81-L002,CC:AA05,CC:AA21,CC:AA28,CC:AA32,45,28,7,10,0xB0,7A_body16_7C_next_plus_1_16_00,strong_structural_frame,unclassified
129,0x81,3,F81-L003,CC:AA32,CC:AA4C,CC:AA53,CC:AA5D,43,26,7,10,0xB0,7A_body16_7C_next_plus_1_16_00,strong_structural_frame,unclassified
129,0x81,4,F81-L004,CC:AA5D,CC:AA79,CC:AA80,CC:AA8A,45,28,7,10,0xB0,7A_body16_7C_next_plus_1_16_00,strong_structural_frame,unclassified
129,0x81,5,F81-L005,CC:AA8A,CC:AAA6,CC:AAAD,CC:AAB7,45,28,7,10,0xB0,7A_body16_7C_next_plus_1_16_00,strong_structural_frame,unclassified
129,0x81,6,F81-L006,CC:AAB7,CC:AAD3,CC:AADA,CC:AAE4,45,28,7,10,0xB0,7A_body16_7C_next_plus_1_16_00,strong_structural_frame,unclassified
129,0x81,7,F81-L007,CC:AAE4,CC:AE57,CC:AE5E,CC:AE6F,907,883,7,17,0xB0,7A_body16_7C_next_plus_1_16_00,strong_structural_frame,unclassified
129,0x81,8,F81-L008,CC:AE6F,CC:B089,CC:B090,CC:B09A,555,538,7,10,0xB0,7A_body16_7C_next_plus_1_16_00,strong_structural_frame,unclassified
129,0x81,9,F81-L009,CC:B09A,CC:B09E,CC:B0A5,CC:B0AF,21,4,7,10,0xB0,7A_body16_7C_next_plus_1_16_00,strong_structural_frame,unclassified
129,0x81,10,F81-L010,CC:B0AF,CC:B0B3,CC:B0BA,CC:B0E0,49,4,7,38,0xB0,7A_body16_7C_next_plus_1_16_00,strong_structural_frame,unclassified
129,0x81,11,F81-L011,CC:B0E0,CC:B0E7,CC:B0EE,CC:B114,52,7,7,38,0xB0,7A_body16_7C_next_plus_1_16_00,strong_structural_frame,unclassified
130,0x82,1,F82-L001,CC:B3AE,CC:B3C2,CC:B3C9,CC:B3D3,37,20,7,10,0xB0,7A_body16_7C_next_plus_1_16_00,strong_structural_frame,unclassified
130,0x82,2,F82-L002,CC:B3D3,CC:B3DF,CC:B3E6,CC:B3F0,29,12,7,10,0xB0,7A_body16_7C_next_plus_1_16_00,strong_structural_frame,unclassified
130,0x82,3,F82-L003,CC:B3F0,CC:B40A,CC:B411,CC:B41B,43,26,7,10,0xB0,7A_body16_7C_next_plus_1_16_00,strong_structural_frame,unclassified
130,0x82,4,F82-L004,CC:B41B,CC:B42B,CC:B432,CC:B43C,33,16,7,10,0xB0,7A_body16_7C_next_plus_1_16_00,strong_structural_frame,unclassified
130,0x82,5,F82-L005,CC:B43C,CC:B44C,CC:B453,CC:B45D,33,16,7,10,0xB0,7A_body16_7C_next_plus_1_16_00,strong_structural_frame,unclassified
130,0x82,6,F82-L006,CC:B45D,CC:B469,CC:B470,CC:B47A,29,12,7,10,0xB0,7A_body16_7C_next_plus_1_16_00,strong_structural_frame,unclassified
130,0x82,7,F82-L007,CC:B47A,CC:B486,CC:B48D,CC:B497,29,12,7,10,0xB0,7A_body16_7C_next_plus_1_16_00,strong_structural_frame,unclassified
130,0x82,8,F82-L008,CC:B497,CC:B4B1,CC:B4B8,CC:B4C2,43,26,7,10,0xB0,7A_body16_7C_next_plus_1_16_00,strong_structural_frame,unclassified
130,0x82,9,F82-L009,CC:B4C2,CC:B6D6,CC:B6DD,CC:B6E7,549,532,7,10,0xB0,7A_body16_7C_next_plus_1_16_00,strong_structural_frame,unclassified
130,0x82,10,F82-L010,CC:B6E7,CC:B6EE,CC:B6F5,CC:B6FF,24,7,7,10,0xB0,7A_body16_7C_next_plus_1_16_00,strong_structural_frame,unclassified
131,0x83,1,F83-L001,CC:B8ED,CC:B901,CC:B908,CC:B90B,30,20,7,3,0xB0,7A_body16_7C_next_plus_1_16_00,strong_structural_frame,unclassified
131,0x83,2,F83-L002,CC:B90B,CC:B91F,CC:B926,CC:B929,30,20,7,3,0xB0,7A_body16_7C_next_plus_1_16_00,strong_structural_frame,unclassified
131,0x83,3,F83-L003,CC:B929,CC:B93D,CC:B944,CC:B94E,37,20,7,10,0xB0,7A_body16_7C_next_plus_1_16_00,strong_structural_frame,unclassified
131,0x83,4,F83-L004,CC:B94E,CC:B95A,CC:B961,CC:B96B,29,12,7,10,0xB0,7A_body16_7C_next_plus_1_16_00,strong_structural_frame,unclassified
131,0x83,5,F83-L005,CC:B96B,CC:B986,CC:B98D,CC:B997,44,27,7,10,0xB0,7A_body16_7C_next_plus_1_16_00,strong_structural_frame,unclassified
131,0x83,6,F83-L006,CC:B997,CC:B9A3,CC:B9AA,CC:B9B4,29,12,7,10,0xB0,7A_body16_7C_next_plus_1_16_00,strong_structural_frame,unclassified
131,0x83,7,F83-L007,CC:B9B4,CC:B9C0,CC:B9C7,CC:B9D1,29,12,7,10,0xB0,7A_body16_7C_next_plus_1_16_00,strong_structural_frame,unclassified
131,0x83,8,F83-L008,CC:B9D1,CC:B9DD,CC:B9E4,CC:B9EE,29,12,7,10,0xB0,7A_body16_7C_next_plus_1_16_00,strong_structural_frame,unclassified
131,0x83,9,F83-L009,CC:B9EE,CC:B9F2,CC:B9F9,CC:BA03,21,4,7,10,0xB0,7A_body16_7C_next_plus_1_16_00,strong_structural_frame,unclassified
131,0x83,10,F83-L010,CC:BA03,CC:BA07,CC:BA0E,CC:BA18,21,4,7,10,0xB0,7A_body16_7C_next_plus_1_16_00,strong_structural_frame,unclassified
131,0x83,11,F83-L011,CC:BA18,CC:BA1C,CC:BA23,CC:BA2D,21,4,7,10,0xB0,7A_body16_7C_next_plus_1_16_00,strong_structural_frame,unclassified
131,0x83,12,F83-L012,CC:BA2D,CC:BA31,CC:BA38,CC:BA42,21,4,7,10,0xB0,7A_body16_7C_next_plus_1_16_00,strong_structural_frame,unclassified
131,0x83,13,F83-L013,CC:BA42,CC:BA4E,CC:BA55,CC:BA5F,29,12,7,10,0xB0,7A_body16_7C_next_plus_1_16_00,strong_structural_frame,unclassified
132,0x84,1,F84-L001,CC:BB17,CC:BB2C,CC:BB33,CC:BB4B,52,21,7,24,0xB0,7A_body16_7C_next_plus_1_16_00,strong_structural_frame,unclassified
133,0x85,1,F85-L001,CC:BCFB,CC:BD05,CC:BD0C,CC:BD29,46,10,7,29,0xB0,7A_body16_7C_next_plus_1_16_00,strong_structural_frame,unclassified
133,0x85,2,F85-L002,CC:BD29,CC:BD33,CC:BD3A,CC:BD57,46,10,7,29,0xB0,7A_body16_7C_next_plus_1_16_00,strong_structural_frame,unclassified
135,0x87,1,F87-L001,CC:C04E,CC:C087,CC:C08E,CC:C094,70,57,7,6,0xB0,7A_body16_7C_next_plus_1_16_00,strong_structural_frame,unclassified
136,0x88,1,F88-L001,CC:C2FE,CC:C302,CC:C309,CC:C30F,17,4,7,6,0xB0,7A_body16_7C_next_plus_1_16_00,strong_structural_frame,unclassified
136,0x88,2,F88-L002,CC:C30F,CC:C313,CC:C31A,CC:C320,17,4,7,6,0xB0,7A_body16_7C_next_plus_1_16_00,strong_structural_frame,unclassified
136,0x88,3,F88-L003,CC:C320,CC:C324,CC:C32B,CC:C331,17,4,7,6,0xB0,7A_body16_7C_next_plus_1_16_00,strong_structural_frame,unclassified
137,0x89,1,F89-L001,CC:C5E9,CC:C5ED,CC:C5F4,CC:C5FE,21,4,7,10,0xB0,7A_body16_7C_next_plus_1_16_00,strong_structural_frame,unclassified
137,0x89,2,F89-L002,CC:C5FE,CC:C61B,CC:C622,CC:C628,42,29,7,6,0xB0,7A_body16_7C_next_plus_1_16_00,strong_structural_frame,unclassified
139,0x8B,1,F8B-L001,CC:C799,CC:C7ED,CC:C7F4,CC:C807,110,84,7,19,0xB0,7A_body16_7C_next_plus_1_16_00,strong_structural_frame,unclassified
139,0x8B,2,F8B-L002,CC:C807,CC:C826,CC:C82D,CC:C840,57,31,7,19,0xB0,7A_body16_7C_next_plus_1_16_00,strong_structural_frame,unclassified
139,0x8B,3,F8B-L003,CC:C840,CC:C85F,CC:C866,CC:C879,57,31,7,19,0xB0,7A_body16_7C_next_plus_1_16_00,strong_structural_frame,unclassified
140,0x8C,1,F8C-L001,CC:C94A,CC:C94E,CC:C955,CC:C95B,17,4,7,6,0xB0,7A_body16_7C_next_plus_1_16_00,strong_structural_frame,unclassified
140,0x8C,2,F8C-L002,CC:C95B,CC:C967,CC:C96E,CC:C974,25,12,7,6,0xB0,7A_body16_7C_next_plus_1_16_00,strong_structural_frame,unclassified
140,0x8C,3,F8C-L003,CC:C974,CC:C980,CC:C987,CC:C98D,25,12,7,6,0xB0,7A_body16_7C_next_plus_1_16_00,strong_structural_frame,unclassified
140,0x8C,4,F8C-L004,CC:C98D,CC:C999,CC:C9A0,CC:C9A6,25,12,7,6,0xB0,7A_body16_7C_next_plus_1_16_00,strong_structural_frame,unclassified
140,0x8C,5,F8C-L005,CC:C9A6,CC:C9CB,CC:C9D2,CC:C9D8,50,37,7,6,0xB0,7A_body16_7C_next_plus_1_16_00,strong_structural_frame,unclassified
140,0x8C,6,F8C-L006,CC:C9D8,CC:C9EA,CC:C9F1,CC:C9F7,31,18,7,6,0xB0,7A_body16_7C_next_plus_1_16_00,strong_structural_frame,unclassified
140,0x8C,7,F8C-L007,CC:C9F7,CC:CA03,CC:CA0A,CC:CA14,29,12,7,10,0xB0,7A_body16_7C_next_plus_1_16_00,strong_structural_frame,unclassified
141,0x8D,1,F8D-L001,CC:CAC7,CC:CAD9,CC:CAE0,CC:CAEC,37,18,7,12,0xB0,7A_body16_7C_next_plus_1_16_00,strong_structural_frame,unclassified
141,0x8D,2,F8D-L002,CC:CAEC,CC:CAF8,CC:CAFF,CC:CB0B,31,12,7,12,0xB0,7A_body16_7C_next_plus_1_16_00,strong_structural_frame,unclassified
141,0x8D,3,F8D-L003,CC:CB0B,CC:CB17,CC:CB1E,CC:CB2A,31,12,7,12,0xB0,7A_body16_7C_next_plus_1_16_00,strong_structural_frame,unclassified
141,0x8D,4,F8D-L004,CC:CB2A,CC:CB36,CC:CB3D,CC:CB49,31,12,7,12,0xB0,7A_body16_7C_next_plus_1_16_00,strong_structural_frame,unclassified
141,0x8D,5,F8D-L005,CC:CB49,CC:CBAE,CC:CBB5,CC:CBC1,120,101,7,12,0xB0,7A_body16_7C_next_plus_1_16_00,strong_structural_frame,unclassified
141,0x8D,6,F8D-L006,CC:CBC1,CC:CBCE,CC:CBD5,CC:CBE1,32,13,7,12,0xB0,7A_body16_7C_next_plus_1_16_00,strong_structural_frame,unclassified
141,0x8D,7,F8D-L007,CC:CBE1,CC:CBEE,CC:CBF5,CC:CC01,32,13,7,12,0xB0,7A_body16_7C_next_plus_1_16_00,strong_structural_frame,unclassified
141,0x8D,8,F8D-L008,CC:CC01,CC:CC30,CC:CC37,CC:CC43,66,47,7,12,0xB0,7A_body16_7C_next_plus_1_16_00,strong_structural_frame,unclassified
142,0x8E,1,F8E-L001,CC:CD11,CC:CD15,CC:CD1C,CC:CD2E,29,4,7,18,0xB0,7A_body16_7C_next_plus_1_16_00,strong_structural_frame,unclassified
142,0x8E,2,F8E-L002,CC:CD2E,CC:CD55,CC:CD5C,CC:CD62,52,39,7,6,0xB0,7A_body16_7C_next_plus_1_16_00,strong_structural_frame,unclassified
142,0x8E,3,F8E-L003,CC:CD62,CC:CD76,CC:CD7D,CC:CD83,33,20,7,6,0xB0,7A_body16_7C_next_plus_1_16_00,strong_structural_frame,unclassified
142,0x8E,4,F8E-L004,CC:CD83,CC:CD95,CC:CD9C,CC:CDA2,31,18,7,6,0xB0,7A_body16_7C_next_plus_1_16_00,strong_structural_frame,unclassified
142,0x8E,5,F8E-L005,CC:CDA2,CC:CDA6,CC:CDAD,CC:CDB3,17,4,7,6,0xB0,7A_body16_7C_next_plus_1_16_00,strong_structural_frame,unclassified
142,0x8E,6,F8E-L006,CC:CDB3,CC:CDC5,CC:CDCC,CC:CDDC,41,18,7,16,0xB0,7A_body16_7C_next_plus_1_16_00,strong_structural_frame,unclassified
143,0x8F,1,F8F-L001,CC:CEF6,CC:CEFA,CC:CF01,CC:CF07,17,4,7,6,0xB0,7A_body16_7C_next_plus_1_16_00,strong_structural_frame,unclassified
143,0x8F,2,F8F-L002,CC:CF07,CC:CF0B,CC:CF12,CC:CF18,17,4,7,6,0xB0,7A_body16_7C_next_plus_1_16_00,strong_structural_frame,unclassified
143,0x8F,3,F8F-L003,CC:CF18,CC:CF1C,CC:CF23,CC:CF29,17,4,7,6,0xB0,7A_body16_7C_next_plus_1_16_00,strong_structural_frame,unclassified
143,0x8F,4,F8F-L004,CC:CF29,CC:CF2D,CC:CF34,CC:CF3A,17,4,7,6,0xB0,7A_body16_7C_next_plus_1_16_00,strong_structural_frame,unclassified
143,0x8F,5,F8F-L005,CC:CF3A,CC:CF4C,CC:CF53,CC:CF59,31,18,7,6,0xB0,7A_body16_7C_next_plus_1_16_00,strong_structural_frame,unclassified
143,0x8F,6,F8F-L006,CC:CF59,CC:CF5D,CC:CF64,CC:CF6A,17,4,7,6,0xB0,7A_body16_7C_next_plus_1_16_00,strong_structural_frame,unclassified
143,0x8F,7,F8F-L007,CC:CF6A,CC:CF6E,CC:CF75,CC:CF7B,17,4,7,6,0xB0,7A_body16_7C_next_plus_1_16_00,strong_structural_frame,unclassified
145,0x91,1,F91-L001,CC:D388,CC:D3AC,CC:D3B3,CC:D3BD,53,36,7,10,0xB0,7A_body16_7C_next_plus_1_16_00,strong_structural_frame,unclassified
145,0x91,2,F91-L002,CC:D3BD,CC:D3CB,CC:D3D2,CC:D3D8,27,14,7,6,0xB0,7A_body16_7C_next_plus_1_16_00,strong_structural_frame,unclassified
146,0x92,1,F92-L001,CC:D540,CC:D57F,CC:D586,CC:D58C,76,63,7,6,0xB0,7A_body16_7C_next_plus_1_16_00,strong_structural_frame,unclassified
146,0x92,2,F92-L002,CC:D58C,CC:D59A,CC:D5A1,CC:D5A7,27,14,7,6,0xB0,7A_body16_7C_next_plus_1_16_00,strong_structural_frame,unclassified
146,0x92,3,F92-L003,CC:D5A7,CC:D5B5,CC:D5BC,CC:D5C2,27,14,7,6,0xB0,7A_body16_7C_next_plus_1_16_00,strong_structural_frame,unclassified
146,0x92,4,F92-L004,CC:D5C2,CC:D5D0,CC:D5D7,CC:D5DD,27,14,7,6,0xB0,7A_body16_7C_next_plus_1_16_00,strong_structural_frame,unclassified
146,0x92,5,F92-L005,CC:D5DD,CC:D5EB,CC:D5F2,CC:D5F8,27,14,7,6,0xB0,7A_body16_7C_next_plus_1_16_00,strong_structural_frame,unclassified
147,0x93,1,F93-L001,CC:D734,CC:D742,CC:D749,CC:D74F,27,14,7,6,0xB0,7A_body16_7C_next_plus_1_16_00,strong_structural_frame,unclassified
147,0x93,2,F93-L002,CC:D74F,CC:D75D,CC:D764,CC:D76A,27,14,7,6,0xB0,7A_body16_7C_next_plus_1_16_00,strong_structural_frame,unclassified
147,0x93,3,F93-L003,CC:D76A,CC:D778,CC:D77F,CC:D785,27,14,7,6,0xB0,7A_body16_7C_next_plus_1_16_00,strong_structural_frame,unclassified
149,0x95,1,F95-L001,CC:DB54,CC:DB58,CC:DB5F,CC:DB69,21,4,7,10,0xB0,7A_body16_7C_next_plus_1_16_00,strong_structural_frame,unclassified
151,0x97,1,F97-L001,CC:DEC1,CC:DED3,CC:DEDA,CC:DEE4,35,18,7,10,0xB0,7A_body16_7C_next_plus_1_16_00,strong_structural_frame,unclassified
154,0x9A,1,F9A-L001,CC:EA10,CC:EA1A,CC:EA21,CC:EA27,23,10,7,6,0xB0,7A_body16_7C_next_plus_1_16_00,strong_structural_frame,unclassified
154,0x9A,2,F9A-L002,CC:EA27,CC:EA31,CC:EA38,CC:EA3E,23,10,7,6,0xB0,7A_body16_7C_next_plus_1_16_00,strong_structural_frame,unclassified
154,0x9A,3,F9A-L003,CC:EA3E,CC:EA48,CC:EA4F,CC:EA55,23,10,7,6,0xB0,7A_body16_7C_next_plus_1_16_00,strong_structural_frame,unclassified
154,0x9A,4,F9A-L004,CC:EA55,CC:EA8A,CC:EA91,CC:EA97,66,53,7,6,0xB0,7A_body16_7C_next_plus_1_16_00,strong_structural_frame,unclassified
154,0x9A,5,F9A-L005,CC:EA97,CC:EA9B,CC:EAA2,CC:EAA8,17,4,7,6,0xB0,7A_body16_7C_next_plus_1_16_00,strong_structural_frame,unclassified
154,0x9A,6,F9A-L006,CC:EAA8,CC:EAAC,CC:EAB3,CC:EAB9,17,4,7,6,0xB0,7A_body16_7C_next_plus_1_16_00,strong_structural_frame,unclassified
154,0x9A,7,F9A-L007,CC:EAB9,CC:EABD,CC:EAC4,CC:EACA,17,4,7,6,0xB0,7A_body16_7C_next_plus_1_16_00,strong_structural_frame,unclassified
154,0x9A,8,F9A-L008,CC:EACA,CC:EACE,CC:EAD5,CC:EADB,17,4,7,6,0xB0,7A_body16_7C_next_plus_1_16_00,strong_structural_frame,unclassified
154,0x9A,9,F9A-L009,CC:EADB,CC:EADF,CC:EAE6,CC:EAEC,17,4,7,6,0xB0,7A_body16_7C_next_plus_1_16_00,strong_structural_frame,unclassified
154,0x9A,10,F9A-L010,CC:EAEC,CC:EAF0,CC:EAF7,CC:EAFD,17,4,7,6,0xB0,7A_body16_7C_next_plus_1_16_00,strong_structural_frame,unclassified
154,0x9A,11,F9A-L011,CC:EAFD,CC:EB01,CC:EB08,CC:EB0E,17,4,7,6,0xB0,7A_body16_7C_next_plus_1_16_00,strong_structural_frame,unclassified
154,0x9A,12,F9A-L012,CC:EB0E,CC:EB41,CC:EB48,CC:EB52,68,51,7,10,0xB0,7A_body16_7C_next_plus_1_16_00,strong_structural_frame,unclassified
154,0x9A,13,F9A-L013,CC:EB52,CC:EB5A,CC:EB61,CC:EB6B,25,8,7,10,0xB0,7A_body16_7C_next_plus_1_16_00,strong_structural_frame,unclassified
154,0x9A,14,F9A-L014,CC:EB6B,CC:EB73,CC:EB7A,CC:EB84,25,8,7,10,0xB0,7A_body16_7C_next_plus_1_16_00,strong_structural_frame,unclassified
154,0x9A,15,F9A-L015,CC:EB84,CC:EB8C,CC:EB93,CC:EB99,21,8,7,6,0xB0,7A_body16_7C_next_plus_1_16_00,strong_structural_frame,unclassified
154,0x9A,16,F9A-L016,CC:EB99,CC:EB9D,CC:EBA4,CC:EBAA,17,4,7,6,0xB0,7A_body16_7C_next_plus_1_16_00,strong_structural_frame,unclassified
154,0x9A,17,F9A-L017,CC:EBAA,CC:EBAE,CC:EBB5,CC:EBBB,17,4,7,6,0xB0,7A_body16_7C_next_plus_1_16_00,strong_structural_frame,unclassified
154,0x9A,18,F9A-L018,CC:EBBB,CC:EBBF,CC:EBC6,CC:EBCC,17,4,7,6,0xB0,7A_body16_7C_next_plus_1_16_00,strong_structural_frame,unclassified
154,0x9A,19,F9A-L019,CC:EBCC,CC:EBD0,CC:EBD7,CC:EBE1,21,4,7,10,0xB0,7A_body16_7C_next_plus_1_16_00,strong_structural_frame,unclassified
155,0x9B,1,F9B-L001,CC:F131,CC:F13B,CC:F142,CC:F148,23,10,7,6,0xB0,7A_body16_7C_next_plus_1_16_00,strong_structural_frame,unclassified
155,0x9B,2,F9B-L002,CC:F148,CC:F152,CC:F159,CC:F15F,23,10,7,6,0xB0,7A_body16_7C_next_plus_1_16_00,strong_structural_frame,unclassified
155,0x9B,3,F9B-L003,CC:F15F,CC:F169,CC:F170,CC:F176,23,10,7,6,0xB0,7A_body16_7C_next_plus_1_16_00,strong_structural_frame,unclassified
155,0x9B,4,F9B-L004,CC:F176,CC:F1B5,CC:F1BC,CC:F1C2,76,63,7,6,0xB0,7A_body16_7C_next_plus_1_16_00,strong_structural_frame,unclassified
155,0x9B,5,F9B-L005,CC:F1C2,CC:F1C6,CC:F1CD,CC:F1D3,17,4,7,6,0xB0,7A_body16_7C_next_plus_1_16_00,strong_structural_frame,unclassified
155,0x9B,6,F9B-L006,CC:F1D3,CC:F1D7,CC:F1DE,CC:F1E4,17,4,7,6,0xB0,7A_body16_7C_next_plus_1_16_00,strong_structural_frame,unclassified
155,0x9B,7,F9B-L007,CC:F1E4,CC:F1E8,CC:F1EF,CC:F1F5,17,4,7,6,0xB0,7A_body16_7C_next_plus_1_16_00,strong_structural_frame,unclassified
155,0x9B,8,F9B-L008,CC:F1F5,CC:F1F9,CC:F200,CC:F206,17,4,7,6,0xB0,7A_body16_7C_next_plus_1_16_00,strong_structural_frame,unclassified
155,0x9B,9,F9B-L009,CC:F206,CC:F20A,CC:F211,CC:F217,17,4,7,6,0xB0,7A_body16_7C_next_plus_1_16_00,strong_structural_frame,unclassified
155,0x9B,10,F9B-L010,CC:F217,CC:F21B,CC:F222,CC:F228,17,4,7,6,0xB0,7A_body16_7C_next_plus_1_16_00,strong_structural_frame,unclassified
155,0x9B,11,F9B-L011,CC:F228,CC:F22C,CC:F233,CC:F239,17,4,7,6,0xB0,7A_body16_7C_next_plus_1_16_00,strong_structural_frame,unclassified
155,0x9B,12,F9B-L012,CC:F239,CC:F23D,CC:F244,CC:F24A,17,4,7,6,0xB0,7A_body16_7C_next_plus_1_16_00,strong_structural_frame,unclassified
155,0x9B,13,F9B-L013,CC:F24A,CC:F24E,CC:F255,CC:F25B,17,4,7,6,0xB0,7A_body16_7C_next_plus_1_16_00,strong_structural_frame,unclassified
155,0x9B,14,F9B-L014,CC:F25B,CC:F25F,CC:F266,CC:F26C,17,4,7,6,0xB0,7A_body16_7C_next_plus_1_16_00,strong_structural_frame,unclassified
155,0x9B,15,F9B-L015,CC:F26C,CC:F270,CC:F277,CC:F27D,17,4,7,6,0xB0,7A_body16_7C_next_plus_1_16_00,strong_structural_frame,unclassified
155,0x9B,16,F9B-L016,CC:F27D,CC:F2B0,CC:F2B7,CC:F2C1,68,51,7,10,0xB0,7A_body16_7C_next_plus_1_16_00,strong_structural_frame,unclassified
155,0x9B,17,F9B-L017,CC:F2C1,CC:F2C9,CC:F2D0,CC:F2DA,25,8,7,10,0xB0,7A_body16_7C_next_plus_1_16_00,strong_structural_frame,unclassified
155,0x9B,18,F9B-L018,CC:F2DA,CC:F2E2,CC:F2E9,CC:F2F3,25,8,7,10,0xB0,7A_body16_7C_next_plus_1_16_00,strong_structural_frame,unclassified
155,0x9B,19,F9B-L019,CC:F2F3,CC:F30B,CC:F312,CC:F31C,41,24,7,10,0xB0,7A_body16_7C_next_plus_1_16_00,strong_structural_frame,unclassified
155,0x9B,20,F9B-L020,CC:F31C,CC:F322,CC:F329,CC:F33C,32,6,7,19,0xB0,7A_body16_7C_next_plus_1_16_00,strong_structural_frame,unclassified
155,0x9B,21,F9B-L021,CC:F33C,CC:F6EB,CC:F6F2,CC:F70B,975,943,7,25,0xB0,7A_body16_7C_next_plus_1_16_00,strong_structural_frame,unclassified
155,0x9B,22,F9B-L022,CC:F70B,CC:F70F,CC:F716,CC:F72F,36,4,7,25,0xB0,7A_body16_7C_next_plus_1_16_00,strong_structural_frame,unclassified
155,0x9B,23,F9B-L023,CC:F72F,CC:F733,CC:F73A,CC:F753,36,4,7,25,0xB0,7A_body16_7C_next_plus_1_16_00,strong_structural_frame,unclassified
155,0x9B,24,F9B-L024,CC:F753,CC:F757,CC:F75E,CC:F777,36,4,7,25,0xB0,7A_body16_7C_next_plus_1_16_00,strong_structural_frame,unclassified
155,0x9B,25,F9B-L025,CC:F777,CC:F77B,CC:F782,CC:F79B,36,4,7,25,0xB0,7A_body16_7C_next_plus_1_16_00,strong_structural_frame,unclassified
155,0x9B,26,F9B-L026,CC:F79B,CC:F79F,CC:F7A6,CC:F7BF,36,4,7,25,0xB0,7A_body16_7C_next_plus_1_16_00,strong_structural_frame,unclassified
156,0x9C,1,F9C-L001,CC:F9DC,CC:F9E9,CC:F9F0,CC:F9FA,30,13,7,10,0xB0,7A_body16_7C_next_plus_1_16_00,strong_structural_frame,unclassified
156,0x9C,2,F9C-L002,CC:F9FA,CC:FA0F,CC:FA16,CC:FA20,38,21,7,10,0xB0,7A_body16_7C_next_plus_1_16_00,strong_structural_frame,unclassified
156,0x9C,3,F9C-L003,CC:FA20,CC:FA35,CC:FA3C,CC:FA46,38,21,7,10,0xB0,7A_body16_7C_next_plus_1_16_00,strong_structural_frame,unclassified
156,0x9C,4,F9C-L004,CC:FA46,CC:FA5B,CC:FA62,CC:FA6C,38,21,7,10,0xB0,7A_body16_7C_next_plus_1_16_00,strong_structural_frame,unclassified
156,0x9C,5,F9C-L005,CC:FA6C,CC:FA81,CC:FA88,CC:FA92,38,21,7,10,0xB0,7A_body16_7C_next_plus_1_16_00,strong_structural_frame,unclassified
169,0xA9,1,FA9-L001,CD:275B,CD:283B,CD:2842,CD:2850,245,224,7,14,0xB0,7A_body16_7C_next_plus_1_16_00,strong_structural_frame,unclassified
169,0xA9,2,FA9-L002,CD:2850,CD:2861,CD:2868,CD:2876,38,17,7,14,0xB0,7A_body16_7C_next_plus_1_16_00,strong_structural_frame,unclassified
174,0xAE,1,FAE-L001,CD:3B8B,CD:3B8F,CD:3B96,CD:3BA0,21,4,7,10,0xB0,7A_body16_7C_next_plus_1_16_00,strong_structural_frame,unclassified
174,0xAE,2,FAE-L002,CD:3BA0,CD:3BA4,CD:3BAB,CD:3BB5,21,4,7,10,0xB0,7A_body16_7C_next_plus_1_16_00,strong_structural_frame,unclassified
174,0xAE,3,FAE-L003,CD:3BB5,CD:3BB9,CD:3BC0,CD:3BCA,21,4,7,10,0xB0,7A_body16_7C_next_plus_1_16_00,strong_structural_frame,unclassified
174,0xAE,4,FAE-L004,CD:3BCA,CD:3BCE,CD:3BD5,CD:3BDF,21,4,7,10,0xB0,7A_body16_7C_next_plus_1_16_00,strong_structural_frame,unclassified
174,0xAE,5,FAE-L005,CD:3BDF,CD:3BE3,CD:3BEA,CD:3BF4,21,4,7,10,0xB0,7A_body16_7C_next_plus_1_16_00,strong_structural_frame,unclassified
174,0xAE,6,FAE-L006,CD:3BF4,CD:3BF8,CD:3BFF,CD:3C09,21,4,7,10,0xB0,7A_body16_7C_next_plus_1_16_00,strong_structural_frame,unclassified
175,0xAF,1,FAF-L001,CD:3F47,CD:3F8B,CD:3F92,CD:3F9C,85,68,7,10,0xB0,7A_body16_7C_next_plus_1_16_00,strong_structural_frame,unclassified
175,0xAF,2,FAF-L002,CD:3F9C,CD:3FA0,CD:3FA7,CD:3FB1,21,4,7,10,0xB0,7A_body16_7C_next_plus_1_16_00,strong_structural_frame,unclassified
177,0xB1,1,FB1-L001,CD:446D,CD:4471,CD:4478,CD:4482,21,4,7,10,0xB0,7A_body16_7C_next_plus_1_16_00,strong_structural_frame,unclassified
177,0xB1,2,FB1-L002,CD:4482,CD:4486,CD:448D,CD:4497,21,4,7,10,0xB0,7A_body16_7C_next_plus_1_16_00,strong_structural_frame,unclassified
181,0xB5,1,FB5-L001,CD:5077,CD:507B,CD:5082,CD:5088,17,4,7,6,0xB0,7A_body16_7C_next_plus_1_16_00,strong_structural_frame,unclassified
181,0xB5,2,FB5-L002,CD:5088,CD:508C,CD:5093,CD:5099,17,4,7,6,0xB0,7A_body16_7C_next_plus_1_16_00,strong_structural_frame,unclassified
181,0xB5,3,FB5-L003,CD:5099,CD:509D,CD:50A4,CD:50AA,17,4,7,6,0xB0,7A_body16_7C_next_plus_1_16_00,strong_structural_frame,unclassified
181,0xB5,4,FB5-L004,CD:50AA,CD:50AE,CD:50B5,CD:50BB,17,4,7,6,0xB0,7A_body16_7C_next_plus_1_16_00,strong_structural_frame,unclassified
181,0xB5,5,FB5-L005,CD:50BB,CD:50BF,CD:50C6,CD:50CC,17,4,7,6,0xB0,7A_body16_7C_next_plus_1_16_00,strong_structural_frame,unclassified
181,0xB5,6,FB5-L006,CD:50CC,CD:50D0,CD:50D7,CD:50DD,17,4,7,6,0xB0,7A_body16_7C_next_plus_1_16_00,strong_structural_frame,unclassified
181,0xB5,7,FB5-L007,CD:50DD,CD:50EF,CD:50F6,CD:50FC,31,18,7,6,0xB0,7A_body16_7C_next_plus_1_16_00,strong_structural_frame,unclassified
181,0xB5,8,FB5-L008,CD:50FC,CD:5100,CD:5107,CD:5124,40,4,7,29,0xB0,7A_body16_7C_next_plus_1_16_00,strong_structural_frame,unclassified
184,0xB8,1,FB8-L001,CD:58E6,CD:590B,CD:5912,CD:5928,66,37,7,22,0xB0,7A_body16_7C_next_plus_1_16_00,strong_structural_frame,unclassified
184,0xB8,2,FB8-L002,CD:5928,CD:5944,CD:594B,CD:5961,57,28,7,22,0xB0,7A_body16_7C_next_plus_1_16_00,strong_structural_frame,unclassified
184,0xB8,3,FB8-L003,CD:5961,CD:597D,CD:5984,CD:599A,57,28,7,22,0xB0,7A_body16_7C_next_plus_1_16_00,strong_structural_frame,unclassified
184,0xB8,4,FB8-L004,CD:599A,CD:59B6,CD:59BD,CD:59D3,57,28,7,22,0xB0,7A_body16_7C_next_plus_1_16_00,strong_structural_frame,unclassified
184,0xB8,5,FB8-L005,CD:59D3,CD:59F8,CD:59FF,CD:5A15,66,37,7,22,0xB0,7A_body16_7C_next_plus_1_16_00,strong_structural_frame,unclassified
184,0xB8,6,FB8-L006,CD:5A15,CD:5A31,CD:5A38,CD:5A4E,57,28,7,22,0xB0,7A_body16_7C_next_plus_1_16_00,strong_structural_frame,unclassified
184,0xB8,7,FB8-L007,CD:5A4E,CD:5A6A,CD:5A71,CD:5A7B,45,28,7,10,0xB0,7A_body16_7C_next_plus_1_16_00,strong_structural_frame,unclassified
184,0xB8,8,FB8-L008,CD:5A7B,CD:5A8D,CD:5A94,CD:5A9E,35,18,7,10,0xB0,7A_body16_7C_next_plus_1_16_00,strong_structural_frame,unclassified
184,0xB8,9,FB8-L009,CD:5A9E,CD:5AB0,CD:5AB7,CD:5AC1,35,18,7,10,0xB0,7A_body16_7C_next_plus_1_16_00,strong_structural_frame,unclassified
184,0xB8,10,FB8-L010,CD:5AC1,CD:5AD3,CD:5ADA,CD:5AE4,35,18,7,10,0xB0,7A_body16_7C_next_plus_1_16_00,strong_structural_frame,unclassified
184,0xB8,11,FB8-L011,CD:5AE4,CD:5B4A,CD:5B51,CD:5B69,133,102,7,24,0xB0,7A_body16_7C_next_plus_1_16_00,strong_structural_frame,unclassified
186,0xBA,1,FBA-L001,CD:6175,CD:6179,CD:6180,CD:6191,28,4,7,17,0xB0,7A_body16_7C_next_plus_1_16_00,strong_structural_frame,unclassified
186,0xBA,2,FBA-L002,CD:6191,CD:61C8,CD:61CF,CD:61E0,79,55,7,17,0xB0,7A_body16_7C_next_plus_1_16_00,strong_structural_frame,unclassified
186,0xBA,3,FBA-L003,CD:61E0,CD:61E4,CD:61EB,CD:61FD,29,4,7,18,0xB0,7A_body16_7C_next_plus_1_16_00,strong_structural_frame,unclassified
186,0xBA,4,FBA-L004,CD:61FD,CD:620A,CD:6211,CD:621B,30,13,7,10,0xB0,7A_body16_7C_next_plus_1_16_00,strong_structural_frame,unclassified
186,0xBA,5,FBA-L005,CD:621B,CD:621F,CD:6226,CD:6230,21,4,7,10,0xB0,7A_body16_7C_next_plus_1_16_00,strong_structural_frame,unclassified
186,0xBA,6,FBA-L006,CD:6230,CD:6234,CD:623B,CD:6248,24,4,7,13,0xB0,7A_body16_7C_next_plus_1_16_00,strong_structural_frame,unclassified
186,0xBA,7,FBA-L007,CD:6248,CD:624C,CD:6253,CD:6260,24,4,7,13,0xB0,7A_body16_7C_next_plus_1_16_00,strong_structural_frame,unclassified
186,0xBA,8,FBA-L008,CD:6260,CD:6264,CD:626B,CD:6278,24,4,7,13,0xB0,7A_body16_7C_next_plus_1_16_00,strong_structural_frame,unclassified
186,0xBA,9,FBA-L009,CD:6278,CD:627C,CD:6283,CD:628D,21,4,7,10,0xB0,7A_body16_7C_next_plus_1_16_00,strong_structural_frame,unclassified
186,0xBA,10,FBA-L010,CD:628D,CD:6298,CD:629F,CD:62A9,28,11,7,10,0xB0,7A_body16_7C_next_plus_1_16_00,strong_structural_frame,unclassified
186,0xBA,11,FBA-L011,CD:62A9,CD:62BB,CD:62C2,CD:62CC,35,18,7,10,0xB0,7A_body16_7C_next_plus_1_16_00,strong_structural_frame,unclassified
186,0xBA,12,FBA-L012,CD:62CC,CD:62D7,CD:62DE,CD:62E8,28,11,7,10,0xB0,7A_body16_7C_next_plus_1_16_00,strong_structural_frame,unclassified
186,0xBA,13,FBA-L013,CD:62E8,CD:62EC,CD:62F3,CD:62FD,21,4,7,10,0xB0,7A_body16_7C_next_plus_1_16_00,strong_structural_frame,unclassified
186,0xBA,14,FBA-L014,CD:62FD,CD:6301,CD:6308,CD:6312,21,4,7,10,0xB0,7A_body16_7C_next_plus_1_16_00,strong_structural_frame,unclassified
186,0xBA,15,FBA-L015,CD:6312,CD:6316,CD:631D,CD:6327,21,4,7,10,0xB0,7A_body16_7C_next_plus_1_16_00,strong_structural_frame,unclassified
186,0xBA,16,FBA-L016,CD:6327,CD:632B,CD:6332,CD:633C,21,4,7,10,0xB0,7A_body16_7C_next_plus_1_16_00,strong_structural_frame,unclassified
186,0xBA,17,FBA-L017,CD:633C,CD:6340,CD:6347,CD:6351,21,4,7,10,0xB0,7A_body16_7C_next_plus_1_16_00,strong_structural_frame,unclassified
186,0xBA,18,FBA-L018,CD:6351,CD:6355,CD:635C,CD:6366,21,4,7,10,0xB0,7A_body16_7C_next_plus_1_16_00,strong_structural_frame,unclassified
186,0xBA,19,FBA-L019,CD:6366,CD:6371,CD:6378,CD:6382,28,11,7,10,0xB0,7A_body16_7C_next_plus_1_16_00,strong_structural_frame,unclassified
186,0xBA,20,FBA-L020,CD:6382,CD:638D,CD:6394,CD:639E,28,11,7,10,0xB0,7A_body16_7C_next_plus_1_16_00,strong_structural_frame,unclassified
186,0xBA,21,FBA-L021,CD:639E,CD:63B0,CD:63B7,CD:63C1,35,18,7,10,0xB0,7A_body16_7C_next_plus_1_16_00,strong_structural_frame,unclassified
186,0xBA,22,FBA-L022,CD:63C1,CD:63CC,CD:63D3,CD:63DD,28,11,7,10,0xB0,7A_body16_7C_next_plus_1_16_00,strong_structural_frame,unclassified
186,0xBA,23,FBA-L023,CD:63DD,CD:63E1,CD:63E8,CD:63F2,21,4,7,10,0xB0,7A_body16_7C_next_plus_1_16_00,strong_structural_frame,unclassified
186,0xBA,24,FBA-L024,CD:63F2,CD:63F6,CD:63FD,CD:6407,21,4,7,10,0xB0,7A_body16_7C_next_plus_1_16_00,strong_structural_frame,unclassified
186,0xBA,25,FBA-L025,CD:6407,CD:640B,CD:6412,CD:641C,21,4,7,10,0xB0,7A_body16_7C_next_plus_1_16_00,strong_structural_frame,unclassified
186,0xBA,26,FBA-L026,CD:641C,CD:6420,CD:6427,CD:6431,21,4,7,10,0xB0,7A_body16_7C_next_plus_1_16_00,strong_structural_frame,unclassified
186,0xBA,27,FBA-L027,CD:6431,CD:6435,CD:643C,CD:6446,21,4,7,10,0xB0,7A_body16_7C_next_plus_1_16_00,strong_structural_frame,unclassified
186,0xBA,28,FBA-L028,CD:6446,CD:6451,CD:6458,CD:6462,28,11,7,10,0xB0,7A_body16_7C_next_plus_1_16_00,strong_structural_frame,unclassified
186,0xBA,29,FBA-L029,CD:6462,CD:646D,CD:6474,CD:647E,28,11,7,10,0xB0,7A_body16_7C_next_plus_1_16_00,strong_structural_frame,unclassified
186,0xBA,30,FBA-L030,CD:647E,CD:6489,CD:6490,CD:649A,28,11,7,10,0xB0,7A_body16_7C_next_plus_1_16_00,strong_structural_frame,unclassified
187,0xBB,1,FBB-L001,CD:6753,CD:6757,CD:675E,CD:676B,24,4,7,13,0xB0,7A_body16_7C_next_plus_1_16_00,strong_structural_frame,unclassified
187,0xBB,2,FBB-L002,CD:676B,CD:676F,CD:6776,CD:6783,24,4,7,13,0xB0,7A_body16_7C_next_plus_1_16_00,strong_structural_frame,unclassified
187,0xBB,3,FBB-L003,CD:6783,CD:6787,CD:678E,CD:6798,21,4,7,10,0xB0,7A_body16_7C_next_plus_1_16_00,strong_structural_frame,unclassified
187,0xBB,4,FBB-L004,CD:6798,CD:679C,CD:67A3,CD:67AD,21,4,7,10,0xB0,7A_body16_7C_next_plus_1_16_00,strong_structural_frame,unclassified
187,0xBB,5,FBB-L005,CD:67AD,CD:67B1,CD:67B8,CD:67C2,21,4,7,10,0xB0,7A_body16_7C_next_plus_1_16_00,strong_structural_frame,unclassified
187,0xBB,6,FBB-L006,CD:67C2,CD:67C6,CD:67CD,CD:67D7,21,4,7,10,0xB0,7A_body16_7C_next_plus_1_16_00,strong_structural_frame,unclassified
187,0xBB,7,FBB-L007,CD:67D7,CD:67E2,CD:67E9,CD:67F3,28,11,7,10,0xB0,7A_body16_7C_next_plus_1_16_00,strong_structural_frame,unclassified
187,0xBB,8,FBB-L008,CD:67F3,CD:67FE,CD:6805,CD:680F,28,11,7,10,0xB0,7A_body16_7C_next_plus_1_16_00,strong_structural_frame,unclassified
187,0xBB,9,FBB-L009,CD:680F,CD:6821,CD:6828,CD:6835,38,18,7,13,0xB0,7A_body16_7C_next_plus_1_16_00,strong_structural_frame,unclassified
187,0xBB,10,FBB-L010,CD:6835,CD:6839,CD:6840,CD:684D,24,4,7,13,0xB0,7A_body16_7C_next_plus_1_16_00,strong_structural_frame,unclassified
187,0xBB,11,FBB-L011,CD:684D,CD:6851,CD:6858,CD:6865,24,4,7,13,0xB0,7A_body16_7C_next_plus_1_16_00,strong_structural_frame,unclassified
187,0xBB,12,FBB-L012,CD:6865,CD:6869,CD:6870,CD:687D,24,4,7,13,0xB0,7A_body16_7C_next_plus_1_16_00,strong_structural_frame,unclassified
187,0xBB,13,FBB-L013,CD:687D,CD:6881,CD:6888,CD:6892,21,4,7,10,0xB0,7A_body16_7C_next_plus_1_16_00,strong_structural_frame,unclassified
187,0xBB,14,FBB-L014,CD:6892,CD:689D,CD:68A4,CD:68AE,28,11,7,10,0xB0,7A_body16_7C_next_plus_1_16_00,strong_structural_frame,unclassified
187,0xBB,15,FBB-L015,CD:68AE,CD:68C7,CD:68CE,CD:68D8,42,25,7,10,0xB0,7A_body16_7C_next_plus_1_16_00,strong_structural_frame,unclassified
187,0xBB,16,FBB-L016,CD:68D8,CD:68EA,CD:68F1,CD:68FE,38,18,7,13,0xB0,7A_body16_7C_next_plus_1_16_00,strong_structural_frame,unclassified
187,0xBB,17,FBB-L017,CD:68FE,CD:6902,CD:6909,CD:6916,24,4,7,13,0xB0,7A_body16_7C_next_plus_1_16_00,strong_structural_frame,unclassified
187,0xBB,18,FBB-L018,CD:6916,CD:691A,CD:6921,CD:692E,24,4,7,13,0xB0,7A_body16_7C_next_plus_1_16_00,strong_structural_frame,unclassified
187,0xBB,19,FBB-L019,CD:692E,CD:6932,CD:6939,CD:6946,24,4,7,13,0xB0,7A_body16_7C_next_plus_1_16_00,strong_structural_frame,unclassified
187,0xBB,20,FBB-L020,CD:6946,CD:694A,CD:6951,CD:695B,21,4,7,10,0xB0,7A_body16_7C_next_plus_1_16_00,strong_structural_frame,unclassified
187,0xBB,21,FBB-L021,CD:695B,CD:695F,CD:6966,CD:6970,21,4,7,10,0xB0,7A_body16_7C_next_plus_1_16_00,strong_structural_frame,unclassified
187,0xBB,22,FBB-L022,CD:6970,CD:6974,CD:697B,CD:6985,21,4,7,10,0xB0,7A_body16_7C_next_plus_1_16_00,strong_structural_frame,unclassified
188,0xBC,1,FBC-L001,CD:6BEF,CD:6BFA,CD:6C01,CD:6C0B,28,11,7,10,0xB0,7A_body16_7C_next_plus_1_16_00,strong_structural_frame,unclassified
188,0xBC,2,FBC-L002,CD:6C0B,CD:6C16,CD:6C1D,CD:6C27,28,11,7,10,0xB0,7A_body16_7C_next_plus_1_16_00,strong_structural_frame,unclassified
190,0xBE,1,FBE-L001,CD:7070,CD:7086,CD:708D,CD:7097,39,22,7,10,0xB0,7A_body16_7C_next_plus_1_16_00,strong_structural_frame,unclassified
192,0xC0,1,FC0-L001,CD:79CA,CD:79CE,CD:79D5,CD:79DB,17,4,7,6,0xB0,7A_body16_7C_next_plus_1_16_00,strong_structural_frame,unclassified
192,0xC0,2,FC0-L002,CD:79DB,CD:79DF,CD:79E6,CD:79EC,17,4,7,6,0xB0,7A_body16_7C_next_plus_1_16_00,strong_structural_frame,unclassified
192,0xC0,3,FC0-L003,CD:79EC,CD:79F0,CD:79F7,CD:79FD,17,4,7,6,0xB0,7A_body16_7C_next_plus_1_16_00,strong_structural_frame,unclassified
193,0xC1,1,FC1-L001,CD:7C93,CD:7C97,CD:7C9E,CD:7CA4,17,4,7,6,0xB0,7A_body16_7C_next_plus_1_16_00,strong_structural_frame,unclassified
193,0xC1,2,FC1-L002,CD:7CA4,CD:7CA8,CD:7CAF,CD:7CB5,17,4,7,6,0xB0,7A_body16_7C_next_plus_1_16_00,strong_structural_frame,unclassified
194,0xC2,1,FC2-L001,CD:7D9C,CD:7DA0,CD:7DA7,CD:7DAD,17,4,7,6,0xB0,7A_body16_7C_next_plus_1_16_00,strong_structural_frame,unclassified
194,0xC2,2,FC2-L002,CD:7DAD,CD:7DB1,CD:7DB8,CD:7DBE,17,4,7,6,0xB0,7A_body16_7C_next_plus_1_16_00,strong_structural_frame,unclassified
194,0xC2,3,FC2-L003,CD:7DBE,CD:7DC2,CD:7DC9,CD:7DCF,17,4,7,6,0xB0,7A_body16_7C_next_plus_1_16_00,strong_structural_frame,unclassified
195,0xC3,1,FC3-L001,CD:7F03,CD:7F07,CD:7F0E,CD:7F14,17,4,7,6,0xB0,7A_body16_7C_next_plus_1_16_00,strong_structural_frame,unclassified
195,0xC3,2,FC3-L002,CD:7F14,CD:7F18,CD:7F1F,CD:7F25,17,4,7,6,0xB0,7A_body16_7C_next_plus_1_16_00,strong_structural_frame,unclassified
196,0xC4,1,FC4-L001,CD:828D,CD:82A4,CD:82AB,CD:82B1,36,23,7,6,0xB0,7A_body16_7C_next_plus_1_16_00,strong_structural_frame,unclassified
196,0xC4,2,FC4-L002,CD:82B1,CD:82B5,CD:82BC,CD:82C2,17,4,7,6,0xB0,7A_body16_7C_next_plus_1_16_00,strong_structural_frame,unclassified
196,0xC4,3,FC4-L003,CD:82C2,CD:82C6,CD:82CD,CD:82D3,17,4,7,6,0xB0,7A_body16_7C_next_plus_1_16_00,strong_structural_frame,unclassified
196,0xC4,4,FC4-L004,CD:82D3,CD:82E5,CD:82EC,CD:82F2,31,18,7,6,0xB0,7A_body16_7C_next_plus_1_16_00,strong_structural_frame,unclassified
197,0xC5,1,FC5-L001,CD:8393,CD:8397,CD:839E,CD:83A4,17,4,7,6,0xB0,7A_body16_7C_next_plus_1_16_00,strong_structural_frame,unclassified
208,0xD0,1,FD0-L001,CD:96C9,CD:96CD,CD:96D4,CD:96DA,17,4,7,6,0xB0,7A_body16_7C_next_plus_1_16_00,strong_structural_frame,unclassified
208,0xD0,2,FD0-L002,CD:96DA,CD:96DE,CD:96E5,CD:96EB,17,4,7,6,0xB0,7A_body16_7C_next_plus_1_16_00,strong_structural_frame,unclassified
208,0xD0,3,FD0-L003,CD:96EB,CD:96EF,CD:96F6,CD:96FC,17,4,7,6,0xB0,7A_body16_7C_next_plus_1_16_00,strong_structural_frame,unclassified
208,0xD0,4,FD0-L004,CD:96FC,CD:9700,CD:9707,CD:970D,17,4,7,6,0xB0,7A_body16_7C_next_plus_1_16_00,strong_structural_frame,unclassified
208,0xD0,5,FD0-L005,CD:970D,CD:971F,CD:9726,CD:972C,31,18,7,6,0xB0,7A_body16_7C_next_plus_1_16_00,strong_structural_frame,unclassified
208,0xD0,6,FD0-L006,CD:972C,CD:9730,CD:9737,CD:973D,17,4,7,6,0xB0,7A_body16_7C_next_plus_1_16_00,strong_structural_frame,unclassified
209,0xD1,1,FD1-L001,CD:9802,CD:9810,CD:9817,CD:9821,31,14,7,10,0xB0,7A_body16_7C_next_plus_1_16_00,strong_structural_frame,unclassified
209,0xD1,2,FD1-L002,CD:9821,CD:9825,CD:982C,CD:9836,21,4,7,10,0xB0,7A_body16_7C_next_plus_1_16_00,strong_structural_frame,unclassified
209,0xD1,3,FD1-L003,CD:9836,CD:983A,CD:9841,CD:984B,21,4,7,10,0xB0,7A_body16_7C_next_plus_1_16_00,strong_structural_frame,unclassified
209,0xD1,4,FD1-L004,CD:984B,CD:984F,CD:9856,CD:9860,21,4,7,10,0xB0,7A_body16_7C_next_plus_1_16_00,strong_structural_frame,unclassified
209,0xD1,5,FD1-L005,CD:9860,CD:9875,CD:987C,CD:9886,38,21,7,10,0xB0,7A_body16_7C_next_plus_1_16_00,strong_structural_frame,unclassified
209,0xD1,6,FD1-L006,CD:9886,CD:9892,CD:9899,CD:98A3,29,12,7,10,0xB0,7A_body16_7C_next_plus_1_16_00,strong_structural_frame,unclassified
209,0xD1,7,FD1-L007,CD:98A3,CD:98B8,CD:98BF,CD:98C9,38,21,7,10,0xB0,7A_body16_7C_next_plus_1_16_00,strong_structural_frame,unclassified
209,0xD1,8,FD1-L008,CD:98C9,CD:98CD,CD:98D4,CD:98DE,21,4,7,10,0xB0,7A_body16_7C_next_plus_1_16_00,strong_structural_frame,unclassified
210,0xD2,1,FD2-L001,CD:99AE,CD:99B2,CD:99B9,CD:99C3,21,4,7,10,0xB0,7A_body16_7C_next_plus_1_16_00,strong_structural_frame,unclassified
210,0xD2,2,FD2-L002,CD:99C3,CD:99C7,CD:99CE,CD:99D8,21,4,7,10,0xB0,7A_body16_7C_next_plus_1_16_00,strong_structural_frame,unclassified
210,0xD2,3,FD2-L003,CD:99D8,CD:99DC,CD:99E3,CD:99ED,21,4,7,10,0xB0,7A_body16_7C_next_plus_1_16_00,strong_structural_frame,unclassified
210,0xD2,4,FD2-L004,CD:99ED,CD:99F1,CD:99F8,CD:9A02,21,4,7,10,0xB0,7A_body16_7C_next_plus_1_16_00,strong_structural_frame,unclassified
210,0xD2,5,FD2-L005,CD:9A02,CD:9A06,CD:9A0D,CD:9A17,21,4,7,10,0xB0,7A_body16_7C_next_plus_1_16_00,strong_structural_frame,unclassified
211,0xD3,1,FD3-L001,CD:9AEF,CD:9AF3,CD:9AFA,CD:9B04,21,4,7,10,0xB0,7A_body16_7C_next_plus_1_16_00,strong_structural_frame,unclassified
211,0xD3,2,FD3-L002,CD:9B04,CD:9B08,CD:9B0F,CD:9B19,21,4,7,10,0xB0,7A_body16_7C_next_plus_1_16_00,strong_structural_frame,unclassified
211,0xD3,3,FD3-L003,CD:9B19,CD:9B1D,CD:9B24,CD:9B2E,21,4,7,10,0xB0,7A_body16_7C_next_plus_1_16_00,strong_structural_frame,unclassified
211,0xD3,4,FD3-L004,CD:9B2E,CD:9B32,CD:9B39,CD:9B43,21,4,7,10,0xB0,7A_body16_7C_next_plus_1_16_00,strong_structural_frame,unclassified
211,0xD3,5,FD3-L005,CD:9B43,CD:9B58,CD:9B5F,CD:9B69,38,21,7,10,0xB0,7A_body16_7C_next_plus_1_16_00,strong_structural_frame,unclassified
211,0xD3,6,FD3-L006,CD:9B69,CD:9B88,CD:9B8F,CD:9B99,48,31,7,10,0xB0,7A_body16_7C_next_plus_1_16_00,strong_structural_frame,unclassified
211,0xD3,7,FD3-L007,CD:9B99,CD:9B9D,CD:9BA4,CD:9BAE,21,4,7,10,0xB0,7A_body16_7C_next_plus_1_16_00,strong_structural_frame,unclassified
211,0xD3,8,FD3-L008,CD:9BAE,CD:9BB2,CD:9BB9,CD:9BC3,21,4,7,10,0xB0,7A_body16_7C_next_plus_1_16_00,strong_structural_frame,unclassified
212,0xD4,1,FD4-L001,CD:9D01,CD:9D05,CD:9D0C,CD:9D16,21,4,7,10,0xB0,7A_body16_7C_next_plus_1_16_00,strong_structural_frame,unclassified
212,0xD4,2,FD4-L002,CD:9D16,CD:9D1A,CD:9D21,CD:9D39,35,4,7,24,0xB0,7A_body16_7C_next_plus_1_16_00,strong_structural_frame,unclassified
213,0xD5,1,FD5-L001,CD:9F1E,CD:9F22,CD:9F29,CD:9F2F,17,4,7,6,0xB0,7A_body16_7C_next_plus_1_16_00,strong_structural_frame,unclassified
213,0xD5,2,FD5-L002,CD:9F2F,CD:9F33,CD:9F3A,CD:9F40,17,4,7,6,0xB0,7A_body16_7C_next_plus_1_16_00,strong_structural_frame,unclassified
213,0xD5,3,FD5-L003,CD:9F40,CD:9F44,CD:9F4B,CD:9F51,17,4,7,6,0xB0,7A_body16_7C_next_plus_1_16_00,strong_structural_frame,unclassified
213,0xD5,4,FD5-L004,CD:9F51,CD:9F55,CD:9F5C,CD:9F62,17,4,7,6,0xB0,7A_body16_7C_next_plus_1_16_00,strong_structural_frame,unclassified
213,0xD5,5,FD5-L005,CD:9F62,CD:9F66,CD:9F6D,CD:9F73,17,4,7,6,0xB0,7A_body16_7C_next_plus_1_16_00,strong_structural_frame,unclassified
213,0xD5,6,FD5-L006,CD:9F73,CD:9F77,CD:9F7E,CD:9F84,17,4,7,6,0xB0,7A_body16_7C_next_plus_1_16_00,strong_structural_frame,unclassified
213,0xD5,7,FD5-L007,CD:9F84,CD:9F88,CD:9F8F,CD:9F95,17,4,7,6,0xB0,7A_body16_7C_next_plus_1_16_00,strong_structural_frame,unclassified
215,0xD7,1,FD7-L001,CD:A19B,CD:A1B0,CD:A1B7,CD:A1BD,34,21,7,6,0xB0,7A_body16_7C_next_plus_1_16_00,strong_structural_frame,unclassified
215,0xD7,2,FD7-L002,CD:A1BD,CD:A1D2,CD:A1D9,CD:A1DF,34,21,7,6,0xB0,7A_body16_7C_next_plus_1_16_00,strong_structural_frame,unclassified
215,0xD7,3,FD7-L003,CD:A1DF,CD:A1F4,CD:A1FB,CD:A201,34,21,7,6,0xB0,7A_body16_7C_next_plus_1_16_00,strong_structural_frame,unclassified
215,0xD7,4,FD7-L004,CD:A201,CD:A216,CD:A21D,CD:A223,34,21,7,6,0xB0,7A_body16_7C_next_plus_1_16_00,strong_structural_frame,unclassified
215,0xD7,5,FD7-L005,CD:A223,CD:A238,CD:A23F,CD:A245,34,21,7,6,0xB0,7A_body16_7C_next_plus_1_16_00,strong_structural_frame,unclassified
215,0xD7,6,FD7-L006,CD:A245,CD:A25A,CD:A261,CD:A267,34,21,7,6,0xB0,7A_body16_7C_next_plus_1_16_00,strong_structural_frame,unclassified
215,0xD7,7,FD7-L007,CD:A267,CD:A27C,CD:A283,CD:A289,34,21,7,6,0xB0,7A_body16_7C_next_plus_1_16_00,strong_structural_frame,unclassified
216,0xD8,1,FD8-L001,CD:A434,CD:A440,CD:A447,CD:A44D,25,12,7,6,0xB0,7A_body16_7C_next_plus_1_16_00,strong_structural_frame,unclassified
216,0xD8,2,FD8-L002,CD:A44D,CD:A459,CD:A460,CD:A466,25,12,7,6,0xB0,7A_body16_7C_next_plus_1_16_00,strong_structural_frame,unclassified
216,0xD8,3,FD8-L003,CD:A466,CD:A472,CD:A479,CD:A47F,25,12,7,6,0xB0,7A_body16_7C_next_plus_1_16_00,strong_structural_frame,unclassified
216,0xD8,4,FD8-L004,CD:A47F,CD:A48B,CD:A492,CD:A498,25,12,7,6,0xB0,7A_body16_7C_next_plus_1_16_00,strong_structural_frame,unclassified
216,0xD8,5,FD8-L005,CD:A498,CD:A4A4,CD:A4AB,CD:A4B1,25,12,7,6,0xB0,7A_body16_7C_next_plus_1_16_00,strong_structural_frame,unclassified
216,0xD8,6,FD8-L006,CD:A4B1,CD:A4BD,CD:A4C4,CD:A4CA,25,12,7,6,0xB0,7A_body16_7C_next_plus_1_16_00,strong_structural_frame,unclassified
219,0xDB,1,FDB-L001,CD:AE09,CD:AE0F,CD:AE16,CD:AE2C,35,6,7,22,0xB0,7A_body16_7C_next_plus_1_16_00,strong_structural_frame,unclassified
219,0xDB,2,FDB-L002,CD:AE2C,CD:AE32,CD:AE39,CD:AE43,23,6,7,10,0xB0,7A_body16_7C_next_plus_1_16_00,strong_structural_frame,unclassified
219,0xDB,3,FDB-L003,CD:AE43,CD:AE4F,CD:AE56,CD:AE60,29,12,7,10,0xB0,7A_body16_7C_next_plus_1_16_00,strong_structural_frame,unclassified
219,0xDB,4,FDB-L004,CD:AE60,CD:AE6C,CD:AE73,CD:AE7D,29,12,7,10,0xB0,7A_body16_7C_next_plus_1_16_00,strong_structural_frame,unclassified
219,0xDB,5,FDB-L005,CD:AE7D,CD:AE89,CD:AE90,CD:AE9A,29,12,7,10,0xB0,7A_body16_7C_next_plus_1_16_00,strong_structural_frame,unclassified
219,0xDB,6,FDB-L006,CD:AE9A,CD:AEA6,CD:AEAD,CD:AEB7,29,12,7,10,0xB0,7A_body16_7C_next_plus_1_16_00,strong_structural_frame,unclassified
219,0xDB,7,FDB-L007,CD:AEB7,CD:AEC3,CD:AECA,CD:AED4,29,12,7,10,0xB0,7A_body16_7C_next_plus_1_16_00,strong_structural_frame,unclassified
219,0xDB,8,FDB-L008,CD:AED4,CD:AEE0,CD:AEE7,CD:AEF1,29,12,7,10,0xB0,7A_body16_7C_next_plus_1_16_00,strong_structural_frame,unclassified
219,0xDB,9,FDB-L009,CD:AEF1,CD:AEFD,CD:AF04,CD:AF0E,29,12,7,10,0xB0,7A_body16_7C_next_plus_1_16_00,strong_structural_frame,unclassified
219,0xDB,10,FDB-L010,CD:AF0E,CD:AF1A,CD:AF21,CD:AF2B,29,12,7,10,0xB0,7A_body16_7C_next_plus_1_16_00,strong_structural_frame,unclassified
220,0xDC,1,FDC-L001,CD:B3F7,CD:B40B,CD:B412,CD:B41C,37,20,7,10,0xB0,7A_body16_7C_next_plus_1_16_00,strong_structural_frame,unclassified
220,0xDC,2,FDC-L002,CD:B41C,CD:B430,CD:B437,CD:B441,37,20,7,10,0xB0,7A_body16_7C_next_plus_1_16_00,strong_structural_frame,unclassified
224,0xE0,1,FE0-L001,CD:BC80,CD:BC8C,CD:BC93,CD:BC99,25,12,7,6,0xB0,7A_body16_7C_next_plus_1_16_00,strong_structural_frame,unclassified
224,0xE0,2,FE0-L002,CD:BC99,CD:BCA5,CD:BCAC,CD:BCB2,25,12,7,6,0xB0,7A_body16_7C_next_plus_1_16_00,strong_structural_frame,unclassified
224,0xE0,3,FE0-L003,CD:BCB2,CD:BCBE,CD:BCC5,CD:BCCB,25,12,7,6,0xB0,7A_body16_7C_next_plus_1_16_00,strong_structural_frame,unclassified
224,0xE0,4,FE0-L004,CD:BCCB,CD:BCED,CD:BCF4,CD:BCFA,47,34,7,6,0xB0,7A_body16_7C_next_plus_1_16_00,strong_structural_frame,unclassified
224,0xE0,5,FE0-L005,CD:BCFA,CD:BD1C,CD:BD23,CD:BD29,47,34,7,6,0xB0,7A_body16_7C_next_plus_1_16_00,strong_structural_frame,unclassified
224,0xE0,6,FE0-L006,CD:BD29,CD:BD4B,CD:BD52,CD:BD58,47,34,7,6,0xB0,7A_body16_7C_next_plus_1_16_00,strong_structural_frame,unclassified
224,0xE0,7,FE0-L007,CD:BD58,CD:BD7A,CD:BD81,CD:BD87,47,34,7,6,0xB0,7A_body16_7C_next_plus_1_16_00,strong_structural_frame,unclassified
224,0xE0,8,FE0-L008,CD:BD87,CD:BDA9,CD:BDB0,CD:BDB6,47,34,7,6,0xB0,7A_body16_7C_next_plus_1_16_00,strong_structural_frame,unclassified
224,0xE0,9,FE0-L009,CD:BDB6,CD:BE17,CD:BE1E,CD:BE2C,118,97,7,14,0xB0,7A_body16_7C_next_plus_1_16_00,strong_structural_frame,unclassified
224,0xE0,10,FE0-L010,CD:BE2C,CD:BE44,CD:BE4B,CD:BE59,45,24,7,14,0xB0,7A_body16_7C_next_plus_1_16_00,strong_structural_frame,unclassified
224,0xE0,11,FE0-L011,CD:BE59,CD:BE71,CD:BE78,CD:BE82,41,24,7,10,0xB0,7A_body16_7C_next_plus_1_16_00,strong_structural_frame,unclassified
225,0xE1,1,FE1-L001,CD:C1BD,CD:C1C5,CD:C1CC,CD:C1D2,21,8,7,6,0xB0,7A_body16_7C_next_plus_1_16_00,strong_structural_frame,unclassified
225,0xE1,2,FE1-L002,CD:C1D2,CD:C1E6,CD:C1ED,CD:C1F3,33,20,7,6,0xB0,7A_body16_7C_next_plus_1_16_00,strong_structural_frame,unclassified
225,0xE1,3,FE1-L003,CD:C1F3,CD:C207,CD:C20E,CD:C214,33,20,7,6,0xB0,7A_body16_7C_next_plus_1_16_00,strong_structural_frame,unclassified
225,0xE1,4,FE1-L004,CD:C214,CD:C228,CD:C22F,CD:C235,33,20,7,6,0xB0,7A_body16_7C_next_plus_1_16_00,strong_structural_frame,unclassified
225,0xE1,5,FE1-L005,CD:C235,CD:C249,CD:C250,CD:C25A,37,20,7,10,0xB0,7A_body16_7C_next_plus_1_16_00,strong_structural_frame,unclassified
225,0xE1,6,FE1-L006,CD:C25A,CD:C28C,CD:C293,CD:C2A2,72,50,7,15,0xB0,7A_body16_7C_next_plus_1_16_00,strong_structural_frame,unclassified
226,0xE2,1,FE2-L001,CD:C6F2,CD:C706,CD:C70D,CD:C713,33,20,7,6,0xB0,7A_body16_7C_next_plus_1_16_00,strong_structural_frame,unclassified
226,0xE2,2,FE2-L002,CD:C713,CD:C752,CD:C759,CD:C763,80,63,7,10,0xB0,7A_body16_7C_next_plus_1_16_00,strong_structural_frame,unclassified
233,0xE9,1,FE9-L001,CD:DAA1,CD:DAA5,CD:DAAC,CD:DABC,27,4,7,16,0xB0,7A_body16_7C_next_plus_1_16_00,strong_structural_frame,unclassified
233,0xE9,2,FE9-L002,CD:DABC,CD:DAC0,CD:DAC7,CD:DAD9,29,4,7,18,0xB0,7A_body16_7C_next_plus_1_16_00,strong_structural_frame,unclassified
233,0xE9,3,FE9-L003,CD:DAD9,CD:DAEF,CD:DAF6,CD:DB08,47,22,7,18,0xB0,7A_body16_7C_next_plus_1_16_00,strong_structural_frame,unclassified
236,0xEC,1,FEC-L001,CD:E15E,CD:E1DA,CD:E1E1,CD:E1EB,141,124,7,10,0xB0,7A_body16_7C_next_plus_1_16_00,strong_structural_frame,unclassified
243,0xF3,1,FF3-L001,CE:0335,CE:0339,CE:0340,CE:0343,14,4,7,3,0xB0,7A_body16_7C_next_plus_1_16_00,strong_structural_frame,unclassified
243,0xF3,2,FF3-L002,CE:0343,CE:0347,CE:034E,CE:0351,14,4,7,3,0xB0,7A_body16_7C_next_plus_1_16_00,strong_structural_frame,unclassified
243,0xF3,3,FF3-L003,CE:0351,CE:0355,CE:035C,CE:0362,17,4,7,6,0xB0,7A_body16_7C_next_plus_1_16_00,strong_structural_frame,unclassified
243,0xF3,4,FF3-L004,CE:0362,CE:0366,CE:036D,CE:0373,17,4,7,6,0xB0,7A_body16_7C_next_plus_1_16_00,strong_structural_frame,unclassified
243,0xF3,5,FF3-L005,CE:0373,CE:0377,CE:037E,CE:0384,17,4,7,6,0xB0,7A_body16_7C_next_plus_1_16_00,strong_structural_frame,unclassified
243,0xF3,6,FF3-L006,CE:0384,CE:0388,CE:038F,CE:0395,17,4,7,6,0xB0,7A_body16_7C_next_plus_1_16_00,strong_structural_frame,unclassified
243,0xF3,7,FF3-L007,CE:0395,CE:0399,CE:03A0,CE:03A6,17,4,7,6,0xB0,7A_body16_7C_next_plus_1_16_00,strong_structural_frame,unclassified
243,0xF3,8,FF3-L008,CE:03A6,CE:03AA,CE:03B1,CE:03B7,17,4,7,6,0xB0,7A_body16_7C_next_plus_1_16_00,strong_structural_frame,unclassified
243,0xF3,9,FF3-L009,CE:03B7,CE:03BB,CE:03C2,CE:03C8,17,4,7,6,0xB0,7A_body16_7C_next_plus_1_16_00,strong_structural_frame,unclassified
243,0xF3,10,FF3-L010,CE:03C8,CE:03CC,CE:03D3,CE:03D9,17,4,7,6,0xB0,7A_body16_7C_next_plus_1_16_00,strong_structural_frame,unclassified
243,0xF3,11,FF3-L011,CE:03D9,CE:03DD,CE:03E4,CE:03EA,17,4,7,6,0xB0,7A_body16_7C_next_plus_1_16_00,strong_structural_frame,unclassified
244,0xF4,1,FF4-L001,CE:04A4,CE:04A8,CE:04AF,CE:04B2,14,4,7,3,0xB0,7A_body16_7C_next_plus_1_16_00,strong_structural_frame,unclassified
244,0xF4,2,FF4-L002,CE:04B2,CE:04B6,CE:04BD,CE:04C3,17,4,7,6,0xB0,7A_body16_7C_next_plus_1_16_00,strong_structural_frame,unclassified
244,0xF4,3,FF4-L003,CE:04C3,CE:04C7,CE:04CE,CE:04D4,17,4,7,6,0xB0,7A_body16_7C_next_plus_1_16_00,strong_structural_frame,unclassified
244,0xF4,4,FF4-L004,CE:04D4,CE:04D8,CE:04DF,CE:04E5,17,4,7,6,0xB0,7A_body16_7C_next_plus_1_16_00,strong_structural_frame,unclassified
244,0xF4,5,FF4-L005,CE:04E5,CE:04E9,CE:04F0,CE:04F6,17,4,7,6,0xB0,7A_body16_7C_next_plus_1_16_00,strong_structural_frame,unclassified
244,0xF4,6,FF4-L006,CE:04F6,CE:04FA,CE:0501,CE:0507,17,4,7,6,0xB0,7A_body16_7C_next_plus_1_16_00,strong_structural_frame,unclassified
244,0xF4,7,FF4-L007,CE:0507,CE:050B,CE:0512,CE:0518,17,4,7,6,0xB0,7A_body16_7C_next_plus_1_16_00,strong_structural_frame,unclassified
244,0xF4,8,FF4-L008,CE:0518,CE:051C,CE:0523,CE:052D,21,4,7,10,0xB0,7A_body16_7C_next_plus_1_16_00,strong_structural_frame,unclassified
244,0xF4,9,FF4-L009,CE:052D,CE:0531,CE:0538,CE:0542,21,4,7,10,0xB0,7A_body16_7C_next_plus_1_16_00,strong_structural_frame,unclassified
245,0xF5,1,FF5-L001,CE:08D9,CE:08DD,CE:08E4,CE:08EA,17,4,7,6,0xB0,7A_body16_7C_next_plus_1_16_00,strong_structural_frame,unclassified
245,0xF5,2,FF5-L002,CE:08EA,CE:08EE,CE:08F5,CE:08FB,17,4,7,6,0xB0,7A_body16_7C_next_plus_1_16_00,strong_structural_frame,unclassified
245,0xF5,3,FF5-L003,CE:08FB,CE:08FF,CE:0906,CE:090C,17,4,7,6,0xB0,7A_body16_7C_next_plus_1_16_00,strong_structural_frame,unclassified
245,0xF5,4,FF5-L004,CE:090C,CE:0910,CE:0917,CE:091D,17,4,7,6,0xB0,7A_body16_7C_next_plus_1_16_00,strong_structural_frame,unclassified
245,0xF5,5,FF5-L005,CE:091D,CE:0969,CE:0970,CE:0976,89,76,7,6,0xB0,7A_body16_7C_next_plus_1_16_00,strong_structural_frame,unclassified
245,0xF5,6,FF5-L006,CE:0976,CE:097A,CE:0981,CE:0987,17,4,7,6,0xB0,7A_body16_7C_next_plus_1_16_00,strong_structural_frame,unclassified
245,0xF5,7,FF5-L007,CE:0987,CE:098B,CE:0992,CE:09A2,27,4,7,16,0xB0,7A_body16_7C_next_plus_1_16_00,strong_structural_frame,unclassified
245,0xF5,8,FF5-L008,CE:09A2,CE:09A6,CE:09AD,CE:09BD,27,4,7,16,0xB0,7A_body16_7C_next_plus_1_16_00,strong_structural_frame,unclassified
245,0xF5,9,FF5-L009,CE:09BD,CE:09C1,CE:09C8,CE:09D8,27,4,7,16,0xB0,7A_body16_7C_next_plus_1_16_00,strong_structural_frame,unclassified
245,0xF5,10,FF5-L010,CE:09D8,CE:09DC,CE:09E3,CE:09F3,27,4,7,16,0xB0,7A_body16_7C_next_plus_1_16_00,strong_structural_frame,unclassified
245,0xF5,11,FF5-L011,CE:09F3,CE:09F7,CE:09FE,CE:0A0E,27,4,7,16,0xB0,7A_body16_7C_next_plus_1_16_00,strong_structural_frame,unclassified
245,0xF5,12,FF5-L012,CE:0A0E,CE:0A12,CE:0A19,CE:0A29,27,4,7,16,0xB0,7A_body16_7C_next_plus_1_16_00,strong_structural_frame,unclassified
245,0xF5,13,FF5-L013,CE:0A29,CE:0A2D,CE:0A34,CE:0A44,27,4,7,16,0xB0,7A_body16_7C_next_plus_1_16_00,strong_structural_frame,unclassified
245,0xF5,14,FF5-L014,CE:0A44,CE:0A48,CE:0A4F,CE:0A5F,27,4,7,16,0xB0,7A_body16_7C_next_plus_1_16_00,strong_structural_frame,unclassified
245,0xF5,15,FF5-L015,CE:0A5F,CE:0A63,CE:0A6A,CE:0A7A,27,4,7,16,0xB0,7A_body16_7C_next_plus_1_16_00,strong_structural_frame,unclassified
245,0xF5,16,FF5-L016,CE:0A7A,CE:0A7E,CE:0A85,CE:0A95,27,4,7,16,0xB0,7A_body16_7C_next_plus_1_16_00,strong_structural_frame,unclassified
245,0xF5,17,FF5-L017,CE:0A95,CE:0A99,CE:0AA0,CE:0AB0,27,4,7,16,0xB0,7A_body16_7C_next_plus_1_16_00,strong_structural_frame,unclassified
245,0xF5,18,FF5-L018,CE:0AB0,CE:0AB4,CE:0ABB,CE:0ACB,27,4,7,16,0xB0,7A_body16_7C_next_plus_1_16_00,strong_structural_frame,unclassified
245,0xF5,19,FF5-L019,CE:0ACB,CE:0ACF,CE:0AD6,CE:0AE6,27,4,7,16,0xB0,7A_body16_7C_next_plus_1_16_00,strong_structural_frame,unclassified
245,0xF5,20,FF5-L020,CE:0AE6,CE:0AEA,CE:0AF1,CE:0B01,27,4,7,16,0xB0,7A_body16_7C_next_plus_1_16_00,strong_structural_frame,unclassified
245,0xF5,21,FF5-L021,CE:0B01,CE:0B09,CE:0B10,CE:0B20,31,8,7,16,0xB0,7A_body16_7C_next_plus_1_16_00,strong_structural_frame,unclassified
245,0xF5,22,FF5-L022,CE:0B20,CE:0B24,CE:0B2B,CE:0B3B,27,4,7,16,0xB0,7A_body16_7C_next_plus_1_16_00,strong_structural_frame,unclassified
245,0xF5,23,FF5-L023,CE:0B3B,CE:0B3F,CE:0B46,CE:0B56,27,4,7,16,0xB0,7A_body16_7C_next_plus_1_16_00,strong_structural_frame,unclassified
245,0xF5,24,FF5-L024,CE:0B56,CE:0B5A,CE:0B61,CE:0B71,27,4,7,16,0xB0,7A_body16_7C_next_plus_1_16_00,strong_structural_frame,unclassified
245,0xF5,25,FF5-L025,CE:0B71,CE:0B75,CE:0B7C,CE:0B8C,27,4,7,16,0xB0,7A_body16_7C_next_plus_1_16_00,strong_structural_frame,unclassified
246,0xF6,1,FF6-L001,CE:0C20,CE:0C24,CE:0C2B,CE:0C38,24,4,7,13,0xB0,7A_body16_7C_next_plus_1_16_00,strong_structural_frame,unclassified
249,0xF9,1,FF9-L001,CE:1223,CE:1231,CE:1238,CE:123E,27,14,7,6,0xB0,7A_body16_7C_next_plus_1_16_00,strong_structural_frame,unclassified
249,0xF9,2,FF9-L002,CE:123E,CE:1244,CE:124B,CE:1251,19,6,7,6,0xB0,7A_body16_7C_next_plus_1_16_00,strong_structural_frame,unclassified
249,0xF9,3,FF9-L003,CE:1251,CE:1256,CE:125D,CE:1263,18,5,7,6,0xB0,7A_body16_7C_next_plus_1_16_00,strong_structural_frame,unclassified
249,0xF9,4,FF9-L004,CE:1263,CE:126E,CE:1275,CE:127B,24,11,7,6,0xB0,7A_body16_7C_next_plus_1_16_00,strong_structural_frame,unclassified
249,0xF9,5,FF9-L005,CE:127B,CE:12A1,CE:12A8,CE:12B1,54,38,7,9,0xB0,7A_body16_7C_next_plus_1_16_00,strong_structural_frame,unclassified
249,0xF9,6,FF9-L006,CE:12B1,CE:12B8,CE:12BF,CE:12C5,20,7,7,6,0xB0,7A_body16_7C_next_plus_1_16_00,strong_structural_frame,unclassified
249,0xF9,7,FF9-L007,CE:12C5,CE:12D2,CE:12D9,CE:12DF,26,13,7,6,0xB0,7A_body16_7C_next_plus_1_16_00,strong_structural_frame,unclassified
249,0xF9,8,FF9-L008,CE:12DF,CE:12ED,CE:12F4,CE:12FA,27,14,7,6,0xB0,7A_body16_7C_next_plus_1_16_00,strong_structural_frame,unclassified
249,0xF9,9,FF9-L009,CE:12FA,CE:131E,CE:1325,CE:132B,49,36,7,6,0xB0,7A_body16_7C_next_plus_1_16_00,strong_structural_frame,unclassified
