record_id,family_id,family_hex,record_start,record_end_exclusive,subindex,subindex_hex,script_callsite,patterns,selected_source_cpu,player_visible,evidence_class
F2A-L002,42,0x2A,CB:D7FB,CB:D818,3,0x03,CB:D800,A4_xx_B2_dd_A4_yy:first,C8:5F4F,unknown,validated_source_selection_in_structural_record
F2A-L002,42,0x2A,CB:D7FB,CB:D818,4,0x04,CB:D804,A4_xx_B0;A4_xx_B2_dd_A4_yy:second,C8:60E5,unknown,validated_source_selection_in_structural_record
F2A-L003,42,0x2A,CB:D818,CB:D844,5,0x05,CB:D821,A4_xx_B2_dd_A4_yy:first,C8:611E,unknown,validated_source_selection_in_structural_record
F2A-L003,42,0x2A,CB:D818,CB:D844,6,0x06,CB:D825,A4_xx_B2_dd_A4_yy:first;A4_xx_B2_dd_A4_yy:second,C8:6147,unknown,validated_source_selection_in_structural_record
F2A-L003,42,0x2A,CB:D818,CB:D844,7,0x07,CB:D829,A4_xx_B0;A4_xx_B2_dd_A4_yy:second,C8:6148,unknown,validated_source_selection_in_structural_record
F2A-L004,42,0x2A,CB:D844,CB:D87D,8,0x08,CB:D853,A4_xx_B2_dd_A4_yy:first,C8:614C,unknown,validated_source_selection_in_structural_record
F2A-L004,42,0x2A,CB:D844,CB:D87D,9,0x09,CB:D857,A4_xx_B2_dd_A4_yy:second,C8:614E,unknown,validated_source_selection_in_structural_record
F2A-L004,42,0x2A,CB:D844,CB:D87D,11,0x0B,CB:D869,A4_xx_B0,C8:61AF,unknown,validated_source_selection_in_structural_record
F2A-L005,42,0x2A,CB:D87D,CB:D89A,12,0x0C,CB:D882,A4_xx_B2_dd_A4_yy:first,C8:61B0,unknown,validated_source_selection_in_structural_record
F2A-L005,42,0x2A,CB:D87D,CB:D89A,13,0x0D,CB:D886,A4_xx_B0;A4_xx_B2_dd_A4_yy:second,C8:61B1,unknown,validated_source_selection_in_structural_record
F2A-L006,42,0x2A,CB:D89A,CB:D8AF,14,0x0E,CB:D89B,A4_xx_B0,C8:61B5,unknown,validated_source_selection_in_structural_record
F2A-L007,42,0x2A,CB:D8AF,CB:D8C4,15,0x0F,CB:D8B0,A4_xx_B0,C8:61B6,unknown,validated_source_selection_in_structural_record
F2A-L008,42,0x2A,CB:D8C4,CB:D8FB,16,0x10,CB:D8CE,A4_xx_B2_dd_A4_yy:first,C8:61B7,unknown,validated_source_selection_in_structural_record
F2A-L008,42,0x2A,CB:D8C4,CB:D8FB,17,0x11,CB:D8D2,A4_xx_B2_dd_A4_yy:second,C8:61BA,unknown,validated_source_selection_in_structural_record
F2A-L008,42,0x2A,CB:D8C4,CB:D8FB,19,0x13,CB:D8E4,A4_xx_B0,C8:6495,unknown,validated_source_selection_in_structural_record
F2A-L009,42,0x2A,CB:D8FB,CB:D91B,20,0x14,CB:D900,A4_xx_B2_dd_A4_yy:first,C8:6584,unknown,validated_source_selection_in_structural_record
F2A-L009,42,0x2A,CB:D8FB,CB:D91B,21,0x15,CB:D904,A4_xx_B0;A4_xx_B2_dd_A4_yy:second,C8:6663,unknown,validated_source_selection_in_structural_record
F2A-L010,42,0x2A,CB:D91B,CB:D930,22,0x16,CB:D91C,A4_xx_B0,C8:66C4,unknown,validated_source_selection_in_structural_record
F2A-L011,42,0x2A,CB:D930,CB:D94F,24,0x18,CB:D937,A4_xx_B2_dd_A4_yy:first,C8:6C57,unknown,validated_source_selection_in_structural_record
F2A-L011,42,0x2A,CB:D930,CB:D94F,25,0x19,CB:D93B,A4_xx_B0;A4_xx_B2_dd_A4_yy:second,C8:6CEB,unknown,validated_source_selection_in_structural_record
F2C-L004,44,0x2C,CB:DB3E,CB:DB60,11,0x0B,CB:DB43,A4_xx_B2_dd_A4_yy:first,C8:6F56,unknown,validated_source_selection_in_structural_record
F2C-L004,44,0x2C,CB:DB3E,CB:DB60,12,0x0C,CB:DB47,A4_xx_B0;A4_xx_B2_dd_A4_yy:second,C8:6F57,unknown,validated_source_selection_in_structural_record
F2C-L005,44,0x2C,CB:DB60,CB:DB7D,13,0x0D,CB:DB65,A4_xx_B2_dd_A4_yy:first,C8:6F58,unknown,validated_source_selection_in_structural_record
F2C-L005,44,0x2C,CB:DB60,CB:DB7D,14,0x0E,CB:DB69,A4_xx_B0;A4_xx_B2_dd_A4_yy:second,C8:6F59,unknown,validated_source_selection_in_structural_record
F2C-L006,44,0x2C,CB:DB7D,CB:DBA7,15,0x0F,CB:DB82,A4_xx_B2_dd_A4_yy:first,C8:6F5A,unknown,validated_source_selection_in_structural_record
F2C-L006,44,0x2C,CB:DB7D,CB:DBA7,16,0x10,CB:DB86,A4_xx_B0;A4_xx_B2_dd_A4_yy:second,C8:6F5B,unknown,validated_source_selection_in_structural_record
F2C-L008,44,0x2C,CB:DBDE,CB:DC03,21,0x15,CB:DBE7,A4_xx_B2_dd_A4_yy:first,C8:7234,unknown,validated_source_selection_in_structural_record
F2C-L008,44,0x2C,CB:DBDE,CB:DC03,22,0x16,CB:DBEB,A4_xx_B2_dd_A4_yy:first;A4_xx_B2_dd_A4_yy:second,C8:72E2,unknown,validated_source_selection_in_structural_record
F2C-L008,44,0x2C,CB:DBDE,CB:DC03,23,0x17,CB:DBEF,A4_xx_B0;A4_xx_B2_dd_A4_yy:second,C8:7488,unknown,validated_source_selection_in_structural_record
F2C-L009,44,0x2C,CB:DC03,CB:DC3D,24,0x18,CB:DC0C,A4_xx_B2_dd_A4_yy:first,C8:74F3,unknown,validated_source_selection_in_structural_record
F2C-L009,44,0x2C,CB:DC03,CB:DC3D,25,0x19,CB:DC10,A4_xx_B2_dd_A4_yy:second,C8:755B,unknown,validated_source_selection_in_structural_record
F2C-L009,44,0x2C,CB:DC03,CB:DC3D,27,0x1B,CB:DC22,A4_xx_B0,C8:7665,unknown,validated_source_selection_in_structural_record
F2C-L010,44,0x2C,CB:DC3D,CB:DC5A,28,0x1C,CB:DC42,A4_xx_B2_dd_A4_yy:first,C8:7B37,unknown,validated_source_selection_in_structural_record
F2C-L010,44,0x2C,CB:DC3D,CB:DC5A,29,0x1D,CB:DC46,A4_xx_B0;A4_xx_B2_dd_A4_yy:second,C8:7B90,unknown,validated_source_selection_in_structural_record
F2C-L011,44,0x2C,CB:DC5A,CB:DC77,30,0x1E,CB:DC5F,A4_xx_B2_dd_A4_yy:first,C8:7BF5,unknown,validated_source_selection_in_structural_record
F2C-L011,44,0x2C,CB:DC5A,CB:DC77,31,0x1F,CB:DC63,A4_xx_B0;A4_xx_B2_dd_A4_yy:second,C8:7C14,unknown,validated_source_selection_in_structural_record
F2C-L012,44,0x2C,CB:DC77,CB:DC99,32,0x20,CB:DC7C,A4_xx_B2_dd_A4_yy:first,C8:7C25,unknown,validated_source_selection_in_structural_record
F2C-L012,44,0x2C,CB:DC77,CB:DC99,33,0x21,CB:DC80,A4_xx_B0;A4_xx_B2_dd_A4_yy:second,C8:7C33,unknown,validated_source_selection_in_structural_record
F2C-L013,44,0x2C,CB:DC99,CB:DCB3,34,0x22,CB:DC9A,A4_xx_B0,C8:7C3A,unknown,validated_source_selection_in_structural_record
F2C-L014,44,0x2C,CB:DCB3,CB:DCCD,35,0x23,CB:DCB4,A4_xx_B0,C8:7C4A,unknown,validated_source_selection_in_structural_record
F2C-L015,44,0x2C,CB:DCCD,CB:DCE2,36,0x24,CB:DCCE,A4_xx_B0,C8:7C54,unknown,validated_source_selection_in_structural_record
F2C-L016,44,0x2C,CB:DCE2,CB:DCFF,37,0x25,CB:DCE7,A4_xx_B2_dd_A4_yy:first,C8:7C66,unknown,validated_source_selection_in_structural_record
F2C-L016,44,0x2C,CB:DCE2,CB:DCFF,38,0x26,CB:DCEB,A4_xx_B0;A4_xx_B2_dd_A4_yy:second,C8:7C6E,unknown,validated_source_selection_in_structural_record
F2C-L017,44,0x2C,CB:DCFF,CB:DD14,39,0x27,CB:DD00,A4_xx_B0,C8:7CBF,unknown,validated_source_selection_in_structural_record
F2C-L018,44,0x2C,CB:DD14,CB:DD29,40,0x28,CB:DD15,A4_xx_B0,C8:7CC8,unknown,validated_source_selection_in_structural_record
F2E-L002,46,0x2E,CB:DEFC,CB:DF27,6,0x06,CB:DF13,A4_xx_B0,C8:6F54,unknown,validated_source_selection_in_structural_record
F2E-L003,46,0x2E,CB:DF27,CB:DF5A,7,0x07,CB:DF30,A4_xx_B2_dd_A4_yy:first,C8:6F55,unknown,validated_source_selection_in_structural_record
F2E-L003,46,0x2E,CB:DF27,CB:DF5A,8,0x08,CB:DF34,A4_xx_B2_dd_A4_yy:second,C8:6F56,unknown,validated_source_selection_in_structural_record
F2E-L003,46,0x2E,CB:DF27,CB:DF5A,10,0x0A,CB:DF46,A4_xx_B0,C8:6F58,unknown,validated_source_selection_in_structural_record
F33-L001,51,0x33,CB:E2C0,CB:E2DD,0,0x00,CB:E2C5,A4_xx_B2_dd_A4_yy:first,C8:6C52,unknown,validated_source_selection_in_structural_record
F33-L001,51,0x33,CB:E2C0,CB:E2DD,1,0x01,CB:E2C9,A4_xx_B0;A4_xx_B2_dd_A4_yy:second,C8:6C8F,unknown,validated_source_selection_in_structural_record
F33-L002,51,0x33,CB:E2DD,CB:E308,4,0x04,CB:E2F4,A4_xx_B0,C8:6D3C,unknown,validated_source_selection_in_structural_record
F33-L003,51,0x33,CB:E308,CB:E325,5,0x05,CB:E30D,A4_xx_B2_dd_A4_yy:first,C8:6D88,unknown,validated_source_selection_in_structural_record
F33-L003,51,0x33,CB:E308,CB:E325,6,0x06,CB:E311,A4_xx_B0;A4_xx_B2_dd_A4_yy:second,C8:6DD3,unknown,validated_source_selection_in_structural_record
F33-L004,51,0x33,CB:E325,CB:E33D,7,0x07,CB:E326,A4_xx_B0,C8:6E02,unknown,validated_source_selection_in_structural_record
F33-L005,51,0x33,CB:E33D,CB:E355,8,0x08,CB:E33E,A4_xx_B0,C8:6E23,unknown,validated_source_selection_in_structural_record
F33-L006,51,0x33,CB:E355,CB:E36D,9,0x09,CB:E356,A4_xx_B0,C8:6E63,unknown,validated_source_selection_in_structural_record
F34-L002,52,0x34,CB:E3DD,CB:E3F2,0,0x00,CB:E3DE,A4_xx_B0,C8:6F55,unknown,validated_source_selection_in_structural_record
F34-L003,52,0x34,CB:E3F2,CB:E407,1,0x01,CB:E3F3,A4_xx_B0,C8:6F56,unknown,validated_source_selection_in_structural_record
F34-L004,52,0x34,CB:E407,CB:E41C,2,0x02,CB:E408,A4_xx_B0,C8:6F57,unknown,validated_source_selection_in_structural_record
F34-L005,52,0x34,CB:E41C,CB:E442,4,0x04,CB:E42A,A4_xx_B2_dd_A4_yy:first,C8:6F59,unknown,validated_source_selection_in_structural_record
F34-L005,52,0x34,CB:E41C,CB:E442,5,0x05,CB:E42E,A4_xx_B0;A4_xx_B2_dd_A4_yy:second,C8:6F5A,unknown,validated_source_selection_in_structural_record
F34-L006,52,0x34,CB:E442,CB:E457,6,0x06,CB:E443,A4_xx_B0,C8:6F5B,unknown,validated_source_selection_in_structural_record
F34-L007,52,0x34,CB:E457,CB:E46C,7,0x07,CB:E458,A4_xx_B0,C8:6F5C,unknown,validated_source_selection_in_structural_record
F34-L008,52,0x34,CB:E46C,CB:E494,8,0x08,CB:E475,A4_xx_B2_dd_A4_yy:first,C8:704B,unknown,validated_source_selection_in_structural_record
F34-L008,52,0x34,CB:E46C,CB:E494,9,0x09,CB:E479,A4_xx_B2_dd_A4_yy:first;A4_xx_B2_dd_A4_yy:second,C8:7128,unknown,validated_source_selection_in_structural_record
F34-L008,52,0x34,CB:E46C,CB:E494,10,0x0A,CB:E47D,A4_xx_B0;A4_xx_B2_dd_A4_yy:second,C8:7179,unknown,validated_source_selection_in_structural_record
F34-L009,52,0x34,CB:E494,CB:E4AC,11,0x0B,CB:E495,A4_xx_B0,C8:7234,unknown,validated_source_selection_in_structural_record
F3D-L001,61,0x3D,CB:EAA6,CB:EABB,0,0x00,CB:EAA7,A4_xx_B0,C8:7001,unknown,validated_source_selection_in_structural_record
F3D-L002,61,0x3D,CB:EABB,CB:EAD0,1,0x01,CB:EABC,A4_xx_B0,C8:7029,unknown,validated_source_selection_in_structural_record
F3F-L001,63,0x3F,CB:EBD2,CB:EBFF,1,0x01,CB:EBE3,A4_xx_B2_dd_A4_yy:first,C8:7A4B,unknown,validated_source_selection_in_structural_record
F3F-L001,63,0x3F,CB:EBD2,CB:EBFF,2,0x02,CB:EBE7,A4_xx_B2_dd_A4_yy:first;A4_xx_B2_dd_A4_yy:second,C8:7A5C,unknown,validated_source_selection_in_structural_record
F3F-L001,63,0x3F,CB:EBD2,CB:EBFF,3,0x03,CB:EBEB,A4_xx_B0;A4_xx_B2_dd_A4_yy:second,C8:7A7B,unknown,validated_source_selection_in_structural_record
F3F-L002,63,0x3F,CB:EBFF,CB:EC2C,5,0x05,CB:EC10,A4_xx_B2_dd_A4_yy:first,C8:7AB5,unknown,validated_source_selection_in_structural_record
F3F-L002,63,0x3F,CB:EBFF,CB:EC2C,6,0x06,CB:EC14,A4_xx_B2_dd_A4_yy:first;A4_xx_B2_dd_A4_yy:second,C8:7AD5,unknown,validated_source_selection_in_structural_record
F3F-L002,63,0x3F,CB:EBFF,CB:EC2C,7,0x07,CB:EC18,A4_xx_B0;A4_xx_B2_dd_A4_yy:second,C8:7AE5,unknown,validated_source_selection_in_structural_record
F3F-L003,63,0x3F,CB:EC2C,CB:EC59,9,0x09,CB:EC3D,A4_xx_B2_dd_A4_yy:first,C8:7B00,unknown,validated_source_selection_in_structural_record
F3F-L003,63,0x3F,CB:EC2C,CB:EC59,10,0x0A,CB:EC41,A4_xx_B2_dd_A4_yy:first;A4_xx_B2_dd_A4_yy:second,C8:7B0F,unknown,validated_source_selection_in_structural_record
F3F-L003,63,0x3F,CB:EC2C,CB:EC59,11,0x0B,CB:EC45,A4_xx_B0;A4_xx_B2_dd_A4_yy:second,C8:7B1C,unknown,validated_source_selection_in_structural_record
F3F-L004,63,0x3F,CB:EC59,CB:EC94,14,0x0E,CB:EC78,A4_xx_B2_dd_A4_yy:first,C8:7BF5,unknown,validated_source_selection_in_structural_record
F3F-L004,63,0x3F,CB:EC59,CB:EC94,15,0x0F,CB:EC7C,A4_xx_B2_dd_A4_yy:first;A4_xx_B2_dd_A4_yy:second,C8:7C01,unknown,validated_source_selection_in_structural_record
F3F-L004,63,0x3F,CB:EC59,CB:EC94,16,0x10,CB:EC80,A4_xx_B0;A4_xx_B2_dd_A4_yy:second,C8:7CB2,unknown,validated_source_selection_in_structural_record
F3F-L005,63,0x3F,CB:EC94,CB:ECC1,18,0x12,CB:ECA5,A4_xx_B2_dd_A4_yy:first,C8:7CD3,unknown,validated_source_selection_in_structural_record
F3F-L005,63,0x3F,CB:EC94,CB:ECC1,19,0x13,CB:ECA9,A4_xx_B2_dd_A4_yy:first;A4_xx_B2_dd_A4_yy:second,C8:7CF5,unknown,validated_source_selection_in_structural_record
F3F-L005,63,0x3F,CB:EC94,CB:ECC1,20,0x14,CB:ECAD,A4_xx_B0;A4_xx_B2_dd_A4_yy:second,C8:7CF6,unknown,validated_source_selection_in_structural_record
F3F-L006,63,0x3F,CB:ECC1,CB:EF48,22,0x16,CB:ECD2,A4_xx_B2_dd_A4_yy:first,C8:7D4A,unknown,validated_source_selection_in_structural_record
F3F-L006,63,0x3F,CB:ECC1,CB:EF48,23,0x17,CB:ECD6,A4_xx_B2_dd_A4_yy:first;A4_xx_B2_dd_A4_yy:second,C8:7D7C,unknown,validated_source_selection_in_structural_record
F3F-L006,63,0x3F,CB:ECC1,CB:EF48,24,0x18,CB:ECDA,A4_xx_B0;A4_xx_B2_dd_A4_yy:second,C8:7D9F,unknown,validated_source_selection_in_structural_record
F3F-L006,63,0x3F,CB:ECC1,CB:EF48,28,0x1C,CB:EDC2,A4_xx_B2_dd_A4_yy:first,C8:7DE3,unknown,validated_source_selection_in_structural_record
F3F-L006,63,0x3F,CB:ECC1,CB:EF48,29,0x1D,CB:EDC6,A4_xx_B2_dd_A4_yy:second,C8:7E57,unknown,validated_source_selection_in_structural_record
F3F-L006,63,0x3F,CB:ECC1,CB:EF48,33,0x21,CB:EDEA,A4_xx_B0,C8:7EEB,unknown,validated_source_selection_in_structural_record
F3F-L006,63,0x3F,CB:ECC1,CB:EF48,43,0x2B,CB:EECE,A4_xx_B0,C8:8063,unknown,validated_source_selection_in_structural_record
F40-L001,64,0x40,CB:EFB6,CB:EFD3,1,0x01,CB:EFC3,A4_xx_B0,C8:7C25,unknown,validated_source_selection_in_structural_record
F40-L002,64,0x40,CB:EFD3,CB:EFF0,3,0x03,CB:EFE0,A4_xx_B0,C8:7C8B,unknown,validated_source_selection_in_structural_record
F41-L001,65,0x41,CB:F150,CB:F168,0,0x00,CB:F151,A4_xx_B0,C8:8113,unknown,validated_source_selection_in_structural_record
F41-L002,65,0x41,CB:F168,CB:F180,1,0x01,CB:F169,A4_xx_B0,C8:8151,unknown,validated_source_selection_in_structural_record
F41-L003,65,0x41,CB:F180,CB:F198,2,0x02,CB:F181,A4_xx_B0,C8:8172,unknown,validated_source_selection_in_structural_record
F41-L004,65,0x41,CB:F198,CB:F1B0,3,0x03,CB:F199,A4_xx_B0,C8:8187,unknown,validated_source_selection_in_structural_record
F41-L006,65,0x41,CB:F1CB,CB:F2CC,6,0x06,CB:F1D2,A4_xx_B2_dd_A4_yy:first,C8:81CA,unknown,validated_source_selection_in_structural_record
F41-L006,65,0x41,CB:F1CB,CB:F2CC,7,0x07,CB:F1D6,A4_xx_B2_dd_A4_yy:second,C8:81D5,unknown,validated_source_selection_in_structural_record
F41-L006,65,0x41,CB:F1CB,CB:F2CC,14,0x0E,CB:F28D,A4_xx_B2_dd_A4_yy:first,C8:8239,unknown,validated_source_selection_in_structural_record
F41-L006,65,0x41,CB:F1CB,CB:F2CC,15,0x0F,CB:F291,A4_xx_B2_dd_A4_yy:second,C8:823A,unknown,validated_source_selection_in_structural_record
F41-L006,65,0x41,CB:F1CB,CB:F2CC,17,0x11,CB:F2B5,A4_xx_B0,C8:8279,unknown,validated_source_selection_in_structural_record
F41-L008,65,0x41,CB:F2E7,CB:F2FF,19,0x13,CB:F2E8,A4_xx_B0,C8:828B,unknown,validated_source_selection_in_structural_record
F41-L009,65,0x41,CB:F2FF,CB:F317,20,0x14,CB:F300,A4_xx_B0,C8:8296,unknown,validated_source_selection_in_structural_record
F41-L010,65,0x41,CB:F317,CB:F32F,21,0x15,CB:F318,A4_xx_B0,C8:8298,unknown,validated_source_selection_in_structural_record
F41-L011,65,0x41,CB:F32F,CB:F347,22,0x16,CB:F330,A4_xx_B0,C8:82BE,unknown,validated_source_selection_in_structural_record
F43-L001,67,0x43,CB:F561,CB:F572,0,0x00,CB:F562,A4_xx_B0,C8:83D0,unknown,validated_source_selection_in_structural_record
F43-L002,67,0x43,CB:F572,CB:F583,1,0x01,CB:F573,A4_xx_B0,C8:83F7,unknown,validated_source_selection_in_structural_record
F44-L001,68,0x44,CB:F9B5,CB:F9C6,22,0x16,CB:F9B6,A4_xx_B0,C8:8C66,unknown,validated_source_selection_in_structural_record
F44-L002,68,0x44,CB:F9C6,CB:FA3C,33,0x21,CB:FA2C,A4_xx_B0,C8:8D0B,unknown,validated_source_selection_in_structural_record
F44-L003,68,0x44,CB:FA3C,CB:FA4D,34,0x22,CB:FA3D,A4_xx_B0,C8:8D16,unknown,validated_source_selection_in_structural_record
F44-L004,68,0x44,CB:FA4D,CB:FA5E,35,0x23,CB:FA4E,A4_xx_B0,C8:8D25,unknown,validated_source_selection_in_structural_record
F44-L005,68,0x44,CB:FA5E,CB:FA6F,36,0x24,CB:FA5F,A4_xx_B0,C8:8D27,unknown,validated_source_selection_in_structural_record
F44-L006,68,0x44,CB:FA6F,CB:FA80,37,0x25,CB:FA70,A4_xx_B0,C8:8D47,unknown,validated_source_selection_in_structural_record
F44-L007,68,0x44,CB:FA80,CB:FA91,38,0x26,CB:FA81,A4_xx_B0,C8:8D5D,unknown,validated_source_selection_in_structural_record
F44-L008,68,0x44,CB:FA91,CB:FAA2,39,0x27,CB:FA92,A4_xx_B0,C8:8D5D,unknown,validated_source_selection_in_structural_record
F44-L009,68,0x44,CB:FAA2,CB:FAB3,40,0x28,CB:FAA3,A4_xx_B0,C8:8D5F,unknown,validated_source_selection_in_structural_record
F44-L010,68,0x44,CB:FAB3,CB:FACB,41,0x29,CB:FAB4,A4_xx_B0,C8:8D5F,unknown,validated_source_selection_in_structural_record
F44-L011,68,0x44,CB:FACB,CB:FADC,42,0x2A,CB:FACC,A4_xx_B0,C8:8D70,unknown,validated_source_selection_in_structural_record
F44-L012,68,0x44,CB:FADC,CB:FAED,43,0x2B,CB:FADD,A4_xx_B0,C8:8D73,unknown,validated_source_selection_in_structural_record
F44-L013,68,0x44,CB:FAED,CB:FAFE,44,0x2C,CB:FAEE,A4_xx_B0,C8:8D73,unknown,validated_source_selection_in_structural_record
F47-L001,71,0x47,CB:FE8A,CB:FE9B,0,0x00,CB:FE8B,A4_xx_B0,C8:9210,unknown,validated_source_selection_in_structural_record
F47-L002,71,0x47,CB:FE9B,CB:FEAC,1,0x01,CB:FE9C,A4_xx_B0,C8:926E,unknown,validated_source_selection_in_structural_record
F47-L003,71,0x47,CB:FEAC,CB:FEC7,2,0x02,CB:FEAD,A4_xx_B0,C8:92D8,unknown,validated_source_selection_in_structural_record
F48-L001,72,0x48,CC:005B,CC:006C,0,0x00,CC:005C,A4_xx_B0,C8:955B,unknown,validated_source_selection_in_structural_record
F48-L002,72,0x48,CC:006C,CC:007D,1,0x01,CC:006D,A4_xx_B0,C8:9568,unknown,validated_source_selection_in_structural_record
F48-L003,72,0x48,CC:007D,CC:008E,2,0x02,CC:007E,A4_xx_B0,C8:9579,unknown,validated_source_selection_in_structural_record
F48-L004,72,0x48,CC:008E,CC:009F,3,0x03,CC:008F,A4_xx_B0,C8:9592,unknown,validated_source_selection_in_structural_record
F48-L005,72,0x48,CC:009F,CC:00B0,4,0x04,CC:00A0,A4_xx_B0,C8:95B2,unknown,validated_source_selection_in_structural_record
F48-L006,72,0x48,CC:00B0,CC:019F,5,0x05,CC:00B1,A4_xx_B0,C8:95C8,unknown,validated_source_selection_in_structural_record
F48-L006,72,0x48,CC:00B0,CC:019F,6,0x06,CC:00EB,A4_xx_B0,C8:95FD,unknown,validated_source_selection_in_structural_record
F48-L006,72,0x48,CC:00B0,CC:019F,8,0x08,CC:00F4,A4_xx_B0,C8:9635,unknown,validated_source_selection_in_structural_record
F48-L006,72,0x48,CC:00B0,CC:019F,16,0x10,CC:018F,A4_xx_B0,C8:9769,unknown,validated_source_selection_in_structural_record
F48-L007,72,0x48,CC:019F,CC:01B0,17,0x11,CC:01A0,A4_xx_B0,C8:9788,unknown,validated_source_selection_in_structural_record
F48-L008,72,0x48,CC:01B0,CC:01C1,18,0x12,CC:01B1,A4_xx_B0,C8:97C6,unknown,validated_source_selection_in_structural_record
F4C-L001,76,0x4C,CC:116E,CC:11A9,4,0x04,CC:119C,A4_xx_B0,C8:A46B,unknown,validated_source_selection_in_structural_record
F4C-L002,76,0x4C,CC:11A9,CC:11B7,5,0x05,CC:11AA,A4_xx_B0,C8:A485,unknown,validated_source_selection_in_structural_record
F4C-L003,76,0x4C,CC:11B7,CC:11C5,6,0x06,CC:11B8,A4_xx_B0,C8:A48D,unknown,validated_source_selection_in_structural_record
F4C-L004,76,0x4C,CC:11C5,CC:11D3,7,0x07,CC:11C6,A4_xx_B0,C8:A49D,unknown,validated_source_selection_in_structural_record
F4C-L005,76,0x4C,CC:11D3,CC:11E1,8,0x08,CC:11D4,A4_xx_B0,C8:A4C9,unknown,validated_source_selection_in_structural_record
F4C-L006,76,0x4C,CC:11E1,CC:11EF,9,0x09,CC:11E2,A4_xx_B0,C8:A4CC,unknown,validated_source_selection_in_structural_record
F4C-L006,76,0x4C,CC:11E1,CC:11EF,131,0x83,CC:11ED,A4_xx_B0,C8:BAA7,unknown,validated_source_selection_in_structural_record
F4C-L007,76,0x4C,CC:11EF,CC:11FD,10,0x0A,CC:11F0,A4_xx_B0,C8:A4FC,unknown,validated_source_selection_in_structural_record
F4C-L008,76,0x4C,CC:11FD,CC:120B,11,0x0B,CC:11FE,A4_xx_B0,C8:A502,unknown,validated_source_selection_in_structural_record
F4C-L009,76,0x4C,CC:120B,CC:1219,12,0x0C,CC:120C,A4_xx_B0,C8:A531,unknown,validated_source_selection_in_structural_record
F4C-L010,76,0x4C,CC:1219,CC:1227,13,0x0D,CC:121A,A4_xx_B0,C8:A56F,unknown,validated_source_selection_in_structural_record
F4C-L011,76,0x4C,CC:1227,CC:1235,14,0x0E,CC:1228,A4_xx_B0,C8:A5E9,unknown,validated_source_selection_in_structural_record
F4C-L012,76,0x4C,CC:1235,CC:1243,15,0x0F,CC:1236,A4_xx_B0,C8:A5F3,unknown,validated_source_selection_in_structural_record
F4C-L013,76,0x4C,CC:1243,CC:1251,16,0x10,CC:1244,A4_xx_B0,C8:A603,unknown,validated_source_selection_in_structural_record
F4C-L014,76,0x4C,CC:1251,CC:126F,17,0x11,CC:125A,A4_xx_B2_dd_A4_yy:first,C8:A617,unknown,validated_source_selection_in_structural_record
F4C-L014,76,0x4C,CC:1251,CC:126F,18,0x12,CC:125E,A4_xx_B2_dd_A4_yy:first;A4_xx_B2_dd_A4_yy:second,C8:A62C,unknown,validated_source_selection_in_structural_record
F4C-L014,76,0x4C,CC:1251,CC:126F,19,0x13,CC:1262,A4_xx_B0;A4_xx_B2_dd_A4_yy:second,C8:A65B,unknown,validated_source_selection_in_structural_record
F4C-L015,76,0x4C,CC:126F,CC:128D,20,0x14,CC:1278,A4_xx_B2_dd_A4_yy:first,C8:A665,unknown,validated_source_selection_in_structural_record
F4C-L015,76,0x4C,CC:126F,CC:128D,21,0x15,CC:127C,A4_xx_B2_dd_A4_yy:first;A4_xx_B2_dd_A4_yy:second,C8:A6ED,unknown,validated_source_selection_in_structural_record
F4C-L015,76,0x4C,CC:126F,CC:128D,22,0x16,CC:1280,A4_xx_B0;A4_xx_B2_dd_A4_yy:second,C8:A712,unknown,validated_source_selection_in_structural_record
F4C-L016,76,0x4C,CC:128D,CC:12DB,23,0x17,CC:1296,A4_xx_B2_dd_A4_yy:first,C8:AC61,unknown,validated_source_selection_in_structural_record
F4C-L016,76,0x4C,CC:128D,CC:12DB,24,0x18,CC:129A,A4_xx_B2_dd_A4_yy:first;A4_xx_B2_dd_A4_yy:second,C8:AD42,unknown,validated_source_selection_in_structural_record
F4C-L016,76,0x4C,CC:128D,CC:12DB,25,0x19,CC:129E,A4_xx_B0;A4_xx_B2_dd_A4_yy:second,C8:AD6C,unknown,validated_source_selection_in_structural_record
F4C-L016,76,0x4C,CC:128D,CC:12DB,26,0x1A,CC:12C3,A4_xx_B2_dd_A4_yy:first,C8:ADFC,unknown,validated_source_selection_in_structural_record
F4C-L016,76,0x4C,CC:128D,CC:12DB,27,0x1B,CC:12C7,A4_xx_B2_dd_A4_yy:first;A4_xx_B2_dd_A4_yy:second,C8:AEC4,unknown,validated_source_selection_in_structural_record
F4C-L016,76,0x4C,CC:128D,CC:12DB,28,0x1C,CC:12CB,A4_xx_B0;A4_xx_B2_dd_A4_yy:second,C8:AF4C,unknown,validated_source_selection_in_structural_record
F4C-L016,76,0x4C,CC:128D,CC:12DB,29,0x1D,CC:12CE,A4_xx_B0,C8:B03A,unknown,validated_source_selection_in_structural_record
F4C-L017,76,0x4C,CC:12DB,CC:1305,30,0x1E,CC:12F0,A4_xx_B2_dd_A4_yy:first,C8:B03B,unknown,validated_source_selection_in_structural_record
F4C-L017,76,0x4C,CC:12DB,CC:1305,31,0x1F,CC:12F4,A4_xx_B2_dd_A4_yy:first;A4_xx_B2_dd_A4_yy:second,C8:B040,unknown,validated_source_selection_in_structural_record
F4C-L017,76,0x4C,CC:12DB,CC:1305,32,0x20,CC:12F8,A4_xx_B0;A4_xx_B2_dd_A4_yy:second,C8:B041,unknown,validated_source_selection_in_structural_record
F4C-L018,76,0x4C,CC:1305,CC:132F,33,0x21,CC:131A,A4_xx_B2_dd_A4_yy:first,C8:B042,unknown,validated_source_selection_in_structural_record
F4C-L018,76,0x4C,CC:1305,CC:132F,34,0x22,CC:131E,A4_xx_B2_dd_A4_yy:first;A4_xx_B2_dd_A4_yy:second,C8:B043,unknown,validated_source_selection_in_structural_record
F4C-L018,76,0x4C,CC:1305,CC:132F,35,0x23,CC:1322,A4_xx_B0;A4_xx_B2_dd_A4_yy:second,C8:B047,unknown,validated_source_selection_in_structural_record
F4C-L019,76,0x4C,CC:132F,CC:1359,36,0x24,CC:1344,A4_xx_B2_dd_A4_yy:first,C8:B04A,unknown,validated_source_selection_in_structural_record
F4C-L019,76,0x4C,CC:132F,CC:1359,37,0x25,CC:1348,A4_xx_B2_dd_A4_yy:first;A4_xx_B2_dd_A4_yy:second,C8:B04B,unknown,validated_source_selection_in_structural_record
F4C-L019,76,0x4C,CC:132F,CC:1359,38,0x26,CC:134C,A4_xx_B0;A4_xx_B2_dd_A4_yy:second,C8:B060,unknown,validated_source_selection_in_structural_record
F4C-L020,76,0x4C,CC:1359,CC:1383,39,0x27,CC:136E,A4_xx_B2_dd_A4_yy:first,C8:B110,unknown,validated_source_selection_in_structural_record
F4C-L020,76,0x4C,CC:1359,CC:1383,40,0x28,CC:1372,A4_xx_B2_dd_A4_yy:first;A4_xx_B2_dd_A4_yy:second,C8:B113,unknown,validated_source_selection_in_structural_record
F4C-L020,76,0x4C,CC:1359,CC:1383,41,0x29,CC:1376,A4_xx_B0;A4_xx_B2_dd_A4_yy:second,C8:B114,unknown,validated_source_selection_in_structural_record
F4C-L021,76,0x4C,CC:1383,CC:13B1,42,0x2A,CC:1398,A4_xx_B2_dd_A4_yy:first,C8:B116,unknown,validated_source_selection_in_structural_record
F4C-L021,76,0x4C,CC:1383,CC:13B1,43,0x2B,CC:139C,A4_xx_B2_dd_A4_yy:second,C8:B117,unknown,validated_source_selection_in_structural_record
F4C-L021,76,0x4C,CC:1383,CC:13B1,44,0x2C,CC:13A4,A4_xx_B0,C8:B118,unknown,validated_source_selection_in_structural_record
F4C-L022,76,0x4C,CC:13B1,CC:13DB,45,0x2D,CC:13C6,A4_xx_B2_dd_A4_yy:first,C8:B11F,unknown,validated_source_selection_in_structural_record
F4C-L022,76,0x4C,CC:13B1,CC:13DB,46,0x2E,CC:13CA,A4_xx_B2_dd_A4_yy:first;A4_xx_B2_dd_A4_yy:second,C8:B123,unknown,validated_source_selection_in_structural_record
F4C-L022,76,0x4C,CC:13B1,CC:13DB,47,0x2F,CC:13CE,A4_xx_B0;A4_xx_B2_dd_A4_yy:second,C8:B137,unknown,validated_source_selection_in_structural_record
F4C-L023,76,0x4C,CC:13DB,CC:1405,48,0x30,CC:13F0,A4_xx_B2_dd_A4_yy:first,C8:B1A5,unknown,validated_source_selection_in_structural_record
F4C-L023,76,0x4C,CC:13DB,CC:1405,49,0x31,CC:13F4,A4_xx_B2_dd_A4_yy:first;A4_xx_B2_dd_A4_yy:second,C8:B1B5,unknown,validated_source_selection_in_structural_record
F4C-L023,76,0x4C,CC:13DB,CC:1405,50,0x32,CC:13F8,A4_xx_B0;A4_xx_B2_dd_A4_yy:second,C8:B1FD,unknown,validated_source_selection_in_structural_record
F4C-L024,76,0x4C,CC:1405,CC:142F,51,0x33,CC:141A,A4_xx_B2_dd_A4_yy:first,C8:B23E,unknown,validated_source_selection_in_structural_record
F4C-L024,76,0x4C,CC:1405,CC:142F,52,0x34,CC:141E,A4_xx_B2_dd_A4_yy:first;A4_xx_B2_dd_A4_yy:second,C8:B24B,unknown,validated_source_selection_in_structural_record
F4C-L024,76,0x4C,CC:1405,CC:142F,53,0x35,CC:1422,A4_xx_B0;A4_xx_B2_dd_A4_yy:second,C8:B2D7,unknown,validated_source_selection_in_structural_record
F4F-L001,79,0x4F,CC:1BC1,CC:1BD8,0,0x00,CC:1BC2,A4_xx_B0,C8:A7DD,confirmed_dialogue,validated_source_selection_in_structural_record
F50-L001,80,0x50,CC:1D0B,CC:1D1C,0,0x00,CC:1D0C,A4_xx_B0,C8:ABC5,unknown,validated_source_selection_in_structural_record
F50-L002,80,0x50,CC:1D1C,CC:1D3A,1,0x01,CC:1D26,A4_xx_B2_dd_A4_yy:first,C8:ABEF,unknown,validated_source_selection_in_structural_record
F50-L002,80,0x50,CC:1D1C,CC:1D3A,2,0x02,CC:1D2A,A4_xx_B0;A4_xx_B2_dd_A4_yy:second,C8:AC2F,unknown,validated_source_selection_in_structural_record
F50-L003,80,0x50,CC:1D3A,CC:1D58,3,0x03,CC:1D44,A4_xx_B2_dd_A4_yy:first,C8:AC73,unknown,validated_source_selection_in_structural_record
F50-L003,80,0x50,CC:1D3A,CC:1D58,4,0x04,CC:1D48,A4_xx_B0;A4_xx_B2_dd_A4_yy:second,C8:ACA8,unknown,validated_source_selection_in_structural_record
F50-L004,80,0x50,CC:1D58,CC:1D76,5,0x05,CC:1D62,A4_xx_B2_dd_A4_yy:first,C8:ACCE,unknown,validated_source_selection_in_structural_record
F50-L004,80,0x50,CC:1D58,CC:1D76,6,0x06,CC:1D66,A4_xx_B0;A4_xx_B2_dd_A4_yy:second,C8:ACF8,unknown,validated_source_selection_in_structural_record
F50-L005,80,0x50,CC:1D76,CC:1D9C,7,0x07,CC:1D80,A4_xx_VM_boundary_proven,C8:AD3D,unknown,validated_source_selection_in_structural_record
F50-L005,80,0x50,CC:1D76,CC:1D9C,8,0x08,CC:1D88,A4_xx_B2_dd_A4_yy:first,C8:AD66,unknown,validated_source_selection_in_structural_record
F50-L005,80,0x50,CC:1D76,CC:1D9C,9,0x09,CC:1D8C,A4_xx_B0;A4_xx_B2_dd_A4_yy:second,C8:AD8F,unknown,validated_source_selection_in_structural_record
F50-L006,80,0x50,CC:1D9C,CC:1DBA,10,0x0A,CC:1DA6,A4_xx_B2_dd_A4_yy:first,C8:ADCF,unknown,validated_source_selection_in_structural_record
F50-L006,80,0x50,CC:1D9C,CC:1DBA,11,0x0B,CC:1DAA,A4_xx_B0;A4_xx_B2_dd_A4_yy:second,C8:AE18,unknown,validated_source_selection_in_structural_record
F50-L007,80,0x50,CC:1DBA,CC:1DE0,12,0x0C,CC:1DC4,A4_xx_VM_boundary_proven,C8:AED1,unknown,validated_source_selection_in_structural_record
F50-L007,80,0x50,CC:1DBA,CC:1DE0,13,0x0D,CC:1DCC,A4_xx_B2_dd_A4_yy:first,C8:AF18,unknown,validated_source_selection_in_structural_record
F50-L007,80,0x50,CC:1DBA,CC:1DE0,14,0x0E,CC:1DD0,A4_xx_B0;A4_xx_B2_dd_A4_yy:second,C8:AF58,unknown,validated_source_selection_in_structural_record
F50-L008,80,0x50,CC:1DE0,CC:1DFE,15,0x0F,CC:1DEA,A4_xx_B2_dd_A4_yy:first,C8:AF71,unknown,validated_source_selection_in_structural_record
F50-L008,80,0x50,CC:1DE0,CC:1DFE,16,0x10,CC:1DEE,A4_xx_B0;A4_xx_B2_dd_A4_yy:second,C8:AF88,unknown,validated_source_selection_in_structural_record
F50-L009,80,0x50,CC:1DFE,CC:1E0F,17,0x11,CC:1DFF,A4_xx_B0,C8:AFCC,unknown,validated_source_selection_in_structural_record
F50-L010,80,0x50,CC:1E0F,CC:1E2F,18,0x12,CC:1E10,A4_xx_B0,C8:B036,unknown,validated_source_selection_in_structural_record
F51-L001,81,0x51,CC:1F66,CC:1F7B,0,0x00,CC:1F67,A4_xx_B0,C8:B1D6,unknown,validated_source_selection_in_structural_record
F51-L002,81,0x51,CC:1F7B,CC:1F90,1,0x01,CC:1F7C,A4_xx_B0,C8:B200,unknown,validated_source_selection_in_structural_record
F51-L003,81,0x51,CC:1F90,CC:1FC3,4,0x04,CC:1FAB,A4_xx_B2_dd_A4_yy:first,C8:B265,unknown,validated_source_selection_in_structural_record
F51-L003,81,0x51,CC:1F90,CC:1FC3,5,0x05,CC:1FAF,A4_xx_B0;A4_xx_B2_dd_A4_yy:second,C8:B292,unknown,validated_source_selection_in_structural_record
F51-L004,81,0x51,CC:1FC3,CC:1FF1,6,0x06,CC:1FCC,A4_xx_B2_dd_A4_yy:first,C8:B296,unknown,validated_source_selection_in_structural_record
F51-L004,81,0x51,CC:1FC3,CC:1FF1,7,0x07,CC:1FD0,A4_xx_B2_dd_A4_yy:second,C8:B29A,unknown,validated_source_selection_in_structural_record
F51-L004,81,0x51,CC:1FC3,CC:1FF1,8,0x08,CC:1FD9,A4_xx_B2_dd_A4_yy:first,C8:B2A0,unknown,validated_source_selection_in_structural_record
F51-L004,81,0x51,CC:1FC3,CC:1FF1,9,0x09,CC:1FDD,A4_xx_B0;A4_xx_B2_dd_A4_yy:second,C8:B301,unknown,validated_source_selection_in_structural_record
F51-L005,81,0x51,CC:1FF1,CC:200D,10,0x0A,CC:1FF2,A4_xx_B0,C8:B32D,unknown,validated_source_selection_in_structural_record
F51-L006,81,0x51,CC:200D,CC:2031,11,0x0B,CC:2012,A4_xx_B2_dd_A4_yy:first,C8:B376,unknown,validated_source_selection_in_structural_record
F51-L006,81,0x51,CC:200D,CC:2031,12,0x0C,CC:2016,A4_xx_B0;A4_xx_B2_dd_A4_yy:second,C8:B3A9,unknown,validated_source_selection_in_structural_record
F51-L007,81,0x51,CC:2031,CC:2068,15,0x0F,CC:2054,A4_xx_B0,C8:B45F,unknown,validated_source_selection_in_structural_record
F51-L008,81,0x51,CC:2068,CC:207D,16,0x10,CC:2069,A4_xx_B0,C8:B4A5,unknown,validated_source_selection_in_structural_record
F51-L009,81,0x51,CC:207D,CC:2092,17,0x11,CC:207E,A4_xx_B0,C8:B4BF,unknown,validated_source_selection_in_structural_record
F51-L010,81,0x51,CC:2092,CC:20CC,18,0x12,CC:2097,A4_xx_B2_dd_A4_yy:first,C8:B4C3,unknown,validated_source_selection_in_structural_record
F51-L010,81,0x51,CC:2092,CC:20CC,19,0x13,CC:209B,A4_xx_B2_dd_A4_yy:second,C8:B4CC,unknown,validated_source_selection_in_structural_record
F51-L010,81,0x51,CC:2092,CC:20CC,22,0x16,CC:20B8,A4_xx_B0,C8:B5BC,unknown,validated_source_selection_in_structural_record
F51-L011,81,0x51,CC:20CC,CC:20E9,23,0x17,CC:20D1,A4_xx_B2_dd_A4_yy:first,C8:B60F,unknown,validated_source_selection_in_structural_record
F51-L011,81,0x51,CC:20CC,CC:20E9,24,0x18,CC:20D5,A4_xx_B0;A4_xx_B2_dd_A4_yy:second,C8:B654,unknown,validated_source_selection_in_structural_record
F52-L001,82,0x52,CC:21F7,CC:2224,9,0x09,CC:2208,A4_xx_B2_dd_A4_yy:first,C8:B960,unknown,validated_source_selection_in_structural_record
F52-L001,82,0x52,CC:21F7,CC:2224,10,0x0A,CC:220C,A4_xx_B2_dd_A4_yy:first;A4_xx_B2_dd_A4_yy:second,C8:B986,unknown,validated_source_selection_in_structural_record
F52-L001,82,0x52,CC:21F7,CC:2224,11,0x0B,CC:2210,A4_xx_B0;A4_xx_B2_dd_A4_yy:second,C8:B9AA,unknown,validated_source_selection_in_structural_record
F52-L002,82,0x52,CC:2224,CC:2239,12,0x0C,CC:2225,A4_xx_B0,C8:B9E9,unknown,validated_source_selection_in_structural_record
F52-L003,82,0x52,CC:2239,CC:2275,16,0x10,CC:225D,A4_xx_B2_dd_A4_yy:first,C8:BAE1,unknown,validated_source_selection_in_structural_record
F52-L003,82,0x52,CC:2239,CC:2275,17,0x11,CC:2261,A4_xx_B0;A4_xx_B2_dd_A4_yy:second,C8:BB13,unknown,validated_source_selection_in_structural_record
F52-L004,82,0x52,CC:2275,CC:2296,18,0x12,CC:227A,A4_xx_B2_dd_A4_yy:first,C8:BB32,unknown,validated_source_selection_in_structural_record
F52-L004,82,0x52,CC:2275,CC:2296,19,0x13,CC:227E,A4_xx_B0;A4_xx_B2_dd_A4_yy:second,C8:BB49,unknown,validated_source_selection_in_structural_record
F52-L005,82,0x52,CC:2296,CC:22C6,20,0x14,CC:229B,A4_xx_B2_dd_A4_yy:first,C8:BB54,unknown,validated_source_selection_in_structural_record
F52-L005,82,0x52,CC:2296,CC:22C6,21,0x15,CC:229F,A4_xx_B2_dd_A4_yy:second,C8:BB54,unknown,validated_source_selection_in_structural_record
F52-L006,82,0x52,CC:22C6,CC:22E6,22,0x16,CC:22CB,A4_xx_B2_dd_A4_yy:first,C8:BB7D,unknown,validated_source_selection_in_structural_record
F52-L006,82,0x52,CC:22C6,CC:22E6,23,0x17,CC:22CF,A4_xx_B0;A4_xx_B2_dd_A4_yy:second,C8:BBAA,unknown,validated_source_selection_in_structural_record
F52-L007,82,0x52,CC:22E6,CC:2306,24,0x18,CC:22EB,A4_xx_B2_dd_A4_yy:first,C8:BBD6,unknown,validated_source_selection_in_structural_record
F52-L007,82,0x52,CC:22E6,CC:2306,25,0x19,CC:22EF,A4_xx_B0;A4_xx_B2_dd_A4_yy:second,C8:BBDA,unknown,validated_source_selection_in_structural_record
F52-L008,82,0x52,CC:2306,CC:2326,26,0x1A,CC:230B,A4_xx_B2_dd_A4_yy:first,C8:BBDB,unknown,validated_source_selection_in_structural_record
F52-L008,82,0x52,CC:2306,CC:2326,27,0x1B,CC:230F,A4_xx_B0;A4_xx_B2_dd_A4_yy:second,C8:BBDE,unknown,validated_source_selection_in_structural_record
F52-L009,82,0x52,CC:2326,CC:233E,28,0x1C,CC:2327,A4_xx_B0,C8:BBE1,unknown,validated_source_selection_in_structural_record
F53-L001,83,0x53,CC:25F4,CC:2613,1,0x01,CC:2603,A4_xx_B0,C8:BD0C,unknown,validated_source_selection_in_structural_record
F53-L002,83,0x53,CC:2613,CC:2624,2,0x02,CC:2614,A4_xx_B0,C8:BD22,unknown,validated_source_selection_in_structural_record
F53-L003,83,0x53,CC:2624,CC:2635,3,0x03,CC:2625,A4_xx_B0,C8:BD40,unknown,validated_source_selection_in_structural_record
F53-L004,83,0x53,CC:2635,CC:2646,4,0x04,CC:2636,A4_xx_B0,C8:BD82,unknown,validated_source_selection_in_structural_record
F53-L005,83,0x53,CC:2646,CC:2657,5,0x05,CC:2647,A4_xx_B0,C8:BD8D,unknown,validated_source_selection_in_structural_record
F53-L006,83,0x53,CC:2657,CC:2668,6,0x06,CC:2658,A4_xx_B0,C8:BD94,unknown,validated_source_selection_in_structural_record
F53-L007,83,0x53,CC:2668,CC:2679,7,0x07,CC:2669,A4_xx_B0,C8:BDB4,unknown,validated_source_selection_in_structural_record
F53-L008,83,0x53,CC:2679,CC:268A,8,0x08,CC:267A,A4_xx_B0,C8:BDC3,unknown,validated_source_selection_in_structural_record
F53-L009,83,0x53,CC:268A,CC:269B,9,0x09,CC:268B,A4_xx_B0,C8:BE00,unknown,validated_source_selection_in_structural_record
F53-L010,83,0x53,CC:269B,CC:26AC,10,0x0A,CC:269C,A4_xx_B0,C8:BE2C,unknown,validated_source_selection_in_structural_record
F53-L011,83,0x53,CC:26AC,CC:26BD,11,0x0B,CC:26AD,A4_xx_B0,C8:BE31,unknown,validated_source_selection_in_structural_record
F53-L012,83,0x53,CC:26BD,CC:26CE,12,0x0C,CC:26BE,A4_xx_B0,C8:BEA3,unknown,validated_source_selection_in_structural_record
F53-L013,83,0x53,CC:26CE,CC:26ED,14,0x0E,CC:26DD,A4_xx_B0,C8:BFD4,unknown,validated_source_selection_in_structural_record
F53-L014,83,0x53,CC:26ED,CC:270B,17,0x11,CC:26FB,A4_xx_B0,C8:C03D,unknown,validated_source_selection_in_structural_record
F53-L015,83,0x53,CC:270B,CC:2736,21,0x15,CC:2726,A4_xx_B0,C8:C0A2,unknown,validated_source_selection_in_structural_record
F53-L016,83,0x53,CC:2736,CC:2747,22,0x16,CC:2737,A4_xx_B0,C8:C0BA,unknown,validated_source_selection_in_structural_record
F53-L017,83,0x53,CC:2747,CC:2767,23,0x17,CC:2748,A4_xx_B0,C8:C0CB,unknown,validated_source_selection_in_structural_record
F5A-L001,90,0x5A,CC:3352,CC:3363,0,0x00,CC:3353,A4_xx_B0,C8:D316,unknown,validated_source_selection_in_structural_record
F5A-L002,90,0x5A,CC:3363,CC:3374,1,0x01,CC:3364,A4_xx_B0,C8:D36C,unknown,validated_source_selection_in_structural_record
F5A-L003,90,0x5A,CC:3374,CC:338D,2,0x02,CC:3379,A4_xx_B2_dd_A4_yy:first,C8:D3C2,unknown,validated_source_selection_in_structural_record
F5A-L003,90,0x5A,CC:3374,CC:338D,3,0x03,CC:337D,A4_xx_B0;A4_xx_B2_dd_A4_yy:second,C8:D3EB,unknown,validated_source_selection_in_structural_record
F5A-L004,90,0x5A,CC:338D,CC:339E,4,0x04,CC:338E,A4_xx_B0,C8:D40F,unknown,validated_source_selection_in_structural_record
F5B-L001,91,0x5B,CC:3475,CC:3496,0,0x00,CC:347E,A4_xx_B2_dd_A4_yy:first,C8:D7F7,unknown,validated_source_selection_in_structural_record
F5B-L001,91,0x5B,CC:3475,CC:3496,1,0x01,CC:3482,A4_xx_B2_dd_A4_yy:first;A4_xx_B2_dd_A4_yy:second,C8:D846,unknown,validated_source_selection_in_structural_record
F5B-L001,91,0x5B,CC:3475,CC:3496,2,0x02,CC:3486,A4_xx_B0;A4_xx_B2_dd_A4_yy:second,C8:D86A,unknown,validated_source_selection_in_structural_record
F5B-L002,91,0x5B,CC:3496,CC:34B7,3,0x03,CC:349F,A4_xx_B2_dd_A4_yy:first,C8:D88E,unknown,validated_source_selection_in_structural_record
F5B-L002,91,0x5B,CC:3496,CC:34B7,4,0x04,CC:34A3,A4_xx_B2_dd_A4_yy:first;A4_xx_B2_dd_A4_yy:second,C8:D8E5,unknown,validated_source_selection_in_structural_record
F5B-L002,91,0x5B,CC:3496,CC:34B7,5,0x05,CC:34A7,A4_xx_B0;A4_xx_B2_dd_A4_yy:second,C8:D91E,unknown,validated_source_selection_in_structural_record
F5B-L003,91,0x5B,CC:34B7,CC:34D8,6,0x06,CC:34C0,A4_xx_B2_dd_A4_yy:first,C8:D942,unknown,validated_source_selection_in_structural_record
F5B-L003,91,0x5B,CC:34B7,CC:34D8,7,0x07,CC:34C4,A4_xx_B2_dd_A4_yy:first;A4_xx_B2_dd_A4_yy:second,C8:D96B,unknown,validated_source_selection_in_structural_record
F5B-L003,91,0x5B,CC:34B7,CC:34D8,8,0x08,CC:34C8,A4_xx_B0;A4_xx_B2_dd_A4_yy:second,C8:D9B4,unknown,validated_source_selection_in_structural_record
F5B-L004,91,0x5B,CC:34D8,CC:34E9,9,0x09,CC:34D9,A4_xx_B0,C8:D9E6,unknown,validated_source_selection_in_structural_record
F5B-L005,91,0x5B,CC:34E9,CC:3518,10,0x0A,CC:34F2,A4_xx_B2_dd_A4_yy:first,C8:DA30,unknown,validated_source_selection_in_structural_record
F5B-L005,91,0x5B,CC:34E9,CC:3518,11,0x0B,CC:34F6,A4_xx_B2_dd_A4_yy:second,C8:DA51,unknown,validated_source_selection_in_structural_record
F5B-L005,91,0x5B,CC:34E9,CC:3518,13,0x0D,CC:3508,A4_xx_B0,C8:DAD8,unknown,validated_source_selection_in_structural_record
F5B-L006,91,0x5B,CC:3518,CC:354B,14,0x0E,CC:3521,A4_xx_B2_dd_A4_yy:first,C8:DAF1,unknown,validated_source_selection_in_structural_record
F5B-L006,91,0x5B,CC:3518,CC:354B,15,0x0F,CC:3525,A4_xx_B2_dd_A4_yy:second,C8:DB14,unknown,validated_source_selection_in_structural_record
F5B-L006,91,0x5B,CC:3518,CC:354B,17,0x11,CC:352E,A4_xx_B2_dd_A4_yy:first,C8:DB61,unknown,validated_source_selection_in_structural_record
F5B-L006,91,0x5B,CC:3518,CC:354B,18,0x12,CC:3532,A4_xx_B2_dd_A4_yy:second,C8:DB7E,unknown,validated_source_selection_in_structural_record
F5B-L006,91,0x5B,CC:3518,CC:354B,20,0x14,CC:353B,A4_xx_B0,C8:DC03,unknown,validated_source_selection_in_structural_record
F5C-L001,92,0x5C,CC:3636,CC:3647,0,0x00,CC:3637,A4_xx_B0,C8:D9B5,unknown,validated_source_selection_in_structural_record
F5C-L002,92,0x5C,CC:3647,CC:3658,1,0x01,CC:3648,A4_xx_B0,C8:D9E6,unknown,validated_source_selection_in_structural_record
F5C-L003,92,0x5C,CC:3658,CC:3669,2,0x02,CC:3659,A4_xx_B0,C8:DA30,unknown,validated_source_selection_in_structural_record
F5C-L004,92,0x5C,CC:3669,CC:367A,3,0x03,CC:366A,A4_xx_B0,C8:DA51,unknown,validated_source_selection_in_structural_record
F5C-L005,92,0x5C,CC:367A,CC:3699,5,0x05,CC:3689,A4_xx_B0,C8:DAD8,unknown,validated_source_selection_in_structural_record
F5C-L006,92,0x5C,CC:3699,CC:36AA,6,0x06,CC:369A,A4_xx_B0,C8:DAF1,unknown,validated_source_selection_in_structural_record
F5D-L001,93,0x5D,CC:3772,CC:3783,0,0x00,CC:3773,A4_xx_B0,C8:DB36,unknown,validated_source_selection_in_structural_record
F5D-L002,93,0x5D,CC:3783,CC:3794,1,0x01,CC:3784,A4_xx_B0,C8:DB61,unknown,validated_source_selection_in_structural_record
F5D-L003,93,0x5D,CC:3794,CC:37A5,2,0x02,CC:3795,A4_xx_B0,C8:DB7E,unknown,validated_source_selection_in_structural_record
F5D-L004,93,0x5D,CC:37A5,CC:37B6,3,0x03,CC:37A6,A4_xx_B0,C8:DBC2,unknown,validated_source_selection_in_structural_record
F5D-L005,93,0x5D,CC:37B6,CC:37D5,5,0x05,CC:37C5,A4_xx_B0,C8:DC4C,unknown,validated_source_selection_in_structural_record
F5D-L006,93,0x5D,CC:37D5,CC:37E6,6,0x06,CC:37D6,A4_xx_B0,C8:DC88,unknown,validated_source_selection_in_structural_record
F5E-L001,94,0x5E,CC:38AE,CC:38BF,0,0x00,CC:38AF,A4_xx_B0,C8:DCEB,unknown,validated_source_selection_in_structural_record
F5E-L002,94,0x5E,CC:38BF,CC:38D0,1,0x01,CC:38C0,A4_xx_B0,C8:DD18,unknown,validated_source_selection_in_structural_record
F5E-L003,94,0x5E,CC:38D0,CC:38E1,2,0x02,CC:38D1,A4_xx_B0,C8:DD1B,unknown,validated_source_selection_in_structural_record
F5E-L004,94,0x5E,CC:38E1,CC:38F2,3,0x03,CC:38E2,A4_xx_B0,C8:DD2F,unknown,validated_source_selection_in_structural_record
F5E-L005,94,0x5E,CC:38F2,CC:3911,5,0x05,CC:3901,A4_xx_B0,C8:DDAD,unknown,validated_source_selection_in_structural_record
F5E-L006,94,0x5E,CC:3911,CC:3922,6,0x06,CC:3912,A4_xx_B0,C8:DDCE,unknown,validated_source_selection_in_structural_record
F5F-L001,95,0x5F,CC:39F6,CC:3A17,0,0x00,CC:39FF,A4_xx_B2_dd_A4_yy:first,C8:E1C4,unknown,validated_source_selection_in_structural_record
F5F-L001,95,0x5F,CC:39F6,CC:3A17,1,0x01,CC:3A03,A4_xx_B2_dd_A4_yy:first;A4_xx_B2_dd_A4_yy:second,C8:E1EB,unknown,validated_source_selection_in_structural_record
F5F-L001,95,0x5F,CC:39F6,CC:3A17,2,0x02,CC:3A07,A4_xx_B0;A4_xx_B2_dd_A4_yy:second,C8:E208,unknown,validated_source_selection_in_structural_record
F5F-L002,95,0x5F,CC:3A17,CC:3A38,3,0x03,CC:3A20,A4_xx_B2_dd_A4_yy:first,C8:E22D,unknown,validated_source_selection_in_structural_record
F5F-L002,95,0x5F,CC:3A17,CC:3A38,4,0x04,CC:3A24,A4_xx_B2_dd_A4_yy:first;A4_xx_B2_dd_A4_yy:second,C8:E258,unknown,validated_source_selection_in_structural_record
F5F-L002,95,0x5F,CC:3A17,CC:3A38,5,0x05,CC:3A28,A4_xx_B0;A4_xx_B2_dd_A4_yy:second,C8:E281,unknown,validated_source_selection_in_structural_record
F5F-L003,95,0x5F,CC:3A38,CC:3A59,6,0x06,CC:3A41,A4_xx_B2_dd_A4_yy:first,C8:E2BB,unknown,validated_source_selection_in_structural_record
F5F-L003,95,0x5F,CC:3A38,CC:3A59,7,0x07,CC:3A45,A4_xx_B2_dd_A4_yy:first;A4_xx_B2_dd_A4_yy:second,C8:E314,unknown,validated_source_selection_in_structural_record
F5F-L003,95,0x5F,CC:3A38,CC:3A59,8,0x08,CC:3A49,A4_xx_B0;A4_xx_B2_dd_A4_yy:second,C8:E342,unknown,validated_source_selection_in_structural_record
F5F-L004,95,0x5F,CC:3A59,CC:3A7A,9,0x09,CC:3A62,A4_xx_B2_dd_A4_yy:first,C8:E36A,unknown,validated_source_selection_in_structural_record
F5F-L004,95,0x5F,CC:3A59,CC:3A7A,10,0x0A,CC:3A66,A4_xx_B2_dd_A4_yy:first;A4_xx_B2_dd_A4_yy:second,C8:E390,unknown,validated_source_selection_in_structural_record
F5F-L004,95,0x5F,CC:3A59,CC:3A7A,11,0x0B,CC:3A6A,A4_xx_B0;A4_xx_B2_dd_A4_yy:second,C8:E3AD,unknown,validated_source_selection_in_structural_record
F5F-L005,95,0x5F,CC:3A7A,CC:3A9B,12,0x0C,CC:3A83,A4_xx_B2_dd_A4_yy:first,C8:E3C4,unknown,validated_source_selection_in_structural_record
F5F-L005,95,0x5F,CC:3A7A,CC:3A9B,13,0x0D,CC:3A87,A4_xx_B2_dd_A4_yy:first;A4_xx_B2_dd_A4_yy:second,C8:E3F1,unknown,validated_source_selection_in_structural_record
F5F-L005,95,0x5F,CC:3A7A,CC:3A9B,14,0x0E,CC:3A8B,A4_xx_B0;A4_xx_B2_dd_A4_yy:second,C8:E419,unknown,validated_source_selection_in_structural_record
F5F-L006,95,0x5F,CC:3A9B,CC:3ABC,15,0x0F,CC:3AA4,A4_xx_B2_dd_A4_yy:first,C8:E437,unknown,validated_source_selection_in_structural_record
F5F-L006,95,0x5F,CC:3A9B,CC:3ABC,16,0x10,CC:3AA8,A4_xx_B2_dd_A4_yy:first;A4_xx_B2_dd_A4_yy:second,C8:E45D,unknown,validated_source_selection_in_structural_record
F5F-L006,95,0x5F,CC:3A9B,CC:3ABC,17,0x11,CC:3AAC,A4_xx_B0;A4_xx_B2_dd_A4_yy:second,C8:E484,unknown,validated_source_selection_in_structural_record
F5F-L007,95,0x5F,CC:3ABC,CC:3AE1,18,0x12,CC:3AC5,A4_xx_B2_dd_A4_yy:first,C8:E4C3,unknown,validated_source_selection_in_structural_record
F5F-L007,95,0x5F,CC:3ABC,CC:3AE1,19,0x13,CC:3AC9,A4_xx_B2_dd_A4_yy:first;A4_xx_B2_dd_A4_yy:second,C8:E514,unknown,validated_source_selection_in_structural_record
F5F-L007,95,0x5F,CC:3ABC,CC:3AE1,20,0x14,CC:3ACD,A4_xx_B0;A4_xx_B2_dd_A4_yy:second,C8:E53C,unknown,validated_source_selection_in_structural_record
F5F-L008,95,0x5F,CC:3AE1,CC:3AFD,22,0x16,CC:3AE9,A4_xx_B0,C8:E58D,unknown,validated_source_selection_in_structural_record
F60-L001,96,0x60,CC:3C76,CC:3C8F,0,0x00,CC:3C7B,A4_xx_B2_dd_A4_yy:first,C8:E8A0,unknown,validated_source_selection_in_structural_record
F60-L001,96,0x60,CC:3C76,CC:3C8F,1,0x01,CC:3C7F,A4_xx_B0;A4_xx_B2_dd_A4_yy:second,C8:E924,unknown,validated_source_selection_in_structural_record
F60-L002,96,0x60,CC:3C8F,CC:3CA8,2,0x02,CC:3C94,A4_xx_B2_dd_A4_yy:first,C8:E942,unknown,validated_source_selection_in_structural_record
F60-L002,96,0x60,CC:3C8F,CC:3CA8,3,0x03,CC:3C98,A4_xx_B0;A4_xx_B2_dd_A4_yy:second,C8:E945,unknown,validated_source_selection_in_structural_record
F60-L003,96,0x60,CC:3CA8,CC:3CC5,4,0x04,CC:3CAD,A4_xx_B2_dd_A4_yy:first,C8:E947,unknown,validated_source_selection_in_structural_record
F60-L003,96,0x60,CC:3CA8,CC:3CC5,5,0x05,CC:3CB1,A4_xx_B0;A4_xx_B2_dd_A4_yy:second,C8:E9CB,unknown,validated_source_selection_in_structural_record
F60-L004,96,0x60,CC:3CC5,CC:3CDE,6,0x06,CC:3CCA,A4_xx_B2_dd_A4_yy:first,C8:E9CF,unknown,validated_source_selection_in_structural_record
F60-L004,96,0x60,CC:3CC5,CC:3CDE,7,0x07,CC:3CCE,A4_xx_B0;A4_xx_B2_dd_A4_yy:second,C8:E9F5,unknown,validated_source_selection_in_structural_record
F60-L005,96,0x60,CC:3CDE,CC:3CFB,8,0x08,CC:3CE3,A4_xx_B2_dd_A4_yy:first,C8:EA02,unknown,validated_source_selection_in_structural_record
F60-L005,96,0x60,CC:3CDE,CC:3CFB,9,0x09,CC:3CE7,A4_xx_B0;A4_xx_B2_dd_A4_yy:second,C8:ED01,unknown,validated_source_selection_in_structural_record
F60-L006,96,0x60,CC:3CFB,CC:3D22,12,0x0C,CC:3D12,A4_xx_B0,C8:F19A,unknown,validated_source_selection_in_structural_record
F60-L007,96,0x60,CC:3D22,CC:3D3B,13,0x0D,CC:3D27,A4_xx_B2_dd_A4_yy:first,C8:F35B,unknown,validated_source_selection_in_structural_record
F60-L007,96,0x60,CC:3D22,CC:3D3B,14,0x0E,CC:3D2B,A4_xx_B0;A4_xx_B2_dd_A4_yy:second,C8:F3DB,unknown,validated_source_selection_in_structural_record
F60-L008,96,0x60,CC:3D3B,CC:3D54,15,0x0F,CC:3D40,A4_xx_B2_dd_A4_yy:first,C8:F3E3,unknown,validated_source_selection_in_structural_record
F60-L008,96,0x60,CC:3D3B,CC:3D54,16,0x10,CC:3D44,A4_xx_B0;A4_xx_B2_dd_A4_yy:second,C8:F3E4,unknown,validated_source_selection_in_structural_record
F60-L009,96,0x60,CC:3D54,CC:3D6D,17,0x11,CC:3D59,A4_xx_B2_dd_A4_yy:first,C8:F3F1,unknown,validated_source_selection_in_structural_record
F60-L009,96,0x60,CC:3D54,CC:3D6D,18,0x12,CC:3D5D,A4_xx_B0;A4_xx_B2_dd_A4_yy:second,C8:F3FA,unknown,validated_source_selection_in_structural_record
F60-L010,96,0x60,CC:3D6D,CC:3EB9,21,0x15,CC:3D88,A4_xx_B0,C8:F414,unknown,validated_source_selection_in_structural_record
F60-L010,96,0x60,CC:3D6D,CC:3EB9,23,0x17,CC:3E6C,A4_xx_B0;A4_xx_keyed_dispatch_target:key_7C,C8:F417,unknown,validated_source_selection_in_structural_record
F60-L010,96,0x60,CC:3D6D,CC:3EB9,24,0x18,CC:3E9D,A4_xx_B0;A4_xx_keyed_dispatch_target:key_7C,C8:F43C,unknown,validated_source_selection_in_structural_record
F60-L011,96,0x60,CC:3EB9,CC:3ECE,25,0x19,CC:3EBA,A4_xx_B0,C8:F43E,unknown,validated_source_selection_in_structural_record
F60-L012,96,0x60,CC:3ECE,CC:4052,26,0x1A,CC:3ECF,A4_xx_B0,C8:F44E,unknown,validated_source_selection_in_structural_record
F60-L012,96,0x60,CC:3ECE,CC:4052,31,0x1F,CC:4026,A4_xx_B0,C8:F47E,unknown,validated_source_selection_in_structural_record
F62-L001,98,0x62,CC:4295,CC:42B2,0,0x00,CC:429A,A4_xx_B2_dd_A4_yy:first,C8:EDCF,unknown,validated_source_selection_in_structural_record
F62-L001,98,0x62,CC:4295,CC:42B2,1,0x01,CC:429E,A4_xx_B0;A4_xx_B2_dd_A4_yy:second,C8:EDF2,unknown,validated_source_selection_in_structural_record
F62-L002,98,0x62,CC:42B2,CC:42E0,4,0x04,CC:42C9,A4_xx_B0,C8:EF2D,unknown,validated_source_selection_in_structural_record
F62-L003,98,0x62,CC:42E0,CC:42F5,5,0x05,CC:42E1,A4_xx_B0,C8:EF54,unknown,validated_source_selection_in_structural_record
F62-L004,98,0x62,CC:42F5,CC:4312,6,0x06,CC:42FA,A4_xx_B2_dd_A4_yy:first,C8:EF7B,unknown,validated_source_selection_in_structural_record
F62-L004,98,0x62,CC:42F5,CC:4312,7,0x07,CC:42FE,A4_xx_B0;A4_xx_B2_dd_A4_yy:second,C8:EFA2,unknown,validated_source_selection_in_structural_record
F62-L005,98,0x62,CC:4312,CC:4337,9,0x09,CC:431F,A4_xx_B2_dd_A4_yy:first,C8:EFF3,unknown,validated_source_selection_in_structural_record
F62-L005,98,0x62,CC:4312,CC:4337,10,0x0A,CC:4323,A4_xx_B0;A4_xx_B2_dd_A4_yy:second,C8:F002,unknown,validated_source_selection_in_structural_record
F62-L006,98,0x62,CC:4337,CC:4354,11,0x0B,CC:433C,A4_xx_B2_dd_A4_yy:first,C8:F01E,unknown,validated_source_selection_in_structural_record
F62-L006,98,0x62,CC:4337,CC:4354,12,0x0C,CC:4340,A4_xx_B0;A4_xx_B2_dd_A4_yy:second,C8:F056,unknown,validated_source_selection_in_structural_record
F62-L007,98,0x62,CC:4354,CC:437D,13,0x0D,CC:435D,A4_xx_B2_dd_A4_yy:first,C8:F0A9,unknown,validated_source_selection_in_structural_record
F62-L007,98,0x62,CC:4354,CC:437D,14,0x0E,CC:4361,A4_xx_B2_dd_A4_yy:first;A4_xx_B2_dd_A4_yy:second,C8:F0D7,unknown,validated_source_selection_in_structural_record
F62-L007,98,0x62,CC:4354,CC:437D,15,0x0F,CC:4365,A4_xx_B0;A4_xx_B2_dd_A4_yy:second,C8:F103,unknown,validated_source_selection_in_structural_record
F63-L001,99,0x63,CC:43DE,CC:43FF,0,0x00,CC:43E3,A4_xx_B2_dd_A4_yy:first,C8:F104,unknown,validated_source_selection_in_structural_record
F63-L001,99,0x63,CC:43DE,CC:43FF,1,0x01,CC:43E7,A4_xx_B0;A4_xx_B2_dd_A4_yy:second,C8:F153,unknown,validated_source_selection_in_structural_record
F63-L002,99,0x63,CC:43FF,CC:4414,2,0x02,CC:4400,A4_xx_B0,C8:F16A,unknown,validated_source_selection_in_structural_record
F63-L003,99,0x63,CC:4414,CC:443F,5,0x05,CC:4427,A4_xx_B0,C8:F205,unknown,validated_source_selection_in_structural_record
F63-L004,99,0x63,CC:443F,CC:4458,6,0x06,CC:4440,A4_xx_B0,C8:F25C,unknown,validated_source_selection_in_structural_record
F63-L005,99,0x63,CC:4458,CC:446D,7,0x07,CC:4459,A4_xx_B0,C8:F2AD,unknown,validated_source_selection_in_structural_record
F63-L006,99,0x63,CC:446D,CC:4495,8,0x08,CC:4476,A4_xx_B2_dd_A4_yy:first,C8:F2BC,unknown,validated_source_selection_in_structural_record
F63-L006,99,0x63,CC:446D,CC:4495,9,0x09,CC:447A,A4_xx_B2_dd_A4_yy:first;A4_xx_B2_dd_A4_yy:second,C8:F31A,unknown,validated_source_selection_in_structural_record
F63-L006,99,0x63,CC:446D,CC:4495,10,0x0A,CC:447E,A4_xx_B0;A4_xx_B2_dd_A4_yy:second,C8:F34A,unknown,validated_source_selection_in_structural_record
F63-L007,99,0x63,CC:4495,CC:44AA,11,0x0B,CC:4496,A4_xx_B0,C8:F3AD,unknown,validated_source_selection_in_structural_record
F65-L001,101,0x65,CC:4674,CC:468D,0,0x00,CC:4679,A4_xx_B2_dd_A4_yy:first,C8:F742,unknown,validated_source_selection_in_structural_record
F65-L001,101,0x65,CC:4674,CC:468D,1,0x01,CC:467D,A4_xx_B0;A4_xx_B2_dd_A4_yy:second,C8:F79E,unknown,validated_source_selection_in_structural_record
F65-L002,101,0x65,CC:468D,CC:46CA,2,0x02,CC:4692,A4_xx_B2_dd_A4_yy:first,C8:F7D3,unknown,validated_source_selection_in_structural_record
F65-L002,101,0x65,CC:468D,CC:46CA,3,0x03,CC:4696,A4_xx_B2_dd_A4_yy:second,C8:F802,unknown,validated_source_selection_in_structural_record
F65-L003,101,0x65,CC:46CA,CC:46E3,5,0x05,CC:46CF,A4_xx_B2_dd_A4_yy:first,C8:F86E,unknown,validated_source_selection_in_structural_record
F65-L003,101,0x65,CC:46CA,CC:46E3,6,0x06,CC:46D3,A4_xx_B0;A4_xx_B2_dd_A4_yy:second,C8:F898,unknown,validated_source_selection_in_structural_record
F65-L004,101,0x65,CC:46E3,CC:4700,7,0x07,CC:46E8,A4_xx_B2_dd_A4_yy:first,C8:F8DD,unknown,validated_source_selection_in_structural_record
F65-L004,101,0x65,CC:46E3,CC:4700,8,0x08,CC:46EC,A4_xx_B0;A4_xx_B2_dd_A4_yy:second,C8:F8F9,unknown,validated_source_selection_in_structural_record
F65-L005,101,0x65,CC:4700,CC:4719,9,0x09,CC:4705,A4_xx_B2_dd_A4_yy:first,C8:F915,unknown,validated_source_selection_in_structural_record
F65-L005,101,0x65,CC:4700,CC:4719,10,0x0A,CC:4709,A4_xx_B0;A4_xx_B2_dd_A4_yy:second,C8:F975,unknown,validated_source_selection_in_structural_record
F65-L006,101,0x65,CC:4719,CC:4744,13,0x0D,CC:4730,A4_xx_B0,C8:FA04,unknown,validated_source_selection_in_structural_record
F65-L007,101,0x65,CC:4744,CC:4759,14,0x0E,CC:4745,A4_xx_B0,C8:FA07,unknown,validated_source_selection_in_structural_record
F65-L008,101,0x65,CC:4759,CC:476E,15,0x0F,CC:475A,A4_xx_B0,C8:FA08,unknown,validated_source_selection_in_structural_record
F65-L009,101,0x65,CC:476E,CC:4788,16,0x10,CC:476F,A4_xx_B0,C8:FA0A,unknown,validated_source_selection_in_structural_record
F65-L010,101,0x65,CC:4788,CC:479D,17,0x11,CC:4789,A4_xx_B0,C8:FA96,unknown,validated_source_selection_in_structural_record
F66-L001,102,0x66,CC:48A3,CC:48CB,0,0x00,CC:48A8,A4_xx_B2_dd_A4_yy:first,C9:007F,unknown,validated_source_selection_in_structural_record
F66-L001,102,0x66,CC:48A3,CC:48CB,1,0x01,CC:48AC,A4_xx_B2_dd_A4_yy:second,C9:00C4,unknown,validated_source_selection_in_structural_record
F66-L002,102,0x66,CC:48CB,CC:48F3,2,0x02,CC:48D0,A4_xx_B2_dd_A4_yy:first,C9:010D,unknown,validated_source_selection_in_structural_record
F66-L002,102,0x66,CC:48CB,CC:48F3,3,0x03,CC:48D4,A4_xx_B2_dd_A4_yy:second,C9:0150,unknown,validated_source_selection_in_structural_record
F66-L003,102,0x66,CC:48F3,CC:491B,4,0x04,CC:48F8,A4_xx_B2_dd_A4_yy:first,C9:0173,unknown,validated_source_selection_in_structural_record
F66-L003,102,0x66,CC:48F3,CC:491B,5,0x05,CC:48FC,A4_xx_B2_dd_A4_yy:second,C9:019F,unknown,validated_source_selection_in_structural_record
F66-L004,102,0x66,CC:491B,CC:4943,6,0x06,CC:4920,A4_xx_B2_dd_A4_yy:first,C9:01E4,unknown,validated_source_selection_in_structural_record
F66-L004,102,0x66,CC:491B,CC:4943,7,0x07,CC:4924,A4_xx_B2_dd_A4_yy:second,C9:020C,unknown,validated_source_selection_in_structural_record
F66-L005,102,0x66,CC:4943,CC:496B,8,0x08,CC:4948,A4_xx_B2_dd_A4_yy:first,C9:0228,unknown,validated_source_selection_in_structural_record
F66-L005,102,0x66,CC:4943,CC:496B,9,0x09,CC:494C,A4_xx_B2_dd_A4_yy:second,C9:0280,unknown,validated_source_selection_in_structural_record
F66-L006,102,0x66,CC:496B,CC:498B,10,0x0A,CC:4970,A4_xx_B2_dd_A4_yy:first,C9:02C3,unknown,validated_source_selection_in_structural_record
F66-L006,102,0x66,CC:496B,CC:498B,11,0x0B,CC:4974,A4_xx_B2_dd_A4_yy:second,C9:02EF,unknown,validated_source_selection_in_structural_record
F66-L007,102,0x66,CC:498B,CC:49A0,12,0x0C,CC:498C,A4_xx_B0,C9:0319,unknown,validated_source_selection_in_structural_record
F66-L008,102,0x66,CC:49A0,CC:49B5,13,0x0D,CC:49A1,A4_xx_B0,C9:0344,unknown,validated_source_selection_in_structural_record
F66-L009,102,0x66,CC:49B5,CC:49CA,14,0x0E,CC:49B6,A4_xx_B0,C9:037D,unknown,validated_source_selection_in_structural_record
F66-L010,102,0x66,CC:49CA,CC:4A56,15,0x0F,CC:49CB,A4_xx_B0,C9:03A4,unknown,validated_source_selection_in_structural_record
F67-L001,103,0x67,CC:4D79,CC:4D8A,0,0x00,CC:4D7A,A4_xx_B0,C9:020D,unknown,validated_source_selection_in_structural_record
F67-L002,103,0x67,CC:4D8A,CC:4D9B,1,0x01,CC:4D8B,A4_xx_B0,C9:0228,unknown,validated_source_selection_in_structural_record
F67-L003,103,0x67,CC:4D9B,CC:4DAC,2,0x02,CC:4D9C,A4_xx_B0,C9:0280,unknown,validated_source_selection_in_structural_record
F67-L004,103,0x67,CC:4DAC,CC:4DBD,3,0x03,CC:4DAD,A4_xx_B0,C9:02C3,unknown,validated_source_selection_in_structural_record
F67-L005,103,0x67,CC:4DBD,CC:4DCE,4,0x04,CC:4DBE,A4_xx_B0,C9:02EF,unknown,validated_source_selection_in_structural_record
F67-L006,103,0x67,CC:4DCE,CC:4DDF,5,0x05,CC:4DCF,A4_xx_B0,C9:0319,unknown,validated_source_selection_in_structural_record
F68-L001,104,0x68,CC:4F5E,CC:4F74,0,0x00,CC:4F63,A4_xx_B2_dd_A4_yy:first,C9:0821,unknown,validated_source_selection_in_structural_record
F68-L001,104,0x68,CC:4F5E,CC:4F74,1,0x01,CC:4F67,A4_xx_B0;A4_xx_B2_dd_A4_yy:second,C9:0863,unknown,validated_source_selection_in_structural_record
F68-L002,104,0x68,CC:4F74,CC:4F91,2,0x02,CC:4F75,A4_xx_B0,C9:08C4,unknown,validated_source_selection_in_structural_record
F68-L004,104,0x68,CC:4FC6,CC:4FF4,6,0x06,CC:4FD8,A4_xx_B0,C9:096F,unknown,validated_source_selection_in_structural_record
F68-L006,104,0x68,CC:5029,CC:5057,10,0x0A,CC:503B,A4_xx_B0,C9:0A25,unknown,validated_source_selection_in_structural_record
F68-L007,104,0x68,CC:5057,CC:5079,12,0x0C,CC:5069,A4_xx_B0,C9:0A8C,unknown,validated_source_selection_in_structural_record
F68-L008,104,0x68,CC:5079,CC:509E,13,0x0D,CC:507E,A4_xx_B2_dd_A4_yy:first,C9:0AB1,unknown,validated_source_selection_in_structural_record
F68-L008,104,0x68,CC:5079,CC:509E,14,0x0E,CC:5082,A4_xx_B0;A4_xx_B2_dd_A4_yy:second,C9:0AFF,unknown,validated_source_selection_in_structural_record
F68-L009,104,0x68,CC:509E,CC:50C0,16,0x10,CC:50B0,A4_xx_B0,C9:0B76,unknown,validated_source_selection_in_structural_record
F68-L010,104,0x68,CC:50C0,CC:50E5,17,0x11,CC:50C5,A4_xx_B2_dd_A4_yy:first,C9:0B95,unknown,validated_source_selection_in_structural_record
F68-L010,104,0x68,CC:50C0,CC:50E5,18,0x12,CC:50C9,A4_xx_B0;A4_xx_B2_dd_A4_yy:second,C9:0BE6,unknown,validated_source_selection_in_structural_record
F68-L011,104,0x68,CC:50E5,CC:5108,19,0x13,CC:50EA,A4_xx_B2_dd_A4_yy:first,C9:0C14,unknown,validated_source_selection_in_structural_record
F68-L011,104,0x68,CC:50E5,CC:5108,20,0x14,CC:50EE,A4_xx_B2_dd_A4_yy:second,C9:0C4B,unknown,validated_source_selection_in_structural_record
F68-L013,104,0x68,CC:5123,CC:5138,22,0x16,CC:5124,A4_xx_B0,C9:0CC1,unknown,validated_source_selection_in_structural_record
F68-L015,104,0x68,CC:5154,CC:5169,24,0x18,CC:5155,A4_xx_B0,C9:0D38,unknown,validated_source_selection_in_structural_record
F68-L021,104,0x68,CC:51F5,CC:52B5,32,0x20,CC:520B,A4_xx_B0,C9:0EAC,unknown,validated_source_selection_in_structural_record
F6A-L001,106,0x6A,CC:556D,CC:558B,0,0x00,CC:5576,A4_xx_B2_dd_A4_yy:first,C9:1403,unknown,validated_source_selection_in_structural_record
F6A-L001,106,0x6A,CC:556D,CC:558B,1,0x01,CC:557A,A4_xx_B2_dd_A4_yy:first;A4_xx_B2_dd_A4_yy:second,C9:1442,unknown,validated_source_selection_in_structural_record
F6A-L001,106,0x6A,CC:556D,CC:558B,2,0x02,CC:557E,A4_xx_B0;A4_xx_B2_dd_A4_yy:second,C9:147F,unknown,validated_source_selection_in_structural_record
F6A-L002,106,0x6A,CC:558B,CC:55AC,3,0x03,CC:5594,A4_xx_B2_dd_A4_yy:first,C9:14C9,unknown,validated_source_selection_in_structural_record
F6A-L002,106,0x6A,CC:558B,CC:55AC,4,0x04,CC:5598,A4_xx_B2_dd_A4_yy:first;A4_xx_B2_dd_A4_yy:second,C9:1507,unknown,validated_source_selection_in_structural_record
F6A-L002,106,0x6A,CC:558B,CC:55AC,5,0x05,CC:559C,A4_xx_B0;A4_xx_B2_dd_A4_yy:second,C9:1544,unknown,validated_source_selection_in_structural_record
F6A-L003,106,0x6A,CC:55AC,CC:55E3,6,0x06,CC:55B5,A4_xx_B2_dd_A4_yy:first,C9:1568,unknown,validated_source_selection_in_structural_record
F6A-L003,106,0x6A,CC:55AC,CC:55E3,7,0x07,CC:55B9,A4_xx_B2_dd_A4_yy:second,C9:15AC,unknown,validated_source_selection_in_structural_record
F6A-L003,106,0x6A,CC:55AC,CC:55E3,9,0x09,CC:55D3,A4_xx_B0,C9:15FA,unknown,validated_source_selection_in_structural_record
F6A-L004,106,0x6A,CC:55E3,CC:5612,12,0x0C,CC:55FE,A4_xx_B2_dd_A4_yy:first,C9:165F,unknown,validated_source_selection_in_structural_record
F6A-L004,106,0x6A,CC:55E3,CC:5612,13,0x0D,CC:5602,A4_xx_B0;A4_xx_B2_dd_A4_yy:second,C9:169A,unknown,validated_source_selection_in_structural_record
F6A-L005,106,0x6A,CC:5612,CC:5641,14,0x0E,CC:561B,A4_xx_B2_dd_A4_yy:first,C9:16B5,unknown,validated_source_selection_in_structural_record
F6A-L005,106,0x6A,CC:5612,CC:5641,15,0x0F,CC:561F,A4_xx_B2_dd_A4_yy:second,C9:16DE,unknown,validated_source_selection_in_structural_record
F6A-L005,106,0x6A,CC:5612,CC:5641,17,0x11,CC:5631,A4_xx_B0,C9:1751,unknown,validated_source_selection_in_structural_record
F6A-L006,106,0x6A,CC:5641,CC:565A,18,0x12,CC:5646,A4_xx_B2_dd_A4_yy:first,C9:178C,unknown,validated_source_selection_in_structural_record
F6A-L006,106,0x6A,CC:5641,CC:565A,19,0x13,CC:564A,A4_xx_B0;A4_xx_B2_dd_A4_yy:second,C9:17A9,unknown,validated_source_selection_in_structural_record
F6A-L007,106,0x6A,CC:565A,CC:5684,20,0x14,CC:5663,A4_xx_B2_dd_A4_yy:first,C9:17C4,unknown,validated_source_selection_in_structural_record
F6A-L007,106,0x6A,CC:565A,CC:5684,21,0x15,CC:5667,A4_xx_B2_dd_A4_yy:second,C9:17EE,unknown,validated_source_selection_in_structural_record
F6A-L007,106,0x6A,CC:565A,CC:5684,22,0x16,CC:5670,A4_xx_B2_dd_A4_yy:first,C9:1809,unknown,validated_source_selection_in_structural_record
F6A-L007,106,0x6A,CC:565A,CC:5684,23,0x17,CC:5674,A4_xx_B0;A4_xx_B2_dd_A4_yy:second,C9:1826,unknown,validated_source_selection_in_structural_record
F6A-L008,106,0x6A,CC:5684,CC:56A5,24,0x18,CC:568D,A4_xx_B2_dd_A4_yy:first,C9:1836,unknown,validated_source_selection_in_structural_record
F6A-L008,106,0x6A,CC:5684,CC:56A5,25,0x19,CC:5691,A4_xx_B2_dd_A4_yy:first;A4_xx_B2_dd_A4_yy:second,C9:1860,unknown,validated_source_selection_in_structural_record
F6A-L008,106,0x6A,CC:5684,CC:56A5,26,0x1A,CC:5695,A4_xx_B0;A4_xx_B2_dd_A4_yy:second,C9:187B,unknown,validated_source_selection_in_structural_record
F6A-L009,106,0x6A,CC:56A5,CC:56CE,28,0x1C,CC:56B6,A4_xx_B2_dd_A4_yy:first,C9:1908,unknown,validated_source_selection_in_structural_record
F6A-L009,106,0x6A,CC:56A5,CC:56CE,29,0x1D,CC:56BA,A4_xx_B2_dd_A4_yy:first;A4_xx_B2_dd_A4_yy:second,C9:1918,unknown,validated_source_selection_in_structural_record
F6A-L009,106,0x6A,CC:56A5,CC:56CE,30,0x1E,CC:56BE,A4_xx_B0;A4_xx_B2_dd_A4_yy:second,C9:193B,unknown,validated_source_selection_in_structural_record
F6A-L010,106,0x6A,CC:56CE,CC:5709,32,0x20,CC:56DF,A4_xx_B2_dd_A4_yy:first,C9:1980,unknown,validated_source_selection_in_structural_record
F6A-L010,106,0x6A,CC:56CE,CC:5709,33,0x21,CC:56E3,A4_xx_B2_dd_A4_yy:second,C9:19B5,unknown,validated_source_selection_in_structural_record
F6A-L010,106,0x6A,CC:56CE,CC:5709,35,0x23,CC:56F5,A4_xx_B0,C9:19F8,unknown,validated_source_selection_in_structural_record
F6A-L011,106,0x6A,CC:5709,CC:5726,36,0x24,CC:570E,A4_xx_B2_dd_A4_yy:first,C9:1A1B,unknown,validated_source_selection_in_structural_record
F6A-L011,106,0x6A,CC:5709,CC:5726,37,0x25,CC:5712,A4_xx_B0;A4_xx_B2_dd_A4_yy:second,C9:1A3C,unknown,validated_source_selection_in_structural_record
F6A-L012,106,0x6A,CC:5726,CC:5743,38,0x26,CC:572B,A4_xx_B2_dd_A4_yy:first,C9:1A89,unknown,validated_source_selection_in_structural_record
F6A-L012,106,0x6A,CC:5726,CC:5743,39,0x27,CC:572F,A4_xx_B0;A4_xx_B2_dd_A4_yy:second,C9:1ADF,unknown,validated_source_selection_in_structural_record
F6A-L013,106,0x6A,CC:5743,CC:5758,40,0x28,CC:5744,A4_xx_B0,C9:1B15,unknown,validated_source_selection_in_structural_record
F6C-L001,108,0x6C,CC:6068,CC:6081,0,0x00,CC:6069,A4_xx_B0,C9:1B74,unknown,validated_source_selection_in_structural_record
F6C-L002,108,0x6C,CC:6081,CC:609A,1,0x01,CC:6082,A4_xx_B0,C9:1CAF,unknown,validated_source_selection_in_structural_record
F6C-L003,108,0x6C,CC:609A,CC:60B3,2,0x02,CC:609B,A4_xx_B0,C9:1D1D,unknown,validated_source_selection_in_structural_record
F6C-L004,108,0x6C,CC:60B3,CC:60CC,3,0x03,CC:60B4,A4_xx_B0,C9:1D51,unknown,validated_source_selection_in_structural_record
F6C-L005,108,0x6C,CC:60CC,CC:60E5,4,0x04,CC:60CD,A4_xx_B0,C9:1D72,unknown,validated_source_selection_in_structural_record
F6C-L006,108,0x6C,CC:60E5,CC:60FE,5,0x05,CC:60E6,A4_xx_B0,C9:1DB8,unknown,validated_source_selection_in_structural_record
F6C-L007,108,0x6C,CC:60FE,CC:6117,6,0x06,CC:60FF,A4_xx_B0,C9:1DF1,unknown,validated_source_selection_in_structural_record
F6C-L008,108,0x6C,CC:6117,CC:6130,7,0x07,CC:6118,A4_xx_B0,C9:1E01,unknown,validated_source_selection_in_structural_record
F6C-L009,108,0x6C,CC:6130,CC:6149,8,0x08,CC:6131,A4_xx_B0,C9:1E1C,unknown,validated_source_selection_in_structural_record
F6C-L010,108,0x6C,CC:6149,CC:6162,9,0x09,CC:614A,A4_xx_B0,C9:1E3C,unknown,validated_source_selection_in_structural_record
F6C-L011,108,0x6C,CC:6162,CC:6192,10,0x0A,CC:6163,A4_xx_B0,C9:1E4E,unknown,validated_source_selection_in_structural_record
F6C-L012,108,0x6C,CC:6192,CC:61AB,11,0x0B,CC:6193,A4_xx_B0,C9:1EBC,unknown,validated_source_selection_in_structural_record
F6C-L014,108,0x6C,CC:61CA,CC:61E3,12,0x0C,CC:61CB,A4_xx_B0,C9:1F31,unknown,validated_source_selection_in_structural_record
F6E-L001,110,0x6E,CC:6483,CC:6494,0,0x00,CC:6484,A4_xx_B0,C9:23EE,unknown,validated_source_selection_in_structural_record
F6E-L002,110,0x6E,CC:6494,CC:64A5,1,0x01,CC:6495,A4_xx_B0,C9:2460,unknown,validated_source_selection_in_structural_record
F6E-L003,110,0x6E,CC:64A5,CC:64B6,2,0x02,CC:64A6,A4_xx_B0,C9:2496,unknown,validated_source_selection_in_structural_record
F6E-L004,110,0x6E,CC:64B6,CC:64D5,4,0x04,CC:64C5,A4_xx_B0,C9:24E9,unknown,validated_source_selection_in_structural_record
F6E-L005,110,0x6E,CC:64D5,CC:64FC,6,0x06,CC:64EC,A4_xx_B0,C9:252D,unknown,validated_source_selection_in_structural_record
F6E-L006,110,0x6E,CC:64FC,CC:650D,7,0x07,CC:64FD,A4_xx_B0,C9:254F,unknown,validated_source_selection_in_structural_record
F6E-L007,110,0x6E,CC:650D,CC:651E,8,0x08,CC:650E,A4_xx_B0,C9:256C,unknown,validated_source_selection_in_structural_record
F6E-L008,110,0x6E,CC:651E,CC:652F,9,0x09,CC:651F,A4_xx_B0,C9:2589,unknown,validated_source_selection_in_structural_record
F6E-L009,110,0x6E,CC:652F,CC:6556,11,0x0B,CC:6546,A4_xx_B0,C9:25C1,unknown,validated_source_selection_in_structural_record
F6E-L010,110,0x6E,CC:6556,CC:6567,12,0x0C,CC:6557,A4_xx_B0,C9:25D7,unknown,validated_source_selection_in_structural_record
F6E-L011,110,0x6E,CC:6567,CC:6578,13,0x0D,CC:6568,A4_xx_B0,C9:261A,unknown,validated_source_selection_in_structural_record
F6E-L012,110,0x6E,CC:6578,CC:6589,14,0x0E,CC:6579,A4_xx_B0,C9:2665,unknown,validated_source_selection_in_structural_record
F6E-L013,110,0x6E,CC:6589,CC:659A,15,0x0F,CC:658A,A4_xx_B0,C9:2694,unknown,validated_source_selection_in_structural_record
F6E-L014,110,0x6E,CC:659A,CC:65AB,16,0x10,CC:659B,A4_xx_B0,C9:26F7,unknown,validated_source_selection_in_structural_record
F6E-L015,110,0x6E,CC:65AB,CC:65C0,17,0x11,CC:65AC,A4_xx_B0,C9:2714,unknown,validated_source_selection_in_structural_record
F6E-L016,110,0x6E,CC:65C0,CC:65EE,21,0x15,CC:65DE,A4_xx_B0,C9:27C1,unknown,validated_source_selection_in_structural_record
F6E-L017,110,0x6E,CC:65EE,CC:661C,25,0x19,CC:660C,A4_xx_B0,C9:2885,unknown,validated_source_selection_in_structural_record
F6F-L001,111,0x6F,CC:6791,CC:679F,0,0x00,CC:6792,A4_xx_B0,C9:2750,unknown,validated_source_selection_in_structural_record
F6F-L002,111,0x6F,CC:679F,CC:67AD,1,0x01,CC:67A0,A4_xx_B0,C9:2776,unknown,validated_source_selection_in_structural_record
F6F-L003,111,0x6F,CC:67AD,CC:67C4,2,0x02,CC:67AE,A4_xx_B0,C9:27C1,unknown,validated_source_selection_in_structural_record
F6F-L004,111,0x6F,CC:67C4,CC:67DB,3,0x03,CC:67C5,A4_xx_B0,C9:2801,unknown,validated_source_selection_in_structural_record
F6F-L005,111,0x6F,CC:67DB,CC:67F2,4,0x04,CC:67DC,A4_xx_B0,C9:2829,unknown,validated_source_selection_in_structural_record
F6F-L006,111,0x6F,CC:67F2,CC:6809,5,0x05,CC:67F3,A4_xx_B0,C9:286A,unknown,validated_source_selection_in_structural_record
F6F-L007,111,0x6F,CC:6809,CC:6820,6,0x06,CC:680A,A4_xx_B0,C9:2885,unknown,validated_source_selection_in_structural_record
F6F-L008,111,0x6F,CC:6820,CC:6837,7,0x07,CC:6821,A4_xx_B0,C9:28AA,unknown,validated_source_selection_in_structural_record
F6F-L009,111,0x6F,CC:6837,CC:684E,8,0x08,CC:6838,A4_xx_B0,C9:28D8,unknown,validated_source_selection_in_structural_record
F6F-L010,111,0x6F,CC:684E,CC:6895,9,0x09,CC:684F,A4_xx_B0,C9:2923,unknown,validated_source_selection_in_structural_record
F70-L001,112,0x70,CC:70C5,CC:70D3,0,0x00,CC:70C6,A4_xx_B0,C9:2EF0,unknown,validated_source_selection_in_structural_record
F70-L002,112,0x70,CC:70D3,CC:70E1,1,0x01,CC:70D4,A4_xx_B0,C9:2F14,unknown,validated_source_selection_in_structural_record
F70-L003,112,0x70,CC:70E1,CC:70F2,2,0x02,CC:70E2,A4_xx_B0,C9:2F5E,unknown,validated_source_selection_in_structural_record
F70-L004,112,0x70,CC:70F2,CC:7103,3,0x03,CC:70F3,A4_xx_B0,C9:2F7B,unknown,validated_source_selection_in_structural_record
F70-L005,112,0x70,CC:7103,CC:7122,5,0x05,CC:7112,A4_xx_B0,C9:2FDF,unknown,validated_source_selection_in_structural_record
F70-L006,112,0x70,CC:7122,CC:7133,6,0x06,CC:7123,A4_xx_B0,C9:3000,unknown,validated_source_selection_in_structural_record
F70-L007,112,0x70,CC:7133,CC:7144,7,0x07,CC:7134,A4_xx_B0,C9:302A,unknown,validated_source_selection_in_structural_record
F70-L008,112,0x70,CC:7144,CC:7155,8,0x08,CC:7145,A4_xx_B0,C9:305B,unknown,validated_source_selection_in_structural_record
F70-L009,112,0x70,CC:7155,CC:7166,9,0x09,CC:7156,A4_xx_B0,C9:30A9,unknown,validated_source_selection_in_structural_record
F70-L010,112,0x70,CC:7166,CC:7177,10,0x0A,CC:7167,A4_xx_B0,C9:30CC,unknown,validated_source_selection_in_structural_record
F70-L011,112,0x70,CC:7177,CC:7196,12,0x0C,CC:7186,A4_xx_B0,C9:3151,unknown,validated_source_selection_in_structural_record
F70-L012,112,0x70,CC:7196,CC:71A7,13,0x0D,CC:7197,A4_xx_B0,C9:3197,unknown,validated_source_selection_in_structural_record
F70-L013,112,0x70,CC:71A7,CC:71B8,14,0x0E,CC:71A8,A4_xx_B0,C9:31B0,unknown,validated_source_selection_in_structural_record
F70-L014,112,0x70,CC:71B8,CC:71D3,16,0x10,CC:71BF,A4_xx_B2_dd_A4_yy:first,C9:3219,unknown,validated_source_selection_in_structural_record
F70-L014,112,0x70,CC:71B8,CC:71D3,17,0x11,CC:71C3,A4_xx_B0;A4_xx_B2_dd_A4_yy:second,C9:3257,unknown,validated_source_selection_in_structural_record
F70-L015,112,0x70,CC:71D3,CC:71E4,18,0x12,CC:71D4,A4_xx_B0,C9:3271,unknown,validated_source_selection_in_structural_record
F70-L016,112,0x70,CC:71E4,CC:71F5,19,0x13,CC:71E5,A4_xx_B0,C9:3275,unknown,validated_source_selection_in_structural_record
F70-L017,112,0x70,CC:71F5,CC:7214,21,0x15,CC:7204,A4_xx_B0,C9:32B9,unknown,validated_source_selection_in_structural_record
F70-L018,112,0x70,CC:7214,CC:7225,22,0x16,CC:7215,A4_xx_B0,C9:3307,unknown,validated_source_selection_in_structural_record
F70-L019,112,0x70,CC:7225,CC:7236,23,0x17,CC:7226,A4_xx_B0,C9:3317,unknown,validated_source_selection_in_structural_record
F70-L020,112,0x70,CC:7236,CC:7247,24,0x18,CC:7237,A4_xx_B0,C9:3343,unknown,validated_source_selection_in_structural_record
F70-L021,112,0x70,CC:7247,CC:7258,25,0x19,CC:7248,A4_xx_B0,C9:338C,unknown,validated_source_selection_in_structural_record
F70-L022,112,0x70,CC:7258,CC:7269,26,0x1A,CC:7259,A4_xx_B0,C9:33BB,unknown,validated_source_selection_in_structural_record
F70-L023,112,0x70,CC:7269,CC:727A,27,0x1B,CC:726A,A4_xx_B0,C9:33F6,unknown,validated_source_selection_in_structural_record
F70-L024,112,0x70,CC:727A,CC:728B,28,0x1C,CC:727B,A4_xx_B0,C9:3424,unknown,validated_source_selection_in_structural_record
F71-L002,113,0x71,CC:741F,CC:7434,4,0x04,CC:7420,A4_xx_B0,C9:30CC,unknown,validated_source_selection_in_structural_record
F72-L001,114,0x72,CC:74CC,CC:74E8,0,0x00,CC:74CD,A4_xx_B0,C9:3272,unknown,validated_source_selection_in_structural_record
F72-L002,114,0x72,CC:74E8,CC:7504,1,0x01,CC:74E9,A4_xx_B0,C9:328C,unknown,validated_source_selection_in_structural_record
F72-L003,114,0x72,CC:7504,CC:7520,2,0x02,CC:7505,A4_xx_B0,C9:32B9,unknown,validated_source_selection_in_structural_record
F72-L004,114,0x72,CC:7520,CC:753C,3,0x03,CC:7521,A4_xx_B0,C9:3307,unknown,validated_source_selection_in_structural_record
F72-L005,114,0x72,CC:753C,CC:7558,4,0x04,CC:753D,A4_xx_B0,C9:3317,unknown,validated_source_selection_in_structural_record
F72-L006,114,0x72,CC:7558,CC:7574,5,0x05,CC:7559,A4_xx_B0,C9:3343,unknown,validated_source_selection_in_structural_record
F72-L007,114,0x72,CC:7574,CC:7590,6,0x06,CC:7575,A4_xx_B0,C9:338C,unknown,validated_source_selection_in_structural_record
F72-L008,114,0x72,CC:7590,CC:75AC,7,0x07,CC:7591,A4_xx_B0,C9:33BB,unknown,validated_source_selection_in_structural_record
F72-L009,114,0x72,CC:75AC,CC:75C8,8,0x08,CC:75AD,A4_xx_B0,C9:33F6,unknown,validated_source_selection_in_structural_record
F72-L010,114,0x72,CC:75C8,CC:75E4,9,0x09,CC:75C9,A4_xx_B0,C9:3424,unknown,validated_source_selection_in_structural_record
F73-L001,115,0x73,CC:76D1,CC:76ED,0,0x00,CC:76D2,A4_xx_B0,C9:3501,unknown,validated_source_selection_in_structural_record
F73-L002,115,0x73,CC:76ED,CC:7713,2,0x02,CC:76F4,A4_xx_B2_dd_A4_yy:first,C9:3658,unknown,validated_source_selection_in_structural_record
F73-L002,115,0x73,CC:76ED,CC:7713,3,0x03,CC:76F8,A4_xx_B0;A4_xx_B2_dd_A4_yy:second,C9:367A,unknown,validated_source_selection_in_structural_record
F73-L003,115,0x73,CC:7713,CC:772F,4,0x04,CC:7714,A4_xx_B0,C9:3699,unknown,validated_source_selection_in_structural_record
F73-L004,115,0x73,CC:772F,CC:774B,5,0x05,CC:7730,A4_xx_B0,C9:36A3,unknown,validated_source_selection_in_structural_record
F73-L005,115,0x73,CC:774B,CC:7786,6,0x06,CC:7751,A4_xx_B2_dd_A4_yy:first,C9:36B4,unknown,validated_source_selection_in_structural_record
F73-L005,115,0x73,CC:774B,CC:7786,7,0x07,CC:7755,A4_xx_B2_dd_A4_yy:second,C9:37DF,unknown,validated_source_selection_in_structural_record
F73-L005,115,0x73,CC:774B,CC:7786,8,0x08,CC:7767,A4_xx_B2_dd_A4_yy:first,C9:3874,unknown,validated_source_selection_in_structural_record
F73-L005,115,0x73,CC:774B,CC:7786,9,0x09,CC:776B,A4_xx_B0;A4_xx_B2_dd_A4_yy:second,C9:3880,unknown,validated_source_selection_in_structural_record
F73-L006,115,0x73,CC:7786,CC:77A2,10,0x0A,CC:7787,A4_xx_B0,C9:38DB,unknown,validated_source_selection_in_structural_record
F73-L007,115,0x73,CC:77A2,CC:77BE,11,0x0B,CC:77A3,A4_xx_B0,C9:391C,unknown,validated_source_selection_in_structural_record
F73-L008,115,0x73,CC:77BE,CC:77DA,12,0x0C,CC:77BF,A4_xx_B0,C9:391F,unknown,validated_source_selection_in_structural_record
F75-L003,117,0x75,CC:818B,CC:81A4,9,0x09,CC:8190,A4_xx_B2_dd_A4_yy:first,C9:49F3,unknown,validated_source_selection_in_structural_record
F75-L003,117,0x75,CC:818B,CC:81A4,10,0x0A,CC:8194,A4_xx_B0;A4_xx_B2_dd_A4_yy:second,C9:4A44,unknown,validated_source_selection_in_structural_record
F75-L004,117,0x75,CC:81A4,CC:81EA,14,0x0E,CC:81D2,A4_xx_B2_dd_A4_yy:first,C9:4B5D,unknown,validated_source_selection_in_structural_record
F75-L004,117,0x75,CC:81A4,CC:81EA,15,0x0F,CC:81D6,A4_xx_B2_dd_A4_yy:first;A4_xx_B2_dd_A4_yy:second,C9:4B80,unknown,validated_source_selection_in_structural_record
F75-L004,117,0x75,CC:81A4,CC:81EA,16,0x10,CC:81DA,A4_xx_B0;A4_xx_B2_dd_A4_yy:second,C9:4BA9,unknown,validated_source_selection_in_structural_record
F75-L005,117,0x75,CC:81EA,CC:8216,17,0x11,CC:81EF,A4_xx_B2_dd_A4_yy:first,C9:4BB5,unknown,validated_source_selection_in_structural_record
F75-L005,117,0x75,CC:81EA,CC:8216,18,0x12,CC:81F3,A4_xx_B2_dd_A4_yy:second,C9:4BB9,unknown,validated_source_selection_in_structural_record
F75-L005,117,0x75,CC:81EA,CC:8216,19,0x13,CC:81F9,A4_xx_B2_dd_A4_yy:first,C9:4BBF,unknown,validated_source_selection_in_structural_record
F75-L005,117,0x75,CC:81EA,CC:8216,20,0x14,CC:81FD,A4_xx_B0;A4_xx_B2_dd_A4_yy:second,C9:4BC7,unknown,validated_source_selection_in_structural_record
F75-L006,117,0x75,CC:8216,CC:8230,21,0x15,CC:8217,A4_xx_B0;A4_xx_keyed_dispatch_target:key_7C,C9:4BDB,unknown,validated_source_selection_in_structural_record
F75-L007,117,0x75,CC:8230,CC:8255,22,0x16,CC:8231,A4_xx_keyed_dispatch_target:key_7C,C9:4C06,unknown,validated_source_selection_in_structural_record
F75-L008,117,0x75,CC:8255,CC:827A,23,0x17,CC:8256,A4_xx_keyed_dispatch_target:key_7C,C9:4C0C,unknown,validated_source_selection_in_structural_record
F75-L009,117,0x75,CC:827A,CC:829D,24,0x18,CC:827B,A4_xx_keyed_dispatch_target:key_7C,C9:4C0F,unknown,validated_source_selection_in_structural_record
F75-L010,117,0x75,CC:829D,CC:82C3,25,0x19,CC:829E,A4_xx_keyed_dispatch_target:key_7C,C9:4C27,unknown,validated_source_selection_in_structural_record
F75-L011,117,0x75,CC:82C3,CC:82E8,26,0x1A,CC:82C4,A4_xx_keyed_dispatch_target:key_7C,C9:4CBA,unknown,validated_source_selection_in_structural_record
F75-L012,117,0x75,CC:82E8,CC:830D,27,0x1B,CC:82E9,A4_xx_keyed_dispatch_target:key_7C,C9:4CE2,unknown,validated_source_selection_in_structural_record
F75-L013,117,0x75,CC:830D,CC:849F,28,0x1C,CC:830E,A4_xx_keyed_dispatch_target:key_7C,C9:4CFB,unknown,validated_source_selection_in_structural_record
F75-L014,117,0x75,CC:849F,CC:84F8,36,0x24,CC:84A6,A4_xx_B0,C9:4DD0,unknown,validated_source_selection_in_structural_record
F75-L014,117,0x75,CC:849F,CC:84F8,40,0x28,CC:84DC,A4_xx_B0,C9:4E0E,unknown,validated_source_selection_in_structural_record
F75-L015,117,0x75,CC:84F8,CC:852E,41,0x29,CC:850A,A4_xx_B2_dd_A4_yy:first,C9:4E5C,unknown,validated_source_selection_in_structural_record
F75-L015,117,0x75,CC:84F8,CC:852E,42,0x2A,CC:850E,A4_xx_B2_dd_A4_yy:second,C9:4E60,unknown,validated_source_selection_in_structural_record
F75-L016,117,0x75,CC:852E,CC:8564,43,0x2B,CC:8540,A4_xx_B2_dd_A4_yy:first,C9:4E7D,unknown,validated_source_selection_in_structural_record
F75-L016,117,0x75,CC:852E,CC:8564,44,0x2C,CC:8544,A4_xx_B2_dd_A4_yy:second,C9:4EBD,unknown,validated_source_selection_in_structural_record
F75-L017,117,0x75,CC:8564,CC:859A,45,0x2D,CC:8576,A4_xx_B2_dd_A4_yy:first,C9:4EC1,unknown,validated_source_selection_in_structural_record
F75-L017,117,0x75,CC:8564,CC:859A,46,0x2E,CC:857A,A4_xx_B2_dd_A4_yy:second,C9:4ED0,unknown,validated_source_selection_in_structural_record
F75-L018,117,0x75,CC:859A,CC:85D0,47,0x2F,CC:85AC,A4_xx_B2_dd_A4_yy:first,C9:4EDB,unknown,validated_source_selection_in_structural_record
F75-L018,117,0x75,CC:859A,CC:85D0,48,0x30,CC:85B0,A4_xx_B2_dd_A4_yy:second,C9:4EDC,unknown,validated_source_selection_in_structural_record
F75-L019,117,0x75,CC:85D0,CC:8606,49,0x31,CC:85E2,A4_xx_B2_dd_A4_yy:first,C9:4F20,unknown,validated_source_selection_in_structural_record
F75-L019,117,0x75,CC:85D0,CC:8606,50,0x32,CC:85E6,A4_xx_B2_dd_A4_yy:second,C9:4F83,unknown,validated_source_selection_in_structural_record
F75-L020,117,0x75,CC:8606,CC:863C,51,0x33,CC:8618,A4_xx_B2_dd_A4_yy:first,C9:4FCA,unknown,validated_source_selection_in_structural_record
F75-L020,117,0x75,CC:8606,CC:863C,52,0x34,CC:861C,A4_xx_B2_dd_A4_yy:second,C9:4FE3,unknown,validated_source_selection_in_structural_record
F75-L021,117,0x75,CC:863C,CC:8673,53,0x35,CC:864E,A4_xx_B2_dd_A4_yy:first,C9:4FFF,unknown,validated_source_selection_in_structural_record
F75-L021,117,0x75,CC:863C,CC:8673,54,0x36,CC:8652,A4_xx_B2_dd_A4_yy:second,C9:501C,unknown,validated_source_selection_in_structural_record
F75-L022,117,0x75,CC:8673,CC:86AB,55,0x37,CC:8686,A4_xx_B2_dd_A4_yy:first,C9:5039,unknown,validated_source_selection_in_structural_record
F75-L022,117,0x75,CC:8673,CC:86AB,56,0x38,CC:868A,A4_xx_B2_dd_A4_yy:second,C9:5052,unknown,validated_source_selection_in_structural_record
F75-L023,117,0x75,CC:86AB,CC:86E3,57,0x39,CC:86BE,A4_xx_B2_dd_A4_yy:first,C9:506E,unknown,validated_source_selection_in_structural_record
F75-L023,117,0x75,CC:86AB,CC:86E3,58,0x3A,CC:86C2,A4_xx_B2_dd_A4_yy:second,C9:50CC,unknown,validated_source_selection_in_structural_record
F75-L024,117,0x75,CC:86E3,CC:871A,59,0x3B,CC:86F6,A4_xx_B2_dd_A4_yy:first,C9:512F,unknown,validated_source_selection_in_structural_record
F75-L024,117,0x75,CC:86E3,CC:871A,60,0x3C,CC:86FA,A4_xx_B2_dd_A4_yy:second,C9:5145,unknown,validated_source_selection_in_structural_record
F75-L025,117,0x75,CC:871A,CC:8751,61,0x3D,CC:872C,A4_xx_B2_dd_A4_yy:first,C9:515D,unknown,validated_source_selection_in_structural_record
F75-L025,117,0x75,CC:871A,CC:8751,62,0x3E,CC:8730,A4_xx_B2_dd_A4_yy:second,C9:5170,unknown,validated_source_selection_in_structural_record
F75-L026,117,0x75,CC:8751,CC:8789,63,0x3F,CC:8764,A4_xx_B2_dd_A4_yy:first,C9:51A7,unknown,validated_source_selection_in_structural_record
F75-L026,117,0x75,CC:8751,CC:8789,64,0x40,CC:8768,A4_xx_B2_dd_A4_yy:second,C9:51D1,unknown,validated_source_selection_in_structural_record
F75-L027,117,0x75,CC:8789,CC:87C0,65,0x41,CC:879C,A4_xx_B2_dd_A4_yy:first,C9:51E0,unknown,validated_source_selection_in_structural_record
F75-L027,117,0x75,CC:8789,CC:87C0,66,0x42,CC:87A0,A4_xx_B2_dd_A4_yy:second,C9:520E,unknown,validated_source_selection_in_structural_record
F75-L028,117,0x75,CC:87C0,CC:87F7,67,0x43,CC:87D2,A4_xx_B2_dd_A4_yy:first,C9:522B,unknown,validated_source_selection_in_structural_record
F75-L028,117,0x75,CC:87C0,CC:87F7,68,0x44,CC:87D6,A4_xx_B2_dd_A4_yy:second,C9:5248,unknown,validated_source_selection_in_structural_record
F75-L029,117,0x75,CC:87F7,CC:882F,69,0x45,CC:880A,A4_xx_B2_dd_A4_yy:first,C9:52D8,unknown,validated_source_selection_in_structural_record
F75-L029,117,0x75,CC:87F7,CC:882F,70,0x46,CC:880E,A4_xx_B2_dd_A4_yy:second,C9:531C,unknown,validated_source_selection_in_structural_record
F75-L030,117,0x75,CC:882F,CC:8866,71,0x47,CC:8842,A4_xx_B2_dd_A4_yy:first,C9:5342,unknown,validated_source_selection_in_structural_record
F75-L030,117,0x75,CC:882F,CC:8866,72,0x48,CC:8846,A4_xx_B2_dd_A4_yy:second,C9:5369,unknown,validated_source_selection_in_structural_record
F75-L031,117,0x75,CC:8866,CC:889C,73,0x49,CC:8878,A4_xx_B2_dd_A4_yy:first,C9:53A8,unknown,validated_source_selection_in_structural_record
F75-L031,117,0x75,CC:8866,CC:889C,74,0x4A,CC:887C,A4_xx_B2_dd_A4_yy:second,C9:53CE,unknown,validated_source_selection_in_structural_record
F75-L032,117,0x75,CC:889C,CC:88D2,75,0x4B,CC:88AE,A4_xx_B2_dd_A4_yy:first,C9:53EE,unknown,validated_source_selection_in_structural_record
F75-L032,117,0x75,CC:889C,CC:88D2,76,0x4C,CC:88B2,A4_xx_B2_dd_A4_yy:second,C9:5412,unknown,validated_source_selection_in_structural_record
F78-L001,120,0x78,CC:930F,CC:9320,0,0x00,CC:9310,A4_xx_B0,C9:4C7B,unknown,validated_source_selection_in_structural_record
F78-L002,120,0x78,CC:9320,CC:9331,1,0x01,CC:9321,A4_xx_B0,C9:4CBA,unknown,validated_source_selection_in_structural_record
F78-L003,120,0x78,CC:9331,CC:9342,2,0x02,CC:9332,A4_xx_B0,C9:4CE2,unknown,validated_source_selection_in_structural_record
F78-L004,120,0x78,CC:9342,CC:9353,3,0x03,CC:9343,A4_xx_B0,C9:4CFB,unknown,validated_source_selection_in_structural_record
F78-L005,120,0x78,CC:9353,CC:9364,4,0x04,CC:9354,A4_xx_B0,C9:4D1B,unknown,validated_source_selection_in_structural_record
F78-L006,120,0x78,CC:9364,CC:9375,5,0x05,CC:9365,A4_xx_B0,C9:4D2F,unknown,validated_source_selection_in_structural_record
F79-L001,121,0x79,CC:9518,CC:96CD,0,0x00,CC:9523,A4_xx_B0,C9:4E5D,unknown,validated_source_selection_in_structural_record
F79-L001,121,0x79,CC:9518,CC:96CD,3,0x03,CC:9553,A4_xx_B2_dd_A4_yy:first,C9:4EED,unknown,validated_source_selection_in_structural_record
F79-L001,121,0x79,CC:9518,CC:96CD,4,0x04,CC:9557,A4_xx_B2_dd_A4_yy:second,C9:4EF3,unknown,validated_source_selection_in_structural_record
F79-L001,121,0x79,CC:9518,CC:96CD,9,0x09,CC:962F,A4_xx_B0,C9:4F08,unknown,validated_source_selection_in_structural_record
F79-L001,121,0x79,CC:9518,CC:96CD,13,0x0D,CC:9668,A4_xx_B0,C9:4F08,unknown,validated_source_selection_in_structural_record
F79-L001,121,0x79,CC:9518,CC:96CD,14,0x0E,CC:967C,A4_xx_B0,C9:4F14,unknown,validated_source_selection_in_structural_record
F7D-L001,125,0x7D,CC:A097,CC:A0DC,3,0x03,CC:A0C8,A4_xx_B2_dd_A4_yy:first,C9:51E0,unknown,validated_source_selection_in_structural_record
F7D-L001,125,0x7D,CC:A097,CC:A0DC,4,0x04,CC:A0CC,A4_xx_B0;A4_xx_B2_dd_A4_yy:second,C9:520E,unknown,validated_source_selection_in_structural_record
F80-L001,128,0x80,CC:A7DC,CC:A7F5,0,0x00,CC:A7E1,A4_xx_B2_dd_A4_yy:first,C9:54BC,unknown,validated_source_selection_in_structural_record
F80-L001,128,0x80,CC:A7DC,CC:A7F5,1,0x01,CC:A7E5,A4_xx_B0;A4_xx_B2_dd_A4_yy:second,C9:54EF,unknown,validated_source_selection_in_structural_record
F80-L002,128,0x80,CC:A7F5,CC:A80E,2,0x02,CC:A7FA,A4_xx_B2_dd_A4_yy:first,C9:5512,unknown,validated_source_selection_in_structural_record
F80-L002,128,0x80,CC:A7F5,CC:A80E,3,0x03,CC:A7FE,A4_xx_B0;A4_xx_B2_dd_A4_yy:second,C9:5534,unknown,validated_source_selection_in_structural_record
F80-L003,128,0x80,CC:A80E,CC:A827,4,0x04,CC:A813,A4_xx_B2_dd_A4_yy:first,C9:555C,unknown,validated_source_selection_in_structural_record
F80-L003,128,0x80,CC:A80E,CC:A827,5,0x05,CC:A817,A4_xx_B0;A4_xx_B2_dd_A4_yy:second,C9:5588,unknown,validated_source_selection_in_structural_record
F80-L004,128,0x80,CC:A827,CC:A840,6,0x06,CC:A82C,A4_xx_B2_dd_A4_yy:first,C9:55BA,unknown,validated_source_selection_in_structural_record
F80-L004,128,0x80,CC:A827,CC:A840,7,0x07,CC:A830,A4_xx_B0;A4_xx_B2_dd_A4_yy:second,C9:55DF,unknown,validated_source_selection_in_structural_record
F81-L001,129,0x81,CC:A9E0,CC:AA05,0,0x00,CC:A9E9,A4_xx_B2_dd_A4_yy:first,C9:61E5,unknown,validated_source_selection_in_structural_record
F81-L001,129,0x81,CC:A9E0,CC:AA05,1,0x01,CC:A9ED,A4_xx_B2_dd_A4_yy:first;A4_xx_B2_dd_A4_yy:second,C9:621D,unknown,validated_source_selection_in_structural_record
F81-L001,129,0x81,CC:A9E0,CC:AA05,2,0x02,CC:A9F1,A4_xx_B0;A4_xx_B2_dd_A4_yy:second,C9:6253,unknown,validated_source_selection_in_structural_record
F81-L002,129,0x81,CC:AA05,CC:AA32,3,0x03,CC:AA12,A4_xx_B2_dd_A4_yy:first,C9:6282,unknown,validated_source_selection_in_structural_record
F81-L002,129,0x81,CC:AA05,CC:AA32,4,0x04,CC:AA16,A4_xx_B2_dd_A4_yy:first;A4_xx_B2_dd_A4_yy:second,C9:629D,unknown,validated_source_selection_in_structural_record
F81-L002,129,0x81,CC:AA05,CC:AA32,5,0x05,CC:AA1A,A4_xx_B2_dd_A4_yy:first;A4_xx_B2_dd_A4_yy:second,C9:62B7,unknown,validated_source_selection_in_structural_record
F81-L002,129,0x81,CC:AA05,CC:AA32,6,0x06,CC:AA1E,A4_xx_B0;A4_xx_B2_dd_A4_yy:second,C9:62C9,unknown,validated_source_selection_in_structural_record
F81-L003,129,0x81,CC:AA32,CC:AA5D,7,0x07,CC:AA41,A4_xx_B2_dd_A4_yy:first,C9:6301,unknown,validated_source_selection_in_structural_record
F81-L003,129,0x81,CC:AA32,CC:AA5D,8,0x08,CC:AA45,A4_xx_B2_dd_A4_yy:first;A4_xx_B2_dd_A4_yy:second,C9:6363,unknown,validated_source_selection_in_structural_record
F81-L003,129,0x81,CC:AA32,CC:AA5D,9,0x09,CC:AA49,A4_xx_B0;A4_xx_B2_dd_A4_yy:second,C9:63C3,unknown,validated_source_selection_in_structural_record
F81-L004,129,0x81,CC:AA5D,CC:AA8A,10,0x0A,CC:AA6A,A4_xx_B2_dd_A4_yy:first,C9:63FE,unknown,validated_source_selection_in_structural_record
F81-L004,129,0x81,CC:AA5D,CC:AA8A,11,0x0B,CC:AA6E,A4_xx_B2_dd_A4_yy:first;A4_xx_B2_dd_A4_yy:second,C9:6440,unknown,validated_source_selection_in_structural_record
F81-L004,129,0x81,CC:AA5D,CC:AA8A,12,0x0C,CC:AA72,A4_xx_B2_dd_A4_yy:first;A4_xx_B2_dd_A4_yy:second,C9:6474,unknown,validated_source_selection_in_structural_record
F81-L004,129,0x81,CC:AA5D,CC:AA8A,13,0x0D,CC:AA76,A4_xx_B0;A4_xx_B2_dd_A4_yy:second,C9:64C0,unknown,validated_source_selection_in_structural_record
F81-L005,129,0x81,CC:AA8A,CC:AAB7,14,0x0E,CC:AA97,A4_xx_B2_dd_A4_yy:first,C9:64E8,unknown,validated_source_selection_in_structural_record
F81-L005,129,0x81,CC:AA8A,CC:AAB7,15,0x0F,CC:AA9B,A4_xx_B2_dd_A4_yy:first;A4_xx_B2_dd_A4_yy:second,C9:6510,unknown,validated_source_selection_in_structural_record
F81-L005,129,0x81,CC:AA8A,CC:AAB7,16,0x10,CC:AA9F,A4_xx_B2_dd_A4_yy:first;A4_xx_B2_dd_A4_yy:second,C9:6532,unknown,validated_source_selection_in_structural_record
F81-L005,129,0x81,CC:AA8A,CC:AAB7,17,0x11,CC:AAA3,A4_xx_B0;A4_xx_B2_dd_A4_yy:second,C9:6564,unknown,validated_source_selection_in_structural_record
F81-L006,129,0x81,CC:AAB7,CC:AAE4,18,0x12,CC:AAC4,A4_xx_B2_dd_A4_yy:first,C9:65B4,unknown,validated_source_selection_in_structural_record
F81-L006,129,0x81,CC:AAB7,CC:AAE4,19,0x13,CC:AAC8,A4_xx_B2_dd_A4_yy:first;A4_xx_B2_dd_A4_yy:second,C9:65ED,unknown,validated_source_selection_in_structural_record
F81-L006,129,0x81,CC:AAB7,CC:AAE4,20,0x14,CC:AACC,A4_xx_B2_dd_A4_yy:first;A4_xx_B2_dd_A4_yy:second,C9:661F,unknown,validated_source_selection_in_structural_record
F81-L006,129,0x81,CC:AAB7,CC:AAE4,21,0x15,CC:AAD0,A4_xx_B0;A4_xx_B2_dd_A4_yy:second,C9:6688,unknown,validated_source_selection_in_structural_record
F81-L007,129,0x81,CC:AAE4,CC:AE6F,22,0x16,CC:AAF1,A4_xx_B2_dd_A4_yy:first,C9:66BE,unknown,validated_source_selection_in_structural_record
F81-L007,129,0x81,CC:AAE4,CC:AE6F,23,0x17,CC:AAF5,A4_xx_B2_dd_A4_yy:first;A4_xx_B2_dd_A4_yy:second,C9:670D,unknown,validated_source_selection_in_structural_record
F81-L007,129,0x81,CC:AAE4,CC:AE6F,24,0x18,CC:AAF9,A4_xx_B2_dd_A4_yy:first;A4_xx_B2_dd_A4_yy:second,C9:6749,unknown,validated_source_selection_in_structural_record
F81-L007,129,0x81,CC:AAE4,CC:AE6F,25,0x19,CC:AAFD,A4_xx_B0;A4_xx_B2_dd_A4_yy:second,C9:6785,unknown,validated_source_selection_in_structural_record
F81-L007,129,0x81,CC:AAE4,CC:AE6F,37,0x25,CC:ABCC,A4_xx_B2_dd_A4_yy:first,C9:6AB3,unknown,validated_source_selection_in_structural_record
F81-L007,129,0x81,CC:AAE4,CC:AE6F,38,0x26,CC:ABD0,A4_xx_B2_dd_A4_yy:second,C9:6AE8,unknown,validated_source_selection_in_structural_record
F81-L007,129,0x81,CC:AAE4,CC:AE6F,59,0x3B,CC:AE30,A4_xx_B0,C9:7430,unknown,validated_source_selection_in_structural_record
F81-L008,129,0x81,CC:AE6F,CC:B09A,60,0x3C,CC:AE76,A4_xx_B0,C9:7494,unknown,validated_source_selection_in_structural_record
F81-L009,129,0x81,CC:B09A,CC:B0AF,68,0x44,CC:B09B,A4_xx_B0,C9:7ACC,unknown,validated_source_selection_in_structural_record
F81-L010,129,0x81,CC:B0AF,CC:B0E0,69,0x45,CC:B0B0,A4_xx_B0,C9:7AD6,unknown,validated_source_selection_in_structural_record
F81-L011,129,0x81,CC:B0E0,CC:B114,70,0x46,CC:B0E4,A4_xx_B0,C9:7B01,unknown,validated_source_selection_in_structural_record
F82-L001,130,0x82,CC:B3AE,CC:B3D3,6,0x06,CC:B3B7,A4_xx_B2_dd_A4_yy:first,C9:6E45,unknown,validated_source_selection_in_structural_record
F82-L001,130,0x82,CC:B3AE,CC:B3D3,7,0x07,CC:B3BB,A4_xx_B2_dd_A4_yy:first;A4_xx_B2_dd_A4_yy:second,C9:6EA0,unknown,validated_source_selection_in_structural_record
F82-L001,130,0x82,CC:B3AE,CC:B3D3,8,0x08,CC:B3BF,A4_xx_B0;A4_xx_B2_dd_A4_yy:second,C9:6ED1,unknown,validated_source_selection_in_structural_record
F82-L002,130,0x82,CC:B3D3,CC:B3F0,9,0x09,CC:B3D8,A4_xx_B2_dd_A4_yy:first,C9:6EF3,unknown,validated_source_selection_in_structural_record
F82-L002,130,0x82,CC:B3D3,CC:B3F0,10,0x0A,CC:B3DC,A4_xx_B0;A4_xx_B2_dd_A4_yy:second,C9:6F17,unknown,validated_source_selection_in_structural_record
F82-L003,130,0x82,CC:B3F0,CC:B41B,13,0x0D,CC:B407,A4_xx_B0,C9:6F88,unknown,validated_source_selection_in_structural_record
F82-L004,130,0x82,CC:B41B,CC:B43C,14,0x0E,CC:B420,A4_xx_B2_dd_A4_yy:first,C9:6FB4,unknown,validated_source_selection_in_structural_record
F82-L004,130,0x82,CC:B41B,CC:B43C,15,0x0F,CC:B424,A4_xx_B2_dd_A4_yy:second,C9:6FCC,unknown,validated_source_selection_in_structural_record
F82-L005,130,0x82,CC:B43C,CC:B45D,16,0x10,CC:B441,A4_xx_B2_dd_A4_yy:first,C9:6FF3,unknown,validated_source_selection_in_structural_record
F82-L005,130,0x82,CC:B43C,CC:B45D,17,0x11,CC:B445,A4_xx_B2_dd_A4_yy:second,C9:7016,unknown,validated_source_selection_in_structural_record
F82-L006,130,0x82,CC:B45D,CC:B47A,18,0x12,CC:B462,A4_xx_B2_dd_A4_yy:first,C9:7064,unknown,validated_source_selection_in_structural_record
F82-L006,130,0x82,CC:B45D,CC:B47A,19,0x13,CC:B466,A4_xx_B0;A4_xx_B2_dd_A4_yy:second,C9:709A,unknown,validated_source_selection_in_structural_record
F82-L007,130,0x82,CC:B47A,CC:B497,20,0x14,CC:B47F,A4_xx_B2_dd_A4_yy:first,C9:70C0,unknown,validated_source_selection_in_structural_record
F82-L007,130,0x82,CC:B47A,CC:B497,21,0x15,CC:B483,A4_xx_B0;A4_xx_B2_dd_A4_yy:second,C9:7109,unknown,validated_source_selection_in_structural_record
F82-L008,130,0x82,CC:B497,CC:B4C2,23,0x17,CC:B4AA,A4_xx_B2_dd_A4_yy:first,C9:7196,unknown,validated_source_selection_in_structural_record
F82-L008,130,0x82,CC:B497,CC:B4C2,24,0x18,CC:B4AE,A4_xx_B0;A4_xx_B2_dd_A4_yy:second,C9:71BB,unknown,validated_source_selection_in_structural_record
F82-L009,130,0x82,CC:B4C2,CC:B6E7,25,0x19,CC:B4C7,A4_xx_B2_dd_A4_yy:first,C9:71FE,unknown,validated_source_selection_in_structural_record
F82-L009,130,0x82,CC:B4C2,CC:B6E7,26,0x1A,CC:B4CB,A4_xx_B0;A4_xx_B2_dd_A4_yy:second,C9:7226,unknown,validated_source_selection_in_structural_record
F83-L001,131,0x83,CC:B8ED,CC:B90B,0,0x00,CC:B8F6,A4_xx_B2_dd_A4_yy:first,C9:7271,unknown,validated_source_selection_in_structural_record
F83-L001,131,0x83,CC:B8ED,CC:B90B,1,0x01,CC:B8FA,A4_xx_B2_dd_A4_yy:first;A4_xx_B2_dd_A4_yy:second,C9:72C9,unknown,validated_source_selection_in_structural_record
F83-L001,131,0x83,CC:B8ED,CC:B90B,2,0x02,CC:B8FE,A4_xx_B0;A4_xx_B2_dd_A4_yy:second,C9:72F6,unknown,validated_source_selection_in_structural_record
F83-L002,131,0x83,CC:B90B,CC:B929,3,0x03,CC:B914,A4_xx_B2_dd_A4_yy:first,C9:734C,unknown,validated_source_selection_in_structural_record
F83-L002,131,0x83,CC:B90B,CC:B929,4,0x04,CC:B918,A4_xx_B2_dd_A4_yy:first;A4_xx_B2_dd_A4_yy:second,C9:7396,unknown,validated_source_selection_in_structural_record
F83-L002,131,0x83,CC:B90B,CC:B929,5,0x05,CC:B91C,A4_xx_B0;A4_xx_B2_dd_A4_yy:second,C9:73C0,unknown,validated_source_selection_in_structural_record
F83-L003,131,0x83,CC:B929,CC:B94E,6,0x06,CC:B932,A4_xx_B2_dd_A4_yy:first,C9:7402,unknown,validated_source_selection_in_structural_record
F83-L003,131,0x83,CC:B929,CC:B94E,7,0x07,CC:B936,A4_xx_B2_dd_A4_yy:first;A4_xx_B2_dd_A4_yy:second,C9:7445,unknown,validated_source_selection_in_structural_record
F83-L003,131,0x83,CC:B929,CC:B94E,8,0x08,CC:B93A,A4_xx_B0;A4_xx_B2_dd_A4_yy:second,C9:7473,unknown,validated_source_selection_in_structural_record
F83-L004,131,0x83,CC:B94E,CC:B96B,9,0x09,CC:B953,A4_xx_B2_dd_A4_yy:first,C9:74A2,unknown,validated_source_selection_in_structural_record
F83-L004,131,0x83,CC:B94E,CC:B96B,10,0x0A,CC:B957,A4_xx_B0;A4_xx_B2_dd_A4_yy:second,C9:74BB,unknown,validated_source_selection_in_structural_record
F83-L005,131,0x83,CC:B96B,CC:B997,11,0x0B,CC:B97B,A4_xx_B2_dd_A4_yy:first,C9:7556,unknown,validated_source_selection_in_structural_record
F83-L005,131,0x83,CC:B96B,CC:B997,12,0x0C,CC:B97F,A4_xx_B2_dd_A4_yy:first;A4_xx_B2_dd_A4_yy:second,C9:75C0,unknown,validated_source_selection_in_structural_record
F83-L005,131,0x83,CC:B96B,CC:B997,13,0x0D,CC:B983,A4_xx_B0;A4_xx_B2_dd_A4_yy:second,C9:75D5,unknown,validated_source_selection_in_structural_record
F83-L006,131,0x83,CC:B997,CC:B9B4,14,0x0E,CC:B99C,A4_xx_B2_dd_A4_yy:first,C9:75F7,unknown,validated_source_selection_in_structural_record
F83-L006,131,0x83,CC:B997,CC:B9B4,15,0x0F,CC:B9A0,A4_xx_B0;A4_xx_B2_dd_A4_yy:second,C9:7613,unknown,validated_source_selection_in_structural_record
F83-L007,131,0x83,CC:B9B4,CC:B9D1,16,0x10,CC:B9B9,A4_xx_B2_dd_A4_yy:first,C9:7623,unknown,validated_source_selection_in_structural_record
F83-L007,131,0x83,CC:B9B4,CC:B9D1,17,0x11,CC:B9BD,A4_xx_B0;A4_xx_B2_dd_A4_yy:second,C9:763E,unknown,validated_source_selection_in_structural_record
F83-L008,131,0x83,CC:B9D1,CC:B9EE,18,0x12,CC:B9D6,A4_xx_B2_dd_A4_yy:first,C9:7656,unknown,validated_source_selection_in_structural_record
F83-L008,131,0x83,CC:B9D1,CC:B9EE,19,0x13,CC:B9DA,A4_xx_B0;A4_xx_B2_dd_A4_yy:second,C9:765E,unknown,validated_source_selection_in_structural_record
F83-L009,131,0x83,CC:B9EE,CC:BA03,20,0x14,CC:B9EF,A4_xx_B0,C9:7665,unknown,validated_source_selection_in_structural_record
F83-L010,131,0x83,CC:BA03,CC:BA18,21,0x15,CC:BA04,A4_xx_B0,C9:766E,unknown,validated_source_selection_in_structural_record
F83-L011,131,0x83,CC:BA18,CC:BA2D,22,0x16,CC:BA19,A4_xx_B0,C9:7676,unknown,validated_source_selection_in_structural_record
F83-L012,131,0x83,CC:BA2D,CC:BA42,23,0x17,CC:BA2E,A4_xx_B0,C9:76C9,unknown,validated_source_selection_in_structural_record
F83-L013,131,0x83,CC:BA42,CC:BA5F,24,0x18,CC:BA47,A4_xx_B2_dd_A4_yy:first,C9:771D,unknown,validated_source_selection_in_structural_record
F83-L013,131,0x83,CC:BA42,CC:BA5F,25,0x19,CC:BA4B,A4_xx_B0;A4_xx_B2_dd_A4_yy:second,C9:77FD,unknown,validated_source_selection_in_structural_record
F84-L001,132,0x84,CC:BB17,CC:BB4B,0,0x00,CC:BB21,A4_xx_B2_dd_A4_yy:first,C9:74A3,unknown,validated_source_selection_in_structural_record
F84-L001,132,0x84,CC:BB17,CC:BB4B,1,0x01,CC:BB25,A4_xx_B2_dd_A4_yy:first;A4_xx_B2_dd_A4_yy:second,C9:74BB,unknown,validated_source_selection_in_structural_record
F84-L001,132,0x84,CC:BB17,CC:BB4B,2,0x02,CC:BB29,A4_xx_B0;A4_xx_B2_dd_A4_yy:second,C9:7556,unknown,validated_source_selection_in_structural_record
F87-L001,135,0x87,CC:C04E,CC:C094,4,0x04,CC:C080,A4_xx_B2_dd_A4_yy:first,C9:7AD0,unknown,validated_source_selection_in_structural_record
F87-L001,135,0x87,CC:C04E,CC:C094,5,0x05,CC:C084,A4_xx_B0;A4_xx_B2_dd_A4_yy:second,C9:7AF2,unknown,validated_source_selection_in_structural_record
F88-L001,136,0x88,CC:C2FE,CC:C30F,5,0x05,CC:C2FF,A4_xx_B0,C9:7E48,unknown,validated_source_selection_in_structural_record
F88-L002,136,0x88,CC:C30F,CC:C320,6,0x06,CC:C310,A4_xx_B0,C9:7E95,unknown,validated_source_selection_in_structural_record
F88-L003,136,0x88,CC:C320,CC:C331,7,0x07,CC:C321,A4_xx_B0,C9:7EB5,unknown,validated_source_selection_in_structural_record
F89-L001,137,0x89,CC:C5E9,CC:C5FE,0,0x00,CC:C5EA,A4_xx_B0,C9:7E49,unknown,validated_source_selection_in_structural_record
F89-L002,137,0x89,CC:C5FE,CC:C628,2,0x02,CC:C60D,A4_xx_B2_dd_A4_yy:first,C9:7E95,unknown,validated_source_selection_in_structural_record
F89-L002,137,0x89,CC:C5FE,CC:C628,3,0x03,CC:C611,A4_xx_B2_dd_A4_yy:second,C9:7EA6,unknown,validated_source_selection_in_structural_record
F8B-L001,139,0x8B,CC:C799,CC:C807,3,0x03,CC:C7B4,A4_xx_B2_dd_A4_yy:first,C9:81B8,unknown,validated_source_selection_in_structural_record
F8B-L001,139,0x8B,CC:C799,CC:C807,4,0x04,CC:C7B8,A4_xx_B2_dd_A4_yy:second,C9:81F1,unknown,validated_source_selection_in_structural_record
F8B-L001,139,0x8B,CC:C799,CC:C807,9,0x09,CC:C7E6,A4_xx_B2_dd_A4_yy:first,C9:82AC,unknown,validated_source_selection_in_structural_record
F8B-L001,139,0x8B,CC:C799,CC:C807,10,0x0A,CC:C7EA,A4_xx_B0;A4_xx_B2_dd_A4_yy:second,C9:82B8,unknown,validated_source_selection_in_structural_record
F8B-L002,139,0x8B,CC:C807,CC:C840,11,0x0B,CC:C812,A4_xx_B2_dd_A4_yy:first,C9:82C3,unknown,validated_source_selection_in_structural_record
F8B-L002,139,0x8B,CC:C807,CC:C840,12,0x0C,CC:C816,A4_xx_B2_dd_A4_yy:second,C9:82DA,unknown,validated_source_selection_in_structural_record
F8B-L002,139,0x8B,CC:C807,CC:C840,13,0x0D,CC:C81F,A4_xx_B2_dd_A4_yy:first,C9:831A,unknown,validated_source_selection_in_structural_record
F8B-L002,139,0x8B,CC:C807,CC:C840,14,0x0E,CC:C823,A4_xx_B0;A4_xx_B2_dd_A4_yy:second,C9:8341,unknown,validated_source_selection_in_structural_record
F8B-L003,139,0x8B,CC:C840,CC:C879,15,0x0F,CC:C84B,A4_xx_B2_dd_A4_yy:first,C9:8394,unknown,validated_source_selection_in_structural_record
F8B-L003,139,0x8B,CC:C840,CC:C879,16,0x10,CC:C84F,A4_xx_B2_dd_A4_yy:second,C9:83BF,unknown,validated_source_selection_in_structural_record
F8B-L003,139,0x8B,CC:C840,CC:C879,17,0x11,CC:C858,A4_xx_B2_dd_A4_yy:first,C9:83EA,unknown,validated_source_selection_in_structural_record
F8B-L003,139,0x8B,CC:C840,CC:C879,18,0x12,CC:C85C,A4_xx_B0;A4_xx_B2_dd_A4_yy:second,C9:84A7,unknown,validated_source_selection_in_structural_record
F8C-L001,140,0x8C,CC:C94A,CC:C95B,0,0x00,CC:C94B,A4_xx_B0,C9:84FF,unknown,validated_source_selection_in_structural_record
F8C-L002,140,0x8C,CC:C95B,CC:C974,1,0x01,CC:C960,A4_xx_B2_dd_A4_yy:first,C9:8551,unknown,validated_source_selection_in_structural_record
F8C-L002,140,0x8C,CC:C95B,CC:C974,2,0x02,CC:C964,A4_xx_B0;A4_xx_B2_dd_A4_yy:second,C9:8574,unknown,validated_source_selection_in_structural_record
F8C-L003,140,0x8C,CC:C974,CC:C98D,3,0x03,CC:C979,A4_xx_B2_dd_A4_yy:first,C9:859C,unknown,validated_source_selection_in_structural_record
F8C-L003,140,0x8C,CC:C974,CC:C98D,4,0x04,CC:C97D,A4_xx_B0;A4_xx_B2_dd_A4_yy:second,C9:85C7,unknown,validated_source_selection_in_structural_record
F8C-L004,140,0x8C,CC:C98D,CC:C9A6,5,0x05,CC:C992,A4_xx_B2_dd_A4_yy:first,C9:85EF,unknown,validated_source_selection_in_structural_record
F8C-L004,140,0x8C,CC:C98D,CC:C9A6,6,0x06,CC:C996,A4_xx_B0;A4_xx_B2_dd_A4_yy:second,C9:8612,unknown,validated_source_selection_in_structural_record
F8C-L005,140,0x8C,CC:C9A6,CC:C9D8,7,0x07,CC:C9AB,A4_xx_B2_dd_A4_yy:first,C9:8696,unknown,validated_source_selection_in_structural_record
F8C-L005,140,0x8C,CC:C9A6,CC:C9D8,8,0x08,CC:C9AF,A4_xx_B2_dd_A4_yy:second,C9:86C6,unknown,validated_source_selection_in_structural_record
F8C-L005,140,0x8C,CC:C9A6,CC:C9D8,11,0x0B,CC:C9C8,A4_xx_B0,C9:86F3,unknown,validated_source_selection_in_structural_record
F8C-L006,140,0x8C,CC:C9D8,CC:C9F7,13,0x0D,CC:C9E3,A4_xx_B2_dd_A4_yy:first,C9:8732,unknown,validated_source_selection_in_structural_record
F8C-L006,140,0x8C,CC:C9D8,CC:C9F7,14,0x0E,CC:C9E7,A4_xx_B0;A4_xx_B2_dd_A4_yy:second,C9:874B,unknown,validated_source_selection_in_structural_record
F8C-L007,140,0x8C,CC:C9F7,CC:CA14,15,0x0F,CC:C9FC,A4_xx_B2_dd_A4_yy:first,C9:874E,unknown,validated_source_selection_in_structural_record
F8C-L007,140,0x8C,CC:C9F7,CC:CA14,16,0x10,CC:CA00,A4_xx_B0;A4_xx_B2_dd_A4_yy:second,C9:8772,unknown,validated_source_selection_in_structural_record
F8D-L001,141,0x8D,CC:CAC7,CC:CAEC,1,0x01,CC:CAD6,A4_xx_B0,C9:88EA,unknown,validated_source_selection_in_structural_record
F8D-L002,141,0x8D,CC:CAEC,CC:CB0B,2,0x02,CC:CAF1,A4_xx_B2_dd_A4_yy:first,C9:8942,unknown,validated_source_selection_in_structural_record
F8D-L002,141,0x8D,CC:CAEC,CC:CB0B,3,0x03,CC:CAF5,A4_xx_B0;A4_xx_B2_dd_A4_yy:second,C9:8984,unknown,validated_source_selection_in_structural_record
F8D-L003,141,0x8D,CC:CB0B,CC:CB2A,4,0x04,CC:CB10,A4_xx_B2_dd_A4_yy:first,C9:89A3,unknown,validated_source_selection_in_structural_record
F8D-L003,141,0x8D,CC:CB0B,CC:CB2A,5,0x05,CC:CB14,A4_xx_B0;A4_xx_B2_dd_A4_yy:second,C9:89BA,unknown,validated_source_selection_in_structural_record
F8D-L004,141,0x8D,CC:CB2A,CC:CB49,6,0x06,CC:CB2F,A4_xx_B2_dd_A4_yy:first,C9:89D9,unknown,validated_source_selection_in_structural_record
F8D-L004,141,0x8D,CC:CB2A,CC:CB49,7,0x07,CC:CB33,A4_xx_B0;A4_xx_B2_dd_A4_yy:second,C9:8A2B,unknown,validated_source_selection_in_structural_record
F8D-L005,141,0x8D,CC:CB49,CC:CBC1,12,0x0C,CC:CB9A,A4_xx_B2_dd_A4_yy:first,C9:8BAA,unknown,validated_source_selection_in_structural_record
F8D-L005,141,0x8D,CC:CB49,CC:CBC1,13,0x0D,CC:CB9E,A4_xx_B2_dd_A4_yy:second,C9:8BDA,unknown,validated_source_selection_in_structural_record
F8D-L005,141,0x8D,CC:CB49,CC:CBC1,14,0x0E,CC:CBA7,A4_xx_B2_dd_A4_yy:first,C9:8C12,unknown,validated_source_selection_in_structural_record
F8D-L005,141,0x8D,CC:CB49,CC:CBC1,15,0x0F,CC:CBAB,A4_xx_B0;A4_xx_B2_dd_A4_yy:second,C9:8C1A,unknown,validated_source_selection_in_structural_record
F8D-L006,141,0x8D,CC:CBC1,CC:CBE1,16,0x10,CC:CBC7,A4_xx_B2_dd_A4_yy:first,C9:8C2C,unknown,validated_source_selection_in_structural_record
F8D-L006,141,0x8D,CC:CBC1,CC:CBE1,17,0x11,CC:CBCB,A4_xx_B0;A4_xx_B2_dd_A4_yy:second,C9:8C36,unknown,validated_source_selection_in_structural_record
F8D-L007,141,0x8D,CC:CBE1,CC:CC01,18,0x12,CC:CBE7,A4_xx_B2_dd_A4_yy:first,C9:8C51,unknown,validated_source_selection_in_structural_record
F8D-L007,141,0x8D,CC:CBE1,CC:CC01,19,0x13,CC:CBEB,A4_xx_B0;A4_xx_B2_dd_A4_yy:second,C9:8CA0,unknown,validated_source_selection_in_structural_record
F8D-L008,141,0x8D,CC:CC01,CC:CC43,21,0x15,CC:CC14,A4_xx_B2_dd_A4_yy:first,C9:8CB9,unknown,validated_source_selection_in_structural_record
F8D-L008,141,0x8D,CC:CC01,CC:CC43,22,0x16,CC:CC18,A4_xx_B2_dd_A4_yy:second,C9:8CC8,unknown,validated_source_selection_in_structural_record
F8D-L008,141,0x8D,CC:CC01,CC:CC43,24,0x18,CC:CC29,A4_xx_B2_dd_A4_yy:first,C9:8D2B,unknown,validated_source_selection_in_structural_record
F8D-L008,141,0x8D,CC:CC01,CC:CC43,25,0x19,CC:CC2D,A4_xx_B0;A4_xx_B2_dd_A4_yy:second,C9:8D45,unknown,validated_source_selection_in_structural_record
F8E-L001,142,0x8E,CC:CD11,CC:CD2E,0,0x00,CC:CD12,A4_xx_B0,C9:8C13,unknown,validated_source_selection_in_structural_record
F8E-L003,142,0x8E,CC:CD62,CC:CD83,4,0x04,CC:CD6F,A4_xx_B2_dd_A4_yy:first,C9:8D05,unknown,validated_source_selection_in_structural_record
F8E-L003,142,0x8E,CC:CD62,CC:CD83,5,0x05,CC:CD73,A4_xx_B0;A4_xx_B2_dd_A4_yy:second,C9:8D39,unknown,validated_source_selection_in_structural_record
F8E-L004,142,0x8E,CC:CD83,CC:CDA2,7,0x07,CC:CD92,A4_xx_B0,C9:8DC3,unknown,validated_source_selection_in_structural_record
F8E-L005,142,0x8E,CC:CDA2,CC:CDB3,8,0x08,CC:CDA3,A4_xx_B0,C9:8E0F,unknown,validated_source_selection_in_structural_record
F8E-L006,142,0x8E,CC:CDB3,CC:CDDC,10,0x0A,CC:CDC2,A4_xx_B0,C9:8E82,unknown,validated_source_selection_in_structural_record
F8F-L001,143,0x8F,CC:CEF6,CC:CF07,0,0x00,CC:CEF7,A4_xx_B0,C9:906B,unknown,validated_source_selection_in_structural_record
F8F-L002,143,0x8F,CC:CF07,CC:CF18,1,0x01,CC:CF08,A4_xx_B0,C9:9087,unknown,validated_source_selection_in_structural_record
F8F-L003,143,0x8F,CC:CF18,CC:CF29,2,0x02,CC:CF19,A4_xx_B0,C9:908C,unknown,validated_source_selection_in_structural_record
F8F-L004,143,0x8F,CC:CF29,CC:CF3A,3,0x03,CC:CF2A,A4_xx_B0,C9:908F,unknown,validated_source_selection_in_structural_record
F8F-L005,143,0x8F,CC:CF3A,CC:CF59,5,0x05,CC:CF49,A4_xx_B0,C9:90EC,unknown,validated_source_selection_in_structural_record
F8F-L006,143,0x8F,CC:CF59,CC:CF6A,6,0x06,CC:CF5A,A4_xx_B0,C9:9110,unknown,validated_source_selection_in_structural_record
F8F-L007,143,0x8F,CC:CF6A,CC:CF7B,7,0x07,CC:CF6B,A4_xx_B0,C9:9133,unknown,validated_source_selection_in_structural_record
F91-L001,145,0x91,CC:D388,CC:D3BD,2,0x02,CC:D3A9,A4_xx_B0,C9:918F,unknown,validated_source_selection_in_structural_record
F92-L001,146,0x92,CC:D540,CC:D58C,2,0x02,CC:D554,A4_xx_B0,C9:945D,unknown,validated_source_selection_in_structural_record
F92-L001,146,0x92,CC:D540,CC:D58C,7,0x07,CC:D578,A4_xx_B2_dd_A4_yy:first,C9:94E7,unknown,validated_source_selection_in_structural_record
F92-L001,146,0x92,CC:D540,CC:D58C,8,0x08,CC:D57C,A4_xx_B0;A4_xx_B2_dd_A4_yy:second,C9:94F2,unknown,validated_source_selection_in_structural_record
F95-L001,149,0x95,CC:DB54,CC:DB69,4,0x04,CC:DB55,A4_xx_B0,C9:96C5,unknown,validated_source_selection_in_structural_record
F97-L001,151,0x97,CC:DEC1,CC:DEE4,6,0x06,CC:DED0,A4_xx_B0,C9:9D69,unknown,validated_source_selection_in_structural_record
F9A-L005,154,0x9A,CC:EA97,CC:EAA8,5,0x05,CC:EA98,A4_xx_B0,C9:9D6F,unknown,validated_source_selection_in_structural_record
F9A-L006,154,0x9A,CC:EAA8,CC:EAB9,6,0x06,CC:EAA9,A4_xx_B0,C9:9D98,unknown,validated_source_selection_in_structural_record
F9A-L007,154,0x9A,CC:EAB9,CC:EACA,7,0x07,CC:EABA,A4_xx_B0,C9:9D9D,unknown,validated_source_selection_in_structural_record
F9A-L008,154,0x9A,CC:EACA,CC:EADB,8,0x08,CC:EACB,A4_xx_B0,C9:9DA2,unknown,validated_source_selection_in_structural_record
F9A-L009,154,0x9A,CC:EADB,CC:EAEC,9,0x09,CC:EADC,A4_xx_B0,C9:9DA7,unknown,validated_source_selection_in_structural_record
F9A-L010,154,0x9A,CC:EAEC,CC:EAFD,10,0x0A,CC:EAED,A4_xx_B0,C9:9DB4,unknown,validated_source_selection_in_structural_record
F9A-L011,154,0x9A,CC:EAFD,CC:EB0E,11,0x0B,CC:EAFE,A4_xx_B0,C9:9DB6,unknown,validated_source_selection_in_structural_record
F9A-L012,154,0x9A,CC:EB0E,CC:EB52,12,0x0C,CC:EB0F,A4_xx_B0,C9:9DB8,unknown,validated_source_selection_in_structural_record
F9A-L016,154,0x9A,CC:EB99,CC:EBAA,14,0x0E,CC:EB9A,A4_xx_B0,C9:9DDA,unknown,validated_source_selection_in_structural_record
F9A-L017,154,0x9A,CC:EBAA,CC:EBBB,15,0x0F,CC:EBAB,A4_xx_B0,C9:9DDE,unknown,validated_source_selection_in_structural_record
F9A-L018,154,0x9A,CC:EBBB,CC:EBCC,16,0x10,CC:EBBC,A4_xx_B0,C9:9DE3,unknown,validated_source_selection_in_structural_record
F9A-L019,154,0x9A,CC:EBCC,CC:EBE1,17,0x11,CC:EBCD,A4_xx_B0,C9:9DE6,unknown,validated_source_selection_in_structural_record
F9B-L004,155,0x9B,CC:F176,CC:F1C2,4,0x04,CC:F1A2,A4_xx_keyed_dispatch_target:key_6C,C9:A870,unknown,validated_source_selection_in_structural_record
F9B-L005,155,0x9B,CC:F1C2,CC:F1D3,5,0x05,CC:F1C3,A4_xx_B0,C9:A8A0,unknown,validated_source_selection_in_structural_record
F9B-L006,155,0x9B,CC:F1D3,CC:F1E4,6,0x06,CC:F1D4,A4_xx_B0,C9:AA5E,unknown,validated_source_selection_in_structural_record
F9B-L007,155,0x9B,CC:F1E4,CC:F1F5,7,0x07,CC:F1E5,A4_xx_B0,C9:AA5F,unknown,validated_source_selection_in_structural_record
F9B-L008,155,0x9B,CC:F1F5,CC:F206,8,0x08,CC:F1F6,A4_xx_B0,C9:ABA5,unknown,validated_source_selection_in_structural_record
F9B-L009,155,0x9B,CC:F206,CC:F217,9,0x09,CC:F207,A4_xx_B0,C9:ABC6,unknown,validated_source_selection_in_structural_record
F9B-L010,155,0x9B,CC:F217,CC:F228,10,0x0A,CC:F218,A4_xx_B0,C9:ABDA,unknown,validated_source_selection_in_structural_record
F9B-L011,155,0x9B,CC:F228,CC:F239,11,0x0B,CC:F229,A4_xx_B0,C9:ABF7,unknown,validated_source_selection_in_structural_record
F9B-L012,155,0x9B,CC:F239,CC:F24A,12,0x0C,CC:F23A,A4_xx_B0,C9:AC01,unknown,validated_source_selection_in_structural_record
F9B-L013,155,0x9B,CC:F24A,CC:F25B,13,0x0D,CC:F24B,A4_xx_B0,C9:AC55,unknown,validated_source_selection_in_structural_record
F9B-L014,155,0x9B,CC:F25B,CC:F26C,14,0x0E,CC:F25C,A4_xx_B0,C9:AC5E,unknown,validated_source_selection_in_structural_record
F9B-L015,155,0x9B,CC:F26C,CC:F27D,15,0x0F,CC:F26D,A4_xx_B0,C9:AC7A,unknown,validated_source_selection_in_structural_record
F9B-L016,155,0x9B,CC:F27D,CC:F2C1,16,0x10,CC:F27E,A4_xx_B0,C9:AC84,unknown,validated_source_selection_in_structural_record
F9B-L021,155,0x9B,CC:F33C,CC:F70B,25,0x19,CC:F3DD,A4_xx_B0,C9:AF65,unknown,validated_source_selection_in_structural_record
F9B-L021,155,0x9B,CC:F33C,CC:F70B,40,0x28,CC:F5AA,A4_xx_B0,C9:B237,unknown,validated_source_selection_in_structural_record
F9B-L022,155,0x9B,CC:F70B,CC:F72F,41,0x29,CC:F70C,A4_xx_B0,C9:B249,unknown,validated_source_selection_in_structural_record
F9B-L023,155,0x9B,CC:F72F,CC:F753,42,0x2A,CC:F730,A4_xx_B0,C9:B26A,unknown,validated_source_selection_in_structural_record
F9B-L024,155,0x9B,CC:F753,CC:F777,43,0x2B,CC:F754,A4_xx_B0,C9:B2DC,unknown,validated_source_selection_in_structural_record
F9B-L025,155,0x9B,CC:F777,CC:F79B,44,0x2C,CC:F778,A4_xx_B0,C9:B2E4,unknown,validated_source_selection_in_structural_record
F9B-L026,155,0x9B,CC:F79B,CC:F7BF,45,0x2D,CC:F79C,A4_xx_B0,C9:B30C,unknown,validated_source_selection_in_structural_record
FA9-L001,169,0xA9,CD:275B,CD:2850,0,0x00,CD:275C,A4_xx_B0,C9:BE1D,unknown,validated_source_selection_in_structural_record
FA9-L001,169,0xA9,CD:275B,CD:2850,3,0x03,CD:27B9,A4_xx_B0,C9:BE90,unknown,validated_source_selection_in_structural_record
FA9-L001,169,0xA9,CD:275B,CD:2850,4,0x04,CD:27BC,A4_xx_keyed_dispatch_target:key_6C,C9:BE9A,unknown,validated_source_selection_in_structural_record
FAE-L001,174,0xAE,CD:3B8B,CD:3BA0,14,0x0E,CD:3B8C,A4_xx_B0,C9:C8CB,unknown,validated_source_selection_in_structural_record
FAE-L002,174,0xAE,CD:3BA0,CD:3BB5,15,0x0F,CD:3BA1,A4_xx_B0,C9:C8E4,unknown,validated_source_selection_in_structural_record
FAE-L003,174,0xAE,CD:3BB5,CD:3BCA,16,0x10,CD:3BB6,A4_xx_B0,C9:C8FE,unknown,validated_source_selection_in_structural_record
FAE-L004,174,0xAE,CD:3BCA,CD:3BDF,17,0x11,CD:3BCB,A4_xx_B0,C9:C914,unknown,validated_source_selection_in_structural_record
FAE-L005,174,0xAE,CD:3BDF,CD:3BF4,18,0x12,CD:3BE0,A4_xx_B0,C9:C91D,unknown,validated_source_selection_in_structural_record
FAE-L006,174,0xAE,CD:3BF4,CD:3C09,19,0x13,CD:3BF5,A4_xx_B0,C9:C91D,unknown,validated_source_selection_in_structural_record
FAF-L001,175,0xAF,CD:3F47,CD:3F9C,0,0x00,CD:3F66,A4_xx_keyed_dispatch_target:key_7C,C9:C6B7,unknown,validated_source_selection_in_structural_record
FAF-L002,175,0xAF,CD:3F9C,CD:3FB1,1,0x01,CD:3F9D,A4_xx_B0,C9:C752,unknown,validated_source_selection_in_structural_record
FB1-L001,177,0xB1,CD:446D,CD:4482,0,0x00,CD:446E,A4_xx_B0,C9:CBFE,unknown,validated_source_selection_in_structural_record
FB1-L002,177,0xB1,CD:4482,CD:4497,1,0x01,CD:4483,A4_xx_B0,C9:CBFF,unknown,validated_source_selection_in_structural_record
FB5-L001,181,0xB5,CD:5077,CD:5088,1,0x01,CD:5078,A4_xx_B0,C9:D11B,unknown,validated_source_selection_in_structural_record
FB5-L002,181,0xB5,CD:5088,CD:5099,2,0x02,CD:5089,A4_xx_B0,C9:D122,unknown,validated_source_selection_in_structural_record
FB5-L003,181,0xB5,CD:5099,CD:50AA,3,0x03,CD:509A,A4_xx_B0,C9:D17D,unknown,validated_source_selection_in_structural_record
FB5-L004,181,0xB5,CD:50AA,CD:50BB,4,0x04,CD:50AB,A4_xx_B0,C9:D19C,unknown,validated_source_selection_in_structural_record
FB5-L005,181,0xB5,CD:50BB,CD:50CC,5,0x05,CD:50BC,A4_xx_B0,C9:D1B9,unknown,validated_source_selection_in_structural_record
FB5-L006,181,0xB5,CD:50CC,CD:50DD,6,0x06,CD:50CD,A4_xx_B0,C9:D1FF,unknown,validated_source_selection_in_structural_record
FB5-L007,181,0xB5,CD:50DD,CD:50FC,8,0x08,CD:50EC,A4_xx_B0,C9:D297,unknown,validated_source_selection_in_structural_record
FB5-L008,181,0xB5,CD:50FC,CD:5124,9,0x09,CD:50FD,A4_xx_B0,C9:D2B3,unknown,validated_source_selection_in_structural_record
FB8-L001,184,0xB8,CD:58E6,CD:5928,10,0x0A,CD:58F3,A4_xx_B2_dd_A4_yy:first,C9:E04F,unknown,validated_source_selection_in_structural_record
FB8-L001,184,0xB8,CD:58E6,CD:5928,11,0x0B,CD:58F7,A4_xx_B2_dd_A4_yy:second,C9:E05A,unknown,validated_source_selection_in_structural_record
FB8-L001,184,0xB8,CD:58E6,CD:5928,12,0x0C,CD:5900,A4_xx_B2_dd_A4_yy:first,C9:E065,unknown,validated_source_selection_in_structural_record
FB8-L001,184,0xB8,CD:58E6,CD:5928,13,0x0D,CD:5904,A4_xx_B2_dd_A4_yy:first;A4_xx_B2_dd_A4_yy:second,C9:E07B,unknown,validated_source_selection_in_structural_record
FB8-L001,184,0xB8,CD:58E6,CD:5928,14,0x0E,CD:5908,A4_xx_B0;A4_xx_B2_dd_A4_yy:second,C9:E095,unknown,validated_source_selection_in_structural_record
FB8-L002,184,0xB8,CD:5928,CD:5961,15,0x0F,CD:5935,A4_xx_B2_dd_A4_yy:first,C9:E0AC,unknown,validated_source_selection_in_structural_record
FB8-L002,184,0xB8,CD:5928,CD:5961,16,0x10,CD:5939,A4_xx_B2_dd_A4_yy:first;A4_xx_B2_dd_A4_yy:second,C9:E0BB,unknown,validated_source_selection_in_structural_record
FB8-L002,184,0xB8,CD:5928,CD:5961,17,0x11,CD:593D,A4_xx_B2_dd_A4_yy:first;A4_xx_B2_dd_A4_yy:second,C9:E0C9,unknown,validated_source_selection_in_structural_record
FB8-L002,184,0xB8,CD:5928,CD:5961,18,0x12,CD:5941,A4_xx_B0;A4_xx_B2_dd_A4_yy:second,C9:E0D1,unknown,validated_source_selection_in_structural_record
FB8-L003,184,0xB8,CD:5961,CD:599A,19,0x13,CD:596E,A4_xx_B2_dd_A4_yy:first,C9:E103,unknown,validated_source_selection_in_structural_record
FB8-L003,184,0xB8,CD:5961,CD:599A,20,0x14,CD:5972,A4_xx_B2_dd_A4_yy:first;A4_xx_B2_dd_A4_yy:second,C9:E10B,unknown,validated_source_selection_in_structural_record
FB8-L003,184,0xB8,CD:5961,CD:599A,21,0x15,CD:5976,A4_xx_B2_dd_A4_yy:first;A4_xx_B2_dd_A4_yy:second,C9:E111,unknown,validated_source_selection_in_structural_record
FB8-L003,184,0xB8,CD:5961,CD:599A,22,0x16,CD:597A,A4_xx_B0;A4_xx_B2_dd_A4_yy:second,C9:E129,unknown,validated_source_selection_in_structural_record
FB8-L004,184,0xB8,CD:599A,CD:59D3,23,0x17,CD:59A7,A4_xx_B2_dd_A4_yy:first,C9:E135,unknown,validated_source_selection_in_structural_record
FB8-L004,184,0xB8,CD:599A,CD:59D3,24,0x18,CD:59AB,A4_xx_B2_dd_A4_yy:first;A4_xx_B2_dd_A4_yy:second,C9:E142,unknown,validated_source_selection_in_structural_record
FB8-L004,184,0xB8,CD:599A,CD:59D3,25,0x19,CD:59AF,A4_xx_B2_dd_A4_yy:first;A4_xx_B2_dd_A4_yy:second,C9:E148,unknown,validated_source_selection_in_structural_record
FB8-L004,184,0xB8,CD:599A,CD:59D3,26,0x1A,CD:59B3,A4_xx_B0;A4_xx_B2_dd_A4_yy:second,C9:E151,unknown,validated_source_selection_in_structural_record
FB8-L005,184,0xB8,CD:59D3,CD:5A15,27,0x1B,CD:59E0,A4_xx_B2_dd_A4_yy:first,C9:E181,unknown,validated_source_selection_in_structural_record
FB8-L005,184,0xB8,CD:59D3,CD:5A15,28,0x1C,CD:59E4,A4_xx_B2_dd_A4_yy:second,C9:E18C,unknown,validated_source_selection_in_structural_record
FB8-L005,184,0xB8,CD:59D3,CD:5A15,29,0x1D,CD:59ED,A4_xx_B2_dd_A4_yy:first,C9:E1C7,unknown,validated_source_selection_in_structural_record
FB8-L005,184,0xB8,CD:59D3,CD:5A15,30,0x1E,CD:59F1,A4_xx_B2_dd_A4_yy:first;A4_xx_B2_dd_A4_yy:second,C9:E1E8,unknown,validated_source_selection_in_structural_record
FB8-L005,184,0xB8,CD:59D3,CD:5A15,31,0x1F,CD:59F5,A4_xx_B0;A4_xx_B2_dd_A4_yy:second,C9:E1F9,unknown,validated_source_selection_in_structural_record
FB8-L006,184,0xB8,CD:5A15,CD:5A4E,32,0x20,CD:5A22,A4_xx_B2_dd_A4_yy:first,C9:E208,unknown,validated_source_selection_in_structural_record
FB8-L006,184,0xB8,CD:5A15,CD:5A4E,33,0x21,CD:5A26,A4_xx_B2_dd_A4_yy:first;A4_xx_B2_dd_A4_yy:second,C9:E219,unknown,validated_source_selection_in_structural_record
FB8-L006,184,0xB8,CD:5A15,CD:5A4E,34,0x22,CD:5A2A,A4_xx_B2_dd_A4_yy:first;A4_xx_B2_dd_A4_yy:second,C9:E258,unknown,validated_source_selection_in_structural_record
FB8-L006,184,0xB8,CD:5A15,CD:5A4E,35,0x23,CD:5A2E,A4_xx_B0;A4_xx_B2_dd_A4_yy:second,C9:E2BB,unknown,validated_source_selection_in_structural_record
FB8-L007,184,0xB8,CD:5A4E,CD:5A7B,36,0x24,CD:5A5B,A4_xx_B2_dd_A4_yy:first,C9:E2BF,unknown,validated_source_selection_in_structural_record
FB8-L007,184,0xB8,CD:5A4E,CD:5A7B,37,0x25,CD:5A5F,A4_xx_B2_dd_A4_yy:first;A4_xx_B2_dd_A4_yy:second,C9:E2EF,unknown,validated_source_selection_in_structural_record
FB8-L007,184,0xB8,CD:5A4E,CD:5A7B,38,0x26,CD:5A63,A4_xx_B2_dd_A4_yy:first;A4_xx_B2_dd_A4_yy:second,C9:E309,unknown,validated_source_selection_in_structural_record
FB8-L007,184,0xB8,CD:5A4E,CD:5A7B,39,0x27,CD:5A67,A4_xx_B0;A4_xx_B2_dd_A4_yy:second,C9:E319,unknown,validated_source_selection_in_structural_record
FB8-L011,184,0xB8,CD:5AE4,CD:5B69,44,0x2C,CD:5AF0,A4_xx_B2_dd_A4_yy:first,C9:E37A,unknown,validated_source_selection_in_structural_record
FB8-L011,184,0xB8,CD:5AE4,CD:5B69,45,0x2D,CD:5AF4,A4_xx_B2_dd_A4_yy:second,C9:E381,unknown,validated_source_selection_in_structural_record
FB8-L011,184,0xB8,CD:5AE4,CD:5B69,46,0x2E,CD:5B2A,A4_xx_B2_dd_A4_yy:first,C9:E391,unknown,validated_source_selection_in_structural_record
FB8-L011,184,0xB8,CD:5AE4,CD:5B69,47,0x2F,CD:5B2E,A4_xx_B0;A4_xx_B2_dd_A4_yy:second,C9:E396,unknown,validated_source_selection_in_structural_record
FBA-L001,186,0xBA,CD:6175,CD:6191,0,0x00,CD:6176,A4_xx_B0,C9:E676,unknown,validated_source_selection_in_structural_record
FBA-L002,186,0xBA,CD:6191,CD:61E0,1,0x01,CD:6192,A4_xx_B0,C9:E68F,unknown,validated_source_selection_in_structural_record
FBA-L003,186,0xBA,CD:61E0,CD:61FD,3,0x03,CD:61E1,A4_xx_B0,C9:E692,unknown,validated_source_selection_in_structural_record
FBA-L005,186,0xBA,CD:621B,CD:6230,4,0x04,CD:621C,A4_xx_B0,C9:E6C1,unknown,validated_source_selection_in_structural_record
FBA-L006,186,0xBA,CD:6230,CD:6248,5,0x05,CD:6231,A4_xx_B0,C9:E6E7,unknown,validated_source_selection_in_structural_record
FBA-L007,186,0xBA,CD:6248,CD:6260,6,0x06,CD:6249,A4_xx_B0,C9:E729,unknown,validated_source_selection_in_structural_record
FBA-L008,186,0xBA,CD:6260,CD:6278,7,0x07,CD:6261,A4_xx_B0,C9:E753,unknown,validated_source_selection_in_structural_record
FBA-L009,186,0xBA,CD:6278,CD:628D,8,0x08,CD:6279,A4_xx_B0,C9:E772,unknown,validated_source_selection_in_structural_record
FBA-L010,186,0xBA,CD:628D,CD:62A9,9,0x09,CD:6292,A4_xx_B0,C9:E7A2,unknown,validated_source_selection_in_structural_record
FBA-L010,186,0xBA,CD:628D,CD:62A9,10,0x0A,CD:6295,A4_xx_B0,C9:E7E5,unknown,validated_source_selection_in_structural_record
FBA-L011,186,0xBA,CD:62A9,CD:62CC,11,0x0B,CD:62AE,A4_xx_B0,C9:E851,unknown,validated_source_selection_in_structural_record
FBA-L011,186,0xBA,CD:62A9,CD:62CC,13,0x0D,CD:62B8,A4_xx_B0,C9:E88C,unknown,validated_source_selection_in_structural_record
FBA-L012,186,0xBA,CD:62CC,CD:62E8,14,0x0E,CD:62D1,A4_xx_B0,C9:E8A0,unknown,validated_source_selection_in_structural_record
FBA-L012,186,0xBA,CD:62CC,CD:62E8,15,0x0F,CD:62D4,A4_xx_B0,C9:E8A2,unknown,validated_source_selection_in_structural_record
FBA-L013,186,0xBA,CD:62E8,CD:62FD,16,0x10,CD:62E9,A4_xx_B0,C9:E8A3,unknown,validated_source_selection_in_structural_record
FBA-L014,186,0xBA,CD:62FD,CD:6312,17,0x11,CD:62FE,A4_xx_B0,C9:E8A5,unknown,validated_source_selection_in_structural_record
FBA-L015,186,0xBA,CD:6312,CD:6327,18,0x12,CD:6313,A4_xx_B0,C9:E8DA,unknown,validated_source_selection_in_structural_record
FBA-L016,186,0xBA,CD:6327,CD:633C,19,0x13,CD:6328,A4_xx_B0,C9:E91F,unknown,validated_source_selection_in_structural_record
FBA-L017,186,0xBA,CD:633C,CD:6351,20,0x14,CD:633D,A4_xx_B0,C9:E976,unknown,validated_source_selection_in_structural_record
FBA-L018,186,0xBA,CD:6351,CD:6366,21,0x15,CD:6352,A4_xx_B0,C9:E98E,unknown,validated_source_selection_in_structural_record
FBA-L019,186,0xBA,CD:6366,CD:6382,22,0x16,CD:636B,A4_xx_B0,C9:E9A6,unknown,validated_source_selection_in_structural_record
FBA-L019,186,0xBA,CD:6366,CD:6382,23,0x17,CD:636E,A4_xx_B0,C9:EA0D,unknown,validated_source_selection_in_structural_record
FBA-L020,186,0xBA,CD:6382,CD:639E,24,0x18,CD:6387,A4_xx_B0,C9:EA64,unknown,validated_source_selection_in_structural_record
FBA-L020,186,0xBA,CD:6382,CD:639E,25,0x19,CD:638A,A4_xx_B0,C9:EAA7,unknown,validated_source_selection_in_structural_record
FBA-L021,186,0xBA,CD:639E,CD:63C1,26,0x1A,CD:63A3,A4_xx_B0,C9:EACE,unknown,validated_source_selection_in_structural_record
FBA-L021,186,0xBA,CD:639E,CD:63C1,28,0x1C,CD:63AD,A4_xx_B0,C9:EAE6,unknown,validated_source_selection_in_structural_record
FBA-L022,186,0xBA,CD:63C1,CD:63DD,29,0x1D,CD:63C6,A4_xx_B0,C9:EAE8,unknown,validated_source_selection_in_structural_record
FBA-L022,186,0xBA,CD:63C1,CD:63DD,30,0x1E,CD:63C9,A4_xx_B0,C9:EAEA,unknown,validated_source_selection_in_structural_record
FBA-L023,186,0xBA,CD:63DD,CD:63F2,31,0x1F,CD:63DE,A4_xx_B0,C9:EB16,unknown,validated_source_selection_in_structural_record
FBA-L024,186,0xBA,CD:63F2,CD:6407,32,0x20,CD:63F3,A4_xx_B0,C9:EB40,unknown,validated_source_selection_in_structural_record
FBA-L025,186,0xBA,CD:6407,CD:641C,33,0x21,CD:6408,A4_xx_B0,C9:EB9F,unknown,validated_source_selection_in_structural_record
FBA-L026,186,0xBA,CD:641C,CD:6431,34,0x22,CD:641D,A4_xx_B0,C9:EBE9,unknown,validated_source_selection_in_structural_record
FBA-L027,186,0xBA,CD:6431,CD:6446,35,0x23,CD:6432,A4_xx_B0,C9:EC00,unknown,validated_source_selection_in_structural_record
FBA-L028,186,0xBA,CD:6446,CD:6462,36,0x24,CD:644B,A4_xx_B0,C9:EC44,unknown,validated_source_selection_in_structural_record
FBA-L028,186,0xBA,CD:6446,CD:6462,37,0x25,CD:644E,A4_xx_B0,C9:EDFF,unknown,validated_source_selection_in_structural_record
FBA-L029,186,0xBA,CD:6462,CD:647E,38,0x26,CD:6467,A4_xx_B0,C9:EE8D,unknown,validated_source_selection_in_structural_record
FBA-L029,186,0xBA,CD:6462,CD:647E,39,0x27,CD:646A,A4_xx_B0,C9:EFC0,unknown,validated_source_selection_in_structural_record
FBA-L030,186,0xBA,CD:647E,CD:649A,40,0x28,CD:6483,A4_xx_B0,C9:EFD4,unknown,validated_source_selection_in_structural_record
FBA-L030,186,0xBA,CD:647E,CD:649A,41,0x29,CD:6486,A4_xx_B0,C9:F282,unknown,validated_source_selection_in_structural_record
FBB-L001,187,0xBB,CD:6753,CD:676B,0,0x00,CD:6754,A4_xx_B0,C9:EBEA,unknown,validated_source_selection_in_structural_record
FBB-L002,187,0xBB,CD:676B,CD:6783,1,0x01,CD:676C,A4_xx_B0,C9:EC2F,unknown,validated_source_selection_in_structural_record
FBB-L003,187,0xBB,CD:6783,CD:6798,2,0x02,CD:6784,A4_xx_B0,C9:EDAB,unknown,validated_source_selection_in_structural_record
FBB-L004,187,0xBB,CD:6798,CD:67AD,3,0x03,CD:6799,A4_xx_B0,C9:EDEA,unknown,validated_source_selection_in_structural_record
FBB-L005,187,0xBB,CD:67AD,CD:67C2,4,0x04,CD:67AE,A4_xx_B0,C9:EE5E,unknown,validated_source_selection_in_structural_record
FBB-L006,187,0xBB,CD:67C2,CD:67D7,5,0x05,CD:67C3,A4_xx_B0,C9:EEB8,unknown,validated_source_selection_in_structural_record
FBB-L007,187,0xBB,CD:67D7,CD:67F3,6,0x06,CD:67DC,A4_xx_B0,C9:EEED,unknown,validated_source_selection_in_structural_record
FBB-L007,187,0xBB,CD:67D7,CD:67F3,7,0x07,CD:67DF,A4_xx_B0,C9:EF43,unknown,validated_source_selection_in_structural_record
FBB-L008,187,0xBB,CD:67F3,CD:680F,8,0x08,CD:67F8,A4_xx_B0,C9:EF74,unknown,validated_source_selection_in_structural_record
FBB-L008,187,0xBB,CD:67F3,CD:680F,9,0x09,CD:67FB,A4_xx_B0,C9:EFB1,unknown,validated_source_selection_in_structural_record
FBB-L009,187,0xBB,CD:680F,CD:6835,10,0x0A,CD:6814,A4_xx_B0,C9:EFDC,unknown,validated_source_selection_in_structural_record
FBB-L009,187,0xBB,CD:680F,CD:6835,12,0x0C,CD:681E,A4_xx_B0,C9:F073,unknown,validated_source_selection_in_structural_record
FBB-L010,187,0xBB,CD:6835,CD:684D,13,0x0D,CD:6836,A4_xx_B0,C9:F0B1,unknown,validated_source_selection_in_structural_record
FBB-L011,187,0xBB,CD:684D,CD:6865,14,0x0E,CD:684E,A4_xx_B0,C9:F0C0,unknown,validated_source_selection_in_structural_record
FBB-L012,187,0xBB,CD:6865,CD:687D,15,0x0F,CD:6866,A4_xx_B0,C9:F109,unknown,validated_source_selection_in_structural_record
FBB-L013,187,0xBB,CD:687D,CD:6892,16,0x10,CD:687E,A4_xx_B0,C9:F125,unknown,validated_source_selection_in_structural_record
FBB-L014,187,0xBB,CD:6892,CD:68AE,17,0x11,CD:6897,A4_xx_B0,C9:F12B,unknown,validated_source_selection_in_structural_record
FBB-L014,187,0xBB,CD:6892,CD:68AE,18,0x12,CD:689A,A4_xx_B0,C9:F14F,unknown,validated_source_selection_in_structural_record
FBB-L015,187,0xBB,CD:68AE,CD:68D8,20,0x14,CD:68BA,A4_xx_B0,C9:F177,unknown,validated_source_selection_in_structural_record
FBB-L015,187,0xBB,CD:68AE,CD:68D8,22,0x16,CD:68C4,A4_xx_B0,C9:F1E3,unknown,validated_source_selection_in_structural_record
FBB-L016,187,0xBB,CD:68D8,CD:68FE,23,0x17,CD:68DD,A4_xx_B0,C9:F1F5,unknown,validated_source_selection_in_structural_record
FBB-L016,187,0xBB,CD:68D8,CD:68FE,25,0x19,CD:68E7,A4_xx_B0,C9:F21B,unknown,validated_source_selection_in_structural_record
FBB-L017,187,0xBB,CD:68FE,CD:6916,26,0x1A,CD:68FF,A4_xx_B0,C9:F24A,unknown,validated_source_selection_in_structural_record
FBB-L018,187,0xBB,CD:6916,CD:692E,27,0x1B,CD:6917,A4_xx_B0,C9:F253,unknown,validated_source_selection_in_structural_record
FBB-L019,187,0xBB,CD:692E,CD:6946,28,0x1C,CD:692F,A4_xx_B0,C9:F266,unknown,validated_source_selection_in_structural_record
FBB-L020,187,0xBB,CD:6946,CD:695B,29,0x1D,CD:6947,A4_xx_B0,C9:F294,unknown,validated_source_selection_in_structural_record
FBB-L021,187,0xBB,CD:695B,CD:6970,30,0x1E,CD:695C,A4_xx_B0,C9:F2A1,unknown,validated_source_selection_in_structural_record
FBB-L022,187,0xBB,CD:6970,CD:6985,31,0x1F,CD:6971,A4_xx_B0,C9:F2E9,unknown,validated_source_selection_in_structural_record
FBC-L001,188,0xBC,CD:6BEF,CD:6C0B,6,0x06,CD:6BF4,A4_xx_B0,C9:F131,unknown,validated_source_selection_in_structural_record
FBC-L001,188,0xBC,CD:6BEF,CD:6C0B,7,0x07,CD:6BF7,A4_xx_B0,C9:F132,unknown,validated_source_selection_in_structural_record
FBC-L002,188,0xBC,CD:6C0B,CD:6C27,8,0x08,CD:6C10,A4_xx_B0,C9:F13B,unknown,validated_source_selection_in_structural_record
FBC-L002,188,0xBC,CD:6C0B,CD:6C27,9,0x09,CD:6C13,A4_xx_B0,C9:F16F,unknown,validated_source_selection_in_structural_record
FC0-L001,192,0xC0,CD:79CA,CD:79DB,0,0x00,CD:79CB,A4_xx_B0,CA:036D,unknown,validated_source_selection_in_structural_record
FC0-L002,192,0xC0,CD:79DB,CD:79EC,1,0x01,CD:79DC,A4_xx_B0,CA:0392,unknown,validated_source_selection_in_structural_record
FC0-L003,192,0xC0,CD:79EC,CD:79FD,2,0x02,CD:79ED,A4_xx_B0,CA:03B3,unknown,validated_source_selection_in_structural_record
FC1-L001,193,0xC1,CD:7C93,CD:7CA4,0,0x00,CD:7C94,A4_xx_B0,CA:03D8,unknown,validated_source_selection_in_structural_record
FC1-L002,193,0xC1,CD:7CA4,CD:7CB5,1,0x01,CD:7CA5,A4_xx_B0,CA:0409,unknown,validated_source_selection_in_structural_record
FC2-L001,194,0xC2,CD:7D9C,CD:7DAD,0,0x00,CD:7D9D,A4_xx_B0,CA:04BD,unknown,validated_source_selection_in_structural_record
FC2-L002,194,0xC2,CD:7DAD,CD:7DBE,1,0x01,CD:7DAE,A4_xx_B0,CA:04D7,unknown,validated_source_selection_in_structural_record
FC2-L003,194,0xC2,CD:7DBE,CD:7DCF,2,0x02,CD:7DBF,A4_xx_B0,CA:0538,unknown,validated_source_selection_in_structural_record
FC3-L001,195,0xC3,CD:7F03,CD:7F14,0,0x00,CD:7F04,A4_xx_B0,CA:0580,unknown,validated_source_selection_in_structural_record
FC3-L002,195,0xC3,CD:7F14,CD:7F25,1,0x01,CD:7F15,A4_xx_B0,CA:05A2,unknown,validated_source_selection_in_structural_record
FC4-L002,196,0xC4,CD:82B1,CD:82C2,2,0x02,CD:82B2,A4_xx_B0,CA:070A,unknown,validated_source_selection_in_structural_record
FC4-L003,196,0xC4,CD:82C2,CD:82D3,3,0x03,CD:82C3,A4_xx_B0,CA:0719,unknown,validated_source_selection_in_structural_record
FC4-L004,196,0xC4,CD:82D3,CD:82F2,5,0x05,CD:82E2,A4_xx_B0,CA:078B,unknown,validated_source_selection_in_structural_record
FC5-L001,197,0xC5,CD:8393,CD:83A4,0,0x00,CD:8394,A4_xx_B0,CA:071A,unknown,validated_source_selection_in_structural_record
FD0-L001,208,0xD0,CD:96C9,CD:96DA,0,0x00,CD:96CA,A4_xx_B0,CA:175E,unknown,validated_source_selection_in_structural_record
FD0-L002,208,0xD0,CD:96DA,CD:96EB,1,0x01,CD:96DB,A4_xx_B0,CA:177D,unknown,validated_source_selection_in_structural_record
FD0-L003,208,0xD0,CD:96EB,CD:96FC,2,0x02,CD:96EC,A4_xx_B0,CA:17A5,unknown,validated_source_selection_in_structural_record
FD0-L004,208,0xD0,CD:96FC,CD:970D,3,0x03,CD:96FD,A4_xx_B0,CA:189E,unknown,validated_source_selection_in_structural_record
FD0-L005,208,0xD0,CD:970D,CD:972C,5,0x05,CD:971C,A4_xx_B0,CA:1915,unknown,validated_source_selection_in_structural_record
FD0-L006,208,0xD0,CD:972C,CD:973D,6,0x06,CD:972D,A4_xx_B0,CA:1950,unknown,validated_source_selection_in_structural_record
FD1-L001,209,0xD1,CD:9802,CD:9821,1,0x01,CD:9809,A4_xx_B2_dd_A4_yy:first,CA:1C80,unknown,validated_source_selection_in_structural_record
FD1-L001,209,0xD1,CD:9802,CD:9821,2,0x02,CD:980D,A4_xx_B0;A4_xx_B2_dd_A4_yy:second,CA:1CF2,unknown,validated_source_selection_in_structural_record
FD1-L002,209,0xD1,CD:9821,CD:9836,3,0x03,CD:9822,A4_xx_B0,CA:1D2D,unknown,validated_source_selection_in_structural_record
FD1-L003,209,0xD1,CD:9836,CD:984B,4,0x04,CD:9837,A4_xx_B0,CA:1D78,unknown,validated_source_selection_in_structural_record
FD1-L004,209,0xD1,CD:984B,CD:9860,5,0x05,CD:984C,A4_xx_B0,CA:1D9C,unknown,validated_source_selection_in_structural_record
FD1-L005,209,0xD1,CD:9860,CD:9886,7,0x07,CD:986E,A4_xx_B2_dd_A4_yy:first,CA:1DE0,unknown,validated_source_selection_in_structural_record
FD1-L005,209,0xD1,CD:9860,CD:9886,8,0x08,CD:9872,A4_xx_B0;A4_xx_B2_dd_A4_yy:second,CA:1E27,unknown,validated_source_selection_in_structural_record
FD1-L006,209,0xD1,CD:9886,CD:98A3,9,0x09,CD:988B,A4_xx_B2_dd_A4_yy:first,CA:1E6A,unknown,validated_source_selection_in_structural_record
FD1-L006,209,0xD1,CD:9886,CD:98A3,10,0x0A,CD:988F,A4_xx_B0;A4_xx_B2_dd_A4_yy:second,CA:1EBD,unknown,validated_source_selection_in_structural_record
FD1-L007,209,0xD1,CD:98A3,CD:98C9,12,0x0C,CD:98B1,A4_xx_B2_dd_A4_yy:first,CA:1F45,unknown,validated_source_selection_in_structural_record
FD1-L007,209,0xD1,CD:98A3,CD:98C9,13,0x0D,CD:98B5,A4_xx_B0;A4_xx_B2_dd_A4_yy:second,CA:1F8F,unknown,validated_source_selection_in_structural_record
FD1-L008,209,0xD1,CD:98C9,CD:98DE,14,0x0E,CD:98CA,A4_xx_B0,CA:1FD5,unknown,validated_source_selection_in_structural_record
FD2-L001,210,0xD2,CD:99AE,CD:99C3,0,0x00,CD:99AF,A4_xx_B0,CA:1DE1,unknown,validated_source_selection_in_structural_record
FD2-L002,210,0xD2,CD:99C3,CD:99D8,1,0x01,CD:99C4,A4_xx_B0,CA:1E27,unknown,validated_source_selection_in_structural_record
FD2-L003,210,0xD2,CD:99D8,CD:99ED,2,0x02,CD:99D9,A4_xx_B0,CA:1E6A,unknown,validated_source_selection_in_structural_record
FD2-L004,210,0xD2,CD:99ED,CD:9A02,3,0x03,CD:99EE,A4_xx_B0,CA:1EBD,unknown,validated_source_selection_in_structural_record
FD2-L005,210,0xD2,CD:9A02,CD:9A17,4,0x04,CD:9A03,A4_xx_B0,CA:1F0B,unknown,validated_source_selection_in_structural_record
FD3-L001,211,0xD3,CD:9AEF,CD:9B04,0,0x00,CD:9AF0,A4_xx_B0,CA:238B,unknown,validated_source_selection_in_structural_record
FD3-L002,211,0xD3,CD:9B04,CD:9B19,1,0x01,CD:9B05,A4_xx_B0,CA:23D3,unknown,validated_source_selection_in_structural_record
FD3-L003,211,0xD3,CD:9B19,CD:9B2E,2,0x02,CD:9B1A,A4_xx_B0,CA:2422,unknown,validated_source_selection_in_structural_record
FD3-L004,211,0xD3,CD:9B2E,CD:9B43,3,0x03,CD:9B2F,A4_xx_B0,CA:2455,unknown,validated_source_selection_in_structural_record
FD3-L005,211,0xD3,CD:9B43,CD:9B69,5,0x05,CD:9B51,A4_xx_B2_dd_A4_yy:first,CA:2483,unknown,validated_source_selection_in_structural_record
FD3-L005,211,0xD3,CD:9B43,CD:9B69,6,0x06,CD:9B55,A4_xx_B0;A4_xx_B2_dd_A4_yy:second,CA:2495,unknown,validated_source_selection_in_structural_record
FD3-L006,211,0xD3,CD:9B69,CD:9B99,8,0x08,CD:9B75,A4_xx_B2_dd_A4_yy:first,CA:2517,unknown,validated_source_selection_in_structural_record
FD3-L006,211,0xD3,CD:9B69,CD:9B99,9,0x09,CD:9B79,A4_xx_B2_dd_A4_yy:second,CA:2567,unknown,validated_source_selection_in_structural_record
FD3-L006,211,0xD3,CD:9B69,CD:9B99,10,0x0A,CD:9B81,A4_xx_B2_dd_A4_yy:first,CA:2588,unknown,validated_source_selection_in_structural_record
FD3-L006,211,0xD3,CD:9B69,CD:9B99,11,0x0B,CD:9B85,A4_xx_B0;A4_xx_B2_dd_A4_yy:second,CA:25AE,unknown,validated_source_selection_in_structural_record
FD3-L007,211,0xD3,CD:9B99,CD:9BAE,12,0x0C,CD:9B9A,A4_xx_B0,CA:25F3,unknown,validated_source_selection_in_structural_record
FD3-L008,211,0xD3,CD:9BAE,CD:9BC3,13,0x0D,CD:9BAF,A4_xx_B0,CA:261B,unknown,validated_source_selection_in_structural_record
FD4-L001,212,0xD4,CD:9D01,CD:9D16,0,0x00,CD:9D02,A4_xx_B0,CA:2518,unknown,validated_source_selection_in_structural_record
FD4-L002,212,0xD4,CD:9D16,CD:9D39,1,0x01,CD:9D17,A4_xx_B0,CA:2567,unknown,validated_source_selection_in_structural_record
FD5-L001,213,0xD5,CD:9F1E,CD:9F2F,0,0x00,CD:9F1F,A4_xx_B0,CA:26C6,unknown,validated_source_selection_in_structural_record
FD5-L002,213,0xD5,CD:9F2F,CD:9F40,1,0x01,CD:9F30,A4_xx_B0,CA:26F6,unknown,validated_source_selection_in_structural_record
FD5-L003,213,0xD5,CD:9F40,CD:9F51,2,0x02,CD:9F41,A4_xx_B0,CA:271D,unknown,validated_source_selection_in_structural_record
FD5-L004,213,0xD5,CD:9F51,CD:9F62,3,0x03,CD:9F52,A4_xx_B0,CA:27B1,unknown,validated_source_selection_in_structural_record
FD5-L005,213,0xD5,CD:9F62,CD:9F73,4,0x04,CD:9F63,A4_xx_B0,CA:27EA,unknown,validated_source_selection_in_structural_record
FD5-L006,213,0xD5,CD:9F73,CD:9F84,5,0x05,CD:9F74,A4_xx_B0,CA:27EF,unknown,validated_source_selection_in_structural_record
FD5-L007,213,0xD5,CD:9F84,CD:9F95,6,0x06,CD:9F85,A4_xx_B0,CA:281D,unknown,validated_source_selection_in_structural_record
FD7-L001,215,0xD7,CD:A19B,CD:A1BD,1,0x01,CD:A1A9,A4_xx_B2_dd_A4_yy:first,CA:2E51,unknown,validated_source_selection_in_structural_record
FD7-L001,215,0xD7,CD:A19B,CD:A1BD,2,0x02,CD:A1AD,A4_xx_B0;A4_xx_B2_dd_A4_yy:second,CA:2E7D,unknown,validated_source_selection_in_structural_record
FD7-L002,215,0xD7,CD:A1BD,CD:A1DF,4,0x04,CD:A1CB,A4_xx_B2_dd_A4_yy:first,CA:2EF5,unknown,validated_source_selection_in_structural_record
FD7-L002,215,0xD7,CD:A1BD,CD:A1DF,5,0x05,CD:A1CF,A4_xx_B0;A4_xx_B2_dd_A4_yy:second,CA:2F2E,unknown,validated_source_selection_in_structural_record
FD7-L003,215,0xD7,CD:A1DF,CD:A201,7,0x07,CD:A1ED,A4_xx_B2_dd_A4_yy:first,CA:2F7A,unknown,validated_source_selection_in_structural_record
FD7-L003,215,0xD7,CD:A1DF,CD:A201,8,0x08,CD:A1F1,A4_xx_B0;A4_xx_B2_dd_A4_yy:second,CA:2FA2,unknown,validated_source_selection_in_structural_record
FD7-L004,215,0xD7,CD:A201,CD:A223,10,0x0A,CD:A20F,A4_xx_B2_dd_A4_yy:first,CA:2FC2,unknown,validated_source_selection_in_structural_record
FD7-L004,215,0xD7,CD:A201,CD:A223,11,0x0B,CD:A213,A4_xx_B0;A4_xx_B2_dd_A4_yy:second,CA:3002,unknown,validated_source_selection_in_structural_record
FD7-L005,215,0xD7,CD:A223,CD:A245,13,0x0D,CD:A231,A4_xx_B2_dd_A4_yy:first,CA:3047,unknown,validated_source_selection_in_structural_record
FD7-L005,215,0xD7,CD:A223,CD:A245,14,0x0E,CD:A235,A4_xx_B0;A4_xx_B2_dd_A4_yy:second,CA:304D,unknown,validated_source_selection_in_structural_record
FD7-L006,215,0xD7,CD:A245,CD:A267,16,0x10,CD:A253,A4_xx_B2_dd_A4_yy:first,CA:3064,unknown,validated_source_selection_in_structural_record
FD7-L006,215,0xD7,CD:A245,CD:A267,17,0x11,CD:A257,A4_xx_B0;A4_xx_B2_dd_A4_yy:second,CA:3073,unknown,validated_source_selection_in_structural_record
FD7-L007,215,0xD7,CD:A267,CD:A289,19,0x13,CD:A275,A4_xx_B2_dd_A4_yy:first,CA:308C,unknown,validated_source_selection_in_structural_record
FD7-L007,215,0xD7,CD:A267,CD:A289,20,0x14,CD:A279,A4_xx_B0;A4_xx_B2_dd_A4_yy:second,CA:30A5,unknown,validated_source_selection_in_structural_record
FD8-L001,216,0xD8,CD:A434,CD:A44D,0,0x00,CD:A439,A4_xx_B2_dd_A4_yy:first,CA:304E,unknown,validated_source_selection_in_structural_record
FD8-L001,216,0xD8,CD:A434,CD:A44D,1,0x01,CD:A43D,A4_xx_B0;A4_xx_B2_dd_A4_yy:second,CA:3073,unknown,validated_source_selection_in_structural_record
FD8-L002,216,0xD8,CD:A44D,CD:A466,2,0x02,CD:A452,A4_xx_B2_dd_A4_yy:first,CA:30BD,unknown,validated_source_selection_in_structural_record
FD8-L002,216,0xD8,CD:A44D,CD:A466,3,0x03,CD:A456,A4_xx_B0;A4_xx_B2_dd_A4_yy:second,CA:32ED,unknown,validated_source_selection_in_structural_record
FD8-L003,216,0xD8,CD:A466,CD:A47F,4,0x04,CD:A46B,A4_xx_B2_dd_A4_yy:first,CA:351C,unknown,validated_source_selection_in_structural_record
FD8-L003,216,0xD8,CD:A466,CD:A47F,5,0x05,CD:A46F,A4_xx_B0;A4_xx_B2_dd_A4_yy:second,CA:35C9,unknown,validated_source_selection_in_structural_record
FD8-L004,216,0xD8,CD:A47F,CD:A498,6,0x06,CD:A484,A4_xx_B2_dd_A4_yy:first,CA:361E,unknown,validated_source_selection_in_structural_record
FD8-L004,216,0xD8,CD:A47F,CD:A498,7,0x07,CD:A488,A4_xx_B0;A4_xx_B2_dd_A4_yy:second,CA:3645,unknown,validated_source_selection_in_structural_record
FD8-L005,216,0xD8,CD:A498,CD:A4B1,8,0x08,CD:A49D,A4_xx_B2_dd_A4_yy:first,CA:365F,unknown,validated_source_selection_in_structural_record
FD8-L005,216,0xD8,CD:A498,CD:A4B1,9,0x09,CD:A4A1,A4_xx_B0;A4_xx_B2_dd_A4_yy:second,CA:3669,unknown,validated_source_selection_in_structural_record
FD8-L006,216,0xD8,CD:A4B1,CD:A4CA,10,0x0A,CD:A4B6,A4_xx_B2_dd_A4_yy:first,CA:36BA,unknown,validated_source_selection_in_structural_record
FD8-L006,216,0xD8,CD:A4B1,CD:A4CA,11,0x0B,CD:A4BA,A4_xx_B0;A4_xx_B2_dd_A4_yy:second,CA:36D0,unknown,validated_source_selection_in_structural_record
FDB-L003,219,0xDB,CD:AE43,CD:AE60,1,0x01,CD:AE48,A4_xx_B2_dd_A4_yy:first,CA:35C9,unknown,validated_source_selection_in_structural_record
FDB-L003,219,0xDB,CD:AE43,CD:AE60,2,0x02,CD:AE4C,A4_xx_B0;A4_xx_B2_dd_A4_yy:second,CA:365F,unknown,validated_source_selection_in_structural_record
FDB-L004,219,0xDB,CD:AE60,CD:AE7D,3,0x03,CD:AE65,A4_xx_B2_dd_A4_yy:first,CA:367A,unknown,validated_source_selection_in_structural_record
FDB-L004,219,0xDB,CD:AE60,CD:AE7D,4,0x04,CD:AE69,A4_xx_B0;A4_xx_B2_dd_A4_yy:second,CA:3690,unknown,validated_source_selection_in_structural_record
FDB-L005,219,0xDB,CD:AE7D,CD:AE9A,5,0x05,CD:AE82,A4_xx_B2_dd_A4_yy:first,CA:369E,unknown,validated_source_selection_in_structural_record
FDB-L005,219,0xDB,CD:AE7D,CD:AE9A,6,0x06,CD:AE86,A4_xx_B0;A4_xx_B2_dd_A4_yy:second,CA:36BF,unknown,validated_source_selection_in_structural_record
FDB-L006,219,0xDB,CD:AE9A,CD:AEB7,7,0x07,CD:AE9F,A4_xx_B2_dd_A4_yy:first,CA:36D4,unknown,validated_source_selection_in_structural_record
FDB-L006,219,0xDB,CD:AE9A,CD:AEB7,8,0x08,CD:AEA3,A4_xx_B0;A4_xx_B2_dd_A4_yy:second,CA:36DE,unknown,validated_source_selection_in_structural_record
FDB-L007,219,0xDB,CD:AEB7,CD:AED4,9,0x09,CD:AEBC,A4_xx_B2_dd_A4_yy:first,CA:36F9,unknown,validated_source_selection_in_structural_record
FDB-L007,219,0xDB,CD:AEB7,CD:AED4,10,0x0A,CD:AEC0,A4_xx_B0;A4_xx_B2_dd_A4_yy:second,CA:374E,unknown,validated_source_selection_in_structural_record
FDB-L008,219,0xDB,CD:AED4,CD:AEF1,11,0x0B,CD:AED9,A4_xx_B2_dd_A4_yy:first,CA:3775,unknown,validated_source_selection_in_structural_record
FDB-L008,219,0xDB,CD:AED4,CD:AEF1,12,0x0C,CD:AEDD,A4_xx_B0;A4_xx_B2_dd_A4_yy:second,CA:3796,unknown,validated_source_selection_in_structural_record
FDB-L009,219,0xDB,CD:AEF1,CD:AF0E,13,0x0D,CD:AEF6,A4_xx_B2_dd_A4_yy:first,CA:37AF,unknown,validated_source_selection_in_structural_record
FDB-L009,219,0xDB,CD:AEF1,CD:AF0E,14,0x0E,CD:AEFA,A4_xx_B0;A4_xx_B2_dd_A4_yy:second,CA:37CC,unknown,validated_source_selection_in_structural_record
FDB-L010,219,0xDB,CD:AF0E,CD:AF2B,15,0x0F,CD:AF13,A4_xx_B2_dd_A4_yy:first,CA:37E1,unknown,validated_source_selection_in_structural_record
FDB-L010,219,0xDB,CD:AF0E,CD:AF2B,16,0x10,CD:AF17,A4_xx_B0;A4_xx_B2_dd_A4_yy:second,CA:37F2,unknown,validated_source_selection_in_structural_record
FDC-L001,220,0xDC,CD:B3F7,CD:B41C,28,0x1C,CD:B400,A4_xx_B2_dd_A4_yy:first,CA:43BB,unknown,validated_source_selection_in_structural_record
FDC-L001,220,0xDC,CD:B3F7,CD:B41C,29,0x1D,CD:B404,A4_xx_B2_dd_A4_yy:first;A4_xx_B2_dd_A4_yy:second,CA:43DC,unknown,validated_source_selection_in_structural_record
FDC-L001,220,0xDC,CD:B3F7,CD:B41C,30,0x1E,CD:B408,A4_xx_B0;A4_xx_B2_dd_A4_yy:second,CA:43F1,unknown,validated_source_selection_in_structural_record
FDC-L002,220,0xDC,CD:B41C,CD:B441,31,0x1F,CD:B425,A4_xx_B2_dd_A4_yy:first,CA:43F4,unknown,validated_source_selection_in_structural_record
FDC-L002,220,0xDC,CD:B41C,CD:B441,32,0x20,CD:B429,A4_xx_B2_dd_A4_yy:first;A4_xx_B2_dd_A4_yy:second,CA:43F7,unknown,validated_source_selection_in_structural_record
FDC-L002,220,0xDC,CD:B41C,CD:B441,33,0x21,CD:B42D,A4_xx_B0;A4_xx_B2_dd_A4_yy:second,CA:4415,unknown,validated_source_selection_in_structural_record
FE0-L001,224,0xE0,CD:BC80,CD:BC99,4,0x04,CD:BC85,A4_xx_B2_dd_A4_yy:first,CA:4A3A,unknown,validated_source_selection_in_structural_record
FE0-L001,224,0xE0,CD:BC80,CD:BC99,5,0x05,CD:BC89,A4_xx_B0;A4_xx_B2_dd_A4_yy:second,CA:4A77,unknown,validated_source_selection_in_structural_record
FE0-L002,224,0xE0,CD:BC99,CD:BCB2,6,0x06,CD:BC9E,A4_xx_B2_dd_A4_yy:first,CA:4A7A,unknown,validated_source_selection_in_structural_record
FE0-L002,224,0xE0,CD:BC99,CD:BCB2,7,0x07,CD:BCA2,A4_xx_B0;A4_xx_B2_dd_A4_yy:second,CA:4A80,unknown,validated_source_selection_in_structural_record
FE0-L003,224,0xE0,CD:BCB2,CD:BCCB,8,0x08,CD:BCB7,A4_xx_B2_dd_A4_yy:first,CA:4AB3,unknown,validated_source_selection_in_structural_record
FE0-L003,224,0xE0,CD:BCB2,CD:BCCB,9,0x09,CD:BCBB,A4_xx_B0;A4_xx_B2_dd_A4_yy:second,CA:4AB7,unknown,validated_source_selection_in_structural_record
FE0-L004,224,0xE0,CD:BCCB,CD:BCFA,12,0x0C,CD:BCE6,A4_xx_B2_dd_A4_yy:first,CA:4B3B,unknown,validated_source_selection_in_structural_record
FE0-L004,224,0xE0,CD:BCCB,CD:BCFA,13,0x0D,CD:BCEA,A4_xx_B0;A4_xx_B2_dd_A4_yy:second,CA:4B68,unknown,validated_source_selection_in_structural_record
FE0-L005,224,0xE0,CD:BCFA,CD:BD29,16,0x10,CD:BD15,A4_xx_B2_dd_A4_yy:first,CA:5034,unknown,validated_source_selection_in_structural_record
FE0-L005,224,0xE0,CD:BCFA,CD:BD29,17,0x11,CD:BD19,A4_xx_B0;A4_xx_B2_dd_A4_yy:second,CA:503E,unknown,validated_source_selection_in_structural_record
FE0-L006,224,0xE0,CD:BD29,CD:BD58,20,0x14,CD:BD44,A4_xx_B2_dd_A4_yy:first,CA:511A,unknown,validated_source_selection_in_structural_record
FE0-L006,224,0xE0,CD:BD29,CD:BD58,21,0x15,CD:BD48,A4_xx_B0;A4_xx_B2_dd_A4_yy:second,CA:5165,unknown,validated_source_selection_in_structural_record
FE0-L007,224,0xE0,CD:BD58,CD:BD87,24,0x18,CD:BD73,A4_xx_B2_dd_A4_yy:first,CA:5423,unknown,validated_source_selection_in_structural_record
FE0-L007,224,0xE0,CD:BD58,CD:BD87,25,0x19,CD:BD77,A4_xx_B0;A4_xx_B2_dd_A4_yy:second,CA:5436,unknown,validated_source_selection_in_structural_record
FE0-L008,224,0xE0,CD:BD87,CD:BDB6,28,0x1C,CD:BDA2,A4_xx_B2_dd_A4_yy:first,CA:5517,unknown,validated_source_selection_in_structural_record
FE0-L008,224,0xE0,CD:BD87,CD:BDB6,29,0x1D,CD:BDA6,A4_xx_B0;A4_xx_B2_dd_A4_yy:second,CA:55C9,unknown,validated_source_selection_in_structural_record
FE0-L009,224,0xE0,CD:BDB6,CD:BE2C,32,0x20,CD:BDD1,A4_xx_B2_dd_A4_yy:first,CA:5852,unknown,validated_source_selection_in_structural_record
FE0-L009,224,0xE0,CD:BDB6,CD:BE2C,33,0x21,CD:BDD5,A4_xx_B0;A4_xx_B2_dd_A4_yy:second,CA:58F5,unknown,validated_source_selection_in_structural_record
FE0-L009,224,0xE0,CD:BDB6,CD:BE2C,34,0x22,CD:BE01,A4_xx_B2_dd_A4_yy:first,CA:5968,unknown,validated_source_selection_in_structural_record
FE0-L009,224,0xE0,CD:BDB6,CD:BE2C,35,0x23,CD:BE05,A4_xx_B0;A4_xx_B2_dd_A4_yy:second,CA:5A95,unknown,validated_source_selection_in_structural_record
FE0-L010,224,0xE0,CD:BE2C,CD:BE59,37,0x25,CD:BE3D,A4_xx_B2_dd_A4_yy:first,CA:5AF8,unknown,validated_source_selection_in_structural_record
FE0-L010,224,0xE0,CD:BE2C,CD:BE59,38,0x26,CD:BE41,A4_xx_B0;A4_xx_B2_dd_A4_yy:second,CA:5B2D,unknown,validated_source_selection_in_structural_record
FE0-L011,224,0xE0,CD:BE59,CD:BE82,39,0x27,CD:BE6A,A4_xx_B2_dd_A4_yy:first,CA:5B64,unknown,validated_source_selection_in_structural_record
FE0-L011,224,0xE0,CD:BE59,CD:BE82,40,0x28,CD:BE6E,A4_xx_B0;A4_xx_B2_dd_A4_yy:second,CA:5B68,unknown,validated_source_selection_in_structural_record
FE1-L002,225,0xE1,CD:C1D2,CD:C1F3,1,0x01,CD:C1DB,A4_xx_B2_dd_A4_yy:first,CA:4C3B,unknown,validated_source_selection_in_structural_record
FE1-L002,225,0xE1,CD:C1D2,CD:C1F3,2,0x02,CD:C1DF,A4_xx_B2_dd_A4_yy:first;A4_xx_B2_dd_A4_yy:second,CA:4CBD,unknown,validated_source_selection_in_structural_record
FE1-L002,225,0xE1,CD:C1D2,CD:C1F3,3,0x03,CD:C1E3,A4_xx_B0;A4_xx_B2_dd_A4_yy:second,CA:4D2F,unknown,validated_source_selection_in_structural_record
FE1-L003,225,0xE1,CD:C1F3,CD:C214,4,0x04,CD:C1FC,A4_xx_B2_dd_A4_yy:first,CA:4D38,unknown,validated_source_selection_in_structural_record
FE1-L003,225,0xE1,CD:C1F3,CD:C214,5,0x05,CD:C200,A4_xx_B2_dd_A4_yy:first;A4_xx_B2_dd_A4_yy:second,CA:4D41,unknown,validated_source_selection_in_structural_record
FE1-L003,225,0xE1,CD:C1F3,CD:C214,6,0x06,CD:C204,A4_xx_B0;A4_xx_B2_dd_A4_yy:second,CA:4D6C,unknown,validated_source_selection_in_structural_record
FE1-L004,225,0xE1,CD:C214,CD:C235,7,0x07,CD:C21D,A4_xx_B2_dd_A4_yy:first,CA:4DE1,unknown,validated_source_selection_in_structural_record
FE1-L004,225,0xE1,CD:C214,CD:C235,8,0x08,CD:C221,A4_xx_B2_dd_A4_yy:first;A4_xx_B2_dd_A4_yy:second,CA:4E07,unknown,validated_source_selection_in_structural_record
FE1-L004,225,0xE1,CD:C214,CD:C235,9,0x09,CD:C225,A4_xx_B0;A4_xx_B2_dd_A4_yy:second,CA:4E30,unknown,validated_source_selection_in_structural_record
FE1-L005,225,0xE1,CD:C235,CD:C25A,10,0x0A,CD:C23E,A4_xx_B2_dd_A4_yy:first,CA:4E7F,unknown,validated_source_selection_in_structural_record
FE1-L005,225,0xE1,CD:C235,CD:C25A,11,0x0B,CD:C242,A4_xx_B2_dd_A4_yy:first;A4_xx_B2_dd_A4_yy:second,CA:4E93,unknown,validated_source_selection_in_structural_record
FE1-L005,225,0xE1,CD:C235,CD:C25A,12,0x0C,CD:C246,A4_xx_B0;A4_xx_B2_dd_A4_yy:second,CA:4EAB,unknown,validated_source_selection_in_structural_record
FE2-L001,226,0xE2,CD:C6F2,CD:C713,7,0x07,CD:C6FB,A4_xx_B2_dd_A4_yy:first,CA:5097,unknown,validated_source_selection_in_structural_record
FE2-L001,226,0xE2,CD:C6F2,CD:C713,8,0x08,CD:C6FF,A4_xx_B2_dd_A4_yy:first;A4_xx_B2_dd_A4_yy:second,CA:50A5,unknown,validated_source_selection_in_structural_record
FE2-L001,226,0xE2,CD:C6F2,CD:C713,9,0x09,CD:C703,A4_xx_B0;A4_xx_B2_dd_A4_yy:second,CA:50B1,unknown,validated_source_selection_in_structural_record
FE2-L002,226,0xE2,CD:C713,CD:C763,10,0x0A,CD:C71C,A4_xx_B2_dd_A4_yy:first,CA:50B5,unknown,validated_source_selection_in_structural_record
FE2-L002,226,0xE2,CD:C713,CD:C763,11,0x0B,CD:C720,A4_xx_B2_dd_A4_yy:first;A4_xx_B2_dd_A4_yy:second,CA:50BC,unknown,validated_source_selection_in_structural_record
FE2-L002,226,0xE2,CD:C713,CD:C763,12,0x0C,CD:C724,A4_xx_B0;A4_xx_B2_dd_A4_yy:second,CA:50C3,unknown,validated_source_selection_in_structural_record
FE9-L001,233,0xE9,CD:DAA1,CD:DABC,0,0x00,CD:DAA2,A4_xx_B0,CA:65F4,unknown,validated_source_selection_in_structural_record
FE9-L002,233,0xE9,CD:DABC,CD:DAD9,1,0x01,CD:DABD,A4_xx_B0,CA:6614,unknown,validated_source_selection_in_structural_record
FE9-L003,233,0xE9,CD:DAD9,CD:DB08,3,0x03,CD:DAE8,A4_xx_B2_dd_A4_yy:first,CA:66A6,unknown,validated_source_selection_in_structural_record
FE9-L003,233,0xE9,CD:DAD9,CD:DB08,4,0x04,CD:DAEC,A4_xx_B0;A4_xx_B2_dd_A4_yy:second,CA:6726,unknown,validated_source_selection_in_structural_record
FEC-L001,236,0xEC,CD:E15E,CD:E1EB,1,0x01,CD:E16D,A4_xx_B0,CA:6B6E,unknown,validated_source_selection_in_structural_record
FEC-L001,236,0xEC,CD:E15E,CD:E1EB,5,0x05,CD:E1A0,A4_xx_B2_dd_A4_yy:first,CA:6C7A,unknown,validated_source_selection_in_structural_record
FEC-L001,236,0xEC,CD:E15E,CD:E1EB,6,0x06,CD:E1A4,A4_xx_B2_dd_A4_yy:second,CA:6C91,unknown,validated_source_selection_in_structural_record
FEC-L001,236,0xEC,CD:E15E,CD:E1EB,7,0x07,CD:E1B7,A4_xx_B2_dd_A4_yy:first,CA:6CB1,unknown,validated_source_selection_in_structural_record
FEC-L001,236,0xEC,CD:E15E,CD:E1EB,8,0x08,CD:E1BB,A4_xx_B0;A4_xx_B2_dd_A4_yy:second,CA:6CC0,unknown,validated_source_selection_in_structural_record
FF3-L001,243,0xF3,CE:0335,CE:0343,0,0x00,CE:0336,A4_xx_B0,CA:96B3,unknown,validated_source_selection_in_structural_record
FF3-L002,243,0xF3,CE:0343,CE:0351,1,0x01,CE:0344,A4_xx_B0,CA:96FC,unknown,validated_source_selection_in_structural_record
FF3-L003,243,0xF3,CE:0351,CE:0362,2,0x02,CE:0352,A4_xx_B0,CA:9712,unknown,validated_source_selection_in_structural_record
FF3-L004,243,0xF3,CE:0362,CE:0373,3,0x03,CE:0363,A4_xx_B0,CA:974C,unknown,validated_source_selection_in_structural_record
FF3-L005,243,0xF3,CE:0373,CE:0384,4,0x04,CE:0374,A4_xx_B0,CA:9774,unknown,validated_source_selection_in_structural_record
FF3-L006,243,0xF3,CE:0384,CE:0395,5,0x05,CE:0385,A4_xx_B0,CA:9796,unknown,validated_source_selection_in_structural_record
FF3-L007,243,0xF3,CE:0395,CE:03A6,6,0x06,CE:0396,A4_xx_B0,CA:97B9,unknown,validated_source_selection_in_structural_record
FF3-L008,243,0xF3,CE:03A6,CE:03B7,7,0x07,CE:03A7,A4_xx_B0,CA:97DA,unknown,validated_source_selection_in_structural_record
FF3-L009,243,0xF3,CE:03B7,CE:03C8,8,0x08,CE:03B8,A4_xx_B0,CA:981B,unknown,validated_source_selection_in_structural_record
FF3-L010,243,0xF3,CE:03C8,CE:03D9,9,0x09,CE:03C9,A4_xx_B0,CA:983E,unknown,validated_source_selection_in_structural_record
FF3-L011,243,0xF3,CE:03D9,CE:03EA,10,0x0A,CE:03DA,A4_xx_B0,CA:987D,unknown,validated_source_selection_in_structural_record
FF4-L001,244,0xF4,CE:04A4,CE:04B2,0,0x00,CE:04A5,A4_xx_B0,CA:987E,unknown,validated_source_selection_in_structural_record
FF4-L002,244,0xF4,CE:04B2,CE:04C3,1,0x01,CE:04B3,A4_xx_B0,CA:98A3,unknown,validated_source_selection_in_structural_record
FF4-L003,244,0xF4,CE:04C3,CE:04D4,2,0x02,CE:04C4,A4_xx_B0,CA:98BE,unknown,validated_source_selection_in_structural_record
FF4-L004,244,0xF4,CE:04D4,CE:04E5,3,0x03,CE:04D5,A4_xx_B0,CA:98DA,unknown,validated_source_selection_in_structural_record
FF4-L005,244,0xF4,CE:04E5,CE:04F6,4,0x04,CE:04E6,A4_xx_B0,CA:98F5,unknown,validated_source_selection_in_structural_record
FF4-L006,244,0xF4,CE:04F6,CE:0507,5,0x05,CE:04F7,A4_xx_B0,CA:9926,unknown,validated_source_selection_in_structural_record
FF4-L007,244,0xF4,CE:0507,CE:0518,6,0x06,CE:0508,A4_xx_B0,CA:9950,unknown,validated_source_selection_in_structural_record
FF4-L008,244,0xF4,CE:0518,CE:052D,7,0x07,CE:0519,A4_xx_B0,CA:9982,unknown,validated_source_selection_in_structural_record
FF4-L009,244,0xF4,CE:052D,CE:0542,8,0x08,CE:052E,A4_xx_B0,CA:99C9,unknown,validated_source_selection_in_structural_record
FF5-L001,245,0xF5,CE:08D9,CE:08EA,0,0x00,CE:08DA,A4_xx_B0,CA:9DB8,unknown,validated_source_selection_in_structural_record
FF5-L002,245,0xF5,CE:08EA,CE:08FB,1,0x01,CE:08EB,A4_xx_B0,CA:9DEE,unknown,validated_source_selection_in_structural_record
FF5-L003,245,0xF5,CE:08FB,CE:090C,2,0x02,CE:08FC,A4_xx_B0,CA:9E0D,unknown,validated_source_selection_in_structural_record
FF5-L004,245,0xF5,CE:090C,CE:091D,3,0x03,CE:090D,A4_xx_B0,CA:9F85,unknown,validated_source_selection_in_structural_record
FF5-L005,245,0xF5,CE:091D,CE:0976,4,0x04,CE:091E,A4_xx_B0,CA:A029,unknown,validated_source_selection_in_structural_record
FF5-L006,245,0xF5,CE:0976,CE:0987,5,0x05,CE:0977,A4_xx_B0,CA:A073,unknown,validated_source_selection_in_structural_record
FF5-L007,245,0xF5,CE:0987,CE:09A2,6,0x06,CE:0988,A4_xx_B0,CA:A0CE,unknown,validated_source_selection_in_structural_record
FF5-L008,245,0xF5,CE:09A2,CE:09BD,7,0x07,CE:09A3,A4_xx_B0,CA:A125,unknown,validated_source_selection_in_structural_record
FF5-L009,245,0xF5,CE:09BD,CE:09D8,8,0x08,CE:09BE,A4_xx_B0,CA:A137,unknown,validated_source_selection_in_structural_record
FF5-L010,245,0xF5,CE:09D8,CE:09F3,9,0x09,CE:09D9,A4_xx_B0,CA:A154,unknown,validated_source_selection_in_structural_record
FF5-L011,245,0xF5,CE:09F3,CE:0A0E,10,0x0A,CE:09F4,A4_xx_B0,CA:A17B,unknown,validated_source_selection_in_structural_record
FF5-L012,245,0xF5,CE:0A0E,CE:0A29,11,0x0B,CE:0A0F,A4_xx_B0,CA:A1C0,unknown,validated_source_selection_in_structural_record
FF5-L013,245,0xF5,CE:0A29,CE:0A44,12,0x0C,CE:0A2A,A4_xx_B0,CA:A1E2,unknown,validated_source_selection_in_structural_record
FF5-L014,245,0xF5,CE:0A44,CE:0A5F,13,0x0D,CE:0A45,A4_xx_B0,CA:A205,unknown,validated_source_selection_in_structural_record
FF5-L015,245,0xF5,CE:0A5F,CE:0A7A,14,0x0E,CE:0A60,A4_xx_B0,CA:A22A,unknown,validated_source_selection_in_structural_record
FF5-L016,245,0xF5,CE:0A7A,CE:0A95,15,0x0F,CE:0A7B,A4_xx_B0,CA:A23C,unknown,validated_source_selection_in_structural_record
FF5-L017,245,0xF5,CE:0A95,CE:0AB0,16,0x10,CE:0A96,A4_xx_B0,CA:A279,unknown,validated_source_selection_in_structural_record
FF5-L018,245,0xF5,CE:0AB0,CE:0ACB,17,0x11,CE:0AB1,A4_xx_B0,CA:A29B,unknown,validated_source_selection_in_structural_record
FF5-L019,245,0xF5,CE:0ACB,CE:0AE6,18,0x12,CE:0ACC,A4_xx_B0,CA:A2BB,unknown,validated_source_selection_in_structural_record
FF5-L020,245,0xF5,CE:0AE6,CE:0B01,19,0x13,CE:0AE7,A4_xx_B0,CA:A2DF,unknown,validated_source_selection_in_structural_record
FF5-L021,245,0xF5,CE:0B01,CE:0B20,20,0x14,CE:0B06,A4_xx_B0,CA:A32A,unknown,validated_source_selection_in_structural_record
FF5-L022,245,0xF5,CE:0B20,CE:0B3B,21,0x15,CE:0B21,A4_xx_B0,CA:A34A,unknown,validated_source_selection_in_structural_record
FF5-L023,245,0xF5,CE:0B3B,CE:0B56,22,0x16,CE:0B3C,A4_xx_B0,CA:A36D,unknown,validated_source_selection_in_structural_record
FF5-L024,245,0xF5,CE:0B56,CE:0B71,23,0x17,CE:0B57,A4_xx_B0,CA:A39B,unknown,validated_source_selection_in_structural_record
FF5-L025,245,0xF5,CE:0B71,CE:0B8C,24,0x18,CE:0B72,A4_xx_B0,CA:A3D5,unknown,validated_source_selection_in_structural_record
FF6-L001,246,0xF6,CE:0C20,CE:0C38,0,0x00,CE:0C21,A4_xx_B0,CA:A02A,unknown,validated_source_selection_in_structural_record
FF9-L001,249,0xF9,CE:1223,CE:123E,0,0x00,CE:122E,A4_xx_B0,CA:A56A,unknown,validated_source_selection_in_structural_record
FF9-L008,249,0xF9,CE:12DF,CE:12FA,7,0x07,CE:12EA,A4_xx_B0,CA:A5AA,unknown,validated_source_selection_in_structural_record
