scene_id,pack_id_hex,config_id,family_hex,record_id,selector_hex,actor_command_offset,actor_command_hex,pre_actor_bytecode,guard_kind,branch_opcode,branch_rel8,branch_semantics,predicate_bytecode,producer_kind,producer_operand,condition_status,condition_expr,flag_spec_hex,flag_wram,flag_bit,state_evaluation,visibility_when_state_unknown,evidence,provenance
cfg_t07_l016_v2@0x2A,0x2A,cfg_t07_l016_v2,0x2A,F2A-L001,0x43,4,59 43 15 03 02 10,2d 68 b3 08,immediate_skip_actor_0x59,B3,0x08,predicate_zero_skips_actor; spawn_when_nonzero,2d 68,0x2D_condition_compare_0306,0x68,confirmed_static_control_partial_predicate,"predicate_2D(operand=0x68,compare_target=$0306) != 0",,,,requires_2D_predicate_semantics_or_runtime_value,candidate,"B3/B4 rel8=0x08 branches over the following 6-byte opcode59 actor command; branch outcome is confirmed, predicate semantics preserved at available confidence",docs/analysis/map_selector_upper_vm_cfg_promotion_20260928.md
cfg_t07_l016_v2@0x2A,0x2A,cfg_t07_l016_v2,0x2A,F2A-L002,0x43,4,59 43 15 03 02 10,2d 6a b3 08,immediate_skip_actor_0x59,B3,0x08,predicate_zero_skips_actor; spawn_when_nonzero,2d 6a,0x2D_condition_compare_0306,0x6A,confirmed_static_control_partial_predicate,"predicate_2D(operand=0x6A,compare_target=$0306) != 0",,,,requires_2D_predicate_semantics_or_runtime_value,candidate,"B3/B4 rel8=0x08 branches over the following 6-byte opcode59 actor command; branch outcome is confirmed, predicate semantics preserved at available confidence",docs/analysis/map_selector_upper_vm_cfg_promotion_20260928.md
cfg_t07_l016_v2@0x2A,0x2A,cfg_t07_l016_v2,0x2A,F2A-L003,0x43,11,59 43 15 03 02 10,2d 6b a3 73 e1 a3 70 e8 e7 b3 08,immediate_skip_actor_0x59,B3,0x08,predicate_zero_skips_actor; spawn_when_nonzero,2d 6b a3 73 e1 a3 70 e8 e7,compound_vm_expression,,confirmed_static_branch_unresolved_predicate,vm_expression(2D 6B A3 73 E1 A3 70 E8 E7) != 0,,,,requires_compound_vm_expression_evaluation,candidate,"B3/B4 rel8=0x08 branches over the following 6-byte opcode59 actor command; branch outcome is confirmed, predicate semantics preserved at available confidence",docs/analysis/map_selector_upper_vm_cfg_promotion_20260928.md
cfg_t07_l016_v2@0x2A,0x2A,cfg_t07_l016_v2,0x2A,F2A-L004,0x43,4,59 43 15 03 02 10,2d 65 b3 08,immediate_skip_actor_0x59,B3,0x08,predicate_zero_skips_actor; spawn_when_nonzero,2d 65,0x2D_condition_compare_0306,0x65,confirmed_static_control_partial_predicate,"predicate_2D(operand=0x65,compare_target=$0306) != 0",,,,requires_2D_predicate_semantics_or_runtime_value,candidate,"B3/B4 rel8=0x08 branches over the following 6-byte opcode59 actor command; branch outcome is confirmed, predicate semantics preserved at available confidence",docs/analysis/map_selector_upper_vm_cfg_promotion_20260928.md
cfg_t07_l016_v2@0x2A,0x2A,cfg_t07_l016_v2,0x2A,F2A-L005,0x43,4,59 43 13 03 02 10,2d 6f b3 08,immediate_skip_actor_0x59,B3,0x08,predicate_zero_skips_actor; spawn_when_nonzero,2d 6f,0x2D_condition_compare_0306,0x6F,confirmed_static_control_partial_predicate,"predicate_2D(operand=0x6F,compare_target=$0306) != 0",,,,requires_2D_predicate_semantics_or_runtime_value,candidate,"B3/B4 rel8=0x08 branches over the following 6-byte opcode59 actor command; branch outcome is confirmed, predicate semantics preserved at available confidence",docs/analysis/map_selector_upper_vm_cfg_promotion_20260928.md
cfg_t07_l016_v2@0x2A,0x2A,cfg_t07_l016_v2,0x2A,F2A-L006,0x23,4,59 23 15 02 02 10,2d 6f b3 08,immediate_skip_actor_0x59,B3,0x08,predicate_zero_skips_actor; spawn_when_nonzero,2d 6f,0x2D_condition_compare_0306,0x6F,confirmed_static_control_partial_predicate,"predicate_2D(operand=0x6F,compare_target=$0306) != 0",,,,requires_2D_predicate_semantics_or_runtime_value,candidate,"B3/B4 rel8=0x08 branches over the following 6-byte opcode59 actor command; branch outcome is confirmed, predicate semantics preserved at available confidence",docs/analysis/map_selector_upper_vm_cfg_promotion_20260928.md
cfg_t07_l016_v2@0x2A,0x2A,cfg_t07_l016_v2,0x2A,F2A-L007,0x43,4,59 43 15 03 02 10,2d 82 b3 08,immediate_skip_actor_0x59,B3,0x08,predicate_zero_skips_actor; spawn_when_nonzero,2d 82,0x2D_condition_compare_0306,0x82,confirmed_static_control_partial_predicate,"predicate_2D(operand=0x82,compare_target=$0306) != 0",,,,requires_2D_predicate_semantics_or_runtime_value,candidate,"B3/B4 rel8=0x08 branches over the following 6-byte opcode59 actor command; branch outcome is confirmed, predicate semantics preserved at available confidence",docs/analysis/map_selector_upper_vm_cfg_promotion_20260928.md
cfg_t07_l016_v2@0x2A,0x2A,cfg_t07_l016_v2,0x2A,F2A-L008,0x43,7,59 43 15 03 02 10,2d 83 a3 b9 e7 b3 08,immediate_skip_actor_0x59,B3,0x08,predicate_zero_skips_actor; spawn_when_nonzero,2d 83 a3 b9 e7,compound_vm_expression,,confirmed_static_branch_unresolved_predicate,vm_expression(2D 83 A3 B9 E7) != 0,,,,requires_compound_vm_expression_evaluation,candidate,"B3/B4 rel8=0x08 branches over the following 6-byte opcode59 actor command; branch outcome is confirmed, predicate semantics preserved at available confidence",docs/analysis/map_selector_upper_vm_cfg_promotion_20260928.md
cfg_t07_l016_v2@0x2A,0x2A,cfg_t07_l016_v2,0x2A,F2A-L009,0x43,7,59 43 11 05 02 10,2d 83 a3 bd e7 b3 08,immediate_skip_actor_0x59,B3,0x08,predicate_zero_skips_actor; spawn_when_nonzero,2d 83 a3 bd e7,compound_vm_expression,,confirmed_static_branch_unresolved_predicate,vm_expression(2D 83 A3 BD E7) != 0,,,,requires_compound_vm_expression_evaluation,candidate,"B3/B4 rel8=0x08 branches over the following 6-byte opcode59 actor command; branch outcome is confirmed, predicate semantics preserved at available confidence",docs/analysis/map_selector_upper_vm_cfg_promotion_20260928.md
cfg_t07_l016_v2@0x2A,0x2A,cfg_t07_l016_v2,0x2A,F2A-L010,0x29,4,59 29 15 03 02 10,2d ca b3 08,immediate_skip_actor_0x59,B3,0x08,predicate_zero_skips_actor; spawn_when_nonzero,2d ca,0x2D_condition_compare_0306,0xCA,confirmed_static_control_partial_predicate,"predicate_2D(operand=0xCA,compare_target=$0306) != 0",,,,requires_2D_predicate_semantics_or_runtime_value,candidate,"B3/B4 rel8=0x08 branches over the following 6-byte opcode59 actor command; branch outcome is confirmed, predicate semantics preserved at available confidence",docs/analysis/map_selector_upper_vm_cfg_promotion_20260928.md
cfg_t07_l016_v2@0x2A,0x2A,cfg_t07_l016_v2,0x2A,F2A-L011,0x43,4,59 43 11 05 02 10,2d ca b3 08,immediate_skip_actor_0x59,B3,0x08,predicate_zero_skips_actor; spawn_when_nonzero,2d ca,0x2D_condition_compare_0306,0xCA,confirmed_static_control_partial_predicate,"predicate_2D(operand=0xCA,compare_target=$0306) != 0",,,,requires_2D_predicate_semantics_or_runtime_value,candidate,"B3/B4 rel8=0x08 branches over the following 6-byte opcode59 actor command; branch outcome is confirmed, predicate semantics preserved at available confidence",docs/analysis/map_selector_upper_vm_cfg_promotion_20260928.md
cfg_t07_l033_v2@0x2C,0x2C,cfg_t07_l033_v2,0x2C,F2C-L001,0x41,19,59 41 04 02 02 10,a0 fd cd cb b6 b3 03 b0 08 b9 13 03 08 b9 13 04 e8 b3 08,immediate_skip_actor_0x59,B3,0x08,predicate_zero_skips_actor; spawn_when_nonzero,a0 fd cd cb b6 b3 03 b0 08 b9 13 03 08 b9 13 04 e8,compound_vm_expression,,confirmed_static_branch_unresolved_predicate,vm_expression(A0 FD CD CB B6 B3 03 B0 08 B9 13 03 08 B9 13 04 E8) != 0,,,,requires_compound_vm_expression_evaluation,candidate,"B3/B4 rel8=0x08 branches over the following 6-byte opcode59 actor command; branch outcome is confirmed, predicate semantics preserved at available confidence",docs/analysis/map_selector_upper_vm_cfg_promotion_20260928.md
cfg_t07_l011_v2@0x2C,0x2C,cfg_t07_l011_v2,0x2C,F2C-L001,0x41,19,59 41 04 02 02 10,a0 fd cd cb b6 b3 03 b0 08 b9 13 03 08 b9 13 04 e8 b3 08,immediate_skip_actor_0x59,B3,0x08,predicate_zero_skips_actor; spawn_when_nonzero,a0 fd cd cb b6 b3 03 b0 08 b9 13 03 08 b9 13 04 e8,compound_vm_expression,,confirmed_static_branch_unresolved_predicate,vm_expression(A0 FD CD CB B6 B3 03 B0 08 B9 13 03 08 B9 13 04 E8) != 0,,,,requires_compound_vm_expression_evaluation,candidate,"B3/B4 rel8=0x08 branches over the following 6-byte opcode59 actor command; branch outcome is confirmed, predicate semantics preserved at available confidence",docs/analysis/map_selector_upper_vm_cfg_promotion_20260928.md
cfg_t07_l033_v2@0x2C,0x2C,cfg_t07_l033_v2,0x2C,F2C-L002,0x3C,6,59 3c 05 03 02 10,08 b9 13 05 b3 08,immediate_skip_actor_0x59,B3,0x08,predicate_zero_skips_actor; spawn_when_nonzero,08 b9 13 05,0x08_condition,0xB91305,confirmed_static_control_partial_predicate,predicate_08(bytes=08 B9 13 05) != 0,,,,requires_08_predicate_semantics_or_runtime_value,candidate,"B3/B4 rel8=0x08 branches over the following 6-byte opcode59 actor command; branch outcome is confirmed, predicate semantics preserved at available confidence",docs/analysis/map_selector_upper_vm_cfg_promotion_20260928.md
cfg_t07_l011_v2@0x2C,0x2C,cfg_t07_l011_v2,0x2C,F2C-L002,0x3C,6,59 3c 05 03 02 10,08 b9 13 05 b3 08,immediate_skip_actor_0x59,B3,0x08,predicate_zero_skips_actor; spawn_when_nonzero,08 b9 13 05,0x08_condition,0xB91305,confirmed_static_control_partial_predicate,predicate_08(bytes=08 B9 13 05) != 0,,,,requires_08_predicate_semantics_or_runtime_value,candidate,"B3/B4 rel8=0x08 branches over the following 6-byte opcode59 actor command; branch outcome is confirmed, predicate semantics preserved at available confidence",docs/analysis/map_selector_upper_vm_cfg_promotion_20260928.md
cfg_t07_l033_v2@0x2C,0x2C,cfg_t07_l033_v2,0x2C,F2C-L003,0x43,9,59 43 07 04 02 10,2d 60 08 b9 13 02 e7 b3 08,immediate_skip_actor_0x59,B3,0x08,predicate_zero_skips_actor; spawn_when_nonzero,2d 60 08 b9 13 02 e7,compound_vm_expression,,confirmed_static_branch_unresolved_predicate,vm_expression(2D 60 08 B9 13 02 E7) != 0,,,,requires_compound_vm_expression_evaluation,candidate,"B3/B4 rel8=0x08 branches over the following 6-byte opcode59 actor command; branch outcome is confirmed, predicate semantics preserved at available confidence",docs/analysis/map_selector_upper_vm_cfg_promotion_20260928.md
cfg_t07_l011_v2@0x2C,0x2C,cfg_t07_l011_v2,0x2C,F2C-L003,0x43,9,59 43 07 04 02 10,2d 60 08 b9 13 02 e7 b3 08,immediate_skip_actor_0x59,B3,0x08,predicate_zero_skips_actor; spawn_when_nonzero,2d 60 08 b9 13 02 e7,compound_vm_expression,,confirmed_static_branch_unresolved_predicate,vm_expression(2D 60 08 B9 13 02 E7) != 0,,,,requires_compound_vm_expression_evaluation,candidate,"B3/B4 rel8=0x08 branches over the following 6-byte opcode59 actor command; branch outcome is confirmed, predicate semantics preserved at available confidence",docs/analysis/map_selector_upper_vm_cfg_promotion_20260928.md
cfg_t07_l033_v2@0x2C,0x2C,cfg_t07_l033_v2,0x2C,F2C-L004,0x5A,9,59 5a 0a 06 02 10,2d 60 08 b9 13 02 e7 b3 08,immediate_skip_actor_0x59,B3,0x08,predicate_zero_skips_actor; spawn_when_nonzero,2d 60 08 b9 13 02 e7,compound_vm_expression,,confirmed_static_branch_unresolved_predicate,vm_expression(2D 60 08 B9 13 02 E7) != 0,,,,requires_compound_vm_expression_evaluation,candidate,"B3/B4 rel8=0x08 branches over the following 6-byte opcode59 actor command; branch outcome is confirmed, predicate semantics preserved at available confidence",docs/analysis/map_selector_upper_vm_cfg_promotion_20260928.md
cfg_t07_l011_v2@0x2C,0x2C,cfg_t07_l011_v2,0x2C,F2C-L004,0x5A,9,59 5a 0a 06 02 10,2d 60 08 b9 13 02 e7 b3 08,immediate_skip_actor_0x59,B3,0x08,predicate_zero_skips_actor; spawn_when_nonzero,2d 60 08 b9 13 02 e7,compound_vm_expression,,confirmed_static_branch_unresolved_predicate,vm_expression(2D 60 08 B9 13 02 E7) != 0,,,,requires_compound_vm_expression_evaluation,candidate,"B3/B4 rel8=0x08 branches over the following 6-byte opcode59 actor command; branch outcome is confirmed, predicate semantics preserved at available confidence",docs/analysis/map_selector_upper_vm_cfg_promotion_20260928.md
cfg_t07_l033_v2@0x2C,0x2C,cfg_t07_l033_v2,0x2C,F2C-L005,0x24,4,59 24 0a 06 02 10,2d 68 b3 08,immediate_skip_actor_0x59,B3,0x08,predicate_zero_skips_actor; spawn_when_nonzero,2d 68,0x2D_condition_compare_0306,0x68,confirmed_static_control_partial_predicate,"predicate_2D(operand=0x68,compare_target=$0306) != 0",,,,requires_2D_predicate_semantics_or_runtime_value,candidate,"B3/B4 rel8=0x08 branches over the following 6-byte opcode59 actor command; branch outcome is confirmed, predicate semantics preserved at available confidence",docs/analysis/map_selector_upper_vm_cfg_promotion_20260928.md
cfg_t07_l011_v2@0x2C,0x2C,cfg_t07_l011_v2,0x2C,F2C-L005,0x24,4,59 24 0a 06 02 10,2d 68 b3 08,immediate_skip_actor_0x59,B3,0x08,predicate_zero_skips_actor; spawn_when_nonzero,2d 68,0x2D_condition_compare_0306,0x68,confirmed_static_control_partial_predicate,"predicate_2D(operand=0x68,compare_target=$0306) != 0",,,,requires_2D_predicate_semantics_or_runtime_value,candidate,"B3/B4 rel8=0x08 branches over the following 6-byte opcode59 actor command; branch outcome is confirmed, predicate semantics preserved at available confidence",docs/analysis/map_selector_upper_vm_cfg_promotion_20260928.md
cfg_t07_l033_v2@0x2C,0x2C,cfg_t07_l033_v2,0x2C,F2C-L006,0x0D,17,59 0d 06 07 02 10,2d 68 a3 2a e1 e7 a3 3e e1 e7 17 07 0d e1 e7 b3 08,immediate_skip_actor_0x59,B3,0x08,predicate_zero_skips_actor; spawn_when_nonzero,2d 68 a3 2a e1 e7 a3 3e e1 e7 17 07 0d e1 e7,compound_vm_expression,,confirmed_static_branch_unresolved_predicate,vm_expression(2D 68 A3 2A E1 E7 A3 3E E1 E7 17 07 0D E1 E7) != 0,,,,requires_compound_vm_expression_evaluation,candidate,"B3/B4 rel8=0x08 branches over the following 6-byte opcode59 actor command; branch outcome is confirmed, predicate semantics preserved at available confidence",docs/analysis/map_selector_upper_vm_cfg_promotion_20260928.md
cfg_t07_l011_v2@0x2C,0x2C,cfg_t07_l011_v2,0x2C,F2C-L006,0x0D,17,59 0d 06 07 02 10,2d 68 a3 2a e1 e7 a3 3e e1 e7 17 07 0d e1 e7 b3 08,immediate_skip_actor_0x59,B3,0x08,predicate_zero_skips_actor; spawn_when_nonzero,2d 68 a3 2a e1 e7 a3 3e e1 e7 17 07 0d e1 e7,compound_vm_expression,,confirmed_static_branch_unresolved_predicate,vm_expression(2D 68 A3 2A E1 E7 A3 3E E1 E7 17 07 0D E1 E7) != 0,,,,requires_compound_vm_expression_evaluation,candidate,"B3/B4 rel8=0x08 branches over the following 6-byte opcode59 actor command; branch outcome is confirmed, predicate semantics preserved at available confidence",docs/analysis/map_selector_upper_vm_cfg_promotion_20260928.md
cfg_t07_l033_v2@0x2C,0x2C,cfg_t07_l033_v2,0x2C,F2C-L007,0x59,4,59 59 07 04 02 10,2d 6a b3 08,immediate_skip_actor_0x59,B3,0x08,predicate_zero_skips_actor; spawn_when_nonzero,2d 6a,0x2D_condition_compare_0306,0x6A,confirmed_static_control_partial_predicate,"predicate_2D(operand=0x6A,compare_target=$0306) != 0",,,,requires_2D_predicate_semantics_or_runtime_value,candidate,"B3/B4 rel8=0x08 branches over the following 6-byte opcode59 actor command; branch outcome is confirmed, predicate semantics preserved at available confidence",docs/analysis/map_selector_upper_vm_cfg_promotion_20260928.md
cfg_t07_l011_v2@0x2C,0x2C,cfg_t07_l011_v2,0x2C,F2C-L007,0x59,4,59 59 07 04 02 10,2d 6a b3 08,immediate_skip_actor_0x59,B3,0x08,predicate_zero_skips_actor; spawn_when_nonzero,2d 6a,0x2D_condition_compare_0306,0x6A,confirmed_static_control_partial_predicate,"predicate_2D(operand=0x6A,compare_target=$0306) != 0",,,,requires_2D_predicate_semantics_or_runtime_value,candidate,"B3/B4 rel8=0x08 branches over the following 6-byte opcode59 actor command; branch outcome is confirmed, predicate semantics preserved at available confidence",docs/analysis/map_selector_upper_vm_cfg_promotion_20260928.md
cfg_t07_l033_v2@0x2C,0x2C,cfg_t07_l033_v2,0x2C,F2C-L008,0x40,4,59 40 0a 06 02 10,2d 6a b3 08,immediate_skip_actor_0x59,B3,0x08,predicate_zero_skips_actor; spawn_when_nonzero,2d 6a,0x2D_condition_compare_0306,0x6A,confirmed_static_control_partial_predicate,"predicate_2D(operand=0x6A,compare_target=$0306) != 0",,,,requires_2D_predicate_semantics_or_runtime_value,candidate,"B3/B4 rel8=0x08 branches over the following 6-byte opcode59 actor command; branch outcome is confirmed, predicate semantics preserved at available confidence",docs/analysis/map_selector_upper_vm_cfg_promotion_20260928.md
cfg_t07_l011_v2@0x2C,0x2C,cfg_t07_l011_v2,0x2C,F2C-L008,0x40,4,59 40 0a 06 02 10,2d 6a b3 08,immediate_skip_actor_0x59,B3,0x08,predicate_zero_skips_actor; spawn_when_nonzero,2d 6a,0x2D_condition_compare_0306,0x6A,confirmed_static_control_partial_predicate,"predicate_2D(operand=0x6A,compare_target=$0306) != 0",,,,requires_2D_predicate_semantics_or_runtime_value,candidate,"B3/B4 rel8=0x08 branches over the following 6-byte opcode59 actor command; branch outcome is confirmed, predicate semantics preserved at available confidence",docs/analysis/map_selector_upper_vm_cfg_promotion_20260928.md
cfg_t07_l033_v2@0x2C,0x2C,cfg_t07_l033_v2,0x2C,F2C-L009,0x3D,11,59 3d 07 04 02 10,2d 6b a3 73 e1 a3 70 e8 e7 b3 08,immediate_skip_actor_0x59,B3,0x08,predicate_zero_skips_actor; spawn_when_nonzero,2d 6b a3 73 e1 a3 70 e8 e7,compound_vm_expression,,confirmed_static_branch_unresolved_predicate,vm_expression(2D 6B A3 73 E1 A3 70 E8 E7) != 0,,,,requires_compound_vm_expression_evaluation,candidate,"B3/B4 rel8=0x08 branches over the following 6-byte opcode59 actor command; branch outcome is confirmed, predicate semantics preserved at available confidence",docs/analysis/map_selector_upper_vm_cfg_promotion_20260928.md
cfg_t07_l011_v2@0x2C,0x2C,cfg_t07_l011_v2,0x2C,F2C-L009,0x3D,11,59 3d 07 04 02 10,2d 6b a3 73 e1 a3 70 e8 e7 b3 08,immediate_skip_actor_0x59,B3,0x08,predicate_zero_skips_actor; spawn_when_nonzero,2d 6b a3 73 e1 a3 70 e8 e7,compound_vm_expression,,confirmed_static_branch_unresolved_predicate,vm_expression(2D 6B A3 73 E1 A3 70 E8 E7) != 0,,,,requires_compound_vm_expression_evaluation,candidate,"B3/B4 rel8=0x08 branches over the following 6-byte opcode59 actor command; branch outcome is confirmed, predicate semantics preserved at available confidence",docs/analysis/map_selector_upper_vm_cfg_promotion_20260928.md
cfg_t07_l033_v2@0x2C,0x2C,cfg_t07_l033_v2,0x2C,F2C-L010,0x40,4,59 40 09 04 02 10,2d 65 b3 08,immediate_skip_actor_0x59,B3,0x08,predicate_zero_skips_actor; spawn_when_nonzero,2d 65,0x2D_condition_compare_0306,0x65,confirmed_static_control_partial_predicate,"predicate_2D(operand=0x65,compare_target=$0306) != 0",,,,requires_2D_predicate_semantics_or_runtime_value,candidate,"B3/B4 rel8=0x08 branches over the following 6-byte opcode59 actor command; branch outcome is confirmed, predicate semantics preserved at available confidence",docs/analysis/map_selector_upper_vm_cfg_promotion_20260928.md
cfg_t07_l011_v2@0x2C,0x2C,cfg_t07_l011_v2,0x2C,F2C-L010,0x40,4,59 40 09 04 02 10,2d 65 b3 08,immediate_skip_actor_0x59,B3,0x08,predicate_zero_skips_actor; spawn_when_nonzero,2d 65,0x2D_condition_compare_0306,0x65,confirmed_static_control_partial_predicate,"predicate_2D(operand=0x65,compare_target=$0306) != 0",,,,requires_2D_predicate_semantics_or_runtime_value,candidate,"B3/B4 rel8=0x08 branches over the following 6-byte opcode59 actor command; branch outcome is confirmed, predicate semantics preserved at available confidence",docs/analysis/map_selector_upper_vm_cfg_promotion_20260928.md
cfg_t07_l033_v2@0x2C,0x2C,cfg_t07_l033_v2,0x2C,F2C-L011,0x5A,4,59 5a 06 06 02 10,2d 65 b3 08,immediate_skip_actor_0x59,B3,0x08,predicate_zero_skips_actor; spawn_when_nonzero,2d 65,0x2D_condition_compare_0306,0x65,confirmed_static_control_partial_predicate,"predicate_2D(operand=0x65,compare_target=$0306) != 0",,,,requires_2D_predicate_semantics_or_runtime_value,candidate,"B3/B4 rel8=0x08 branches over the following 6-byte opcode59 actor command; branch outcome is confirmed, predicate semantics preserved at available confidence",docs/analysis/map_selector_upper_vm_cfg_promotion_20260928.md
cfg_t07_l011_v2@0x2C,0x2C,cfg_t07_l011_v2,0x2C,F2C-L011,0x5A,4,59 5a 06 06 02 10,2d 65 b3 08,immediate_skip_actor_0x59,B3,0x08,predicate_zero_skips_actor; spawn_when_nonzero,2d 65,0x2D_condition_compare_0306,0x65,confirmed_static_control_partial_predicate,"predicate_2D(operand=0x65,compare_target=$0306) != 0",,,,requires_2D_predicate_semantics_or_runtime_value,candidate,"B3/B4 rel8=0x08 branches over the following 6-byte opcode59 actor command; branch outcome is confirmed, predicate semantics preserved at available confidence",docs/analysis/map_selector_upper_vm_cfg_promotion_20260928.md
cfg_t07_l033_v2@0x2C,0x2C,cfg_t07_l033_v2,0x2C,F2C-L012,0x59,9,59 59 06 04 02 10,2d 6f 08 b9 13 02 e7 b3 08,immediate_skip_actor_0x59,B3,0x08,predicate_zero_skips_actor; spawn_when_nonzero,2d 6f 08 b9 13 02 e7,compound_vm_expression,,confirmed_static_branch_unresolved_predicate,vm_expression(2D 6F 08 B9 13 02 E7) != 0,,,,requires_compound_vm_expression_evaluation,candidate,"B3/B4 rel8=0x08 branches over the following 6-byte opcode59 actor command; branch outcome is confirmed, predicate semantics preserved at available confidence",docs/analysis/map_selector_upper_vm_cfg_promotion_20260928.md
cfg_t07_l011_v2@0x2C,0x2C,cfg_t07_l011_v2,0x2C,F2C-L012,0x59,9,59 59 06 04 02 10,2d 6f 08 b9 13 02 e7 b3 08,immediate_skip_actor_0x59,B3,0x08,predicate_zero_skips_actor; spawn_when_nonzero,2d 6f 08 b9 13 02 e7,compound_vm_expression,,confirmed_static_branch_unresolved_predicate,vm_expression(2D 6F 08 B9 13 02 E7) != 0,,,,requires_compound_vm_expression_evaluation,candidate,"B3/B4 rel8=0x08 branches over the following 6-byte opcode59 actor command; branch outcome is confirmed, predicate semantics preserved at available confidence",docs/analysis/map_selector_upper_vm_cfg_promotion_20260928.md
cfg_t07_l033_v2@0x2C,0x2C,cfg_t07_l033_v2,0x2C,F2C-L013,0x40,9,59 40 09 06 02 10,2d 6f 08 b9 13 03 e7 b3 08,immediate_skip_actor_0x59,B3,0x08,predicate_zero_skips_actor; spawn_when_nonzero,2d 6f 08 b9 13 03 e7,compound_vm_expression,,confirmed_static_branch_unresolved_predicate,vm_expression(2D 6F 08 B9 13 03 E7) != 0,,,,requires_compound_vm_expression_evaluation,candidate,"B3/B4 rel8=0x08 branches over the following 6-byte opcode59 actor command; branch outcome is confirmed, predicate semantics preserved at available confidence",docs/analysis/map_selector_upper_vm_cfg_promotion_20260928.md
cfg_t07_l011_v2@0x2C,0x2C,cfg_t07_l011_v2,0x2C,F2C-L013,0x40,9,59 40 09 06 02 10,2d 6f 08 b9 13 03 e7 b3 08,immediate_skip_actor_0x59,B3,0x08,predicate_zero_skips_actor; spawn_when_nonzero,2d 6f 08 b9 13 03 e7,compound_vm_expression,,confirmed_static_branch_unresolved_predicate,vm_expression(2D 6F 08 B9 13 03 E7) != 0,,,,requires_compound_vm_expression_evaluation,candidate,"B3/B4 rel8=0x08 branches over the following 6-byte opcode59 actor command; branch outcome is confirmed, predicate semantics preserved at available confidence",docs/analysis/map_selector_upper_vm_cfg_promotion_20260928.md
cfg_t07_l033_v2@0x2C,0x2C,cfg_t07_l033_v2,0x2C,F2C-L014,0x42,9,59 42 06 06 02 10,2d 6f 08 b9 13 03 e7 b3 08,immediate_skip_actor_0x59,B3,0x08,predicate_zero_skips_actor; spawn_when_nonzero,2d 6f 08 b9 13 03 e7,compound_vm_expression,,confirmed_static_branch_unresolved_predicate,vm_expression(2D 6F 08 B9 13 03 E7) != 0,,,,requires_compound_vm_expression_evaluation,candidate,"B3/B4 rel8=0x08 branches over the following 6-byte opcode59 actor command; branch outcome is confirmed, predicate semantics preserved at available confidence",docs/analysis/map_selector_upper_vm_cfg_promotion_20260928.md
cfg_t07_l011_v2@0x2C,0x2C,cfg_t07_l011_v2,0x2C,F2C-L014,0x42,9,59 42 06 06 02 10,2d 6f 08 b9 13 03 e7 b3 08,immediate_skip_actor_0x59,B3,0x08,predicate_zero_skips_actor; spawn_when_nonzero,2d 6f 08 b9 13 03 e7,compound_vm_expression,,confirmed_static_branch_unresolved_predicate,vm_expression(2D 6F 08 B9 13 03 E7) != 0,,,,requires_compound_vm_expression_evaluation,candidate,"B3/B4 rel8=0x08 branches over the following 6-byte opcode59 actor command; branch outcome is confirmed, predicate semantics preserved at available confidence",docs/analysis/map_selector_upper_vm_cfg_promotion_20260928.md
cfg_t07_l033_v2@0x2C,0x2C,cfg_t07_l033_v2,0x2C,F2C-L015,0x3F,4,59 3f 07 04 02 10,2d 82 b3 08,immediate_skip_actor_0x59,B3,0x08,predicate_zero_skips_actor; spawn_when_nonzero,2d 82,0x2D_condition_compare_0306,0x82,confirmed_static_control_partial_predicate,"predicate_2D(operand=0x82,compare_target=$0306) != 0",,,,requires_2D_predicate_semantics_or_runtime_value,candidate,"B3/B4 rel8=0x08 branches over the following 6-byte opcode59 actor command; branch outcome is confirmed, predicate semantics preserved at available confidence",docs/analysis/map_selector_upper_vm_cfg_promotion_20260928.md
cfg_t07_l011_v2@0x2C,0x2C,cfg_t07_l011_v2,0x2C,F2C-L015,0x3F,4,59 3f 07 04 02 10,2d 82 b3 08,immediate_skip_actor_0x59,B3,0x08,predicate_zero_skips_actor; spawn_when_nonzero,2d 82,0x2D_condition_compare_0306,0x82,confirmed_static_control_partial_predicate,"predicate_2D(operand=0x82,compare_target=$0306) != 0",,,,requires_2D_predicate_semantics_or_runtime_value,candidate,"B3/B4 rel8=0x08 branches over the following 6-byte opcode59 actor command; branch outcome is confirmed, predicate semantics preserved at available confidence",docs/analysis/map_selector_upper_vm_cfg_promotion_20260928.md
cfg_t07_l033_v2@0x2C,0x2C,cfg_t07_l033_v2,0x2C,F2C-L016,0x44,4,59 44 07 04 02 10,2d ca b3 08,immediate_skip_actor_0x59,B3,0x08,predicate_zero_skips_actor; spawn_when_nonzero,2d ca,0x2D_condition_compare_0306,0xCA,confirmed_static_control_partial_predicate,"predicate_2D(operand=0xCA,compare_target=$0306) != 0",,,,requires_2D_predicate_semantics_or_runtime_value,candidate,"B3/B4 rel8=0x08 branches over the following 6-byte opcode59 actor command; branch outcome is confirmed, predicate semantics preserved at available confidence",docs/analysis/map_selector_upper_vm_cfg_promotion_20260928.md
cfg_t07_l011_v2@0x2C,0x2C,cfg_t07_l011_v2,0x2C,F2C-L016,0x44,4,59 44 07 04 02 10,2d ca b3 08,immediate_skip_actor_0x59,B3,0x08,predicate_zero_skips_actor; spawn_when_nonzero,2d ca,0x2D_condition_compare_0306,0xCA,confirmed_static_control_partial_predicate,"predicate_2D(operand=0xCA,compare_target=$0306) != 0",,,,requires_2D_predicate_semantics_or_runtime_value,candidate,"B3/B4 rel8=0x08 branches over the following 6-byte opcode59 actor command; branch outcome is confirmed, predicate semantics preserved at available confidence",docs/analysis/map_selector_upper_vm_cfg_promotion_20260928.md
cfg_t07_l033_v2@0x2C,0x2C,cfg_t07_l033_v2,0x2C,F2C-L017,0x43,4,59 43 06 06 02 10,2d ca b3 08,immediate_skip_actor_0x59,B3,0x08,predicate_zero_skips_actor; spawn_when_nonzero,2d ca,0x2D_condition_compare_0306,0xCA,confirmed_static_control_partial_predicate,"predicate_2D(operand=0xCA,compare_target=$0306) != 0",,,,requires_2D_predicate_semantics_or_runtime_value,candidate,"B3/B4 rel8=0x08 branches over the following 6-byte opcode59 actor command; branch outcome is confirmed, predicate semantics preserved at available confidence",docs/analysis/map_selector_upper_vm_cfg_promotion_20260928.md
cfg_t07_l011_v2@0x2C,0x2C,cfg_t07_l011_v2,0x2C,F2C-L017,0x43,4,59 43 06 06 02 10,2d ca b3 08,immediate_skip_actor_0x59,B3,0x08,predicate_zero_skips_actor; spawn_when_nonzero,2d ca,0x2D_condition_compare_0306,0xCA,confirmed_static_control_partial_predicate,"predicate_2D(operand=0xCA,compare_target=$0306) != 0",,,,requires_2D_predicate_semantics_or_runtime_value,candidate,"B3/B4 rel8=0x08 branches over the following 6-byte opcode59 actor command; branch outcome is confirmed, predicate semantics preserved at available confidence",docs/analysis/map_selector_upper_vm_cfg_promotion_20260928.md
cfg_t07_l033_v2@0x2C,0x2C,cfg_t07_l033_v2,0x2C,F2C-L018,0x24,4,59 24 0a 06 02 10,2d ca b3 08,immediate_skip_actor_0x59,B3,0x08,predicate_zero_skips_actor; spawn_when_nonzero,2d ca,0x2D_condition_compare_0306,0xCA,confirmed_static_control_partial_predicate,"predicate_2D(operand=0xCA,compare_target=$0306) != 0",,,,requires_2D_predicate_semantics_or_runtime_value,candidate,"B3/B4 rel8=0x08 branches over the following 6-byte opcode59 actor command; branch outcome is confirmed, predicate semantics preserved at available confidence",docs/analysis/map_selector_upper_vm_cfg_promotion_20260928.md
cfg_t07_l011_v2@0x2C,0x2C,cfg_t07_l011_v2,0x2C,F2C-L018,0x24,4,59 24 0a 06 02 10,2d ca b3 08,immediate_skip_actor_0x59,B3,0x08,predicate_zero_skips_actor; spawn_when_nonzero,2d ca,0x2D_condition_compare_0306,0xCA,confirmed_static_control_partial_predicate,"predicate_2D(operand=0xCA,compare_target=$0306) != 0",,,,requires_2D_predicate_semantics_or_runtime_value,candidate,"B3/B4 rel8=0x08 branches over the following 6-byte opcode59 actor command; branch outcome is confirmed, predicate semantics preserved at available confidence",docs/analysis/map_selector_upper_vm_cfg_promotion_20260928.md
cfg_t07_l013_v2@0x2D,0x2D,cfg_t07_l013_v2,0x2D,F2D-L001,0x42,19,59 42 07 04 02 10,a0 fd cd cb b6 b3 03 b0 08 b9 13 03 08 b9 13 04 e8 b3 08,immediate_skip_actor_0x59,B3,0x08,predicate_zero_skips_actor; spawn_when_nonzero,a0 fd cd cb b6 b3 03 b0 08 b9 13 03 08 b9 13 04 e8,compound_vm_expression,,confirmed_static_branch_unresolved_predicate,vm_expression(A0 FD CD CB B6 B3 03 B0 08 B9 13 03 08 B9 13 04 E8) != 0,,,,requires_compound_vm_expression_evaluation,candidate,"B3/B4 rel8=0x08 branches over the following 6-byte opcode59 actor command; branch outcome is confirmed, predicate semantics preserved at available confidence",docs/analysis/map_selector_upper_vm_cfg_promotion_20260928.md
cfg_t07_l013_v2@0x2D,0x2D,cfg_t07_l013_v2,0x2D,F2D-L002,0x42,14,59 42 06 04 02 10,a0 fd cd cb b6 b3 03 b0 08 b9 13 05 b3 08,immediate_skip_actor_0x59,B3,0x08,predicate_zero_skips_actor; spawn_when_nonzero,a0 fd cd cb b6 b3 03 b0 08 b9 13 05,compound_vm_expression,,confirmed_static_branch_unresolved_predicate,vm_expression(A0 FD CD CB B6 B3 03 B0 08 B9 13 05) != 0,,,,requires_compound_vm_expression_evaluation,candidate,"B3/B4 rel8=0x08 branches over the following 6-byte opcode59 actor command; branch outcome is confirmed, predicate semantics preserved at available confidence",docs/analysis/map_selector_upper_vm_cfg_promotion_20260928.md
cfg_t07_l013_v2@0x2D,0x2D,cfg_t07_l013_v2,0x2D,F2D-L003,0x42,14,59 42 07 04 02 10,a0 fd cd cb b6 b3 03 b0 08 b9 13 05 b3 08,immediate_skip_actor_0x59,B3,0x08,predicate_zero_skips_actor; spawn_when_nonzero,a0 fd cd cb b6 b3 03 b0 08 b9 13 05,compound_vm_expression,,confirmed_static_branch_unresolved_predicate,vm_expression(A0 FD CD CB B6 B3 03 B0 08 B9 13 05) != 0,,,,requires_compound_vm_expression_evaluation,candidate,"B3/B4 rel8=0x08 branches over the following 6-byte opcode59 actor command; branch outcome is confirmed, predicate semantics preserved at available confidence",docs/analysis/map_selector_upper_vm_cfg_promotion_20260928.md
cfg_t07_l013_v2@0x2D,0x2D,cfg_t07_l013_v2,0x2D,F2D-L004,0x40,6,59 40 06 04 02 10,08 b9 13 0b b3 08,immediate_skip_actor_0x59,B3,0x08,predicate_zero_skips_actor; spawn_when_nonzero,08 b9 13 0b,0x08_condition,0xB9130B,confirmed_static_control_partial_predicate,predicate_08(bytes=08 B9 13 0B) != 0,,,,requires_08_predicate_semantics_or_runtime_value,candidate,"B3/B4 rel8=0x08 branches over the following 6-byte opcode59 actor command; branch outcome is confirmed, predicate semantics preserved at available confidence",docs/analysis/map_selector_upper_vm_cfg_promotion_20260928.md
cfg_t07_l015_v2@0x2E,0x2E,cfg_t07_l015_v2,0x2E,F2E-L001,0x28,4,59 28 03 0a 02 10,2d 6a b3 08,immediate_skip_actor_0x59,B3,0x08,predicate_zero_skips_actor; spawn_when_nonzero,2d 6a,0x2D_condition_compare_0306,0x6A,confirmed_static_control_partial_predicate,"predicate_2D(operand=0x6A,compare_target=$0306) != 0",,,,requires_2D_predicate_semantics_or_runtime_value,candidate,"B3/B4 rel8=0x08 branches over the following 6-byte opcode59 actor command; branch outcome is confirmed, predicate semantics preserved at available confidence",docs/analysis/map_selector_upper_vm_cfg_promotion_20260928.md
cfg_t07_l015_v2@0x2E,0x2E,cfg_t07_l015_v2,0x2E,F2E-L002,0x40,4,59 40 0f 07 02 10,2d 6a b3 08,immediate_skip_actor_0x59,B3,0x08,predicate_zero_skips_actor; spawn_when_nonzero,2d 6a,0x2D_condition_compare_0306,0x6A,confirmed_static_control_partial_predicate,"predicate_2D(operand=0x6A,compare_target=$0306) != 0",,,,requires_2D_predicate_semantics_or_runtime_value,candidate,"B3/B4 rel8=0x08 branches over the following 6-byte opcode59 actor command; branch outcome is confirmed, predicate semantics preserved at available confidence",docs/analysis/map_selector_upper_vm_cfg_promotion_20260928.md
cfg_t07_l015_v2@0x2E,0x2E,cfg_t07_l015_v2,0x2E,F2E-L003,0x23,4,59 23 0b 06 04 10,2d 6f b3 08,immediate_skip_actor_0x59,B3,0x08,predicate_zero_skips_actor; spawn_when_nonzero,2d 6f,0x2D_condition_compare_0306,0x6F,confirmed_static_control_partial_predicate,"predicate_2D(operand=0x6F,compare_target=$0306) != 0",,,,requires_2D_predicate_semantics_or_runtime_value,candidate,"B3/B4 rel8=0x08 branches over the following 6-byte opcode59 actor command; branch outcome is confirmed, predicate semantics preserved at available confidence",docs/analysis/map_selector_upper_vm_cfg_promotion_20260928.md
cfg_t07_l026_v2@0x33,0x33,cfg_t07_l026_v2,0x33,F33-L001,0x44,4,59 44 02 04 02 10,2d 5a b3 08,immediate_skip_actor_0x59,B3,0x08,predicate_zero_skips_actor; spawn_when_nonzero,2d 5a,0x2D_condition_compare_0306,0x5A,confirmed_static_control_partial_predicate,"predicate_2D(operand=0x5A,compare_target=$0306) != 0",,,,requires_2D_predicate_semantics_or_runtime_value,candidate,"B3/B4 rel8=0x08 branches over the following 6-byte opcode59 actor command; branch outcome is confirmed, predicate semantics preserved at available confidence",docs/analysis/map_selector_upper_vm_cfg_promotion_20260928.md
cfg_t07_l026_v2@0x33,0x33,cfg_t07_l026_v2,0x33,F33-L002,0x43,4,59 43 08 04 02 10,2d 5b b3 08,immediate_skip_actor_0x59,B3,0x08,predicate_zero_skips_actor; spawn_when_nonzero,2d 5b,0x2D_condition_compare_0306,0x5B,confirmed_static_control_partial_predicate,"predicate_2D(operand=0x5B,compare_target=$0306) != 0",,,,requires_2D_predicate_semantics_or_runtime_value,candidate,"B3/B4 rel8=0x08 branches over the following 6-byte opcode59 actor command; branch outcome is confirmed, predicate semantics preserved at available confidence",docs/analysis/map_selector_upper_vm_cfg_promotion_20260928.md
cfg_t07_l026_v2@0x33,0x33,cfg_t07_l026_v2,0x33,F33-L003,0x2E,4,59 2e 08 04 02 10,2d 5c b3 08,immediate_skip_actor_0x59,B3,0x08,predicate_zero_skips_actor; spawn_when_nonzero,2d 5c,0x2D_condition_compare_0306,0x5C,confirmed_static_control_partial_predicate,"predicate_2D(operand=0x5C,compare_target=$0306) != 0",,,,requires_2D_predicate_semantics_or_runtime_value,candidate,"B3/B4 rel8=0x08 branches over the following 6-byte opcode59 actor command; branch outcome is confirmed, predicate semantics preserved at available confidence",docs/analysis/map_selector_upper_vm_cfg_promotion_20260928.md
cfg_t07_l026_v2@0x33,0x33,cfg_t07_l026_v2,0x33,F33-L004,0x29,7,59 29 08 04 02 10,2d 5f a3 bd e7 b3 08,immediate_skip_actor_0x59,B3,0x08,predicate_zero_skips_actor; spawn_when_nonzero,2d 5f a3 bd e7,compound_vm_expression,,confirmed_static_branch_unresolved_predicate,vm_expression(2D 5F A3 BD E7) != 0,,,,requires_compound_vm_expression_evaluation,candidate,"B3/B4 rel8=0x08 branches over the following 6-byte opcode59 actor command; branch outcome is confirmed, predicate semantics preserved at available confidence",docs/analysis/map_selector_upper_vm_cfg_promotion_20260928.md
cfg_t07_l026_v2@0x33,0x33,cfg_t07_l026_v2,0x33,F33-L005,0x24,7,59 24 06 04 02 10,2d 5f a3 bd e7 b3 08,immediate_skip_actor_0x59,B3,0x08,predicate_zero_skips_actor; spawn_when_nonzero,2d 5f a3 bd e7,compound_vm_expression,,confirmed_static_branch_unresolved_predicate,vm_expression(2D 5F A3 BD E7) != 0,,,,requires_compound_vm_expression_evaluation,candidate,"B3/B4 rel8=0x08 branches over the following 6-byte opcode59 actor command; branch outcome is confirmed, predicate semantics preserved at available confidence",docs/analysis/map_selector_upper_vm_cfg_promotion_20260928.md
cfg_t07_l026_v2@0x33,0x33,cfg_t07_l026_v2,0x33,F33-L006,0x23,7,59 23 04 04 02 10,2d 5f a3 bd e7 b3 08,immediate_skip_actor_0x59,B3,0x08,predicate_zero_skips_actor; spawn_when_nonzero,2d 5f a3 bd e7,compound_vm_expression,,confirmed_static_branch_unresolved_predicate,vm_expression(2D 5F A3 BD E7) != 0,,,,requires_compound_vm_expression_evaluation,candidate,"B3/B4 rel8=0x08 branches over the following 6-byte opcode59 actor command; branch outcome is confirmed, predicate semantics preserved at available confidence",docs/analysis/map_selector_upper_vm_cfg_promotion_20260928.md
cfg_t07_l022_v2@0x34,0x34,cfg_t07_l022_v2,0x34,F34-L001,0x59,4,59 59 06 04 02 10,2d 5b b3 08,immediate_skip_actor_0x59,B3,0x08,predicate_zero_skips_actor; spawn_when_nonzero,2d 5b,0x2D_condition_compare_0306,0x5B,confirmed_static_control_partial_predicate,"predicate_2D(operand=0x5B,compare_target=$0306) != 0",,,,requires_2D_predicate_semantics_or_runtime_value,candidate,"B3/B4 rel8=0x08 branches over the following 6-byte opcode59 actor command; branch outcome is confirmed, predicate semantics preserved at available confidence",docs/analysis/map_selector_upper_vm_cfg_promotion_20260928.md
cfg_t07_l022_v2@0x34,0x34,cfg_t07_l022_v2,0x34,F34-L002,0x5B,4,59 5b 05 07 02 10,2d 5b b3 08,immediate_skip_actor_0x59,B3,0x08,predicate_zero_skips_actor; spawn_when_nonzero,2d 5b,0x2D_condition_compare_0306,0x5B,confirmed_static_control_partial_predicate,"predicate_2D(operand=0x5B,compare_target=$0306) != 0",,,,requires_2D_predicate_semantics_or_runtime_value,candidate,"B3/B4 rel8=0x08 branches over the following 6-byte opcode59 actor command; branch outcome is confirmed, predicate semantics preserved at available confidence",docs/analysis/map_selector_upper_vm_cfg_promotion_20260928.md
cfg_t07_l022_v2@0x34,0x34,cfg_t07_l022_v2,0x34,F34-L003,0x2E,4,59 2e 06 04 02 10,2d 5c b3 08,immediate_skip_actor_0x59,B3,0x08,predicate_zero_skips_actor; spawn_when_nonzero,2d 5c,0x2D_condition_compare_0306,0x5C,confirmed_static_control_partial_predicate,"predicate_2D(operand=0x5C,compare_target=$0306) != 0",,,,requires_2D_predicate_semantics_or_runtime_value,candidate,"B3/B4 rel8=0x08 branches over the following 6-byte opcode59 actor command; branch outcome is confirmed, predicate semantics preserved at available confidence",docs/analysis/map_selector_upper_vm_cfg_promotion_20260928.md
cfg_t07_l022_v2@0x34,0x34,cfg_t07_l022_v2,0x34,F34-L004,0x43,4,59 43 05 07 02 10,2d 80 b3 08,immediate_skip_actor_0x59,B3,0x08,predicate_zero_skips_actor; spawn_when_nonzero,2d 80,0x2D_condition_compare_0306,0x80,confirmed_static_control_partial_predicate,"predicate_2D(operand=0x80,compare_target=$0306) != 0",,,,requires_2D_predicate_semantics_or_runtime_value,candidate,"B3/B4 rel8=0x08 branches over the following 6-byte opcode59 actor command; branch outcome is confirmed, predicate semantics preserved at available confidence",docs/analysis/map_selector_upper_vm_cfg_promotion_20260928.md
cfg_t07_l022_v2@0x34,0x34,cfg_t07_l022_v2,0x34,F34-L005,0x2E,4,59 2e 06 04 02 10,2d 5d b3 08,immediate_skip_actor_0x59,B3,0x08,predicate_zero_skips_actor; spawn_when_nonzero,2d 5d,0x2D_condition_compare_0306,0x5D,confirmed_static_control_partial_predicate,"predicate_2D(operand=0x5D,compare_target=$0306) != 0",,,,requires_2D_predicate_semantics_or_runtime_value,candidate,"B3/B4 rel8=0x08 branches over the following 6-byte opcode59 actor command; branch outcome is confirmed, predicate semantics preserved at available confidence",docs/analysis/map_selector_upper_vm_cfg_promotion_20260928.md
cfg_t07_l022_v2@0x34,0x34,cfg_t07_l022_v2,0x34,F34-L006,0x2E,4,59 2e 05 07 02 10,2d 5e b3 08,immediate_skip_actor_0x59,B3,0x08,predicate_zero_skips_actor; spawn_when_nonzero,2d 5e,0x2D_condition_compare_0306,0x5E,confirmed_static_control_partial_predicate,"predicate_2D(operand=0x5E,compare_target=$0306) != 0",,,,requires_2D_predicate_semantics_or_runtime_value,candidate,"B3/B4 rel8=0x08 branches over the following 6-byte opcode59 actor command; branch outcome is confirmed, predicate semantics preserved at available confidence",docs/analysis/map_selector_upper_vm_cfg_promotion_20260928.md
cfg_t07_l022_v2@0x34,0x34,cfg_t07_l022_v2,0x34,F34-L007,0x2E,4,59 2e 06 04 02 10,2d 5f b3 08,immediate_skip_actor_0x59,B3,0x08,predicate_zero_skips_actor; spawn_when_nonzero,2d 5f,0x2D_condition_compare_0306,0x5F,confirmed_static_control_partial_predicate,"predicate_2D(operand=0x5F,compare_target=$0306) != 0",,,,requires_2D_predicate_semantics_or_runtime_value,candidate,"B3/B4 rel8=0x08 branches over the following 6-byte opcode59 actor command; branch outcome is confirmed, predicate semantics preserved at available confidence",docs/analysis/map_selector_upper_vm_cfg_promotion_20260928.md
cfg_t07_l022_v2@0x34,0x34,cfg_t07_l022_v2,0x34,F34-L008,0x55,7,59 55 05 07 02 10,2d 5f a3 bd e7 b3 08,immediate_skip_actor_0x59,B3,0x08,predicate_zero_skips_actor; spawn_when_nonzero,2d 5f a3 bd e7,compound_vm_expression,,confirmed_static_branch_unresolved_predicate,vm_expression(2D 5F A3 BD E7) != 0,,,,requires_compound_vm_expression_evaluation,candidate,"B3/B4 rel8=0x08 branches over the following 6-byte opcode59 actor command; branch outcome is confirmed, predicate semantics preserved at available confidence",docs/analysis/map_selector_upper_vm_cfg_promotion_20260928.md
cfg_t07_l022_v2@0x34,0x34,cfg_t07_l022_v2,0x34,F34-L009,0x42,7,59 42 06 06 02 10,2d 5f a3 bd e7 b3 08,immediate_skip_actor_0x59,B3,0x08,predicate_zero_skips_actor; spawn_when_nonzero,2d 5f a3 bd e7,compound_vm_expression,,confirmed_static_branch_unresolved_predicate,vm_expression(2D 5F A3 BD E7) != 0,,,,requires_compound_vm_expression_evaluation,candidate,"B3/B4 rel8=0x08 branches over the following 6-byte opcode59 actor command; branch outcome is confirmed, predicate semantics preserved at available confidence",docs/analysis/map_selector_upper_vm_cfg_promotion_20260928.md
cfg_t07_l023_v2@0x35,0x35,cfg_t07_l023_v2,0x35,F35-L001,0x2E,11,59 2e 03 03 02 10,08 b9 13 03 08 b9 13 04 e8 b3 08,immediate_skip_actor_0x59,B3,0x08,predicate_zero_skips_actor; spawn_when_nonzero,08 b9 13 03 08 b9 13 04 e8,compound_vm_expression,,confirmed_static_branch_unresolved_predicate,vm_expression(08 B9 13 03 08 B9 13 04 E8) != 0,,,,requires_compound_vm_expression_evaluation,candidate,"B3/B4 rel8=0x08 branches over the following 6-byte opcode59 actor command; branch outcome is confirmed, predicate semantics preserved at available confidence",docs/analysis/map_selector_upper_vm_cfg_promotion_20260928.md
cfg_t54_l190_v2@0x38,0x38,cfg_t54_l190_v2,0x38,F38-L001,0x39,4,59 39 2a 35 02 10,2d d8 b3 08,immediate_skip_actor_0x59,B3,0x08,predicate_zero_skips_actor; spawn_when_nonzero,2d d8,0x2D_condition_compare_0306,0xD8,confirmed_static_control_partial_predicate,"predicate_2D(operand=0xD8,compare_target=$0306) != 0",,,,requires_2D_predicate_semantics_or_runtime_value,candidate,"B3/B4 rel8=0x08 branches over the following 6-byte opcode59 actor command; branch outcome is confirmed, predicate semantics preserved at available confidence",docs/analysis/map_selector_upper_vm_cfg_promotion_20260928.md
cfg_t54_l190_v2@0x39,0x39,cfg_t54_l190_v2,0x39,F39-L001,0x39,4,59 39 67 06 02 10,2d d0 b3 08,immediate_skip_actor_0x59,B3,0x08,predicate_zero_skips_actor; spawn_when_nonzero,2d d0,0x2D_condition_compare_0306,0xD0,confirmed_static_control_partial_predicate,"predicate_2D(operand=0xD0,compare_target=$0306) != 0",,,,requires_2D_predicate_semantics_or_runtime_value,candidate,"B3/B4 rel8=0x08 branches over the following 6-byte opcode59 actor command; branch outcome is confirmed, predicate semantics preserved at available confidence",docs/analysis/map_selector_upper_vm_cfg_promotion_20260928.md
cfg_t07_l033_v2@0x3D,0x3D,cfg_t07_l033_v2,0x3D,F3D-L001,0x3F,4,59 3f 02 03 02 10,2d 70 b3 08,immediate_skip_actor_0x59,B3,0x08,predicate_zero_skips_actor; spawn_when_nonzero,2d 70,0x2D_condition_compare_0306,0x70,confirmed_static_control_partial_predicate,"predicate_2D(operand=0x70,compare_target=$0306) != 0",,,,requires_2D_predicate_semantics_or_runtime_value,candidate,"B3/B4 rel8=0x08 branches over the following 6-byte opcode59 actor command; branch outcome is confirmed, predicate semantics preserved at available confidence",docs/analysis/map_selector_upper_vm_cfg_promotion_20260928.md
cfg_t07_l068_v2@0x3D,0x3D,cfg_t07_l068_v2,0x3D,F3D-L001,0x3F,4,59 3f 02 03 02 10,2d 70 b3 08,immediate_skip_actor_0x59,B3,0x08,predicate_zero_skips_actor; spawn_when_nonzero,2d 70,0x2D_condition_compare_0306,0x70,confirmed_static_control_partial_predicate,"predicate_2D(operand=0x70,compare_target=$0306) != 0",,,,requires_2D_predicate_semantics_or_runtime_value,candidate,"B3/B4 rel8=0x08 branches over the following 6-byte opcode59 actor command; branch outcome is confirmed, predicate semantics preserved at available confidence",docs/analysis/map_selector_upper_vm_cfg_promotion_20260928.md
cfg_t07_l033_v2@0x3D,0x3D,cfg_t07_l033_v2,0x3D,F3D-L002,0x42,4,59 42 06 07 02 10,2d 70 b3 08,immediate_skip_actor_0x59,B3,0x08,predicate_zero_skips_actor; spawn_when_nonzero,2d 70,0x2D_condition_compare_0306,0x70,confirmed_static_control_partial_predicate,"predicate_2D(operand=0x70,compare_target=$0306) != 0",,,,requires_2D_predicate_semantics_or_runtime_value,candidate,"B3/B4 rel8=0x08 branches over the following 6-byte opcode59 actor command; branch outcome is confirmed, predicate semantics preserved at available confidence",docs/analysis/map_selector_upper_vm_cfg_promotion_20260928.md
cfg_t07_l068_v2@0x3D,0x3D,cfg_t07_l068_v2,0x3D,F3D-L002,0x42,4,59 42 06 07 02 10,2d 70 b3 08,immediate_skip_actor_0x59,B3,0x08,predicate_zero_skips_actor; spawn_when_nonzero,2d 70,0x2D_condition_compare_0306,0x70,confirmed_static_control_partial_predicate,"predicate_2D(operand=0x70,compare_target=$0306) != 0",,,,requires_2D_predicate_semantics_or_runtime_value,candidate,"B3/B4 rel8=0x08 branches over the following 6-byte opcode59 actor command; branch outcome is confirmed, predicate semantics preserved at available confidence",docs/analysis/map_selector_upper_vm_cfg_promotion_20260928.md
cfg_t07_l049_v2@0x3F,0x3F,cfg_t07_l049_v2,0x3F,F3F-L001,0x24,4,59 24 17 0b 03 10,a3 84 b4 08,immediate_skip_actor_0x59,B4,0x08,predicate_nonzero_skips_actor; spawn_when_zero,a3 84,A3_flag_test,0x84,confirmed_static_flag,"flag_test(spec=0x84,wram=$1256,bit=4) == 0",0x84,$1256,4,evaluable_if_flag_state_available,candidate,"B3/B4 rel8=0x08 branches over the following 6-byte opcode59 actor command; branch outcome is confirmed, predicate semantics preserved at available confidence",docs/analysis/map_selector_upper_vm_cfg_promotion_20260928.md
cfg_t07_l049_v2@0x3F,0x3F,cfg_t07_l049_v2,0x3F,F3F-L002,0x42,4,59 42 13 09 01 10,a3 84 b4 08,immediate_skip_actor_0x59,B4,0x08,predicate_nonzero_skips_actor; spawn_when_zero,a3 84,A3_flag_test,0x84,confirmed_static_flag,"flag_test(spec=0x84,wram=$1256,bit=4) == 0",0x84,$1256,4,evaluable_if_flag_state_available,candidate,"B3/B4 rel8=0x08 branches over the following 6-byte opcode59 actor command; branch outcome is confirmed, predicate semantics preserved at available confidence",docs/analysis/map_selector_upper_vm_cfg_promotion_20260928.md
cfg_t07_l049_v2@0x3F,0x3F,cfg_t07_l049_v2,0x3F,F3F-L003,0x42,4,59 42 17 09 03 10,a3 84 b4 08,immediate_skip_actor_0x59,B4,0x08,predicate_nonzero_skips_actor; spawn_when_zero,a3 84,A3_flag_test,0x84,confirmed_static_flag,"flag_test(spec=0x84,wram=$1256,bit=4) == 0",0x84,$1256,4,evaluable_if_flag_state_available,candidate,"B3/B4 rel8=0x08 branches over the following 6-byte opcode59 actor command; branch outcome is confirmed, predicate semantics preserved at available confidence",docs/analysis/map_selector_upper_vm_cfg_promotion_20260928.md
cfg_t07_l049_v2@0x3F,0x3F,cfg_t07_l049_v2,0x3F,F3F-L004,0x3E,4,59 3e 13 07 01 10,a3 84 b4 08,immediate_skip_actor_0x59,B4,0x08,predicate_nonzero_skips_actor; spawn_when_zero,a3 84,A3_flag_test,0x84,confirmed_static_flag,"flag_test(spec=0x84,wram=$1256,bit=4) == 0",0x84,$1256,4,evaluable_if_flag_state_available,candidate,"B3/B4 rel8=0x08 branches over the following 6-byte opcode59 actor command; branch outcome is confirmed, predicate semantics preserved at available confidence",docs/analysis/map_selector_upper_vm_cfg_promotion_20260928.md
cfg_t07_l049_v2@0x3F,0x3F,cfg_t07_l049_v2,0x3F,F3F-L005,0x42,4,59 42 17 07 03 10,a3 84 b4 08,immediate_skip_actor_0x59,B4,0x08,predicate_nonzero_skips_actor; spawn_when_zero,a3 84,A3_flag_test,0x84,confirmed_static_flag,"flag_test(spec=0x84,wram=$1256,bit=4) == 0",0x84,$1256,4,evaluable_if_flag_state_available,candidate,"B3/B4 rel8=0x08 branches over the following 6-byte opcode59 actor command; branch outcome is confirmed, predicate semantics preserved at available confidence",docs/analysis/map_selector_upper_vm_cfg_promotion_20260928.md
cfg_t07_l049_v2@0x3F,0x3F,cfg_t07_l049_v2,0x3F,F3F-L006,0x0D,21,59 0d 13 06 01 10,a3 89 17 08 0d e1 e7 a3 8b e1 a3 8a e1 e8 e7 b3 0c 3d 28 b3 08,immediate_skip_actor_0x59,B3,0x08,predicate_zero_skips_actor; spawn_when_nonzero,a3 89 17 08 0d e1 e7 a3 8b e1 a3 8a e1 e8 e7 b3 0c 3d 28,compound_vm_expression,,confirmed_static_branch_unresolved_predicate,vm_expression(A3 89 17 08 0D E1 E7 A3 8B E1 A3 8A E1 E8 E7 B3 0C 3D 28) != 0,,,,requires_compound_vm_expression_evaluation,candidate,"B3/B4 rel8=0x08 branches over the following 6-byte opcode59 actor command; branch outcome is confirmed, predicate semantics preserved at available confidence",docs/analysis/map_selector_upper_vm_cfg_promotion_20260928.md
cfg_t07_l051_v2@0x40,0x40,cfg_t07_l051_v2,0x40,F40-L001,0x59,0,59 59 0a 04 02 10,,no_pre_actor_guard,,,,,,,confirmed_static_unconditional,always,,,,not_required,visible,actor record reaches opcode59 directly with no preceding actor-local guard bytes,docs/analysis/map_selector_upper_vm_cfg_promotion_20260928.md
cfg_t07_l051_v2@0x40,0x40,cfg_t07_l051_v2,0x40,F40-L002,0x42,0,59 42 05 04 02 10,,no_pre_actor_guard,,,,,,,confirmed_static_unconditional,always,,,,not_required,visible,actor record reaches opcode59 directly with no preceding actor-local guard bytes,docs/analysis/map_selector_upper_vm_cfg_promotion_20260928.md
cfg_t07_l050_v2@0x41,0x41,cfg_t07_l050_v2,0x41,F41-L001,0x5B,7,59 5b 03 08 04 10,a0 66 f4 cb b6 b3 08,immediate_skip_actor_0x59,B3,0x08,predicate_zero_skips_actor; spawn_when_nonzero,a0 66 f4 cb b6,compound_vm_expression,,confirmed_static_branch_unresolved_predicate,vm_expression(A0 66 F4 CB B6) != 0,,,,requires_compound_vm_expression_evaluation,candidate,"B3/B4 rel8=0x08 branches over the following 6-byte opcode59 actor command; branch outcome is confirmed, predicate semantics preserved at available confidence",docs/analysis/map_selector_upper_vm_cfg_promotion_20260928.md
cfg_t07_l050_v2@0x41,0x41,cfg_t07_l050_v2,0x41,F41-L002,0x5B,7,59 5b 03 0a 04 10,a0 66 f4 cb b6 b3 08,immediate_skip_actor_0x59,B3,0x08,predicate_zero_skips_actor; spawn_when_nonzero,a0 66 f4 cb b6,compound_vm_expression,,confirmed_static_branch_unresolved_predicate,vm_expression(A0 66 F4 CB B6) != 0,,,,requires_compound_vm_expression_evaluation,candidate,"B3/B4 rel8=0x08 branches over the following 6-byte opcode59 actor command; branch outcome is confirmed, predicate semantics preserved at available confidence",docs/analysis/map_selector_upper_vm_cfg_promotion_20260928.md
cfg_t07_l050_v2@0x41,0x41,cfg_t07_l050_v2,0x41,F41-L003,0x5B,7,59 5b 07 08 04 10,a0 66 f4 cb b6 b3 08,immediate_skip_actor_0x59,B3,0x08,predicate_zero_skips_actor; spawn_when_nonzero,a0 66 f4 cb b6,compound_vm_expression,,confirmed_static_branch_unresolved_predicate,vm_expression(A0 66 F4 CB B6) != 0,,,,requires_compound_vm_expression_evaluation,candidate,"B3/B4 rel8=0x08 branches over the following 6-byte opcode59 actor command; branch outcome is confirmed, predicate semantics preserved at available confidence",docs/analysis/map_selector_upper_vm_cfg_promotion_20260928.md
cfg_t07_l050_v2@0x41,0x41,cfg_t07_l050_v2,0x41,F41-L004,0x28,7,59 28 07 0a 04 10,a0 66 f4 cb b6 b3 08,immediate_skip_actor_0x59,B3,0x08,predicate_zero_skips_actor; spawn_when_nonzero,a0 66 f4 cb b6,compound_vm_expression,,confirmed_static_branch_unresolved_predicate,vm_expression(A0 66 F4 CB B6) != 0,,,,requires_compound_vm_expression_evaluation,candidate,"B3/B4 rel8=0x08 branches over the following 6-byte opcode59 actor command; branch outcome is confirmed, predicate semantics preserved at available confidence",docs/analysis/map_selector_upper_vm_cfg_promotion_20260928.md
cfg_t07_l050_v2@0x41,0x41,cfg_t07_l050_v2,0x41,F41-L005,0x45,7,59 45 05 03 02 10,a0 66 f4 cb b6 b3 08,immediate_skip_actor_0x59,B3,0x08,predicate_zero_skips_actor; spawn_when_nonzero,a0 66 f4 cb b6,compound_vm_expression,,confirmed_static_branch_unresolved_predicate,vm_expression(A0 66 F4 CB B6) != 0,,,,requires_compound_vm_expression_evaluation,candidate,"B3/B4 rel8=0x08 branches over the following 6-byte opcode59 actor command; branch outcome is confirmed, predicate semantics preserved at available confidence",docs/analysis/map_selector_upper_vm_cfg_promotion_20260928.md
cfg_t07_l050_v2@0x41,0x41,cfg_t07_l050_v2,0x41,F41-L006,0x28,7,59 28 0e 06 04 10,a0 66 f4 cb b6 b3 08,immediate_skip_actor_0x59,B3,0x08,predicate_zero_skips_actor; spawn_when_nonzero,a0 66 f4 cb b6,compound_vm_expression,,confirmed_static_branch_unresolved_predicate,vm_expression(A0 66 F4 CB B6) != 0,,,,requires_compound_vm_expression_evaluation,candidate,"B3/B4 rel8=0x08 branches over the following 6-byte opcode59 actor command; branch outcome is confirmed, predicate semantics preserved at available confidence",docs/analysis/map_selector_upper_vm_cfg_promotion_20260928.md
cfg_t07_l050_v2@0x41,0x41,cfg_t07_l050_v2,0x41,F41-L007,0x5B,7,59 5b 0e 08 04 10,a0 66 f4 cb b6 b3 08,immediate_skip_actor_0x59,B3,0x08,predicate_zero_skips_actor; spawn_when_nonzero,a0 66 f4 cb b6,compound_vm_expression,,confirmed_static_branch_unresolved_predicate,vm_expression(A0 66 F4 CB B6) != 0,,,,requires_compound_vm_expression_evaluation,candidate,"B3/B4 rel8=0x08 branches over the following 6-byte opcode59 actor command; branch outcome is confirmed, predicate semantics preserved at available confidence",docs/analysis/map_selector_upper_vm_cfg_promotion_20260928.md
cfg_t07_l050_v2@0x41,0x41,cfg_t07_l050_v2,0x41,F41-L008,0x5B,7,59 5b 0e 0a 04 10,a0 66 f4 cb b6 b3 08,immediate_skip_actor_0x59,B3,0x08,predicate_zero_skips_actor; spawn_when_nonzero,a0 66 f4 cb b6,compound_vm_expression,,confirmed_static_branch_unresolved_predicate,vm_expression(A0 66 F4 CB B6) != 0,,,,requires_compound_vm_expression_evaluation,candidate,"B3/B4 rel8=0x08 branches over the following 6-byte opcode59 actor command; branch outcome is confirmed, predicate semantics preserved at available confidence",docs/analysis/map_selector_upper_vm_cfg_promotion_20260928.md
cfg_t07_l050_v2@0x41,0x41,cfg_t07_l050_v2,0x41,F41-L009,0x5B,7,59 5b 12 08 04 10,a0 66 f4 cb b6 b3 08,immediate_skip_actor_0x59,B3,0x08,predicate_zero_skips_actor; spawn_when_nonzero,a0 66 f4 cb b6,compound_vm_expression,,confirmed_static_branch_unresolved_predicate,vm_expression(A0 66 F4 CB B6) != 0,,,,requires_compound_vm_expression_evaluation,candidate,"B3/B4 rel8=0x08 branches over the following 6-byte opcode59 actor command; branch outcome is confirmed, predicate semantics preserved at available confidence",docs/analysis/map_selector_upper_vm_cfg_promotion_20260928.md
cfg_t07_l050_v2@0x41,0x41,cfg_t07_l050_v2,0x41,F41-L010,0x5B,7,59 5b 12 0a 04 10,a0 66 f4 cb b6 b3 08,immediate_skip_actor_0x59,B3,0x08,predicate_zero_skips_actor; spawn_when_nonzero,a0 66 f4 cb b6,compound_vm_expression,,confirmed_static_branch_unresolved_predicate,vm_expression(A0 66 F4 CB B6) != 0,,,,requires_compound_vm_expression_evaluation,candidate,"B3/B4 rel8=0x08 branches over the following 6-byte opcode59 actor command; branch outcome is confirmed, predicate semantics preserved at available confidence",docs/analysis/map_selector_upper_vm_cfg_promotion_20260928.md
cfg_t07_l050_v2@0x41,0x41,cfg_t07_l050_v2,0x41,F41-L011,0x45,7,59 45 10 03 02 10,a0 66 f4 cb b6 b3 08,immediate_skip_actor_0x59,B3,0x08,predicate_zero_skips_actor; spawn_when_nonzero,a0 66 f4 cb b6,compound_vm_expression,,confirmed_static_branch_unresolved_predicate,vm_expression(A0 66 F4 CB B6) != 0,,,,requires_compound_vm_expression_evaluation,candidate,"B3/B4 rel8=0x08 branches over the following 6-byte opcode59 actor command; branch outcome is confirmed, predicate semantics preserved at available confidence",docs/analysis/map_selector_upper_vm_cfg_promotion_20260928.md
cfg_t07_l053_v2@0x43,0x43,cfg_t07_l053_v2,0x43,F43-L001,0x42,0,59 42 05 02 04 10,,no_pre_actor_guard,,,,,,,confirmed_static_unconditional,always,,,,not_required,visible,actor record reaches opcode59 directly with no preceding actor-local guard bytes,docs/analysis/map_selector_upper_vm_cfg_promotion_20260928.md
cfg_t07_l053_v2@0x43,0x43,cfg_t07_l053_v2,0x43,F43-L002,0x41,0,59 41 07 03 02 10,,no_pre_actor_guard,,,,,,,confirmed_static_unconditional,always,,,,not_required,visible,actor record reaches opcode59 directly with no preceding actor-local guard bytes,docs/analysis/map_selector_upper_vm_cfg_promotion_20260928.md
cfg_t07_l054_v2@0x44,0x44,cfg_t07_l054_v2,0x44,F44-L001,0x42,0,59 42 08 06 02 10,,no_pre_actor_guard,,,,,,,confirmed_static_unconditional,always,,,,not_required,visible,actor record reaches opcode59 directly with no preceding actor-local guard bytes,docs/analysis/map_selector_upper_vm_cfg_promotion_20260928.md
cfg_t07_l054_v2@0x44,0x44,cfg_t07_l054_v2,0x44,F44-L002,0x42,0,59 42 0c 07 02 10,,no_pre_actor_guard,,,,,,,confirmed_static_unconditional,always,,,,not_required,visible,actor record reaches opcode59 directly with no preceding actor-local guard bytes,docs/analysis/map_selector_upper_vm_cfg_promotion_20260928.md
cfg_t07_l054_v2@0x44,0x44,cfg_t07_l054_v2,0x44,F44-L003,0x41,0,59 41 09 06 02 10,,no_pre_actor_guard,,,,,,,confirmed_static_unconditional,always,,,,not_required,visible,actor record reaches opcode59 directly with no preceding actor-local guard bytes,docs/analysis/map_selector_upper_vm_cfg_promotion_20260928.md
cfg_t07_l054_v2@0x44,0x44,cfg_t07_l054_v2,0x44,F44-L004,0x41,0,59 41 21 10 02 10,,no_pre_actor_guard,,,,,,,confirmed_static_unconditional,always,,,,not_required,visible,actor record reaches opcode59 directly with no preceding actor-local guard bytes,docs/analysis/map_selector_upper_vm_cfg_promotion_20260928.md
cfg_t07_l054_v2@0x44,0x44,cfg_t07_l054_v2,0x44,F44-L005,0x43,0,59 43 11 10 02 10,,no_pre_actor_guard,,,,,,,confirmed_static_unconditional,always,,,,not_required,visible,actor record reaches opcode59 directly with no preceding actor-local guard bytes,docs/analysis/map_selector_upper_vm_cfg_promotion_20260928.md
cfg_t07_l054_v2@0x44,0x44,cfg_t07_l054_v2,0x44,F44-L006,0x40,0,59 40 13 10 02 10,,no_pre_actor_guard,,,,,,,confirmed_static_unconditional,always,,,,not_required,visible,actor record reaches opcode59 directly with no preceding actor-local guard bytes,docs/analysis/map_selector_upper_vm_cfg_promotion_20260928.md
cfg_t07_l054_v2@0x44,0x44,cfg_t07_l054_v2,0x44,F44-L007,0x24,0,59 24 12 12 04 10,,no_pre_actor_guard,,,,,,,confirmed_static_unconditional,always,,,,not_required,visible,actor record reaches opcode59 directly with no preceding actor-local guard bytes,docs/analysis/map_selector_upper_vm_cfg_promotion_20260928.md
cfg_t07_l054_v2@0x44,0x44,cfg_t07_l054_v2,0x44,F44-L008,0x5A,0,59 5a 19 10 02 10,,no_pre_actor_guard,,,,,,,confirmed_static_unconditional,always,,,,not_required,visible,actor record reaches opcode59 directly with no preceding actor-local guard bytes,docs/analysis/map_selector_upper_vm_cfg_promotion_20260928.md
cfg_t07_l054_v2@0x44,0x44,cfg_t07_l054_v2,0x44,F44-L009,0x40,0,59 40 19 12 04 10,,no_pre_actor_guard,,,,,,,confirmed_static_unconditional,always,,,,not_required,visible,actor record reaches opcode59 directly with no preceding actor-local guard bytes,docs/analysis/map_selector_upper_vm_cfg_promotion_20260928.md
cfg_t07_l054_v2@0x44,0x44,cfg_t07_l054_v2,0x44,F44-L010,0x0D,7,59 0d 20 10 02 10,a0 1a ce cb b6 b3 08,immediate_skip_actor_0x59,B3,0x08,predicate_zero_skips_actor; spawn_when_nonzero,a0 1a ce cb b6,compound_vm_expression,,confirmed_static_branch_unresolved_predicate,vm_expression(A0 1A CE CB B6) != 0,,,,requires_compound_vm_expression_evaluation,candidate,"B3/B4 rel8=0x08 branches over the following 6-byte opcode59 actor command; branch outcome is confirmed, predicate semantics preserved at available confidence",docs/analysis/map_selector_upper_vm_cfg_promotion_20260928.md
cfg_t07_l054_v2@0x44,0x44,cfg_t07_l054_v2,0x44,F44-L011,0x59,0,59 59 20 12 04 10,,no_pre_actor_guard,,,,,,,confirmed_static_unconditional,always,,,,not_required,visible,actor record reaches opcode59 directly with no preceding actor-local guard bytes,docs/analysis/map_selector_upper_vm_cfg_promotion_20260928.md
cfg_t07_l054_v2@0x44,0x44,cfg_t07_l054_v2,0x44,F44-L012,0x3F,0,59 3f 1f 06 02 10,,no_pre_actor_guard,,,,,,,confirmed_static_unconditional,always,,,,not_required,visible,actor record reaches opcode59 directly with no preceding actor-local guard bytes,docs/analysis/map_selector_upper_vm_cfg_promotion_20260928.md
cfg_t07_l054_v2@0x44,0x44,cfg_t07_l054_v2,0x44,F44-L013,0x3E,0,59 3e 1f 08 04 10,,no_pre_actor_guard,,,,,,,confirmed_static_unconditional,always,,,,not_required,visible,actor record reaches opcode59 directly with no preceding actor-local guard bytes,docs/analysis/map_selector_upper_vm_cfg_promotion_20260928.md
cfg_t07_l063_v2@0x47,0x47,cfg_t07_l063_v2,0x47,F47-L001,0x29,0,59 29 0b 03 02 10,,no_pre_actor_guard,,,,,,,confirmed_static_unconditional,always,,,,not_required,visible,actor record reaches opcode59 directly with no preceding actor-local guard bytes,docs/analysis/map_selector_upper_vm_cfg_promotion_20260928.md
cfg_t07_l063_v2@0x47,0x47,cfg_t07_l063_v2,0x47,F47-L002,0x29,0,59 29 0c 04 03 10,,no_pre_actor_guard,,,,,,,confirmed_static_unconditional,always,,,,not_required,visible,actor record reaches opcode59 directly with no preceding actor-local guard bytes,docs/analysis/map_selector_upper_vm_cfg_promotion_20260928.md
cfg_t07_l063_v2@0x47,0x47,cfg_t07_l063_v2,0x47,F47-L003,0xA4,10,59 a4 05 04 02 10,d0 70 19 c0 ec a3 d7 e7 b3 08,immediate_skip_actor_0x59,B3,0x08,predicate_zero_skips_actor; spawn_when_nonzero,d0 70 19 c0 ec a3 d7 e7,compound_vm_expression,,confirmed_static_branch_unresolved_predicate,vm_expression(D0 70 19 C0 EC A3 D7 E7) != 0,,,,requires_compound_vm_expression_evaluation,candidate,"B3/B4 rel8=0x08 branches over the following 6-byte opcode59 actor command; branch outcome is confirmed, predicate semantics preserved at available confidence",docs/analysis/map_selector_upper_vm_cfg_promotion_20260928.md
cfg_t33_l146_v1@0x48,0x48,cfg_t33_l146_v1,0x48,F48-L001,0x40,0,59 40 8d 10 02 00,,no_pre_actor_guard,,,,,,,confirmed_static_unconditional,always,,,,not_required,visible,actor record reaches opcode59 directly with no preceding actor-local guard bytes,docs/analysis/map_selector_upper_vm_cfg_promotion_20260928.md
cfg_t33_l146_v1@0x48,0x48,cfg_t33_l146_v1,0x48,F48-L002,0x5A,0,59 5a 91 11 02 00,,no_pre_actor_guard,,,,,,,confirmed_static_unconditional,always,,,,not_required,visible,actor record reaches opcode59 directly with no preceding actor-local guard bytes,docs/analysis/map_selector_upper_vm_cfg_promotion_20260928.md
cfg_t33_l146_v1@0x48,0x48,cfg_t33_l146_v1,0x48,F48-L003,0x5A,0,59 5a 91 0f 02 00,,no_pre_actor_guard,,,,,,,confirmed_static_unconditional,always,,,,not_required,visible,actor record reaches opcode59 directly with no preceding actor-local guard bytes,docs/analysis/map_selector_upper_vm_cfg_promotion_20260928.md
cfg_t33_l146_v1@0x48,0x48,cfg_t33_l146_v1,0x48,F48-L004,0x3F,0,59 3f 8d 0e 02 41,,no_pre_actor_guard,,,,,,,confirmed_static_unconditional,always,,,,not_required,visible,actor record reaches opcode59 directly with no preceding actor-local guard bytes,docs/analysis/map_selector_upper_vm_cfg_promotion_20260928.md
cfg_t33_l146_v1@0x48,0x48,cfg_t33_l146_v1,0x48,F48-L005,0x24,0,59 24 91 0d 02 00,,no_pre_actor_guard,,,,,,,confirmed_static_unconditional,always,,,,not_required,visible,actor record reaches opcode59 directly with no preceding actor-local guard bytes,docs/analysis/map_selector_upper_vm_cfg_promotion_20260928.md
cfg_t33_l146_v1@0x48,0x48,cfg_t33_l146_v1,0x48,F48-L006,0x17,0,59 17 8e 06 02 00,,no_pre_actor_guard,,,,,,,confirmed_static_unconditional,always,,,,not_required,visible,actor record reaches opcode59 directly with no preceding actor-local guard bytes,docs/analysis/map_selector_upper_vm_cfg_promotion_20260928.md
cfg_t33_l146_v1@0x48,0x48,cfg_t33_l146_v1,0x48,F48-L007,0x17,0,59 17 8f 05 02 00,,no_pre_actor_guard,,,,,,,confirmed_static_unconditional,always,,,,not_required,visible,actor record reaches opcode59 directly with no preceding actor-local guard bytes,docs/analysis/map_selector_upper_vm_cfg_promotion_20260928.md
cfg_t33_l146_v1@0x48,0x48,cfg_t33_l146_v1,0x48,F48-L008,0x17,0,59 17 90 06 02 00,,no_pre_actor_guard,,,,,,,confirmed_static_unconditional,always,,,,not_required,visible,actor record reaches opcode59 directly with no preceding actor-local guard bytes,docs/analysis/map_selector_upper_vm_cfg_promotion_20260928.md
cfg_t07_l033_v2@0x4F,0x4F,cfg_t07_l033_v2,0x4F,F4F-L001,0x3C,6,59 3c 05 03 02 10,08 b9 13 03 b3 08,immediate_skip_actor_0x59,B3,0x08,predicate_zero_skips_actor; spawn_when_nonzero,08 b9 13 03,0x08_condition,0xB91303,confirmed_static_control_partial_predicate,predicate_08(bytes=08 B9 13 03) != 0,,,,requires_08_predicate_semantics_or_runtime_value,candidate,"B3/B4 rel8=0x08 branches over the following 6-byte opcode59 actor command; branch outcome is confirmed, predicate semantics preserved at available confidence",docs/analysis/map_selector_upper_vm_cfg_promotion_20260928.md
cfg_t04_l008_v2@0x50,0x50,cfg_t04_l008_v2,0x50,F50-L001,0x40,0,59 40 17 1e 02 00,,no_pre_actor_guard,,,,,,,confirmed_static_unconditional,always,,,,not_required,visible,actor record reaches opcode59 directly with no preceding actor-local guard bytes,docs/analysis/map_selector_upper_vm_cfg_promotion_20260928.md
cfg_t04_l008_v2@0x50,0x50,cfg_t04_l008_v2,0x50,F50-L002,0x24,0,59 24 18 24 02 00,,no_pre_actor_guard,,,,,,,confirmed_static_unconditional,always,,,,not_required,visible,actor record reaches opcode59 directly with no preceding actor-local guard bytes,docs/analysis/map_selector_upper_vm_cfg_promotion_20260928.md
cfg_t04_l008_v2@0x50,0x50,cfg_t04_l008_v2,0x50,F50-L003,0x59,0,59 59 12 2a 02 00,,no_pre_actor_guard,,,,,,,confirmed_static_unconditional,always,,,,not_required,visible,actor record reaches opcode59 directly with no preceding actor-local guard bytes,docs/analysis/map_selector_upper_vm_cfg_promotion_20260928.md
cfg_t04_l008_v2@0x50,0x50,cfg_t04_l008_v2,0x50,F50-L004,0x59,0,59 59 19 2d 02 00,,no_pre_actor_guard,,,,,,,confirmed_static_unconditional,always,,,,not_required,visible,actor record reaches opcode59 directly with no preceding actor-local guard bytes,docs/analysis/map_selector_upper_vm_cfg_promotion_20260928.md
cfg_t04_l008_v2@0x50,0x50,cfg_t04_l008_v2,0x50,F50-L005,0x5A,0,59 5a 2d 29 02 00,,no_pre_actor_guard,,,,,,,confirmed_static_unconditional,always,,,,not_required,visible,actor record reaches opcode59 directly with no preceding actor-local guard bytes,docs/analysis/map_selector_upper_vm_cfg_promotion_20260928.md
cfg_t04_l008_v2@0x50,0x50,cfg_t04_l008_v2,0x50,F50-L006,0x40,0,59 40 24 30 02 00,,no_pre_actor_guard,,,,,,,confirmed_static_unconditional,always,,,,not_required,visible,actor record reaches opcode59 directly with no preceding actor-local guard bytes,docs/analysis/map_selector_upper_vm_cfg_promotion_20260928.md
cfg_t04_l008_v2@0x50,0x50,cfg_t04_l008_v2,0x50,F50-L007,0x27,0,59 27 2f 31 02 00,,no_pre_actor_guard,,,,,,,confirmed_static_unconditional,always,,,,not_required,visible,actor record reaches opcode59 directly with no preceding actor-local guard bytes,docs/analysis/map_selector_upper_vm_cfg_promotion_20260928.md
cfg_t04_l008_v2@0x50,0x50,cfg_t04_l008_v2,0x50,F50-L008,0x25,0,59 25 0b 22 02 50,,no_pre_actor_guard,,,,,,,confirmed_static_unconditional,always,,,,not_required,visible,actor record reaches opcode59 directly with no preceding actor-local guard bytes,docs/analysis/map_selector_upper_vm_cfg_promotion_20260928.md
cfg_t04_l008_v2@0x50,0x50,cfg_t04_l008_v2,0x50,F50-L009,0x5B,0,59 5b 39 29 02 10,,no_pre_actor_guard,,,,,,,confirmed_static_unconditional,always,,,,not_required,visible,actor record reaches opcode59 directly with no preceding actor-local guard bytes,docs/analysis/map_selector_upper_vm_cfg_promotion_20260928.md
cfg_t04_l008_v2@0x50,0x50,cfg_t04_l008_v2,0x50,F50-L010,0x13,15,59 13 16 13 02 10,3d 13 13 3d 15 13 e1 e7 17 07 13 e1 e7 b3 08,immediate_skip_actor_0x59,B3,0x08,predicate_zero_skips_actor; spawn_when_nonzero,3d 13 13 3d 15 13 e1 e7 17 07 13 e1 e7,decoded_compound_bitset_expression,0x13,confirmed_static_bitset_expression,"bitset_test(base=$3FA1,id=0x13,wram=$3FA3,bit=2) != 0 && bitset_test(base=$3FA4,id=0x13,wram=$3FA6,bit=2) == 0 && bitset_test(base=$161D,id=0x13,wram=$161F,bit=2) != 0",,,,evaluable_if_bitset_state_available,candidate,canonical ROM SHA-256 F6A345E2F07F0CBC4EFF7D4FF06AE88A814A98FDF100C7BF7351168C73916A98; 81:A862 maps id 0x13 to 24-bit one-hot bit18; C4:C705 tests $3FA1..$3FA3; C4:C750 tests $3FA4..$3FA6; C4:8D3B -> 81:A8F4 tests $161D..$161F; E1/E7 compose zero-tests and conjunction; B3 08 spawns only when final expression is nonzero,docs/analysis/family50_actor_spawn_l010_20260930.md
cfg_t07_l009_v2@0x51,0x51,cfg_t07_l009_v2,0x51,F51-L001,0x5A,4,59 5a 04 04 02 10,2d 50 b3 08,immediate_skip_actor_0x59,B3,0x08,predicate_zero_skips_actor; spawn_when_nonzero,2d 50,0x2D_condition_compare_0306,0x50,confirmed_static_control_partial_predicate,"predicate_2D(operand=0x50,compare_target=$0306) != 0",,,,requires_2D_predicate_semantics_or_runtime_value,candidate,"B3/B4 rel8=0x08 branches over the following 6-byte opcode59 actor command; branch outcome is confirmed, predicate semantics preserved at available confidence",docs/analysis/map_selector_upper_vm_cfg_promotion_20260928.md
cfg_t07_l009_v2@0x51,0x51,cfg_t07_l009_v2,0x51,F51-L002,0x59,4,59 59 07 05 02 10,2d 6a b3 08,immediate_skip_actor_0x59,B3,0x08,predicate_zero_skips_actor; spawn_when_nonzero,2d 6a,0x2D_condition_compare_0306,0x6A,confirmed_static_control_partial_predicate,"predicate_2D(operand=0x6A,compare_target=$0306) != 0",,,,requires_2D_predicate_semantics_or_runtime_value,candidate,"B3/B4 rel8=0x08 branches over the following 6-byte opcode59 actor command; branch outcome is confirmed, predicate semantics preserved at available confidence",docs/analysis/map_selector_upper_vm_cfg_promotion_20260928.md
cfg_t07_l009_v2@0x51,0x51,cfg_t07_l009_v2,0x51,F51-L003,0x5B,4,59 5b 07 05 02 10,2d 6a b3 08,immediate_skip_actor_0x59,B3,0x08,predicate_zero_skips_actor; spawn_when_nonzero,2d 6a,0x2D_condition_compare_0306,0x6A,confirmed_static_control_partial_predicate,"predicate_2D(operand=0x6A,compare_target=$0306) != 0",,,,requires_2D_predicate_semantics_or_runtime_value,candidate,"B3/B4 rel8=0x08 branches over the following 6-byte opcode59 actor command; branch outcome is confirmed, predicate semantics preserved at available confidence",docs/analysis/map_selector_upper_vm_cfg_promotion_20260928.md
cfg_t07_l009_v2@0x51,0x51,cfg_t07_l009_v2,0x51,F51-L004,0x3E,4,59 3e 07 05 02 10,2d 67 b3 08,immediate_skip_actor_0x59,B3,0x08,predicate_zero_skips_actor; spawn_when_nonzero,2d 67,0x2D_condition_compare_0306,0x67,confirmed_static_control_partial_predicate,"predicate_2D(operand=0x67,compare_target=$0306) != 0",,,,requires_2D_predicate_semantics_or_runtime_value,candidate,"B3/B4 rel8=0x08 branches over the following 6-byte opcode59 actor command; branch outcome is confirmed, predicate semantics preserved at available confidence",docs/analysis/map_selector_upper_vm_cfg_promotion_20260928.md
cfg_t07_l009_v2@0x51,0x51,cfg_t07_l009_v2,0x51,F51-L005,0x24,11,59 24 07 05 02 10,2d 6b a3 73 e1 a3 70 e8 e7 b3 08,immediate_skip_actor_0x59,B3,0x08,predicate_zero_skips_actor; spawn_when_nonzero,2d 6b a3 73 e1 a3 70 e8 e7,compound_vm_expression,,confirmed_static_branch_unresolved_predicate,vm_expression(2D 6B A3 73 E1 A3 70 E8 E7) != 0,,,,requires_compound_vm_expression_evaluation,candidate,"B3/B4 rel8=0x08 branches over the following 6-byte opcode59 actor command; branch outcome is confirmed, predicate semantics preserved at available confidence",docs/analysis/map_selector_upper_vm_cfg_promotion_20260928.md
cfg_t07_l009_v2@0x51,0x51,cfg_t07_l009_v2,0x51,F51-L006,0x3F,11,59 3f 08 05 02 00,2d 6b a3 73 e1 a3 70 e8 e7 b3 08,immediate_skip_actor_0x59,B3,0x08,predicate_zero_skips_actor; spawn_when_nonzero,2d 6b a3 73 e1 a3 70 e8 e7,compound_vm_expression,,confirmed_static_branch_unresolved_predicate,vm_expression(2D 6B A3 73 E1 A3 70 E8 E7) != 0,,,,requires_compound_vm_expression_evaluation,candidate,"B3/B4 rel8=0x08 branches over the following 6-byte opcode59 actor command; branch outcome is confirmed, predicate semantics preserved at available confidence",docs/analysis/map_selector_upper_vm_cfg_promotion_20260928.md
cfg_t07_l009_v2@0x51,0x51,cfg_t07_l009_v2,0x51,F51-L007,0x24,4,59 24 07 05 02 10,2d 6e b3 08,immediate_skip_actor_0x59,B3,0x08,predicate_zero_skips_actor; spawn_when_nonzero,2d 6e,0x2D_condition_compare_0306,0x6E,confirmed_static_control_partial_predicate,"predicate_2D(operand=0x6E,compare_target=$0306) != 0",,,,requires_2D_predicate_semantics_or_runtime_value,candidate,"B3/B4 rel8=0x08 branches over the following 6-byte opcode59 actor command; branch outcome is confirmed, predicate semantics preserved at available confidence",docs/analysis/map_selector_upper_vm_cfg_promotion_20260928.md
cfg_t07_l009_v2@0x51,0x51,cfg_t07_l009_v2,0x51,F51-L008,0x59,4,59 59 08 05 02 00,2d 6e b3 08,immediate_skip_actor_0x59,B3,0x08,predicate_zero_skips_actor; spawn_when_nonzero,2d 6e,0x2D_condition_compare_0306,0x6E,confirmed_static_control_partial_predicate,"predicate_2D(operand=0x6E,compare_target=$0306) != 0",,,,requires_2D_predicate_semantics_or_runtime_value,candidate,"B3/B4 rel8=0x08 branches over the following 6-byte opcode59 actor command; branch outcome is confirmed, predicate semantics preserved at available confidence",docs/analysis/map_selector_upper_vm_cfg_promotion_20260928.md
cfg_t07_l009_v2@0x51,0x51,cfg_t07_l009_v2,0x51,F51-L009,0x40,4,59 40 07 05 02 10,2d 65 b3 08,immediate_skip_actor_0x59,B3,0x08,predicate_zero_skips_actor; spawn_when_nonzero,2d 65,0x2D_condition_compare_0306,0x65,confirmed_static_control_partial_predicate,"predicate_2D(operand=0x65,compare_target=$0306) != 0",,,,requires_2D_predicate_semantics_or_runtime_value,candidate,"B3/B4 rel8=0x08 branches over the following 6-byte opcode59 actor command; branch outcome is confirmed, predicate semantics preserved at available confidence",docs/analysis/map_selector_upper_vm_cfg_promotion_20260928.md
cfg_t07_l009_v2@0x51,0x51,cfg_t07_l009_v2,0x51,F51-L010,0x59,4,59 59 08 05 02 10,2d 65 b3 08,immediate_skip_actor_0x59,B3,0x08,predicate_zero_skips_actor; spawn_when_nonzero,2d 65,0x2D_condition_compare_0306,0x65,confirmed_static_control_partial_predicate,"predicate_2D(operand=0x65,compare_target=$0306) != 0",,,,requires_2D_predicate_semantics_or_runtime_value,candidate,"B3/B4 rel8=0x08 branches over the following 6-byte opcode59 actor command; branch outcome is confirmed, predicate semantics preserved at available confidence",docs/analysis/map_selector_upper_vm_cfg_promotion_20260928.md
cfg_t07_l009_v2@0x51,0x51,cfg_t07_l009_v2,0x51,F51-L011,0x5A,4,59 5a 08 05 02 10,2d 70 b3 08,immediate_skip_actor_0x59,B3,0x08,predicate_zero_skips_actor; spawn_when_nonzero,2d 70,0x2D_condition_compare_0306,0x70,confirmed_static_control_partial_predicate,"predicate_2D(operand=0x70,compare_target=$0306) != 0",,,,requires_2D_predicate_semantics_or_runtime_value,candidate,"B3/B4 rel8=0x08 branches over the following 6-byte opcode59 actor command; branch outcome is confirmed, predicate semantics preserved at available confidence",docs/analysis/map_selector_upper_vm_cfg_promotion_20260928.md
cfg_t07_l010_v2@0x52,0x52,cfg_t07_l010_v2,0x52,F52-L001,0x3D,4,59 3d 07 05 02 10,2d 67 b3 08,immediate_skip_actor_0x59,B3,0x08,predicate_zero_skips_actor; spawn_when_nonzero,2d 67,0x2D_condition_compare_0306,0x67,confirmed_static_control_partial_predicate,"predicate_2D(operand=0x67,compare_target=$0306) != 0",,,,requires_2D_predicate_semantics_or_runtime_value,candidate,"B3/B4 rel8=0x08 branches over the following 6-byte opcode59 actor command; branch outcome is confirmed, predicate semantics preserved at available confidence",docs/analysis/map_selector_upper_vm_cfg_promotion_20260928.md
cfg_t07_l010_v2@0x52,0x52,cfg_t07_l010_v2,0x52,F52-L002,0x27,4,59 27 07 05 02 10,2d 6e b3 08,immediate_skip_actor_0x59,B3,0x08,predicate_zero_skips_actor; spawn_when_nonzero,2d 6e,0x2D_condition_compare_0306,0x6E,confirmed_static_control_partial_predicate,"predicate_2D(operand=0x6E,compare_target=$0306) != 0",,,,requires_2D_predicate_semantics_or_runtime_value,candidate,"B3/B4 rel8=0x08 branches over the following 6-byte opcode59 actor command; branch outcome is confirmed, predicate semantics preserved at available confidence",docs/analysis/map_selector_upper_vm_cfg_promotion_20260928.md
cfg_t07_l010_v2@0x52,0x52,cfg_t07_l010_v2,0x52,F52-L003,0x5B,4,59 5b 08 05 02 00,2d 6e b3 08,immediate_skip_actor_0x59,B3,0x08,predicate_zero_skips_actor; spawn_when_nonzero,2d 6e,0x2D_condition_compare_0306,0x6E,confirmed_static_control_partial_predicate,"predicate_2D(operand=0x6E,compare_target=$0306) != 0",,,,requires_2D_predicate_semantics_or_runtime_value,candidate,"B3/B4 rel8=0x08 branches over the following 6-byte opcode59 actor command; branch outcome is confirmed, predicate semantics preserved at available confidence",docs/analysis/map_selector_upper_vm_cfg_promotion_20260928.md
cfg_t07_l010_v2@0x52,0x52,cfg_t07_l010_v2,0x52,F52-L004,0x24,8,59 24 07 04 02 10,2d 65 a3 7e e1 e7 b3 08,immediate_skip_actor_0x59,B3,0x08,predicate_zero_skips_actor; spawn_when_nonzero,2d 65 a3 7e e1 e7,compound_vm_expression,,confirmed_static_branch_unresolved_predicate,vm_expression(2D 65 A3 7E E1 E7) != 0,,,,requires_compound_vm_expression_evaluation,candidate,"B3/B4 rel8=0x08 branches over the following 6-byte opcode59 actor command; branch outcome is confirmed, predicate semantics preserved at available confidence",docs/analysis/map_selector_upper_vm_cfg_promotion_20260928.md
cfg_t07_l010_v2@0x52,0x52,cfg_t07_l010_v2,0x52,F52-L005,0x40,4,59 40 08 05 02 10,2d 65 b3 08,immediate_skip_actor_0x59,B3,0x08,predicate_zero_skips_actor; spawn_when_nonzero,2d 65,0x2D_condition_compare_0306,0x65,confirmed_static_control_partial_predicate,"predicate_2D(operand=0x65,compare_target=$0306) != 0",,,,requires_2D_predicate_semantics_or_runtime_value,candidate,"B3/B4 rel8=0x08 branches over the following 6-byte opcode59 actor command; branch outcome is confirmed, predicate semantics preserved at available confidence",docs/analysis/map_selector_upper_vm_cfg_promotion_20260928.md
cfg_t07_l010_v2@0x52,0x52,cfg_t07_l010_v2,0x52,F52-L006,0x23,7,59 23 07 05 02 10,2d 83 a3 b9 e7 b3 08,immediate_skip_actor_0x59,B3,0x08,predicate_zero_skips_actor; spawn_when_nonzero,2d 83 a3 b9 e7,compound_vm_expression,,confirmed_static_branch_unresolved_predicate,vm_expression(2D 83 A3 B9 E7) != 0,,,,requires_compound_vm_expression_evaluation,candidate,"B3/B4 rel8=0x08 branches over the following 6-byte opcode59 actor command; branch outcome is confirmed, predicate semantics preserved at available confidence",docs/analysis/map_selector_upper_vm_cfg_promotion_20260928.md
cfg_t07_l010_v2@0x52,0x52,cfg_t07_l010_v2,0x52,F52-L007,0x28,7,59 28 08 05 02 10,2d 83 a3 b9 e7 b3 08,immediate_skip_actor_0x59,B3,0x08,predicate_zero_skips_actor; spawn_when_nonzero,2d 83 a3 b9 e7,compound_vm_expression,,confirmed_static_branch_unresolved_predicate,vm_expression(2D 83 A3 B9 E7) != 0,,,,requires_compound_vm_expression_evaluation,candidate,"B3/B4 rel8=0x08 branches over the following 6-byte opcode59 actor command; branch outcome is confirmed, predicate semantics preserved at available confidence",docs/analysis/map_selector_upper_vm_cfg_promotion_20260928.md
cfg_t07_l010_v2@0x52,0x52,cfg_t07_l010_v2,0x52,F52-L008,0x30,7,59 30 03 07 02 10,2d 83 a3 bd e7 b3 08,immediate_skip_actor_0x59,B3,0x08,predicate_zero_skips_actor; spawn_when_nonzero,2d 83 a3 bd e7,compound_vm_expression,,confirmed_static_branch_unresolved_predicate,vm_expression(2D 83 A3 BD E7) != 0,,,,requires_compound_vm_expression_evaluation,candidate,"B3/B4 rel8=0x08 branches over the following 6-byte opcode59 actor command; branch outcome is confirmed, predicate semantics preserved at available confidence",docs/analysis/map_selector_upper_vm_cfg_promotion_20260928.md
cfg_t07_l010_v2@0x52,0x52,cfg_t07_l010_v2,0x52,F52-L009,0x2F,7,59 2f 0a 08 02 10,2d 83 a3 bd e7 b3 08,immediate_skip_actor_0x59,B3,0x08,predicate_zero_skips_actor; spawn_when_nonzero,2d 83 a3 bd e7,compound_vm_expression,,confirmed_static_branch_unresolved_predicate,vm_expression(2D 83 A3 BD E7) != 0,,,,requires_compound_vm_expression_evaluation,candidate,"B3/B4 rel8=0x08 branches over the following 6-byte opcode59 actor command; branch outcome is confirmed, predicate semantics preserved at available confidence",docs/analysis/map_selector_upper_vm_cfg_promotion_20260928.md
cfg_t08_l094_v2@0x53,0x53,cfg_t08_l094_v2,0x53,F53-L001,0x3A,0,59 3a 14 12 02 10,,no_pre_actor_guard,,,,,,,confirmed_static_unconditional,always,,,,not_required,visible,actor record reaches opcode59 directly with no preceding actor-local guard bytes,docs/analysis/map_selector_upper_vm_cfg_promotion_20260928.md
cfg_t08_l094_v2@0x53,0x53,cfg_t08_l094_v2,0x53,F53-L002,0x3A,0,59 3a 12 18 02 10,,no_pre_actor_guard,,,,,,,confirmed_static_unconditional,always,,,,not_required,visible,actor record reaches opcode59 directly with no preceding actor-local guard bytes,docs/analysis/map_selector_upper_vm_cfg_promotion_20260928.md
cfg_t08_l094_v2@0x53,0x53,cfg_t08_l094_v2,0x53,F53-L003,0x3A,0,59 3a 15 18 02 10,,no_pre_actor_guard,,,,,,,confirmed_static_unconditional,always,,,,not_required,visible,actor record reaches opcode59 directly with no preceding actor-local guard bytes,docs/analysis/map_selector_upper_vm_cfg_promotion_20260928.md
cfg_t08_l094_v2@0x53,0x53,cfg_t08_l094_v2,0x53,F53-L004,0x3A,0,59 3a 08 12 02 10,,no_pre_actor_guard,,,,,,,confirmed_static_unconditional,always,,,,not_required,visible,actor record reaches opcode59 directly with no preceding actor-local guard bytes,docs/analysis/map_selector_upper_vm_cfg_promotion_20260928.md
cfg_t08_l094_v2@0x53,0x53,cfg_t08_l094_v2,0x53,F53-L005,0x3A,0,59 3a 09 16 02 10,,no_pre_actor_guard,,,,,,,confirmed_static_unconditional,always,,,,not_required,visible,actor record reaches opcode59 directly with no preceding actor-local guard bytes,docs/analysis/map_selector_upper_vm_cfg_promotion_20260928.md
cfg_t08_l094_v2@0x53,0x53,cfg_t08_l094_v2,0x53,F53-L006,0x3A,0,59 3a 0b 1a 02 10,,no_pre_actor_guard,,,,,,,confirmed_static_unconditional,always,,,,not_required,visible,actor record reaches opcode59 directly with no preceding actor-local guard bytes,docs/analysis/map_selector_upper_vm_cfg_promotion_20260928.md
cfg_t08_l094_v2@0x53,0x53,cfg_t08_l094_v2,0x53,F53-L007,0x40,0,59 40 0e 19 02 10,,no_pre_actor_guard,,,,,,,confirmed_static_unconditional,always,,,,not_required,visible,actor record reaches opcode59 directly with no preceding actor-local guard bytes,docs/analysis/map_selector_upper_vm_cfg_promotion_20260928.md
cfg_t08_l094_v2@0x53,0x53,cfg_t08_l094_v2,0x53,F53-L008,0x43,0,59 43 0c 11 02 10,,no_pre_actor_guard,,,,,,,confirmed_static_unconditional,always,,,,not_required,visible,actor record reaches opcode59 directly with no preceding actor-local guard bytes,docs/analysis/map_selector_upper_vm_cfg_promotion_20260928.md
cfg_t08_l094_v2@0x53,0x53,cfg_t08_l094_v2,0x53,F53-L009,0x44,0,59 44 0e 12 02 10,,no_pre_actor_guard,,,,,,,confirmed_static_unconditional,always,,,,not_required,visible,actor record reaches opcode59 directly with no preceding actor-local guard bytes,docs/analysis/map_selector_upper_vm_cfg_promotion_20260928.md
cfg_t08_l094_v2@0x53,0x53,cfg_t08_l094_v2,0x53,F53-L010,0x30,0,59 30 48 0b 02 10,,no_pre_actor_guard,,,,,,,confirmed_static_unconditional,always,,,,not_required,visible,actor record reaches opcode59 directly with no preceding actor-local guard bytes,docs/analysis/map_selector_upper_vm_cfg_promotion_20260928.md
cfg_t08_l094_v2@0x53,0x53,cfg_t08_l094_v2,0x53,F53-L011,0x2F,0,59 2f 23 04 02 10,,no_pre_actor_guard,,,,,,,confirmed_static_unconditional,always,,,,not_required,visible,actor record reaches opcode59 directly with no preceding actor-local guard bytes,docs/analysis/map_selector_upper_vm_cfg_promotion_20260928.md
cfg_t08_l094_v2@0x53,0x53,cfg_t08_l094_v2,0x53,F53-L012,0x2F,0,59 2f 33 18 02 10,,no_pre_actor_guard,,,,,,,confirmed_static_unconditional,always,,,,not_required,visible,actor record reaches opcode59 directly with no preceding actor-local guard bytes,docs/analysis/map_selector_upper_vm_cfg_promotion_20260928.md
cfg_t08_l094_v2@0x53,0x53,cfg_t08_l094_v2,0x53,F53-L013,0x54,0,59 54 3c 04 02 10,,no_pre_actor_guard,,,,,,,confirmed_static_unconditional,always,,,,not_required,visible,actor record reaches opcode59 directly with no preceding actor-local guard bytes,docs/analysis/map_selector_upper_vm_cfg_promotion_20260928.md
cfg_t08_l094_v2@0x53,0x53,cfg_t08_l094_v2,0x53,F53-L014,0x3A,0,59 3a 28 1a 02 10,,no_pre_actor_guard,,,,,,,confirmed_static_unconditional,always,,,,not_required,visible,actor record reaches opcode59 directly with no preceding actor-local guard bytes,docs/analysis/map_selector_upper_vm_cfg_promotion_20260928.md
cfg_t08_l094_v2@0x53,0x53,cfg_t08_l094_v2,0x53,F53-L015,0x43,0,59 43 38 15 02 10,,no_pre_actor_guard,,,,,,,confirmed_static_unconditional,always,,,,not_required,visible,actor record reaches opcode59 directly with no preceding actor-local guard bytes,docs/analysis/map_selector_upper_vm_cfg_promotion_20260928.md
cfg_t08_l094_v2@0x53,0x53,cfg_t08_l094_v2,0x53,F53-L016,0x3A,0,59 3a 37 1b 02 10,,no_pre_actor_guard,,,,,,,confirmed_static_unconditional,always,,,,not_required,visible,actor record reaches opcode59 directly with no preceding actor-local guard bytes,docs/analysis/map_selector_upper_vm_cfg_promotion_20260928.md
cfg_t08_l094_v2@0x53,0x53,cfg_t08_l094_v2,0x53,F53-L017,0x3A,0,59 3a 25 14 02 10,,no_pre_actor_guard,,,,,,,confirmed_static_unconditional,always,,,,not_required,visible,actor record reaches opcode59 directly with no preceding actor-local guard bytes,docs/analysis/map_selector_upper_vm_cfg_promotion_20260928.md
cfg_t08_l094_v2@0x53,0x53,cfg_t08_l094_v2,0x53,F53-L018,0x3A,0,59 3a 34 05 02 10,,no_pre_actor_guard,,,,,,,confirmed_static_unconditional,always,,,,not_required,visible,actor record reaches opcode59 directly with no preceding actor-local guard bytes,docs/analysis/map_selector_upper_vm_cfg_promotion_20260928.md
cfg_t04_l018_v2@0x5A,0x5A,cfg_t04_l018_v2,0x5A,F5A-L001,0x2E,0,59 2e 11 16 02 00,,no_pre_actor_guard,,,,,,,confirmed_static_unconditional,always,,,,not_required,visible,actor record reaches opcode59 directly with no preceding actor-local guard bytes,docs/analysis/map_selector_upper_vm_cfg_promotion_20260928.md
cfg_t04_l018_v2@0x5A,0x5A,cfg_t04_l018_v2,0x5A,F5A-L002,0x2E,0,59 2e 19 1b 02 00,,no_pre_actor_guard,,,,,,,confirmed_static_unconditional,always,,,,not_required,visible,actor record reaches opcode59 directly with no preceding actor-local guard bytes,docs/analysis/map_selector_upper_vm_cfg_promotion_20260928.md
cfg_t04_l018_v2@0x5A,0x5A,cfg_t04_l018_v2,0x5A,F5A-L003,0x2E,0,59 2e 18 22 02 00,,no_pre_actor_guard,,,,,,,confirmed_static_unconditional,always,,,,not_required,visible,actor record reaches opcode59 directly with no preceding actor-local guard bytes,docs/analysis/map_selector_upper_vm_cfg_promotion_20260928.md
cfg_t04_l018_v2@0x5A,0x5A,cfg_t04_l018_v2,0x5A,F5A-L004,0x2E,0,59 2e 20 13 02 00,,no_pre_actor_guard,,,,,,,confirmed_static_unconditional,always,,,,not_required,visible,actor record reaches opcode59 directly with no preceding actor-local guard bytes,docs/analysis/map_selector_upper_vm_cfg_promotion_20260928.md
cfg_t04_l018_v2@0x5B,0x5B,cfg_t04_l018_v2,0x5B,F5B-L001,0x2E,0,59 2e 19 1b 02 00,,no_pre_actor_guard,,,,,,,confirmed_static_unconditional,always,,,,not_required,visible,actor record reaches opcode59 directly with no preceding actor-local guard bytes,docs/analysis/map_selector_upper_vm_cfg_promotion_20260928.md
cfg_t04_l018_v2@0x5B,0x5B,cfg_t04_l018_v2,0x5B,F5B-L002,0x2E,0,59 2e 18 22 02 00,,no_pre_actor_guard,,,,,,,confirmed_static_unconditional,always,,,,not_required,visible,actor record reaches opcode59 directly with no preceding actor-local guard bytes,docs/analysis/map_selector_upper_vm_cfg_promotion_20260928.md
cfg_t04_l018_v2@0x5B,0x5B,cfg_t04_l018_v2,0x5B,F5B-L003,0x43,0,59 43 1e 16 02 00,,no_pre_actor_guard,,,,,,,confirmed_static_unconditional,always,,,,not_required,visible,actor record reaches opcode59 directly with no preceding actor-local guard bytes,docs/analysis/map_selector_upper_vm_cfg_promotion_20260928.md
cfg_t04_l018_v2@0x5B,0x5B,cfg_t04_l018_v2,0x5B,F5B-L004,0x27,0,59 27 21 13 02 00,,no_pre_actor_guard,,,,,,,confirmed_static_unconditional,always,,,,not_required,visible,actor record reaches opcode59 directly with no preceding actor-local guard bytes,docs/analysis/map_selector_upper_vm_cfg_promotion_20260928.md
cfg_t04_l018_v2@0x5B,0x5B,cfg_t04_l018_v2,0x5B,F5B-L005,0x2E,0,59 2e 14 13 02 00,,no_pre_actor_guard,,,,,,,confirmed_static_unconditional,always,,,,not_required,visible,actor record reaches opcode59 directly with no preceding actor-local guard bytes,docs/analysis/map_selector_upper_vm_cfg_promotion_20260928.md
cfg_t04_l018_v2@0x5B,0x5B,cfg_t04_l018_v2,0x5B,F5B-L006,0x2E,0,59 2e 14 18 02 00,,no_pre_actor_guard,,,,,,,confirmed_static_unconditional,always,,,,not_required,visible,actor record reaches opcode59 directly with no preceding actor-local guard bytes,docs/analysis/map_selector_upper_vm_cfg_promotion_20260928.md
cfg_t04_l019_v1@0x5C,0x5C,cfg_t04_l019_v1,0x5C,F5C-L001,0x2E,0,59 2e 19 1b 02 00,,no_pre_actor_guard,,,,,,,confirmed_static_unconditional,always,,,,not_required,visible,actor record reaches opcode59 directly with no preceding actor-local guard bytes,docs/analysis/map_selector_upper_vm_cfg_promotion_20260928.md
cfg_t04_l019_v1@0x5C,0x5C,cfg_t04_l019_v1,0x5C,F5C-L002,0x2E,0,59 2e 17 1a 02 00,,no_pre_actor_guard,,,,,,,confirmed_static_unconditional,always,,,,not_required,visible,actor record reaches opcode59 directly with no preceding actor-local guard bytes,docs/analysis/map_selector_upper_vm_cfg_promotion_20260928.md
cfg_t04_l019_v1@0x5C,0x5C,cfg_t04_l019_v1,0x5C,F5C-L003,0x43,0,59 43 1e 17 02 00,,no_pre_actor_guard,,,,,,,confirmed_static_unconditional,always,,,,not_required,visible,actor record reaches opcode59 directly with no preceding actor-local guard bytes,docs/analysis/map_selector_upper_vm_cfg_promotion_20260928.md
cfg_t04_l019_v1@0x5C,0x5C,cfg_t04_l019_v1,0x5C,F5C-L004,0x43,0,59 43 21 13 02 00,,no_pre_actor_guard,,,,,,,confirmed_static_unconditional,always,,,,not_required,visible,actor record reaches opcode59 directly with no preceding actor-local guard bytes,docs/analysis/map_selector_upper_vm_cfg_promotion_20260928.md
cfg_t04_l019_v1@0x5C,0x5C,cfg_t04_l019_v1,0x5C,F5C-L005,0x2E,0,59 2e 14 13 02 00,,no_pre_actor_guard,,,,,,,confirmed_static_unconditional,always,,,,not_required,visible,actor record reaches opcode59 directly with no preceding actor-local guard bytes,docs/analysis/map_selector_upper_vm_cfg_promotion_20260928.md
cfg_t04_l019_v1@0x5C,0x5C,cfg_t04_l019_v1,0x5C,F5C-L006,0x2E,0,59 2e 14 18 02 00,,no_pre_actor_guard,,,,,,,confirmed_static_unconditional,always,,,,not_required,visible,actor record reaches opcode59 directly with no preceding actor-local guard bytes,docs/analysis/map_selector_upper_vm_cfg_promotion_20260928.md
cfg_t04_l018_v2@0x5D,0x5D,cfg_t04_l018_v2,0x5D,F5D-L001,0x2E,0,59 2e 13 13 02 00,,no_pre_actor_guard,,,,,,,confirmed_static_unconditional,always,,,,not_required,visible,actor record reaches opcode59 directly with no preceding actor-local guard bytes,docs/analysis/map_selector_upper_vm_cfg_promotion_20260928.md
cfg_t04_l018_v2@0x5D,0x5D,cfg_t04_l018_v2,0x5D,F5D-L002,0x2E,0,59 2e 14 18 02 00,,no_pre_actor_guard,,,,,,,confirmed_static_unconditional,always,,,,not_required,visible,actor record reaches opcode59 directly with no preceding actor-local guard bytes,docs/analysis/map_selector_upper_vm_cfg_promotion_20260928.md
cfg_t04_l018_v2@0x5D,0x5D,cfg_t04_l018_v2,0x5D,F5D-L003,0x43,0,59 43 17 1a 02 00,,no_pre_actor_guard,,,,,,,confirmed_static_unconditional,always,,,,not_required,visible,actor record reaches opcode59 directly with no preceding actor-local guard bytes,docs/analysis/map_selector_upper_vm_cfg_promotion_20260928.md
cfg_t04_l018_v2@0x5D,0x5D,cfg_t04_l018_v2,0x5D,F5D-L004,0x43,0,59 43 19 20 02 00,,no_pre_actor_guard,,,,,,,confirmed_static_unconditional,always,,,,not_required,visible,actor record reaches opcode59 directly with no preceding actor-local guard bytes,docs/analysis/map_selector_upper_vm_cfg_promotion_20260928.md
cfg_t04_l018_v2@0x5D,0x5D,cfg_t04_l018_v2,0x5D,F5D-L005,0x2E,0,59 2e 1f 18 02 00,,no_pre_actor_guard,,,,,,,confirmed_static_unconditional,always,,,,not_required,visible,actor record reaches opcode59 directly with no preceding actor-local guard bytes,docs/analysis/map_selector_upper_vm_cfg_promotion_20260928.md
cfg_t04_l018_v2@0x5D,0x5D,cfg_t04_l018_v2,0x5D,F5D-L006,0x2E,0,59 2e 21 11 02 00,,no_pre_actor_guard,,,,,,,confirmed_static_unconditional,always,,,,not_required,visible,actor record reaches opcode59 directly with no preceding actor-local guard bytes,docs/analysis/map_selector_upper_vm_cfg_promotion_20260928.md
cfg_t04_l018_v2@0x5E,0x5E,cfg_t04_l018_v2,0x5E,F5E-L001,0x2E,0,59 2e 1d 13 02 00,,no_pre_actor_guard,,,,,,,confirmed_static_unconditional,always,,,,not_required,visible,actor record reaches opcode59 directly with no preceding actor-local guard bytes,docs/analysis/map_selector_upper_vm_cfg_promotion_20260928.md
cfg_t04_l018_v2@0x5E,0x5E,cfg_t04_l018_v2,0x5E,F5E-L002,0x2E,0,59 2e 1f 18 02 00,,no_pre_actor_guard,,,,,,,confirmed_static_unconditional,always,,,,not_required,visible,actor record reaches opcode59 directly with no preceding actor-local guard bytes,docs/analysis/map_selector_upper_vm_cfg_promotion_20260928.md
cfg_t04_l018_v2@0x5E,0x5E,cfg_t04_l018_v2,0x5E,F5E-L003,0x43,0,59 43 17 19 02 00,,no_pre_actor_guard,,,,,,,confirmed_static_unconditional,always,,,,not_required,visible,actor record reaches opcode59 directly with no preceding actor-local guard bytes,docs/analysis/map_selector_upper_vm_cfg_promotion_20260928.md
cfg_t04_l018_v2@0x5E,0x5E,cfg_t04_l018_v2,0x5E,F5E-L004,0x43,0,59 43 19 1d 02 00,,no_pre_actor_guard,,,,,,,confirmed_static_unconditional,always,,,,not_required,visible,actor record reaches opcode59 directly with no preceding actor-local guard bytes,docs/analysis/map_selector_upper_vm_cfg_promotion_20260928.md
cfg_t04_l018_v2@0x5E,0x5E,cfg_t04_l018_v2,0x5E,F5E-L005,0x2E,0,59 2e 13 18 02 00,,no_pre_actor_guard,,,,,,,confirmed_static_unconditional,always,,,,not_required,visible,actor record reaches opcode59 directly with no preceding actor-local guard bytes,docs/analysis/map_selector_upper_vm_cfg_promotion_20260928.md
cfg_t04_l018_v2@0x5E,0x5E,cfg_t04_l018_v2,0x5E,F5E-L006,0x2E,0,59 2e 15 14 02 00,,no_pre_actor_guard,,,,,,,confirmed_static_unconditional,always,,,,not_required,visible,actor record reaches opcode59 directly with no preceding actor-local guard bytes,docs/analysis/map_selector_upper_vm_cfg_promotion_20260928.md
cfg_t06_l021_v2@0x5F,0x5F,cfg_t06_l021_v2,0x5F,F5F-L001,0x2E,0,59 2e 14 14 02 00,,no_pre_actor_guard,,,,,,,confirmed_static_unconditional,always,,,,not_required,visible,actor record reaches opcode59 directly with no preceding actor-local guard bytes,docs/analysis/map_selector_upper_vm_cfg_promotion_20260928.md
cfg_t06_l021_v2@0x5F,0x5F,cfg_t06_l021_v2,0x5F,F5F-L002,0x2E,0,59 2e 17 1a 02 00,,no_pre_actor_guard,,,,,,,confirmed_static_unconditional,always,,,,not_required,visible,actor record reaches opcode59 directly with no preceding actor-local guard bytes,docs/analysis/map_selector_upper_vm_cfg_promotion_20260928.md
cfg_t06_l021_v2@0x5F,0x5F,cfg_t06_l021_v2,0x5F,F5F-L003,0x43,0,59 43 1a 20 02 00,,no_pre_actor_guard,,,,,,,confirmed_static_unconditional,always,,,,not_required,visible,actor record reaches opcode59 directly with no preceding actor-local guard bytes,docs/analysis/map_selector_upper_vm_cfg_promotion_20260928.md
cfg_t06_l021_v2@0x5F,0x5F,cfg_t06_l021_v2,0x5F,F5F-L004,0x43,0,59 43 1f 17 02 00,,no_pre_actor_guard,,,,,,,confirmed_static_unconditional,always,,,,not_required,visible,actor record reaches opcode59 directly with no preceding actor-local guard bytes,docs/analysis/map_selector_upper_vm_cfg_promotion_20260928.md
cfg_t06_l021_v2@0x5F,0x5F,cfg_t06_l021_v2,0x5F,F5F-L005,0x2E,0,59 2e 1e 13 02 00,,no_pre_actor_guard,,,,,,,confirmed_static_unconditional,always,,,,not_required,visible,actor record reaches opcode59 directly with no preceding actor-local guard bytes,docs/analysis/map_selector_upper_vm_cfg_promotion_20260928.md
cfg_t06_l021_v2@0x5F,0x5F,cfg_t06_l021_v2,0x5F,F5F-L006,0x2E,0,59 2e 16 1b 02 00,,no_pre_actor_guard,,,,,,,confirmed_static_unconditional,always,,,,not_required,visible,actor record reaches opcode59 directly with no preceding actor-local guard bytes,docs/analysis/map_selector_upper_vm_cfg_promotion_20260928.md
cfg_t06_l021_v2@0x5F,0x5F,cfg_t06_l021_v2,0x5F,F5F-L007,0x40,4,59 40 12 16 02 00,a3 bd b3 08,immediate_skip_actor_0x59,B3,0x08,predicate_zero_skips_actor; spawn_when_nonzero,a3 bd,A3_flag_test,0xBD,confirmed_static_flag,"flag_test(spec=0xBD,wram=$125D,bit=5) != 0",0xBD,$125D,5,evaluable_if_flag_state_available,candidate,"B3/B4 rel8=0x08 branches over the following 6-byte opcode59 actor command; branch outcome is confirmed, predicate semantics preserved at available confidence",docs/analysis/map_selector_upper_vm_cfg_promotion_20260928.md
cfg_t06_l021_v2@0x5F,0x5F,cfg_t06_l021_v2,0x5F,F5F-L008,0x5A,4,59 5a 1a 17 02 00,a3 bd b3 08,immediate_skip_actor_0x59,B3,0x08,predicate_zero_skips_actor; spawn_when_nonzero,a3 bd,A3_flag_test,0xBD,confirmed_static_flag,"flag_test(spec=0xBD,wram=$125D,bit=5) != 0",0xBD,$125D,5,evaluable_if_flag_state_available,candidate,"B3/B4 rel8=0x08 branches over the following 6-byte opcode59 actor command; branch outcome is confirmed, predicate semantics preserved at available confidence",docs/analysis/map_selector_upper_vm_cfg_promotion_20260928.md
cfg_t04_l034_v2@0x60,0x60,cfg_t04_l034_v2,0x60,F60-L001,0x40,0,59 40 24 2d 02 00,,no_pre_actor_guard,,,,,,,confirmed_static_unconditional,always,,,,not_required,visible,actor record reaches opcode59 directly with no preceding actor-local guard bytes,docs/analysis/map_selector_upper_vm_cfg_promotion_20260928.md
cfg_t04_l035_v2@0x60,0x60,cfg_t04_l035_v2,0x60,F60-L001,0x40,0,59 40 24 2d 02 00,,no_pre_actor_guard,,,,,,,confirmed_static_unconditional,always,,,,not_required,visible,actor record reaches opcode59 directly with no preceding actor-local guard bytes,docs/analysis/map_selector_upper_vm_cfg_promotion_20260928.md
cfg_t04_l034_v2@0x60,0x60,cfg_t04_l034_v2,0x60,F60-L002,0x40,0,59 40 2e 15 02 00,,no_pre_actor_guard,,,,,,,confirmed_static_unconditional,always,,,,not_required,visible,actor record reaches opcode59 directly with no preceding actor-local guard bytes,docs/analysis/map_selector_upper_vm_cfg_promotion_20260928.md
cfg_t04_l035_v2@0x60,0x60,cfg_t04_l035_v2,0x60,F60-L002,0x40,0,59 40 2e 15 02 00,,no_pre_actor_guard,,,,,,,confirmed_static_unconditional,always,,,,not_required,visible,actor record reaches opcode59 directly with no preceding actor-local guard bytes,docs/analysis/map_selector_upper_vm_cfg_promotion_20260928.md
cfg_t04_l034_v2@0x60,0x60,cfg_t04_l034_v2,0x60,F60-L003,0x24,4,59 24 2f 2d 02 00,a3 3e b4 08,immediate_skip_actor_0x59,B4,0x08,predicate_nonzero_skips_actor; spawn_when_zero,a3 3e,A3_flag_test,0x3E,confirmed_static_flag,"flag_test(spec=0x3E,wram=$124D,bit=6) == 0",0x3E,$124D,6,evaluable_if_flag_state_available,candidate,"B3/B4 rel8=0x08 branches over the following 6-byte opcode59 actor command; branch outcome is confirmed, predicate semantics preserved at available confidence",docs/analysis/map_selector_upper_vm_cfg_promotion_20260928.md
cfg_t04_l035_v2@0x60,0x60,cfg_t04_l035_v2,0x60,F60-L003,0x24,4,59 24 2f 2d 02 00,a3 3e b4 08,immediate_skip_actor_0x59,B4,0x08,predicate_nonzero_skips_actor; spawn_when_zero,a3 3e,A3_flag_test,0x3E,confirmed_static_flag,"flag_test(spec=0x3E,wram=$124D,bit=6) == 0",0x3E,$124D,6,evaluable_if_flag_state_available,candidate,"B3/B4 rel8=0x08 branches over the following 6-byte opcode59 actor command; branch outcome is confirmed, predicate semantics preserved at available confidence",docs/analysis/map_selector_upper_vm_cfg_promotion_20260928.md
cfg_t04_l034_v2@0x60,0x60,cfg_t04_l034_v2,0x60,F60-L004,0x5B,0,59 5b 1a 2b 02 00,,no_pre_actor_guard,,,,,,,confirmed_static_unconditional,always,,,,not_required,visible,actor record reaches opcode59 directly with no preceding actor-local guard bytes,docs/analysis/map_selector_upper_vm_cfg_promotion_20260928.md
cfg_t04_l035_v2@0x60,0x60,cfg_t04_l035_v2,0x60,F60-L004,0x5B,0,59 5b 1a 2b 02 00,,no_pre_actor_guard,,,,,,,confirmed_static_unconditional,always,,,,not_required,visible,actor record reaches opcode59 directly with no preceding actor-local guard bytes,docs/analysis/map_selector_upper_vm_cfg_promotion_20260928.md
cfg_t04_l034_v2@0x60,0x60,cfg_t04_l034_v2,0x60,F60-L005,0x59,4,59 59 1e 1a 02 00,a3 13 b4 08,immediate_skip_actor_0x59,B4,0x08,predicate_nonzero_skips_actor; spawn_when_zero,a3 13,A3_flag_test,0x13,confirmed_static_flag,"flag_test(spec=0x13,wram=$1248,bit=3) == 0",0x13,$1248,3,evaluable_if_flag_state_available,candidate,"B3/B4 rel8=0x08 branches over the following 6-byte opcode59 actor command; branch outcome is confirmed, predicate semantics preserved at available confidence",docs/analysis/map_selector_upper_vm_cfg_promotion_20260928.md
cfg_t04_l035_v2@0x60,0x60,cfg_t04_l035_v2,0x60,F60-L005,0x59,4,59 59 1e 1a 02 00,a3 13 b4 08,immediate_skip_actor_0x59,B4,0x08,predicate_nonzero_skips_actor; spawn_when_zero,a3 13,A3_flag_test,0x13,confirmed_static_flag,"flag_test(spec=0x13,wram=$1248,bit=3) == 0",0x13,$1248,3,evaluable_if_flag_state_available,candidate,"B3/B4 rel8=0x08 branches over the following 6-byte opcode59 actor command; branch outcome is confirmed, predicate semantics preserved at available confidence",docs/analysis/map_selector_upper_vm_cfg_promotion_20260928.md
cfg_t04_l034_v2@0x60,0x60,cfg_t04_l034_v2,0x60,F60-L006,0x43,0,59 43 19 2d 02 00,,no_pre_actor_guard,,,,,,,confirmed_static_unconditional,always,,,,not_required,visible,actor record reaches opcode59 directly with no preceding actor-local guard bytes,docs/analysis/map_selector_upper_vm_cfg_promotion_20260928.md
cfg_t04_l035_v2@0x60,0x60,cfg_t04_l035_v2,0x60,F60-L006,0x43,0,59 43 19 2d 02 00,,no_pre_actor_guard,,,,,,,confirmed_static_unconditional,always,,,,not_required,visible,actor record reaches opcode59 directly with no preceding actor-local guard bytes,docs/analysis/map_selector_upper_vm_cfg_promotion_20260928.md
cfg_t04_l034_v2@0x60,0x60,cfg_t04_l034_v2,0x60,F60-L007,0x23,0,59 23 17 17 02 00,,no_pre_actor_guard,,,,,,,confirmed_static_unconditional,always,,,,not_required,visible,actor record reaches opcode59 directly with no preceding actor-local guard bytes,docs/analysis/map_selector_upper_vm_cfg_promotion_20260928.md
cfg_t04_l035_v2@0x60,0x60,cfg_t04_l035_v2,0x60,F60-L007,0x23,0,59 23 17 17 02 00,,no_pre_actor_guard,,,,,,,confirmed_static_unconditional,always,,,,not_required,visible,actor record reaches opcode59 directly with no preceding actor-local guard bytes,docs/analysis/map_selector_upper_vm_cfg_promotion_20260928.md
cfg_t04_l034_v2@0x60,0x60,cfg_t04_l034_v2,0x60,F60-L008,0x5A,0,59 5a 22 14 02 00,,no_pre_actor_guard,,,,,,,confirmed_static_unconditional,always,,,,not_required,visible,actor record reaches opcode59 directly with no preceding actor-local guard bytes,docs/analysis/map_selector_upper_vm_cfg_promotion_20260928.md
cfg_t04_l035_v2@0x60,0x60,cfg_t04_l035_v2,0x60,F60-L008,0x5A,0,59 5a 22 14 02 00,,no_pre_actor_guard,,,,,,,confirmed_static_unconditional,always,,,,not_required,visible,actor record reaches opcode59 directly with no preceding actor-local guard bytes,docs/analysis/map_selector_upper_vm_cfg_promotion_20260928.md
cfg_t04_l034_v2@0x60,0x60,cfg_t04_l034_v2,0x60,F60-L009,0x5A,0,59 5a 2b 1a 02 00,,no_pre_actor_guard,,,,,,,confirmed_static_unconditional,always,,,,not_required,visible,actor record reaches opcode59 directly with no preceding actor-local guard bytes,docs/analysis/map_selector_upper_vm_cfg_promotion_20260928.md
cfg_t04_l035_v2@0x60,0x60,cfg_t04_l035_v2,0x60,F60-L009,0x5A,0,59 5a 2b 1a 02 00,,no_pre_actor_guard,,,,,,,confirmed_static_unconditional,always,,,,not_required,visible,actor record reaches opcode59 directly with no preceding actor-local guard bytes,docs/analysis/map_selector_upper_vm_cfg_promotion_20260928.md
cfg_t04_l034_v2@0x60,0x60,cfg_t04_l034_v2,0x60,F60-L010,0x30,4,59 30 30 22 02 00,a3 24 b3 08,immediate_skip_actor_0x59,B3,0x08,predicate_zero_skips_actor; spawn_when_nonzero,a3 24,A3_flag_test,0x24,confirmed_static_flag,"flag_test(spec=0x24,wram=$124A,bit=4) != 0",0x24,$124A,4,evaluable_if_flag_state_available,candidate,"B3/B4 rel8=0x08 branches over the following 6-byte opcode59 actor command; branch outcome is confirmed, predicate semantics preserved at available confidence",docs/analysis/map_selector_upper_vm_cfg_promotion_20260928.md
cfg_t04_l035_v2@0x60,0x60,cfg_t04_l035_v2,0x60,F60-L010,0x30,4,59 30 30 22 02 00,a3 24 b3 08,immediate_skip_actor_0x59,B3,0x08,predicate_zero_skips_actor; spawn_when_nonzero,a3 24,A3_flag_test,0x24,confirmed_static_flag,"flag_test(spec=0x24,wram=$124A,bit=4) != 0",0x24,$124A,4,evaluable_if_flag_state_available,candidate,"B3/B4 rel8=0x08 branches over the following 6-byte opcode59 actor command; branch outcome is confirmed, predicate semantics preserved at available confidence",docs/analysis/map_selector_upper_vm_cfg_promotion_20260928.md
cfg_t04_l034_v2@0x60,0x60,cfg_t04_l034_v2,0x60,F60-L011,0x2F,4,59 2f 14 1b 02 00,a3 24 b3 08,immediate_skip_actor_0x59,B3,0x08,predicate_zero_skips_actor; spawn_when_nonzero,a3 24,A3_flag_test,0x24,confirmed_static_flag,"flag_test(spec=0x24,wram=$124A,bit=4) != 0",0x24,$124A,4,evaluable_if_flag_state_available,candidate,"B3/B4 rel8=0x08 branches over the following 6-byte opcode59 actor command; branch outcome is confirmed, predicate semantics preserved at available confidence",docs/analysis/map_selector_upper_vm_cfg_promotion_20260928.md
cfg_t04_l035_v2@0x60,0x60,cfg_t04_l035_v2,0x60,F60-L011,0x2F,4,59 2f 14 1b 02 00,a3 24 b3 08,immediate_skip_actor_0x59,B3,0x08,predicate_zero_skips_actor; spawn_when_nonzero,a3 24,A3_flag_test,0x24,confirmed_static_flag,"flag_test(spec=0x24,wram=$124A,bit=4) != 0",0x24,$124A,4,evaluable_if_flag_state_available,candidate,"B3/B4 rel8=0x08 branches over the following 6-byte opcode59 actor command; branch outcome is confirmed, predicate semantics preserved at available confidence",docs/analysis/map_selector_upper_vm_cfg_promotion_20260928.md
cfg_t04_l034_v2@0x60,0x60,cfg_t04_l034_v2,0x60,F60-L012,0x17,22,59 17 26 0f 02 10,08 b9 13 03 b3 0a 59 17 14 0c 02 10 b2 10 a3 24 a3 29 e1 e7 b3 08,immediate_skip_actor_0x59,B3,0x08,predicate_zero_skips_actor; spawn_when_nonzero,08 b9 13 03 b3 0a 59 17 14 0c 02 10 b2 10 a3 24 a3 29 e1 e7,compound_vm_expression,,confirmed_static_branch_unresolved_predicate,vm_expression(08 B9 13 03 B3 0A 59 17 14 0C 02 10 B2 10 A3 24 A3 29 E1 E7) != 0,,,,requires_compound_vm_expression_evaluation,candidate,"B3/B4 rel8=0x08 branches over the following 6-byte opcode59 actor command; branch outcome is confirmed, predicate semantics preserved at available confidence",docs/analysis/map_selector_upper_vm_cfg_promotion_20260928.md
cfg_t04_l035_v2@0x60,0x60,cfg_t04_l035_v2,0x60,F60-L012,0x17,22,59 17 26 0f 02 10,08 b9 13 03 b3 0a 59 17 14 0c 02 10 b2 10 a3 24 a3 29 e1 e7 b3 08,immediate_skip_actor_0x59,B3,0x08,predicate_zero_skips_actor; spawn_when_nonzero,08 b9 13 03 b3 0a 59 17 14 0c 02 10 b2 10 a3 24 a3 29 e1 e7,compound_vm_expression,,confirmed_static_branch_unresolved_predicate,vm_expression(08 B9 13 03 B3 0A 59 17 14 0C 02 10 B2 10 A3 24 A3 29 E1 E7) != 0,,,,requires_compound_vm_expression_evaluation,candidate,"B3/B4 rel8=0x08 branches over the following 6-byte opcode59 actor command; branch outcome is confirmed, predicate semantics preserved at available confidence",docs/analysis/map_selector_upper_vm_cfg_promotion_20260928.md
cfg_t07_l009_v2@0x62,0x62,cfg_t07_l009_v2,0x62,F62-L001,0x23,4,59 23 07 05 02 10,2d 68 b3 08,immediate_skip_actor_0x59,B3,0x08,predicate_zero_skips_actor; spawn_when_nonzero,2d 68,0x2D_condition_compare_0306,0x68,confirmed_static_control_partial_predicate,"predicate_2D(operand=0x68,compare_target=$0306) != 0",,,,requires_2D_predicate_semantics_or_runtime_value,candidate,"B3/B4 rel8=0x08 branches over the following 6-byte opcode59 actor command; branch outcome is confirmed, predicate semantics preserved at available confidence",docs/analysis/map_selector_upper_vm_cfg_promotion_20260928.md
cfg_t07_l009_v2@0x62,0x62,cfg_t07_l009_v2,0x62,F62-L002,0x43,7,59 43 07 07 02 10,a3 3e 2d 68 e7 b3 08,immediate_skip_actor_0x59,B3,0x08,predicate_zero_skips_actor; spawn_when_nonzero,a3 3e 2d 68 e7,compound_vm_expression,,confirmed_static_branch_unresolved_predicate,vm_expression(A3 3E 2D 68 E7) != 0,,,,requires_compound_vm_expression_evaluation,candidate,"B3/B4 rel8=0x08 branches over the following 6-byte opcode59 actor command; branch outcome is confirmed, predicate semantics preserved at available confidence",docs/analysis/map_selector_upper_vm_cfg_promotion_20260928.md
cfg_t07_l009_v2@0x62,0x62,cfg_t07_l009_v2,0x62,F62-L003,0x59,4,59 59 08 07 02 10,2d 68 b3 08,immediate_skip_actor_0x59,B3,0x08,predicate_zero_skips_actor; spawn_when_nonzero,2d 68,0x2D_condition_compare_0306,0x68,confirmed_static_control_partial_predicate,"predicate_2D(operand=0x68,compare_target=$0306) != 0",,,,requires_2D_predicate_semantics_or_runtime_value,candidate,"B3/B4 rel8=0x08 branches over the following 6-byte opcode59 actor command; branch outcome is confirmed, predicate semantics preserved at available confidence",docs/analysis/map_selector_upper_vm_cfg_promotion_20260928.md
cfg_t07_l009_v2@0x62,0x62,cfg_t07_l009_v2,0x62,F62-L004,0x5A,4,59 5a 07 05 02 10,2d 6a b3 08,immediate_skip_actor_0x59,B3,0x08,predicate_zero_skips_actor; spawn_when_nonzero,2d 6a,0x2D_condition_compare_0306,0x6A,confirmed_static_control_partial_predicate,"predicate_2D(operand=0x6A,compare_target=$0306) != 0",,,,requires_2D_predicate_semantics_or_runtime_value,candidate,"B3/B4 rel8=0x08 branches over the following 6-byte opcode59 actor command; branch outcome is confirmed, predicate semantics preserved at available confidence",docs/analysis/map_selector_upper_vm_cfg_promotion_20260928.md
cfg_t07_l009_v2@0x62,0x62,cfg_t07_l009_v2,0x62,F62-L005,0x3E,4,59 3e 07 05 02 10,2d 65 b3 08,immediate_skip_actor_0x59,B3,0x08,predicate_zero_skips_actor; spawn_when_nonzero,2d 65,0x2D_condition_compare_0306,0x65,confirmed_static_control_partial_predicate,"predicate_2D(operand=0x65,compare_target=$0306) != 0",,,,requires_2D_predicate_semantics_or_runtime_value,candidate,"B3/B4 rel8=0x08 branches over the following 6-byte opcode59 actor command; branch outcome is confirmed, predicate semantics preserved at available confidence",docs/analysis/map_selector_upper_vm_cfg_promotion_20260928.md
cfg_t07_l009_v2@0x62,0x62,cfg_t07_l009_v2,0x62,F62-L006,0x23,4,59 23 07 05 02 10,2d 82 b3 08,immediate_skip_actor_0x59,B3,0x08,predicate_zero_skips_actor; spawn_when_nonzero,2d 82,0x2D_condition_compare_0306,0x82,confirmed_static_control_partial_predicate,"predicate_2D(operand=0x82,compare_target=$0306) != 0",,,,requires_2D_predicate_semantics_or_runtime_value,candidate,"B3/B4 rel8=0x08 branches over the following 6-byte opcode59 actor command; branch outcome is confirmed, predicate semantics preserved at available confidence",docs/analysis/map_selector_upper_vm_cfg_promotion_20260928.md
cfg_t07_l009_v2@0x62,0x62,cfg_t07_l009_v2,0x62,F62-L007,0x5B,8,59 5b 07 05 02 10,2d 82 a3 ad e1 e7 b3 08,immediate_skip_actor_0x59,B3,0x08,predicate_zero_skips_actor; spawn_when_nonzero,2d 82 a3 ad e1 e7,compound_vm_expression,,confirmed_static_branch_unresolved_predicate,vm_expression(2D 82 A3 AD E1 E7) != 0,,,,requires_compound_vm_expression_evaluation,candidate,"B3/B4 rel8=0x08 branches over the following 6-byte opcode59 actor command; branch outcome is confirmed, predicate semantics preserved at available confidence",docs/analysis/map_selector_upper_vm_cfg_promotion_20260928.md
cfg_t07_l010_v2@0x63,0x63,cfg_t07_l010_v2,0x63,F63-L001,0x5B,8,59 5b 07 05 02 10,a3 3e e1 2d 68 e7 b3 08,immediate_skip_actor_0x59,B3,0x08,predicate_zero_skips_actor; spawn_when_nonzero,a3 3e e1 2d 68 e7,compound_vm_expression,,confirmed_static_branch_unresolved_predicate,vm_expression(A3 3E E1 2D 68 E7) != 0,,,,requires_compound_vm_expression_evaluation,candidate,"B3/B4 rel8=0x08 branches over the following 6-byte opcode59 actor command; branch outcome is confirmed, predicate semantics preserved at available confidence",docs/analysis/map_selector_upper_vm_cfg_promotion_20260928.md
cfg_t07_l010_v2@0x63,0x63,cfg_t07_l010_v2,0x63,F63-L002,0x24,4,59 24 07 07 02 10,2d 68 b3 08,immediate_skip_actor_0x59,B3,0x08,predicate_zero_skips_actor; spawn_when_nonzero,2d 68,0x2D_condition_compare_0306,0x68,confirmed_static_control_partial_predicate,"predicate_2D(operand=0x68,compare_target=$0306) != 0",,,,requires_2D_predicate_semantics_or_runtime_value,candidate,"B3/B4 rel8=0x08 branches over the following 6-byte opcode59 actor command; branch outcome is confirmed, predicate semantics preserved at available confidence",docs/analysis/map_selector_upper_vm_cfg_promotion_20260928.md
cfg_t07_l010_v2@0x63,0x63,cfg_t07_l010_v2,0x63,F63-L003,0x59,8,59 59 08 03 02 10,2d 82 a3 ad e1 e7 b3 08,immediate_skip_actor_0x59,B3,0x08,predicate_zero_skips_actor; spawn_when_nonzero,2d 82 a3 ad e1 e7,compound_vm_expression,,confirmed_static_branch_unresolved_predicate,vm_expression(2D 82 A3 AD E1 E7) != 0,,,,requires_compound_vm_expression_evaluation,candidate,"B3/B4 rel8=0x08 branches over the following 6-byte opcode59 actor command; branch outcome is confirmed, predicate semantics preserved at available confidence",docs/analysis/map_selector_upper_vm_cfg_promotion_20260928.md
cfg_t07_l010_v2@0x63,0x63,cfg_t07_l010_v2,0x63,F63-L004,0x27,8,59 27 06 03 02 10,2d 82 a3 ad e1 e7 b3 08,immediate_skip_actor_0x59,B3,0x08,predicate_zero_skips_actor; spawn_when_nonzero,2d 82 a3 ad e1 e7,compound_vm_expression,,confirmed_static_branch_unresolved_predicate,vm_expression(2D 82 A3 AD E1 E7) != 0,,,,requires_compound_vm_expression_evaluation,candidate,"B3/B4 rel8=0x08 branches over the following 6-byte opcode59 actor command; branch outcome is confirmed, predicate semantics preserved at available confidence",docs/analysis/map_selector_upper_vm_cfg_promotion_20260928.md
cfg_t07_l010_v2@0x63,0x63,cfg_t07_l010_v2,0x63,F63-L005,0x5B,4,59 5b 0a 05 02 10,2d 82 b3 08,immediate_skip_actor_0x59,B3,0x08,predicate_zero_skips_actor; spawn_when_nonzero,2d 82,0x2D_condition_compare_0306,0x82,confirmed_static_control_partial_predicate,"predicate_2D(operand=0x82,compare_target=$0306) != 0",,,,requires_2D_predicate_semantics_or_runtime_value,candidate,"B3/B4 rel8=0x08 branches over the following 6-byte opcode59 actor command; branch outcome is confirmed, predicate semantics preserved at available confidence",docs/analysis/map_selector_upper_vm_cfg_promotion_20260928.md
cfg_t07_l010_v2@0x63,0x63,cfg_t07_l010_v2,0x63,F63-L006,0x29,7,59 29 07 03 02 10,2d 82 a3 b2 e7 b3 08,immediate_skip_actor_0x59,B3,0x08,predicate_zero_skips_actor; spawn_when_nonzero,2d 82 a3 b2 e7,compound_vm_expression,,confirmed_static_branch_unresolved_predicate,vm_expression(2D 82 A3 B2 E7) != 0,,,,requires_compound_vm_expression_evaluation,candidate,"B3/B4 rel8=0x08 branches over the following 6-byte opcode59 actor command; branch outcome is confirmed, predicate semantics preserved at available confidence",docs/analysis/map_selector_upper_vm_cfg_promotion_20260928.md
cfg_t07_l010_v2@0x63,0x63,cfg_t07_l010_v2,0x63,F63-L007,0x23,4,59 23 05 04 02 10,2d 82 b3 08,immediate_skip_actor_0x59,B3,0x08,predicate_zero_skips_actor; spawn_when_nonzero,2d 82,0x2D_condition_compare_0306,0x82,confirmed_static_control_partial_predicate,"predicate_2D(operand=0x82,compare_target=$0306) != 0",,,,requires_2D_predicate_semantics_or_runtime_value,candidate,"B3/B4 rel8=0x08 branches over the following 6-byte opcode59 actor command; branch outcome is confirmed, predicate semantics preserved at available confidence",docs/analysis/map_selector_upper_vm_cfg_promotion_20260928.md
cfg_t04_l044_v2@0x65,0x65,cfg_t04_l044_v2,0x65,F65-L001,0x40,0,59 40 12 22 02 00,,no_pre_actor_guard,,,,,,,confirmed_static_unconditional,always,,,,not_required,visible,actor record reaches opcode59 directly with no preceding actor-local guard bytes,docs/analysis/map_selector_upper_vm_cfg_promotion_20260928.md
cfg_t04_l044_v2@0x65,0x65,cfg_t04_l044_v2,0x65,F65-L002,0x5A,0,59 5a 19 23 02 00,,no_pre_actor_guard,,,,,,,confirmed_static_unconditional,always,,,,not_required,visible,actor record reaches opcode59 directly with no preceding actor-local guard bytes,docs/analysis/map_selector_upper_vm_cfg_promotion_20260928.md
cfg_t04_l044_v2@0x65,0x65,cfg_t04_l044_v2,0x65,F65-L003,0x59,0,59 59 2f 28 02 00,,no_pre_actor_guard,,,,,,,confirmed_static_unconditional,always,,,,not_required,visible,actor record reaches opcode59 directly with no preceding actor-local guard bytes,docs/analysis/map_selector_upper_vm_cfg_promotion_20260928.md
cfg_t04_l044_v2@0x65,0x65,cfg_t04_l044_v2,0x65,F65-L004,0x40,4,59 40 2d 28 02 00,2d 65 b3 08,immediate_skip_actor_0x59,B3,0x08,predicate_zero_skips_actor; spawn_when_nonzero,2d 65,0x2D_condition_compare_0306,0x65,confirmed_static_control_partial_predicate,"predicate_2D(operand=0x65,compare_target=$0306) != 0",,,,requires_2D_predicate_semantics_or_runtime_value,candidate,"B3/B4 rel8=0x08 branches over the following 6-byte opcode59 actor command; branch outcome is confirmed, predicate semantics preserved at available confidence",docs/analysis/map_selector_upper_vm_cfg_promotion_20260928.md
cfg_t04_l044_v2@0x65,0x65,cfg_t04_l044_v2,0x65,F65-L005,0x5A,0,59 5a 1d 28 02 00,,no_pre_actor_guard,,,,,,,confirmed_static_unconditional,always,,,,not_required,visible,actor record reaches opcode59 directly with no preceding actor-local guard bytes,docs/analysis/map_selector_upper_vm_cfg_promotion_20260928.md
cfg_t04_l044_v2@0x65,0x65,cfg_t04_l044_v2,0x65,F65-L006,0x32,4,59 32 3a 28 02 10,a3 7c b3 08,immediate_skip_actor_0x59,B3,0x08,predicate_zero_skips_actor; spawn_when_nonzero,a3 7c,A3_flag_test,0x7C,confirmed_static_flag,"flag_test(spec=0x7C,wram=$1255,bit=4) != 0",0x7C,$1255,4,evaluable_if_flag_state_available,candidate,"B3/B4 rel8=0x08 branches over the following 6-byte opcode59 actor command; branch outcome is confirmed, predicate semantics preserved at available confidence",docs/analysis/map_selector_upper_vm_cfg_promotion_20260928.md
cfg_t04_l044_v2@0x65,0x65,cfg_t04_l044_v2,0x65,F65-L007,0x32,4,59 32 30 1f 02 10,a3 7c b3 08,immediate_skip_actor_0x59,B3,0x08,predicate_zero_skips_actor; spawn_when_nonzero,a3 7c,A3_flag_test,0x7C,confirmed_static_flag,"flag_test(spec=0x7C,wram=$1255,bit=4) != 0",0x7C,$1255,4,evaluable_if_flag_state_available,candidate,"B3/B4 rel8=0x08 branches over the following 6-byte opcode59 actor command; branch outcome is confirmed, predicate semantics preserved at available confidence",docs/analysis/map_selector_upper_vm_cfg_promotion_20260928.md
cfg_t04_l044_v2@0x65,0x65,cfg_t04_l044_v2,0x65,F65-L008,0x32,4,59 32 37 1f 02 10,a3 7c b3 08,immediate_skip_actor_0x59,B3,0x08,predicate_zero_skips_actor; spawn_when_nonzero,a3 7c,A3_flag_test,0x7C,confirmed_static_flag,"flag_test(spec=0x7C,wram=$1255,bit=4) != 0",0x7C,$1255,4,evaluable_if_flag_state_available,candidate,"B3/B4 rel8=0x08 branches over the following 6-byte opcode59 actor command; branch outcome is confirmed, predicate semantics preserved at available confidence",docs/analysis/map_selector_upper_vm_cfg_promotion_20260928.md
cfg_t04_l044_v2@0x65,0x65,cfg_t04_l044_v2,0x65,F65-L009,0x0A,9,59 0a 24 1c 02 10,a3 7c 17 07 0a e1 e7 b3 08,immediate_skip_actor_0x59,B3,0x08,predicate_zero_skips_actor; spawn_when_nonzero,a3 7c 17 07 0a e1 e7,compound_vm_expression,,confirmed_static_branch_unresolved_predicate,vm_expression(A3 7C 17 07 0A E1 E7) != 0,,,,requires_compound_vm_expression_evaluation,candidate,"B3/B4 rel8=0x08 branches over the following 6-byte opcode59 actor command; branch outcome is confirmed, predicate semantics preserved at available confidence",docs/analysis/map_selector_upper_vm_cfg_promotion_20260928.md
cfg_t04_l044_v2@0x65,0x65,cfg_t04_l044_v2,0x65,F65-L010,0x43,4,59 43 3a 2e 02 00,a3 7c b3 08,immediate_skip_actor_0x59,B3,0x08,predicate_zero_skips_actor; spawn_when_nonzero,a3 7c,A3_flag_test,0x7C,confirmed_static_flag,"flag_test(spec=0x7C,wram=$1255,bit=4) != 0",0x7C,$1255,4,evaluable_if_flag_state_available,candidate,"B3/B4 rel8=0x08 branches over the following 6-byte opcode59 actor command; branch outcome is confirmed, predicate semantics preserved at available confidence",docs/analysis/map_selector_upper_vm_cfg_promotion_20260928.md
cfg_t07_l064_v2@0x66,0x66,cfg_t07_l064_v2,0x66,F66-L001,0x40,12,59 40 10 08 04 10,a3 7c b4 0a 59 59 10 08 04 10 b2 08,complex_pre_actor_control_flow,,,,a3 7c b4 0a 59 59 10 08 04 10 b2 08,nonlocal_or_multi_actor_cfg,,unresolved_complex_control_flow,,,,,requires_record_cfg,candidate,actor command is preceded by nontrivial control flow not reducible to immediate B3/B4 rel8=0x08 guard; do not assume unconditional visibility,docs/analysis/map_selector_upper_vm_cfg_promotion_20260928.md
cfg_t07_l064_v2@0x66,0x66,cfg_t07_l064_v2,0x66,F66-L002,0x5B,12,59 5b 12 0a 04 10,a3 7c b4 0a 59 5a 12 0a 04 10 b2 08,complex_pre_actor_control_flow,,,,a3 7c b4 0a 59 5a 12 0a 04 10 b2 08,nonlocal_or_multi_actor_cfg,,unresolved_complex_control_flow,,,,,requires_record_cfg,candidate,actor command is preceded by nontrivial control flow not reducible to immediate B3/B4 rel8=0x08 guard; do not assume unconditional visibility,docs/analysis/map_selector_upper_vm_cfg_promotion_20260928.md
cfg_t07_l064_v2@0x66,0x66,cfg_t07_l064_v2,0x66,F66-L003,0x28,12,59 28 0f 0b 04 10,a3 7c b4 0a 59 3e 0f 0b 04 10 b2 08,complex_pre_actor_control_flow,,,,a3 7c b4 0a 59 3e 0f 0b 04 10 b2 08,nonlocal_or_multi_actor_cfg,,unresolved_complex_control_flow,,,,,requires_record_cfg,candidate,actor command is preceded by nontrivial control flow not reducible to immediate B3/B4 rel8=0x08 guard; do not assume unconditional visibility,docs/analysis/map_selector_upper_vm_cfg_promotion_20260928.md
cfg_t07_l064_v2@0x66,0x66,cfg_t07_l064_v2,0x66,F66-L004,0x23,12,59 23 10 0c 04 10,a3 7c b4 0a 59 5b 10 0c 04 10 b2 08,complex_pre_actor_control_flow,,,,a3 7c b4 0a 59 5b 10 0c 04 10 b2 08,nonlocal_or_multi_actor_cfg,,unresolved_complex_control_flow,,,,,requires_record_cfg,candidate,actor command is preceded by nontrivial control flow not reducible to immediate B3/B4 rel8=0x08 guard; do not assume unconditional visibility,docs/analysis/map_selector_upper_vm_cfg_promotion_20260928.md
cfg_t07_l064_v2@0x66,0x66,cfg_t07_l064_v2,0x66,F66-L005,0x5A,12,59 5a 0d 0d 04 10,a3 7c b4 0a 59 3f 0d 0d 04 10 b2 08,complex_pre_actor_control_flow,,,,a3 7c b4 0a 59 3f 0d 0d 04 10 b2 08,nonlocal_or_multi_actor_cfg,,unresolved_complex_control_flow,,,,,requires_record_cfg,candidate,actor command is preceded by nontrivial control flow not reducible to immediate B3/B4 rel8=0x08 guard; do not assume unconditional visibility,docs/analysis/map_selector_upper_vm_cfg_promotion_20260928.md
cfg_t07_l064_v2@0x66,0x66,cfg_t07_l064_v2,0x66,F66-L006,0x32,4,59 32 0c 03 02 10,a3 7c b4 08,immediate_skip_actor_0x59,B4,0x08,predicate_nonzero_skips_actor; spawn_when_zero,a3 7c,A3_flag_test,0x7C,confirmed_static_flag,"flag_test(spec=0x7C,wram=$1255,bit=4) == 0",0x7C,$1255,4,evaluable_if_flag_state_available,candidate,"B3/B4 rel8=0x08 branches over the following 6-byte opcode59 actor command; branch outcome is confirmed, predicate semantics preserved at available confidence",docs/analysis/map_selector_upper_vm_cfg_promotion_20260928.md
cfg_t07_l064_v2@0x66,0x66,cfg_t07_l064_v2,0x66,F66-L007,0x32,4,59 32 0e 03 02 10,a3 7c b4 08,immediate_skip_actor_0x59,B4,0x08,predicate_nonzero_skips_actor; spawn_when_zero,a3 7c,A3_flag_test,0x7C,confirmed_static_flag,"flag_test(spec=0x7C,wram=$1255,bit=4) == 0",0x7C,$1255,4,evaluable_if_flag_state_available,candidate,"B3/B4 rel8=0x08 branches over the following 6-byte opcode59 actor command; branch outcome is confirmed, predicate semantics preserved at available confidence",docs/analysis/map_selector_upper_vm_cfg_promotion_20260928.md
cfg_t07_l064_v2@0x66,0x66,cfg_t07_l064_v2,0x66,F66-L008,0x32,4,59 32 10 03 02 10,a3 7c b4 08,immediate_skip_actor_0x59,B4,0x08,predicate_nonzero_skips_actor; spawn_when_zero,a3 7c,A3_flag_test,0x7C,confirmed_static_flag,"flag_test(spec=0x7C,wram=$1255,bit=4) == 0",0x7C,$1255,4,evaluable_if_flag_state_available,candidate,"B3/B4 rel8=0x08 branches over the following 6-byte opcode59 actor command; branch outcome is confirmed, predicate semantics preserved at available confidence",docs/analysis/map_selector_upper_vm_cfg_promotion_20260928.md
cfg_t07_l064_v2@0x66,0x66,cfg_t07_l064_v2,0x66,F66-L009,0x32,4,59 32 12 03 02 10,a3 7c b4 08,immediate_skip_actor_0x59,B4,0x08,predicate_nonzero_skips_actor; spawn_when_zero,a3 7c,A3_flag_test,0x7C,confirmed_static_flag,"flag_test(spec=0x7C,wram=$1255,bit=4) == 0",0x7C,$1255,4,evaluable_if_flag_state_available,candidate,"B3/B4 rel8=0x08 branches over the following 6-byte opcode59 actor command; branch outcome is confirmed, predicate semantics preserved at available confidence",docs/analysis/map_selector_upper_vm_cfg_promotion_20260928.md
cfg_t07_l064_v2@0x66,0x66,cfg_t07_l064_v2,0x66,F66-L010,0x40,4,59 40 18 10 02 10,a3 7c b3 08,immediate_skip_actor_0x59,B3,0x08,predicate_zero_skips_actor; spawn_when_nonzero,a3 7c,A3_flag_test,0x7C,confirmed_static_flag,"flag_test(spec=0x7C,wram=$1255,bit=4) != 0",0x7C,$1255,4,evaluable_if_flag_state_available,candidate,"B3/B4 rel8=0x08 branches over the following 6-byte opcode59 actor command; branch outcome is confirmed, predicate semantics preserved at available confidence",docs/analysis/map_selector_upper_vm_cfg_promotion_20260928.md
cfg_t04_l039_v2@0x67,0x67,cfg_t04_l039_v2,0x67,F67-L001,0x40,0,59 40 15 10 02 10,,no_pre_actor_guard,,,,,,,confirmed_static_unconditional,always,,,,not_required,visible,actor record reaches opcode59 directly with no preceding actor-local guard bytes,docs/analysis/map_selector_upper_vm_cfg_promotion_20260928.md
cfg_t04_l039_v2@0x67,0x67,cfg_t04_l039_v2,0x67,F67-L002,0x5A,0,59 5a 13 14 03 10,,no_pre_actor_guard,,,,,,,confirmed_static_unconditional,always,,,,not_required,visible,actor record reaches opcode59 directly with no preceding actor-local guard bytes,docs/analysis/map_selector_upper_vm_cfg_promotion_20260928.md
cfg_t04_l039_v2@0x67,0x67,cfg_t04_l039_v2,0x67,F67-L003,0x24,0,59 24 1b 15 01 10,,no_pre_actor_guard,,,,,,,confirmed_static_unconditional,always,,,,not_required,visible,actor record reaches opcode59 directly with no preceding actor-local guard bytes,docs/analysis/map_selector_upper_vm_cfg_promotion_20260928.md
cfg_t04_l039_v2@0x67,0x67,cfg_t04_l039_v2,0x67,F67-L004,0x23,0,59 23 12 1e 02 10,,no_pre_actor_guard,,,,,,,confirmed_static_unconditional,always,,,,not_required,visible,actor record reaches opcode59 directly with no preceding actor-local guard bytes,docs/analysis/map_selector_upper_vm_cfg_promotion_20260928.md
cfg_t04_l039_v2@0x67,0x67,cfg_t04_l039_v2,0x67,F67-L005,0x40,0,59 40 18 28 01 10,,no_pre_actor_guard,,,,,,,confirmed_static_unconditional,always,,,,not_required,visible,actor record reaches opcode59 directly with no preceding actor-local guard bytes,docs/analysis/map_selector_upper_vm_cfg_promotion_20260928.md
cfg_t04_l039_v2@0x67,0x67,cfg_t04_l039_v2,0x67,F67-L006,0x3F,0,59 3f 1a 2e 03 10,,no_pre_actor_guard,,,,,,,confirmed_static_unconditional,always,,,,not_required,visible,actor record reaches opcode59 directly with no preceding actor-local guard bytes,docs/analysis/map_selector_upper_vm_cfg_promotion_20260928.md
cfg_t06_l037_v2@0x68,0x68,cfg_t06_l037_v2,0x68,F68-L002,0x24,12,59 24 20 25 02 10,a3 3e b4 0a 59 24 3c 2b 02 10 b2 08,complex_pre_actor_control_flow,,,,a3 3e b4 0a 59 24 3c 2b 02 10 b2 08,nonlocal_or_multi_actor_cfg,,unresolved_complex_control_flow,,,,,requires_record_cfg,candidate,actor command is preceded by nontrivial control flow not reducible to immediate B3/B4 rel8=0x08 guard; do not assume unconditional visibility,docs/analysis/map_selector_upper_vm_cfg_promotion_20260928.md
cfg_t06_l038_v2@0x68,0x68,cfg_t06_l038_v2,0x68,F68-L002,0x24,12,59 24 20 25 02 10,a3 3e b4 0a 59 24 3c 2b 02 10 b2 08,complex_pre_actor_control_flow,,,,a3 3e b4 0a 59 24 3c 2b 02 10 b2 08,nonlocal_or_multi_actor_cfg,,unresolved_complex_control_flow,,,,,requires_record_cfg,candidate,actor command is preceded by nontrivial control flow not reducible to immediate B3/B4 rel8=0x08 guard; do not assume unconditional visibility,docs/analysis/map_selector_upper_vm_cfg_promotion_20260928.md
cfg_t06_l037_v2@0x68,0x68,cfg_t06_l037_v2,0x68,F68-L003,0x59,12,59 59 26 31 02 10,a3 3e b4 0a 59 59 0c 2c 02 10 b2 08,complex_pre_actor_control_flow,,,,a3 3e b4 0a 59 59 0c 2c 02 10 b2 08,nonlocal_or_multi_actor_cfg,,unresolved_complex_control_flow,,,,,requires_record_cfg,candidate,actor command is preceded by nontrivial control flow not reducible to immediate B3/B4 rel8=0x08 guard; do not assume unconditional visibility,docs/analysis/map_selector_upper_vm_cfg_promotion_20260928.md
cfg_t06_l038_v2@0x68,0x68,cfg_t06_l038_v2,0x68,F68-L003,0x59,12,59 59 26 31 02 10,a3 3e b4 0a 59 59 0c 2c 02 10 b2 08,complex_pre_actor_control_flow,,,,a3 3e b4 0a 59 59 0c 2c 02 10 b2 08,nonlocal_or_multi_actor_cfg,,unresolved_complex_control_flow,,,,,requires_record_cfg,candidate,actor command is preceded by nontrivial control flow not reducible to immediate B3/B4 rel8=0x08 guard; do not assume unconditional visibility,docs/analysis/map_selector_upper_vm_cfg_promotion_20260928.md
cfg_t06_l037_v2@0x68,0x68,cfg_t06_l037_v2,0x68,F68-L004,0x3F,12,59 3f 26 27 01 10,a3 3e b4 0a 59 3f 39 26 02 10 b2 08,complex_pre_actor_control_flow,,,,a3 3e b4 0a 59 3f 39 26 02 10 b2 08,nonlocal_or_multi_actor_cfg,,unresolved_complex_control_flow,,,,,requires_record_cfg,candidate,actor command is preceded by nontrivial control flow not reducible to immediate B3/B4 rel8=0x08 guard; do not assume unconditional visibility,docs/analysis/map_selector_upper_vm_cfg_promotion_20260928.md
cfg_t06_l038_v2@0x68,0x68,cfg_t06_l038_v2,0x68,F68-L004,0x3F,12,59 3f 26 27 01 10,a3 3e b4 0a 59 3f 39 26 02 10 b2 08,complex_pre_actor_control_flow,,,,a3 3e b4 0a 59 3f 39 26 02 10 b2 08,nonlocal_or_multi_actor_cfg,,unresolved_complex_control_flow,,,,,requires_record_cfg,candidate,actor command is preceded by nontrivial control flow not reducible to immediate B3/B4 rel8=0x08 guard; do not assume unconditional visibility,docs/analysis/map_selector_upper_vm_cfg_promotion_20260928.md
cfg_t06_l037_v2@0x68,0x68,cfg_t06_l037_v2,0x68,F68-L005,0x40,12,59 40 2a 2f 02 10,a3 3e b4 0a 59 3e 29 2f 02 10 b2 08,complex_pre_actor_control_flow,,,,a3 3e b4 0a 59 3e 29 2f 02 10 b2 08,nonlocal_or_multi_actor_cfg,,unresolved_complex_control_flow,,,,,requires_record_cfg,candidate,actor command is preceded by nontrivial control flow not reducible to immediate B3/B4 rel8=0x08 guard; do not assume unconditional visibility,docs/analysis/map_selector_upper_vm_cfg_promotion_20260928.md
cfg_t06_l038_v2@0x68,0x68,cfg_t06_l038_v2,0x68,F68-L005,0x40,12,59 40 2a 2f 02 10,a3 3e b4 0a 59 3e 29 2f 02 10 b2 08,complex_pre_actor_control_flow,,,,a3 3e b4 0a 59 3e 29 2f 02 10 b2 08,nonlocal_or_multi_actor_cfg,,unresolved_complex_control_flow,,,,,requires_record_cfg,candidate,actor command is preceded by nontrivial control flow not reducible to immediate B3/B4 rel8=0x08 guard; do not assume unconditional visibility,docs/analysis/map_selector_upper_vm_cfg_promotion_20260928.md
cfg_t06_l037_v2@0x68,0x68,cfg_t06_l037_v2,0x68,F68-L006,0x5A,12,59 5a 20 2f 02 10,a3 3e b4 0a 59 3f 19 17 02 10 b2 08,complex_pre_actor_control_flow,,,,a3 3e b4 0a 59 3f 19 17 02 10 b2 08,nonlocal_or_multi_actor_cfg,,unresolved_complex_control_flow,,,,,requires_record_cfg,candidate,actor command is preceded by nontrivial control flow not reducible to immediate B3/B4 rel8=0x08 guard; do not assume unconditional visibility,docs/analysis/map_selector_upper_vm_cfg_promotion_20260928.md
cfg_t06_l038_v2@0x68,0x68,cfg_t06_l038_v2,0x68,F68-L006,0x5A,12,59 5a 20 2f 02 10,a3 3e b4 0a 59 3f 19 17 02 10 b2 08,complex_pre_actor_control_flow,,,,a3 3e b4 0a 59 3f 19 17 02 10 b2 08,nonlocal_or_multi_actor_cfg,,unresolved_complex_control_flow,,,,,requires_record_cfg,candidate,actor command is preceded by nontrivial control flow not reducible to immediate B3/B4 rel8=0x08 guard; do not assume unconditional visibility,docs/analysis/map_selector_upper_vm_cfg_promotion_20260928.md
cfg_t06_l037_v2@0x68,0x68,cfg_t06_l037_v2,0x68,F68-L007,0x3D,0,59 3d 27 1e 02 00,,no_pre_actor_guard,,,,,,,confirmed_static_unconditional,always,,,,not_required,visible,actor record reaches opcode59 directly with no preceding actor-local guard bytes,docs/analysis/map_selector_upper_vm_cfg_promotion_20260928.md
cfg_t06_l038_v2@0x68,0x68,cfg_t06_l038_v2,0x68,F68-L007,0x3D,0,59 3d 27 1e 02 00,,no_pre_actor_guard,,,,,,,confirmed_static_unconditional,always,,,,not_required,visible,actor record reaches opcode59 directly with no preceding actor-local guard bytes,docs/analysis/map_selector_upper_vm_cfg_promotion_20260928.md
cfg_t06_l037_v2@0x68,0x68,cfg_t06_l037_v2,0x68,F68-L008,0x27,12,59 27 1e 2b 02 00,a3 3e b4 0a 59 27 20 2b 02 10 b2 08,complex_pre_actor_control_flow,,,,a3 3e b4 0a 59 27 20 2b 02 10 b2 08,nonlocal_or_multi_actor_cfg,,unresolved_complex_control_flow,,,,,requires_record_cfg,candidate,actor command is preceded by nontrivial control flow not reducible to immediate B3/B4 rel8=0x08 guard; do not assume unconditional visibility,docs/analysis/map_selector_upper_vm_cfg_promotion_20260928.md
cfg_t06_l038_v2@0x68,0x68,cfg_t06_l038_v2,0x68,F68-L008,0x27,12,59 27 1e 2b 02 00,a3 3e b4 0a 59 27 20 2b 02 10 b2 08,complex_pre_actor_control_flow,,,,a3 3e b4 0a 59 27 20 2b 02 10 b2 08,nonlocal_or_multi_actor_cfg,,unresolved_complex_control_flow,,,,,requires_record_cfg,candidate,actor command is preceded by nontrivial control flow not reducible to immediate B3/B4 rel8=0x08 guard; do not assume unconditional visibility,docs/analysis/map_selector_upper_vm_cfg_promotion_20260928.md
cfg_t06_l037_v2@0x68,0x68,cfg_t06_l037_v2,0x68,F68-L009,0x44,0,59 44 22 31 02 10,,no_pre_actor_guard,,,,,,,confirmed_static_unconditional,always,,,,not_required,visible,actor record reaches opcode59 directly with no preceding actor-local guard bytes,docs/analysis/map_selector_upper_vm_cfg_promotion_20260928.md
cfg_t06_l038_v2@0x68,0x68,cfg_t06_l038_v2,0x68,F68-L009,0x44,0,59 44 22 31 02 10,,no_pre_actor_guard,,,,,,,confirmed_static_unconditional,always,,,,not_required,visible,actor record reaches opcode59 directly with no preceding actor-local guard bytes,docs/analysis/map_selector_upper_vm_cfg_promotion_20260928.md
cfg_t06_l037_v2@0x68,0x68,cfg_t06_l037_v2,0x68,F68-L010,0x40,12,59 40 1f 26 01 10,a3 3e b4 0a 59 23 1d 10 02 00 b2 08,complex_pre_actor_control_flow,,,,a3 3e b4 0a 59 23 1d 10 02 00 b2 08,nonlocal_or_multi_actor_cfg,,unresolved_complex_control_flow,,,,,requires_record_cfg,candidate,actor command is preceded by nontrivial control flow not reducible to immediate B3/B4 rel8=0x08 guard; do not assume unconditional visibility,docs/analysis/map_selector_upper_vm_cfg_promotion_20260928.md
cfg_t06_l038_v2@0x68,0x68,cfg_t06_l038_v2,0x68,F68-L010,0x40,12,59 40 1f 26 01 10,a3 3e b4 0a 59 23 1d 10 02 00 b2 08,complex_pre_actor_control_flow,,,,a3 3e b4 0a 59 23 1d 10 02 00 b2 08,nonlocal_or_multi_actor_cfg,,unresolved_complex_control_flow,,,,,requires_record_cfg,candidate,actor command is preceded by nontrivial control flow not reducible to immediate B3/B4 rel8=0x08 guard; do not assume unconditional visibility,docs/analysis/map_selector_upper_vm_cfg_promotion_20260928.md
cfg_t06_l037_v2@0x68,0x68,cfg_t06_l037_v2,0x68,F68-L011,0x40,4,59 40 29 26 03 50,a3 3e b3 08,immediate_skip_actor_0x59,B3,0x08,predicate_zero_skips_actor; spawn_when_nonzero,a3 3e,A3_flag_test,0x3E,confirmed_static_flag,"flag_test(spec=0x3E,wram=$124D,bit=6) != 0",0x3E,$124D,6,evaluable_if_flag_state_available,candidate,"B3/B4 rel8=0x08 branches over the following 6-byte opcode59 actor command; branch outcome is confirmed, predicate semantics preserved at available confidence",docs/analysis/map_selector_upper_vm_cfg_promotion_20260928.md
cfg_t06_l038_v2@0x68,0x68,cfg_t06_l038_v2,0x68,F68-L011,0x40,4,59 40 29 26 03 50,a3 3e b3 08,immediate_skip_actor_0x59,B3,0x08,predicate_zero_skips_actor; spawn_when_nonzero,a3 3e,A3_flag_test,0x3E,confirmed_static_flag,"flag_test(spec=0x3E,wram=$124D,bit=6) != 0",0x3E,$124D,6,evaluable_if_flag_state_available,candidate,"B3/B4 rel8=0x08 branches over the following 6-byte opcode59 actor command; branch outcome is confirmed, predicate semantics preserved at available confidence",docs/analysis/map_selector_upper_vm_cfg_promotion_20260928.md
cfg_t06_l037_v2@0x68,0x68,cfg_t06_l037_v2,0x68,F68-L012,0x5B,4,59 5b 28 37 02 10,a3 3e b3 08,immediate_skip_actor_0x59,B3,0x08,predicate_zero_skips_actor; spawn_when_nonzero,a3 3e,A3_flag_test,0x3E,confirmed_static_flag,"flag_test(spec=0x3E,wram=$124D,bit=6) != 0",0x3E,$124D,6,evaluable_if_flag_state_available,candidate,"B3/B4 rel8=0x08 branches over the following 6-byte opcode59 actor command; branch outcome is confirmed, predicate semantics preserved at available confidence",docs/analysis/map_selector_upper_vm_cfg_promotion_20260928.md
cfg_t06_l038_v2@0x68,0x68,cfg_t06_l038_v2,0x68,F68-L012,0x5B,4,59 5b 28 37 02 10,a3 3e b3 08,immediate_skip_actor_0x59,B3,0x08,predicate_zero_skips_actor; spawn_when_nonzero,a3 3e,A3_flag_test,0x3E,confirmed_static_flag,"flag_test(spec=0x3E,wram=$124D,bit=6) != 0",0x3E,$124D,6,evaluable_if_flag_state_available,candidate,"B3/B4 rel8=0x08 branches over the following 6-byte opcode59 actor command; branch outcome is confirmed, predicate semantics preserved at available confidence",docs/analysis/map_selector_upper_vm_cfg_promotion_20260928.md
cfg_t06_l037_v2@0x68,0x68,cfg_t06_l037_v2,0x68,F68-L013,0x3E,4,59 3e 28 29 04 50,a3 3e b3 08,immediate_skip_actor_0x59,B3,0x08,predicate_zero_skips_actor; spawn_when_nonzero,a3 3e,A3_flag_test,0x3E,confirmed_static_flag,"flag_test(spec=0x3E,wram=$124D,bit=6) != 0",0x3E,$124D,6,evaluable_if_flag_state_available,candidate,"B3/B4 rel8=0x08 branches over the following 6-byte opcode59 actor command; branch outcome is confirmed, predicate semantics preserved at available confidence",docs/analysis/map_selector_upper_vm_cfg_promotion_20260928.md
cfg_t06_l038_v2@0x68,0x68,cfg_t06_l038_v2,0x68,F68-L013,0x3E,4,59 3e 28 29 04 50,a3 3e b3 08,immediate_skip_actor_0x59,B3,0x08,predicate_zero_skips_actor; spawn_when_nonzero,a3 3e,A3_flag_test,0x3E,confirmed_static_flag,"flag_test(spec=0x3E,wram=$124D,bit=6) != 0",0x3E,$124D,6,evaluable_if_flag_state_available,candidate,"B3/B4 rel8=0x08 branches over the following 6-byte opcode59 actor command; branch outcome is confirmed, predicate semantics preserved at available confidence",docs/analysis/map_selector_upper_vm_cfg_promotion_20260928.md
cfg_t06_l037_v2@0x68,0x68,cfg_t06_l037_v2,0x68,F68-L014,0x59,4,59 59 1d 37 02 10,a3 3e b3 08,immediate_skip_actor_0x59,B3,0x08,predicate_zero_skips_actor; spawn_when_nonzero,a3 3e,A3_flag_test,0x3E,confirmed_static_flag,"flag_test(spec=0x3E,wram=$124D,bit=6) != 0",0x3E,$124D,6,evaluable_if_flag_state_available,candidate,"B3/B4 rel8=0x08 branches over the following 6-byte opcode59 actor command; branch outcome is confirmed, predicate semantics preserved at available confidence",docs/analysis/map_selector_upper_vm_cfg_promotion_20260928.md
cfg_t06_l038_v2@0x68,0x68,cfg_t06_l038_v2,0x68,F68-L014,0x59,4,59 59 1d 37 02 10,a3 3e b3 08,immediate_skip_actor_0x59,B3,0x08,predicate_zero_skips_actor; spawn_when_nonzero,a3 3e,A3_flag_test,0x3E,confirmed_static_flag,"flag_test(spec=0x3E,wram=$124D,bit=6) != 0",0x3E,$124D,6,evaluable_if_flag_state_available,candidate,"B3/B4 rel8=0x08 branches over the following 6-byte opcode59 actor command; branch outcome is confirmed, predicate semantics preserved at available confidence",docs/analysis/map_selector_upper_vm_cfg_promotion_20260928.md
cfg_t06_l037_v2@0x68,0x68,cfg_t06_l037_v2,0x68,F68-L015,0x3F,4,59 3f 2a 27 03 50,a3 3e b3 08,immediate_skip_actor_0x59,B3,0x08,predicate_zero_skips_actor; spawn_when_nonzero,a3 3e,A3_flag_test,0x3E,confirmed_static_flag,"flag_test(spec=0x3E,wram=$124D,bit=6) != 0",0x3E,$124D,6,evaluable_if_flag_state_available,candidate,"B3/B4 rel8=0x08 branches over the following 6-byte opcode59 actor command; branch outcome is confirmed, predicate semantics preserved at available confidence",docs/analysis/map_selector_upper_vm_cfg_promotion_20260928.md
cfg_t06_l038_v2@0x68,0x68,cfg_t06_l038_v2,0x68,F68-L015,0x3F,4,59 3f 2a 27 03 50,a3 3e b3 08,immediate_skip_actor_0x59,B3,0x08,predicate_zero_skips_actor; spawn_when_nonzero,a3 3e,A3_flag_test,0x3E,confirmed_static_flag,"flag_test(spec=0x3E,wram=$124D,bit=6) != 0",0x3E,$124D,6,evaluable_if_flag_state_available,candidate,"B3/B4 rel8=0x08 branches over the following 6-byte opcode59 actor command; branch outcome is confirmed, predicate semantics preserved at available confidence",docs/analysis/map_selector_upper_vm_cfg_promotion_20260928.md
cfg_t06_l037_v2@0x68,0x68,cfg_t06_l037_v2,0x68,F68-L016,0x3F,4,59 3f 20 29 04 50,a3 3e b3 08,immediate_skip_actor_0x59,B3,0x08,predicate_zero_skips_actor; spawn_when_nonzero,a3 3e,A3_flag_test,0x3E,confirmed_static_flag,"flag_test(spec=0x3E,wram=$124D,bit=6) != 0",0x3E,$124D,6,evaluable_if_flag_state_available,candidate,"B3/B4 rel8=0x08 branches over the following 6-byte opcode59 actor command; branch outcome is confirmed, predicate semantics preserved at available confidence",docs/analysis/map_selector_upper_vm_cfg_promotion_20260928.md
cfg_t06_l038_v2@0x68,0x68,cfg_t06_l038_v2,0x68,F68-L016,0x3F,4,59 3f 20 29 04 50,a3 3e b3 08,immediate_skip_actor_0x59,B3,0x08,predicate_zero_skips_actor; spawn_when_nonzero,a3 3e,A3_flag_test,0x3E,confirmed_static_flag,"flag_test(spec=0x3E,wram=$124D,bit=6) != 0",0x3E,$124D,6,evaluable_if_flag_state_available,candidate,"B3/B4 rel8=0x08 branches over the following 6-byte opcode59 actor command; branch outcome is confirmed, predicate semantics preserved at available confidence",docs/analysis/map_selector_upper_vm_cfg_promotion_20260928.md
cfg_t06_l037_v2@0x68,0x68,cfg_t06_l037_v2,0x68,F68-L017,0x28,4,59 28 22 27 03 50,a3 3e b3 08,immediate_skip_actor_0x59,B3,0x08,predicate_zero_skips_actor; spawn_when_nonzero,a3 3e,A3_flag_test,0x3E,confirmed_static_flag,"flag_test(spec=0x3E,wram=$124D,bit=6) != 0",0x3E,$124D,6,evaluable_if_flag_state_available,candidate,"B3/B4 rel8=0x08 branches over the following 6-byte opcode59 actor command; branch outcome is confirmed, predicate semantics preserved at available confidence",docs/analysis/map_selector_upper_vm_cfg_promotion_20260928.md
cfg_t06_l038_v2@0x68,0x68,cfg_t06_l038_v2,0x68,F68-L017,0x28,4,59 28 22 27 03 50,a3 3e b3 08,immediate_skip_actor_0x59,B3,0x08,predicate_zero_skips_actor; spawn_when_nonzero,a3 3e,A3_flag_test,0x3E,confirmed_static_flag,"flag_test(spec=0x3E,wram=$124D,bit=6) != 0",0x3E,$124D,6,evaluable_if_flag_state_available,candidate,"B3/B4 rel8=0x08 branches over the following 6-byte opcode59 actor command; branch outcome is confirmed, predicate semantics preserved at available confidence",docs/analysis/map_selector_upper_vm_cfg_promotion_20260928.md
cfg_t06_l037_v2@0x68,0x68,cfg_t06_l037_v2,0x68,F68-L018,0x5B,4,59 5b 1e 27 01 50,a3 3e b3 08,immediate_skip_actor_0x59,B3,0x08,predicate_zero_skips_actor; spawn_when_nonzero,a3 3e,A3_flag_test,0x3E,confirmed_static_flag,"flag_test(spec=0x3E,wram=$124D,bit=6) != 0",0x3E,$124D,6,evaluable_if_flag_state_available,candidate,"B3/B4 rel8=0x08 branches over the following 6-byte opcode59 actor command; branch outcome is confirmed, predicate semantics preserved at available confidence",docs/analysis/map_selector_upper_vm_cfg_promotion_20260928.md
cfg_t06_l038_v2@0x68,0x68,cfg_t06_l038_v2,0x68,F68-L018,0x5B,4,59 5b 1e 27 01 50,a3 3e b3 08,immediate_skip_actor_0x59,B3,0x08,predicate_zero_skips_actor; spawn_when_nonzero,a3 3e,A3_flag_test,0x3E,confirmed_static_flag,"flag_test(spec=0x3E,wram=$124D,bit=6) != 0",0x3E,$124D,6,evaluable_if_flag_state_available,candidate,"B3/B4 rel8=0x08 branches over the following 6-byte opcode59 actor command; branch outcome is confirmed, predicate semantics preserved at available confidence",docs/analysis/map_selector_upper_vm_cfg_promotion_20260928.md
cfg_t06_l037_v2@0x68,0x68,cfg_t06_l037_v2,0x68,F68-L019,0x28,4,59 28 28 25 02 10,a3 3e b3 08,immediate_skip_actor_0x59,B3,0x08,predicate_zero_skips_actor; spawn_when_nonzero,a3 3e,A3_flag_test,0x3E,confirmed_static_flag,"flag_test(spec=0x3E,wram=$124D,bit=6) != 0",0x3E,$124D,6,evaluable_if_flag_state_available,candidate,"B3/B4 rel8=0x08 branches over the following 6-byte opcode59 actor command; branch outcome is confirmed, predicate semantics preserved at available confidence",docs/analysis/map_selector_upper_vm_cfg_promotion_20260928.md
cfg_t06_l038_v2@0x68,0x68,cfg_t06_l038_v2,0x68,F68-L019,0x28,4,59 28 28 25 02 10,a3 3e b3 08,immediate_skip_actor_0x59,B3,0x08,predicate_zero_skips_actor; spawn_when_nonzero,a3 3e,A3_flag_test,0x3E,confirmed_static_flag,"flag_test(spec=0x3E,wram=$124D,bit=6) != 0",0x3E,$124D,6,evaluable_if_flag_state_available,candidate,"B3/B4 rel8=0x08 branches over the following 6-byte opcode59 actor command; branch outcome is confirmed, predicate semantics preserved at available confidence",docs/analysis/map_selector_upper_vm_cfg_promotion_20260928.md
cfg_t06_l037_v2@0x68,0x68,cfg_t06_l037_v2,0x68,F68-L020,0x29,4,59 29 22 1d 02 10,a3 3e b3 08,immediate_skip_actor_0x59,B3,0x08,predicate_zero_skips_actor; spawn_when_nonzero,a3 3e,A3_flag_test,0x3E,confirmed_static_flag,"flag_test(spec=0x3E,wram=$124D,bit=6) != 0",0x3E,$124D,6,evaluable_if_flag_state_available,candidate,"B3/B4 rel8=0x08 branches over the following 6-byte opcode59 actor command; branch outcome is confirmed, predicate semantics preserved at available confidence",docs/analysis/map_selector_upper_vm_cfg_promotion_20260928.md
cfg_t06_l038_v2@0x68,0x68,cfg_t06_l038_v2,0x68,F68-L020,0x29,4,59 29 22 1d 02 10,a3 3e b3 08,immediate_skip_actor_0x59,B3,0x08,predicate_zero_skips_actor; spawn_when_nonzero,a3 3e,A3_flag_test,0x3E,confirmed_static_flag,"flag_test(spec=0x3E,wram=$124D,bit=6) != 0",0x3E,$124D,6,evaluable_if_flag_state_available,candidate,"B3/B4 rel8=0x08 branches over the following 6-byte opcode59 actor command; branch outcome is confirmed, predicate semantics preserved at available confidence",docs/analysis/map_selector_upper_vm_cfg_promotion_20260928.md
cfg_t06_l037_v2@0x68,0x68,cfg_t06_l037_v2,0x68,F68-L025,0x0A,15,59 0a 20 23 02 10,3d 13 0a 3d 15 0a e1 e7 17 07 0a e1 e7 b3 08,immediate_skip_actor_0x59,B3,0x08,predicate_zero_skips_actor; spawn_when_nonzero,3d 13 0a 3d 15 0a e1 e7 17 07 0a e1 e7,compound_vm_expression,,confirmed_static_branch_unresolved_predicate,vm_expression(3D 13 0A 3D 15 0A E1 E7 17 07 0A E1 E7) != 0,,,,requires_compound_vm_expression_evaluation,candidate,"B3/B4 rel8=0x08 branches over the following 6-byte opcode59 actor command; branch outcome is confirmed, predicate semantics preserved at available confidence",docs/analysis/map_selector_upper_vm_cfg_promotion_20260928.md
cfg_t06_l038_v2@0x68,0x68,cfg_t06_l038_v2,0x68,F68-L025,0x0A,15,59 0a 20 23 02 10,3d 13 0a 3d 15 0a e1 e7 17 07 0a e1 e7 b3 08,immediate_skip_actor_0x59,B3,0x08,predicate_zero_skips_actor; spawn_when_nonzero,3d 13 0a 3d 15 0a e1 e7 17 07 0a e1 e7,compound_vm_expression,,confirmed_static_branch_unresolved_predicate,vm_expression(3D 13 0A 3D 15 0A E1 E7 17 07 0A E1 E7) != 0,,,,requires_compound_vm_expression_evaluation,candidate,"B3/B4 rel8=0x08 branches over the following 6-byte opcode59 actor command; branch outcome is confirmed, predicate semantics preserved at available confidence",docs/analysis/map_selector_upper_vm_cfg_promotion_20260928.md
cfg_t06_l040_v2@0x6A,0x6A,cfg_t06_l040_v2,0x6A,F6A-L002,0x40,0,59 40 29 3b 02 80,,no_pre_actor_guard,,,,,,,confirmed_static_unconditional,always,,,,not_required,visible,actor record reaches opcode59 directly with no preceding actor-local guard bytes,docs/analysis/map_selector_upper_vm_cfg_promotion_20260928.md
cfg_t06_l040_v2@0x6A,0x6A,cfg_t06_l040_v2,0x6A,F6A-L003,0x59,0,59 59 29 25 02 80,,no_pre_actor_guard,,,,,,,confirmed_static_unconditional,always,,,,not_required,visible,actor record reaches opcode59 directly with no preceding actor-local guard bytes,docs/analysis/map_selector_upper_vm_cfg_promotion_20260928.md
cfg_t06_l040_v2@0x6A,0x6A,cfg_t06_l040_v2,0x6A,F6A-L004,0x40,0,59 40 23 1e 02 80,,no_pre_actor_guard,,,,,,,confirmed_static_unconditional,always,,,,not_required,visible,actor record reaches opcode59 directly with no preceding actor-local guard bytes,docs/analysis/map_selector_upper_vm_cfg_promotion_20260928.md
cfg_t06_l040_v2@0x6A,0x6A,cfg_t06_l040_v2,0x6A,F6A-L005,0x3F,0,59 3f 2b 2c 02 80,,no_pre_actor_guard,,,,,,,confirmed_static_unconditional,always,,,,not_required,visible,actor record reaches opcode59 directly with no preceding actor-local guard bytes,docs/analysis/map_selector_upper_vm_cfg_promotion_20260928.md
cfg_t06_l040_v2@0x6A,0x6A,cfg_t06_l040_v2,0x6A,F6A-L006,0x29,0,59 29 24 11 02 80,,no_pre_actor_guard,,,,,,,confirmed_static_unconditional,always,,,,not_required,visible,actor record reaches opcode59 directly with no preceding actor-local guard bytes,docs/analysis/map_selector_upper_vm_cfg_promotion_20260928.md
cfg_t06_l040_v2@0x6A,0x6A,cfg_t06_l040_v2,0x6A,F6A-L007,0x40,0,59 40 16 22 02 80,,no_pre_actor_guard,,,,,,,confirmed_static_unconditional,always,,,,not_required,visible,actor record reaches opcode59 directly with no preceding actor-local guard bytes,docs/analysis/map_selector_upper_vm_cfg_promotion_20260928.md
cfg_t06_l040_v2@0x6A,0x6A,cfg_t06_l040_v2,0x6A,F6A-L008,0x27,0,59 27 1f 38 02 80,,no_pre_actor_guard,,,,,,,confirmed_static_unconditional,always,,,,not_required,visible,actor record reaches opcode59 directly with no preceding actor-local guard bytes,docs/analysis/map_selector_upper_vm_cfg_promotion_20260928.md
cfg_t06_l040_v2@0x6A,0x6A,cfg_t06_l040_v2,0x6A,F6A-L009,0x40,0,59 40 22 31 02 80,,no_pre_actor_guard,,,,,,,confirmed_static_unconditional,always,,,,not_required,visible,actor record reaches opcode59 directly with no preceding actor-local guard bytes,docs/analysis/map_selector_upper_vm_cfg_promotion_20260928.md
cfg_t06_l040_v2@0x6A,0x6A,cfg_t06_l040_v2,0x6A,F6A-L010,0x30,4,59 30 19 2e 02 80,a3 45 b3 08,immediate_skip_actor_0x59,B3,0x08,predicate_zero_skips_actor; spawn_when_nonzero,a3 45,A3_flag_test,0x45,confirmed_static_flag,"flag_test(spec=0x45,wram=$124E,bit=5) != 0",0x45,$124E,5,evaluable_if_flag_state_available,candidate,"B3/B4 rel8=0x08 branches over the following 6-byte opcode59 actor command; branch outcome is confirmed, predicate semantics preserved at available confidence",docs/analysis/map_selector_upper_vm_cfg_promotion_20260928.md
cfg_t06_l040_v2@0x6A,0x6A,cfg_t06_l040_v2,0x6A,F6A-L011,0x2F,4,59 2f 17 29 02 80,a3 45 b3 08,immediate_skip_actor_0x59,B3,0x08,predicate_zero_skips_actor; spawn_when_nonzero,a3 45,A3_flag_test,0x45,confirmed_static_flag,"flag_test(spec=0x45,wram=$124E,bit=5) != 0",0x45,$124E,5,evaluable_if_flag_state_available,candidate,"B3/B4 rel8=0x08 branches over the following 6-byte opcode59 actor command; branch outcome is confirmed, predicate semantics preserved at available confidence",docs/analysis/map_selector_upper_vm_cfg_promotion_20260928.md
cfg_t06_l040_v2@0x6A,0x6A,cfg_t06_l040_v2,0x6A,F6A-L012,0x2F,4,59 2f 1c 30 02 80,a3 63 b3 08,immediate_skip_actor_0x59,B3,0x08,predicate_zero_skips_actor; spawn_when_nonzero,a3 63,A3_flag_test,0x63,confirmed_static_flag,"flag_test(spec=0x63,wram=$1252,bit=3) != 0",0x63,$1252,3,evaluable_if_flag_state_available,candidate,"B3/B4 rel8=0x08 branches over the following 6-byte opcode59 actor command; branch outcome is confirmed, predicate semantics preserved at available confidence",docs/analysis/map_selector_upper_vm_cfg_promotion_20260928.md
cfg_t06_l040_v2@0x6A,0x6A,cfg_t06_l040_v2,0x6A,F6A-L013,0x2F,4,59 2f 16 3a 02 80,a3 63 b3 08,immediate_skip_actor_0x59,B3,0x08,predicate_zero_skips_actor; spawn_when_nonzero,a3 63,A3_flag_test,0x63,confirmed_static_flag,"flag_test(spec=0x63,wram=$1252,bit=3) != 0",0x63,$1252,3,evaluable_if_flag_state_available,candidate,"B3/B4 rel8=0x08 branches over the following 6-byte opcode59 actor command; branch outcome is confirmed, predicate semantics preserved at available confidence",docs/analysis/map_selector_upper_vm_cfg_promotion_20260928.md
cfg_t07_l076_v2@0x6C,0x6C,cfg_t07_l076_v2,0x6C,F6C-L001,0x40,8,59 40 0d 09 02 10,a3 73 a3 70 e1 e7 b3 08,immediate_skip_actor_0x59,B3,0x08,predicate_zero_skips_actor; spawn_when_nonzero,a3 73 a3 70 e1 e7,compound_vm_expression,,confirmed_static_branch_unresolved_predicate,vm_expression(A3 73 A3 70 E1 E7) != 0,,,,requires_compound_vm_expression_evaluation,candidate,"B3/B4 rel8=0x08 branches over the following 6-byte opcode59 actor command; branch outcome is confirmed, predicate semantics preserved at available confidence",docs/analysis/map_selector_upper_vm_cfg_promotion_20260928.md
cfg_t07_l076_v2@0x6C,0x6C,cfg_t07_l076_v2,0x6C,F6C-L002,0x5B,8,59 5b 09 0c 02 10,a3 73 a3 70 e1 e7 b3 08,immediate_skip_actor_0x59,B3,0x08,predicate_zero_skips_actor; spawn_when_nonzero,a3 73 a3 70 e1 e7,compound_vm_expression,,confirmed_static_branch_unresolved_predicate,vm_expression(A3 73 A3 70 E1 E7) != 0,,,,requires_compound_vm_expression_evaluation,candidate,"B3/B4 rel8=0x08 branches over the following 6-byte opcode59 actor command; branch outcome is confirmed, predicate semantics preserved at available confidence",docs/analysis/map_selector_upper_vm_cfg_promotion_20260928.md
cfg_t07_l076_v2@0x6C,0x6C,cfg_t07_l076_v2,0x6C,F6C-L003,0x28,8,59 28 0c 0d 02 10,a3 73 a3 70 e1 e7 b3 08,immediate_skip_actor_0x59,B3,0x08,predicate_zero_skips_actor; spawn_when_nonzero,a3 73 a3 70 e1 e7,compound_vm_expression,,confirmed_static_branch_unresolved_predicate,vm_expression(A3 73 A3 70 E1 E7) != 0,,,,requires_compound_vm_expression_evaluation,candidate,"B3/B4 rel8=0x08 branches over the following 6-byte opcode59 actor command; branch outcome is confirmed, predicate semantics preserved at available confidence",docs/analysis/map_selector_upper_vm_cfg_promotion_20260928.md
cfg_t07_l076_v2@0x6C,0x6C,cfg_t07_l076_v2,0x6C,F6C-L004,0x5B,8,59 5b 0f 0b 02 10,a3 73 a3 70 e1 e7 b3 08,immediate_skip_actor_0x59,B3,0x08,predicate_zero_skips_actor; spawn_when_nonzero,a3 73 a3 70 e1 e7,compound_vm_expression,,confirmed_static_branch_unresolved_predicate,vm_expression(A3 73 A3 70 E1 E7) != 0,,,,requires_compound_vm_expression_evaluation,candidate,"B3/B4 rel8=0x08 branches over the following 6-byte opcode59 actor command; branch outcome is confirmed, predicate semantics preserved at available confidence",docs/analysis/map_selector_upper_vm_cfg_promotion_20260928.md
cfg_t07_l076_v2@0x6C,0x6C,cfg_t07_l076_v2,0x6C,F6C-L005,0x28,8,59 28 17 05 02 10,a3 73 a3 70 e1 e7 b3 08,immediate_skip_actor_0x59,B3,0x08,predicate_zero_skips_actor; spawn_when_nonzero,a3 73 a3 70 e1 e7,compound_vm_expression,,confirmed_static_branch_unresolved_predicate,vm_expression(A3 73 A3 70 E1 E7) != 0,,,,requires_compound_vm_expression_evaluation,candidate,"B3/B4 rel8=0x08 branches over the following 6-byte opcode59 actor command; branch outcome is confirmed, predicate semantics preserved at available confidence",docs/analysis/map_selector_upper_vm_cfg_promotion_20260928.md
cfg_t07_l076_v2@0x6C,0x6C,cfg_t07_l076_v2,0x6C,F6C-L006,0x43,8,59 43 1a 07 02 10,a3 73 a3 70 e1 e7 b3 08,immediate_skip_actor_0x59,B3,0x08,predicate_zero_skips_actor; spawn_when_nonzero,a3 73 a3 70 e1 e7,compound_vm_expression,,confirmed_static_branch_unresolved_predicate,vm_expression(A3 73 A3 70 E1 E7) != 0,,,,requires_compound_vm_expression_evaluation,candidate,"B3/B4 rel8=0x08 branches over the following 6-byte opcode59 actor command; branch outcome is confirmed, predicate semantics preserved at available confidence",docs/analysis/map_selector_upper_vm_cfg_promotion_20260928.md
cfg_t07_l076_v2@0x6C,0x6C,cfg_t07_l076_v2,0x6C,F6C-L007,0x59,8,59 59 03 10 02 10,a3 73 a3 70 e1 e7 b3 08,immediate_skip_actor_0x59,B3,0x08,predicate_zero_skips_actor; spawn_when_nonzero,a3 73 a3 70 e1 e7,compound_vm_expression,,confirmed_static_branch_unresolved_predicate,vm_expression(A3 73 A3 70 E1 E7) != 0,,,,requires_compound_vm_expression_evaluation,candidate,"B3/B4 rel8=0x08 branches over the following 6-byte opcode59 actor command; branch outcome is confirmed, predicate semantics preserved at available confidence",docs/analysis/map_selector_upper_vm_cfg_promotion_20260928.md
cfg_t07_l076_v2@0x6C,0x6C,cfg_t07_l076_v2,0x6C,F6C-L008,0x5A,8,59 5a 0c 10 02 10,a3 73 a3 70 e1 e7 b3 08,immediate_skip_actor_0x59,B3,0x08,predicate_zero_skips_actor; spawn_when_nonzero,a3 73 a3 70 e1 e7,compound_vm_expression,,confirmed_static_branch_unresolved_predicate,vm_expression(A3 73 A3 70 E1 E7) != 0,,,,requires_compound_vm_expression_evaluation,candidate,"B3/B4 rel8=0x08 branches over the following 6-byte opcode59 actor command; branch outcome is confirmed, predicate semantics preserved at available confidence",docs/analysis/map_selector_upper_vm_cfg_promotion_20260928.md
cfg_t07_l076_v2@0x6C,0x6C,cfg_t07_l076_v2,0x6C,F6C-L009,0x24,8,59 24 10 12 02 10,a3 73 a3 70 e1 e7 b3 08,immediate_skip_actor_0x59,B3,0x08,predicate_zero_skips_actor; spawn_when_nonzero,a3 73 a3 70 e1 e7,compound_vm_expression,,confirmed_static_branch_unresolved_predicate,vm_expression(A3 73 A3 70 E1 E7) != 0,,,,requires_compound_vm_expression_evaluation,candidate,"B3/B4 rel8=0x08 branches over the following 6-byte opcode59 actor command; branch outcome is confirmed, predicate semantics preserved at available confidence",docs/analysis/map_selector_upper_vm_cfg_promotion_20260928.md
cfg_t07_l076_v2@0x6C,0x6C,cfg_t07_l076_v2,0x6C,F6C-L010,0x3F,8,59 3f 15 11 02 10,a3 73 a3 70 e1 e7 b3 08,immediate_skip_actor_0x59,B3,0x08,predicate_zero_skips_actor; spawn_when_nonzero,a3 73 a3 70 e1 e7,compound_vm_expression,,confirmed_static_branch_unresolved_predicate,vm_expression(A3 73 A3 70 E1 E7) != 0,,,,requires_compound_vm_expression_evaluation,candidate,"B3/B4 rel8=0x08 branches over the following 6-byte opcode59 actor command; branch outcome is confirmed, predicate semantics preserved at available confidence",docs/analysis/map_selector_upper_vm_cfg_promotion_20260928.md
cfg_t07_l076_v2@0x6C,0x6C,cfg_t07_l076_v2,0x6C,F6C-L011,0x43,8,59 43 06 0b 02 10,a3 73 a3 70 e1 e7 b3 08,immediate_skip_actor_0x59,B3,0x08,predicate_zero_skips_actor; spawn_when_nonzero,a3 73 a3 70 e1 e7,compound_vm_expression,,confirmed_static_branch_unresolved_predicate,vm_expression(A3 73 A3 70 E1 E7) != 0,,,,requires_compound_vm_expression_evaluation,candidate,"B3/B4 rel8=0x08 branches over the following 6-byte opcode59 actor command; branch outcome is confirmed, predicate semantics preserved at available confidence",docs/analysis/map_selector_upper_vm_cfg_promotion_20260928.md
cfg_t07_l076_v2@0x6C,0x6C,cfg_t07_l076_v2,0x6C,F6C-L012,0x41,8,59 41 15 09 02 10,a3 73 a3 70 e1 e7 b3 08,immediate_skip_actor_0x59,B3,0x08,predicate_zero_skips_actor; spawn_when_nonzero,a3 73 a3 70 e1 e7,compound_vm_expression,,confirmed_static_branch_unresolved_predicate,vm_expression(A3 73 A3 70 E1 E7) != 0,,,,requires_compound_vm_expression_evaluation,candidate,"B3/B4 rel8=0x08 branches over the following 6-byte opcode59 actor command; branch outcome is confirmed, predicate semantics preserved at available confidence",docs/analysis/map_selector_upper_vm_cfg_promotion_20260928.md
cfg_t07_l076_v2@0x6C,0x6C,cfg_t07_l076_v2,0x6C,F6C-L013,0x3D,8,59 3d 08 12 02 10,a3 73 a3 70 e1 e7 b3 08,immediate_skip_actor_0x59,B3,0x08,predicate_zero_skips_actor; spawn_when_nonzero,a3 73 a3 70 e1 e7,compound_vm_expression,,confirmed_static_branch_unresolved_predicate,vm_expression(A3 73 A3 70 E1 E7) != 0,,,,requires_compound_vm_expression_evaluation,candidate,"B3/B4 rel8=0x08 branches over the following 6-byte opcode59 actor command; branch outcome is confirmed, predicate semantics preserved at available confidence",docs/analysis/map_selector_upper_vm_cfg_promotion_20260928.md
cfg_t07_l076_v2@0x6C,0x6C,cfg_t07_l076_v2,0x6C,F6C-L014,0x42,8,59 42 04 05 02 10,a3 73 a3 70 e1 e7 b3 08,immediate_skip_actor_0x59,B3,0x08,predicate_zero_skips_actor; spawn_when_nonzero,a3 73 a3 70 e1 e7,compound_vm_expression,,confirmed_static_branch_unresolved_predicate,vm_expression(A3 73 A3 70 E1 E7) != 0,,,,requires_compound_vm_expression_evaluation,candidate,"B3/B4 rel8=0x08 branches over the following 6-byte opcode59 actor command; branch outcome is confirmed, predicate semantics preserved at available confidence",docs/analysis/map_selector_upper_vm_cfg_promotion_20260928.md
cfg_t07_l076_v2@0x6C,0x6C,cfg_t07_l076_v2,0x6C,F6C-L015,0x42,8,59 42 05 05 02 10,a3 73 a3 70 e1 e7 b3 08,immediate_skip_actor_0x59,B3,0x08,predicate_zero_skips_actor; spawn_when_nonzero,a3 73 a3 70 e1 e7,compound_vm_expression,,confirmed_static_branch_unresolved_predicate,vm_expression(A3 73 A3 70 E1 E7) != 0,,,,requires_compound_vm_expression_evaluation,candidate,"B3/B4 rel8=0x08 branches over the following 6-byte opcode59 actor command; branch outcome is confirmed, predicate semantics preserved at available confidence",docs/analysis/map_selector_upper_vm_cfg_promotion_20260928.md
cfg_t07_l076_v2@0x6C,0x6C,cfg_t07_l076_v2,0x6C,F6C-L016,0x42,8,59 42 12 05 02 10,a3 73 a3 70 e1 e7 b3 08,immediate_skip_actor_0x59,B3,0x08,predicate_zero_skips_actor; spawn_when_nonzero,a3 73 a3 70 e1 e7,compound_vm_expression,,confirmed_static_branch_unresolved_predicate,vm_expression(A3 73 A3 70 E1 E7) != 0,,,,requires_compound_vm_expression_evaluation,candidate,"B3/B4 rel8=0x08 branches over the following 6-byte opcode59 actor command; branch outcome is confirmed, predicate semantics preserved at available confidence",docs/analysis/map_selector_upper_vm_cfg_promotion_20260928.md
cfg_t05_l043_v2@0x6E,0x6E,cfg_t05_l043_v2,0x6E,F6E-L001,0x40,0,59 40 22 19 02 00,,no_pre_actor_guard,,,,,,,confirmed_static_unconditional,always,,,,not_required,visible,actor record reaches opcode59 directly with no preceding actor-local guard bytes,docs/analysis/map_selector_upper_vm_cfg_promotion_20260928.md
cfg_t05_l043_v2@0x6E,0x6E,cfg_t05_l043_v2,0x6E,F6E-L002,0x59,0,59 59 3b 20 02 00,,no_pre_actor_guard,,,,,,,confirmed_static_unconditional,always,,,,not_required,visible,actor record reaches opcode59 directly with no preceding actor-local guard bytes,docs/analysis/map_selector_upper_vm_cfg_promotion_20260928.md
cfg_t05_l043_v2@0x6E,0x6E,cfg_t05_l043_v2,0x6E,F6E-L003,0x5B,0,59 5b 2f 1a 02 00,,no_pre_actor_guard,,,,,,,confirmed_static_unconditional,always,,,,not_required,visible,actor record reaches opcode59 directly with no preceding actor-local guard bytes,docs/analysis/map_selector_upper_vm_cfg_promotion_20260928.md
cfg_t05_l043_v2@0x6E,0x6E,cfg_t05_l043_v2,0x6E,F6E-L004,0x28,0,59 28 1c 21 02 00,,no_pre_actor_guard,,,,,,,confirmed_static_unconditional,always,,,,not_required,visible,actor record reaches opcode59 directly with no preceding actor-local guard bytes,docs/analysis/map_selector_upper_vm_cfg_promotion_20260928.md
cfg_t05_l043_v2@0x6E,0x6E,cfg_t05_l043_v2,0x6E,F6E-L005,0x5A,0,59 5a 25 21 02 00,,no_pre_actor_guard,,,,,,,confirmed_static_unconditional,always,,,,not_required,visible,actor record reaches opcode59 directly with no preceding actor-local guard bytes,docs/analysis/map_selector_upper_vm_cfg_promotion_20260928.md
cfg_t05_l043_v2@0x6E,0x6E,cfg_t05_l043_v2,0x6E,F6E-L006,0x43,0,59 43 30 22 02 00,,no_pre_actor_guard,,,,,,,confirmed_static_unconditional,always,,,,not_required,visible,actor record reaches opcode59 directly with no preceding actor-local guard bytes,docs/analysis/map_selector_upper_vm_cfg_promotion_20260928.md
cfg_t05_l043_v2@0x6E,0x6E,cfg_t05_l043_v2,0x6E,F6E-L007,0x5A,0,59 5a 34 1e 02 00,,no_pre_actor_guard,,,,,,,confirmed_static_unconditional,always,,,,not_required,visible,actor record reaches opcode59 directly with no preceding actor-local guard bytes,docs/analysis/map_selector_upper_vm_cfg_promotion_20260928.md
cfg_t05_l043_v2@0x6E,0x6E,cfg_t05_l043_v2,0x6E,F6E-L008,0x3F,0,59 3f 3a 23 02 00,,no_pre_actor_guard,,,,,,,confirmed_static_unconditional,always,,,,not_required,visible,actor record reaches opcode59 directly with no preceding actor-local guard bytes,docs/analysis/map_selector_upper_vm_cfg_promotion_20260928.md
cfg_t05_l043_v2@0x6E,0x6E,cfg_t05_l043_v2,0x6E,F6E-L009,0x24,0,59 24 1b 25 02 00,,no_pre_actor_guard,,,,,,,confirmed_static_unconditional,always,,,,not_required,visible,actor record reaches opcode59 directly with no preceding actor-local guard bytes,docs/analysis/map_selector_upper_vm_cfg_promotion_20260928.md
cfg_t05_l043_v2@0x6E,0x6E,cfg_t05_l043_v2,0x6E,F6E-L010,0x59,0,59 59 16 24 02 00,,no_pre_actor_guard,,,,,,,confirmed_static_unconditional,always,,,,not_required,visible,actor record reaches opcode59 directly with no preceding actor-local guard bytes,docs/analysis/map_selector_upper_vm_cfg_promotion_20260928.md
cfg_t05_l043_v2@0x6E,0x6E,cfg_t05_l043_v2,0x6E,F6E-L011,0x5B,0,59 5b 1c 29 02 00,,no_pre_actor_guard,,,,,,,confirmed_static_unconditional,always,,,,not_required,visible,actor record reaches opcode59 directly with no preceding actor-local guard bytes,docs/analysis/map_selector_upper_vm_cfg_promotion_20260928.md
cfg_t05_l043_v2@0x6E,0x6E,cfg_t05_l043_v2,0x6E,F6E-L012,0x43,0,59 43 24 2b 02 00,,no_pre_actor_guard,,,,,,,confirmed_static_unconditional,always,,,,not_required,visible,actor record reaches opcode59 directly with no preceding actor-local guard bytes,docs/analysis/map_selector_upper_vm_cfg_promotion_20260928.md
cfg_t05_l043_v2@0x6E,0x6E,cfg_t05_l043_v2,0x6E,F6E-L013,0x38,0,59 38 2c 29 02 00,,no_pre_actor_guard,,,,,,,confirmed_static_unconditional,always,,,,not_required,visible,actor record reaches opcode59 directly with no preceding actor-local guard bytes,docs/analysis/map_selector_upper_vm_cfg_promotion_20260928.md
cfg_t05_l043_v2@0x6E,0x6E,cfg_t05_l043_v2,0x6E,F6E-L014,0x30,0,59 30 37 27 02 00,,no_pre_actor_guard,,,,,,,confirmed_static_unconditional,always,,,,not_required,visible,actor record reaches opcode59 directly with no preceding actor-local guard bytes,docs/analysis/map_selector_upper_vm_cfg_promotion_20260928.md
cfg_t05_l043_v2@0x6E,0x6E,cfg_t05_l043_v2,0x6E,F6E-L015,0x29,4,59 29 2b 1d 02 00,a3 74 b4 08,immediate_skip_actor_0x59,B4,0x08,predicate_nonzero_skips_actor; spawn_when_zero,a3 74,A3_flag_test,0x74,confirmed_static_flag,"flag_test(spec=0x74,wram=$1254,bit=4) == 0",0x74,$1254,4,evaluable_if_flag_state_available,candidate,"B3/B4 rel8=0x08 branches over the following 6-byte opcode59 actor command; branch outcome is confirmed, predicate semantics preserved at available confidence",docs/analysis/map_selector_upper_vm_cfg_promotion_20260928.md
cfg_t05_l043_v2@0x6E,0x6E,cfg_t05_l043_v2,0x6E,F6E-L016,0x29,0,59 29 2f 26 02 00,,no_pre_actor_guard,,,,,,,confirmed_static_unconditional,always,,,,not_required,visible,actor record reaches opcode59 directly with no preceding actor-local guard bytes,docs/analysis/map_selector_upper_vm_cfg_promotion_20260928.md
cfg_t05_l043_v2@0x6E,0x6E,cfg_t05_l043_v2,0x6E,F6E-L017,0x29,0,59 29 1f 2c 02 00,,no_pre_actor_guard,,,,,,,confirmed_static_unconditional,always,,,,not_required,visible,actor record reaches opcode59 directly with no preceding actor-local guard bytes,docs/analysis/map_selector_upper_vm_cfg_promotion_20260928.md
cfg_t04_l045_v2@0x6F,0x6F,cfg_t04_l045_v2,0x6F,F6F-L003,0x43,6,59 43 26 53 02 80,08 b9 13 02 b3 08,immediate_skip_actor_0x59,B3,0x08,predicate_zero_skips_actor; spawn_when_nonzero,08 b9 13 02,0x08_condition,0xB91302,confirmed_static_control_partial_predicate,predicate_08(bytes=08 B9 13 02) != 0,,,,requires_08_predicate_semantics_or_runtime_value,candidate,"B3/B4 rel8=0x08 branches over the following 6-byte opcode59 actor command; branch outcome is confirmed, predicate semantics preserved at available confidence",docs/analysis/map_selector_upper_vm_cfg_promotion_20260928.md
cfg_t04_l045_v2@0x6F,0x6F,cfg_t04_l045_v2,0x6F,F6F-L004,0x43,6,59 43 29 4d 02 80,08 b9 13 02 b3 08,immediate_skip_actor_0x59,B3,0x08,predicate_zero_skips_actor; spawn_when_nonzero,08 b9 13 02,0x08_condition,0xB91302,confirmed_static_control_partial_predicate,predicate_08(bytes=08 B9 13 02) != 0,,,,requires_08_predicate_semantics_or_runtime_value,candidate,"B3/B4 rel8=0x08 branches over the following 6-byte opcode59 actor command; branch outcome is confirmed, predicate semantics preserved at available confidence",docs/analysis/map_selector_upper_vm_cfg_promotion_20260928.md
cfg_t04_l045_v2@0x6F,0x6F,cfg_t04_l045_v2,0x6F,F6F-L005,0x44,6,59 44 34 52 02 80,08 b9 13 02 b3 08,immediate_skip_actor_0x59,B3,0x08,predicate_zero_skips_actor; spawn_when_nonzero,08 b9 13 02,0x08_condition,0xB91302,confirmed_static_control_partial_predicate,predicate_08(bytes=08 B9 13 02) != 0,,,,requires_08_predicate_semantics_or_runtime_value,candidate,"B3/B4 rel8=0x08 branches over the following 6-byte opcode59 actor command; branch outcome is confirmed, predicate semantics preserved at available confidence",docs/analysis/map_selector_upper_vm_cfg_promotion_20260928.md
cfg_t04_l045_v2@0x6F,0x6F,cfg_t04_l045_v2,0x6F,F6F-L006,0x42,6,59 42 2e 4a 02 80,08 b9 13 02 b3 08,immediate_skip_actor_0x59,B3,0x08,predicate_zero_skips_actor; spawn_when_nonzero,08 b9 13 02,0x08_condition,0xB91302,confirmed_static_control_partial_predicate,predicate_08(bytes=08 B9 13 02) != 0,,,,requires_08_predicate_semantics_or_runtime_value,candidate,"B3/B4 rel8=0x08 branches over the following 6-byte opcode59 actor command; branch outcome is confirmed, predicate semantics preserved at available confidence",docs/analysis/map_selector_upper_vm_cfg_promotion_20260928.md
cfg_t04_l045_v2@0x6F,0x6F,cfg_t04_l045_v2,0x6F,F6F-L007,0x30,6,59 30 2c 39 02 90,08 b9 13 03 b4 08,immediate_skip_actor_0x59,B4,0x08,predicate_nonzero_skips_actor; spawn_when_zero,08 b9 13 03,0x08_condition,0xB91303,confirmed_static_control_partial_predicate,predicate_08(bytes=08 B9 13 03) == 0,,,,requires_08_predicate_semantics_or_runtime_value,candidate,"B3/B4 rel8=0x08 branches over the following 6-byte opcode59 actor command; branch outcome is confirmed, predicate semantics preserved at available confidence",docs/analysis/map_selector_upper_vm_cfg_promotion_20260928.md
cfg_t04_l045_v2@0x6F,0x6F,cfg_t04_l045_v2,0x6F,F6F-L008,0x2F,6,59 2f 2d 39 02 90,08 b9 13 03 b4 08,immediate_skip_actor_0x59,B4,0x08,predicate_nonzero_skips_actor; spawn_when_zero,08 b9 13 03,0x08_condition,0xB91303,confirmed_static_control_partial_predicate,predicate_08(bytes=08 B9 13 03) == 0,,,,requires_08_predicate_semantics_or_runtime_value,candidate,"B3/B4 rel8=0x08 branches over the following 6-byte opcode59 actor command; branch outcome is confirmed, predicate semantics preserved at available confidence",docs/analysis/map_selector_upper_vm_cfg_promotion_20260928.md
cfg_t04_l045_v2@0x6F,0x6F,cfg_t04_l045_v2,0x6F,F6F-L009,0x30,6,59 30 2e 39 02 90,08 b9 13 03 b4 08,immediate_skip_actor_0x59,B4,0x08,predicate_nonzero_skips_actor; spawn_when_zero,08 b9 13 03,0x08_condition,0xB91303,confirmed_static_control_partial_predicate,predicate_08(bytes=08 B9 13 03) == 0,,,,requires_08_predicate_semantics_or_runtime_value,candidate,"B3/B4 rel8=0x08 branches over the following 6-byte opcode59 actor command; branch outcome is confirmed, predicate semantics preserved at available confidence",docs/analysis/map_selector_upper_vm_cfg_promotion_20260928.md
cfg_t04_l045_v2@0x6F,0x6F,cfg_t04_l045_v2,0x6F,F6F-L010,0x30,10,59 30 21 24 02 90,a3 81 b4 0e 08 b9 13 02 b3 08,immediate_skip_actor_0x59,B3,0x08,predicate_zero_skips_actor; spawn_when_nonzero,a3 81 b4 0e 08 b9 13 02,compound_vm_expression,,confirmed_static_branch_unresolved_predicate,vm_expression(A3 81 B4 0E 08 B9 13 02) != 0,,,,requires_compound_vm_expression_evaluation,candidate,"B3/B4 rel8=0x08 branches over the following 6-byte opcode59 actor command; branch outcome is confirmed, predicate semantics preserved at available confidence",docs/analysis/map_selector_upper_vm_cfg_promotion_20260928.md
cfg_t04_l045_v2@0x6F,0x6F,cfg_t04_l045_v2,0x6F,F6F-L011,0x30,10,59 30 39 40 02 90,a3 83 b4 0e 08 b9 13 02 b3 08,immediate_skip_actor_0x59,B3,0x08,predicate_zero_skips_actor; spawn_when_nonzero,a3 83 b4 0e 08 b9 13 02,compound_vm_expression,,confirmed_static_branch_unresolved_predicate,vm_expression(A3 83 B4 0E 08 B9 13 02) != 0,,,,requires_compound_vm_expression_evaluation,candidate,"B3/B4 rel8=0x08 branches over the following 6-byte opcode59 actor command; branch outcome is confirmed, predicate semantics preserved at available confidence",docs/analysis/map_selector_upper_vm_cfg_promotion_20260928.md
cfg_t04_l045_v2@0x70,0x70,cfg_t04_l045_v2,0x70,F70-L003,0x59,0,59 59 24 24 02 00,,no_pre_actor_guard,,,,,,,confirmed_static_unconditional,always,,,,not_required,visible,actor record reaches opcode59 directly with no preceding actor-local guard bytes,docs/analysis/map_selector_upper_vm_cfg_promotion_20260928.md
cfg_t04_l045_v2@0x70,0x70,cfg_t04_l045_v2,0x70,F70-L004,0x42,0,59 42 2d 24 02 00,,no_pre_actor_guard,,,,,,,confirmed_static_unconditional,always,,,,not_required,visible,actor record reaches opcode59 directly with no preceding actor-local guard bytes,docs/analysis/map_selector_upper_vm_cfg_promotion_20260928.md
cfg_t04_l045_v2@0x70,0x70,cfg_t04_l045_v2,0x70,F70-L005,0x5B,0,59 5b 38 1f 02 00,,no_pre_actor_guard,,,,,,,confirmed_static_unconditional,always,,,,not_required,visible,actor record reaches opcode59 directly with no preceding actor-local guard bytes,docs/analysis/map_selector_upper_vm_cfg_promotion_20260928.md
cfg_t04_l045_v2@0x70,0x70,cfg_t04_l045_v2,0x70,F70-L006,0x42,0,59 42 38 2b 02 00,,no_pre_actor_guard,,,,,,,confirmed_static_unconditional,always,,,,not_required,visible,actor record reaches opcode59 directly with no preceding actor-local guard bytes,docs/analysis/map_selector_upper_vm_cfg_promotion_20260928.md
cfg_t04_l045_v2@0x70,0x70,cfg_t04_l045_v2,0x70,F70-L007,0x3F,0,59 3f 54 42 02 00,,no_pre_actor_guard,,,,,,,confirmed_static_unconditional,always,,,,not_required,visible,actor record reaches opcode59 directly with no preceding actor-local guard bytes,docs/analysis/map_selector_upper_vm_cfg_promotion_20260928.md
cfg_t04_l045_v2@0x70,0x70,cfg_t04_l045_v2,0x70,F70-L008,0x59,0,59 59 39 3e 02 00,,no_pre_actor_guard,,,,,,,confirmed_static_unconditional,always,,,,not_required,visible,actor record reaches opcode59 directly with no preceding actor-local guard bytes,docs/analysis/map_selector_upper_vm_cfg_promotion_20260928.md
cfg_t04_l045_v2@0x70,0x70,cfg_t04_l045_v2,0x70,F70-L009,0x3F,0,59 3f 2c 3f 02 00,,no_pre_actor_guard,,,,,,,confirmed_static_unconditional,always,,,,not_required,visible,actor record reaches opcode59 directly with no preceding actor-local guard bytes,docs/analysis/map_selector_upper_vm_cfg_promotion_20260928.md
cfg_t04_l045_v2@0x70,0x70,cfg_t04_l045_v2,0x70,F70-L010,0x23,0,59 23 55 31 02 00,,no_pre_actor_guard,,,,,,,confirmed_static_unconditional,always,,,,not_required,visible,actor record reaches opcode59 directly with no preceding actor-local guard bytes,docs/analysis/map_selector_upper_vm_cfg_promotion_20260928.md
cfg_t04_l045_v2@0x70,0x70,cfg_t04_l045_v2,0x70,F70-L011,0x43,0,59 43 46 33 02 00,,no_pre_actor_guard,,,,,,,confirmed_static_unconditional,always,,,,not_required,visible,actor record reaches opcode59 directly with no preceding actor-local guard bytes,docs/analysis/map_selector_upper_vm_cfg_promotion_20260928.md
cfg_t04_l045_v2@0x70,0x70,cfg_t04_l045_v2,0x70,F70-L012,0x43,0,59 43 3b 52 02 00,,no_pre_actor_guard,,,,,,,confirmed_static_unconditional,always,,,,not_required,visible,actor record reaches opcode59 directly with no preceding actor-local guard bytes,docs/analysis/map_selector_upper_vm_cfg_promotion_20260928.md
cfg_t04_l045_v2@0x70,0x70,cfg_t04_l045_v2,0x70,F70-L013,0x24,0,59 24 20 41 02 10,,no_pre_actor_guard,,,,,,,confirmed_static_unconditional,always,,,,not_required,visible,actor record reaches opcode59 directly with no preceding actor-local guard bytes,docs/analysis/map_selector_upper_vm_cfg_promotion_20260928.md
cfg_t04_l045_v2@0x70,0x70,cfg_t04_l045_v2,0x70,F70-L014,0x44,0,59 44 1e 53 02 00,,no_pre_actor_guard,,,,,,,confirmed_static_unconditional,always,,,,not_required,visible,actor record reaches opcode59 directly with no preceding actor-local guard bytes,docs/analysis/map_selector_upper_vm_cfg_promotion_20260928.md
cfg_t04_l045_v2@0x70,0x70,cfg_t04_l045_v2,0x70,F70-L015,0x30,0,59 30 34 53 02 00,,no_pre_actor_guard,,,,,,,confirmed_static_unconditional,always,,,,not_required,visible,actor record reaches opcode59 directly with no preceding actor-local guard bytes,docs/analysis/map_selector_upper_vm_cfg_promotion_20260928.md
cfg_t04_l045_v2@0x70,0x70,cfg_t04_l045_v2,0x70,F70-L016,0x2F,0,59 2f 46 1a 02 00,,no_pre_actor_guard,,,,,,,confirmed_static_unconditional,always,,,,not_required,visible,actor record reaches opcode59 directly with no preceding actor-local guard bytes,docs/analysis/map_selector_upper_vm_cfg_promotion_20260928.md
cfg_t04_l045_v2@0x70,0x70,cfg_t04_l045_v2,0x70,F70-L017,0x38,0,59 38 40 1b 02 00,,no_pre_actor_guard,,,,,,,confirmed_static_unconditional,always,,,,not_required,visible,actor record reaches opcode59 directly with no preceding actor-local guard bytes,docs/analysis/map_selector_upper_vm_cfg_promotion_20260928.md
cfg_t04_l045_v2@0x70,0x70,cfg_t04_l045_v2,0x70,F70-L018,0x30,0,59 30 19 30 02 00,,no_pre_actor_guard,,,,,,,confirmed_static_unconditional,always,,,,not_required,visible,actor record reaches opcode59 directly with no preceding actor-local guard bytes,docs/analysis/map_selector_upper_vm_cfg_promotion_20260928.md
cfg_t04_l045_v2@0x70,0x70,cfg_t04_l045_v2,0x70,F70-L019,0x3F,0,59 3f 47 47 02 10,,no_pre_actor_guard,,,,,,,confirmed_static_unconditional,always,,,,not_required,visible,actor record reaches opcode59 directly with no preceding actor-local guard bytes,docs/analysis/map_selector_upper_vm_cfg_promotion_20260928.md
cfg_t04_l045_v2@0x70,0x70,cfg_t04_l045_v2,0x70,F70-L020,0x23,0,59 23 48 4b 02 10,,no_pre_actor_guard,,,,,,,confirmed_static_unconditional,always,,,,not_required,visible,actor record reaches opcode59 directly with no preceding actor-local guard bytes,docs/analysis/map_selector_upper_vm_cfg_promotion_20260928.md
cfg_t04_l045_v2@0x70,0x70,cfg_t04_l045_v2,0x70,F70-L021,0x3E,0,59 3e 49 42 02 10,,no_pre_actor_guard,,,,,,,confirmed_static_unconditional,always,,,,not_required,visible,actor record reaches opcode59 directly with no preceding actor-local guard bytes,docs/analysis/map_selector_upper_vm_cfg_promotion_20260928.md
cfg_t04_l045_v2@0x70,0x70,cfg_t04_l045_v2,0x70,F70-L022,0x5A,0,59 5a 56 3f 02 10,,no_pre_actor_guard,,,,,,,confirmed_static_unconditional,always,,,,not_required,visible,actor record reaches opcode59 directly with no preceding actor-local guard bytes,docs/analysis/map_selector_upper_vm_cfg_promotion_20260928.md
cfg_t04_l045_v2@0x70,0x70,cfg_t04_l045_v2,0x70,F70-L023,0x40,0,59 40 53 42 02 10,,no_pre_actor_guard,,,,,,,confirmed_static_unconditional,always,,,,not_required,visible,actor record reaches opcode59 directly with no preceding actor-local guard bytes,docs/analysis/map_selector_upper_vm_cfg_promotion_20260928.md
cfg_t04_l045_v2@0x70,0x70,cfg_t04_l045_v2,0x70,F70-L024,0x42,0,59 42 22 2f 02 10,,no_pre_actor_guard,,,,,,,confirmed_static_unconditional,always,,,,not_required,visible,actor record reaches opcode59 directly with no preceding actor-local guard bytes,docs/analysis/map_selector_upper_vm_cfg_promotion_20260928.md
cfg_t07_l069_v2@0x71,0x71,cfg_t07_l069_v2,0x71,F71-L001,0x24,4,59 24 04 0a 02 10,a3 84 b4 08,immediate_skip_actor_0x59,B4,0x08,predicate_nonzero_skips_actor; spawn_when_zero,a3 84,A3_flag_test,0x84,confirmed_static_flag,"flag_test(spec=0x84,wram=$1256,bit=4) == 0",0x84,$1256,4,evaluable_if_flag_state_available,candidate,"B3/B4 rel8=0x08 branches over the following 6-byte opcode59 actor command; branch outcome is confirmed, predicate semantics preserved at available confidence",docs/analysis/map_selector_upper_vm_cfg_promotion_20260928.md
cfg_t07_l069_v2@0x71,0x71,cfg_t07_l069_v2,0x71,F71-L002,0x28,4,59 28 09 09 02 10,a3 84 b4 08,immediate_skip_actor_0x59,B4,0x08,predicate_nonzero_skips_actor; spawn_when_zero,a3 84,A3_flag_test,0x84,confirmed_static_flag,"flag_test(spec=0x84,wram=$1256,bit=4) == 0",0x84,$1256,4,evaluable_if_flag_state_available,candidate,"B3/B4 rel8=0x08 branches over the following 6-byte opcode59 actor command; branch outcome is confirmed, predicate semantics preserved at available confidence",docs/analysis/map_selector_upper_vm_cfg_promotion_20260928.md
cfg_t07_l078_v2@0x72,0x72,cfg_t07_l078_v2,0x72,F72-L001,0x24,11,59 24 11 04 02 10,08 b9 13 02 08 b9 13 03 e8 b3 08,immediate_skip_actor_0x59,B3,0x08,predicate_zero_skips_actor; spawn_when_nonzero,08 b9 13 02 08 b9 13 03 e8,compound_vm_expression,,confirmed_static_branch_unresolved_predicate,vm_expression(08 B9 13 02 08 B9 13 03 E8) != 0,,,,requires_compound_vm_expression_evaluation,candidate,"B3/B4 rel8=0x08 branches over the following 6-byte opcode59 actor command; branch outcome is confirmed, predicate semantics preserved at available confidence",docs/analysis/map_selector_upper_vm_cfg_promotion_20260928.md
cfg_t07_l078_v2@0x72,0x72,cfg_t07_l078_v2,0x72,F72-L002,0x59,11,59 59 13 07 02 10,08 b9 13 02 08 b9 13 03 e8 b3 08,immediate_skip_actor_0x59,B3,0x08,predicate_zero_skips_actor; spawn_when_nonzero,08 b9 13 02 08 b9 13 03 e8,compound_vm_expression,,confirmed_static_branch_unresolved_predicate,vm_expression(08 B9 13 02 08 B9 13 03 E8) != 0,,,,requires_compound_vm_expression_evaluation,candidate,"B3/B4 rel8=0x08 branches over the following 6-byte opcode59 actor command; branch outcome is confirmed, predicate semantics preserved at available confidence",docs/analysis/map_selector_upper_vm_cfg_promotion_20260928.md
cfg_t07_l078_v2@0x72,0x72,cfg_t07_l078_v2,0x72,F72-L003,0x30,11,59 30 10 05 01 10,08 b9 13 02 08 b9 13 03 e8 b3 08,immediate_skip_actor_0x59,B3,0x08,predicate_zero_skips_actor; spawn_when_nonzero,08 b9 13 02 08 b9 13 03 e8,compound_vm_expression,,confirmed_static_branch_unresolved_predicate,vm_expression(08 B9 13 02 08 B9 13 03 E8) != 0,,,,requires_compound_vm_expression_evaluation,candidate,"B3/B4 rel8=0x08 branches over the following 6-byte opcode59 actor command; branch outcome is confirmed, predicate semantics preserved at available confidence",docs/analysis/map_selector_upper_vm_cfg_promotion_20260928.md
cfg_t07_l078_v2@0x72,0x72,cfg_t07_l078_v2,0x72,F72-L004,0x29,11,59 29 07 03 02 10,08 b9 13 06 08 b9 13 07 e8 b3 08,immediate_skip_actor_0x59,B3,0x08,predicate_zero_skips_actor; spawn_when_nonzero,08 b9 13 06 08 b9 13 07 e8,compound_vm_expression,,confirmed_static_branch_unresolved_predicate,vm_expression(08 B9 13 06 08 B9 13 07 E8) != 0,,,,requires_compound_vm_expression_evaluation,candidate,"B3/B4 rel8=0x08 branches over the following 6-byte opcode59 actor command; branch outcome is confirmed, predicate semantics preserved at available confidence",docs/analysis/map_selector_upper_vm_cfg_promotion_20260928.md
cfg_t07_l078_v2@0x72,0x72,cfg_t07_l078_v2,0x72,F72-L005,0x27,11,59 27 03 04 02 10,08 b9 13 06 08 b9 13 07 e8 b3 08,immediate_skip_actor_0x59,B3,0x08,predicate_zero_skips_actor; spawn_when_nonzero,08 b9 13 06 08 b9 13 07 e8,compound_vm_expression,,confirmed_static_branch_unresolved_predicate,vm_expression(08 B9 13 06 08 B9 13 07 E8) != 0,,,,requires_compound_vm_expression_evaluation,candidate,"B3/B4 rel8=0x08 branches over the following 6-byte opcode59 actor command; branch outcome is confirmed, predicate semantics preserved at available confidence",docs/analysis/map_selector_upper_vm_cfg_promotion_20260928.md
cfg_t07_l078_v2@0x72,0x72,cfg_t07_l078_v2,0x72,F72-L006,0x5B,11,59 5b 05 03 02 10,08 b9 13 06 08 b9 13 07 e8 b3 08,immediate_skip_actor_0x59,B3,0x08,predicate_zero_skips_actor; spawn_when_nonzero,08 b9 13 06 08 b9 13 07 e8,compound_vm_expression,,confirmed_static_branch_unresolved_predicate,vm_expression(08 B9 13 06 08 B9 13 07 E8) != 0,,,,requires_compound_vm_expression_evaluation,candidate,"B3/B4 rel8=0x08 branches over the following 6-byte opcode59 actor command; branch outcome is confirmed, predicate semantics preserved at available confidence",docs/analysis/map_selector_upper_vm_cfg_promotion_20260928.md
cfg_t07_l078_v2@0x72,0x72,cfg_t07_l078_v2,0x72,F72-L007,0x28,11,59 28 11 04 02 10,08 b9 13 06 08 b9 13 07 e8 b3 08,immediate_skip_actor_0x59,B3,0x08,predicate_zero_skips_actor; spawn_when_nonzero,08 b9 13 06 08 b9 13 07 e8,compound_vm_expression,,confirmed_static_branch_unresolved_predicate,vm_expression(08 B9 13 06 08 B9 13 07 E8) != 0,,,,requires_compound_vm_expression_evaluation,candidate,"B3/B4 rel8=0x08 branches over the following 6-byte opcode59 actor command; branch outcome is confirmed, predicate semantics preserved at available confidence",docs/analysis/map_selector_upper_vm_cfg_promotion_20260928.md
cfg_t07_l078_v2@0x72,0x72,cfg_t07_l078_v2,0x72,F72-L008,0x2F,11,59 2f 03 04 02 10,08 b9 13 08 08 b9 13 09 e8 b3 08,immediate_skip_actor_0x59,B3,0x08,predicate_zero_skips_actor; spawn_when_nonzero,08 b9 13 08 08 b9 13 09 e8,compound_vm_expression,,confirmed_static_branch_unresolved_predicate,vm_expression(08 B9 13 08 08 B9 13 09 E8) != 0,,,,requires_compound_vm_expression_evaluation,candidate,"B3/B4 rel8=0x08 branches over the following 6-byte opcode59 actor command; branch outcome is confirmed, predicate semantics preserved at available confidence",docs/analysis/map_selector_upper_vm_cfg_promotion_20260928.md
cfg_t07_l078_v2@0x72,0x72,cfg_t07_l078_v2,0x72,F72-L009,0x42,11,59 42 10 05 02 10,08 b9 13 08 08 b9 13 09 e8 b3 08,immediate_skip_actor_0x59,B3,0x08,predicate_zero_skips_actor; spawn_when_nonzero,08 b9 13 08 08 b9 13 09 e8,compound_vm_expression,,confirmed_static_branch_unresolved_predicate,vm_expression(08 B9 13 08 08 B9 13 09 E8) != 0,,,,requires_compound_vm_expression_evaluation,candidate,"B3/B4 rel8=0x08 branches over the following 6-byte opcode59 actor command; branch outcome is confirmed, predicate semantics preserved at available confidence",docs/analysis/map_selector_upper_vm_cfg_promotion_20260928.md
cfg_t07_l078_v2@0x72,0x72,cfg_t07_l078_v2,0x72,F72-L010,0x59,11,59 59 10 06 04 10,08 b9 13 08 08 b9 13 09 e8 b3 08,immediate_skip_actor_0x59,B3,0x08,predicate_zero_skips_actor; spawn_when_nonzero,08 b9 13 08 08 b9 13 09 e8,compound_vm_expression,,confirmed_static_branch_unresolved_predicate,vm_expression(08 B9 13 08 08 B9 13 09 E8) != 0,,,,requires_compound_vm_expression_evaluation,candidate,"B3/B4 rel8=0x08 branches over the following 6-byte opcode59 actor command; branch outcome is confirmed, predicate semantics preserved at available confidence",docs/analysis/map_selector_upper_vm_cfg_promotion_20260928.md
cfg_t07_l078_v2@0x73,0x73,cfg_t07_l078_v2,0x73,F73-L001,0x42,11,59 42 11 04 02 10,08 b9 13 02 08 b9 13 03 e8 b3 08,immediate_skip_actor_0x59,B3,0x08,predicate_zero_skips_actor; spawn_when_nonzero,08 b9 13 02 08 b9 13 03 e8,compound_vm_expression,,confirmed_static_branch_unresolved_predicate,vm_expression(08 B9 13 02 08 B9 13 03 E8) != 0,,,,requires_compound_vm_expression_evaluation,candidate,"B3/B4 rel8=0x08 branches over the following 6-byte opcode59 actor command; branch outcome is confirmed, predicate semantics preserved at available confidence",docs/analysis/map_selector_upper_vm_cfg_promotion_20260928.md
cfg_t07_l078_v2@0x73,0x73,cfg_t07_l078_v2,0x73,F73-L002,0x59,11,59 59 03 04 02 10,08 b9 13 04 08 b9 13 05 e8 b3 08,immediate_skip_actor_0x59,B3,0x08,predicate_zero_skips_actor; spawn_when_nonzero,08 b9 13 04 08 b9 13 05 e8,compound_vm_expression,,confirmed_static_branch_unresolved_predicate,vm_expression(08 B9 13 04 08 B9 13 05 E8) != 0,,,,requires_compound_vm_expression_evaluation,candidate,"B3/B4 rel8=0x08 branches over the following 6-byte opcode59 actor command; branch outcome is confirmed, predicate semantics preserved at available confidence",docs/analysis/map_selector_upper_vm_cfg_promotion_20260928.md
cfg_t07_l078_v2@0x73,0x73,cfg_t07_l078_v2,0x73,F73-L003,0x23,11,59 23 11 04 02 10,08 b9 13 04 08 b9 13 05 e8 b3 08,immediate_skip_actor_0x59,B3,0x08,predicate_zero_skips_actor; spawn_when_nonzero,08 b9 13 04 08 b9 13 05 e8,compound_vm_expression,,confirmed_static_branch_unresolved_predicate,vm_expression(08 B9 13 04 08 B9 13 05 E8) != 0,,,,requires_compound_vm_expression_evaluation,candidate,"B3/B4 rel8=0x08 branches over the following 6-byte opcode59 actor command; branch outcome is confirmed, predicate semantics preserved at available confidence",docs/analysis/map_selector_upper_vm_cfg_promotion_20260928.md
cfg_t07_l078_v2@0x73,0x73,cfg_t07_l078_v2,0x73,F73-L004,0x24,11,59 24 03 04 02 10,08 b9 13 06 08 b9 13 07 e8 b3 08,immediate_skip_actor_0x59,B3,0x08,predicate_zero_skips_actor; spawn_when_nonzero,08 b9 13 06 08 b9 13 07 e8,compound_vm_expression,,confirmed_static_branch_unresolved_predicate,vm_expression(08 B9 13 06 08 B9 13 07 E8) != 0,,,,requires_compound_vm_expression_evaluation,candidate,"B3/B4 rel8=0x08 branches over the following 6-byte opcode59 actor command; branch outcome is confirmed, predicate semantics preserved at available confidence",docs/analysis/map_selector_upper_vm_cfg_promotion_20260928.md
cfg_t07_l078_v2@0x73,0x73,cfg_t07_l078_v2,0x73,F73-L005,0x27,11,59 27 11 04 02 10,08 b9 13 06 08 b9 13 07 e8 b3 08,immediate_skip_actor_0x59,B3,0x08,predicate_zero_skips_actor; spawn_when_nonzero,08 b9 13 06 08 b9 13 07 e8,compound_vm_expression,,confirmed_static_branch_unresolved_predicate,vm_expression(08 B9 13 06 08 B9 13 07 E8) != 0,,,,requires_compound_vm_expression_evaluation,candidate,"B3/B4 rel8=0x08 branches over the following 6-byte opcode59 actor command; branch outcome is confirmed, predicate semantics preserved at available confidence",docs/analysis/map_selector_upper_vm_cfg_promotion_20260928.md
cfg_t07_l078_v2@0x73,0x73,cfg_t07_l078_v2,0x73,F73-L006,0x46,11,59 46 12 04 02 10,08 b9 13 06 08 b9 13 07 e8 b3 08,immediate_skip_actor_0x59,B3,0x08,predicate_zero_skips_actor; spawn_when_nonzero,08 b9 13 06 08 b9 13 07 e8,compound_vm_expression,,confirmed_static_branch_unresolved_predicate,vm_expression(08 B9 13 06 08 B9 13 07 E8) != 0,,,,requires_compound_vm_expression_evaluation,candidate,"B3/B4 rel8=0x08 branches over the following 6-byte opcode59 actor command; branch outcome is confirmed, predicate semantics preserved at available confidence",docs/analysis/map_selector_upper_vm_cfg_promotion_20260928.md
cfg_t07_l078_v2@0x73,0x73,cfg_t07_l078_v2,0x73,F73-L007,0x40,11,59 40 03 04 02 10,08 b9 13 08 08 b9 13 09 e8 b3 08,immediate_skip_actor_0x59,B3,0x08,predicate_zero_skips_actor; spawn_when_nonzero,08 b9 13 08 08 b9 13 09 e8,compound_vm_expression,,confirmed_static_branch_unresolved_predicate,vm_expression(08 B9 13 08 08 B9 13 09 E8) != 0,,,,requires_compound_vm_expression_evaluation,candidate,"B3/B4 rel8=0x08 branches over the following 6-byte opcode59 actor command; branch outcome is confirmed, predicate semantics preserved at available confidence",docs/analysis/map_selector_upper_vm_cfg_promotion_20260928.md
cfg_t07_l078_v2@0x73,0x73,cfg_t07_l078_v2,0x73,F73-L008,0x5A,11,59 5a 10 05 02 10,08 b9 13 08 08 b9 13 09 e8 b3 08,immediate_skip_actor_0x59,B3,0x08,predicate_zero_skips_actor; spawn_when_nonzero,08 b9 13 08 08 b9 13 09 e8,compound_vm_expression,,confirmed_static_branch_unresolved_predicate,vm_expression(08 B9 13 08 08 B9 13 09 E8) != 0,,,,requires_compound_vm_expression_evaluation,candidate,"B3/B4 rel8=0x08 branches over the following 6-byte opcode59 actor command; branch outcome is confirmed, predicate semantics preserved at available confidence",docs/analysis/map_selector_upper_vm_cfg_promotion_20260928.md
cfg_t50_l178_v1@0x75,0x75,cfg_t50_l178_v1,0x75,F75-L001,0x42,5,59 42 0a 16 02 10,7b 35 02 b3 08,immediate_skip_actor_0x59,B3,0x08,predicate_zero_skips_actor; spawn_when_nonzero,7b 35 02,compound_vm_expression,,confirmed_static_branch_unresolved_predicate,vm_expression(7B 35 02) != 0,,,,requires_compound_vm_expression_evaluation,candidate,"B3/B4 rel8=0x08 branches over the following 6-byte opcode59 actor command; branch outcome is confirmed, predicate semantics preserved at available confidence",docs/analysis/map_selector_upper_vm_cfg_promotion_20260928.md
cfg_t50_l178_v1@0x75,0x75,cfg_t50_l178_v1,0x75,F75-L002,0x29,12,59 29 12 12 02 10,a3 d8 b4 0a 59 29 13 12 02 10 b2 08,complex_pre_actor_control_flow,,,,a3 d8 b4 0a 59 29 13 12 02 10 b2 08,nonlocal_or_multi_actor_cfg,,unresolved_complex_control_flow,,,,,requires_record_cfg,candidate,actor command is preceded by nontrivial control flow not reducible to immediate B3/B4 rel8=0x08 guard; do not assume unconditional visibility,docs/analysis/map_selector_upper_vm_cfg_promotion_20260928.md
cfg_t50_l178_v1@0x75,0x75,cfg_t50_l178_v1,0x75,F75-L003,0x29,0,59 29 10 1c 02 10,,no_pre_actor_guard,,,,,,,confirmed_static_unconditional,always,,,,not_required,visible,actor record reaches opcode59 directly with no preceding actor-local guard bytes,docs/analysis/map_selector_upper_vm_cfg_promotion_20260928.md
cfg_t50_l178_v1@0x75,0x75,cfg_t50_l178_v1,0x75,F75-L004,0x29,0,59 29 16 1c 02 10,,no_pre_actor_guard,,,,,,,confirmed_static_unconditional,always,,,,not_required,visible,actor record reaches opcode59 directly with no preceding actor-local guard bytes,docs/analysis/map_selector_upper_vm_cfg_promotion_20260928.md
cfg_t50_l178_v1@0x75,0x75,cfg_t50_l178_v1,0x75,F75-L005,0x42,9,59 42 15 38 02 10,09 00 82 cc 7b 35 08 b3 08,immediate_skip_actor_0x59,B3,0x08,predicate_zero_skips_actor; spawn_when_nonzero,09 00 82 cc 7b 35 08,compound_vm_expression,,confirmed_static_branch_unresolved_predicate,vm_expression(09 00 82 CC 7B 35 08) != 0,,,,requires_compound_vm_expression_evaluation,candidate,"B3/B4 rel8=0x08 branches over the following 6-byte opcode59 actor command; branch outcome is confirmed, predicate semantics preserved at available confidence",docs/analysis/map_selector_upper_vm_cfg_promotion_20260928.md
cfg_t50_l178_v1@0x75,0x75,cfg_t50_l178_v1,0x75,F75-L006,0x40,9,59 40 0e 33 02 10,09 1a 82 cc 7b 35 08 b3 08,immediate_skip_actor_0x59,B3,0x08,predicate_zero_skips_actor; spawn_when_nonzero,09 1a 82 cc 7b 35 08,compound_vm_expression,,confirmed_static_branch_unresolved_predicate,vm_expression(09 1A 82 CC 7B 35 08) != 0,,,,requires_compound_vm_expression_evaluation,candidate,"B3/B4 rel8=0x08 branches over the following 6-byte opcode59 actor command; branch outcome is confirmed, predicate semantics preserved at available confidence",docs/analysis/map_selector_upper_vm_cfg_promotion_20260928.md
cfg_t50_l178_v1@0x75,0x75,cfg_t50_l178_v1,0x75,F75-L007,0x5A,9,59 5a 10 33 02 10,09 3f 82 cc 7b 35 08 b3 08,immediate_skip_actor_0x59,B3,0x08,predicate_zero_skips_actor; spawn_when_nonzero,09 3f 82 cc 7b 35 08,compound_vm_expression,,confirmed_static_branch_unresolved_predicate,vm_expression(09 3F 82 CC 7B 35 08) != 0,,,,requires_compound_vm_expression_evaluation,candidate,"B3/B4 rel8=0x08 branches over the following 6-byte opcode59 actor command; branch outcome is confirmed, predicate semantics preserved at available confidence",docs/analysis/map_selector_upper_vm_cfg_promotion_20260928.md
cfg_t50_l178_v1@0x75,0x75,cfg_t50_l178_v1,0x75,F75-L008,0x40,9,59 40 12 33 02 10,09 64 82 cc 7b 35 08 b3 08,immediate_skip_actor_0x59,B3,0x08,predicate_zero_skips_actor; spawn_when_nonzero,09 64 82 cc 7b 35 08,compound_vm_expression,,confirmed_static_branch_unresolved_predicate,vm_expression(09 64 82 CC 7B 35 08) != 0,,,,requires_compound_vm_expression_evaluation,candidate,"B3/B4 rel8=0x08 branches over the following 6-byte opcode59 actor command; branch outcome is confirmed, predicate semantics preserved at available confidence",docs/analysis/map_selector_upper_vm_cfg_promotion_20260928.md
cfg_t50_l178_v1@0x75,0x75,cfg_t50_l178_v1,0x75,F75-L009,0x5A,9,59 5a 14 33 02 10,09 87 82 cc 7b 35 08 b3 08,immediate_skip_actor_0x59,B3,0x08,predicate_zero_skips_actor; spawn_when_nonzero,09 87 82 cc 7b 35 08,compound_vm_expression,,confirmed_static_branch_unresolved_predicate,vm_expression(09 87 82 CC 7B 35 08) != 0,,,,requires_compound_vm_expression_evaluation,candidate,"B3/B4 rel8=0x08 branches over the following 6-byte opcode59 actor command; branch outcome is confirmed, predicate semantics preserved at available confidence",docs/analysis/map_selector_upper_vm_cfg_promotion_20260928.md
cfg_t50_l178_v1@0x75,0x75,cfg_t50_l178_v1,0x75,F75-L010,0x40,9,59 40 16 33 02 10,09 ad 82 cc 7b 35 08 b3 08,immediate_skip_actor_0x59,B3,0x08,predicate_zero_skips_actor; spawn_when_nonzero,09 ad 82 cc 7b 35 08,compound_vm_expression,,confirmed_static_branch_unresolved_predicate,vm_expression(09 AD 82 CC 7B 35 08) != 0,,,,requires_compound_vm_expression_evaluation,candidate,"B3/B4 rel8=0x08 branches over the following 6-byte opcode59 actor command; branch outcome is confirmed, predicate semantics preserved at available confidence",docs/analysis/map_selector_upper_vm_cfg_promotion_20260928.md
cfg_t50_l178_v1@0x75,0x75,cfg_t50_l178_v1,0x75,F75-L011,0x5A,9,59 5a 18 33 02 10,09 d2 82 cc 7b 35 08 b3 08,immediate_skip_actor_0x59,B3,0x08,predicate_zero_skips_actor; spawn_when_nonzero,09 d2 82 cc 7b 35 08,compound_vm_expression,,confirmed_static_branch_unresolved_predicate,vm_expression(09 D2 82 CC 7B 35 08) != 0,,,,requires_compound_vm_expression_evaluation,candidate,"B3/B4 rel8=0x08 branches over the following 6-byte opcode59 actor command; branch outcome is confirmed, predicate semantics preserved at available confidence",docs/analysis/map_selector_upper_vm_cfg_promotion_20260928.md
cfg_t50_l178_v1@0x75,0x75,cfg_t50_l178_v1,0x75,F75-L012,0x40,9,59 40 1a 33 02 10,09 f7 82 cc 7b 35 08 b3 08,immediate_skip_actor_0x59,B3,0x08,predicate_zero_skips_actor; spawn_when_nonzero,09 f7 82 cc 7b 35 08,compound_vm_expression,,confirmed_static_branch_unresolved_predicate,vm_expression(09 F7 82 CC 7B 35 08) != 0,,,,requires_compound_vm_expression_evaluation,candidate,"B3/B4 rel8=0x08 branches over the following 6-byte opcode59 actor command; branch outcome is confirmed, predicate semantics preserved at available confidence",docs/analysis/map_selector_upper_vm_cfg_promotion_20260928.md
cfg_t50_l178_v1@0x75,0x75,cfg_t50_l178_v1,0x75,F75-L013,0x29,0,59 29 1b 10 03 10,,no_pre_actor_guard,,,,,,,confirmed_static_unconditional,always,,,,not_required,visible,actor record reaches opcode59 directly with no preceding actor-local guard bytes,docs/analysis/map_selector_upper_vm_cfg_promotion_20260928.md
cfg_t50_l178_v1@0x75,0x75,cfg_t50_l178_v1,0x75,F75-L014,0x05,12,59 05 0c 10 02 10,c5 d5 29 19 e0 a0 f6 88 cc b6 b3 08,immediate_skip_actor_0x59,B3,0x08,predicate_zero_skips_actor; spawn_when_nonzero,c5 d5 29 19 e0 a0 f6 88 cc b6,compound_vm_expression,,confirmed_static_branch_unresolved_predicate,vm_expression(C5 D5 29 19 E0 A0 F6 88 CC B6) != 0,,,,requires_compound_vm_expression_evaluation,candidate,"B3/B4 rel8=0x08 branches over the following 6-byte opcode59 actor command; branch outcome is confirmed, predicate semantics preserved at available confidence",docs/analysis/map_selector_upper_vm_cfg_promotion_20260928.md
cfg_t50_l178_v1@0x75,0x75,cfg_t50_l178_v1,0x75,F75-L015,0x02,12,59 02 0c 09 02 10,c2 d5 29 19 e0 a0 f6 88 cc b6 b3 08,immediate_skip_actor_0x59,B3,0x08,predicate_zero_skips_actor; spawn_when_nonzero,c2 d5 29 19 e0 a0 f6 88 cc b6,compound_vm_expression,,confirmed_static_branch_unresolved_predicate,vm_expression(C2 D5 29 19 E0 A0 F6 88 CC B6) != 0,,,,requires_compound_vm_expression_evaluation,candidate,"B3/B4 rel8=0x08 branches over the following 6-byte opcode59 actor command; branch outcome is confirmed, predicate semantics preserved at available confidence",docs/analysis/map_selector_upper_vm_cfg_promotion_20260928.md
cfg_t50_l178_v1@0x75,0x75,cfg_t50_l178_v1,0x75,F75-L016,0x03,12,59 03 11 09 02 10,c3 d5 29 19 e0 a0 f6 88 cc b6 b3 08,immediate_skip_actor_0x59,B3,0x08,predicate_zero_skips_actor; spawn_when_nonzero,c3 d5 29 19 e0 a0 f6 88 cc b6,compound_vm_expression,,confirmed_static_branch_unresolved_predicate,vm_expression(C3 D5 29 19 E0 A0 F6 88 CC B6) != 0,,,,requires_compound_vm_expression_evaluation,candidate,"B3/B4 rel8=0x08 branches over the following 6-byte opcode59 actor command; branch outcome is confirmed, predicate semantics preserved at available confidence",docs/analysis/map_selector_upper_vm_cfg_promotion_20260928.md
cfg_t50_l178_v1@0x75,0x75,cfg_t50_l178_v1,0x75,F75-L017,0x04,12,59 04 16 09 02 10,c4 d5 29 19 e0 a0 f6 88 cc b6 b3 08,immediate_skip_actor_0x59,B3,0x08,predicate_zero_skips_actor; spawn_when_nonzero,c4 d5 29 19 e0 a0 f6 88 cc b6,compound_vm_expression,,confirmed_static_branch_unresolved_predicate,vm_expression(C4 D5 29 19 E0 A0 F6 88 CC B6) != 0,,,,requires_compound_vm_expression_evaluation,candidate,"B3/B4 rel8=0x08 branches over the following 6-byte opcode59 actor command; branch outcome is confirmed, predicate semantics preserved at available confidence",docs/analysis/map_selector_upper_vm_cfg_promotion_20260928.md
cfg_t50_l178_v1@0x75,0x75,cfg_t50_l178_v1,0x75,F75-L018,0x09,12,59 09 1b 09 02 10,c9 d5 29 19 e0 a0 f6 88 cc b6 b3 08,immediate_skip_actor_0x59,B3,0x08,predicate_zero_skips_actor; spawn_when_nonzero,c9 d5 29 19 e0 a0 f6 88 cc b6,compound_vm_expression,,confirmed_static_branch_unresolved_predicate,vm_expression(C9 D5 29 19 E0 A0 F6 88 CC B6) != 0,,,,requires_compound_vm_expression_evaluation,candidate,"B3/B4 rel8=0x08 branches over the following 6-byte opcode59 actor command; branch outcome is confirmed, predicate semantics preserved at available confidence",docs/analysis/map_selector_upper_vm_cfg_promotion_20260928.md
cfg_t50_l178_v1@0x75,0x75,cfg_t50_l178_v1,0x75,F75-L019,0x06,12,59 06 3c 0e 02 10,c6 d5 29 19 e0 a0 f6 88 cc b6 b3 08,immediate_skip_actor_0x59,B3,0x08,predicate_zero_skips_actor; spawn_when_nonzero,c6 d5 29 19 e0 a0 f6 88 cc b6,compound_vm_expression,,confirmed_static_branch_unresolved_predicate,vm_expression(C6 D5 29 19 E0 A0 F6 88 CC B6) != 0,,,,requires_compound_vm_expression_evaluation,candidate,"B3/B4 rel8=0x08 branches over the following 6-byte opcode59 actor command; branch outcome is confirmed, predicate semantics preserved at available confidence",docs/analysis/map_selector_upper_vm_cfg_promotion_20260928.md
cfg_t50_l178_v1@0x75,0x75,cfg_t50_l178_v1,0x75,F75-L020,0x07,12,59 07 3f 0e 02 10,c7 d5 29 19 e0 a0 f6 88 cc b6 b3 08,immediate_skip_actor_0x59,B3,0x08,predicate_zero_skips_actor; spawn_when_nonzero,c7 d5 29 19 e0 a0 f6 88 cc b6,compound_vm_expression,,confirmed_static_branch_unresolved_predicate,vm_expression(C7 D5 29 19 E0 A0 F6 88 CC B6) != 0,,,,requires_compound_vm_expression_evaluation,candidate,"B3/B4 rel8=0x08 branches over the following 6-byte opcode59 actor command; branch outcome is confirmed, predicate semantics preserved at available confidence",docs/analysis/map_selector_upper_vm_cfg_promotion_20260928.md
cfg_t50_l178_v1@0x75,0x75,cfg_t50_l178_v1,0x75,F75-L021,0x11,13,59 11 47 06 02 10,ce 11 d5 29 19 e0 a0 f6 88 cc b6 b3 08,immediate_skip_actor_0x59,B3,0x08,predicate_zero_skips_actor; spawn_when_nonzero,ce 11 d5 29 19 e0 a0 f6 88 cc b6,compound_vm_expression,,confirmed_static_branch_unresolved_predicate,vm_expression(CE 11 D5 29 19 E0 A0 F6 88 CC B6) != 0,,,,requires_compound_vm_expression_evaluation,candidate,"B3/B4 rel8=0x08 branches over the following 6-byte opcode59 actor command; branch outcome is confirmed, predicate semantics preserved at available confidence",docs/analysis/map_selector_upper_vm_cfg_promotion_20260928.md
cfg_t50_l178_v1@0x75,0x75,cfg_t50_l178_v1,0x75,F75-L022,0x0F,13,59 0f 3d 07 02 10,ce 0f d5 29 19 e0 a0 f6 88 cc b6 b3 08,immediate_skip_actor_0x59,B3,0x08,predicate_zero_skips_actor; spawn_when_nonzero,ce 0f d5 29 19 e0 a0 f6 88 cc b6,compound_vm_expression,,confirmed_static_branch_unresolved_predicate,vm_expression(CE 0F D5 29 19 E0 A0 F6 88 CC B6) != 0,,,,requires_compound_vm_expression_evaluation,candidate,"B3/B4 rel8=0x08 branches over the following 6-byte opcode59 actor command; branch outcome is confirmed, predicate semantics preserved at available confidence",docs/analysis/map_selector_upper_vm_cfg_promotion_20260928.md
cfg_t50_l178_v1@0x75,0x75,cfg_t50_l178_v1,0x75,F75-L023,0x10,13,59 10 44 07 02 10,ce 10 d5 29 19 e0 a0 f6 88 cc b6 b3 08,immediate_skip_actor_0x59,B3,0x08,predicate_zero_skips_actor; spawn_when_nonzero,ce 10 d5 29 19 e0 a0 f6 88 cc b6,compound_vm_expression,,confirmed_static_branch_unresolved_predicate,vm_expression(CE 10 D5 29 19 E0 A0 F6 88 CC B6) != 0,,,,requires_compound_vm_expression_evaluation,candidate,"B3/B4 rel8=0x08 branches over the following 6-byte opcode59 actor command; branch outcome is confirmed, predicate semantics preserved at available confidence",docs/analysis/map_selector_upper_vm_cfg_promotion_20260928.md
cfg_t50_l178_v1@0x75,0x75,cfg_t50_l178_v1,0x75,F75-L024,0x08,12,59 08 41 06 02 10,c8 d5 29 19 e0 a0 f6 88 cc b6 b3 08,immediate_skip_actor_0x59,B3,0x08,predicate_zero_skips_actor; spawn_when_nonzero,c8 d5 29 19 e0 a0 f6 88 cc b6,compound_vm_expression,,confirmed_static_branch_unresolved_predicate,vm_expression(C8 D5 29 19 E0 A0 F6 88 CC B6) != 0,,,,requires_compound_vm_expression_evaluation,candidate,"B3/B4 rel8=0x08 branches over the following 6-byte opcode59 actor command; branch outcome is confirmed, predicate semantics preserved at available confidence",docs/analysis/map_selector_upper_vm_cfg_promotion_20260928.md
cfg_t50_l178_v1@0x75,0x75,cfg_t50_l178_v1,0x75,F75-L025,0x12,13,59 12 4b 07 02 10,ce 12 d5 29 19 e0 a0 f6 88 cc b6 b3 08,immediate_skip_actor_0x59,B3,0x08,predicate_zero_skips_actor; spawn_when_nonzero,ce 12 d5 29 19 e0 a0 f6 88 cc b6,compound_vm_expression,,confirmed_static_branch_unresolved_predicate,vm_expression(CE 12 D5 29 19 E0 A0 F6 88 CC B6) != 0,,,,requires_compound_vm_expression_evaluation,candidate,"B3/B4 rel8=0x08 branches over the following 6-byte opcode59 actor command; branch outcome is confirmed, predicate semantics preserved at available confidence",docs/analysis/map_selector_upper_vm_cfg_promotion_20260928.md
cfg_t50_l178_v1@0x75,0x75,cfg_t50_l178_v1,0x75,F75-L026,0x13,13,59 13 49 0e 02 10,ce 13 d5 29 19 e0 a0 f6 88 cc b6 b3 08,immediate_skip_actor_0x59,B3,0x08,predicate_zero_skips_actor; spawn_when_nonzero,ce 13 d5 29 19 e0 a0 f6 88 cc b6,compound_vm_expression,,confirmed_static_branch_unresolved_predicate,vm_expression(CE 13 D5 29 19 E0 A0 F6 88 CC B6) != 0,,,,requires_compound_vm_expression_evaluation,candidate,"B3/B4 rel8=0x08 branches over the following 6-byte opcode59 actor command; branch outcome is confirmed, predicate semantics preserved at available confidence",docs/analysis/map_selector_upper_vm_cfg_promotion_20260928.md
cfg_t50_l178_v1@0x75,0x75,cfg_t50_l178_v1,0x75,F75-L027,0x0D,12,59 0d 4c 0e 02 10,cd d5 29 19 e0 a0 f6 88 cc b6 b3 08,immediate_skip_actor_0x59,B3,0x08,predicate_zero_skips_actor; spawn_when_nonzero,cd d5 29 19 e0 a0 f6 88 cc b6,compound_vm_expression,,confirmed_static_branch_unresolved_predicate,vm_expression(CD D5 29 19 E0 A0 F6 88 CC B6) != 0,,,,requires_compound_vm_expression_evaluation,candidate,"B3/B4 rel8=0x08 branches over the following 6-byte opcode59 actor command; branch outcome is confirmed, predicate semantics preserved at available confidence",docs/analysis/map_selector_upper_vm_cfg_promotion_20260928.md
cfg_t50_l178_v1@0x75,0x75,cfg_t50_l178_v1,0x75,F75-L028,0x0E,13,59 0e 7b 0a 02 10,ce 0e d5 29 19 e0 a0 f6 88 cc b6 b3 08,immediate_skip_actor_0x59,B3,0x08,predicate_zero_skips_actor; spawn_when_nonzero,ce 0e d5 29 19 e0 a0 f6 88 cc b6,compound_vm_expression,,confirmed_static_branch_unresolved_predicate,vm_expression(CE 0E D5 29 19 E0 A0 F6 88 CC B6) != 0,,,,requires_compound_vm_expression_evaluation,candidate,"B3/B4 rel8=0x08 branches over the following 6-byte opcode59 actor command; branch outcome is confirmed, predicate semantics preserved at available confidence",docs/analysis/map_selector_upper_vm_cfg_promotion_20260928.md
cfg_t50_l178_v1@0x75,0x75,cfg_t50_l178_v1,0x75,F75-L029,0x14,13,59 14 7a 03 02 10,ce 14 d5 29 19 e0 a0 f6 88 cc b6 b3 08,immediate_skip_actor_0x59,B3,0x08,predicate_zero_skips_actor; spawn_when_nonzero,ce 14 d5 29 19 e0 a0 f6 88 cc b6,compound_vm_expression,,confirmed_static_branch_unresolved_predicate,vm_expression(CE 14 D5 29 19 E0 A0 F6 88 CC B6) != 0,,,,requires_compound_vm_expression_evaluation,candidate,"B3/B4 rel8=0x08 branches over the following 6-byte opcode59 actor command; branch outcome is confirmed, predicate semantics preserved at available confidence",docs/analysis/map_selector_upper_vm_cfg_promotion_20260928.md
cfg_t50_l178_v1@0x75,0x75,cfg_t50_l178_v1,0x75,F75-L030,0x0A,12,59 0a 6d 0a 02 10,ca d5 29 19 e0 a0 f6 88 cc b6 b3 08,immediate_skip_actor_0x59,B3,0x08,predicate_zero_skips_actor; spawn_when_nonzero,ca d5 29 19 e0 a0 f6 88 cc b6,compound_vm_expression,,confirmed_static_branch_unresolved_predicate,vm_expression(CA D5 29 19 E0 A0 F6 88 CC B6) != 0,,,,requires_compound_vm_expression_evaluation,candidate,"B3/B4 rel8=0x08 branches over the following 6-byte opcode59 actor command; branch outcome is confirmed, predicate semantics preserved at available confidence",docs/analysis/map_selector_upper_vm_cfg_promotion_20260928.md
cfg_t50_l178_v1@0x75,0x75,cfg_t50_l178_v1,0x75,F75-L031,0x6A,12,59 6a 74 03 02 10,cc d5 29 19 e0 a0 f6 88 cc b6 b3 08,immediate_skip_actor_0x59,B3,0x08,predicate_zero_skips_actor; spawn_when_nonzero,cc d5 29 19 e0 a0 f6 88 cc b6,compound_vm_expression,,confirmed_static_branch_unresolved_predicate,vm_expression(CC D5 29 19 E0 A0 F6 88 CC B6) != 0,,,,requires_compound_vm_expression_evaluation,candidate,"B3/B4 rel8=0x08 branches over the following 6-byte opcode59 actor command; branch outcome is confirmed, predicate semantics preserved at available confidence",docs/analysis/map_selector_upper_vm_cfg_promotion_20260928.md
cfg_t50_l178_v1@0x75,0x75,cfg_t50_l178_v1,0x75,F75-L032,0x0B,12,59 0b 6e 03 02 10,cb d5 29 19 e0 a0 f6 88 cc b6 b3 08,immediate_skip_actor_0x59,B3,0x08,predicate_zero_skips_actor; spawn_when_nonzero,cb d5 29 19 e0 a0 f6 88 cc b6,compound_vm_expression,,confirmed_static_branch_unresolved_predicate,vm_expression(CB D5 29 19 E0 A0 F6 88 CC B6) != 0,,,,requires_compound_vm_expression_evaluation,candidate,"B3/B4 rel8=0x08 branches over the following 6-byte opcode59 actor command; branch outcome is confirmed, predicate semantics preserved at available confidence",docs/analysis/map_selector_upper_vm_cfg_promotion_20260928.md
cfg_t46_l170_v2@0x78,0x78,cfg_t46_l170_v2,0x78,F78-L001,0x29,0,59 29 1a 09 02 41,,no_pre_actor_guard,,,,,,,confirmed_static_unconditional,always,,,,not_required,visible,actor record reaches opcode59 directly with no preceding actor-local guard bytes,docs/analysis/map_selector_upper_vm_cfg_promotion_20260928.md
cfg_t46_l170_v2@0x78,0x78,cfg_t46_l170_v2,0x78,F78-L002,0x29,0,59 29 15 06 02 00,,no_pre_actor_guard,,,,,,,confirmed_static_unconditional,always,,,,not_required,visible,actor record reaches opcode59 directly with no preceding actor-local guard bytes,docs/analysis/map_selector_upper_vm_cfg_promotion_20260928.md
cfg_t46_l170_v2@0x78,0x78,cfg_t46_l170_v2,0x78,F78-L003,0x29,0,59 29 0e 0b 02 00,,no_pre_actor_guard,,,,,,,confirmed_static_unconditional,always,,,,not_required,visible,actor record reaches opcode59 directly with no preceding actor-local guard bytes,docs/analysis/map_selector_upper_vm_cfg_promotion_20260928.md
cfg_t46_l170_v2@0x78,0x78,cfg_t46_l170_v2,0x78,F78-L004,0x3F,0,59 3f 11 10 02 00,,no_pre_actor_guard,,,,,,,confirmed_static_unconditional,always,,,,not_required,visible,actor record reaches opcode59 directly with no preceding actor-local guard bytes,docs/analysis/map_selector_upper_vm_cfg_promotion_20260928.md
cfg_t46_l170_v2@0x78,0x78,cfg_t46_l170_v2,0x78,F78-L005,0x29,0,59 29 0c 10 02 10,,no_pre_actor_guard,,,,,,,confirmed_static_unconditional,always,,,,not_required,visible,actor record reaches opcode59 directly with no preceding actor-local guard bytes,docs/analysis/map_selector_upper_vm_cfg_promotion_20260928.md
cfg_t46_l170_v2@0x78,0x78,cfg_t46_l170_v2,0x78,F78-L006,0x59,0,59 59 06 07 02 41,,no_pre_actor_guard,,,,,,,confirmed_static_unconditional,always,,,,not_required,visible,actor record reaches opcode59 directly with no preceding actor-local guard bytes,docs/analysis/map_selector_upper_vm_cfg_promotion_20260928.md
cfg_t46_l170_v2@0x79,0x79,cfg_t46_l170_v2,0x79,F79-L001,0x42,6,59 42 34 13 02 10,08 b9 13 06 b3 08,immediate_skip_actor_0x59,B3,0x08,predicate_zero_skips_actor; spawn_when_nonzero,08 b9 13 06,0x08_condition,0xB91306,confirmed_static_control_partial_predicate,predicate_08(bytes=08 B9 13 06) != 0,,,,requires_08_predicate_semantics_or_runtime_value,candidate,"B3/B4 rel8=0x08 branches over the following 6-byte opcode59 actor command; branch outcome is confirmed, predicate semantics preserved at available confidence",docs/analysis/map_selector_upper_vm_cfg_promotion_20260928.md
cfg_t46_l170_v2@0x79,0x79,cfg_t46_l170_v2,0x79,F79-L002,0x42,6,59 42 35 03 02 10,08 b9 13 07 b3 08,immediate_skip_actor_0x59,B3,0x08,predicate_zero_skips_actor; spawn_when_nonzero,08 b9 13 07,0x08_condition,0xB91307,confirmed_static_control_partial_predicate,predicate_08(bytes=08 B9 13 07) != 0,,,,requires_08_predicate_semantics_or_runtime_value,candidate,"B3/B4 rel8=0x08 branches over the following 6-byte opcode59 actor command; branch outcome is confirmed, predicate semantics preserved at available confidence",docs/analysis/map_selector_upper_vm_cfg_promotion_20260928.md
cfg_t46_l170_v2@0x79,0x79,cfg_t46_l170_v2,0x79,F79-L003,0x42,6,59 42 34 03 02 10,08 b9 13 07 b3 08,immediate_skip_actor_0x59,B3,0x08,predicate_zero_skips_actor; spawn_when_nonzero,08 b9 13 07,0x08_condition,0xB91307,confirmed_static_control_partial_predicate,predicate_08(bytes=08 B9 13 07) != 0,,,,requires_08_predicate_semantics_or_runtime_value,candidate,"B3/B4 rel8=0x08 branches over the following 6-byte opcode59 actor command; branch outcome is confirmed, predicate semantics preserved at available confidence",docs/analysis/map_selector_upper_vm_cfg_promotion_20260928.md
cfg_t46_l170_v2@0x79,0x79,cfg_t46_l170_v2,0x79,F79-L004,0x29,6,59 29 35 03 02 10,08 b9 13 08 b3 08,immediate_skip_actor_0x59,B3,0x08,predicate_zero_skips_actor; spawn_when_nonzero,08 b9 13 08,0x08_condition,0xB91308,confirmed_static_control_partial_predicate,predicate_08(bytes=08 B9 13 08) != 0,,,,requires_08_predicate_semantics_or_runtime_value,candidate,"B3/B4 rel8=0x08 branches over the following 6-byte opcode59 actor command; branch outcome is confirmed, predicate semantics preserved at available confidence",docs/analysis/map_selector_upper_vm_cfg_promotion_20260928.md
cfg_t39_l156_v1@0x7C,0x7C,cfg_t39_l156_v1,0x7C,F7C-L001,0x2F,4,59 2f 17 4c 02 10,a3 16 b4 08,immediate_skip_actor_0x59,B4,0x08,predicate_nonzero_skips_actor; spawn_when_zero,a3 16,A3_flag_test,0x16,confirmed_static_flag,"flag_test(spec=0x16,wram=$1248,bit=6) == 0",0x16,$1248,6,evaluable_if_flag_state_available,candidate,"B3/B4 rel8=0x08 branches over the following 6-byte opcode59 actor command; branch outcome is confirmed, predicate semantics preserved at available confidence",docs/analysis/map_selector_upper_vm_cfg_promotion_20260928.md
cfg_t39_l156_v1@0x7C,0x7C,cfg_t39_l156_v1,0x7C,F7C-L002,0x30,4,59 30 18 4c 02 10,a3 17 b4 08,immediate_skip_actor_0x59,B4,0x08,predicate_nonzero_skips_actor; spawn_when_zero,a3 17,A3_flag_test,0x17,confirmed_static_flag,"flag_test(spec=0x17,wram=$1248,bit=7) == 0",0x17,$1248,7,evaluable_if_flag_state_available,candidate,"B3/B4 rel8=0x08 branches over the following 6-byte opcode59 actor command; branch outcome is confirmed, predicate semantics preserved at available confidence",docs/analysis/map_selector_upper_vm_cfg_promotion_20260928.md
cfg_t39_l156_v1@0x7C,0x7C,cfg_t39_l156_v1,0x7C,F7C-L003,0x2F,4,59 2f 19 4c 02 10,a3 18 b4 08,immediate_skip_actor_0x59,B4,0x08,predicate_nonzero_skips_actor; spawn_when_zero,a3 18,A3_flag_test,0x18,confirmed_static_flag,"flag_test(spec=0x18,wram=$1249,bit=0) == 0",0x18,$1249,0,evaluable_if_flag_state_available,candidate,"B3/B4 rel8=0x08 branches over the following 6-byte opcode59 actor command; branch outcome is confirmed, predicate semantics preserved at available confidence",docs/analysis/map_selector_upper_vm_cfg_promotion_20260928.md
cfg_t39_l156_v1@0x7C,0x7C,cfg_t39_l156_v1,0x7C,F7C-L004,0x30,4,59 30 1a 4c 02 10,a3 19 b4 08,immediate_skip_actor_0x59,B4,0x08,predicate_nonzero_skips_actor; spawn_when_zero,a3 19,A3_flag_test,0x19,confirmed_static_flag,"flag_test(spec=0x19,wram=$1249,bit=1) == 0",0x19,$1249,1,evaluable_if_flag_state_available,candidate,"B3/B4 rel8=0x08 branches over the following 6-byte opcode59 actor command; branch outcome is confirmed, predicate semantics preserved at available confidence",docs/analysis/map_selector_upper_vm_cfg_promotion_20260928.md
cfg_t40_l159_v2@0x7D,0x7D,cfg_t40_l159_v2,0x7D,F7D-L001,0x43,0,59 43 56 18 02 10,,no_pre_actor_guard,,,,,,,confirmed_static_unconditional,always,,,,not_required,visible,actor record reaches opcode59 directly with no preceding actor-local guard bytes,docs/analysis/map_selector_upper_vm_cfg_promotion_20260928.md
cfg_t05_l020_v2@0x80,0x80,cfg_t05_l020_v2,0x80,F80-L001,0x2E,0,59 2e 17 19 02 10,,no_pre_actor_guard,,,,,,,confirmed_static_unconditional,always,,,,not_required,visible,actor record reaches opcode59 directly with no preceding actor-local guard bytes,docs/analysis/map_selector_upper_vm_cfg_promotion_20260928.md
cfg_t05_l020_v2@0x80,0x80,cfg_t05_l020_v2,0x80,F80-L002,0x2E,0,59 2e 1f 14 02 10,,no_pre_actor_guard,,,,,,,confirmed_static_unconditional,always,,,,not_required,visible,actor record reaches opcode59 directly with no preceding actor-local guard bytes,docs/analysis/map_selector_upper_vm_cfg_promotion_20260928.md
cfg_t05_l020_v2@0x80,0x80,cfg_t05_l020_v2,0x80,F80-L003,0x2E,0,59 2e 13 13 02 10,,no_pre_actor_guard,,,,,,,confirmed_static_unconditional,always,,,,not_required,visible,actor record reaches opcode59 directly with no preceding actor-local guard bytes,docs/analysis/map_selector_upper_vm_cfg_promotion_20260928.md
cfg_t05_l020_v2@0x80,0x80,cfg_t05_l020_v2,0x80,F80-L004,0x43,0,59 43 0d 1a 02 10,,no_pre_actor_guard,,,,,,,confirmed_static_unconditional,always,,,,not_required,visible,actor record reaches opcode59 directly with no preceding actor-local guard bytes,docs/analysis/map_selector_upper_vm_cfg_promotion_20260928.md
cfg_t04_l057_v2@0x81,0x81,cfg_t04_l057_v2,0x81,F81-L001,0x40,4,59 40 20 1f 02 90,a3 a3 b4 08,immediate_skip_actor_0x59,B4,0x08,predicate_nonzero_skips_actor; spawn_when_zero,a3 a3,A3_flag_test,0xA3,confirmed_static_flag,"flag_test(spec=0xA3,wram=$125A,bit=3) == 0",0xA3,$125A,3,evaluable_if_flag_state_available,candidate,"B3/B4 rel8=0x08 branches over the following 6-byte opcode59 actor command; branch outcome is confirmed, predicate semantics preserved at available confidence",docs/analysis/map_selector_upper_vm_cfg_promotion_20260928.md
cfg_t04_l058_v2@0x81,0x81,cfg_t04_l058_v2,0x81,F81-L001,0x40,4,59 40 20 1f 02 90,a3 a3 b4 08,immediate_skip_actor_0x59,B4,0x08,predicate_nonzero_skips_actor; spawn_when_zero,a3 a3,A3_flag_test,0xA3,confirmed_static_flag,"flag_test(spec=0xA3,wram=$125A,bit=3) == 0",0xA3,$125A,3,evaluable_if_flag_state_available,candidate,"B3/B4 rel8=0x08 branches over the following 6-byte opcode59 actor command; branch outcome is confirmed, predicate semantics preserved at available confidence",docs/analysis/map_selector_upper_vm_cfg_promotion_20260928.md
cfg_t04_l057_v2@0x81,0x81,cfg_t04_l057_v2,0x81,F81-L002,0x5A,4,59 5a 24 1d 02 90,a3 a3 b4 08,immediate_skip_actor_0x59,B4,0x08,predicate_nonzero_skips_actor; spawn_when_zero,a3 a3,A3_flag_test,0xA3,confirmed_static_flag,"flag_test(spec=0xA3,wram=$125A,bit=3) == 0",0xA3,$125A,3,evaluable_if_flag_state_available,candidate,"B3/B4 rel8=0x08 branches over the following 6-byte opcode59 actor command; branch outcome is confirmed, predicate semantics preserved at available confidence",docs/analysis/map_selector_upper_vm_cfg_promotion_20260928.md
cfg_t04_l058_v2@0x81,0x81,cfg_t04_l058_v2,0x81,F81-L002,0x5A,4,59 5a 24 1d 02 90,a3 a3 b4 08,immediate_skip_actor_0x59,B4,0x08,predicate_nonzero_skips_actor; spawn_when_zero,a3 a3,A3_flag_test,0xA3,confirmed_static_flag,"flag_test(spec=0xA3,wram=$125A,bit=3) == 0",0xA3,$125A,3,evaluable_if_flag_state_available,candidate,"B3/B4 rel8=0x08 branches over the following 6-byte opcode59 actor command; branch outcome is confirmed, predicate semantics preserved at available confidence",docs/analysis/map_selector_upper_vm_cfg_promotion_20260928.md
cfg_t04_l057_v2@0x81,0x81,cfg_t04_l057_v2,0x81,F81-L003,0x59,4,59 59 1c 25 02 90,a3 a3 b4 08,immediate_skip_actor_0x59,B4,0x08,predicate_nonzero_skips_actor; spawn_when_zero,a3 a3,A3_flag_test,0xA3,confirmed_static_flag,"flag_test(spec=0xA3,wram=$125A,bit=3) == 0",0xA3,$125A,3,evaluable_if_flag_state_available,candidate,"B3/B4 rel8=0x08 branches over the following 6-byte opcode59 actor command; branch outcome is confirmed, predicate semantics preserved at available confidence",docs/analysis/map_selector_upper_vm_cfg_promotion_20260928.md
cfg_t04_l058_v2@0x81,0x81,cfg_t04_l058_v2,0x81,F81-L003,0x59,4,59 59 1c 25 02 90,a3 a3 b4 08,immediate_skip_actor_0x59,B4,0x08,predicate_nonzero_skips_actor; spawn_when_zero,a3 a3,A3_flag_test,0xA3,confirmed_static_flag,"flag_test(spec=0xA3,wram=$125A,bit=3) == 0",0xA3,$125A,3,evaluable_if_flag_state_available,candidate,"B3/B4 rel8=0x08 branches over the following 6-byte opcode59 actor command; branch outcome is confirmed, predicate semantics preserved at available confidence",docs/analysis/map_selector_upper_vm_cfg_promotion_20260928.md
cfg_t04_l057_v2@0x81,0x81,cfg_t04_l057_v2,0x81,F81-L004,0x30,4,59 30 23 19 02 90,a3 a3 b4 08,immediate_skip_actor_0x59,B4,0x08,predicate_nonzero_skips_actor; spawn_when_zero,a3 a3,A3_flag_test,0xA3,confirmed_static_flag,"flag_test(spec=0xA3,wram=$125A,bit=3) == 0",0xA3,$125A,3,evaluable_if_flag_state_available,candidate,"B3/B4 rel8=0x08 branches over the following 6-byte opcode59 actor command; branch outcome is confirmed, predicate semantics preserved at available confidence",docs/analysis/map_selector_upper_vm_cfg_promotion_20260928.md
cfg_t04_l058_v2@0x81,0x81,cfg_t04_l058_v2,0x81,F81-L004,0x30,4,59 30 23 19 02 90,a3 a3 b4 08,immediate_skip_actor_0x59,B4,0x08,predicate_nonzero_skips_actor; spawn_when_zero,a3 a3,A3_flag_test,0xA3,confirmed_static_flag,"flag_test(spec=0xA3,wram=$125A,bit=3) == 0",0xA3,$125A,3,evaluable_if_flag_state_available,candidate,"B3/B4 rel8=0x08 branches over the following 6-byte opcode59 actor command; branch outcome is confirmed, predicate semantics preserved at available confidence",docs/analysis/map_selector_upper_vm_cfg_promotion_20260928.md
cfg_t04_l057_v2@0x81,0x81,cfg_t04_l057_v2,0x81,F81-L005,0x2F,4,59 2f 33 24 02 90,a3 a3 b4 08,immediate_skip_actor_0x59,B4,0x08,predicate_nonzero_skips_actor; spawn_when_zero,a3 a3,A3_flag_test,0xA3,confirmed_static_flag,"flag_test(spec=0xA3,wram=$125A,bit=3) == 0",0xA3,$125A,3,evaluable_if_flag_state_available,candidate,"B3/B4 rel8=0x08 branches over the following 6-byte opcode59 actor command; branch outcome is confirmed, predicate semantics preserved at available confidence",docs/analysis/map_selector_upper_vm_cfg_promotion_20260928.md
cfg_t04_l058_v2@0x81,0x81,cfg_t04_l058_v2,0x81,F81-L005,0x2F,4,59 2f 33 24 02 90,a3 a3 b4 08,immediate_skip_actor_0x59,B4,0x08,predicate_nonzero_skips_actor; spawn_when_zero,a3 a3,A3_flag_test,0xA3,confirmed_static_flag,"flag_test(spec=0xA3,wram=$125A,bit=3) == 0",0xA3,$125A,3,evaluable_if_flag_state_available,candidate,"B3/B4 rel8=0x08 branches over the following 6-byte opcode59 actor command; branch outcome is confirmed, predicate semantics preserved at available confidence",docs/analysis/map_selector_upper_vm_cfg_promotion_20260928.md
cfg_t04_l057_v2@0x81,0x81,cfg_t04_l057_v2,0x81,F81-L006,0x2F,4,59 2f 2b 23 02 90,a3 a3 b4 08,immediate_skip_actor_0x59,B4,0x08,predicate_nonzero_skips_actor; spawn_when_zero,a3 a3,A3_flag_test,0xA3,confirmed_static_flag,"flag_test(spec=0xA3,wram=$125A,bit=3) == 0",0xA3,$125A,3,evaluable_if_flag_state_available,candidate,"B3/B4 rel8=0x08 branches over the following 6-byte opcode59 actor command; branch outcome is confirmed, predicate semantics preserved at available confidence",docs/analysis/map_selector_upper_vm_cfg_promotion_20260928.md
cfg_t04_l058_v2@0x81,0x81,cfg_t04_l058_v2,0x81,F81-L006,0x2F,4,59 2f 2b 23 02 90,a3 a3 b4 08,immediate_skip_actor_0x59,B4,0x08,predicate_nonzero_skips_actor; spawn_when_zero,a3 a3,A3_flag_test,0xA3,confirmed_static_flag,"flag_test(spec=0xA3,wram=$125A,bit=3) == 0",0xA3,$125A,3,evaluable_if_flag_state_available,candidate,"B3/B4 rel8=0x08 branches over the following 6-byte opcode59 actor command; branch outcome is confirmed, predicate semantics preserved at available confidence",docs/analysis/map_selector_upper_vm_cfg_promotion_20260928.md
cfg_t04_l057_v2@0x81,0x81,cfg_t04_l057_v2,0x81,F81-L008,0x30,4,59 30 2f 1e 02 10,a3 a4 b4 08,immediate_skip_actor_0x59,B4,0x08,predicate_nonzero_skips_actor; spawn_when_zero,a3 a4,A3_flag_test,0xA4,confirmed_static_flag,"flag_test(spec=0xA4,wram=$125A,bit=4) == 0",0xA4,$125A,4,evaluable_if_flag_state_available,candidate,"B3/B4 rel8=0x08 branches over the following 6-byte opcode59 actor command; branch outcome is confirmed, predicate semantics preserved at available confidence",docs/analysis/map_selector_upper_vm_cfg_promotion_20260928.md
cfg_t04_l058_v2@0x81,0x81,cfg_t04_l058_v2,0x81,F81-L008,0x30,4,59 30 2f 1e 02 10,a3 a4 b4 08,immediate_skip_actor_0x59,B4,0x08,predicate_nonzero_skips_actor; spawn_when_zero,a3 a4,A3_flag_test,0xA4,confirmed_static_flag,"flag_test(spec=0xA4,wram=$125A,bit=4) == 0",0xA4,$125A,4,evaluable_if_flag_state_available,candidate,"B3/B4 rel8=0x08 branches over the following 6-byte opcode59 actor command; branch outcome is confirmed, predicate semantics preserved at available confidence",docs/analysis/map_selector_upper_vm_cfg_promotion_20260928.md
cfg_t04_l057_v2@0x81,0x81,cfg_t04_l057_v2,0x81,F81-L009,0x30,4,59 30 31 1e 02 10,a3 a4 b4 08,immediate_skip_actor_0x59,B4,0x08,predicate_nonzero_skips_actor; spawn_when_zero,a3 a4,A3_flag_test,0xA4,confirmed_static_flag,"flag_test(spec=0xA4,wram=$125A,bit=4) == 0",0xA4,$125A,4,evaluable_if_flag_state_available,candidate,"B3/B4 rel8=0x08 branches over the following 6-byte opcode59 actor command; branch outcome is confirmed, predicate semantics preserved at available confidence",docs/analysis/map_selector_upper_vm_cfg_promotion_20260928.md
cfg_t04_l058_v2@0x81,0x81,cfg_t04_l058_v2,0x81,F81-L009,0x30,4,59 30 31 1e 02 10,a3 a4 b4 08,immediate_skip_actor_0x59,B4,0x08,predicate_nonzero_skips_actor; spawn_when_zero,a3 a4,A3_flag_test,0xA4,confirmed_static_flag,"flag_test(spec=0xA4,wram=$125A,bit=4) == 0",0xA4,$125A,4,evaluable_if_flag_state_available,candidate,"B3/B4 rel8=0x08 branches over the following 6-byte opcode59 actor command; branch outcome is confirmed, predicate semantics preserved at available confidence",docs/analysis/map_selector_upper_vm_cfg_promotion_20260928.md
cfg_t04_l059_v2@0x82,0x82,cfg_t04_l059_v2,0x82,F82-L001,0x59,4,59 59 1e 2a 02 10,a3 ad b3 08,immediate_skip_actor_0x59,B3,0x08,predicate_zero_skips_actor; spawn_when_nonzero,a3 ad,A3_flag_test,0xAD,confirmed_static_flag,"flag_test(spec=0xAD,wram=$125B,bit=5) != 0",0xAD,$125B,5,evaluable_if_flag_state_available,candidate,"B3/B4 rel8=0x08 branches over the following 6-byte opcode59 actor command; branch outcome is confirmed, predicate semantics preserved at available confidence",docs/analysis/map_selector_upper_vm_cfg_promotion_20260928.md
cfg_t04_l059_v2@0x82,0x82,cfg_t04_l059_v2,0x82,F82-L002,0x27,4,59 27 2f 24 02 10,a3 ad b3 08,immediate_skip_actor_0x59,B3,0x08,predicate_zero_skips_actor; spawn_when_nonzero,a3 ad,A3_flag_test,0xAD,confirmed_static_flag,"flag_test(spec=0xAD,wram=$125B,bit=5) != 0",0xAD,$125B,5,evaluable_if_flag_state_available,candidate,"B3/B4 rel8=0x08 branches over the following 6-byte opcode59 actor command; branch outcome is confirmed, predicate semantics preserved at available confidence",docs/analysis/map_selector_upper_vm_cfg_promotion_20260928.md
cfg_t04_l059_v2@0x82,0x82,cfg_t04_l059_v2,0x82,F82-L003,0x5B,4,59 5b 1c 33 01 10,a3 ad b3 08,immediate_skip_actor_0x59,B3,0x08,predicate_zero_skips_actor; spawn_when_nonzero,a3 ad,A3_flag_test,0xAD,confirmed_static_flag,"flag_test(spec=0xAD,wram=$125B,bit=5) != 0",0xAD,$125B,5,evaluable_if_flag_state_available,candidate,"B3/B4 rel8=0x08 branches over the following 6-byte opcode59 actor command; branch outcome is confirmed, predicate semantics preserved at available confidence",docs/analysis/map_selector_upper_vm_cfg_promotion_20260928.md
cfg_t04_l059_v2@0x82,0x82,cfg_t04_l059_v2,0x82,F82-L004,0x30,4,59 30 1d 33 03 10,a3 ad b3 08,immediate_skip_actor_0x59,B3,0x08,predicate_zero_skips_actor; spawn_when_nonzero,a3 ad,A3_flag_test,0xAD,confirmed_static_flag,"flag_test(spec=0xAD,wram=$125B,bit=5) != 0",0xAD,$125B,5,evaluable_if_flag_state_available,candidate,"B3/B4 rel8=0x08 branches over the following 6-byte opcode59 actor command; branch outcome is confirmed, predicate semantics preserved at available confidence",docs/analysis/map_selector_upper_vm_cfg_promotion_20260928.md
cfg_t04_l059_v2@0x82,0x82,cfg_t04_l059_v2,0x82,F82-L005,0x2F,4,59 2f 30 2e 02 10,a3 ad b3 08,immediate_skip_actor_0x59,B3,0x08,predicate_zero_skips_actor; spawn_when_nonzero,a3 ad,A3_flag_test,0xAD,confirmed_static_flag,"flag_test(spec=0xAD,wram=$125B,bit=5) != 0",0xAD,$125B,5,evaluable_if_flag_state_available,candidate,"B3/B4 rel8=0x08 branches over the following 6-byte opcode59 actor command; branch outcome is confirmed, predicate semantics preserved at available confidence",docs/analysis/map_selector_upper_vm_cfg_promotion_20260928.md
cfg_t04_l059_v2@0x82,0x82,cfg_t04_l059_v2,0x82,F82-L006,0x23,4,59 23 33 2b 02 10,a3 ad b3 08,immediate_skip_actor_0x59,B3,0x08,predicate_zero_skips_actor; spawn_when_nonzero,a3 ad,A3_flag_test,0xAD,confirmed_static_flag,"flag_test(spec=0xAD,wram=$125B,bit=5) != 0",0xAD,$125B,5,evaluable_if_flag_state_available,candidate,"B3/B4 rel8=0x08 branches over the following 6-byte opcode59 actor command; branch outcome is confirmed, predicate semantics preserved at available confidence",docs/analysis/map_selector_upper_vm_cfg_promotion_20260928.md
cfg_t04_l059_v2@0x82,0x82,cfg_t04_l059_v2,0x82,F82-L007,0x3F,4,59 3f 19 19 02 10,a3 ad b3 08,immediate_skip_actor_0x59,B3,0x08,predicate_zero_skips_actor; spawn_when_nonzero,a3 ad,A3_flag_test,0xAD,confirmed_static_flag,"flag_test(spec=0xAD,wram=$125B,bit=5) != 0",0xAD,$125B,5,evaluable_if_flag_state_available,candidate,"B3/B4 rel8=0x08 branches over the following 6-byte opcode59 actor command; branch outcome is confirmed, predicate semantics preserved at available confidence",docs/analysis/map_selector_upper_vm_cfg_promotion_20260928.md
cfg_t04_l059_v2@0x82,0x82,cfg_t04_l059_v2,0x82,F82-L008,0x40,4,59 40 20 17 02 10,a3 ad b3 08,immediate_skip_actor_0x59,B3,0x08,predicate_zero_skips_actor; spawn_when_nonzero,a3 ad,A3_flag_test,0xAD,confirmed_static_flag,"flag_test(spec=0xAD,wram=$125B,bit=5) != 0",0xAD,$125B,5,evaluable_if_flag_state_available,candidate,"B3/B4 rel8=0x08 branches over the following 6-byte opcode59 actor command; branch outcome is confirmed, predicate semantics preserved at available confidence",docs/analysis/map_selector_upper_vm_cfg_promotion_20260928.md
cfg_t04_l059_v2@0x82,0x82,cfg_t04_l059_v2,0x82,F82-L009,0x6C,4,59 6c 1d 19 02 10,a3 ad b4 08,immediate_skip_actor_0x59,B4,0x08,predicate_nonzero_skips_actor; spawn_when_zero,a3 ad,A3_flag_test,0xAD,confirmed_static_flag,"flag_test(spec=0xAD,wram=$125B,bit=5) == 0",0xAD,$125B,5,evaluable_if_flag_state_available,candidate,"B3/B4 rel8=0x08 branches over the following 6-byte opcode59 actor command; branch outcome is confirmed, predicate semantics preserved at available confidence",docs/analysis/map_selector_upper_vm_cfg_promotion_20260928.md
cfg_t04_l059_v2@0x82,0x82,cfg_t04_l059_v2,0x82,F82-L010,0x6D,4,59 6d 1f 19 02 10,a3 ad b4 08,immediate_skip_actor_0x59,B4,0x08,predicate_nonzero_skips_actor; spawn_when_zero,a3 ad,A3_flag_test,0xAD,confirmed_static_flag,"flag_test(spec=0xAD,wram=$125B,bit=5) == 0",0xAD,$125B,5,evaluable_if_flag_state_available,candidate,"B3/B4 rel8=0x08 branches over the following 6-byte opcode59 actor command; branch outcome is confirmed, predicate semantics preserved at available confidence",docs/analysis/map_selector_upper_vm_cfg_promotion_20260928.md
cfg_t04_l070_v2@0x83,0x83,cfg_t04_l070_v2,0x83,F83-L003,0x40,4,59 40 22 11 02 00,a3 b9 b3 08,immediate_skip_actor_0x59,B3,0x08,predicate_zero_skips_actor; spawn_when_nonzero,a3 b9,A3_flag_test,0xB9,confirmed_static_flag,"flag_test(spec=0xB9,wram=$125D,bit=1) != 0",0xB9,$125D,1,evaluable_if_flag_state_available,candidate,"B3/B4 rel8=0x08 branches over the following 6-byte opcode59 actor command; branch outcome is confirmed, predicate semantics preserved at available confidence",docs/analysis/map_selector_upper_vm_cfg_promotion_20260928.md
cfg_t04_l070_v2@0x83,0x83,cfg_t04_l070_v2,0x83,F83-L004,0x59,4,59 59 2d 16 02 00,a3 b9 b3 08,immediate_skip_actor_0x59,B3,0x08,predicate_zero_skips_actor; spawn_when_nonzero,a3 b9,A3_flag_test,0xB9,confirmed_static_flag,"flag_test(spec=0xB9,wram=$125D,bit=1) != 0",0xB9,$125D,1,evaluable_if_flag_state_available,candidate,"B3/B4 rel8=0x08 branches over the following 6-byte opcode59 actor command; branch outcome is confirmed, predicate semantics preserved at available confidence",docs/analysis/map_selector_upper_vm_cfg_promotion_20260928.md
cfg_t04_l070_v2@0x83,0x83,cfg_t04_l070_v2,0x83,F83-L005,0x5B,4,59 5b 28 1d 02 10,a3 b9 b3 08,immediate_skip_actor_0x59,B3,0x08,predicate_zero_skips_actor; spawn_when_nonzero,a3 b9,A3_flag_test,0xB9,confirmed_static_flag,"flag_test(spec=0xB9,wram=$125D,bit=1) != 0",0xB9,$125D,1,evaluable_if_flag_state_available,candidate,"B3/B4 rel8=0x08 branches over the following 6-byte opcode59 actor command; branch outcome is confirmed, predicate semantics preserved at available confidence",docs/analysis/map_selector_upper_vm_cfg_promotion_20260928.md
cfg_t04_l070_v2@0x83,0x83,cfg_t04_l070_v2,0x83,F83-L006,0x43,4,59 43 28 26 02 00,a3 b9 b3 08,immediate_skip_actor_0x59,B3,0x08,predicate_zero_skips_actor; spawn_when_nonzero,a3 b9,A3_flag_test,0xB9,confirmed_static_flag,"flag_test(spec=0xB9,wram=$125D,bit=1) != 0",0xB9,$125D,1,evaluable_if_flag_state_available,candidate,"B3/B4 rel8=0x08 branches over the following 6-byte opcode59 actor command; branch outcome is confirmed, predicate semantics preserved at available confidence",docs/analysis/map_selector_upper_vm_cfg_promotion_20260928.md
cfg_t04_l070_v2@0x83,0x83,cfg_t04_l070_v2,0x83,F83-L007,0x5A,4,59 5a 21 2e 02 00,a3 b9 b3 08,immediate_skip_actor_0x59,B3,0x08,predicate_zero_skips_actor; spawn_when_nonzero,a3 b9,A3_flag_test,0xB9,confirmed_static_flag,"flag_test(spec=0xB9,wram=$125D,bit=1) != 0",0xB9,$125D,1,evaluable_if_flag_state_available,candidate,"B3/B4 rel8=0x08 branches over the following 6-byte opcode59 actor command; branch outcome is confirmed, predicate semantics preserved at available confidence",docs/analysis/map_selector_upper_vm_cfg_promotion_20260928.md
cfg_t04_l070_v2@0x83,0x83,cfg_t04_l070_v2,0x83,F83-L008,0x42,4,59 42 15 27 02 00,a3 bd b3 08,immediate_skip_actor_0x59,B3,0x08,predicate_zero_skips_actor; spawn_when_nonzero,a3 bd,A3_flag_test,0xBD,confirmed_static_flag,"flag_test(spec=0xBD,wram=$125D,bit=5) != 0",0xBD,$125D,5,evaluable_if_flag_state_available,candidate,"B3/B4 rel8=0x08 branches over the following 6-byte opcode59 actor command; branch outcome is confirmed, predicate semantics preserved at available confidence",docs/analysis/map_selector_upper_vm_cfg_promotion_20260928.md
cfg_t04_l070_v2@0x83,0x83,cfg_t04_l070_v2,0x83,F83-L009,0x5A,4,59 5a 23 18 02 00,a3 bd b3 08,immediate_skip_actor_0x59,B3,0x08,predicate_zero_skips_actor; spawn_when_nonzero,a3 bd,A3_flag_test,0xBD,confirmed_static_flag,"flag_test(spec=0xBD,wram=$125D,bit=5) != 0",0xBD,$125D,5,evaluable_if_flag_state_available,candidate,"B3/B4 rel8=0x08 branches over the following 6-byte opcode59 actor command; branch outcome is confirmed, predicate semantics preserved at available confidence",docs/analysis/map_selector_upper_vm_cfg_promotion_20260928.md
cfg_t04_l070_v2@0x83,0x83,cfg_t04_l070_v2,0x83,F83-L010,0x30,4,59 30 2e 0f 02 00,a3 bd b3 08,immediate_skip_actor_0x59,B3,0x08,predicate_zero_skips_actor; spawn_when_nonzero,a3 bd,A3_flag_test,0xBD,confirmed_static_flag,"flag_test(spec=0xBD,wram=$125D,bit=5) != 0",0xBD,$125D,5,evaluable_if_flag_state_available,candidate,"B3/B4 rel8=0x08 branches over the following 6-byte opcode59 actor command; branch outcome is confirmed, predicate semantics preserved at available confidence",docs/analysis/map_selector_upper_vm_cfg_promotion_20260928.md
cfg_t04_l070_v2@0x83,0x83,cfg_t04_l070_v2,0x83,F83-L011,0x2F,4,59 2f 22 22 02 00,a3 bd b3 08,immediate_skip_actor_0x59,B3,0x08,predicate_zero_skips_actor; spawn_when_nonzero,a3 bd,A3_flag_test,0xBD,confirmed_static_flag,"flag_test(spec=0xBD,wram=$125D,bit=5) != 0",0xBD,$125D,5,evaluable_if_flag_state_available,candidate,"B3/B4 rel8=0x08 branches over the following 6-byte opcode59 actor command; branch outcome is confirmed, predicate semantics preserved at available confidence",docs/analysis/map_selector_upper_vm_cfg_promotion_20260928.md
cfg_t04_l070_v2@0x83,0x83,cfg_t04_l070_v2,0x83,F83-L012,0x27,4,59 27 1f 1d 02 00,a3 b9 b3 08,immediate_skip_actor_0x59,B3,0x08,predicate_zero_skips_actor; spawn_when_nonzero,a3 b9,A3_flag_test,0xB9,confirmed_static_flag,"flag_test(spec=0xB9,wram=$125D,bit=1) != 0",0xB9,$125D,1,evaluable_if_flag_state_available,candidate,"B3/B4 rel8=0x08 branches over the following 6-byte opcode59 actor command; branch outcome is confirmed, predicate semantics preserved at available confidence",docs/analysis/map_selector_upper_vm_cfg_promotion_20260928.md
cfg_t04_l070_v2@0x83,0x83,cfg_t04_l070_v2,0x83,F83-L013,0x24,4,59 24 16 2f 02 00,a3 bd b3 08,immediate_skip_actor_0x59,B3,0x08,predicate_zero_skips_actor; spawn_when_nonzero,a3 bd,A3_flag_test,0xBD,confirmed_static_flag,"flag_test(spec=0xBD,wram=$125D,bit=5) != 0",0xBD,$125D,5,evaluable_if_flag_state_available,candidate,"B3/B4 rel8=0x08 branches over the following 6-byte opcode59 actor command; branch outcome is confirmed, predicate semantics preserved at available confidence",docs/analysis/map_selector_upper_vm_cfg_promotion_20260928.md
cfg_t07_l072_v2@0x84,0x84,cfg_t07_l072_v2,0x84,F84-L001,0x23,18,59 23 11 14 02 10,08 b9 13 15 b4 0e a3 bd b4 08 59 23 05 0c 01 10 b2 08,complex_pre_actor_control_flow,,,,08 b9 13 15 b4 0e a3 bd b4 08 59 23 05 0c 01 10 b2 08,nonlocal_or_multi_actor_cfg,,unresolved_complex_control_flow,,,,,requires_record_cfg,candidate,actor command is preceded by nontrivial control flow not reducible to immediate B3/B4 rel8=0x08 guard; do not assume unconditional visibility,docs/analysis/map_selector_upper_vm_cfg_promotion_20260928.md
cfg_t04_l074_v2@0x85,0x85,cfg_t04_l074_v2,0x85,F85-L001,0x24,23,59 24 16 28 04 10,08 b9 13 02 a3 bd e7 b3 0a 59 24 12 0e 02 10 b2 0e 08 b9 13 15 b3 08,immediate_skip_actor_0x59,B3,0x08,predicate_zero_skips_actor; spawn_when_nonzero,08 b9 13 02 a3 bd e7 b3 0a 59 24 12 0e 02 10 b2 0e 08 b9 13 15,compound_vm_expression,,confirmed_static_branch_unresolved_predicate,vm_expression(08 B9 13 02 A3 BD E7 B3 0A 59 24 12 0E 02 10 B2 0E 08 B9 13 15) != 0,,,,requires_compound_vm_expression_evaluation,candidate,"B3/B4 rel8=0x08 branches over the following 6-byte opcode59 actor command; branch outcome is confirmed, predicate semantics preserved at available confidence",docs/analysis/map_selector_upper_vm_cfg_promotion_20260928.md
cfg_t04_l073_v2@0x85,0x85,cfg_t04_l073_v2,0x85,F85-L001,0x24,23,59 24 16 28 04 10,08 b9 13 02 a3 bd e7 b3 0a 59 24 12 0e 02 10 b2 0e 08 b9 13 15 b3 08,immediate_skip_actor_0x59,B3,0x08,predicate_zero_skips_actor; spawn_when_nonzero,08 b9 13 02 a3 bd e7 b3 0a 59 24 12 0e 02 10 b2 0e 08 b9 13 15,compound_vm_expression,,confirmed_static_branch_unresolved_predicate,vm_expression(08 B9 13 02 A3 BD E7 B3 0A 59 24 12 0E 02 10 B2 0E 08 B9 13 15) != 0,,,,requires_compound_vm_expression_evaluation,candidate,"B3/B4 rel8=0x08 branches over the following 6-byte opcode59 actor command; branch outcome is confirmed, predicate semantics preserved at available confidence",docs/analysis/map_selector_upper_vm_cfg_promotion_20260928.md
cfg_t04_l074_v2@0x85,0x85,cfg_t04_l074_v2,0x85,F85-L002,0x23,23,59 23 16 28 04 10,08 b9 13 02 a3 bd e7 b3 0a 59 23 13 0f 03 10 b2 0e 08 b9 13 15 b3 08,immediate_skip_actor_0x59,B3,0x08,predicate_zero_skips_actor; spawn_when_nonzero,08 b9 13 02 a3 bd e7 b3 0a 59 23 13 0f 03 10 b2 0e 08 b9 13 15,compound_vm_expression,,confirmed_static_branch_unresolved_predicate,vm_expression(08 B9 13 02 A3 BD E7 B3 0A 59 23 13 0F 03 10 B2 0E 08 B9 13 15) != 0,,,,requires_compound_vm_expression_evaluation,candidate,"B3/B4 rel8=0x08 branches over the following 6-byte opcode59 actor command; branch outcome is confirmed, predicate semantics preserved at available confidence",docs/analysis/map_selector_upper_vm_cfg_promotion_20260928.md
cfg_t04_l073_v2@0x85,0x85,cfg_t04_l073_v2,0x85,F85-L002,0x23,23,59 23 16 28 04 10,08 b9 13 02 a3 bd e7 b3 0a 59 23 13 0f 03 10 b2 0e 08 b9 13 15 b3 08,immediate_skip_actor_0x59,B3,0x08,predicate_zero_skips_actor; spawn_when_nonzero,08 b9 13 02 a3 bd e7 b3 0a 59 23 13 0f 03 10 b2 0e 08 b9 13 15,compound_vm_expression,,confirmed_static_branch_unresolved_predicate,vm_expression(08 B9 13 02 A3 BD E7 B3 0A 59 23 13 0F 03 10 B2 0E 08 B9 13 15) != 0,,,,requires_compound_vm_expression_evaluation,candidate,"B3/B4 rel8=0x08 branches over the following 6-byte opcode59 actor command; branch outcome is confirmed, predicate semantics preserved at available confidence",docs/analysis/map_selector_upper_vm_cfg_promotion_20260928.md
cfg_t44_l167_v1@0x87,0x87,cfg_t44_l167_v1,0x87,F87-L001,0x10,0,59 10 12 30 02 00,,no_pre_actor_guard,,,,,,,confirmed_static_unconditional,always,,,,not_required,visible,actor record reaches opcode59 directly with no preceding actor-local guard bytes,docs/analysis/map_selector_upper_vm_cfg_promotion_20260928.md
cfg_t45_l168_v2@0x88,0x88,cfg_t45_l168_v2,0x88,F88-L001,0x0F,0,59 0f 29 13 02 10,,no_pre_actor_guard,,,,,,,confirmed_static_unconditional,always,,,,not_required,visible,actor record reaches opcode59 directly with no preceding actor-local guard bytes,docs/analysis/map_selector_upper_vm_cfg_promotion_20260928.md
cfg_t45_l168_v2@0x88,0x88,cfg_t45_l168_v2,0x88,F88-L002,0x11,0,59 11 29 23 04 10,,no_pre_actor_guard,,,,,,,confirmed_static_unconditional,always,,,,not_required,visible,actor record reaches opcode59 directly with no preceding actor-local guard bytes,docs/analysis/map_selector_upper_vm_cfg_promotion_20260928.md
cfg_t45_l168_v2@0x88,0x88,cfg_t45_l168_v2,0x88,F88-L003,0x11,0,59 11 2e 13 04 10,,no_pre_actor_guard,,,,,,,confirmed_static_unconditional,always,,,,not_required,visible,actor record reaches opcode59 directly with no preceding actor-local guard bytes,docs/analysis/map_selector_upper_vm_cfg_promotion_20260928.md
cfg_t45_l168_v2@0x89,0x89,cfg_t45_l168_v2,0x89,F89-L001,0x0F,4,59 0f 06 13 02 10,a3 93 b4 08,immediate_skip_actor_0x59,B4,0x08,predicate_nonzero_skips_actor; spawn_when_zero,a3 93,A3_flag_test,0x93,confirmed_static_flag,"flag_test(spec=0x93,wram=$1258,bit=3) == 0",0x93,$1258,3,evaluable_if_flag_state_available,candidate,"B3/B4 rel8=0x08 branches over the following 6-byte opcode59 actor command; branch outcome is confirmed, predicate semantics preserved at available confidence",docs/analysis/map_selector_upper_vm_cfg_promotion_20260928.md
cfg_t45_l168_v2@0x89,0x89,cfg_t45_l168_v2,0x89,F89-L002,0x11,0,59 11 2e 13 02 10,,no_pre_actor_guard,,,,,,,confirmed_static_unconditional,always,,,,not_required,visible,actor record reaches opcode59 directly with no preceding actor-local guard bytes,docs/analysis/map_selector_upper_vm_cfg_promotion_20260928.md
cfg_t04_l061_v2@0x8B,0x8B,cfg_t04_l061_v2,0x8B,F8B-L001,0x71,13,59 71 1c 25 02 00,21 a0 80 b4 0a 59 71 1f 20 03 10 b2 08,complex_pre_actor_control_flow,,,,21 a0 80 b4 0a 59 71 1f 20 03 10 b2 08,nonlocal_or_multi_actor_cfg,,unresolved_complex_control_flow,,,,,requires_record_cfg,candidate,actor command is preceded by nontrivial control flow not reducible to immediate B3/B4 rel8=0x08 guard; do not assume unconditional visibility,docs/analysis/map_selector_upper_vm_cfg_promotion_20260928.md
cfg_t04_l061_v2@0x8B,0x8B,cfg_t04_l061_v2,0x8B,F8B-L002,0x71,13,59 71 13 24 02 00,21 a0 80 b4 0a 59 71 1d 22 04 10 b2 08,complex_pre_actor_control_flow,,,,21 a0 80 b4 0a 59 71 1d 22 04 10 b2 08,nonlocal_or_multi_actor_cfg,,unresolved_complex_control_flow,,,,,requires_record_cfg,candidate,actor command is preceded by nontrivial control flow not reducible to immediate B3/B4 rel8=0x08 guard; do not assume unconditional visibility,docs/analysis/map_selector_upper_vm_cfg_promotion_20260928.md
cfg_t04_l061_v2@0x8B,0x8B,cfg_t04_l061_v2,0x8B,F8B-L003,0x71,13,59 71 24 1a 02 00,21 a0 80 b4 0a 59 71 1b 20 01 10 b2 08,complex_pre_actor_control_flow,,,,21 a0 80 b4 0a 59 71 1b 20 01 10 b2 08,nonlocal_or_multi_actor_cfg,,unresolved_complex_control_flow,,,,,requires_record_cfg,candidate,actor command is preceded by nontrivial control flow not reducible to immediate B3/B4 rel8=0x08 guard; do not assume unconditional visibility,docs/analysis/map_selector_upper_vm_cfg_promotion_20260928.md
cfg_t04_l062_v2@0x8C,0x8C,cfg_t04_l062_v2,0x8C,F8C-L001,0x0E,0,59 0e 18 13 02 00,,no_pre_actor_guard,,,,,,,confirmed_static_unconditional,always,,,,not_required,visible,actor record reaches opcode59 directly with no preceding actor-local guard bytes,docs/analysis/map_selector_upper_vm_cfg_promotion_20260928.md
cfg_t04_l062_v2@0x8C,0x8C,cfg_t04_l062_v2,0x8C,F8C-L002,0x0E,0,59 0e 27 17 02 00,,no_pre_actor_guard,,,,,,,confirmed_static_unconditional,always,,,,not_required,visible,actor record reaches opcode59 directly with no preceding actor-local guard bytes,docs/analysis/map_selector_upper_vm_cfg_promotion_20260928.md
cfg_t04_l062_v2@0x8C,0x8C,cfg_t04_l062_v2,0x8C,F8C-L003,0x0E,0,59 0e 29 1e 02 00,,no_pre_actor_guard,,,,,,,confirmed_static_unconditional,always,,,,not_required,visible,actor record reaches opcode59 directly with no preceding actor-local guard bytes,docs/analysis/map_selector_upper_vm_cfg_promotion_20260928.md
cfg_t04_l062_v2@0x8C,0x8C,cfg_t04_l062_v2,0x8C,F8C-L004,0x0E,0,59 0e 24 24 02 00,,no_pre_actor_guard,,,,,,,confirmed_static_unconditional,always,,,,not_required,visible,actor record reaches opcode59 directly with no preceding actor-local guard bytes,docs/analysis/map_selector_upper_vm_cfg_promotion_20260928.md
cfg_t04_l062_v2@0x8C,0x8C,cfg_t04_l062_v2,0x8C,F8C-L005,0x0E,0,59 0e 18 1f 02 00,,no_pre_actor_guard,,,,,,,confirmed_static_unconditional,always,,,,not_required,visible,actor record reaches opcode59 directly with no preceding actor-local guard bytes,docs/analysis/map_selector_upper_vm_cfg_promotion_20260928.md
cfg_t04_l062_v2@0x8C,0x8C,cfg_t04_l062_v2,0x8C,F8C-L006,0x0E,0,59 0e 16 27 02 00,,no_pre_actor_guard,,,,,,,confirmed_static_unconditional,always,,,,not_required,visible,actor record reaches opcode59 directly with no preceding actor-local guard bytes,docs/analysis/map_selector_upper_vm_cfg_promotion_20260928.md
cfg_t04_l062_v2@0x8C,0x8C,cfg_t04_l062_v2,0x8C,F8C-L007,0x0E,4,59 0e 1d 1d 02 00,a3 ab b4 08,immediate_skip_actor_0x59,B4,0x08,predicate_nonzero_skips_actor; spawn_when_zero,a3 ab,A3_flag_test,0xAB,confirmed_static_flag,"flag_test(spec=0xAB,wram=$125B,bit=3) == 0",0xAB,$125B,3,evaluable_if_flag_state_available,candidate,"B3/B4 rel8=0x08 branches over the following 6-byte opcode59 actor command; branch outcome is confirmed, predicate semantics preserved at available confidence",docs/analysis/map_selector_upper_vm_cfg_promotion_20260928.md
cfg_t07_l084_v2@0x8D,0x8D,cfg_t07_l084_v2,0x8D,F8D-L001,0x0E,6,59 0e 04 04 02 10,08 b9 13 03 b3 08,immediate_skip_actor_0x59,B3,0x08,predicate_zero_skips_actor; spawn_when_nonzero,08 b9 13 03,0x08_condition,0xB91303,confirmed_static_control_partial_predicate,predicate_08(bytes=08 B9 13 03) != 0,,,,requires_08_predicate_semantics_or_runtime_value,candidate,"B3/B4 rel8=0x08 branches over the following 6-byte opcode59 actor command; branch outcome is confirmed, predicate semantics preserved at available confidence",docs/analysis/map_selector_upper_vm_cfg_promotion_20260928.md
cfg_t07_l084_v2@0x8D,0x8D,cfg_t07_l084_v2,0x8D,F8D-L002,0x0E,6,59 0e 04 04 02 10,08 b9 13 04 b3 08,immediate_skip_actor_0x59,B3,0x08,predicate_zero_skips_actor; spawn_when_nonzero,08 b9 13 04,0x08_condition,0xB91304,confirmed_static_control_partial_predicate,predicate_08(bytes=08 B9 13 04) != 0,,,,requires_08_predicate_semantics_or_runtime_value,candidate,"B3/B4 rel8=0x08 branches over the following 6-byte opcode59 actor command; branch outcome is confirmed, predicate semantics preserved at available confidence",docs/analysis/map_selector_upper_vm_cfg_promotion_20260928.md
cfg_t07_l084_v2@0x8D,0x8D,cfg_t07_l084_v2,0x8D,F8D-L003,0x0E,6,59 0e 04 04 02 10,08 b9 13 06 b3 08,immediate_skip_actor_0x59,B3,0x08,predicate_zero_skips_actor; spawn_when_nonzero,08 b9 13 06,0x08_condition,0xB91306,confirmed_static_control_partial_predicate,predicate_08(bytes=08 B9 13 06) != 0,,,,requires_08_predicate_semantics_or_runtime_value,candidate,"B3/B4 rel8=0x08 branches over the following 6-byte opcode59 actor command; branch outcome is confirmed, predicate semantics preserved at available confidence",docs/analysis/map_selector_upper_vm_cfg_promotion_20260928.md
cfg_t07_l084_v2@0x8D,0x8D,cfg_t07_l084_v2,0x8D,F8D-L004,0x71,6,59 71 04 04 02 10,08 b9 13 07 b3 08,immediate_skip_actor_0x59,B3,0x08,predicate_zero_skips_actor; spawn_when_nonzero,08 b9 13 07,0x08_condition,0xB91307,confirmed_static_control_partial_predicate,predicate_08(bytes=08 B9 13 07) != 0,,,,requires_08_predicate_semantics_or_runtime_value,candidate,"B3/B4 rel8=0x08 branches over the following 6-byte opcode59 actor command; branch outcome is confirmed, predicate semantics preserved at available confidence",docs/analysis/map_selector_upper_vm_cfg_promotion_20260928.md
cfg_t07_l084_v2@0x8D,0x8D,cfg_t07_l084_v2,0x8D,F8D-L005,0x71,6,59 71 04 04 02 10,08 b9 13 08 b3 08,immediate_skip_actor_0x59,B3,0x08,predicate_zero_skips_actor; spawn_when_nonzero,08 b9 13 08,0x08_condition,0xB91308,confirmed_static_control_partial_predicate,predicate_08(bytes=08 B9 13 08) != 0,,,,requires_08_predicate_semantics_or_runtime_value,candidate,"B3/B4 rel8=0x08 branches over the following 6-byte opcode59 actor command; branch outcome is confirmed, predicate semantics preserved at available confidence",docs/analysis/map_selector_upper_vm_cfg_promotion_20260928.md
cfg_t07_l084_v2@0x8D,0x8D,cfg_t07_l084_v2,0x8D,F8D-L006,0x71,6,59 71 04 04 02 10,08 b9 13 09 b3 08,immediate_skip_actor_0x59,B3,0x08,predicate_zero_skips_actor; spawn_when_nonzero,08 b9 13 09,0x08_condition,0xB91309,confirmed_static_control_partial_predicate,predicate_08(bytes=08 B9 13 09) != 0,,,,requires_08_predicate_semantics_or_runtime_value,candidate,"B3/B4 rel8=0x08 branches over the following 6-byte opcode59 actor command; branch outcome is confirmed, predicate semantics preserved at available confidence",docs/analysis/map_selector_upper_vm_cfg_promotion_20260928.md
cfg_t07_l084_v2@0x8D,0x8D,cfg_t07_l084_v2,0x8D,F8D-L007,0x71,6,59 71 04 04 02 10,08 b9 13 0a b3 08,immediate_skip_actor_0x59,B3,0x08,predicate_zero_skips_actor; spawn_when_nonzero,08 b9 13 0a,0x08_condition,0xB9130A,confirmed_static_control_partial_predicate,predicate_08(bytes=08 B9 13 0A) != 0,,,,requires_08_predicate_semantics_or_runtime_value,candidate,"B3/B4 rel8=0x08 branches over the following 6-byte opcode59 actor command; branch outcome is confirmed, predicate semantics preserved at available confidence",docs/analysis/map_selector_upper_vm_cfg_promotion_20260928.md
cfg_t07_l084_v2@0x8D,0x8D,cfg_t07_l084_v2,0x8D,F8D-L008,0x71,6,59 71 04 04 02 10,08 b9 13 0b b3 08,immediate_skip_actor_0x59,B3,0x08,predicate_zero_skips_actor; spawn_when_nonzero,08 b9 13 0b,0x08_condition,0xB9130B,confirmed_static_control_partial_predicate,predicate_08(bytes=08 B9 13 0B) != 0,,,,requires_08_predicate_semantics_or_runtime_value,candidate,"B3/B4 rel8=0x08 branches over the following 6-byte opcode59 actor command; branch outcome is confirmed, predicate semantics preserved at available confidence",docs/analysis/map_selector_upper_vm_cfg_promotion_20260928.md
cfg_t04_l060_v1@0x8E,0x8E,cfg_t04_l060_v1,0x8E,F8E-L001,0x3C,12,59 3c 20 3d 02 10,a3 e9 b4 0a 59 3c 1f 3d 02 10 b2 08,complex_pre_actor_control_flow,,,,a3 e9 b4 0a 59 3c 1f 3d 02 10 b2 08,nonlocal_or_multi_actor_cfg,,unresolved_complex_control_flow,,,,,requires_record_cfg,candidate,actor command is preceded by nontrivial control flow not reducible to immediate B3/B4 rel8=0x08 guard; do not assume unconditional visibility,docs/analysis/map_selector_upper_vm_cfg_promotion_20260928.md
cfg_t04_l060_v1@0x8E,0x8E,cfg_t04_l060_v1,0x8E,F8E-L002,0x3C,0,59 3c 17 3b 02 00,,no_pre_actor_guard,,,,,,,confirmed_static_unconditional,always,,,,not_required,visible,actor record reaches opcode59 directly with no preceding actor-local guard bytes,docs/analysis/map_selector_upper_vm_cfg_promotion_20260928.md
cfg_t04_l060_v1@0x8E,0x8E,cfg_t04_l060_v1,0x8E,F8E-L003,0x3C,0,59 3c 20 21 02 00,,no_pre_actor_guard,,,,,,,confirmed_static_unconditional,always,,,,not_required,visible,actor record reaches opcode59 directly with no preceding actor-local guard bytes,docs/analysis/map_selector_upper_vm_cfg_promotion_20260928.md
cfg_t04_l060_v1@0x8E,0x8E,cfg_t04_l060_v1,0x8E,F8E-L004,0x3C,0,59 3c 1b 1b 02 00,,no_pre_actor_guard,,,,,,,confirmed_static_unconditional,always,,,,not_required,visible,actor record reaches opcode59 directly with no preceding actor-local guard bytes,docs/analysis/map_selector_upper_vm_cfg_promotion_20260928.md
cfg_t04_l060_v1@0x8E,0x8E,cfg_t04_l060_v1,0x8E,F8E-L005,0x3C,0,59 3c 24 27 02 00,,no_pre_actor_guard,,,,,,,confirmed_static_unconditional,always,,,,not_required,visible,actor record reaches opcode59 directly with no preceding actor-local guard bytes,docs/analysis/map_selector_upper_vm_cfg_promotion_20260928.md
cfg_t04_l060_v1@0x8E,0x8E,cfg_t04_l060_v1,0x8E,F8E-L006,0x3C,10,59 3c 19 17 02 10,21 8b 80 e1 a3 c6 e1 e7 b3 08,immediate_skip_actor_0x59,B3,0x08,predicate_zero_skips_actor; spawn_when_nonzero,21 8b 80 e1 a3 c6 e1 e7,compound_vm_expression,,confirmed_static_branch_unresolved_predicate,vm_expression(21 8B 80 E1 A3 C6 E1 E7) != 0,,,,requires_compound_vm_expression_evaluation,candidate,"B3/B4 rel8=0x08 branches over the following 6-byte opcode59 actor command; branch outcome is confirmed, predicate semantics preserved at available confidence",docs/analysis/map_selector_upper_vm_cfg_promotion_20260928.md
cfg_t53_l186_v2@0x8F,0x8F,cfg_t53_l186_v2,0x8F,F8F-L001,0x33,0,59 33 20 0d 02 00,,no_pre_actor_guard,,,,,,,confirmed_static_unconditional,always,,,,not_required,visible,actor record reaches opcode59 directly with no preceding actor-local guard bytes,docs/analysis/map_selector_upper_vm_cfg_promotion_20260928.md
cfg_t53_l186_v2@0x8F,0x8F,cfg_t53_l186_v2,0x8F,F8F-L002,0x33,0,59 33 1a 1c 02 00,,no_pre_actor_guard,,,,,,,confirmed_static_unconditional,always,,,,not_required,visible,actor record reaches opcode59 directly with no preceding actor-local guard bytes,docs/analysis/map_selector_upper_vm_cfg_promotion_20260928.md
cfg_t53_l186_v2@0x8F,0x8F,cfg_t53_l186_v2,0x8F,F8F-L003,0x33,0,59 33 19 24 02 00,,no_pre_actor_guard,,,,,,,confirmed_static_unconditional,always,,,,not_required,visible,actor record reaches opcode59 directly with no preceding actor-local guard bytes,docs/analysis/map_selector_upper_vm_cfg_promotion_20260928.md
cfg_t53_l186_v2@0x8F,0x8F,cfg_t53_l186_v2,0x8F,F8F-L004,0x33,0,59 33 2b 23 02 00,,no_pre_actor_guard,,,,,,,confirmed_static_unconditional,always,,,,not_required,visible,actor record reaches opcode59 directly with no preceding actor-local guard bytes,docs/analysis/map_selector_upper_vm_cfg_promotion_20260928.md
cfg_t53_l186_v2@0x8F,0x8F,cfg_t53_l186_v2,0x8F,F8F-L005,0x33,0,59 33 28 38 02 00,,no_pre_actor_guard,,,,,,,confirmed_static_unconditional,always,,,,not_required,visible,actor record reaches opcode59 directly with no preceding actor-local guard bytes,docs/analysis/map_selector_upper_vm_cfg_promotion_20260928.md
cfg_t53_l186_v2@0x8F,0x8F,cfg_t53_l186_v2,0x8F,F8F-L006,0x33,0,59 33 22 29 02 00,,no_pre_actor_guard,,,,,,,confirmed_static_unconditional,always,,,,not_required,visible,actor record reaches opcode59 directly with no preceding actor-local guard bytes,docs/analysis/map_selector_upper_vm_cfg_promotion_20260928.md
cfg_t53_l186_v2@0x8F,0x8F,cfg_t53_l186_v2,0x8F,F8F-L007,0x33,0,59 33 1f 43 02 00,,no_pre_actor_guard,,,,,,,confirmed_static_unconditional,always,,,,not_required,visible,actor record reaches opcode59 directly with no preceding actor-local guard bytes,docs/analysis/map_selector_upper_vm_cfg_promotion_20260928.md
cfg_t08_l092_v2@0x91,0x91,cfg_t08_l092_v2,0x91,F91-L001,0x43,4,59 43 37 1d 04 10,a3 0a b4 08,immediate_skip_actor_0x59,B4,0x08,predicate_nonzero_skips_actor; spawn_when_zero,a3 0a,A3_flag_test,0x0A,confirmed_static_flag,"flag_test(spec=0x0A,wram=$1247,bit=2) == 0",0x0A,$1247,2,evaluable_if_flag_state_available,candidate,"B3/B4 rel8=0x08 branches over the following 6-byte opcode59 actor command; branch outcome is confirmed, predicate semantics preserved at available confidence",docs/analysis/map_selector_upper_vm_cfg_promotion_20260928.md
cfg_t08_l092_v2@0x91,0x91,cfg_t08_l092_v2,0x91,F91-L002,0x43,0,59 43 35 1a 01 10,,no_pre_actor_guard,,,,,,,confirmed_static_unconditional,always,,,,not_required,visible,actor record reaches opcode59 directly with no preceding actor-local guard bytes,docs/analysis/map_selector_upper_vm_cfg_promotion_20260928.md
cfg_t08_l092_v2@0x92,0x92,cfg_t08_l092_v2,0x92,F92-L001,0x3A,0,59 3a 7f 15 02 90,,no_pre_actor_guard,,,,,,,confirmed_static_unconditional,always,,,,not_required,visible,actor record reaches opcode59 directly with no preceding actor-local guard bytes,docs/analysis/map_selector_upper_vm_cfg_promotion_20260928.md
cfg_t08_l092_v2@0x92,0x92,cfg_t08_l092_v2,0x92,F92-L002,0x3A,0,59 3a 79 18 02 90,,no_pre_actor_guard,,,,,,,confirmed_static_unconditional,always,,,,not_required,visible,actor record reaches opcode59 directly with no preceding actor-local guard bytes,docs/analysis/map_selector_upper_vm_cfg_promotion_20260928.md
cfg_t08_l092_v2@0x92,0x92,cfg_t08_l092_v2,0x92,F92-L003,0x40,0,59 40 80 12 02 90,,no_pre_actor_guard,,,,,,,confirmed_static_unconditional,always,,,,not_required,visible,actor record reaches opcode59 directly with no preceding actor-local guard bytes,docs/analysis/map_selector_upper_vm_cfg_promotion_20260928.md
cfg_t08_l092_v2@0x92,0x92,cfg_t08_l092_v2,0x92,F92-L004,0x43,0,59 43 86 12 02 90,,no_pre_actor_guard,,,,,,,confirmed_static_unconditional,always,,,,not_required,visible,actor record reaches opcode59 directly with no preceding actor-local guard bytes,docs/analysis/map_selector_upper_vm_cfg_promotion_20260928.md
cfg_t08_l092_v2@0x92,0x92,cfg_t08_l092_v2,0x92,F92-L005,0x44,0,59 44 82 16 02 90,,no_pre_actor_guard,,,,,,,confirmed_static_unconditional,always,,,,not_required,visible,actor record reaches opcode59 directly with no preceding actor-local guard bytes,docs/analysis/map_selector_upper_vm_cfg_promotion_20260928.md
cfg_t08_l092_v2@0x93,0x93,cfg_t08_l092_v2,0x93,F93-L001,0x3A,0,59 3a 67 06 02 10,,no_pre_actor_guard,,,,,,,confirmed_static_unconditional,always,,,,not_required,visible,actor record reaches opcode59 directly with no preceding actor-local guard bytes,docs/analysis/map_selector_upper_vm_cfg_promotion_20260928.md
cfg_t08_l092_v2@0x93,0x93,cfg_t08_l092_v2,0x93,F93-L002,0x3A,0,59 3a 67 17 02 10,,no_pre_actor_guard,,,,,,,confirmed_static_unconditional,always,,,,not_required,visible,actor record reaches opcode59 directly with no preceding actor-local guard bytes,docs/analysis/map_selector_upper_vm_cfg_promotion_20260928.md
cfg_t08_l092_v2@0x93,0x93,cfg_t08_l092_v2,0x93,F93-L003,0x3A,0,59 3a 68 27 02 10,,no_pre_actor_guard,,,,,,,confirmed_static_unconditional,always,,,,not_required,visible,actor record reaches opcode59 directly with no preceding actor-local guard bytes,docs/analysis/map_selector_upper_vm_cfg_promotion_20260928.md
cfg_t08_l092_v2@0x95,0x95,cfg_t08_l092_v2,0x95,F95-L001,0x44,4,59 44 0f 34 02 00,a3 0a b3 08,immediate_skip_actor_0x59,B3,0x08,predicate_zero_skips_actor; spawn_when_nonzero,a3 0a,A3_flag_test,0x0A,confirmed_static_flag,"flag_test(spec=0x0A,wram=$1247,bit=2) != 0",0x0A,$1247,2,evaluable_if_flag_state_available,candidate,"B3/B4 rel8=0x08 branches over the following 6-byte opcode59 actor command; branch outcome is confirmed, predicate semantics preserved at available confidence",docs/analysis/map_selector_upper_vm_cfg_promotion_20260928.md
cfg_t08_l096_v2@0x95,0x95,cfg_t08_l096_v2,0x95,F95-L001,0x44,4,59 44 0f 34 02 00,a3 0a b3 08,immediate_skip_actor_0x59,B3,0x08,predicate_zero_skips_actor; spawn_when_nonzero,a3 0a,A3_flag_test,0x0A,confirmed_static_flag,"flag_test(spec=0x0A,wram=$1247,bit=2) != 0",0x0A,$1247,2,evaluable_if_flag_state_available,candidate,"B3/B4 rel8=0x08 branches over the following 6-byte opcode59 actor command; branch outcome is confirmed, predicate semantics preserved at available confidence",docs/analysis/map_selector_upper_vm_cfg_promotion_20260928.md
cfg_t09_l097_v2@0x97,0x97,cfg_t09_l097_v2,0x97,F97-L001,0x43,4,59 43 a8 2c 02 10,a3 13 b4 08,immediate_skip_actor_0x59,B4,0x08,predicate_nonzero_skips_actor; spawn_when_zero,a3 13,A3_flag_test,0x13,confirmed_static_flag,"flag_test(spec=0x13,wram=$1248,bit=3) == 0",0x13,$1248,3,evaluable_if_flag_state_available,candidate,"B3/B4 rel8=0x08 branches over the following 6-byte opcode59 actor command; branch outcome is confirmed, predicate semantics preserved at available confidence",docs/analysis/map_selector_upper_vm_cfg_promotion_20260928.md
cfg_t22_l121_v2@0x9A,0x9A,cfg_t22_l121_v2,0x9A,F9A-L001,0x40,0,59 40 32 06 03 10,,no_pre_actor_guard,,,,,,,confirmed_static_unconditional,always,,,,not_required,visible,actor record reaches opcode59 directly with no preceding actor-local guard bytes,docs/analysis/map_selector_upper_vm_cfg_promotion_20260928.md
cfg_t22_l121_v2@0x9A,0x9A,cfg_t22_l121_v2,0x9A,F9A-L002,0x40,0,59 40 24 0b 03 10,,no_pre_actor_guard,,,,,,,confirmed_static_unconditional,always,,,,not_required,visible,actor record reaches opcode59 directly with no preceding actor-local guard bytes,docs/analysis/map_selector_upper_vm_cfg_promotion_20260928.md
cfg_t22_l121_v2@0x9A,0x9A,cfg_t22_l121_v2,0x9A,F9A-L003,0x40,0,59 40 31 07 04 10,,no_pre_actor_guard,,,,,,,confirmed_static_unconditional,always,,,,not_required,visible,actor record reaches opcode59 directly with no preceding actor-local guard bytes,docs/analysis/map_selector_upper_vm_cfg_promotion_20260928.md
cfg_t22_l121_v2@0x9A,0x9A,cfg_t22_l121_v2,0x9A,F9A-L004,0x3B,0,59 3b 58 09 02 10,,no_pre_actor_guard,,,,,,,confirmed_static_unconditional,always,,,,not_required,visible,actor record reaches opcode59 directly with no preceding actor-local guard bytes,docs/analysis/map_selector_upper_vm_cfg_promotion_20260928.md
cfg_t22_l121_v2@0x9A,0x9A,cfg_t22_l121_v2,0x9A,F9A-L005,0x3B,0,59 3b 60 0b 02 10,,no_pre_actor_guard,,,,,,,confirmed_static_unconditional,always,,,,not_required,visible,actor record reaches opcode59 directly with no preceding actor-local guard bytes,docs/analysis/map_selector_upper_vm_cfg_promotion_20260928.md
cfg_t22_l121_v2@0x9A,0x9A,cfg_t22_l121_v2,0x9A,F9A-L006,0x3B,0,59 3b 64 12 02 10,,no_pre_actor_guard,,,,,,,confirmed_static_unconditional,always,,,,not_required,visible,actor record reaches opcode59 directly with no preceding actor-local guard bytes,docs/analysis/map_selector_upper_vm_cfg_promotion_20260928.md
cfg_t22_l121_v2@0x9A,0x9A,cfg_t22_l121_v2,0x9A,F9A-L007,0x3B,0,59 3b 55 16 02 10,,no_pre_actor_guard,,,,,,,confirmed_static_unconditional,always,,,,not_required,visible,actor record reaches opcode59 directly with no preceding actor-local guard bytes,docs/analysis/map_selector_upper_vm_cfg_promotion_20260928.md
cfg_t22_l121_v2@0x9A,0x9A,cfg_t22_l121_v2,0x9A,F9A-L008,0x3B,0,59 3b 5c 18 02 10,,no_pre_actor_guard,,,,,,,confirmed_static_unconditional,always,,,,not_required,visible,actor record reaches opcode59 directly with no preceding actor-local guard bytes,docs/analysis/map_selector_upper_vm_cfg_promotion_20260928.md
cfg_t22_l121_v2@0x9A,0x9A,cfg_t22_l121_v2,0x9A,F9A-L009,0x3B,0,59 3b 60 18 02 10,,no_pre_actor_guard,,,,,,,confirmed_static_unconditional,always,,,,not_required,visible,actor record reaches opcode59 directly with no preceding actor-local guard bytes,docs/analysis/map_selector_upper_vm_cfg_promotion_20260928.md
cfg_t22_l121_v2@0x9A,0x9A,cfg_t22_l121_v2,0x9A,F9A-L010,0x3B,0,59 3b 65 17 02 10,,no_pre_actor_guard,,,,,,,confirmed_static_unconditional,always,,,,not_required,visible,actor record reaches opcode59 directly with no preceding actor-local guard bytes,docs/analysis/map_selector_upper_vm_cfg_promotion_20260928.md
cfg_t22_l121_v2@0x9A,0x9A,cfg_t22_l121_v2,0x9A,F9A-L011,0x3B,0,59 3b 56 0a 02 10,,no_pre_actor_guard,,,,,,,confirmed_static_unconditional,always,,,,not_required,visible,actor record reaches opcode59 directly with no preceding actor-local guard bytes,docs/analysis/map_selector_upper_vm_cfg_promotion_20260928.md
cfg_t22_l121_v2@0x9A,0x9A,cfg_t22_l121_v2,0x9A,F9A-L012,0x2F,4,59 2f 57 0a 02 10,a3 2e b4 08,immediate_skip_actor_0x59,B4,0x08,predicate_nonzero_skips_actor; spawn_when_zero,a3 2e,A3_flag_test,0x2E,confirmed_static_flag,"flag_test(spec=0x2E,wram=$124B,bit=6) == 0",0x2E,$124B,6,evaluable_if_flag_state_available,candidate,"B3/B4 rel8=0x08 branches over the following 6-byte opcode59 actor command; branch outcome is confirmed, predicate semantics preserved at available confidence",docs/analysis/map_selector_upper_vm_cfg_promotion_20260928.md
cfg_t22_l121_v2@0x9A,0x9A,cfg_t22_l121_v2,0x9A,F9A-L013,0x2F,4,59 2f 56 16 02 10,a3 2f b4 08,immediate_skip_actor_0x59,B4,0x08,predicate_nonzero_skips_actor; spawn_when_zero,a3 2f,A3_flag_test,0x2F,confirmed_static_flag,"flag_test(spec=0x2F,wram=$124B,bit=7) == 0",0x2F,$124B,7,evaluable_if_flag_state_available,candidate,"B3/B4 rel8=0x08 branches over the following 6-byte opcode59 actor command; branch outcome is confirmed, predicate semantics preserved at available confidence",docs/analysis/map_selector_upper_vm_cfg_promotion_20260928.md
cfg_t22_l121_v2@0x9A,0x9A,cfg_t22_l121_v2,0x9A,F9A-L014,0x2F,4,59 2f 60 0c 02 10,a3 30 b4 08,immediate_skip_actor_0x59,B4,0x08,predicate_nonzero_skips_actor; spawn_when_zero,a3 30,A3_flag_test,0x30,confirmed_static_flag,"flag_test(spec=0x30,wram=$124C,bit=0) == 0",0x30,$124C,0,evaluable_if_flag_state_available,candidate,"B3/B4 rel8=0x08 branches over the following 6-byte opcode59 actor command; branch outcome is confirmed, predicate semantics preserved at available confidence",docs/analysis/map_selector_upper_vm_cfg_promotion_20260928.md
cfg_t22_l121_v2@0x9A,0x9A,cfg_t22_l121_v2,0x9A,F9A-L015,0x3B,0,59 3b 82 0d 03 10,,no_pre_actor_guard,,,,,,,confirmed_static_unconditional,always,,,,not_required,visible,actor record reaches opcode59 directly with no preceding actor-local guard bytes,docs/analysis/map_selector_upper_vm_cfg_promotion_20260928.md
cfg_t22_l121_v2@0x9A,0x9A,cfg_t22_l121_v2,0x9A,F9A-L016,0x3B,0,59 3b 82 0e 03 10,,no_pre_actor_guard,,,,,,,confirmed_static_unconditional,always,,,,not_required,visible,actor record reaches opcode59 directly with no preceding actor-local guard bytes,docs/analysis/map_selector_upper_vm_cfg_promotion_20260928.md
cfg_t22_l121_v2@0x9A,0x9A,cfg_t22_l121_v2,0x9A,F9A-L017,0x3B,0,59 3b 83 10 03 10,,no_pre_actor_guard,,,,,,,confirmed_static_unconditional,always,,,,not_required,visible,actor record reaches opcode59 directly with no preceding actor-local guard bytes,docs/analysis/map_selector_upper_vm_cfg_promotion_20260928.md
cfg_t22_l121_v2@0x9A,0x9A,cfg_t22_l121_v2,0x9A,F9A-L018,0x3B,0,59 3b 83 11 03 10,,no_pre_actor_guard,,,,,,,confirmed_static_unconditional,always,,,,not_required,visible,actor record reaches opcode59 directly with no preceding actor-local guard bytes,docs/analysis/map_selector_upper_vm_cfg_promotion_20260928.md
cfg_t22_l121_v2@0x9A,0x9A,cfg_t22_l121_v2,0x9A,F9A-L019,0x30,4,59 30 7f 17 02 10,a3 31 b4 08,immediate_skip_actor_0x59,B4,0x08,predicate_nonzero_skips_actor; spawn_when_zero,a3 31,A3_flag_test,0x31,confirmed_static_flag,"flag_test(spec=0x31,wram=$124C,bit=1) == 0",0x31,$124C,1,evaluable_if_flag_state_available,candidate,"B3/B4 rel8=0x08 branches over the following 6-byte opcode59 actor command; branch outcome is confirmed, predicate semantics preserved at available confidence",docs/analysis/map_selector_upper_vm_cfg_promotion_20260928.md
cfg_t22_l121_v2@0x9B,0x9B,cfg_t22_l121_v2,0x9B,F9B-L001,0x40,0,59 40 e4 12 03 10,,no_pre_actor_guard,,,,,,,confirmed_static_unconditional,always,,,,not_required,visible,actor record reaches opcode59 directly with no preceding actor-local guard bytes,docs/analysis/map_selector_upper_vm_cfg_promotion_20260928.md
cfg_t22_l121_v2@0x9B,0x9B,cfg_t22_l121_v2,0x9B,F9B-L002,0x40,0,59 40 ce 09 01 10,,no_pre_actor_guard,,,,,,,confirmed_static_unconditional,always,,,,not_required,visible,actor record reaches opcode59 directly with no preceding actor-local guard bytes,docs/analysis/map_selector_upper_vm_cfg_promotion_20260928.md
cfg_t22_l121_v2@0x9B,0x9B,cfg_t22_l121_v2,0x9B,F9B-L003,0x40,0,59 40 e9 09 03 10,,no_pre_actor_guard,,,,,,,confirmed_static_unconditional,always,,,,not_required,visible,actor record reaches opcode59 directly with no preceding actor-local guard bytes,docs/analysis/map_selector_upper_vm_cfg_promotion_20260928.md
cfg_t22_l121_v2@0x9B,0x9B,cfg_t22_l121_v2,0x9B,F9B-L004,0x3B,0,59 3b b7 2d 02 10,,no_pre_actor_guard,,,,,,,confirmed_static_unconditional,always,,,,not_required,visible,actor record reaches opcode59 directly with no preceding actor-local guard bytes,docs/analysis/map_selector_upper_vm_cfg_promotion_20260928.md
cfg_t22_l121_v2@0x9B,0x9B,cfg_t22_l121_v2,0x9B,F9B-L005,0x3B,0,59 3b b8 2b 02 10,,no_pre_actor_guard,,,,,,,confirmed_static_unconditional,always,,,,not_required,visible,actor record reaches opcode59 directly with no preceding actor-local guard bytes,docs/analysis/map_selector_upper_vm_cfg_promotion_20260928.md
cfg_t22_l121_v2@0x9B,0x9B,cfg_t22_l121_v2,0x9B,F9B-L006,0x3B,0,59 3b bb 29 02 10,,no_pre_actor_guard,,,,,,,confirmed_static_unconditional,always,,,,not_required,visible,actor record reaches opcode59 directly with no preceding actor-local guard bytes,docs/analysis/map_selector_upper_vm_cfg_promotion_20260928.md
cfg_t22_l121_v2@0x9B,0x9B,cfg_t22_l121_v2,0x9B,F9B-L007,0x3B,0,59 3b bf 27 02 10,,no_pre_actor_guard,,,,,,,confirmed_static_unconditional,always,,,,not_required,visible,actor record reaches opcode59 directly with no preceding actor-local guard bytes,docs/analysis/map_selector_upper_vm_cfg_promotion_20260928.md
cfg_t22_l121_v2@0x9B,0x9B,cfg_t22_l121_v2,0x9B,F9B-L008,0x3B,0,59 3b c6 27 02 10,,no_pre_actor_guard,,,,,,,confirmed_static_unconditional,always,,,,not_required,visible,actor record reaches opcode59 directly with no preceding actor-local guard bytes,docs/analysis/map_selector_upper_vm_cfg_promotion_20260928.md
cfg_t22_l121_v2@0x9B,0x9B,cfg_t22_l121_v2,0x9B,F9B-L009,0x3B,0,59 3b c7 2b 02 10,,no_pre_actor_guard,,,,,,,confirmed_static_unconditional,always,,,,not_required,visible,actor record reaches opcode59 directly with no preceding actor-local guard bytes,docs/analysis/map_selector_upper_vm_cfg_promotion_20260928.md
cfg_t22_l121_v2@0x9B,0x9B,cfg_t22_l121_v2,0x9B,F9B-L010,0x3B,0,59 3b c4 2d 02 10,,no_pre_actor_guard,,,,,,,confirmed_static_unconditional,always,,,,not_required,visible,actor record reaches opcode59 directly with no preceding actor-local guard bytes,docs/analysis/map_selector_upper_vm_cfg_promotion_20260928.md
cfg_t22_l121_v2@0x9B,0x9B,cfg_t22_l121_v2,0x9B,F9B-L011,0x3B,0,59 3b c1 2b 02 10,,no_pre_actor_guard,,,,,,,confirmed_static_unconditional,always,,,,not_required,visible,actor record reaches opcode59 directly with no preceding actor-local guard bytes,docs/analysis/map_selector_upper_vm_cfg_promotion_20260928.md
cfg_t22_l121_v2@0x9B,0x9B,cfg_t22_l121_v2,0x9B,F9B-L012,0x3B,0,59 3b bf 2d 02 10,,no_pre_actor_guard,,,,,,,confirmed_static_unconditional,always,,,,not_required,visible,actor record reaches opcode59 directly with no preceding actor-local guard bytes,docs/analysis/map_selector_upper_vm_cfg_promotion_20260928.md
cfg_t22_l121_v2@0x9B,0x9B,cfg_t22_l121_v2,0x9B,F9B-L013,0x3B,0,59 3b bb 31 02 10,,no_pre_actor_guard,,,,,,,confirmed_static_unconditional,always,,,,not_required,visible,actor record reaches opcode59 directly with no preceding actor-local guard bytes,docs/analysis/map_selector_upper_vm_cfg_promotion_20260928.md
cfg_t22_l121_v2@0x9B,0x9B,cfg_t22_l121_v2,0x9B,F9B-L014,0x3B,0,59 3b a9 41 02 10,,no_pre_actor_guard,,,,,,,confirmed_static_unconditional,always,,,,not_required,visible,actor record reaches opcode59 directly with no preceding actor-local guard bytes,docs/analysis/map_selector_upper_vm_cfg_promotion_20260928.md
cfg_t22_l121_v2@0x9B,0x9B,cfg_t22_l121_v2,0x9B,F9B-L015,0x3B,0,59 3b a9 43 02 10,,no_pre_actor_guard,,,,,,,confirmed_static_unconditional,always,,,,not_required,visible,actor record reaches opcode59 directly with no preceding actor-local guard bytes,docs/analysis/map_selector_upper_vm_cfg_promotion_20260928.md
cfg_t22_l121_v2@0x9B,0x9B,cfg_t22_l121_v2,0x9B,F9B-L016,0x30,4,59 30 b6 33 02 10,a3 3a b4 08,immediate_skip_actor_0x59,B4,0x08,predicate_nonzero_skips_actor; spawn_when_zero,a3 3a,A3_flag_test,0x3A,confirmed_static_flag,"flag_test(spec=0x3A,wram=$124D,bit=2) == 0",0x3A,$124D,2,evaluable_if_flag_state_available,candidate,"B3/B4 rel8=0x08 branches over the following 6-byte opcode59 actor command; branch outcome is confirmed, predicate semantics preserved at available confidence",docs/analysis/map_selector_upper_vm_cfg_promotion_20260928.md
cfg_t22_l121_v2@0x9B,0x9B,cfg_t22_l121_v2,0x9B,F9B-L017,0x30,4,59 30 ab 44 02 10,a3 3b b4 08,immediate_skip_actor_0x59,B4,0x08,predicate_nonzero_skips_actor; spawn_when_zero,a3 3b,A3_flag_test,0x3B,confirmed_static_flag,"flag_test(spec=0x3B,wram=$124D,bit=3) == 0",0x3B,$124D,3,evaluable_if_flag_state_available,candidate,"B3/B4 rel8=0x08 branches over the following 6-byte opcode59 actor command; branch outcome is confirmed, predicate semantics preserved at available confidence",docs/analysis/map_selector_upper_vm_cfg_promotion_20260928.md
cfg_t22_l121_v2@0x9B,0x9B,cfg_t22_l121_v2,0x9B,F9B-L018,0x30,4,59 30 c3 26 02 10,a3 3c b4 08,immediate_skip_actor_0x59,B4,0x08,predicate_nonzero_skips_actor; spawn_when_zero,a3 3c,A3_flag_test,0x3C,confirmed_static_flag,"flag_test(spec=0x3C,wram=$124D,bit=4) == 0",0x3C,$124D,4,evaluable_if_flag_state_available,candidate,"B3/B4 rel8=0x08 branches over the following 6-byte opcode59 actor command; branch outcome is confirmed, predicate semantics preserved at available confidence",docs/analysis/map_selector_upper_vm_cfg_promotion_20260928.md
cfg_t22_l121_v2@0x9B,0x9B,cfg_t22_l121_v2,0x9B,F9B-L019,0x30,4,59 30 c4 26 02 10,a3 3d b4 08,immediate_skip_actor_0x59,B4,0x08,predicate_nonzero_skips_actor; spawn_when_zero,a3 3d,A3_flag_test,0x3D,confirmed_static_flag,"flag_test(spec=0x3D,wram=$124D,bit=5) == 0",0x3D,$124D,5,evaluable_if_flag_state_available,candidate,"B3/B4 rel8=0x08 branches over the following 6-byte opcode59 actor command; branch outcome is confirmed, predicate semantics preserved at available confidence",docs/analysis/map_selector_upper_vm_cfg_promotion_20260928.md
cfg_t22_l121_v2@0x9B,0x9B,cfg_t22_l121_v2,0x9B,F9B-L021,0x5B,19,59 5b e3 31 02 10,a3 40 b4 17 a3 f4 b4 0d 59 5c e3 31 02 10 71 11 00 b2 08,complex_pre_actor_control_flow,,,,a3 40 b4 17 a3 f4 b4 0d 59 5c e3 31 02 10 71 11 00 b2 08,nonlocal_or_multi_actor_cfg,,unresolved_complex_control_flow,,,,,requires_record_cfg,candidate,actor command is preceded by nontrivial control flow not reducible to immediate B3/B4 rel8=0x08 guard; do not assume unconditional visibility,docs/analysis/map_selector_upper_vm_cfg_promotion_20260928.md
cfg_t22_l121_v2@0x9B,0x9B,cfg_t22_l121_v2,0x9B,F9B-L022,0x28,19,59 28 e5 32 02 10,a3 40 b4 17 a3 f4 b4 0d 59 5d e5 32 02 10 71 11 00 b2 08,complex_pre_actor_control_flow,,,,a3 40 b4 17 a3 f4 b4 0d 59 5d e5 32 02 10 71 11 00 b2 08,nonlocal_or_multi_actor_cfg,,unresolved_complex_control_flow,,,,,requires_record_cfg,candidate,actor command is preceded by nontrivial control flow not reducible to immediate B3/B4 rel8=0x08 guard; do not assume unconditional visibility,docs/analysis/map_selector_upper_vm_cfg_promotion_20260928.md
cfg_t22_l121_v2@0x9B,0x9B,cfg_t22_l121_v2,0x9B,F9B-L023,0x5B,19,59 5b e7 34 02 10,a3 40 b4 17 a3 f4 b4 0d 59 5c e7 34 02 10 71 11 00 b2 08,complex_pre_actor_control_flow,,,,a3 40 b4 17 a3 f4 b4 0d 59 5c e7 34 02 10 71 11 00 b2 08,nonlocal_or_multi_actor_cfg,,unresolved_complex_control_flow,,,,,requires_record_cfg,candidate,actor command is preceded by nontrivial control flow not reducible to immediate B3/B4 rel8=0x08 guard; do not assume unconditional visibility,docs/analysis/map_selector_upper_vm_cfg_promotion_20260928.md
cfg_t22_l121_v2@0x9B,0x9B,cfg_t22_l121_v2,0x9B,F9B-L024,0x28,19,59 28 e9 34 02 10,a3 40 b4 17 a3 f4 b4 0d 59 5d e9 34 02 10 71 11 00 b2 08,complex_pre_actor_control_flow,,,,a3 40 b4 17 a3 f4 b4 0d 59 5d e9 34 02 10 71 11 00 b2 08,nonlocal_or_multi_actor_cfg,,unresolved_complex_control_flow,,,,,requires_record_cfg,candidate,actor command is preceded by nontrivial control flow not reducible to immediate B3/B4 rel8=0x08 guard; do not assume unconditional visibility,docs/analysis/map_selector_upper_vm_cfg_promotion_20260928.md
cfg_t22_l121_v2@0x9B,0x9B,cfg_t22_l121_v2,0x9B,F9B-L025,0x5B,19,59 5b eb 32 02 10,a3 40 b4 17 a3 f4 b4 0d 59 5c eb 32 02 10 71 11 00 b2 08,complex_pre_actor_control_flow,,,,a3 40 b4 17 a3 f4 b4 0d 59 5c eb 32 02 10 71 11 00 b2 08,nonlocal_or_multi_actor_cfg,,unresolved_complex_control_flow,,,,,requires_record_cfg,candidate,actor command is preceded by nontrivial control flow not reducible to immediate B3/B4 rel8=0x08 guard; do not assume unconditional visibility,docs/analysis/map_selector_upper_vm_cfg_promotion_20260928.md
cfg_t22_l121_v2@0x9B,0x9B,cfg_t22_l121_v2,0x9B,F9B-L026,0x28,19,59 28 ed 31 02 10,a3 40 b4 17 a3 f4 b4 0d 59 5d ed 31 02 10 71 11 00 b2 08,complex_pre_actor_control_flow,,,,a3 40 b4 17 a3 f4 b4 0d 59 5d ed 31 02 10 71 11 00 b2 08,nonlocal_or_multi_actor_cfg,,unresolved_complex_control_flow,,,,,requires_record_cfg,candidate,actor command is preceded by nontrivial control flow not reducible to immediate B3/B4 rel8=0x08 guard; do not assume unconditional visibility,docs/analysis/map_selector_upper_vm_cfg_promotion_20260928.md
cfg_t22_l121_v2@0x9C,0x9C,cfg_t22_l121_v2,0x9C,F9C-L001,0x30,4,59 30 85 38 02 10,a3 34 b4 08,immediate_skip_actor_0x59,B4,0x08,predicate_nonzero_skips_actor; spawn_when_zero,a3 34,A3_flag_test,0x34,confirmed_static_flag,"flag_test(spec=0x34,wram=$124C,bit=4) == 0",0x34,$124C,4,evaluable_if_flag_state_available,candidate,"B3/B4 rel8=0x08 branches over the following 6-byte opcode59 actor command; branch outcome is confirmed, predicate semantics preserved at available confidence",docs/analysis/map_selector_upper_vm_cfg_promotion_20260928.md
cfg_t22_l121_v2@0x9C,0x9C,cfg_t22_l121_v2,0x9C,F9C-L002,0x30,4,59 30 87 37 02 10,a3 35 b4 08,immediate_skip_actor_0x59,B4,0x08,predicate_nonzero_skips_actor; spawn_when_zero,a3 35,A3_flag_test,0x35,confirmed_static_flag,"flag_test(spec=0x35,wram=$124C,bit=5) == 0",0x35,$124C,5,evaluable_if_flag_state_available,candidate,"B3/B4 rel8=0x08 branches over the following 6-byte opcode59 actor command; branch outcome is confirmed, predicate semantics preserved at available confidence",docs/analysis/map_selector_upper_vm_cfg_promotion_20260928.md
cfg_t22_l121_v2@0x9C,0x9C,cfg_t22_l121_v2,0x9C,F9C-L003,0x30,4,59 30 8b 38 02 10,a3 36 b4 08,immediate_skip_actor_0x59,B4,0x08,predicate_nonzero_skips_actor; spawn_when_zero,a3 36,A3_flag_test,0x36,confirmed_static_flag,"flag_test(spec=0x36,wram=$124C,bit=6) == 0",0x36,$124C,6,evaluable_if_flag_state_available,candidate,"B3/B4 rel8=0x08 branches over the following 6-byte opcode59 actor command; branch outcome is confirmed, predicate semantics preserved at available confidence",docs/analysis/map_selector_upper_vm_cfg_promotion_20260928.md
cfg_t22_l121_v2@0x9C,0x9C,cfg_t22_l121_v2,0x9C,F9C-L004,0x30,4,59 30 8e 38 02 10,a3 37 b4 08,immediate_skip_actor_0x59,B4,0x08,predicate_nonzero_skips_actor; spawn_when_zero,a3 37,A3_flag_test,0x37,confirmed_static_flag,"flag_test(spec=0x37,wram=$124C,bit=7) == 0",0x37,$124C,7,evaluable_if_flag_state_available,candidate,"B3/B4 rel8=0x08 branches over the following 6-byte opcode59 actor command; branch outcome is confirmed, predicate semantics preserved at available confidence",docs/analysis/map_selector_upper_vm_cfg_promotion_20260928.md
cfg_t22_l121_v2@0x9C,0x9C,cfg_t22_l121_v2,0x9C,F9C-L005,0x30,4,59 30 89 3a 02 10,a3 38 b4 08,immediate_skip_actor_0x59,B4,0x08,predicate_nonzero_skips_actor; spawn_when_zero,a3 38,A3_flag_test,0x38,confirmed_static_flag,"flag_test(spec=0x38,wram=$124D,bit=0) == 0",0x38,$124D,0,evaluable_if_flag_state_available,candidate,"B3/B4 rel8=0x08 branches over the following 6-byte opcode59 actor command; branch outcome is confirmed, predicate semantics preserved at available confidence",docs/analysis/map_selector_upper_vm_cfg_promotion_20260928.md
cfg_t11_l101_v2@0xAE,0xAE,cfg_t11_l101_v2,0xAE,FAE-L001,0x30,4,59 30 ac 18 02 10,a3 9b b4 08,immediate_skip_actor_0x59,B4,0x08,predicate_nonzero_skips_actor; spawn_when_zero,a3 9b,A3_flag_test,0x9B,confirmed_static_flag,"flag_test(spec=0x9B,wram=$1259,bit=3) == 0",0x9B,$1259,3,evaluable_if_flag_state_available,candidate,"B3/B4 rel8=0x08 branches over the following 6-byte opcode59 actor command; branch outcome is confirmed, predicate semantics preserved at available confidence",docs/analysis/map_selector_upper_vm_cfg_promotion_20260928.md
cfg_t11_l101_v2@0xAE,0xAE,cfg_t11_l101_v2,0xAE,FAE-L002,0x30,4,59 30 7b 19 02 10,a3 9e b4 08,immediate_skip_actor_0x59,B4,0x08,predicate_nonzero_skips_actor; spawn_when_zero,a3 9e,A3_flag_test,0x9E,confirmed_static_flag,"flag_test(spec=0x9E,wram=$1259,bit=6) == 0",0x9E,$1259,6,evaluable_if_flag_state_available,candidate,"B3/B4 rel8=0x08 branches over the following 6-byte opcode59 actor command; branch outcome is confirmed, predicate semantics preserved at available confidence",docs/analysis/map_selector_upper_vm_cfg_promotion_20260928.md
cfg_t11_l101_v2@0xAE,0xAE,cfg_t11_l101_v2,0xAE,FAE-L003,0x30,4,59 30 78 1c 02 10,a3 9e b4 08,immediate_skip_actor_0x59,B4,0x08,predicate_nonzero_skips_actor; spawn_when_zero,a3 9e,A3_flag_test,0x9E,confirmed_static_flag,"flag_test(spec=0x9E,wram=$1259,bit=6) == 0",0x9E,$1259,6,evaluable_if_flag_state_available,candidate,"B3/B4 rel8=0x08 branches over the following 6-byte opcode59 actor command; branch outcome is confirmed, predicate semantics preserved at available confidence",docs/analysis/map_selector_upper_vm_cfg_promotion_20260928.md
cfg_t11_l101_v2@0xAE,0xAE,cfg_t11_l101_v2,0xAE,FAE-L004,0x30,4,59 30 7c 1e 02 10,a3 9e b4 08,immediate_skip_actor_0x59,B4,0x08,predicate_nonzero_skips_actor; spawn_when_zero,a3 9e,A3_flag_test,0x9E,confirmed_static_flag,"flag_test(spec=0x9E,wram=$1259,bit=6) == 0",0x9E,$1259,6,evaluable_if_flag_state_available,candidate,"B3/B4 rel8=0x08 branches over the following 6-byte opcode59 actor command; branch outcome is confirmed, predicate semantics preserved at available confidence",docs/analysis/map_selector_upper_vm_cfg_promotion_20260928.md
cfg_t11_l101_v2@0xAE,0xAE,cfg_t11_l101_v2,0xAE,FAE-L005,0x30,4,59 30 7b 21 02 10,a3 9e b4 08,immediate_skip_actor_0x59,B4,0x08,predicate_nonzero_skips_actor; spawn_when_zero,a3 9e,A3_flag_test,0x9E,confirmed_static_flag,"flag_test(spec=0x9E,wram=$1259,bit=6) == 0",0x9E,$1259,6,evaluable_if_flag_state_available,candidate,"B3/B4 rel8=0x08 branches over the following 6-byte opcode59 actor command; branch outcome is confirmed, predicate semantics preserved at available confidence",docs/analysis/map_selector_upper_vm_cfg_promotion_20260928.md
cfg_t11_l101_v2@0xAE,0xAE,cfg_t11_l101_v2,0xAE,FAE-L006,0x30,4,59 30 7f 23 04 10,a3 9e b4 08,immediate_skip_actor_0x59,B4,0x08,predicate_nonzero_skips_actor; spawn_when_zero,a3 9e,A3_flag_test,0x9E,confirmed_static_flag,"flag_test(spec=0x9E,wram=$1259,bit=6) == 0",0x9E,$1259,6,evaluable_if_flag_state_available,candidate,"B3/B4 rel8=0x08 branches over the following 6-byte opcode59 actor command; branch outcome is confirmed, predicate semantics preserved at available confidence",docs/analysis/map_selector_upper_vm_cfg_promotion_20260928.md
cfg_t11_l101_v2@0xAF,0xAF,cfg_t11_l101_v2,0xAF,FAF-L001,0x30,4,59 30 8b 46 02 10,a3 9c b4 08,immediate_skip_actor_0x59,B4,0x08,predicate_nonzero_skips_actor; spawn_when_zero,a3 9c,A3_flag_test,0x9C,confirmed_static_flag,"flag_test(spec=0x9C,wram=$1259,bit=4) == 0",0x9C,$1259,4,evaluable_if_flag_state_available,candidate,"B3/B4 rel8=0x08 branches over the following 6-byte opcode59 actor command; branch outcome is confirmed, predicate semantics preserved at available confidence",docs/analysis/map_selector_upper_vm_cfg_promotion_20260928.md
cfg_t11_l101_v2@0xAF,0xAF,cfg_t11_l101_v2,0xAF,FAF-L002,0x30,4,59 30 8d 46 02 10,a3 9c b4 08,immediate_skip_actor_0x59,B4,0x08,predicate_nonzero_skips_actor; spawn_when_zero,a3 9c,A3_flag_test,0x9C,confirmed_static_flag,"flag_test(spec=0x9C,wram=$1259,bit=4) == 0",0x9C,$1259,4,evaluable_if_flag_state_available,candidate,"B3/B4 rel8=0x08 branches over the following 6-byte opcode59 actor command; branch outcome is confirmed, predicate semantics preserved at available confidence",docs/analysis/map_selector_upper_vm_cfg_promotion_20260928.md
cfg_t29_l138_v2@0xB1,0xB1,cfg_t29_l138_v2,0xB1,FB1-L001,0x2F,4,59 2f e0 25 02 10,a3 a2 b4 08,immediate_skip_actor_0x59,B4,0x08,predicate_nonzero_skips_actor; spawn_when_zero,a3 a2,A3_flag_test,0xA2,confirmed_static_flag,"flag_test(spec=0xA2,wram=$125A,bit=2) == 0",0xA2,$125A,2,evaluable_if_flag_state_available,candidate,"B3/B4 rel8=0x08 branches over the following 6-byte opcode59 actor command; branch outcome is confirmed, predicate semantics preserved at available confidence",docs/analysis/map_selector_upper_vm_cfg_promotion_20260928.md
cfg_t29_l138_v2@0xB1,0xB1,cfg_t29_l138_v2,0xB1,FB1-L002,0x30,4,59 30 e1 25 02 10,a3 a2 b4 08,immediate_skip_actor_0x59,B4,0x08,predicate_nonzero_skips_actor; spawn_when_zero,a3 a2,A3_flag_test,0xA2,confirmed_static_flag,"flag_test(spec=0xA2,wram=$125A,bit=2) == 0",0xA2,$125A,2,evaluable_if_flag_state_available,candidate,"B3/B4 rel8=0x08 branches over the following 6-byte opcode59 actor command; branch outcome is confirmed, predicate semantics preserved at available confidence",docs/analysis/map_selector_upper_vm_cfg_promotion_20260928.md
cfg_t29_l138_v2@0xB5,0xB5,cfg_t29_l138_v2,0xB5,FB5-L001,0x30,0,59 30 a7 0b 02 10,,no_pre_actor_guard,,,,,,,confirmed_static_unconditional,always,,,,not_required,visible,actor record reaches opcode59 directly with no preceding actor-local guard bytes,docs/analysis/map_selector_upper_vm_cfg_promotion_20260928.md
cfg_t29_l138_v2@0xB5,0xB5,cfg_t29_l138_v2,0xB5,FB5-L002,0x30,0,59 30 a8 0b 02 10,,no_pre_actor_guard,,,,,,,confirmed_static_unconditional,always,,,,not_required,visible,actor record reaches opcode59 directly with no preceding actor-local guard bytes,docs/analysis/map_selector_upper_vm_cfg_promotion_20260928.md
cfg_t29_l138_v2@0xB5,0xB5,cfg_t29_l138_v2,0xB5,FB5-L003,0x2F,0,59 2f b6 0b 02 10,,no_pre_actor_guard,,,,,,,confirmed_static_unconditional,always,,,,not_required,visible,actor record reaches opcode59 directly with no preceding actor-local guard bytes,docs/analysis/map_selector_upper_vm_cfg_promotion_20260928.md
cfg_t29_l138_v2@0xB5,0xB5,cfg_t29_l138_v2,0xB5,FB5-L004,0x2F,0,59 2f b7 0b 02 10,,no_pre_actor_guard,,,,,,,confirmed_static_unconditional,always,,,,not_required,visible,actor record reaches opcode59 directly with no preceding actor-local guard bytes,docs/analysis/map_selector_upper_vm_cfg_promotion_20260928.md
cfg_t29_l138_v2@0xB5,0xB5,cfg_t29_l138_v2,0xB5,FB5-L005,0x2F,0,59 2f b8 0b 02 10,,no_pre_actor_guard,,,,,,,confirmed_static_unconditional,always,,,,not_required,visible,actor record reaches opcode59 directly with no preceding actor-local guard bytes,docs/analysis/map_selector_upper_vm_cfg_promotion_20260928.md
cfg_t29_l138_v2@0xB5,0xB5,cfg_t29_l138_v2,0xB5,FB5-L006,0x53,0,59 53 a7 19 02 10,,no_pre_actor_guard,,,,,,,confirmed_static_unconditional,always,,,,not_required,visible,actor record reaches opcode59 directly with no preceding actor-local guard bytes,docs/analysis/map_selector_upper_vm_cfg_promotion_20260928.md
cfg_t29_l138_v2@0xB5,0xB5,cfg_t29_l138_v2,0xB5,FB5-L007,0x30,0,59 30 a6 19 02 10,,no_pre_actor_guard,,,,,,,confirmed_static_unconditional,always,,,,not_required,visible,actor record reaches opcode59 directly with no preceding actor-local guard bytes,docs/analysis/map_selector_upper_vm_cfg_promotion_20260928.md
cfg_t47_l172_v2@0xB8,0xB8,cfg_t47_l172_v2,0xB8,FB8-L001,0x29,16,59 29 4a 12 01 10,a3 b7 a3 b8 e1 e7 b3 0a 59 29 56 12 01 10 b2 08,complex_pre_actor_control_flow,,,,a3 b7 a3 b8 e1 e7 b3 0a 59 29 56 12 01 10 b2 08,nonlocal_or_multi_actor_cfg,,unresolved_complex_control_flow,,,,,requires_record_cfg,candidate,actor command is preceded by nontrivial control flow not reducible to immediate B3/B4 rel8=0x08 guard; do not assume unconditional visibility,docs/analysis/map_selector_upper_vm_cfg_promotion_20260928.md
cfg_t47_l172_v2@0xB8,0xB8,cfg_t47_l172_v2,0xB8,FB8-L002,0x29,16,59 29 4a 15 01 10,a3 b7 a3 b8 e1 e7 b3 0a 59 29 56 13 01 10 b2 08,complex_pre_actor_control_flow,,,,a3 b7 a3 b8 e1 e7 b3 0a 59 29 56 13 01 10 b2 08,nonlocal_or_multi_actor_cfg,,unresolved_complex_control_flow,,,,,requires_record_cfg,candidate,actor command is preceded by nontrivial control flow not reducible to immediate B3/B4 rel8=0x08 guard; do not assume unconditional visibility,docs/analysis/map_selector_upper_vm_cfg_promotion_20260928.md
cfg_t47_l172_v2@0xB8,0xB8,cfg_t47_l172_v2,0xB8,FB8-L003,0x29,16,59 29 4c 19 01 10,a3 b7 a3 b8 e1 e7 b3 0a 59 29 56 14 01 10 b2 08,complex_pre_actor_control_flow,,,,a3 b7 a3 b8 e1 e7 b3 0a 59 29 56 14 01 10 b2 08,nonlocal_or_multi_actor_cfg,,unresolved_complex_control_flow,,,,,requires_record_cfg,candidate,actor command is preceded by nontrivial control flow not reducible to immediate B3/B4 rel8=0x08 guard; do not assume unconditional visibility,docs/analysis/map_selector_upper_vm_cfg_promotion_20260928.md
cfg_t47_l172_v2@0xB8,0xB8,cfg_t47_l172_v2,0xB8,FB8-L004,0x29,16,59 29 4e 1a 03 10,a3 b7 a3 b8 e1 e7 b3 0a 59 29 56 15 01 10 b2 08,complex_pre_actor_control_flow,,,,a3 b7 a3 b8 e1 e7 b3 0a 59 29 56 15 01 10 b2 08,nonlocal_or_multi_actor_cfg,,unresolved_complex_control_flow,,,,,requires_record_cfg,candidate,actor command is preceded by nontrivial control flow not reducible to immediate B3/B4 rel8=0x08 guard; do not assume unconditional visibility,docs/analysis/map_selector_upper_vm_cfg_promotion_20260928.md
cfg_t47_l172_v2@0xB8,0xB8,cfg_t47_l172_v2,0xB8,FB8-L005,0x29,16,59 29 53 12 03 10,a3 b7 a3 b8 e1 e7 b3 0a 59 29 56 16 01 10 b2 08,complex_pre_actor_control_flow,,,,a3 b7 a3 b8 e1 e7 b3 0a 59 29 56 16 01 10 b2 08,nonlocal_or_multi_actor_cfg,,unresolved_complex_control_flow,,,,,requires_record_cfg,candidate,actor command is preceded by nontrivial control flow not reducible to immediate B3/B4 rel8=0x08 guard; do not assume unconditional visibility,docs/analysis/map_selector_upper_vm_cfg_promotion_20260928.md
cfg_t47_l172_v2@0xB8,0xB8,cfg_t47_l172_v2,0xB8,FB8-L006,0x29,16,59 29 53 15 03 10,a3 b7 a3 b8 e1 e7 b3 0a 59 29 57 17 04 10 b2 08,complex_pre_actor_control_flow,,,,a3 b7 a3 b8 e1 e7 b3 0a 59 29 57 17 04 10 b2 08,nonlocal_or_multi_actor_cfg,,unresolved_complex_control_flow,,,,,requires_record_cfg,candidate,actor command is preceded by nontrivial control flow not reducible to immediate B3/B4 rel8=0x08 guard; do not assume unconditional visibility,docs/analysis/map_selector_upper_vm_cfg_promotion_20260928.md
cfg_t47_l172_v2@0xB8,0xB8,cfg_t47_l172_v2,0xB8,FB8-L007,0x30,4,59 30 4e 19 02 10,a3 b3 b4 08,immediate_skip_actor_0x59,B4,0x08,predicate_nonzero_skips_actor; spawn_when_zero,a3 b3,A3_flag_test,0xB3,confirmed_static_flag,"flag_test(spec=0xB3,wram=$125C,bit=3) == 0",0xB3,$125C,3,evaluable_if_flag_state_available,candidate,"B3/B4 rel8=0x08 branches over the following 6-byte opcode59 actor command; branch outcome is confirmed, predicate semantics preserved at available confidence",docs/analysis/map_selector_upper_vm_cfg_promotion_20260928.md
cfg_t47_l172_v2@0xB8,0xB8,cfg_t47_l172_v2,0xB8,FB8-L008,0x30,4,59 30 53 14 02 10,a3 b4 b4 08,immediate_skip_actor_0x59,B4,0x08,predicate_nonzero_skips_actor; spawn_when_zero,a3 b4,A3_flag_test,0xB4,confirmed_static_flag,"flag_test(spec=0xB4,wram=$125C,bit=4) == 0",0xB4,$125C,4,evaluable_if_flag_state_available,candidate,"B3/B4 rel8=0x08 branches over the following 6-byte opcode59 actor command; branch outcome is confirmed, predicate semantics preserved at available confidence",docs/analysis/map_selector_upper_vm_cfg_promotion_20260928.md
cfg_t47_l172_v2@0xB8,0xB8,cfg_t47_l172_v2,0xB8,FB8-L009,0x30,4,59 30 4a 11 02 10,a3 b5 b4 08,immediate_skip_actor_0x59,B4,0x08,predicate_nonzero_skips_actor; spawn_when_zero,a3 b5,A3_flag_test,0xB5,confirmed_static_flag,"flag_test(spec=0xB5,wram=$125C,bit=5) == 0",0xB5,$125C,5,evaluable_if_flag_state_available,candidate,"B3/B4 rel8=0x08 branches over the following 6-byte opcode59 actor command; branch outcome is confirmed, predicate semantics preserved at available confidence",docs/analysis/map_selector_upper_vm_cfg_promotion_20260928.md
cfg_t47_l172_v2@0xB8,0xB8,cfg_t47_l172_v2,0xB8,FB8-L010,0x30,4,59 30 54 0a 04 10,a3 b6 b4 08,immediate_skip_actor_0x59,B4,0x08,predicate_nonzero_skips_actor; spawn_when_zero,a3 b6,A3_flag_test,0xB6,confirmed_static_flag,"flag_test(spec=0xB6,wram=$125C,bit=6) == 0",0xB6,$125C,6,evaluable_if_flag_state_available,candidate,"B3/B4 rel8=0x08 branches over the following 6-byte opcode59 actor command; branch outcome is confirmed, predicate semantics preserved at available confidence",docs/analysis/map_selector_upper_vm_cfg_promotion_20260928.md
cfg_t32_l144_v1@0xBA,0xBA,cfg_t32_l144_v1,0xBA,FBA-L004,0x24,4,59 24 11 13 03 10,a3 b9 b4 08,immediate_skip_actor_0x59,B4,0x08,predicate_nonzero_skips_actor; spawn_when_zero,a3 b9,A3_flag_test,0xB9,confirmed_static_flag,"flag_test(spec=0xB9,wram=$125D,bit=1) == 0",0xB9,$125D,1,evaluable_if_flag_state_available,candidate,"B3/B4 rel8=0x08 branches over the following 6-byte opcode59 actor command; branch outcome is confirmed, predicate semantics preserved at available confidence",docs/analysis/map_selector_upper_vm_cfg_promotion_20260928.md
cfg_t32_l144_v1@0xBA,0xBA,cfg_t32_l144_v1,0xBA,FBA-L005,0x5A,4,59 5a 13 15 03 10,a3 b9 b4 08,immediate_skip_actor_0x59,B4,0x08,predicate_nonzero_skips_actor; spawn_when_zero,a3 b9,A3_flag_test,0xB9,confirmed_static_flag,"flag_test(spec=0xB9,wram=$125D,bit=1) == 0",0xB9,$125D,1,evaluable_if_flag_state_available,candidate,"B3/B4 rel8=0x08 branches over the following 6-byte opcode59 actor command; branch outcome is confirmed, predicate semantics preserved at available confidence",docs/analysis/map_selector_upper_vm_cfg_promotion_20260928.md
cfg_t32_l144_v1@0xBA,0xBA,cfg_t32_l144_v1,0xBA,FBA-L009,0x40,4,59 40 0e 0b 02 10,a3 bd b3 08,immediate_skip_actor_0x59,B3,0x08,predicate_zero_skips_actor; spawn_when_nonzero,a3 bd,A3_flag_test,0xBD,confirmed_static_flag,"flag_test(spec=0xBD,wram=$125D,bit=5) != 0",0xBD,$125D,5,evaluable_if_flag_state_available,candidate,"B3/B4 rel8=0x08 branches over the following 6-byte opcode59 actor command; branch outcome is confirmed, predicate semantics preserved at available confidence",docs/analysis/map_selector_upper_vm_cfg_promotion_20260928.md
cfg_t32_l144_v1@0xBA,0xBA,cfg_t32_l144_v1,0xBA,FBA-L010,0x24,4,59 24 12 11 02 10,a3 bd b3 08,immediate_skip_actor_0x59,B3,0x08,predicate_zero_skips_actor; spawn_when_nonzero,a3 bd,A3_flag_test,0xBD,confirmed_static_flag,"flag_test(spec=0xBD,wram=$125D,bit=5) != 0",0xBD,$125D,5,evaluable_if_flag_state_available,candidate,"B3/B4 rel8=0x08 branches over the following 6-byte opcode59 actor command; branch outcome is confirmed, predicate semantics preserved at available confidence",docs/analysis/map_selector_upper_vm_cfg_promotion_20260928.md
cfg_t32_l144_v1@0xBA,0xBA,cfg_t32_l144_v1,0xBA,FBA-L011,0x54,4,59 54 0c 17 02 10,a3 bd b3 08,immediate_skip_actor_0x59,B3,0x08,predicate_zero_skips_actor; spawn_when_nonzero,a3 bd,A3_flag_test,0xBD,confirmed_static_flag,"flag_test(spec=0xBD,wram=$125D,bit=5) != 0",0xBD,$125D,5,evaluable_if_flag_state_available,candidate,"B3/B4 rel8=0x08 branches over the following 6-byte opcode59 actor command; branch outcome is confirmed, predicate semantics preserved at available confidence",docs/analysis/map_selector_upper_vm_cfg_promotion_20260928.md
cfg_t32_l144_v1@0xBA,0xBA,cfg_t32_l144_v1,0xBA,FBA-L012,0x40,4,59 40 26 0d 02 10,a3 b9 b4 08,immediate_skip_actor_0x59,B4,0x08,predicate_nonzero_skips_actor; spawn_when_zero,a3 b9,A3_flag_test,0xB9,confirmed_static_flag,"flag_test(spec=0xB9,wram=$125D,bit=1) == 0",0xB9,$125D,1,evaluable_if_flag_state_available,candidate,"B3/B4 rel8=0x08 branches over the following 6-byte opcode59 actor command; branch outcome is confirmed, predicate semantics preserved at available confidence",docs/analysis/map_selector_upper_vm_cfg_promotion_20260928.md
cfg_t32_l144_v1@0xBA,0xBA,cfg_t32_l144_v1,0xBA,FBA-L013,0x7C,4,59 7c 33 05 02 10,a3 b9 b4 08,immediate_skip_actor_0x59,B4,0x08,predicate_nonzero_skips_actor; spawn_when_zero,a3 b9,A3_flag_test,0xB9,confirmed_static_flag,"flag_test(spec=0xB9,wram=$125D,bit=1) == 0",0xB9,$125D,1,evaluable_if_flag_state_available,candidate,"B3/B4 rel8=0x08 branches over the following 6-byte opcode59 actor command; branch outcome is confirmed, predicate semantics preserved at available confidence",docs/analysis/map_selector_upper_vm_cfg_promotion_20260928.md
cfg_t32_l144_v1@0xBA,0xBA,cfg_t32_l144_v1,0xBA,FBA-L014,0x7C,4,59 7c 39 11 02 10,a3 b9 b4 08,immediate_skip_actor_0x59,B4,0x08,predicate_nonzero_skips_actor; spawn_when_zero,a3 b9,A3_flag_test,0xB9,confirmed_static_flag,"flag_test(spec=0xB9,wram=$125D,bit=1) == 0",0xB9,$125D,1,evaluable_if_flag_state_available,candidate,"B3/B4 rel8=0x08 branches over the following 6-byte opcode59 actor command; branch outcome is confirmed, predicate semantics preserved at available confidence",docs/analysis/map_selector_upper_vm_cfg_promotion_20260928.md
cfg_t32_l144_v1@0xBA,0xBA,cfg_t32_l144_v1,0xBA,FBA-L015,0x5B,4,59 5b 2b 0d 02 10,a3 b9 b4 08,immediate_skip_actor_0x59,B4,0x08,predicate_nonzero_skips_actor; spawn_when_zero,a3 b9,A3_flag_test,0xB9,confirmed_static_flag,"flag_test(spec=0xB9,wram=$125D,bit=1) == 0",0xB9,$125D,1,evaluable_if_flag_state_available,candidate,"B3/B4 rel8=0x08 branches over the following 6-byte opcode59 actor command; branch outcome is confirmed, predicate semantics preserved at available confidence",docs/analysis/map_selector_upper_vm_cfg_promotion_20260928.md
cfg_t32_l144_v1@0xBA,0xBA,cfg_t32_l144_v1,0xBA,FBA-L016,0x7C,4,59 7c 33 0a 02 10,a3 b9 b4 08,immediate_skip_actor_0x59,B4,0x08,predicate_nonzero_skips_actor; spawn_when_zero,a3 b9,A3_flag_test,0xB9,confirmed_static_flag,"flag_test(spec=0xB9,wram=$125D,bit=1) == 0",0xB9,$125D,1,evaluable_if_flag_state_available,candidate,"B3/B4 rel8=0x08 branches over the following 6-byte opcode59 actor command; branch outcome is confirmed, predicate semantics preserved at available confidence",docs/analysis/map_selector_upper_vm_cfg_promotion_20260928.md
cfg_t32_l144_v1@0xBA,0xBA,cfg_t32_l144_v1,0xBA,FBA-L017,0x7C,4,59 7c 34 12 02 10,a3 b9 b4 08,immediate_skip_actor_0x59,B4,0x08,predicate_nonzero_skips_actor; spawn_when_zero,a3 b9,A3_flag_test,0xB9,confirmed_static_flag,"flag_test(spec=0xB9,wram=$125D,bit=1) == 0",0xB9,$125D,1,evaluable_if_flag_state_available,candidate,"B3/B4 rel8=0x08 branches over the following 6-byte opcode59 actor command; branch outcome is confirmed, predicate semantics preserved at available confidence",docs/analysis/map_selector_upper_vm_cfg_promotion_20260928.md
cfg_t32_l144_v1@0xBA,0xBA,cfg_t32_l144_v1,0xBA,FBA-L018,0xA4,4,59 a4 32 0a 02 10,a3 bd b3 08,immediate_skip_actor_0x59,B3,0x08,predicate_zero_skips_actor; spawn_when_nonzero,a3 bd,A3_flag_test,0xBD,confirmed_static_flag,"flag_test(spec=0xBD,wram=$125D,bit=5) != 0",0xBD,$125D,5,evaluable_if_flag_state_available,candidate,"B3/B4 rel8=0x08 branches over the following 6-byte opcode59 actor command; branch outcome is confirmed, predicate semantics preserved at available confidence",docs/analysis/map_selector_upper_vm_cfg_promotion_20260928.md
cfg_t32_l144_v1@0xBA,0xBA,cfg_t32_l144_v1,0xBA,FBA-L019,0x59,4,59 59 2e 0b 02 10,a3 bd b3 08,immediate_skip_actor_0x59,B3,0x08,predicate_zero_skips_actor; spawn_when_nonzero,a3 bd,A3_flag_test,0xBD,confirmed_static_flag,"flag_test(spec=0xBD,wram=$125D,bit=5) != 0",0xBD,$125D,5,evaluable_if_flag_state_available,candidate,"B3/B4 rel8=0x08 branches over the following 6-byte opcode59 actor command; branch outcome is confirmed, predicate semantics preserved at available confidence",docs/analysis/map_selector_upper_vm_cfg_promotion_20260928.md
cfg_t32_l144_v1@0xBA,0xBA,cfg_t32_l144_v1,0xBA,FBA-L020,0x41,4,59 41 31 11 02 10,a3 bd b3 08,immediate_skip_actor_0x59,B3,0x08,predicate_zero_skips_actor; spawn_when_nonzero,a3 bd,A3_flag_test,0xBD,confirmed_static_flag,"flag_test(spec=0xBD,wram=$125D,bit=5) != 0",0xBD,$125D,5,evaluable_if_flag_state_available,candidate,"B3/B4 rel8=0x08 branches over the following 6-byte opcode59 actor command; branch outcome is confirmed, predicate semantics preserved at available confidence",docs/analysis/map_selector_upper_vm_cfg_promotion_20260928.md
cfg_t32_l144_v1@0xBA,0xBA,cfg_t32_l144_v1,0xBA,FBA-L021,0x45,4,59 45 39 0d 02 10,a3 bd b3 08,immediate_skip_actor_0x59,B3,0x08,predicate_zero_skips_actor; spawn_when_nonzero,a3 bd,A3_flag_test,0xBD,confirmed_static_flag,"flag_test(spec=0xBD,wram=$125D,bit=5) != 0",0xBD,$125D,5,evaluable_if_flag_state_available,candidate,"B3/B4 rel8=0x08 branches over the following 6-byte opcode59 actor command; branch outcome is confirmed, predicate semantics preserved at available confidence",docs/analysis/map_selector_upper_vm_cfg_promotion_20260928.md
cfg_t32_l144_v1@0xBA,0xBA,cfg_t32_l144_v1,0xBA,FBA-L022,0x7C,4,59 7c 4b 19 02 10,a3 b9 b4 08,immediate_skip_actor_0x59,B4,0x08,predicate_nonzero_skips_actor; spawn_when_zero,a3 b9,A3_flag_test,0xB9,confirmed_static_flag,"flag_test(spec=0xB9,wram=$125D,bit=1) == 0",0xB9,$125D,1,evaluable_if_flag_state_available,candidate,"B3/B4 rel8=0x08 branches over the following 6-byte opcode59 actor command; branch outcome is confirmed, predicate semantics preserved at available confidence",docs/analysis/map_selector_upper_vm_cfg_promotion_20260928.md
cfg_t32_l144_v1@0xBA,0xBA,cfg_t32_l144_v1,0xBA,FBA-L023,0x7C,4,59 7c 47 0e 02 10,a3 b9 b4 08,immediate_skip_actor_0x59,B4,0x08,predicate_nonzero_skips_actor; spawn_when_zero,a3 b9,A3_flag_test,0xB9,confirmed_static_flag,"flag_test(spec=0xB9,wram=$125D,bit=1) == 0",0xB9,$125D,1,evaluable_if_flag_state_available,candidate,"B3/B4 rel8=0x08 branches over the following 6-byte opcode59 actor command; branch outcome is confirmed, predicate semantics preserved at available confidence",docs/analysis/map_selector_upper_vm_cfg_promotion_20260928.md
cfg_t32_l144_v1@0xBA,0xBA,cfg_t32_l144_v1,0xBA,FBA-L024,0x7C,4,59 7c 51 0f 02 10,a3 b9 b4 08,immediate_skip_actor_0x59,B4,0x08,predicate_nonzero_skips_actor; spawn_when_zero,a3 b9,A3_flag_test,0xB9,confirmed_static_flag,"flag_test(spec=0xB9,wram=$125D,bit=1) == 0",0xB9,$125D,1,evaluable_if_flag_state_available,candidate,"B3/B4 rel8=0x08 branches over the following 6-byte opcode59 actor command; branch outcome is confirmed, predicate semantics preserved at available confidence",docs/analysis/map_selector_upper_vm_cfg_promotion_20260928.md
cfg_t32_l144_v1@0xBA,0xBA,cfg_t32_l144_v1,0xBA,FBA-L025,0x40,4,59 40 4c 13 02 10,a3 b9 b4 08,immediate_skip_actor_0x59,B4,0x08,predicate_nonzero_skips_actor; spawn_when_zero,a3 b9,A3_flag_test,0xB9,confirmed_static_flag,"flag_test(spec=0xB9,wram=$125D,bit=1) == 0",0xB9,$125D,1,evaluable_if_flag_state_available,candidate,"B3/B4 rel8=0x08 branches over the following 6-byte opcode59 actor command; branch outcome is confirmed, predicate semantics preserved at available confidence",docs/analysis/map_selector_upper_vm_cfg_promotion_20260928.md
cfg_t32_l144_v1@0xBA,0xBA,cfg_t32_l144_v1,0xBA,FBA-L026,0x42,4,59 42 55 12 02 10,a3 b9 b4 08,immediate_skip_actor_0x59,B4,0x08,predicate_nonzero_skips_actor; spawn_when_zero,a3 b9,A3_flag_test,0xB9,confirmed_static_flag,"flag_test(spec=0xB9,wram=$125D,bit=1) == 0",0xB9,$125D,1,evaluable_if_flag_state_available,candidate,"B3/B4 rel8=0x08 branches over the following 6-byte opcode59 actor command; branch outcome is confirmed, predicate semantics preserved at available confidence",docs/analysis/map_selector_upper_vm_cfg_promotion_20260928.md
cfg_t32_l144_v1@0xBA,0xBA,cfg_t32_l144_v1,0xBA,FBA-L027,0x71,4,59 71 4b 18 02 10,a3 bd b3 08,immediate_skip_actor_0x59,B3,0x08,predicate_zero_skips_actor; spawn_when_nonzero,a3 bd,A3_flag_test,0xBD,confirmed_static_flag,"flag_test(spec=0xBD,wram=$125D,bit=5) != 0",0xBD,$125D,5,evaluable_if_flag_state_available,candidate,"B3/B4 rel8=0x08 branches over the following 6-byte opcode59 actor command; branch outcome is confirmed, predicate semantics preserved at available confidence",docs/analysis/map_selector_upper_vm_cfg_promotion_20260928.md
cfg_t32_l144_v1@0xBA,0xBA,cfg_t32_l144_v1,0xBA,FBA-L028,0x71,4,59 71 48 0e 02 10,a3 bd b3 08,immediate_skip_actor_0x59,B3,0x08,predicate_zero_skips_actor; spawn_when_nonzero,a3 bd,A3_flag_test,0xBD,confirmed_static_flag,"flag_test(spec=0xBD,wram=$125D,bit=5) != 0",0xBD,$125D,5,evaluable_if_flag_state_available,candidate,"B3/B4 rel8=0x08 branches over the following 6-byte opcode59 actor command; branch outcome is confirmed, predicate semantics preserved at available confidence",docs/analysis/map_selector_upper_vm_cfg_promotion_20260928.md
cfg_t32_l144_v1@0xBA,0xBA,cfg_t32_l144_v1,0xBA,FBA-L029,0x7C,4,59 7c 51 0e 02 10,a3 bd b3 08,immediate_skip_actor_0x59,B3,0x08,predicate_zero_skips_actor; spawn_when_nonzero,a3 bd,A3_flag_test,0xBD,confirmed_static_flag,"flag_test(spec=0xBD,wram=$125D,bit=5) != 0",0xBD,$125D,5,evaluable_if_flag_state_available,candidate,"B3/B4 rel8=0x08 branches over the following 6-byte opcode59 actor command; branch outcome is confirmed, predicate semantics preserved at available confidence",docs/analysis/map_selector_upper_vm_cfg_promotion_20260928.md
cfg_t32_l144_v1@0xBA,0xBA,cfg_t32_l144_v1,0xBA,FBA-L030,0x30,4,59 30 4b 13 02 10,a3 bd b3 08,immediate_skip_actor_0x59,B3,0x08,predicate_zero_skips_actor; spawn_when_nonzero,a3 bd,A3_flag_test,0xBD,confirmed_static_flag,"flag_test(spec=0xBD,wram=$125D,bit=5) != 0",0xBD,$125D,5,evaluable_if_flag_state_available,candidate,"B3/B4 rel8=0x08 branches over the following 6-byte opcode59 actor command; branch outcome is confirmed, predicate semantics preserved at available confidence",docs/analysis/map_selector_upper_vm_cfg_promotion_20260928.md
cfg_t32_l144_v1@0xBB,0xBB,cfg_t32_l144_v1,0xBB,FBB-L003,0x3E,4,59 3e 65 08 02 10,a3 b9 b4 08,immediate_skip_actor_0x59,B4,0x08,predicate_nonzero_skips_actor; spawn_when_zero,a3 b9,A3_flag_test,0xB9,confirmed_static_flag,"flag_test(spec=0xB9,wram=$125D,bit=1) == 0",0xB9,$125D,1,evaluable_if_flag_state_available,candidate,"B3/B4 rel8=0x08 branches over the following 6-byte opcode59 actor command; branch outcome is confirmed, predicate semantics preserved at available confidence",docs/analysis/map_selector_upper_vm_cfg_promotion_20260928.md
cfg_t32_l144_v1@0xBB,0xBB,cfg_t32_l144_v1,0xBB,FBB-L004,0x40,4,59 40 6f 07 02 10,a3 b9 b4 08,immediate_skip_actor_0x59,B4,0x08,predicate_nonzero_skips_actor; spawn_when_zero,a3 b9,A3_flag_test,0xB9,confirmed_static_flag,"flag_test(spec=0xB9,wram=$125D,bit=1) == 0",0xB9,$125D,1,evaluable_if_flag_state_available,candidate,"B3/B4 rel8=0x08 branches over the following 6-byte opcode59 actor command; branch outcome is confirmed, predicate semantics preserved at available confidence",docs/analysis/map_selector_upper_vm_cfg_promotion_20260928.md
cfg_t32_l144_v1@0xBB,0xBB,cfg_t32_l144_v1,0xBB,FBB-L005,0x59,4,59 59 6a 10 02 10,a3 b9 b4 08,immediate_skip_actor_0x59,B4,0x08,predicate_nonzero_skips_actor; spawn_when_zero,a3 b9,A3_flag_test,0xB9,confirmed_static_flag,"flag_test(spec=0xB9,wram=$125D,bit=1) == 0",0xB9,$125D,1,evaluable_if_flag_state_available,candidate,"B3/B4 rel8=0x08 branches over the following 6-byte opcode59 actor command; branch outcome is confirmed, predicate semantics preserved at available confidence",docs/analysis/map_selector_upper_vm_cfg_promotion_20260928.md
cfg_t32_l144_v1@0xBB,0xBB,cfg_t32_l144_v1,0xBB,FBB-L006,0x40,4,59 40 69 05 02 10,a3 bd b3 08,immediate_skip_actor_0x59,B3,0x08,predicate_zero_skips_actor; spawn_when_nonzero,a3 bd,A3_flag_test,0xBD,confirmed_static_flag,"flag_test(spec=0xBD,wram=$125D,bit=5) != 0",0xBD,$125D,5,evaluable_if_flag_state_available,candidate,"B3/B4 rel8=0x08 branches over the following 6-byte opcode59 actor command; branch outcome is confirmed, predicate semantics preserved at available confidence",docs/analysis/map_selector_upper_vm_cfg_promotion_20260928.md
cfg_t32_l144_v1@0xBB,0xBB,cfg_t32_l144_v1,0xBB,FBB-L007,0x59,4,59 59 69 0f 02 10,a3 bd b3 08,immediate_skip_actor_0x59,B3,0x08,predicate_zero_skips_actor; spawn_when_nonzero,a3 bd,A3_flag_test,0xBD,confirmed_static_flag,"flag_test(spec=0xBD,wram=$125D,bit=5) != 0",0xBD,$125D,5,evaluable_if_flag_state_available,candidate,"B3/B4 rel8=0x08 branches over the following 6-byte opcode59 actor command; branch outcome is confirmed, predicate semantics preserved at available confidence",docs/analysis/map_selector_upper_vm_cfg_promotion_20260928.md
cfg_t32_l144_v1@0xBB,0xBB,cfg_t32_l144_v1,0xBB,FBB-L008,0x0E,4,59 0e 69 11 02 10,a3 bd b3 08,immediate_skip_actor_0x59,B3,0x08,predicate_zero_skips_actor; spawn_when_nonzero,a3 bd,A3_flag_test,0xBD,confirmed_static_flag,"flag_test(spec=0xBD,wram=$125D,bit=5) != 0",0xBD,$125D,5,evaluable_if_flag_state_available,candidate,"B3/B4 rel8=0x08 branches over the following 6-byte opcode59 actor command; branch outcome is confirmed, predicate semantics preserved at available confidence",docs/analysis/map_selector_upper_vm_cfg_promotion_20260928.md
cfg_t32_l144_v1@0xBB,0xBB,cfg_t32_l144_v1,0xBB,FBB-L013,0x40,4,59 40 0e 33 02 10,a3 bd b3 08,immediate_skip_actor_0x59,B3,0x08,predicate_zero_skips_actor; spawn_when_nonzero,a3 bd,A3_flag_test,0xBD,confirmed_static_flag,"flag_test(spec=0xBD,wram=$125D,bit=5) != 0",0xBD,$125D,5,evaluable_if_flag_state_available,candidate,"B3/B4 rel8=0x08 branches over the following 6-byte opcode59 actor command; branch outcome is confirmed, predicate semantics preserved at available confidence",docs/analysis/map_selector_upper_vm_cfg_promotion_20260928.md
cfg_t32_l144_v1@0xBB,0xBB,cfg_t32_l144_v1,0xBB,FBB-L014,0x41,4,59 41 0d 29 02 10,a3 bd b3 08,immediate_skip_actor_0x59,B3,0x08,predicate_zero_skips_actor; spawn_when_nonzero,a3 bd,A3_flag_test,0xBD,confirmed_static_flag,"flag_test(spec=0xBD,wram=$125D,bit=5) != 0",0xBD,$125D,5,evaluable_if_flag_state_available,candidate,"B3/B4 rel8=0x08 branches over the following 6-byte opcode59 actor command; branch outcome is confirmed, predicate semantics preserved at available confidence",docs/analysis/map_selector_upper_vm_cfg_promotion_20260928.md
cfg_t32_l144_v1@0xBB,0xBB,cfg_t32_l144_v1,0xBB,FBB-L015,0x24,4,59 24 13 28 02 10,a3 bd b3 08,immediate_skip_actor_0x59,B3,0x08,predicate_zero_skips_actor; spawn_when_nonzero,a3 bd,A3_flag_test,0xBD,confirmed_static_flag,"flag_test(spec=0xBD,wram=$125D,bit=5) != 0",0xBD,$125D,5,evaluable_if_flag_state_available,candidate,"B3/B4 rel8=0x08 branches over the following 6-byte opcode59 actor command; branch outcome is confirmed, predicate semantics preserved at available confidence",docs/analysis/map_selector_upper_vm_cfg_promotion_20260928.md
cfg_t32_l144_v1@0xBB,0xBB,cfg_t32_l144_v1,0xBB,FBB-L020,0x40,4,59 40 29 34 02 10,a3 b9 b4 08,immediate_skip_actor_0x59,B4,0x08,predicate_nonzero_skips_actor; spawn_when_zero,a3 b9,A3_flag_test,0xB9,confirmed_static_flag,"flag_test(spec=0xB9,wram=$125D,bit=1) == 0",0xB9,$125D,1,evaluable_if_flag_state_available,candidate,"B3/B4 rel8=0x08 branches over the following 6-byte opcode59 actor command; branch outcome is confirmed, predicate semantics preserved at available confidence",docs/analysis/map_selector_upper_vm_cfg_promotion_20260928.md
cfg_t32_l144_v1@0xBB,0xBB,cfg_t32_l144_v1,0xBB,FBB-L021,0x5A,4,59 5a 32 34 02 10,a3 b9 b4 08,immediate_skip_actor_0x59,B4,0x08,predicate_nonzero_skips_actor; spawn_when_zero,a3 b9,A3_flag_test,0xB9,confirmed_static_flag,"flag_test(spec=0xB9,wram=$125D,bit=1) == 0",0xB9,$125D,1,evaluable_if_flag_state_available,candidate,"B3/B4 rel8=0x08 branches over the following 6-byte opcode59 actor command; branch outcome is confirmed, predicate semantics preserved at available confidence",docs/analysis/map_selector_upper_vm_cfg_promotion_20260928.md
cfg_t32_l144_v1@0xBB,0xBB,cfg_t32_l144_v1,0xBB,FBB-L022,0x3C,4,59 3c 31 28 02 10,a3 bd b3 08,immediate_skip_actor_0x59,B3,0x08,predicate_zero_skips_actor; spawn_when_nonzero,a3 bd,A3_flag_test,0xBD,confirmed_static_flag,"flag_test(spec=0xBD,wram=$125D,bit=5) != 0",0xBD,$125D,5,evaluable_if_flag_state_available,candidate,"B3/B4 rel8=0x08 branches over the following 6-byte opcode59 actor command; branch outcome is confirmed, predicate semantics preserved at available confidence",docs/analysis/map_selector_upper_vm_cfg_promotion_20260928.md
cfg_t32_l144_v1@0xBC,0xBC,cfg_t32_l144_v1,0xBC,FBC-L001,0x51,4,59 51 57 33 02 10,a3 bd b3 08,immediate_skip_actor_0x59,B3,0x08,predicate_zero_skips_actor; spawn_when_nonzero,a3 bd,A3_flag_test,0xBD,confirmed_static_flag,"flag_test(spec=0xBD,wram=$125D,bit=5) != 0",0xBD,$125D,5,evaluable_if_flag_state_available,candidate,"B3/B4 rel8=0x08 branches over the following 6-byte opcode59 actor command; branch outcome is confirmed, predicate semantics preserved at available confidence",docs/analysis/map_selector_upper_vm_cfg_promotion_20260928.md
cfg_t32_l144_v1@0xBC,0xBC,cfg_t32_l144_v1,0xBC,FBC-L002,0x52,4,59 52 50 38 02 10,a3 bd b3 08,immediate_skip_actor_0x59,B3,0x08,predicate_zero_skips_actor; spawn_when_nonzero,a3 bd,A3_flag_test,0xBD,confirmed_static_flag,"flag_test(spec=0xBD,wram=$125D,bit=5) != 0",0xBD,$125D,5,evaluable_if_flag_state_available,candidate,"B3/B4 rel8=0x08 branches over the following 6-byte opcode59 actor command; branch outcome is confirmed, predicate semantics preserved at available confidence",docs/analysis/map_selector_upper_vm_cfg_promotion_20260928.md
cfg_t13_l103_v2@0xBE,0xBE,cfg_t13_l103_v2,0xBE,FBE-L001,0x6D,4,59 6d 30 09 02 10,a3 bd b4 08,immediate_skip_actor_0x59,B4,0x08,predicate_nonzero_skips_actor; spawn_when_zero,a3 bd,A3_flag_test,0xBD,confirmed_static_flag,"flag_test(spec=0xBD,wram=$125D,bit=5) == 0",0xBD,$125D,5,evaluable_if_flag_state_available,candidate,"B3/B4 rel8=0x08 branches over the following 6-byte opcode59 actor command; branch outcome is confirmed, predicate semantics preserved at available confidence",docs/analysis/map_selector_upper_vm_cfg_promotion_20260928.md
cfg_t14_l105_v2@0xC0,0xC0,cfg_t14_l105_v2,0xC0,FC0-L001,0x2F,0,59 2f 2a 0e 02 10,,no_pre_actor_guard,,,,,,,confirmed_static_unconditional,always,,,,not_required,visible,actor record reaches opcode59 directly with no preceding actor-local guard bytes,docs/analysis/map_selector_upper_vm_cfg_promotion_20260928.md
cfg_t14_l105_v2@0xC0,0xC0,cfg_t14_l105_v2,0xC0,FC0-L002,0x30,0,59 30 22 19 02 10,,no_pre_actor_guard,,,,,,,confirmed_static_unconditional,always,,,,not_required,visible,actor record reaches opcode59 directly with no preceding actor-local guard bytes,docs/analysis/map_selector_upper_vm_cfg_promotion_20260928.md
cfg_t14_l105_v2@0xC0,0xC0,cfg_t14_l105_v2,0xC0,FC0-L003,0x30,0,59 30 27 23 02 10,,no_pre_actor_guard,,,,,,,confirmed_static_unconditional,always,,,,not_required,visible,actor record reaches opcode59 directly with no preceding actor-local guard bytes,docs/analysis/map_selector_upper_vm_cfg_promotion_20260928.md
cfg_t15_l107_v2@0xC1,0xC1,cfg_t15_l107_v2,0xC1,FC1-L001,0x56,0,59 56 12 35 02 10,,no_pre_actor_guard,,,,,,,confirmed_static_unconditional,always,,,,not_required,visible,actor record reaches opcode59 directly with no preceding actor-local guard bytes,docs/analysis/map_selector_upper_vm_cfg_promotion_20260928.md
cfg_t15_l107_v2@0xC1,0xC1,cfg_t15_l107_v2,0xC1,FC1-L002,0x30,0,59 30 2b 32 02 10,,no_pre_actor_guard,,,,,,,confirmed_static_unconditional,always,,,,not_required,visible,actor record reaches opcode59 directly with no preceding actor-local guard bytes,docs/analysis/map_selector_upper_vm_cfg_promotion_20260928.md
cfg_t16_l109_v2@0xC2,0xC2,cfg_t16_l109_v2,0xC2,FC2-L001,0x30,0,59 30 34 12 02 10,,no_pre_actor_guard,,,,,,,confirmed_static_unconditional,always,,,,not_required,visible,actor record reaches opcode59 directly with no preceding actor-local guard bytes,docs/analysis/map_selector_upper_vm_cfg_promotion_20260928.md
cfg_t16_l109_v2@0xC2,0xC2,cfg_t16_l109_v2,0xC2,FC2-L002,0x6F,0,59 6f 23 1c 02 10,,no_pre_actor_guard,,,,,,,confirmed_static_unconditional,always,,,,not_required,visible,actor record reaches opcode59 directly with no preceding actor-local guard bytes,docs/analysis/map_selector_upper_vm_cfg_promotion_20260928.md
cfg_t16_l109_v2@0xC2,0xC2,cfg_t16_l109_v2,0xC2,FC2-L003,0x2F,0,59 2f 13 09 02 10,,no_pre_actor_guard,,,,,,,confirmed_static_unconditional,always,,,,not_required,visible,actor record reaches opcode59 directly with no preceding actor-local guard bytes,docs/analysis/map_selector_upper_vm_cfg_promotion_20260928.md
cfg_t14_l105_v2@0xC3,0xC3,cfg_t14_l105_v2,0xC3,FC3-L001,0x30,0,59 30 bf 1e 02 10,,no_pre_actor_guard,,,,,,,confirmed_static_unconditional,always,,,,not_required,visible,actor record reaches opcode59 directly with no preceding actor-local guard bytes,docs/analysis/map_selector_upper_vm_cfg_promotion_20260928.md
cfg_t14_l105_v2@0xC3,0xC3,cfg_t14_l105_v2,0xC3,FC3-L002,0x22,0,59 22 cf 19 02 10,,no_pre_actor_guard,,,,,,,confirmed_static_unconditional,always,,,,not_required,visible,actor record reaches opcode59 directly with no preceding actor-local guard bytes,docs/analysis/map_selector_upper_vm_cfg_promotion_20260928.md
cfg_t17_l111_v2@0xC4,0xC4,cfg_t17_l111_v2,0xC4,FC4-L001,0x2F,0,59 2f 0f 09 02 10,,no_pre_actor_guard,,,,,,,confirmed_static_unconditional,always,,,,not_required,visible,actor record reaches opcode59 directly with no preceding actor-local guard bytes,docs/analysis/map_selector_upper_vm_cfg_promotion_20260928.md
cfg_t17_l111_v2@0xC4,0xC4,cfg_t17_l111_v2,0xC4,FC4-L002,0x30,0,59 30 2a 21 02 10,,no_pre_actor_guard,,,,,,,confirmed_static_unconditional,always,,,,not_required,visible,actor record reaches opcode59 directly with no preceding actor-local guard bytes,docs/analysis/map_selector_upper_vm_cfg_promotion_20260928.md
cfg_t17_l111_v2@0xC4,0xC4,cfg_t17_l111_v2,0xC4,FC4-L003,0x30,0,59 30 55 07 02 10,,no_pre_actor_guard,,,,,,,confirmed_static_unconditional,always,,,,not_required,visible,actor record reaches opcode59 directly with no preceding actor-local guard bytes,docs/analysis/map_selector_upper_vm_cfg_promotion_20260928.md
cfg_t17_l111_v2@0xC4,0xC4,cfg_t17_l111_v2,0xC4,FC4-L004,0x56,0,59 56 18 20 02 10,,no_pre_actor_guard,,,,,,,confirmed_static_unconditional,always,,,,not_required,visible,actor record reaches opcode59 directly with no preceding actor-local guard bytes,docs/analysis/map_selector_upper_vm_cfg_promotion_20260928.md
cfg_t18_l112_v2@0xC5,0xC5,cfg_t18_l112_v2,0xC5,FC5-L001,0x2F,0,59 2f 23 26 02 10,,no_pre_actor_guard,,,,,,,confirmed_static_unconditional,always,,,,not_required,visible,actor record reaches opcode59 directly with no preceding actor-local guard bytes,docs/analysis/map_selector_upper_vm_cfg_promotion_20260928.md
cfg_t53_l184_v2@0xD0,0xD0,cfg_t53_l184_v2,0xD0,FD0-L001,0x33,0,59 33 d7 19 02 00,,no_pre_actor_guard,,,,,,,confirmed_static_unconditional,always,,,,not_required,visible,actor record reaches opcode59 directly with no preceding actor-local guard bytes,docs/analysis/map_selector_upper_vm_cfg_promotion_20260928.md
cfg_t53_l184_v2@0xD0,0xD0,cfg_t53_l184_v2,0xD0,FD0-L002,0x39,0,59 39 e3 15 02 00,,no_pre_actor_guard,,,,,,,confirmed_static_unconditional,always,,,,not_required,visible,actor record reaches opcode59 directly with no preceding actor-local guard bytes,docs/analysis/map_selector_upper_vm_cfg_promotion_20260928.md
cfg_t53_l184_v2@0xD0,0xD0,cfg_t53_l184_v2,0xD0,FD0-L003,0x33,0,59 33 f0 1c 02 00,,no_pre_actor_guard,,,,,,,confirmed_static_unconditional,always,,,,not_required,visible,actor record reaches opcode59 directly with no preceding actor-local guard bytes,docs/analysis/map_selector_upper_vm_cfg_promotion_20260928.md
cfg_t53_l184_v2@0xD0,0xD0,cfg_t53_l184_v2,0xD0,FD0-L004,0x39,0,59 39 f0 23 02 00,,no_pre_actor_guard,,,,,,,confirmed_static_unconditional,always,,,,not_required,visible,actor record reaches opcode59 directly with no preceding actor-local guard bytes,docs/analysis/map_selector_upper_vm_cfg_promotion_20260928.md
cfg_t53_l184_v2@0xD0,0xD0,cfg_t53_l184_v2,0xD0,FD0-L005,0x33,0,59 33 d5 2c 02 00,,no_pre_actor_guard,,,,,,,confirmed_static_unconditional,always,,,,not_required,visible,actor record reaches opcode59 directly with no preceding actor-local guard bytes,docs/analysis/map_selector_upper_vm_cfg_promotion_20260928.md
cfg_t53_l184_v2@0xD0,0xD0,cfg_t53_l184_v2,0xD0,FD0-L006,0x39,0,59 39 cc 27 02 00,,no_pre_actor_guard,,,,,,,confirmed_static_unconditional,always,,,,not_required,visible,actor record reaches opcode59 directly with no preceding actor-local guard bytes,docs/analysis/map_selector_upper_vm_cfg_promotion_20260928.md
cfg_t54_l190_v2@0xD1,0xD1,cfg_t54_l190_v2,0xD1,FD1-L001,0x33,4,59 33 13 43 02 10,2d 8f b3 08,immediate_skip_actor_0x59,B3,0x08,predicate_zero_skips_actor; spawn_when_nonzero,2d 8f,0x2D_condition_compare_0306,0x8F,confirmed_static_control_partial_predicate,"predicate_2D(operand=0x8F,compare_target=$0306) != 0",,,,requires_2D_predicate_semantics_or_runtime_value,candidate,"B3/B4 rel8=0x08 branches over the following 6-byte opcode59 actor command; branch outcome is confirmed, predicate semantics preserved at available confidence",docs/analysis/map_selector_upper_vm_cfg_promotion_20260928.md
cfg_t54_l190_v2@0xD1,0xD1,cfg_t54_l190_v2,0xD1,FD1-L002,0x33,4,59 33 57 05 02 10,2d d0 b3 08,immediate_skip_actor_0x59,B3,0x08,predicate_zero_skips_actor; spawn_when_nonzero,2d d0,0x2D_condition_compare_0306,0xD0,confirmed_static_control_partial_predicate,"predicate_2D(operand=0xD0,compare_target=$0306) != 0",,,,requires_2D_predicate_semantics_or_runtime_value,candidate,"B3/B4 rel8=0x08 branches over the following 6-byte opcode59 actor command; branch outcome is confirmed, predicate semantics preserved at available confidence",docs/analysis/map_selector_upper_vm_cfg_promotion_20260928.md
cfg_t54_l190_v2@0xD1,0xD1,cfg_t54_l190_v2,0xD1,FD1-L003,0x33,4,59 33 5a 06 02 10,2d d0 b3 08,immediate_skip_actor_0x59,B3,0x08,predicate_zero_skips_actor; spawn_when_nonzero,2d d0,0x2D_condition_compare_0306,0xD0,confirmed_static_control_partial_predicate,"predicate_2D(operand=0xD0,compare_target=$0306) != 0",,,,requires_2D_predicate_semantics_or_runtime_value,candidate,"B3/B4 rel8=0x08 branches over the following 6-byte opcode59 actor command; branch outcome is confirmed, predicate semantics preserved at available confidence",docs/analysis/map_selector_upper_vm_cfg_promotion_20260928.md
cfg_t54_l190_v2@0xD1,0xD1,cfg_t54_l190_v2,0xD1,FD1-L004,0x39,4,59 39 56 37 02 10,2d d7 b3 08,immediate_skip_actor_0x59,B3,0x08,predicate_zero_skips_actor; spawn_when_nonzero,2d d7,0x2D_condition_compare_0306,0xD7,confirmed_static_control_partial_predicate,"predicate_2D(operand=0xD7,compare_target=$0306) != 0",,,,requires_2D_predicate_semantics_or_runtime_value,candidate,"B3/B4 rel8=0x08 branches over the following 6-byte opcode59 actor command; branch outcome is confirmed, predicate semantics preserved at available confidence",docs/analysis/map_selector_upper_vm_cfg_promotion_20260928.md
cfg_t54_l190_v2@0xD1,0xD1,cfg_t54_l190_v2,0xD1,FD1-L005,0x33,4,59 33 59 35 02 10,2d d7 b3 08,immediate_skip_actor_0x59,B3,0x08,predicate_zero_skips_actor; spawn_when_nonzero,2d d7,0x2D_condition_compare_0306,0xD7,confirmed_static_control_partial_predicate,"predicate_2D(operand=0xD7,compare_target=$0306) != 0",,,,requires_2D_predicate_semantics_or_runtime_value,candidate,"B3/B4 rel8=0x08 branches over the following 6-byte opcode59 actor command; branch outcome is confirmed, predicate semantics preserved at available confidence",docs/analysis/map_selector_upper_vm_cfg_promotion_20260928.md
cfg_t54_l190_v2@0xD1,0xD1,cfg_t54_l190_v2,0xD1,FD1-L006,0x33,4,59 33 54 34 02 10,2d d7 b3 08,immediate_skip_actor_0x59,B3,0x08,predicate_zero_skips_actor; spawn_when_nonzero,2d d7,0x2D_condition_compare_0306,0xD7,confirmed_static_control_partial_predicate,"predicate_2D(operand=0xD7,compare_target=$0306) != 0",,,,requires_2D_predicate_semantics_or_runtime_value,candidate,"B3/B4 rel8=0x08 branches over the following 6-byte opcode59 actor command; branch outcome is confirmed, predicate semantics preserved at available confidence",docs/analysis/map_selector_upper_vm_cfg_promotion_20260928.md
cfg_t54_l190_v2@0xD1,0xD1,cfg_t54_l190_v2,0xD1,FD1-L007,0x33,4,59 33 07 05 02 10,2d d5 b3 08,immediate_skip_actor_0x59,B3,0x08,predicate_zero_skips_actor; spawn_when_nonzero,2d d5,0x2D_condition_compare_0306,0xD5,confirmed_static_control_partial_predicate,"predicate_2D(operand=0xD5,compare_target=$0306) != 0",,,,requires_2D_predicate_semantics_or_runtime_value,candidate,"B3/B4 rel8=0x08 branches over the following 6-byte opcode59 actor command; branch outcome is confirmed, predicate semantics preserved at available confidence",docs/analysis/map_selector_upper_vm_cfg_promotion_20260928.md
cfg_t54_l190_v2@0xD1,0xD1,cfg_t54_l190_v2,0xD1,FD1-L008,0x33,4,59 33 08 26 02 10,2d d8 b3 08,immediate_skip_actor_0x59,B3,0x08,predicate_zero_skips_actor; spawn_when_nonzero,2d d8,0x2D_condition_compare_0306,0xD8,confirmed_static_control_partial_predicate,"predicate_2D(operand=0xD8,compare_target=$0306) != 0",,,,requires_2D_predicate_semantics_or_runtime_value,candidate,"B3/B4 rel8=0x08 branches over the following 6-byte opcode59 actor command; branch outcome is confirmed, predicate semantics preserved at available confidence",docs/analysis/map_selector_upper_vm_cfg_promotion_20260928.md
cfg_t54_l190_v2@0xD2,0xD2,cfg_t54_l190_v2,0xD2,FD2-L001,0x33,4,59 33 28 47 02 10,2d 8f b3 08,immediate_skip_actor_0x59,B3,0x08,predicate_zero_skips_actor; spawn_when_nonzero,2d 8f,0x2D_condition_compare_0306,0x8F,confirmed_static_control_partial_predicate,"predicate_2D(operand=0x8F,compare_target=$0306) != 0",,,,requires_2D_predicate_semantics_or_runtime_value,candidate,"B3/B4 rel8=0x08 branches over the following 6-byte opcode59 actor command; branch outcome is confirmed, predicate semantics preserved at available confidence",docs/analysis/map_selector_upper_vm_cfg_promotion_20260928.md
cfg_t54_l190_v2@0xD2,0xD2,cfg_t54_l190_v2,0xD2,FD2-L002,0x33,4,59 33 24 44 02 10,2d 8f b3 08,immediate_skip_actor_0x59,B3,0x08,predicate_zero_skips_actor; spawn_when_nonzero,2d 8f,0x2D_condition_compare_0306,0x8F,confirmed_static_control_partial_predicate,"predicate_2D(operand=0x8F,compare_target=$0306) != 0",,,,requires_2D_predicate_semantics_or_runtime_value,candidate,"B3/B4 rel8=0x08 branches over the following 6-byte opcode59 actor command; branch outcome is confirmed, predicate semantics preserved at available confidence",docs/analysis/map_selector_upper_vm_cfg_promotion_20260928.md
cfg_t54_l190_v2@0xD2,0xD2,cfg_t54_l190_v2,0xD2,FD2-L003,0x33,4,59 33 58 16 02 10,2d d0 b3 08,immediate_skip_actor_0x59,B3,0x08,predicate_zero_skips_actor; spawn_when_nonzero,2d d0,0x2D_condition_compare_0306,0xD0,confirmed_static_control_partial_predicate,"predicate_2D(operand=0xD0,compare_target=$0306) != 0",,,,requires_2D_predicate_semantics_or_runtime_value,candidate,"B3/B4 rel8=0x08 branches over the following 6-byte opcode59 actor command; branch outcome is confirmed, predicate semantics preserved at available confidence",docs/analysis/map_selector_upper_vm_cfg_promotion_20260928.md
cfg_t54_l190_v2@0xD2,0xD2,cfg_t54_l190_v2,0xD2,FD2-L004,0x33,4,59 33 18 05 02 10,2d d5 b3 08,immediate_skip_actor_0x59,B3,0x08,predicate_zero_skips_actor; spawn_when_nonzero,2d d5,0x2D_condition_compare_0306,0xD5,confirmed_static_control_partial_predicate,"predicate_2D(operand=0xD5,compare_target=$0306) != 0",,,,requires_2D_predicate_semantics_or_runtime_value,candidate,"B3/B4 rel8=0x08 branches over the following 6-byte opcode59 actor command; branch outcome is confirmed, predicate semantics preserved at available confidence",docs/analysis/map_selector_upper_vm_cfg_promotion_20260928.md
cfg_t54_l190_v2@0xD2,0xD2,cfg_t54_l190_v2,0xD2,FD2-L005,0x33,4,59 33 14 24 02 10,2d d8 b3 08,immediate_skip_actor_0x59,B3,0x08,predicate_zero_skips_actor; spawn_when_nonzero,2d d8,0x2D_condition_compare_0306,0xD8,confirmed_static_control_partial_predicate,"predicate_2D(operand=0xD8,compare_target=$0306) != 0",,,,requires_2D_predicate_semantics_or_runtime_value,candidate,"B3/B4 rel8=0x08 branches over the following 6-byte opcode59 actor command; branch outcome is confirmed, predicate semantics preserved at available confidence",docs/analysis/map_selector_upper_vm_cfg_promotion_20260928.md
cfg_t54_l190_v2@0xD3,0xD3,cfg_t54_l190_v2,0xD3,FD3-L001,0x33,4,59 33 37 46 02 10,2d 8f b3 08,immediate_skip_actor_0x59,B3,0x08,predicate_zero_skips_actor; spawn_when_nonzero,2d 8f,0x2D_condition_compare_0306,0x8F,confirmed_static_control_partial_predicate,"predicate_2D(operand=0x8F,compare_target=$0306) != 0",,,,requires_2D_predicate_semantics_or_runtime_value,candidate,"B3/B4 rel8=0x08 branches over the following 6-byte opcode59 actor command; branch outcome is confirmed, predicate semantics preserved at available confidence",docs/analysis/map_selector_upper_vm_cfg_promotion_20260928.md
cfg_t54_l190_v2@0xD3,0xD3,cfg_t54_l190_v2,0xD3,FD3-L002,0x33,4,59 33 48 17 02 10,2d d0 b3 08,immediate_skip_actor_0x59,B3,0x08,predicate_zero_skips_actor; spawn_when_nonzero,2d d0,0x2D_condition_compare_0306,0xD0,confirmed_static_control_partial_predicate,"predicate_2D(operand=0xD0,compare_target=$0306) != 0",,,,requires_2D_predicate_semantics_or_runtime_value,candidate,"B3/B4 rel8=0x08 branches over the following 6-byte opcode59 actor command; branch outcome is confirmed, predicate semantics preserved at available confidence",docs/analysis/map_selector_upper_vm_cfg_promotion_20260928.md
cfg_t54_l190_v2@0xD3,0xD3,cfg_t54_l190_v2,0xD3,FD3-L003,0x39,4,59 39 4a 16 02 10,2d d0 b3 08,immediate_skip_actor_0x59,B3,0x08,predicate_zero_skips_actor; spawn_when_nonzero,2d d0,0x2D_condition_compare_0306,0xD0,confirmed_static_control_partial_predicate,"predicate_2D(operand=0xD0,compare_target=$0306) != 0",,,,requires_2D_predicate_semantics_or_runtime_value,candidate,"B3/B4 rel8=0x08 branches over the following 6-byte opcode59 actor command; branch outcome is confirmed, predicate semantics preserved at available confidence",docs/analysis/map_selector_upper_vm_cfg_promotion_20260928.md
cfg_t54_l190_v2@0xD3,0xD3,cfg_t54_l190_v2,0xD3,FD3-L004,0x33,4,59 33 64 24 02 10,2d d7 b3 08,immediate_skip_actor_0x59,B3,0x08,predicate_zero_skips_actor; spawn_when_nonzero,2d d7,0x2D_condition_compare_0306,0xD7,confirmed_static_control_partial_predicate,"predicate_2D(operand=0xD7,compare_target=$0306) != 0",,,,requires_2D_predicate_semantics_or_runtime_value,candidate,"B3/B4 rel8=0x08 branches over the following 6-byte opcode59 actor command; branch outcome is confirmed, predicate semantics preserved at available confidence",docs/analysis/map_selector_upper_vm_cfg_promotion_20260928.md
cfg_t54_l190_v2@0xD3,0xD3,cfg_t54_l190_v2,0xD3,FD3-L005,0x33,4,59 33 69 25 02 10,2d d7 b3 08,immediate_skip_actor_0x59,B3,0x08,predicate_zero_skips_actor; spawn_when_nonzero,2d d7,0x2D_condition_compare_0306,0xD7,confirmed_static_control_partial_predicate,"predicate_2D(operand=0xD7,compare_target=$0306) != 0",,,,requires_2D_predicate_semantics_or_runtime_value,candidate,"B3/B4 rel8=0x08 branches over the following 6-byte opcode59 actor command; branch outcome is confirmed, predicate semantics preserved at available confidence",docs/analysis/map_selector_upper_vm_cfg_promotion_20260928.md
cfg_t54_l190_v2@0xD3,0xD3,cfg_t54_l190_v2,0xD3,FD3-L006,0x33,4,59 33 27 05 02 10,2d d5 b3 08,immediate_skip_actor_0x59,B3,0x08,predicate_zero_skips_actor; spawn_when_nonzero,2d d5,0x2D_condition_compare_0306,0xD5,confirmed_static_control_partial_predicate,"predicate_2D(operand=0xD5,compare_target=$0306) != 0",,,,requires_2D_predicate_semantics_or_runtime_value,candidate,"B3/B4 rel8=0x08 branches over the following 6-byte opcode59 actor command; branch outcome is confirmed, predicate semantics preserved at available confidence",docs/analysis/map_selector_upper_vm_cfg_promotion_20260928.md
cfg_t54_l190_v2@0xD3,0xD3,cfg_t54_l190_v2,0xD3,FD3-L007,0x39,4,59 39 25 27 02 10,2d d8 b3 08,immediate_skip_actor_0x59,B3,0x08,predicate_zero_skips_actor; spawn_when_nonzero,2d d8,0x2D_condition_compare_0306,0xD8,confirmed_static_control_partial_predicate,"predicate_2D(operand=0xD8,compare_target=$0306) != 0",,,,requires_2D_predicate_semantics_or_runtime_value,candidate,"B3/B4 rel8=0x08 branches over the following 6-byte opcode59 actor command; branch outcome is confirmed, predicate semantics preserved at available confidence",docs/analysis/map_selector_upper_vm_cfg_promotion_20260928.md
cfg_t54_l190_v2@0xD3,0xD3,cfg_t54_l190_v2,0xD3,FD3-L008,0x33,4,59 33 27 25 02 10,2d d8 b3 08,immediate_skip_actor_0x59,B3,0x08,predicate_zero_skips_actor; spawn_when_nonzero,2d d8,0x2D_condition_compare_0306,0xD8,confirmed_static_control_partial_predicate,"predicate_2D(operand=0xD8,compare_target=$0306) != 0",,,,requires_2D_predicate_semantics_or_runtime_value,candidate,"B3/B4 rel8=0x08 branches over the following 6-byte opcode59 actor command; branch outcome is confirmed, predicate semantics preserved at available confidence",docs/analysis/map_selector_upper_vm_cfg_promotion_20260928.md
cfg_t54_l190_v2@0xD4,0xD4,cfg_t54_l190_v2,0xD4,FD4-L001,0x33,4,59 33 47 46 03 10,2d 8f b3 08,immediate_skip_actor_0x59,B3,0x08,predicate_zero_skips_actor; spawn_when_nonzero,2d 8f,0x2D_condition_compare_0306,0x8F,confirmed_static_control_partial_predicate,"predicate_2D(operand=0x8F,compare_target=$0306) != 0",,,,requires_2D_predicate_semantics_or_runtime_value,candidate,"B3/B4 rel8=0x08 branches over the following 6-byte opcode59 actor command; branch outcome is confirmed, predicate semantics preserved at available confidence",docs/analysis/map_selector_upper_vm_cfg_promotion_20260928.md
cfg_t54_l190_v2@0xD4,0xD4,cfg_t54_l190_v2,0xD4,FD4-L002,0x33,18,59 33 36 06 02 10,2d d5 b3 16 08 b9 13 07 b4 0a 59 33 37 06 02 10 b2 08,complex_pre_actor_control_flow,,,,2d d5 b3 16 08 b9 13 07 b4 0a 59 33 37 06 02 10 b2 08,nonlocal_or_multi_actor_cfg,,unresolved_complex_control_flow,,,,,requires_record_cfg,candidate,actor command is preceded by nontrivial control flow not reducible to immediate B3/B4 rel8=0x08 guard; do not assume unconditional visibility,docs/analysis/map_selector_upper_vm_cfg_promotion_20260928.md
cfg_t53_l184_v2@0xD5,0xD5,cfg_t53_l184_v2,0xD5,FD5-L001,0x33,0,59 33 16 25 02 00,,no_pre_actor_guard,,,,,,,confirmed_static_unconditional,always,,,,not_required,visible,actor record reaches opcode59 directly with no preceding actor-local guard bytes,docs/analysis/map_selector_upper_vm_cfg_promotion_20260928.md
cfg_t53_l184_v2@0xD5,0xD5,cfg_t53_l184_v2,0xD5,FD5-L002,0x33,0,59 33 0b 29 02 00,,no_pre_actor_guard,,,,,,,confirmed_static_unconditional,always,,,,not_required,visible,actor record reaches opcode59 directly with no preceding actor-local guard bytes,docs/analysis/map_selector_upper_vm_cfg_promotion_20260928.md
cfg_t53_l184_v2@0xD5,0xD5,cfg_t53_l184_v2,0xD5,FD5-L003,0x39,0,59 39 19 32 02 00,,no_pre_actor_guard,,,,,,,confirmed_static_unconditional,always,,,,not_required,visible,actor record reaches opcode59 directly with no preceding actor-local guard bytes,docs/analysis/map_selector_upper_vm_cfg_promotion_20260928.md
cfg_t53_l184_v2@0xD5,0xD5,cfg_t53_l184_v2,0xD5,FD5-L004,0x39,0,59 39 18 3c 02 00,,no_pre_actor_guard,,,,,,,confirmed_static_unconditional,always,,,,not_required,visible,actor record reaches opcode59 directly with no preceding actor-local guard bytes,docs/analysis/map_selector_upper_vm_cfg_promotion_20260928.md
cfg_t53_l184_v2@0xD5,0xD5,cfg_t53_l184_v2,0xD5,FD5-L005,0x33,0,59 33 25 31 02 00,,no_pre_actor_guard,,,,,,,confirmed_static_unconditional,always,,,,not_required,visible,actor record reaches opcode59 directly with no preceding actor-local guard bytes,docs/analysis/map_selector_upper_vm_cfg_promotion_20260928.md
cfg_t53_l184_v2@0xD5,0xD5,cfg_t53_l184_v2,0xD5,FD5-L006,0x39,0,59 39 20 27 02 00,,no_pre_actor_guard,,,,,,,confirmed_static_unconditional,always,,,,not_required,visible,actor record reaches opcode59 directly with no preceding actor-local guard bytes,docs/analysis/map_selector_upper_vm_cfg_promotion_20260928.md
cfg_t53_l184_v2@0xD5,0xD5,cfg_t53_l184_v2,0xD5,FD5-L007,0x39,0,59 39 2c 3d 02 00,,no_pre_actor_guard,,,,,,,confirmed_static_unconditional,always,,,,not_required,visible,actor record reaches opcode59 directly with no preceding actor-local guard bytes,docs/analysis/map_selector_upper_vm_cfg_promotion_20260928.md
cfg_t53_l184_v2@0xD7,0xD7,cfg_t53_l184_v2,0xD7,FD7-L001,0x39,0,59 39 99 10 02 00,,no_pre_actor_guard,,,,,,,confirmed_static_unconditional,always,,,,not_required,visible,actor record reaches opcode59 directly with no preceding actor-local guard bytes,docs/analysis/map_selector_upper_vm_cfg_promotion_20260928.md
cfg_t53_l184_v2@0xD7,0xD7,cfg_t53_l184_v2,0xD7,FD7-L002,0x33,0,59 33 a4 15 02 00,,no_pre_actor_guard,,,,,,,confirmed_static_unconditional,always,,,,not_required,visible,actor record reaches opcode59 directly with no preceding actor-local guard bytes,docs/analysis/map_selector_upper_vm_cfg_promotion_20260928.md
cfg_t53_l184_v2@0xD7,0xD7,cfg_t53_l184_v2,0xD7,FD7-L003,0x33,0,59 33 9a 21 02 00,,no_pre_actor_guard,,,,,,,confirmed_static_unconditional,always,,,,not_required,visible,actor record reaches opcode59 directly with no preceding actor-local guard bytes,docs/analysis/map_selector_upper_vm_cfg_promotion_20260928.md
cfg_t53_l184_v2@0xD7,0xD7,cfg_t53_l184_v2,0xD7,FD7-L004,0x39,0,59 39 94 2e 02 00,,no_pre_actor_guard,,,,,,,confirmed_static_unconditional,always,,,,not_required,visible,actor record reaches opcode59 directly with no preceding actor-local guard bytes,docs/analysis/map_selector_upper_vm_cfg_promotion_20260928.md
cfg_t53_l184_v2@0xD7,0xD7,cfg_t53_l184_v2,0xD7,FD7-L005,0x39,0,59 39 ac 36 02 10,,no_pre_actor_guard,,,,,,,confirmed_static_unconditional,always,,,,not_required,visible,actor record reaches opcode59 directly with no preceding actor-local guard bytes,docs/analysis/map_selector_upper_vm_cfg_promotion_20260928.md
cfg_t53_l184_v2@0xD7,0xD7,cfg_t53_l184_v2,0xD7,FD7-L006,0x39,0,59 39 ae 36 02 10,,no_pre_actor_guard,,,,,,,confirmed_static_unconditional,always,,,,not_required,visible,actor record reaches opcode59 directly with no preceding actor-local guard bytes,docs/analysis/map_selector_upper_vm_cfg_promotion_20260928.md
cfg_t53_l184_v2@0xD7,0xD7,cfg_t53_l184_v2,0xD7,FD7-L007,0x33,0,59 33 ad 35 02 10,,no_pre_actor_guard,,,,,,,confirmed_static_unconditional,always,,,,not_required,visible,actor record reaches opcode59 directly with no preceding actor-local guard bytes,docs/analysis/map_selector_upper_vm_cfg_promotion_20260928.md
cfg_t53_l184_v2@0xD8,0xD8,cfg_t53_l184_v2,0xD8,FD8-L001,0x33,0,59 33 57 1b 02 00,,no_pre_actor_guard,,,,,,,confirmed_static_unconditional,always,,,,not_required,visible,actor record reaches opcode59 directly with no preceding actor-local guard bytes,docs/analysis/map_selector_upper_vm_cfg_promotion_20260928.md
cfg_t53_l184_v2@0xD8,0xD8,cfg_t53_l184_v2,0xD8,FD8-L002,0x39,0,59 39 52 22 02 00,,no_pre_actor_guard,,,,,,,confirmed_static_unconditional,always,,,,not_required,visible,actor record reaches opcode59 directly with no preceding actor-local guard bytes,docs/analysis/map_selector_upper_vm_cfg_promotion_20260928.md
cfg_t53_l184_v2@0xD8,0xD8,cfg_t53_l184_v2,0xD8,FD8-L003,0x33,0,59 33 5f 24 02 00,,no_pre_actor_guard,,,,,,,confirmed_static_unconditional,always,,,,not_required,visible,actor record reaches opcode59 directly with no preceding actor-local guard bytes,docs/analysis/map_selector_upper_vm_cfg_promotion_20260928.md
cfg_t53_l184_v2@0xD8,0xD8,cfg_t53_l184_v2,0xD8,FD8-L004,0x39,0,59 39 6d 24 02 00,,no_pre_actor_guard,,,,,,,confirmed_static_unconditional,always,,,,not_required,visible,actor record reaches opcode59 directly with no preceding actor-local guard bytes,docs/analysis/map_selector_upper_vm_cfg_promotion_20260928.md
cfg_t53_l184_v2@0xD8,0xD8,cfg_t53_l184_v2,0xD8,FD8-L005,0x33,0,59 33 69 2b 02 00,,no_pre_actor_guard,,,,,,,confirmed_static_unconditional,always,,,,not_required,visible,actor record reaches opcode59 directly with no preceding actor-local guard bytes,docs/analysis/map_selector_upper_vm_cfg_promotion_20260928.md
cfg_t53_l184_v2@0xD8,0xD8,cfg_t53_l184_v2,0xD8,FD8-L006,0x39,0,59 39 66 17 02 00,,no_pre_actor_guard,,,,,,,confirmed_static_unconditional,always,,,,not_required,visible,actor record reaches opcode59 directly with no preceding actor-local guard bytes,docs/analysis/map_selector_upper_vm_cfg_promotion_20260928.md
cfg_t51_l180_v2@0xDB,0xDB,cfg_t51_l180_v2,0xDB,FDB-L001,0x2F,16,59 2f 68 09 04 10,a3 01 b3 14 a3 04 b4 0a 59 2f 68 09 02 10 b2 08,complex_pre_actor_control_flow,,,,a3 01 b3 14 a3 04 b4 0a 59 2f 68 09 02 10 b2 08,nonlocal_or_multi_actor_cfg,,unresolved_complex_control_flow,,,,,requires_record_cfg,candidate,actor command is preceded by nontrivial control flow not reducible to immediate B3/B4 rel8=0x08 guard; do not assume unconditional visibility,docs/analysis/map_selector_upper_vm_cfg_promotion_20260928.md
cfg_t51_l180_v2@0xDB,0xDB,cfg_t51_l180_v2,0xDB,FDB-L002,0x33,4,59 33 62 04 02 10,a3 db b3 08,immediate_skip_actor_0x59,B3,0x08,predicate_zero_skips_actor; spawn_when_nonzero,a3 db,A3_flag_test,0xDB,confirmed_static_flag,"flag_test(spec=0xDB,wram=$1261,bit=3) != 0",0xDB,$1261,3,evaluable_if_flag_state_available,candidate,"B3/B4 rel8=0x08 branches over the following 6-byte opcode59 actor command; branch outcome is confirmed, predicate semantics preserved at available confidence",docs/analysis/map_selector_upper_vm_cfg_promotion_20260928.md
cfg_t51_l180_v2@0xDB,0xDB,cfg_t51_l180_v2,0xDB,FDB-L003,0x33,4,59 33 66 05 02 10,a3 db b3 08,immediate_skip_actor_0x59,B3,0x08,predicate_zero_skips_actor; spawn_when_nonzero,a3 db,A3_flag_test,0xDB,confirmed_static_flag,"flag_test(spec=0xDB,wram=$1261,bit=3) != 0",0xDB,$1261,3,evaluable_if_flag_state_available,candidate,"B3/B4 rel8=0x08 branches over the following 6-byte opcode59 actor command; branch outcome is confirmed, predicate semantics preserved at available confidence",docs/analysis/map_selector_upper_vm_cfg_promotion_20260928.md
cfg_t51_l180_v2@0xDB,0xDB,cfg_t51_l180_v2,0xDB,FDB-L004,0x39,4,59 39 68 09 02 10,a3 db b3 08,immediate_skip_actor_0x59,B3,0x08,predicate_zero_skips_actor; spawn_when_nonzero,a3 db,A3_flag_test,0xDB,confirmed_static_flag,"flag_test(spec=0xDB,wram=$1261,bit=3) != 0",0xDB,$1261,3,evaluable_if_flag_state_available,candidate,"B3/B4 rel8=0x08 branches over the following 6-byte opcode59 actor command; branch outcome is confirmed, predicate semantics preserved at available confidence",docs/analysis/map_selector_upper_vm_cfg_promotion_20260928.md
cfg_t51_l180_v2@0xDB,0xDB,cfg_t51_l180_v2,0xDB,FDB-L005,0x33,4,59 33 6c 06 02 10,a3 db b3 08,immediate_skip_actor_0x59,B3,0x08,predicate_zero_skips_actor; spawn_when_nonzero,a3 db,A3_flag_test,0xDB,confirmed_static_flag,"flag_test(spec=0xDB,wram=$1261,bit=3) != 0",0xDB,$1261,3,evaluable_if_flag_state_available,candidate,"B3/B4 rel8=0x08 branches over the following 6-byte opcode59 actor command; branch outcome is confirmed, predicate semantics preserved at available confidence",docs/analysis/map_selector_upper_vm_cfg_promotion_20260928.md
cfg_t51_l180_v2@0xDB,0xDB,cfg_t51_l180_v2,0xDB,FDB-L006,0x33,4,59 33 63 0b 01 10,a3 db b3 08,immediate_skip_actor_0x59,B3,0x08,predicate_zero_skips_actor; spawn_when_nonzero,a3 db,A3_flag_test,0xDB,confirmed_static_flag,"flag_test(spec=0xDB,wram=$1261,bit=3) != 0",0xDB,$1261,3,evaluable_if_flag_state_available,candidate,"B3/B4 rel8=0x08 branches over the following 6-byte opcode59 actor command; branch outcome is confirmed, predicate semantics preserved at available confidence",docs/analysis/map_selector_upper_vm_cfg_promotion_20260928.md
cfg_t51_l180_v2@0xDB,0xDB,cfg_t51_l180_v2,0xDB,FDB-L007,0x39,4,59 39 55 08 01 10,a3 db b3 08,immediate_skip_actor_0x59,B3,0x08,predicate_zero_skips_actor; spawn_when_nonzero,a3 db,A3_flag_test,0xDB,confirmed_static_flag,"flag_test(spec=0xDB,wram=$1261,bit=3) != 0",0xDB,$1261,3,evaluable_if_flag_state_available,candidate,"B3/B4 rel8=0x08 branches over the following 6-byte opcode59 actor command; branch outcome is confirmed, predicate semantics preserved at available confidence",docs/analysis/map_selector_upper_vm_cfg_promotion_20260928.md
cfg_t51_l180_v2@0xDB,0xDB,cfg_t51_l180_v2,0xDB,FDB-L008,0x33,4,59 33 59 06 01 10,a3 db b3 08,immediate_skip_actor_0x59,B3,0x08,predicate_zero_skips_actor; spawn_when_nonzero,a3 db,A3_flag_test,0xDB,confirmed_static_flag,"flag_test(spec=0xDB,wram=$1261,bit=3) != 0",0xDB,$1261,3,evaluable_if_flag_state_available,candidate,"B3/B4 rel8=0x08 branches over the following 6-byte opcode59 actor command; branch outcome is confirmed, predicate semantics preserved at available confidence",docs/analysis/map_selector_upper_vm_cfg_promotion_20260928.md
cfg_t51_l180_v2@0xDB,0xDB,cfg_t51_l180_v2,0xDB,FDB-L009,0x39,4,59 39 79 49 01 10,a3 db b3 08,immediate_skip_actor_0x59,B3,0x08,predicate_zero_skips_actor; spawn_when_nonzero,a3 db,A3_flag_test,0xDB,confirmed_static_flag,"flag_test(spec=0xDB,wram=$1261,bit=3) != 0",0xDB,$1261,3,evaluable_if_flag_state_available,candidate,"B3/B4 rel8=0x08 branches over the following 6-byte opcode59 actor command; branch outcome is confirmed, predicate semantics preserved at available confidence",docs/analysis/map_selector_upper_vm_cfg_promotion_20260928.md
cfg_t51_l180_v2@0xDB,0xDB,cfg_t51_l180_v2,0xDB,FDB-L010,0x39,4,59 39 75 45 01 10,a3 db b3 08,immediate_skip_actor_0x59,B3,0x08,predicate_zero_skips_actor; spawn_when_nonzero,a3 db,A3_flag_test,0xDB,confirmed_static_flag,"flag_test(spec=0xDB,wram=$1261,bit=3) != 0",0xDB,$1261,3,evaluable_if_flag_state_available,candidate,"B3/B4 rel8=0x08 branches over the following 6-byte opcode59 actor command; branch outcome is confirmed, predicate semantics preserved at available confidence",docs/analysis/map_selector_upper_vm_cfg_promotion_20260928.md
cfg_t51_l180_v2@0xDC,0xDC,cfg_t51_l180_v2,0xDC,FDC-L001,0x33,4,59 33 69 25 03 10,a3 ea b3 08,immediate_skip_actor_0x59,B3,0x08,predicate_zero_skips_actor; spawn_when_nonzero,a3 ea,A3_flag_test,0xEA,confirmed_static_flag,"flag_test(spec=0xEA,wram=$1263,bit=2) != 0",0xEA,$1263,2,evaluable_if_flag_state_available,candidate,"B3/B4 rel8=0x08 branches over the following 6-byte opcode59 actor command; branch outcome is confirmed, predicate semantics preserved at available confidence",docs/analysis/map_selector_upper_vm_cfg_promotion_20260928.md
cfg_t51_l180_v2@0xDC,0xDC,cfg_t51_l180_v2,0xDC,FDC-L002,0x33,4,59 33 55 35 02 10,a3 db b3 08,immediate_skip_actor_0x59,B3,0x08,predicate_zero_skips_actor; spawn_when_nonzero,a3 db,A3_flag_test,0xDB,confirmed_static_flag,"flag_test(spec=0xDB,wram=$1261,bit=3) != 0",0xDB,$1261,3,evaluable_if_flag_state_available,candidate,"B3/B4 rel8=0x08 branches over the following 6-byte opcode59 actor command; branch outcome is confirmed, predicate semantics preserved at available confidence",docs/analysis/map_selector_upper_vm_cfg_promotion_20260928.md
cfg_t55_l192_v2@0xE0,0xE0,cfg_t55_l192_v2,0xE0,FE0-L001,0x49,0,59 49 17 41 04 90,,no_pre_actor_guard,,,,,,,confirmed_static_unconditional,always,,,,not_required,visible,actor record reaches opcode59 directly with no preceding actor-local guard bytes,docs/analysis/map_selector_upper_vm_cfg_promotion_20260928.md
cfg_t55_l192_v2@0xE0,0xE0,cfg_t55_l192_v2,0xE0,FE0-L002,0x49,0,59 49 18 41 04 90,,no_pre_actor_guard,,,,,,,confirmed_static_unconditional,always,,,,not_required,visible,actor record reaches opcode59 directly with no preceding actor-local guard bytes,docs/analysis/map_selector_upper_vm_cfg_promotion_20260928.md
cfg_t55_l192_v2@0xE0,0xE0,cfg_t55_l192_v2,0xE0,FE0-L003,0x35,0,59 35 1c 11 02 00,,no_pre_actor_guard,,,,,,,confirmed_static_unconditional,always,,,,not_required,visible,actor record reaches opcode59 directly with no preceding actor-local guard bytes,docs/analysis/map_selector_upper_vm_cfg_promotion_20260928.md
cfg_t55_l192_v2@0xE0,0xE0,cfg_t55_l192_v2,0xE0,FE0-L004,0x35,0,59 35 11 1d 02 00,,no_pre_actor_guard,,,,,,,confirmed_static_unconditional,always,,,,not_required,visible,actor record reaches opcode59 directly with no preceding actor-local guard bytes,docs/analysis/map_selector_upper_vm_cfg_promotion_20260928.md
cfg_t55_l192_v2@0xE0,0xE0,cfg_t55_l192_v2,0xE0,FE0-L005,0x35,0,59 35 1e 1a 02 00,,no_pre_actor_guard,,,,,,,confirmed_static_unconditional,always,,,,not_required,visible,actor record reaches opcode59 directly with no preceding actor-local guard bytes,docs/analysis/map_selector_upper_vm_cfg_promotion_20260928.md
cfg_t55_l192_v2@0xE0,0xE0,cfg_t55_l192_v2,0xE0,FE0-L006,0x35,0,59 35 1b 25 02 00,,no_pre_actor_guard,,,,,,,confirmed_static_unconditional,always,,,,not_required,visible,actor record reaches opcode59 directly with no preceding actor-local guard bytes,docs/analysis/map_selector_upper_vm_cfg_promotion_20260928.md
cfg_t55_l192_v2@0xE0,0xE0,cfg_t55_l192_v2,0xE0,FE0-L007,0x35,0,59 35 12 25 02 00,,no_pre_actor_guard,,,,,,,confirmed_static_unconditional,always,,,,not_required,visible,actor record reaches opcode59 directly with no preceding actor-local guard bytes,docs/analysis/map_selector_upper_vm_cfg_promotion_20260928.md
cfg_t55_l192_v2@0xE0,0xE0,cfg_t55_l192_v2,0xE0,FE0-L008,0x35,0,59 35 17 26 02 00,,no_pre_actor_guard,,,,,,,confirmed_static_unconditional,always,,,,not_required,visible,actor record reaches opcode59 directly with no preceding actor-local guard bytes,docs/analysis/map_selector_upper_vm_cfg_promotion_20260928.md
cfg_t55_l192_v2@0xE0,0xE0,cfg_t55_l192_v2,0xE0,FE0-L009,0x30,8,59 30 1e 1f 02 00,a3 56 e1 a3 5a e8 b3 08,immediate_skip_actor_0x59,B3,0x08,predicate_zero_skips_actor; spawn_when_nonzero,a3 56 e1 a3 5a e8,compound_vm_expression,,confirmed_static_branch_unresolved_predicate,vm_expression(A3 56 E1 A3 5A E8) != 0,,,,requires_compound_vm_expression_evaluation,candidate,"B3/B4 rel8=0x08 branches over the following 6-byte opcode59 actor command; branch outcome is confirmed, predicate semantics preserved at available confidence",docs/analysis/map_selector_upper_vm_cfg_promotion_20260928.md
cfg_t55_l192_v2@0xE0,0xE0,cfg_t55_l192_v2,0xE0,FE0-L010,0x30,8,59 30 12 16 02 00,a3 57 e1 a3 5a e8 b3 08,immediate_skip_actor_0x59,B3,0x08,predicate_zero_skips_actor; spawn_when_nonzero,a3 57 e1 a3 5a e8,compound_vm_expression,,confirmed_static_branch_unresolved_predicate,vm_expression(A3 57 E1 A3 5A E8) != 0,,,,requires_compound_vm_expression_evaluation,candidate,"B3/B4 rel8=0x08 branches over the following 6-byte opcode59 actor command; branch outcome is confirmed, predicate semantics preserved at available confidence",docs/analysis/map_selector_upper_vm_cfg_promotion_20260928.md
cfg_t55_l192_v2@0xE0,0xE0,cfg_t55_l192_v2,0xE0,FE0-L011,0x30,4,59 30 19 2e 02 00,a3 5a b3 08,immediate_skip_actor_0x59,B3,0x08,predicate_zero_skips_actor; spawn_when_nonzero,a3 5a,A3_flag_test,0x5A,confirmed_static_flag,"flag_test(spec=0x5A,wram=$1251,bit=2) != 0",0x5A,$1251,2,evaluable_if_flag_state_available,candidate,"B3/B4 rel8=0x08 branches over the following 6-byte opcode59 actor command; branch outcome is confirmed, predicate semantics preserved at available confidence",docs/analysis/map_selector_upper_vm_cfg_promotion_20260928.md
cfg_t55_l192_v2@0xE1,0xE1,cfg_t55_l192_v2,0xE1,FE1-L001,0x35,0,59 35 34 0b 04 10,,no_pre_actor_guard,,,,,,,confirmed_static_unconditional,always,,,,not_required,visible,actor record reaches opcode59 directly with no preceding actor-local guard bytes,docs/analysis/map_selector_upper_vm_cfg_promotion_20260928.md
cfg_t55_l192_v2@0xE1,0xE1,cfg_t55_l192_v2,0xE1,FE1-L002,0x35,0,59 35 36 0b 04 10,,no_pre_actor_guard,,,,,,,confirmed_static_unconditional,always,,,,not_required,visible,actor record reaches opcode59 directly with no preceding actor-local guard bytes,docs/analysis/map_selector_upper_vm_cfg_promotion_20260928.md
cfg_t55_l192_v2@0xE1,0xE1,cfg_t55_l192_v2,0xE1,FE1-L003,0x35,0,59 35 38 16 02 00,,no_pre_actor_guard,,,,,,,confirmed_static_unconditional,always,,,,not_required,visible,actor record reaches opcode59 directly with no preceding actor-local guard bytes,docs/analysis/map_selector_upper_vm_cfg_promotion_20260928.md
cfg_t55_l192_v2@0xE1,0xE1,cfg_t55_l192_v2,0xE1,FE1-L004,0x35,0,59 35 45 16 02 00,,no_pre_actor_guard,,,,,,,confirmed_static_unconditional,always,,,,not_required,visible,actor record reaches opcode59 directly with no preceding actor-local guard bytes,docs/analysis/map_selector_upper_vm_cfg_promotion_20260928.md
cfg_t55_l192_v2@0xE1,0xE1,cfg_t55_l192_v2,0xE1,FE1-L005,0x48,4,59 48 35 0a 04 10,a3 62 b4 08,immediate_skip_actor_0x59,B4,0x08,predicate_nonzero_skips_actor; spawn_when_zero,a3 62,A3_flag_test,0x62,confirmed_static_flag,"flag_test(spec=0x62,wram=$1252,bit=2) == 0",0x62,$1252,2,evaluable_if_flag_state_available,candidate,"B3/B4 rel8=0x08 branches over the following 6-byte opcode59 actor command; branch outcome is confirmed, predicate semantics preserved at available confidence",docs/analysis/map_selector_upper_vm_cfg_promotion_20260928.md
cfg_t55_l192_v2@0xE1,0xE1,cfg_t55_l192_v2,0xE1,FE1-L006,0x30,9,59 30 34 0a 04 10,a3 5a e1 a3 f0 e1 e7 b3 08,immediate_skip_actor_0x59,B3,0x08,predicate_zero_skips_actor; spawn_when_nonzero,a3 5a e1 a3 f0 e1 e7,compound_vm_expression,,confirmed_static_branch_unresolved_predicate,vm_expression(A3 5A E1 A3 F0 E1 E7) != 0,,,,requires_compound_vm_expression_evaluation,candidate,"B3/B4 rel8=0x08 branches over the following 6-byte opcode59 actor command; branch outcome is confirmed, predicate semantics preserved at available confidence",docs/analysis/map_selector_upper_vm_cfg_promotion_20260928.md
cfg_t55_l192_v2@0xE2,0xE2,cfg_t55_l192_v2,0xE2,FE2-L001,0x35,0,59 35 42 43 02 10,,no_pre_actor_guard,,,,,,,confirmed_static_unconditional,always,,,,not_required,visible,actor record reaches opcode59 directly with no preceding actor-local guard bytes,docs/analysis/map_selector_upper_vm_cfg_promotion_20260928.md
cfg_t55_l192_v2@0xE2,0xE2,cfg_t55_l192_v2,0xE2,FE2-L002,0x2F,4,59 2f 05 0a 02 10,a3 54 b4 08,immediate_skip_actor_0x59,B4,0x08,predicate_nonzero_skips_actor; spawn_when_zero,a3 54,A3_flag_test,0x54,confirmed_static_flag,"flag_test(spec=0x54,wram=$1250,bit=4) == 0",0x54,$1250,4,evaluable_if_flag_state_available,candidate,"B3/B4 rel8=0x08 branches over the following 6-byte opcode59 actor command; branch outcome is confirmed, predicate semantics preserved at available confidence",docs/analysis/map_selector_upper_vm_cfg_promotion_20260928.md
cfg_t31_l142_v2@0xE9,0xE9,cfg_t31_l142_v2,0xE9,FE9-L001,0x77,10,59 77 0d 08 03 90,a3 de e1 21 9a 80 e1 e7 b3 08,immediate_skip_actor_0x59,B3,0x08,predicate_zero_skips_actor; spawn_when_nonzero,a3 de e1 21 9a 80 e1 e7,compound_vm_expression,,confirmed_static_branch_unresolved_predicate,vm_expression(A3 DE E1 21 9A 80 E1 E7) != 0,,,,requires_compound_vm_expression_evaluation,candidate,"B3/B4 rel8=0x08 branches over the following 6-byte opcode59 actor command; branch outcome is confirmed, predicate semantics preserved at available confidence",docs/analysis/map_selector_upper_vm_cfg_promotion_20260928.md
cfg_t31_l142_v2@0xE9,0xE9,cfg_t31_l142_v2,0xE9,FE9-L002,0x77,12,59 77 2d 0c 02 90,a3 de b4 0a 59 26 2d 0c 02 90 b2 08,complex_pre_actor_control_flow,,,,a3 de b4 0a 59 26 2d 0c 02 90 b2 08,nonlocal_or_multi_actor_cfg,,unresolved_complex_control_flow,,,,,requires_record_cfg,candidate,actor command is preceded by nontrivial control flow not reducible to immediate B3/B4 rel8=0x08 guard; do not assume unconditional visibility,docs/analysis/map_selector_upper_vm_cfg_promotion_20260928.md
cfg_t31_l142_v2@0xE9,0xE9,cfg_t31_l142_v2,0xE9,FE9-L003,0x77,12,59 77 32 0f 02 90,a3 de b4 0a 59 26 32 0f 02 90 b2 08,complex_pre_actor_control_flow,,,,a3 de b4 0a 59 26 32 0f 02 90 b2 08,nonlocal_or_multi_actor_cfg,,unresolved_complex_control_flow,,,,,requires_record_cfg,candidate,actor command is preceded by nontrivial control flow not reducible to immediate B3/B4 rel8=0x08 guard; do not assume unconditional visibility,docs/analysis/map_selector_upper_vm_cfg_promotion_20260928.md
cfg_t07_l007_v2@0xEC,0xEC,cfg_t07_l007_v2,0xEC,FEC-L001,0x41,4,59 41 05 04 02 10,a3 ee b3 08,immediate_skip_actor_0x59,B3,0x08,predicate_zero_skips_actor; spawn_when_nonzero,a3 ee,A3_flag_test,0xEE,confirmed_static_flag,"flag_test(spec=0xEE,wram=$1263,bit=6) != 0",0xEE,$1263,6,evaluable_if_flag_state_available,candidate,"B3/B4 rel8=0x08 branches over the following 6-byte opcode59 actor command; branch outcome is confirmed, predicate semantics preserved at available confidence",docs/analysis/map_selector_upper_vm_cfg_promotion_20260928.md
cfg_t07_l051_v2@0xEC,0xEC,cfg_t07_l051_v2,0xEC,FEC-L001,0x41,4,59 41 05 04 02 10,a3 ee b3 08,immediate_skip_actor_0x59,B3,0x08,predicate_zero_skips_actor; spawn_when_nonzero,a3 ee,A3_flag_test,0xEE,confirmed_static_flag,"flag_test(spec=0xEE,wram=$1263,bit=6) != 0",0xEE,$1263,6,evaluable_if_flag_state_available,candidate,"B3/B4 rel8=0x08 branches over the following 6-byte opcode59 actor command; branch outcome is confirmed, predicate semantics preserved at available confidence",docs/analysis/map_selector_upper_vm_cfg_promotion_20260928.md
cfg_t04_l070_v2@0xF3,0xF3,cfg_t04_l070_v2,0xF3,FF3-L003,0x40,0,59 40 22 11 02 00,,no_pre_actor_guard,,,,,,,confirmed_static_unconditional,always,,,,not_required,visible,actor record reaches opcode59 directly with no preceding actor-local guard bytes,docs/analysis/map_selector_upper_vm_cfg_promotion_20260928.md
cfg_t04_l070_v2@0xF3,0xF3,cfg_t04_l070_v2,0xF3,FF3-L004,0x59,0,59 59 2d 16 02 00,,no_pre_actor_guard,,,,,,,confirmed_static_unconditional,always,,,,not_required,visible,actor record reaches opcode59 directly with no preceding actor-local guard bytes,docs/analysis/map_selector_upper_vm_cfg_promotion_20260928.md
cfg_t04_l070_v2@0xF3,0xF3,cfg_t04_l070_v2,0xF3,FF3-L005,0x5B,0,59 5b 28 1d 02 10,,no_pre_actor_guard,,,,,,,confirmed_static_unconditional,always,,,,not_required,visible,actor record reaches opcode59 directly with no preceding actor-local guard bytes,docs/analysis/map_selector_upper_vm_cfg_promotion_20260928.md
cfg_t04_l070_v2@0xF3,0xF3,cfg_t04_l070_v2,0xF3,FF3-L006,0x43,0,59 43 28 26 02 00,,no_pre_actor_guard,,,,,,,confirmed_static_unconditional,always,,,,not_required,visible,actor record reaches opcode59 directly with no preceding actor-local guard bytes,docs/analysis/map_selector_upper_vm_cfg_promotion_20260928.md
cfg_t04_l070_v2@0xF3,0xF3,cfg_t04_l070_v2,0xF3,FF3-L007,0x5A,0,59 5a 21 2e 02 00,,no_pre_actor_guard,,,,,,,confirmed_static_unconditional,always,,,,not_required,visible,actor record reaches opcode59 directly with no preceding actor-local guard bytes,docs/analysis/map_selector_upper_vm_cfg_promotion_20260928.md
cfg_t04_l070_v2@0xF3,0xF3,cfg_t04_l070_v2,0xF3,FF3-L008,0x42,0,59 42 15 27 02 00,,no_pre_actor_guard,,,,,,,confirmed_static_unconditional,always,,,,not_required,visible,actor record reaches opcode59 directly with no preceding actor-local guard bytes,docs/analysis/map_selector_upper_vm_cfg_promotion_20260928.md
cfg_t04_l070_v2@0xF3,0xF3,cfg_t04_l070_v2,0xF3,FF3-L009,0x29,0,59 29 23 18 02 00,,no_pre_actor_guard,,,,,,,confirmed_static_unconditional,always,,,,not_required,visible,actor record reaches opcode59 directly with no preceding actor-local guard bytes,docs/analysis/map_selector_upper_vm_cfg_promotion_20260928.md
cfg_t04_l070_v2@0xF3,0xF3,cfg_t04_l070_v2,0xF3,FF3-L010,0x30,0,59 30 2e 0f 02 00,,no_pre_actor_guard,,,,,,,confirmed_static_unconditional,always,,,,not_required,visible,actor record reaches opcode59 directly with no preceding actor-local guard bytes,docs/analysis/map_selector_upper_vm_cfg_promotion_20260928.md
cfg_t04_l070_v2@0xF3,0xF3,cfg_t04_l070_v2,0xF3,FF3-L011,0x2F,0,59 2f 22 22 02 00,,no_pre_actor_guard,,,,,,,confirmed_static_unconditional,always,,,,not_required,visible,actor record reaches opcode59 directly with no preceding actor-local guard bytes,docs/analysis/map_selector_upper_vm_cfg_promotion_20260928.md
cfg_t06_l021_v2@0xF4,0xF4,cfg_t06_l021_v2,0xF4,FF4-L002,0x2E,0,59 2e 14 14 02 00,,no_pre_actor_guard,,,,,,,confirmed_static_unconditional,always,,,,not_required,visible,actor record reaches opcode59 directly with no preceding actor-local guard bytes,docs/analysis/map_selector_upper_vm_cfg_promotion_20260928.md
cfg_t06_l021_v2@0xF4,0xF4,cfg_t06_l021_v2,0xF4,FF4-L003,0x2E,0,59 2e 17 1a 02 00,,no_pre_actor_guard,,,,,,,confirmed_static_unconditional,always,,,,not_required,visible,actor record reaches opcode59 directly with no preceding actor-local guard bytes,docs/analysis/map_selector_upper_vm_cfg_promotion_20260928.md
cfg_t06_l021_v2@0xF4,0xF4,cfg_t06_l021_v2,0xF4,FF4-L004,0x43,0,59 43 1a 20 02 00,,no_pre_actor_guard,,,,,,,confirmed_static_unconditional,always,,,,not_required,visible,actor record reaches opcode59 directly with no preceding actor-local guard bytes,docs/analysis/map_selector_upper_vm_cfg_promotion_20260928.md
cfg_t06_l021_v2@0xF4,0xF4,cfg_t06_l021_v2,0xF4,FF4-L005,0x43,0,59 43 1f 17 02 00,,no_pre_actor_guard,,,,,,,confirmed_static_unconditional,always,,,,not_required,visible,actor record reaches opcode59 directly with no preceding actor-local guard bytes,docs/analysis/map_selector_upper_vm_cfg_promotion_20260928.md
cfg_t06_l021_v2@0xF4,0xF4,cfg_t06_l021_v2,0xF4,FF4-L006,0x2E,0,59 2e 1e 13 02 00,,no_pre_actor_guard,,,,,,,confirmed_static_unconditional,always,,,,not_required,visible,actor record reaches opcode59 directly with no preceding actor-local guard bytes,docs/analysis/map_selector_upper_vm_cfg_promotion_20260928.md
cfg_t06_l021_v2@0xF4,0xF4,cfg_t06_l021_v2,0xF4,FF4-L007,0x2E,0,59 2e 16 1b 02 00,,no_pre_actor_guard,,,,,,,confirmed_static_unconditional,always,,,,not_required,visible,actor record reaches opcode59 directly with no preceding actor-local guard bytes,docs/analysis/map_selector_upper_vm_cfg_promotion_20260928.md
cfg_t06_l021_v2@0xF4,0xF4,cfg_t06_l021_v2,0xF4,FF4-L008,0x40,4,59 40 12 16 02 00,a3 bd b3 08,immediate_skip_actor_0x59,B3,0x08,predicate_zero_skips_actor; spawn_when_nonzero,a3 bd,A3_flag_test,0xBD,confirmed_static_flag,"flag_test(spec=0xBD,wram=$125D,bit=5) != 0",0xBD,$125D,5,evaluable_if_flag_state_available,candidate,"B3/B4 rel8=0x08 branches over the following 6-byte opcode59 actor command; branch outcome is confirmed, predicate semantics preserved at available confidence",docs/analysis/map_selector_upper_vm_cfg_promotion_20260928.md
cfg_t06_l021_v2@0xF4,0xF4,cfg_t06_l021_v2,0xF4,FF4-L009,0x5A,4,59 5a 1a 17 02 00,a3 bd b3 08,immediate_skip_actor_0x59,B3,0x08,predicate_zero_skips_actor; spawn_when_nonzero,a3 bd,A3_flag_test,0xBD,confirmed_static_flag,"flag_test(spec=0xBD,wram=$125D,bit=5) != 0",0xBD,$125D,5,evaluable_if_flag_state_available,candidate,"B3/B4 rel8=0x08 branches over the following 6-byte opcode59 actor command; branch outcome is confirmed, predicate semantics preserved at available confidence",docs/analysis/map_selector_upper_vm_cfg_promotion_20260928.md
cfg_t50_l178_v1@0xF5,0xF5,cfg_t50_l178_v1,0xF5,FF5-L001,0x29,0,59 29 13 12 02 10,,no_pre_actor_guard,,,,,,,confirmed_static_unconditional,always,,,,not_required,visible,actor record reaches opcode59 directly with no preceding actor-local guard bytes,docs/analysis/map_selector_upper_vm_cfg_promotion_20260928.md
cfg_t50_l178_v1@0xF5,0xF5,cfg_t50_l178_v1,0xF5,FF5-L002,0x29,0,59 29 10 1c 02 10,,no_pre_actor_guard,,,,,,,confirmed_static_unconditional,always,,,,not_required,visible,actor record reaches opcode59 directly with no preceding actor-local guard bytes,docs/analysis/map_selector_upper_vm_cfg_promotion_20260928.md
cfg_t50_l178_v1@0xF5,0xF5,cfg_t50_l178_v1,0xF5,FF5-L003,0x29,0,59 29 16 1c 02 10,,no_pre_actor_guard,,,,,,,confirmed_static_unconditional,always,,,,not_required,visible,actor record reaches opcode59 directly with no preceding actor-local guard bytes,docs/analysis/map_selector_upper_vm_cfg_promotion_20260928.md
cfg_t50_l178_v1@0xF5,0xF5,cfg_t50_l178_v1,0xF5,FF5-L004,0x42,0,59 42 41 14 02 10,,no_pre_actor_guard,,,,,,,confirmed_static_unconditional,always,,,,not_required,visible,actor record reaches opcode59 directly with no preceding actor-local guard bytes,docs/analysis/map_selector_upper_vm_cfg_promotion_20260928.md
cfg_t50_l178_v1@0xF5,0xF5,cfg_t50_l178_v1,0xF5,FF5-L005,0x24,0,59 24 42 38 02 10,,no_pre_actor_guard,,,,,,,confirmed_static_unconditional,always,,,,not_required,visible,actor record reaches opcode59 directly with no preceding actor-local guard bytes,docs/analysis/map_selector_upper_vm_cfg_promotion_20260928.md
cfg_t50_l178_v1@0xF5,0xF5,cfg_t50_l178_v1,0xF5,FF5-L006,0x29,0,59 29 1b 10 03 10,,no_pre_actor_guard,,,,,,,confirmed_static_unconditional,always,,,,not_required,visible,actor record reaches opcode59 directly with no preceding actor-local guard bytes,docs/analysis/map_selector_upper_vm_cfg_promotion_20260928.md
cfg_t50_l178_v1@0xF5,0xF5,cfg_t50_l178_v1,0xF5,FF5-L007,0x05,10,59 05 0c 10 02 10,17 08 05 e1 17 07 05 e7 b3 08,immediate_skip_actor_0x59,B3,0x08,predicate_zero_skips_actor; spawn_when_nonzero,17 08 05 e1 17 07 05 e7,compound_vm_expression,,confirmed_static_branch_unresolved_predicate,vm_expression(17 08 05 E1 17 07 05 E7) != 0,,,,requires_compound_vm_expression_evaluation,candidate,"B3/B4 rel8=0x08 branches over the following 6-byte opcode59 actor command; branch outcome is confirmed, predicate semantics preserved at available confidence",docs/analysis/map_selector_upper_vm_cfg_promotion_20260928.md
cfg_t50_l178_v1@0xF5,0xF5,cfg_t50_l178_v1,0xF5,FF5-L008,0x02,10,59 02 0c 09 02 10,17 08 02 e1 17 07 02 e7 b3 08,immediate_skip_actor_0x59,B3,0x08,predicate_zero_skips_actor; spawn_when_nonzero,17 08 02 e1 17 07 02 e7,compound_vm_expression,,confirmed_static_branch_unresolved_predicate,vm_expression(17 08 02 E1 17 07 02 E7) != 0,,,,requires_compound_vm_expression_evaluation,candidate,"B3/B4 rel8=0x08 branches over the following 6-byte opcode59 actor command; branch outcome is confirmed, predicate semantics preserved at available confidence",docs/analysis/map_selector_upper_vm_cfg_promotion_20260928.md
cfg_t50_l178_v1@0xF5,0xF5,cfg_t50_l178_v1,0xF5,FF5-L009,0x03,10,59 03 11 09 02 10,17 08 03 e1 17 07 03 e7 b3 08,immediate_skip_actor_0x59,B3,0x08,predicate_zero_skips_actor; spawn_when_nonzero,17 08 03 e1 17 07 03 e7,compound_vm_expression,,confirmed_static_branch_unresolved_predicate,vm_expression(17 08 03 E1 17 07 03 E7) != 0,,,,requires_compound_vm_expression_evaluation,candidate,"B3/B4 rel8=0x08 branches over the following 6-byte opcode59 actor command; branch outcome is confirmed, predicate semantics preserved at available confidence",docs/analysis/map_selector_upper_vm_cfg_promotion_20260928.md
cfg_t50_l178_v1@0xF5,0xF5,cfg_t50_l178_v1,0xF5,FF5-L010,0x04,10,59 04 16 09 02 10,17 08 04 e1 17 07 04 e7 b3 08,immediate_skip_actor_0x59,B3,0x08,predicate_zero_skips_actor; spawn_when_nonzero,17 08 04 e1 17 07 04 e7,compound_vm_expression,,confirmed_static_branch_unresolved_predicate,vm_expression(17 08 04 E1 17 07 04 E7) != 0,,,,requires_compound_vm_expression_evaluation,candidate,"B3/B4 rel8=0x08 branches over the following 6-byte opcode59 actor command; branch outcome is confirmed, predicate semantics preserved at available confidence",docs/analysis/map_selector_upper_vm_cfg_promotion_20260928.md
cfg_t50_l178_v1@0xF5,0xF5,cfg_t50_l178_v1,0xF5,FF5-L011,0x09,10,59 09 1b 09 02 10,17 08 09 e1 17 07 09 e7 b3 08,immediate_skip_actor_0x59,B3,0x08,predicate_zero_skips_actor; spawn_when_nonzero,17 08 09 e1 17 07 09 e7,compound_vm_expression,,confirmed_static_branch_unresolved_predicate,vm_expression(17 08 09 E1 17 07 09 E7) != 0,,,,requires_compound_vm_expression_evaluation,candidate,"B3/B4 rel8=0x08 branches over the following 6-byte opcode59 actor command; branch outcome is confirmed, predicate semantics preserved at available confidence",docs/analysis/map_selector_upper_vm_cfg_promotion_20260928.md
cfg_t50_l178_v1@0xF5,0xF5,cfg_t50_l178_v1,0xF5,FF5-L012,0x06,10,59 06 3c 0e 02 10,17 08 06 e1 17 07 06 e7 b3 08,immediate_skip_actor_0x59,B3,0x08,predicate_zero_skips_actor; spawn_when_nonzero,17 08 06 e1 17 07 06 e7,compound_vm_expression,,confirmed_static_branch_unresolved_predicate,vm_expression(17 08 06 E1 17 07 06 E7) != 0,,,,requires_compound_vm_expression_evaluation,candidate,"B3/B4 rel8=0x08 branches over the following 6-byte opcode59 actor command; branch outcome is confirmed, predicate semantics preserved at available confidence",docs/analysis/map_selector_upper_vm_cfg_promotion_20260928.md
cfg_t50_l178_v1@0xF5,0xF5,cfg_t50_l178_v1,0xF5,FF5-L013,0x07,10,59 07 3f 0e 02 10,17 08 07 e1 17 07 07 e7 b3 08,immediate_skip_actor_0x59,B3,0x08,predicate_zero_skips_actor; spawn_when_nonzero,17 08 07 e1 17 07 07 e7,compound_vm_expression,,confirmed_static_branch_unresolved_predicate,vm_expression(17 08 07 E1 17 07 07 E7) != 0,,,,requires_compound_vm_expression_evaluation,candidate,"B3/B4 rel8=0x08 branches over the following 6-byte opcode59 actor command; branch outcome is confirmed, predicate semantics preserved at available confidence",docs/analysis/map_selector_upper_vm_cfg_promotion_20260928.md
cfg_t50_l178_v1@0xF5,0xF5,cfg_t50_l178_v1,0xF5,FF5-L014,0x11,10,59 11 47 06 02 10,17 08 11 e1 17 07 11 e7 b3 08,immediate_skip_actor_0x59,B3,0x08,predicate_zero_skips_actor; spawn_when_nonzero,17 08 11 e1 17 07 11 e7,compound_vm_expression,,confirmed_static_branch_unresolved_predicate,vm_expression(17 08 11 E1 17 07 11 E7) != 0,,,,requires_compound_vm_expression_evaluation,candidate,"B3/B4 rel8=0x08 branches over the following 6-byte opcode59 actor command; branch outcome is confirmed, predicate semantics preserved at available confidence",docs/analysis/map_selector_upper_vm_cfg_promotion_20260928.md
cfg_t50_l178_v1@0xF5,0xF5,cfg_t50_l178_v1,0xF5,FF5-L015,0x0F,10,59 0f 3d 07 02 10,17 08 0f e1 17 07 0f e7 b3 08,immediate_skip_actor_0x59,B3,0x08,predicate_zero_skips_actor; spawn_when_nonzero,17 08 0f e1 17 07 0f e7,compound_vm_expression,,confirmed_static_branch_unresolved_predicate,vm_expression(17 08 0F E1 17 07 0F E7) != 0,,,,requires_compound_vm_expression_evaluation,candidate,"B3/B4 rel8=0x08 branches over the following 6-byte opcode59 actor command; branch outcome is confirmed, predicate semantics preserved at available confidence",docs/analysis/map_selector_upper_vm_cfg_promotion_20260928.md
cfg_t50_l178_v1@0xF5,0xF5,cfg_t50_l178_v1,0xF5,FF5-L016,0x10,10,59 10 44 07 02 10,17 08 10 e1 17 07 10 e7 b3 08,immediate_skip_actor_0x59,B3,0x08,predicate_zero_skips_actor; spawn_when_nonzero,17 08 10 e1 17 07 10 e7,compound_vm_expression,,confirmed_static_branch_unresolved_predicate,vm_expression(17 08 10 E1 17 07 10 E7) != 0,,,,requires_compound_vm_expression_evaluation,candidate,"B3/B4 rel8=0x08 branches over the following 6-byte opcode59 actor command; branch outcome is confirmed, predicate semantics preserved at available confidence",docs/analysis/map_selector_upper_vm_cfg_promotion_20260928.md
cfg_t50_l178_v1@0xF5,0xF5,cfg_t50_l178_v1,0xF5,FF5-L017,0x08,10,59 08 41 06 02 10,17 08 08 e1 17 07 08 e7 b3 08,immediate_skip_actor_0x59,B3,0x08,predicate_zero_skips_actor; spawn_when_nonzero,17 08 08 e1 17 07 08 e7,compound_vm_expression,,confirmed_static_branch_unresolved_predicate,vm_expression(17 08 08 E1 17 07 08 E7) != 0,,,,requires_compound_vm_expression_evaluation,candidate,"B3/B4 rel8=0x08 branches over the following 6-byte opcode59 actor command; branch outcome is confirmed, predicate semantics preserved at available confidence",docs/analysis/map_selector_upper_vm_cfg_promotion_20260928.md
cfg_t50_l178_v1@0xF5,0xF5,cfg_t50_l178_v1,0xF5,FF5-L018,0x12,10,59 12 4b 07 02 10,17 08 12 e1 17 07 12 e7 b3 08,immediate_skip_actor_0x59,B3,0x08,predicate_zero_skips_actor; spawn_when_nonzero,17 08 12 e1 17 07 12 e7,compound_vm_expression,,confirmed_static_branch_unresolved_predicate,vm_expression(17 08 12 E1 17 07 12 E7) != 0,,,,requires_compound_vm_expression_evaluation,candidate,"B3/B4 rel8=0x08 branches over the following 6-byte opcode59 actor command; branch outcome is confirmed, predicate semantics preserved at available confidence",docs/analysis/map_selector_upper_vm_cfg_promotion_20260928.md
cfg_t50_l178_v1@0xF5,0xF5,cfg_t50_l178_v1,0xF5,FF5-L019,0x13,10,59 13 49 0e 02 10,17 08 13 e1 17 07 13 e7 b3 08,immediate_skip_actor_0x59,B3,0x08,predicate_zero_skips_actor; spawn_when_nonzero,17 08 13 e1 17 07 13 e7,compound_vm_expression,,confirmed_static_branch_unresolved_predicate,vm_expression(17 08 13 E1 17 07 13 E7) != 0,,,,requires_compound_vm_expression_evaluation,candidate,"B3/B4 rel8=0x08 branches over the following 6-byte opcode59 actor command; branch outcome is confirmed, predicate semantics preserved at available confidence",docs/analysis/map_selector_upper_vm_cfg_promotion_20260928.md
cfg_t50_l178_v1@0xF5,0xF5,cfg_t50_l178_v1,0xF5,FF5-L020,0x0D,10,59 0d 4c 0e 02 10,17 08 0d e1 17 07 0d e7 b3 08,immediate_skip_actor_0x59,B3,0x08,predicate_zero_skips_actor; spawn_when_nonzero,17 08 0d e1 17 07 0d e7,compound_vm_expression,,confirmed_static_branch_unresolved_predicate,vm_expression(17 08 0D E1 17 07 0D E7) != 0,,,,requires_compound_vm_expression_evaluation,candidate,"B3/B4 rel8=0x08 branches over the following 6-byte opcode59 actor command; branch outcome is confirmed, predicate semantics preserved at available confidence",docs/analysis/map_selector_upper_vm_cfg_promotion_20260928.md
cfg_t50_l178_v1@0xF5,0xF5,cfg_t50_l178_v1,0xF5,FF5-L021,0x0E,10,59 0e 7b 0a 02 10,17 08 0e e1 17 07 0e e7 b3 08,immediate_skip_actor_0x59,B3,0x08,predicate_zero_skips_actor; spawn_when_nonzero,17 08 0e e1 17 07 0e e7,compound_vm_expression,,confirmed_static_branch_unresolved_predicate,vm_expression(17 08 0E E1 17 07 0E E7) != 0,,,,requires_compound_vm_expression_evaluation,candidate,"B3/B4 rel8=0x08 branches over the following 6-byte opcode59 actor command; branch outcome is confirmed, predicate semantics preserved at available confidence",docs/analysis/map_selector_upper_vm_cfg_promotion_20260928.md
cfg_t50_l178_v1@0xF5,0xF5,cfg_t50_l178_v1,0xF5,FF5-L022,0x14,10,59 14 7a 03 02 10,17 08 14 e1 17 07 14 e7 b3 08,immediate_skip_actor_0x59,B3,0x08,predicate_zero_skips_actor; spawn_when_nonzero,17 08 14 e1 17 07 14 e7,compound_vm_expression,,confirmed_static_branch_unresolved_predicate,vm_expression(17 08 14 E1 17 07 14 E7) != 0,,,,requires_compound_vm_expression_evaluation,candidate,"B3/B4 rel8=0x08 branches over the following 6-byte opcode59 actor command; branch outcome is confirmed, predicate semantics preserved at available confidence",docs/analysis/map_selector_upper_vm_cfg_promotion_20260928.md
cfg_t50_l178_v1@0xF5,0xF5,cfg_t50_l178_v1,0xF5,FF5-L023,0x0A,10,59 0a 6d 0a 02 10,17 08 0a e1 17 07 0a e7 b3 08,immediate_skip_actor_0x59,B3,0x08,predicate_zero_skips_actor; spawn_when_nonzero,17 08 0a e1 17 07 0a e7,compound_vm_expression,,confirmed_static_branch_unresolved_predicate,vm_expression(17 08 0A E1 17 07 0A E7) != 0,,,,requires_compound_vm_expression_evaluation,candidate,"B3/B4 rel8=0x08 branches over the following 6-byte opcode59 actor command; branch outcome is confirmed, predicate semantics preserved at available confidence",docs/analysis/map_selector_upper_vm_cfg_promotion_20260928.md
cfg_t50_l178_v1@0xF5,0xF5,cfg_t50_l178_v1,0xF5,FF5-L024,0x6A,10,59 6a 74 03 02 10,17 08 0c e1 17 07 0c e7 b3 08,immediate_skip_actor_0x59,B3,0x08,predicate_zero_skips_actor; spawn_when_nonzero,17 08 0c e1 17 07 0c e7,compound_vm_expression,,confirmed_static_branch_unresolved_predicate,vm_expression(17 08 0C E1 17 07 0C E7) != 0,,,,requires_compound_vm_expression_evaluation,candidate,"B3/B4 rel8=0x08 branches over the following 6-byte opcode59 actor command; branch outcome is confirmed, predicate semantics preserved at available confidence",docs/analysis/map_selector_upper_vm_cfg_promotion_20260928.md
cfg_t50_l178_v1@0xF5,0xF5,cfg_t50_l178_v1,0xF5,FF5-L025,0x0B,10,59 0b 6e 03 02 10,17 08 0b e1 17 07 0b e7 b3 08,immediate_skip_actor_0x59,B3,0x08,predicate_zero_skips_actor; spawn_when_nonzero,17 08 0b e1 17 07 0b e7,compound_vm_expression,,confirmed_static_branch_unresolved_predicate,vm_expression(17 08 0B E1 17 07 0B E7) != 0,,,,requires_compound_vm_expression_evaluation,candidate,"B3/B4 rel8=0x08 branches over the following 6-byte opcode59 actor command; branch outcome is confirmed, predicate semantics preserved at available confidence",docs/analysis/map_selector_upper_vm_cfg_promotion_20260928.md
cfg_t07_l072_v2@0xF6,0xF6,cfg_t07_l072_v2,0xF6,FF6-L001,0x23,7,59 23 05 0c 01 10,08 b9 13 02 b4 03 b0,complex_pre_actor_control_flow,,,,08 b9 13 02 b4 03 b0,nonlocal_or_multi_actor_cfg,,unresolved_complex_control_flow,,,,,requires_record_cfg,candidate,actor command is preceded by nontrivial control flow not reducible to immediate B3/B4 rel8=0x08 guard; do not assume unconditional visibility,docs/analysis/map_selector_upper_vm_cfg_promotion_20260928.md
cfg_t04_l074_v2@0xF6,0xF6,cfg_t04_l074_v2,0xF6,FF6-L001,0x23,7,59 23 05 0c 01 10,08 b9 13 02 b4 03 b0,complex_pre_actor_control_flow,,,,08 b9 13 02 b4 03 b0,nonlocal_or_multi_actor_cfg,,unresolved_complex_control_flow,,,,,requires_record_cfg,candidate,actor command is preceded by nontrivial control flow not reducible to immediate B3/B4 rel8=0x08 guard; do not assume unconditional visibility,docs/analysis/map_selector_upper_vm_cfg_promotion_20260928.md
cfg_t07_l009_v2@0xF9,0xF9,cfg_t07_l009_v2,0xF9,FF9-L001,0x49,0,59 49 04 06 02 00,,no_pre_actor_guard,,,,,,,confirmed_static_unconditional,always,,,,not_required,visible,actor record reaches opcode59 directly with no preceding actor-local guard bytes,docs/analysis/map_selector_upper_vm_cfg_promotion_20260928.md
cfg_t07_l009_v2@0xF9,0xF9,cfg_t07_l009_v2,0xF9,FF9-L002,0x3E,0,59 3e 05 05 02 00,,no_pre_actor_guard,,,,,,,confirmed_static_unconditional,always,,,,not_required,visible,actor record reaches opcode59 directly with no preceding actor-local guard bytes,docs/analysis/map_selector_upper_vm_cfg_promotion_20260928.md
cfg_t07_l009_v2@0xF9,0xF9,cfg_t07_l009_v2,0xF9,FF9-L003,0x27,0,59 27 06 05 02 00,,no_pre_actor_guard,,,,,,,confirmed_static_unconditional,always,,,,not_required,visible,actor record reaches opcode59 directly with no preceding actor-local guard bytes,docs/analysis/map_selector_upper_vm_cfg_promotion_20260928.md
cfg_t07_l009_v2@0xF9,0xF9,cfg_t07_l009_v2,0xF9,FF9-L004,0x59,0,59 59 05 02 01 41,,no_pre_actor_guard,,,,,,,confirmed_static_unconditional,always,,,,not_required,visible,actor record reaches opcode59 directly with no preceding actor-local guard bytes,docs/analysis/map_selector_upper_vm_cfg_promotion_20260928.md
cfg_t07_l009_v2@0xF9,0xF9,cfg_t07_l009_v2,0xF9,FF9-L005,0x03,0,59 03 02 03 01 10,,no_pre_actor_guard,,,,,,,confirmed_static_unconditional,always,,,,not_required,visible,actor record reaches opcode59 directly with no preceding actor-local guard bytes,docs/analysis/map_selector_upper_vm_cfg_promotion_20260928.md
cfg_t07_l009_v2@0xF9,0xF9,cfg_t07_l009_v2,0xF9,FF9-L006,0x5C,0,59 5c 04 02 02 10,,no_pre_actor_guard,,,,,,,confirmed_static_unconditional,always,,,,not_required,visible,actor record reaches opcode59 directly with no preceding actor-local guard bytes,docs/analysis/map_selector_upper_vm_cfg_promotion_20260928.md
cfg_t07_l009_v2@0xF9,0xF9,cfg_t07_l009_v2,0xF9,FF9-L007,0x9C,0,59 9c 08 05 02 41,,no_pre_actor_guard,,,,,,,confirmed_static_unconditional,always,,,,not_required,visible,actor record reaches opcode59 directly with no preceding actor-local guard bytes,docs/analysis/map_selector_upper_vm_cfg_promotion_20260928.md
cfg_t07_l009_v2@0xF9,0xF9,cfg_t07_l009_v2,0xF9,FF9-L008,0x27,0,59 27 09 04 02 10,,no_pre_actor_guard,,,,,,,confirmed_static_unconditional,always,,,,not_required,visible,actor record reaches opcode59 directly with no preceding actor-local guard bytes,docs/analysis/map_selector_upper_vm_cfg_promotion_20260928.md
cfg_t07_l009_v2@0xF9,0xF9,cfg_t07_l009_v2,0xF9,FF9-L009,0x49,0,59 49 0b 02 02 10,,no_pre_actor_guard,,,,,,,confirmed_static_unconditional,always,,,,not_required,visible,actor record reaches opcode59 directly with no preceding actor-local guard bytes,docs/analysis/map_selector_upper_vm_cfg_promotion_20260928.md
