config_id,pack_id_hex,record_id,selector_hex,visual_form,semantic_role,controller_pointer,controller_pointer_status,controller_dispatch_grammar,controller_dispatch_keys,actor_command_position,record_body_shape,record_body_size,actor_command_offset,body_prefix_size,body_suffix_size,body_suffix_hex,spawn_condition_status,spawn_condition_expr,spawn_visibility_when_state_unknown,field_06D9_seed,initial_facing_candidate,initial_facing_status,field_0719_seed_dec,field_0719_seed_hex,validated_event_source_count,decoded_dialogue_source_count,behavior_class,behavior_confidence,evidence,provenance
cfg_t07_l016_v2,0x2A,F2A-L001,0x43,humanoid_like,unknown,CB:D7EA,confirmed_frame_trailer_pointer,7A_body16_7C_next_plus_1_16_00,0x7A->body16;0x7C->next_record_plus_1_16;0x00->terminator,static_event_tail_opcode59_actor_controller,prefix_plus_tail_placement,10,4,4,0,,confirmed_static_control_partial_predicate,"predicate_2D(operand=0x68,compare_target=$0306) != 0",candidate,2,down/front,candidate_value_domain_matches_confirmed_motion_pattern,16,0x10,0,0,placed_actor_no_validated_source,placement_only,controller pointer equals structural event trailer; no validated source selection; field06D9=2 matches confirmed motion-pattern value down/front; reader linkage not yet proven; spawn=confirmed_static_control_partial_predicate,static_map_actor_selector_crosslink_20260930.csv;event_record_frame_catalog.csv;static_actor_event_dialogue_binding_20260930.csv;static_actor_spawn_conditions_20260930.csv;actor_motion_direction_pattern_table_20260930.csv
cfg_t07_l016_v2,0x2A,F2A-L002,0x43,humanoid_like,unknown,CB:D807,confirmed_frame_trailer_pointer,7A_body16_7C_next_plus_1_16_00,0x7A->body16;0x7C->next_record_plus_1_16;0x00->terminator,static_event_tail_opcode59_actor_controller,prefix_plus_tail_placement,10,4,4,0,,confirmed_static_control_partial_predicate,"predicate_2D(operand=0x6A,compare_target=$0306) != 0",candidate,2,down/front,candidate_value_domain_matches_confirmed_motion_pattern,16,0x10,2,0,event_source_bound_actor,strong_structural,controller pointer equals structural event trailer; 2 validated event source binding(s); field06D9=2 matches confirmed motion-pattern value down/front; reader linkage not yet proven; spawn=confirmed_static_control_partial_predicate,static_map_actor_selector_crosslink_20260930.csv;event_record_frame_catalog.csv;static_actor_event_dialogue_binding_20260930.csv;static_actor_spawn_conditions_20260930.csv;actor_motion_direction_pattern_table_20260930.csv
cfg_t07_l016_v2,0x2A,F2A-L003,0x43,humanoid_like,unknown,CB:D82C,confirmed_frame_trailer_pointer,7A_body16_7C_next_plus_1_16_00,0x7A->body16;0x7C->next_record_plus_1_16;0x00->terminator,static_event_tail_opcode59_actor_controller,prefix_plus_tail_placement,17,11,11,0,,confirmed_static_branch_unresolved_predicate,vm_expression(2D 6B A3 73 E1 A3 70 E8 E7) != 0,candidate,2,down/front,candidate_value_domain_matches_confirmed_motion_pattern,16,0x10,3,0,event_source_bound_actor,strong_structural,controller pointer equals structural event trailer; 3 validated event source binding(s); field06D9=2 matches confirmed motion-pattern value down/front; reader linkage not yet proven; spawn=confirmed_static_branch_unresolved_predicate,static_map_actor_selector_crosslink_20260930.csv;event_record_frame_catalog.csv;static_actor_event_dialogue_binding_20260930.csv;static_actor_spawn_conditions_20260930.csv;actor_motion_direction_pattern_table_20260930.csv
cfg_t07_l016_v2,0x2A,F2A-L004,0x43,humanoid_like,unknown,CB:D86C,confirmed_frame_trailer_pointer,7A_body16_7C_next_plus_1_16_00,0x7A->body16;0x7C->next_record_plus_1_16;0x00->terminator,static_event_tail_opcode59_actor_controller,prefix_plus_tail_placement,10,4,4,0,,confirmed_static_control_partial_predicate,"predicate_2D(operand=0x65,compare_target=$0306) != 0",candidate,2,down/front,candidate_value_domain_matches_confirmed_motion_pattern,16,0x10,3,0,event_source_bound_actor,strong_structural,controller pointer equals structural event trailer; 3 validated event source binding(s); field06D9=2 matches confirmed motion-pattern value down/front; reader linkage not yet proven; spawn=confirmed_static_control_partial_predicate,static_map_actor_selector_crosslink_20260930.csv;event_record_frame_catalog.csv;static_actor_event_dialogue_binding_20260930.csv;static_actor_spawn_conditions_20260930.csv;actor_motion_direction_pattern_table_20260930.csv
cfg_t07_l016_v2,0x2A,F2A-L005,0x43,humanoid_like,unknown,CB:D889,confirmed_frame_trailer_pointer,7A_body16_7C_next_plus_1_16_00,0x7A->body16;0x7C->next_record_plus_1_16;0x00->terminator,static_event_tail_opcode59_actor_controller,prefix_plus_tail_placement,10,4,4,0,,confirmed_static_control_partial_predicate,"predicate_2D(operand=0x6F,compare_target=$0306) != 0",candidate,2,down/front,candidate_value_domain_matches_confirmed_motion_pattern,16,0x10,2,0,event_source_bound_actor,strong_structural,controller pointer equals structural event trailer; 2 validated event source binding(s); field06D9=2 matches confirmed motion-pattern value down/front; reader linkage not yet proven; spawn=confirmed_static_control_partial_predicate,static_map_actor_selector_crosslink_20260930.csv;event_record_frame_catalog.csv;static_actor_event_dialogue_binding_20260930.csv;static_actor_spawn_conditions_20260930.csv;actor_motion_direction_pattern_table_20260930.csv
cfg_t07_l016_v2,0x2A,F2A-L006,0x23,humanoid_like,unknown,CB:D89E,confirmed_frame_trailer_pointer,7A_body16_7C_next_plus_1_16_00,0x7A->body16;0x7C->next_record_plus_1_16;0x00->terminator,static_event_tail_opcode59_actor_controller,prefix_plus_tail_placement,10,4,4,0,,confirmed_static_control_partial_predicate,"predicate_2D(operand=0x6F,compare_target=$0306) != 0",candidate,2,down/front,candidate_value_domain_matches_confirmed_motion_pattern,16,0x10,1,0,event_source_bound_actor,strong_structural,controller pointer equals structural event trailer; 1 validated event source binding(s); field06D9=2 matches confirmed motion-pattern value down/front; reader linkage not yet proven; spawn=confirmed_static_control_partial_predicate,static_map_actor_selector_crosslink_20260930.csv;event_record_frame_catalog.csv;static_actor_event_dialogue_binding_20260930.csv;static_actor_spawn_conditions_20260930.csv;actor_motion_direction_pattern_table_20260930.csv
cfg_t07_l016_v2,0x2A,F2A-L007,0x43,humanoid_like,unknown,CB:D8B3,confirmed_frame_trailer_pointer,7A_body16_7C_next_plus_1_16_00,0x7A->body16;0x7C->next_record_plus_1_16;0x00->terminator,static_event_tail_opcode59_actor_controller,prefix_plus_tail_placement,10,4,4,0,,confirmed_static_control_partial_predicate,"predicate_2D(operand=0x82,compare_target=$0306) != 0",candidate,2,down/front,candidate_value_domain_matches_confirmed_motion_pattern,16,0x10,1,0,event_source_bound_actor,strong_structural,controller pointer equals structural event trailer; 1 validated event source binding(s); field06D9=2 matches confirmed motion-pattern value down/front; reader linkage not yet proven; spawn=confirmed_static_control_partial_predicate,static_map_actor_selector_crosslink_20260930.csv;event_record_frame_catalog.csv;static_actor_event_dialogue_binding_20260930.csv;static_actor_spawn_conditions_20260930.csv;actor_motion_direction_pattern_table_20260930.csv
cfg_t07_l016_v2,0x2A,F2A-L008,0x43,humanoid_like,unknown,CB:D8E7,confirmed_frame_trailer_pointer,7A_body16_7C_next_plus_1_16_00,0x7A->body16;0x7C->next_record_plus_1_16;0x00->terminator,static_event_tail_opcode59_actor_controller,prefix_plus_tail_placement,13,7,7,0,,confirmed_static_branch_unresolved_predicate,vm_expression(2D 83 A3 B9 E7) != 0,candidate,2,down/front,candidate_value_domain_matches_confirmed_motion_pattern,16,0x10,3,0,event_source_bound_actor,strong_structural,controller pointer equals structural event trailer; 3 validated event source binding(s); field06D9=2 matches confirmed motion-pattern value down/front; reader linkage not yet proven; spawn=confirmed_static_branch_unresolved_predicate,static_map_actor_selector_crosslink_20260930.csv;event_record_frame_catalog.csv;static_actor_event_dialogue_binding_20260930.csv;static_actor_spawn_conditions_20260930.csv;actor_motion_direction_pattern_table_20260930.csv
cfg_t07_l016_v2,0x2A,F2A-L009,0x43,humanoid_like,unknown,CB:D907,confirmed_frame_trailer_pointer,7A_body16_7C_next_plus_1_16_00,0x7A->body16;0x7C->next_record_plus_1_16;0x00->terminator,static_event_tail_opcode59_actor_controller,prefix_plus_tail_placement,13,7,7,0,,confirmed_static_branch_unresolved_predicate,vm_expression(2D 83 A3 BD E7) != 0,candidate,2,down/front,candidate_value_domain_matches_confirmed_motion_pattern,16,0x10,2,0,event_source_bound_actor,strong_structural,controller pointer equals structural event trailer; 2 validated event source binding(s); field06D9=2 matches confirmed motion-pattern value down/front; reader linkage not yet proven; spawn=confirmed_static_branch_unresolved_predicate,static_map_actor_selector_crosslink_20260930.csv;event_record_frame_catalog.csv;static_actor_event_dialogue_binding_20260930.csv;static_actor_spawn_conditions_20260930.csv;actor_motion_direction_pattern_table_20260930.csv
cfg_t07_l016_v2,0x2A,F2A-L010,0x29,humanoid_like,unknown,CB:D91F,confirmed_frame_trailer_pointer,7A_body16_7C_next_plus_1_16_00,0x7A->body16;0x7C->next_record_plus_1_16;0x00->terminator,static_event_tail_opcode59_actor_controller,prefix_plus_tail_placement,10,4,4,0,,confirmed_static_control_partial_predicate,"predicate_2D(operand=0xCA,compare_target=$0306) != 0",candidate,2,down/front,candidate_value_domain_matches_confirmed_motion_pattern,16,0x10,1,0,event_source_bound_actor,strong_structural,controller pointer equals structural event trailer; 1 validated event source binding(s); field06D9=2 matches confirmed motion-pattern value down/front; reader linkage not yet proven; spawn=confirmed_static_control_partial_predicate,static_map_actor_selector_crosslink_20260930.csv;event_record_frame_catalog.csv;static_actor_event_dialogue_binding_20260930.csv;static_actor_spawn_conditions_20260930.csv;actor_motion_direction_pattern_table_20260930.csv
cfg_t07_l016_v2,0x2A,F2A-L011,0x43,humanoid_like,unknown,CB:D93E,confirmed_frame_trailer_pointer,7A_body16_7C_next_plus_1_16_00,0x7A->body16;0x7C->next_record_plus_1_16;0x00->terminator,static_event_tail_opcode59_actor_controller,prefix_plus_tail_placement,10,4,4,0,,confirmed_static_control_partial_predicate,"predicate_2D(operand=0xCA,compare_target=$0306) != 0",candidate,2,down/front,candidate_value_domain_matches_confirmed_motion_pattern,16,0x10,2,0,event_source_bound_actor,strong_structural,controller pointer equals structural event trailer; 2 validated event source binding(s); field06D9=2 matches confirmed motion-pattern value down/front; reader linkage not yet proven; spawn=confirmed_static_control_partial_predicate,static_map_actor_selector_crosslink_20260930.csv;event_record_frame_catalog.csv;static_actor_event_dialogue_binding_20260930.csv;static_actor_spawn_conditions_20260930.csv;actor_motion_direction_pattern_table_20260930.csv
cfg_t07_l033_v2,0x2C,F2C-L001,0x41,humanoid_like,unknown,CB:DA4A,confirmed_frame_trailer_pointer,7A_body16_7C_next_plus_1_16_00,0x7A->body16;0x7C->next_record_plus_1_16;0x00->terminator,static_event_tail_opcode59_actor_controller,prefix_plus_tail_placement,25,19,19,0,,confirmed_static_branch_unresolved_predicate,vm_expression(A0 FD CD CB B6 B3 03 B0 08 B9 13 03 08 B9 13 04 E8) != 0,candidate,2,down/front,candidate_value_domain_matches_confirmed_motion_pattern,16,0x10,0,0,placed_actor_no_validated_source,placement_only,controller pointer equals structural event trailer; no validated source selection; field06D9=2 matches confirmed motion-pattern value down/front; reader linkage not yet proven; spawn=confirmed_static_branch_unresolved_predicate,static_map_actor_selector_crosslink_20260930.csv;event_record_frame_catalog.csv;static_actor_event_dialogue_binding_20260930.csv;static_actor_spawn_conditions_20260930.csv;actor_motion_direction_pattern_table_20260930.csv
cfg_t07_l011_v2,0x2C,F2C-L001,0x41,humanoid_like,unknown,CB:DA4A,confirmed_frame_trailer_pointer,7A_body16_7C_next_plus_1_16_00,0x7A->body16;0x7C->next_record_plus_1_16;0x00->terminator,static_event_tail_opcode59_actor_controller,prefix_plus_tail_placement,25,19,19,0,,confirmed_static_branch_unresolved_predicate,vm_expression(A0 FD CD CB B6 B3 03 B0 08 B9 13 03 08 B9 13 04 E8) != 0,candidate,2,down/front,candidate_value_domain_matches_confirmed_motion_pattern,16,0x10,0,0,placed_actor_no_validated_source,placement_only,controller pointer equals structural event trailer; no validated source selection; field06D9=2 matches confirmed motion-pattern value down/front; reader linkage not yet proven; spawn=confirmed_static_branch_unresolved_predicate,static_map_actor_selector_crosslink_20260930.csv;event_record_frame_catalog.csv;static_actor_event_dialogue_binding_20260930.csv;static_actor_spawn_conditions_20260930.csv;actor_motion_direction_pattern_table_20260930.csv
cfg_t07_l033_v2,0x2C,F2C-L002,0x3C,humanoid_like,unknown,CB:DA74,confirmed_frame_trailer_pointer,7A_body16_7C_next_plus_1_16_00,0x7A->body16;0x7C->next_record_plus_1_16;0x00->terminator,static_event_tail_opcode59_actor_controller,prefix_plus_tail_placement,12,6,6,0,,confirmed_static_control_partial_predicate,predicate_08(bytes=08 B9 13 05) != 0,candidate,2,down/front,candidate_value_domain_matches_confirmed_motion_pattern,16,0x10,0,0,placed_actor_no_validated_source,placement_only,controller pointer equals structural event trailer; no validated source selection; field06D9=2 matches confirmed motion-pattern value down/front; reader linkage not yet proven; spawn=confirmed_static_control_partial_predicate,static_map_actor_selector_crosslink_20260930.csv;event_record_frame_catalog.csv;static_actor_event_dialogue_binding_20260930.csv;static_actor_spawn_conditions_20260930.csv;actor_motion_direction_pattern_table_20260930.csv
cfg_t07_l011_v2,0x2C,F2C-L002,0x3C,humanoid_like,unknown,CB:DA74,confirmed_frame_trailer_pointer,7A_body16_7C_next_plus_1_16_00,0x7A->body16;0x7C->next_record_plus_1_16;0x00->terminator,static_event_tail_opcode59_actor_controller,prefix_plus_tail_placement,12,6,6,0,,confirmed_static_control_partial_predicate,predicate_08(bytes=08 B9 13 05) != 0,candidate,2,down/front,candidate_value_domain_matches_confirmed_motion_pattern,16,0x10,0,0,placed_actor_no_validated_source,placement_only,controller pointer equals structural event trailer; no validated source selection; field06D9=2 matches confirmed motion-pattern value down/front; reader linkage not yet proven; spawn=confirmed_static_control_partial_predicate,static_map_actor_selector_crosslink_20260930.csv;event_record_frame_catalog.csv;static_actor_event_dialogue_binding_20260930.csv;static_actor_spawn_conditions_20260930.csv;actor_motion_direction_pattern_table_20260930.csv
cfg_t07_l033_v2,0x2C,F2C-L003,0x43,humanoid_like,unknown,CB:DB28,confirmed_frame_trailer_pointer,7A_body16_7C_next_plus_1_16_00,0x7A->body16;0x7C->next_record_plus_1_16;0x00->terminator,static_event_tail_opcode59_actor_controller,prefix_plus_tail_placement,15,9,9,0,,confirmed_static_branch_unresolved_predicate,vm_expression(2D 60 08 B9 13 02 E7) != 0,candidate,2,down/front,candidate_value_domain_matches_confirmed_motion_pattern,16,0x10,0,0,placed_actor_no_validated_source,placement_only,controller pointer equals structural event trailer; no validated source selection; field06D9=2 matches confirmed motion-pattern value down/front; reader linkage not yet proven; spawn=confirmed_static_branch_unresolved_predicate,static_map_actor_selector_crosslink_20260930.csv;event_record_frame_catalog.csv;static_actor_event_dialogue_binding_20260930.csv;static_actor_spawn_conditions_20260930.csv;actor_motion_direction_pattern_table_20260930.csv
cfg_t07_l011_v2,0x2C,F2C-L003,0x43,humanoid_like,unknown,CB:DB28,confirmed_frame_trailer_pointer,7A_body16_7C_next_plus_1_16_00,0x7A->body16;0x7C->next_record_plus_1_16;0x00->terminator,static_event_tail_opcode59_actor_controller,prefix_plus_tail_placement,15,9,9,0,,confirmed_static_branch_unresolved_predicate,vm_expression(2D 60 08 B9 13 02 E7) != 0,candidate,2,down/front,candidate_value_domain_matches_confirmed_motion_pattern,16,0x10,0,0,placed_actor_no_validated_source,placement_only,controller pointer equals structural event trailer; no validated source selection; field06D9=2 matches confirmed motion-pattern value down/front; reader linkage not yet proven; spawn=confirmed_static_branch_unresolved_predicate,static_map_actor_selector_crosslink_20260930.csv;event_record_frame_catalog.csv;static_actor_event_dialogue_binding_20260930.csv;static_actor_spawn_conditions_20260930.csv;actor_motion_direction_pattern_table_20260930.csv
cfg_t07_l033_v2,0x2C,F2C-L004,0x5A,humanoid_like,unknown,CB:DB4A,confirmed_frame_trailer_pointer,7A_body16_7C_next_plus_1_16_00,0x7A->body16;0x7C->next_record_plus_1_16;0x00->terminator,static_event_tail_opcode59_actor_controller,prefix_plus_tail_placement,15,9,9,0,,confirmed_static_branch_unresolved_predicate,vm_expression(2D 60 08 B9 13 02 E7) != 0,candidate,2,down/front,candidate_value_domain_matches_confirmed_motion_pattern,16,0x10,2,0,event_source_bound_actor,strong_structural,controller pointer equals structural event trailer; 2 validated event source binding(s); field06D9=2 matches confirmed motion-pattern value down/front; reader linkage not yet proven; spawn=confirmed_static_branch_unresolved_predicate,static_map_actor_selector_crosslink_20260930.csv;event_record_frame_catalog.csv;static_actor_event_dialogue_binding_20260930.csv;static_actor_spawn_conditions_20260930.csv;actor_motion_direction_pattern_table_20260930.csv
cfg_t07_l011_v2,0x2C,F2C-L004,0x5A,humanoid_like,unknown,CB:DB4A,confirmed_frame_trailer_pointer,7A_body16_7C_next_plus_1_16_00,0x7A->body16;0x7C->next_record_plus_1_16;0x00->terminator,static_event_tail_opcode59_actor_controller,prefix_plus_tail_placement,15,9,9,0,,confirmed_static_branch_unresolved_predicate,vm_expression(2D 60 08 B9 13 02 E7) != 0,candidate,2,down/front,candidate_value_domain_matches_confirmed_motion_pattern,16,0x10,2,0,event_source_bound_actor,strong_structural,controller pointer equals structural event trailer; 2 validated event source binding(s); field06D9=2 matches confirmed motion-pattern value down/front; reader linkage not yet proven; spawn=confirmed_static_branch_unresolved_predicate,static_map_actor_selector_crosslink_20260930.csv;event_record_frame_catalog.csv;static_actor_event_dialogue_binding_20260930.csv;static_actor_spawn_conditions_20260930.csv;actor_motion_direction_pattern_table_20260930.csv
cfg_t07_l033_v2,0x2C,F2C-L005,0x24,humanoid_like,unknown,CB:DB6C,confirmed_frame_trailer_pointer,7A_body16_7C_next_plus_1_16_00,0x7A->body16;0x7C->next_record_plus_1_16;0x00->terminator,static_event_tail_opcode59_actor_controller,prefix_plus_tail_placement,10,4,4,0,,confirmed_static_control_partial_predicate,"predicate_2D(operand=0x68,compare_target=$0306) != 0",candidate,2,down/front,candidate_value_domain_matches_confirmed_motion_pattern,16,0x10,2,0,event_source_bound_actor,strong_structural,controller pointer equals structural event trailer; 2 validated event source binding(s); field06D9=2 matches confirmed motion-pattern value down/front; reader linkage not yet proven; spawn=confirmed_static_control_partial_predicate,static_map_actor_selector_crosslink_20260930.csv;event_record_frame_catalog.csv;static_actor_event_dialogue_binding_20260930.csv;static_actor_spawn_conditions_20260930.csv;actor_motion_direction_pattern_table_20260930.csv
cfg_t07_l011_v2,0x2C,F2C-L005,0x24,humanoid_like,unknown,CB:DB6C,confirmed_frame_trailer_pointer,7A_body16_7C_next_plus_1_16_00,0x7A->body16;0x7C->next_record_plus_1_16;0x00->terminator,static_event_tail_opcode59_actor_controller,prefix_plus_tail_placement,10,4,4,0,,confirmed_static_control_partial_predicate,"predicate_2D(operand=0x68,compare_target=$0306) != 0",candidate,2,down/front,candidate_value_domain_matches_confirmed_motion_pattern,16,0x10,2,0,event_source_bound_actor,strong_structural,controller pointer equals structural event trailer; 2 validated event source binding(s); field06D9=2 matches confirmed motion-pattern value down/front; reader linkage not yet proven; spawn=confirmed_static_control_partial_predicate,static_map_actor_selector_crosslink_20260930.csv;event_record_frame_catalog.csv;static_actor_event_dialogue_binding_20260930.csv;static_actor_spawn_conditions_20260930.csv;actor_motion_direction_pattern_table_20260930.csv
cfg_t07_l033_v2,0x2C,F2C-L006,0x0D,,unknown,CB:DB89,confirmed_frame_trailer_pointer,7A_body16_7C_next_plus_1_16_00,0x7A->body16;0x7C->next_record_plus_1_16;0x00->terminator,static_event_tail_opcode59_actor_controller,prefix_plus_tail_placement,23,17,17,0,,confirmed_static_branch_unresolved_predicate,vm_expression(2D 68 A3 2A E1 E7 A3 3E E1 E7 17 07 0D E1 E7) != 0,candidate,2,down/front,candidate_value_domain_matches_confirmed_motion_pattern,16,0x10,2,0,event_source_bound_actor,strong_structural,controller pointer equals structural event trailer; 2 validated event source binding(s); field06D9=2 matches confirmed motion-pattern value down/front; reader linkage not yet proven; spawn=confirmed_static_branch_unresolved_predicate,static_map_actor_selector_crosslink_20260930.csv;event_record_frame_catalog.csv;static_actor_event_dialogue_binding_20260930.csv;static_actor_spawn_conditions_20260930.csv;actor_motion_direction_pattern_table_20260930.csv
cfg_t07_l011_v2,0x2C,F2C-L006,0x0D,,unknown,CB:DB89,confirmed_frame_trailer_pointer,7A_body16_7C_next_plus_1_16_00,0x7A->body16;0x7C->next_record_plus_1_16;0x00->terminator,static_event_tail_opcode59_actor_controller,prefix_plus_tail_placement,23,17,17,0,,confirmed_static_branch_unresolved_predicate,vm_expression(2D 68 A3 2A E1 E7 A3 3E E1 E7 17 07 0D E1 E7) != 0,candidate,2,down/front,candidate_value_domain_matches_confirmed_motion_pattern,16,0x10,2,0,event_source_bound_actor,strong_structural,controller pointer equals structural event trailer; 2 validated event source binding(s); field06D9=2 matches confirmed motion-pattern value down/front; reader linkage not yet proven; spawn=confirmed_static_branch_unresolved_predicate,static_map_actor_selector_crosslink_20260930.csv;event_record_frame_catalog.csv;static_actor_event_dialogue_binding_20260930.csv;static_actor_spawn_conditions_20260930.csv;actor_motion_direction_pattern_table_20260930.csv
cfg_t07_l033_v2,0x2C,F2C-L007,0x59,humanoid_like,unknown,CB:DBCD,confirmed_frame_trailer_pointer,7A_body16_7C_next_plus_1_16_00,0x7A->body16;0x7C->next_record_plus_1_16;0x00->terminator,static_event_tail_opcode59_actor_controller,prefix_plus_tail_placement,10,4,4,0,,confirmed_static_control_partial_predicate,"predicate_2D(operand=0x6A,compare_target=$0306) != 0",candidate,2,down/front,candidate_value_domain_matches_confirmed_motion_pattern,16,0x10,0,0,placed_actor_no_validated_source,placement_only,controller pointer equals structural event trailer; no validated source selection; field06D9=2 matches confirmed motion-pattern value down/front; reader linkage not yet proven; spawn=confirmed_static_control_partial_predicate,static_map_actor_selector_crosslink_20260930.csv;event_record_frame_catalog.csv;static_actor_event_dialogue_binding_20260930.csv;static_actor_spawn_conditions_20260930.csv;actor_motion_direction_pattern_table_20260930.csv
cfg_t07_l011_v2,0x2C,F2C-L007,0x59,humanoid_like,unknown,CB:DBCD,confirmed_frame_trailer_pointer,7A_body16_7C_next_plus_1_16_00,0x7A->body16;0x7C->next_record_plus_1_16;0x00->terminator,static_event_tail_opcode59_actor_controller,prefix_plus_tail_placement,10,4,4,0,,confirmed_static_control_partial_predicate,"predicate_2D(operand=0x6A,compare_target=$0306) != 0",candidate,2,down/front,candidate_value_domain_matches_confirmed_motion_pattern,16,0x10,0,0,placed_actor_no_validated_source,placement_only,controller pointer equals structural event trailer; no validated source selection; field06D9=2 matches confirmed motion-pattern value down/front; reader linkage not yet proven; spawn=confirmed_static_control_partial_predicate,static_map_actor_selector_crosslink_20260930.csv;event_record_frame_catalog.csv;static_actor_event_dialogue_binding_20260930.csv;static_actor_spawn_conditions_20260930.csv;actor_motion_direction_pattern_table_20260930.csv
cfg_t07_l033_v2,0x2C,F2C-L008,0x40,humanoid_like,unknown,CB:DBF2,confirmed_frame_trailer_pointer,7A_body16_7C_next_plus_1_16_00,0x7A->body16;0x7C->next_record_plus_1_16;0x00->terminator,static_event_tail_opcode59_actor_controller,prefix_plus_tail_placement,10,4,4,0,,confirmed_static_control_partial_predicate,"predicate_2D(operand=0x6A,compare_target=$0306) != 0",candidate,2,down/front,candidate_value_domain_matches_confirmed_motion_pattern,16,0x10,3,0,event_source_bound_actor,strong_structural,controller pointer equals structural event trailer; 3 validated event source binding(s); field06D9=2 matches confirmed motion-pattern value down/front; reader linkage not yet proven; spawn=confirmed_static_control_partial_predicate,static_map_actor_selector_crosslink_20260930.csv;event_record_frame_catalog.csv;static_actor_event_dialogue_binding_20260930.csv;static_actor_spawn_conditions_20260930.csv;actor_motion_direction_pattern_table_20260930.csv
cfg_t07_l011_v2,0x2C,F2C-L008,0x40,humanoid_like,unknown,CB:DBF2,confirmed_frame_trailer_pointer,7A_body16_7C_next_plus_1_16_00,0x7A->body16;0x7C->next_record_plus_1_16;0x00->terminator,static_event_tail_opcode59_actor_controller,prefix_plus_tail_placement,10,4,4,0,,confirmed_static_control_partial_predicate,"predicate_2D(operand=0x6A,compare_target=$0306) != 0",candidate,2,down/front,candidate_value_domain_matches_confirmed_motion_pattern,16,0x10,3,0,event_source_bound_actor,strong_structural,controller pointer equals structural event trailer; 3 validated event source binding(s); field06D9=2 matches confirmed motion-pattern value down/front; reader linkage not yet proven; spawn=confirmed_static_control_partial_predicate,static_map_actor_selector_crosslink_20260930.csv;event_record_frame_catalog.csv;static_actor_event_dialogue_binding_20260930.csv;static_actor_spawn_conditions_20260930.csv;actor_motion_direction_pattern_table_20260930.csv
cfg_t07_l033_v2,0x2C,F2C-L009,0x3D,humanoid_like,unknown,CB:DC25,confirmed_frame_trailer_pointer,7A_body16_7C_next_plus_1_16_00,0x7A->body16;0x7C->next_record_plus_1_16;0x00->terminator,static_event_tail_opcode59_actor_controller,prefix_plus_tail_placement,17,11,11,0,,confirmed_static_branch_unresolved_predicate,vm_expression(2D 6B A3 73 E1 A3 70 E8 E7) != 0,candidate,2,down/front,candidate_value_domain_matches_confirmed_motion_pattern,16,0x10,3,0,event_source_bound_actor,strong_structural,controller pointer equals structural event trailer; 3 validated event source binding(s); field06D9=2 matches confirmed motion-pattern value down/front; reader linkage not yet proven; spawn=confirmed_static_branch_unresolved_predicate,static_map_actor_selector_crosslink_20260930.csv;event_record_frame_catalog.csv;static_actor_event_dialogue_binding_20260930.csv;static_actor_spawn_conditions_20260930.csv;actor_motion_direction_pattern_table_20260930.csv
cfg_t07_l011_v2,0x2C,F2C-L009,0x3D,humanoid_like,unknown,CB:DC25,confirmed_frame_trailer_pointer,7A_body16_7C_next_plus_1_16_00,0x7A->body16;0x7C->next_record_plus_1_16;0x00->terminator,static_event_tail_opcode59_actor_controller,prefix_plus_tail_placement,17,11,11,0,,confirmed_static_branch_unresolved_predicate,vm_expression(2D 6B A3 73 E1 A3 70 E8 E7) != 0,candidate,2,down/front,candidate_value_domain_matches_confirmed_motion_pattern,16,0x10,3,0,event_source_bound_actor,strong_structural,controller pointer equals structural event trailer; 3 validated event source binding(s); field06D9=2 matches confirmed motion-pattern value down/front; reader linkage not yet proven; spawn=confirmed_static_branch_unresolved_predicate,static_map_actor_selector_crosslink_20260930.csv;event_record_frame_catalog.csv;static_actor_event_dialogue_binding_20260930.csv;static_actor_spawn_conditions_20260930.csv;actor_motion_direction_pattern_table_20260930.csv
cfg_t07_l033_v2,0x2C,F2C-L010,0x40,humanoid_like,unknown,CB:DC49,confirmed_frame_trailer_pointer,7A_body16_7C_next_plus_1_16_00,0x7A->body16;0x7C->next_record_plus_1_16;0x00->terminator,static_event_tail_opcode59_actor_controller,prefix_plus_tail_placement,10,4,4,0,,confirmed_static_control_partial_predicate,"predicate_2D(operand=0x65,compare_target=$0306) != 0",candidate,2,down/front,candidate_value_domain_matches_confirmed_motion_pattern,16,0x10,2,0,event_source_bound_actor,strong_structural,controller pointer equals structural event trailer; 2 validated event source binding(s); field06D9=2 matches confirmed motion-pattern value down/front; reader linkage not yet proven; spawn=confirmed_static_control_partial_predicate,static_map_actor_selector_crosslink_20260930.csv;event_record_frame_catalog.csv;static_actor_event_dialogue_binding_20260930.csv;static_actor_spawn_conditions_20260930.csv;actor_motion_direction_pattern_table_20260930.csv
cfg_t07_l011_v2,0x2C,F2C-L010,0x40,humanoid_like,unknown,CB:DC49,confirmed_frame_trailer_pointer,7A_body16_7C_next_plus_1_16_00,0x7A->body16;0x7C->next_record_plus_1_16;0x00->terminator,static_event_tail_opcode59_actor_controller,prefix_plus_tail_placement,10,4,4,0,,confirmed_static_control_partial_predicate,"predicate_2D(operand=0x65,compare_target=$0306) != 0",candidate,2,down/front,candidate_value_domain_matches_confirmed_motion_pattern,16,0x10,2,0,event_source_bound_actor,strong_structural,controller pointer equals structural event trailer; 2 validated event source binding(s); field06D9=2 matches confirmed motion-pattern value down/front; reader linkage not yet proven; spawn=confirmed_static_control_partial_predicate,static_map_actor_selector_crosslink_20260930.csv;event_record_frame_catalog.csv;static_actor_event_dialogue_binding_20260930.csv;static_actor_spawn_conditions_20260930.csv;actor_motion_direction_pattern_table_20260930.csv
cfg_t07_l033_v2,0x2C,F2C-L011,0x5A,humanoid_like,unknown,CB:DC66,confirmed_frame_trailer_pointer,7A_body16_7C_next_plus_1_16_00,0x7A->body16;0x7C->next_record_plus_1_16;0x00->terminator,static_event_tail_opcode59_actor_controller,prefix_plus_tail_placement,10,4,4,0,,confirmed_static_control_partial_predicate,"predicate_2D(operand=0x65,compare_target=$0306) != 0",candidate,2,down/front,candidate_value_domain_matches_confirmed_motion_pattern,16,0x10,2,0,event_source_bound_actor,strong_structural,controller pointer equals structural event trailer; 2 validated event source binding(s); field06D9=2 matches confirmed motion-pattern value down/front; reader linkage not yet proven; spawn=confirmed_static_control_partial_predicate,static_map_actor_selector_crosslink_20260930.csv;event_record_frame_catalog.csv;static_actor_event_dialogue_binding_20260930.csv;static_actor_spawn_conditions_20260930.csv;actor_motion_direction_pattern_table_20260930.csv
cfg_t07_l011_v2,0x2C,F2C-L011,0x5A,humanoid_like,unknown,CB:DC66,confirmed_frame_trailer_pointer,7A_body16_7C_next_plus_1_16_00,0x7A->body16;0x7C->next_record_plus_1_16;0x00->terminator,static_event_tail_opcode59_actor_controller,prefix_plus_tail_placement,10,4,4,0,,confirmed_static_control_partial_predicate,"predicate_2D(operand=0x65,compare_target=$0306) != 0",candidate,2,down/front,candidate_value_domain_matches_confirmed_motion_pattern,16,0x10,2,0,event_source_bound_actor,strong_structural,controller pointer equals structural event trailer; 2 validated event source binding(s); field06D9=2 matches confirmed motion-pattern value down/front; reader linkage not yet proven; spawn=confirmed_static_control_partial_predicate,static_map_actor_selector_crosslink_20260930.csv;event_record_frame_catalog.csv;static_actor_event_dialogue_binding_20260930.csv;static_actor_spawn_conditions_20260930.csv;actor_motion_direction_pattern_table_20260930.csv
cfg_t07_l033_v2,0x2C,F2C-L012,0x59,humanoid_like,unknown,CB:DC83,confirmed_frame_trailer_pointer,7A_body16_7C_next_plus_1_16_00,0x7A->body16;0x7C->next_record_plus_1_16;0x00->terminator,static_event_tail_opcode59_actor_controller,prefix_plus_tail_placement,15,9,9,0,,confirmed_static_branch_unresolved_predicate,vm_expression(2D 6F 08 B9 13 02 E7) != 0,candidate,2,down/front,candidate_value_domain_matches_confirmed_motion_pattern,16,0x10,2,0,event_source_bound_actor,strong_structural,controller pointer equals structural event trailer; 2 validated event source binding(s); field06D9=2 matches confirmed motion-pattern value down/front; reader linkage not yet proven; spawn=confirmed_static_branch_unresolved_predicate,static_map_actor_selector_crosslink_20260930.csv;event_record_frame_catalog.csv;static_actor_event_dialogue_binding_20260930.csv;static_actor_spawn_conditions_20260930.csv;actor_motion_direction_pattern_table_20260930.csv
cfg_t07_l011_v2,0x2C,F2C-L012,0x59,humanoid_like,unknown,CB:DC83,confirmed_frame_trailer_pointer,7A_body16_7C_next_plus_1_16_00,0x7A->body16;0x7C->next_record_plus_1_16;0x00->terminator,static_event_tail_opcode59_actor_controller,prefix_plus_tail_placement,15,9,9,0,,confirmed_static_branch_unresolved_predicate,vm_expression(2D 6F 08 B9 13 02 E7) != 0,candidate,2,down/front,candidate_value_domain_matches_confirmed_motion_pattern,16,0x10,2,0,event_source_bound_actor,strong_structural,controller pointer equals structural event trailer; 2 validated event source binding(s); field06D9=2 matches confirmed motion-pattern value down/front; reader linkage not yet proven; spawn=confirmed_static_branch_unresolved_predicate,static_map_actor_selector_crosslink_20260930.csv;event_record_frame_catalog.csv;static_actor_event_dialogue_binding_20260930.csv;static_actor_spawn_conditions_20260930.csv;actor_motion_direction_pattern_table_20260930.csv
cfg_t07_l033_v2,0x2C,F2C-L013,0x40,humanoid_like,unknown,CB:DC9D,confirmed_frame_trailer_pointer,7A_body16_7C_next_plus_1_16_00,0x7A->body16;0x7C->next_record_plus_1_16;0x00->terminator,static_event_tail_opcode59_actor_controller,prefix_plus_tail_placement,15,9,9,0,,confirmed_static_branch_unresolved_predicate,vm_expression(2D 6F 08 B9 13 03 E7) != 0,candidate,2,down/front,candidate_value_domain_matches_confirmed_motion_pattern,16,0x10,1,0,event_source_bound_actor,strong_structural,controller pointer equals structural event trailer; 1 validated event source binding(s); field06D9=2 matches confirmed motion-pattern value down/front; reader linkage not yet proven; spawn=confirmed_static_branch_unresolved_predicate,static_map_actor_selector_crosslink_20260930.csv;event_record_frame_catalog.csv;static_actor_event_dialogue_binding_20260930.csv;static_actor_spawn_conditions_20260930.csv;actor_motion_direction_pattern_table_20260930.csv
cfg_t07_l011_v2,0x2C,F2C-L013,0x40,humanoid_like,unknown,CB:DC9D,confirmed_frame_trailer_pointer,7A_body16_7C_next_plus_1_16_00,0x7A->body16;0x7C->next_record_plus_1_16;0x00->terminator,static_event_tail_opcode59_actor_controller,prefix_plus_tail_placement,15,9,9,0,,confirmed_static_branch_unresolved_predicate,vm_expression(2D 6F 08 B9 13 03 E7) != 0,candidate,2,down/front,candidate_value_domain_matches_confirmed_motion_pattern,16,0x10,1,0,event_source_bound_actor,strong_structural,controller pointer equals structural event trailer; 1 validated event source binding(s); field06D9=2 matches confirmed motion-pattern value down/front; reader linkage not yet proven; spawn=confirmed_static_branch_unresolved_predicate,static_map_actor_selector_crosslink_20260930.csv;event_record_frame_catalog.csv;static_actor_event_dialogue_binding_20260930.csv;static_actor_spawn_conditions_20260930.csv;actor_motion_direction_pattern_table_20260930.csv
cfg_t07_l033_v2,0x2C,F2C-L014,0x42,humanoid_like,unknown,CB:DCB7,confirmed_frame_trailer_pointer,7A_body16_7C_next_plus_1_16_00,0x7A->body16;0x7C->next_record_plus_1_16;0x00->terminator,static_event_tail_opcode59_actor_controller,prefix_plus_tail_placement,15,9,9,0,,confirmed_static_branch_unresolved_predicate,vm_expression(2D 6F 08 B9 13 03 E7) != 0,candidate,2,down/front,candidate_value_domain_matches_confirmed_motion_pattern,16,0x10,1,0,event_source_bound_actor,strong_structural,controller pointer equals structural event trailer; 1 validated event source binding(s); field06D9=2 matches confirmed motion-pattern value down/front; reader linkage not yet proven; spawn=confirmed_static_branch_unresolved_predicate,static_map_actor_selector_crosslink_20260930.csv;event_record_frame_catalog.csv;static_actor_event_dialogue_binding_20260930.csv;static_actor_spawn_conditions_20260930.csv;actor_motion_direction_pattern_table_20260930.csv
cfg_t07_l011_v2,0x2C,F2C-L014,0x42,humanoid_like,unknown,CB:DCB7,confirmed_frame_trailer_pointer,7A_body16_7C_next_plus_1_16_00,0x7A->body16;0x7C->next_record_plus_1_16;0x00->terminator,static_event_tail_opcode59_actor_controller,prefix_plus_tail_placement,15,9,9,0,,confirmed_static_branch_unresolved_predicate,vm_expression(2D 6F 08 B9 13 03 E7) != 0,candidate,2,down/front,candidate_value_domain_matches_confirmed_motion_pattern,16,0x10,1,0,event_source_bound_actor,strong_structural,controller pointer equals structural event trailer; 1 validated event source binding(s); field06D9=2 matches confirmed motion-pattern value down/front; reader linkage not yet proven; spawn=confirmed_static_branch_unresolved_predicate,static_map_actor_selector_crosslink_20260930.csv;event_record_frame_catalog.csv;static_actor_event_dialogue_binding_20260930.csv;static_actor_spawn_conditions_20260930.csv;actor_motion_direction_pattern_table_20260930.csv
cfg_t07_l033_v2,0x2C,F2C-L015,0x3F,humanoid_like,unknown,CB:DCD1,confirmed_frame_trailer_pointer,7A_body16_7C_next_plus_1_16_00,0x7A->body16;0x7C->next_record_plus_1_16;0x00->terminator,static_event_tail_opcode59_actor_controller,prefix_plus_tail_placement,10,4,4,0,,confirmed_static_control_partial_predicate,"predicate_2D(operand=0x82,compare_target=$0306) != 0",candidate,2,down/front,candidate_value_domain_matches_confirmed_motion_pattern,16,0x10,1,0,event_source_bound_actor,strong_structural,controller pointer equals structural event trailer; 1 validated event source binding(s); field06D9=2 matches confirmed motion-pattern value down/front; reader linkage not yet proven; spawn=confirmed_static_control_partial_predicate,static_map_actor_selector_crosslink_20260930.csv;event_record_frame_catalog.csv;static_actor_event_dialogue_binding_20260930.csv;static_actor_spawn_conditions_20260930.csv;actor_motion_direction_pattern_table_20260930.csv
cfg_t07_l011_v2,0x2C,F2C-L015,0x3F,humanoid_like,unknown,CB:DCD1,confirmed_frame_trailer_pointer,7A_body16_7C_next_plus_1_16_00,0x7A->body16;0x7C->next_record_plus_1_16;0x00->terminator,static_event_tail_opcode59_actor_controller,prefix_plus_tail_placement,10,4,4,0,,confirmed_static_control_partial_predicate,"predicate_2D(operand=0x82,compare_target=$0306) != 0",candidate,2,down/front,candidate_value_domain_matches_confirmed_motion_pattern,16,0x10,1,0,event_source_bound_actor,strong_structural,controller pointer equals structural event trailer; 1 validated event source binding(s); field06D9=2 matches confirmed motion-pattern value down/front; reader linkage not yet proven; spawn=confirmed_static_control_partial_predicate,static_map_actor_selector_crosslink_20260930.csv;event_record_frame_catalog.csv;static_actor_event_dialogue_binding_20260930.csv;static_actor_spawn_conditions_20260930.csv;actor_motion_direction_pattern_table_20260930.csv
cfg_t07_l033_v2,0x2C,F2C-L016,0x44,humanoid_like,unknown,CB:DCEE,confirmed_frame_trailer_pointer,7A_body16_7C_next_plus_1_16_00,0x7A->body16;0x7C->next_record_plus_1_16;0x00->terminator,static_event_tail_opcode59_actor_controller,prefix_plus_tail_placement,10,4,4,0,,confirmed_static_control_partial_predicate,"predicate_2D(operand=0xCA,compare_target=$0306) != 0",candidate,2,down/front,candidate_value_domain_matches_confirmed_motion_pattern,16,0x10,2,0,event_source_bound_actor,strong_structural,controller pointer equals structural event trailer; 2 validated event source binding(s); field06D9=2 matches confirmed motion-pattern value down/front; reader linkage not yet proven; spawn=confirmed_static_control_partial_predicate,static_map_actor_selector_crosslink_20260930.csv;event_record_frame_catalog.csv;static_actor_event_dialogue_binding_20260930.csv;static_actor_spawn_conditions_20260930.csv;actor_motion_direction_pattern_table_20260930.csv
cfg_t07_l011_v2,0x2C,F2C-L016,0x44,humanoid_like,unknown,CB:DCEE,confirmed_frame_trailer_pointer,7A_body16_7C_next_plus_1_16_00,0x7A->body16;0x7C->next_record_plus_1_16;0x00->terminator,static_event_tail_opcode59_actor_controller,prefix_plus_tail_placement,10,4,4,0,,confirmed_static_control_partial_predicate,"predicate_2D(operand=0xCA,compare_target=$0306) != 0",candidate,2,down/front,candidate_value_domain_matches_confirmed_motion_pattern,16,0x10,2,0,event_source_bound_actor,strong_structural,controller pointer equals structural event trailer; 2 validated event source binding(s); field06D9=2 matches confirmed motion-pattern value down/front; reader linkage not yet proven; spawn=confirmed_static_control_partial_predicate,static_map_actor_selector_crosslink_20260930.csv;event_record_frame_catalog.csv;static_actor_event_dialogue_binding_20260930.csv;static_actor_spawn_conditions_20260930.csv;actor_motion_direction_pattern_table_20260930.csv
cfg_t07_l033_v2,0x2C,F2C-L017,0x43,humanoid_like,unknown,CB:DD03,confirmed_frame_trailer_pointer,7A_body16_7C_next_plus_1_16_00,0x7A->body16;0x7C->next_record_plus_1_16;0x00->terminator,static_event_tail_opcode59_actor_controller,prefix_plus_tail_placement,10,4,4,0,,confirmed_static_control_partial_predicate,"predicate_2D(operand=0xCA,compare_target=$0306) != 0",candidate,2,down/front,candidate_value_domain_matches_confirmed_motion_pattern,16,0x10,1,0,event_source_bound_actor,strong_structural,controller pointer equals structural event trailer; 1 validated event source binding(s); field06D9=2 matches confirmed motion-pattern value down/front; reader linkage not yet proven; spawn=confirmed_static_control_partial_predicate,static_map_actor_selector_crosslink_20260930.csv;event_record_frame_catalog.csv;static_actor_event_dialogue_binding_20260930.csv;static_actor_spawn_conditions_20260930.csv;actor_motion_direction_pattern_table_20260930.csv
cfg_t07_l011_v2,0x2C,F2C-L017,0x43,humanoid_like,unknown,CB:DD03,confirmed_frame_trailer_pointer,7A_body16_7C_next_plus_1_16_00,0x7A->body16;0x7C->next_record_plus_1_16;0x00->terminator,static_event_tail_opcode59_actor_controller,prefix_plus_tail_placement,10,4,4,0,,confirmed_static_control_partial_predicate,"predicate_2D(operand=0xCA,compare_target=$0306) != 0",candidate,2,down/front,candidate_value_domain_matches_confirmed_motion_pattern,16,0x10,1,0,event_source_bound_actor,strong_structural,controller pointer equals structural event trailer; 1 validated event source binding(s); field06D9=2 matches confirmed motion-pattern value down/front; reader linkage not yet proven; spawn=confirmed_static_control_partial_predicate,static_map_actor_selector_crosslink_20260930.csv;event_record_frame_catalog.csv;static_actor_event_dialogue_binding_20260930.csv;static_actor_spawn_conditions_20260930.csv;actor_motion_direction_pattern_table_20260930.csv
cfg_t07_l033_v2,0x2C,F2C-L018,0x24,humanoid_like,unknown,CB:DD18,confirmed_frame_trailer_pointer,7A_body16_7C_next_plus_1_16_00,0x7A->body16;0x7C->next_record_plus_1_16;0x00->terminator,static_event_tail_opcode59_actor_controller,prefix_plus_tail_placement,10,4,4,0,,confirmed_static_control_partial_predicate,"predicate_2D(operand=0xCA,compare_target=$0306) != 0",candidate,2,down/front,candidate_value_domain_matches_confirmed_motion_pattern,16,0x10,1,0,event_source_bound_actor,strong_structural,controller pointer equals structural event trailer; 1 validated event source binding(s); field06D9=2 matches confirmed motion-pattern value down/front; reader linkage not yet proven; spawn=confirmed_static_control_partial_predicate,static_map_actor_selector_crosslink_20260930.csv;event_record_frame_catalog.csv;static_actor_event_dialogue_binding_20260930.csv;static_actor_spawn_conditions_20260930.csv;actor_motion_direction_pattern_table_20260930.csv
cfg_t07_l011_v2,0x2C,F2C-L018,0x24,humanoid_like,unknown,CB:DD18,confirmed_frame_trailer_pointer,7A_body16_7C_next_plus_1_16_00,0x7A->body16;0x7C->next_record_plus_1_16;0x00->terminator,static_event_tail_opcode59_actor_controller,prefix_plus_tail_placement,10,4,4,0,,confirmed_static_control_partial_predicate,"predicate_2D(operand=0xCA,compare_target=$0306) != 0",candidate,2,down/front,candidate_value_domain_matches_confirmed_motion_pattern,16,0x10,1,0,event_source_bound_actor,strong_structural,controller pointer equals structural event trailer; 1 validated event source binding(s); field06D9=2 matches confirmed motion-pattern value down/front; reader linkage not yet proven; spawn=confirmed_static_control_partial_predicate,static_map_actor_selector_crosslink_20260930.csv;event_record_frame_catalog.csv;static_actor_event_dialogue_binding_20260930.csv;static_actor_spawn_conditions_20260930.csv;actor_motion_direction_pattern_table_20260930.csv
cfg_t07_l013_v2,0x2D,F2D-L001,0x42,humanoid_like,unknown,CB:DDB5,confirmed_frame_trailer_pointer,7A_body16_7C_next_plus_1_16_00,0x7A->body16;0x7C->next_record_plus_1_16;0x00->terminator,static_event_tail_opcode59_actor_controller,prefix_plus_tail_placement,25,19,19,0,,confirmed_static_branch_unresolved_predicate,vm_expression(A0 FD CD CB B6 B3 03 B0 08 B9 13 03 08 B9 13 04 E8) != 0,candidate,2,down/front,candidate_value_domain_matches_confirmed_motion_pattern,16,0x10,0,0,placed_actor_no_validated_source,placement_only,controller pointer equals structural event trailer; no validated source selection; field06D9=2 matches confirmed motion-pattern value down/front; reader linkage not yet proven; spawn=confirmed_static_branch_unresolved_predicate,static_map_actor_selector_crosslink_20260930.csv;event_record_frame_catalog.csv;static_actor_event_dialogue_binding_20260930.csv;static_actor_spawn_conditions_20260930.csv;actor_motion_direction_pattern_table_20260930.csv
cfg_t07_l013_v2,0x2D,F2D-L002,0x42,humanoid_like,unknown,CB:DDDF,confirmed_frame_trailer_pointer,7A_body16_7C_next_plus_1_16_00,0x7A->body16;0x7C->next_record_plus_1_16;0x00->terminator,static_event_tail_opcode59_actor_controller,prefix_plus_tail_placement,20,14,14,0,,confirmed_static_branch_unresolved_predicate,vm_expression(A0 FD CD CB B6 B3 03 B0 08 B9 13 05) != 0,candidate,2,down/front,candidate_value_domain_matches_confirmed_motion_pattern,16,0x10,0,0,placed_actor_no_validated_source,placement_only,controller pointer equals structural event trailer; no validated source selection; field06D9=2 matches confirmed motion-pattern value down/front; reader linkage not yet proven; spawn=confirmed_static_branch_unresolved_predicate,static_map_actor_selector_crosslink_20260930.csv;event_record_frame_catalog.csv;static_actor_event_dialogue_binding_20260930.csv;static_actor_spawn_conditions_20260930.csv;actor_motion_direction_pattern_table_20260930.csv
cfg_t07_l013_v2,0x2D,F2D-L003,0x42,humanoid_like,unknown,CB:DE04,confirmed_frame_trailer_pointer,7A_body16_7C_next_plus_1_16_00,0x7A->body16;0x7C->next_record_plus_1_16;0x00->terminator,static_event_tail_opcode59_actor_controller,prefix_plus_tail_placement,20,14,14,0,,confirmed_static_branch_unresolved_predicate,vm_expression(A0 FD CD CB B6 B3 03 B0 08 B9 13 05) != 0,candidate,2,down/front,candidate_value_domain_matches_confirmed_motion_pattern,16,0x10,0,0,placed_actor_no_validated_source,placement_only,controller pointer equals structural event trailer; no validated source selection; field06D9=2 matches confirmed motion-pattern value down/front; reader linkage not yet proven; spawn=confirmed_static_branch_unresolved_predicate,static_map_actor_selector_crosslink_20260930.csv;event_record_frame_catalog.csv;static_actor_event_dialogue_binding_20260930.csv;static_actor_spawn_conditions_20260930.csv;actor_motion_direction_pattern_table_20260930.csv
cfg_t07_l013_v2,0x2D,F2D-L004,0x40,humanoid_like,unknown,CB:DE29,confirmed_frame_trailer_pointer,7A_body16_7C_next_plus_1_16_00,0x7A->body16;0x7C->next_record_plus_1_16;0x00->terminator,static_event_tail_opcode59_actor_controller,prefix_plus_tail_placement,12,6,6,0,,confirmed_static_control_partial_predicate,predicate_08(bytes=08 B9 13 0B) != 0,candidate,2,down/front,candidate_value_domain_matches_confirmed_motion_pattern,16,0x10,0,0,placed_actor_no_validated_source,placement_only,controller pointer equals structural event trailer; no validated source selection; field06D9=2 matches confirmed motion-pattern value down/front; reader linkage not yet proven; spawn=confirmed_static_control_partial_predicate,static_map_actor_selector_crosslink_20260930.csv;event_record_frame_catalog.csv;static_actor_event_dialogue_binding_20260930.csv;static_actor_spawn_conditions_20260930.csv;actor_motion_direction_pattern_table_20260930.csv
cfg_t07_l015_v2,0x2E,F2E-L001,0x28,humanoid_like,unknown,CB:DEEB,confirmed_frame_trailer_pointer,7A_body16_7C_next_plus_1_16_00,0x7A->body16;0x7C->next_record_plus_1_16;0x00->terminator,static_event_tail_opcode59_actor_controller,prefix_plus_tail_placement,10,4,4,0,,confirmed_static_control_partial_predicate,"predicate_2D(operand=0x6A,compare_target=$0306) != 0",candidate,2,down/front,candidate_value_domain_matches_confirmed_motion_pattern,16,0x10,0,0,placed_actor_no_validated_source,placement_only,controller pointer equals structural event trailer; no validated source selection; field06D9=2 matches confirmed motion-pattern value down/front; reader linkage not yet proven; spawn=confirmed_static_control_partial_predicate,static_map_actor_selector_crosslink_20260930.csv;event_record_frame_catalog.csv;static_actor_event_dialogue_binding_20260930.csv;static_actor_spawn_conditions_20260930.csv;actor_motion_direction_pattern_table_20260930.csv
cfg_t07_l015_v2,0x2E,F2E-L002,0x40,humanoid_like,unknown,CB:DF16,confirmed_frame_trailer_pointer,7A_body16_7C_next_plus_1_16_00,0x7A->body16;0x7C->next_record_plus_1_16;0x00->terminator,static_event_tail_opcode59_actor_controller,prefix_plus_tail_placement,10,4,4,0,,confirmed_static_control_partial_predicate,"predicate_2D(operand=0x6A,compare_target=$0306) != 0",candidate,2,down/front,candidate_value_domain_matches_confirmed_motion_pattern,16,0x10,1,0,event_source_bound_actor,strong_structural,controller pointer equals structural event trailer; 1 validated event source binding(s); field06D9=2 matches confirmed motion-pattern value down/front; reader linkage not yet proven; spawn=confirmed_static_control_partial_predicate,static_map_actor_selector_crosslink_20260930.csv;event_record_frame_catalog.csv;static_actor_event_dialogue_binding_20260930.csv;static_actor_spawn_conditions_20260930.csv;actor_motion_direction_pattern_table_20260930.csv
cfg_t07_l015_v2,0x2E,F2E-L003,0x23,humanoid_like,unknown,CB:DF49,confirmed_frame_trailer_pointer,7A_body16_7C_next_plus_1_16_00,0x7A->body16;0x7C->next_record_plus_1_16;0x00->terminator,static_event_tail_opcode59_actor_controller,prefix_plus_tail_placement,10,4,4,0,,confirmed_static_control_partial_predicate,"predicate_2D(operand=0x6F,compare_target=$0306) != 0",candidate,4,up/back,candidate_value_domain_matches_confirmed_motion_pattern,16,0x10,3,0,event_source_bound_actor,strong_structural,controller pointer equals structural event trailer; 3 validated event source binding(s); field06D9=4 matches confirmed motion-pattern value up/back; reader linkage not yet proven; spawn=confirmed_static_control_partial_predicate,static_map_actor_selector_crosslink_20260930.csv;event_record_frame_catalog.csv;static_actor_event_dialogue_binding_20260930.csv;static_actor_spawn_conditions_20260930.csv;actor_motion_direction_pattern_table_20260930.csv
cfg_t07_l026_v2,0x33,F33-L001,0x44,humanoid_like,unknown,CB:E2CC,confirmed_frame_trailer_pointer,7A_body16_7C_next_plus_1_16_00,0x7A->body16;0x7C->next_record_plus_1_16;0x00->terminator,static_event_tail_opcode59_actor_controller,prefix_plus_tail_placement,10,4,4,0,,confirmed_static_control_partial_predicate,"predicate_2D(operand=0x5A,compare_target=$0306) != 0",candidate,2,down/front,candidate_value_domain_matches_confirmed_motion_pattern,16,0x10,2,0,event_source_bound_actor,strong_structural,controller pointer equals structural event trailer; 2 validated event source binding(s); field06D9=2 matches confirmed motion-pattern value down/front; reader linkage not yet proven; spawn=confirmed_static_control_partial_predicate,static_map_actor_selector_crosslink_20260930.csv;event_record_frame_catalog.csv;static_actor_event_dialogue_binding_20260930.csv;static_actor_spawn_conditions_20260930.csv;actor_motion_direction_pattern_table_20260930.csv
cfg_t07_l026_v2,0x33,F33-L002,0x43,humanoid_like,unknown,CB:E2F7,confirmed_frame_trailer_pointer,7A_body16_7C_next_plus_1_16_00,0x7A->body16;0x7C->next_record_plus_1_16;0x00->terminator,static_event_tail_opcode59_actor_controller,prefix_plus_tail_placement,10,4,4,0,,confirmed_static_control_partial_predicate,"predicate_2D(operand=0x5B,compare_target=$0306) != 0",candidate,2,down/front,candidate_value_domain_matches_confirmed_motion_pattern,16,0x10,1,0,event_source_bound_actor,strong_structural,controller pointer equals structural event trailer; 1 validated event source binding(s); field06D9=2 matches confirmed motion-pattern value down/front; reader linkage not yet proven; spawn=confirmed_static_control_partial_predicate,static_map_actor_selector_crosslink_20260930.csv;event_record_frame_catalog.csv;static_actor_event_dialogue_binding_20260930.csv;static_actor_spawn_conditions_20260930.csv;actor_motion_direction_pattern_table_20260930.csv
cfg_t07_l026_v2,0x33,F33-L003,0x2E,humanoid_like,unknown,CB:E314,confirmed_frame_trailer_pointer,7A_body16_7C_next_plus_1_16_00,0x7A->body16;0x7C->next_record_plus_1_16;0x00->terminator,static_event_tail_opcode59_actor_controller,prefix_plus_tail_placement,10,4,4,0,,confirmed_static_control_partial_predicate,"predicate_2D(operand=0x5C,compare_target=$0306) != 0",candidate,2,down/front,candidate_value_domain_matches_confirmed_motion_pattern,16,0x10,2,0,event_source_bound_actor,strong_structural,controller pointer equals structural event trailer; 2 validated event source binding(s); field06D9=2 matches confirmed motion-pattern value down/front; reader linkage not yet proven; spawn=confirmed_static_control_partial_predicate,static_map_actor_selector_crosslink_20260930.csv;event_record_frame_catalog.csv;static_actor_event_dialogue_binding_20260930.csv;static_actor_spawn_conditions_20260930.csv;actor_motion_direction_pattern_table_20260930.csv
cfg_t07_l026_v2,0x33,F33-L004,0x29,humanoid_like,unknown,CB:E329,confirmed_frame_trailer_pointer,7A_body16_7C_next_plus_1_16_00,0x7A->body16;0x7C->next_record_plus_1_16;0x00->terminator,static_event_tail_opcode59_actor_controller,prefix_plus_tail_placement,13,7,7,0,,confirmed_static_branch_unresolved_predicate,vm_expression(2D 5F A3 BD E7) != 0,candidate,2,down/front,candidate_value_domain_matches_confirmed_motion_pattern,16,0x10,1,0,event_source_bound_actor,strong_structural,controller pointer equals structural event trailer; 1 validated event source binding(s); field06D9=2 matches confirmed motion-pattern value down/front; reader linkage not yet proven; spawn=confirmed_static_branch_unresolved_predicate,static_map_actor_selector_crosslink_20260930.csv;event_record_frame_catalog.csv;static_actor_event_dialogue_binding_20260930.csv;static_actor_spawn_conditions_20260930.csv;actor_motion_direction_pattern_table_20260930.csv
cfg_t07_l026_v2,0x33,F33-L005,0x24,humanoid_like,unknown,CB:E341,confirmed_frame_trailer_pointer,7A_body16_7C_next_plus_1_16_00,0x7A->body16;0x7C->next_record_plus_1_16;0x00->terminator,static_event_tail_opcode59_actor_controller,prefix_plus_tail_placement,13,7,7,0,,confirmed_static_branch_unresolved_predicate,vm_expression(2D 5F A3 BD E7) != 0,candidate,2,down/front,candidate_value_domain_matches_confirmed_motion_pattern,16,0x10,1,0,event_source_bound_actor,strong_structural,controller pointer equals structural event trailer; 1 validated event source binding(s); field06D9=2 matches confirmed motion-pattern value down/front; reader linkage not yet proven; spawn=confirmed_static_branch_unresolved_predicate,static_map_actor_selector_crosslink_20260930.csv;event_record_frame_catalog.csv;static_actor_event_dialogue_binding_20260930.csv;static_actor_spawn_conditions_20260930.csv;actor_motion_direction_pattern_table_20260930.csv
cfg_t07_l026_v2,0x33,F33-L006,0x23,humanoid_like,unknown,CB:E359,confirmed_frame_trailer_pointer,7A_body16_7C_next_plus_1_16_00,0x7A->body16;0x7C->next_record_plus_1_16;0x00->terminator,static_event_tail_opcode59_actor_controller,prefix_plus_tail_placement,13,7,7,0,,confirmed_static_branch_unresolved_predicate,vm_expression(2D 5F A3 BD E7) != 0,candidate,2,down/front,candidate_value_domain_matches_confirmed_motion_pattern,16,0x10,1,0,event_source_bound_actor,strong_structural,controller pointer equals structural event trailer; 1 validated event source binding(s); field06D9=2 matches confirmed motion-pattern value down/front; reader linkage not yet proven; spawn=confirmed_static_branch_unresolved_predicate,static_map_actor_selector_crosslink_20260930.csv;event_record_frame_catalog.csv;static_actor_event_dialogue_binding_20260930.csv;static_actor_spawn_conditions_20260930.csv;actor_motion_direction_pattern_table_20260930.csv
cfg_t07_l022_v2,0x34,F34-L001,0x59,humanoid_like,unknown,CB:E3CC,confirmed_frame_trailer_pointer,7A_body16_7C_next_plus_1_16_00,0x7A->body16;0x7C->next_record_plus_1_16;0x00->terminator,static_event_tail_opcode59_actor_controller,prefix_plus_tail_placement,10,4,4,0,,confirmed_static_control_partial_predicate,"predicate_2D(operand=0x5B,compare_target=$0306) != 0",candidate,2,down/front,candidate_value_domain_matches_confirmed_motion_pattern,16,0x10,0,0,placed_actor_no_validated_source,placement_only,controller pointer equals structural event trailer; no validated source selection; field06D9=2 matches confirmed motion-pattern value down/front; reader linkage not yet proven; spawn=confirmed_static_control_partial_predicate,static_map_actor_selector_crosslink_20260930.csv;event_record_frame_catalog.csv;static_actor_event_dialogue_binding_20260930.csv;static_actor_spawn_conditions_20260930.csv;actor_motion_direction_pattern_table_20260930.csv
cfg_t07_l022_v2,0x34,F34-L002,0x5B,humanoid_like,unknown,CB:E3E1,confirmed_frame_trailer_pointer,7A_body16_7C_next_plus_1_16_00,0x7A->body16;0x7C->next_record_plus_1_16;0x00->terminator,static_event_tail_opcode59_actor_controller,prefix_plus_tail_placement,10,4,4,0,,confirmed_static_control_partial_predicate,"predicate_2D(operand=0x5B,compare_target=$0306) != 0",candidate,2,down/front,candidate_value_domain_matches_confirmed_motion_pattern,16,0x10,1,0,event_source_bound_actor,strong_structural,controller pointer equals structural event trailer; 1 validated event source binding(s); field06D9=2 matches confirmed motion-pattern value down/front; reader linkage not yet proven; spawn=confirmed_static_control_partial_predicate,static_map_actor_selector_crosslink_20260930.csv;event_record_frame_catalog.csv;static_actor_event_dialogue_binding_20260930.csv;static_actor_spawn_conditions_20260930.csv;actor_motion_direction_pattern_table_20260930.csv
cfg_t07_l022_v2,0x34,F34-L003,0x2E,humanoid_like,unknown,CB:E3F6,confirmed_frame_trailer_pointer,7A_body16_7C_next_plus_1_16_00,0x7A->body16;0x7C->next_record_plus_1_16;0x00->terminator,static_event_tail_opcode59_actor_controller,prefix_plus_tail_placement,10,4,4,0,,confirmed_static_control_partial_predicate,"predicate_2D(operand=0x5C,compare_target=$0306) != 0",candidate,2,down/front,candidate_value_domain_matches_confirmed_motion_pattern,16,0x10,1,0,event_source_bound_actor,strong_structural,controller pointer equals structural event trailer; 1 validated event source binding(s); field06D9=2 matches confirmed motion-pattern value down/front; reader linkage not yet proven; spawn=confirmed_static_control_partial_predicate,static_map_actor_selector_crosslink_20260930.csv;event_record_frame_catalog.csv;static_actor_event_dialogue_binding_20260930.csv;static_actor_spawn_conditions_20260930.csv;actor_motion_direction_pattern_table_20260930.csv
cfg_t07_l022_v2,0x34,F34-L004,0x43,humanoid_like,unknown,CB:E40B,confirmed_frame_trailer_pointer,7A_body16_7C_next_plus_1_16_00,0x7A->body16;0x7C->next_record_plus_1_16;0x00->terminator,static_event_tail_opcode59_actor_controller,prefix_plus_tail_placement,10,4,4,0,,confirmed_static_control_partial_predicate,"predicate_2D(operand=0x80,compare_target=$0306) != 0",candidate,2,down/front,candidate_value_domain_matches_confirmed_motion_pattern,16,0x10,1,0,event_source_bound_actor,strong_structural,controller pointer equals structural event trailer; 1 validated event source binding(s); field06D9=2 matches confirmed motion-pattern value down/front; reader linkage not yet proven; spawn=confirmed_static_control_partial_predicate,static_map_actor_selector_crosslink_20260930.csv;event_record_frame_catalog.csv;static_actor_event_dialogue_binding_20260930.csv;static_actor_spawn_conditions_20260930.csv;actor_motion_direction_pattern_table_20260930.csv
cfg_t07_l022_v2,0x34,F34-L005,0x2E,humanoid_like,unknown,CB:E431,confirmed_frame_trailer_pointer,7A_body16_7C_next_plus_1_16_00,0x7A->body16;0x7C->next_record_plus_1_16;0x00->terminator,static_event_tail_opcode59_actor_controller,prefix_plus_tail_placement,10,4,4,0,,confirmed_static_control_partial_predicate,"predicate_2D(operand=0x5D,compare_target=$0306) != 0",candidate,2,down/front,candidate_value_domain_matches_confirmed_motion_pattern,16,0x10,2,0,event_source_bound_actor,strong_structural,controller pointer equals structural event trailer; 2 validated event source binding(s); field06D9=2 matches confirmed motion-pattern value down/front; reader linkage not yet proven; spawn=confirmed_static_control_partial_predicate,static_map_actor_selector_crosslink_20260930.csv;event_record_frame_catalog.csv;static_actor_event_dialogue_binding_20260930.csv;static_actor_spawn_conditions_20260930.csv;actor_motion_direction_pattern_table_20260930.csv
cfg_t07_l022_v2,0x34,F34-L006,0x2E,humanoid_like,unknown,CB:E446,confirmed_frame_trailer_pointer,7A_body16_7C_next_plus_1_16_00,0x7A->body16;0x7C->next_record_plus_1_16;0x00->terminator,static_event_tail_opcode59_actor_controller,prefix_plus_tail_placement,10,4,4,0,,confirmed_static_control_partial_predicate,"predicate_2D(operand=0x5E,compare_target=$0306) != 0",candidate,2,down/front,candidate_value_domain_matches_confirmed_motion_pattern,16,0x10,1,0,event_source_bound_actor,strong_structural,controller pointer equals structural event trailer; 1 validated event source binding(s); field06D9=2 matches confirmed motion-pattern value down/front; reader linkage not yet proven; spawn=confirmed_static_control_partial_predicate,static_map_actor_selector_crosslink_20260930.csv;event_record_frame_catalog.csv;static_actor_event_dialogue_binding_20260930.csv;static_actor_spawn_conditions_20260930.csv;actor_motion_direction_pattern_table_20260930.csv
cfg_t07_l022_v2,0x34,F34-L007,0x2E,humanoid_like,unknown,CB:E45B,confirmed_frame_trailer_pointer,7A_body16_7C_next_plus_1_16_00,0x7A->body16;0x7C->next_record_plus_1_16;0x00->terminator,static_event_tail_opcode59_actor_controller,prefix_plus_tail_placement,10,4,4,0,,confirmed_static_control_partial_predicate,"predicate_2D(operand=0x5F,compare_target=$0306) != 0",candidate,2,down/front,candidate_value_domain_matches_confirmed_motion_pattern,16,0x10,1,0,event_source_bound_actor,strong_structural,controller pointer equals structural event trailer; 1 validated event source binding(s); field06D9=2 matches confirmed motion-pattern value down/front; reader linkage not yet proven; spawn=confirmed_static_control_partial_predicate,static_map_actor_selector_crosslink_20260930.csv;event_record_frame_catalog.csv;static_actor_event_dialogue_binding_20260930.csv;static_actor_spawn_conditions_20260930.csv;actor_motion_direction_pattern_table_20260930.csv
cfg_t07_l022_v2,0x34,F34-L008,0x55,,unknown,CB:E480,confirmed_frame_trailer_pointer,7A_body16_7C_next_plus_1_16_00,0x7A->body16;0x7C->next_record_plus_1_16;0x00->terminator,static_event_tail_opcode59_actor_controller,prefix_plus_tail_placement,13,7,7,0,,confirmed_static_branch_unresolved_predicate,vm_expression(2D 5F A3 BD E7) != 0,candidate,2,down/front,candidate_value_domain_matches_confirmed_motion_pattern,16,0x10,3,0,event_source_bound_actor,strong_structural,controller pointer equals structural event trailer; 3 validated event source binding(s); field06D9=2 matches confirmed motion-pattern value down/front; reader linkage not yet proven; spawn=confirmed_static_branch_unresolved_predicate,static_map_actor_selector_crosslink_20260930.csv;event_record_frame_catalog.csv;static_actor_event_dialogue_binding_20260930.csv;static_actor_spawn_conditions_20260930.csv;actor_motion_direction_pattern_table_20260930.csv
cfg_t07_l022_v2,0x34,F34-L009,0x42,humanoid_like,unknown,CB:E498,confirmed_frame_trailer_pointer,7A_body16_7C_next_plus_1_16_00,0x7A->body16;0x7C->next_record_plus_1_16;0x00->terminator,static_event_tail_opcode59_actor_controller,prefix_plus_tail_placement,13,7,7,0,,confirmed_static_branch_unresolved_predicate,vm_expression(2D 5F A3 BD E7) != 0,candidate,2,down/front,candidate_value_domain_matches_confirmed_motion_pattern,16,0x10,1,0,event_source_bound_actor,strong_structural,controller pointer equals structural event trailer; 1 validated event source binding(s); field06D9=2 matches confirmed motion-pattern value down/front; reader linkage not yet proven; spawn=confirmed_static_branch_unresolved_predicate,static_map_actor_selector_crosslink_20260930.csv;event_record_frame_catalog.csv;static_actor_event_dialogue_binding_20260930.csv;static_actor_spawn_conditions_20260930.csv;actor_motion_direction_pattern_table_20260930.csv
cfg_t07_l023_v2,0x35,F35-L001,0x2E,humanoid_like,unknown,CB:E518,confirmed_frame_trailer_pointer,7A_body16_7C_next_plus_1_16_00,0x7A->body16;0x7C->next_record_plus_1_16;0x00->terminator,static_event_tail_opcode59_actor_controller,prefix_plus_tail_placement,17,11,11,0,,confirmed_static_branch_unresolved_predicate,vm_expression(08 B9 13 03 08 B9 13 04 E8) != 0,candidate,2,down/front,candidate_value_domain_matches_confirmed_motion_pattern,16,0x10,0,0,placed_actor_no_validated_source,placement_only,controller pointer equals structural event trailer; no validated source selection; field06D9=2 matches confirmed motion-pattern value down/front; reader linkage not yet proven; spawn=confirmed_static_branch_unresolved_predicate,static_map_actor_selector_crosslink_20260930.csv;event_record_frame_catalog.csv;static_actor_event_dialogue_binding_20260930.csv;static_actor_spawn_conditions_20260930.csv;actor_motion_direction_pattern_table_20260930.csv
cfg_t54_l190_v2,0x38,F38-L001,0x39,animal_like,animal,CB:E6A1,confirmed_frame_trailer_pointer,7A_body16_7C_next_plus_1_16_00,0x7A->body16;0x7C->next_record_plus_1_16;0x00->terminator,static_event_tail_opcode59_actor_controller,prefix_plus_tail_placement,10,4,4,0,,confirmed_static_control_partial_predicate,"predicate_2D(operand=0xD8,compare_target=$0306) != 0",candidate,2,down/front,candidate_value_domain_matches_confirmed_motion_pattern,16,0x10,0,0,placed_actor_no_validated_source,placement_only,controller pointer equals structural event trailer; no validated source selection; field06D9=2 matches confirmed motion-pattern value down/front; reader linkage not yet proven; spawn=confirmed_static_control_partial_predicate,static_map_actor_selector_crosslink_20260930.csv;event_record_frame_catalog.csv;static_actor_event_dialogue_binding_20260930.csv;static_actor_spawn_conditions_20260930.csv;actor_motion_direction_pattern_table_20260930.csv
cfg_t54_l190_v2,0x39,F39-L001,0x39,animal_like,animal,CB:E78F,confirmed_frame_trailer_pointer,7A_body16_7C_next_plus_1_16_00,0x7A->body16;0x7C->next_record_plus_1_16;0x00->terminator,static_event_tail_opcode59_actor_controller,prefix_plus_tail_placement,10,4,4,0,,confirmed_static_control_partial_predicate,"predicate_2D(operand=0xD0,compare_target=$0306) != 0",candidate,2,down/front,candidate_value_domain_matches_confirmed_motion_pattern,16,0x10,0,0,placed_actor_no_validated_source,placement_only,controller pointer equals structural event trailer; no validated source selection; field06D9=2 matches confirmed motion-pattern value down/front; reader linkage not yet proven; spawn=confirmed_static_control_partial_predicate,static_map_actor_selector_crosslink_20260930.csv;event_record_frame_catalog.csv;static_actor_event_dialogue_binding_20260930.csv;static_actor_spawn_conditions_20260930.csv;actor_motion_direction_pattern_table_20260930.csv
cfg_t07_l033_v2,0x3D,F3D-L001,0x3F,humanoid_like,unknown,CB:EAAA,confirmed_frame_trailer_pointer,7A_body16_7C_next_plus_1_16_00,0x7A->body16;0x7C->next_record_plus_1_16;0x00->terminator,static_event_tail_opcode59_actor_controller,prefix_plus_tail_placement,10,4,4,0,,confirmed_static_control_partial_predicate,"predicate_2D(operand=0x70,compare_target=$0306) != 0",candidate,2,down/front,candidate_value_domain_matches_confirmed_motion_pattern,16,0x10,1,0,event_source_bound_actor,strong_structural,controller pointer equals structural event trailer; 1 validated event source binding(s); field06D9=2 matches confirmed motion-pattern value down/front; reader linkage not yet proven; spawn=confirmed_static_control_partial_predicate,static_map_actor_selector_crosslink_20260930.csv;event_record_frame_catalog.csv;static_actor_event_dialogue_binding_20260930.csv;static_actor_spawn_conditions_20260930.csv;actor_motion_direction_pattern_table_20260930.csv
cfg_t07_l068_v2,0x3D,F3D-L001,0x3F,humanoid_like,unknown,CB:EAAA,confirmed_frame_trailer_pointer,7A_body16_7C_next_plus_1_16_00,0x7A->body16;0x7C->next_record_plus_1_16;0x00->terminator,static_event_tail_opcode59_actor_controller,prefix_plus_tail_placement,10,4,4,0,,confirmed_static_control_partial_predicate,"predicate_2D(operand=0x70,compare_target=$0306) != 0",candidate,2,down/front,candidate_value_domain_matches_confirmed_motion_pattern,16,0x10,1,0,event_source_bound_actor,strong_structural,controller pointer equals structural event trailer; 1 validated event source binding(s); field06D9=2 matches confirmed motion-pattern value down/front; reader linkage not yet proven; spawn=confirmed_static_control_partial_predicate,static_map_actor_selector_crosslink_20260930.csv;event_record_frame_catalog.csv;static_actor_event_dialogue_binding_20260930.csv;static_actor_spawn_conditions_20260930.csv;actor_motion_direction_pattern_table_20260930.csv
cfg_t07_l033_v2,0x3D,F3D-L002,0x42,humanoid_like,unknown,CB:EABF,confirmed_frame_trailer_pointer,7A_body16_7C_next_plus_1_16_00,0x7A->body16;0x7C->next_record_plus_1_16;0x00->terminator,static_event_tail_opcode59_actor_controller,prefix_plus_tail_placement,10,4,4,0,,confirmed_static_control_partial_predicate,"predicate_2D(operand=0x70,compare_target=$0306) != 0",candidate,2,down/front,candidate_value_domain_matches_confirmed_motion_pattern,16,0x10,1,0,event_source_bound_actor,strong_structural,controller pointer equals structural event trailer; 1 validated event source binding(s); field06D9=2 matches confirmed motion-pattern value down/front; reader linkage not yet proven; spawn=confirmed_static_control_partial_predicate,static_map_actor_selector_crosslink_20260930.csv;event_record_frame_catalog.csv;static_actor_event_dialogue_binding_20260930.csv;static_actor_spawn_conditions_20260930.csv;actor_motion_direction_pattern_table_20260930.csv
cfg_t07_l068_v2,0x3D,F3D-L002,0x42,humanoid_like,unknown,CB:EABF,confirmed_frame_trailer_pointer,7A_body16_7C_next_plus_1_16_00,0x7A->body16;0x7C->next_record_plus_1_16;0x00->terminator,static_event_tail_opcode59_actor_controller,prefix_plus_tail_placement,10,4,4,0,,confirmed_static_control_partial_predicate,"predicate_2D(operand=0x70,compare_target=$0306) != 0",candidate,2,down/front,candidate_value_domain_matches_confirmed_motion_pattern,16,0x10,1,0,event_source_bound_actor,strong_structural,controller pointer equals structural event trailer; 1 validated event source binding(s); field06D9=2 matches confirmed motion-pattern value down/front; reader linkage not yet proven; spawn=confirmed_static_control_partial_predicate,static_map_actor_selector_crosslink_20260930.csv;event_record_frame_catalog.csv;static_actor_event_dialogue_binding_20260930.csv;static_actor_spawn_conditions_20260930.csv;actor_motion_direction_pattern_table_20260930.csv
cfg_t07_l049_v2,0x3F,F3F-L001,0x24,humanoid_like,unknown,CB:EBEE,confirmed_frame_trailer_pointer,7A_body16_7C_next_plus_1_16_00,0x7A->body16;0x7C->next_record_plus_1_16;0x00->terminator,static_event_tail_opcode59_actor_controller,prefix_plus_tail_placement,10,4,4,0,,confirmed_static_flag,"flag_test(spec=0x84,wram=$1256,bit=4) == 0",candidate,3,left,candidate_value_domain_matches_confirmed_motion_pattern,16,0x10,3,0,event_source_bound_actor,strong_structural,controller pointer equals structural event trailer; 3 validated event source binding(s); field06D9=3 matches confirmed motion-pattern value left; reader linkage not yet proven; spawn=confirmed_static_flag,static_map_actor_selector_crosslink_20260930.csv;event_record_frame_catalog.csv;static_actor_event_dialogue_binding_20260930.csv;static_actor_spawn_conditions_20260930.csv;actor_motion_direction_pattern_table_20260930.csv
cfg_t07_l049_v2,0x3F,F3F-L002,0x42,humanoid_like,unknown,CB:EC1B,confirmed_frame_trailer_pointer,7A_body16_7C_next_plus_1_16_00,0x7A->body16;0x7C->next_record_plus_1_16;0x00->terminator,static_event_tail_opcode59_actor_controller,prefix_plus_tail_placement,10,4,4,0,,confirmed_static_flag,"flag_test(spec=0x84,wram=$1256,bit=4) == 0",candidate,1,right,candidate_value_domain_matches_confirmed_motion_pattern,16,0x10,3,0,event_source_bound_actor,strong_structural,controller pointer equals structural event trailer; 3 validated event source binding(s); field06D9=1 matches confirmed motion-pattern value right; reader linkage not yet proven; spawn=confirmed_static_flag,static_map_actor_selector_crosslink_20260930.csv;event_record_frame_catalog.csv;static_actor_event_dialogue_binding_20260930.csv;static_actor_spawn_conditions_20260930.csv;actor_motion_direction_pattern_table_20260930.csv
cfg_t07_l049_v2,0x3F,F3F-L003,0x42,humanoid_like,unknown,CB:EC48,confirmed_frame_trailer_pointer,7A_body16_7C_next_plus_1_16_00,0x7A->body16;0x7C->next_record_plus_1_16;0x00->terminator,static_event_tail_opcode59_actor_controller,prefix_plus_tail_placement,10,4,4,0,,confirmed_static_flag,"flag_test(spec=0x84,wram=$1256,bit=4) == 0",candidate,3,left,candidate_value_domain_matches_confirmed_motion_pattern,16,0x10,3,0,event_source_bound_actor,strong_structural,controller pointer equals structural event trailer; 3 validated event source binding(s); field06D9=3 matches confirmed motion-pattern value left; reader linkage not yet proven; spawn=confirmed_static_flag,static_map_actor_selector_crosslink_20260930.csv;event_record_frame_catalog.csv;static_actor_event_dialogue_binding_20260930.csv;static_actor_spawn_conditions_20260930.csv;actor_motion_direction_pattern_table_20260930.csv
cfg_t07_l049_v2,0x3F,F3F-L004,0x3E,humanoid_like,unknown,CB:EC83,confirmed_frame_trailer_pointer,7A_body16_7C_next_plus_1_16_00,0x7A->body16;0x7C->next_record_plus_1_16;0x00->terminator,static_event_tail_opcode59_actor_controller,prefix_plus_tail_placement,10,4,4,0,,confirmed_static_flag,"flag_test(spec=0x84,wram=$1256,bit=4) == 0",candidate,1,right,candidate_value_domain_matches_confirmed_motion_pattern,16,0x10,3,0,event_source_bound_actor,strong_structural,controller pointer equals structural event trailer; 3 validated event source binding(s); field06D9=1 matches confirmed motion-pattern value right; reader linkage not yet proven; spawn=confirmed_static_flag,static_map_actor_selector_crosslink_20260930.csv;event_record_frame_catalog.csv;static_actor_event_dialogue_binding_20260930.csv;static_actor_spawn_conditions_20260930.csv;actor_motion_direction_pattern_table_20260930.csv
cfg_t07_l049_v2,0x3F,F3F-L005,0x42,humanoid_like,unknown,CB:ECB0,confirmed_frame_trailer_pointer,7A_body16_7C_next_plus_1_16_00,0x7A->body16;0x7C->next_record_plus_1_16;0x00->terminator,static_event_tail_opcode59_actor_controller,prefix_plus_tail_placement,10,4,4,0,,confirmed_static_flag,"flag_test(spec=0x84,wram=$1256,bit=4) == 0",candidate,3,left,candidate_value_domain_matches_confirmed_motion_pattern,16,0x10,3,0,event_source_bound_actor,strong_structural,controller pointer equals structural event trailer; 3 validated event source binding(s); field06D9=3 matches confirmed motion-pattern value left; reader linkage not yet proven; spawn=confirmed_static_flag,static_map_actor_selector_crosslink_20260930.csv;event_record_frame_catalog.csv;static_actor_event_dialogue_binding_20260930.csv;static_actor_spawn_conditions_20260930.csv;actor_motion_direction_pattern_table_20260930.csv
cfg_t07_l049_v2,0x3F,F3F-L006,0x0D,,unknown,CB:EF26,confirmed_frame_trailer_pointer,7A_body16_7C_next_plus_1_16_00,0x7A->body16;0x7C->next_record_plus_1_16;0x00->terminator,static_event_tail_opcode59_actor_controller,prefix_plus_tail_placement,27,21,21,0,,confirmed_static_branch_unresolved_predicate,vm_expression(A3 89 17 08 0D E1 E7 A3 8B E1 A3 8A E1 E8 E7 B3 0C 3D 28) != 0,candidate,1,right,candidate_value_domain_matches_confirmed_motion_pattern,16,0x10,7,0,event_source_bound_actor,strong_structural,controller pointer equals structural event trailer; 7 validated event source binding(s); field06D9=1 matches confirmed motion-pattern value right; reader linkage not yet proven; spawn=confirmed_static_branch_unresolved_predicate,static_map_actor_selector_crosslink_20260930.csv;event_record_frame_catalog.csv;static_actor_event_dialogue_binding_20260930.csv;static_actor_spawn_conditions_20260930.csv;actor_motion_direction_pattern_table_20260930.csv
cfg_t07_l051_v2,0x40,F40-L001,0x59,humanoid_like,unknown,CB:EFC6,confirmed_frame_trailer_pointer,7A_body16_7C_next_plus_1_16_00,0x7A->body16;0x7C->next_record_plus_1_16;0x00->terminator,static_event_head_opcode59_actor_controller,head_exact_placement_only,6,0,0,0,,confirmed_static_unconditional,always,visible,2,down/front,candidate_value_domain_matches_confirmed_motion_pattern,16,0x10,1,0,event_source_bound_actor,strong_structural,controller pointer equals structural event trailer; 1 validated event source binding(s); field06D9=2 matches confirmed motion-pattern value down/front; reader linkage not yet proven; spawn=confirmed_static_unconditional,static_map_actor_selector_crosslink_20260930.csv;event_record_frame_catalog.csv;static_actor_event_dialogue_binding_20260930.csv;static_actor_spawn_conditions_20260930.csv;actor_motion_direction_pattern_table_20260930.csv
cfg_t07_l051_v2,0x40,F40-L002,0x42,humanoid_like,unknown,CB:EFE3,confirmed_frame_trailer_pointer,7A_body16_7C_next_plus_1_16_00,0x7A->body16;0x7C->next_record_plus_1_16;0x00->terminator,static_event_head_opcode59_actor_controller,head_exact_placement_only,6,0,0,0,,confirmed_static_unconditional,always,visible,2,down/front,candidate_value_domain_matches_confirmed_motion_pattern,16,0x10,1,0,event_source_bound_actor,strong_structural,controller pointer equals structural event trailer; 1 validated event source binding(s); field06D9=2 matches confirmed motion-pattern value down/front; reader linkage not yet proven; spawn=confirmed_static_unconditional,static_map_actor_selector_crosslink_20260930.csv;event_record_frame_catalog.csv;static_actor_event_dialogue_binding_20260930.csv;static_actor_spawn_conditions_20260930.csv;actor_motion_direction_pattern_table_20260930.csv
cfg_t07_l050_v2,0x41,F41-L001,0x5B,humanoid_like,unknown,CB:F154,confirmed_frame_trailer_pointer,7A_body16_7C_next_plus_1_16_00,0x7A->body16;0x7C->next_record_plus_1_16;0x00->terminator,static_event_tail_opcode59_actor_controller,prefix_plus_tail_placement,13,7,7,0,,confirmed_static_branch_unresolved_predicate,vm_expression(A0 66 F4 CB B6) != 0,candidate,4,up/back,candidate_value_domain_matches_confirmed_motion_pattern,16,0x10,1,0,event_source_bound_actor,strong_structural,controller pointer equals structural event trailer; 1 validated event source binding(s); field06D9=4 matches confirmed motion-pattern value up/back; reader linkage not yet proven; spawn=confirmed_static_branch_unresolved_predicate,static_map_actor_selector_crosslink_20260930.csv;event_record_frame_catalog.csv;static_actor_event_dialogue_binding_20260930.csv;static_actor_spawn_conditions_20260930.csv;actor_motion_direction_pattern_table_20260930.csv
cfg_t07_l050_v2,0x41,F41-L002,0x5B,humanoid_like,unknown,CB:F16C,confirmed_frame_trailer_pointer,7A_body16_7C_next_plus_1_16_00,0x7A->body16;0x7C->next_record_plus_1_16;0x00->terminator,static_event_tail_opcode59_actor_controller,prefix_plus_tail_placement,13,7,7,0,,confirmed_static_branch_unresolved_predicate,vm_expression(A0 66 F4 CB B6) != 0,candidate,4,up/back,candidate_value_domain_matches_confirmed_motion_pattern,16,0x10,1,0,event_source_bound_actor,strong_structural,controller pointer equals structural event trailer; 1 validated event source binding(s); field06D9=4 matches confirmed motion-pattern value up/back; reader linkage not yet proven; spawn=confirmed_static_branch_unresolved_predicate,static_map_actor_selector_crosslink_20260930.csv;event_record_frame_catalog.csv;static_actor_event_dialogue_binding_20260930.csv;static_actor_spawn_conditions_20260930.csv;actor_motion_direction_pattern_table_20260930.csv
cfg_t07_l050_v2,0x41,F41-L003,0x5B,humanoid_like,unknown,CB:F184,confirmed_frame_trailer_pointer,7A_body16_7C_next_plus_1_16_00,0x7A->body16;0x7C->next_record_plus_1_16;0x00->terminator,static_event_tail_opcode59_actor_controller,prefix_plus_tail_placement,13,7,7,0,,confirmed_static_branch_unresolved_predicate,vm_expression(A0 66 F4 CB B6) != 0,candidate,4,up/back,candidate_value_domain_matches_confirmed_motion_pattern,16,0x10,1,0,event_source_bound_actor,strong_structural,controller pointer equals structural event trailer; 1 validated event source binding(s); field06D9=4 matches confirmed motion-pattern value up/back; reader linkage not yet proven; spawn=confirmed_static_branch_unresolved_predicate,static_map_actor_selector_crosslink_20260930.csv;event_record_frame_catalog.csv;static_actor_event_dialogue_binding_20260930.csv;static_actor_spawn_conditions_20260930.csv;actor_motion_direction_pattern_table_20260930.csv
cfg_t07_l050_v2,0x41,F41-L004,0x28,humanoid_like,unknown,CB:F19C,confirmed_frame_trailer_pointer,7A_body16_7C_next_plus_1_16_00,0x7A->body16;0x7C->next_record_plus_1_16;0x00->terminator,static_event_tail_opcode59_actor_controller,prefix_plus_tail_placement,13,7,7,0,,confirmed_static_branch_unresolved_predicate,vm_expression(A0 66 F4 CB B6) != 0,candidate,4,up/back,candidate_value_domain_matches_confirmed_motion_pattern,16,0x10,1,0,event_source_bound_actor,strong_structural,controller pointer equals structural event trailer; 1 validated event source binding(s); field06D9=4 matches confirmed motion-pattern value up/back; reader linkage not yet proven; spawn=confirmed_static_branch_unresolved_predicate,static_map_actor_selector_crosslink_20260930.csv;event_record_frame_catalog.csv;static_actor_event_dialogue_binding_20260930.csv;static_actor_spawn_conditions_20260930.csv;actor_motion_direction_pattern_table_20260930.csv
cfg_t07_l050_v2,0x41,F41-L005,0x45,,unknown,CB:F1B7,confirmed_frame_trailer_pointer,7A_body16_7C_next_plus_1_16_00,0x7A->body16;0x7C->next_record_plus_1_16;0x00->terminator,static_event_tail_opcode59_actor_controller,prefix_plus_tail_placement,13,7,7,0,,confirmed_static_branch_unresolved_predicate,vm_expression(A0 66 F4 CB B6) != 0,candidate,2,down/front,candidate_value_domain_matches_confirmed_motion_pattern,16,0x10,0,0,placed_actor_no_validated_source,placement_only,controller pointer equals structural event trailer; no validated source selection; field06D9=2 matches confirmed motion-pattern value down/front; reader linkage not yet proven; spawn=confirmed_static_branch_unresolved_predicate,static_map_actor_selector_crosslink_20260930.csv;event_record_frame_catalog.csv;static_actor_event_dialogue_binding_20260930.csv;static_actor_spawn_conditions_20260930.csv;actor_motion_direction_pattern_table_20260930.csv
cfg_t07_l050_v2,0x41,F41-L006,0x28,humanoid_like,unknown,CB:F2B8,confirmed_frame_trailer_pointer,7A_body16_7C_next_plus_1_16_00,0x7A->body16;0x7C->next_record_plus_1_16;0x00->terminator,static_event_tail_opcode59_actor_controller,prefix_plus_tail_placement,13,7,7,0,,confirmed_static_branch_unresolved_predicate,vm_expression(A0 66 F4 CB B6) != 0,candidate,4,up/back,candidate_value_domain_matches_confirmed_motion_pattern,16,0x10,5,0,event_source_bound_actor,strong_structural,controller pointer equals structural event trailer; 5 validated event source binding(s); field06D9=4 matches confirmed motion-pattern value up/back; reader linkage not yet proven; spawn=confirmed_static_branch_unresolved_predicate,static_map_actor_selector_crosslink_20260930.csv;event_record_frame_catalog.csv;static_actor_event_dialogue_binding_20260930.csv;static_actor_spawn_conditions_20260930.csv;actor_motion_direction_pattern_table_20260930.csv
cfg_t07_l050_v2,0x41,F41-L007,0x5B,humanoid_like,unknown,CB:F2D3,confirmed_frame_trailer_pointer,7A_body16_7C_next_plus_1_16_00,0x7A->body16;0x7C->next_record_plus_1_16;0x00->terminator,static_event_tail_opcode59_actor_controller,prefix_plus_tail_placement,13,7,7,0,,confirmed_static_branch_unresolved_predicate,vm_expression(A0 66 F4 CB B6) != 0,candidate,4,up/back,candidate_value_domain_matches_confirmed_motion_pattern,16,0x10,0,0,placed_actor_no_validated_source,placement_only,controller pointer equals structural event trailer; no validated source selection; field06D9=4 matches confirmed motion-pattern value up/back; reader linkage not yet proven; spawn=confirmed_static_branch_unresolved_predicate,static_map_actor_selector_crosslink_20260930.csv;event_record_frame_catalog.csv;static_actor_event_dialogue_binding_20260930.csv;static_actor_spawn_conditions_20260930.csv;actor_motion_direction_pattern_table_20260930.csv
cfg_t07_l050_v2,0x41,F41-L008,0x5B,humanoid_like,unknown,CB:F2EB,confirmed_frame_trailer_pointer,7A_body16_7C_next_plus_1_16_00,0x7A->body16;0x7C->next_record_plus_1_16;0x00->terminator,static_event_tail_opcode59_actor_controller,prefix_plus_tail_placement,13,7,7,0,,confirmed_static_branch_unresolved_predicate,vm_expression(A0 66 F4 CB B6) != 0,candidate,4,up/back,candidate_value_domain_matches_confirmed_motion_pattern,16,0x10,1,0,event_source_bound_actor,strong_structural,controller pointer equals structural event trailer; 1 validated event source binding(s); field06D9=4 matches confirmed motion-pattern value up/back; reader linkage not yet proven; spawn=confirmed_static_branch_unresolved_predicate,static_map_actor_selector_crosslink_20260930.csv;event_record_frame_catalog.csv;static_actor_event_dialogue_binding_20260930.csv;static_actor_spawn_conditions_20260930.csv;actor_motion_direction_pattern_table_20260930.csv
cfg_t07_l050_v2,0x41,F41-L009,0x5B,humanoid_like,unknown,CB:F303,confirmed_frame_trailer_pointer,7A_body16_7C_next_plus_1_16_00,0x7A->body16;0x7C->next_record_plus_1_16;0x00->terminator,static_event_tail_opcode59_actor_controller,prefix_plus_tail_placement,13,7,7,0,,confirmed_static_branch_unresolved_predicate,vm_expression(A0 66 F4 CB B6) != 0,candidate,4,up/back,candidate_value_domain_matches_confirmed_motion_pattern,16,0x10,1,0,event_source_bound_actor,strong_structural,controller pointer equals structural event trailer; 1 validated event source binding(s); field06D9=4 matches confirmed motion-pattern value up/back; reader linkage not yet proven; spawn=confirmed_static_branch_unresolved_predicate,static_map_actor_selector_crosslink_20260930.csv;event_record_frame_catalog.csv;static_actor_event_dialogue_binding_20260930.csv;static_actor_spawn_conditions_20260930.csv;actor_motion_direction_pattern_table_20260930.csv
cfg_t07_l050_v2,0x41,F41-L010,0x5B,humanoid_like,unknown,CB:F31B,confirmed_frame_trailer_pointer,7A_body16_7C_next_plus_1_16_00,0x7A->body16;0x7C->next_record_plus_1_16;0x00->terminator,static_event_tail_opcode59_actor_controller,prefix_plus_tail_placement,13,7,7,0,,confirmed_static_branch_unresolved_predicate,vm_expression(A0 66 F4 CB B6) != 0,candidate,4,up/back,candidate_value_domain_matches_confirmed_motion_pattern,16,0x10,1,0,event_source_bound_actor,strong_structural,controller pointer equals structural event trailer; 1 validated event source binding(s); field06D9=4 matches confirmed motion-pattern value up/back; reader linkage not yet proven; spawn=confirmed_static_branch_unresolved_predicate,static_map_actor_selector_crosslink_20260930.csv;event_record_frame_catalog.csv;static_actor_event_dialogue_binding_20260930.csv;static_actor_spawn_conditions_20260930.csv;actor_motion_direction_pattern_table_20260930.csv
cfg_t07_l050_v2,0x41,F41-L011,0x45,,unknown,CB:F333,confirmed_frame_trailer_pointer,7A_body16_7C_next_plus_1_16_00,0x7A->body16;0x7C->next_record_plus_1_16;0x00->terminator,static_event_tail_opcode59_actor_controller,prefix_plus_tail_placement,13,7,7,0,,confirmed_static_branch_unresolved_predicate,vm_expression(A0 66 F4 CB B6) != 0,candidate,2,down/front,candidate_value_domain_matches_confirmed_motion_pattern,16,0x10,1,0,event_source_bound_actor,strong_structural,controller pointer equals structural event trailer; 1 validated event source binding(s); field06D9=2 matches confirmed motion-pattern value down/front; reader linkage not yet proven; spawn=confirmed_static_branch_unresolved_predicate,static_map_actor_selector_crosslink_20260930.csv;event_record_frame_catalog.csv;static_actor_event_dialogue_binding_20260930.csv;static_actor_spawn_conditions_20260930.csv;actor_motion_direction_pattern_table_20260930.csv
cfg_t07_l053_v2,0x43,F43-L001,0x42,humanoid_like,unknown,CB:F565,confirmed_frame_trailer_pointer,7A_body16_7C_next_plus_1_16_00,0x7A->body16;0x7C->next_record_plus_1_16;0x00->terminator,static_event_head_opcode59_actor_controller,head_exact_placement_only,6,0,0,0,,confirmed_static_unconditional,always,visible,4,up/back,candidate_value_domain_matches_confirmed_motion_pattern,16,0x10,1,0,event_source_bound_actor,strong_structural,controller pointer equals structural event trailer; 1 validated event source binding(s); field06D9=4 matches confirmed motion-pattern value up/back; reader linkage not yet proven; spawn=confirmed_static_unconditional,static_map_actor_selector_crosslink_20260930.csv;event_record_frame_catalog.csv;static_actor_event_dialogue_binding_20260930.csv;static_actor_spawn_conditions_20260930.csv;actor_motion_direction_pattern_table_20260930.csv
cfg_t07_l053_v2,0x43,F43-L002,0x41,humanoid_like,unknown,CB:F576,confirmed_frame_trailer_pointer,7A_body16_7C_next_plus_1_16_00,0x7A->body16;0x7C->next_record_plus_1_16;0x00->terminator,static_event_head_opcode59_actor_controller,head_exact_placement_only,6,0,0,0,,confirmed_static_unconditional,always,visible,2,down/front,candidate_value_domain_matches_confirmed_motion_pattern,16,0x10,1,0,event_source_bound_actor,strong_structural,controller pointer equals structural event trailer; 1 validated event source binding(s); field06D9=2 matches confirmed motion-pattern value down/front; reader linkage not yet proven; spawn=confirmed_static_unconditional,static_map_actor_selector_crosslink_20260930.csv;event_record_frame_catalog.csv;static_actor_event_dialogue_binding_20260930.csv;static_actor_spawn_conditions_20260930.csv;actor_motion_direction_pattern_table_20260930.csv
cfg_t07_l054_v2,0x44,F44-L001,0x42,humanoid_like,unknown,CB:F9B9,confirmed_frame_trailer_pointer,7A_body16_7C_next_plus_1_16_00,0x7A->body16;0x7C->next_record_plus_1_16;0x00->terminator,static_event_head_opcode59_actor_controller,head_exact_placement_only,6,0,0,0,,confirmed_static_unconditional,always,visible,2,down/front,candidate_value_domain_matches_confirmed_motion_pattern,16,0x10,1,0,event_source_bound_actor,strong_structural,controller pointer equals structural event trailer; 1 validated event source binding(s); field06D9=2 matches confirmed motion-pattern value down/front; reader linkage not yet proven; spawn=confirmed_static_unconditional,static_map_actor_selector_crosslink_20260930.csv;event_record_frame_catalog.csv;static_actor_event_dialogue_binding_20260930.csv;static_actor_spawn_conditions_20260930.csv;actor_motion_direction_pattern_table_20260930.csv
cfg_t07_l054_v2,0x44,F44-L002,0x42,humanoid_like,unknown,CB:FA2F,confirmed_frame_trailer_pointer,7A_body16_7C_next_plus_1_16_00,0x7A->body16;0x7C->next_record_plus_1_16;0x00->terminator,static_event_head_opcode59_actor_controller,head_exact_placement_only,6,0,0,0,,confirmed_static_unconditional,always,visible,2,down/front,candidate_value_domain_matches_confirmed_motion_pattern,16,0x10,1,0,event_source_bound_actor,strong_structural,controller pointer equals structural event trailer; 1 validated event source binding(s); field06D9=2 matches confirmed motion-pattern value down/front; reader linkage not yet proven; spawn=confirmed_static_unconditional,static_map_actor_selector_crosslink_20260930.csv;event_record_frame_catalog.csv;static_actor_event_dialogue_binding_20260930.csv;static_actor_spawn_conditions_20260930.csv;actor_motion_direction_pattern_table_20260930.csv
cfg_t07_l054_v2,0x44,F44-L003,0x41,humanoid_like,unknown,CB:FA40,confirmed_frame_trailer_pointer,7A_body16_7C_next_plus_1_16_00,0x7A->body16;0x7C->next_record_plus_1_16;0x00->terminator,static_event_head_opcode59_actor_controller,head_exact_placement_only,6,0,0,0,,confirmed_static_unconditional,always,visible,2,down/front,candidate_value_domain_matches_confirmed_motion_pattern,16,0x10,1,0,event_source_bound_actor,strong_structural,controller pointer equals structural event trailer; 1 validated event source binding(s); field06D9=2 matches confirmed motion-pattern value down/front; reader linkage not yet proven; spawn=confirmed_static_unconditional,static_map_actor_selector_crosslink_20260930.csv;event_record_frame_catalog.csv;static_actor_event_dialogue_binding_20260930.csv;static_actor_spawn_conditions_20260930.csv;actor_motion_direction_pattern_table_20260930.csv
cfg_t07_l054_v2,0x44,F44-L004,0x41,humanoid_like,unknown,CB:FA51,confirmed_frame_trailer_pointer,7A_body16_7C_next_plus_1_16_00,0x7A->body16;0x7C->next_record_plus_1_16;0x00->terminator,static_event_head_opcode59_actor_controller,head_exact_placement_only,6,0,0,0,,confirmed_static_unconditional,always,visible,2,down/front,candidate_value_domain_matches_confirmed_motion_pattern,16,0x10,1,0,event_source_bound_actor,strong_structural,controller pointer equals structural event trailer; 1 validated event source binding(s); field06D9=2 matches confirmed motion-pattern value down/front; reader linkage not yet proven; spawn=confirmed_static_unconditional,static_map_actor_selector_crosslink_20260930.csv;event_record_frame_catalog.csv;static_actor_event_dialogue_binding_20260930.csv;static_actor_spawn_conditions_20260930.csv;actor_motion_direction_pattern_table_20260930.csv
cfg_t07_l054_v2,0x44,F44-L005,0x43,humanoid_like,unknown,CB:FA62,confirmed_frame_trailer_pointer,7A_body16_7C_next_plus_1_16_00,0x7A->body16;0x7C->next_record_plus_1_16;0x00->terminator,static_event_head_opcode59_actor_controller,head_exact_placement_only,6,0,0,0,,confirmed_static_unconditional,always,visible,2,down/front,candidate_value_domain_matches_confirmed_motion_pattern,16,0x10,1,0,event_source_bound_actor,strong_structural,controller pointer equals structural event trailer; 1 validated event source binding(s); field06D9=2 matches confirmed motion-pattern value down/front; reader linkage not yet proven; spawn=confirmed_static_unconditional,static_map_actor_selector_crosslink_20260930.csv;event_record_frame_catalog.csv;static_actor_event_dialogue_binding_20260930.csv;static_actor_spawn_conditions_20260930.csv;actor_motion_direction_pattern_table_20260930.csv
cfg_t07_l054_v2,0x44,F44-L006,0x40,humanoid_like,unknown,CB:FA73,confirmed_frame_trailer_pointer,7A_body16_7C_next_plus_1_16_00,0x7A->body16;0x7C->next_record_plus_1_16;0x00->terminator,static_event_head_opcode59_actor_controller,head_exact_placement_only,6,0,0,0,,confirmed_static_unconditional,always,visible,2,down/front,candidate_value_domain_matches_confirmed_motion_pattern,16,0x10,1,0,event_source_bound_actor,strong_structural,controller pointer equals structural event trailer; 1 validated event source binding(s); field06D9=2 matches confirmed motion-pattern value down/front; reader linkage not yet proven; spawn=confirmed_static_unconditional,static_map_actor_selector_crosslink_20260930.csv;event_record_frame_catalog.csv;static_actor_event_dialogue_binding_20260930.csv;static_actor_spawn_conditions_20260930.csv;actor_motion_direction_pattern_table_20260930.csv
cfg_t07_l054_v2,0x44,F44-L007,0x24,humanoid_like,unknown,CB:FA84,confirmed_frame_trailer_pointer,7A_body16_7C_next_plus_1_16_00,0x7A->body16;0x7C->next_record_plus_1_16;0x00->terminator,static_event_head_opcode59_actor_controller,head_exact_placement_only,6,0,0,0,,confirmed_static_unconditional,always,visible,4,up/back,candidate_value_domain_matches_confirmed_motion_pattern,16,0x10,1,0,event_source_bound_actor,strong_structural,controller pointer equals structural event trailer; 1 validated event source binding(s); field06D9=4 matches confirmed motion-pattern value up/back; reader linkage not yet proven; spawn=confirmed_static_unconditional,static_map_actor_selector_crosslink_20260930.csv;event_record_frame_catalog.csv;static_actor_event_dialogue_binding_20260930.csv;static_actor_spawn_conditions_20260930.csv;actor_motion_direction_pattern_table_20260930.csv
cfg_t07_l054_v2,0x44,F44-L008,0x5A,humanoid_like,unknown,CB:FA95,confirmed_frame_trailer_pointer,7A_body16_7C_next_plus_1_16_00,0x7A->body16;0x7C->next_record_plus_1_16;0x00->terminator,static_event_head_opcode59_actor_controller,head_exact_placement_only,6,0,0,0,,confirmed_static_unconditional,always,visible,2,down/front,candidate_value_domain_matches_confirmed_motion_pattern,16,0x10,1,0,event_source_bound_actor,strong_structural,controller pointer equals structural event trailer; 1 validated event source binding(s); field06D9=2 matches confirmed motion-pattern value down/front; reader linkage not yet proven; spawn=confirmed_static_unconditional,static_map_actor_selector_crosslink_20260930.csv;event_record_frame_catalog.csv;static_actor_event_dialogue_binding_20260930.csv;static_actor_spawn_conditions_20260930.csv;actor_motion_direction_pattern_table_20260930.csv
cfg_t07_l054_v2,0x44,F44-L009,0x40,humanoid_like,unknown,CB:FAA6,confirmed_frame_trailer_pointer,7A_body16_7C_next_plus_1_16_00,0x7A->body16;0x7C->next_record_plus_1_16;0x00->terminator,static_event_head_opcode59_actor_controller,head_exact_placement_only,6,0,0,0,,confirmed_static_unconditional,always,visible,4,up/back,candidate_value_domain_matches_confirmed_motion_pattern,16,0x10,1,0,event_source_bound_actor,strong_structural,controller pointer equals structural event trailer; 1 validated event source binding(s); field06D9=4 matches confirmed motion-pattern value up/back; reader linkage not yet proven; spawn=confirmed_static_unconditional,static_map_actor_selector_crosslink_20260930.csv;event_record_frame_catalog.csv;static_actor_event_dialogue_binding_20260930.csv;static_actor_spawn_conditions_20260930.csv;actor_motion_direction_pattern_table_20260930.csv
cfg_t07_l054_v2,0x44,F44-L010,0x0D,,unknown,CB:FAB7,confirmed_frame_trailer_pointer,7A_body16_7C_next_plus_1_16_00,0x7A->body16;0x7C->next_record_plus_1_16;0x00->terminator,static_event_tail_opcode59_actor_controller,prefix_plus_tail_placement,13,7,7,0,,confirmed_static_branch_unresolved_predicate,vm_expression(A0 1A CE CB B6) != 0,candidate,2,down/front,candidate_value_domain_matches_confirmed_motion_pattern,16,0x10,1,0,event_source_bound_actor,strong_structural,controller pointer equals structural event trailer; 1 validated event source binding(s); field06D9=2 matches confirmed motion-pattern value down/front; reader linkage not yet proven; spawn=confirmed_static_branch_unresolved_predicate,static_map_actor_selector_crosslink_20260930.csv;event_record_frame_catalog.csv;static_actor_event_dialogue_binding_20260930.csv;static_actor_spawn_conditions_20260930.csv;actor_motion_direction_pattern_table_20260930.csv
cfg_t07_l054_v2,0x44,F44-L011,0x59,humanoid_like,unknown,CB:FACF,confirmed_frame_trailer_pointer,7A_body16_7C_next_plus_1_16_00,0x7A->body16;0x7C->next_record_plus_1_16;0x00->terminator,static_event_head_opcode59_actor_controller,head_exact_placement_only,6,0,0,0,,confirmed_static_unconditional,always,visible,4,up/back,candidate_value_domain_matches_confirmed_motion_pattern,16,0x10,1,0,event_source_bound_actor,strong_structural,controller pointer equals structural event trailer; 1 validated event source binding(s); field06D9=4 matches confirmed motion-pattern value up/back; reader linkage not yet proven; spawn=confirmed_static_unconditional,static_map_actor_selector_crosslink_20260930.csv;event_record_frame_catalog.csv;static_actor_event_dialogue_binding_20260930.csv;static_actor_spawn_conditions_20260930.csv;actor_motion_direction_pattern_table_20260930.csv
cfg_t07_l054_v2,0x44,F44-L012,0x3F,humanoid_like,unknown,CB:FAE0,confirmed_frame_trailer_pointer,7A_body16_7C_next_plus_1_16_00,0x7A->body16;0x7C->next_record_plus_1_16;0x00->terminator,static_event_head_opcode59_actor_controller,head_exact_placement_only,6,0,0,0,,confirmed_static_unconditional,always,visible,2,down/front,candidate_value_domain_matches_confirmed_motion_pattern,16,0x10,1,0,event_source_bound_actor,strong_structural,controller pointer equals structural event trailer; 1 validated event source binding(s); field06D9=2 matches confirmed motion-pattern value down/front; reader linkage not yet proven; spawn=confirmed_static_unconditional,static_map_actor_selector_crosslink_20260930.csv;event_record_frame_catalog.csv;static_actor_event_dialogue_binding_20260930.csv;static_actor_spawn_conditions_20260930.csv;actor_motion_direction_pattern_table_20260930.csv
cfg_t07_l054_v2,0x44,F44-L013,0x3E,humanoid_like,unknown,CB:FAF1,confirmed_frame_trailer_pointer,7A_body16_7C_next_plus_1_16_00,0x7A->body16;0x7C->next_record_plus_1_16;0x00->terminator,static_event_head_opcode59_actor_controller,head_exact_placement_only,6,0,0,0,,confirmed_static_unconditional,always,visible,4,up/back,candidate_value_domain_matches_confirmed_motion_pattern,16,0x10,1,0,event_source_bound_actor,strong_structural,controller pointer equals structural event trailer; 1 validated event source binding(s); field06D9=4 matches confirmed motion-pattern value up/back; reader linkage not yet proven; spawn=confirmed_static_unconditional,static_map_actor_selector_crosslink_20260930.csv;event_record_frame_catalog.csv;static_actor_event_dialogue_binding_20260930.csv;static_actor_spawn_conditions_20260930.csv;actor_motion_direction_pattern_table_20260930.csv
cfg_t07_l063_v2,0x47,F47-L001,0x29,humanoid_like,unknown,CB:FE8E,confirmed_frame_trailer_pointer,7A_body16_7C_next_plus_1_16_00,0x7A->body16;0x7C->next_record_plus_1_16;0x00->terminator,static_event_head_opcode59_actor_controller,head_exact_placement_only,6,0,0,0,,confirmed_static_unconditional,always,visible,2,down/front,candidate_value_domain_matches_confirmed_motion_pattern,16,0x10,1,0,event_source_bound_actor,strong_structural,controller pointer equals structural event trailer; 1 validated event source binding(s); field06D9=2 matches confirmed motion-pattern value down/front; reader linkage not yet proven; spawn=confirmed_static_unconditional,static_map_actor_selector_crosslink_20260930.csv;event_record_frame_catalog.csv;static_actor_event_dialogue_binding_20260930.csv;static_actor_spawn_conditions_20260930.csv;actor_motion_direction_pattern_table_20260930.csv
cfg_t07_l063_v2,0x47,F47-L002,0x29,humanoid_like,unknown,CB:FE9F,confirmed_frame_trailer_pointer,7A_body16_7C_next_plus_1_16_00,0x7A->body16;0x7C->next_record_plus_1_16;0x00->terminator,static_event_head_opcode59_actor_controller,head_exact_placement_only,6,0,0,0,,confirmed_static_unconditional,always,visible,3,left,candidate_value_domain_matches_confirmed_motion_pattern,16,0x10,1,0,event_source_bound_actor,strong_structural,controller pointer equals structural event trailer; 1 validated event source binding(s); field06D9=3 matches confirmed motion-pattern value left; reader linkage not yet proven; spawn=confirmed_static_unconditional,static_map_actor_selector_crosslink_20260930.csv;event_record_frame_catalog.csv;static_actor_event_dialogue_binding_20260930.csv;static_actor_spawn_conditions_20260930.csv;actor_motion_direction_pattern_table_20260930.csv
cfg_t07_l063_v2,0x47,F47-L003,0xA4,,unknown,CB:FEB0,confirmed_frame_trailer_pointer,7A_body16_7C_next_plus_1_16_00,0x7A->body16;0x7C->next_record_plus_1_16;0x00->terminator,static_event_tail_opcode59_actor_controller,prefix_plus_tail_placement,16,10,10,0,,confirmed_static_branch_unresolved_predicate,vm_expression(D0 70 19 C0 EC A3 D7 E7) != 0,candidate,2,down/front,candidate_value_domain_matches_confirmed_motion_pattern,16,0x10,1,0,event_source_bound_actor,strong_structural,controller pointer equals structural event trailer; 1 validated event source binding(s); field06D9=2 matches confirmed motion-pattern value down/front; reader linkage not yet proven; spawn=confirmed_static_branch_unresolved_predicate,static_map_actor_selector_crosslink_20260930.csv;event_record_frame_catalog.csv;static_actor_event_dialogue_binding_20260930.csv;static_actor_spawn_conditions_20260930.csv;actor_motion_direction_pattern_table_20260930.csv
cfg_t33_l146_v1,0x48,F48-L001,0x40,humanoid_like,unknown,CC:005F,confirmed_frame_trailer_pointer,7A_body16_7C_next_plus_1_16_00,0x7A->body16;0x7C->next_record_plus_1_16;0x00->terminator,static_event_head_opcode59_actor_controller,head_exact_placement_only,6,0,0,0,,confirmed_static_unconditional,always,visible,2,down/front,candidate_value_domain_matches_confirmed_motion_pattern,0,0x00,1,0,event_source_bound_actor,strong_structural,controller pointer equals structural event trailer; 1 validated event source binding(s); field06D9=2 matches confirmed motion-pattern value down/front; reader linkage not yet proven; spawn=confirmed_static_unconditional,static_map_actor_selector_crosslink_20260930.csv;event_record_frame_catalog.csv;static_actor_event_dialogue_binding_20260930.csv;static_actor_spawn_conditions_20260930.csv;actor_motion_direction_pattern_table_20260930.csv
cfg_t33_l146_v1,0x48,F48-L002,0x5A,humanoid_like,unknown,CC:0070,confirmed_frame_trailer_pointer,7A_body16_7C_next_plus_1_16_00,0x7A->body16;0x7C->next_record_plus_1_16;0x00->terminator,static_event_head_opcode59_actor_controller,head_exact_placement_only,6,0,0,0,,confirmed_static_unconditional,always,visible,2,down/front,candidate_value_domain_matches_confirmed_motion_pattern,0,0x00,1,0,event_source_bound_actor,strong_structural,controller pointer equals structural event trailer; 1 validated event source binding(s); field06D9=2 matches confirmed motion-pattern value down/front; reader linkage not yet proven; spawn=confirmed_static_unconditional,static_map_actor_selector_crosslink_20260930.csv;event_record_frame_catalog.csv;static_actor_event_dialogue_binding_20260930.csv;static_actor_spawn_conditions_20260930.csv;actor_motion_direction_pattern_table_20260930.csv
cfg_t33_l146_v1,0x48,F48-L003,0x5A,humanoid_like,unknown,CC:0081,confirmed_frame_trailer_pointer,7A_body16_7C_next_plus_1_16_00,0x7A->body16;0x7C->next_record_plus_1_16;0x00->terminator,static_event_head_opcode59_actor_controller,head_exact_placement_only,6,0,0,0,,confirmed_static_unconditional,always,visible,2,down/front,candidate_value_domain_matches_confirmed_motion_pattern,0,0x00,1,0,event_source_bound_actor,strong_structural,controller pointer equals structural event trailer; 1 validated event source binding(s); field06D9=2 matches confirmed motion-pattern value down/front; reader linkage not yet proven; spawn=confirmed_static_unconditional,static_map_actor_selector_crosslink_20260930.csv;event_record_frame_catalog.csv;static_actor_event_dialogue_binding_20260930.csv;static_actor_spawn_conditions_20260930.csv;actor_motion_direction_pattern_table_20260930.csv
cfg_t33_l146_v1,0x48,F48-L004,0x3F,humanoid_like,unknown,CC:0092,confirmed_frame_trailer_pointer,7A_body16_7C_next_plus_1_16_00,0x7A->body16;0x7C->next_record_plus_1_16;0x00->terminator,static_event_head_opcode59_actor_controller,head_exact_placement_only,6,0,0,0,,confirmed_static_unconditional,always,visible,2,down/front,candidate_value_domain_matches_confirmed_motion_pattern,65,0x41,1,0,event_source_bound_actor,strong_structural,controller pointer equals structural event trailer; 1 validated event source binding(s); field06D9=2 matches confirmed motion-pattern value down/front; reader linkage not yet proven; spawn=confirmed_static_unconditional,static_map_actor_selector_crosslink_20260930.csv;event_record_frame_catalog.csv;static_actor_event_dialogue_binding_20260930.csv;static_actor_spawn_conditions_20260930.csv;actor_motion_direction_pattern_table_20260930.csv
cfg_t33_l146_v1,0x48,F48-L005,0x24,humanoid_like,unknown,CC:00A3,confirmed_frame_trailer_pointer,7A_body16_7C_next_plus_1_16_00,0x7A->body16;0x7C->next_record_plus_1_16;0x00->terminator,static_event_head_opcode59_actor_controller,head_exact_placement_only,6,0,0,0,,confirmed_static_unconditional,always,visible,2,down/front,candidate_value_domain_matches_confirmed_motion_pattern,0,0x00,1,0,event_source_bound_actor,strong_structural,controller pointer equals structural event trailer; 1 validated event source binding(s); field06D9=2 matches confirmed motion-pattern value down/front; reader linkage not yet proven; spawn=confirmed_static_unconditional,static_map_actor_selector_crosslink_20260930.csv;event_record_frame_catalog.csv;static_actor_event_dialogue_binding_20260930.csv;static_actor_spawn_conditions_20260930.csv;actor_motion_direction_pattern_table_20260930.csv
cfg_t33_l146_v1,0x48,F48-L006,0x17,animal_like,animal,CC:0192,confirmed_frame_trailer_pointer,7A_body16_7C_next_plus_1_16_00,0x7A->body16;0x7C->next_record_plus_1_16;0x00->terminator,static_event_head_opcode59_actor_controller,head_exact_placement_only,6,0,0,0,,confirmed_static_unconditional,always,visible,2,down/front,candidate_value_domain_matches_confirmed_motion_pattern,0,0x00,4,0,event_source_bound_actor,strong_structural,controller pointer equals structural event trailer; 4 validated event source binding(s); field06D9=2 matches confirmed motion-pattern value down/front; reader linkage not yet proven; spawn=confirmed_static_unconditional,static_map_actor_selector_crosslink_20260930.csv;event_record_frame_catalog.csv;static_actor_event_dialogue_binding_20260930.csv;static_actor_spawn_conditions_20260930.csv;actor_motion_direction_pattern_table_20260930.csv
cfg_t33_l146_v1,0x48,F48-L007,0x17,animal_like,animal,CC:01A3,confirmed_frame_trailer_pointer,7A_body16_7C_next_plus_1_16_00,0x7A->body16;0x7C->next_record_plus_1_16;0x00->terminator,static_event_head_opcode59_actor_controller,head_exact_placement_only,6,0,0,0,,confirmed_static_unconditional,always,visible,2,down/front,candidate_value_domain_matches_confirmed_motion_pattern,0,0x00,1,0,event_source_bound_actor,strong_structural,controller pointer equals structural event trailer; 1 validated event source binding(s); field06D9=2 matches confirmed motion-pattern value down/front; reader linkage not yet proven; spawn=confirmed_static_unconditional,static_map_actor_selector_crosslink_20260930.csv;event_record_frame_catalog.csv;static_actor_event_dialogue_binding_20260930.csv;static_actor_spawn_conditions_20260930.csv;actor_motion_direction_pattern_table_20260930.csv
cfg_t33_l146_v1,0x48,F48-L008,0x17,animal_like,animal,CC:01B4,confirmed_frame_trailer_pointer,7A_body16_7C_next_plus_1_16_00,0x7A->body16;0x7C->next_record_plus_1_16;0x00->terminator,static_event_head_opcode59_actor_controller,head_exact_placement_only,6,0,0,0,,confirmed_static_unconditional,always,visible,2,down/front,candidate_value_domain_matches_confirmed_motion_pattern,0,0x00,1,0,event_source_bound_actor,strong_structural,controller pointer equals structural event trailer; 1 validated event source binding(s); field06D9=2 matches confirmed motion-pattern value down/front; reader linkage not yet proven; spawn=confirmed_static_unconditional,static_map_actor_selector_crosslink_20260930.csv;event_record_frame_catalog.csv;static_actor_event_dialogue_binding_20260930.csv;static_actor_spawn_conditions_20260930.csv;actor_motion_direction_pattern_table_20260930.csv
cfg_t07_l033_v2,0x4F,F4F-L001,0x3C,humanoid_like,talking_npc,CC:1BC5,confirmed_frame_trailer_pointer,7A_body16_7C_next_plus_1_16_00,0x7A->body16;0x7C->next_record_plus_1_16;0x00->terminator,static_event_tail_opcode59_actor_controller,prefix_plus_tail_placement,12,6,6,0,,confirmed_static_control_partial_predicate,predicate_08(bytes=08 B9 13 03) != 0,candidate,2,down/front,candidate_value_domain_matches_confirmed_motion_pattern,16,0x10,1,1,dialogue_actor_strong_candidate,strong_candidate,controller pointer equals structural event trailer; 1 validated event source binding(s); 1 decoded dialogue source(s); field06D9=2 matches confirmed motion-pattern value down/front; reader linkage not yet proven; spawn=confirmed_static_control_partial_predicate,static_map_actor_selector_crosslink_20260930.csv;event_record_frame_catalog.csv;static_actor_event_dialogue_binding_20260930.csv;static_actor_spawn_conditions_20260930.csv;actor_motion_direction_pattern_table_20260930.csv
cfg_t04_l008_v2,0x50,F50-L001,0x40,humanoid_like,villager,CC:1D0F,confirmed_frame_trailer_pointer,7A_body16_7C_next_plus_1_16_00,0x7A->body16;0x7C->next_record_plus_1_16;0x00->terminator,static_event_head_opcode59_actor_controller,head_exact_placement_only,6,0,0,0,,confirmed_static_unconditional,always,visible,2,down/front,candidate_value_domain_matches_confirmed_motion_pattern,0,0x00,1,1,dialogue_actor_confirmed_cfg,confirmed_static,controller pointer equals structural event trailer; 1 validated event source binding(s); 1 decoded dialogue source(s); field06D9=2 matches confirmed motion-pattern value down/front; reader linkage not yet proven; spawn=confirmed_static_unconditional,static_map_actor_selector_crosslink_20260930.csv;event_record_frame_catalog.csv;static_actor_event_dialogue_binding_20260930.csv;static_actor_spawn_conditions_20260930.csv;actor_motion_direction_pattern_table_20260930.csv
cfg_t04_l008_v2,0x50,F50-L002,0x24,humanoid_like,villager,CC:1D2D,confirmed_frame_trailer_pointer,7A_body16_7C_next_plus_1_16_00,0x7A->body16;0x7C->next_record_plus_1_16;0x00->terminator,static_event_head_opcode59_actor_controller,head_exact_placement_only,6,0,0,0,,confirmed_static_unconditional,always,visible,2,down/front,candidate_value_domain_matches_confirmed_motion_pattern,0,0x00,2,2,dialogue_actor_confirmed_cfg,confirmed_static,controller pointer equals structural event trailer; 2 validated event source binding(s); 2 decoded dialogue source(s); field06D9=2 matches confirmed motion-pattern value down/front; reader linkage not yet proven; spawn=confirmed_static_unconditional,static_map_actor_selector_crosslink_20260930.csv;event_record_frame_catalog.csv;static_actor_event_dialogue_binding_20260930.csv;static_actor_spawn_conditions_20260930.csv;actor_motion_direction_pattern_table_20260930.csv
cfg_t04_l008_v2,0x50,F50-L003,0x59,humanoid_like,villager,CC:1D4B,confirmed_frame_trailer_pointer,7A_body16_7C_next_plus_1_16_00,0x7A->body16;0x7C->next_record_plus_1_16;0x00->terminator,static_event_head_opcode59_actor_controller,head_exact_placement_only,6,0,0,0,,confirmed_static_unconditional,always,visible,2,down/front,candidate_value_domain_matches_confirmed_motion_pattern,0,0x00,2,2,dialogue_actor_confirmed_cfg,confirmed_static,controller pointer equals structural event trailer; 2 validated event source binding(s); 2 decoded dialogue source(s); field06D9=2 matches confirmed motion-pattern value down/front; reader linkage not yet proven; spawn=confirmed_static_unconditional,static_map_actor_selector_crosslink_20260930.csv;event_record_frame_catalog.csv;static_actor_event_dialogue_binding_20260930.csv;static_actor_spawn_conditions_20260930.csv;actor_motion_direction_pattern_table_20260930.csv
cfg_t04_l008_v2,0x50,F50-L004,0x59,humanoid_like,villager,CC:1D69,confirmed_frame_trailer_pointer,7A_body16_7C_next_plus_1_16_00,0x7A->body16;0x7C->next_record_plus_1_16;0x00->terminator,static_event_head_opcode59_actor_controller,head_exact_placement_only,6,0,0,0,,confirmed_static_unconditional,always,visible,2,down/front,candidate_value_domain_matches_confirmed_motion_pattern,0,0x00,2,2,dialogue_actor_confirmed_cfg,confirmed_static,controller pointer equals structural event trailer; 2 validated event source binding(s); 2 decoded dialogue source(s); field06D9=2 matches confirmed motion-pattern value down/front; reader linkage not yet proven; spawn=confirmed_static_unconditional,static_map_actor_selector_crosslink_20260930.csv;event_record_frame_catalog.csv;static_actor_event_dialogue_binding_20260930.csv;static_actor_spawn_conditions_20260930.csv;actor_motion_direction_pattern_table_20260930.csv
cfg_t04_l008_v2,0x50,F50-L005,0x5A,humanoid_like,villager,CC:1D8F,confirmed_frame_trailer_pointer,7A_body16_7C_next_plus_1_16_00,0x7A->body16;0x7C->next_record_plus_1_16;0x00->terminator,static_event_head_opcode59_actor_controller,head_exact_placement_only,6,0,0,0,,confirmed_static_unconditional,always,visible,2,down/front,candidate_value_domain_matches_confirmed_motion_pattern,0,0x00,3,3,dialogue_actor_confirmed_cfg,confirmed_static,controller pointer equals structural event trailer; 3 validated event source binding(s); 3 decoded dialogue source(s); field06D9=2 matches confirmed motion-pattern value down/front; reader linkage not yet proven; spawn=confirmed_static_unconditional,static_map_actor_selector_crosslink_20260930.csv;event_record_frame_catalog.csv;static_actor_event_dialogue_binding_20260930.csv;static_actor_spawn_conditions_20260930.csv;actor_motion_direction_pattern_table_20260930.csv
cfg_t04_l008_v2,0x50,F50-L006,0x40,humanoid_like,villager,CC:1DAD,confirmed_frame_trailer_pointer,7A_body16_7C_next_plus_1_16_00,0x7A->body16;0x7C->next_record_plus_1_16;0x00->terminator,static_event_head_opcode59_actor_controller,head_exact_placement_only,6,0,0,0,,confirmed_static_unconditional,always,visible,2,down/front,candidate_value_domain_matches_confirmed_motion_pattern,0,0x00,2,2,dialogue_actor_confirmed_cfg,confirmed_static,controller pointer equals structural event trailer; 2 validated event source binding(s); 2 decoded dialogue source(s); field06D9=2 matches confirmed motion-pattern value down/front; reader linkage not yet proven; spawn=confirmed_static_unconditional,static_map_actor_selector_crosslink_20260930.csv;event_record_frame_catalog.csv;static_actor_event_dialogue_binding_20260930.csv;static_actor_spawn_conditions_20260930.csv;actor_motion_direction_pattern_table_20260930.csv
cfg_t04_l008_v2,0x50,F50-L007,0x27,humanoid_like,villager,CC:1DD3,confirmed_frame_trailer_pointer,7A_body16_7C_next_plus_1_16_00,0x7A->body16;0x7C->next_record_plus_1_16;0x00->terminator,static_event_head_opcode59_actor_controller,head_exact_placement_only,6,0,0,0,,confirmed_static_unconditional,always,visible,2,down/front,candidate_value_domain_matches_confirmed_motion_pattern,0,0x00,3,3,dialogue_actor_confirmed_cfg,confirmed_static,controller pointer equals structural event trailer; 3 validated event source binding(s); 3 decoded dialogue source(s); field06D9=2 matches confirmed motion-pattern value down/front; reader linkage not yet proven; spawn=confirmed_static_unconditional,static_map_actor_selector_crosslink_20260930.csv;event_record_frame_catalog.csv;static_actor_event_dialogue_binding_20260930.csv;static_actor_spawn_conditions_20260930.csv;actor_motion_direction_pattern_table_20260930.csv
cfg_t04_l008_v2,0x50,F50-L008,0x25,humanoid_like,villager,CC:1DF1,confirmed_frame_trailer_pointer,7A_body16_7C_next_plus_1_16_00,0x7A->body16;0x7C->next_record_plus_1_16;0x00->terminator,static_event_head_opcode59_actor_controller,head_exact_placement_only,6,0,0,0,,confirmed_static_unconditional,always,visible,2,down/front,candidate_value_domain_matches_confirmed_motion_pattern,80,0x50,2,2,dialogue_actor_confirmed_cfg,confirmed_static,controller pointer equals structural event trailer; 2 validated event source binding(s); 2 decoded dialogue source(s); field06D9=2 matches confirmed motion-pattern value down/front; reader linkage not yet proven; spawn=confirmed_static_unconditional,static_map_actor_selector_crosslink_20260930.csv;event_record_frame_catalog.csv;static_actor_event_dialogue_binding_20260930.csv;static_actor_spawn_conditions_20260930.csv;actor_motion_direction_pattern_table_20260930.csv
cfg_t04_l008_v2,0x50,F50-L009,0x5B,humanoid_like,villager,CC:1E02,confirmed_frame_trailer_pointer,7A_body16_7C_next_plus_1_16_00,0x7A->body16;0x7C->next_record_plus_1_16;0x00->terminator,static_event_head_opcode59_actor_controller,head_exact_placement_only,6,0,0,0,,confirmed_static_unconditional,always,visible,2,down/front,candidate_value_domain_matches_confirmed_motion_pattern,16,0x10,1,1,dialogue_actor_confirmed_cfg,confirmed_static,controller pointer equals structural event trailer; 1 validated event source binding(s); 1 decoded dialogue source(s); field06D9=2 matches confirmed motion-pattern value down/front; reader linkage not yet proven; spawn=confirmed_static_unconditional,static_map_actor_selector_crosslink_20260930.csv;event_record_frame_catalog.csv;static_actor_event_dialogue_binding_20260930.csv;static_actor_spawn_conditions_20260930.csv;actor_motion_direction_pattern_table_20260930.csv
cfg_t04_l008_v2,0x50,F50-L010,0x13,,villager,CC:1E13,confirmed_frame_trailer_pointer,7A_body16_7C_next_plus_1_16_00,0x7A->body16;0x7C->next_record_plus_1_16;0x00->terminator,static_event_tail_opcode59_actor_controller,prefix_plus_tail_placement,21,15,15,0,,confirmed_static_branch_unresolved_predicate,vm_expression(3D 13 13 3D 15 13 E1 E7 17 07 13 E1 E7) != 0,candidate,2,down/front,candidate_value_domain_matches_confirmed_motion_pattern,16,0x10,1,1,dialogue_actor_confirmed_cfg,confirmed_static,controller pointer equals structural event trailer; 1 validated event source binding(s); 1 decoded dialogue source(s); field06D9=2 matches confirmed motion-pattern value down/front; reader linkage not yet proven; spawn=confirmed_static_branch_unresolved_predicate,static_map_actor_selector_crosslink_20260930.csv;event_record_frame_catalog.csv;static_actor_event_dialogue_binding_20260930.csv;static_actor_spawn_conditions_20260930.csv;actor_motion_direction_pattern_table_20260930.csv
cfg_t07_l009_v2,0x51,F51-L001,0x5A,humanoid_like,unknown,CC:1F6A,confirmed_frame_trailer_pointer,7A_body16_7C_next_plus_1_16_00,0x7A->body16;0x7C->next_record_plus_1_16;0x00->terminator,static_event_tail_opcode59_actor_controller,prefix_plus_tail_placement,10,4,4,0,,confirmed_static_control_partial_predicate,"predicate_2D(operand=0x50,compare_target=$0306) != 0",candidate,2,down/front,candidate_value_domain_matches_confirmed_motion_pattern,16,0x10,1,0,event_source_bound_actor,strong_structural,controller pointer equals structural event trailer; 1 validated event source binding(s); field06D9=2 matches confirmed motion-pattern value down/front; reader linkage not yet proven; spawn=confirmed_static_control_partial_predicate,static_map_actor_selector_crosslink_20260930.csv;event_record_frame_catalog.csv;static_actor_event_dialogue_binding_20260930.csv;static_actor_spawn_conditions_20260930.csv;actor_motion_direction_pattern_table_20260930.csv
cfg_t07_l009_v2,0x51,F51-L002,0x59,humanoid_like,unknown,CC:1F7F,confirmed_frame_trailer_pointer,7A_body16_7C_next_plus_1_16_00,0x7A->body16;0x7C->next_record_plus_1_16;0x00->terminator,static_event_tail_opcode59_actor_controller,prefix_plus_tail_placement,10,4,4,0,,confirmed_static_control_partial_predicate,"predicate_2D(operand=0x6A,compare_target=$0306) != 0",candidate,2,down/front,candidate_value_domain_matches_confirmed_motion_pattern,16,0x10,1,0,event_source_bound_actor,strong_structural,controller pointer equals structural event trailer; 1 validated event source binding(s); field06D9=2 matches confirmed motion-pattern value down/front; reader linkage not yet proven; spawn=confirmed_static_control_partial_predicate,static_map_actor_selector_crosslink_20260930.csv;event_record_frame_catalog.csv;static_actor_event_dialogue_binding_20260930.csv;static_actor_spawn_conditions_20260930.csv;actor_motion_direction_pattern_table_20260930.csv
cfg_t07_l009_v2,0x51,F51-L003,0x5B,humanoid_like,unknown,CC:1FB2,confirmed_frame_trailer_pointer,7A_body16_7C_next_plus_1_16_00,0x7A->body16;0x7C->next_record_plus_1_16;0x00->terminator,static_event_tail_opcode59_actor_controller,prefix_plus_tail_placement,10,4,4,0,,confirmed_static_control_partial_predicate,"predicate_2D(operand=0x6A,compare_target=$0306) != 0",candidate,2,down/front,candidate_value_domain_matches_confirmed_motion_pattern,16,0x10,2,0,event_source_bound_actor,strong_structural,controller pointer equals structural event trailer; 2 validated event source binding(s); field06D9=2 matches confirmed motion-pattern value down/front; reader linkage not yet proven; spawn=confirmed_static_control_partial_predicate,static_map_actor_selector_crosslink_20260930.csv;event_record_frame_catalog.csv;static_actor_event_dialogue_binding_20260930.csv;static_actor_spawn_conditions_20260930.csv;actor_motion_direction_pattern_table_20260930.csv
cfg_t07_l009_v2,0x51,F51-L004,0x3E,humanoid_like,unknown,CC:1FE0,confirmed_frame_trailer_pointer,7A_body16_7C_next_plus_1_16_00,0x7A->body16;0x7C->next_record_plus_1_16;0x00->terminator,static_event_tail_opcode59_actor_controller,prefix_plus_tail_placement,10,4,4,0,,confirmed_static_control_partial_predicate,"predicate_2D(operand=0x67,compare_target=$0306) != 0",candidate,2,down/front,candidate_value_domain_matches_confirmed_motion_pattern,16,0x10,4,0,event_source_bound_actor,strong_structural,controller pointer equals structural event trailer; 4 validated event source binding(s); field06D9=2 matches confirmed motion-pattern value down/front; reader linkage not yet proven; spawn=confirmed_static_control_partial_predicate,static_map_actor_selector_crosslink_20260930.csv;event_record_frame_catalog.csv;static_actor_event_dialogue_binding_20260930.csv;static_actor_spawn_conditions_20260930.csv;actor_motion_direction_pattern_table_20260930.csv
cfg_t07_l009_v2,0x51,F51-L005,0x24,humanoid_like,unknown,CC:1FF5,confirmed_frame_trailer_pointer,7A_body16_7C_next_plus_1_16_00,0x7A->body16;0x7C->next_record_plus_1_16;0x00->terminator,static_event_tail_opcode59_actor_controller,prefix_plus_tail_placement,17,11,11,0,,confirmed_static_branch_unresolved_predicate,vm_expression(2D 6B A3 73 E1 A3 70 E8 E7) != 0,candidate,2,down/front,candidate_value_domain_matches_confirmed_motion_pattern,16,0x10,1,0,event_source_bound_actor,strong_structural,controller pointer equals structural event trailer; 1 validated event source binding(s); field06D9=2 matches confirmed motion-pattern value down/front; reader linkage not yet proven; spawn=confirmed_static_branch_unresolved_predicate,static_map_actor_selector_crosslink_20260930.csv;event_record_frame_catalog.csv;static_actor_event_dialogue_binding_20260930.csv;static_actor_spawn_conditions_20260930.csv;actor_motion_direction_pattern_table_20260930.csv
cfg_t07_l009_v2,0x51,F51-L006,0x3F,humanoid_like,unknown,CC:2019,confirmed_frame_trailer_pointer,7A_body16_7C_next_plus_1_16_00,0x7A->body16;0x7C->next_record_plus_1_16;0x00->terminator,static_event_tail_opcode59_actor_controller,prefix_plus_tail_placement,17,11,11,0,,confirmed_static_branch_unresolved_predicate,vm_expression(2D 6B A3 73 E1 A3 70 E8 E7) != 0,candidate,2,down/front,candidate_value_domain_matches_confirmed_motion_pattern,0,0x00,2,0,event_source_bound_actor,strong_structural,controller pointer equals structural event trailer; 2 validated event source binding(s); field06D9=2 matches confirmed motion-pattern value down/front; reader linkage not yet proven; spawn=confirmed_static_branch_unresolved_predicate,static_map_actor_selector_crosslink_20260930.csv;event_record_frame_catalog.csv;static_actor_event_dialogue_binding_20260930.csv;static_actor_spawn_conditions_20260930.csv;actor_motion_direction_pattern_table_20260930.csv
cfg_t07_l009_v2,0x51,F51-L007,0x24,humanoid_like,unknown,CC:2057,confirmed_frame_trailer_pointer,7A_body16_7C_next_plus_1_16_00,0x7A->body16;0x7C->next_record_plus_1_16;0x00->terminator,static_event_tail_opcode59_actor_controller,prefix_plus_tail_placement,10,4,4,0,,confirmed_static_control_partial_predicate,"predicate_2D(operand=0x6E,compare_target=$0306) != 0",candidate,2,down/front,candidate_value_domain_matches_confirmed_motion_pattern,16,0x10,1,0,event_source_bound_actor,strong_structural,controller pointer equals structural event trailer; 1 validated event source binding(s); field06D9=2 matches confirmed motion-pattern value down/front; reader linkage not yet proven; spawn=confirmed_static_control_partial_predicate,static_map_actor_selector_crosslink_20260930.csv;event_record_frame_catalog.csv;static_actor_event_dialogue_binding_20260930.csv;static_actor_spawn_conditions_20260930.csv;actor_motion_direction_pattern_table_20260930.csv
cfg_t07_l009_v2,0x51,F51-L008,0x59,humanoid_like,unknown,CC:206C,confirmed_frame_trailer_pointer,7A_body16_7C_next_plus_1_16_00,0x7A->body16;0x7C->next_record_plus_1_16;0x00->terminator,static_event_tail_opcode59_actor_controller,prefix_plus_tail_placement,10,4,4,0,,confirmed_static_control_partial_predicate,"predicate_2D(operand=0x6E,compare_target=$0306) != 0",candidate,2,down/front,candidate_value_domain_matches_confirmed_motion_pattern,0,0x00,1,0,event_source_bound_actor,strong_structural,controller pointer equals structural event trailer; 1 validated event source binding(s); field06D9=2 matches confirmed motion-pattern value down/front; reader linkage not yet proven; spawn=confirmed_static_control_partial_predicate,static_map_actor_selector_crosslink_20260930.csv;event_record_frame_catalog.csv;static_actor_event_dialogue_binding_20260930.csv;static_actor_spawn_conditions_20260930.csv;actor_motion_direction_pattern_table_20260930.csv
cfg_t07_l009_v2,0x51,F51-L009,0x40,humanoid_like,unknown,CC:2081,confirmed_frame_trailer_pointer,7A_body16_7C_next_plus_1_16_00,0x7A->body16;0x7C->next_record_plus_1_16;0x00->terminator,static_event_tail_opcode59_actor_controller,prefix_plus_tail_placement,10,4,4,0,,confirmed_static_control_partial_predicate,"predicate_2D(operand=0x65,compare_target=$0306) != 0",candidate,2,down/front,candidate_value_domain_matches_confirmed_motion_pattern,16,0x10,1,0,event_source_bound_actor,strong_structural,controller pointer equals structural event trailer; 1 validated event source binding(s); field06D9=2 matches confirmed motion-pattern value down/front; reader linkage not yet proven; spawn=confirmed_static_control_partial_predicate,static_map_actor_selector_crosslink_20260930.csv;event_record_frame_catalog.csv;static_actor_event_dialogue_binding_20260930.csv;static_actor_spawn_conditions_20260930.csv;actor_motion_direction_pattern_table_20260930.csv
cfg_t07_l009_v2,0x51,F51-L010,0x59,humanoid_like,unknown,CC:20BB,confirmed_frame_trailer_pointer,7A_body16_7C_next_plus_1_16_00,0x7A->body16;0x7C->next_record_plus_1_16;0x00->terminator,static_event_tail_opcode59_actor_controller,prefix_plus_tail_placement,10,4,4,0,,confirmed_static_control_partial_predicate,"predicate_2D(operand=0x65,compare_target=$0306) != 0",candidate,2,down/front,candidate_value_domain_matches_confirmed_motion_pattern,16,0x10,3,0,event_source_bound_actor,strong_structural,controller pointer equals structural event trailer; 3 validated event source binding(s); field06D9=2 matches confirmed motion-pattern value down/front; reader linkage not yet proven; spawn=confirmed_static_control_partial_predicate,static_map_actor_selector_crosslink_20260930.csv;event_record_frame_catalog.csv;static_actor_event_dialogue_binding_20260930.csv;static_actor_spawn_conditions_20260930.csv;actor_motion_direction_pattern_table_20260930.csv
cfg_t07_l009_v2,0x51,F51-L011,0x5A,humanoid_like,unknown,CC:20D8,confirmed_frame_trailer_pointer,7A_body16_7C_next_plus_1_16_00,0x7A->body16;0x7C->next_record_plus_1_16;0x00->terminator,static_event_tail_opcode59_actor_controller,prefix_plus_tail_placement,10,4,4,0,,confirmed_static_control_partial_predicate,"predicate_2D(operand=0x70,compare_target=$0306) != 0",candidate,2,down/front,candidate_value_domain_matches_confirmed_motion_pattern,16,0x10,2,0,event_source_bound_actor,strong_structural,controller pointer equals structural event trailer; 2 validated event source binding(s); field06D9=2 matches confirmed motion-pattern value down/front; reader linkage not yet proven; spawn=confirmed_static_control_partial_predicate,static_map_actor_selector_crosslink_20260930.csv;event_record_frame_catalog.csv;static_actor_event_dialogue_binding_20260930.csv;static_actor_spawn_conditions_20260930.csv;actor_motion_direction_pattern_table_20260930.csv
cfg_t07_l010_v2,0x52,F52-L001,0x3D,humanoid_like,unknown,CC:2213,confirmed_frame_trailer_pointer,7A_body16_7C_next_plus_1_16_00,0x7A->body16;0x7C->next_record_plus_1_16;0x00->terminator,static_event_tail_opcode59_actor_controller,prefix_plus_tail_placement,10,4,4,0,,confirmed_static_control_partial_predicate,"predicate_2D(operand=0x67,compare_target=$0306) != 0",candidate,2,down/front,candidate_value_domain_matches_confirmed_motion_pattern,16,0x10,3,0,event_source_bound_actor,strong_structural,controller pointer equals structural event trailer; 3 validated event source binding(s); field06D9=2 matches confirmed motion-pattern value down/front; reader linkage not yet proven; spawn=confirmed_static_control_partial_predicate,static_map_actor_selector_crosslink_20260930.csv;event_record_frame_catalog.csv;static_actor_event_dialogue_binding_20260930.csv;static_actor_spawn_conditions_20260930.csv;actor_motion_direction_pattern_table_20260930.csv
cfg_t07_l010_v2,0x52,F52-L002,0x27,humanoid_like,unknown,CC:2228,confirmed_frame_trailer_pointer,7A_body16_7C_next_plus_1_16_00,0x7A->body16;0x7C->next_record_plus_1_16;0x00->terminator,static_event_tail_opcode59_actor_controller,prefix_plus_tail_placement,10,4,4,0,,confirmed_static_control_partial_predicate,"predicate_2D(operand=0x6E,compare_target=$0306) != 0",candidate,2,down/front,candidate_value_domain_matches_confirmed_motion_pattern,16,0x10,1,0,event_source_bound_actor,strong_structural,controller pointer equals structural event trailer; 1 validated event source binding(s); field06D9=2 matches confirmed motion-pattern value down/front; reader linkage not yet proven; spawn=confirmed_static_control_partial_predicate,static_map_actor_selector_crosslink_20260930.csv;event_record_frame_catalog.csv;static_actor_event_dialogue_binding_20260930.csv;static_actor_spawn_conditions_20260930.csv;actor_motion_direction_pattern_table_20260930.csv
cfg_t07_l010_v2,0x52,F52-L003,0x5B,humanoid_like,unknown,CC:2264,confirmed_frame_trailer_pointer,7A_body16_7C_next_plus_1_16_00,0x7A->body16;0x7C->next_record_plus_1_16;0x00->terminator,static_event_tail_opcode59_actor_controller,prefix_plus_tail_placement,10,4,4,0,,confirmed_static_control_partial_predicate,"predicate_2D(operand=0x6E,compare_target=$0306) != 0",candidate,2,down/front,candidate_value_domain_matches_confirmed_motion_pattern,0,0x00,2,0,event_source_bound_actor,strong_structural,controller pointer equals structural event trailer; 2 validated event source binding(s); field06D9=2 matches confirmed motion-pattern value down/front; reader linkage not yet proven; spawn=confirmed_static_control_partial_predicate,static_map_actor_selector_crosslink_20260930.csv;event_record_frame_catalog.csv;static_actor_event_dialogue_binding_20260930.csv;static_actor_spawn_conditions_20260930.csv;actor_motion_direction_pattern_table_20260930.csv
cfg_t07_l010_v2,0x52,F52-L004,0x24,humanoid_like,unknown,CC:2281,confirmed_frame_trailer_pointer,7A_body16_7C_next_plus_1_16_00,0x7A->body16;0x7C->next_record_plus_1_16;0x00->terminator,static_event_tail_opcode59_actor_controller,prefix_plus_tail_placement,14,8,8,0,,confirmed_static_branch_unresolved_predicate,vm_expression(2D 65 A3 7E E1 E7) != 0,candidate,2,down/front,candidate_value_domain_matches_confirmed_motion_pattern,16,0x10,2,0,event_source_bound_actor,strong_structural,controller pointer equals structural event trailer; 2 validated event source binding(s); field06D9=2 matches confirmed motion-pattern value down/front; reader linkage not yet proven; spawn=confirmed_static_branch_unresolved_predicate,static_map_actor_selector_crosslink_20260930.csv;event_record_frame_catalog.csv;static_actor_event_dialogue_binding_20260930.csv;static_actor_spawn_conditions_20260930.csv;actor_motion_direction_pattern_table_20260930.csv
cfg_t07_l010_v2,0x52,F52-L005,0x40,humanoid_like,unknown,CC:22B5,confirmed_frame_trailer_pointer,7A_body16_7C_next_plus_1_16_00,0x7A->body16;0x7C->next_record_plus_1_16;0x00->terminator,static_event_tail_opcode59_actor_controller,prefix_plus_tail_placement,10,4,4,0,,confirmed_static_control_partial_predicate,"predicate_2D(operand=0x65,compare_target=$0306) != 0",candidate,2,down/front,candidate_value_domain_matches_confirmed_motion_pattern,16,0x10,2,0,event_source_bound_actor,strong_structural,controller pointer equals structural event trailer; 2 validated event source binding(s); field06D9=2 matches confirmed motion-pattern value down/front; reader linkage not yet proven; spawn=confirmed_static_control_partial_predicate,static_map_actor_selector_crosslink_20260930.csv;event_record_frame_catalog.csv;static_actor_event_dialogue_binding_20260930.csv;static_actor_spawn_conditions_20260930.csv;actor_motion_direction_pattern_table_20260930.csv
cfg_t07_l010_v2,0x52,F52-L006,0x23,humanoid_like,unknown,CC:22D2,confirmed_frame_trailer_pointer,7A_body16_7C_next_plus_1_16_00,0x7A->body16;0x7C->next_record_plus_1_16;0x00->terminator,static_event_tail_opcode59_actor_controller,prefix_plus_tail_placement,13,7,7,0,,confirmed_static_branch_unresolved_predicate,vm_expression(2D 83 A3 B9 E7) != 0,candidate,2,down/front,candidate_value_domain_matches_confirmed_motion_pattern,16,0x10,2,0,event_source_bound_actor,strong_structural,controller pointer equals structural event trailer; 2 validated event source binding(s); field06D9=2 matches confirmed motion-pattern value down/front; reader linkage not yet proven; spawn=confirmed_static_branch_unresolved_predicate,static_map_actor_selector_crosslink_20260930.csv;event_record_frame_catalog.csv;static_actor_event_dialogue_binding_20260930.csv;static_actor_spawn_conditions_20260930.csv;actor_motion_direction_pattern_table_20260930.csv
cfg_t07_l010_v2,0x52,F52-L007,0x28,humanoid_like,unknown,CC:22F2,confirmed_frame_trailer_pointer,7A_body16_7C_next_plus_1_16_00,0x7A->body16;0x7C->next_record_plus_1_16;0x00->terminator,static_event_tail_opcode59_actor_controller,prefix_plus_tail_placement,13,7,7,0,,confirmed_static_branch_unresolved_predicate,vm_expression(2D 83 A3 B9 E7) != 0,candidate,2,down/front,candidate_value_domain_matches_confirmed_motion_pattern,16,0x10,2,0,event_source_bound_actor,strong_structural,controller pointer equals structural event trailer; 2 validated event source binding(s); field06D9=2 matches confirmed motion-pattern value down/front; reader linkage not yet proven; spawn=confirmed_static_branch_unresolved_predicate,static_map_actor_selector_crosslink_20260930.csv;event_record_frame_catalog.csv;static_actor_event_dialogue_binding_20260930.csv;static_actor_spawn_conditions_20260930.csv;actor_motion_direction_pattern_table_20260930.csv
cfg_t07_l010_v2,0x52,F52-L008,0x30,humanoid_like,unknown,CC:2312,confirmed_frame_trailer_pointer,7A_body16_7C_next_plus_1_16_00,0x7A->body16;0x7C->next_record_plus_1_16;0x00->terminator,static_event_tail_opcode59_actor_controller,prefix_plus_tail_placement,13,7,7,0,,confirmed_static_branch_unresolved_predicate,vm_expression(2D 83 A3 BD E7) != 0,candidate,2,down/front,candidate_value_domain_matches_confirmed_motion_pattern,16,0x10,2,0,event_source_bound_actor,strong_structural,controller pointer equals structural event trailer; 2 validated event source binding(s); field06D9=2 matches confirmed motion-pattern value down/front; reader linkage not yet proven; spawn=confirmed_static_branch_unresolved_predicate,static_map_actor_selector_crosslink_20260930.csv;event_record_frame_catalog.csv;static_actor_event_dialogue_binding_20260930.csv;static_actor_spawn_conditions_20260930.csv;actor_motion_direction_pattern_table_20260930.csv
cfg_t07_l010_v2,0x52,F52-L009,0x2F,humanoid_like,unknown,CC:232A,confirmed_frame_trailer_pointer,7A_body16_7C_next_plus_1_16_00,0x7A->body16;0x7C->next_record_plus_1_16;0x00->terminator,static_event_tail_opcode59_actor_controller,prefix_plus_tail_placement,13,7,7,0,,confirmed_static_branch_unresolved_predicate,vm_expression(2D 83 A3 BD E7) != 0,candidate,2,down/front,candidate_value_domain_matches_confirmed_motion_pattern,16,0x10,1,0,event_source_bound_actor,strong_structural,controller pointer equals structural event trailer; 1 validated event source binding(s); field06D9=2 matches confirmed motion-pattern value down/front; reader linkage not yet proven; spawn=confirmed_static_branch_unresolved_predicate,static_map_actor_selector_crosslink_20260930.csv;event_record_frame_catalog.csv;static_actor_event_dialogue_binding_20260930.csv;static_actor_spawn_conditions_20260930.csv;actor_motion_direction_pattern_table_20260930.csv
cfg_t08_l094_v2,0x53,F53-L001,0x3A,animal_like,animal,CC:2606,confirmed_frame_trailer_pointer,7A_body16_7C_next_plus_1_16_00,0x7A->body16;0x7C->next_record_plus_1_16;0x00->terminator,static_event_head_opcode59_actor_controller,head_exact_placement_only,6,0,0,0,,confirmed_static_unconditional,always,visible,2,down/front,candidate_value_domain_matches_confirmed_motion_pattern,16,0x10,1,0,event_source_bound_actor,strong_structural,controller pointer equals structural event trailer; 1 validated event source binding(s); field06D9=2 matches confirmed motion-pattern value down/front; reader linkage not yet proven; spawn=confirmed_static_unconditional,static_map_actor_selector_crosslink_20260930.csv;event_record_frame_catalog.csv;static_actor_event_dialogue_binding_20260930.csv;static_actor_spawn_conditions_20260930.csv;actor_motion_direction_pattern_table_20260930.csv
cfg_t08_l094_v2,0x53,F53-L002,0x3A,animal_like,animal,CC:2617,confirmed_frame_trailer_pointer,7A_body16_7C_next_plus_1_16_00,0x7A->body16;0x7C->next_record_plus_1_16;0x00->terminator,static_event_head_opcode59_actor_controller,head_exact_placement_only,6,0,0,0,,confirmed_static_unconditional,always,visible,2,down/front,candidate_value_domain_matches_confirmed_motion_pattern,16,0x10,1,0,event_source_bound_actor,strong_structural,controller pointer equals structural event trailer; 1 validated event source binding(s); field06D9=2 matches confirmed motion-pattern value down/front; reader linkage not yet proven; spawn=confirmed_static_unconditional,static_map_actor_selector_crosslink_20260930.csv;event_record_frame_catalog.csv;static_actor_event_dialogue_binding_20260930.csv;static_actor_spawn_conditions_20260930.csv;actor_motion_direction_pattern_table_20260930.csv
cfg_t08_l094_v2,0x53,F53-L003,0x3A,animal_like,animal,CC:2628,confirmed_frame_trailer_pointer,7A_body16_7C_next_plus_1_16_00,0x7A->body16;0x7C->next_record_plus_1_16;0x00->terminator,static_event_head_opcode59_actor_controller,head_exact_placement_only,6,0,0,0,,confirmed_static_unconditional,always,visible,2,down/front,candidate_value_domain_matches_confirmed_motion_pattern,16,0x10,1,0,event_source_bound_actor,strong_structural,controller pointer equals structural event trailer; 1 validated event source binding(s); field06D9=2 matches confirmed motion-pattern value down/front; reader linkage not yet proven; spawn=confirmed_static_unconditional,static_map_actor_selector_crosslink_20260930.csv;event_record_frame_catalog.csv;static_actor_event_dialogue_binding_20260930.csv;static_actor_spawn_conditions_20260930.csv;actor_motion_direction_pattern_table_20260930.csv
cfg_t08_l094_v2,0x53,F53-L004,0x3A,animal_like,animal,CC:2639,confirmed_frame_trailer_pointer,7A_body16_7C_next_plus_1_16_00,0x7A->body16;0x7C->next_record_plus_1_16;0x00->terminator,static_event_head_opcode59_actor_controller,head_exact_placement_only,6,0,0,0,,confirmed_static_unconditional,always,visible,2,down/front,candidate_value_domain_matches_confirmed_motion_pattern,16,0x10,1,0,event_source_bound_actor,strong_structural,controller pointer equals structural event trailer; 1 validated event source binding(s); field06D9=2 matches confirmed motion-pattern value down/front; reader linkage not yet proven; spawn=confirmed_static_unconditional,static_map_actor_selector_crosslink_20260930.csv;event_record_frame_catalog.csv;static_actor_event_dialogue_binding_20260930.csv;static_actor_spawn_conditions_20260930.csv;actor_motion_direction_pattern_table_20260930.csv
cfg_t08_l094_v2,0x53,F53-L005,0x3A,animal_like,animal,CC:264A,confirmed_frame_trailer_pointer,7A_body16_7C_next_plus_1_16_00,0x7A->body16;0x7C->next_record_plus_1_16;0x00->terminator,static_event_head_opcode59_actor_controller,head_exact_placement_only,6,0,0,0,,confirmed_static_unconditional,always,visible,2,down/front,candidate_value_domain_matches_confirmed_motion_pattern,16,0x10,1,0,event_source_bound_actor,strong_structural,controller pointer equals structural event trailer; 1 validated event source binding(s); field06D9=2 matches confirmed motion-pattern value down/front; reader linkage not yet proven; spawn=confirmed_static_unconditional,static_map_actor_selector_crosslink_20260930.csv;event_record_frame_catalog.csv;static_actor_event_dialogue_binding_20260930.csv;static_actor_spawn_conditions_20260930.csv;actor_motion_direction_pattern_table_20260930.csv
cfg_t08_l094_v2,0x53,F53-L006,0x3A,animal_like,animal,CC:265B,confirmed_frame_trailer_pointer,7A_body16_7C_next_plus_1_16_00,0x7A->body16;0x7C->next_record_plus_1_16;0x00->terminator,static_event_head_opcode59_actor_controller,head_exact_placement_only,6,0,0,0,,confirmed_static_unconditional,always,visible,2,down/front,candidate_value_domain_matches_confirmed_motion_pattern,16,0x10,1,0,event_source_bound_actor,strong_structural,controller pointer equals structural event trailer; 1 validated event source binding(s); field06D9=2 matches confirmed motion-pattern value down/front; reader linkage not yet proven; spawn=confirmed_static_unconditional,static_map_actor_selector_crosslink_20260930.csv;event_record_frame_catalog.csv;static_actor_event_dialogue_binding_20260930.csv;static_actor_spawn_conditions_20260930.csv;actor_motion_direction_pattern_table_20260930.csv
cfg_t08_l094_v2,0x53,F53-L007,0x40,humanoid_like,unknown,CC:266C,confirmed_frame_trailer_pointer,7A_body16_7C_next_plus_1_16_00,0x7A->body16;0x7C->next_record_plus_1_16;0x00->terminator,static_event_head_opcode59_actor_controller,head_exact_placement_only,6,0,0,0,,confirmed_static_unconditional,always,visible,2,down/front,candidate_value_domain_matches_confirmed_motion_pattern,16,0x10,1,0,event_source_bound_actor,strong_structural,controller pointer equals structural event trailer; 1 validated event source binding(s); field06D9=2 matches confirmed motion-pattern value down/front; reader linkage not yet proven; spawn=confirmed_static_unconditional,static_map_actor_selector_crosslink_20260930.csv;event_record_frame_catalog.csv;static_actor_event_dialogue_binding_20260930.csv;static_actor_spawn_conditions_20260930.csv;actor_motion_direction_pattern_table_20260930.csv
cfg_t08_l094_v2,0x53,F53-L008,0x43,humanoid_like,unknown,CC:267D,confirmed_frame_trailer_pointer,7A_body16_7C_next_plus_1_16_00,0x7A->body16;0x7C->next_record_plus_1_16;0x00->terminator,static_event_head_opcode59_actor_controller,head_exact_placement_only,6,0,0,0,,confirmed_static_unconditional,always,visible,2,down/front,candidate_value_domain_matches_confirmed_motion_pattern,16,0x10,1,0,event_source_bound_actor,strong_structural,controller pointer equals structural event trailer; 1 validated event source binding(s); field06D9=2 matches confirmed motion-pattern value down/front; reader linkage not yet proven; spawn=confirmed_static_unconditional,static_map_actor_selector_crosslink_20260930.csv;event_record_frame_catalog.csv;static_actor_event_dialogue_binding_20260930.csv;static_actor_spawn_conditions_20260930.csv;actor_motion_direction_pattern_table_20260930.csv
cfg_t08_l094_v2,0x53,F53-L009,0x44,humanoid_like,unknown,CC:268E,confirmed_frame_trailer_pointer,7A_body16_7C_next_plus_1_16_00,0x7A->body16;0x7C->next_record_plus_1_16;0x00->terminator,static_event_head_opcode59_actor_controller,head_exact_placement_only,6,0,0,0,,confirmed_static_unconditional,always,visible,2,down/front,candidate_value_domain_matches_confirmed_motion_pattern,16,0x10,1,0,event_source_bound_actor,strong_structural,controller pointer equals structural event trailer; 1 validated event source binding(s); field06D9=2 matches confirmed motion-pattern value down/front; reader linkage not yet proven; spawn=confirmed_static_unconditional,static_map_actor_selector_crosslink_20260930.csv;event_record_frame_catalog.csv;static_actor_event_dialogue_binding_20260930.csv;static_actor_spawn_conditions_20260930.csv;actor_motion_direction_pattern_table_20260930.csv
cfg_t08_l094_v2,0x53,F53-L010,0x30,humanoid_like,unknown,CC:269F,confirmed_frame_trailer_pointer,7A_body16_7C_next_plus_1_16_00,0x7A->body16;0x7C->next_record_plus_1_16;0x00->terminator,static_event_head_opcode59_actor_controller,head_exact_placement_only,6,0,0,0,,confirmed_static_unconditional,always,visible,2,down/front,candidate_value_domain_matches_confirmed_motion_pattern,16,0x10,1,0,event_source_bound_actor,strong_structural,controller pointer equals structural event trailer; 1 validated event source binding(s); field06D9=2 matches confirmed motion-pattern value down/front; reader linkage not yet proven; spawn=confirmed_static_unconditional,static_map_actor_selector_crosslink_20260930.csv;event_record_frame_catalog.csv;static_actor_event_dialogue_binding_20260930.csv;static_actor_spawn_conditions_20260930.csv;actor_motion_direction_pattern_table_20260930.csv
cfg_t08_l094_v2,0x53,F53-L011,0x2F,humanoid_like,unknown,CC:26B0,confirmed_frame_trailer_pointer,7A_body16_7C_next_plus_1_16_00,0x7A->body16;0x7C->next_record_plus_1_16;0x00->terminator,static_event_head_opcode59_actor_controller,head_exact_placement_only,6,0,0,0,,confirmed_static_unconditional,always,visible,2,down/front,candidate_value_domain_matches_confirmed_motion_pattern,16,0x10,1,0,event_source_bound_actor,strong_structural,controller pointer equals structural event trailer; 1 validated event source binding(s); field06D9=2 matches confirmed motion-pattern value down/front; reader linkage not yet proven; spawn=confirmed_static_unconditional,static_map_actor_selector_crosslink_20260930.csv;event_record_frame_catalog.csv;static_actor_event_dialogue_binding_20260930.csv;static_actor_spawn_conditions_20260930.csv;actor_motion_direction_pattern_table_20260930.csv
cfg_t08_l094_v2,0x53,F53-L012,0x2F,humanoid_like,unknown,CC:26C1,confirmed_frame_trailer_pointer,7A_body16_7C_next_plus_1_16_00,0x7A->body16;0x7C->next_record_plus_1_16;0x00->terminator,static_event_head_opcode59_actor_controller,head_exact_placement_only,6,0,0,0,,confirmed_static_unconditional,always,visible,2,down/front,candidate_value_domain_matches_confirmed_motion_pattern,16,0x10,1,0,event_source_bound_actor,strong_structural,controller pointer equals structural event trailer; 1 validated event source binding(s); field06D9=2 matches confirmed motion-pattern value down/front; reader linkage not yet proven; spawn=confirmed_static_unconditional,static_map_actor_selector_crosslink_20260930.csv;event_record_frame_catalog.csv;static_actor_event_dialogue_binding_20260930.csv;static_actor_spawn_conditions_20260930.csv;actor_motion_direction_pattern_table_20260930.csv
cfg_t08_l094_v2,0x53,F53-L013,0x54,monster_like,unknown,CC:26E0,confirmed_frame_trailer_pointer,7A_body16_7C_next_plus_1_16_00,0x7A->body16;0x7C->next_record_plus_1_16;0x00->terminator,static_event_head_opcode59_actor_controller,head_exact_placement_only,6,0,0,0,,confirmed_static_unconditional,always,visible,2,down/front,candidate_value_domain_matches_confirmed_motion_pattern,16,0x10,1,0,event_source_bound_actor,strong_structural,controller pointer equals structural event trailer; 1 validated event source binding(s); field06D9=2 matches confirmed motion-pattern value down/front; reader linkage not yet proven; spawn=confirmed_static_unconditional,static_map_actor_selector_crosslink_20260930.csv;event_record_frame_catalog.csv;static_actor_event_dialogue_binding_20260930.csv;static_actor_spawn_conditions_20260930.csv;actor_motion_direction_pattern_table_20260930.csv
cfg_t08_l094_v2,0x53,F53-L014,0x3A,animal_like,animal,CC:26FE,confirmed_frame_trailer_pointer,7A_body16_7C_next_plus_1_16_00,0x7A->body16;0x7C->next_record_plus_1_16;0x00->terminator,static_event_head_opcode59_actor_controller,head_exact_placement_only,6,0,0,0,,confirmed_static_unconditional,always,visible,2,down/front,candidate_value_domain_matches_confirmed_motion_pattern,16,0x10,1,0,event_source_bound_actor,strong_structural,controller pointer equals structural event trailer; 1 validated event source binding(s); field06D9=2 matches confirmed motion-pattern value down/front; reader linkage not yet proven; spawn=confirmed_static_unconditional,static_map_actor_selector_crosslink_20260930.csv;event_record_frame_catalog.csv;static_actor_event_dialogue_binding_20260930.csv;static_actor_spawn_conditions_20260930.csv;actor_motion_direction_pattern_table_20260930.csv
cfg_t08_l094_v2,0x53,F53-L015,0x43,humanoid_like,unknown,CC:2729,confirmed_frame_trailer_pointer,7A_body16_7C_next_plus_1_16_00,0x7A->body16;0x7C->next_record_plus_1_16;0x00->terminator,static_event_head_opcode59_actor_controller,head_exact_placement_only,6,0,0,0,,confirmed_static_unconditional,always,visible,2,down/front,candidate_value_domain_matches_confirmed_motion_pattern,16,0x10,1,0,event_source_bound_actor,strong_structural,controller pointer equals structural event trailer; 1 validated event source binding(s); field06D9=2 matches confirmed motion-pattern value down/front; reader linkage not yet proven; spawn=confirmed_static_unconditional,static_map_actor_selector_crosslink_20260930.csv;event_record_frame_catalog.csv;static_actor_event_dialogue_binding_20260930.csv;static_actor_spawn_conditions_20260930.csv;actor_motion_direction_pattern_table_20260930.csv
cfg_t08_l094_v2,0x53,F53-L016,0x3A,animal_like,animal,CC:273A,confirmed_frame_trailer_pointer,7A_body16_7C_next_plus_1_16_00,0x7A->body16;0x7C->next_record_plus_1_16;0x00->terminator,static_event_head_opcode59_actor_controller,head_exact_placement_only,6,0,0,0,,confirmed_static_unconditional,always,visible,2,down/front,candidate_value_domain_matches_confirmed_motion_pattern,16,0x10,1,0,event_source_bound_actor,strong_structural,controller pointer equals structural event trailer; 1 validated event source binding(s); field06D9=2 matches confirmed motion-pattern value down/front; reader linkage not yet proven; spawn=confirmed_static_unconditional,static_map_actor_selector_crosslink_20260930.csv;event_record_frame_catalog.csv;static_actor_event_dialogue_binding_20260930.csv;static_actor_spawn_conditions_20260930.csv;actor_motion_direction_pattern_table_20260930.csv
cfg_t08_l094_v2,0x53,F53-L017,0x3A,animal_like,animal,CC:275A,confirmed_frame_trailer_pointer,7A_body16_7C_next_plus_1_16_00,0x7A->body16;0x7C->next_record_plus_1_16;0x00->terminator,static_event_head_opcode59_actor_controller,head_exact_placement_only,6,0,0,0,,confirmed_static_unconditional,always,visible,2,down/front,candidate_value_domain_matches_confirmed_motion_pattern,16,0x10,1,0,event_source_bound_actor,strong_structural,controller pointer equals structural event trailer; 1 validated event source binding(s); field06D9=2 matches confirmed motion-pattern value down/front; reader linkage not yet proven; spawn=confirmed_static_unconditional,static_map_actor_selector_crosslink_20260930.csv;event_record_frame_catalog.csv;static_actor_event_dialogue_binding_20260930.csv;static_actor_spawn_conditions_20260930.csv;actor_motion_direction_pattern_table_20260930.csv
cfg_t08_l094_v2,0x53,F53-L018,0x3A,animal_like,animal,CC:2771,confirmed_frame_trailer_pointer,7A_body16_7C_next_plus_1_16_00,0x7A->body16;0x7C->next_record_plus_1_16;0x00->terminator,static_event_head_opcode59_actor_controller,head_exact_placement_only,6,0,0,0,,confirmed_static_unconditional,always,visible,2,down/front,candidate_value_domain_matches_confirmed_motion_pattern,16,0x10,0,0,placed_actor_no_validated_source,placement_only,controller pointer equals structural event trailer; no validated source selection; field06D9=2 matches confirmed motion-pattern value down/front; reader linkage not yet proven; spawn=confirmed_static_unconditional,static_map_actor_selector_crosslink_20260930.csv;event_record_frame_catalog.csv;static_actor_event_dialogue_binding_20260930.csv;static_actor_spawn_conditions_20260930.csv;actor_motion_direction_pattern_table_20260930.csv
cfg_t04_l018_v2,0x5A,F5A-L001,0x2E,humanoid_like,unknown,CC:3356,confirmed_frame_trailer_pointer,7A_body16_7C_next_plus_1_16_00,0x7A->body16;0x7C->next_record_plus_1_16;0x00->terminator,static_event_head_opcode59_actor_controller,head_exact_placement_only,6,0,0,0,,confirmed_static_unconditional,always,visible,2,down/front,candidate_value_domain_matches_confirmed_motion_pattern,0,0x00,1,0,event_source_bound_actor,strong_structural,controller pointer equals structural event trailer; 1 validated event source binding(s); field06D9=2 matches confirmed motion-pattern value down/front; reader linkage not yet proven; spawn=confirmed_static_unconditional,static_map_actor_selector_crosslink_20260930.csv;event_record_frame_catalog.csv;static_actor_event_dialogue_binding_20260930.csv;static_actor_spawn_conditions_20260930.csv;actor_motion_direction_pattern_table_20260930.csv
cfg_t04_l018_v2,0x5A,F5A-L002,0x2E,humanoid_like,unknown,CC:3367,confirmed_frame_trailer_pointer,7A_body16_7C_next_plus_1_16_00,0x7A->body16;0x7C->next_record_plus_1_16;0x00->terminator,static_event_head_opcode59_actor_controller,head_exact_placement_only,6,0,0,0,,confirmed_static_unconditional,always,visible,2,down/front,candidate_value_domain_matches_confirmed_motion_pattern,0,0x00,1,0,event_source_bound_actor,strong_structural,controller pointer equals structural event trailer; 1 validated event source binding(s); field06D9=2 matches confirmed motion-pattern value down/front; reader linkage not yet proven; spawn=confirmed_static_unconditional,static_map_actor_selector_crosslink_20260930.csv;event_record_frame_catalog.csv;static_actor_event_dialogue_binding_20260930.csv;static_actor_spawn_conditions_20260930.csv;actor_motion_direction_pattern_table_20260930.csv
cfg_t04_l018_v2,0x5A,F5A-L003,0x2E,humanoid_like,unknown,CC:3380,confirmed_frame_trailer_pointer,7A_body16_7C_next_plus_1_16_00,0x7A->body16;0x7C->next_record_plus_1_16;0x00->terminator,static_event_head_opcode59_actor_controller,head_exact_placement_only,6,0,0,0,,confirmed_static_unconditional,always,visible,2,down/front,candidate_value_domain_matches_confirmed_motion_pattern,0,0x00,2,0,event_source_bound_actor,strong_structural,controller pointer equals structural event trailer; 2 validated event source binding(s); field06D9=2 matches confirmed motion-pattern value down/front; reader linkage not yet proven; spawn=confirmed_static_unconditional,static_map_actor_selector_crosslink_20260930.csv;event_record_frame_catalog.csv;static_actor_event_dialogue_binding_20260930.csv;static_actor_spawn_conditions_20260930.csv;actor_motion_direction_pattern_table_20260930.csv
cfg_t04_l018_v2,0x5A,F5A-L004,0x2E,humanoid_like,unknown,CC:3391,confirmed_frame_trailer_pointer,7A_body16_7C_next_plus_1_16_00,0x7A->body16;0x7C->next_record_plus_1_16;0x00->terminator,static_event_head_opcode59_actor_controller,head_exact_placement_only,6,0,0,0,,confirmed_static_unconditional,always,visible,2,down/front,candidate_value_domain_matches_confirmed_motion_pattern,0,0x00,1,0,event_source_bound_actor,strong_structural,controller pointer equals structural event trailer; 1 validated event source binding(s); field06D9=2 matches confirmed motion-pattern value down/front; reader linkage not yet proven; spawn=confirmed_static_unconditional,static_map_actor_selector_crosslink_20260930.csv;event_record_frame_catalog.csv;static_actor_event_dialogue_binding_20260930.csv;static_actor_spawn_conditions_20260930.csv;actor_motion_direction_pattern_table_20260930.csv
cfg_t04_l018_v2,0x5B,F5B-L001,0x2E,humanoid_like,unknown,CC:3489,confirmed_frame_trailer_pointer,7A_body16_7C_next_plus_1_16_00,0x7A->body16;0x7C->next_record_plus_1_16;0x00->terminator,static_event_head_opcode59_actor_controller,head_exact_placement_only,6,0,0,0,,confirmed_static_unconditional,always,visible,2,down/front,candidate_value_domain_matches_confirmed_motion_pattern,0,0x00,3,0,event_source_bound_actor,strong_structural,controller pointer equals structural event trailer; 3 validated event source binding(s); field06D9=2 matches confirmed motion-pattern value down/front; reader linkage not yet proven; spawn=confirmed_static_unconditional,static_map_actor_selector_crosslink_20260930.csv;event_record_frame_catalog.csv;static_actor_event_dialogue_binding_20260930.csv;static_actor_spawn_conditions_20260930.csv;actor_motion_direction_pattern_table_20260930.csv
cfg_t04_l018_v2,0x5B,F5B-L002,0x2E,humanoid_like,unknown,CC:34AA,confirmed_frame_trailer_pointer,7A_body16_7C_next_plus_1_16_00,0x7A->body16;0x7C->next_record_plus_1_16;0x00->terminator,static_event_head_opcode59_actor_controller,head_exact_placement_only,6,0,0,0,,confirmed_static_unconditional,always,visible,2,down/front,candidate_value_domain_matches_confirmed_motion_pattern,0,0x00,3,0,event_source_bound_actor,strong_structural,controller pointer equals structural event trailer; 3 validated event source binding(s); field06D9=2 matches confirmed motion-pattern value down/front; reader linkage not yet proven; spawn=confirmed_static_unconditional,static_map_actor_selector_crosslink_20260930.csv;event_record_frame_catalog.csv;static_actor_event_dialogue_binding_20260930.csv;static_actor_spawn_conditions_20260930.csv;actor_motion_direction_pattern_table_20260930.csv
cfg_t04_l018_v2,0x5B,F5B-L003,0x43,humanoid_like,unknown,CC:34CB,confirmed_frame_trailer_pointer,7A_body16_7C_next_plus_1_16_00,0x7A->body16;0x7C->next_record_plus_1_16;0x00->terminator,static_event_head_opcode59_actor_controller,head_exact_placement_only,6,0,0,0,,confirmed_static_unconditional,always,visible,2,down/front,candidate_value_domain_matches_confirmed_motion_pattern,0,0x00,3,0,event_source_bound_actor,strong_structural,controller pointer equals structural event trailer; 3 validated event source binding(s); field06D9=2 matches confirmed motion-pattern value down/front; reader linkage not yet proven; spawn=confirmed_static_unconditional,static_map_actor_selector_crosslink_20260930.csv;event_record_frame_catalog.csv;static_actor_event_dialogue_binding_20260930.csv;static_actor_spawn_conditions_20260930.csv;actor_motion_direction_pattern_table_20260930.csv
cfg_t04_l018_v2,0x5B,F5B-L004,0x27,humanoid_like,unknown,CC:34DC,confirmed_frame_trailer_pointer,7A_body16_7C_next_plus_1_16_00,0x7A->body16;0x7C->next_record_plus_1_16;0x00->terminator,static_event_head_opcode59_actor_controller,head_exact_placement_only,6,0,0,0,,confirmed_static_unconditional,always,visible,2,down/front,candidate_value_domain_matches_confirmed_motion_pattern,0,0x00,1,0,event_source_bound_actor,strong_structural,controller pointer equals structural event trailer; 1 validated event source binding(s); field06D9=2 matches confirmed motion-pattern value down/front; reader linkage not yet proven; spawn=confirmed_static_unconditional,static_map_actor_selector_crosslink_20260930.csv;event_record_frame_catalog.csv;static_actor_event_dialogue_binding_20260930.csv;static_actor_spawn_conditions_20260930.csv;actor_motion_direction_pattern_table_20260930.csv
cfg_t04_l018_v2,0x5B,F5B-L005,0x2E,humanoid_like,unknown,CC:350B,confirmed_frame_trailer_pointer,7A_body16_7C_next_plus_1_16_00,0x7A->body16;0x7C->next_record_plus_1_16;0x00->terminator,static_event_head_opcode59_actor_controller,head_exact_placement_only,6,0,0,0,,confirmed_static_unconditional,always,visible,2,down/front,candidate_value_domain_matches_confirmed_motion_pattern,0,0x00,3,0,event_source_bound_actor,strong_structural,controller pointer equals structural event trailer; 3 validated event source binding(s); field06D9=2 matches confirmed motion-pattern value down/front; reader linkage not yet proven; spawn=confirmed_static_unconditional,static_map_actor_selector_crosslink_20260930.csv;event_record_frame_catalog.csv;static_actor_event_dialogue_binding_20260930.csv;static_actor_spawn_conditions_20260930.csv;actor_motion_direction_pattern_table_20260930.csv
cfg_t04_l018_v2,0x5B,F5B-L006,0x2E,humanoid_like,unknown,CC:353E,confirmed_frame_trailer_pointer,7A_body16_7C_next_plus_1_16_00,0x7A->body16;0x7C->next_record_plus_1_16;0x00->terminator,static_event_head_opcode59_actor_controller,head_exact_placement_only,6,0,0,0,,confirmed_static_unconditional,always,visible,2,down/front,candidate_value_domain_matches_confirmed_motion_pattern,0,0x00,5,0,event_source_bound_actor,strong_structural,controller pointer equals structural event trailer; 5 validated event source binding(s); field06D9=2 matches confirmed motion-pattern value down/front; reader linkage not yet proven; spawn=confirmed_static_unconditional,static_map_actor_selector_crosslink_20260930.csv;event_record_frame_catalog.csv;static_actor_event_dialogue_binding_20260930.csv;static_actor_spawn_conditions_20260930.csv;actor_motion_direction_pattern_table_20260930.csv
cfg_t04_l019_v1,0x5C,F5C-L001,0x2E,humanoid_like,unknown,CC:363A,confirmed_frame_trailer_pointer,7A_body16_7C_next_plus_1_16_00,0x7A->body16;0x7C->next_record_plus_1_16;0x00->terminator,static_event_head_opcode59_actor_controller,head_exact_placement_only,6,0,0,0,,confirmed_static_unconditional,always,visible,2,down/front,candidate_value_domain_matches_confirmed_motion_pattern,0,0x00,1,0,event_source_bound_actor,strong_structural,controller pointer equals structural event trailer; 1 validated event source binding(s); field06D9=2 matches confirmed motion-pattern value down/front; reader linkage not yet proven; spawn=confirmed_static_unconditional,static_map_actor_selector_crosslink_20260930.csv;event_record_frame_catalog.csv;static_actor_event_dialogue_binding_20260930.csv;static_actor_spawn_conditions_20260930.csv;actor_motion_direction_pattern_table_20260930.csv
cfg_t04_l019_v1,0x5C,F5C-L002,0x2E,humanoid_like,unknown,CC:364B,confirmed_frame_trailer_pointer,7A_body16_7C_next_plus_1_16_00,0x7A->body16;0x7C->next_record_plus_1_16;0x00->terminator,static_event_head_opcode59_actor_controller,head_exact_placement_only,6,0,0,0,,confirmed_static_unconditional,always,visible,2,down/front,candidate_value_domain_matches_confirmed_motion_pattern,0,0x00,1,0,event_source_bound_actor,strong_structural,controller pointer equals structural event trailer; 1 validated event source binding(s); field06D9=2 matches confirmed motion-pattern value down/front; reader linkage not yet proven; spawn=confirmed_static_unconditional,static_map_actor_selector_crosslink_20260930.csv;event_record_frame_catalog.csv;static_actor_event_dialogue_binding_20260930.csv;static_actor_spawn_conditions_20260930.csv;actor_motion_direction_pattern_table_20260930.csv
cfg_t04_l019_v1,0x5C,F5C-L003,0x43,humanoid_like,unknown,CC:365C,confirmed_frame_trailer_pointer,7A_body16_7C_next_plus_1_16_00,0x7A->body16;0x7C->next_record_plus_1_16;0x00->terminator,static_event_head_opcode59_actor_controller,head_exact_placement_only,6,0,0,0,,confirmed_static_unconditional,always,visible,2,down/front,candidate_value_domain_matches_confirmed_motion_pattern,0,0x00,1,0,event_source_bound_actor,strong_structural,controller pointer equals structural event trailer; 1 validated event source binding(s); field06D9=2 matches confirmed motion-pattern value down/front; reader linkage not yet proven; spawn=confirmed_static_unconditional,static_map_actor_selector_crosslink_20260930.csv;event_record_frame_catalog.csv;static_actor_event_dialogue_binding_20260930.csv;static_actor_spawn_conditions_20260930.csv;actor_motion_direction_pattern_table_20260930.csv
cfg_t04_l019_v1,0x5C,F5C-L004,0x43,humanoid_like,unknown,CC:366D,confirmed_frame_trailer_pointer,7A_body16_7C_next_plus_1_16_00,0x7A->body16;0x7C->next_record_plus_1_16;0x00->terminator,static_event_head_opcode59_actor_controller,head_exact_placement_only,6,0,0,0,,confirmed_static_unconditional,always,visible,2,down/front,candidate_value_domain_matches_confirmed_motion_pattern,0,0x00,1,0,event_source_bound_actor,strong_structural,controller pointer equals structural event trailer; 1 validated event source binding(s); field06D9=2 matches confirmed motion-pattern value down/front; reader linkage not yet proven; spawn=confirmed_static_unconditional,static_map_actor_selector_crosslink_20260930.csv;event_record_frame_catalog.csv;static_actor_event_dialogue_binding_20260930.csv;static_actor_spawn_conditions_20260930.csv;actor_motion_direction_pattern_table_20260930.csv
cfg_t04_l019_v1,0x5C,F5C-L005,0x2E,humanoid_like,unknown,CC:368C,confirmed_frame_trailer_pointer,7A_body16_7C_next_plus_1_16_00,0x7A->body16;0x7C->next_record_plus_1_16;0x00->terminator,static_event_head_opcode59_actor_controller,head_exact_placement_only,6,0,0,0,,confirmed_static_unconditional,always,visible,2,down/front,candidate_value_domain_matches_confirmed_motion_pattern,0,0x00,1,0,event_source_bound_actor,strong_structural,controller pointer equals structural event trailer; 1 validated event source binding(s); field06D9=2 matches confirmed motion-pattern value down/front; reader linkage not yet proven; spawn=confirmed_static_unconditional,static_map_actor_selector_crosslink_20260930.csv;event_record_frame_catalog.csv;static_actor_event_dialogue_binding_20260930.csv;static_actor_spawn_conditions_20260930.csv;actor_motion_direction_pattern_table_20260930.csv
cfg_t04_l019_v1,0x5C,F5C-L006,0x2E,humanoid_like,unknown,CC:369D,confirmed_frame_trailer_pointer,7A_body16_7C_next_plus_1_16_00,0x7A->body16;0x7C->next_record_plus_1_16;0x00->terminator,static_event_head_opcode59_actor_controller,head_exact_placement_only,6,0,0,0,,confirmed_static_unconditional,always,visible,2,down/front,candidate_value_domain_matches_confirmed_motion_pattern,0,0x00,1,0,event_source_bound_actor,strong_structural,controller pointer equals structural event trailer; 1 validated event source binding(s); field06D9=2 matches confirmed motion-pattern value down/front; reader linkage not yet proven; spawn=confirmed_static_unconditional,static_map_actor_selector_crosslink_20260930.csv;event_record_frame_catalog.csv;static_actor_event_dialogue_binding_20260930.csv;static_actor_spawn_conditions_20260930.csv;actor_motion_direction_pattern_table_20260930.csv
cfg_t04_l018_v2,0x5D,F5D-L001,0x2E,humanoid_like,unknown,CC:3776,confirmed_frame_trailer_pointer,7A_body16_7C_next_plus_1_16_00,0x7A->body16;0x7C->next_record_plus_1_16;0x00->terminator,static_event_head_opcode59_actor_controller,head_exact_placement_only,6,0,0,0,,confirmed_static_unconditional,always,visible,2,down/front,candidate_value_domain_matches_confirmed_motion_pattern,0,0x00,1,0,event_source_bound_actor,strong_structural,controller pointer equals structural event trailer; 1 validated event source binding(s); field06D9=2 matches confirmed motion-pattern value down/front; reader linkage not yet proven; spawn=confirmed_static_unconditional,static_map_actor_selector_crosslink_20260930.csv;event_record_frame_catalog.csv;static_actor_event_dialogue_binding_20260930.csv;static_actor_spawn_conditions_20260930.csv;actor_motion_direction_pattern_table_20260930.csv
cfg_t04_l018_v2,0x5D,F5D-L002,0x2E,humanoid_like,unknown,CC:3787,confirmed_frame_trailer_pointer,7A_body16_7C_next_plus_1_16_00,0x7A->body16;0x7C->next_record_plus_1_16;0x00->terminator,static_event_head_opcode59_actor_controller,head_exact_placement_only,6,0,0,0,,confirmed_static_unconditional,always,visible,2,down/front,candidate_value_domain_matches_confirmed_motion_pattern,0,0x00,1,0,event_source_bound_actor,strong_structural,controller pointer equals structural event trailer; 1 validated event source binding(s); field06D9=2 matches confirmed motion-pattern value down/front; reader linkage not yet proven; spawn=confirmed_static_unconditional,static_map_actor_selector_crosslink_20260930.csv;event_record_frame_catalog.csv;static_actor_event_dialogue_binding_20260930.csv;static_actor_spawn_conditions_20260930.csv;actor_motion_direction_pattern_table_20260930.csv
cfg_t04_l018_v2,0x5D,F5D-L003,0x43,humanoid_like,unknown,CC:3798,confirmed_frame_trailer_pointer,7A_body16_7C_next_plus_1_16_00,0x7A->body16;0x7C->next_record_plus_1_16;0x00->terminator,static_event_head_opcode59_actor_controller,head_exact_placement_only,6,0,0,0,,confirmed_static_unconditional,always,visible,2,down/front,candidate_value_domain_matches_confirmed_motion_pattern,0,0x00,1,0,event_source_bound_actor,strong_structural,controller pointer equals structural event trailer; 1 validated event source binding(s); field06D9=2 matches confirmed motion-pattern value down/front; reader linkage not yet proven; spawn=confirmed_static_unconditional,static_map_actor_selector_crosslink_20260930.csv;event_record_frame_catalog.csv;static_actor_event_dialogue_binding_20260930.csv;static_actor_spawn_conditions_20260930.csv;actor_motion_direction_pattern_table_20260930.csv
cfg_t04_l018_v2,0x5D,F5D-L004,0x43,humanoid_like,unknown,CC:37A9,confirmed_frame_trailer_pointer,7A_body16_7C_next_plus_1_16_00,0x7A->body16;0x7C->next_record_plus_1_16;0x00->terminator,static_event_head_opcode59_actor_controller,head_exact_placement_only,6,0,0,0,,confirmed_static_unconditional,always,visible,2,down/front,candidate_value_domain_matches_confirmed_motion_pattern,0,0x00,1,0,event_source_bound_actor,strong_structural,controller pointer equals structural event trailer; 1 validated event source binding(s); field06D9=2 matches confirmed motion-pattern value down/front; reader linkage not yet proven; spawn=confirmed_static_unconditional,static_map_actor_selector_crosslink_20260930.csv;event_record_frame_catalog.csv;static_actor_event_dialogue_binding_20260930.csv;static_actor_spawn_conditions_20260930.csv;actor_motion_direction_pattern_table_20260930.csv
cfg_t04_l018_v2,0x5D,F5D-L005,0x2E,humanoid_like,unknown,CC:37C8,confirmed_frame_trailer_pointer,7A_body16_7C_next_plus_1_16_00,0x7A->body16;0x7C->next_record_plus_1_16;0x00->terminator,static_event_head_opcode59_actor_controller,head_exact_placement_only,6,0,0,0,,confirmed_static_unconditional,always,visible,2,down/front,candidate_value_domain_matches_confirmed_motion_pattern,0,0x00,1,0,event_source_bound_actor,strong_structural,controller pointer equals structural event trailer; 1 validated event source binding(s); field06D9=2 matches confirmed motion-pattern value down/front; reader linkage not yet proven; spawn=confirmed_static_unconditional,static_map_actor_selector_crosslink_20260930.csv;event_record_frame_catalog.csv;static_actor_event_dialogue_binding_20260930.csv;static_actor_spawn_conditions_20260930.csv;actor_motion_direction_pattern_table_20260930.csv
cfg_t04_l018_v2,0x5D,F5D-L006,0x2E,humanoid_like,unknown,CC:37D9,confirmed_frame_trailer_pointer,7A_body16_7C_next_plus_1_16_00,0x7A->body16;0x7C->next_record_plus_1_16;0x00->terminator,static_event_head_opcode59_actor_controller,head_exact_placement_only,6,0,0,0,,confirmed_static_unconditional,always,visible,2,down/front,candidate_value_domain_matches_confirmed_motion_pattern,0,0x00,1,0,event_source_bound_actor,strong_structural,controller pointer equals structural event trailer; 1 validated event source binding(s); field06D9=2 matches confirmed motion-pattern value down/front; reader linkage not yet proven; spawn=confirmed_static_unconditional,static_map_actor_selector_crosslink_20260930.csv;event_record_frame_catalog.csv;static_actor_event_dialogue_binding_20260930.csv;static_actor_spawn_conditions_20260930.csv;actor_motion_direction_pattern_table_20260930.csv
cfg_t04_l018_v2,0x5E,F5E-L001,0x2E,humanoid_like,unknown,CC:38B2,confirmed_frame_trailer_pointer,7A_body16_7C_next_plus_1_16_00,0x7A->body16;0x7C->next_record_plus_1_16;0x00->terminator,static_event_head_opcode59_actor_controller,head_exact_placement_only,6,0,0,0,,confirmed_static_unconditional,always,visible,2,down/front,candidate_value_domain_matches_confirmed_motion_pattern,0,0x00,1,0,event_source_bound_actor,strong_structural,controller pointer equals structural event trailer; 1 validated event source binding(s); field06D9=2 matches confirmed motion-pattern value down/front; reader linkage not yet proven; spawn=confirmed_static_unconditional,static_map_actor_selector_crosslink_20260930.csv;event_record_frame_catalog.csv;static_actor_event_dialogue_binding_20260930.csv;static_actor_spawn_conditions_20260930.csv;actor_motion_direction_pattern_table_20260930.csv
cfg_t04_l018_v2,0x5E,F5E-L002,0x2E,humanoid_like,unknown,CC:38C3,confirmed_frame_trailer_pointer,7A_body16_7C_next_plus_1_16_00,0x7A->body16;0x7C->next_record_plus_1_16;0x00->terminator,static_event_head_opcode59_actor_controller,head_exact_placement_only,6,0,0,0,,confirmed_static_unconditional,always,visible,2,down/front,candidate_value_domain_matches_confirmed_motion_pattern,0,0x00,1,0,event_source_bound_actor,strong_structural,controller pointer equals structural event trailer; 1 validated event source binding(s); field06D9=2 matches confirmed motion-pattern value down/front; reader linkage not yet proven; spawn=confirmed_static_unconditional,static_map_actor_selector_crosslink_20260930.csv;event_record_frame_catalog.csv;static_actor_event_dialogue_binding_20260930.csv;static_actor_spawn_conditions_20260930.csv;actor_motion_direction_pattern_table_20260930.csv
cfg_t04_l018_v2,0x5E,F5E-L003,0x43,humanoid_like,unknown,CC:38D4,confirmed_frame_trailer_pointer,7A_body16_7C_next_plus_1_16_00,0x7A->body16;0x7C->next_record_plus_1_16;0x00->terminator,static_event_head_opcode59_actor_controller,head_exact_placement_only,6,0,0,0,,confirmed_static_unconditional,always,visible,2,down/front,candidate_value_domain_matches_confirmed_motion_pattern,0,0x00,1,0,event_source_bound_actor,strong_structural,controller pointer equals structural event trailer; 1 validated event source binding(s); field06D9=2 matches confirmed motion-pattern value down/front; reader linkage not yet proven; spawn=confirmed_static_unconditional,static_map_actor_selector_crosslink_20260930.csv;event_record_frame_catalog.csv;static_actor_event_dialogue_binding_20260930.csv;static_actor_spawn_conditions_20260930.csv;actor_motion_direction_pattern_table_20260930.csv
cfg_t04_l018_v2,0x5E,F5E-L004,0x43,humanoid_like,unknown,CC:38E5,confirmed_frame_trailer_pointer,7A_body16_7C_next_plus_1_16_00,0x7A->body16;0x7C->next_record_plus_1_16;0x00->terminator,static_event_head_opcode59_actor_controller,head_exact_placement_only,6,0,0,0,,confirmed_static_unconditional,always,visible,2,down/front,candidate_value_domain_matches_confirmed_motion_pattern,0,0x00,1,0,event_source_bound_actor,strong_structural,controller pointer equals structural event trailer; 1 validated event source binding(s); field06D9=2 matches confirmed motion-pattern value down/front; reader linkage not yet proven; spawn=confirmed_static_unconditional,static_map_actor_selector_crosslink_20260930.csv;event_record_frame_catalog.csv;static_actor_event_dialogue_binding_20260930.csv;static_actor_spawn_conditions_20260930.csv;actor_motion_direction_pattern_table_20260930.csv
cfg_t04_l018_v2,0x5E,F5E-L005,0x2E,humanoid_like,unknown,CC:3904,confirmed_frame_trailer_pointer,7A_body16_7C_next_plus_1_16_00,0x7A->body16;0x7C->next_record_plus_1_16;0x00->terminator,static_event_head_opcode59_actor_controller,head_exact_placement_only,6,0,0,0,,confirmed_static_unconditional,always,visible,2,down/front,candidate_value_domain_matches_confirmed_motion_pattern,0,0x00,1,0,event_source_bound_actor,strong_structural,controller pointer equals structural event trailer; 1 validated event source binding(s); field06D9=2 matches confirmed motion-pattern value down/front; reader linkage not yet proven; spawn=confirmed_static_unconditional,static_map_actor_selector_crosslink_20260930.csv;event_record_frame_catalog.csv;static_actor_event_dialogue_binding_20260930.csv;static_actor_spawn_conditions_20260930.csv;actor_motion_direction_pattern_table_20260930.csv
cfg_t04_l018_v2,0x5E,F5E-L006,0x2E,humanoid_like,unknown,CC:3915,confirmed_frame_trailer_pointer,7A_body16_7C_next_plus_1_16_00,0x7A->body16;0x7C->next_record_plus_1_16;0x00->terminator,static_event_head_opcode59_actor_controller,head_exact_placement_only,6,0,0,0,,confirmed_static_unconditional,always,visible,2,down/front,candidate_value_domain_matches_confirmed_motion_pattern,0,0x00,1,0,event_source_bound_actor,strong_structural,controller pointer equals structural event trailer; 1 validated event source binding(s); field06D9=2 matches confirmed motion-pattern value down/front; reader linkage not yet proven; spawn=confirmed_static_unconditional,static_map_actor_selector_crosslink_20260930.csv;event_record_frame_catalog.csv;static_actor_event_dialogue_binding_20260930.csv;static_actor_spawn_conditions_20260930.csv;actor_motion_direction_pattern_table_20260930.csv
cfg_t06_l021_v2,0x5F,F5F-L001,0x2E,humanoid_like,unknown,CC:3A0A,confirmed_frame_trailer_pointer,7A_body16_7C_next_plus_1_16_00,0x7A->body16;0x7C->next_record_plus_1_16;0x00->terminator,static_event_head_opcode59_actor_controller,head_exact_placement_only,6,0,0,0,,confirmed_static_unconditional,always,visible,2,down/front,candidate_value_domain_matches_confirmed_motion_pattern,0,0x00,3,0,event_source_bound_actor,strong_structural,controller pointer equals structural event trailer; 3 validated event source binding(s); field06D9=2 matches confirmed motion-pattern value down/front; reader linkage not yet proven; spawn=confirmed_static_unconditional,static_map_actor_selector_crosslink_20260930.csv;event_record_frame_catalog.csv;static_actor_event_dialogue_binding_20260930.csv;static_actor_spawn_conditions_20260930.csv;actor_motion_direction_pattern_table_20260930.csv
cfg_t06_l021_v2,0x5F,F5F-L002,0x2E,humanoid_like,unknown,CC:3A2B,confirmed_frame_trailer_pointer,7A_body16_7C_next_plus_1_16_00,0x7A->body16;0x7C->next_record_plus_1_16;0x00->terminator,static_event_head_opcode59_actor_controller,head_exact_placement_only,6,0,0,0,,confirmed_static_unconditional,always,visible,2,down/front,candidate_value_domain_matches_confirmed_motion_pattern,0,0x00,3,0,event_source_bound_actor,strong_structural,controller pointer equals structural event trailer; 3 validated event source binding(s); field06D9=2 matches confirmed motion-pattern value down/front; reader linkage not yet proven; spawn=confirmed_static_unconditional,static_map_actor_selector_crosslink_20260930.csv;event_record_frame_catalog.csv;static_actor_event_dialogue_binding_20260930.csv;static_actor_spawn_conditions_20260930.csv;actor_motion_direction_pattern_table_20260930.csv
cfg_t06_l021_v2,0x5F,F5F-L003,0x43,humanoid_like,unknown,CC:3A4C,confirmed_frame_trailer_pointer,7A_body16_7C_next_plus_1_16_00,0x7A->body16;0x7C->next_record_plus_1_16;0x00->terminator,static_event_head_opcode59_actor_controller,head_exact_placement_only,6,0,0,0,,confirmed_static_unconditional,always,visible,2,down/front,candidate_value_domain_matches_confirmed_motion_pattern,0,0x00,3,0,event_source_bound_actor,strong_structural,controller pointer equals structural event trailer; 3 validated event source binding(s); field06D9=2 matches confirmed motion-pattern value down/front; reader linkage not yet proven; spawn=confirmed_static_unconditional,static_map_actor_selector_crosslink_20260930.csv;event_record_frame_catalog.csv;static_actor_event_dialogue_binding_20260930.csv;static_actor_spawn_conditions_20260930.csv;actor_motion_direction_pattern_table_20260930.csv
cfg_t06_l021_v2,0x5F,F5F-L004,0x43,humanoid_like,unknown,CC:3A6D,confirmed_frame_trailer_pointer,7A_body16_7C_next_plus_1_16_00,0x7A->body16;0x7C->next_record_plus_1_16;0x00->terminator,static_event_head_opcode59_actor_controller,head_exact_placement_only,6,0,0,0,,confirmed_static_unconditional,always,visible,2,down/front,candidate_value_domain_matches_confirmed_motion_pattern,0,0x00,3,0,event_source_bound_actor,strong_structural,controller pointer equals structural event trailer; 3 validated event source binding(s); field06D9=2 matches confirmed motion-pattern value down/front; reader linkage not yet proven; spawn=confirmed_static_unconditional,static_map_actor_selector_crosslink_20260930.csv;event_record_frame_catalog.csv;static_actor_event_dialogue_binding_20260930.csv;static_actor_spawn_conditions_20260930.csv;actor_motion_direction_pattern_table_20260930.csv
cfg_t06_l021_v2,0x5F,F5F-L005,0x2E,humanoid_like,unknown,CC:3A8E,confirmed_frame_trailer_pointer,7A_body16_7C_next_plus_1_16_00,0x7A->body16;0x7C->next_record_plus_1_16;0x00->terminator,static_event_head_opcode59_actor_controller,head_exact_placement_only,6,0,0,0,,confirmed_static_unconditional,always,visible,2,down/front,candidate_value_domain_matches_confirmed_motion_pattern,0,0x00,3,0,event_source_bound_actor,strong_structural,controller pointer equals structural event trailer; 3 validated event source binding(s); field06D9=2 matches confirmed motion-pattern value down/front; reader linkage not yet proven; spawn=confirmed_static_unconditional,static_map_actor_selector_crosslink_20260930.csv;event_record_frame_catalog.csv;static_actor_event_dialogue_binding_20260930.csv;static_actor_spawn_conditions_20260930.csv;actor_motion_direction_pattern_table_20260930.csv
cfg_t06_l021_v2,0x5F,F5F-L006,0x2E,humanoid_like,unknown,CC:3AAF,confirmed_frame_trailer_pointer,7A_body16_7C_next_plus_1_16_00,0x7A->body16;0x7C->next_record_plus_1_16;0x00->terminator,static_event_head_opcode59_actor_controller,head_exact_placement_only,6,0,0,0,,confirmed_static_unconditional,always,visible,2,down/front,candidate_value_domain_matches_confirmed_motion_pattern,0,0x00,3,0,event_source_bound_actor,strong_structural,controller pointer equals structural event trailer; 3 validated event source binding(s); field06D9=2 matches confirmed motion-pattern value down/front; reader linkage not yet proven; spawn=confirmed_static_unconditional,static_map_actor_selector_crosslink_20260930.csv;event_record_frame_catalog.csv;static_actor_event_dialogue_binding_20260930.csv;static_actor_spawn_conditions_20260930.csv;actor_motion_direction_pattern_table_20260930.csv
cfg_t06_l021_v2,0x5F,F5F-L007,0x40,humanoid_like,unknown,CC:3AD0,confirmed_frame_trailer_pointer,7A_body16_7C_next_plus_1_16_00,0x7A->body16;0x7C->next_record_plus_1_16;0x00->terminator,static_event_tail_opcode59_actor_controller,prefix_plus_tail_placement,10,4,4,0,,confirmed_static_flag,"flag_test(spec=0xBD,wram=$125D,bit=5) != 0",candidate,2,down/front,candidate_value_domain_matches_confirmed_motion_pattern,0,0x00,3,0,event_source_bound_actor,strong_structural,controller pointer equals structural event trailer; 3 validated event source binding(s); field06D9=2 matches confirmed motion-pattern value down/front; reader linkage not yet proven; spawn=confirmed_static_flag,static_map_actor_selector_crosslink_20260930.csv;event_record_frame_catalog.csv;static_actor_event_dialogue_binding_20260930.csv;static_actor_spawn_conditions_20260930.csv;actor_motion_direction_pattern_table_20260930.csv
cfg_t06_l021_v2,0x5F,F5F-L008,0x5A,humanoid_like,unknown,CC:3AEC,confirmed_frame_trailer_pointer,7A_body16_7C_next_plus_1_16_00,0x7A->body16;0x7C->next_record_plus_1_16;0x00->terminator,static_event_tail_opcode59_actor_controller,prefix_plus_tail_placement,10,4,4,0,,confirmed_static_flag,"flag_test(spec=0xBD,wram=$125D,bit=5) != 0",candidate,2,down/front,candidate_value_domain_matches_confirmed_motion_pattern,0,0x00,1,0,event_source_bound_actor,strong_structural,controller pointer equals structural event trailer; 1 validated event source binding(s); field06D9=2 matches confirmed motion-pattern value down/front; reader linkage not yet proven; spawn=confirmed_static_flag,static_map_actor_selector_crosslink_20260930.csv;event_record_frame_catalog.csv;static_actor_event_dialogue_binding_20260930.csv;static_actor_spawn_conditions_20260930.csv;actor_motion_direction_pattern_table_20260930.csv
cfg_t04_l034_v2,0x60,F60-L001,0x40,humanoid_like,unknown,CC:3C82,confirmed_frame_trailer_pointer,7A_body16_7C_next_plus_1_16_00,0x7A->body16;0x7C->next_record_plus_1_16;0x00->terminator,static_event_head_opcode59_actor_controller,head_exact_placement_only,6,0,0,0,,confirmed_static_unconditional,always,visible,2,down/front,candidate_value_domain_matches_confirmed_motion_pattern,0,0x00,2,0,event_source_bound_actor,strong_structural,controller pointer equals structural event trailer; 2 validated event source binding(s); field06D9=2 matches confirmed motion-pattern value down/front; reader linkage not yet proven; spawn=confirmed_static_unconditional,static_map_actor_selector_crosslink_20260930.csv;event_record_frame_catalog.csv;static_actor_event_dialogue_binding_20260930.csv;static_actor_spawn_conditions_20260930.csv;actor_motion_direction_pattern_table_20260930.csv
cfg_t04_l035_v2,0x60,F60-L001,0x40,humanoid_like,unknown,CC:3C82,confirmed_frame_trailer_pointer,7A_body16_7C_next_plus_1_16_00,0x7A->body16;0x7C->next_record_plus_1_16;0x00->terminator,static_event_head_opcode59_actor_controller,head_exact_placement_only,6,0,0,0,,confirmed_static_unconditional,always,visible,2,down/front,candidate_value_domain_matches_confirmed_motion_pattern,0,0x00,2,0,event_source_bound_actor,strong_structural,controller pointer equals structural event trailer; 2 validated event source binding(s); field06D9=2 matches confirmed motion-pattern value down/front; reader linkage not yet proven; spawn=confirmed_static_unconditional,static_map_actor_selector_crosslink_20260930.csv;event_record_frame_catalog.csv;static_actor_event_dialogue_binding_20260930.csv;static_actor_spawn_conditions_20260930.csv;actor_motion_direction_pattern_table_20260930.csv
cfg_t04_l034_v2,0x60,F60-L002,0x40,humanoid_like,unknown,CC:3C9B,confirmed_frame_trailer_pointer,7A_body16_7C_next_plus_1_16_00,0x7A->body16;0x7C->next_record_plus_1_16;0x00->terminator,static_event_head_opcode59_actor_controller,head_exact_placement_only,6,0,0,0,,confirmed_static_unconditional,always,visible,2,down/front,candidate_value_domain_matches_confirmed_motion_pattern,0,0x00,2,0,event_source_bound_actor,strong_structural,controller pointer equals structural event trailer; 2 validated event source binding(s); field06D9=2 matches confirmed motion-pattern value down/front; reader linkage not yet proven; spawn=confirmed_static_unconditional,static_map_actor_selector_crosslink_20260930.csv;event_record_frame_catalog.csv;static_actor_event_dialogue_binding_20260930.csv;static_actor_spawn_conditions_20260930.csv;actor_motion_direction_pattern_table_20260930.csv
cfg_t04_l035_v2,0x60,F60-L002,0x40,humanoid_like,unknown,CC:3C9B,confirmed_frame_trailer_pointer,7A_body16_7C_next_plus_1_16_00,0x7A->body16;0x7C->next_record_plus_1_16;0x00->terminator,static_event_head_opcode59_actor_controller,head_exact_placement_only,6,0,0,0,,confirmed_static_unconditional,always,visible,2,down/front,candidate_value_domain_matches_confirmed_motion_pattern,0,0x00,2,0,event_source_bound_actor,strong_structural,controller pointer equals structural event trailer; 2 validated event source binding(s); field06D9=2 matches confirmed motion-pattern value down/front; reader linkage not yet proven; spawn=confirmed_static_unconditional,static_map_actor_selector_crosslink_20260930.csv;event_record_frame_catalog.csv;static_actor_event_dialogue_binding_20260930.csv;static_actor_spawn_conditions_20260930.csv;actor_motion_direction_pattern_table_20260930.csv
cfg_t04_l034_v2,0x60,F60-L003,0x24,humanoid_like,unknown,CC:3CB4,confirmed_frame_trailer_pointer,7A_body16_7C_next_plus_1_16_00,0x7A->body16;0x7C->next_record_plus_1_16;0x00->terminator,static_event_tail_opcode59_actor_controller,prefix_plus_tail_placement,10,4,4,0,,confirmed_static_flag,"flag_test(spec=0x3E,wram=$124D,bit=6) == 0",candidate,2,down/front,candidate_value_domain_matches_confirmed_motion_pattern,0,0x00,2,0,event_source_bound_actor,strong_structural,controller pointer equals structural event trailer; 2 validated event source binding(s); field06D9=2 matches confirmed motion-pattern value down/front; reader linkage not yet proven; spawn=confirmed_static_flag,static_map_actor_selector_crosslink_20260930.csv;event_record_frame_catalog.csv;static_actor_event_dialogue_binding_20260930.csv;static_actor_spawn_conditions_20260930.csv;actor_motion_direction_pattern_table_20260930.csv
cfg_t04_l035_v2,0x60,F60-L003,0x24,humanoid_like,unknown,CC:3CB4,confirmed_frame_trailer_pointer,7A_body16_7C_next_plus_1_16_00,0x7A->body16;0x7C->next_record_plus_1_16;0x00->terminator,static_event_tail_opcode59_actor_controller,prefix_plus_tail_placement,10,4,4,0,,confirmed_static_flag,"flag_test(spec=0x3E,wram=$124D,bit=6) == 0",candidate,2,down/front,candidate_value_domain_matches_confirmed_motion_pattern,0,0x00,2,0,event_source_bound_actor,strong_structural,controller pointer equals structural event trailer; 2 validated event source binding(s); field06D9=2 matches confirmed motion-pattern value down/front; reader linkage not yet proven; spawn=confirmed_static_flag,static_map_actor_selector_crosslink_20260930.csv;event_record_frame_catalog.csv;static_actor_event_dialogue_binding_20260930.csv;static_actor_spawn_conditions_20260930.csv;actor_motion_direction_pattern_table_20260930.csv
cfg_t04_l034_v2,0x60,F60-L004,0x5B,humanoid_like,unknown,CC:3CD1,confirmed_frame_trailer_pointer,7A_body16_7C_next_plus_1_16_00,0x7A->body16;0x7C->next_record_plus_1_16;0x00->terminator,static_event_head_opcode59_actor_controller,head_exact_placement_only,6,0,0,0,,confirmed_static_unconditional,always,visible,2,down/front,candidate_value_domain_matches_confirmed_motion_pattern,0,0x00,2,0,event_source_bound_actor,strong_structural,controller pointer equals structural event trailer; 2 validated event source binding(s); field06D9=2 matches confirmed motion-pattern value down/front; reader linkage not yet proven; spawn=confirmed_static_unconditional,static_map_actor_selector_crosslink_20260930.csv;event_record_frame_catalog.csv;static_actor_event_dialogue_binding_20260930.csv;static_actor_spawn_conditions_20260930.csv;actor_motion_direction_pattern_table_20260930.csv
cfg_t04_l035_v2,0x60,F60-L004,0x5B,humanoid_like,unknown,CC:3CD1,confirmed_frame_trailer_pointer,7A_body16_7C_next_plus_1_16_00,0x7A->body16;0x7C->next_record_plus_1_16;0x00->terminator,static_event_head_opcode59_actor_controller,head_exact_placement_only,6,0,0,0,,confirmed_static_unconditional,always,visible,2,down/front,candidate_value_domain_matches_confirmed_motion_pattern,0,0x00,2,0,event_source_bound_actor,strong_structural,controller pointer equals structural event trailer; 2 validated event source binding(s); field06D9=2 matches confirmed motion-pattern value down/front; reader linkage not yet proven; spawn=confirmed_static_unconditional,static_map_actor_selector_crosslink_20260930.csv;event_record_frame_catalog.csv;static_actor_event_dialogue_binding_20260930.csv;static_actor_spawn_conditions_20260930.csv;actor_motion_direction_pattern_table_20260930.csv
cfg_t04_l034_v2,0x60,F60-L005,0x59,humanoid_like,unknown,CC:3CEA,confirmed_frame_trailer_pointer,7A_body16_7C_next_plus_1_16_00,0x7A->body16;0x7C->next_record_plus_1_16;0x00->terminator,static_event_tail_opcode59_actor_controller,prefix_plus_tail_placement,10,4,4,0,,confirmed_static_flag,"flag_test(spec=0x13,wram=$1248,bit=3) == 0",candidate,2,down/front,candidate_value_domain_matches_confirmed_motion_pattern,0,0x00,2,0,event_source_bound_actor,strong_structural,controller pointer equals structural event trailer; 2 validated event source binding(s); field06D9=2 matches confirmed motion-pattern value down/front; reader linkage not yet proven; spawn=confirmed_static_flag,static_map_actor_selector_crosslink_20260930.csv;event_record_frame_catalog.csv;static_actor_event_dialogue_binding_20260930.csv;static_actor_spawn_conditions_20260930.csv;actor_motion_direction_pattern_table_20260930.csv
cfg_t04_l035_v2,0x60,F60-L005,0x59,humanoid_like,unknown,CC:3CEA,confirmed_frame_trailer_pointer,7A_body16_7C_next_plus_1_16_00,0x7A->body16;0x7C->next_record_plus_1_16;0x00->terminator,static_event_tail_opcode59_actor_controller,prefix_plus_tail_placement,10,4,4,0,,confirmed_static_flag,"flag_test(spec=0x13,wram=$1248,bit=3) == 0",candidate,2,down/front,candidate_value_domain_matches_confirmed_motion_pattern,0,0x00,2,0,event_source_bound_actor,strong_structural,controller pointer equals structural event trailer; 2 validated event source binding(s); field06D9=2 matches confirmed motion-pattern value down/front; reader linkage not yet proven; spawn=confirmed_static_flag,static_map_actor_selector_crosslink_20260930.csv;event_record_frame_catalog.csv;static_actor_event_dialogue_binding_20260930.csv;static_actor_spawn_conditions_20260930.csv;actor_motion_direction_pattern_table_20260930.csv
cfg_t04_l034_v2,0x60,F60-L006,0x43,humanoid_like,unknown,CC:3D15,confirmed_frame_trailer_pointer,7A_body16_7C_next_plus_1_16_00,0x7A->body16;0x7C->next_record_plus_1_16;0x00->terminator,static_event_head_opcode59_actor_controller,head_exact_placement_only,6,0,0,0,,confirmed_static_unconditional,always,visible,2,down/front,candidate_value_domain_matches_confirmed_motion_pattern,0,0x00,1,0,event_source_bound_actor,strong_structural,controller pointer equals structural event trailer; 1 validated event source binding(s); field06D9=2 matches confirmed motion-pattern value down/front; reader linkage not yet proven; spawn=confirmed_static_unconditional,static_map_actor_selector_crosslink_20260930.csv;event_record_frame_catalog.csv;static_actor_event_dialogue_binding_20260930.csv;static_actor_spawn_conditions_20260930.csv;actor_motion_direction_pattern_table_20260930.csv
cfg_t04_l035_v2,0x60,F60-L006,0x43,humanoid_like,unknown,CC:3D15,confirmed_frame_trailer_pointer,7A_body16_7C_next_plus_1_16_00,0x7A->body16;0x7C->next_record_plus_1_16;0x00->terminator,static_event_head_opcode59_actor_controller,head_exact_placement_only,6,0,0,0,,confirmed_static_unconditional,always,visible,2,down/front,candidate_value_domain_matches_confirmed_motion_pattern,0,0x00,1,0,event_source_bound_actor,strong_structural,controller pointer equals structural event trailer; 1 validated event source binding(s); field06D9=2 matches confirmed motion-pattern value down/front; reader linkage not yet proven; spawn=confirmed_static_unconditional,static_map_actor_selector_crosslink_20260930.csv;event_record_frame_catalog.csv;static_actor_event_dialogue_binding_20260930.csv;static_actor_spawn_conditions_20260930.csv;actor_motion_direction_pattern_table_20260930.csv
cfg_t04_l034_v2,0x60,F60-L007,0x23,humanoid_like,unknown,CC:3D2E,confirmed_frame_trailer_pointer,7A_body16_7C_next_plus_1_16_00,0x7A->body16;0x7C->next_record_plus_1_16;0x00->terminator,static_event_head_opcode59_actor_controller,head_exact_placement_only,6,0,0,0,,confirmed_static_unconditional,always,visible,2,down/front,candidate_value_domain_matches_confirmed_motion_pattern,0,0x00,2,0,event_source_bound_actor,strong_structural,controller pointer equals structural event trailer; 2 validated event source binding(s); field06D9=2 matches confirmed motion-pattern value down/front; reader linkage not yet proven; spawn=confirmed_static_unconditional,static_map_actor_selector_crosslink_20260930.csv;event_record_frame_catalog.csv;static_actor_event_dialogue_binding_20260930.csv;static_actor_spawn_conditions_20260930.csv;actor_motion_direction_pattern_table_20260930.csv
cfg_t04_l035_v2,0x60,F60-L007,0x23,humanoid_like,unknown,CC:3D2E,confirmed_frame_trailer_pointer,7A_body16_7C_next_plus_1_16_00,0x7A->body16;0x7C->next_record_plus_1_16;0x00->terminator,static_event_head_opcode59_actor_controller,head_exact_placement_only,6,0,0,0,,confirmed_static_unconditional,always,visible,2,down/front,candidate_value_domain_matches_confirmed_motion_pattern,0,0x00,2,0,event_source_bound_actor,strong_structural,controller pointer equals structural event trailer; 2 validated event source binding(s); field06D9=2 matches confirmed motion-pattern value down/front; reader linkage not yet proven; spawn=confirmed_static_unconditional,static_map_actor_selector_crosslink_20260930.csv;event_record_frame_catalog.csv;static_actor_event_dialogue_binding_20260930.csv;static_actor_spawn_conditions_20260930.csv;actor_motion_direction_pattern_table_20260930.csv
cfg_t04_l034_v2,0x60,F60-L008,0x5A,humanoid_like,unknown,CC:3D47,confirmed_frame_trailer_pointer,7A_body16_7C_next_plus_1_16_00,0x7A->body16;0x7C->next_record_plus_1_16;0x00->terminator,static_event_head_opcode59_actor_controller,head_exact_placement_only,6,0,0,0,,confirmed_static_unconditional,always,visible,2,down/front,candidate_value_domain_matches_confirmed_motion_pattern,0,0x00,2,0,event_source_bound_actor,strong_structural,controller pointer equals structural event trailer; 2 validated event source binding(s); field06D9=2 matches confirmed motion-pattern value down/front; reader linkage not yet proven; spawn=confirmed_static_unconditional,static_map_actor_selector_crosslink_20260930.csv;event_record_frame_catalog.csv;static_actor_event_dialogue_binding_20260930.csv;static_actor_spawn_conditions_20260930.csv;actor_motion_direction_pattern_table_20260930.csv
cfg_t04_l035_v2,0x60,F60-L008,0x5A,humanoid_like,unknown,CC:3D47,confirmed_frame_trailer_pointer,7A_body16_7C_next_plus_1_16_00,0x7A->body16;0x7C->next_record_plus_1_16;0x00->terminator,static_event_head_opcode59_actor_controller,head_exact_placement_only,6,0,0,0,,confirmed_static_unconditional,always,visible,2,down/front,candidate_value_domain_matches_confirmed_motion_pattern,0,0x00,2,0,event_source_bound_actor,strong_structural,controller pointer equals structural event trailer; 2 validated event source binding(s); field06D9=2 matches confirmed motion-pattern value down/front; reader linkage not yet proven; spawn=confirmed_static_unconditional,static_map_actor_selector_crosslink_20260930.csv;event_record_frame_catalog.csv;static_actor_event_dialogue_binding_20260930.csv;static_actor_spawn_conditions_20260930.csv;actor_motion_direction_pattern_table_20260930.csv
cfg_t04_l034_v2,0x60,F60-L009,0x5A,humanoid_like,unknown,CC:3D60,confirmed_frame_trailer_pointer,7A_body16_7C_next_plus_1_16_00,0x7A->body16;0x7C->next_record_plus_1_16;0x00->terminator,static_event_head_opcode59_actor_controller,head_exact_placement_only,6,0,0,0,,confirmed_static_unconditional,always,visible,2,down/front,candidate_value_domain_matches_confirmed_motion_pattern,0,0x00,2,0,event_source_bound_actor,strong_structural,controller pointer equals structural event trailer; 2 validated event source binding(s); field06D9=2 matches confirmed motion-pattern value down/front; reader linkage not yet proven; spawn=confirmed_static_unconditional,static_map_actor_selector_crosslink_20260930.csv;event_record_frame_catalog.csv;static_actor_event_dialogue_binding_20260930.csv;static_actor_spawn_conditions_20260930.csv;actor_motion_direction_pattern_table_20260930.csv
cfg_t04_l035_v2,0x60,F60-L009,0x5A,humanoid_like,unknown,CC:3D60,confirmed_frame_trailer_pointer,7A_body16_7C_next_plus_1_16_00,0x7A->body16;0x7C->next_record_plus_1_16;0x00->terminator,static_event_head_opcode59_actor_controller,head_exact_placement_only,6,0,0,0,,confirmed_static_unconditional,always,visible,2,down/front,candidate_value_domain_matches_confirmed_motion_pattern,0,0x00,2,0,event_source_bound_actor,strong_structural,controller pointer equals structural event trailer; 2 validated event source binding(s); field06D9=2 matches confirmed motion-pattern value down/front; reader linkage not yet proven; spawn=confirmed_static_unconditional,static_map_actor_selector_crosslink_20260930.csv;event_record_frame_catalog.csv;static_actor_event_dialogue_binding_20260930.csv;static_actor_spawn_conditions_20260930.csv;actor_motion_direction_pattern_table_20260930.csv
cfg_t04_l034_v2,0x60,F60-L010,0x30,humanoid_like,unknown,CC:3EA8,confirmed_frame_trailer_pointer,7A_body16_7C_next_plus_1_16_00,0x7A->body16;0x7C->next_record_plus_1_16;0x00->terminator,static_event_tail_opcode59_actor_controller,prefix_plus_tail_placement,10,4,4,0,,confirmed_static_flag,"flag_test(spec=0x24,wram=$124A,bit=4) != 0",candidate,2,down/front,candidate_value_domain_matches_confirmed_motion_pattern,0,0x00,3,0,event_source_bound_actor,strong_structural,controller pointer equals structural event trailer; 3 validated event source binding(s); field06D9=2 matches confirmed motion-pattern value down/front; reader linkage not yet proven; spawn=confirmed_static_flag,static_map_actor_selector_crosslink_20260930.csv;event_record_frame_catalog.csv;static_actor_event_dialogue_binding_20260930.csv;static_actor_spawn_conditions_20260930.csv;actor_motion_direction_pattern_table_20260930.csv
cfg_t04_l035_v2,0x60,F60-L010,0x30,humanoid_like,unknown,CC:3EA8,confirmed_frame_trailer_pointer,7A_body16_7C_next_plus_1_16_00,0x7A->body16;0x7C->next_record_plus_1_16;0x00->terminator,static_event_tail_opcode59_actor_controller,prefix_plus_tail_placement,10,4,4,0,,confirmed_static_flag,"flag_test(spec=0x24,wram=$124A,bit=4) != 0",candidate,2,down/front,candidate_value_domain_matches_confirmed_motion_pattern,0,0x00,3,0,event_source_bound_actor,strong_structural,controller pointer equals structural event trailer; 3 validated event source binding(s); field06D9=2 matches confirmed motion-pattern value down/front; reader linkage not yet proven; spawn=confirmed_static_flag,static_map_actor_selector_crosslink_20260930.csv;event_record_frame_catalog.csv;static_actor_event_dialogue_binding_20260930.csv;static_actor_spawn_conditions_20260930.csv;actor_motion_direction_pattern_table_20260930.csv
cfg_t04_l034_v2,0x60,F60-L011,0x2F,humanoid_like,unknown,CC:3EBD,confirmed_frame_trailer_pointer,7A_body16_7C_next_plus_1_16_00,0x7A->body16;0x7C->next_record_plus_1_16;0x00->terminator,static_event_tail_opcode59_actor_controller,prefix_plus_tail_placement,10,4,4,0,,confirmed_static_flag,"flag_test(spec=0x24,wram=$124A,bit=4) != 0",candidate,2,down/front,candidate_value_domain_matches_confirmed_motion_pattern,0,0x00,1,0,event_source_bound_actor,strong_structural,controller pointer equals structural event trailer; 1 validated event source binding(s); field06D9=2 matches confirmed motion-pattern value down/front; reader linkage not yet proven; spawn=confirmed_static_flag,static_map_actor_selector_crosslink_20260930.csv;event_record_frame_catalog.csv;static_actor_event_dialogue_binding_20260930.csv;static_actor_spawn_conditions_20260930.csv;actor_motion_direction_pattern_table_20260930.csv
cfg_t04_l035_v2,0x60,F60-L011,0x2F,humanoid_like,unknown,CC:3EBD,confirmed_frame_trailer_pointer,7A_body16_7C_next_plus_1_16_00,0x7A->body16;0x7C->next_record_plus_1_16;0x00->terminator,static_event_tail_opcode59_actor_controller,prefix_plus_tail_placement,10,4,4,0,,confirmed_static_flag,"flag_test(spec=0x24,wram=$124A,bit=4) != 0",candidate,2,down/front,candidate_value_domain_matches_confirmed_motion_pattern,0,0x00,1,0,event_source_bound_actor,strong_structural,controller pointer equals structural event trailer; 1 validated event source binding(s); field06D9=2 matches confirmed motion-pattern value down/front; reader linkage not yet proven; spawn=confirmed_static_flag,static_map_actor_selector_crosslink_20260930.csv;event_record_frame_catalog.csv;static_actor_event_dialogue_binding_20260930.csv;static_actor_spawn_conditions_20260930.csv;actor_motion_direction_pattern_table_20260930.csv
cfg_t04_l034_v2,0x60,F60-L012,0x17,animal_like,animal,CC:402F,confirmed_frame_trailer_pointer,7A_body16_7C_next_plus_1_16_00,0x7A->body16;0x7C->next_record_plus_1_16;0x00->terminator,static_event_tail_opcode59_actor_controller,prefix_plus_tail_placement,28,22,22,0,,confirmed_static_branch_unresolved_predicate,vm_expression(08 B9 13 03 B3 0A 59 17 14 0C 02 10 B2 10 A3 24 A3 29 E1 E7) != 0,candidate,2,down/front,candidate_value_domain_matches_confirmed_motion_pattern,16,0x10,2,0,event_source_bound_actor,strong_structural,controller pointer equals structural event trailer; 2 validated event source binding(s); field06D9=2 matches confirmed motion-pattern value down/front; reader linkage not yet proven; spawn=confirmed_static_branch_unresolved_predicate,static_map_actor_selector_crosslink_20260930.csv;event_record_frame_catalog.csv;static_actor_event_dialogue_binding_20260930.csv;static_actor_spawn_conditions_20260930.csv;actor_motion_direction_pattern_table_20260930.csv
cfg_t04_l035_v2,0x60,F60-L012,0x17,animal_like,animal,CC:402F,confirmed_frame_trailer_pointer,7A_body16_7C_next_plus_1_16_00,0x7A->body16;0x7C->next_record_plus_1_16;0x00->terminator,static_event_tail_opcode59_actor_controller,prefix_plus_tail_placement,28,22,22,0,,confirmed_static_branch_unresolved_predicate,vm_expression(08 B9 13 03 B3 0A 59 17 14 0C 02 10 B2 10 A3 24 A3 29 E1 E7) != 0,candidate,2,down/front,candidate_value_domain_matches_confirmed_motion_pattern,16,0x10,2,0,event_source_bound_actor,strong_structural,controller pointer equals structural event trailer; 2 validated event source binding(s); field06D9=2 matches confirmed motion-pattern value down/front; reader linkage not yet proven; spawn=confirmed_static_branch_unresolved_predicate,static_map_actor_selector_crosslink_20260930.csv;event_record_frame_catalog.csv;static_actor_event_dialogue_binding_20260930.csv;static_actor_spawn_conditions_20260930.csv;actor_motion_direction_pattern_table_20260930.csv
cfg_t07_l009_v2,0x62,F62-L001,0x23,humanoid_like,unknown,CC:42A1,confirmed_frame_trailer_pointer,7A_body16_7C_next_plus_1_16_00,0x7A->body16;0x7C->next_record_plus_1_16;0x00->terminator,static_event_tail_opcode59_actor_controller,prefix_plus_tail_placement,10,4,4,0,,confirmed_static_control_partial_predicate,"predicate_2D(operand=0x68,compare_target=$0306) != 0",candidate,2,down/front,candidate_value_domain_matches_confirmed_motion_pattern,16,0x10,2,0,event_source_bound_actor,strong_structural,controller pointer equals structural event trailer; 2 validated event source binding(s); field06D9=2 matches confirmed motion-pattern value down/front; reader linkage not yet proven; spawn=confirmed_static_control_partial_predicate,static_map_actor_selector_crosslink_20260930.csv;event_record_frame_catalog.csv;static_actor_event_dialogue_binding_20260930.csv;static_actor_spawn_conditions_20260930.csv;actor_motion_direction_pattern_table_20260930.csv
cfg_t07_l009_v2,0x62,F62-L002,0x43,humanoid_like,unknown,CC:42CC,confirmed_frame_trailer_pointer,7A_body16_7C_next_plus_1_16_00,0x7A->body16;0x7C->next_record_plus_1_16;0x00->terminator,static_event_tail_opcode59_actor_controller,prefix_plus_tail_placement,13,7,7,0,,confirmed_static_branch_unresolved_predicate,vm_expression(A3 3E 2D 68 E7) != 0,candidate,2,down/front,candidate_value_domain_matches_confirmed_motion_pattern,16,0x10,1,0,event_source_bound_actor,strong_structural,controller pointer equals structural event trailer; 1 validated event source binding(s); field06D9=2 matches confirmed motion-pattern value down/front; reader linkage not yet proven; spawn=confirmed_static_branch_unresolved_predicate,static_map_actor_selector_crosslink_20260930.csv;event_record_frame_catalog.csv;static_actor_event_dialogue_binding_20260930.csv;static_actor_spawn_conditions_20260930.csv;actor_motion_direction_pattern_table_20260930.csv
cfg_t07_l009_v2,0x62,F62-L003,0x59,humanoid_like,unknown,CC:42E4,confirmed_frame_trailer_pointer,7A_body16_7C_next_plus_1_16_00,0x7A->body16;0x7C->next_record_plus_1_16;0x00->terminator,static_event_tail_opcode59_actor_controller,prefix_plus_tail_placement,10,4,4,0,,confirmed_static_control_partial_predicate,"predicate_2D(operand=0x68,compare_target=$0306) != 0",candidate,2,down/front,candidate_value_domain_matches_confirmed_motion_pattern,16,0x10,1,0,event_source_bound_actor,strong_structural,controller pointer equals structural event trailer; 1 validated event source binding(s); field06D9=2 matches confirmed motion-pattern value down/front; reader linkage not yet proven; spawn=confirmed_static_control_partial_predicate,static_map_actor_selector_crosslink_20260930.csv;event_record_frame_catalog.csv;static_actor_event_dialogue_binding_20260930.csv;static_actor_spawn_conditions_20260930.csv;actor_motion_direction_pattern_table_20260930.csv
cfg_t07_l009_v2,0x62,F62-L004,0x5A,humanoid_like,unknown,CC:4301,confirmed_frame_trailer_pointer,7A_body16_7C_next_plus_1_16_00,0x7A->body16;0x7C->next_record_plus_1_16;0x00->terminator,static_event_tail_opcode59_actor_controller,prefix_plus_tail_placement,10,4,4,0,,confirmed_static_control_partial_predicate,"predicate_2D(operand=0x6A,compare_target=$0306) != 0",candidate,2,down/front,candidate_value_domain_matches_confirmed_motion_pattern,16,0x10,2,0,event_source_bound_actor,strong_structural,controller pointer equals structural event trailer; 2 validated event source binding(s); field06D9=2 matches confirmed motion-pattern value down/front; reader linkage not yet proven; spawn=confirmed_static_control_partial_predicate,static_map_actor_selector_crosslink_20260930.csv;event_record_frame_catalog.csv;static_actor_event_dialogue_binding_20260930.csv;static_actor_spawn_conditions_20260930.csv;actor_motion_direction_pattern_table_20260930.csv
cfg_t07_l009_v2,0x62,F62-L005,0x3E,humanoid_like,unknown,CC:4326,confirmed_frame_trailer_pointer,7A_body16_7C_next_plus_1_16_00,0x7A->body16;0x7C->next_record_plus_1_16;0x00->terminator,static_event_tail_opcode59_actor_controller,prefix_plus_tail_placement,10,4,4,0,,confirmed_static_control_partial_predicate,"predicate_2D(operand=0x65,compare_target=$0306) != 0",candidate,2,down/front,candidate_value_domain_matches_confirmed_motion_pattern,16,0x10,2,0,event_source_bound_actor,strong_structural,controller pointer equals structural event trailer; 2 validated event source binding(s); field06D9=2 matches confirmed motion-pattern value down/front; reader linkage not yet proven; spawn=confirmed_static_control_partial_predicate,static_map_actor_selector_crosslink_20260930.csv;event_record_frame_catalog.csv;static_actor_event_dialogue_binding_20260930.csv;static_actor_spawn_conditions_20260930.csv;actor_motion_direction_pattern_table_20260930.csv
cfg_t07_l009_v2,0x62,F62-L006,0x23,humanoid_like,unknown,CC:4343,confirmed_frame_trailer_pointer,7A_body16_7C_next_plus_1_16_00,0x7A->body16;0x7C->next_record_plus_1_16;0x00->terminator,static_event_tail_opcode59_actor_controller,prefix_plus_tail_placement,10,4,4,0,,confirmed_static_control_partial_predicate,"predicate_2D(operand=0x82,compare_target=$0306) != 0",candidate,2,down/front,candidate_value_domain_matches_confirmed_motion_pattern,16,0x10,2,0,event_source_bound_actor,strong_structural,controller pointer equals structural event trailer; 2 validated event source binding(s); field06D9=2 matches confirmed motion-pattern value down/front; reader linkage not yet proven; spawn=confirmed_static_control_partial_predicate,static_map_actor_selector_crosslink_20260930.csv;event_record_frame_catalog.csv;static_actor_event_dialogue_binding_20260930.csv;static_actor_spawn_conditions_20260930.csv;actor_motion_direction_pattern_table_20260930.csv
cfg_t07_l009_v2,0x62,F62-L007,0x5B,humanoid_like,unknown,CC:4368,confirmed_frame_trailer_pointer,7A_body16_7C_next_plus_1_16_00,0x7A->body16;0x7C->next_record_plus_1_16;0x00->terminator,static_event_tail_opcode59_actor_controller,prefix_plus_tail_placement,14,8,8,0,,confirmed_static_branch_unresolved_predicate,vm_expression(2D 82 A3 AD E1 E7) != 0,candidate,2,down/front,candidate_value_domain_matches_confirmed_motion_pattern,16,0x10,3,0,event_source_bound_actor,strong_structural,controller pointer equals structural event trailer; 3 validated event source binding(s); field06D9=2 matches confirmed motion-pattern value down/front; reader linkage not yet proven; spawn=confirmed_static_branch_unresolved_predicate,static_map_actor_selector_crosslink_20260930.csv;event_record_frame_catalog.csv;static_actor_event_dialogue_binding_20260930.csv;static_actor_spawn_conditions_20260930.csv;actor_motion_direction_pattern_table_20260930.csv
cfg_t07_l010_v2,0x63,F63-L001,0x5B,humanoid_like,unknown,CC:43EA,confirmed_frame_trailer_pointer,7A_body16_7C_next_plus_1_16_00,0x7A->body16;0x7C->next_record_plus_1_16;0x00->terminator,static_event_tail_opcode59_actor_controller,prefix_plus_tail_placement,14,8,8,0,,confirmed_static_branch_unresolved_predicate,vm_expression(A3 3E E1 2D 68 E7) != 0,candidate,2,down/front,candidate_value_domain_matches_confirmed_motion_pattern,16,0x10,2,0,event_source_bound_actor,strong_structural,controller pointer equals structural event trailer; 2 validated event source binding(s); field06D9=2 matches confirmed motion-pattern value down/front; reader linkage not yet proven; spawn=confirmed_static_branch_unresolved_predicate,static_map_actor_selector_crosslink_20260930.csv;event_record_frame_catalog.csv;static_actor_event_dialogue_binding_20260930.csv;static_actor_spawn_conditions_20260930.csv;actor_motion_direction_pattern_table_20260930.csv
cfg_t07_l010_v2,0x63,F63-L002,0x24,humanoid_like,unknown,CC:4403,confirmed_frame_trailer_pointer,7A_body16_7C_next_plus_1_16_00,0x7A->body16;0x7C->next_record_plus_1_16;0x00->terminator,static_event_tail_opcode59_actor_controller,prefix_plus_tail_placement,10,4,4,0,,confirmed_static_control_partial_predicate,"predicate_2D(operand=0x68,compare_target=$0306) != 0",candidate,2,down/front,candidate_value_domain_matches_confirmed_motion_pattern,16,0x10,1,0,event_source_bound_actor,strong_structural,controller pointer equals structural event trailer; 1 validated event source binding(s); field06D9=2 matches confirmed motion-pattern value down/front; reader linkage not yet proven; spawn=confirmed_static_control_partial_predicate,static_map_actor_selector_crosslink_20260930.csv;event_record_frame_catalog.csv;static_actor_event_dialogue_binding_20260930.csv;static_actor_spawn_conditions_20260930.csv;actor_motion_direction_pattern_table_20260930.csv
cfg_t07_l010_v2,0x63,F63-L003,0x59,humanoid_like,unknown,CC:442A,confirmed_frame_trailer_pointer,7A_body16_7C_next_plus_1_16_00,0x7A->body16;0x7C->next_record_plus_1_16;0x00->terminator,static_event_tail_opcode59_actor_controller,prefix_plus_tail_placement,14,8,8,0,,confirmed_static_branch_unresolved_predicate,vm_expression(2D 82 A3 AD E1 E7) != 0,candidate,2,down/front,candidate_value_domain_matches_confirmed_motion_pattern,16,0x10,1,0,event_source_bound_actor,strong_structural,controller pointer equals structural event trailer; 1 validated event source binding(s); field06D9=2 matches confirmed motion-pattern value down/front; reader linkage not yet proven; spawn=confirmed_static_branch_unresolved_predicate,static_map_actor_selector_crosslink_20260930.csv;event_record_frame_catalog.csv;static_actor_event_dialogue_binding_20260930.csv;static_actor_spawn_conditions_20260930.csv;actor_motion_direction_pattern_table_20260930.csv
cfg_t07_l010_v2,0x63,F63-L004,0x27,humanoid_like,unknown,CC:4443,confirmed_frame_trailer_pointer,7A_body16_7C_next_plus_1_16_00,0x7A->body16;0x7C->next_record_plus_1_16;0x00->terminator,static_event_tail_opcode59_actor_controller,prefix_plus_tail_placement,14,8,8,0,,confirmed_static_branch_unresolved_predicate,vm_expression(2D 82 A3 AD E1 E7) != 0,candidate,2,down/front,candidate_value_domain_matches_confirmed_motion_pattern,16,0x10,1,0,event_source_bound_actor,strong_structural,controller pointer equals structural event trailer; 1 validated event source binding(s); field06D9=2 matches confirmed motion-pattern value down/front; reader linkage not yet proven; spawn=confirmed_static_branch_unresolved_predicate,static_map_actor_selector_crosslink_20260930.csv;event_record_frame_catalog.csv;static_actor_event_dialogue_binding_20260930.csv;static_actor_spawn_conditions_20260930.csv;actor_motion_direction_pattern_table_20260930.csv
cfg_t07_l010_v2,0x63,F63-L005,0x5B,humanoid_like,unknown,CC:445C,confirmed_frame_trailer_pointer,7A_body16_7C_next_plus_1_16_00,0x7A->body16;0x7C->next_record_plus_1_16;0x00->terminator,static_event_tail_opcode59_actor_controller,prefix_plus_tail_placement,10,4,4,0,,confirmed_static_control_partial_predicate,"predicate_2D(operand=0x82,compare_target=$0306) != 0",candidate,2,down/front,candidate_value_domain_matches_confirmed_motion_pattern,16,0x10,1,0,event_source_bound_actor,strong_structural,controller pointer equals structural event trailer; 1 validated event source binding(s); field06D9=2 matches confirmed motion-pattern value down/front; reader linkage not yet proven; spawn=confirmed_static_control_partial_predicate,static_map_actor_selector_crosslink_20260930.csv;event_record_frame_catalog.csv;static_actor_event_dialogue_binding_20260930.csv;static_actor_spawn_conditions_20260930.csv;actor_motion_direction_pattern_table_20260930.csv
cfg_t07_l010_v2,0x63,F63-L006,0x29,humanoid_like,unknown,CC:4481,confirmed_frame_trailer_pointer,7A_body16_7C_next_plus_1_16_00,0x7A->body16;0x7C->next_record_plus_1_16;0x00->terminator,static_event_tail_opcode59_actor_controller,prefix_plus_tail_placement,13,7,7,0,,confirmed_static_branch_unresolved_predicate,vm_expression(2D 82 A3 B2 E7) != 0,candidate,2,down/front,candidate_value_domain_matches_confirmed_motion_pattern,16,0x10,3,0,event_source_bound_actor,strong_structural,controller pointer equals structural event trailer; 3 validated event source binding(s); field06D9=2 matches confirmed motion-pattern value down/front; reader linkage not yet proven; spawn=confirmed_static_branch_unresolved_predicate,static_map_actor_selector_crosslink_20260930.csv;event_record_frame_catalog.csv;static_actor_event_dialogue_binding_20260930.csv;static_actor_spawn_conditions_20260930.csv;actor_motion_direction_pattern_table_20260930.csv
cfg_t07_l010_v2,0x63,F63-L007,0x23,humanoid_like,unknown,CC:4499,confirmed_frame_trailer_pointer,7A_body16_7C_next_plus_1_16_00,0x7A->body16;0x7C->next_record_plus_1_16;0x00->terminator,static_event_tail_opcode59_actor_controller,prefix_plus_tail_placement,10,4,4,0,,confirmed_static_control_partial_predicate,"predicate_2D(operand=0x82,compare_target=$0306) != 0",candidate,2,down/front,candidate_value_domain_matches_confirmed_motion_pattern,16,0x10,1,0,event_source_bound_actor,strong_structural,controller pointer equals structural event trailer; 1 validated event source binding(s); field06D9=2 matches confirmed motion-pattern value down/front; reader linkage not yet proven; spawn=confirmed_static_control_partial_predicate,static_map_actor_selector_crosslink_20260930.csv;event_record_frame_catalog.csv;static_actor_event_dialogue_binding_20260930.csv;static_actor_spawn_conditions_20260930.csv;actor_motion_direction_pattern_table_20260930.csv
cfg_t04_l044_v2,0x65,F65-L001,0x40,humanoid_like,unknown,CC:4680,confirmed_frame_trailer_pointer,7A_body16_7C_next_plus_1_16_00,0x7A->body16;0x7C->next_record_plus_1_16;0x00->terminator,static_event_head_opcode59_actor_controller,head_exact_placement_only,6,0,0,0,,confirmed_static_unconditional,always,visible,2,down/front,candidate_value_domain_matches_confirmed_motion_pattern,0,0x00,2,0,event_source_bound_actor,strong_structural,controller pointer equals structural event trailer; 2 validated event source binding(s); field06D9=2 matches confirmed motion-pattern value down/front; reader linkage not yet proven; spawn=confirmed_static_unconditional,static_map_actor_selector_crosslink_20260930.csv;event_record_frame_catalog.csv;static_actor_event_dialogue_binding_20260930.csv;static_actor_spawn_conditions_20260930.csv;actor_motion_direction_pattern_table_20260930.csv
cfg_t04_l044_v2,0x65,F65-L002,0x5A,humanoid_like,unknown,CC:46BD,confirmed_frame_trailer_pointer,7A_body16_7C_next_plus_1_16_00,0x7A->body16;0x7C->next_record_plus_1_16;0x00->terminator,static_event_head_opcode59_actor_controller,head_exact_placement_only,6,0,0,0,,confirmed_static_unconditional,always,visible,2,down/front,candidate_value_domain_matches_confirmed_motion_pattern,0,0x00,2,0,event_source_bound_actor,strong_structural,controller pointer equals structural event trailer; 2 validated event source binding(s); field06D9=2 matches confirmed motion-pattern value down/front; reader linkage not yet proven; spawn=confirmed_static_unconditional,static_map_actor_selector_crosslink_20260930.csv;event_record_frame_catalog.csv;static_actor_event_dialogue_binding_20260930.csv;static_actor_spawn_conditions_20260930.csv;actor_motion_direction_pattern_table_20260930.csv
cfg_t04_l044_v2,0x65,F65-L003,0x59,humanoid_like,unknown,CC:46D6,confirmed_frame_trailer_pointer,7A_body16_7C_next_plus_1_16_00,0x7A->body16;0x7C->next_record_plus_1_16;0x00->terminator,static_event_head_opcode59_actor_controller,head_exact_placement_only,6,0,0,0,,confirmed_static_unconditional,always,visible,2,down/front,candidate_value_domain_matches_confirmed_motion_pattern,0,0x00,2,0,event_source_bound_actor,strong_structural,controller pointer equals structural event trailer; 2 validated event source binding(s); field06D9=2 matches confirmed motion-pattern value down/front; reader linkage not yet proven; spawn=confirmed_static_unconditional,static_map_actor_selector_crosslink_20260930.csv;event_record_frame_catalog.csv;static_actor_event_dialogue_binding_20260930.csv;static_actor_spawn_conditions_20260930.csv;actor_motion_direction_pattern_table_20260930.csv
cfg_t04_l044_v2,0x65,F65-L004,0x40,humanoid_like,unknown,CC:46EF,confirmed_frame_trailer_pointer,7A_body16_7C_next_plus_1_16_00,0x7A->body16;0x7C->next_record_plus_1_16;0x00->terminator,static_event_tail_opcode59_actor_controller,prefix_plus_tail_placement,10,4,4,0,,confirmed_static_control_partial_predicate,"predicate_2D(operand=0x65,compare_target=$0306) != 0",candidate,2,down/front,candidate_value_domain_matches_confirmed_motion_pattern,0,0x00,2,0,event_source_bound_actor,strong_structural,controller pointer equals structural event trailer; 2 validated event source binding(s); field06D9=2 matches confirmed motion-pattern value down/front; reader linkage not yet proven; spawn=confirmed_static_control_partial_predicate,static_map_actor_selector_crosslink_20260930.csv;event_record_frame_catalog.csv;static_actor_event_dialogue_binding_20260930.csv;static_actor_spawn_conditions_20260930.csv;actor_motion_direction_pattern_table_20260930.csv
cfg_t04_l044_v2,0x65,F65-L005,0x5A,humanoid_like,unknown,CC:470C,confirmed_frame_trailer_pointer,7A_body16_7C_next_plus_1_16_00,0x7A->body16;0x7C->next_record_plus_1_16;0x00->terminator,static_event_head_opcode59_actor_controller,head_exact_placement_only,6,0,0,0,,confirmed_static_unconditional,always,visible,2,down/front,candidate_value_domain_matches_confirmed_motion_pattern,0,0x00,2,0,event_source_bound_actor,strong_structural,controller pointer equals structural event trailer; 2 validated event source binding(s); field06D9=2 matches confirmed motion-pattern value down/front; reader linkage not yet proven; spawn=confirmed_static_unconditional,static_map_actor_selector_crosslink_20260930.csv;event_record_frame_catalog.csv;static_actor_event_dialogue_binding_20260930.csv;static_actor_spawn_conditions_20260930.csv;actor_motion_direction_pattern_table_20260930.csv
cfg_t04_l044_v2,0x65,F65-L006,0x32,,unknown,CC:4733,confirmed_frame_trailer_pointer,7A_body16_7C_next_plus_1_16_00,0x7A->body16;0x7C->next_record_plus_1_16;0x00->terminator,static_event_tail_opcode59_actor_controller,prefix_plus_tail_placement,10,4,4,0,,confirmed_static_flag,"flag_test(spec=0x7C,wram=$1255,bit=4) != 0",candidate,2,down/front,candidate_value_domain_matches_confirmed_motion_pattern,16,0x10,1,0,event_source_bound_actor,strong_structural,controller pointer equals structural event trailer; 1 validated event source binding(s); field06D9=2 matches confirmed motion-pattern value down/front; reader linkage not yet proven; spawn=confirmed_static_flag,static_map_actor_selector_crosslink_20260930.csv;event_record_frame_catalog.csv;static_actor_event_dialogue_binding_20260930.csv;static_actor_spawn_conditions_20260930.csv;actor_motion_direction_pattern_table_20260930.csv
cfg_t04_l044_v2,0x65,F65-L007,0x32,,unknown,CC:4748,confirmed_frame_trailer_pointer,7A_body16_7C_next_plus_1_16_00,0x7A->body16;0x7C->next_record_plus_1_16;0x00->terminator,static_event_tail_opcode59_actor_controller,prefix_plus_tail_placement,10,4,4,0,,confirmed_static_flag,"flag_test(spec=0x7C,wram=$1255,bit=4) != 0",candidate,2,down/front,candidate_value_domain_matches_confirmed_motion_pattern,16,0x10,1,0,event_source_bound_actor,strong_structural,controller pointer equals structural event trailer; 1 validated event source binding(s); field06D9=2 matches confirmed motion-pattern value down/front; reader linkage not yet proven; spawn=confirmed_static_flag,static_map_actor_selector_crosslink_20260930.csv;event_record_frame_catalog.csv;static_actor_event_dialogue_binding_20260930.csv;static_actor_spawn_conditions_20260930.csv;actor_motion_direction_pattern_table_20260930.csv
cfg_t04_l044_v2,0x65,F65-L008,0x32,,unknown,CC:475D,confirmed_frame_trailer_pointer,7A_body16_7C_next_plus_1_16_00,0x7A->body16;0x7C->next_record_plus_1_16;0x00->terminator,static_event_tail_opcode59_actor_controller,prefix_plus_tail_placement,10,4,4,0,,confirmed_static_flag,"flag_test(spec=0x7C,wram=$1255,bit=4) != 0",candidate,2,down/front,candidate_value_domain_matches_confirmed_motion_pattern,16,0x10,1,0,event_source_bound_actor,strong_structural,controller pointer equals structural event trailer; 1 validated event source binding(s); field06D9=2 matches confirmed motion-pattern value down/front; reader linkage not yet proven; spawn=confirmed_static_flag,static_map_actor_selector_crosslink_20260930.csv;event_record_frame_catalog.csv;static_actor_event_dialogue_binding_20260930.csv;static_actor_spawn_conditions_20260930.csv;actor_motion_direction_pattern_table_20260930.csv
cfg_t04_l044_v2,0x65,F65-L009,0x0A,,unknown,CC:4772,confirmed_frame_trailer_pointer,7A_body16_7C_next_plus_1_16_00,0x7A->body16;0x7C->next_record_plus_1_16;0x00->terminator,static_event_tail_opcode59_actor_controller,prefix_plus_tail_placement,15,9,9,0,,confirmed_static_branch_unresolved_predicate,vm_expression(A3 7C 17 07 0A E1 E7) != 0,candidate,2,down/front,candidate_value_domain_matches_confirmed_motion_pattern,16,0x10,1,0,event_source_bound_actor,strong_structural,controller pointer equals structural event trailer; 1 validated event source binding(s); field06D9=2 matches confirmed motion-pattern value down/front; reader linkage not yet proven; spawn=confirmed_static_branch_unresolved_predicate,static_map_actor_selector_crosslink_20260930.csv;event_record_frame_catalog.csv;static_actor_event_dialogue_binding_20260930.csv;static_actor_spawn_conditions_20260930.csv;actor_motion_direction_pattern_table_20260930.csv
cfg_t04_l044_v2,0x65,F65-L010,0x43,humanoid_like,unknown,CC:478C,confirmed_frame_trailer_pointer,7A_body16_7C_next_plus_1_16_00,0x7A->body16;0x7C->next_record_plus_1_16;0x00->terminator,static_event_tail_opcode59_actor_controller,prefix_plus_tail_placement,10,4,4,0,,confirmed_static_flag,"flag_test(spec=0x7C,wram=$1255,bit=4) != 0",candidate,2,down/front,candidate_value_domain_matches_confirmed_motion_pattern,0,0x00,1,0,event_source_bound_actor,strong_structural,controller pointer equals structural event trailer; 1 validated event source binding(s); field06D9=2 matches confirmed motion-pattern value down/front; reader linkage not yet proven; spawn=confirmed_static_flag,static_map_actor_selector_crosslink_20260930.csv;event_record_frame_catalog.csv;static_actor_event_dialogue_binding_20260930.csv;static_actor_spawn_conditions_20260930.csv;actor_motion_direction_pattern_table_20260930.csv
cfg_t07_l064_v2,0x66,F66-L001,0x40,humanoid_like,unknown,CC:48B2,confirmed_frame_trailer_pointer,7A_body16_7C_next_plus_1_16_00,0x7A->body16;0x7C->next_record_plus_1_16;0x00->terminator,static_event_tail_opcode59_actor_controller,prefix_plus_tail_placement,18,12,12,0,,unresolved_complex_control_flow,,candidate,4,up/back,candidate_value_domain_matches_confirmed_motion_pattern,16,0x10,2,0,event_source_bound_actor,strong_structural,controller pointer equals structural event trailer; 2 validated event source binding(s); field06D9=4 matches confirmed motion-pattern value up/back; reader linkage not yet proven; spawn=unresolved_complex_control_flow,static_map_actor_selector_crosslink_20260930.csv;event_record_frame_catalog.csv;static_actor_event_dialogue_binding_20260930.csv;static_actor_spawn_conditions_20260930.csv;actor_motion_direction_pattern_table_20260930.csv
cfg_t07_l064_v2,0x66,F66-L002,0x5B,humanoid_like,unknown,CC:48DA,confirmed_frame_trailer_pointer,7A_body16_7C_next_plus_1_16_00,0x7A->body16;0x7C->next_record_plus_1_16;0x00->terminator,static_event_tail_opcode59_actor_controller,prefix_plus_tail_placement,18,12,12,0,,unresolved_complex_control_flow,,candidate,4,up/back,candidate_value_domain_matches_confirmed_motion_pattern,16,0x10,2,0,event_source_bound_actor,strong_structural,controller pointer equals structural event trailer; 2 validated event source binding(s); field06D9=4 matches confirmed motion-pattern value up/back; reader linkage not yet proven; spawn=unresolved_complex_control_flow,static_map_actor_selector_crosslink_20260930.csv;event_record_frame_catalog.csv;static_actor_event_dialogue_binding_20260930.csv;static_actor_spawn_conditions_20260930.csv;actor_motion_direction_pattern_table_20260930.csv
cfg_t07_l064_v2,0x66,F66-L003,0x28,humanoid_like,unknown,CC:4902,confirmed_frame_trailer_pointer,7A_body16_7C_next_plus_1_16_00,0x7A->body16;0x7C->next_record_plus_1_16;0x00->terminator,static_event_tail_opcode59_actor_controller,prefix_plus_tail_placement,18,12,12,0,,unresolved_complex_control_flow,,candidate,4,up/back,candidate_value_domain_matches_confirmed_motion_pattern,16,0x10,2,0,event_source_bound_actor,strong_structural,controller pointer equals structural event trailer; 2 validated event source binding(s); field06D9=4 matches confirmed motion-pattern value up/back; reader linkage not yet proven; spawn=unresolved_complex_control_flow,static_map_actor_selector_crosslink_20260930.csv;event_record_frame_catalog.csv;static_actor_event_dialogue_binding_20260930.csv;static_actor_spawn_conditions_20260930.csv;actor_motion_direction_pattern_table_20260930.csv
cfg_t07_l064_v2,0x66,F66-L004,0x23,humanoid_like,unknown,CC:492A,confirmed_frame_trailer_pointer,7A_body16_7C_next_plus_1_16_00,0x7A->body16;0x7C->next_record_plus_1_16;0x00->terminator,static_event_tail_opcode59_actor_controller,prefix_plus_tail_placement,18,12,12,0,,unresolved_complex_control_flow,,candidate,4,up/back,candidate_value_domain_matches_confirmed_motion_pattern,16,0x10,2,0,event_source_bound_actor,strong_structural,controller pointer equals structural event trailer; 2 validated event source binding(s); field06D9=4 matches confirmed motion-pattern value up/back; reader linkage not yet proven; spawn=unresolved_complex_control_flow,static_map_actor_selector_crosslink_20260930.csv;event_record_frame_catalog.csv;static_actor_event_dialogue_binding_20260930.csv;static_actor_spawn_conditions_20260930.csv;actor_motion_direction_pattern_table_20260930.csv
cfg_t07_l064_v2,0x66,F66-L005,0x5A,humanoid_like,unknown,CC:4952,confirmed_frame_trailer_pointer,7A_body16_7C_next_plus_1_16_00,0x7A->body16;0x7C->next_record_plus_1_16;0x00->terminator,static_event_tail_opcode59_actor_controller,prefix_plus_tail_placement,18,12,12,0,,unresolved_complex_control_flow,,candidate,4,up/back,candidate_value_domain_matches_confirmed_motion_pattern,16,0x10,2,0,event_source_bound_actor,strong_structural,controller pointer equals structural event trailer; 2 validated event source binding(s); field06D9=4 matches confirmed motion-pattern value up/back; reader linkage not yet proven; spawn=unresolved_complex_control_flow,static_map_actor_selector_crosslink_20260930.csv;event_record_frame_catalog.csv;static_actor_event_dialogue_binding_20260930.csv;static_actor_spawn_conditions_20260930.csv;actor_motion_direction_pattern_table_20260930.csv
cfg_t07_l064_v2,0x66,F66-L006,0x32,,unknown,CC:497A,confirmed_frame_trailer_pointer,7A_body16_7C_next_plus_1_16_00,0x7A->body16;0x7C->next_record_plus_1_16;0x00->terminator,static_event_tail_opcode59_actor_controller,prefix_plus_tail_placement,10,4,4,0,,confirmed_static_flag,"flag_test(spec=0x7C,wram=$1255,bit=4) == 0",candidate,2,down/front,candidate_value_domain_matches_confirmed_motion_pattern,16,0x10,2,0,event_source_bound_actor,strong_structural,controller pointer equals structural event trailer; 2 validated event source binding(s); field06D9=2 matches confirmed motion-pattern value down/front; reader linkage not yet proven; spawn=confirmed_static_flag,static_map_actor_selector_crosslink_20260930.csv;event_record_frame_catalog.csv;static_actor_event_dialogue_binding_20260930.csv;static_actor_spawn_conditions_20260930.csv;actor_motion_direction_pattern_table_20260930.csv
cfg_t07_l064_v2,0x66,F66-L007,0x32,,unknown,CC:498F,confirmed_frame_trailer_pointer,7A_body16_7C_next_plus_1_16_00,0x7A->body16;0x7C->next_record_plus_1_16;0x00->terminator,static_event_tail_opcode59_actor_controller,prefix_plus_tail_placement,10,4,4,0,,confirmed_static_flag,"flag_test(spec=0x7C,wram=$1255,bit=4) == 0",candidate,2,down/front,candidate_value_domain_matches_confirmed_motion_pattern,16,0x10,1,0,event_source_bound_actor,strong_structural,controller pointer equals structural event trailer; 1 validated event source binding(s); field06D9=2 matches confirmed motion-pattern value down/front; reader linkage not yet proven; spawn=confirmed_static_flag,static_map_actor_selector_crosslink_20260930.csv;event_record_frame_catalog.csv;static_actor_event_dialogue_binding_20260930.csv;static_actor_spawn_conditions_20260930.csv;actor_motion_direction_pattern_table_20260930.csv
cfg_t07_l064_v2,0x66,F66-L008,0x32,,unknown,CC:49A4,confirmed_frame_trailer_pointer,7A_body16_7C_next_plus_1_16_00,0x7A->body16;0x7C->next_record_plus_1_16;0x00->terminator,static_event_tail_opcode59_actor_controller,prefix_plus_tail_placement,10,4,4,0,,confirmed_static_flag,"flag_test(spec=0x7C,wram=$1255,bit=4) == 0",candidate,2,down/front,candidate_value_domain_matches_confirmed_motion_pattern,16,0x10,1,0,event_source_bound_actor,strong_structural,controller pointer equals structural event trailer; 1 validated event source binding(s); field06D9=2 matches confirmed motion-pattern value down/front; reader linkage not yet proven; spawn=confirmed_static_flag,static_map_actor_selector_crosslink_20260930.csv;event_record_frame_catalog.csv;static_actor_event_dialogue_binding_20260930.csv;static_actor_spawn_conditions_20260930.csv;actor_motion_direction_pattern_table_20260930.csv
cfg_t07_l064_v2,0x66,F66-L009,0x32,,unknown,CC:49B9,confirmed_frame_trailer_pointer,7A_body16_7C_next_plus_1_16_00,0x7A->body16;0x7C->next_record_plus_1_16;0x00->terminator,static_event_tail_opcode59_actor_controller,prefix_plus_tail_placement,10,4,4,0,,confirmed_static_flag,"flag_test(spec=0x7C,wram=$1255,bit=4) == 0",candidate,2,down/front,candidate_value_domain_matches_confirmed_motion_pattern,16,0x10,1,0,event_source_bound_actor,strong_structural,controller pointer equals structural event trailer; 1 validated event source binding(s); field06D9=2 matches confirmed motion-pattern value down/front; reader linkage not yet proven; spawn=confirmed_static_flag,static_map_actor_selector_crosslink_20260930.csv;event_record_frame_catalog.csv;static_actor_event_dialogue_binding_20260930.csv;static_actor_spawn_conditions_20260930.csv;actor_motion_direction_pattern_table_20260930.csv
cfg_t07_l064_v2,0x66,F66-L010,0x40,humanoid_like,unknown,CC:4A45,confirmed_frame_trailer_pointer,7A_body16_7C_next_plus_1_16_00,0x7A->body16;0x7C->next_record_plus_1_16;0x00->terminator,static_event_tail_opcode59_actor_controller,prefix_plus_tail_placement,10,4,4,0,,confirmed_static_flag,"flag_test(spec=0x7C,wram=$1255,bit=4) != 0",candidate,2,down/front,candidate_value_domain_matches_confirmed_motion_pattern,16,0x10,1,0,event_source_bound_actor,strong_structural,controller pointer equals structural event trailer; 1 validated event source binding(s); field06D9=2 matches confirmed motion-pattern value down/front; reader linkage not yet proven; spawn=confirmed_static_flag,static_map_actor_selector_crosslink_20260930.csv;event_record_frame_catalog.csv;static_actor_event_dialogue_binding_20260930.csv;static_actor_spawn_conditions_20260930.csv;actor_motion_direction_pattern_table_20260930.csv
cfg_t04_l039_v2,0x67,F67-L001,0x40,humanoid_like,unknown,CC:4D7D,confirmed_frame_trailer_pointer,7A_body16_7C_next_plus_1_16_00,0x7A->body16;0x7C->next_record_plus_1_16;0x00->terminator,static_event_head_opcode59_actor_controller,head_exact_placement_only,6,0,0,0,,confirmed_static_unconditional,always,visible,2,down/front,candidate_value_domain_matches_confirmed_motion_pattern,16,0x10,1,0,event_source_bound_actor,strong_structural,controller pointer equals structural event trailer; 1 validated event source binding(s); field06D9=2 matches confirmed motion-pattern value down/front; reader linkage not yet proven; spawn=confirmed_static_unconditional,static_map_actor_selector_crosslink_20260930.csv;event_record_frame_catalog.csv;static_actor_event_dialogue_binding_20260930.csv;static_actor_spawn_conditions_20260930.csv;actor_motion_direction_pattern_table_20260930.csv
cfg_t04_l039_v2,0x67,F67-L002,0x5A,humanoid_like,unknown,CC:4D8E,confirmed_frame_trailer_pointer,7A_body16_7C_next_plus_1_16_00,0x7A->body16;0x7C->next_record_plus_1_16;0x00->terminator,static_event_head_opcode59_actor_controller,head_exact_placement_only,6,0,0,0,,confirmed_static_unconditional,always,visible,3,left,candidate_value_domain_matches_confirmed_motion_pattern,16,0x10,1,0,event_source_bound_actor,strong_structural,controller pointer equals structural event trailer; 1 validated event source binding(s); field06D9=3 matches confirmed motion-pattern value left; reader linkage not yet proven; spawn=confirmed_static_unconditional,static_map_actor_selector_crosslink_20260930.csv;event_record_frame_catalog.csv;static_actor_event_dialogue_binding_20260930.csv;static_actor_spawn_conditions_20260930.csv;actor_motion_direction_pattern_table_20260930.csv
cfg_t04_l039_v2,0x67,F67-L003,0x24,humanoid_like,unknown,CC:4D9F,confirmed_frame_trailer_pointer,7A_body16_7C_next_plus_1_16_00,0x7A->body16;0x7C->next_record_plus_1_16;0x00->terminator,static_event_head_opcode59_actor_controller,head_exact_placement_only,6,0,0,0,,confirmed_static_unconditional,always,visible,1,right,candidate_value_domain_matches_confirmed_motion_pattern,16,0x10,1,0,event_source_bound_actor,strong_structural,controller pointer equals structural event trailer; 1 validated event source binding(s); field06D9=1 matches confirmed motion-pattern value right; reader linkage not yet proven; spawn=confirmed_static_unconditional,static_map_actor_selector_crosslink_20260930.csv;event_record_frame_catalog.csv;static_actor_event_dialogue_binding_20260930.csv;static_actor_spawn_conditions_20260930.csv;actor_motion_direction_pattern_table_20260930.csv
cfg_t04_l039_v2,0x67,F67-L004,0x23,humanoid_like,unknown,CC:4DB0,confirmed_frame_trailer_pointer,7A_body16_7C_next_plus_1_16_00,0x7A->body16;0x7C->next_record_plus_1_16;0x00->terminator,static_event_head_opcode59_actor_controller,head_exact_placement_only,6,0,0,0,,confirmed_static_unconditional,always,visible,2,down/front,candidate_value_domain_matches_confirmed_motion_pattern,16,0x10,1,0,event_source_bound_actor,strong_structural,controller pointer equals structural event trailer; 1 validated event source binding(s); field06D9=2 matches confirmed motion-pattern value down/front; reader linkage not yet proven; spawn=confirmed_static_unconditional,static_map_actor_selector_crosslink_20260930.csv;event_record_frame_catalog.csv;static_actor_event_dialogue_binding_20260930.csv;static_actor_spawn_conditions_20260930.csv;actor_motion_direction_pattern_table_20260930.csv
cfg_t04_l039_v2,0x67,F67-L005,0x40,humanoid_like,unknown,CC:4DC1,confirmed_frame_trailer_pointer,7A_body16_7C_next_plus_1_16_00,0x7A->body16;0x7C->next_record_plus_1_16;0x00->terminator,static_event_head_opcode59_actor_controller,head_exact_placement_only,6,0,0,0,,confirmed_static_unconditional,always,visible,1,right,candidate_value_domain_matches_confirmed_motion_pattern,16,0x10,1,0,event_source_bound_actor,strong_structural,controller pointer equals structural event trailer; 1 validated event source binding(s); field06D9=1 matches confirmed motion-pattern value right; reader linkage not yet proven; spawn=confirmed_static_unconditional,static_map_actor_selector_crosslink_20260930.csv;event_record_frame_catalog.csv;static_actor_event_dialogue_binding_20260930.csv;static_actor_spawn_conditions_20260930.csv;actor_motion_direction_pattern_table_20260930.csv
cfg_t04_l039_v2,0x67,F67-L006,0x3F,humanoid_like,unknown,CC:4DD2,confirmed_frame_trailer_pointer,7A_body16_7C_next_plus_1_16_00,0x7A->body16;0x7C->next_record_plus_1_16;0x00->terminator,static_event_head_opcode59_actor_controller,head_exact_placement_only,6,0,0,0,,confirmed_static_unconditional,always,visible,3,left,candidate_value_domain_matches_confirmed_motion_pattern,16,0x10,1,0,event_source_bound_actor,strong_structural,controller pointer equals structural event trailer; 1 validated event source binding(s); field06D9=3 matches confirmed motion-pattern value left; reader linkage not yet proven; spawn=confirmed_static_unconditional,static_map_actor_selector_crosslink_20260930.csv;event_record_frame_catalog.csv;static_actor_event_dialogue_binding_20260930.csv;static_actor_spawn_conditions_20260930.csv;actor_motion_direction_pattern_table_20260930.csv
cfg_t06_l037_v2,0x68,F68-L002,0x24,humanoid_like,unknown,CC:4F78,confirmed_frame_trailer_pointer,7A_body16_7C_next_plus_1_16_00,0x7A->body16;0x7C->next_record_plus_1_16;0x00->terminator,static_event_tail_opcode59_actor_controller,prefix_plus_tail_placement,18,12,12,0,,unresolved_complex_control_flow,,candidate,2,down/front,candidate_value_domain_matches_confirmed_motion_pattern,16,0x10,1,0,event_source_bound_actor,strong_structural,controller pointer equals structural event trailer; 1 validated event source binding(s); field06D9=2 matches confirmed motion-pattern value down/front; reader linkage not yet proven; spawn=unresolved_complex_control_flow,static_map_actor_selector_crosslink_20260930.csv;event_record_frame_catalog.csv;static_actor_event_dialogue_binding_20260930.csv;static_actor_spawn_conditions_20260930.csv;actor_motion_direction_pattern_table_20260930.csv
cfg_t06_l038_v2,0x68,F68-L002,0x24,humanoid_like,unknown,CC:4F78,confirmed_frame_trailer_pointer,7A_body16_7C_next_plus_1_16_00,0x7A->body16;0x7C->next_record_plus_1_16;0x00->terminator,static_event_tail_opcode59_actor_controller,prefix_plus_tail_placement,18,12,12,0,,unresolved_complex_control_flow,,candidate,2,down/front,candidate_value_domain_matches_confirmed_motion_pattern,16,0x10,1,0,event_source_bound_actor,strong_structural,controller pointer equals structural event trailer; 1 validated event source binding(s); field06D9=2 matches confirmed motion-pattern value down/front; reader linkage not yet proven; spawn=unresolved_complex_control_flow,static_map_actor_selector_crosslink_20260930.csv;event_record_frame_catalog.csv;static_actor_event_dialogue_binding_20260930.csv;static_actor_spawn_conditions_20260930.csv;actor_motion_direction_pattern_table_20260930.csv
cfg_t06_l037_v2,0x68,F68-L003,0x59,humanoid_like,unknown,CC:4FAD,confirmed_frame_trailer_pointer,7A_body16_7C_next_plus_1_16_00,0x7A->body16;0x7C->next_record_plus_1_16;0x00->terminator,static_event_tail_opcode59_actor_controller,prefix_plus_tail_placement,18,12,12,0,,unresolved_complex_control_flow,,candidate,2,down/front,candidate_value_domain_matches_confirmed_motion_pattern,16,0x10,0,0,placed_actor_no_validated_source,placement_only,controller pointer equals structural event trailer; no validated source selection; field06D9=2 matches confirmed motion-pattern value down/front; reader linkage not yet proven; spawn=unresolved_complex_control_flow,static_map_actor_selector_crosslink_20260930.csv;event_record_frame_catalog.csv;static_actor_event_dialogue_binding_20260930.csv;static_actor_spawn_conditions_20260930.csv;actor_motion_direction_pattern_table_20260930.csv
cfg_t06_l038_v2,0x68,F68-L003,0x59,humanoid_like,unknown,CC:4FAD,confirmed_frame_trailer_pointer,7A_body16_7C_next_plus_1_16_00,0x7A->body16;0x7C->next_record_plus_1_16;0x00->terminator,static_event_tail_opcode59_actor_controller,prefix_plus_tail_placement,18,12,12,0,,unresolved_complex_control_flow,,candidate,2,down/front,candidate_value_domain_matches_confirmed_motion_pattern,16,0x10,0,0,placed_actor_no_validated_source,placement_only,controller pointer equals structural event trailer; no validated source selection; field06D9=2 matches confirmed motion-pattern value down/front; reader linkage not yet proven; spawn=unresolved_complex_control_flow,static_map_actor_selector_crosslink_20260930.csv;event_record_frame_catalog.csv;static_actor_event_dialogue_binding_20260930.csv;static_actor_spawn_conditions_20260930.csv;actor_motion_direction_pattern_table_20260930.csv
cfg_t06_l037_v2,0x68,F68-L004,0x3F,humanoid_like,unknown,CC:4FDB,confirmed_frame_trailer_pointer,7A_body16_7C_next_plus_1_16_00,0x7A->body16;0x7C->next_record_plus_1_16;0x00->terminator,static_event_tail_opcode59_actor_controller,prefix_plus_tail_placement,18,12,12,0,,unresolved_complex_control_flow,,candidate,1,right,candidate_value_domain_matches_confirmed_motion_pattern,16,0x10,1,0,event_source_bound_actor,strong_structural,controller pointer equals structural event trailer; 1 validated event source binding(s); field06D9=1 matches confirmed motion-pattern value right; reader linkage not yet proven; spawn=unresolved_complex_control_flow,static_map_actor_selector_crosslink_20260930.csv;event_record_frame_catalog.csv;static_actor_event_dialogue_binding_20260930.csv;static_actor_spawn_conditions_20260930.csv;actor_motion_direction_pattern_table_20260930.csv
cfg_t06_l038_v2,0x68,F68-L004,0x3F,humanoid_like,unknown,CC:4FDB,confirmed_frame_trailer_pointer,7A_body16_7C_next_plus_1_16_00,0x7A->body16;0x7C->next_record_plus_1_16;0x00->terminator,static_event_tail_opcode59_actor_controller,prefix_plus_tail_placement,18,12,12,0,,unresolved_complex_control_flow,,candidate,1,right,candidate_value_domain_matches_confirmed_motion_pattern,16,0x10,1,0,event_source_bound_actor,strong_structural,controller pointer equals structural event trailer; 1 validated event source binding(s); field06D9=1 matches confirmed motion-pattern value right; reader linkage not yet proven; spawn=unresolved_complex_control_flow,static_map_actor_selector_crosslink_20260930.csv;event_record_frame_catalog.csv;static_actor_event_dialogue_binding_20260930.csv;static_actor_spawn_conditions_20260930.csv;actor_motion_direction_pattern_table_20260930.csv
cfg_t06_l037_v2,0x68,F68-L005,0x40,humanoid_like,unknown,CC:5010,confirmed_frame_trailer_pointer,7A_body16_7C_next_plus_1_16_00,0x7A->body16;0x7C->next_record_plus_1_16;0x00->terminator,static_event_tail_opcode59_actor_controller,prefix_plus_tail_placement,18,12,12,0,,unresolved_complex_control_flow,,candidate,2,down/front,candidate_value_domain_matches_confirmed_motion_pattern,16,0x10,0,0,placed_actor_no_validated_source,placement_only,controller pointer equals structural event trailer; no validated source selection; field06D9=2 matches confirmed motion-pattern value down/front; reader linkage not yet proven; spawn=unresolved_complex_control_flow,static_map_actor_selector_crosslink_20260930.csv;event_record_frame_catalog.csv;static_actor_event_dialogue_binding_20260930.csv;static_actor_spawn_conditions_20260930.csv;actor_motion_direction_pattern_table_20260930.csv
cfg_t06_l038_v2,0x68,F68-L005,0x40,humanoid_like,unknown,CC:5010,confirmed_frame_trailer_pointer,7A_body16_7C_next_plus_1_16_00,0x7A->body16;0x7C->next_record_plus_1_16;0x00->terminator,static_event_tail_opcode59_actor_controller,prefix_plus_tail_placement,18,12,12,0,,unresolved_complex_control_flow,,candidate,2,down/front,candidate_value_domain_matches_confirmed_motion_pattern,16,0x10,0,0,placed_actor_no_validated_source,placement_only,controller pointer equals structural event trailer; no validated source selection; field06D9=2 matches confirmed motion-pattern value down/front; reader linkage not yet proven; spawn=unresolved_complex_control_flow,static_map_actor_selector_crosslink_20260930.csv;event_record_frame_catalog.csv;static_actor_event_dialogue_binding_20260930.csv;static_actor_spawn_conditions_20260930.csv;actor_motion_direction_pattern_table_20260930.csv
cfg_t06_l037_v2,0x68,F68-L006,0x5A,humanoid_like,unknown,CC:503E,confirmed_frame_trailer_pointer,7A_body16_7C_next_plus_1_16_00,0x7A->body16;0x7C->next_record_plus_1_16;0x00->terminator,static_event_tail_opcode59_actor_controller,prefix_plus_tail_placement,18,12,12,0,,unresolved_complex_control_flow,,candidate,2,down/front,candidate_value_domain_matches_confirmed_motion_pattern,16,0x10,1,0,event_source_bound_actor,strong_structural,controller pointer equals structural event trailer; 1 validated event source binding(s); field06D9=2 matches confirmed motion-pattern value down/front; reader linkage not yet proven; spawn=unresolved_complex_control_flow,static_map_actor_selector_crosslink_20260930.csv;event_record_frame_catalog.csv;static_actor_event_dialogue_binding_20260930.csv;static_actor_spawn_conditions_20260930.csv;actor_motion_direction_pattern_table_20260930.csv
cfg_t06_l038_v2,0x68,F68-L006,0x5A,humanoid_like,unknown,CC:503E,confirmed_frame_trailer_pointer,7A_body16_7C_next_plus_1_16_00,0x7A->body16;0x7C->next_record_plus_1_16;0x00->terminator,static_event_tail_opcode59_actor_controller,prefix_plus_tail_placement,18,12,12,0,,unresolved_complex_control_flow,,candidate,2,down/front,candidate_value_domain_matches_confirmed_motion_pattern,16,0x10,1,0,event_source_bound_actor,strong_structural,controller pointer equals structural event trailer; 1 validated event source binding(s); field06D9=2 matches confirmed motion-pattern value down/front; reader linkage not yet proven; spawn=unresolved_complex_control_flow,static_map_actor_selector_crosslink_20260930.csv;event_record_frame_catalog.csv;static_actor_event_dialogue_binding_20260930.csv;static_actor_spawn_conditions_20260930.csv;actor_motion_direction_pattern_table_20260930.csv
cfg_t06_l037_v2,0x68,F68-L007,0x3D,humanoid_like,unknown,CC:506C,confirmed_frame_trailer_pointer,7A_body16_7C_next_plus_1_16_00,0x7A->body16;0x7C->next_record_plus_1_16;0x00->terminator,static_event_head_opcode59_actor_controller,head_exact_placement_only,6,0,0,0,,confirmed_static_unconditional,always,visible,2,down/front,candidate_value_domain_matches_confirmed_motion_pattern,0,0x00,1,0,event_source_bound_actor,strong_structural,controller pointer equals structural event trailer; 1 validated event source binding(s); field06D9=2 matches confirmed motion-pattern value down/front; reader linkage not yet proven; spawn=confirmed_static_unconditional,static_map_actor_selector_crosslink_20260930.csv;event_record_frame_catalog.csv;static_actor_event_dialogue_binding_20260930.csv;static_actor_spawn_conditions_20260930.csv;actor_motion_direction_pattern_table_20260930.csv
cfg_t06_l038_v2,0x68,F68-L007,0x3D,humanoid_like,unknown,CC:506C,confirmed_frame_trailer_pointer,7A_body16_7C_next_plus_1_16_00,0x7A->body16;0x7C->next_record_plus_1_16;0x00->terminator,static_event_head_opcode59_actor_controller,head_exact_placement_only,6,0,0,0,,confirmed_static_unconditional,always,visible,2,down/front,candidate_value_domain_matches_confirmed_motion_pattern,0,0x00,1,0,event_source_bound_actor,strong_structural,controller pointer equals structural event trailer; 1 validated event source binding(s); field06D9=2 matches confirmed motion-pattern value down/front; reader linkage not yet proven; spawn=confirmed_static_unconditional,static_map_actor_selector_crosslink_20260930.csv;event_record_frame_catalog.csv;static_actor_event_dialogue_binding_20260930.csv;static_actor_spawn_conditions_20260930.csv;actor_motion_direction_pattern_table_20260930.csv
cfg_t06_l037_v2,0x68,F68-L008,0x27,humanoid_like,unknown,CC:5085,confirmed_frame_trailer_pointer,7A_body16_7C_next_plus_1_16_00,0x7A->body16;0x7C->next_record_plus_1_16;0x00->terminator,static_event_tail_opcode59_actor_controller,prefix_plus_tail_placement,18,12,12,0,,unresolved_complex_control_flow,,candidate,2,down/front,candidate_value_domain_matches_confirmed_motion_pattern,0,0x00,2,0,event_source_bound_actor,strong_structural,controller pointer equals structural event trailer; 2 validated event source binding(s); field06D9=2 matches confirmed motion-pattern value down/front; reader linkage not yet proven; spawn=unresolved_complex_control_flow,static_map_actor_selector_crosslink_20260930.csv;event_record_frame_catalog.csv;static_actor_event_dialogue_binding_20260930.csv;static_actor_spawn_conditions_20260930.csv;actor_motion_direction_pattern_table_20260930.csv
cfg_t06_l038_v2,0x68,F68-L008,0x27,humanoid_like,unknown,CC:5085,confirmed_frame_trailer_pointer,7A_body16_7C_next_plus_1_16_00,0x7A->body16;0x7C->next_record_plus_1_16;0x00->terminator,static_event_tail_opcode59_actor_controller,prefix_plus_tail_placement,18,12,12,0,,unresolved_complex_control_flow,,candidate,2,down/front,candidate_value_domain_matches_confirmed_motion_pattern,0,0x00,2,0,event_source_bound_actor,strong_structural,controller pointer equals structural event trailer; 2 validated event source binding(s); field06D9=2 matches confirmed motion-pattern value down/front; reader linkage not yet proven; spawn=unresolved_complex_control_flow,static_map_actor_selector_crosslink_20260930.csv;event_record_frame_catalog.csv;static_actor_event_dialogue_binding_20260930.csv;static_actor_spawn_conditions_20260930.csv;actor_motion_direction_pattern_table_20260930.csv
cfg_t06_l037_v2,0x68,F68-L009,0x44,humanoid_like,unknown,CC:50B3,confirmed_frame_trailer_pointer,7A_body16_7C_next_plus_1_16_00,0x7A->body16;0x7C->next_record_plus_1_16;0x00->terminator,static_event_head_opcode59_actor_controller,head_exact_placement_only,6,0,0,0,,confirmed_static_unconditional,always,visible,2,down/front,candidate_value_domain_matches_confirmed_motion_pattern,16,0x10,1,0,event_source_bound_actor,strong_structural,controller pointer equals structural event trailer; 1 validated event source binding(s); field06D9=2 matches confirmed motion-pattern value down/front; reader linkage not yet proven; spawn=confirmed_static_unconditional,static_map_actor_selector_crosslink_20260930.csv;event_record_frame_catalog.csv;static_actor_event_dialogue_binding_20260930.csv;static_actor_spawn_conditions_20260930.csv;actor_motion_direction_pattern_table_20260930.csv
cfg_t06_l038_v2,0x68,F68-L009,0x44,humanoid_like,unknown,CC:50B3,confirmed_frame_trailer_pointer,7A_body16_7C_next_plus_1_16_00,0x7A->body16;0x7C->next_record_plus_1_16;0x00->terminator,static_event_head_opcode59_actor_controller,head_exact_placement_only,6,0,0,0,,confirmed_static_unconditional,always,visible,2,down/front,candidate_value_domain_matches_confirmed_motion_pattern,16,0x10,1,0,event_source_bound_actor,strong_structural,controller pointer equals structural event trailer; 1 validated event source binding(s); field06D9=2 matches confirmed motion-pattern value down/front; reader linkage not yet proven; spawn=confirmed_static_unconditional,static_map_actor_selector_crosslink_20260930.csv;event_record_frame_catalog.csv;static_actor_event_dialogue_binding_20260930.csv;static_actor_spawn_conditions_20260930.csv;actor_motion_direction_pattern_table_20260930.csv
cfg_t06_l037_v2,0x68,F68-L010,0x40,humanoid_like,unknown,CC:50CC,confirmed_frame_trailer_pointer,7A_body16_7C_next_plus_1_16_00,0x7A->body16;0x7C->next_record_plus_1_16;0x00->terminator,static_event_tail_opcode59_actor_controller,prefix_plus_tail_placement,18,12,12,0,,unresolved_complex_control_flow,,candidate,1,right,candidate_value_domain_matches_confirmed_motion_pattern,16,0x10,2,0,event_source_bound_actor,strong_structural,controller pointer equals structural event trailer; 2 validated event source binding(s); field06D9=1 matches confirmed motion-pattern value right; reader linkage not yet proven; spawn=unresolved_complex_control_flow,static_map_actor_selector_crosslink_20260930.csv;event_record_frame_catalog.csv;static_actor_event_dialogue_binding_20260930.csv;static_actor_spawn_conditions_20260930.csv;actor_motion_direction_pattern_table_20260930.csv
cfg_t06_l038_v2,0x68,F68-L010,0x40,humanoid_like,unknown,CC:50CC,confirmed_frame_trailer_pointer,7A_body16_7C_next_plus_1_16_00,0x7A->body16;0x7C->next_record_plus_1_16;0x00->terminator,static_event_tail_opcode59_actor_controller,prefix_plus_tail_placement,18,12,12,0,,unresolved_complex_control_flow,,candidate,1,right,candidate_value_domain_matches_confirmed_motion_pattern,16,0x10,2,0,event_source_bound_actor,strong_structural,controller pointer equals structural event trailer; 2 validated event source binding(s); field06D9=1 matches confirmed motion-pattern value right; reader linkage not yet proven; spawn=unresolved_complex_control_flow,static_map_actor_selector_crosslink_20260930.csv;event_record_frame_catalog.csv;static_actor_event_dialogue_binding_20260930.csv;static_actor_spawn_conditions_20260930.csv;actor_motion_direction_pattern_table_20260930.csv
cfg_t06_l037_v2,0x68,F68-L011,0x40,humanoid_like,unknown,CC:50F7,confirmed_frame_trailer_pointer,7A_body16_7C_next_plus_1_16_00,0x7A->body16;0x7C->next_record_plus_1_16;0x00->terminator,static_event_tail_opcode59_actor_controller,prefix_plus_tail_placement,10,4,4,0,,confirmed_static_flag,"flag_test(spec=0x3E,wram=$124D,bit=6) != 0",candidate,3,left,candidate_value_domain_matches_confirmed_motion_pattern,80,0x50,2,0,event_source_bound_actor,strong_structural,controller pointer equals structural event trailer; 2 validated event source binding(s); field06D9=3 matches confirmed motion-pattern value left; reader linkage not yet proven; spawn=confirmed_static_flag,static_map_actor_selector_crosslink_20260930.csv;event_record_frame_catalog.csv;static_actor_event_dialogue_binding_20260930.csv;static_actor_spawn_conditions_20260930.csv;actor_motion_direction_pattern_table_20260930.csv
cfg_t06_l038_v2,0x68,F68-L011,0x40,humanoid_like,unknown,CC:50F7,confirmed_frame_trailer_pointer,7A_body16_7C_next_plus_1_16_00,0x7A->body16;0x7C->next_record_plus_1_16;0x00->terminator,static_event_tail_opcode59_actor_controller,prefix_plus_tail_placement,10,4,4,0,,confirmed_static_flag,"flag_test(spec=0x3E,wram=$124D,bit=6) != 0",candidate,3,left,candidate_value_domain_matches_confirmed_motion_pattern,80,0x50,2,0,event_source_bound_actor,strong_structural,controller pointer equals structural event trailer; 2 validated event source binding(s); field06D9=3 matches confirmed motion-pattern value left; reader linkage not yet proven; spawn=confirmed_static_flag,static_map_actor_selector_crosslink_20260930.csv;event_record_frame_catalog.csv;static_actor_event_dialogue_binding_20260930.csv;static_actor_spawn_conditions_20260930.csv;actor_motion_direction_pattern_table_20260930.csv
cfg_t06_l037_v2,0x68,F68-L012,0x5B,humanoid_like,unknown,CC:5112,confirmed_frame_trailer_pointer,7A_body16_7C_next_plus_1_16_00,0x7A->body16;0x7C->next_record_plus_1_16;0x00->terminator,static_event_tail_opcode59_actor_controller,prefix_plus_tail_placement,10,4,4,0,,confirmed_static_flag,"flag_test(spec=0x3E,wram=$124D,bit=6) != 0",candidate,2,down/front,candidate_value_domain_matches_confirmed_motion_pattern,16,0x10,0,0,placed_actor_no_validated_source,placement_only,controller pointer equals structural event trailer; no validated source selection; field06D9=2 matches confirmed motion-pattern value down/front; reader linkage not yet proven; spawn=confirmed_static_flag,static_map_actor_selector_crosslink_20260930.csv;event_record_frame_catalog.csv;static_actor_event_dialogue_binding_20260930.csv;static_actor_spawn_conditions_20260930.csv;actor_motion_direction_pattern_table_20260930.csv
cfg_t06_l038_v2,0x68,F68-L012,0x5B,humanoid_like,unknown,CC:5112,confirmed_frame_trailer_pointer,7A_body16_7C_next_plus_1_16_00,0x7A->body16;0x7C->next_record_plus_1_16;0x00->terminator,static_event_tail_opcode59_actor_controller,prefix_plus_tail_placement,10,4,4,0,,confirmed_static_flag,"flag_test(spec=0x3E,wram=$124D,bit=6) != 0",candidate,2,down/front,candidate_value_domain_matches_confirmed_motion_pattern,16,0x10,0,0,placed_actor_no_validated_source,placement_only,controller pointer equals structural event trailer; no validated source selection; field06D9=2 matches confirmed motion-pattern value down/front; reader linkage not yet proven; spawn=confirmed_static_flag,static_map_actor_selector_crosslink_20260930.csv;event_record_frame_catalog.csv;static_actor_event_dialogue_binding_20260930.csv;static_actor_spawn_conditions_20260930.csv;actor_motion_direction_pattern_table_20260930.csv
cfg_t06_l037_v2,0x68,F68-L013,0x3E,humanoid_like,unknown,CC:5127,confirmed_frame_trailer_pointer,7A_body16_7C_next_plus_1_16_00,0x7A->body16;0x7C->next_record_plus_1_16;0x00->terminator,static_event_tail_opcode59_actor_controller,prefix_plus_tail_placement,10,4,4,0,,confirmed_static_flag,"flag_test(spec=0x3E,wram=$124D,bit=6) != 0",candidate,4,up/back,candidate_value_domain_matches_confirmed_motion_pattern,80,0x50,1,0,event_source_bound_actor,strong_structural,controller pointer equals structural event trailer; 1 validated event source binding(s); field06D9=4 matches confirmed motion-pattern value up/back; reader linkage not yet proven; spawn=confirmed_static_flag,static_map_actor_selector_crosslink_20260930.csv;event_record_frame_catalog.csv;static_actor_event_dialogue_binding_20260930.csv;static_actor_spawn_conditions_20260930.csv;actor_motion_direction_pattern_table_20260930.csv
cfg_t06_l038_v2,0x68,F68-L013,0x3E,humanoid_like,unknown,CC:5127,confirmed_frame_trailer_pointer,7A_body16_7C_next_plus_1_16_00,0x7A->body16;0x7C->next_record_plus_1_16;0x00->terminator,static_event_tail_opcode59_actor_controller,prefix_plus_tail_placement,10,4,4,0,,confirmed_static_flag,"flag_test(spec=0x3E,wram=$124D,bit=6) != 0",candidate,4,up/back,candidate_value_domain_matches_confirmed_motion_pattern,80,0x50,1,0,event_source_bound_actor,strong_structural,controller pointer equals structural event trailer; 1 validated event source binding(s); field06D9=4 matches confirmed motion-pattern value up/back; reader linkage not yet proven; spawn=confirmed_static_flag,static_map_actor_selector_crosslink_20260930.csv;event_record_frame_catalog.csv;static_actor_event_dialogue_binding_20260930.csv;static_actor_spawn_conditions_20260930.csv;actor_motion_direction_pattern_table_20260930.csv
cfg_t06_l037_v2,0x68,F68-L014,0x59,humanoid_like,unknown,CC:5143,confirmed_frame_trailer_pointer,7A_body16_7C_next_plus_1_16_00,0x7A->body16;0x7C->next_record_plus_1_16;0x00->terminator,static_event_tail_opcode59_actor_controller,prefix_plus_tail_placement,10,4,4,0,,confirmed_static_flag,"flag_test(spec=0x3E,wram=$124D,bit=6) != 0",candidate,2,down/front,candidate_value_domain_matches_confirmed_motion_pattern,16,0x10,0,0,placed_actor_no_validated_source,placement_only,controller pointer equals structural event trailer; no validated source selection; field06D9=2 matches confirmed motion-pattern value down/front; reader linkage not yet proven; spawn=confirmed_static_flag,static_map_actor_selector_crosslink_20260930.csv;event_record_frame_catalog.csv;static_actor_event_dialogue_binding_20260930.csv;static_actor_spawn_conditions_20260930.csv;actor_motion_direction_pattern_table_20260930.csv
cfg_t06_l038_v2,0x68,F68-L014,0x59,humanoid_like,unknown,CC:5143,confirmed_frame_trailer_pointer,7A_body16_7C_next_plus_1_16_00,0x7A->body16;0x7C->next_record_plus_1_16;0x00->terminator,static_event_tail_opcode59_actor_controller,prefix_plus_tail_placement,10,4,4,0,,confirmed_static_flag,"flag_test(spec=0x3E,wram=$124D,bit=6) != 0",candidate,2,down/front,candidate_value_domain_matches_confirmed_motion_pattern,16,0x10,0,0,placed_actor_no_validated_source,placement_only,controller pointer equals structural event trailer; no validated source selection; field06D9=2 matches confirmed motion-pattern value down/front; reader linkage not yet proven; spawn=confirmed_static_flag,static_map_actor_selector_crosslink_20260930.csv;event_record_frame_catalog.csv;static_actor_event_dialogue_binding_20260930.csv;static_actor_spawn_conditions_20260930.csv;actor_motion_direction_pattern_table_20260930.csv
cfg_t06_l037_v2,0x68,F68-L015,0x3F,humanoid_like,unknown,CC:5158,confirmed_frame_trailer_pointer,7A_body16_7C_next_plus_1_16_00,0x7A->body16;0x7C->next_record_plus_1_16;0x00->terminator,static_event_tail_opcode59_actor_controller,prefix_plus_tail_placement,10,4,4,0,,confirmed_static_flag,"flag_test(spec=0x3E,wram=$124D,bit=6) != 0",candidate,3,left,candidate_value_domain_matches_confirmed_motion_pattern,80,0x50,1,0,event_source_bound_actor,strong_structural,controller pointer equals structural event trailer; 1 validated event source binding(s); field06D9=3 matches confirmed motion-pattern value left; reader linkage not yet proven; spawn=confirmed_static_flag,static_map_actor_selector_crosslink_20260930.csv;event_record_frame_catalog.csv;static_actor_event_dialogue_binding_20260930.csv;static_actor_spawn_conditions_20260930.csv;actor_motion_direction_pattern_table_20260930.csv
cfg_t06_l038_v2,0x68,F68-L015,0x3F,humanoid_like,unknown,CC:5158,confirmed_frame_trailer_pointer,7A_body16_7C_next_plus_1_16_00,0x7A->body16;0x7C->next_record_plus_1_16;0x00->terminator,static_event_tail_opcode59_actor_controller,prefix_plus_tail_placement,10,4,4,0,,confirmed_static_flag,"flag_test(spec=0x3E,wram=$124D,bit=6) != 0",candidate,3,left,candidate_value_domain_matches_confirmed_motion_pattern,80,0x50,1,0,event_source_bound_actor,strong_structural,controller pointer equals structural event trailer; 1 validated event source binding(s); field06D9=3 matches confirmed motion-pattern value left; reader linkage not yet proven; spawn=confirmed_static_flag,static_map_actor_selector_crosslink_20260930.csv;event_record_frame_catalog.csv;static_actor_event_dialogue_binding_20260930.csv;static_actor_spawn_conditions_20260930.csv;actor_motion_direction_pattern_table_20260930.csv
cfg_t06_l037_v2,0x68,F68-L016,0x3F,humanoid_like,unknown,CC:5174,confirmed_frame_trailer_pointer,7A_body16_7C_next_plus_1_16_00,0x7A->body16;0x7C->next_record_plus_1_16;0x00->terminator,static_event_tail_opcode59_actor_controller,prefix_plus_tail_placement,10,4,4,0,,confirmed_static_flag,"flag_test(spec=0x3E,wram=$124D,bit=6) != 0",candidate,4,up/back,candidate_value_domain_matches_confirmed_motion_pattern,80,0x50,0,0,placed_actor_no_validated_source,placement_only,controller pointer equals structural event trailer; no validated source selection; field06D9=4 matches confirmed motion-pattern value up/back; reader linkage not yet proven; spawn=confirmed_static_flag,static_map_actor_selector_crosslink_20260930.csv;event_record_frame_catalog.csv;static_actor_event_dialogue_binding_20260930.csv;static_actor_spawn_conditions_20260930.csv;actor_motion_direction_pattern_table_20260930.csv
cfg_t06_l038_v2,0x68,F68-L016,0x3F,humanoid_like,unknown,CC:5174,confirmed_frame_trailer_pointer,7A_body16_7C_next_plus_1_16_00,0x7A->body16;0x7C->next_record_plus_1_16;0x00->terminator,static_event_tail_opcode59_actor_controller,prefix_plus_tail_placement,10,4,4,0,,confirmed_static_flag,"flag_test(spec=0x3E,wram=$124D,bit=6) != 0",candidate,4,up/back,candidate_value_domain_matches_confirmed_motion_pattern,80,0x50,0,0,placed_actor_no_validated_source,placement_only,controller pointer equals structural event trailer; no validated source selection; field06D9=4 matches confirmed motion-pattern value up/back; reader linkage not yet proven; spawn=confirmed_static_flag,static_map_actor_selector_crosslink_20260930.csv;event_record_frame_catalog.csv;static_actor_event_dialogue_binding_20260930.csv;static_actor_spawn_conditions_20260930.csv;actor_motion_direction_pattern_table_20260930.csv
cfg_t06_l037_v2,0x68,F68-L017,0x28,humanoid_like,unknown,CC:5190,confirmed_frame_trailer_pointer,7A_body16_7C_next_plus_1_16_00,0x7A->body16;0x7C->next_record_plus_1_16;0x00->terminator,static_event_tail_opcode59_actor_controller,prefix_plus_tail_placement,10,4,4,0,,confirmed_static_flag,"flag_test(spec=0x3E,wram=$124D,bit=6) != 0",candidate,3,left,candidate_value_domain_matches_confirmed_motion_pattern,80,0x50,0,0,placed_actor_no_validated_source,placement_only,controller pointer equals structural event trailer; no validated source selection; field06D9=3 matches confirmed motion-pattern value left; reader linkage not yet proven; spawn=confirmed_static_flag,static_map_actor_selector_crosslink_20260930.csv;event_record_frame_catalog.csv;static_actor_event_dialogue_binding_20260930.csv;static_actor_spawn_conditions_20260930.csv;actor_motion_direction_pattern_table_20260930.csv
cfg_t06_l038_v2,0x68,F68-L017,0x28,humanoid_like,unknown,CC:5190,confirmed_frame_trailer_pointer,7A_body16_7C_next_plus_1_16_00,0x7A->body16;0x7C->next_record_plus_1_16;0x00->terminator,static_event_tail_opcode59_actor_controller,prefix_plus_tail_placement,10,4,4,0,,confirmed_static_flag,"flag_test(spec=0x3E,wram=$124D,bit=6) != 0",candidate,3,left,candidate_value_domain_matches_confirmed_motion_pattern,80,0x50,0,0,placed_actor_no_validated_source,placement_only,controller pointer equals structural event trailer; no validated source selection; field06D9=3 matches confirmed motion-pattern value left; reader linkage not yet proven; spawn=confirmed_static_flag,static_map_actor_selector_crosslink_20260930.csv;event_record_frame_catalog.csv;static_actor_event_dialogue_binding_20260930.csv;static_actor_spawn_conditions_20260930.csv;actor_motion_direction_pattern_table_20260930.csv
cfg_t06_l037_v2,0x68,F68-L018,0x5B,humanoid_like,unknown,CC:51AC,confirmed_frame_trailer_pointer,7A_body16_7C_next_plus_1_16_00,0x7A->body16;0x7C->next_record_plus_1_16;0x00->terminator,static_event_tail_opcode59_actor_controller,prefix_plus_tail_placement,10,4,4,0,,confirmed_static_flag,"flag_test(spec=0x3E,wram=$124D,bit=6) != 0",candidate,1,right,candidate_value_domain_matches_confirmed_motion_pattern,80,0x50,0,0,placed_actor_no_validated_source,placement_only,controller pointer equals structural event trailer; no validated source selection; field06D9=1 matches confirmed motion-pattern value right; reader linkage not yet proven; spawn=confirmed_static_flag,static_map_actor_selector_crosslink_20260930.csv;event_record_frame_catalog.csv;static_actor_event_dialogue_binding_20260930.csv;static_actor_spawn_conditions_20260930.csv;actor_motion_direction_pattern_table_20260930.csv
cfg_t06_l038_v2,0x68,F68-L018,0x5B,humanoid_like,unknown,CC:51AC,confirmed_frame_trailer_pointer,7A_body16_7C_next_plus_1_16_00,0x7A->body16;0x7C->next_record_plus_1_16;0x00->terminator,static_event_tail_opcode59_actor_controller,prefix_plus_tail_placement,10,4,4,0,,confirmed_static_flag,"flag_test(spec=0x3E,wram=$124D,bit=6) != 0",candidate,1,right,candidate_value_domain_matches_confirmed_motion_pattern,80,0x50,0,0,placed_actor_no_validated_source,placement_only,controller pointer equals structural event trailer; no validated source selection; field06D9=1 matches confirmed motion-pattern value right; reader linkage not yet proven; spawn=confirmed_static_flag,static_map_actor_selector_crosslink_20260930.csv;event_record_frame_catalog.csv;static_actor_event_dialogue_binding_20260930.csv;static_actor_spawn_conditions_20260930.csv;actor_motion_direction_pattern_table_20260930.csv
cfg_t06_l037_v2,0x68,F68-L019,0x28,humanoid_like,unknown,CC:51C8,confirmed_frame_trailer_pointer,7A_body16_7C_next_plus_1_16_00,0x7A->body16;0x7C->next_record_plus_1_16;0x00->terminator,static_event_tail_opcode59_actor_controller,prefix_plus_tail_placement,10,4,4,0,,confirmed_static_flag,"flag_test(spec=0x3E,wram=$124D,bit=6) != 0",candidate,2,down/front,candidate_value_domain_matches_confirmed_motion_pattern,16,0x10,0,0,placed_actor_no_validated_source,placement_only,controller pointer equals structural event trailer; no validated source selection; field06D9=2 matches confirmed motion-pattern value down/front; reader linkage not yet proven; spawn=confirmed_static_flag,static_map_actor_selector_crosslink_20260930.csv;event_record_frame_catalog.csv;static_actor_event_dialogue_binding_20260930.csv;static_actor_spawn_conditions_20260930.csv;actor_motion_direction_pattern_table_20260930.csv
cfg_t06_l038_v2,0x68,F68-L019,0x28,humanoid_like,unknown,CC:51C8,confirmed_frame_trailer_pointer,7A_body16_7C_next_plus_1_16_00,0x7A->body16;0x7C->next_record_plus_1_16;0x00->terminator,static_event_tail_opcode59_actor_controller,prefix_plus_tail_placement,10,4,4,0,,confirmed_static_flag,"flag_test(spec=0x3E,wram=$124D,bit=6) != 0",candidate,2,down/front,candidate_value_domain_matches_confirmed_motion_pattern,16,0x10,0,0,placed_actor_no_validated_source,placement_only,controller pointer equals structural event trailer; no validated source selection; field06D9=2 matches confirmed motion-pattern value down/front; reader linkage not yet proven; spawn=confirmed_static_flag,static_map_actor_selector_crosslink_20260930.csv;event_record_frame_catalog.csv;static_actor_event_dialogue_binding_20260930.csv;static_actor_spawn_conditions_20260930.csv;actor_motion_direction_pattern_table_20260930.csv
cfg_t06_l037_v2,0x68,F68-L020,0x29,humanoid_like,unknown,CC:51E4,confirmed_frame_trailer_pointer,7A_body16_7C_next_plus_1_16_00,0x7A->body16;0x7C->next_record_plus_1_16;0x00->terminator,static_event_tail_opcode59_actor_controller,prefix_plus_tail_placement,10,4,4,0,,confirmed_static_flag,"flag_test(spec=0x3E,wram=$124D,bit=6) != 0",candidate,2,down/front,candidate_value_domain_matches_confirmed_motion_pattern,16,0x10,0,0,placed_actor_no_validated_source,placement_only,controller pointer equals structural event trailer; no validated source selection; field06D9=2 matches confirmed motion-pattern value down/front; reader linkage not yet proven; spawn=confirmed_static_flag,static_map_actor_selector_crosslink_20260930.csv;event_record_frame_catalog.csv;static_actor_event_dialogue_binding_20260930.csv;static_actor_spawn_conditions_20260930.csv;actor_motion_direction_pattern_table_20260930.csv
cfg_t06_l038_v2,0x68,F68-L020,0x29,humanoid_like,unknown,CC:51E4,confirmed_frame_trailer_pointer,7A_body16_7C_next_plus_1_16_00,0x7A->body16;0x7C->next_record_plus_1_16;0x00->terminator,static_event_tail_opcode59_actor_controller,prefix_plus_tail_placement,10,4,4,0,,confirmed_static_flag,"flag_test(spec=0x3E,wram=$124D,bit=6) != 0",candidate,2,down/front,candidate_value_domain_matches_confirmed_motion_pattern,16,0x10,0,0,placed_actor_no_validated_source,placement_only,controller pointer equals structural event trailer; no validated source selection; field06D9=2 matches confirmed motion-pattern value down/front; reader linkage not yet proven; spawn=confirmed_static_flag,static_map_actor_selector_crosslink_20260930.csv;event_record_frame_catalog.csv;static_actor_event_dialogue_binding_20260930.csv;static_actor_spawn_conditions_20260930.csv;actor_motion_direction_pattern_table_20260930.csv
cfg_t06_l037_v2,0x68,F68-L025,0x0A,,unknown,CC:5317,confirmed_frame_trailer_pointer,7A_body16_7C_next_plus_1_16_00,0x7A->body16;0x7C->next_record_plus_1_16;0x00->terminator,static_event_tail_opcode59_actor_controller,prefix_plus_tail_placement,21,15,15,0,,confirmed_static_branch_unresolved_predicate,vm_expression(3D 13 0A 3D 15 0A E1 E7 17 07 0A E1 E7) != 0,candidate,2,down/front,candidate_value_domain_matches_confirmed_motion_pattern,16,0x10,0,0,placed_actor_no_validated_source,placement_only,controller pointer equals structural event trailer; no validated source selection; field06D9=2 matches confirmed motion-pattern value down/front; reader linkage not yet proven; spawn=confirmed_static_branch_unresolved_predicate,static_map_actor_selector_crosslink_20260930.csv;event_record_frame_catalog.csv;static_actor_event_dialogue_binding_20260930.csv;static_actor_spawn_conditions_20260930.csv;actor_motion_direction_pattern_table_20260930.csv
cfg_t06_l038_v2,0x68,F68-L025,0x0A,,unknown,CC:5317,confirmed_frame_trailer_pointer,7A_body16_7C_next_plus_1_16_00,0x7A->body16;0x7C->next_record_plus_1_16;0x00->terminator,static_event_tail_opcode59_actor_controller,prefix_plus_tail_placement,21,15,15,0,,confirmed_static_branch_unresolved_predicate,vm_expression(3D 13 0A 3D 15 0A E1 E7 17 07 0A E1 E7) != 0,candidate,2,down/front,candidate_value_domain_matches_confirmed_motion_pattern,16,0x10,0,0,placed_actor_no_validated_source,placement_only,controller pointer equals structural event trailer; no validated source selection; field06D9=2 matches confirmed motion-pattern value down/front; reader linkage not yet proven; spawn=confirmed_static_branch_unresolved_predicate,static_map_actor_selector_crosslink_20260930.csv;event_record_frame_catalog.csv;static_actor_event_dialogue_binding_20260930.csv;static_actor_spawn_conditions_20260930.csv;actor_motion_direction_pattern_table_20260930.csv
cfg_t06_l040_v2,0x6A,F6A-L002,0x40,humanoid_like,unknown,CC:559F,confirmed_frame_trailer_pointer,7A_body16_7C_next_plus_1_16_00,0x7A->body16;0x7C->next_record_plus_1_16;0x00->terminator,static_event_head_opcode59_actor_controller,head_exact_placement_only,6,0,0,0,,confirmed_static_unconditional,always,visible,2,down/front,candidate_value_domain_matches_confirmed_motion_pattern,128,0x80,3,0,event_source_bound_actor,strong_structural,controller pointer equals structural event trailer; 3 validated event source binding(s); field06D9=2 matches confirmed motion-pattern value down/front; reader linkage not yet proven; spawn=confirmed_static_unconditional,static_map_actor_selector_crosslink_20260930.csv;event_record_frame_catalog.csv;static_actor_event_dialogue_binding_20260930.csv;static_actor_spawn_conditions_20260930.csv;actor_motion_direction_pattern_table_20260930.csv
cfg_t06_l040_v2,0x6A,F6A-L003,0x59,humanoid_like,unknown,CC:55D6,confirmed_frame_trailer_pointer,7A_body16_7C_next_plus_1_16_00,0x7A->body16;0x7C->next_record_plus_1_16;0x00->terminator,static_event_head_opcode59_actor_controller,head_exact_placement_only,6,0,0,0,,confirmed_static_unconditional,always,visible,2,down/front,candidate_value_domain_matches_confirmed_motion_pattern,128,0x80,3,0,event_source_bound_actor,strong_structural,controller pointer equals structural event trailer; 3 validated event source binding(s); field06D9=2 matches confirmed motion-pattern value down/front; reader linkage not yet proven; spawn=confirmed_static_unconditional,static_map_actor_selector_crosslink_20260930.csv;event_record_frame_catalog.csv;static_actor_event_dialogue_binding_20260930.csv;static_actor_spawn_conditions_20260930.csv;actor_motion_direction_pattern_table_20260930.csv
cfg_t06_l040_v2,0x6A,F6A-L004,0x40,humanoid_like,unknown,CC:5605,confirmed_frame_trailer_pointer,7A_body16_7C_next_plus_1_16_00,0x7A->body16;0x7C->next_record_plus_1_16;0x00->terminator,static_event_head_opcode59_actor_controller,head_exact_placement_only,6,0,0,0,,confirmed_static_unconditional,always,visible,2,down/front,candidate_value_domain_matches_confirmed_motion_pattern,128,0x80,2,0,event_source_bound_actor,strong_structural,controller pointer equals structural event trailer; 2 validated event source binding(s); field06D9=2 matches confirmed motion-pattern value down/front; reader linkage not yet proven; spawn=confirmed_static_unconditional,static_map_actor_selector_crosslink_20260930.csv;event_record_frame_catalog.csv;static_actor_event_dialogue_binding_20260930.csv;static_actor_spawn_conditions_20260930.csv;actor_motion_direction_pattern_table_20260930.csv
cfg_t06_l040_v2,0x6A,F6A-L005,0x3F,humanoid_like,unknown,CC:5634,confirmed_frame_trailer_pointer,7A_body16_7C_next_plus_1_16_00,0x7A->body16;0x7C->next_record_plus_1_16;0x00->terminator,static_event_head_opcode59_actor_controller,head_exact_placement_only,6,0,0,0,,confirmed_static_unconditional,always,visible,2,down/front,candidate_value_domain_matches_confirmed_motion_pattern,128,0x80,3,0,event_source_bound_actor,strong_structural,controller pointer equals structural event trailer; 3 validated event source binding(s); field06D9=2 matches confirmed motion-pattern value down/front; reader linkage not yet proven; spawn=confirmed_static_unconditional,static_map_actor_selector_crosslink_20260930.csv;event_record_frame_catalog.csv;static_actor_event_dialogue_binding_20260930.csv;static_actor_spawn_conditions_20260930.csv;actor_motion_direction_pattern_table_20260930.csv
cfg_t06_l040_v2,0x6A,F6A-L006,0x29,humanoid_like,unknown,CC:564D,confirmed_frame_trailer_pointer,7A_body16_7C_next_plus_1_16_00,0x7A->body16;0x7C->next_record_plus_1_16;0x00->terminator,static_event_head_opcode59_actor_controller,head_exact_placement_only,6,0,0,0,,confirmed_static_unconditional,always,visible,2,down/front,candidate_value_domain_matches_confirmed_motion_pattern,128,0x80,2,0,event_source_bound_actor,strong_structural,controller pointer equals structural event trailer; 2 validated event source binding(s); field06D9=2 matches confirmed motion-pattern value down/front; reader linkage not yet proven; spawn=confirmed_static_unconditional,static_map_actor_selector_crosslink_20260930.csv;event_record_frame_catalog.csv;static_actor_event_dialogue_binding_20260930.csv;static_actor_spawn_conditions_20260930.csv;actor_motion_direction_pattern_table_20260930.csv
cfg_t06_l040_v2,0x6A,F6A-L007,0x40,humanoid_like,unknown,CC:5677,confirmed_frame_trailer_pointer,7A_body16_7C_next_plus_1_16_00,0x7A->body16;0x7C->next_record_plus_1_16;0x00->terminator,static_event_head_opcode59_actor_controller,head_exact_placement_only,6,0,0,0,,confirmed_static_unconditional,always,visible,2,down/front,candidate_value_domain_matches_confirmed_motion_pattern,128,0x80,4,0,event_source_bound_actor,strong_structural,controller pointer equals structural event trailer; 4 validated event source binding(s); field06D9=2 matches confirmed motion-pattern value down/front; reader linkage not yet proven; spawn=confirmed_static_unconditional,static_map_actor_selector_crosslink_20260930.csv;event_record_frame_catalog.csv;static_actor_event_dialogue_binding_20260930.csv;static_actor_spawn_conditions_20260930.csv;actor_motion_direction_pattern_table_20260930.csv
cfg_t06_l040_v2,0x6A,F6A-L008,0x27,humanoid_like,unknown,CC:5698,confirmed_frame_trailer_pointer,7A_body16_7C_next_plus_1_16_00,0x7A->body16;0x7C->next_record_plus_1_16;0x00->terminator,static_event_head_opcode59_actor_controller,head_exact_placement_only,6,0,0,0,,confirmed_static_unconditional,always,visible,2,down/front,candidate_value_domain_matches_confirmed_motion_pattern,128,0x80,3,0,event_source_bound_actor,strong_structural,controller pointer equals structural event trailer; 3 validated event source binding(s); field06D9=2 matches confirmed motion-pattern value down/front; reader linkage not yet proven; spawn=confirmed_static_unconditional,static_map_actor_selector_crosslink_20260930.csv;event_record_frame_catalog.csv;static_actor_event_dialogue_binding_20260930.csv;static_actor_spawn_conditions_20260930.csv;actor_motion_direction_pattern_table_20260930.csv
cfg_t06_l040_v2,0x6A,F6A-L009,0x40,humanoid_like,unknown,CC:56C1,confirmed_frame_trailer_pointer,7A_body16_7C_next_plus_1_16_00,0x7A->body16;0x7C->next_record_plus_1_16;0x00->terminator,static_event_head_opcode59_actor_controller,head_exact_placement_only,6,0,0,0,,confirmed_static_unconditional,always,visible,2,down/front,candidate_value_domain_matches_confirmed_motion_pattern,128,0x80,3,0,event_source_bound_actor,strong_structural,controller pointer equals structural event trailer; 3 validated event source binding(s); field06D9=2 matches confirmed motion-pattern value down/front; reader linkage not yet proven; spawn=confirmed_static_unconditional,static_map_actor_selector_crosslink_20260930.csv;event_record_frame_catalog.csv;static_actor_event_dialogue_binding_20260930.csv;static_actor_spawn_conditions_20260930.csv;actor_motion_direction_pattern_table_20260930.csv
cfg_t06_l040_v2,0x6A,F6A-L010,0x30,humanoid_like,unknown,CC:56F8,confirmed_frame_trailer_pointer,7A_body16_7C_next_plus_1_16_00,0x7A->body16;0x7C->next_record_plus_1_16;0x00->terminator,static_event_tail_opcode59_actor_controller,prefix_plus_tail_placement,10,4,4,0,,confirmed_static_flag,"flag_test(spec=0x45,wram=$124E,bit=5) != 0",candidate,2,down/front,candidate_value_domain_matches_confirmed_motion_pattern,128,0x80,3,0,event_source_bound_actor,strong_structural,controller pointer equals structural event trailer; 3 validated event source binding(s); field06D9=2 matches confirmed motion-pattern value down/front; reader linkage not yet proven; spawn=confirmed_static_flag,static_map_actor_selector_crosslink_20260930.csv;event_record_frame_catalog.csv;static_actor_event_dialogue_binding_20260930.csv;static_actor_spawn_conditions_20260930.csv;actor_motion_direction_pattern_table_20260930.csv
cfg_t06_l040_v2,0x6A,F6A-L011,0x2F,humanoid_like,unknown,CC:5715,confirmed_frame_trailer_pointer,7A_body16_7C_next_plus_1_16_00,0x7A->body16;0x7C->next_record_plus_1_16;0x00->terminator,static_event_tail_opcode59_actor_controller,prefix_plus_tail_placement,10,4,4,0,,confirmed_static_flag,"flag_test(spec=0x45,wram=$124E,bit=5) != 0",candidate,2,down/front,candidate_value_domain_matches_confirmed_motion_pattern,128,0x80,2,0,event_source_bound_actor,strong_structural,controller pointer equals structural event trailer; 2 validated event source binding(s); field06D9=2 matches confirmed motion-pattern value down/front; reader linkage not yet proven; spawn=confirmed_static_flag,static_map_actor_selector_crosslink_20260930.csv;event_record_frame_catalog.csv;static_actor_event_dialogue_binding_20260930.csv;static_actor_spawn_conditions_20260930.csv;actor_motion_direction_pattern_table_20260930.csv
cfg_t06_l040_v2,0x6A,F6A-L012,0x2F,humanoid_like,unknown,CC:5732,confirmed_frame_trailer_pointer,7A_body16_7C_next_plus_1_16_00,0x7A->body16;0x7C->next_record_plus_1_16;0x00->terminator,static_event_tail_opcode59_actor_controller,prefix_plus_tail_placement,10,4,4,0,,confirmed_static_flag,"flag_test(spec=0x63,wram=$1252,bit=3) != 0",candidate,2,down/front,candidate_value_domain_matches_confirmed_motion_pattern,128,0x80,2,0,event_source_bound_actor,strong_structural,controller pointer equals structural event trailer; 2 validated event source binding(s); field06D9=2 matches confirmed motion-pattern value down/front; reader linkage not yet proven; spawn=confirmed_static_flag,static_map_actor_selector_crosslink_20260930.csv;event_record_frame_catalog.csv;static_actor_event_dialogue_binding_20260930.csv;static_actor_spawn_conditions_20260930.csv;actor_motion_direction_pattern_table_20260930.csv
cfg_t06_l040_v2,0x6A,F6A-L013,0x2F,humanoid_like,unknown,CC:5747,confirmed_frame_trailer_pointer,7A_body16_7C_next_plus_1_16_00,0x7A->body16;0x7C->next_record_plus_1_16;0x00->terminator,static_event_tail_opcode59_actor_controller,prefix_plus_tail_placement,10,4,4,0,,confirmed_static_flag,"flag_test(spec=0x63,wram=$1252,bit=3) != 0",candidate,2,down/front,candidate_value_domain_matches_confirmed_motion_pattern,128,0x80,1,0,event_source_bound_actor,strong_structural,controller pointer equals structural event trailer; 1 validated event source binding(s); field06D9=2 matches confirmed motion-pattern value down/front; reader linkage not yet proven; spawn=confirmed_static_flag,static_map_actor_selector_crosslink_20260930.csv;event_record_frame_catalog.csv;static_actor_event_dialogue_binding_20260930.csv;static_actor_spawn_conditions_20260930.csv;actor_motion_direction_pattern_table_20260930.csv
cfg_t07_l076_v2,0x6C,F6C-L001,0x40,humanoid_like,unknown,CC:606C,confirmed_frame_trailer_pointer,7A_body16_7C_next_plus_1_16_00,0x7A->body16;0x7C->next_record_plus_1_16;0x00->terminator,static_event_tail_opcode59_actor_controller,prefix_plus_tail_placement,14,8,8,0,,confirmed_static_branch_unresolved_predicate,vm_expression(A3 73 A3 70 E1 E7) != 0,candidate,2,down/front,candidate_value_domain_matches_confirmed_motion_pattern,16,0x10,1,0,event_source_bound_actor,strong_structural,controller pointer equals structural event trailer; 1 validated event source binding(s); field06D9=2 matches confirmed motion-pattern value down/front; reader linkage not yet proven; spawn=confirmed_static_branch_unresolved_predicate,static_map_actor_selector_crosslink_20260930.csv;event_record_frame_catalog.csv;static_actor_event_dialogue_binding_20260930.csv;static_actor_spawn_conditions_20260930.csv;actor_motion_direction_pattern_table_20260930.csv
cfg_t07_l076_v2,0x6C,F6C-L002,0x5B,humanoid_like,unknown,CC:6085,confirmed_frame_trailer_pointer,7A_body16_7C_next_plus_1_16_00,0x7A->body16;0x7C->next_record_plus_1_16;0x00->terminator,static_event_tail_opcode59_actor_controller,prefix_plus_tail_placement,14,8,8,0,,confirmed_static_branch_unresolved_predicate,vm_expression(A3 73 A3 70 E1 E7) != 0,candidate,2,down/front,candidate_value_domain_matches_confirmed_motion_pattern,16,0x10,1,0,event_source_bound_actor,strong_structural,controller pointer equals structural event trailer; 1 validated event source binding(s); field06D9=2 matches confirmed motion-pattern value down/front; reader linkage not yet proven; spawn=confirmed_static_branch_unresolved_predicate,static_map_actor_selector_crosslink_20260930.csv;event_record_frame_catalog.csv;static_actor_event_dialogue_binding_20260930.csv;static_actor_spawn_conditions_20260930.csv;actor_motion_direction_pattern_table_20260930.csv
cfg_t07_l076_v2,0x6C,F6C-L003,0x28,humanoid_like,unknown,CC:609E,confirmed_frame_trailer_pointer,7A_body16_7C_next_plus_1_16_00,0x7A->body16;0x7C->next_record_plus_1_16;0x00->terminator,static_event_tail_opcode59_actor_controller,prefix_plus_tail_placement,14,8,8,0,,confirmed_static_branch_unresolved_predicate,vm_expression(A3 73 A3 70 E1 E7) != 0,candidate,2,down/front,candidate_value_domain_matches_confirmed_motion_pattern,16,0x10,1,0,event_source_bound_actor,strong_structural,controller pointer equals structural event trailer; 1 validated event source binding(s); field06D9=2 matches confirmed motion-pattern value down/front; reader linkage not yet proven; spawn=confirmed_static_branch_unresolved_predicate,static_map_actor_selector_crosslink_20260930.csv;event_record_frame_catalog.csv;static_actor_event_dialogue_binding_20260930.csv;static_actor_spawn_conditions_20260930.csv;actor_motion_direction_pattern_table_20260930.csv
cfg_t07_l076_v2,0x6C,F6C-L004,0x5B,humanoid_like,unknown,CC:60B7,confirmed_frame_trailer_pointer,7A_body16_7C_next_plus_1_16_00,0x7A->body16;0x7C->next_record_plus_1_16;0x00->terminator,static_event_tail_opcode59_actor_controller,prefix_plus_tail_placement,14,8,8,0,,confirmed_static_branch_unresolved_predicate,vm_expression(A3 73 A3 70 E1 E7) != 0,candidate,2,down/front,candidate_value_domain_matches_confirmed_motion_pattern,16,0x10,1,0,event_source_bound_actor,strong_structural,controller pointer equals structural event trailer; 1 validated event source binding(s); field06D9=2 matches confirmed motion-pattern value down/front; reader linkage not yet proven; spawn=confirmed_static_branch_unresolved_predicate,static_map_actor_selector_crosslink_20260930.csv;event_record_frame_catalog.csv;static_actor_event_dialogue_binding_20260930.csv;static_actor_spawn_conditions_20260930.csv;actor_motion_direction_pattern_table_20260930.csv
cfg_t07_l076_v2,0x6C,F6C-L005,0x28,humanoid_like,unknown,CC:60D0,confirmed_frame_trailer_pointer,7A_body16_7C_next_plus_1_16_00,0x7A->body16;0x7C->next_record_plus_1_16;0x00->terminator,static_event_tail_opcode59_actor_controller,prefix_plus_tail_placement,14,8,8,0,,confirmed_static_branch_unresolved_predicate,vm_expression(A3 73 A3 70 E1 E7) != 0,candidate,2,down/front,candidate_value_domain_matches_confirmed_motion_pattern,16,0x10,1,0,event_source_bound_actor,strong_structural,controller pointer equals structural event trailer; 1 validated event source binding(s); field06D9=2 matches confirmed motion-pattern value down/front; reader linkage not yet proven; spawn=confirmed_static_branch_unresolved_predicate,static_map_actor_selector_crosslink_20260930.csv;event_record_frame_catalog.csv;static_actor_event_dialogue_binding_20260930.csv;static_actor_spawn_conditions_20260930.csv;actor_motion_direction_pattern_table_20260930.csv
cfg_t07_l076_v2,0x6C,F6C-L006,0x43,humanoid_like,unknown,CC:60E9,confirmed_frame_trailer_pointer,7A_body16_7C_next_plus_1_16_00,0x7A->body16;0x7C->next_record_plus_1_16;0x00->terminator,static_event_tail_opcode59_actor_controller,prefix_plus_tail_placement,14,8,8,0,,confirmed_static_branch_unresolved_predicate,vm_expression(A3 73 A3 70 E1 E7) != 0,candidate,2,down/front,candidate_value_domain_matches_confirmed_motion_pattern,16,0x10,1,0,event_source_bound_actor,strong_structural,controller pointer equals structural event trailer; 1 validated event source binding(s); field06D9=2 matches confirmed motion-pattern value down/front; reader linkage not yet proven; spawn=confirmed_static_branch_unresolved_predicate,static_map_actor_selector_crosslink_20260930.csv;event_record_frame_catalog.csv;static_actor_event_dialogue_binding_20260930.csv;static_actor_spawn_conditions_20260930.csv;actor_motion_direction_pattern_table_20260930.csv
cfg_t07_l076_v2,0x6C,F6C-L007,0x59,humanoid_like,unknown,CC:6102,confirmed_frame_trailer_pointer,7A_body16_7C_next_plus_1_16_00,0x7A->body16;0x7C->next_record_plus_1_16;0x00->terminator,static_event_tail_opcode59_actor_controller,prefix_plus_tail_placement,14,8,8,0,,confirmed_static_branch_unresolved_predicate,vm_expression(A3 73 A3 70 E1 E7) != 0,candidate,2,down/front,candidate_value_domain_matches_confirmed_motion_pattern,16,0x10,1,0,event_source_bound_actor,strong_structural,controller pointer equals structural event trailer; 1 validated event source binding(s); field06D9=2 matches confirmed motion-pattern value down/front; reader linkage not yet proven; spawn=confirmed_static_branch_unresolved_predicate,static_map_actor_selector_crosslink_20260930.csv;event_record_frame_catalog.csv;static_actor_event_dialogue_binding_20260930.csv;static_actor_spawn_conditions_20260930.csv;actor_motion_direction_pattern_table_20260930.csv
cfg_t07_l076_v2,0x6C,F6C-L008,0x5A,humanoid_like,unknown,CC:611B,confirmed_frame_trailer_pointer,7A_body16_7C_next_plus_1_16_00,0x7A->body16;0x7C->next_record_plus_1_16;0x00->terminator,static_event_tail_opcode59_actor_controller,prefix_plus_tail_placement,14,8,8,0,,confirmed_static_branch_unresolved_predicate,vm_expression(A3 73 A3 70 E1 E7) != 0,candidate,2,down/front,candidate_value_domain_matches_confirmed_motion_pattern,16,0x10,1,0,event_source_bound_actor,strong_structural,controller pointer equals structural event trailer; 1 validated event source binding(s); field06D9=2 matches confirmed motion-pattern value down/front; reader linkage not yet proven; spawn=confirmed_static_branch_unresolved_predicate,static_map_actor_selector_crosslink_20260930.csv;event_record_frame_catalog.csv;static_actor_event_dialogue_binding_20260930.csv;static_actor_spawn_conditions_20260930.csv;actor_motion_direction_pattern_table_20260930.csv
cfg_t07_l076_v2,0x6C,F6C-L009,0x24,humanoid_like,unknown,CC:6134,confirmed_frame_trailer_pointer,7A_body16_7C_next_plus_1_16_00,0x7A->body16;0x7C->next_record_plus_1_16;0x00->terminator,static_event_tail_opcode59_actor_controller,prefix_plus_tail_placement,14,8,8,0,,confirmed_static_branch_unresolved_predicate,vm_expression(A3 73 A3 70 E1 E7) != 0,candidate,2,down/front,candidate_value_domain_matches_confirmed_motion_pattern,16,0x10,1,0,event_source_bound_actor,strong_structural,controller pointer equals structural event trailer; 1 validated event source binding(s); field06D9=2 matches confirmed motion-pattern value down/front; reader linkage not yet proven; spawn=confirmed_static_branch_unresolved_predicate,static_map_actor_selector_crosslink_20260930.csv;event_record_frame_catalog.csv;static_actor_event_dialogue_binding_20260930.csv;static_actor_spawn_conditions_20260930.csv;actor_motion_direction_pattern_table_20260930.csv
cfg_t07_l076_v2,0x6C,F6C-L010,0x3F,humanoid_like,unknown,CC:614D,confirmed_frame_trailer_pointer,7A_body16_7C_next_plus_1_16_00,0x7A->body16;0x7C->next_record_plus_1_16;0x00->terminator,static_event_tail_opcode59_actor_controller,prefix_plus_tail_placement,14,8,8,0,,confirmed_static_branch_unresolved_predicate,vm_expression(A3 73 A3 70 E1 E7) != 0,candidate,2,down/front,candidate_value_domain_matches_confirmed_motion_pattern,16,0x10,1,0,event_source_bound_actor,strong_structural,controller pointer equals structural event trailer; 1 validated event source binding(s); field06D9=2 matches confirmed motion-pattern value down/front; reader linkage not yet proven; spawn=confirmed_static_branch_unresolved_predicate,static_map_actor_selector_crosslink_20260930.csv;event_record_frame_catalog.csv;static_actor_event_dialogue_binding_20260930.csv;static_actor_spawn_conditions_20260930.csv;actor_motion_direction_pattern_table_20260930.csv
cfg_t07_l076_v2,0x6C,F6C-L011,0x43,humanoid_like,unknown,CC:617D,confirmed_frame_trailer_pointer,7A_body16_7C_next_plus_1_16_00,0x7A->body16;0x7C->next_record_plus_1_16;0x00->terminator,static_event_tail_opcode59_actor_controller,prefix_plus_tail_placement,14,8,8,0,,confirmed_static_branch_unresolved_predicate,vm_expression(A3 73 A3 70 E1 E7) != 0,candidate,2,down/front,candidate_value_domain_matches_confirmed_motion_pattern,16,0x10,1,0,event_source_bound_actor,strong_structural,controller pointer equals structural event trailer; 1 validated event source binding(s); field06D9=2 matches confirmed motion-pattern value down/front; reader linkage not yet proven; spawn=confirmed_static_branch_unresolved_predicate,static_map_actor_selector_crosslink_20260930.csv;event_record_frame_catalog.csv;static_actor_event_dialogue_binding_20260930.csv;static_actor_spawn_conditions_20260930.csv;actor_motion_direction_pattern_table_20260930.csv
cfg_t07_l076_v2,0x6C,F6C-L012,0x41,humanoid_like,unknown,CC:6196,confirmed_frame_trailer_pointer,7A_body16_7C_next_plus_1_16_00,0x7A->body16;0x7C->next_record_plus_1_16;0x00->terminator,static_event_tail_opcode59_actor_controller,prefix_plus_tail_placement,14,8,8,0,,confirmed_static_branch_unresolved_predicate,vm_expression(A3 73 A3 70 E1 E7) != 0,candidate,2,down/front,candidate_value_domain_matches_confirmed_motion_pattern,16,0x10,1,0,event_source_bound_actor,strong_structural,controller pointer equals structural event trailer; 1 validated event source binding(s); field06D9=2 matches confirmed motion-pattern value down/front; reader linkage not yet proven; spawn=confirmed_static_branch_unresolved_predicate,static_map_actor_selector_crosslink_20260930.csv;event_record_frame_catalog.csv;static_actor_event_dialogue_binding_20260930.csv;static_actor_spawn_conditions_20260930.csv;actor_motion_direction_pattern_table_20260930.csv
cfg_t07_l076_v2,0x6C,F6C-L013,0x3D,humanoid_like,unknown,CC:61B5,confirmed_frame_trailer_pointer,7A_body16_7C_next_plus_1_16_00,0x7A->body16;0x7C->next_record_plus_1_16;0x00->terminator,static_event_tail_opcode59_actor_controller,prefix_plus_tail_placement,14,8,8,0,,confirmed_static_branch_unresolved_predicate,vm_expression(A3 73 A3 70 E1 E7) != 0,candidate,2,down/front,candidate_value_domain_matches_confirmed_motion_pattern,16,0x10,0,0,placed_actor_no_validated_source,placement_only,controller pointer equals structural event trailer; no validated source selection; field06D9=2 matches confirmed motion-pattern value down/front; reader linkage not yet proven; spawn=confirmed_static_branch_unresolved_predicate,static_map_actor_selector_crosslink_20260930.csv;event_record_frame_catalog.csv;static_actor_event_dialogue_binding_20260930.csv;static_actor_spawn_conditions_20260930.csv;actor_motion_direction_pattern_table_20260930.csv
cfg_t07_l076_v2,0x6C,F6C-L014,0x42,humanoid_like,unknown,CC:61CE,confirmed_frame_trailer_pointer,7A_body16_7C_next_plus_1_16_00,0x7A->body16;0x7C->next_record_plus_1_16;0x00->terminator,static_event_tail_opcode59_actor_controller,prefix_plus_tail_placement,14,8,8,0,,confirmed_static_branch_unresolved_predicate,vm_expression(A3 73 A3 70 E1 E7) != 0,candidate,2,down/front,candidate_value_domain_matches_confirmed_motion_pattern,16,0x10,1,0,event_source_bound_actor,strong_structural,controller pointer equals structural event trailer; 1 validated event source binding(s); field06D9=2 matches confirmed motion-pattern value down/front; reader linkage not yet proven; spawn=confirmed_static_branch_unresolved_predicate,static_map_actor_selector_crosslink_20260930.csv;event_record_frame_catalog.csv;static_actor_event_dialogue_binding_20260930.csv;static_actor_spawn_conditions_20260930.csv;actor_motion_direction_pattern_table_20260930.csv
cfg_t07_l076_v2,0x6C,F6C-L015,0x42,humanoid_like,unknown,CC:6232,confirmed_frame_trailer_pointer,7A_body16_7C_next_plus_1_16_00,0x7A->body16;0x7C->next_record_plus_1_16;0x00->terminator,static_event_tail_opcode59_actor_controller,prefix_plus_tail_placement,14,8,8,0,,confirmed_static_branch_unresolved_predicate,vm_expression(A3 73 A3 70 E1 E7) != 0,candidate,2,down/front,candidate_value_domain_matches_confirmed_motion_pattern,16,0x10,0,0,placed_actor_no_validated_source,placement_only,controller pointer equals structural event trailer; no validated source selection; field06D9=2 matches confirmed motion-pattern value down/front; reader linkage not yet proven; spawn=confirmed_static_branch_unresolved_predicate,static_map_actor_selector_crosslink_20260930.csv;event_record_frame_catalog.csv;static_actor_event_dialogue_binding_20260930.csv;static_actor_spawn_conditions_20260930.csv;actor_motion_direction_pattern_table_20260930.csv
cfg_t07_l076_v2,0x6C,F6C-L016,0x42,humanoid_like,unknown,CC:6251,confirmed_frame_trailer_pointer,7A_body16_7C_next_plus_1_16_00,0x7A->body16;0x7C->next_record_plus_1_16;0x00->terminator,static_event_tail_opcode59_actor_controller,prefix_plus_tail_placement,14,8,8,0,,confirmed_static_branch_unresolved_predicate,vm_expression(A3 73 A3 70 E1 E7) != 0,candidate,2,down/front,candidate_value_domain_matches_confirmed_motion_pattern,16,0x10,0,0,placed_actor_no_validated_source,placement_only,controller pointer equals structural event trailer; no validated source selection; field06D9=2 matches confirmed motion-pattern value down/front; reader linkage not yet proven; spawn=confirmed_static_branch_unresolved_predicate,static_map_actor_selector_crosslink_20260930.csv;event_record_frame_catalog.csv;static_actor_event_dialogue_binding_20260930.csv;static_actor_spawn_conditions_20260930.csv;actor_motion_direction_pattern_table_20260930.csv
cfg_t05_l043_v2,0x6E,F6E-L001,0x40,humanoid_like,unknown,CC:6487,confirmed_frame_trailer_pointer,7A_body16_7C_next_plus_1_16_00,0x7A->body16;0x7C->next_record_plus_1_16;0x00->terminator,static_event_head_opcode59_actor_controller,head_exact_placement_only,6,0,0,0,,confirmed_static_unconditional,always,visible,2,down/front,candidate_value_domain_matches_confirmed_motion_pattern,0,0x00,1,0,event_source_bound_actor,strong_structural,controller pointer equals structural event trailer; 1 validated event source binding(s); field06D9=2 matches confirmed motion-pattern value down/front; reader linkage not yet proven; spawn=confirmed_static_unconditional,static_map_actor_selector_crosslink_20260930.csv;event_record_frame_catalog.csv;static_actor_event_dialogue_binding_20260930.csv;static_actor_spawn_conditions_20260930.csv;actor_motion_direction_pattern_table_20260930.csv
cfg_t05_l043_v2,0x6E,F6E-L002,0x59,humanoid_like,unknown,CC:6498,confirmed_frame_trailer_pointer,7A_body16_7C_next_plus_1_16_00,0x7A->body16;0x7C->next_record_plus_1_16;0x00->terminator,static_event_head_opcode59_actor_controller,head_exact_placement_only,6,0,0,0,,confirmed_static_unconditional,always,visible,2,down/front,candidate_value_domain_matches_confirmed_motion_pattern,0,0x00,1,0,event_source_bound_actor,strong_structural,controller pointer equals structural event trailer; 1 validated event source binding(s); field06D9=2 matches confirmed motion-pattern value down/front; reader linkage not yet proven; spawn=confirmed_static_unconditional,static_map_actor_selector_crosslink_20260930.csv;event_record_frame_catalog.csv;static_actor_event_dialogue_binding_20260930.csv;static_actor_spawn_conditions_20260930.csv;actor_motion_direction_pattern_table_20260930.csv
cfg_t05_l043_v2,0x6E,F6E-L003,0x5B,humanoid_like,unknown,CC:64A9,confirmed_frame_trailer_pointer,7A_body16_7C_next_plus_1_16_00,0x7A->body16;0x7C->next_record_plus_1_16;0x00->terminator,static_event_head_opcode59_actor_controller,head_exact_placement_only,6,0,0,0,,confirmed_static_unconditional,always,visible,2,down/front,candidate_value_domain_matches_confirmed_motion_pattern,0,0x00,1,0,event_source_bound_actor,strong_structural,controller pointer equals structural event trailer; 1 validated event source binding(s); field06D9=2 matches confirmed motion-pattern value down/front; reader linkage not yet proven; spawn=confirmed_static_unconditional,static_map_actor_selector_crosslink_20260930.csv;event_record_frame_catalog.csv;static_actor_event_dialogue_binding_20260930.csv;static_actor_spawn_conditions_20260930.csv;actor_motion_direction_pattern_table_20260930.csv
cfg_t05_l043_v2,0x6E,F6E-L004,0x28,humanoid_like,unknown,CC:64C8,confirmed_frame_trailer_pointer,7A_body16_7C_next_plus_1_16_00,0x7A->body16;0x7C->next_record_plus_1_16;0x00->terminator,static_event_head_opcode59_actor_controller,head_exact_placement_only,6,0,0,0,,confirmed_static_unconditional,always,visible,2,down/front,candidate_value_domain_matches_confirmed_motion_pattern,0,0x00,1,0,event_source_bound_actor,strong_structural,controller pointer equals structural event trailer; 1 validated event source binding(s); field06D9=2 matches confirmed motion-pattern value down/front; reader linkage not yet proven; spawn=confirmed_static_unconditional,static_map_actor_selector_crosslink_20260930.csv;event_record_frame_catalog.csv;static_actor_event_dialogue_binding_20260930.csv;static_actor_spawn_conditions_20260930.csv;actor_motion_direction_pattern_table_20260930.csv
cfg_t05_l043_v2,0x6E,F6E-L005,0x5A,humanoid_like,unknown,CC:64EF,confirmed_frame_trailer_pointer,7A_body16_7C_next_plus_1_16_00,0x7A->body16;0x7C->next_record_plus_1_16;0x00->terminator,static_event_head_opcode59_actor_controller,head_exact_placement_only,6,0,0,0,,confirmed_static_unconditional,always,visible,2,down/front,candidate_value_domain_matches_confirmed_motion_pattern,0,0x00,1,0,event_source_bound_actor,strong_structural,controller pointer equals structural event trailer; 1 validated event source binding(s); field06D9=2 matches confirmed motion-pattern value down/front; reader linkage not yet proven; spawn=confirmed_static_unconditional,static_map_actor_selector_crosslink_20260930.csv;event_record_frame_catalog.csv;static_actor_event_dialogue_binding_20260930.csv;static_actor_spawn_conditions_20260930.csv;actor_motion_direction_pattern_table_20260930.csv
cfg_t05_l043_v2,0x6E,F6E-L006,0x43,humanoid_like,unknown,CC:6500,confirmed_frame_trailer_pointer,7A_body16_7C_next_plus_1_16_00,0x7A->body16;0x7C->next_record_plus_1_16;0x00->terminator,static_event_head_opcode59_actor_controller,head_exact_placement_only,6,0,0,0,,confirmed_static_unconditional,always,visible,2,down/front,candidate_value_domain_matches_confirmed_motion_pattern,0,0x00,1,0,event_source_bound_actor,strong_structural,controller pointer equals structural event trailer; 1 validated event source binding(s); field06D9=2 matches confirmed motion-pattern value down/front; reader linkage not yet proven; spawn=confirmed_static_unconditional,static_map_actor_selector_crosslink_20260930.csv;event_record_frame_catalog.csv;static_actor_event_dialogue_binding_20260930.csv;static_actor_spawn_conditions_20260930.csv;actor_motion_direction_pattern_table_20260930.csv
cfg_t05_l043_v2,0x6E,F6E-L007,0x5A,humanoid_like,unknown,CC:6511,confirmed_frame_trailer_pointer,7A_body16_7C_next_plus_1_16_00,0x7A->body16;0x7C->next_record_plus_1_16;0x00->terminator,static_event_head_opcode59_actor_controller,head_exact_placement_only,6,0,0,0,,confirmed_static_unconditional,always,visible,2,down/front,candidate_value_domain_matches_confirmed_motion_pattern,0,0x00,1,0,event_source_bound_actor,strong_structural,controller pointer equals structural event trailer; 1 validated event source binding(s); field06D9=2 matches confirmed motion-pattern value down/front; reader linkage not yet proven; spawn=confirmed_static_unconditional,static_map_actor_selector_crosslink_20260930.csv;event_record_frame_catalog.csv;static_actor_event_dialogue_binding_20260930.csv;static_actor_spawn_conditions_20260930.csv;actor_motion_direction_pattern_table_20260930.csv
cfg_t05_l043_v2,0x6E,F6E-L008,0x3F,humanoid_like,unknown,CC:6522,confirmed_frame_trailer_pointer,7A_body16_7C_next_plus_1_16_00,0x7A->body16;0x7C->next_record_plus_1_16;0x00->terminator,static_event_head_opcode59_actor_controller,head_exact_placement_only,6,0,0,0,,confirmed_static_unconditional,always,visible,2,down/front,candidate_value_domain_matches_confirmed_motion_pattern,0,0x00,1,0,event_source_bound_actor,strong_structural,controller pointer equals structural event trailer; 1 validated event source binding(s); field06D9=2 matches confirmed motion-pattern value down/front; reader linkage not yet proven; spawn=confirmed_static_unconditional,static_map_actor_selector_crosslink_20260930.csv;event_record_frame_catalog.csv;static_actor_event_dialogue_binding_20260930.csv;static_actor_spawn_conditions_20260930.csv;actor_motion_direction_pattern_table_20260930.csv
cfg_t05_l043_v2,0x6E,F6E-L009,0x24,humanoid_like,unknown,CC:6549,confirmed_frame_trailer_pointer,7A_body16_7C_next_plus_1_16_00,0x7A->body16;0x7C->next_record_plus_1_16;0x00->terminator,static_event_head_opcode59_actor_controller,head_exact_placement_only,6,0,0,0,,confirmed_static_unconditional,always,visible,2,down/front,candidate_value_domain_matches_confirmed_motion_pattern,0,0x00,1,0,event_source_bound_actor,strong_structural,controller pointer equals structural event trailer; 1 validated event source binding(s); field06D9=2 matches confirmed motion-pattern value down/front; reader linkage not yet proven; spawn=confirmed_static_unconditional,static_map_actor_selector_crosslink_20260930.csv;event_record_frame_catalog.csv;static_actor_event_dialogue_binding_20260930.csv;static_actor_spawn_conditions_20260930.csv;actor_motion_direction_pattern_table_20260930.csv
cfg_t05_l043_v2,0x6E,F6E-L010,0x59,humanoid_like,unknown,CC:655A,confirmed_frame_trailer_pointer,7A_body16_7C_next_plus_1_16_00,0x7A->body16;0x7C->next_record_plus_1_16;0x00->terminator,static_event_head_opcode59_actor_controller,head_exact_placement_only,6,0,0,0,,confirmed_static_unconditional,always,visible,2,down/front,candidate_value_domain_matches_confirmed_motion_pattern,0,0x00,1,0,event_source_bound_actor,strong_structural,controller pointer equals structural event trailer; 1 validated event source binding(s); field06D9=2 matches confirmed motion-pattern value down/front; reader linkage not yet proven; spawn=confirmed_static_unconditional,static_map_actor_selector_crosslink_20260930.csv;event_record_frame_catalog.csv;static_actor_event_dialogue_binding_20260930.csv;static_actor_spawn_conditions_20260930.csv;actor_motion_direction_pattern_table_20260930.csv
cfg_t05_l043_v2,0x6E,F6E-L011,0x5B,humanoid_like,unknown,CC:656B,confirmed_frame_trailer_pointer,7A_body16_7C_next_plus_1_16_00,0x7A->body16;0x7C->next_record_plus_1_16;0x00->terminator,static_event_head_opcode59_actor_controller,head_exact_placement_only,6,0,0,0,,confirmed_static_unconditional,always,visible,2,down/front,candidate_value_domain_matches_confirmed_motion_pattern,0,0x00,1,0,event_source_bound_actor,strong_structural,controller pointer equals structural event trailer; 1 validated event source binding(s); field06D9=2 matches confirmed motion-pattern value down/front; reader linkage not yet proven; spawn=confirmed_static_unconditional,static_map_actor_selector_crosslink_20260930.csv;event_record_frame_catalog.csv;static_actor_event_dialogue_binding_20260930.csv;static_actor_spawn_conditions_20260930.csv;actor_motion_direction_pattern_table_20260930.csv
cfg_t05_l043_v2,0x6E,F6E-L012,0x43,humanoid_like,unknown,CC:657C,confirmed_frame_trailer_pointer,7A_body16_7C_next_plus_1_16_00,0x7A->body16;0x7C->next_record_plus_1_16;0x00->terminator,static_event_head_opcode59_actor_controller,head_exact_placement_only,6,0,0,0,,confirmed_static_unconditional,always,visible,2,down/front,candidate_value_domain_matches_confirmed_motion_pattern,0,0x00,1,0,event_source_bound_actor,strong_structural,controller pointer equals structural event trailer; 1 validated event source binding(s); field06D9=2 matches confirmed motion-pattern value down/front; reader linkage not yet proven; spawn=confirmed_static_unconditional,static_map_actor_selector_crosslink_20260930.csv;event_record_frame_catalog.csv;static_actor_event_dialogue_binding_20260930.csv;static_actor_spawn_conditions_20260930.csv;actor_motion_direction_pattern_table_20260930.csv
cfg_t05_l043_v2,0x6E,F6E-L013,0x38,humanoid_like,unknown,CC:658D,confirmed_frame_trailer_pointer,7A_body16_7C_next_plus_1_16_00,0x7A->body16;0x7C->next_record_plus_1_16;0x00->terminator,static_event_head_opcode59_actor_controller,head_exact_placement_only,6,0,0,0,,confirmed_static_unconditional,always,visible,2,down/front,candidate_value_domain_matches_confirmed_motion_pattern,0,0x00,1,0,event_source_bound_actor,strong_structural,controller pointer equals structural event trailer; 1 validated event source binding(s); field06D9=2 matches confirmed motion-pattern value down/front; reader linkage not yet proven; spawn=confirmed_static_unconditional,static_map_actor_selector_crosslink_20260930.csv;event_record_frame_catalog.csv;static_actor_event_dialogue_binding_20260930.csv;static_actor_spawn_conditions_20260930.csv;actor_motion_direction_pattern_table_20260930.csv
cfg_t05_l043_v2,0x6E,F6E-L014,0x30,humanoid_like,unknown,CC:659E,confirmed_frame_trailer_pointer,7A_body16_7C_next_plus_1_16_00,0x7A->body16;0x7C->next_record_plus_1_16;0x00->terminator,static_event_head_opcode59_actor_controller,head_exact_placement_only,6,0,0,0,,confirmed_static_unconditional,always,visible,2,down/front,candidate_value_domain_matches_confirmed_motion_pattern,0,0x00,1,0,event_source_bound_actor,strong_structural,controller pointer equals structural event trailer; 1 validated event source binding(s); field06D9=2 matches confirmed motion-pattern value down/front; reader linkage not yet proven; spawn=confirmed_static_unconditional,static_map_actor_selector_crosslink_20260930.csv;event_record_frame_catalog.csv;static_actor_event_dialogue_binding_20260930.csv;static_actor_spawn_conditions_20260930.csv;actor_motion_direction_pattern_table_20260930.csv
cfg_t05_l043_v2,0x6E,F6E-L015,0x29,humanoid_like,unknown,CC:65AF,confirmed_frame_trailer_pointer,7A_body16_7C_next_plus_1_16_00,0x7A->body16;0x7C->next_record_plus_1_16;0x00->terminator,static_event_tail_opcode59_actor_controller,prefix_plus_tail_placement,10,4,4,0,,confirmed_static_flag,"flag_test(spec=0x74,wram=$1254,bit=4) == 0",candidate,2,down/front,candidate_value_domain_matches_confirmed_motion_pattern,0,0x00,1,0,event_source_bound_actor,strong_structural,controller pointer equals structural event trailer; 1 validated event source binding(s); field06D9=2 matches confirmed motion-pattern value down/front; reader linkage not yet proven; spawn=confirmed_static_flag,static_map_actor_selector_crosslink_20260930.csv;event_record_frame_catalog.csv;static_actor_event_dialogue_binding_20260930.csv;static_actor_spawn_conditions_20260930.csv;actor_motion_direction_pattern_table_20260930.csv
cfg_t05_l043_v2,0x6E,F6E-L016,0x29,humanoid_like,unknown,CC:65E1,confirmed_frame_trailer_pointer,7A_body16_7C_next_plus_1_16_00,0x7A->body16;0x7C->next_record_plus_1_16;0x00->terminator,static_event_head_opcode59_actor_controller,head_exact_placement_only,6,0,0,0,,confirmed_static_unconditional,always,visible,2,down/front,candidate_value_domain_matches_confirmed_motion_pattern,0,0x00,1,0,event_source_bound_actor,strong_structural,controller pointer equals structural event trailer; 1 validated event source binding(s); field06D9=2 matches confirmed motion-pattern value down/front; reader linkage not yet proven; spawn=confirmed_static_unconditional,static_map_actor_selector_crosslink_20260930.csv;event_record_frame_catalog.csv;static_actor_event_dialogue_binding_20260930.csv;static_actor_spawn_conditions_20260930.csv;actor_motion_direction_pattern_table_20260930.csv
cfg_t05_l043_v2,0x6E,F6E-L017,0x29,humanoid_like,unknown,CC:660F,confirmed_frame_trailer_pointer,7A_body16_7C_next_plus_1_16_00,0x7A->body16;0x7C->next_record_plus_1_16;0x00->terminator,static_event_head_opcode59_actor_controller,head_exact_placement_only,6,0,0,0,,confirmed_static_unconditional,always,visible,2,down/front,candidate_value_domain_matches_confirmed_motion_pattern,0,0x00,1,0,event_source_bound_actor,strong_structural,controller pointer equals structural event trailer; 1 validated event source binding(s); field06D9=2 matches confirmed motion-pattern value down/front; reader linkage not yet proven; spawn=confirmed_static_unconditional,static_map_actor_selector_crosslink_20260930.csv;event_record_frame_catalog.csv;static_actor_event_dialogue_binding_20260930.csv;static_actor_spawn_conditions_20260930.csv;actor_motion_direction_pattern_table_20260930.csv
cfg_t04_l045_v2,0x6F,F6F-L003,0x43,humanoid_like,unknown,CC:67B1,confirmed_frame_trailer_pointer,7A_body16_7C_next_plus_1_16_00,0x7A->body16;0x7C->next_record_plus_1_16;0x00->terminator,static_event_tail_opcode59_actor_controller,prefix_plus_tail_placement,12,6,6,0,,confirmed_static_control_partial_predicate,predicate_08(bytes=08 B9 13 02) != 0,candidate,2,down/front,candidate_value_domain_matches_confirmed_motion_pattern,128,0x80,1,0,event_source_bound_actor,strong_structural,controller pointer equals structural event trailer; 1 validated event source binding(s); field06D9=2 matches confirmed motion-pattern value down/front; reader linkage not yet proven; spawn=confirmed_static_control_partial_predicate,static_map_actor_selector_crosslink_20260930.csv;event_record_frame_catalog.csv;static_actor_event_dialogue_binding_20260930.csv;static_actor_spawn_conditions_20260930.csv;actor_motion_direction_pattern_table_20260930.csv
cfg_t04_l045_v2,0x6F,F6F-L004,0x43,humanoid_like,unknown,CC:67C8,confirmed_frame_trailer_pointer,7A_body16_7C_next_plus_1_16_00,0x7A->body16;0x7C->next_record_plus_1_16;0x00->terminator,static_event_tail_opcode59_actor_controller,prefix_plus_tail_placement,12,6,6,0,,confirmed_static_control_partial_predicate,predicate_08(bytes=08 B9 13 02) != 0,candidate,2,down/front,candidate_value_domain_matches_confirmed_motion_pattern,128,0x80,1,0,event_source_bound_actor,strong_structural,controller pointer equals structural event trailer; 1 validated event source binding(s); field06D9=2 matches confirmed motion-pattern value down/front; reader linkage not yet proven; spawn=confirmed_static_control_partial_predicate,static_map_actor_selector_crosslink_20260930.csv;event_record_frame_catalog.csv;static_actor_event_dialogue_binding_20260930.csv;static_actor_spawn_conditions_20260930.csv;actor_motion_direction_pattern_table_20260930.csv
cfg_t04_l045_v2,0x6F,F6F-L005,0x44,humanoid_like,unknown,CC:67DF,confirmed_frame_trailer_pointer,7A_body16_7C_next_plus_1_16_00,0x7A->body16;0x7C->next_record_plus_1_16;0x00->terminator,static_event_tail_opcode59_actor_controller,prefix_plus_tail_placement,12,6,6,0,,confirmed_static_control_partial_predicate,predicate_08(bytes=08 B9 13 02) != 0,candidate,2,down/front,candidate_value_domain_matches_confirmed_motion_pattern,128,0x80,1,0,event_source_bound_actor,strong_structural,controller pointer equals structural event trailer; 1 validated event source binding(s); field06D9=2 matches confirmed motion-pattern value down/front; reader linkage not yet proven; spawn=confirmed_static_control_partial_predicate,static_map_actor_selector_crosslink_20260930.csv;event_record_frame_catalog.csv;static_actor_event_dialogue_binding_20260930.csv;static_actor_spawn_conditions_20260930.csv;actor_motion_direction_pattern_table_20260930.csv
cfg_t04_l045_v2,0x6F,F6F-L006,0x42,humanoid_like,unknown,CC:67F6,confirmed_frame_trailer_pointer,7A_body16_7C_next_plus_1_16_00,0x7A->body16;0x7C->next_record_plus_1_16;0x00->terminator,static_event_tail_opcode59_actor_controller,prefix_plus_tail_placement,12,6,6,0,,confirmed_static_control_partial_predicate,predicate_08(bytes=08 B9 13 02) != 0,candidate,2,down/front,candidate_value_domain_matches_confirmed_motion_pattern,128,0x80,1,0,event_source_bound_actor,strong_structural,controller pointer equals structural event trailer; 1 validated event source binding(s); field06D9=2 matches confirmed motion-pattern value down/front; reader linkage not yet proven; spawn=confirmed_static_control_partial_predicate,static_map_actor_selector_crosslink_20260930.csv;event_record_frame_catalog.csv;static_actor_event_dialogue_binding_20260930.csv;static_actor_spawn_conditions_20260930.csv;actor_motion_direction_pattern_table_20260930.csv
cfg_t04_l045_v2,0x6F,F6F-L007,0x30,humanoid_like,unknown,CC:680D,confirmed_frame_trailer_pointer,7A_body16_7C_next_plus_1_16_00,0x7A->body16;0x7C->next_record_plus_1_16;0x00->terminator,static_event_tail_opcode59_actor_controller,prefix_plus_tail_placement,12,6,6,0,,confirmed_static_control_partial_predicate,predicate_08(bytes=08 B9 13 03) == 0,candidate,2,down/front,candidate_value_domain_matches_confirmed_motion_pattern,144,0x90,1,0,event_source_bound_actor,strong_structural,controller pointer equals structural event trailer; 1 validated event source binding(s); field06D9=2 matches confirmed motion-pattern value down/front; reader linkage not yet proven; spawn=confirmed_static_control_partial_predicate,static_map_actor_selector_crosslink_20260930.csv;event_record_frame_catalog.csv;static_actor_event_dialogue_binding_20260930.csv;static_actor_spawn_conditions_20260930.csv;actor_motion_direction_pattern_table_20260930.csv
cfg_t04_l045_v2,0x6F,F6F-L008,0x2F,humanoid_like,unknown,CC:6824,confirmed_frame_trailer_pointer,7A_body16_7C_next_plus_1_16_00,0x7A->body16;0x7C->next_record_plus_1_16;0x00->terminator,static_event_tail_opcode59_actor_controller,prefix_plus_tail_placement,12,6,6,0,,confirmed_static_control_partial_predicate,predicate_08(bytes=08 B9 13 03) == 0,candidate,2,down/front,candidate_value_domain_matches_confirmed_motion_pattern,144,0x90,1,0,event_source_bound_actor,strong_structural,controller pointer equals structural event trailer; 1 validated event source binding(s); field06D9=2 matches confirmed motion-pattern value down/front; reader linkage not yet proven; spawn=confirmed_static_control_partial_predicate,static_map_actor_selector_crosslink_20260930.csv;event_record_frame_catalog.csv;static_actor_event_dialogue_binding_20260930.csv;static_actor_spawn_conditions_20260930.csv;actor_motion_direction_pattern_table_20260930.csv
cfg_t04_l045_v2,0x6F,F6F-L009,0x30,humanoid_like,unknown,CC:683B,confirmed_frame_trailer_pointer,7A_body16_7C_next_plus_1_16_00,0x7A->body16;0x7C->next_record_plus_1_16;0x00->terminator,static_event_tail_opcode59_actor_controller,prefix_plus_tail_placement,12,6,6,0,,confirmed_static_control_partial_predicate,predicate_08(bytes=08 B9 13 03) == 0,candidate,2,down/front,candidate_value_domain_matches_confirmed_motion_pattern,144,0x90,1,0,event_source_bound_actor,strong_structural,controller pointer equals structural event trailer; 1 validated event source binding(s); field06D9=2 matches confirmed motion-pattern value down/front; reader linkage not yet proven; spawn=confirmed_static_control_partial_predicate,static_map_actor_selector_crosslink_20260930.csv;event_record_frame_catalog.csv;static_actor_event_dialogue_binding_20260930.csv;static_actor_spawn_conditions_20260930.csv;actor_motion_direction_pattern_table_20260930.csv
cfg_t04_l045_v2,0x6F,F6F-L010,0x30,humanoid_like,unknown,CC:687E,confirmed_frame_trailer_pointer,7A_body16_7C_next_plus_1_16_00,0x7A->body16;0x7C->next_record_plus_1_16;0x00->terminator,static_event_tail_opcode59_actor_controller,prefix_plus_tail_placement,16,10,10,0,,confirmed_static_branch_unresolved_predicate,vm_expression(A3 81 B4 0E 08 B9 13 02) != 0,candidate,2,down/front,candidate_value_domain_matches_confirmed_motion_pattern,144,0x90,1,0,event_source_bound_actor,strong_structural,controller pointer equals structural event trailer; 1 validated event source binding(s); field06D9=2 matches confirmed motion-pattern value down/front; reader linkage not yet proven; spawn=confirmed_static_branch_unresolved_predicate,static_map_actor_selector_crosslink_20260930.csv;event_record_frame_catalog.csv;static_actor_event_dialogue_binding_20260930.csv;static_actor_spawn_conditions_20260930.csv;actor_motion_direction_pattern_table_20260930.csv
cfg_t04_l045_v2,0x6F,F6F-L011,0x30,humanoid_like,unknown,CC:68C9,confirmed_frame_trailer_pointer,7A_body16_7C_next_plus_1_16_00,0x7A->body16;0x7C->next_record_plus_1_16;0x00->terminator,static_event_tail_opcode59_actor_controller,prefix_plus_tail_placement,16,10,10,0,,confirmed_static_branch_unresolved_predicate,vm_expression(A3 83 B4 0E 08 B9 13 02) != 0,candidate,2,down/front,candidate_value_domain_matches_confirmed_motion_pattern,144,0x90,0,0,placed_actor_no_validated_source,placement_only,controller pointer equals structural event trailer; no validated source selection; field06D9=2 matches confirmed motion-pattern value down/front; reader linkage not yet proven; spawn=confirmed_static_branch_unresolved_predicate,static_map_actor_selector_crosslink_20260930.csv;event_record_frame_catalog.csv;static_actor_event_dialogue_binding_20260930.csv;static_actor_spawn_conditions_20260930.csv;actor_motion_direction_pattern_table_20260930.csv
cfg_t04_l045_v2,0x70,F70-L003,0x59,humanoid_like,unknown,CC:70E5,confirmed_frame_trailer_pointer,7A_body16_7C_next_plus_1_16_00,0x7A->body16;0x7C->next_record_plus_1_16;0x00->terminator,static_event_head_opcode59_actor_controller,head_exact_placement_only,6,0,0,0,,confirmed_static_unconditional,always,visible,2,down/front,candidate_value_domain_matches_confirmed_motion_pattern,0,0x00,1,0,event_source_bound_actor,strong_structural,controller pointer equals structural event trailer; 1 validated event source binding(s); field06D9=2 matches confirmed motion-pattern value down/front; reader linkage not yet proven; spawn=confirmed_static_unconditional,static_map_actor_selector_crosslink_20260930.csv;event_record_frame_catalog.csv;static_actor_event_dialogue_binding_20260930.csv;static_actor_spawn_conditions_20260930.csv;actor_motion_direction_pattern_table_20260930.csv
cfg_t04_l045_v2,0x70,F70-L004,0x42,humanoid_like,unknown,CC:70F6,confirmed_frame_trailer_pointer,7A_body16_7C_next_plus_1_16_00,0x7A->body16;0x7C->next_record_plus_1_16;0x00->terminator,static_event_head_opcode59_actor_controller,head_exact_placement_only,6,0,0,0,,confirmed_static_unconditional,always,visible,2,down/front,candidate_value_domain_matches_confirmed_motion_pattern,0,0x00,1,0,event_source_bound_actor,strong_structural,controller pointer equals structural event trailer; 1 validated event source binding(s); field06D9=2 matches confirmed motion-pattern value down/front; reader linkage not yet proven; spawn=confirmed_static_unconditional,static_map_actor_selector_crosslink_20260930.csv;event_record_frame_catalog.csv;static_actor_event_dialogue_binding_20260930.csv;static_actor_spawn_conditions_20260930.csv;actor_motion_direction_pattern_table_20260930.csv
cfg_t04_l045_v2,0x70,F70-L005,0x5B,humanoid_like,unknown,CC:7115,confirmed_frame_trailer_pointer,7A_body16_7C_next_plus_1_16_00,0x7A->body16;0x7C->next_record_plus_1_16;0x00->terminator,static_event_head_opcode59_actor_controller,head_exact_placement_only,6,0,0,0,,confirmed_static_unconditional,always,visible,2,down/front,candidate_value_domain_matches_confirmed_motion_pattern,0,0x00,1,0,event_source_bound_actor,strong_structural,controller pointer equals structural event trailer; 1 validated event source binding(s); field06D9=2 matches confirmed motion-pattern value down/front; reader linkage not yet proven; spawn=confirmed_static_unconditional,static_map_actor_selector_crosslink_20260930.csv;event_record_frame_catalog.csv;static_actor_event_dialogue_binding_20260930.csv;static_actor_spawn_conditions_20260930.csv;actor_motion_direction_pattern_table_20260930.csv
cfg_t04_l045_v2,0x70,F70-L006,0x42,humanoid_like,unknown,CC:7126,confirmed_frame_trailer_pointer,7A_body16_7C_next_plus_1_16_00,0x7A->body16;0x7C->next_record_plus_1_16;0x00->terminator,static_event_head_opcode59_actor_controller,head_exact_placement_only,6,0,0,0,,confirmed_static_unconditional,always,visible,2,down/front,candidate_value_domain_matches_confirmed_motion_pattern,0,0x00,1,0,event_source_bound_actor,strong_structural,controller pointer equals structural event trailer; 1 validated event source binding(s); field06D9=2 matches confirmed motion-pattern value down/front; reader linkage not yet proven; spawn=confirmed_static_unconditional,static_map_actor_selector_crosslink_20260930.csv;event_record_frame_catalog.csv;static_actor_event_dialogue_binding_20260930.csv;static_actor_spawn_conditions_20260930.csv;actor_motion_direction_pattern_table_20260930.csv
cfg_t04_l045_v2,0x70,F70-L007,0x3F,humanoid_like,unknown,CC:7137,confirmed_frame_trailer_pointer,7A_body16_7C_next_plus_1_16_00,0x7A->body16;0x7C->next_record_plus_1_16;0x00->terminator,static_event_head_opcode59_actor_controller,head_exact_placement_only,6,0,0,0,,confirmed_static_unconditional,always,visible,2,down/front,candidate_value_domain_matches_confirmed_motion_pattern,0,0x00,1,0,event_source_bound_actor,strong_structural,controller pointer equals structural event trailer; 1 validated event source binding(s); field06D9=2 matches confirmed motion-pattern value down/front; reader linkage not yet proven; spawn=confirmed_static_unconditional,static_map_actor_selector_crosslink_20260930.csv;event_record_frame_catalog.csv;static_actor_event_dialogue_binding_20260930.csv;static_actor_spawn_conditions_20260930.csv;actor_motion_direction_pattern_table_20260930.csv
cfg_t04_l045_v2,0x70,F70-L008,0x59,humanoid_like,unknown,CC:7148,confirmed_frame_trailer_pointer,7A_body16_7C_next_plus_1_16_00,0x7A->body16;0x7C->next_record_plus_1_16;0x00->terminator,static_event_head_opcode59_actor_controller,head_exact_placement_only,6,0,0,0,,confirmed_static_unconditional,always,visible,2,down/front,candidate_value_domain_matches_confirmed_motion_pattern,0,0x00,1,0,event_source_bound_actor,strong_structural,controller pointer equals structural event trailer; 1 validated event source binding(s); field06D9=2 matches confirmed motion-pattern value down/front; reader linkage not yet proven; spawn=confirmed_static_unconditional,static_map_actor_selector_crosslink_20260930.csv;event_record_frame_catalog.csv;static_actor_event_dialogue_binding_20260930.csv;static_actor_spawn_conditions_20260930.csv;actor_motion_direction_pattern_table_20260930.csv
cfg_t04_l045_v2,0x70,F70-L009,0x3F,humanoid_like,unknown,CC:7159,confirmed_frame_trailer_pointer,7A_body16_7C_next_plus_1_16_00,0x7A->body16;0x7C->next_record_plus_1_16;0x00->terminator,static_event_head_opcode59_actor_controller,head_exact_placement_only,6,0,0,0,,confirmed_static_unconditional,always,visible,2,down/front,candidate_value_domain_matches_confirmed_motion_pattern,0,0x00,1,0,event_source_bound_actor,strong_structural,controller pointer equals structural event trailer; 1 validated event source binding(s); field06D9=2 matches confirmed motion-pattern value down/front; reader linkage not yet proven; spawn=confirmed_static_unconditional,static_map_actor_selector_crosslink_20260930.csv;event_record_frame_catalog.csv;static_actor_event_dialogue_binding_20260930.csv;static_actor_spawn_conditions_20260930.csv;actor_motion_direction_pattern_table_20260930.csv
cfg_t04_l045_v2,0x70,F70-L010,0x23,humanoid_like,unknown,CC:716A,confirmed_frame_trailer_pointer,7A_body16_7C_next_plus_1_16_00,0x7A->body16;0x7C->next_record_plus_1_16;0x00->terminator,static_event_head_opcode59_actor_controller,head_exact_placement_only,6,0,0,0,,confirmed_static_unconditional,always,visible,2,down/front,candidate_value_domain_matches_confirmed_motion_pattern,0,0x00,1,0,event_source_bound_actor,strong_structural,controller pointer equals structural event trailer; 1 validated event source binding(s); field06D9=2 matches confirmed motion-pattern value down/front; reader linkage not yet proven; spawn=confirmed_static_unconditional,static_map_actor_selector_crosslink_20260930.csv;event_record_frame_catalog.csv;static_actor_event_dialogue_binding_20260930.csv;static_actor_spawn_conditions_20260930.csv;actor_motion_direction_pattern_table_20260930.csv
cfg_t04_l045_v2,0x70,F70-L011,0x43,humanoid_like,unknown,CC:7189,confirmed_frame_trailer_pointer,7A_body16_7C_next_plus_1_16_00,0x7A->body16;0x7C->next_record_plus_1_16;0x00->terminator,static_event_head_opcode59_actor_controller,head_exact_placement_only,6,0,0,0,,confirmed_static_unconditional,always,visible,2,down/front,candidate_value_domain_matches_confirmed_motion_pattern,0,0x00,1,0,event_source_bound_actor,strong_structural,controller pointer equals structural event trailer; 1 validated event source binding(s); field06D9=2 matches confirmed motion-pattern value down/front; reader linkage not yet proven; spawn=confirmed_static_unconditional,static_map_actor_selector_crosslink_20260930.csv;event_record_frame_catalog.csv;static_actor_event_dialogue_binding_20260930.csv;static_actor_spawn_conditions_20260930.csv;actor_motion_direction_pattern_table_20260930.csv
cfg_t04_l045_v2,0x70,F70-L012,0x43,humanoid_like,unknown,CC:719A,confirmed_frame_trailer_pointer,7A_body16_7C_next_plus_1_16_00,0x7A->body16;0x7C->next_record_plus_1_16;0x00->terminator,static_event_head_opcode59_actor_controller,head_exact_placement_only,6,0,0,0,,confirmed_static_unconditional,always,visible,2,down/front,candidate_value_domain_matches_confirmed_motion_pattern,0,0x00,1,0,event_source_bound_actor,strong_structural,controller pointer equals structural event trailer; 1 validated event source binding(s); field06D9=2 matches confirmed motion-pattern value down/front; reader linkage not yet proven; spawn=confirmed_static_unconditional,static_map_actor_selector_crosslink_20260930.csv;event_record_frame_catalog.csv;static_actor_event_dialogue_binding_20260930.csv;static_actor_spawn_conditions_20260930.csv;actor_motion_direction_pattern_table_20260930.csv
cfg_t04_l045_v2,0x70,F70-L013,0x24,humanoid_like,unknown,CC:71AB,confirmed_frame_trailer_pointer,7A_body16_7C_next_plus_1_16_00,0x7A->body16;0x7C->next_record_plus_1_16;0x00->terminator,static_event_head_opcode59_actor_controller,head_exact_placement_only,6,0,0,0,,confirmed_static_unconditional,always,visible,2,down/front,candidate_value_domain_matches_confirmed_motion_pattern,16,0x10,1,0,event_source_bound_actor,strong_structural,controller pointer equals structural event trailer; 1 validated event source binding(s); field06D9=2 matches confirmed motion-pattern value down/front; reader linkage not yet proven; spawn=confirmed_static_unconditional,static_map_actor_selector_crosslink_20260930.csv;event_record_frame_catalog.csv;static_actor_event_dialogue_binding_20260930.csv;static_actor_spawn_conditions_20260930.csv;actor_motion_direction_pattern_table_20260930.csv
cfg_t04_l045_v2,0x70,F70-L014,0x44,humanoid_like,unknown,CC:71C6,confirmed_frame_trailer_pointer,7A_body16_7C_next_plus_1_16_00,0x7A->body16;0x7C->next_record_plus_1_16;0x00->terminator,static_event_head_opcode59_actor_controller,head_exact_placement_only,6,0,0,0,,confirmed_static_unconditional,always,visible,2,down/front,candidate_value_domain_matches_confirmed_motion_pattern,0,0x00,2,0,event_source_bound_actor,strong_structural,controller pointer equals structural event trailer; 2 validated event source binding(s); field06D9=2 matches confirmed motion-pattern value down/front; reader linkage not yet proven; spawn=confirmed_static_unconditional,static_map_actor_selector_crosslink_20260930.csv;event_record_frame_catalog.csv;static_actor_event_dialogue_binding_20260930.csv;static_actor_spawn_conditions_20260930.csv;actor_motion_direction_pattern_table_20260930.csv
cfg_t04_l045_v2,0x70,F70-L015,0x30,humanoid_like,unknown,CC:71D7,confirmed_frame_trailer_pointer,7A_body16_7C_next_plus_1_16_00,0x7A->body16;0x7C->next_record_plus_1_16;0x00->terminator,static_event_head_opcode59_actor_controller,head_exact_placement_only,6,0,0,0,,confirmed_static_unconditional,always,visible,2,down/front,candidate_value_domain_matches_confirmed_motion_pattern,0,0x00,1,0,event_source_bound_actor,strong_structural,controller pointer equals structural event trailer; 1 validated event source binding(s); field06D9=2 matches confirmed motion-pattern value down/front; reader linkage not yet proven; spawn=confirmed_static_unconditional,static_map_actor_selector_crosslink_20260930.csv;event_record_frame_catalog.csv;static_actor_event_dialogue_binding_20260930.csv;static_actor_spawn_conditions_20260930.csv;actor_motion_direction_pattern_table_20260930.csv
cfg_t04_l045_v2,0x70,F70-L016,0x2F,humanoid_like,unknown,CC:71E8,confirmed_frame_trailer_pointer,7A_body16_7C_next_plus_1_16_00,0x7A->body16;0x7C->next_record_plus_1_16;0x00->terminator,static_event_head_opcode59_actor_controller,head_exact_placement_only,6,0,0,0,,confirmed_static_unconditional,always,visible,2,down/front,candidate_value_domain_matches_confirmed_motion_pattern,0,0x00,1,0,event_source_bound_actor,strong_structural,controller pointer equals structural event trailer; 1 validated event source binding(s); field06D9=2 matches confirmed motion-pattern value down/front; reader linkage not yet proven; spawn=confirmed_static_unconditional,static_map_actor_selector_crosslink_20260930.csv;event_record_frame_catalog.csv;static_actor_event_dialogue_binding_20260930.csv;static_actor_spawn_conditions_20260930.csv;actor_motion_direction_pattern_table_20260930.csv
cfg_t04_l045_v2,0x70,F70-L017,0x38,humanoid_like,unknown,CC:7207,confirmed_frame_trailer_pointer,7A_body16_7C_next_plus_1_16_00,0x7A->body16;0x7C->next_record_plus_1_16;0x00->terminator,static_event_head_opcode59_actor_controller,head_exact_placement_only,6,0,0,0,,confirmed_static_unconditional,always,visible,2,down/front,candidate_value_domain_matches_confirmed_motion_pattern,0,0x00,1,0,event_source_bound_actor,strong_structural,controller pointer equals structural event trailer; 1 validated event source binding(s); field06D9=2 matches confirmed motion-pattern value down/front; reader linkage not yet proven; spawn=confirmed_static_unconditional,static_map_actor_selector_crosslink_20260930.csv;event_record_frame_catalog.csv;static_actor_event_dialogue_binding_20260930.csv;static_actor_spawn_conditions_20260930.csv;actor_motion_direction_pattern_table_20260930.csv
cfg_t04_l045_v2,0x70,F70-L018,0x30,humanoid_like,unknown,CC:7218,confirmed_frame_trailer_pointer,7A_body16_7C_next_plus_1_16_00,0x7A->body16;0x7C->next_record_plus_1_16;0x00->terminator,static_event_head_opcode59_actor_controller,head_exact_placement_only,6,0,0,0,,confirmed_static_unconditional,always,visible,2,down/front,candidate_value_domain_matches_confirmed_motion_pattern,0,0x00,1,0,event_source_bound_actor,strong_structural,controller pointer equals structural event trailer; 1 validated event source binding(s); field06D9=2 matches confirmed motion-pattern value down/front; reader linkage not yet proven; spawn=confirmed_static_unconditional,static_map_actor_selector_crosslink_20260930.csv;event_record_frame_catalog.csv;static_actor_event_dialogue_binding_20260930.csv;static_actor_spawn_conditions_20260930.csv;actor_motion_direction_pattern_table_20260930.csv
cfg_t04_l045_v2,0x70,F70-L019,0x3F,humanoid_like,unknown,CC:7229,confirmed_frame_trailer_pointer,7A_body16_7C_next_plus_1_16_00,0x7A->body16;0x7C->next_record_plus_1_16;0x00->terminator,static_event_head_opcode59_actor_controller,head_exact_placement_only,6,0,0,0,,confirmed_static_unconditional,always,visible,2,down/front,candidate_value_domain_matches_confirmed_motion_pattern,16,0x10,1,0,event_source_bound_actor,strong_structural,controller pointer equals structural event trailer; 1 validated event source binding(s); field06D9=2 matches confirmed motion-pattern value down/front; reader linkage not yet proven; spawn=confirmed_static_unconditional,static_map_actor_selector_crosslink_20260930.csv;event_record_frame_catalog.csv;static_actor_event_dialogue_binding_20260930.csv;static_actor_spawn_conditions_20260930.csv;actor_motion_direction_pattern_table_20260930.csv
cfg_t04_l045_v2,0x70,F70-L020,0x23,humanoid_like,unknown,CC:723A,confirmed_frame_trailer_pointer,7A_body16_7C_next_plus_1_16_00,0x7A->body16;0x7C->next_record_plus_1_16;0x00->terminator,static_event_head_opcode59_actor_controller,head_exact_placement_only,6,0,0,0,,confirmed_static_unconditional,always,visible,2,down/front,candidate_value_domain_matches_confirmed_motion_pattern,16,0x10,1,0,event_source_bound_actor,strong_structural,controller pointer equals structural event trailer; 1 validated event source binding(s); field06D9=2 matches confirmed motion-pattern value down/front; reader linkage not yet proven; spawn=confirmed_static_unconditional,static_map_actor_selector_crosslink_20260930.csv;event_record_frame_catalog.csv;static_actor_event_dialogue_binding_20260930.csv;static_actor_spawn_conditions_20260930.csv;actor_motion_direction_pattern_table_20260930.csv
cfg_t04_l045_v2,0x70,F70-L021,0x3E,humanoid_like,unknown,CC:724B,confirmed_frame_trailer_pointer,7A_body16_7C_next_plus_1_16_00,0x7A->body16;0x7C->next_record_plus_1_16;0x00->terminator,static_event_head_opcode59_actor_controller,head_exact_placement_only,6,0,0,0,,confirmed_static_unconditional,always,visible,2,down/front,candidate_value_domain_matches_confirmed_motion_pattern,16,0x10,1,0,event_source_bound_actor,strong_structural,controller pointer equals structural event trailer; 1 validated event source binding(s); field06D9=2 matches confirmed motion-pattern value down/front; reader linkage not yet proven; spawn=confirmed_static_unconditional,static_map_actor_selector_crosslink_20260930.csv;event_record_frame_catalog.csv;static_actor_event_dialogue_binding_20260930.csv;static_actor_spawn_conditions_20260930.csv;actor_motion_direction_pattern_table_20260930.csv
cfg_t04_l045_v2,0x70,F70-L022,0x5A,humanoid_like,unknown,CC:725C,confirmed_frame_trailer_pointer,7A_body16_7C_next_plus_1_16_00,0x7A->body16;0x7C->next_record_plus_1_16;0x00->terminator,static_event_head_opcode59_actor_controller,head_exact_placement_only,6,0,0,0,,confirmed_static_unconditional,always,visible,2,down/front,candidate_value_domain_matches_confirmed_motion_pattern,16,0x10,1,0,event_source_bound_actor,strong_structural,controller pointer equals structural event trailer; 1 validated event source binding(s); field06D9=2 matches confirmed motion-pattern value down/front; reader linkage not yet proven; spawn=confirmed_static_unconditional,static_map_actor_selector_crosslink_20260930.csv;event_record_frame_catalog.csv;static_actor_event_dialogue_binding_20260930.csv;static_actor_spawn_conditions_20260930.csv;actor_motion_direction_pattern_table_20260930.csv
cfg_t04_l045_v2,0x70,F70-L023,0x40,humanoid_like,unknown,CC:726D,confirmed_frame_trailer_pointer,7A_body16_7C_next_plus_1_16_00,0x7A->body16;0x7C->next_record_plus_1_16;0x00->terminator,static_event_head_opcode59_actor_controller,head_exact_placement_only,6,0,0,0,,confirmed_static_unconditional,always,visible,2,down/front,candidate_value_domain_matches_confirmed_motion_pattern,16,0x10,1,0,event_source_bound_actor,strong_structural,controller pointer equals structural event trailer; 1 validated event source binding(s); field06D9=2 matches confirmed motion-pattern value down/front; reader linkage not yet proven; spawn=confirmed_static_unconditional,static_map_actor_selector_crosslink_20260930.csv;event_record_frame_catalog.csv;static_actor_event_dialogue_binding_20260930.csv;static_actor_spawn_conditions_20260930.csv;actor_motion_direction_pattern_table_20260930.csv
cfg_t04_l045_v2,0x70,F70-L024,0x42,humanoid_like,unknown,CC:727E,confirmed_frame_trailer_pointer,7A_body16_7C_next_plus_1_16_00,0x7A->body16;0x7C->next_record_plus_1_16;0x00->terminator,static_event_head_opcode59_actor_controller,head_exact_placement_only,6,0,0,0,,confirmed_static_unconditional,always,visible,2,down/front,candidate_value_domain_matches_confirmed_motion_pattern,16,0x10,1,0,event_source_bound_actor,strong_structural,controller pointer equals structural event trailer; 1 validated event source binding(s); field06D9=2 matches confirmed motion-pattern value down/front; reader linkage not yet proven; spawn=confirmed_static_unconditional,static_map_actor_selector_crosslink_20260930.csv;event_record_frame_catalog.csv;static_actor_event_dialogue_binding_20260930.csv;static_actor_spawn_conditions_20260930.csv;actor_motion_direction_pattern_table_20260930.csv
cfg_t07_l069_v2,0x71,F71-L001,0x24,humanoid_like,unknown,CC:740E,confirmed_frame_trailer_pointer,7A_body16_7C_next_plus_1_16_00,0x7A->body16;0x7C->next_record_plus_1_16;0x00->terminator,static_event_tail_opcode59_actor_controller,prefix_plus_tail_placement,10,4,4,0,,confirmed_static_flag,"flag_test(spec=0x84,wram=$1256,bit=4) == 0",candidate,2,down/front,candidate_value_domain_matches_confirmed_motion_pattern,16,0x10,0,0,placed_actor_no_validated_source,placement_only,controller pointer equals structural event trailer; no validated source selection; field06D9=2 matches confirmed motion-pattern value down/front; reader linkage not yet proven; spawn=confirmed_static_flag,static_map_actor_selector_crosslink_20260930.csv;event_record_frame_catalog.csv;static_actor_event_dialogue_binding_20260930.csv;static_actor_spawn_conditions_20260930.csv;actor_motion_direction_pattern_table_20260930.csv
cfg_t07_l069_v2,0x71,F71-L002,0x28,humanoid_like,unknown,CC:7423,confirmed_frame_trailer_pointer,7A_body16_7C_next_plus_1_16_00,0x7A->body16;0x7C->next_record_plus_1_16;0x00->terminator,static_event_tail_opcode59_actor_controller,prefix_plus_tail_placement,10,4,4,0,,confirmed_static_flag,"flag_test(spec=0x84,wram=$1256,bit=4) == 0",candidate,2,down/front,candidate_value_domain_matches_confirmed_motion_pattern,16,0x10,1,0,event_source_bound_actor,strong_structural,controller pointer equals structural event trailer; 1 validated event source binding(s); field06D9=2 matches confirmed motion-pattern value down/front; reader linkage not yet proven; spawn=confirmed_static_flag,static_map_actor_selector_crosslink_20260930.csv;event_record_frame_catalog.csv;static_actor_event_dialogue_binding_20260930.csv;static_actor_spawn_conditions_20260930.csv;actor_motion_direction_pattern_table_20260930.csv
cfg_t07_l078_v2,0x72,F72-L001,0x24,humanoid_like,unknown,CC:74D0,confirmed_frame_trailer_pointer,7A_body16_7C_next_plus_1_16_00,0x7A->body16;0x7C->next_record_plus_1_16;0x00->terminator,static_event_tail_opcode59_actor_controller,prefix_plus_tail_placement,17,11,11,0,,confirmed_static_branch_unresolved_predicate,vm_expression(08 B9 13 02 08 B9 13 03 E8) != 0,candidate,2,down/front,candidate_value_domain_matches_confirmed_motion_pattern,16,0x10,1,0,event_source_bound_actor,strong_structural,controller pointer equals structural event trailer; 1 validated event source binding(s); field06D9=2 matches confirmed motion-pattern value down/front; reader linkage not yet proven; spawn=confirmed_static_branch_unresolved_predicate,static_map_actor_selector_crosslink_20260930.csv;event_record_frame_catalog.csv;static_actor_event_dialogue_binding_20260930.csv;static_actor_spawn_conditions_20260930.csv;actor_motion_direction_pattern_table_20260930.csv
cfg_t07_l078_v2,0x72,F72-L002,0x59,humanoid_like,unknown,CC:74EC,confirmed_frame_trailer_pointer,7A_body16_7C_next_plus_1_16_00,0x7A->body16;0x7C->next_record_plus_1_16;0x00->terminator,static_event_tail_opcode59_actor_controller,prefix_plus_tail_placement,17,11,11,0,,confirmed_static_branch_unresolved_predicate,vm_expression(08 B9 13 02 08 B9 13 03 E8) != 0,candidate,2,down/front,candidate_value_domain_matches_confirmed_motion_pattern,16,0x10,1,0,event_source_bound_actor,strong_structural,controller pointer equals structural event trailer; 1 validated event source binding(s); field06D9=2 matches confirmed motion-pattern value down/front; reader linkage not yet proven; spawn=confirmed_static_branch_unresolved_predicate,static_map_actor_selector_crosslink_20260930.csv;event_record_frame_catalog.csv;static_actor_event_dialogue_binding_20260930.csv;static_actor_spawn_conditions_20260930.csv;actor_motion_direction_pattern_table_20260930.csv
cfg_t07_l078_v2,0x72,F72-L003,0x30,humanoid_like,unknown,CC:7508,confirmed_frame_trailer_pointer,7A_body16_7C_next_plus_1_16_00,0x7A->body16;0x7C->next_record_plus_1_16;0x00->terminator,static_event_tail_opcode59_actor_controller,prefix_plus_tail_placement,17,11,11,0,,confirmed_static_branch_unresolved_predicate,vm_expression(08 B9 13 02 08 B9 13 03 E8) != 0,candidate,1,right,candidate_value_domain_matches_confirmed_motion_pattern,16,0x10,1,0,event_source_bound_actor,strong_structural,controller pointer equals structural event trailer; 1 validated event source binding(s); field06D9=1 matches confirmed motion-pattern value right; reader linkage not yet proven; spawn=confirmed_static_branch_unresolved_predicate,static_map_actor_selector_crosslink_20260930.csv;event_record_frame_catalog.csv;static_actor_event_dialogue_binding_20260930.csv;static_actor_spawn_conditions_20260930.csv;actor_motion_direction_pattern_table_20260930.csv
cfg_t07_l078_v2,0x72,F72-L004,0x29,humanoid_like,unknown,CC:7524,confirmed_frame_trailer_pointer,7A_body16_7C_next_plus_1_16_00,0x7A->body16;0x7C->next_record_plus_1_16;0x00->terminator,static_event_tail_opcode59_actor_controller,prefix_plus_tail_placement,17,11,11,0,,confirmed_static_branch_unresolved_predicate,vm_expression(08 B9 13 06 08 B9 13 07 E8) != 0,candidate,2,down/front,candidate_value_domain_matches_confirmed_motion_pattern,16,0x10,1,0,event_source_bound_actor,strong_structural,controller pointer equals structural event trailer; 1 validated event source binding(s); field06D9=2 matches confirmed motion-pattern value down/front; reader linkage not yet proven; spawn=confirmed_static_branch_unresolved_predicate,static_map_actor_selector_crosslink_20260930.csv;event_record_frame_catalog.csv;static_actor_event_dialogue_binding_20260930.csv;static_actor_spawn_conditions_20260930.csv;actor_motion_direction_pattern_table_20260930.csv
cfg_t07_l078_v2,0x72,F72-L005,0x27,humanoid_like,unknown,CC:7540,confirmed_frame_trailer_pointer,7A_body16_7C_next_plus_1_16_00,0x7A->body16;0x7C->next_record_plus_1_16;0x00->terminator,static_event_tail_opcode59_actor_controller,prefix_plus_tail_placement,17,11,11,0,,confirmed_static_branch_unresolved_predicate,vm_expression(08 B9 13 06 08 B9 13 07 E8) != 0,candidate,2,down/front,candidate_value_domain_matches_confirmed_motion_pattern,16,0x10,1,0,event_source_bound_actor,strong_structural,controller pointer equals structural event trailer; 1 validated event source binding(s); field06D9=2 matches confirmed motion-pattern value down/front; reader linkage not yet proven; spawn=confirmed_static_branch_unresolved_predicate,static_map_actor_selector_crosslink_20260930.csv;event_record_frame_catalog.csv;static_actor_event_dialogue_binding_20260930.csv;static_actor_spawn_conditions_20260930.csv;actor_motion_direction_pattern_table_20260930.csv
cfg_t07_l078_v2,0x72,F72-L006,0x5B,humanoid_like,unknown,CC:755C,confirmed_frame_trailer_pointer,7A_body16_7C_next_plus_1_16_00,0x7A->body16;0x7C->next_record_plus_1_16;0x00->terminator,static_event_tail_opcode59_actor_controller,prefix_plus_tail_placement,17,11,11,0,,confirmed_static_branch_unresolved_predicate,vm_expression(08 B9 13 06 08 B9 13 07 E8) != 0,candidate,2,down/front,candidate_value_domain_matches_confirmed_motion_pattern,16,0x10,1,0,event_source_bound_actor,strong_structural,controller pointer equals structural event trailer; 1 validated event source binding(s); field06D9=2 matches confirmed motion-pattern value down/front; reader linkage not yet proven; spawn=confirmed_static_branch_unresolved_predicate,static_map_actor_selector_crosslink_20260930.csv;event_record_frame_catalog.csv;static_actor_event_dialogue_binding_20260930.csv;static_actor_spawn_conditions_20260930.csv;actor_motion_direction_pattern_table_20260930.csv
cfg_t07_l078_v2,0x72,F72-L007,0x28,humanoid_like,unknown,CC:7578,confirmed_frame_trailer_pointer,7A_body16_7C_next_plus_1_16_00,0x7A->body16;0x7C->next_record_plus_1_16;0x00->terminator,static_event_tail_opcode59_actor_controller,prefix_plus_tail_placement,17,11,11,0,,confirmed_static_branch_unresolved_predicate,vm_expression(08 B9 13 06 08 B9 13 07 E8) != 0,candidate,2,down/front,candidate_value_domain_matches_confirmed_motion_pattern,16,0x10,1,0,event_source_bound_actor,strong_structural,controller pointer equals structural event trailer; 1 validated event source binding(s); field06D9=2 matches confirmed motion-pattern value down/front; reader linkage not yet proven; spawn=confirmed_static_branch_unresolved_predicate,static_map_actor_selector_crosslink_20260930.csv;event_record_frame_catalog.csv;static_actor_event_dialogue_binding_20260930.csv;static_actor_spawn_conditions_20260930.csv;actor_motion_direction_pattern_table_20260930.csv
cfg_t07_l078_v2,0x72,F72-L008,0x2F,humanoid_like,unknown,CC:7594,confirmed_frame_trailer_pointer,7A_body16_7C_next_plus_1_16_00,0x7A->body16;0x7C->next_record_plus_1_16;0x00->terminator,static_event_tail_opcode59_actor_controller,prefix_plus_tail_placement,17,11,11,0,,confirmed_static_branch_unresolved_predicate,vm_expression(08 B9 13 08 08 B9 13 09 E8) != 0,candidate,2,down/front,candidate_value_domain_matches_confirmed_motion_pattern,16,0x10,1,0,event_source_bound_actor,strong_structural,controller pointer equals structural event trailer; 1 validated event source binding(s); field06D9=2 matches confirmed motion-pattern value down/front; reader linkage not yet proven; spawn=confirmed_static_branch_unresolved_predicate,static_map_actor_selector_crosslink_20260930.csv;event_record_frame_catalog.csv;static_actor_event_dialogue_binding_20260930.csv;static_actor_spawn_conditions_20260930.csv;actor_motion_direction_pattern_table_20260930.csv
cfg_t07_l078_v2,0x72,F72-L009,0x42,humanoid_like,unknown,CC:75B0,confirmed_frame_trailer_pointer,7A_body16_7C_next_plus_1_16_00,0x7A->body16;0x7C->next_record_plus_1_16;0x00->terminator,static_event_tail_opcode59_actor_controller,prefix_plus_tail_placement,17,11,11,0,,confirmed_static_branch_unresolved_predicate,vm_expression(08 B9 13 08 08 B9 13 09 E8) != 0,candidate,2,down/front,candidate_value_domain_matches_confirmed_motion_pattern,16,0x10,1,0,event_source_bound_actor,strong_structural,controller pointer equals structural event trailer; 1 validated event source binding(s); field06D9=2 matches confirmed motion-pattern value down/front; reader linkage not yet proven; spawn=confirmed_static_branch_unresolved_predicate,static_map_actor_selector_crosslink_20260930.csv;event_record_frame_catalog.csv;static_actor_event_dialogue_binding_20260930.csv;static_actor_spawn_conditions_20260930.csv;actor_motion_direction_pattern_table_20260930.csv
cfg_t07_l078_v2,0x72,F72-L010,0x59,humanoid_like,unknown,CC:75CC,confirmed_frame_trailer_pointer,7A_body16_7C_next_plus_1_16_00,0x7A->body16;0x7C->next_record_plus_1_16;0x00->terminator,static_event_tail_opcode59_actor_controller,prefix_plus_tail_placement,17,11,11,0,,confirmed_static_branch_unresolved_predicate,vm_expression(08 B9 13 08 08 B9 13 09 E8) != 0,candidate,4,up/back,candidate_value_domain_matches_confirmed_motion_pattern,16,0x10,1,0,event_source_bound_actor,strong_structural,controller pointer equals structural event trailer; 1 validated event source binding(s); field06D9=4 matches confirmed motion-pattern value up/back; reader linkage not yet proven; spawn=confirmed_static_branch_unresolved_predicate,static_map_actor_selector_crosslink_20260930.csv;event_record_frame_catalog.csv;static_actor_event_dialogue_binding_20260930.csv;static_actor_spawn_conditions_20260930.csv;actor_motion_direction_pattern_table_20260930.csv
cfg_t07_l078_v2,0x73,F73-L001,0x42,humanoid_like,unknown,CC:76D5,confirmed_frame_trailer_pointer,7A_body16_7C_next_plus_1_16_00,0x7A->body16;0x7C->next_record_plus_1_16;0x00->terminator,static_event_tail_opcode59_actor_controller,prefix_plus_tail_placement,17,11,11,0,,confirmed_static_branch_unresolved_predicate,vm_expression(08 B9 13 02 08 B9 13 03 E8) != 0,candidate,2,down/front,candidate_value_domain_matches_confirmed_motion_pattern,16,0x10,1,0,event_source_bound_actor,strong_structural,controller pointer equals structural event trailer; 1 validated event source binding(s); field06D9=2 matches confirmed motion-pattern value down/front; reader linkage not yet proven; spawn=confirmed_static_branch_unresolved_predicate,static_map_actor_selector_crosslink_20260930.csv;event_record_frame_catalog.csv;static_actor_event_dialogue_binding_20260930.csv;static_actor_spawn_conditions_20260930.csv;actor_motion_direction_pattern_table_20260930.csv
cfg_t07_l078_v2,0x73,F73-L002,0x59,humanoid_like,unknown,CC:76FB,confirmed_frame_trailer_pointer,7A_body16_7C_next_plus_1_16_00,0x7A->body16;0x7C->next_record_plus_1_16;0x00->terminator,static_event_tail_opcode59_actor_controller,prefix_plus_tail_placement,17,11,11,0,,confirmed_static_branch_unresolved_predicate,vm_expression(08 B9 13 04 08 B9 13 05 E8) != 0,candidate,2,down/front,candidate_value_domain_matches_confirmed_motion_pattern,16,0x10,2,0,event_source_bound_actor,strong_structural,controller pointer equals structural event trailer; 2 validated event source binding(s); field06D9=2 matches confirmed motion-pattern value down/front; reader linkage not yet proven; spawn=confirmed_static_branch_unresolved_predicate,static_map_actor_selector_crosslink_20260930.csv;event_record_frame_catalog.csv;static_actor_event_dialogue_binding_20260930.csv;static_actor_spawn_conditions_20260930.csv;actor_motion_direction_pattern_table_20260930.csv
cfg_t07_l078_v2,0x73,F73-L003,0x23,humanoid_like,unknown,CC:7717,confirmed_frame_trailer_pointer,7A_body16_7C_next_plus_1_16_00,0x7A->body16;0x7C->next_record_plus_1_16;0x00->terminator,static_event_tail_opcode59_actor_controller,prefix_plus_tail_placement,17,11,11,0,,confirmed_static_branch_unresolved_predicate,vm_expression(08 B9 13 04 08 B9 13 05 E8) != 0,candidate,2,down/front,candidate_value_domain_matches_confirmed_motion_pattern,16,0x10,1,0,event_source_bound_actor,strong_structural,controller pointer equals structural event trailer; 1 validated event source binding(s); field06D9=2 matches confirmed motion-pattern value down/front; reader linkage not yet proven; spawn=confirmed_static_branch_unresolved_predicate,static_map_actor_selector_crosslink_20260930.csv;event_record_frame_catalog.csv;static_actor_event_dialogue_binding_20260930.csv;static_actor_spawn_conditions_20260930.csv;actor_motion_direction_pattern_table_20260930.csv
cfg_t07_l078_v2,0x73,F73-L004,0x24,humanoid_like,unknown,CC:7733,confirmed_frame_trailer_pointer,7A_body16_7C_next_plus_1_16_00,0x7A->body16;0x7C->next_record_plus_1_16;0x00->terminator,static_event_tail_opcode59_actor_controller,prefix_plus_tail_placement,17,11,11,0,,confirmed_static_branch_unresolved_predicate,vm_expression(08 B9 13 06 08 B9 13 07 E8) != 0,candidate,2,down/front,candidate_value_domain_matches_confirmed_motion_pattern,16,0x10,1,0,event_source_bound_actor,strong_structural,controller pointer equals structural event trailer; 1 validated event source binding(s); field06D9=2 matches confirmed motion-pattern value down/front; reader linkage not yet proven; spawn=confirmed_static_branch_unresolved_predicate,static_map_actor_selector_crosslink_20260930.csv;event_record_frame_catalog.csv;static_actor_event_dialogue_binding_20260930.csv;static_actor_spawn_conditions_20260930.csv;actor_motion_direction_pattern_table_20260930.csv
cfg_t07_l078_v2,0x73,F73-L005,0x27,humanoid_like,unknown,CC:776E,confirmed_frame_trailer_pointer,7A_body16_7C_next_plus_1_16_00,0x7A->body16;0x7C->next_record_plus_1_16;0x00->terminator,static_event_tail_opcode59_actor_controller,prefix_plus_tail_placement,17,11,11,0,,confirmed_static_branch_unresolved_predicate,vm_expression(08 B9 13 06 08 B9 13 07 E8) != 0,candidate,2,down/front,candidate_value_domain_matches_confirmed_motion_pattern,16,0x10,4,0,event_source_bound_actor,strong_structural,controller pointer equals structural event trailer; 4 validated event source binding(s); field06D9=2 matches confirmed motion-pattern value down/front; reader linkage not yet proven; spawn=confirmed_static_branch_unresolved_predicate,static_map_actor_selector_crosslink_20260930.csv;event_record_frame_catalog.csv;static_actor_event_dialogue_binding_20260930.csv;static_actor_spawn_conditions_20260930.csv;actor_motion_direction_pattern_table_20260930.csv
cfg_t07_l078_v2,0x73,F73-L006,0x46,,unknown,CC:778A,confirmed_frame_trailer_pointer,7A_body16_7C_next_plus_1_16_00,0x7A->body16;0x7C->next_record_plus_1_16;0x00->terminator,static_event_tail_opcode59_actor_controller,prefix_plus_tail_placement,17,11,11,0,,confirmed_static_branch_unresolved_predicate,vm_expression(08 B9 13 06 08 B9 13 07 E8) != 0,candidate,2,down/front,candidate_value_domain_matches_confirmed_motion_pattern,16,0x10,1,0,event_source_bound_actor,strong_structural,controller pointer equals structural event trailer; 1 validated event source binding(s); field06D9=2 matches confirmed motion-pattern value down/front; reader linkage not yet proven; spawn=confirmed_static_branch_unresolved_predicate,static_map_actor_selector_crosslink_20260930.csv;event_record_frame_catalog.csv;static_actor_event_dialogue_binding_20260930.csv;static_actor_spawn_conditions_20260930.csv;actor_motion_direction_pattern_table_20260930.csv
cfg_t07_l078_v2,0x73,F73-L007,0x40,humanoid_like,unknown,CC:77A6,confirmed_frame_trailer_pointer,7A_body16_7C_next_plus_1_16_00,0x7A->body16;0x7C->next_record_plus_1_16;0x00->terminator,static_event_tail_opcode59_actor_controller,prefix_plus_tail_placement,17,11,11,0,,confirmed_static_branch_unresolved_predicate,vm_expression(08 B9 13 08 08 B9 13 09 E8) != 0,candidate,2,down/front,candidate_value_domain_matches_confirmed_motion_pattern,16,0x10,1,0,event_source_bound_actor,strong_structural,controller pointer equals structural event trailer; 1 validated event source binding(s); field06D9=2 matches confirmed motion-pattern value down/front; reader linkage not yet proven; spawn=confirmed_static_branch_unresolved_predicate,static_map_actor_selector_crosslink_20260930.csv;event_record_frame_catalog.csv;static_actor_event_dialogue_binding_20260930.csv;static_actor_spawn_conditions_20260930.csv;actor_motion_direction_pattern_table_20260930.csv
cfg_t07_l078_v2,0x73,F73-L008,0x5A,humanoid_like,unknown,CC:77C2,confirmed_frame_trailer_pointer,7A_body16_7C_next_plus_1_16_00,0x7A->body16;0x7C->next_record_plus_1_16;0x00->terminator,static_event_tail_opcode59_actor_controller,prefix_plus_tail_placement,17,11,11,0,,confirmed_static_branch_unresolved_predicate,vm_expression(08 B9 13 08 08 B9 13 09 E8) != 0,candidate,2,down/front,candidate_value_domain_matches_confirmed_motion_pattern,16,0x10,1,0,event_source_bound_actor,strong_structural,controller pointer equals structural event trailer; 1 validated event source binding(s); field06D9=2 matches confirmed motion-pattern value down/front; reader linkage not yet proven; spawn=confirmed_static_branch_unresolved_predicate,static_map_actor_selector_crosslink_20260930.csv;event_record_frame_catalog.csv;static_actor_event_dialogue_binding_20260930.csv;static_actor_spawn_conditions_20260930.csv;actor_motion_direction_pattern_table_20260930.csv
cfg_t50_l178_v1,0x75,F75-L001,0x42,humanoid_like,unknown,CC:8156,confirmed_frame_trailer_pointer,7A_body16_7C_next_plus_1_16_00,0x7A->body16;0x7C->next_record_plus_1_16;0x00->terminator,static_event_tail_opcode59_actor_controller,prefix_plus_tail_placement,11,5,5,0,,confirmed_static_branch_unresolved_predicate,vm_expression(7B 35 02) != 0,candidate,2,down/front,candidate_value_domain_matches_confirmed_motion_pattern,16,0x10,0,0,placed_actor_no_validated_source,placement_only,controller pointer equals structural event trailer; no validated source selection; field06D9=2 matches confirmed motion-pattern value down/front; reader linkage not yet proven; spawn=confirmed_static_branch_unresolved_predicate,static_map_actor_selector_crosslink_20260930.csv;event_record_frame_catalog.csv;static_actor_event_dialogue_binding_20260930.csv;static_actor_spawn_conditions_20260930.csv;actor_motion_direction_pattern_table_20260930.csv
cfg_t50_l178_v1,0x75,F75-L002,0x29,humanoid_like,unknown,CC:8172,confirmed_frame_trailer_pointer,7A_body16_7C_next_plus_1_16_00,0x7A->body16;0x7C->next_record_plus_1_16;0x00->terminator,static_event_tail_opcode59_actor_controller,prefix_plus_tail_placement,18,12,12,0,,unresolved_complex_control_flow,,candidate,2,down/front,candidate_value_domain_matches_confirmed_motion_pattern,16,0x10,0,0,placed_actor_no_validated_source,placement_only,controller pointer equals structural event trailer; no validated source selection; field06D9=2 matches confirmed motion-pattern value down/front; reader linkage not yet proven; spawn=unresolved_complex_control_flow,static_map_actor_selector_crosslink_20260930.csv;event_record_frame_catalog.csv;static_actor_event_dialogue_binding_20260930.csv;static_actor_spawn_conditions_20260930.csv;actor_motion_direction_pattern_table_20260930.csv
cfg_t50_l178_v1,0x75,F75-L003,0x29,humanoid_like,unknown,CC:8197,confirmed_frame_trailer_pointer,7A_body16_7C_next_plus_1_16_00,0x7A->body16;0x7C->next_record_plus_1_16;0x00->terminator,static_event_head_opcode59_actor_controller,head_exact_placement_only,6,0,0,0,,confirmed_static_unconditional,always,visible,2,down/front,candidate_value_domain_matches_confirmed_motion_pattern,16,0x10,2,0,event_source_bound_actor,strong_structural,controller pointer equals structural event trailer; 2 validated event source binding(s); field06D9=2 matches confirmed motion-pattern value down/front; reader linkage not yet proven; spawn=confirmed_static_unconditional,static_map_actor_selector_crosslink_20260930.csv;event_record_frame_catalog.csv;static_actor_event_dialogue_binding_20260930.csv;static_actor_spawn_conditions_20260930.csv;actor_motion_direction_pattern_table_20260930.csv
cfg_t50_l178_v1,0x75,F75-L004,0x29,humanoid_like,unknown,CC:81DD,confirmed_frame_trailer_pointer,7A_body16_7C_next_plus_1_16_00,0x7A->body16;0x7C->next_record_plus_1_16;0x00->terminator,static_event_head_opcode59_actor_controller,head_exact_placement_only,6,0,0,0,,confirmed_static_unconditional,always,visible,2,down/front,candidate_value_domain_matches_confirmed_motion_pattern,16,0x10,3,0,event_source_bound_actor,strong_structural,controller pointer equals structural event trailer; 3 validated event source binding(s); field06D9=2 matches confirmed motion-pattern value down/front; reader linkage not yet proven; spawn=confirmed_static_unconditional,static_map_actor_selector_crosslink_20260930.csv;event_record_frame_catalog.csv;static_actor_event_dialogue_binding_20260930.csv;static_actor_spawn_conditions_20260930.csv;actor_motion_direction_pattern_table_20260930.csv
cfg_t50_l178_v1,0x75,F75-L005,0x42,humanoid_like,unknown,CC:8200,confirmed_frame_trailer_pointer,7A_body16_7C_next_plus_1_16_00,0x7A->body16;0x7C->next_record_plus_1_16;0x00->terminator,static_event_tail_opcode59_actor_controller,prefix_plus_tail_placement,15,9,9,0,,confirmed_static_branch_unresolved_predicate,vm_expression(09 00 82 CC 7B 35 08) != 0,candidate,2,down/front,candidate_value_domain_matches_confirmed_motion_pattern,16,0x10,4,0,event_source_bound_actor,strong_structural,controller pointer equals structural event trailer; 4 validated event source binding(s); field06D9=2 matches confirmed motion-pattern value down/front; reader linkage not yet proven; spawn=confirmed_static_branch_unresolved_predicate,static_map_actor_selector_crosslink_20260930.csv;event_record_frame_catalog.csv;static_actor_event_dialogue_binding_20260930.csv;static_actor_spawn_conditions_20260930.csv;actor_motion_direction_pattern_table_20260930.csv
cfg_t50_l178_v1,0x75,F75-L006,0x40,humanoid_like,unknown,CC:821A,confirmed_frame_trailer_pointer,7A_body16_7C_next_plus_1_16_00,0x7A->body16;0x7C->next_record_plus_1_16;0x00->terminator,static_event_tail_opcode59_actor_controller,prefix_plus_tail_placement,15,9,9,0,,confirmed_static_branch_unresolved_predicate,vm_expression(09 1A 82 CC 7B 35 08) != 0,candidate,2,down/front,candidate_value_domain_matches_confirmed_motion_pattern,16,0x10,1,0,event_source_bound_actor,strong_structural,controller pointer equals structural event trailer; 1 validated event source binding(s); field06D9=2 matches confirmed motion-pattern value down/front; reader linkage not yet proven; spawn=confirmed_static_branch_unresolved_predicate,static_map_actor_selector_crosslink_20260930.csv;event_record_frame_catalog.csv;static_actor_event_dialogue_binding_20260930.csv;static_actor_spawn_conditions_20260930.csv;actor_motion_direction_pattern_table_20260930.csv
cfg_t50_l178_v1,0x75,F75-L007,0x5A,humanoid_like,unknown,CC:823F,confirmed_frame_trailer_pointer,7A_body16_7C_next_plus_1_16_00,0x7A->body16;0x7C->next_record_plus_1_16;0x00->terminator,static_event_tail_opcode59_actor_controller,prefix_plus_tail_placement,15,9,9,0,,confirmed_static_branch_unresolved_predicate,vm_expression(09 3F 82 CC 7B 35 08) != 0,candidate,2,down/front,candidate_value_domain_matches_confirmed_motion_pattern,16,0x10,1,0,event_source_bound_actor,strong_structural,controller pointer equals structural event trailer; 1 validated event source binding(s); field06D9=2 matches confirmed motion-pattern value down/front; reader linkage not yet proven; spawn=confirmed_static_branch_unresolved_predicate,static_map_actor_selector_crosslink_20260930.csv;event_record_frame_catalog.csv;static_actor_event_dialogue_binding_20260930.csv;static_actor_spawn_conditions_20260930.csv;actor_motion_direction_pattern_table_20260930.csv
cfg_t50_l178_v1,0x75,F75-L008,0x40,humanoid_like,unknown,CC:8264,confirmed_frame_trailer_pointer,7A_body16_7C_next_plus_1_16_00,0x7A->body16;0x7C->next_record_plus_1_16;0x00->terminator,static_event_tail_opcode59_actor_controller,prefix_plus_tail_placement,15,9,9,0,,confirmed_static_branch_unresolved_predicate,vm_expression(09 64 82 CC 7B 35 08) != 0,candidate,2,down/front,candidate_value_domain_matches_confirmed_motion_pattern,16,0x10,1,0,event_source_bound_actor,strong_structural,controller pointer equals structural event trailer; 1 validated event source binding(s); field06D9=2 matches confirmed motion-pattern value down/front; reader linkage not yet proven; spawn=confirmed_static_branch_unresolved_predicate,static_map_actor_selector_crosslink_20260930.csv;event_record_frame_catalog.csv;static_actor_event_dialogue_binding_20260930.csv;static_actor_spawn_conditions_20260930.csv;actor_motion_direction_pattern_table_20260930.csv
cfg_t50_l178_v1,0x75,F75-L009,0x5A,humanoid_like,unknown,CC:8287,confirmed_frame_trailer_pointer,7A_body16_7C_next_plus_1_16_00,0x7A->body16;0x7C->next_record_plus_1_16;0x00->terminator,static_event_tail_opcode59_actor_controller,prefix_plus_tail_placement,15,9,9,0,,confirmed_static_branch_unresolved_predicate,vm_expression(09 87 82 CC 7B 35 08) != 0,candidate,2,down/front,candidate_value_domain_matches_confirmed_motion_pattern,16,0x10,1,0,event_source_bound_actor,strong_structural,controller pointer equals structural event trailer; 1 validated event source binding(s); field06D9=2 matches confirmed motion-pattern value down/front; reader linkage not yet proven; spawn=confirmed_static_branch_unresolved_predicate,static_map_actor_selector_crosslink_20260930.csv;event_record_frame_catalog.csv;static_actor_event_dialogue_binding_20260930.csv;static_actor_spawn_conditions_20260930.csv;actor_motion_direction_pattern_table_20260930.csv
cfg_t50_l178_v1,0x75,F75-L010,0x40,humanoid_like,unknown,CC:82AD,confirmed_frame_trailer_pointer,7A_body16_7C_next_plus_1_16_00,0x7A->body16;0x7C->next_record_plus_1_16;0x00->terminator,static_event_tail_opcode59_actor_controller,prefix_plus_tail_placement,15,9,9,0,,confirmed_static_branch_unresolved_predicate,vm_expression(09 AD 82 CC 7B 35 08) != 0,candidate,2,down/front,candidate_value_domain_matches_confirmed_motion_pattern,16,0x10,1,0,event_source_bound_actor,strong_structural,controller pointer equals structural event trailer; 1 validated event source binding(s); field06D9=2 matches confirmed motion-pattern value down/front; reader linkage not yet proven; spawn=confirmed_static_branch_unresolved_predicate,static_map_actor_selector_crosslink_20260930.csv;event_record_frame_catalog.csv;static_actor_event_dialogue_binding_20260930.csv;static_actor_spawn_conditions_20260930.csv;actor_motion_direction_pattern_table_20260930.csv
cfg_t50_l178_v1,0x75,F75-L011,0x5A,humanoid_like,unknown,CC:82D2,confirmed_frame_trailer_pointer,7A_body16_7C_next_plus_1_16_00,0x7A->body16;0x7C->next_record_plus_1_16;0x00->terminator,static_event_tail_opcode59_actor_controller,prefix_plus_tail_placement,15,9,9,0,,confirmed_static_branch_unresolved_predicate,vm_expression(09 D2 82 CC 7B 35 08) != 0,candidate,2,down/front,candidate_value_domain_matches_confirmed_motion_pattern,16,0x10,1,0,event_source_bound_actor,strong_structural,controller pointer equals structural event trailer; 1 validated event source binding(s); field06D9=2 matches confirmed motion-pattern value down/front; reader linkage not yet proven; spawn=confirmed_static_branch_unresolved_predicate,static_map_actor_selector_crosslink_20260930.csv;event_record_frame_catalog.csv;static_actor_event_dialogue_binding_20260930.csv;static_actor_spawn_conditions_20260930.csv;actor_motion_direction_pattern_table_20260930.csv
cfg_t50_l178_v1,0x75,F75-L012,0x40,humanoid_like,unknown,CC:82F7,confirmed_frame_trailer_pointer,7A_body16_7C_next_plus_1_16_00,0x7A->body16;0x7C->next_record_plus_1_16;0x00->terminator,static_event_tail_opcode59_actor_controller,prefix_plus_tail_placement,15,9,9,0,,confirmed_static_branch_unresolved_predicate,vm_expression(09 F7 82 CC 7B 35 08) != 0,candidate,2,down/front,candidate_value_domain_matches_confirmed_motion_pattern,16,0x10,1,0,event_source_bound_actor,strong_structural,controller pointer equals structural event trailer; 1 validated event source binding(s); field06D9=2 matches confirmed motion-pattern value down/front; reader linkage not yet proven; spawn=confirmed_static_branch_unresolved_predicate,static_map_actor_selector_crosslink_20260930.csv;event_record_frame_catalog.csv;static_actor_event_dialogue_binding_20260930.csv;static_actor_spawn_conditions_20260930.csv;actor_motion_direction_pattern_table_20260930.csv
cfg_t50_l178_v1,0x75,F75-L013,0x29,humanoid_like,unknown,CC:8492,confirmed_frame_trailer_pointer,7A_body16_7C_next_plus_1_16_00,0x7A->body16;0x7C->next_record_plus_1_16;0x00->terminator,static_event_head_opcode59_actor_controller,head_exact_placement_only,6,0,0,0,,confirmed_static_unconditional,always,visible,3,left,candidate_value_domain_matches_confirmed_motion_pattern,16,0x10,1,0,event_source_bound_actor,strong_structural,controller pointer equals structural event trailer; 1 validated event source binding(s); field06D9=3 matches confirmed motion-pattern value left; reader linkage not yet proven; spawn=confirmed_static_unconditional,static_map_actor_selector_crosslink_20260930.csv;event_record_frame_catalog.csv;static_actor_event_dialogue_binding_20260930.csv;static_actor_spawn_conditions_20260930.csv;actor_motion_direction_pattern_table_20260930.csv
cfg_t50_l178_v1,0x75,F75-L014,0x05,,unknown,CC:84DF,confirmed_frame_trailer_pointer,7A_body16_7C_next_plus_1_16_00,0x7A->body16;0x7C->next_record_plus_1_16;0x00->terminator,static_event_tail_opcode59_actor_controller,prefix_plus_tail_placement,18,12,12,0,,confirmed_static_branch_unresolved_predicate,vm_expression(C5 D5 29 19 E0 A0 F6 88 CC B6) != 0,candidate,2,down/front,candidate_value_domain_matches_confirmed_motion_pattern,16,0x10,2,0,event_source_bound_actor,strong_structural,controller pointer equals structural event trailer; 2 validated event source binding(s); field06D9=2 matches confirmed motion-pattern value down/front; reader linkage not yet proven; spawn=confirmed_static_branch_unresolved_predicate,static_map_actor_selector_crosslink_20260930.csv;event_record_frame_catalog.csv;static_actor_event_dialogue_binding_20260930.csv;static_actor_spawn_conditions_20260930.csv;actor_motion_direction_pattern_table_20260930.csv
cfg_t50_l178_v1,0x75,F75-L015,0x02,,unknown,CC:8515,confirmed_frame_trailer_pointer,7A_body16_7C_next_plus_1_16_00,0x7A->body16;0x7C->next_record_plus_1_16;0x00->terminator,static_event_tail_opcode59_actor_controller,prefix_plus_tail_placement,18,12,12,0,,confirmed_static_branch_unresolved_predicate,vm_expression(C2 D5 29 19 E0 A0 F6 88 CC B6) != 0,candidate,2,down/front,candidate_value_domain_matches_confirmed_motion_pattern,16,0x10,2,0,event_source_bound_actor,strong_structural,controller pointer equals structural event trailer; 2 validated event source binding(s); field06D9=2 matches confirmed motion-pattern value down/front; reader linkage not yet proven; spawn=confirmed_static_branch_unresolved_predicate,static_map_actor_selector_crosslink_20260930.csv;event_record_frame_catalog.csv;static_actor_event_dialogue_binding_20260930.csv;static_actor_spawn_conditions_20260930.csv;actor_motion_direction_pattern_table_20260930.csv
cfg_t50_l178_v1,0x75,F75-L016,0x03,humanoid_like,unknown,CC:854B,confirmed_frame_trailer_pointer,7A_body16_7C_next_plus_1_16_00,0x7A->body16;0x7C->next_record_plus_1_16;0x00->terminator,static_event_tail_opcode59_actor_controller,prefix_plus_tail_placement,18,12,12,0,,confirmed_static_branch_unresolved_predicate,vm_expression(C3 D5 29 19 E0 A0 F6 88 CC B6) != 0,candidate,2,down/front,candidate_value_domain_matches_confirmed_motion_pattern,16,0x10,2,0,event_source_bound_actor,strong_structural,controller pointer equals structural event trailer; 2 validated event source binding(s); field06D9=2 matches confirmed motion-pattern value down/front; reader linkage not yet proven; spawn=confirmed_static_branch_unresolved_predicate,static_map_actor_selector_crosslink_20260930.csv;event_record_frame_catalog.csv;static_actor_event_dialogue_binding_20260930.csv;static_actor_spawn_conditions_20260930.csv;actor_motion_direction_pattern_table_20260930.csv
cfg_t50_l178_v1,0x75,F75-L017,0x04,,unknown,CC:8581,confirmed_frame_trailer_pointer,7A_body16_7C_next_plus_1_16_00,0x7A->body16;0x7C->next_record_plus_1_16;0x00->terminator,static_event_tail_opcode59_actor_controller,prefix_plus_tail_placement,18,12,12,0,,confirmed_static_branch_unresolved_predicate,vm_expression(C4 D5 29 19 E0 A0 F6 88 CC B6) != 0,candidate,2,down/front,candidate_value_domain_matches_confirmed_motion_pattern,16,0x10,2,0,event_source_bound_actor,strong_structural,controller pointer equals structural event trailer; 2 validated event source binding(s); field06D9=2 matches confirmed motion-pattern value down/front; reader linkage not yet proven; spawn=confirmed_static_branch_unresolved_predicate,static_map_actor_selector_crosslink_20260930.csv;event_record_frame_catalog.csv;static_actor_event_dialogue_binding_20260930.csv;static_actor_spawn_conditions_20260930.csv;actor_motion_direction_pattern_table_20260930.csv
cfg_t50_l178_v1,0x75,F75-L018,0x09,,unknown,CC:85B7,confirmed_frame_trailer_pointer,7A_body16_7C_next_plus_1_16_00,0x7A->body16;0x7C->next_record_plus_1_16;0x00->terminator,static_event_tail_opcode59_actor_controller,prefix_plus_tail_placement,18,12,12,0,,confirmed_static_branch_unresolved_predicate,vm_expression(C9 D5 29 19 E0 A0 F6 88 CC B6) != 0,candidate,2,down/front,candidate_value_domain_matches_confirmed_motion_pattern,16,0x10,2,0,event_source_bound_actor,strong_structural,controller pointer equals structural event trailer; 2 validated event source binding(s); field06D9=2 matches confirmed motion-pattern value down/front; reader linkage not yet proven; spawn=confirmed_static_branch_unresolved_predicate,static_map_actor_selector_crosslink_20260930.csv;event_record_frame_catalog.csv;static_actor_event_dialogue_binding_20260930.csv;static_actor_spawn_conditions_20260930.csv;actor_motion_direction_pattern_table_20260930.csv
cfg_t50_l178_v1,0x75,F75-L019,0x06,,unknown,CC:85ED,confirmed_frame_trailer_pointer,7A_body16_7C_next_plus_1_16_00,0x7A->body16;0x7C->next_record_plus_1_16;0x00->terminator,static_event_tail_opcode59_actor_controller,prefix_plus_tail_placement,18,12,12,0,,confirmed_static_branch_unresolved_predicate,vm_expression(C6 D5 29 19 E0 A0 F6 88 CC B6) != 0,candidate,2,down/front,candidate_value_domain_matches_confirmed_motion_pattern,16,0x10,2,0,event_source_bound_actor,strong_structural,controller pointer equals structural event trailer; 2 validated event source binding(s); field06D9=2 matches confirmed motion-pattern value down/front; reader linkage not yet proven; spawn=confirmed_static_branch_unresolved_predicate,static_map_actor_selector_crosslink_20260930.csv;event_record_frame_catalog.csv;static_actor_event_dialogue_binding_20260930.csv;static_actor_spawn_conditions_20260930.csv;actor_motion_direction_pattern_table_20260930.csv
cfg_t50_l178_v1,0x75,F75-L020,0x07,,unknown,CC:8623,confirmed_frame_trailer_pointer,7A_body16_7C_next_plus_1_16_00,0x7A->body16;0x7C->next_record_plus_1_16;0x00->terminator,static_event_tail_opcode59_actor_controller,prefix_plus_tail_placement,18,12,12,0,,confirmed_static_branch_unresolved_predicate,vm_expression(C7 D5 29 19 E0 A0 F6 88 CC B6) != 0,candidate,2,down/front,candidate_value_domain_matches_confirmed_motion_pattern,16,0x10,2,0,event_source_bound_actor,strong_structural,controller pointer equals structural event trailer; 2 validated event source binding(s); field06D9=2 matches confirmed motion-pattern value down/front; reader linkage not yet proven; spawn=confirmed_static_branch_unresolved_predicate,static_map_actor_selector_crosslink_20260930.csv;event_record_frame_catalog.csv;static_actor_event_dialogue_binding_20260930.csv;static_actor_spawn_conditions_20260930.csv;actor_motion_direction_pattern_table_20260930.csv
cfg_t50_l178_v1,0x75,F75-L021,0x11,plant_or_effect_like,effect,CC:8659,confirmed_frame_trailer_pointer,7A_body16_7C_next_plus_1_16_00,0x7A->body16;0x7C->next_record_plus_1_16;0x00->terminator,static_event_tail_opcode59_actor_controller,prefix_plus_tail_placement,19,13,13,0,,confirmed_static_branch_unresolved_predicate,vm_expression(CE 11 D5 29 19 E0 A0 F6 88 CC B6) != 0,candidate,2,down/front,candidate_value_domain_matches_confirmed_motion_pattern,16,0x10,2,0,event_source_bound_actor,strong_structural,controller pointer equals structural event trailer; 2 validated event source binding(s); field06D9=2 matches confirmed motion-pattern value down/front; reader linkage not yet proven; spawn=confirmed_static_branch_unresolved_predicate,static_map_actor_selector_crosslink_20260930.csv;event_record_frame_catalog.csv;static_actor_event_dialogue_binding_20260930.csv;static_actor_spawn_conditions_20260930.csv;actor_motion_direction_pattern_table_20260930.csv
cfg_t50_l178_v1,0x75,F75-L022,0x0F,small_creature_like,unknown,CC:8691,confirmed_frame_trailer_pointer,7A_body16_7C_next_plus_1_16_00,0x7A->body16;0x7C->next_record_plus_1_16;0x00->terminator,static_event_tail_opcode59_actor_controller,prefix_plus_tail_placement,19,13,13,0,,confirmed_static_branch_unresolved_predicate,vm_expression(CE 0F D5 29 19 E0 A0 F6 88 CC B6) != 0,candidate,2,down/front,candidate_value_domain_matches_confirmed_motion_pattern,16,0x10,2,0,event_source_bound_actor,strong_structural,controller pointer equals structural event trailer; 2 validated event source binding(s); field06D9=2 matches confirmed motion-pattern value down/front; reader linkage not yet proven; spawn=confirmed_static_branch_unresolved_predicate,static_map_actor_selector_crosslink_20260930.csv;event_record_frame_catalog.csv;static_actor_event_dialogue_binding_20260930.csv;static_actor_spawn_conditions_20260930.csv;actor_motion_direction_pattern_table_20260930.csv
cfg_t50_l178_v1,0x75,F75-L023,0x10,humanoid_like,unknown,CC:86C9,confirmed_frame_trailer_pointer,7A_body16_7C_next_plus_1_16_00,0x7A->body16;0x7C->next_record_plus_1_16;0x00->terminator,static_event_tail_opcode59_actor_controller,prefix_plus_tail_placement,19,13,13,0,,confirmed_static_branch_unresolved_predicate,vm_expression(CE 10 D5 29 19 E0 A0 F6 88 CC B6) != 0,candidate,2,down/front,candidate_value_domain_matches_confirmed_motion_pattern,16,0x10,2,0,event_source_bound_actor,strong_structural,controller pointer equals structural event trailer; 2 validated event source binding(s); field06D9=2 matches confirmed motion-pattern value down/front; reader linkage not yet proven; spawn=confirmed_static_branch_unresolved_predicate,static_map_actor_selector_crosslink_20260930.csv;event_record_frame_catalog.csv;static_actor_event_dialogue_binding_20260930.csv;static_actor_spawn_conditions_20260930.csv;actor_motion_direction_pattern_table_20260930.csv
cfg_t50_l178_v1,0x75,F75-L024,0x08,,unknown,CC:8701,confirmed_frame_trailer_pointer,7A_body16_7C_next_plus_1_16_00,0x7A->body16;0x7C->next_record_plus_1_16;0x00->terminator,static_event_tail_opcode59_actor_controller,prefix_plus_tail_placement,18,12,12,0,,confirmed_static_branch_unresolved_predicate,vm_expression(C8 D5 29 19 E0 A0 F6 88 CC B6) != 0,candidate,2,down/front,candidate_value_domain_matches_confirmed_motion_pattern,16,0x10,2,0,event_source_bound_actor,strong_structural,controller pointer equals structural event trailer; 2 validated event source binding(s); field06D9=2 matches confirmed motion-pattern value down/front; reader linkage not yet proven; spawn=confirmed_static_branch_unresolved_predicate,static_map_actor_selector_crosslink_20260930.csv;event_record_frame_catalog.csv;static_actor_event_dialogue_binding_20260930.csv;static_actor_spawn_conditions_20260930.csv;actor_motion_direction_pattern_table_20260930.csv
cfg_t50_l178_v1,0x75,F75-L025,0x12,,unknown,CC:8737,confirmed_frame_trailer_pointer,7A_body16_7C_next_plus_1_16_00,0x7A->body16;0x7C->next_record_plus_1_16;0x00->terminator,static_event_tail_opcode59_actor_controller,prefix_plus_tail_placement,19,13,13,0,,confirmed_static_branch_unresolved_predicate,vm_expression(CE 12 D5 29 19 E0 A0 F6 88 CC B6) != 0,candidate,2,down/front,candidate_value_domain_matches_confirmed_motion_pattern,16,0x10,2,0,event_source_bound_actor,strong_structural,controller pointer equals structural event trailer; 2 validated event source binding(s); field06D9=2 matches confirmed motion-pattern value down/front; reader linkage not yet proven; spawn=confirmed_static_branch_unresolved_predicate,static_map_actor_selector_crosslink_20260930.csv;event_record_frame_catalog.csv;static_actor_event_dialogue_binding_20260930.csv;static_actor_spawn_conditions_20260930.csv;actor_motion_direction_pattern_table_20260930.csv
cfg_t50_l178_v1,0x75,F75-L026,0x13,,unknown,CC:876F,confirmed_frame_trailer_pointer,7A_body16_7C_next_plus_1_16_00,0x7A->body16;0x7C->next_record_plus_1_16;0x00->terminator,static_event_tail_opcode59_actor_controller,prefix_plus_tail_placement,19,13,13,0,,confirmed_static_branch_unresolved_predicate,vm_expression(CE 13 D5 29 19 E0 A0 F6 88 CC B6) != 0,candidate,2,down/front,candidate_value_domain_matches_confirmed_motion_pattern,16,0x10,2,0,event_source_bound_actor,strong_structural,controller pointer equals structural event trailer; 2 validated event source binding(s); field06D9=2 matches confirmed motion-pattern value down/front; reader linkage not yet proven; spawn=confirmed_static_branch_unresolved_predicate,static_map_actor_selector_crosslink_20260930.csv;event_record_frame_catalog.csv;static_actor_event_dialogue_binding_20260930.csv;static_actor_spawn_conditions_20260930.csv;actor_motion_direction_pattern_table_20260930.csv
cfg_t50_l178_v1,0x75,F75-L027,0x0D,,unknown,CC:87A7,confirmed_frame_trailer_pointer,7A_body16_7C_next_plus_1_16_00,0x7A->body16;0x7C->next_record_plus_1_16;0x00->terminator,static_event_tail_opcode59_actor_controller,prefix_plus_tail_placement,18,12,12,0,,confirmed_static_branch_unresolved_predicate,vm_expression(CD D5 29 19 E0 A0 F6 88 CC B6) != 0,candidate,2,down/front,candidate_value_domain_matches_confirmed_motion_pattern,16,0x10,2,0,event_source_bound_actor,strong_structural,controller pointer equals structural event trailer; 2 validated event source binding(s); field06D9=2 matches confirmed motion-pattern value down/front; reader linkage not yet proven; spawn=confirmed_static_branch_unresolved_predicate,static_map_actor_selector_crosslink_20260930.csv;event_record_frame_catalog.csv;static_actor_event_dialogue_binding_20260930.csv;static_actor_spawn_conditions_20260930.csv;actor_motion_direction_pattern_table_20260930.csv
cfg_t50_l178_v1,0x75,F75-L028,0x0E,monster_like,unknown,CC:87DD,confirmed_frame_trailer_pointer,7A_body16_7C_next_plus_1_16_00,0x7A->body16;0x7C->next_record_plus_1_16;0x00->terminator,static_event_tail_opcode59_actor_controller,prefix_plus_tail_placement,19,13,13,0,,confirmed_static_branch_unresolved_predicate,vm_expression(CE 0E D5 29 19 E0 A0 F6 88 CC B6) != 0,candidate,2,down/front,candidate_value_domain_matches_confirmed_motion_pattern,16,0x10,2,0,event_source_bound_actor,strong_structural,controller pointer equals structural event trailer; 2 validated event source binding(s); field06D9=2 matches confirmed motion-pattern value down/front; reader linkage not yet proven; spawn=confirmed_static_branch_unresolved_predicate,static_map_actor_selector_crosslink_20260930.csv;event_record_frame_catalog.csv;static_actor_event_dialogue_binding_20260930.csv;static_actor_spawn_conditions_20260930.csv;actor_motion_direction_pattern_table_20260930.csv
cfg_t50_l178_v1,0x75,F75-L029,0x14,,unknown,CC:8815,confirmed_frame_trailer_pointer,7A_body16_7C_next_plus_1_16_00,0x7A->body16;0x7C->next_record_plus_1_16;0x00->terminator,static_event_tail_opcode59_actor_controller,prefix_plus_tail_placement,19,13,13,0,,confirmed_static_branch_unresolved_predicate,vm_expression(CE 14 D5 29 19 E0 A0 F6 88 CC B6) != 0,candidate,2,down/front,candidate_value_domain_matches_confirmed_motion_pattern,16,0x10,2,0,event_source_bound_actor,strong_structural,controller pointer equals structural event trailer; 2 validated event source binding(s); field06D9=2 matches confirmed motion-pattern value down/front; reader linkage not yet proven; spawn=confirmed_static_branch_unresolved_predicate,static_map_actor_selector_crosslink_20260930.csv;event_record_frame_catalog.csv;static_actor_event_dialogue_binding_20260930.csv;static_actor_spawn_conditions_20260930.csv;actor_motion_direction_pattern_table_20260930.csv
cfg_t50_l178_v1,0x75,F75-L030,0x0A,,unknown,CC:884D,confirmed_frame_trailer_pointer,7A_body16_7C_next_plus_1_16_00,0x7A->body16;0x7C->next_record_plus_1_16;0x00->terminator,static_event_tail_opcode59_actor_controller,prefix_plus_tail_placement,18,12,12,0,,confirmed_static_branch_unresolved_predicate,vm_expression(CA D5 29 19 E0 A0 F6 88 CC B6) != 0,candidate,2,down/front,candidate_value_domain_matches_confirmed_motion_pattern,16,0x10,2,0,event_source_bound_actor,strong_structural,controller pointer equals structural event trailer; 2 validated event source binding(s); field06D9=2 matches confirmed motion-pattern value down/front; reader linkage not yet proven; spawn=confirmed_static_branch_unresolved_predicate,static_map_actor_selector_crosslink_20260930.csv;event_record_frame_catalog.csv;static_actor_event_dialogue_binding_20260930.csv;static_actor_spawn_conditions_20260930.csv;actor_motion_direction_pattern_table_20260930.csv
cfg_t50_l178_v1,0x75,F75-L031,0x6A,,unknown,CC:8883,confirmed_frame_trailer_pointer,7A_body16_7C_next_plus_1_16_00,0x7A->body16;0x7C->next_record_plus_1_16;0x00->terminator,static_event_tail_opcode59_actor_controller,prefix_plus_tail_placement,18,12,12,0,,confirmed_static_branch_unresolved_predicate,vm_expression(CC D5 29 19 E0 A0 F6 88 CC B6) != 0,candidate,2,down/front,candidate_value_domain_matches_confirmed_motion_pattern,16,0x10,2,0,event_source_bound_actor,strong_structural,controller pointer equals structural event trailer; 2 validated event source binding(s); field06D9=2 matches confirmed motion-pattern value down/front; reader linkage not yet proven; spawn=confirmed_static_branch_unresolved_predicate,static_map_actor_selector_crosslink_20260930.csv;event_record_frame_catalog.csv;static_actor_event_dialogue_binding_20260930.csv;static_actor_spawn_conditions_20260930.csv;actor_motion_direction_pattern_table_20260930.csv
cfg_t50_l178_v1,0x75,F75-L032,0x0B,,unknown,CC:88B9,confirmed_frame_trailer_pointer,7A_body16_7C_next_plus_1_16_00,0x7A->body16;0x7C->next_record_plus_1_16;0x00->terminator,static_event_tail_opcode59_actor_controller,prefix_plus_tail_placement,18,12,12,0,,confirmed_static_branch_unresolved_predicate,vm_expression(CB D5 29 19 E0 A0 F6 88 CC B6) != 0,candidate,2,down/front,candidate_value_domain_matches_confirmed_motion_pattern,16,0x10,2,0,event_source_bound_actor,strong_structural,controller pointer equals structural event trailer; 2 validated event source binding(s); field06D9=2 matches confirmed motion-pattern value down/front; reader linkage not yet proven; spawn=confirmed_static_branch_unresolved_predicate,static_map_actor_selector_crosslink_20260930.csv;event_record_frame_catalog.csv;static_actor_event_dialogue_binding_20260930.csv;static_actor_spawn_conditions_20260930.csv;actor_motion_direction_pattern_table_20260930.csv
cfg_t46_l170_v2,0x78,F78-L001,0x29,humanoid_like,unknown,CC:9313,confirmed_frame_trailer_pointer,7A_body16_7C_next_plus_1_16_00,0x7A->body16;0x7C->next_record_plus_1_16;0x00->terminator,static_event_head_opcode59_actor_controller,head_exact_placement_only,6,0,0,0,,confirmed_static_unconditional,always,visible,2,down/front,candidate_value_domain_matches_confirmed_motion_pattern,65,0x41,1,0,event_source_bound_actor,strong_structural,controller pointer equals structural event trailer; 1 validated event source binding(s); field06D9=2 matches confirmed motion-pattern value down/front; reader linkage not yet proven; spawn=confirmed_static_unconditional,static_map_actor_selector_crosslink_20260930.csv;event_record_frame_catalog.csv;static_actor_event_dialogue_binding_20260930.csv;static_actor_spawn_conditions_20260930.csv;actor_motion_direction_pattern_table_20260930.csv
cfg_t46_l170_v2,0x78,F78-L002,0x29,humanoid_like,unknown,CC:9324,confirmed_frame_trailer_pointer,7A_body16_7C_next_plus_1_16_00,0x7A->body16;0x7C->next_record_plus_1_16;0x00->terminator,static_event_head_opcode59_actor_controller,head_exact_placement_only,6,0,0,0,,confirmed_static_unconditional,always,visible,2,down/front,candidate_value_domain_matches_confirmed_motion_pattern,0,0x00,1,0,event_source_bound_actor,strong_structural,controller pointer equals structural event trailer; 1 validated event source binding(s); field06D9=2 matches confirmed motion-pattern value down/front; reader linkage not yet proven; spawn=confirmed_static_unconditional,static_map_actor_selector_crosslink_20260930.csv;event_record_frame_catalog.csv;static_actor_event_dialogue_binding_20260930.csv;static_actor_spawn_conditions_20260930.csv;actor_motion_direction_pattern_table_20260930.csv
cfg_t46_l170_v2,0x78,F78-L003,0x29,humanoid_like,unknown,CC:9335,confirmed_frame_trailer_pointer,7A_body16_7C_next_plus_1_16_00,0x7A->body16;0x7C->next_record_plus_1_16;0x00->terminator,static_event_head_opcode59_actor_controller,head_exact_placement_only,6,0,0,0,,confirmed_static_unconditional,always,visible,2,down/front,candidate_value_domain_matches_confirmed_motion_pattern,0,0x00,1,0,event_source_bound_actor,strong_structural,controller pointer equals structural event trailer; 1 validated event source binding(s); field06D9=2 matches confirmed motion-pattern value down/front; reader linkage not yet proven; spawn=confirmed_static_unconditional,static_map_actor_selector_crosslink_20260930.csv;event_record_frame_catalog.csv;static_actor_event_dialogue_binding_20260930.csv;static_actor_spawn_conditions_20260930.csv;actor_motion_direction_pattern_table_20260930.csv
cfg_t46_l170_v2,0x78,F78-L004,0x3F,humanoid_like,unknown,CC:9346,confirmed_frame_trailer_pointer,7A_body16_7C_next_plus_1_16_00,0x7A->body16;0x7C->next_record_plus_1_16;0x00->terminator,static_event_head_opcode59_actor_controller,head_exact_placement_only,6,0,0,0,,confirmed_static_unconditional,always,visible,2,down/front,candidate_value_domain_matches_confirmed_motion_pattern,0,0x00,1,0,event_source_bound_actor,strong_structural,controller pointer equals structural event trailer; 1 validated event source binding(s); field06D9=2 matches confirmed motion-pattern value down/front; reader linkage not yet proven; spawn=confirmed_static_unconditional,static_map_actor_selector_crosslink_20260930.csv;event_record_frame_catalog.csv;static_actor_event_dialogue_binding_20260930.csv;static_actor_spawn_conditions_20260930.csv;actor_motion_direction_pattern_table_20260930.csv
cfg_t46_l170_v2,0x78,F78-L005,0x29,humanoid_like,unknown,CC:9357,confirmed_frame_trailer_pointer,7A_body16_7C_next_plus_1_16_00,0x7A->body16;0x7C->next_record_plus_1_16;0x00->terminator,static_event_head_opcode59_actor_controller,head_exact_placement_only,6,0,0,0,,confirmed_static_unconditional,always,visible,2,down/front,candidate_value_domain_matches_confirmed_motion_pattern,16,0x10,1,0,event_source_bound_actor,strong_structural,controller pointer equals structural event trailer; 1 validated event source binding(s); field06D9=2 matches confirmed motion-pattern value down/front; reader linkage not yet proven; spawn=confirmed_static_unconditional,static_map_actor_selector_crosslink_20260930.csv;event_record_frame_catalog.csv;static_actor_event_dialogue_binding_20260930.csv;static_actor_spawn_conditions_20260930.csv;actor_motion_direction_pattern_table_20260930.csv
cfg_t46_l170_v2,0x78,F78-L006,0x59,humanoid_like,unknown,CC:9368,confirmed_frame_trailer_pointer,7A_body16_7C_next_plus_1_16_00,0x7A->body16;0x7C->next_record_plus_1_16;0x00->terminator,static_event_head_opcode59_actor_controller,head_exact_placement_only,6,0,0,0,,confirmed_static_unconditional,always,visible,2,down/front,candidate_value_domain_matches_confirmed_motion_pattern,65,0x41,1,0,event_source_bound_actor,strong_structural,controller pointer equals structural event trailer; 1 validated event source binding(s); field06D9=2 matches confirmed motion-pattern value down/front; reader linkage not yet proven; spawn=confirmed_static_unconditional,static_map_actor_selector_crosslink_20260930.csv;event_record_frame_catalog.csv;static_actor_event_dialogue_binding_20260930.csv;static_actor_spawn_conditions_20260930.csv;actor_motion_direction_pattern_table_20260930.csv
cfg_t46_l170_v2,0x79,F79-L001,0x42,humanoid_like,unknown,CC:96BA,confirmed_frame_trailer_pointer,7A_body16_7C_next_plus_1_16_00,0x7A->body16;0x7C->next_record_plus_1_16;0x00->terminator,static_event_tail_opcode59_actor_controller,prefix_plus_tail_placement,12,6,6,0,,confirmed_static_control_partial_predicate,predicate_08(bytes=08 B9 13 06) != 0,candidate,2,down/front,candidate_value_domain_matches_confirmed_motion_pattern,16,0x10,6,0,event_source_bound_actor,strong_structural,controller pointer equals structural event trailer; 6 validated event source binding(s); field06D9=2 matches confirmed motion-pattern value down/front; reader linkage not yet proven; spawn=confirmed_static_control_partial_predicate,static_map_actor_selector_crosslink_20260930.csv;event_record_frame_catalog.csv;static_actor_event_dialogue_binding_20260930.csv;static_actor_spawn_conditions_20260930.csv;actor_motion_direction_pattern_table_20260930.csv
cfg_t46_l170_v2,0x79,F79-L002,0x42,humanoid_like,unknown,CC:96EC,confirmed_frame_trailer_pointer,7A_body16_7C_next_plus_1_16_00,0x7A->body16;0x7C->next_record_plus_1_16;0x00->terminator,static_event_tail_opcode59_actor_controller,prefix_plus_tail_placement,12,6,6,0,,confirmed_static_control_partial_predicate,predicate_08(bytes=08 B9 13 07) != 0,candidate,2,down/front,candidate_value_domain_matches_confirmed_motion_pattern,16,0x10,0,0,placed_actor_no_validated_source,placement_only,controller pointer equals structural event trailer; no validated source selection; field06D9=2 matches confirmed motion-pattern value down/front; reader linkage not yet proven; spawn=confirmed_static_control_partial_predicate,static_map_actor_selector_crosslink_20260930.csv;event_record_frame_catalog.csv;static_actor_event_dialogue_binding_20260930.csv;static_actor_spawn_conditions_20260930.csv;actor_motion_direction_pattern_table_20260930.csv
cfg_t46_l170_v2,0x79,F79-L003,0x42,humanoid_like,unknown,CC:9709,confirmed_frame_trailer_pointer,7A_body16_7C_next_plus_1_16_00,0x7A->body16;0x7C->next_record_plus_1_16;0x00->terminator,static_event_tail_opcode59_actor_controller,prefix_plus_tail_placement,12,6,6,0,,confirmed_static_control_partial_predicate,predicate_08(bytes=08 B9 13 07) != 0,candidate,2,down/front,candidate_value_domain_matches_confirmed_motion_pattern,16,0x10,0,0,placed_actor_no_validated_source,placement_only,controller pointer equals structural event trailer; no validated source selection; field06D9=2 matches confirmed motion-pattern value down/front; reader linkage not yet proven; spawn=confirmed_static_control_partial_predicate,static_map_actor_selector_crosslink_20260930.csv;event_record_frame_catalog.csv;static_actor_event_dialogue_binding_20260930.csv;static_actor_spawn_conditions_20260930.csv;actor_motion_direction_pattern_table_20260930.csv
cfg_t46_l170_v2,0x79,F79-L004,0x29,humanoid_like,unknown,CC:9726,confirmed_frame_trailer_pointer,7A_body16_7C_next_plus_1_16_00,0x7A->body16;0x7C->next_record_plus_1_16;0x00->terminator,static_event_tail_opcode59_actor_controller,prefix_plus_tail_placement,12,6,6,0,,confirmed_static_control_partial_predicate,predicate_08(bytes=08 B9 13 08) != 0,candidate,2,down/front,candidate_value_domain_matches_confirmed_motion_pattern,16,0x10,0,0,placed_actor_no_validated_source,placement_only,controller pointer equals structural event trailer; no validated source selection; field06D9=2 matches confirmed motion-pattern value down/front; reader linkage not yet proven; spawn=confirmed_static_control_partial_predicate,static_map_actor_selector_crosslink_20260930.csv;event_record_frame_catalog.csv;static_actor_event_dialogue_binding_20260930.csv;static_actor_spawn_conditions_20260930.csv;actor_motion_direction_pattern_table_20260930.csv
cfg_t39_l156_v1,0x7C,F7C-L001,0x2F,humanoid_like,unknown,CC:9AF6,confirmed_frame_trailer_pointer,7A_body16_7C_next_plus_1_16_00,0x7A->body16;0x7C->next_record_plus_1_16;0x00->terminator,static_event_tail_opcode59_actor_controller,prefix_plus_tail_placement,10,4,4,0,,confirmed_static_flag,"flag_test(spec=0x16,wram=$1248,bit=6) == 0",candidate,2,down/front,candidate_value_domain_matches_confirmed_motion_pattern,16,0x10,0,0,placed_actor_no_validated_source,placement_only,controller pointer equals structural event trailer; no validated source selection; field06D9=2 matches confirmed motion-pattern value down/front; reader linkage not yet proven; spawn=confirmed_static_flag,static_map_actor_selector_crosslink_20260930.csv;event_record_frame_catalog.csv;static_actor_event_dialogue_binding_20260930.csv;static_actor_spawn_conditions_20260930.csv;actor_motion_direction_pattern_table_20260930.csv
cfg_t39_l156_v1,0x7C,F7C-L002,0x30,humanoid_like,unknown,CC:9B17,confirmed_frame_trailer_pointer,7A_body16_7C_next_plus_1_16_00,0x7A->body16;0x7C->next_record_plus_1_16;0x00->terminator,static_event_tail_opcode59_actor_controller,prefix_plus_tail_placement,10,4,4,0,,confirmed_static_flag,"flag_test(spec=0x17,wram=$1248,bit=7) == 0",candidate,2,down/front,candidate_value_domain_matches_confirmed_motion_pattern,16,0x10,0,0,placed_actor_no_validated_source,placement_only,controller pointer equals structural event trailer; no validated source selection; field06D9=2 matches confirmed motion-pattern value down/front; reader linkage not yet proven; spawn=confirmed_static_flag,static_map_actor_selector_crosslink_20260930.csv;event_record_frame_catalog.csv;static_actor_event_dialogue_binding_20260930.csv;static_actor_spawn_conditions_20260930.csv;actor_motion_direction_pattern_table_20260930.csv
cfg_t39_l156_v1,0x7C,F7C-L003,0x2F,humanoid_like,unknown,CC:9B38,confirmed_frame_trailer_pointer,7A_body16_7C_next_plus_1_16_00,0x7A->body16;0x7C->next_record_plus_1_16;0x00->terminator,static_event_tail_opcode59_actor_controller,prefix_plus_tail_placement,10,4,4,0,,confirmed_static_flag,"flag_test(spec=0x18,wram=$1249,bit=0) == 0",candidate,2,down/front,candidate_value_domain_matches_confirmed_motion_pattern,16,0x10,0,0,placed_actor_no_validated_source,placement_only,controller pointer equals structural event trailer; no validated source selection; field06D9=2 matches confirmed motion-pattern value down/front; reader linkage not yet proven; spawn=confirmed_static_flag,static_map_actor_selector_crosslink_20260930.csv;event_record_frame_catalog.csv;static_actor_event_dialogue_binding_20260930.csv;static_actor_spawn_conditions_20260930.csv;actor_motion_direction_pattern_table_20260930.csv
cfg_t39_l156_v1,0x7C,F7C-L004,0x30,humanoid_like,unknown,CC:9B59,confirmed_frame_trailer_pointer,7A_body16_7C_next_plus_1_16_00,0x7A->body16;0x7C->next_record_plus_1_16;0x00->terminator,static_event_tail_opcode59_actor_controller,prefix_plus_tail_placement,10,4,4,0,,confirmed_static_flag,"flag_test(spec=0x19,wram=$1249,bit=1) == 0",candidate,2,down/front,candidate_value_domain_matches_confirmed_motion_pattern,16,0x10,0,0,placed_actor_no_validated_source,placement_only,controller pointer equals structural event trailer; no validated source selection; field06D9=2 matches confirmed motion-pattern value down/front; reader linkage not yet proven; spawn=confirmed_static_flag,static_map_actor_selector_crosslink_20260930.csv;event_record_frame_catalog.csv;static_actor_event_dialogue_binding_20260930.csv;static_actor_spawn_conditions_20260930.csv;actor_motion_direction_pattern_table_20260930.csv
cfg_t40_l159_v2,0x7D,F7D-L001,0x43,humanoid_like,unknown,CC:A0CF,confirmed_frame_trailer_pointer,7A_body16_7C_next_plus_1_16_00,0x7A->body16;0x7C->next_record_plus_1_16;0x00->terminator,static_event_head_opcode59_actor_controller,head_exact_placement_only,6,0,0,0,,confirmed_static_unconditional,always,visible,2,down/front,candidate_value_domain_matches_confirmed_motion_pattern,16,0x10,2,0,event_source_bound_actor,strong_structural,controller pointer equals structural event trailer; 2 validated event source binding(s); field06D9=2 matches confirmed motion-pattern value down/front; reader linkage not yet proven; spawn=confirmed_static_unconditional,static_map_actor_selector_crosslink_20260930.csv;event_record_frame_catalog.csv;static_actor_event_dialogue_binding_20260930.csv;static_actor_spawn_conditions_20260930.csv;actor_motion_direction_pattern_table_20260930.csv
cfg_t05_l020_v2,0x80,F80-L001,0x2E,humanoid_like,unknown,CC:A7E8,confirmed_frame_trailer_pointer,7A_body16_7C_next_plus_1_16_00,0x7A->body16;0x7C->next_record_plus_1_16;0x00->terminator,static_event_head_opcode59_actor_controller,head_exact_placement_only,6,0,0,0,,confirmed_static_unconditional,always,visible,2,down/front,candidate_value_domain_matches_confirmed_motion_pattern,16,0x10,2,0,event_source_bound_actor,strong_structural,controller pointer equals structural event trailer; 2 validated event source binding(s); field06D9=2 matches confirmed motion-pattern value down/front; reader linkage not yet proven; spawn=confirmed_static_unconditional,static_map_actor_selector_crosslink_20260930.csv;event_record_frame_catalog.csv;static_actor_event_dialogue_binding_20260930.csv;static_actor_spawn_conditions_20260930.csv;actor_motion_direction_pattern_table_20260930.csv
cfg_t05_l020_v2,0x80,F80-L002,0x2E,humanoid_like,unknown,CC:A801,confirmed_frame_trailer_pointer,7A_body16_7C_next_plus_1_16_00,0x7A->body16;0x7C->next_record_plus_1_16;0x00->terminator,static_event_head_opcode59_actor_controller,head_exact_placement_only,6,0,0,0,,confirmed_static_unconditional,always,visible,2,down/front,candidate_value_domain_matches_confirmed_motion_pattern,16,0x10,2,0,event_source_bound_actor,strong_structural,controller pointer equals structural event trailer; 2 validated event source binding(s); field06D9=2 matches confirmed motion-pattern value down/front; reader linkage not yet proven; spawn=confirmed_static_unconditional,static_map_actor_selector_crosslink_20260930.csv;event_record_frame_catalog.csv;static_actor_event_dialogue_binding_20260930.csv;static_actor_spawn_conditions_20260930.csv;actor_motion_direction_pattern_table_20260930.csv
cfg_t05_l020_v2,0x80,F80-L003,0x2E,humanoid_like,unknown,CC:A81A,confirmed_frame_trailer_pointer,7A_body16_7C_next_plus_1_16_00,0x7A->body16;0x7C->next_record_plus_1_16;0x00->terminator,static_event_head_opcode59_actor_controller,head_exact_placement_only,6,0,0,0,,confirmed_static_unconditional,always,visible,2,down/front,candidate_value_domain_matches_confirmed_motion_pattern,16,0x10,2,0,event_source_bound_actor,strong_structural,controller pointer equals structural event trailer; 2 validated event source binding(s); field06D9=2 matches confirmed motion-pattern value down/front; reader linkage not yet proven; spawn=confirmed_static_unconditional,static_map_actor_selector_crosslink_20260930.csv;event_record_frame_catalog.csv;static_actor_event_dialogue_binding_20260930.csv;static_actor_spawn_conditions_20260930.csv;actor_motion_direction_pattern_table_20260930.csv
cfg_t05_l020_v2,0x80,F80-L004,0x43,humanoid_like,unknown,CC:A833,confirmed_frame_trailer_pointer,7A_body16_7C_next_plus_1_16_00,0x7A->body16;0x7C->next_record_plus_1_16;0x00->terminator,static_event_head_opcode59_actor_controller,head_exact_placement_only,6,0,0,0,,confirmed_static_unconditional,always,visible,2,down/front,candidate_value_domain_matches_confirmed_motion_pattern,16,0x10,2,0,event_source_bound_actor,strong_structural,controller pointer equals structural event trailer; 2 validated event source binding(s); field06D9=2 matches confirmed motion-pattern value down/front; reader linkage not yet proven; spawn=confirmed_static_unconditional,static_map_actor_selector_crosslink_20260930.csv;event_record_frame_catalog.csv;static_actor_event_dialogue_binding_20260930.csv;static_actor_spawn_conditions_20260930.csv;actor_motion_direction_pattern_table_20260930.csv
cfg_t04_l057_v2,0x81,F81-L001,0x40,humanoid_like,unknown,CC:A9F4,confirmed_frame_trailer_pointer,7A_body16_7C_next_plus_1_16_00,0x7A->body16;0x7C->next_record_plus_1_16;0x00->terminator,static_event_tail_opcode59_actor_controller,prefix_plus_tail_placement,10,4,4,0,,confirmed_static_flag,"flag_test(spec=0xA3,wram=$125A,bit=3) == 0",candidate,2,down/front,candidate_value_domain_matches_confirmed_motion_pattern,144,0x90,3,0,event_source_bound_actor,strong_structural,controller pointer equals structural event trailer; 3 validated event source binding(s); field06D9=2 matches confirmed motion-pattern value down/front; reader linkage not yet proven; spawn=confirmed_static_flag,static_map_actor_selector_crosslink_20260930.csv;event_record_frame_catalog.csv;static_actor_event_dialogue_binding_20260930.csv;static_actor_spawn_conditions_20260930.csv;actor_motion_direction_pattern_table_20260930.csv
cfg_t04_l058_v2,0x81,F81-L001,0x40,humanoid_like,unknown,CC:A9F4,confirmed_frame_trailer_pointer,7A_body16_7C_next_plus_1_16_00,0x7A->body16;0x7C->next_record_plus_1_16;0x00->terminator,static_event_tail_opcode59_actor_controller,prefix_plus_tail_placement,10,4,4,0,,confirmed_static_flag,"flag_test(spec=0xA3,wram=$125A,bit=3) == 0",candidate,2,down/front,candidate_value_domain_matches_confirmed_motion_pattern,144,0x90,3,0,event_source_bound_actor,strong_structural,controller pointer equals structural event trailer; 3 validated event source binding(s); field06D9=2 matches confirmed motion-pattern value down/front; reader linkage not yet proven; spawn=confirmed_static_flag,static_map_actor_selector_crosslink_20260930.csv;event_record_frame_catalog.csv;static_actor_event_dialogue_binding_20260930.csv;static_actor_spawn_conditions_20260930.csv;actor_motion_direction_pattern_table_20260930.csv
cfg_t04_l057_v2,0x81,F81-L002,0x5A,humanoid_like,unknown,CC:AA21,confirmed_frame_trailer_pointer,7A_body16_7C_next_plus_1_16_00,0x7A->body16;0x7C->next_record_plus_1_16;0x00->terminator,static_event_tail_opcode59_actor_controller,prefix_plus_tail_placement,10,4,4,0,,confirmed_static_flag,"flag_test(spec=0xA3,wram=$125A,bit=3) == 0",candidate,2,down/front,candidate_value_domain_matches_confirmed_motion_pattern,144,0x90,4,0,event_source_bound_actor,strong_structural,controller pointer equals structural event trailer; 4 validated event source binding(s); field06D9=2 matches confirmed motion-pattern value down/front; reader linkage not yet proven; spawn=confirmed_static_flag,static_map_actor_selector_crosslink_20260930.csv;event_record_frame_catalog.csv;static_actor_event_dialogue_binding_20260930.csv;static_actor_spawn_conditions_20260930.csv;actor_motion_direction_pattern_table_20260930.csv
cfg_t04_l058_v2,0x81,F81-L002,0x5A,humanoid_like,unknown,CC:AA21,confirmed_frame_trailer_pointer,7A_body16_7C_next_plus_1_16_00,0x7A->body16;0x7C->next_record_plus_1_16;0x00->terminator,static_event_tail_opcode59_actor_controller,prefix_plus_tail_placement,10,4,4,0,,confirmed_static_flag,"flag_test(spec=0xA3,wram=$125A,bit=3) == 0",candidate,2,down/front,candidate_value_domain_matches_confirmed_motion_pattern,144,0x90,4,0,event_source_bound_actor,strong_structural,controller pointer equals structural event trailer; 4 validated event source binding(s); field06D9=2 matches confirmed motion-pattern value down/front; reader linkage not yet proven; spawn=confirmed_static_flag,static_map_actor_selector_crosslink_20260930.csv;event_record_frame_catalog.csv;static_actor_event_dialogue_binding_20260930.csv;static_actor_spawn_conditions_20260930.csv;actor_motion_direction_pattern_table_20260930.csv
cfg_t04_l057_v2,0x81,F81-L003,0x59,humanoid_like,unknown,CC:AA4C,confirmed_frame_trailer_pointer,7A_body16_7C_next_plus_1_16_00,0x7A->body16;0x7C->next_record_plus_1_16;0x00->terminator,static_event_tail_opcode59_actor_controller,prefix_plus_tail_placement,10,4,4,0,,confirmed_static_flag,"flag_test(spec=0xA3,wram=$125A,bit=3) == 0",candidate,2,down/front,candidate_value_domain_matches_confirmed_motion_pattern,144,0x90,3,0,event_source_bound_actor,strong_structural,controller pointer equals structural event trailer; 3 validated event source binding(s); field06D9=2 matches confirmed motion-pattern value down/front; reader linkage not yet proven; spawn=confirmed_static_flag,static_map_actor_selector_crosslink_20260930.csv;event_record_frame_catalog.csv;static_actor_event_dialogue_binding_20260930.csv;static_actor_spawn_conditions_20260930.csv;actor_motion_direction_pattern_table_20260930.csv
cfg_t04_l058_v2,0x81,F81-L003,0x59,humanoid_like,unknown,CC:AA4C,confirmed_frame_trailer_pointer,7A_body16_7C_next_plus_1_16_00,0x7A->body16;0x7C->next_record_plus_1_16;0x00->terminator,static_event_tail_opcode59_actor_controller,prefix_plus_tail_placement,10,4,4,0,,confirmed_static_flag,"flag_test(spec=0xA3,wram=$125A,bit=3) == 0",candidate,2,down/front,candidate_value_domain_matches_confirmed_motion_pattern,144,0x90,3,0,event_source_bound_actor,strong_structural,controller pointer equals structural event trailer; 3 validated event source binding(s); field06D9=2 matches confirmed motion-pattern value down/front; reader linkage not yet proven; spawn=confirmed_static_flag,static_map_actor_selector_crosslink_20260930.csv;event_record_frame_catalog.csv;static_actor_event_dialogue_binding_20260930.csv;static_actor_spawn_conditions_20260930.csv;actor_motion_direction_pattern_table_20260930.csv
cfg_t04_l057_v2,0x81,F81-L004,0x30,humanoid_like,unknown,CC:AA79,confirmed_frame_trailer_pointer,7A_body16_7C_next_plus_1_16_00,0x7A->body16;0x7C->next_record_plus_1_16;0x00->terminator,static_event_tail_opcode59_actor_controller,prefix_plus_tail_placement,10,4,4,0,,confirmed_static_flag,"flag_test(spec=0xA3,wram=$125A,bit=3) == 0",candidate,2,down/front,candidate_value_domain_matches_confirmed_motion_pattern,144,0x90,4,0,event_source_bound_actor,strong_structural,controller pointer equals structural event trailer; 4 validated event source binding(s); field06D9=2 matches confirmed motion-pattern value down/front; reader linkage not yet proven; spawn=confirmed_static_flag,static_map_actor_selector_crosslink_20260930.csv;event_record_frame_catalog.csv;static_actor_event_dialogue_binding_20260930.csv;static_actor_spawn_conditions_20260930.csv;actor_motion_direction_pattern_table_20260930.csv
cfg_t04_l058_v2,0x81,F81-L004,0x30,humanoid_like,unknown,CC:AA79,confirmed_frame_trailer_pointer,7A_body16_7C_next_plus_1_16_00,0x7A->body16;0x7C->next_record_plus_1_16;0x00->terminator,static_event_tail_opcode59_actor_controller,prefix_plus_tail_placement,10,4,4,0,,confirmed_static_flag,"flag_test(spec=0xA3,wram=$125A,bit=3) == 0",candidate,2,down/front,candidate_value_domain_matches_confirmed_motion_pattern,144,0x90,4,0,event_source_bound_actor,strong_structural,controller pointer equals structural event trailer; 4 validated event source binding(s); field06D9=2 matches confirmed motion-pattern value down/front; reader linkage not yet proven; spawn=confirmed_static_flag,static_map_actor_selector_crosslink_20260930.csv;event_record_frame_catalog.csv;static_actor_event_dialogue_binding_20260930.csv;static_actor_spawn_conditions_20260930.csv;actor_motion_direction_pattern_table_20260930.csv
cfg_t04_l057_v2,0x81,F81-L005,0x2F,humanoid_like,unknown,CC:AAA6,confirmed_frame_trailer_pointer,7A_body16_7C_next_plus_1_16_00,0x7A->body16;0x7C->next_record_plus_1_16;0x00->terminator,static_event_tail_opcode59_actor_controller,prefix_plus_tail_placement,10,4,4,0,,confirmed_static_flag,"flag_test(spec=0xA3,wram=$125A,bit=3) == 0",candidate,2,down/front,candidate_value_domain_matches_confirmed_motion_pattern,144,0x90,4,0,event_source_bound_actor,strong_structural,controller pointer equals structural event trailer; 4 validated event source binding(s); field06D9=2 matches confirmed motion-pattern value down/front; reader linkage not yet proven; spawn=confirmed_static_flag,static_map_actor_selector_crosslink_20260930.csv;event_record_frame_catalog.csv;static_actor_event_dialogue_binding_20260930.csv;static_actor_spawn_conditions_20260930.csv;actor_motion_direction_pattern_table_20260930.csv
cfg_t04_l058_v2,0x81,F81-L005,0x2F,humanoid_like,unknown,CC:AAA6,confirmed_frame_trailer_pointer,7A_body16_7C_next_plus_1_16_00,0x7A->body16;0x7C->next_record_plus_1_16;0x00->terminator,static_event_tail_opcode59_actor_controller,prefix_plus_tail_placement,10,4,4,0,,confirmed_static_flag,"flag_test(spec=0xA3,wram=$125A,bit=3) == 0",candidate,2,down/front,candidate_value_domain_matches_confirmed_motion_pattern,144,0x90,4,0,event_source_bound_actor,strong_structural,controller pointer equals structural event trailer; 4 validated event source binding(s); field06D9=2 matches confirmed motion-pattern value down/front; reader linkage not yet proven; spawn=confirmed_static_flag,static_map_actor_selector_crosslink_20260930.csv;event_record_frame_catalog.csv;static_actor_event_dialogue_binding_20260930.csv;static_actor_spawn_conditions_20260930.csv;actor_motion_direction_pattern_table_20260930.csv
cfg_t04_l057_v2,0x81,F81-L006,0x2F,humanoid_like,unknown,CC:AAD3,confirmed_frame_trailer_pointer,7A_body16_7C_next_plus_1_16_00,0x7A->body16;0x7C->next_record_plus_1_16;0x00->terminator,static_event_tail_opcode59_actor_controller,prefix_plus_tail_placement,10,4,4,0,,confirmed_static_flag,"flag_test(spec=0xA3,wram=$125A,bit=3) == 0",candidate,2,down/front,candidate_value_domain_matches_confirmed_motion_pattern,144,0x90,4,0,event_source_bound_actor,strong_structural,controller pointer equals structural event trailer; 4 validated event source binding(s); field06D9=2 matches confirmed motion-pattern value down/front; reader linkage not yet proven; spawn=confirmed_static_flag,static_map_actor_selector_crosslink_20260930.csv;event_record_frame_catalog.csv;static_actor_event_dialogue_binding_20260930.csv;static_actor_spawn_conditions_20260930.csv;actor_motion_direction_pattern_table_20260930.csv
cfg_t04_l058_v2,0x81,F81-L006,0x2F,humanoid_like,unknown,CC:AAD3,confirmed_frame_trailer_pointer,7A_body16_7C_next_plus_1_16_00,0x7A->body16;0x7C->next_record_plus_1_16;0x00->terminator,static_event_tail_opcode59_actor_controller,prefix_plus_tail_placement,10,4,4,0,,confirmed_static_flag,"flag_test(spec=0xA3,wram=$125A,bit=3) == 0",candidate,2,down/front,candidate_value_domain_matches_confirmed_motion_pattern,144,0x90,4,0,event_source_bound_actor,strong_structural,controller pointer equals structural event trailer; 4 validated event source binding(s); field06D9=2 matches confirmed motion-pattern value down/front; reader linkage not yet proven; spawn=confirmed_static_flag,static_map_actor_selector_crosslink_20260930.csv;event_record_frame_catalog.csv;static_actor_event_dialogue_binding_20260930.csv;static_actor_spawn_conditions_20260930.csv;actor_motion_direction_pattern_table_20260930.csv
cfg_t04_l057_v2,0x81,F81-L008,0x30,humanoid_like,unknown,CC:B089,confirmed_frame_trailer_pointer,7A_body16_7C_next_plus_1_16_00,0x7A->body16;0x7C->next_record_plus_1_16;0x00->terminator,static_event_tail_opcode59_actor_controller,prefix_plus_tail_placement,10,4,4,0,,confirmed_static_flag,"flag_test(spec=0xA4,wram=$125A,bit=4) == 0",candidate,2,down/front,candidate_value_domain_matches_confirmed_motion_pattern,16,0x10,1,0,event_source_bound_actor,strong_structural,controller pointer equals structural event trailer; 1 validated event source binding(s); field06D9=2 matches confirmed motion-pattern value down/front; reader linkage not yet proven; spawn=confirmed_static_flag,static_map_actor_selector_crosslink_20260930.csv;event_record_frame_catalog.csv;static_actor_event_dialogue_binding_20260930.csv;static_actor_spawn_conditions_20260930.csv;actor_motion_direction_pattern_table_20260930.csv
cfg_t04_l058_v2,0x81,F81-L008,0x30,humanoid_like,unknown,CC:B089,confirmed_frame_trailer_pointer,7A_body16_7C_next_plus_1_16_00,0x7A->body16;0x7C->next_record_plus_1_16;0x00->terminator,static_event_tail_opcode59_actor_controller,prefix_plus_tail_placement,10,4,4,0,,confirmed_static_flag,"flag_test(spec=0xA4,wram=$125A,bit=4) == 0",candidate,2,down/front,candidate_value_domain_matches_confirmed_motion_pattern,16,0x10,1,0,event_source_bound_actor,strong_structural,controller pointer equals structural event trailer; 1 validated event source binding(s); field06D9=2 matches confirmed motion-pattern value down/front; reader linkage not yet proven; spawn=confirmed_static_flag,static_map_actor_selector_crosslink_20260930.csv;event_record_frame_catalog.csv;static_actor_event_dialogue_binding_20260930.csv;static_actor_spawn_conditions_20260930.csv;actor_motion_direction_pattern_table_20260930.csv
cfg_t04_l057_v2,0x81,F81-L009,0x30,humanoid_like,unknown,CC:B09E,confirmed_frame_trailer_pointer,7A_body16_7C_next_plus_1_16_00,0x7A->body16;0x7C->next_record_plus_1_16;0x00->terminator,static_event_tail_opcode59_actor_controller,prefix_plus_tail_placement,10,4,4,0,,confirmed_static_flag,"flag_test(spec=0xA4,wram=$125A,bit=4) == 0",candidate,2,down/front,candidate_value_domain_matches_confirmed_motion_pattern,16,0x10,1,0,event_source_bound_actor,strong_structural,controller pointer equals structural event trailer; 1 validated event source binding(s); field06D9=2 matches confirmed motion-pattern value down/front; reader linkage not yet proven; spawn=confirmed_static_flag,static_map_actor_selector_crosslink_20260930.csv;event_record_frame_catalog.csv;static_actor_event_dialogue_binding_20260930.csv;static_actor_spawn_conditions_20260930.csv;actor_motion_direction_pattern_table_20260930.csv
cfg_t04_l058_v2,0x81,F81-L009,0x30,humanoid_like,unknown,CC:B09E,confirmed_frame_trailer_pointer,7A_body16_7C_next_plus_1_16_00,0x7A->body16;0x7C->next_record_plus_1_16;0x00->terminator,static_event_tail_opcode59_actor_controller,prefix_plus_tail_placement,10,4,4,0,,confirmed_static_flag,"flag_test(spec=0xA4,wram=$125A,bit=4) == 0",candidate,2,down/front,candidate_value_domain_matches_confirmed_motion_pattern,16,0x10,1,0,event_source_bound_actor,strong_structural,controller pointer equals structural event trailer; 1 validated event source binding(s); field06D9=2 matches confirmed motion-pattern value down/front; reader linkage not yet proven; spawn=confirmed_static_flag,static_map_actor_selector_crosslink_20260930.csv;event_record_frame_catalog.csv;static_actor_event_dialogue_binding_20260930.csv;static_actor_spawn_conditions_20260930.csv;actor_motion_direction_pattern_table_20260930.csv
cfg_t04_l059_v2,0x82,F82-L001,0x59,humanoid_like,unknown,CC:B3C2,confirmed_frame_trailer_pointer,7A_body16_7C_next_plus_1_16_00,0x7A->body16;0x7C->next_record_plus_1_16;0x00->terminator,static_event_tail_opcode59_actor_controller,prefix_plus_tail_placement,10,4,4,0,,confirmed_static_flag,"flag_test(spec=0xAD,wram=$125B,bit=5) != 0",candidate,2,down/front,candidate_value_domain_matches_confirmed_motion_pattern,16,0x10,3,0,event_source_bound_actor,strong_structural,controller pointer equals structural event trailer; 3 validated event source binding(s); field06D9=2 matches confirmed motion-pattern value down/front; reader linkage not yet proven; spawn=confirmed_static_flag,static_map_actor_selector_crosslink_20260930.csv;event_record_frame_catalog.csv;static_actor_event_dialogue_binding_20260930.csv;static_actor_spawn_conditions_20260930.csv;actor_motion_direction_pattern_table_20260930.csv
cfg_t04_l059_v2,0x82,F82-L002,0x27,humanoid_like,unknown,CC:B3DF,confirmed_frame_trailer_pointer,7A_body16_7C_next_plus_1_16_00,0x7A->body16;0x7C->next_record_plus_1_16;0x00->terminator,static_event_tail_opcode59_actor_controller,prefix_plus_tail_placement,10,4,4,0,,confirmed_static_flag,"flag_test(spec=0xAD,wram=$125B,bit=5) != 0",candidate,2,down/front,candidate_value_domain_matches_confirmed_motion_pattern,16,0x10,2,0,event_source_bound_actor,strong_structural,controller pointer equals structural event trailer; 2 validated event source binding(s); field06D9=2 matches confirmed motion-pattern value down/front; reader linkage not yet proven; spawn=confirmed_static_flag,static_map_actor_selector_crosslink_20260930.csv;event_record_frame_catalog.csv;static_actor_event_dialogue_binding_20260930.csv;static_actor_spawn_conditions_20260930.csv;actor_motion_direction_pattern_table_20260930.csv
cfg_t04_l059_v2,0x82,F82-L003,0x5B,humanoid_like,unknown,CC:B40A,confirmed_frame_trailer_pointer,7A_body16_7C_next_plus_1_16_00,0x7A->body16;0x7C->next_record_plus_1_16;0x00->terminator,static_event_tail_opcode59_actor_controller,prefix_plus_tail_placement,10,4,4,0,,confirmed_static_flag,"flag_test(spec=0xAD,wram=$125B,bit=5) != 0",candidate,1,right,candidate_value_domain_matches_confirmed_motion_pattern,16,0x10,1,0,event_source_bound_actor,strong_structural,controller pointer equals structural event trailer; 1 validated event source binding(s); field06D9=1 matches confirmed motion-pattern value right; reader linkage not yet proven; spawn=confirmed_static_flag,static_map_actor_selector_crosslink_20260930.csv;event_record_frame_catalog.csv;static_actor_event_dialogue_binding_20260930.csv;static_actor_spawn_conditions_20260930.csv;actor_motion_direction_pattern_table_20260930.csv
cfg_t04_l059_v2,0x82,F82-L004,0x30,humanoid_like,unknown,CC:B42B,confirmed_frame_trailer_pointer,7A_body16_7C_next_plus_1_16_00,0x7A->body16;0x7C->next_record_plus_1_16;0x00->terminator,static_event_tail_opcode59_actor_controller,prefix_plus_tail_placement,10,4,4,0,,confirmed_static_flag,"flag_test(spec=0xAD,wram=$125B,bit=5) != 0",candidate,3,left,candidate_value_domain_matches_confirmed_motion_pattern,16,0x10,2,0,event_source_bound_actor,strong_structural,controller pointer equals structural event trailer; 2 validated event source binding(s); field06D9=3 matches confirmed motion-pattern value left; reader linkage not yet proven; spawn=confirmed_static_flag,static_map_actor_selector_crosslink_20260930.csv;event_record_frame_catalog.csv;static_actor_event_dialogue_binding_20260930.csv;static_actor_spawn_conditions_20260930.csv;actor_motion_direction_pattern_table_20260930.csv
cfg_t04_l059_v2,0x82,F82-L005,0x2F,humanoid_like,unknown,CC:B44C,confirmed_frame_trailer_pointer,7A_body16_7C_next_plus_1_16_00,0x7A->body16;0x7C->next_record_plus_1_16;0x00->terminator,static_event_tail_opcode59_actor_controller,prefix_plus_tail_placement,10,4,4,0,,confirmed_static_flag,"flag_test(spec=0xAD,wram=$125B,bit=5) != 0",candidate,2,down/front,candidate_value_domain_matches_confirmed_motion_pattern,16,0x10,2,0,event_source_bound_actor,strong_structural,controller pointer equals structural event trailer; 2 validated event source binding(s); field06D9=2 matches confirmed motion-pattern value down/front; reader linkage not yet proven; spawn=confirmed_static_flag,static_map_actor_selector_crosslink_20260930.csv;event_record_frame_catalog.csv;static_actor_event_dialogue_binding_20260930.csv;static_actor_spawn_conditions_20260930.csv;actor_motion_direction_pattern_table_20260930.csv
cfg_t04_l059_v2,0x82,F82-L006,0x23,humanoid_like,unknown,CC:B469,confirmed_frame_trailer_pointer,7A_body16_7C_next_plus_1_16_00,0x7A->body16;0x7C->next_record_plus_1_16;0x00->terminator,static_event_tail_opcode59_actor_controller,prefix_plus_tail_placement,10,4,4,0,,confirmed_static_flag,"flag_test(spec=0xAD,wram=$125B,bit=5) != 0",candidate,2,down/front,candidate_value_domain_matches_confirmed_motion_pattern,16,0x10,2,0,event_source_bound_actor,strong_structural,controller pointer equals structural event trailer; 2 validated event source binding(s); field06D9=2 matches confirmed motion-pattern value down/front; reader linkage not yet proven; spawn=confirmed_static_flag,static_map_actor_selector_crosslink_20260930.csv;event_record_frame_catalog.csv;static_actor_event_dialogue_binding_20260930.csv;static_actor_spawn_conditions_20260930.csv;actor_motion_direction_pattern_table_20260930.csv
cfg_t04_l059_v2,0x82,F82-L007,0x3F,humanoid_like,unknown,CC:B486,confirmed_frame_trailer_pointer,7A_body16_7C_next_plus_1_16_00,0x7A->body16;0x7C->next_record_plus_1_16;0x00->terminator,static_event_tail_opcode59_actor_controller,prefix_plus_tail_placement,10,4,4,0,,confirmed_static_flag,"flag_test(spec=0xAD,wram=$125B,bit=5) != 0",candidate,2,down/front,candidate_value_domain_matches_confirmed_motion_pattern,16,0x10,2,0,event_source_bound_actor,strong_structural,controller pointer equals structural event trailer; 2 validated event source binding(s); field06D9=2 matches confirmed motion-pattern value down/front; reader linkage not yet proven; spawn=confirmed_static_flag,static_map_actor_selector_crosslink_20260930.csv;event_record_frame_catalog.csv;static_actor_event_dialogue_binding_20260930.csv;static_actor_spawn_conditions_20260930.csv;actor_motion_direction_pattern_table_20260930.csv
cfg_t04_l059_v2,0x82,F82-L008,0x40,humanoid_like,unknown,CC:B4B1,confirmed_frame_trailer_pointer,7A_body16_7C_next_plus_1_16_00,0x7A->body16;0x7C->next_record_plus_1_16;0x00->terminator,static_event_tail_opcode59_actor_controller,prefix_plus_tail_placement,10,4,4,0,,confirmed_static_flag,"flag_test(spec=0xAD,wram=$125B,bit=5) != 0",candidate,2,down/front,candidate_value_domain_matches_confirmed_motion_pattern,16,0x10,2,0,event_source_bound_actor,strong_structural,controller pointer equals structural event trailer; 2 validated event source binding(s); field06D9=2 matches confirmed motion-pattern value down/front; reader linkage not yet proven; spawn=confirmed_static_flag,static_map_actor_selector_crosslink_20260930.csv;event_record_frame_catalog.csv;static_actor_event_dialogue_binding_20260930.csv;static_actor_spawn_conditions_20260930.csv;actor_motion_direction_pattern_table_20260930.csv
cfg_t04_l059_v2,0x82,F82-L009,0x6C,,unknown,CC:B6D6,confirmed_frame_trailer_pointer,7A_body16_7C_next_plus_1_16_00,0x7A->body16;0x7C->next_record_plus_1_16;0x00->terminator,static_event_tail_opcode59_actor_controller,prefix_plus_tail_placement,10,4,4,0,,confirmed_static_flag,"flag_test(spec=0xAD,wram=$125B,bit=5) == 0",candidate,2,down/front,candidate_value_domain_matches_confirmed_motion_pattern,16,0x10,2,0,event_source_bound_actor,strong_structural,controller pointer equals structural event trailer; 2 validated event source binding(s); field06D9=2 matches confirmed motion-pattern value down/front; reader linkage not yet proven; spawn=confirmed_static_flag,static_map_actor_selector_crosslink_20260930.csv;event_record_frame_catalog.csv;static_actor_event_dialogue_binding_20260930.csv;static_actor_spawn_conditions_20260930.csv;actor_motion_direction_pattern_table_20260930.csv
cfg_t04_l059_v2,0x82,F82-L010,0x6D,,unknown,CC:B6EE,confirmed_frame_trailer_pointer,7A_body16_7C_next_plus_1_16_00,0x7A->body16;0x7C->next_record_plus_1_16;0x00->terminator,static_event_tail_opcode59_actor_controller,prefix_plus_tail_placement,10,4,4,0,,confirmed_static_flag,"flag_test(spec=0xAD,wram=$125B,bit=5) == 0",candidate,2,down/front,candidate_value_domain_matches_confirmed_motion_pattern,16,0x10,0,0,placed_actor_no_validated_source,placement_only,controller pointer equals structural event trailer; no validated source selection; field06D9=2 matches confirmed motion-pattern value down/front; reader linkage not yet proven; spawn=confirmed_static_flag,static_map_actor_selector_crosslink_20260930.csv;event_record_frame_catalog.csv;static_actor_event_dialogue_binding_20260930.csv;static_actor_spawn_conditions_20260930.csv;actor_motion_direction_pattern_table_20260930.csv
cfg_t04_l070_v2,0x83,F83-L003,0x40,humanoid_like,unknown,CC:B93D,confirmed_frame_trailer_pointer,7A_body16_7C_next_plus_1_16_00,0x7A->body16;0x7C->next_record_plus_1_16;0x00->terminator,static_event_tail_opcode59_actor_controller,prefix_plus_tail_placement,10,4,4,0,,confirmed_static_flag,"flag_test(spec=0xB9,wram=$125D,bit=1) != 0",candidate,2,down/front,candidate_value_domain_matches_confirmed_motion_pattern,0,0x00,3,0,event_source_bound_actor,strong_structural,controller pointer equals structural event trailer; 3 validated event source binding(s); field06D9=2 matches confirmed motion-pattern value down/front; reader linkage not yet proven; spawn=confirmed_static_flag,static_map_actor_selector_crosslink_20260930.csv;event_record_frame_catalog.csv;static_actor_event_dialogue_binding_20260930.csv;static_actor_spawn_conditions_20260930.csv;actor_motion_direction_pattern_table_20260930.csv
cfg_t04_l070_v2,0x83,F83-L004,0x59,humanoid_like,unknown,CC:B95A,confirmed_frame_trailer_pointer,7A_body16_7C_next_plus_1_16_00,0x7A->body16;0x7C->next_record_plus_1_16;0x00->terminator,static_event_tail_opcode59_actor_controller,prefix_plus_tail_placement,10,4,4,0,,confirmed_static_flag,"flag_test(spec=0xB9,wram=$125D,bit=1) != 0",candidate,2,down/front,candidate_value_domain_matches_confirmed_motion_pattern,0,0x00,2,0,event_source_bound_actor,strong_structural,controller pointer equals structural event trailer; 2 validated event source binding(s); field06D9=2 matches confirmed motion-pattern value down/front; reader linkage not yet proven; spawn=confirmed_static_flag,static_map_actor_selector_crosslink_20260930.csv;event_record_frame_catalog.csv;static_actor_event_dialogue_binding_20260930.csv;static_actor_spawn_conditions_20260930.csv;actor_motion_direction_pattern_table_20260930.csv
cfg_t04_l070_v2,0x83,F83-L005,0x5B,humanoid_like,unknown,CC:B986,confirmed_frame_trailer_pointer,7A_body16_7C_next_plus_1_16_00,0x7A->body16;0x7C->next_record_plus_1_16;0x00->terminator,static_event_tail_opcode59_actor_controller,prefix_plus_tail_placement,10,4,4,0,,confirmed_static_flag,"flag_test(spec=0xB9,wram=$125D,bit=1) != 0",candidate,2,down/front,candidate_value_domain_matches_confirmed_motion_pattern,16,0x10,3,0,event_source_bound_actor,strong_structural,controller pointer equals structural event trailer; 3 validated event source binding(s); field06D9=2 matches confirmed motion-pattern value down/front; reader linkage not yet proven; spawn=confirmed_static_flag,static_map_actor_selector_crosslink_20260930.csv;event_record_frame_catalog.csv;static_actor_event_dialogue_binding_20260930.csv;static_actor_spawn_conditions_20260930.csv;actor_motion_direction_pattern_table_20260930.csv
cfg_t04_l070_v2,0x83,F83-L006,0x43,humanoid_like,unknown,CC:B9A3,confirmed_frame_trailer_pointer,7A_body16_7C_next_plus_1_16_00,0x7A->body16;0x7C->next_record_plus_1_16;0x00->terminator,static_event_tail_opcode59_actor_controller,prefix_plus_tail_placement,10,4,4,0,,confirmed_static_flag,"flag_test(spec=0xB9,wram=$125D,bit=1) != 0",candidate,2,down/front,candidate_value_domain_matches_confirmed_motion_pattern,0,0x00,2,0,event_source_bound_actor,strong_structural,controller pointer equals structural event trailer; 2 validated event source binding(s); field06D9=2 matches confirmed motion-pattern value down/front; reader linkage not yet proven; spawn=confirmed_static_flag,static_map_actor_selector_crosslink_20260930.csv;event_record_frame_catalog.csv;static_actor_event_dialogue_binding_20260930.csv;static_actor_spawn_conditions_20260930.csv;actor_motion_direction_pattern_table_20260930.csv
cfg_t04_l070_v2,0x83,F83-L007,0x5A,humanoid_like,unknown,CC:B9C0,confirmed_frame_trailer_pointer,7A_body16_7C_next_plus_1_16_00,0x7A->body16;0x7C->next_record_plus_1_16;0x00->terminator,static_event_tail_opcode59_actor_controller,prefix_plus_tail_placement,10,4,4,0,,confirmed_static_flag,"flag_test(spec=0xB9,wram=$125D,bit=1) != 0",candidate,2,down/front,candidate_value_domain_matches_confirmed_motion_pattern,0,0x00,2,0,event_source_bound_actor,strong_structural,controller pointer equals structural event trailer; 2 validated event source binding(s); field06D9=2 matches confirmed motion-pattern value down/front; reader linkage not yet proven; spawn=confirmed_static_flag,static_map_actor_selector_crosslink_20260930.csv;event_record_frame_catalog.csv;static_actor_event_dialogue_binding_20260930.csv;static_actor_spawn_conditions_20260930.csv;actor_motion_direction_pattern_table_20260930.csv
cfg_t04_l070_v2,0x83,F83-L008,0x42,humanoid_like,unknown,CC:B9DD,confirmed_frame_trailer_pointer,7A_body16_7C_next_plus_1_16_00,0x7A->body16;0x7C->next_record_plus_1_16;0x00->terminator,static_event_tail_opcode59_actor_controller,prefix_plus_tail_placement,10,4,4,0,,confirmed_static_flag,"flag_test(spec=0xBD,wram=$125D,bit=5) != 0",candidate,2,down/front,candidate_value_domain_matches_confirmed_motion_pattern,0,0x00,2,0,event_source_bound_actor,strong_structural,controller pointer equals structural event trailer; 2 validated event source binding(s); field06D9=2 matches confirmed motion-pattern value down/front; reader linkage not yet proven; spawn=confirmed_static_flag,static_map_actor_selector_crosslink_20260930.csv;event_record_frame_catalog.csv;static_actor_event_dialogue_binding_20260930.csv;static_actor_spawn_conditions_20260930.csv;actor_motion_direction_pattern_table_20260930.csv
cfg_t04_l070_v2,0x83,F83-L009,0x5A,humanoid_like,unknown,CC:B9F2,confirmed_frame_trailer_pointer,7A_body16_7C_next_plus_1_16_00,0x7A->body16;0x7C->next_record_plus_1_16;0x00->terminator,static_event_tail_opcode59_actor_controller,prefix_plus_tail_placement,10,4,4,0,,confirmed_static_flag,"flag_test(spec=0xBD,wram=$125D,bit=5) != 0",candidate,2,down/front,candidate_value_domain_matches_confirmed_motion_pattern,0,0x00,1,0,event_source_bound_actor,strong_structural,controller pointer equals structural event trailer; 1 validated event source binding(s); field06D9=2 matches confirmed motion-pattern value down/front; reader linkage not yet proven; spawn=confirmed_static_flag,static_map_actor_selector_crosslink_20260930.csv;event_record_frame_catalog.csv;static_actor_event_dialogue_binding_20260930.csv;static_actor_spawn_conditions_20260930.csv;actor_motion_direction_pattern_table_20260930.csv
cfg_t04_l070_v2,0x83,F83-L010,0x30,humanoid_like,unknown,CC:BA07,confirmed_frame_trailer_pointer,7A_body16_7C_next_plus_1_16_00,0x7A->body16;0x7C->next_record_plus_1_16;0x00->terminator,static_event_tail_opcode59_actor_controller,prefix_plus_tail_placement,10,4,4,0,,confirmed_static_flag,"flag_test(spec=0xBD,wram=$125D,bit=5) != 0",candidate,2,down/front,candidate_value_domain_matches_confirmed_motion_pattern,0,0x00,1,0,event_source_bound_actor,strong_structural,controller pointer equals structural event trailer; 1 validated event source binding(s); field06D9=2 matches confirmed motion-pattern value down/front; reader linkage not yet proven; spawn=confirmed_static_flag,static_map_actor_selector_crosslink_20260930.csv;event_record_frame_catalog.csv;static_actor_event_dialogue_binding_20260930.csv;static_actor_spawn_conditions_20260930.csv;actor_motion_direction_pattern_table_20260930.csv
cfg_t04_l070_v2,0x83,F83-L011,0x2F,humanoid_like,unknown,CC:BA1C,confirmed_frame_trailer_pointer,7A_body16_7C_next_plus_1_16_00,0x7A->body16;0x7C->next_record_plus_1_16;0x00->terminator,static_event_tail_opcode59_actor_controller,prefix_plus_tail_placement,10,4,4,0,,confirmed_static_flag,"flag_test(spec=0xBD,wram=$125D,bit=5) != 0",candidate,2,down/front,candidate_value_domain_matches_confirmed_motion_pattern,0,0x00,1,0,event_source_bound_actor,strong_structural,controller pointer equals structural event trailer; 1 validated event source binding(s); field06D9=2 matches confirmed motion-pattern value down/front; reader linkage not yet proven; spawn=confirmed_static_flag,static_map_actor_selector_crosslink_20260930.csv;event_record_frame_catalog.csv;static_actor_event_dialogue_binding_20260930.csv;static_actor_spawn_conditions_20260930.csv;actor_motion_direction_pattern_table_20260930.csv
cfg_t04_l070_v2,0x83,F83-L012,0x27,humanoid_like,unknown,CC:BA31,confirmed_frame_trailer_pointer,7A_body16_7C_next_plus_1_16_00,0x7A->body16;0x7C->next_record_plus_1_16;0x00->terminator,static_event_tail_opcode59_actor_controller,prefix_plus_tail_placement,10,4,4,0,,confirmed_static_flag,"flag_test(spec=0xB9,wram=$125D,bit=1) != 0",candidate,2,down/front,candidate_value_domain_matches_confirmed_motion_pattern,0,0x00,1,0,event_source_bound_actor,strong_structural,controller pointer equals structural event trailer; 1 validated event source binding(s); field06D9=2 matches confirmed motion-pattern value down/front; reader linkage not yet proven; spawn=confirmed_static_flag,static_map_actor_selector_crosslink_20260930.csv;event_record_frame_catalog.csv;static_actor_event_dialogue_binding_20260930.csv;static_actor_spawn_conditions_20260930.csv;actor_motion_direction_pattern_table_20260930.csv
cfg_t04_l070_v2,0x83,F83-L013,0x24,humanoid_like,unknown,CC:BA4E,confirmed_frame_trailer_pointer,7A_body16_7C_next_plus_1_16_00,0x7A->body16;0x7C->next_record_plus_1_16;0x00->terminator,static_event_tail_opcode59_actor_controller,prefix_plus_tail_placement,10,4,4,0,,confirmed_static_flag,"flag_test(spec=0xBD,wram=$125D,bit=5) != 0",candidate,2,down/front,candidate_value_domain_matches_confirmed_motion_pattern,0,0x00,2,0,event_source_bound_actor,strong_structural,controller pointer equals structural event trailer; 2 validated event source binding(s); field06D9=2 matches confirmed motion-pattern value down/front; reader linkage not yet proven; spawn=confirmed_static_flag,static_map_actor_selector_crosslink_20260930.csv;event_record_frame_catalog.csv;static_actor_event_dialogue_binding_20260930.csv;static_actor_spawn_conditions_20260930.csv;actor_motion_direction_pattern_table_20260930.csv
cfg_t07_l072_v2,0x84,F84-L001,0x23,humanoid_like,unknown,CC:BB2C,confirmed_frame_trailer_pointer,7A_body16_7C_next_plus_1_16_00,0x7A->body16;0x7C->next_record_plus_1_16;0x00->terminator,static_event_tail_opcode59_actor_controller,prefix_plus_tail_placement,24,18,18,0,,unresolved_complex_control_flow,,candidate,2,down/front,candidate_value_domain_matches_confirmed_motion_pattern,16,0x10,3,0,event_source_bound_actor,strong_structural,controller pointer equals structural event trailer; 3 validated event source binding(s); field06D9=2 matches confirmed motion-pattern value down/front; reader linkage not yet proven; spawn=unresolved_complex_control_flow,static_map_actor_selector_crosslink_20260930.csv;event_record_frame_catalog.csv;static_actor_event_dialogue_binding_20260930.csv;static_actor_spawn_conditions_20260930.csv;actor_motion_direction_pattern_table_20260930.csv
cfg_t04_l074_v2,0x85,F85-L001,0x24,humanoid_like,unknown,CC:BD05,confirmed_frame_trailer_pointer,7A_body16_7C_next_plus_1_16_00,0x7A->body16;0x7C->next_record_plus_1_16;0x00->terminator,static_event_tail_opcode59_actor_controller,prefix_plus_tail_placement,29,23,23,0,,confirmed_static_branch_unresolved_predicate,vm_expression(08 B9 13 02 A3 BD E7 B3 0A 59 24 12 0E 02 10 B2 0E 08 B9 13 15) != 0,candidate,4,up/back,candidate_value_domain_matches_confirmed_motion_pattern,16,0x10,0,0,placed_actor_no_validated_source,placement_only,controller pointer equals structural event trailer; no validated source selection; field06D9=4 matches confirmed motion-pattern value up/back; reader linkage not yet proven; spawn=confirmed_static_branch_unresolved_predicate,static_map_actor_selector_crosslink_20260930.csv;event_record_frame_catalog.csv;static_actor_event_dialogue_binding_20260930.csv;static_actor_spawn_conditions_20260930.csv;actor_motion_direction_pattern_table_20260930.csv
cfg_t04_l073_v2,0x85,F85-L001,0x24,humanoid_like,unknown,CC:BD05,confirmed_frame_trailer_pointer,7A_body16_7C_next_plus_1_16_00,0x7A->body16;0x7C->next_record_plus_1_16;0x00->terminator,static_event_tail_opcode59_actor_controller,prefix_plus_tail_placement,29,23,23,0,,confirmed_static_branch_unresolved_predicate,vm_expression(08 B9 13 02 A3 BD E7 B3 0A 59 24 12 0E 02 10 B2 0E 08 B9 13 15) != 0,candidate,4,up/back,candidate_value_domain_matches_confirmed_motion_pattern,16,0x10,0,0,placed_actor_no_validated_source,placement_only,controller pointer equals structural event trailer; no validated source selection; field06D9=4 matches confirmed motion-pattern value up/back; reader linkage not yet proven; spawn=confirmed_static_branch_unresolved_predicate,static_map_actor_selector_crosslink_20260930.csv;event_record_frame_catalog.csv;static_actor_event_dialogue_binding_20260930.csv;static_actor_spawn_conditions_20260930.csv;actor_motion_direction_pattern_table_20260930.csv
cfg_t04_l074_v2,0x85,F85-L002,0x23,humanoid_like,unknown,CC:BD33,confirmed_frame_trailer_pointer,7A_body16_7C_next_plus_1_16_00,0x7A->body16;0x7C->next_record_plus_1_16;0x00->terminator,static_event_tail_opcode59_actor_controller,prefix_plus_tail_placement,29,23,23,0,,confirmed_static_branch_unresolved_predicate,vm_expression(08 B9 13 02 A3 BD E7 B3 0A 59 23 13 0F 03 10 B2 0E 08 B9 13 15) != 0,candidate,4,up/back,candidate_value_domain_matches_confirmed_motion_pattern,16,0x10,0,0,placed_actor_no_validated_source,placement_only,controller pointer equals structural event trailer; no validated source selection; field06D9=4 matches confirmed motion-pattern value up/back; reader linkage not yet proven; spawn=confirmed_static_branch_unresolved_predicate,static_map_actor_selector_crosslink_20260930.csv;event_record_frame_catalog.csv;static_actor_event_dialogue_binding_20260930.csv;static_actor_spawn_conditions_20260930.csv;actor_motion_direction_pattern_table_20260930.csv
cfg_t04_l073_v2,0x85,F85-L002,0x23,humanoid_like,unknown,CC:BD33,confirmed_frame_trailer_pointer,7A_body16_7C_next_plus_1_16_00,0x7A->body16;0x7C->next_record_plus_1_16;0x00->terminator,static_event_tail_opcode59_actor_controller,prefix_plus_tail_placement,29,23,23,0,,confirmed_static_branch_unresolved_predicate,vm_expression(08 B9 13 02 A3 BD E7 B3 0A 59 23 13 0F 03 10 B2 0E 08 B9 13 15) != 0,candidate,4,up/back,candidate_value_domain_matches_confirmed_motion_pattern,16,0x10,0,0,placed_actor_no_validated_source,placement_only,controller pointer equals structural event trailer; no validated source selection; field06D9=4 matches confirmed motion-pattern value up/back; reader linkage not yet proven; spawn=confirmed_static_branch_unresolved_predicate,static_map_actor_selector_crosslink_20260930.csv;event_record_frame_catalog.csv;static_actor_event_dialogue_binding_20260930.csv;static_actor_spawn_conditions_20260930.csv;actor_motion_direction_pattern_table_20260930.csv
cfg_t44_l167_v1,0x87,F87-L001,0x10,humanoid_like,unknown,CC:C087,confirmed_frame_trailer_pointer,7A_body16_7C_next_plus_1_16_00,0x7A->body16;0x7C->next_record_plus_1_16;0x00->terminator,static_event_head_opcode59_actor_controller,head_exact_placement_only,6,0,0,0,,confirmed_static_unconditional,always,visible,2,down/front,candidate_value_domain_matches_confirmed_motion_pattern,0,0x00,2,0,event_source_bound_actor,strong_structural,controller pointer equals structural event trailer; 2 validated event source binding(s); field06D9=2 matches confirmed motion-pattern value down/front; reader linkage not yet proven; spawn=confirmed_static_unconditional,static_map_actor_selector_crosslink_20260930.csv;event_record_frame_catalog.csv;static_actor_event_dialogue_binding_20260930.csv;static_actor_spawn_conditions_20260930.csv;actor_motion_direction_pattern_table_20260930.csv
cfg_t45_l168_v2,0x88,F88-L001,0x0F,small_creature_like,unknown,CC:C302,confirmed_frame_trailer_pointer,7A_body16_7C_next_plus_1_16_00,0x7A->body16;0x7C->next_record_plus_1_16;0x00->terminator,static_event_head_opcode59_actor_controller,head_exact_placement_only,6,0,0,0,,confirmed_static_unconditional,always,visible,2,down/front,candidate_value_domain_matches_confirmed_motion_pattern,16,0x10,1,0,event_source_bound_actor,strong_structural,controller pointer equals structural event trailer; 1 validated event source binding(s); field06D9=2 matches confirmed motion-pattern value down/front; reader linkage not yet proven; spawn=confirmed_static_unconditional,static_map_actor_selector_crosslink_20260930.csv;event_record_frame_catalog.csv;static_actor_event_dialogue_binding_20260930.csv;static_actor_spawn_conditions_20260930.csv;actor_motion_direction_pattern_table_20260930.csv
cfg_t45_l168_v2,0x88,F88-L002,0x11,plant_or_effect_like,effect,CC:C313,confirmed_frame_trailer_pointer,7A_body16_7C_next_plus_1_16_00,0x7A->body16;0x7C->next_record_plus_1_16;0x00->terminator,static_event_head_opcode59_actor_controller,head_exact_placement_only,6,0,0,0,,confirmed_static_unconditional,always,visible,4,up/back,candidate_value_domain_matches_confirmed_motion_pattern,16,0x10,1,0,event_source_bound_actor,strong_structural,controller pointer equals structural event trailer; 1 validated event source binding(s); field06D9=4 matches confirmed motion-pattern value up/back; reader linkage not yet proven; spawn=confirmed_static_unconditional,static_map_actor_selector_crosslink_20260930.csv;event_record_frame_catalog.csv;static_actor_event_dialogue_binding_20260930.csv;static_actor_spawn_conditions_20260930.csv;actor_motion_direction_pattern_table_20260930.csv
cfg_t45_l168_v2,0x88,F88-L003,0x11,plant_or_effect_like,effect,CC:C324,confirmed_frame_trailer_pointer,7A_body16_7C_next_plus_1_16_00,0x7A->body16;0x7C->next_record_plus_1_16;0x00->terminator,static_event_head_opcode59_actor_controller,head_exact_placement_only,6,0,0,0,,confirmed_static_unconditional,always,visible,4,up/back,candidate_value_domain_matches_confirmed_motion_pattern,16,0x10,1,0,event_source_bound_actor,strong_structural,controller pointer equals structural event trailer; 1 validated event source binding(s); field06D9=4 matches confirmed motion-pattern value up/back; reader linkage not yet proven; spawn=confirmed_static_unconditional,static_map_actor_selector_crosslink_20260930.csv;event_record_frame_catalog.csv;static_actor_event_dialogue_binding_20260930.csv;static_actor_spawn_conditions_20260930.csv;actor_motion_direction_pattern_table_20260930.csv
cfg_t45_l168_v2,0x89,F89-L001,0x0F,small_creature_like,unknown,CC:C5ED,confirmed_frame_trailer_pointer,7A_body16_7C_next_plus_1_16_00,0x7A->body16;0x7C->next_record_plus_1_16;0x00->terminator,static_event_tail_opcode59_actor_controller,prefix_plus_tail_placement,10,4,4,0,,confirmed_static_flag,"flag_test(spec=0x93,wram=$1258,bit=3) == 0",candidate,2,down/front,candidate_value_domain_matches_confirmed_motion_pattern,16,0x10,1,0,event_source_bound_actor,strong_structural,controller pointer equals structural event trailer; 1 validated event source binding(s); field06D9=2 matches confirmed motion-pattern value down/front; reader linkage not yet proven; spawn=confirmed_static_flag,static_map_actor_selector_crosslink_20260930.csv;event_record_frame_catalog.csv;static_actor_event_dialogue_binding_20260930.csv;static_actor_spawn_conditions_20260930.csv;actor_motion_direction_pattern_table_20260930.csv
cfg_t45_l168_v2,0x89,F89-L002,0x11,plant_or_effect_like,effect,CC:C61B,confirmed_frame_trailer_pointer,7A_body16_7C_next_plus_1_16_00,0x7A->body16;0x7C->next_record_plus_1_16;0x00->terminator,static_event_head_opcode59_actor_controller,head_exact_placement_only,6,0,0,0,,confirmed_static_unconditional,always,visible,2,down/front,candidate_value_domain_matches_confirmed_motion_pattern,16,0x10,2,0,event_source_bound_actor,strong_structural,controller pointer equals structural event trailer; 2 validated event source binding(s); field06D9=2 matches confirmed motion-pattern value down/front; reader linkage not yet proven; spawn=confirmed_static_unconditional,static_map_actor_selector_crosslink_20260930.csv;event_record_frame_catalog.csv;static_actor_event_dialogue_binding_20260930.csv;static_actor_spawn_conditions_20260930.csv;actor_motion_direction_pattern_table_20260930.csv
cfg_t04_l061_v2,0x8B,F8B-L001,0x71,,unknown,CC:C7ED,confirmed_frame_trailer_pointer,7A_body16_7C_next_plus_1_16_00,0x7A->body16;0x7C->next_record_plus_1_16;0x00->terminator,static_event_tail_opcode59_actor_controller,prefix_plus_tail_placement,19,13,13,0,,unresolved_complex_control_flow,,candidate,2,down/front,candidate_value_domain_matches_confirmed_motion_pattern,0,0x00,4,0,event_source_bound_actor,strong_structural,controller pointer equals structural event trailer; 4 validated event source binding(s); field06D9=2 matches confirmed motion-pattern value down/front; reader linkage not yet proven; spawn=unresolved_complex_control_flow,static_map_actor_selector_crosslink_20260930.csv;event_record_frame_catalog.csv;static_actor_event_dialogue_binding_20260930.csv;static_actor_spawn_conditions_20260930.csv;actor_motion_direction_pattern_table_20260930.csv
cfg_t04_l061_v2,0x8B,F8B-L002,0x71,,unknown,CC:C826,confirmed_frame_trailer_pointer,7A_body16_7C_next_plus_1_16_00,0x7A->body16;0x7C->next_record_plus_1_16;0x00->terminator,static_event_tail_opcode59_actor_controller,prefix_plus_tail_placement,19,13,13,0,,unresolved_complex_control_flow,,candidate,2,down/front,candidate_value_domain_matches_confirmed_motion_pattern,0,0x00,4,0,event_source_bound_actor,strong_structural,controller pointer equals structural event trailer; 4 validated event source binding(s); field06D9=2 matches confirmed motion-pattern value down/front; reader linkage not yet proven; spawn=unresolved_complex_control_flow,static_map_actor_selector_crosslink_20260930.csv;event_record_frame_catalog.csv;static_actor_event_dialogue_binding_20260930.csv;static_actor_spawn_conditions_20260930.csv;actor_motion_direction_pattern_table_20260930.csv
cfg_t04_l061_v2,0x8B,F8B-L003,0x71,,unknown,CC:C85F,confirmed_frame_trailer_pointer,7A_body16_7C_next_plus_1_16_00,0x7A->body16;0x7C->next_record_plus_1_16;0x00->terminator,static_event_tail_opcode59_actor_controller,prefix_plus_tail_placement,19,13,13,0,,unresolved_complex_control_flow,,candidate,2,down/front,candidate_value_domain_matches_confirmed_motion_pattern,0,0x00,4,0,event_source_bound_actor,strong_structural,controller pointer equals structural event trailer; 4 validated event source binding(s); field06D9=2 matches confirmed motion-pattern value down/front; reader linkage not yet proven; spawn=unresolved_complex_control_flow,static_map_actor_selector_crosslink_20260930.csv;event_record_frame_catalog.csv;static_actor_event_dialogue_binding_20260930.csv;static_actor_spawn_conditions_20260930.csv;actor_motion_direction_pattern_table_20260930.csv
cfg_t04_l062_v2,0x8C,F8C-L001,0x0E,monster_like,unknown,CC:C94E,confirmed_frame_trailer_pointer,7A_body16_7C_next_plus_1_16_00,0x7A->body16;0x7C->next_record_plus_1_16;0x00->terminator,static_event_head_opcode59_actor_controller,head_exact_placement_only,6,0,0,0,,confirmed_static_unconditional,always,visible,2,down/front,candidate_value_domain_matches_confirmed_motion_pattern,0,0x00,1,0,event_source_bound_actor,strong_structural,controller pointer equals structural event trailer; 1 validated event source binding(s); field06D9=2 matches confirmed motion-pattern value down/front; reader linkage not yet proven; spawn=confirmed_static_unconditional,static_map_actor_selector_crosslink_20260930.csv;event_record_frame_catalog.csv;static_actor_event_dialogue_binding_20260930.csv;static_actor_spawn_conditions_20260930.csv;actor_motion_direction_pattern_table_20260930.csv
cfg_t04_l062_v2,0x8C,F8C-L002,0x0E,monster_like,unknown,CC:C967,confirmed_frame_trailer_pointer,7A_body16_7C_next_plus_1_16_00,0x7A->body16;0x7C->next_record_plus_1_16;0x00->terminator,static_event_head_opcode59_actor_controller,head_exact_placement_only,6,0,0,0,,confirmed_static_unconditional,always,visible,2,down/front,candidate_value_domain_matches_confirmed_motion_pattern,0,0x00,2,0,event_source_bound_actor,strong_structural,controller pointer equals structural event trailer; 2 validated event source binding(s); field06D9=2 matches confirmed motion-pattern value down/front; reader linkage not yet proven; spawn=confirmed_static_unconditional,static_map_actor_selector_crosslink_20260930.csv;event_record_frame_catalog.csv;static_actor_event_dialogue_binding_20260930.csv;static_actor_spawn_conditions_20260930.csv;actor_motion_direction_pattern_table_20260930.csv
cfg_t04_l062_v2,0x8C,F8C-L003,0x0E,monster_like,unknown,CC:C980,confirmed_frame_trailer_pointer,7A_body16_7C_next_plus_1_16_00,0x7A->body16;0x7C->next_record_plus_1_16;0x00->terminator,static_event_head_opcode59_actor_controller,head_exact_placement_only,6,0,0,0,,confirmed_static_unconditional,always,visible,2,down/front,candidate_value_domain_matches_confirmed_motion_pattern,0,0x00,2,0,event_source_bound_actor,strong_structural,controller pointer equals structural event trailer; 2 validated event source binding(s); field06D9=2 matches confirmed motion-pattern value down/front; reader linkage not yet proven; spawn=confirmed_static_unconditional,static_map_actor_selector_crosslink_20260930.csv;event_record_frame_catalog.csv;static_actor_event_dialogue_binding_20260930.csv;static_actor_spawn_conditions_20260930.csv;actor_motion_direction_pattern_table_20260930.csv
cfg_t04_l062_v2,0x8C,F8C-L004,0x0E,monster_like,unknown,CC:C999,confirmed_frame_trailer_pointer,7A_body16_7C_next_plus_1_16_00,0x7A->body16;0x7C->next_record_plus_1_16;0x00->terminator,static_event_head_opcode59_actor_controller,head_exact_placement_only,6,0,0,0,,confirmed_static_unconditional,always,visible,2,down/front,candidate_value_domain_matches_confirmed_motion_pattern,0,0x00,2,0,event_source_bound_actor,strong_structural,controller pointer equals structural event trailer; 2 validated event source binding(s); field06D9=2 matches confirmed motion-pattern value down/front; reader linkage not yet proven; spawn=confirmed_static_unconditional,static_map_actor_selector_crosslink_20260930.csv;event_record_frame_catalog.csv;static_actor_event_dialogue_binding_20260930.csv;static_actor_spawn_conditions_20260930.csv;actor_motion_direction_pattern_table_20260930.csv
cfg_t04_l062_v2,0x8C,F8C-L005,0x0E,monster_like,unknown,CC:C9CB,confirmed_frame_trailer_pointer,7A_body16_7C_next_plus_1_16_00,0x7A->body16;0x7C->next_record_plus_1_16;0x00->terminator,static_event_head_opcode59_actor_controller,head_exact_placement_only,6,0,0,0,,confirmed_static_unconditional,always,visible,2,down/front,candidate_value_domain_matches_confirmed_motion_pattern,0,0x00,3,0,event_source_bound_actor,strong_structural,controller pointer equals structural event trailer; 3 validated event source binding(s); field06D9=2 matches confirmed motion-pattern value down/front; reader linkage not yet proven; spawn=confirmed_static_unconditional,static_map_actor_selector_crosslink_20260930.csv;event_record_frame_catalog.csv;static_actor_event_dialogue_binding_20260930.csv;static_actor_spawn_conditions_20260930.csv;actor_motion_direction_pattern_table_20260930.csv
cfg_t04_l062_v2,0x8C,F8C-L006,0x0E,monster_like,unknown,CC:C9EA,confirmed_frame_trailer_pointer,7A_body16_7C_next_plus_1_16_00,0x7A->body16;0x7C->next_record_plus_1_16;0x00->terminator,static_event_head_opcode59_actor_controller,head_exact_placement_only,6,0,0,0,,confirmed_static_unconditional,always,visible,2,down/front,candidate_value_domain_matches_confirmed_motion_pattern,0,0x00,2,0,event_source_bound_actor,strong_structural,controller pointer equals structural event trailer; 2 validated event source binding(s); field06D9=2 matches confirmed motion-pattern value down/front; reader linkage not yet proven; spawn=confirmed_static_unconditional,static_map_actor_selector_crosslink_20260930.csv;event_record_frame_catalog.csv;static_actor_event_dialogue_binding_20260930.csv;static_actor_spawn_conditions_20260930.csv;actor_motion_direction_pattern_table_20260930.csv
cfg_t04_l062_v2,0x8C,F8C-L007,0x0E,monster_like,unknown,CC:CA03,confirmed_frame_trailer_pointer,7A_body16_7C_next_plus_1_16_00,0x7A->body16;0x7C->next_record_plus_1_16;0x00->terminator,static_event_tail_opcode59_actor_controller,prefix_plus_tail_placement,10,4,4,0,,confirmed_static_flag,"flag_test(spec=0xAB,wram=$125B,bit=3) == 0",candidate,2,down/front,candidate_value_domain_matches_confirmed_motion_pattern,0,0x00,2,0,event_source_bound_actor,strong_structural,controller pointer equals structural event trailer; 2 validated event source binding(s); field06D9=2 matches confirmed motion-pattern value down/front; reader linkage not yet proven; spawn=confirmed_static_flag,static_map_actor_selector_crosslink_20260930.csv;event_record_frame_catalog.csv;static_actor_event_dialogue_binding_20260930.csv;static_actor_spawn_conditions_20260930.csv;actor_motion_direction_pattern_table_20260930.csv
cfg_t07_l084_v2,0x8D,F8D-L001,0x0E,monster_like,unknown,CC:CAD9,confirmed_frame_trailer_pointer,7A_body16_7C_next_plus_1_16_00,0x7A->body16;0x7C->next_record_plus_1_16;0x00->terminator,static_event_tail_opcode59_actor_controller,prefix_plus_tail_placement,12,6,6,0,,confirmed_static_control_partial_predicate,predicate_08(bytes=08 B9 13 03) != 0,candidate,2,down/front,candidate_value_domain_matches_confirmed_motion_pattern,16,0x10,1,0,event_source_bound_actor,strong_structural,controller pointer equals structural event trailer; 1 validated event source binding(s); field06D9=2 matches confirmed motion-pattern value down/front; reader linkage not yet proven; spawn=confirmed_static_control_partial_predicate,static_map_actor_selector_crosslink_20260930.csv;event_record_frame_catalog.csv;static_actor_event_dialogue_binding_20260930.csv;static_actor_spawn_conditions_20260930.csv;actor_motion_direction_pattern_table_20260930.csv
cfg_t07_l084_v2,0x8D,F8D-L002,0x0E,monster_like,unknown,CC:CAF8,confirmed_frame_trailer_pointer,7A_body16_7C_next_plus_1_16_00,0x7A->body16;0x7C->next_record_plus_1_16;0x00->terminator,static_event_tail_opcode59_actor_controller,prefix_plus_tail_placement,12,6,6,0,,confirmed_static_control_partial_predicate,predicate_08(bytes=08 B9 13 04) != 0,candidate,2,down/front,candidate_value_domain_matches_confirmed_motion_pattern,16,0x10,2,0,event_source_bound_actor,strong_structural,controller pointer equals structural event trailer; 2 validated event source binding(s); field06D9=2 matches confirmed motion-pattern value down/front; reader linkage not yet proven; spawn=confirmed_static_control_partial_predicate,static_map_actor_selector_crosslink_20260930.csv;event_record_frame_catalog.csv;static_actor_event_dialogue_binding_20260930.csv;static_actor_spawn_conditions_20260930.csv;actor_motion_direction_pattern_table_20260930.csv
cfg_t07_l084_v2,0x8D,F8D-L003,0x0E,monster_like,unknown,CC:CB17,confirmed_frame_trailer_pointer,7A_body16_7C_next_plus_1_16_00,0x7A->body16;0x7C->next_record_plus_1_16;0x00->terminator,static_event_tail_opcode59_actor_controller,prefix_plus_tail_placement,12,6,6,0,,confirmed_static_control_partial_predicate,predicate_08(bytes=08 B9 13 06) != 0,candidate,2,down/front,candidate_value_domain_matches_confirmed_motion_pattern,16,0x10,2,0,event_source_bound_actor,strong_structural,controller pointer equals structural event trailer; 2 validated event source binding(s); field06D9=2 matches confirmed motion-pattern value down/front; reader linkage not yet proven; spawn=confirmed_static_control_partial_predicate,static_map_actor_selector_crosslink_20260930.csv;event_record_frame_catalog.csv;static_actor_event_dialogue_binding_20260930.csv;static_actor_spawn_conditions_20260930.csv;actor_motion_direction_pattern_table_20260930.csv
cfg_t07_l084_v2,0x8D,F8D-L004,0x71,,unknown,CC:CB36,confirmed_frame_trailer_pointer,7A_body16_7C_next_plus_1_16_00,0x7A->body16;0x7C->next_record_plus_1_16;0x00->terminator,static_event_tail_opcode59_actor_controller,prefix_plus_tail_placement,12,6,6,0,,confirmed_static_control_partial_predicate,predicate_08(bytes=08 B9 13 07) != 0,candidate,2,down/front,candidate_value_domain_matches_confirmed_motion_pattern,16,0x10,2,0,event_source_bound_actor,strong_structural,controller pointer equals structural event trailer; 2 validated event source binding(s); field06D9=2 matches confirmed motion-pattern value down/front; reader linkage not yet proven; spawn=confirmed_static_control_partial_predicate,static_map_actor_selector_crosslink_20260930.csv;event_record_frame_catalog.csv;static_actor_event_dialogue_binding_20260930.csv;static_actor_spawn_conditions_20260930.csv;actor_motion_direction_pattern_table_20260930.csv
cfg_t07_l084_v2,0x8D,F8D-L005,0x71,,unknown,CC:CBAE,confirmed_frame_trailer_pointer,7A_body16_7C_next_plus_1_16_00,0x7A->body16;0x7C->next_record_plus_1_16;0x00->terminator,static_event_tail_opcode59_actor_controller,prefix_plus_tail_placement,12,6,6,0,,confirmed_static_control_partial_predicate,predicate_08(bytes=08 B9 13 08) != 0,candidate,2,down/front,candidate_value_domain_matches_confirmed_motion_pattern,16,0x10,4,0,event_source_bound_actor,strong_structural,controller pointer equals structural event trailer; 4 validated event source binding(s); field06D9=2 matches confirmed motion-pattern value down/front; reader linkage not yet proven; spawn=confirmed_static_control_partial_predicate,static_map_actor_selector_crosslink_20260930.csv;event_record_frame_catalog.csv;static_actor_event_dialogue_binding_20260930.csv;static_actor_spawn_conditions_20260930.csv;actor_motion_direction_pattern_table_20260930.csv
cfg_t07_l084_v2,0x8D,F8D-L006,0x71,,unknown,CC:CBCE,confirmed_frame_trailer_pointer,7A_body16_7C_next_plus_1_16_00,0x7A->body16;0x7C->next_record_plus_1_16;0x00->terminator,static_event_tail_opcode59_actor_controller,prefix_plus_tail_placement,12,6,6,0,,confirmed_static_control_partial_predicate,predicate_08(bytes=08 B9 13 09) != 0,candidate,2,down/front,candidate_value_domain_matches_confirmed_motion_pattern,16,0x10,2,0,event_source_bound_actor,strong_structural,controller pointer equals structural event trailer; 2 validated event source binding(s); field06D9=2 matches confirmed motion-pattern value down/front; reader linkage not yet proven; spawn=confirmed_static_control_partial_predicate,static_map_actor_selector_crosslink_20260930.csv;event_record_frame_catalog.csv;static_actor_event_dialogue_binding_20260930.csv;static_actor_spawn_conditions_20260930.csv;actor_motion_direction_pattern_table_20260930.csv
cfg_t07_l084_v2,0x8D,F8D-L007,0x71,,unknown,CC:CBEE,confirmed_frame_trailer_pointer,7A_body16_7C_next_plus_1_16_00,0x7A->body16;0x7C->next_record_plus_1_16;0x00->terminator,static_event_tail_opcode59_actor_controller,prefix_plus_tail_placement,12,6,6,0,,confirmed_static_control_partial_predicate,predicate_08(bytes=08 B9 13 0A) != 0,candidate,2,down/front,candidate_value_domain_matches_confirmed_motion_pattern,16,0x10,2,0,event_source_bound_actor,strong_structural,controller pointer equals structural event trailer; 2 validated event source binding(s); field06D9=2 matches confirmed motion-pattern value down/front; reader linkage not yet proven; spawn=confirmed_static_control_partial_predicate,static_map_actor_selector_crosslink_20260930.csv;event_record_frame_catalog.csv;static_actor_event_dialogue_binding_20260930.csv;static_actor_spawn_conditions_20260930.csv;actor_motion_direction_pattern_table_20260930.csv
cfg_t07_l084_v2,0x8D,F8D-L008,0x71,,unknown,CC:CC30,confirmed_frame_trailer_pointer,7A_body16_7C_next_plus_1_16_00,0x7A->body16;0x7C->next_record_plus_1_16;0x00->terminator,static_event_tail_opcode59_actor_controller,prefix_plus_tail_placement,12,6,6,0,,confirmed_static_control_partial_predicate,predicate_08(bytes=08 B9 13 0B) != 0,candidate,2,down/front,candidate_value_domain_matches_confirmed_motion_pattern,16,0x10,4,0,event_source_bound_actor,strong_structural,controller pointer equals structural event trailer; 4 validated event source binding(s); field06D9=2 matches confirmed motion-pattern value down/front; reader linkage not yet proven; spawn=confirmed_static_control_partial_predicate,static_map_actor_selector_crosslink_20260930.csv;event_record_frame_catalog.csv;static_actor_event_dialogue_binding_20260930.csv;static_actor_spawn_conditions_20260930.csv;actor_motion_direction_pattern_table_20260930.csv
cfg_t04_l060_v1,0x8E,F8E-L001,0x3C,humanoid_like,unknown,CC:CD15,confirmed_frame_trailer_pointer,7A_body16_7C_next_plus_1_16_00,0x7A->body16;0x7C->next_record_plus_1_16;0x00->terminator,static_event_tail_opcode59_actor_controller,prefix_plus_tail_placement,18,12,12,0,,unresolved_complex_control_flow,,candidate,2,down/front,candidate_value_domain_matches_confirmed_motion_pattern,16,0x10,1,0,event_source_bound_actor,strong_structural,controller pointer equals structural event trailer; 1 validated event source binding(s); field06D9=2 matches confirmed motion-pattern value down/front; reader linkage not yet proven; spawn=unresolved_complex_control_flow,static_map_actor_selector_crosslink_20260930.csv;event_record_frame_catalog.csv;static_actor_event_dialogue_binding_20260930.csv;static_actor_spawn_conditions_20260930.csv;actor_motion_direction_pattern_table_20260930.csv
cfg_t04_l060_v1,0x8E,F8E-L002,0x3C,humanoid_like,unknown,CC:CD55,confirmed_frame_trailer_pointer,7A_body16_7C_next_plus_1_16_00,0x7A->body16;0x7C->next_record_plus_1_16;0x00->terminator,static_event_head_opcode59_actor_controller,head_exact_placement_only,6,0,0,0,,confirmed_static_unconditional,always,visible,2,down/front,candidate_value_domain_matches_confirmed_motion_pattern,0,0x00,0,0,placed_actor_no_validated_source,placement_only,controller pointer equals structural event trailer; no validated source selection; field06D9=2 matches confirmed motion-pattern value down/front; reader linkage not yet proven; spawn=confirmed_static_unconditional,static_map_actor_selector_crosslink_20260930.csv;event_record_frame_catalog.csv;static_actor_event_dialogue_binding_20260930.csv;static_actor_spawn_conditions_20260930.csv;actor_motion_direction_pattern_table_20260930.csv
cfg_t04_l060_v1,0x8E,F8E-L003,0x3C,humanoid_like,unknown,CC:CD76,confirmed_frame_trailer_pointer,7A_body16_7C_next_plus_1_16_00,0x7A->body16;0x7C->next_record_plus_1_16;0x00->terminator,static_event_head_opcode59_actor_controller,head_exact_placement_only,6,0,0,0,,confirmed_static_unconditional,always,visible,2,down/front,candidate_value_domain_matches_confirmed_motion_pattern,0,0x00,2,0,event_source_bound_actor,strong_structural,controller pointer equals structural event trailer; 2 validated event source binding(s); field06D9=2 matches confirmed motion-pattern value down/front; reader linkage not yet proven; spawn=confirmed_static_unconditional,static_map_actor_selector_crosslink_20260930.csv;event_record_frame_catalog.csv;static_actor_event_dialogue_binding_20260930.csv;static_actor_spawn_conditions_20260930.csv;actor_motion_direction_pattern_table_20260930.csv
cfg_t04_l060_v1,0x8E,F8E-L004,0x3C,humanoid_like,unknown,CC:CD95,confirmed_frame_trailer_pointer,7A_body16_7C_next_plus_1_16_00,0x7A->body16;0x7C->next_record_plus_1_16;0x00->terminator,static_event_head_opcode59_actor_controller,head_exact_placement_only,6,0,0,0,,confirmed_static_unconditional,always,visible,2,down/front,candidate_value_domain_matches_confirmed_motion_pattern,0,0x00,1,0,event_source_bound_actor,strong_structural,controller pointer equals structural event trailer; 1 validated event source binding(s); field06D9=2 matches confirmed motion-pattern value down/front; reader linkage not yet proven; spawn=confirmed_static_unconditional,static_map_actor_selector_crosslink_20260930.csv;event_record_frame_catalog.csv;static_actor_event_dialogue_binding_20260930.csv;static_actor_spawn_conditions_20260930.csv;actor_motion_direction_pattern_table_20260930.csv
cfg_t04_l060_v1,0x8E,F8E-L005,0x3C,humanoid_like,unknown,CC:CDA6,confirmed_frame_trailer_pointer,7A_body16_7C_next_plus_1_16_00,0x7A->body16;0x7C->next_record_plus_1_16;0x00->terminator,static_event_head_opcode59_actor_controller,head_exact_placement_only,6,0,0,0,,confirmed_static_unconditional,always,visible,2,down/front,candidate_value_domain_matches_confirmed_motion_pattern,0,0x00,1,0,event_source_bound_actor,strong_structural,controller pointer equals structural event trailer; 1 validated event source binding(s); field06D9=2 matches confirmed motion-pattern value down/front; reader linkage not yet proven; spawn=confirmed_static_unconditional,static_map_actor_selector_crosslink_20260930.csv;event_record_frame_catalog.csv;static_actor_event_dialogue_binding_20260930.csv;static_actor_spawn_conditions_20260930.csv;actor_motion_direction_pattern_table_20260930.csv
cfg_t04_l060_v1,0x8E,F8E-L006,0x3C,humanoid_like,unknown,CC:CDC5,confirmed_frame_trailer_pointer,7A_body16_7C_next_plus_1_16_00,0x7A->body16;0x7C->next_record_plus_1_16;0x00->terminator,static_event_tail_opcode59_actor_controller,prefix_plus_tail_placement,16,10,10,0,,confirmed_static_branch_unresolved_predicate,vm_expression(21 8B 80 E1 A3 C6 E1 E7) != 0,candidate,2,down/front,candidate_value_domain_matches_confirmed_motion_pattern,16,0x10,1,0,event_source_bound_actor,strong_structural,controller pointer equals structural event trailer; 1 validated event source binding(s); field06D9=2 matches confirmed motion-pattern value down/front; reader linkage not yet proven; spawn=confirmed_static_branch_unresolved_predicate,static_map_actor_selector_crosslink_20260930.csv;event_record_frame_catalog.csv;static_actor_event_dialogue_binding_20260930.csv;static_actor_spawn_conditions_20260930.csv;actor_motion_direction_pattern_table_20260930.csv
cfg_t53_l186_v2,0x8F,F8F-L001,0x33,humanoid_like,unknown,CC:CEFA,confirmed_frame_trailer_pointer,7A_body16_7C_next_plus_1_16_00,0x7A->body16;0x7C->next_record_plus_1_16;0x00->terminator,static_event_head_opcode59_actor_controller,head_exact_placement_only,6,0,0,0,,confirmed_static_unconditional,always,visible,2,down/front,candidate_value_domain_matches_confirmed_motion_pattern,0,0x00,1,0,event_source_bound_actor,strong_structural,controller pointer equals structural event trailer; 1 validated event source binding(s); field06D9=2 matches confirmed motion-pattern value down/front; reader linkage not yet proven; spawn=confirmed_static_unconditional,static_map_actor_selector_crosslink_20260930.csv;event_record_frame_catalog.csv;static_actor_event_dialogue_binding_20260930.csv;static_actor_spawn_conditions_20260930.csv;actor_motion_direction_pattern_table_20260930.csv
cfg_t53_l186_v2,0x8F,F8F-L002,0x33,humanoid_like,unknown,CC:CF0B,confirmed_frame_trailer_pointer,7A_body16_7C_next_plus_1_16_00,0x7A->body16;0x7C->next_record_plus_1_16;0x00->terminator,static_event_head_opcode59_actor_controller,head_exact_placement_only,6,0,0,0,,confirmed_static_unconditional,always,visible,2,down/front,candidate_value_domain_matches_confirmed_motion_pattern,0,0x00,1,0,event_source_bound_actor,strong_structural,controller pointer equals structural event trailer; 1 validated event source binding(s); field06D9=2 matches confirmed motion-pattern value down/front; reader linkage not yet proven; spawn=confirmed_static_unconditional,static_map_actor_selector_crosslink_20260930.csv;event_record_frame_catalog.csv;static_actor_event_dialogue_binding_20260930.csv;static_actor_spawn_conditions_20260930.csv;actor_motion_direction_pattern_table_20260930.csv
cfg_t53_l186_v2,0x8F,F8F-L003,0x33,humanoid_like,unknown,CC:CF1C,confirmed_frame_trailer_pointer,7A_body16_7C_next_plus_1_16_00,0x7A->body16;0x7C->next_record_plus_1_16;0x00->terminator,static_event_head_opcode59_actor_controller,head_exact_placement_only,6,0,0,0,,confirmed_static_unconditional,always,visible,2,down/front,candidate_value_domain_matches_confirmed_motion_pattern,0,0x00,1,0,event_source_bound_actor,strong_structural,controller pointer equals structural event trailer; 1 validated event source binding(s); field06D9=2 matches confirmed motion-pattern value down/front; reader linkage not yet proven; spawn=confirmed_static_unconditional,static_map_actor_selector_crosslink_20260930.csv;event_record_frame_catalog.csv;static_actor_event_dialogue_binding_20260930.csv;static_actor_spawn_conditions_20260930.csv;actor_motion_direction_pattern_table_20260930.csv
cfg_t53_l186_v2,0x8F,F8F-L004,0x33,humanoid_like,unknown,CC:CF2D,confirmed_frame_trailer_pointer,7A_body16_7C_next_plus_1_16_00,0x7A->body16;0x7C->next_record_plus_1_16;0x00->terminator,static_event_head_opcode59_actor_controller,head_exact_placement_only,6,0,0,0,,confirmed_static_unconditional,always,visible,2,down/front,candidate_value_domain_matches_confirmed_motion_pattern,0,0x00,1,0,event_source_bound_actor,strong_structural,controller pointer equals structural event trailer; 1 validated event source binding(s); field06D9=2 matches confirmed motion-pattern value down/front; reader linkage not yet proven; spawn=confirmed_static_unconditional,static_map_actor_selector_crosslink_20260930.csv;event_record_frame_catalog.csv;static_actor_event_dialogue_binding_20260930.csv;static_actor_spawn_conditions_20260930.csv;actor_motion_direction_pattern_table_20260930.csv
cfg_t53_l186_v2,0x8F,F8F-L005,0x33,humanoid_like,unknown,CC:CF4C,confirmed_frame_trailer_pointer,7A_body16_7C_next_plus_1_16_00,0x7A->body16;0x7C->next_record_plus_1_16;0x00->terminator,static_event_head_opcode59_actor_controller,head_exact_placement_only,6,0,0,0,,confirmed_static_unconditional,always,visible,2,down/front,candidate_value_domain_matches_confirmed_motion_pattern,0,0x00,1,0,event_source_bound_actor,strong_structural,controller pointer equals structural event trailer; 1 validated event source binding(s); field06D9=2 matches confirmed motion-pattern value down/front; reader linkage not yet proven; spawn=confirmed_static_unconditional,static_map_actor_selector_crosslink_20260930.csv;event_record_frame_catalog.csv;static_actor_event_dialogue_binding_20260930.csv;static_actor_spawn_conditions_20260930.csv;actor_motion_direction_pattern_table_20260930.csv
cfg_t53_l186_v2,0x8F,F8F-L006,0x33,humanoid_like,unknown,CC:CF5D,confirmed_frame_trailer_pointer,7A_body16_7C_next_plus_1_16_00,0x7A->body16;0x7C->next_record_plus_1_16;0x00->terminator,static_event_head_opcode59_actor_controller,head_exact_placement_only,6,0,0,0,,confirmed_static_unconditional,always,visible,2,down/front,candidate_value_domain_matches_confirmed_motion_pattern,0,0x00,1,0,event_source_bound_actor,strong_structural,controller pointer equals structural event trailer; 1 validated event source binding(s); field06D9=2 matches confirmed motion-pattern value down/front; reader linkage not yet proven; spawn=confirmed_static_unconditional,static_map_actor_selector_crosslink_20260930.csv;event_record_frame_catalog.csv;static_actor_event_dialogue_binding_20260930.csv;static_actor_spawn_conditions_20260930.csv;actor_motion_direction_pattern_table_20260930.csv
cfg_t53_l186_v2,0x8F,F8F-L007,0x33,humanoid_like,unknown,CC:CF6E,confirmed_frame_trailer_pointer,7A_body16_7C_next_plus_1_16_00,0x7A->body16;0x7C->next_record_plus_1_16;0x00->terminator,static_event_head_opcode59_actor_controller,head_exact_placement_only,6,0,0,0,,confirmed_static_unconditional,always,visible,2,down/front,candidate_value_domain_matches_confirmed_motion_pattern,0,0x00,1,0,event_source_bound_actor,strong_structural,controller pointer equals structural event trailer; 1 validated event source binding(s); field06D9=2 matches confirmed motion-pattern value down/front; reader linkage not yet proven; spawn=confirmed_static_unconditional,static_map_actor_selector_crosslink_20260930.csv;event_record_frame_catalog.csv;static_actor_event_dialogue_binding_20260930.csv;static_actor_spawn_conditions_20260930.csv;actor_motion_direction_pattern_table_20260930.csv
cfg_t08_l092_v2,0x91,F91-L001,0x43,humanoid_like,unknown,CC:D3AC,confirmed_frame_trailer_pointer,7A_body16_7C_next_plus_1_16_00,0x7A->body16;0x7C->next_record_plus_1_16;0x00->terminator,static_event_tail_opcode59_actor_controller,prefix_plus_tail_placement,10,4,4,0,,confirmed_static_flag,"flag_test(spec=0x0A,wram=$1247,bit=2) == 0",candidate,4,up/back,candidate_value_domain_matches_confirmed_motion_pattern,16,0x10,1,0,event_source_bound_actor,strong_structural,controller pointer equals structural event trailer; 1 validated event source binding(s); field06D9=4 matches confirmed motion-pattern value up/back; reader linkage not yet proven; spawn=confirmed_static_flag,static_map_actor_selector_crosslink_20260930.csv;event_record_frame_catalog.csv;static_actor_event_dialogue_binding_20260930.csv;static_actor_spawn_conditions_20260930.csv;actor_motion_direction_pattern_table_20260930.csv
cfg_t08_l092_v2,0x91,F91-L002,0x43,humanoid_like,unknown,CC:D3CB,confirmed_frame_trailer_pointer,7A_body16_7C_next_plus_1_16_00,0x7A->body16;0x7C->next_record_plus_1_16;0x00->terminator,static_event_head_opcode59_actor_controller,head_exact_placement_only,6,0,0,0,,confirmed_static_unconditional,always,visible,1,right,candidate_value_domain_matches_confirmed_motion_pattern,16,0x10,0,0,placed_actor_no_validated_source,placement_only,controller pointer equals structural event trailer; no validated source selection; field06D9=1 matches confirmed motion-pattern value right; reader linkage not yet proven; spawn=confirmed_static_unconditional,static_map_actor_selector_crosslink_20260930.csv;event_record_frame_catalog.csv;static_actor_event_dialogue_binding_20260930.csv;static_actor_spawn_conditions_20260930.csv;actor_motion_direction_pattern_table_20260930.csv
cfg_t08_l092_v2,0x92,F92-L001,0x3A,animal_like,animal,CC:D57F,confirmed_frame_trailer_pointer,7A_body16_7C_next_plus_1_16_00,0x7A->body16;0x7C->next_record_plus_1_16;0x00->terminator,static_event_head_opcode59_actor_controller,head_exact_placement_only,6,0,0,0,,confirmed_static_unconditional,always,visible,2,down/front,candidate_value_domain_matches_confirmed_motion_pattern,144,0x90,3,0,event_source_bound_actor,strong_structural,controller pointer equals structural event trailer; 3 validated event source binding(s); field06D9=2 matches confirmed motion-pattern value down/front; reader linkage not yet proven; spawn=confirmed_static_unconditional,static_map_actor_selector_crosslink_20260930.csv;event_record_frame_catalog.csv;static_actor_event_dialogue_binding_20260930.csv;static_actor_spawn_conditions_20260930.csv;actor_motion_direction_pattern_table_20260930.csv
cfg_t08_l092_v2,0x92,F92-L002,0x3A,animal_like,animal,CC:D59A,confirmed_frame_trailer_pointer,7A_body16_7C_next_plus_1_16_00,0x7A->body16;0x7C->next_record_plus_1_16;0x00->terminator,static_event_head_opcode59_actor_controller,head_exact_placement_only,6,0,0,0,,confirmed_static_unconditional,always,visible,2,down/front,candidate_value_domain_matches_confirmed_motion_pattern,144,0x90,0,0,placed_actor_no_validated_source,placement_only,controller pointer equals structural event trailer; no validated source selection; field06D9=2 matches confirmed motion-pattern value down/front; reader linkage not yet proven; spawn=confirmed_static_unconditional,static_map_actor_selector_crosslink_20260930.csv;event_record_frame_catalog.csv;static_actor_event_dialogue_binding_20260930.csv;static_actor_spawn_conditions_20260930.csv;actor_motion_direction_pattern_table_20260930.csv
cfg_t08_l092_v2,0x92,F92-L003,0x40,humanoid_like,unknown,CC:D5B5,confirmed_frame_trailer_pointer,7A_body16_7C_next_plus_1_16_00,0x7A->body16;0x7C->next_record_plus_1_16;0x00->terminator,static_event_head_opcode59_actor_controller,head_exact_placement_only,6,0,0,0,,confirmed_static_unconditional,always,visible,2,down/front,candidate_value_domain_matches_confirmed_motion_pattern,144,0x90,0,0,placed_actor_no_validated_source,placement_only,controller pointer equals structural event trailer; no validated source selection; field06D9=2 matches confirmed motion-pattern value down/front; reader linkage not yet proven; spawn=confirmed_static_unconditional,static_map_actor_selector_crosslink_20260930.csv;event_record_frame_catalog.csv;static_actor_event_dialogue_binding_20260930.csv;static_actor_spawn_conditions_20260930.csv;actor_motion_direction_pattern_table_20260930.csv
cfg_t08_l092_v2,0x92,F92-L004,0x43,humanoid_like,unknown,CC:D5D0,confirmed_frame_trailer_pointer,7A_body16_7C_next_plus_1_16_00,0x7A->body16;0x7C->next_record_plus_1_16;0x00->terminator,static_event_head_opcode59_actor_controller,head_exact_placement_only,6,0,0,0,,confirmed_static_unconditional,always,visible,2,down/front,candidate_value_domain_matches_confirmed_motion_pattern,144,0x90,0,0,placed_actor_no_validated_source,placement_only,controller pointer equals structural event trailer; no validated source selection; field06D9=2 matches confirmed motion-pattern value down/front; reader linkage not yet proven; spawn=confirmed_static_unconditional,static_map_actor_selector_crosslink_20260930.csv;event_record_frame_catalog.csv;static_actor_event_dialogue_binding_20260930.csv;static_actor_spawn_conditions_20260930.csv;actor_motion_direction_pattern_table_20260930.csv
cfg_t08_l092_v2,0x92,F92-L005,0x44,humanoid_like,unknown,CC:D5EB,confirmed_frame_trailer_pointer,7A_body16_7C_next_plus_1_16_00,0x7A->body16;0x7C->next_record_plus_1_16;0x00->terminator,static_event_head_opcode59_actor_controller,head_exact_placement_only,6,0,0,0,,confirmed_static_unconditional,always,visible,2,down/front,candidate_value_domain_matches_confirmed_motion_pattern,144,0x90,0,0,placed_actor_no_validated_source,placement_only,controller pointer equals structural event trailer; no validated source selection; field06D9=2 matches confirmed motion-pattern value down/front; reader linkage not yet proven; spawn=confirmed_static_unconditional,static_map_actor_selector_crosslink_20260930.csv;event_record_frame_catalog.csv;static_actor_event_dialogue_binding_20260930.csv;static_actor_spawn_conditions_20260930.csv;actor_motion_direction_pattern_table_20260930.csv
cfg_t08_l092_v2,0x93,F93-L001,0x3A,animal_like,animal,CC:D742,confirmed_frame_trailer_pointer,7A_body16_7C_next_plus_1_16_00,0x7A->body16;0x7C->next_record_plus_1_16;0x00->terminator,static_event_head_opcode59_actor_controller,head_exact_placement_only,6,0,0,0,,confirmed_static_unconditional,always,visible,2,down/front,candidate_value_domain_matches_confirmed_motion_pattern,16,0x10,0,0,placed_actor_no_validated_source,placement_only,controller pointer equals structural event trailer; no validated source selection; field06D9=2 matches confirmed motion-pattern value down/front; reader linkage not yet proven; spawn=confirmed_static_unconditional,static_map_actor_selector_crosslink_20260930.csv;event_record_frame_catalog.csv;static_actor_event_dialogue_binding_20260930.csv;static_actor_spawn_conditions_20260930.csv;actor_motion_direction_pattern_table_20260930.csv
cfg_t08_l092_v2,0x93,F93-L002,0x3A,animal_like,animal,CC:D75D,confirmed_frame_trailer_pointer,7A_body16_7C_next_plus_1_16_00,0x7A->body16;0x7C->next_record_plus_1_16;0x00->terminator,static_event_head_opcode59_actor_controller,head_exact_placement_only,6,0,0,0,,confirmed_static_unconditional,always,visible,2,down/front,candidate_value_domain_matches_confirmed_motion_pattern,16,0x10,0,0,placed_actor_no_validated_source,placement_only,controller pointer equals structural event trailer; no validated source selection; field06D9=2 matches confirmed motion-pattern value down/front; reader linkage not yet proven; spawn=confirmed_static_unconditional,static_map_actor_selector_crosslink_20260930.csv;event_record_frame_catalog.csv;static_actor_event_dialogue_binding_20260930.csv;static_actor_spawn_conditions_20260930.csv;actor_motion_direction_pattern_table_20260930.csv
cfg_t08_l092_v2,0x93,F93-L003,0x3A,animal_like,animal,CC:D778,confirmed_frame_trailer_pointer,7A_body16_7C_next_plus_1_16_00,0x7A->body16;0x7C->next_record_plus_1_16;0x00->terminator,static_event_head_opcode59_actor_controller,head_exact_placement_only,6,0,0,0,,confirmed_static_unconditional,always,visible,2,down/front,candidate_value_domain_matches_confirmed_motion_pattern,16,0x10,0,0,placed_actor_no_validated_source,placement_only,controller pointer equals structural event trailer; no validated source selection; field06D9=2 matches confirmed motion-pattern value down/front; reader linkage not yet proven; spawn=confirmed_static_unconditional,static_map_actor_selector_crosslink_20260930.csv;event_record_frame_catalog.csv;static_actor_event_dialogue_binding_20260930.csv;static_actor_spawn_conditions_20260930.csv;actor_motion_direction_pattern_table_20260930.csv
cfg_t08_l092_v2,0x95,F95-L001,0x44,humanoid_like,unknown,CC:DB58,confirmed_frame_trailer_pointer,7A_body16_7C_next_plus_1_16_00,0x7A->body16;0x7C->next_record_plus_1_16;0x00->terminator,static_event_tail_opcode59_actor_controller,prefix_plus_tail_placement,10,4,4,0,,confirmed_static_flag,"flag_test(spec=0x0A,wram=$1247,bit=2) != 0",candidate,2,down/front,candidate_value_domain_matches_confirmed_motion_pattern,0,0x00,1,0,event_source_bound_actor,strong_structural,controller pointer equals structural event trailer; 1 validated event source binding(s); field06D9=2 matches confirmed motion-pattern value down/front; reader linkage not yet proven; spawn=confirmed_static_flag,static_map_actor_selector_crosslink_20260930.csv;event_record_frame_catalog.csv;static_actor_event_dialogue_binding_20260930.csv;static_actor_spawn_conditions_20260930.csv;actor_motion_direction_pattern_table_20260930.csv
cfg_t08_l096_v2,0x95,F95-L001,0x44,humanoid_like,unknown,CC:DB58,confirmed_frame_trailer_pointer,7A_body16_7C_next_plus_1_16_00,0x7A->body16;0x7C->next_record_plus_1_16;0x00->terminator,static_event_tail_opcode59_actor_controller,prefix_plus_tail_placement,10,4,4,0,,confirmed_static_flag,"flag_test(spec=0x0A,wram=$1247,bit=2) != 0",candidate,2,down/front,candidate_value_domain_matches_confirmed_motion_pattern,0,0x00,1,0,event_source_bound_actor,strong_structural,controller pointer equals structural event trailer; 1 validated event source binding(s); field06D9=2 matches confirmed motion-pattern value down/front; reader linkage not yet proven; spawn=confirmed_static_flag,static_map_actor_selector_crosslink_20260930.csv;event_record_frame_catalog.csv;static_actor_event_dialogue_binding_20260930.csv;static_actor_spawn_conditions_20260930.csv;actor_motion_direction_pattern_table_20260930.csv
cfg_t09_l097_v2,0x97,F97-L001,0x43,humanoid_like,unknown,CC:DED3,confirmed_frame_trailer_pointer,7A_body16_7C_next_plus_1_16_00,0x7A->body16;0x7C->next_record_plus_1_16;0x00->terminator,static_event_tail_opcode59_actor_controller,prefix_plus_tail_placement,10,4,4,0,,confirmed_static_flag,"flag_test(spec=0x13,wram=$1248,bit=3) == 0",candidate,2,down/front,candidate_value_domain_matches_confirmed_motion_pattern,16,0x10,1,0,event_source_bound_actor,strong_structural,controller pointer equals structural event trailer; 1 validated event source binding(s); field06D9=2 matches confirmed motion-pattern value down/front; reader linkage not yet proven; spawn=confirmed_static_flag,static_map_actor_selector_crosslink_20260930.csv;event_record_frame_catalog.csv;static_actor_event_dialogue_binding_20260930.csv;static_actor_spawn_conditions_20260930.csv;actor_motion_direction_pattern_table_20260930.csv
cfg_t22_l121_v2,0x9A,F9A-L001,0x40,humanoid_like,unknown,CC:EA1A,confirmed_frame_trailer_pointer,7A_body16_7C_next_plus_1_16_00,0x7A->body16;0x7C->next_record_plus_1_16;0x00->terminator,static_event_head_opcode59_actor_controller,head_exact_placement_only,6,0,0,0,,confirmed_static_unconditional,always,visible,3,left,candidate_value_domain_matches_confirmed_motion_pattern,16,0x10,0,0,placed_actor_no_validated_source,placement_only,controller pointer equals structural event trailer; no validated source selection; field06D9=3 matches confirmed motion-pattern value left; reader linkage not yet proven; spawn=confirmed_static_unconditional,static_map_actor_selector_crosslink_20260930.csv;event_record_frame_catalog.csv;static_actor_event_dialogue_binding_20260930.csv;static_actor_spawn_conditions_20260930.csv;actor_motion_direction_pattern_table_20260930.csv
cfg_t22_l121_v2,0x9A,F9A-L002,0x40,humanoid_like,unknown,CC:EA31,confirmed_frame_trailer_pointer,7A_body16_7C_next_plus_1_16_00,0x7A->body16;0x7C->next_record_plus_1_16;0x00->terminator,static_event_head_opcode59_actor_controller,head_exact_placement_only,6,0,0,0,,confirmed_static_unconditional,always,visible,3,left,candidate_value_domain_matches_confirmed_motion_pattern,16,0x10,0,0,placed_actor_no_validated_source,placement_only,controller pointer equals structural event trailer; no validated source selection; field06D9=3 matches confirmed motion-pattern value left; reader linkage not yet proven; spawn=confirmed_static_unconditional,static_map_actor_selector_crosslink_20260930.csv;event_record_frame_catalog.csv;static_actor_event_dialogue_binding_20260930.csv;static_actor_spawn_conditions_20260930.csv;actor_motion_direction_pattern_table_20260930.csv
cfg_t22_l121_v2,0x9A,F9A-L003,0x40,humanoid_like,unknown,CC:EA48,confirmed_frame_trailer_pointer,7A_body16_7C_next_plus_1_16_00,0x7A->body16;0x7C->next_record_plus_1_16;0x00->terminator,static_event_head_opcode59_actor_controller,head_exact_placement_only,6,0,0,0,,confirmed_static_unconditional,always,visible,4,up/back,candidate_value_domain_matches_confirmed_motion_pattern,16,0x10,0,0,placed_actor_no_validated_source,placement_only,controller pointer equals structural event trailer; no validated source selection; field06D9=4 matches confirmed motion-pattern value up/back; reader linkage not yet proven; spawn=confirmed_static_unconditional,static_map_actor_selector_crosslink_20260930.csv;event_record_frame_catalog.csv;static_actor_event_dialogue_binding_20260930.csv;static_actor_spawn_conditions_20260930.csv;actor_motion_direction_pattern_table_20260930.csv
cfg_t22_l121_v2,0x9A,F9A-L004,0x3B,humanoid_like,unknown,CC:EA8A,confirmed_frame_trailer_pointer,7A_body16_7C_next_plus_1_16_00,0x7A->body16;0x7C->next_record_plus_1_16;0x00->terminator,static_event_head_opcode59_actor_controller,head_exact_placement_only,6,0,0,0,,confirmed_static_unconditional,always,visible,2,down/front,candidate_value_domain_matches_confirmed_motion_pattern,16,0x10,0,0,placed_actor_no_validated_source,placement_only,controller pointer equals structural event trailer; no validated source selection; field06D9=2 matches confirmed motion-pattern value down/front; reader linkage not yet proven; spawn=confirmed_static_unconditional,static_map_actor_selector_crosslink_20260930.csv;event_record_frame_catalog.csv;static_actor_event_dialogue_binding_20260930.csv;static_actor_spawn_conditions_20260930.csv;actor_motion_direction_pattern_table_20260930.csv
cfg_t22_l121_v2,0x9A,F9A-L005,0x3B,humanoid_like,unknown,CC:EA9B,confirmed_frame_trailer_pointer,7A_body16_7C_next_plus_1_16_00,0x7A->body16;0x7C->next_record_plus_1_16;0x00->terminator,static_event_head_opcode59_actor_controller,head_exact_placement_only,6,0,0,0,,confirmed_static_unconditional,always,visible,2,down/front,candidate_value_domain_matches_confirmed_motion_pattern,16,0x10,1,0,event_source_bound_actor,strong_structural,controller pointer equals structural event trailer; 1 validated event source binding(s); field06D9=2 matches confirmed motion-pattern value down/front; reader linkage not yet proven; spawn=confirmed_static_unconditional,static_map_actor_selector_crosslink_20260930.csv;event_record_frame_catalog.csv;static_actor_event_dialogue_binding_20260930.csv;static_actor_spawn_conditions_20260930.csv;actor_motion_direction_pattern_table_20260930.csv
cfg_t22_l121_v2,0x9A,F9A-L006,0x3B,humanoid_like,unknown,CC:EAAC,confirmed_frame_trailer_pointer,7A_body16_7C_next_plus_1_16_00,0x7A->body16;0x7C->next_record_plus_1_16;0x00->terminator,static_event_head_opcode59_actor_controller,head_exact_placement_only,6,0,0,0,,confirmed_static_unconditional,always,visible,2,down/front,candidate_value_domain_matches_confirmed_motion_pattern,16,0x10,1,0,event_source_bound_actor,strong_structural,controller pointer equals structural event trailer; 1 validated event source binding(s); field06D9=2 matches confirmed motion-pattern value down/front; reader linkage not yet proven; spawn=confirmed_static_unconditional,static_map_actor_selector_crosslink_20260930.csv;event_record_frame_catalog.csv;static_actor_event_dialogue_binding_20260930.csv;static_actor_spawn_conditions_20260930.csv;actor_motion_direction_pattern_table_20260930.csv
cfg_t22_l121_v2,0x9A,F9A-L007,0x3B,humanoid_like,unknown,CC:EABD,confirmed_frame_trailer_pointer,7A_body16_7C_next_plus_1_16_00,0x7A->body16;0x7C->next_record_plus_1_16;0x00->terminator,static_event_head_opcode59_actor_controller,head_exact_placement_only,6,0,0,0,,confirmed_static_unconditional,always,visible,2,down/front,candidate_value_domain_matches_confirmed_motion_pattern,16,0x10,1,0,event_source_bound_actor,strong_structural,controller pointer equals structural event trailer; 1 validated event source binding(s); field06D9=2 matches confirmed motion-pattern value down/front; reader linkage not yet proven; spawn=confirmed_static_unconditional,static_map_actor_selector_crosslink_20260930.csv;event_record_frame_catalog.csv;static_actor_event_dialogue_binding_20260930.csv;static_actor_spawn_conditions_20260930.csv;actor_motion_direction_pattern_table_20260930.csv
cfg_t22_l121_v2,0x9A,F9A-L008,0x3B,humanoid_like,unknown,CC:EACE,confirmed_frame_trailer_pointer,7A_body16_7C_next_plus_1_16_00,0x7A->body16;0x7C->next_record_plus_1_16;0x00->terminator,static_event_head_opcode59_actor_controller,head_exact_placement_only,6,0,0,0,,confirmed_static_unconditional,always,visible,2,down/front,candidate_value_domain_matches_confirmed_motion_pattern,16,0x10,1,0,event_source_bound_actor,strong_structural,controller pointer equals structural event trailer; 1 validated event source binding(s); field06D9=2 matches confirmed motion-pattern value down/front; reader linkage not yet proven; spawn=confirmed_static_unconditional,static_map_actor_selector_crosslink_20260930.csv;event_record_frame_catalog.csv;static_actor_event_dialogue_binding_20260930.csv;static_actor_spawn_conditions_20260930.csv;actor_motion_direction_pattern_table_20260930.csv
cfg_t22_l121_v2,0x9A,F9A-L009,0x3B,humanoid_like,unknown,CC:EADF,confirmed_frame_trailer_pointer,7A_body16_7C_next_plus_1_16_00,0x7A->body16;0x7C->next_record_plus_1_16;0x00->terminator,static_event_head_opcode59_actor_controller,head_exact_placement_only,6,0,0,0,,confirmed_static_unconditional,always,visible,2,down/front,candidate_value_domain_matches_confirmed_motion_pattern,16,0x10,1,0,event_source_bound_actor,strong_structural,controller pointer equals structural event trailer; 1 validated event source binding(s); field06D9=2 matches confirmed motion-pattern value down/front; reader linkage not yet proven; spawn=confirmed_static_unconditional,static_map_actor_selector_crosslink_20260930.csv;event_record_frame_catalog.csv;static_actor_event_dialogue_binding_20260930.csv;static_actor_spawn_conditions_20260930.csv;actor_motion_direction_pattern_table_20260930.csv
cfg_t22_l121_v2,0x9A,F9A-L010,0x3B,humanoid_like,unknown,CC:EAF0,confirmed_frame_trailer_pointer,7A_body16_7C_next_plus_1_16_00,0x7A->body16;0x7C->next_record_plus_1_16;0x00->terminator,static_event_head_opcode59_actor_controller,head_exact_placement_only,6,0,0,0,,confirmed_static_unconditional,always,visible,2,down/front,candidate_value_domain_matches_confirmed_motion_pattern,16,0x10,1,0,event_source_bound_actor,strong_structural,controller pointer equals structural event trailer; 1 validated event source binding(s); field06D9=2 matches confirmed motion-pattern value down/front; reader linkage not yet proven; spawn=confirmed_static_unconditional,static_map_actor_selector_crosslink_20260930.csv;event_record_frame_catalog.csv;static_actor_event_dialogue_binding_20260930.csv;static_actor_spawn_conditions_20260930.csv;actor_motion_direction_pattern_table_20260930.csv
cfg_t22_l121_v2,0x9A,F9A-L011,0x3B,humanoid_like,unknown,CC:EB01,confirmed_frame_trailer_pointer,7A_body16_7C_next_plus_1_16_00,0x7A->body16;0x7C->next_record_plus_1_16;0x00->terminator,static_event_head_opcode59_actor_controller,head_exact_placement_only,6,0,0,0,,confirmed_static_unconditional,always,visible,2,down/front,candidate_value_domain_matches_confirmed_motion_pattern,16,0x10,1,0,event_source_bound_actor,strong_structural,controller pointer equals structural event trailer; 1 validated event source binding(s); field06D9=2 matches confirmed motion-pattern value down/front; reader linkage not yet proven; spawn=confirmed_static_unconditional,static_map_actor_selector_crosslink_20260930.csv;event_record_frame_catalog.csv;static_actor_event_dialogue_binding_20260930.csv;static_actor_spawn_conditions_20260930.csv;actor_motion_direction_pattern_table_20260930.csv
cfg_t22_l121_v2,0x9A,F9A-L012,0x2F,humanoid_like,unknown,CC:EB41,confirmed_frame_trailer_pointer,7A_body16_7C_next_plus_1_16_00,0x7A->body16;0x7C->next_record_plus_1_16;0x00->terminator,static_event_tail_opcode59_actor_controller,prefix_plus_tail_placement,10,4,4,0,,confirmed_static_flag,"flag_test(spec=0x2E,wram=$124B,bit=6) == 0",candidate,2,down/front,candidate_value_domain_matches_confirmed_motion_pattern,16,0x10,1,0,event_source_bound_actor,strong_structural,controller pointer equals structural event trailer; 1 validated event source binding(s); field06D9=2 matches confirmed motion-pattern value down/front; reader linkage not yet proven; spawn=confirmed_static_flag,static_map_actor_selector_crosslink_20260930.csv;event_record_frame_catalog.csv;static_actor_event_dialogue_binding_20260930.csv;static_actor_spawn_conditions_20260930.csv;actor_motion_direction_pattern_table_20260930.csv
cfg_t22_l121_v2,0x9A,F9A-L013,0x2F,humanoid_like,unknown,CC:EB5A,confirmed_frame_trailer_pointer,7A_body16_7C_next_plus_1_16_00,0x7A->body16;0x7C->next_record_plus_1_16;0x00->terminator,static_event_tail_opcode59_actor_controller,prefix_plus_tail_placement,10,4,4,0,,confirmed_static_flag,"flag_test(spec=0x2F,wram=$124B,bit=7) == 0",candidate,2,down/front,candidate_value_domain_matches_confirmed_motion_pattern,16,0x10,0,0,placed_actor_no_validated_source,placement_only,controller pointer equals structural event trailer; no validated source selection; field06D9=2 matches confirmed motion-pattern value down/front; reader linkage not yet proven; spawn=confirmed_static_flag,static_map_actor_selector_crosslink_20260930.csv;event_record_frame_catalog.csv;static_actor_event_dialogue_binding_20260930.csv;static_actor_spawn_conditions_20260930.csv;actor_motion_direction_pattern_table_20260930.csv
cfg_t22_l121_v2,0x9A,F9A-L014,0x2F,humanoid_like,unknown,CC:EB73,confirmed_frame_trailer_pointer,7A_body16_7C_next_plus_1_16_00,0x7A->body16;0x7C->next_record_plus_1_16;0x00->terminator,static_event_tail_opcode59_actor_controller,prefix_plus_tail_placement,10,4,4,0,,confirmed_static_flag,"flag_test(spec=0x30,wram=$124C,bit=0) == 0",candidate,2,down/front,candidate_value_domain_matches_confirmed_motion_pattern,16,0x10,0,0,placed_actor_no_validated_source,placement_only,controller pointer equals structural event trailer; no validated source selection; field06D9=2 matches confirmed motion-pattern value down/front; reader linkage not yet proven; spawn=confirmed_static_flag,static_map_actor_selector_crosslink_20260930.csv;event_record_frame_catalog.csv;static_actor_event_dialogue_binding_20260930.csv;static_actor_spawn_conditions_20260930.csv;actor_motion_direction_pattern_table_20260930.csv
cfg_t22_l121_v2,0x9A,F9A-L015,0x3B,humanoid_like,unknown,CC:EB8C,confirmed_frame_trailer_pointer,7A_body16_7C_next_plus_1_16_00,0x7A->body16;0x7C->next_record_plus_1_16;0x00->terminator,static_event_head_opcode59_actor_controller,head_exact_placement_only,6,0,0,0,,confirmed_static_unconditional,always,visible,3,left,candidate_value_domain_matches_confirmed_motion_pattern,16,0x10,0,0,placed_actor_no_validated_source,placement_only,controller pointer equals structural event trailer; no validated source selection; field06D9=3 matches confirmed motion-pattern value left; reader linkage not yet proven; spawn=confirmed_static_unconditional,static_map_actor_selector_crosslink_20260930.csv;event_record_frame_catalog.csv;static_actor_event_dialogue_binding_20260930.csv;static_actor_spawn_conditions_20260930.csv;actor_motion_direction_pattern_table_20260930.csv
cfg_t22_l121_v2,0x9A,F9A-L016,0x3B,humanoid_like,unknown,CC:EB9D,confirmed_frame_trailer_pointer,7A_body16_7C_next_plus_1_16_00,0x7A->body16;0x7C->next_record_plus_1_16;0x00->terminator,static_event_head_opcode59_actor_controller,head_exact_placement_only,6,0,0,0,,confirmed_static_unconditional,always,visible,3,left,candidate_value_domain_matches_confirmed_motion_pattern,16,0x10,1,0,event_source_bound_actor,strong_structural,controller pointer equals structural event trailer; 1 validated event source binding(s); field06D9=3 matches confirmed motion-pattern value left; reader linkage not yet proven; spawn=confirmed_static_unconditional,static_map_actor_selector_crosslink_20260930.csv;event_record_frame_catalog.csv;static_actor_event_dialogue_binding_20260930.csv;static_actor_spawn_conditions_20260930.csv;actor_motion_direction_pattern_table_20260930.csv
cfg_t22_l121_v2,0x9A,F9A-L017,0x3B,humanoid_like,unknown,CC:EBAE,confirmed_frame_trailer_pointer,7A_body16_7C_next_plus_1_16_00,0x7A->body16;0x7C->next_record_plus_1_16;0x00->terminator,static_event_head_opcode59_actor_controller,head_exact_placement_only,6,0,0,0,,confirmed_static_unconditional,always,visible,3,left,candidate_value_domain_matches_confirmed_motion_pattern,16,0x10,1,0,event_source_bound_actor,strong_structural,controller pointer equals structural event trailer; 1 validated event source binding(s); field06D9=3 matches confirmed motion-pattern value left; reader linkage not yet proven; spawn=confirmed_static_unconditional,static_map_actor_selector_crosslink_20260930.csv;event_record_frame_catalog.csv;static_actor_event_dialogue_binding_20260930.csv;static_actor_spawn_conditions_20260930.csv;actor_motion_direction_pattern_table_20260930.csv
cfg_t22_l121_v2,0x9A,F9A-L018,0x3B,humanoid_like,unknown,CC:EBBF,confirmed_frame_trailer_pointer,7A_body16_7C_next_plus_1_16_00,0x7A->body16;0x7C->next_record_plus_1_16;0x00->terminator,static_event_head_opcode59_actor_controller,head_exact_placement_only,6,0,0,0,,confirmed_static_unconditional,always,visible,3,left,candidate_value_domain_matches_confirmed_motion_pattern,16,0x10,1,0,event_source_bound_actor,strong_structural,controller pointer equals structural event trailer; 1 validated event source binding(s); field06D9=3 matches confirmed motion-pattern value left; reader linkage not yet proven; spawn=confirmed_static_unconditional,static_map_actor_selector_crosslink_20260930.csv;event_record_frame_catalog.csv;static_actor_event_dialogue_binding_20260930.csv;static_actor_spawn_conditions_20260930.csv;actor_motion_direction_pattern_table_20260930.csv
cfg_t22_l121_v2,0x9A,F9A-L019,0x30,humanoid_like,unknown,CC:EBD0,confirmed_frame_trailer_pointer,7A_body16_7C_next_plus_1_16_00,0x7A->body16;0x7C->next_record_plus_1_16;0x00->terminator,static_event_tail_opcode59_actor_controller,prefix_plus_tail_placement,10,4,4,0,,confirmed_static_flag,"flag_test(spec=0x31,wram=$124C,bit=1) == 0",candidate,2,down/front,candidate_value_domain_matches_confirmed_motion_pattern,16,0x10,1,0,event_source_bound_actor,strong_structural,controller pointer equals structural event trailer; 1 validated event source binding(s); field06D9=2 matches confirmed motion-pattern value down/front; reader linkage not yet proven; spawn=confirmed_static_flag,static_map_actor_selector_crosslink_20260930.csv;event_record_frame_catalog.csv;static_actor_event_dialogue_binding_20260930.csv;static_actor_spawn_conditions_20260930.csv;actor_motion_direction_pattern_table_20260930.csv
cfg_t22_l121_v2,0x9B,F9B-L001,0x40,humanoid_like,unknown,CC:F13B,confirmed_frame_trailer_pointer,7A_body16_7C_next_plus_1_16_00,0x7A->body16;0x7C->next_record_plus_1_16;0x00->terminator,static_event_head_opcode59_actor_controller,head_exact_placement_only,6,0,0,0,,confirmed_static_unconditional,always,visible,3,left,candidate_value_domain_matches_confirmed_motion_pattern,16,0x10,0,0,placed_actor_no_validated_source,placement_only,controller pointer equals structural event trailer; no validated source selection; field06D9=3 matches confirmed motion-pattern value left; reader linkage not yet proven; spawn=confirmed_static_unconditional,static_map_actor_selector_crosslink_20260930.csv;event_record_frame_catalog.csv;static_actor_event_dialogue_binding_20260930.csv;static_actor_spawn_conditions_20260930.csv;actor_motion_direction_pattern_table_20260930.csv
cfg_t22_l121_v2,0x9B,F9B-L002,0x40,humanoid_like,unknown,CC:F152,confirmed_frame_trailer_pointer,7A_body16_7C_next_plus_1_16_00,0x7A->body16;0x7C->next_record_plus_1_16;0x00->terminator,static_event_head_opcode59_actor_controller,head_exact_placement_only,6,0,0,0,,confirmed_static_unconditional,always,visible,1,right,candidate_value_domain_matches_confirmed_motion_pattern,16,0x10,0,0,placed_actor_no_validated_source,placement_only,controller pointer equals structural event trailer; no validated source selection; field06D9=1 matches confirmed motion-pattern value right; reader linkage not yet proven; spawn=confirmed_static_unconditional,static_map_actor_selector_crosslink_20260930.csv;event_record_frame_catalog.csv;static_actor_event_dialogue_binding_20260930.csv;static_actor_spawn_conditions_20260930.csv;actor_motion_direction_pattern_table_20260930.csv
cfg_t22_l121_v2,0x9B,F9B-L003,0x40,humanoid_like,unknown,CC:F169,confirmed_frame_trailer_pointer,7A_body16_7C_next_plus_1_16_00,0x7A->body16;0x7C->next_record_plus_1_16;0x00->terminator,static_event_head_opcode59_actor_controller,head_exact_placement_only,6,0,0,0,,confirmed_static_unconditional,always,visible,3,left,candidate_value_domain_matches_confirmed_motion_pattern,16,0x10,0,0,placed_actor_no_validated_source,placement_only,controller pointer equals structural event trailer; no validated source selection; field06D9=3 matches confirmed motion-pattern value left; reader linkage not yet proven; spawn=confirmed_static_unconditional,static_map_actor_selector_crosslink_20260930.csv;event_record_frame_catalog.csv;static_actor_event_dialogue_binding_20260930.csv;static_actor_spawn_conditions_20260930.csv;actor_motion_direction_pattern_table_20260930.csv
cfg_t22_l121_v2,0x9B,F9B-L004,0x3B,humanoid_like,unknown,CC:F1B5,confirmed_frame_trailer_pointer,7A_body16_7C_next_plus_1_16_00,0x7A->body16;0x7C->next_record_plus_1_16;0x00->terminator,static_event_head_opcode59_actor_controller,head_exact_placement_only,6,0,0,0,,confirmed_static_unconditional,always,visible,2,down/front,candidate_value_domain_matches_confirmed_motion_pattern,16,0x10,1,0,event_source_bound_actor,strong_structural,controller pointer equals structural event trailer; 1 validated event source binding(s); field06D9=2 matches confirmed motion-pattern value down/front; reader linkage not yet proven; spawn=confirmed_static_unconditional,static_map_actor_selector_crosslink_20260930.csv;event_record_frame_catalog.csv;static_actor_event_dialogue_binding_20260930.csv;static_actor_spawn_conditions_20260930.csv;actor_motion_direction_pattern_table_20260930.csv
cfg_t22_l121_v2,0x9B,F9B-L005,0x3B,humanoid_like,unknown,CC:F1C6,confirmed_frame_trailer_pointer,7A_body16_7C_next_plus_1_16_00,0x7A->body16;0x7C->next_record_plus_1_16;0x00->terminator,static_event_head_opcode59_actor_controller,head_exact_placement_only,6,0,0,0,,confirmed_static_unconditional,always,visible,2,down/front,candidate_value_domain_matches_confirmed_motion_pattern,16,0x10,1,0,event_source_bound_actor,strong_structural,controller pointer equals structural event trailer; 1 validated event source binding(s); field06D9=2 matches confirmed motion-pattern value down/front; reader linkage not yet proven; spawn=confirmed_static_unconditional,static_map_actor_selector_crosslink_20260930.csv;event_record_frame_catalog.csv;static_actor_event_dialogue_binding_20260930.csv;static_actor_spawn_conditions_20260930.csv;actor_motion_direction_pattern_table_20260930.csv
cfg_t22_l121_v2,0x9B,F9B-L006,0x3B,humanoid_like,unknown,CC:F1D7,confirmed_frame_trailer_pointer,7A_body16_7C_next_plus_1_16_00,0x7A->body16;0x7C->next_record_plus_1_16;0x00->terminator,static_event_head_opcode59_actor_controller,head_exact_placement_only,6,0,0,0,,confirmed_static_unconditional,always,visible,2,down/front,candidate_value_domain_matches_confirmed_motion_pattern,16,0x10,1,0,event_source_bound_actor,strong_structural,controller pointer equals structural event trailer; 1 validated event source binding(s); field06D9=2 matches confirmed motion-pattern value down/front; reader linkage not yet proven; spawn=confirmed_static_unconditional,static_map_actor_selector_crosslink_20260930.csv;event_record_frame_catalog.csv;static_actor_event_dialogue_binding_20260930.csv;static_actor_spawn_conditions_20260930.csv;actor_motion_direction_pattern_table_20260930.csv
cfg_t22_l121_v2,0x9B,F9B-L007,0x3B,humanoid_like,unknown,CC:F1E8,confirmed_frame_trailer_pointer,7A_body16_7C_next_plus_1_16_00,0x7A->body16;0x7C->next_record_plus_1_16;0x00->terminator,static_event_head_opcode59_actor_controller,head_exact_placement_only,6,0,0,0,,confirmed_static_unconditional,always,visible,2,down/front,candidate_value_domain_matches_confirmed_motion_pattern,16,0x10,1,0,event_source_bound_actor,strong_structural,controller pointer equals structural event trailer; 1 validated event source binding(s); field06D9=2 matches confirmed motion-pattern value down/front; reader linkage not yet proven; spawn=confirmed_static_unconditional,static_map_actor_selector_crosslink_20260930.csv;event_record_frame_catalog.csv;static_actor_event_dialogue_binding_20260930.csv;static_actor_spawn_conditions_20260930.csv;actor_motion_direction_pattern_table_20260930.csv
cfg_t22_l121_v2,0x9B,F9B-L008,0x3B,humanoid_like,unknown,CC:F1F9,confirmed_frame_trailer_pointer,7A_body16_7C_next_plus_1_16_00,0x7A->body16;0x7C->next_record_plus_1_16;0x00->terminator,static_event_head_opcode59_actor_controller,head_exact_placement_only,6,0,0,0,,confirmed_static_unconditional,always,visible,2,down/front,candidate_value_domain_matches_confirmed_motion_pattern,16,0x10,1,0,event_source_bound_actor,strong_structural,controller pointer equals structural event trailer; 1 validated event source binding(s); field06D9=2 matches confirmed motion-pattern value down/front; reader linkage not yet proven; spawn=confirmed_static_unconditional,static_map_actor_selector_crosslink_20260930.csv;event_record_frame_catalog.csv;static_actor_event_dialogue_binding_20260930.csv;static_actor_spawn_conditions_20260930.csv;actor_motion_direction_pattern_table_20260930.csv
cfg_t22_l121_v2,0x9B,F9B-L009,0x3B,humanoid_like,unknown,CC:F20A,confirmed_frame_trailer_pointer,7A_body16_7C_next_plus_1_16_00,0x7A->body16;0x7C->next_record_plus_1_16;0x00->terminator,static_event_head_opcode59_actor_controller,head_exact_placement_only,6,0,0,0,,confirmed_static_unconditional,always,visible,2,down/front,candidate_value_domain_matches_confirmed_motion_pattern,16,0x10,1,0,event_source_bound_actor,strong_structural,controller pointer equals structural event trailer; 1 validated event source binding(s); field06D9=2 matches confirmed motion-pattern value down/front; reader linkage not yet proven; spawn=confirmed_static_unconditional,static_map_actor_selector_crosslink_20260930.csv;event_record_frame_catalog.csv;static_actor_event_dialogue_binding_20260930.csv;static_actor_spawn_conditions_20260930.csv;actor_motion_direction_pattern_table_20260930.csv
cfg_t22_l121_v2,0x9B,F9B-L010,0x3B,humanoid_like,unknown,CC:F21B,confirmed_frame_trailer_pointer,7A_body16_7C_next_plus_1_16_00,0x7A->body16;0x7C->next_record_plus_1_16;0x00->terminator,static_event_head_opcode59_actor_controller,head_exact_placement_only,6,0,0,0,,confirmed_static_unconditional,always,visible,2,down/front,candidate_value_domain_matches_confirmed_motion_pattern,16,0x10,1,0,event_source_bound_actor,strong_structural,controller pointer equals structural event trailer; 1 validated event source binding(s); field06D9=2 matches confirmed motion-pattern value down/front; reader linkage not yet proven; spawn=confirmed_static_unconditional,static_map_actor_selector_crosslink_20260930.csv;event_record_frame_catalog.csv;static_actor_event_dialogue_binding_20260930.csv;static_actor_spawn_conditions_20260930.csv;actor_motion_direction_pattern_table_20260930.csv
cfg_t22_l121_v2,0x9B,F9B-L011,0x3B,humanoid_like,unknown,CC:F22C,confirmed_frame_trailer_pointer,7A_body16_7C_next_plus_1_16_00,0x7A->body16;0x7C->next_record_plus_1_16;0x00->terminator,static_event_head_opcode59_actor_controller,head_exact_placement_only,6,0,0,0,,confirmed_static_unconditional,always,visible,2,down/front,candidate_value_domain_matches_confirmed_motion_pattern,16,0x10,1,0,event_source_bound_actor,strong_structural,controller pointer equals structural event trailer; 1 validated event source binding(s); field06D9=2 matches confirmed motion-pattern value down/front; reader linkage not yet proven; spawn=confirmed_static_unconditional,static_map_actor_selector_crosslink_20260930.csv;event_record_frame_catalog.csv;static_actor_event_dialogue_binding_20260930.csv;static_actor_spawn_conditions_20260930.csv;actor_motion_direction_pattern_table_20260930.csv
cfg_t22_l121_v2,0x9B,F9B-L012,0x3B,humanoid_like,unknown,CC:F23D,confirmed_frame_trailer_pointer,7A_body16_7C_next_plus_1_16_00,0x7A->body16;0x7C->next_record_plus_1_16;0x00->terminator,static_event_head_opcode59_actor_controller,head_exact_placement_only,6,0,0,0,,confirmed_static_unconditional,always,visible,2,down/front,candidate_value_domain_matches_confirmed_motion_pattern,16,0x10,1,0,event_source_bound_actor,strong_structural,controller pointer equals structural event trailer; 1 validated event source binding(s); field06D9=2 matches confirmed motion-pattern value down/front; reader linkage not yet proven; spawn=confirmed_static_unconditional,static_map_actor_selector_crosslink_20260930.csv;event_record_frame_catalog.csv;static_actor_event_dialogue_binding_20260930.csv;static_actor_spawn_conditions_20260930.csv;actor_motion_direction_pattern_table_20260930.csv
cfg_t22_l121_v2,0x9B,F9B-L013,0x3B,humanoid_like,unknown,CC:F24E,confirmed_frame_trailer_pointer,7A_body16_7C_next_plus_1_16_00,0x7A->body16;0x7C->next_record_plus_1_16;0x00->terminator,static_event_head_opcode59_actor_controller,head_exact_placement_only,6,0,0,0,,confirmed_static_unconditional,always,visible,2,down/front,candidate_value_domain_matches_confirmed_motion_pattern,16,0x10,1,0,event_source_bound_actor,strong_structural,controller pointer equals structural event trailer; 1 validated event source binding(s); field06D9=2 matches confirmed motion-pattern value down/front; reader linkage not yet proven; spawn=confirmed_static_unconditional,static_map_actor_selector_crosslink_20260930.csv;event_record_frame_catalog.csv;static_actor_event_dialogue_binding_20260930.csv;static_actor_spawn_conditions_20260930.csv;actor_motion_direction_pattern_table_20260930.csv
cfg_t22_l121_v2,0x9B,F9B-L014,0x3B,humanoid_like,unknown,CC:F25F,confirmed_frame_trailer_pointer,7A_body16_7C_next_plus_1_16_00,0x7A->body16;0x7C->next_record_plus_1_16;0x00->terminator,static_event_head_opcode59_actor_controller,head_exact_placement_only,6,0,0,0,,confirmed_static_unconditional,always,visible,2,down/front,candidate_value_domain_matches_confirmed_motion_pattern,16,0x10,1,0,event_source_bound_actor,strong_structural,controller pointer equals structural event trailer; 1 validated event source binding(s); field06D9=2 matches confirmed motion-pattern value down/front; reader linkage not yet proven; spawn=confirmed_static_unconditional,static_map_actor_selector_crosslink_20260930.csv;event_record_frame_catalog.csv;static_actor_event_dialogue_binding_20260930.csv;static_actor_spawn_conditions_20260930.csv;actor_motion_direction_pattern_table_20260930.csv
cfg_t22_l121_v2,0x9B,F9B-L015,0x3B,humanoid_like,unknown,CC:F270,confirmed_frame_trailer_pointer,7A_body16_7C_next_plus_1_16_00,0x7A->body16;0x7C->next_record_plus_1_16;0x00->terminator,static_event_head_opcode59_actor_controller,head_exact_placement_only,6,0,0,0,,confirmed_static_unconditional,always,visible,2,down/front,candidate_value_domain_matches_confirmed_motion_pattern,16,0x10,1,0,event_source_bound_actor,strong_structural,controller pointer equals structural event trailer; 1 validated event source binding(s); field06D9=2 matches confirmed motion-pattern value down/front; reader linkage not yet proven; spawn=confirmed_static_unconditional,static_map_actor_selector_crosslink_20260930.csv;event_record_frame_catalog.csv;static_actor_event_dialogue_binding_20260930.csv;static_actor_spawn_conditions_20260930.csv;actor_motion_direction_pattern_table_20260930.csv
cfg_t22_l121_v2,0x9B,F9B-L016,0x30,humanoid_like,unknown,CC:F2B0,confirmed_frame_trailer_pointer,7A_body16_7C_next_plus_1_16_00,0x7A->body16;0x7C->next_record_plus_1_16;0x00->terminator,static_event_tail_opcode59_actor_controller,prefix_plus_tail_placement,10,4,4,0,,confirmed_static_flag,"flag_test(spec=0x3A,wram=$124D,bit=2) == 0",candidate,2,down/front,candidate_value_domain_matches_confirmed_motion_pattern,16,0x10,1,0,event_source_bound_actor,strong_structural,controller pointer equals structural event trailer; 1 validated event source binding(s); field06D9=2 matches confirmed motion-pattern value down/front; reader linkage not yet proven; spawn=confirmed_static_flag,static_map_actor_selector_crosslink_20260930.csv;event_record_frame_catalog.csv;static_actor_event_dialogue_binding_20260930.csv;static_actor_spawn_conditions_20260930.csv;actor_motion_direction_pattern_table_20260930.csv
cfg_t22_l121_v2,0x9B,F9B-L017,0x30,humanoid_like,unknown,CC:F2C9,confirmed_frame_trailer_pointer,7A_body16_7C_next_plus_1_16_00,0x7A->body16;0x7C->next_record_plus_1_16;0x00->terminator,static_event_tail_opcode59_actor_controller,prefix_plus_tail_placement,10,4,4,0,,confirmed_static_flag,"flag_test(spec=0x3B,wram=$124D,bit=3) == 0",candidate,2,down/front,candidate_value_domain_matches_confirmed_motion_pattern,16,0x10,0,0,placed_actor_no_validated_source,placement_only,controller pointer equals structural event trailer; no validated source selection; field06D9=2 matches confirmed motion-pattern value down/front; reader linkage not yet proven; spawn=confirmed_static_flag,static_map_actor_selector_crosslink_20260930.csv;event_record_frame_catalog.csv;static_actor_event_dialogue_binding_20260930.csv;static_actor_spawn_conditions_20260930.csv;actor_motion_direction_pattern_table_20260930.csv
cfg_t22_l121_v2,0x9B,F9B-L018,0x30,humanoid_like,unknown,CC:F2E2,confirmed_frame_trailer_pointer,7A_body16_7C_next_plus_1_16_00,0x7A->body16;0x7C->next_record_plus_1_16;0x00->terminator,static_event_tail_opcode59_actor_controller,prefix_plus_tail_placement,10,4,4,0,,confirmed_static_flag,"flag_test(spec=0x3C,wram=$124D,bit=4) == 0",candidate,2,down/front,candidate_value_domain_matches_confirmed_motion_pattern,16,0x10,0,0,placed_actor_no_validated_source,placement_only,controller pointer equals structural event trailer; no validated source selection; field06D9=2 matches confirmed motion-pattern value down/front; reader linkage not yet proven; spawn=confirmed_static_flag,static_map_actor_selector_crosslink_20260930.csv;event_record_frame_catalog.csv;static_actor_event_dialogue_binding_20260930.csv;static_actor_spawn_conditions_20260930.csv;actor_motion_direction_pattern_table_20260930.csv
cfg_t22_l121_v2,0x9B,F9B-L019,0x30,humanoid_like,unknown,CC:F30B,confirmed_frame_trailer_pointer,7A_body16_7C_next_plus_1_16_00,0x7A->body16;0x7C->next_record_plus_1_16;0x00->terminator,static_event_tail_opcode59_actor_controller,prefix_plus_tail_placement,10,4,4,0,,confirmed_static_flag,"flag_test(spec=0x3D,wram=$124D,bit=5) == 0",candidate,2,down/front,candidate_value_domain_matches_confirmed_motion_pattern,16,0x10,0,0,placed_actor_no_validated_source,placement_only,controller pointer equals structural event trailer; no validated source selection; field06D9=2 matches confirmed motion-pattern value down/front; reader linkage not yet proven; spawn=confirmed_static_flag,static_map_actor_selector_crosslink_20260930.csv;event_record_frame_catalog.csv;static_actor_event_dialogue_binding_20260930.csv;static_actor_spawn_conditions_20260930.csv;actor_motion_direction_pattern_table_20260930.csv
cfg_t22_l121_v2,0x9B,F9B-L021,0x5B,humanoid_like,unknown,CC:F6EB,confirmed_frame_trailer_pointer,7A_body16_7C_next_plus_1_16_00,0x7A->body16;0x7C->next_record_plus_1_16;0x00->terminator,static_event_tail_opcode59_actor_controller,prefix_plus_tail_placement,25,19,19,0,,unresolved_complex_control_flow,,candidate,2,down/front,candidate_value_domain_matches_confirmed_motion_pattern,16,0x10,2,0,event_source_bound_actor,strong_structural,controller pointer equals structural event trailer; 2 validated event source binding(s); field06D9=2 matches confirmed motion-pattern value down/front; reader linkage not yet proven; spawn=unresolved_complex_control_flow,static_map_actor_selector_crosslink_20260930.csv;event_record_frame_catalog.csv;static_actor_event_dialogue_binding_20260930.csv;static_actor_spawn_conditions_20260930.csv;actor_motion_direction_pattern_table_20260930.csv
cfg_t22_l121_v2,0x9B,F9B-L022,0x28,humanoid_like,unknown,CC:F70F,confirmed_frame_trailer_pointer,7A_body16_7C_next_plus_1_16_00,0x7A->body16;0x7C->next_record_plus_1_16;0x00->terminator,static_event_tail_opcode59_actor_controller,prefix_plus_tail_placement,25,19,19,0,,unresolved_complex_control_flow,,candidate,2,down/front,candidate_value_domain_matches_confirmed_motion_pattern,16,0x10,1,0,event_source_bound_actor,strong_structural,controller pointer equals structural event trailer; 1 validated event source binding(s); field06D9=2 matches confirmed motion-pattern value down/front; reader linkage not yet proven; spawn=unresolved_complex_control_flow,static_map_actor_selector_crosslink_20260930.csv;event_record_frame_catalog.csv;static_actor_event_dialogue_binding_20260930.csv;static_actor_spawn_conditions_20260930.csv;actor_motion_direction_pattern_table_20260930.csv
cfg_t22_l121_v2,0x9B,F9B-L023,0x5B,humanoid_like,unknown,CC:F733,confirmed_frame_trailer_pointer,7A_body16_7C_next_plus_1_16_00,0x7A->body16;0x7C->next_record_plus_1_16;0x00->terminator,static_event_tail_opcode59_actor_controller,prefix_plus_tail_placement,25,19,19,0,,unresolved_complex_control_flow,,candidate,2,down/front,candidate_value_domain_matches_confirmed_motion_pattern,16,0x10,1,0,event_source_bound_actor,strong_structural,controller pointer equals structural event trailer; 1 validated event source binding(s); field06D9=2 matches confirmed motion-pattern value down/front; reader linkage not yet proven; spawn=unresolved_complex_control_flow,static_map_actor_selector_crosslink_20260930.csv;event_record_frame_catalog.csv;static_actor_event_dialogue_binding_20260930.csv;static_actor_spawn_conditions_20260930.csv;actor_motion_direction_pattern_table_20260930.csv
cfg_t22_l121_v2,0x9B,F9B-L024,0x28,humanoid_like,unknown,CC:F757,confirmed_frame_trailer_pointer,7A_body16_7C_next_plus_1_16_00,0x7A->body16;0x7C->next_record_plus_1_16;0x00->terminator,static_event_tail_opcode59_actor_controller,prefix_plus_tail_placement,25,19,19,0,,unresolved_complex_control_flow,,candidate,2,down/front,candidate_value_domain_matches_confirmed_motion_pattern,16,0x10,1,0,event_source_bound_actor,strong_structural,controller pointer equals structural event trailer; 1 validated event source binding(s); field06D9=2 matches confirmed motion-pattern value down/front; reader linkage not yet proven; spawn=unresolved_complex_control_flow,static_map_actor_selector_crosslink_20260930.csv;event_record_frame_catalog.csv;static_actor_event_dialogue_binding_20260930.csv;static_actor_spawn_conditions_20260930.csv;actor_motion_direction_pattern_table_20260930.csv
cfg_t22_l121_v2,0x9B,F9B-L025,0x5B,humanoid_like,unknown,CC:F77B,confirmed_frame_trailer_pointer,7A_body16_7C_next_plus_1_16_00,0x7A->body16;0x7C->next_record_plus_1_16;0x00->terminator,static_event_tail_opcode59_actor_controller,prefix_plus_tail_placement,25,19,19,0,,unresolved_complex_control_flow,,candidate,2,down/front,candidate_value_domain_matches_confirmed_motion_pattern,16,0x10,1,0,event_source_bound_actor,strong_structural,controller pointer equals structural event trailer; 1 validated event source binding(s); field06D9=2 matches confirmed motion-pattern value down/front; reader linkage not yet proven; spawn=unresolved_complex_control_flow,static_map_actor_selector_crosslink_20260930.csv;event_record_frame_catalog.csv;static_actor_event_dialogue_binding_20260930.csv;static_actor_spawn_conditions_20260930.csv;actor_motion_direction_pattern_table_20260930.csv
cfg_t22_l121_v2,0x9B,F9B-L026,0x28,humanoid_like,unknown,CC:F79F,confirmed_frame_trailer_pointer,7A_body16_7C_next_plus_1_16_00,0x7A->body16;0x7C->next_record_plus_1_16;0x00->terminator,static_event_tail_opcode59_actor_controller,prefix_plus_tail_placement,25,19,19,0,,unresolved_complex_control_flow,,candidate,2,down/front,candidate_value_domain_matches_confirmed_motion_pattern,16,0x10,1,0,event_source_bound_actor,strong_structural,controller pointer equals structural event trailer; 1 validated event source binding(s); field06D9=2 matches confirmed motion-pattern value down/front; reader linkage not yet proven; spawn=unresolved_complex_control_flow,static_map_actor_selector_crosslink_20260930.csv;event_record_frame_catalog.csv;static_actor_event_dialogue_binding_20260930.csv;static_actor_spawn_conditions_20260930.csv;actor_motion_direction_pattern_table_20260930.csv
cfg_t22_l121_v2,0x9C,F9C-L001,0x30,humanoid_like,unknown,CC:F9E9,confirmed_frame_trailer_pointer,7A_body16_7C_next_plus_1_16_00,0x7A->body16;0x7C->next_record_plus_1_16;0x00->terminator,static_event_tail_opcode59_actor_controller,prefix_plus_tail_placement,10,4,4,0,,confirmed_static_flag,"flag_test(spec=0x34,wram=$124C,bit=4) == 0",candidate,2,down/front,candidate_value_domain_matches_confirmed_motion_pattern,16,0x10,0,0,placed_actor_no_validated_source,placement_only,controller pointer equals structural event trailer; no validated source selection; field06D9=2 matches confirmed motion-pattern value down/front; reader linkage not yet proven; spawn=confirmed_static_flag,static_map_actor_selector_crosslink_20260930.csv;event_record_frame_catalog.csv;static_actor_event_dialogue_binding_20260930.csv;static_actor_spawn_conditions_20260930.csv;actor_motion_direction_pattern_table_20260930.csv
cfg_t22_l121_v2,0x9C,F9C-L002,0x30,humanoid_like,unknown,CC:FA0F,confirmed_frame_trailer_pointer,7A_body16_7C_next_plus_1_16_00,0x7A->body16;0x7C->next_record_plus_1_16;0x00->terminator,static_event_tail_opcode59_actor_controller,prefix_plus_tail_placement,10,4,4,0,,confirmed_static_flag,"flag_test(spec=0x35,wram=$124C,bit=5) == 0",candidate,2,down/front,candidate_value_domain_matches_confirmed_motion_pattern,16,0x10,0,0,placed_actor_no_validated_source,placement_only,controller pointer equals structural event trailer; no validated source selection; field06D9=2 matches confirmed motion-pattern value down/front; reader linkage not yet proven; spawn=confirmed_static_flag,static_map_actor_selector_crosslink_20260930.csv;event_record_frame_catalog.csv;static_actor_event_dialogue_binding_20260930.csv;static_actor_spawn_conditions_20260930.csv;actor_motion_direction_pattern_table_20260930.csv
cfg_t22_l121_v2,0x9C,F9C-L003,0x30,humanoid_like,unknown,CC:FA35,confirmed_frame_trailer_pointer,7A_body16_7C_next_plus_1_16_00,0x7A->body16;0x7C->next_record_plus_1_16;0x00->terminator,static_event_tail_opcode59_actor_controller,prefix_plus_tail_placement,10,4,4,0,,confirmed_static_flag,"flag_test(spec=0x36,wram=$124C,bit=6) == 0",candidate,2,down/front,candidate_value_domain_matches_confirmed_motion_pattern,16,0x10,0,0,placed_actor_no_validated_source,placement_only,controller pointer equals structural event trailer; no validated source selection; field06D9=2 matches confirmed motion-pattern value down/front; reader linkage not yet proven; spawn=confirmed_static_flag,static_map_actor_selector_crosslink_20260930.csv;event_record_frame_catalog.csv;static_actor_event_dialogue_binding_20260930.csv;static_actor_spawn_conditions_20260930.csv;actor_motion_direction_pattern_table_20260930.csv
cfg_t22_l121_v2,0x9C,F9C-L004,0x30,humanoid_like,unknown,CC:FA5B,confirmed_frame_trailer_pointer,7A_body16_7C_next_plus_1_16_00,0x7A->body16;0x7C->next_record_plus_1_16;0x00->terminator,static_event_tail_opcode59_actor_controller,prefix_plus_tail_placement,10,4,4,0,,confirmed_static_flag,"flag_test(spec=0x37,wram=$124C,bit=7) == 0",candidate,2,down/front,candidate_value_domain_matches_confirmed_motion_pattern,16,0x10,0,0,placed_actor_no_validated_source,placement_only,controller pointer equals structural event trailer; no validated source selection; field06D9=2 matches confirmed motion-pattern value down/front; reader linkage not yet proven; spawn=confirmed_static_flag,static_map_actor_selector_crosslink_20260930.csv;event_record_frame_catalog.csv;static_actor_event_dialogue_binding_20260930.csv;static_actor_spawn_conditions_20260930.csv;actor_motion_direction_pattern_table_20260930.csv
cfg_t22_l121_v2,0x9C,F9C-L005,0x30,humanoid_like,unknown,CC:FA81,confirmed_frame_trailer_pointer,7A_body16_7C_next_plus_1_16_00,0x7A->body16;0x7C->next_record_plus_1_16;0x00->terminator,static_event_tail_opcode59_actor_controller,prefix_plus_tail_placement,10,4,4,0,,confirmed_static_flag,"flag_test(spec=0x38,wram=$124D,bit=0) == 0",candidate,2,down/front,candidate_value_domain_matches_confirmed_motion_pattern,16,0x10,0,0,placed_actor_no_validated_source,placement_only,controller pointer equals structural event trailer; no validated source selection; field06D9=2 matches confirmed motion-pattern value down/front; reader linkage not yet proven; spawn=confirmed_static_flag,static_map_actor_selector_crosslink_20260930.csv;event_record_frame_catalog.csv;static_actor_event_dialogue_binding_20260930.csv;static_actor_spawn_conditions_20260930.csv;actor_motion_direction_pattern_table_20260930.csv
cfg_t11_l101_v2,0xAE,FAE-L001,0x30,humanoid_like,unknown,CD:3B8F,confirmed_frame_trailer_pointer,7A_body16_7C_next_plus_1_16_00,0x7A->body16;0x7C->next_record_plus_1_16;0x00->terminator,static_event_tail_opcode59_actor_controller,prefix_plus_tail_placement,10,4,4,0,,confirmed_static_flag,"flag_test(spec=0x9B,wram=$1259,bit=3) == 0",candidate,2,down/front,candidate_value_domain_matches_confirmed_motion_pattern,16,0x10,1,0,event_source_bound_actor,strong_structural,controller pointer equals structural event trailer; 1 validated event source binding(s); field06D9=2 matches confirmed motion-pattern value down/front; reader linkage not yet proven; spawn=confirmed_static_flag,static_map_actor_selector_crosslink_20260930.csv;event_record_frame_catalog.csv;static_actor_event_dialogue_binding_20260930.csv;static_actor_spawn_conditions_20260930.csv;actor_motion_direction_pattern_table_20260930.csv
cfg_t11_l101_v2,0xAE,FAE-L002,0x30,humanoid_like,unknown,CD:3BA4,confirmed_frame_trailer_pointer,7A_body16_7C_next_plus_1_16_00,0x7A->body16;0x7C->next_record_plus_1_16;0x00->terminator,static_event_tail_opcode59_actor_controller,prefix_plus_tail_placement,10,4,4,0,,confirmed_static_flag,"flag_test(spec=0x9E,wram=$1259,bit=6) == 0",candidate,2,down/front,candidate_value_domain_matches_confirmed_motion_pattern,16,0x10,1,0,event_source_bound_actor,strong_structural,controller pointer equals structural event trailer; 1 validated event source binding(s); field06D9=2 matches confirmed motion-pattern value down/front; reader linkage not yet proven; spawn=confirmed_static_flag,static_map_actor_selector_crosslink_20260930.csv;event_record_frame_catalog.csv;static_actor_event_dialogue_binding_20260930.csv;static_actor_spawn_conditions_20260930.csv;actor_motion_direction_pattern_table_20260930.csv
cfg_t11_l101_v2,0xAE,FAE-L003,0x30,humanoid_like,unknown,CD:3BB9,confirmed_frame_trailer_pointer,7A_body16_7C_next_plus_1_16_00,0x7A->body16;0x7C->next_record_plus_1_16;0x00->terminator,static_event_tail_opcode59_actor_controller,prefix_plus_tail_placement,10,4,4,0,,confirmed_static_flag,"flag_test(spec=0x9E,wram=$1259,bit=6) == 0",candidate,2,down/front,candidate_value_domain_matches_confirmed_motion_pattern,16,0x10,1,0,event_source_bound_actor,strong_structural,controller pointer equals structural event trailer; 1 validated event source binding(s); field06D9=2 matches confirmed motion-pattern value down/front; reader linkage not yet proven; spawn=confirmed_static_flag,static_map_actor_selector_crosslink_20260930.csv;event_record_frame_catalog.csv;static_actor_event_dialogue_binding_20260930.csv;static_actor_spawn_conditions_20260930.csv;actor_motion_direction_pattern_table_20260930.csv
cfg_t11_l101_v2,0xAE,FAE-L004,0x30,humanoid_like,unknown,CD:3BCE,confirmed_frame_trailer_pointer,7A_body16_7C_next_plus_1_16_00,0x7A->body16;0x7C->next_record_plus_1_16;0x00->terminator,static_event_tail_opcode59_actor_controller,prefix_plus_tail_placement,10,4,4,0,,confirmed_static_flag,"flag_test(spec=0x9E,wram=$1259,bit=6) == 0",candidate,2,down/front,candidate_value_domain_matches_confirmed_motion_pattern,16,0x10,1,0,event_source_bound_actor,strong_structural,controller pointer equals structural event trailer; 1 validated event source binding(s); field06D9=2 matches confirmed motion-pattern value down/front; reader linkage not yet proven; spawn=confirmed_static_flag,static_map_actor_selector_crosslink_20260930.csv;event_record_frame_catalog.csv;static_actor_event_dialogue_binding_20260930.csv;static_actor_spawn_conditions_20260930.csv;actor_motion_direction_pattern_table_20260930.csv
cfg_t11_l101_v2,0xAE,FAE-L005,0x30,humanoid_like,unknown,CD:3BE3,confirmed_frame_trailer_pointer,7A_body16_7C_next_plus_1_16_00,0x7A->body16;0x7C->next_record_plus_1_16;0x00->terminator,static_event_tail_opcode59_actor_controller,prefix_plus_tail_placement,10,4,4,0,,confirmed_static_flag,"flag_test(spec=0x9E,wram=$1259,bit=6) == 0",candidate,2,down/front,candidate_value_domain_matches_confirmed_motion_pattern,16,0x10,1,0,event_source_bound_actor,strong_structural,controller pointer equals structural event trailer; 1 validated event source binding(s); field06D9=2 matches confirmed motion-pattern value down/front; reader linkage not yet proven; spawn=confirmed_static_flag,static_map_actor_selector_crosslink_20260930.csv;event_record_frame_catalog.csv;static_actor_event_dialogue_binding_20260930.csv;static_actor_spawn_conditions_20260930.csv;actor_motion_direction_pattern_table_20260930.csv
cfg_t11_l101_v2,0xAE,FAE-L006,0x30,humanoid_like,unknown,CD:3BF8,confirmed_frame_trailer_pointer,7A_body16_7C_next_plus_1_16_00,0x7A->body16;0x7C->next_record_plus_1_16;0x00->terminator,static_event_tail_opcode59_actor_controller,prefix_plus_tail_placement,10,4,4,0,,confirmed_static_flag,"flag_test(spec=0x9E,wram=$1259,bit=6) == 0",candidate,4,up/back,candidate_value_domain_matches_confirmed_motion_pattern,16,0x10,1,0,event_source_bound_actor,strong_structural,controller pointer equals structural event trailer; 1 validated event source binding(s); field06D9=4 matches confirmed motion-pattern value up/back; reader linkage not yet proven; spawn=confirmed_static_flag,static_map_actor_selector_crosslink_20260930.csv;event_record_frame_catalog.csv;static_actor_event_dialogue_binding_20260930.csv;static_actor_spawn_conditions_20260930.csv;actor_motion_direction_pattern_table_20260930.csv
cfg_t11_l101_v2,0xAF,FAF-L001,0x30,humanoid_like,unknown,CD:3F8B,confirmed_frame_trailer_pointer,7A_body16_7C_next_plus_1_16_00,0x7A->body16;0x7C->next_record_plus_1_16;0x00->terminator,static_event_tail_opcode59_actor_controller,prefix_plus_tail_placement,10,4,4,0,,confirmed_static_flag,"flag_test(spec=0x9C,wram=$1259,bit=4) == 0",candidate,2,down/front,candidate_value_domain_matches_confirmed_motion_pattern,16,0x10,1,0,event_source_bound_actor,strong_structural,controller pointer equals structural event trailer; 1 validated event source binding(s); field06D9=2 matches confirmed motion-pattern value down/front; reader linkage not yet proven; spawn=confirmed_static_flag,static_map_actor_selector_crosslink_20260930.csv;event_record_frame_catalog.csv;static_actor_event_dialogue_binding_20260930.csv;static_actor_spawn_conditions_20260930.csv;actor_motion_direction_pattern_table_20260930.csv
cfg_t11_l101_v2,0xAF,FAF-L002,0x30,humanoid_like,unknown,CD:3FA0,confirmed_frame_trailer_pointer,7A_body16_7C_next_plus_1_16_00,0x7A->body16;0x7C->next_record_plus_1_16;0x00->terminator,static_event_tail_opcode59_actor_controller,prefix_plus_tail_placement,10,4,4,0,,confirmed_static_flag,"flag_test(spec=0x9C,wram=$1259,bit=4) == 0",candidate,2,down/front,candidate_value_domain_matches_confirmed_motion_pattern,16,0x10,1,0,event_source_bound_actor,strong_structural,controller pointer equals structural event trailer; 1 validated event source binding(s); field06D9=2 matches confirmed motion-pattern value down/front; reader linkage not yet proven; spawn=confirmed_static_flag,static_map_actor_selector_crosslink_20260930.csv;event_record_frame_catalog.csv;static_actor_event_dialogue_binding_20260930.csv;static_actor_spawn_conditions_20260930.csv;actor_motion_direction_pattern_table_20260930.csv
cfg_t29_l138_v2,0xB1,FB1-L001,0x2F,humanoid_like,unknown,CD:4471,confirmed_frame_trailer_pointer,7A_body16_7C_next_plus_1_16_00,0x7A->body16;0x7C->next_record_plus_1_16;0x00->terminator,static_event_tail_opcode59_actor_controller,prefix_plus_tail_placement,10,4,4,0,,confirmed_static_flag,"flag_test(spec=0xA2,wram=$125A,bit=2) == 0",candidate,2,down/front,candidate_value_domain_matches_confirmed_motion_pattern,16,0x10,1,0,event_source_bound_actor,strong_structural,controller pointer equals structural event trailer; 1 validated event source binding(s); field06D9=2 matches confirmed motion-pattern value down/front; reader linkage not yet proven; spawn=confirmed_static_flag,static_map_actor_selector_crosslink_20260930.csv;event_record_frame_catalog.csv;static_actor_event_dialogue_binding_20260930.csv;static_actor_spawn_conditions_20260930.csv;actor_motion_direction_pattern_table_20260930.csv
cfg_t29_l138_v2,0xB1,FB1-L002,0x30,humanoid_like,unknown,CD:4486,confirmed_frame_trailer_pointer,7A_body16_7C_next_plus_1_16_00,0x7A->body16;0x7C->next_record_plus_1_16;0x00->terminator,static_event_tail_opcode59_actor_controller,prefix_plus_tail_placement,10,4,4,0,,confirmed_static_flag,"flag_test(spec=0xA2,wram=$125A,bit=2) == 0",candidate,2,down/front,candidate_value_domain_matches_confirmed_motion_pattern,16,0x10,1,0,event_source_bound_actor,strong_structural,controller pointer equals structural event trailer; 1 validated event source binding(s); field06D9=2 matches confirmed motion-pattern value down/front; reader linkage not yet proven; spawn=confirmed_static_flag,static_map_actor_selector_crosslink_20260930.csv;event_record_frame_catalog.csv;static_actor_event_dialogue_binding_20260930.csv;static_actor_spawn_conditions_20260930.csv;actor_motion_direction_pattern_table_20260930.csv
cfg_t29_l138_v2,0xB5,FB5-L001,0x30,humanoid_like,unknown,CD:507B,confirmed_frame_trailer_pointer,7A_body16_7C_next_plus_1_16_00,0x7A->body16;0x7C->next_record_plus_1_16;0x00->terminator,static_event_head_opcode59_actor_controller,head_exact_placement_only,6,0,0,0,,confirmed_static_unconditional,always,visible,2,down/front,candidate_value_domain_matches_confirmed_motion_pattern,16,0x10,1,0,event_source_bound_actor,strong_structural,controller pointer equals structural event trailer; 1 validated event source binding(s); field06D9=2 matches confirmed motion-pattern value down/front; reader linkage not yet proven; spawn=confirmed_static_unconditional,static_map_actor_selector_crosslink_20260930.csv;event_record_frame_catalog.csv;static_actor_event_dialogue_binding_20260930.csv;static_actor_spawn_conditions_20260930.csv;actor_motion_direction_pattern_table_20260930.csv
cfg_t29_l138_v2,0xB5,FB5-L002,0x30,humanoid_like,unknown,CD:508C,confirmed_frame_trailer_pointer,7A_body16_7C_next_plus_1_16_00,0x7A->body16;0x7C->next_record_plus_1_16;0x00->terminator,static_event_head_opcode59_actor_controller,head_exact_placement_only,6,0,0,0,,confirmed_static_unconditional,always,visible,2,down/front,candidate_value_domain_matches_confirmed_motion_pattern,16,0x10,1,0,event_source_bound_actor,strong_structural,controller pointer equals structural event trailer; 1 validated event source binding(s); field06D9=2 matches confirmed motion-pattern value down/front; reader linkage not yet proven; spawn=confirmed_static_unconditional,static_map_actor_selector_crosslink_20260930.csv;event_record_frame_catalog.csv;static_actor_event_dialogue_binding_20260930.csv;static_actor_spawn_conditions_20260930.csv;actor_motion_direction_pattern_table_20260930.csv
cfg_t29_l138_v2,0xB5,FB5-L003,0x2F,humanoid_like,unknown,CD:509D,confirmed_frame_trailer_pointer,7A_body16_7C_next_plus_1_16_00,0x7A->body16;0x7C->next_record_plus_1_16;0x00->terminator,static_event_head_opcode59_actor_controller,head_exact_placement_only,6,0,0,0,,confirmed_static_unconditional,always,visible,2,down/front,candidate_value_domain_matches_confirmed_motion_pattern,16,0x10,1,0,event_source_bound_actor,strong_structural,controller pointer equals structural event trailer; 1 validated event source binding(s); field06D9=2 matches confirmed motion-pattern value down/front; reader linkage not yet proven; spawn=confirmed_static_unconditional,static_map_actor_selector_crosslink_20260930.csv;event_record_frame_catalog.csv;static_actor_event_dialogue_binding_20260930.csv;static_actor_spawn_conditions_20260930.csv;actor_motion_direction_pattern_table_20260930.csv
cfg_t29_l138_v2,0xB5,FB5-L004,0x2F,humanoid_like,unknown,CD:50AE,confirmed_frame_trailer_pointer,7A_body16_7C_next_plus_1_16_00,0x7A->body16;0x7C->next_record_plus_1_16;0x00->terminator,static_event_head_opcode59_actor_controller,head_exact_placement_only,6,0,0,0,,confirmed_static_unconditional,always,visible,2,down/front,candidate_value_domain_matches_confirmed_motion_pattern,16,0x10,1,0,event_source_bound_actor,strong_structural,controller pointer equals structural event trailer; 1 validated event source binding(s); field06D9=2 matches confirmed motion-pattern value down/front; reader linkage not yet proven; spawn=confirmed_static_unconditional,static_map_actor_selector_crosslink_20260930.csv;event_record_frame_catalog.csv;static_actor_event_dialogue_binding_20260930.csv;static_actor_spawn_conditions_20260930.csv;actor_motion_direction_pattern_table_20260930.csv
cfg_t29_l138_v2,0xB5,FB5-L005,0x2F,humanoid_like,unknown,CD:50BF,confirmed_frame_trailer_pointer,7A_body16_7C_next_plus_1_16_00,0x7A->body16;0x7C->next_record_plus_1_16;0x00->terminator,static_event_head_opcode59_actor_controller,head_exact_placement_only,6,0,0,0,,confirmed_static_unconditional,always,visible,2,down/front,candidate_value_domain_matches_confirmed_motion_pattern,16,0x10,1,0,event_source_bound_actor,strong_structural,controller pointer equals structural event trailer; 1 validated event source binding(s); field06D9=2 matches confirmed motion-pattern value down/front; reader linkage not yet proven; spawn=confirmed_static_unconditional,static_map_actor_selector_crosslink_20260930.csv;event_record_frame_catalog.csv;static_actor_event_dialogue_binding_20260930.csv;static_actor_spawn_conditions_20260930.csv;actor_motion_direction_pattern_table_20260930.csv
cfg_t29_l138_v2,0xB5,FB5-L006,0x53,monster_like,unknown,CD:50D0,confirmed_frame_trailer_pointer,7A_body16_7C_next_plus_1_16_00,0x7A->body16;0x7C->next_record_plus_1_16;0x00->terminator,static_event_head_opcode59_actor_controller,head_exact_placement_only,6,0,0,0,,confirmed_static_unconditional,always,visible,2,down/front,candidate_value_domain_matches_confirmed_motion_pattern,16,0x10,1,0,event_source_bound_actor,strong_structural,controller pointer equals structural event trailer; 1 validated event source binding(s); field06D9=2 matches confirmed motion-pattern value down/front; reader linkage not yet proven; spawn=confirmed_static_unconditional,static_map_actor_selector_crosslink_20260930.csv;event_record_frame_catalog.csv;static_actor_event_dialogue_binding_20260930.csv;static_actor_spawn_conditions_20260930.csv;actor_motion_direction_pattern_table_20260930.csv
cfg_t29_l138_v2,0xB5,FB5-L007,0x30,humanoid_like,unknown,CD:50EF,confirmed_frame_trailer_pointer,7A_body16_7C_next_plus_1_16_00,0x7A->body16;0x7C->next_record_plus_1_16;0x00->terminator,static_event_head_opcode59_actor_controller,head_exact_placement_only,6,0,0,0,,confirmed_static_unconditional,always,visible,2,down/front,candidate_value_domain_matches_confirmed_motion_pattern,16,0x10,1,0,event_source_bound_actor,strong_structural,controller pointer equals structural event trailer; 1 validated event source binding(s); field06D9=2 matches confirmed motion-pattern value down/front; reader linkage not yet proven; spawn=confirmed_static_unconditional,static_map_actor_selector_crosslink_20260930.csv;event_record_frame_catalog.csv;static_actor_event_dialogue_binding_20260930.csv;static_actor_spawn_conditions_20260930.csv;actor_motion_direction_pattern_table_20260930.csv
cfg_t47_l172_v2,0xB8,FB8-L001,0x29,humanoid_like,unknown,CD:590B,confirmed_frame_trailer_pointer,7A_body16_7C_next_plus_1_16_00,0x7A->body16;0x7C->next_record_plus_1_16;0x00->terminator,static_event_tail_opcode59_actor_controller,prefix_plus_tail_placement,22,16,16,0,,unresolved_complex_control_flow,,candidate,1,right,candidate_value_domain_matches_confirmed_motion_pattern,16,0x10,5,0,event_source_bound_actor,strong_structural,controller pointer equals structural event trailer; 5 validated event source binding(s); field06D9=1 matches confirmed motion-pattern value right; reader linkage not yet proven; spawn=unresolved_complex_control_flow,static_map_actor_selector_crosslink_20260930.csv;event_record_frame_catalog.csv;static_actor_event_dialogue_binding_20260930.csv;static_actor_spawn_conditions_20260930.csv;actor_motion_direction_pattern_table_20260930.csv
cfg_t47_l172_v2,0xB8,FB8-L002,0x29,humanoid_like,unknown,CD:5944,confirmed_frame_trailer_pointer,7A_body16_7C_next_plus_1_16_00,0x7A->body16;0x7C->next_record_plus_1_16;0x00->terminator,static_event_tail_opcode59_actor_controller,prefix_plus_tail_placement,22,16,16,0,,unresolved_complex_control_flow,,candidate,1,right,candidate_value_domain_matches_confirmed_motion_pattern,16,0x10,4,0,event_source_bound_actor,strong_structural,controller pointer equals structural event trailer; 4 validated event source binding(s); field06D9=1 matches confirmed motion-pattern value right; reader linkage not yet proven; spawn=unresolved_complex_control_flow,static_map_actor_selector_crosslink_20260930.csv;event_record_frame_catalog.csv;static_actor_event_dialogue_binding_20260930.csv;static_actor_spawn_conditions_20260930.csv;actor_motion_direction_pattern_table_20260930.csv
cfg_t47_l172_v2,0xB8,FB8-L003,0x29,humanoid_like,unknown,CD:597D,confirmed_frame_trailer_pointer,7A_body16_7C_next_plus_1_16_00,0x7A->body16;0x7C->next_record_plus_1_16;0x00->terminator,static_event_tail_opcode59_actor_controller,prefix_plus_tail_placement,22,16,16,0,,unresolved_complex_control_flow,,candidate,1,right,candidate_value_domain_matches_confirmed_motion_pattern,16,0x10,4,0,event_source_bound_actor,strong_structural,controller pointer equals structural event trailer; 4 validated event source binding(s); field06D9=1 matches confirmed motion-pattern value right; reader linkage not yet proven; spawn=unresolved_complex_control_flow,static_map_actor_selector_crosslink_20260930.csv;event_record_frame_catalog.csv;static_actor_event_dialogue_binding_20260930.csv;static_actor_spawn_conditions_20260930.csv;actor_motion_direction_pattern_table_20260930.csv
cfg_t47_l172_v2,0xB8,FB8-L004,0x29,humanoid_like,unknown,CD:59B6,confirmed_frame_trailer_pointer,7A_body16_7C_next_plus_1_16_00,0x7A->body16;0x7C->next_record_plus_1_16;0x00->terminator,static_event_tail_opcode59_actor_controller,prefix_plus_tail_placement,22,16,16,0,,unresolved_complex_control_flow,,candidate,3,left,candidate_value_domain_matches_confirmed_motion_pattern,16,0x10,4,0,event_source_bound_actor,strong_structural,controller pointer equals structural event trailer; 4 validated event source binding(s); field06D9=3 matches confirmed motion-pattern value left; reader linkage not yet proven; spawn=unresolved_complex_control_flow,static_map_actor_selector_crosslink_20260930.csv;event_record_frame_catalog.csv;static_actor_event_dialogue_binding_20260930.csv;static_actor_spawn_conditions_20260930.csv;actor_motion_direction_pattern_table_20260930.csv
cfg_t47_l172_v2,0xB8,FB8-L005,0x29,humanoid_like,unknown,CD:59F8,confirmed_frame_trailer_pointer,7A_body16_7C_next_plus_1_16_00,0x7A->body16;0x7C->next_record_plus_1_16;0x00->terminator,static_event_tail_opcode59_actor_controller,prefix_plus_tail_placement,22,16,16,0,,unresolved_complex_control_flow,,candidate,3,left,candidate_value_domain_matches_confirmed_motion_pattern,16,0x10,5,0,event_source_bound_actor,strong_structural,controller pointer equals structural event trailer; 5 validated event source binding(s); field06D9=3 matches confirmed motion-pattern value left; reader linkage not yet proven; spawn=unresolved_complex_control_flow,static_map_actor_selector_crosslink_20260930.csv;event_record_frame_catalog.csv;static_actor_event_dialogue_binding_20260930.csv;static_actor_spawn_conditions_20260930.csv;actor_motion_direction_pattern_table_20260930.csv
cfg_t47_l172_v2,0xB8,FB8-L006,0x29,humanoid_like,unknown,CD:5A31,confirmed_frame_trailer_pointer,7A_body16_7C_next_plus_1_16_00,0x7A->body16;0x7C->next_record_plus_1_16;0x00->terminator,static_event_tail_opcode59_actor_controller,prefix_plus_tail_placement,22,16,16,0,,unresolved_complex_control_flow,,candidate,3,left,candidate_value_domain_matches_confirmed_motion_pattern,16,0x10,4,0,event_source_bound_actor,strong_structural,controller pointer equals structural event trailer; 4 validated event source binding(s); field06D9=3 matches confirmed motion-pattern value left; reader linkage not yet proven; spawn=unresolved_complex_control_flow,static_map_actor_selector_crosslink_20260930.csv;event_record_frame_catalog.csv;static_actor_event_dialogue_binding_20260930.csv;static_actor_spawn_conditions_20260930.csv;actor_motion_direction_pattern_table_20260930.csv
cfg_t47_l172_v2,0xB8,FB8-L007,0x30,humanoid_like,unknown,CD:5A6A,confirmed_frame_trailer_pointer,7A_body16_7C_next_plus_1_16_00,0x7A->body16;0x7C->next_record_plus_1_16;0x00->terminator,static_event_tail_opcode59_actor_controller,prefix_plus_tail_placement,10,4,4,0,,confirmed_static_flag,"flag_test(spec=0xB3,wram=$125C,bit=3) == 0",candidate,2,down/front,candidate_value_domain_matches_confirmed_motion_pattern,16,0x10,4,0,event_source_bound_actor,strong_structural,controller pointer equals structural event trailer; 4 validated event source binding(s); field06D9=2 matches confirmed motion-pattern value down/front; reader linkage not yet proven; spawn=confirmed_static_flag,static_map_actor_selector_crosslink_20260930.csv;event_record_frame_catalog.csv;static_actor_event_dialogue_binding_20260930.csv;static_actor_spawn_conditions_20260930.csv;actor_motion_direction_pattern_table_20260930.csv
cfg_t47_l172_v2,0xB8,FB8-L008,0x30,humanoid_like,unknown,CD:5A8D,confirmed_frame_trailer_pointer,7A_body16_7C_next_plus_1_16_00,0x7A->body16;0x7C->next_record_plus_1_16;0x00->terminator,static_event_tail_opcode59_actor_controller,prefix_plus_tail_placement,10,4,4,0,,confirmed_static_flag,"flag_test(spec=0xB4,wram=$125C,bit=4) == 0",candidate,2,down/front,candidate_value_domain_matches_confirmed_motion_pattern,16,0x10,0,0,placed_actor_no_validated_source,placement_only,controller pointer equals structural event trailer; no validated source selection; field06D9=2 matches confirmed motion-pattern value down/front; reader linkage not yet proven; spawn=confirmed_static_flag,static_map_actor_selector_crosslink_20260930.csv;event_record_frame_catalog.csv;static_actor_event_dialogue_binding_20260930.csv;static_actor_spawn_conditions_20260930.csv;actor_motion_direction_pattern_table_20260930.csv
cfg_t47_l172_v2,0xB8,FB8-L009,0x30,humanoid_like,unknown,CD:5AB0,confirmed_frame_trailer_pointer,7A_body16_7C_next_plus_1_16_00,0x7A->body16;0x7C->next_record_plus_1_16;0x00->terminator,static_event_tail_opcode59_actor_controller,prefix_plus_tail_placement,10,4,4,0,,confirmed_static_flag,"flag_test(spec=0xB5,wram=$125C,bit=5) == 0",candidate,2,down/front,candidate_value_domain_matches_confirmed_motion_pattern,16,0x10,0,0,placed_actor_no_validated_source,placement_only,controller pointer equals structural event trailer; no validated source selection; field06D9=2 matches confirmed motion-pattern value down/front; reader linkage not yet proven; spawn=confirmed_static_flag,static_map_actor_selector_crosslink_20260930.csv;event_record_frame_catalog.csv;static_actor_event_dialogue_binding_20260930.csv;static_actor_spawn_conditions_20260930.csv;actor_motion_direction_pattern_table_20260930.csv
cfg_t47_l172_v2,0xB8,FB8-L010,0x30,humanoid_like,unknown,CD:5AD3,confirmed_frame_trailer_pointer,7A_body16_7C_next_plus_1_16_00,0x7A->body16;0x7C->next_record_plus_1_16;0x00->terminator,static_event_tail_opcode59_actor_controller,prefix_plus_tail_placement,10,4,4,0,,confirmed_static_flag,"flag_test(spec=0xB6,wram=$125C,bit=6) == 0",candidate,4,up/back,candidate_value_domain_matches_confirmed_motion_pattern,16,0x10,0,0,placed_actor_no_validated_source,placement_only,controller pointer equals structural event trailer; no validated source selection; field06D9=4 matches confirmed motion-pattern value up/back; reader linkage not yet proven; spawn=confirmed_static_flag,static_map_actor_selector_crosslink_20260930.csv;event_record_frame_catalog.csv;static_actor_event_dialogue_binding_20260930.csv;static_actor_spawn_conditions_20260930.csv;actor_motion_direction_pattern_table_20260930.csv
cfg_t32_l144_v1,0xBA,FBA-L004,0x24,humanoid_like,unknown,CD:620A,confirmed_frame_trailer_pointer,7A_body16_7C_next_plus_1_16_00,0x7A->body16;0x7C->next_record_plus_1_16;0x00->terminator,static_event_tail_opcode59_actor_controller,prefix_plus_tail_placement,10,4,4,0,,confirmed_static_flag,"flag_test(spec=0xB9,wram=$125D,bit=1) == 0",candidate,3,left,candidate_value_domain_matches_confirmed_motion_pattern,16,0x10,0,0,placed_actor_no_validated_source,placement_only,controller pointer equals structural event trailer; no validated source selection; field06D9=3 matches confirmed motion-pattern value left; reader linkage not yet proven; spawn=confirmed_static_flag,static_map_actor_selector_crosslink_20260930.csv;event_record_frame_catalog.csv;static_actor_event_dialogue_binding_20260930.csv;static_actor_spawn_conditions_20260930.csv;actor_motion_direction_pattern_table_20260930.csv
cfg_t32_l144_v1,0xBA,FBA-L005,0x5A,humanoid_like,unknown,CD:621F,confirmed_frame_trailer_pointer,7A_body16_7C_next_plus_1_16_00,0x7A->body16;0x7C->next_record_plus_1_16;0x00->terminator,static_event_tail_opcode59_actor_controller,prefix_plus_tail_placement,10,4,4,0,,confirmed_static_flag,"flag_test(spec=0xB9,wram=$125D,bit=1) == 0",candidate,3,left,candidate_value_domain_matches_confirmed_motion_pattern,16,0x10,1,0,event_source_bound_actor,strong_structural,controller pointer equals structural event trailer; 1 validated event source binding(s); field06D9=3 matches confirmed motion-pattern value left; reader linkage not yet proven; spawn=confirmed_static_flag,static_map_actor_selector_crosslink_20260930.csv;event_record_frame_catalog.csv;static_actor_event_dialogue_binding_20260930.csv;static_actor_spawn_conditions_20260930.csv;actor_motion_direction_pattern_table_20260930.csv
cfg_t32_l144_v1,0xBA,FBA-L009,0x40,humanoid_like,unknown,CD:627C,confirmed_frame_trailer_pointer,7A_body16_7C_next_plus_1_16_00,0x7A->body16;0x7C->next_record_plus_1_16;0x00->terminator,static_event_tail_opcode59_actor_controller,prefix_plus_tail_placement,10,4,4,0,,confirmed_static_flag,"flag_test(spec=0xBD,wram=$125D,bit=5) != 0",candidate,2,down/front,candidate_value_domain_matches_confirmed_motion_pattern,16,0x10,1,0,event_source_bound_actor,strong_structural,controller pointer equals structural event trailer; 1 validated event source binding(s); field06D9=2 matches confirmed motion-pattern value down/front; reader linkage not yet proven; spawn=confirmed_static_flag,static_map_actor_selector_crosslink_20260930.csv;event_record_frame_catalog.csv;static_actor_event_dialogue_binding_20260930.csv;static_actor_spawn_conditions_20260930.csv;actor_motion_direction_pattern_table_20260930.csv
cfg_t32_l144_v1,0xBA,FBA-L010,0x24,humanoid_like,unknown,CD:6298,confirmed_frame_trailer_pointer,7A_body16_7C_next_plus_1_16_00,0x7A->body16;0x7C->next_record_plus_1_16;0x00->terminator,static_event_tail_opcode59_actor_controller,prefix_plus_tail_placement,10,4,4,0,,confirmed_static_flag,"flag_test(spec=0xBD,wram=$125D,bit=5) != 0",candidate,2,down/front,candidate_value_domain_matches_confirmed_motion_pattern,16,0x10,2,0,event_source_bound_actor,strong_structural,controller pointer equals structural event trailer; 2 validated event source binding(s); field06D9=2 matches confirmed motion-pattern value down/front; reader linkage not yet proven; spawn=confirmed_static_flag,static_map_actor_selector_crosslink_20260930.csv;event_record_frame_catalog.csv;static_actor_event_dialogue_binding_20260930.csv;static_actor_spawn_conditions_20260930.csv;actor_motion_direction_pattern_table_20260930.csv
cfg_t32_l144_v1,0xBA,FBA-L011,0x54,monster_like,unknown,CD:62BB,confirmed_frame_trailer_pointer,7A_body16_7C_next_plus_1_16_00,0x7A->body16;0x7C->next_record_plus_1_16;0x00->terminator,static_event_tail_opcode59_actor_controller,prefix_plus_tail_placement,10,4,4,0,,confirmed_static_flag,"flag_test(spec=0xBD,wram=$125D,bit=5) != 0",candidate,2,down/front,candidate_value_domain_matches_confirmed_motion_pattern,16,0x10,2,0,event_source_bound_actor,strong_structural,controller pointer equals structural event trailer; 2 validated event source binding(s); field06D9=2 matches confirmed motion-pattern value down/front; reader linkage not yet proven; spawn=confirmed_static_flag,static_map_actor_selector_crosslink_20260930.csv;event_record_frame_catalog.csv;static_actor_event_dialogue_binding_20260930.csv;static_actor_spawn_conditions_20260930.csv;actor_motion_direction_pattern_table_20260930.csv
cfg_t32_l144_v1,0xBA,FBA-L012,0x40,humanoid_like,unknown,CD:62D7,confirmed_frame_trailer_pointer,7A_body16_7C_next_plus_1_16_00,0x7A->body16;0x7C->next_record_plus_1_16;0x00->terminator,static_event_tail_opcode59_actor_controller,prefix_plus_tail_placement,10,4,4,0,,confirmed_static_flag,"flag_test(spec=0xB9,wram=$125D,bit=1) == 0",candidate,2,down/front,candidate_value_domain_matches_confirmed_motion_pattern,16,0x10,2,0,event_source_bound_actor,strong_structural,controller pointer equals structural event trailer; 2 validated event source binding(s); field06D9=2 matches confirmed motion-pattern value down/front; reader linkage not yet proven; spawn=confirmed_static_flag,static_map_actor_selector_crosslink_20260930.csv;event_record_frame_catalog.csv;static_actor_event_dialogue_binding_20260930.csv;static_actor_spawn_conditions_20260930.csv;actor_motion_direction_pattern_table_20260930.csv
cfg_t32_l144_v1,0xBA,FBA-L013,0x7C,,unknown,CD:62EC,confirmed_frame_trailer_pointer,7A_body16_7C_next_plus_1_16_00,0x7A->body16;0x7C->next_record_plus_1_16;0x00->terminator,static_event_tail_opcode59_actor_controller,prefix_plus_tail_placement,10,4,4,0,,confirmed_static_flag,"flag_test(spec=0xB9,wram=$125D,bit=1) == 0",candidate,2,down/front,candidate_value_domain_matches_confirmed_motion_pattern,16,0x10,1,0,event_source_bound_actor,strong_structural,controller pointer equals structural event trailer; 1 validated event source binding(s); field06D9=2 matches confirmed motion-pattern value down/front; reader linkage not yet proven; spawn=confirmed_static_flag,static_map_actor_selector_crosslink_20260930.csv;event_record_frame_catalog.csv;static_actor_event_dialogue_binding_20260930.csv;static_actor_spawn_conditions_20260930.csv;actor_motion_direction_pattern_table_20260930.csv
cfg_t32_l144_v1,0xBA,FBA-L014,0x7C,,unknown,CD:6301,confirmed_frame_trailer_pointer,7A_body16_7C_next_plus_1_16_00,0x7A->body16;0x7C->next_record_plus_1_16;0x00->terminator,static_event_tail_opcode59_actor_controller,prefix_plus_tail_placement,10,4,4,0,,confirmed_static_flag,"flag_test(spec=0xB9,wram=$125D,bit=1) == 0",candidate,2,down/front,candidate_value_domain_matches_confirmed_motion_pattern,16,0x10,1,0,event_source_bound_actor,strong_structural,controller pointer equals structural event trailer; 1 validated event source binding(s); field06D9=2 matches confirmed motion-pattern value down/front; reader linkage not yet proven; spawn=confirmed_static_flag,static_map_actor_selector_crosslink_20260930.csv;event_record_frame_catalog.csv;static_actor_event_dialogue_binding_20260930.csv;static_actor_spawn_conditions_20260930.csv;actor_motion_direction_pattern_table_20260930.csv
cfg_t32_l144_v1,0xBA,FBA-L015,0x5B,humanoid_like,unknown,CD:6316,confirmed_frame_trailer_pointer,7A_body16_7C_next_plus_1_16_00,0x7A->body16;0x7C->next_record_plus_1_16;0x00->terminator,static_event_tail_opcode59_actor_controller,prefix_plus_tail_placement,10,4,4,0,,confirmed_static_flag,"flag_test(spec=0xB9,wram=$125D,bit=1) == 0",candidate,2,down/front,candidate_value_domain_matches_confirmed_motion_pattern,16,0x10,1,0,event_source_bound_actor,strong_structural,controller pointer equals structural event trailer; 1 validated event source binding(s); field06D9=2 matches confirmed motion-pattern value down/front; reader linkage not yet proven; spawn=confirmed_static_flag,static_map_actor_selector_crosslink_20260930.csv;event_record_frame_catalog.csv;static_actor_event_dialogue_binding_20260930.csv;static_actor_spawn_conditions_20260930.csv;actor_motion_direction_pattern_table_20260930.csv
cfg_t32_l144_v1,0xBA,FBA-L016,0x7C,,unknown,CD:632B,confirmed_frame_trailer_pointer,7A_body16_7C_next_plus_1_16_00,0x7A->body16;0x7C->next_record_plus_1_16;0x00->terminator,static_event_tail_opcode59_actor_controller,prefix_plus_tail_placement,10,4,4,0,,confirmed_static_flag,"flag_test(spec=0xB9,wram=$125D,bit=1) == 0",candidate,2,down/front,candidate_value_domain_matches_confirmed_motion_pattern,16,0x10,1,0,event_source_bound_actor,strong_structural,controller pointer equals structural event trailer; 1 validated event source binding(s); field06D9=2 matches confirmed motion-pattern value down/front; reader linkage not yet proven; spawn=confirmed_static_flag,static_map_actor_selector_crosslink_20260930.csv;event_record_frame_catalog.csv;static_actor_event_dialogue_binding_20260930.csv;static_actor_spawn_conditions_20260930.csv;actor_motion_direction_pattern_table_20260930.csv
cfg_t32_l144_v1,0xBA,FBA-L017,0x7C,,unknown,CD:6340,confirmed_frame_trailer_pointer,7A_body16_7C_next_plus_1_16_00,0x7A->body16;0x7C->next_record_plus_1_16;0x00->terminator,static_event_tail_opcode59_actor_controller,prefix_plus_tail_placement,10,4,4,0,,confirmed_static_flag,"flag_test(spec=0xB9,wram=$125D,bit=1) == 0",candidate,2,down/front,candidate_value_domain_matches_confirmed_motion_pattern,16,0x10,1,0,event_source_bound_actor,strong_structural,controller pointer equals structural event trailer; 1 validated event source binding(s); field06D9=2 matches confirmed motion-pattern value down/front; reader linkage not yet proven; spawn=confirmed_static_flag,static_map_actor_selector_crosslink_20260930.csv;event_record_frame_catalog.csv;static_actor_event_dialogue_binding_20260930.csv;static_actor_spawn_conditions_20260930.csv;actor_motion_direction_pattern_table_20260930.csv
cfg_t32_l144_v1,0xBA,FBA-L018,0xA4,,unknown,CD:6355,confirmed_frame_trailer_pointer,7A_body16_7C_next_plus_1_16_00,0x7A->body16;0x7C->next_record_plus_1_16;0x00->terminator,static_event_tail_opcode59_actor_controller,prefix_plus_tail_placement,10,4,4,0,,confirmed_static_flag,"flag_test(spec=0xBD,wram=$125D,bit=5) != 0",candidate,2,down/front,candidate_value_domain_matches_confirmed_motion_pattern,16,0x10,1,0,event_source_bound_actor,strong_structural,controller pointer equals structural event trailer; 1 validated event source binding(s); field06D9=2 matches confirmed motion-pattern value down/front; reader linkage not yet proven; spawn=confirmed_static_flag,static_map_actor_selector_crosslink_20260930.csv;event_record_frame_catalog.csv;static_actor_event_dialogue_binding_20260930.csv;static_actor_spawn_conditions_20260930.csv;actor_motion_direction_pattern_table_20260930.csv
cfg_t32_l144_v1,0xBA,FBA-L019,0x59,humanoid_like,unknown,CD:6371,confirmed_frame_trailer_pointer,7A_body16_7C_next_plus_1_16_00,0x7A->body16;0x7C->next_record_plus_1_16;0x00->terminator,static_event_tail_opcode59_actor_controller,prefix_plus_tail_placement,10,4,4,0,,confirmed_static_flag,"flag_test(spec=0xBD,wram=$125D,bit=5) != 0",candidate,2,down/front,candidate_value_domain_matches_confirmed_motion_pattern,16,0x10,2,0,event_source_bound_actor,strong_structural,controller pointer equals structural event trailer; 2 validated event source binding(s); field06D9=2 matches confirmed motion-pattern value down/front; reader linkage not yet proven; spawn=confirmed_static_flag,static_map_actor_selector_crosslink_20260930.csv;event_record_frame_catalog.csv;static_actor_event_dialogue_binding_20260930.csv;static_actor_spawn_conditions_20260930.csv;actor_motion_direction_pattern_table_20260930.csv
cfg_t32_l144_v1,0xBA,FBA-L020,0x41,humanoid_like,unknown,CD:638D,confirmed_frame_trailer_pointer,7A_body16_7C_next_plus_1_16_00,0x7A->body16;0x7C->next_record_plus_1_16;0x00->terminator,static_event_tail_opcode59_actor_controller,prefix_plus_tail_placement,10,4,4,0,,confirmed_static_flag,"flag_test(spec=0xBD,wram=$125D,bit=5) != 0",candidate,2,down/front,candidate_value_domain_matches_confirmed_motion_pattern,16,0x10,2,0,event_source_bound_actor,strong_structural,controller pointer equals structural event trailer; 2 validated event source binding(s); field06D9=2 matches confirmed motion-pattern value down/front; reader linkage not yet proven; spawn=confirmed_static_flag,static_map_actor_selector_crosslink_20260930.csv;event_record_frame_catalog.csv;static_actor_event_dialogue_binding_20260930.csv;static_actor_spawn_conditions_20260930.csv;actor_motion_direction_pattern_table_20260930.csv
cfg_t32_l144_v1,0xBA,FBA-L021,0x45,,unknown,CD:63B0,confirmed_frame_trailer_pointer,7A_body16_7C_next_plus_1_16_00,0x7A->body16;0x7C->next_record_plus_1_16;0x00->terminator,static_event_tail_opcode59_actor_controller,prefix_plus_tail_placement,10,4,4,0,,confirmed_static_flag,"flag_test(spec=0xBD,wram=$125D,bit=5) != 0",candidate,2,down/front,candidate_value_domain_matches_confirmed_motion_pattern,16,0x10,2,0,event_source_bound_actor,strong_structural,controller pointer equals structural event trailer; 2 validated event source binding(s); field06D9=2 matches confirmed motion-pattern value down/front; reader linkage not yet proven; spawn=confirmed_static_flag,static_map_actor_selector_crosslink_20260930.csv;event_record_frame_catalog.csv;static_actor_event_dialogue_binding_20260930.csv;static_actor_spawn_conditions_20260930.csv;actor_motion_direction_pattern_table_20260930.csv
cfg_t32_l144_v1,0xBA,FBA-L022,0x7C,,unknown,CD:63CC,confirmed_frame_trailer_pointer,7A_body16_7C_next_plus_1_16_00,0x7A->body16;0x7C->next_record_plus_1_16;0x00->terminator,static_event_tail_opcode59_actor_controller,prefix_plus_tail_placement,10,4,4,0,,confirmed_static_flag,"flag_test(spec=0xB9,wram=$125D,bit=1) == 0",candidate,2,down/front,candidate_value_domain_matches_confirmed_motion_pattern,16,0x10,2,0,event_source_bound_actor,strong_structural,controller pointer equals structural event trailer; 2 validated event source binding(s); field06D9=2 matches confirmed motion-pattern value down/front; reader linkage not yet proven; spawn=confirmed_static_flag,static_map_actor_selector_crosslink_20260930.csv;event_record_frame_catalog.csv;static_actor_event_dialogue_binding_20260930.csv;static_actor_spawn_conditions_20260930.csv;actor_motion_direction_pattern_table_20260930.csv
cfg_t32_l144_v1,0xBA,FBA-L023,0x7C,,unknown,CD:63E1,confirmed_frame_trailer_pointer,7A_body16_7C_next_plus_1_16_00,0x7A->body16;0x7C->next_record_plus_1_16;0x00->terminator,static_event_tail_opcode59_actor_controller,prefix_plus_tail_placement,10,4,4,0,,confirmed_static_flag,"flag_test(spec=0xB9,wram=$125D,bit=1) == 0",candidate,2,down/front,candidate_value_domain_matches_confirmed_motion_pattern,16,0x10,1,0,event_source_bound_actor,strong_structural,controller pointer equals structural event trailer; 1 validated event source binding(s); field06D9=2 matches confirmed motion-pattern value down/front; reader linkage not yet proven; spawn=confirmed_static_flag,static_map_actor_selector_crosslink_20260930.csv;event_record_frame_catalog.csv;static_actor_event_dialogue_binding_20260930.csv;static_actor_spawn_conditions_20260930.csv;actor_motion_direction_pattern_table_20260930.csv
cfg_t32_l144_v1,0xBA,FBA-L024,0x7C,,unknown,CD:63F6,confirmed_frame_trailer_pointer,7A_body16_7C_next_plus_1_16_00,0x7A->body16;0x7C->next_record_plus_1_16;0x00->terminator,static_event_tail_opcode59_actor_controller,prefix_plus_tail_placement,10,4,4,0,,confirmed_static_flag,"flag_test(spec=0xB9,wram=$125D,bit=1) == 0",candidate,2,down/front,candidate_value_domain_matches_confirmed_motion_pattern,16,0x10,1,0,event_source_bound_actor,strong_structural,controller pointer equals structural event trailer; 1 validated event source binding(s); field06D9=2 matches confirmed motion-pattern value down/front; reader linkage not yet proven; spawn=confirmed_static_flag,static_map_actor_selector_crosslink_20260930.csv;event_record_frame_catalog.csv;static_actor_event_dialogue_binding_20260930.csv;static_actor_spawn_conditions_20260930.csv;actor_motion_direction_pattern_table_20260930.csv
cfg_t32_l144_v1,0xBA,FBA-L025,0x40,humanoid_like,unknown,CD:640B,confirmed_frame_trailer_pointer,7A_body16_7C_next_plus_1_16_00,0x7A->body16;0x7C->next_record_plus_1_16;0x00->terminator,static_event_tail_opcode59_actor_controller,prefix_plus_tail_placement,10,4,4,0,,confirmed_static_flag,"flag_test(spec=0xB9,wram=$125D,bit=1) == 0",candidate,2,down/front,candidate_value_domain_matches_confirmed_motion_pattern,16,0x10,1,0,event_source_bound_actor,strong_structural,controller pointer equals structural event trailer; 1 validated event source binding(s); field06D9=2 matches confirmed motion-pattern value down/front; reader linkage not yet proven; spawn=confirmed_static_flag,static_map_actor_selector_crosslink_20260930.csv;event_record_frame_catalog.csv;static_actor_event_dialogue_binding_20260930.csv;static_actor_spawn_conditions_20260930.csv;actor_motion_direction_pattern_table_20260930.csv
cfg_t32_l144_v1,0xBA,FBA-L026,0x42,humanoid_like,unknown,CD:6420,confirmed_frame_trailer_pointer,7A_body16_7C_next_plus_1_16_00,0x7A->body16;0x7C->next_record_plus_1_16;0x00->terminator,static_event_tail_opcode59_actor_controller,prefix_plus_tail_placement,10,4,4,0,,confirmed_static_flag,"flag_test(spec=0xB9,wram=$125D,bit=1) == 0",candidate,2,down/front,candidate_value_domain_matches_confirmed_motion_pattern,16,0x10,1,0,event_source_bound_actor,strong_structural,controller pointer equals structural event trailer; 1 validated event source binding(s); field06D9=2 matches confirmed motion-pattern value down/front; reader linkage not yet proven; spawn=confirmed_static_flag,static_map_actor_selector_crosslink_20260930.csv;event_record_frame_catalog.csv;static_actor_event_dialogue_binding_20260930.csv;static_actor_spawn_conditions_20260930.csv;actor_motion_direction_pattern_table_20260930.csv
cfg_t32_l144_v1,0xBA,FBA-L027,0x71,,unknown,CD:6435,confirmed_frame_trailer_pointer,7A_body16_7C_next_plus_1_16_00,0x7A->body16;0x7C->next_record_plus_1_16;0x00->terminator,static_event_tail_opcode59_actor_controller,prefix_plus_tail_placement,10,4,4,0,,confirmed_static_flag,"flag_test(spec=0xBD,wram=$125D,bit=5) != 0",candidate,2,down/front,candidate_value_domain_matches_confirmed_motion_pattern,16,0x10,1,0,event_source_bound_actor,strong_structural,controller pointer equals structural event trailer; 1 validated event source binding(s); field06D9=2 matches confirmed motion-pattern value down/front; reader linkage not yet proven; spawn=confirmed_static_flag,static_map_actor_selector_crosslink_20260930.csv;event_record_frame_catalog.csv;static_actor_event_dialogue_binding_20260930.csv;static_actor_spawn_conditions_20260930.csv;actor_motion_direction_pattern_table_20260930.csv
cfg_t32_l144_v1,0xBA,FBA-L028,0x71,,unknown,CD:6451,confirmed_frame_trailer_pointer,7A_body16_7C_next_plus_1_16_00,0x7A->body16;0x7C->next_record_plus_1_16;0x00->terminator,static_event_tail_opcode59_actor_controller,prefix_plus_tail_placement,10,4,4,0,,confirmed_static_flag,"flag_test(spec=0xBD,wram=$125D,bit=5) != 0",candidate,2,down/front,candidate_value_domain_matches_confirmed_motion_pattern,16,0x10,2,0,event_source_bound_actor,strong_structural,controller pointer equals structural event trailer; 2 validated event source binding(s); field06D9=2 matches confirmed motion-pattern value down/front; reader linkage not yet proven; spawn=confirmed_static_flag,static_map_actor_selector_crosslink_20260930.csv;event_record_frame_catalog.csv;static_actor_event_dialogue_binding_20260930.csv;static_actor_spawn_conditions_20260930.csv;actor_motion_direction_pattern_table_20260930.csv
cfg_t32_l144_v1,0xBA,FBA-L029,0x7C,,unknown,CD:646D,confirmed_frame_trailer_pointer,7A_body16_7C_next_plus_1_16_00,0x7A->body16;0x7C->next_record_plus_1_16;0x00->terminator,static_event_tail_opcode59_actor_controller,prefix_plus_tail_placement,10,4,4,0,,confirmed_static_flag,"flag_test(spec=0xBD,wram=$125D,bit=5) != 0",candidate,2,down/front,candidate_value_domain_matches_confirmed_motion_pattern,16,0x10,2,0,event_source_bound_actor,strong_structural,controller pointer equals structural event trailer; 2 validated event source binding(s); field06D9=2 matches confirmed motion-pattern value down/front; reader linkage not yet proven; spawn=confirmed_static_flag,static_map_actor_selector_crosslink_20260930.csv;event_record_frame_catalog.csv;static_actor_event_dialogue_binding_20260930.csv;static_actor_spawn_conditions_20260930.csv;actor_motion_direction_pattern_table_20260930.csv
cfg_t32_l144_v1,0xBA,FBA-L030,0x30,humanoid_like,unknown,CD:6489,confirmed_frame_trailer_pointer,7A_body16_7C_next_plus_1_16_00,0x7A->body16;0x7C->next_record_plus_1_16;0x00->terminator,static_event_tail_opcode59_actor_controller,prefix_plus_tail_placement,10,4,4,0,,confirmed_static_flag,"flag_test(spec=0xBD,wram=$125D,bit=5) != 0",candidate,2,down/front,candidate_value_domain_matches_confirmed_motion_pattern,16,0x10,2,0,event_source_bound_actor,strong_structural,controller pointer equals structural event trailer; 2 validated event source binding(s); field06D9=2 matches confirmed motion-pattern value down/front; reader linkage not yet proven; spawn=confirmed_static_flag,static_map_actor_selector_crosslink_20260930.csv;event_record_frame_catalog.csv;static_actor_event_dialogue_binding_20260930.csv;static_actor_spawn_conditions_20260930.csv;actor_motion_direction_pattern_table_20260930.csv
cfg_t32_l144_v1,0xBB,FBB-L003,0x3E,humanoid_like,unknown,CD:6787,confirmed_frame_trailer_pointer,7A_body16_7C_next_plus_1_16_00,0x7A->body16;0x7C->next_record_plus_1_16;0x00->terminator,static_event_tail_opcode59_actor_controller,prefix_plus_tail_placement,10,4,4,0,,confirmed_static_flag,"flag_test(spec=0xB9,wram=$125D,bit=1) == 0",candidate,2,down/front,candidate_value_domain_matches_confirmed_motion_pattern,16,0x10,1,0,event_source_bound_actor,strong_structural,controller pointer equals structural event trailer; 1 validated event source binding(s); field06D9=2 matches confirmed motion-pattern value down/front; reader linkage not yet proven; spawn=confirmed_static_flag,static_map_actor_selector_crosslink_20260930.csv;event_record_frame_catalog.csv;static_actor_event_dialogue_binding_20260930.csv;static_actor_spawn_conditions_20260930.csv;actor_motion_direction_pattern_table_20260930.csv
cfg_t32_l144_v1,0xBB,FBB-L004,0x40,humanoid_like,unknown,CD:679C,confirmed_frame_trailer_pointer,7A_body16_7C_next_plus_1_16_00,0x7A->body16;0x7C->next_record_plus_1_16;0x00->terminator,static_event_tail_opcode59_actor_controller,prefix_plus_tail_placement,10,4,4,0,,confirmed_static_flag,"flag_test(spec=0xB9,wram=$125D,bit=1) == 0",candidate,2,down/front,candidate_value_domain_matches_confirmed_motion_pattern,16,0x10,1,0,event_source_bound_actor,strong_structural,controller pointer equals structural event trailer; 1 validated event source binding(s); field06D9=2 matches confirmed motion-pattern value down/front; reader linkage not yet proven; spawn=confirmed_static_flag,static_map_actor_selector_crosslink_20260930.csv;event_record_frame_catalog.csv;static_actor_event_dialogue_binding_20260930.csv;static_actor_spawn_conditions_20260930.csv;actor_motion_direction_pattern_table_20260930.csv
cfg_t32_l144_v1,0xBB,FBB-L005,0x59,humanoid_like,unknown,CD:67B1,confirmed_frame_trailer_pointer,7A_body16_7C_next_plus_1_16_00,0x7A->body16;0x7C->next_record_plus_1_16;0x00->terminator,static_event_tail_opcode59_actor_controller,prefix_plus_tail_placement,10,4,4,0,,confirmed_static_flag,"flag_test(spec=0xB9,wram=$125D,bit=1) == 0",candidate,2,down/front,candidate_value_domain_matches_confirmed_motion_pattern,16,0x10,1,0,event_source_bound_actor,strong_structural,controller pointer equals structural event trailer; 1 validated event source binding(s); field06D9=2 matches confirmed motion-pattern value down/front; reader linkage not yet proven; spawn=confirmed_static_flag,static_map_actor_selector_crosslink_20260930.csv;event_record_frame_catalog.csv;static_actor_event_dialogue_binding_20260930.csv;static_actor_spawn_conditions_20260930.csv;actor_motion_direction_pattern_table_20260930.csv
cfg_t32_l144_v1,0xBB,FBB-L006,0x40,humanoid_like,unknown,CD:67C6,confirmed_frame_trailer_pointer,7A_body16_7C_next_plus_1_16_00,0x7A->body16;0x7C->next_record_plus_1_16;0x00->terminator,static_event_tail_opcode59_actor_controller,prefix_plus_tail_placement,10,4,4,0,,confirmed_static_flag,"flag_test(spec=0xBD,wram=$125D,bit=5) != 0",candidate,2,down/front,candidate_value_domain_matches_confirmed_motion_pattern,16,0x10,1,0,event_source_bound_actor,strong_structural,controller pointer equals structural event trailer; 1 validated event source binding(s); field06D9=2 matches confirmed motion-pattern value down/front; reader linkage not yet proven; spawn=confirmed_static_flag,static_map_actor_selector_crosslink_20260930.csv;event_record_frame_catalog.csv;static_actor_event_dialogue_binding_20260930.csv;static_actor_spawn_conditions_20260930.csv;actor_motion_direction_pattern_table_20260930.csv
cfg_t32_l144_v1,0xBB,FBB-L007,0x59,humanoid_like,unknown,CD:67E2,confirmed_frame_trailer_pointer,7A_body16_7C_next_plus_1_16_00,0x7A->body16;0x7C->next_record_plus_1_16;0x00->terminator,static_event_tail_opcode59_actor_controller,prefix_plus_tail_placement,10,4,4,0,,confirmed_static_flag,"flag_test(spec=0xBD,wram=$125D,bit=5) != 0",candidate,2,down/front,candidate_value_domain_matches_confirmed_motion_pattern,16,0x10,2,0,event_source_bound_actor,strong_structural,controller pointer equals structural event trailer; 2 validated event source binding(s); field06D9=2 matches confirmed motion-pattern value down/front; reader linkage not yet proven; spawn=confirmed_static_flag,static_map_actor_selector_crosslink_20260930.csv;event_record_frame_catalog.csv;static_actor_event_dialogue_binding_20260930.csv;static_actor_spawn_conditions_20260930.csv;actor_motion_direction_pattern_table_20260930.csv
cfg_t32_l144_v1,0xBB,FBB-L008,0x0E,monster_like,unknown,CD:67FE,confirmed_frame_trailer_pointer,7A_body16_7C_next_plus_1_16_00,0x7A->body16;0x7C->next_record_plus_1_16;0x00->terminator,static_event_tail_opcode59_actor_controller,prefix_plus_tail_placement,10,4,4,0,,confirmed_static_flag,"flag_test(spec=0xBD,wram=$125D,bit=5) != 0",candidate,2,down/front,candidate_value_domain_matches_confirmed_motion_pattern,16,0x10,2,0,event_source_bound_actor,strong_structural,controller pointer equals structural event trailer; 2 validated event source binding(s); field06D9=2 matches confirmed motion-pattern value down/front; reader linkage not yet proven; spawn=confirmed_static_flag,static_map_actor_selector_crosslink_20260930.csv;event_record_frame_catalog.csv;static_actor_event_dialogue_binding_20260930.csv;static_actor_spawn_conditions_20260930.csv;actor_motion_direction_pattern_table_20260930.csv
cfg_t32_l144_v1,0xBB,FBB-L013,0x40,humanoid_like,unknown,CD:6881,confirmed_frame_trailer_pointer,7A_body16_7C_next_plus_1_16_00,0x7A->body16;0x7C->next_record_plus_1_16;0x00->terminator,static_event_tail_opcode59_actor_controller,prefix_plus_tail_placement,10,4,4,0,,confirmed_static_flag,"flag_test(spec=0xBD,wram=$125D,bit=5) != 0",candidate,2,down/front,candidate_value_domain_matches_confirmed_motion_pattern,16,0x10,1,0,event_source_bound_actor,strong_structural,controller pointer equals structural event trailer; 1 validated event source binding(s); field06D9=2 matches confirmed motion-pattern value down/front; reader linkage not yet proven; spawn=confirmed_static_flag,static_map_actor_selector_crosslink_20260930.csv;event_record_frame_catalog.csv;static_actor_event_dialogue_binding_20260930.csv;static_actor_spawn_conditions_20260930.csv;actor_motion_direction_pattern_table_20260930.csv
cfg_t32_l144_v1,0xBB,FBB-L014,0x41,humanoid_like,unknown,CD:689D,confirmed_frame_trailer_pointer,7A_body16_7C_next_plus_1_16_00,0x7A->body16;0x7C->next_record_plus_1_16;0x00->terminator,static_event_tail_opcode59_actor_controller,prefix_plus_tail_placement,10,4,4,0,,confirmed_static_flag,"flag_test(spec=0xBD,wram=$125D,bit=5) != 0",candidate,2,down/front,candidate_value_domain_matches_confirmed_motion_pattern,16,0x10,2,0,event_source_bound_actor,strong_structural,controller pointer equals structural event trailer; 2 validated event source binding(s); field06D9=2 matches confirmed motion-pattern value down/front; reader linkage not yet proven; spawn=confirmed_static_flag,static_map_actor_selector_crosslink_20260930.csv;event_record_frame_catalog.csv;static_actor_event_dialogue_binding_20260930.csv;static_actor_spawn_conditions_20260930.csv;actor_motion_direction_pattern_table_20260930.csv
cfg_t32_l144_v1,0xBB,FBB-L015,0x24,humanoid_like,unknown,CD:68C7,confirmed_frame_trailer_pointer,7A_body16_7C_next_plus_1_16_00,0x7A->body16;0x7C->next_record_plus_1_16;0x00->terminator,static_event_tail_opcode59_actor_controller,prefix_plus_tail_placement,10,4,4,0,,confirmed_static_flag,"flag_test(spec=0xBD,wram=$125D,bit=5) != 0",candidate,2,down/front,candidate_value_domain_matches_confirmed_motion_pattern,16,0x10,2,0,event_source_bound_actor,strong_structural,controller pointer equals structural event trailer; 2 validated event source binding(s); field06D9=2 matches confirmed motion-pattern value down/front; reader linkage not yet proven; spawn=confirmed_static_flag,static_map_actor_selector_crosslink_20260930.csv;event_record_frame_catalog.csv;static_actor_event_dialogue_binding_20260930.csv;static_actor_spawn_conditions_20260930.csv;actor_motion_direction_pattern_table_20260930.csv
cfg_t32_l144_v1,0xBB,FBB-L020,0x40,humanoid_like,unknown,CD:694A,confirmed_frame_trailer_pointer,7A_body16_7C_next_plus_1_16_00,0x7A->body16;0x7C->next_record_plus_1_16;0x00->terminator,static_event_tail_opcode59_actor_controller,prefix_plus_tail_placement,10,4,4,0,,confirmed_static_flag,"flag_test(spec=0xB9,wram=$125D,bit=1) == 0",candidate,2,down/front,candidate_value_domain_matches_confirmed_motion_pattern,16,0x10,1,0,event_source_bound_actor,strong_structural,controller pointer equals structural event trailer; 1 validated event source binding(s); field06D9=2 matches confirmed motion-pattern value down/front; reader linkage not yet proven; spawn=confirmed_static_flag,static_map_actor_selector_crosslink_20260930.csv;event_record_frame_catalog.csv;static_actor_event_dialogue_binding_20260930.csv;static_actor_spawn_conditions_20260930.csv;actor_motion_direction_pattern_table_20260930.csv
cfg_t32_l144_v1,0xBB,FBB-L021,0x5A,humanoid_like,unknown,CD:695F,confirmed_frame_trailer_pointer,7A_body16_7C_next_plus_1_16_00,0x7A->body16;0x7C->next_record_plus_1_16;0x00->terminator,static_event_tail_opcode59_actor_controller,prefix_plus_tail_placement,10,4,4,0,,confirmed_static_flag,"flag_test(spec=0xB9,wram=$125D,bit=1) == 0",candidate,2,down/front,candidate_value_domain_matches_confirmed_motion_pattern,16,0x10,1,0,event_source_bound_actor,strong_structural,controller pointer equals structural event trailer; 1 validated event source binding(s); field06D9=2 matches confirmed motion-pattern value down/front; reader linkage not yet proven; spawn=confirmed_static_flag,static_map_actor_selector_crosslink_20260930.csv;event_record_frame_catalog.csv;static_actor_event_dialogue_binding_20260930.csv;static_actor_spawn_conditions_20260930.csv;actor_motion_direction_pattern_table_20260930.csv
cfg_t32_l144_v1,0xBB,FBB-L022,0x3C,humanoid_like,unknown,CD:6974,confirmed_frame_trailer_pointer,7A_body16_7C_next_plus_1_16_00,0x7A->body16;0x7C->next_record_plus_1_16;0x00->terminator,static_event_tail_opcode59_actor_controller,prefix_plus_tail_placement,10,4,4,0,,confirmed_static_flag,"flag_test(spec=0xBD,wram=$125D,bit=5) != 0",candidate,2,down/front,candidate_value_domain_matches_confirmed_motion_pattern,16,0x10,1,0,event_source_bound_actor,strong_structural,controller pointer equals structural event trailer; 1 validated event source binding(s); field06D9=2 matches confirmed motion-pattern value down/front; reader linkage not yet proven; spawn=confirmed_static_flag,static_map_actor_selector_crosslink_20260930.csv;event_record_frame_catalog.csv;static_actor_event_dialogue_binding_20260930.csv;static_actor_spawn_conditions_20260930.csv;actor_motion_direction_pattern_table_20260930.csv
cfg_t32_l144_v1,0xBC,FBC-L001,0x51,,unknown,CD:6BFA,confirmed_frame_trailer_pointer,7A_body16_7C_next_plus_1_16_00,0x7A->body16;0x7C->next_record_plus_1_16;0x00->terminator,static_event_tail_opcode59_actor_controller,prefix_plus_tail_placement,10,4,4,0,,confirmed_static_flag,"flag_test(spec=0xBD,wram=$125D,bit=5) != 0",candidate,2,down/front,candidate_value_domain_matches_confirmed_motion_pattern,16,0x10,2,0,event_source_bound_actor,strong_structural,controller pointer equals structural event trailer; 2 validated event source binding(s); field06D9=2 matches confirmed motion-pattern value down/front; reader linkage not yet proven; spawn=confirmed_static_flag,static_map_actor_selector_crosslink_20260930.csv;event_record_frame_catalog.csv;static_actor_event_dialogue_binding_20260930.csv;static_actor_spawn_conditions_20260930.csv;actor_motion_direction_pattern_table_20260930.csv
cfg_t32_l144_v1,0xBC,FBC-L002,0x52,,unknown,CD:6C16,confirmed_frame_trailer_pointer,7A_body16_7C_next_plus_1_16_00,0x7A->body16;0x7C->next_record_plus_1_16;0x00->terminator,static_event_tail_opcode59_actor_controller,prefix_plus_tail_placement,10,4,4,0,,confirmed_static_flag,"flag_test(spec=0xBD,wram=$125D,bit=5) != 0",candidate,2,down/front,candidate_value_domain_matches_confirmed_motion_pattern,16,0x10,2,0,event_source_bound_actor,strong_structural,controller pointer equals structural event trailer; 2 validated event source binding(s); field06D9=2 matches confirmed motion-pattern value down/front; reader linkage not yet proven; spawn=confirmed_static_flag,static_map_actor_selector_crosslink_20260930.csv;event_record_frame_catalog.csv;static_actor_event_dialogue_binding_20260930.csv;static_actor_spawn_conditions_20260930.csv;actor_motion_direction_pattern_table_20260930.csv
cfg_t13_l103_v2,0xBE,FBE-L001,0x6D,,unknown,CD:7086,confirmed_frame_trailer_pointer,7A_body16_7C_next_plus_1_16_00,0x7A->body16;0x7C->next_record_plus_1_16;0x00->terminator,static_event_tail_opcode59_actor_controller,prefix_plus_tail_placement,10,4,4,0,,confirmed_static_flag,"flag_test(spec=0xBD,wram=$125D,bit=5) == 0",candidate,2,down/front,candidate_value_domain_matches_confirmed_motion_pattern,16,0x10,0,0,placed_actor_no_validated_source,placement_only,controller pointer equals structural event trailer; no validated source selection; field06D9=2 matches confirmed motion-pattern value down/front; reader linkage not yet proven; spawn=confirmed_static_flag,static_map_actor_selector_crosslink_20260930.csv;event_record_frame_catalog.csv;static_actor_event_dialogue_binding_20260930.csv;static_actor_spawn_conditions_20260930.csv;actor_motion_direction_pattern_table_20260930.csv
cfg_t14_l105_v2,0xC0,FC0-L001,0x2F,humanoid_like,unknown,CD:79CE,confirmed_frame_trailer_pointer,7A_body16_7C_next_plus_1_16_00,0x7A->body16;0x7C->next_record_plus_1_16;0x00->terminator,static_event_head_opcode59_actor_controller,head_exact_placement_only,6,0,0,0,,confirmed_static_unconditional,always,visible,2,down/front,candidate_value_domain_matches_confirmed_motion_pattern,16,0x10,1,0,event_source_bound_actor,strong_structural,controller pointer equals structural event trailer; 1 validated event source binding(s); field06D9=2 matches confirmed motion-pattern value down/front; reader linkage not yet proven; spawn=confirmed_static_unconditional,static_map_actor_selector_crosslink_20260930.csv;event_record_frame_catalog.csv;static_actor_event_dialogue_binding_20260930.csv;static_actor_spawn_conditions_20260930.csv;actor_motion_direction_pattern_table_20260930.csv
cfg_t14_l105_v2,0xC0,FC0-L002,0x30,humanoid_like,unknown,CD:79DF,confirmed_frame_trailer_pointer,7A_body16_7C_next_plus_1_16_00,0x7A->body16;0x7C->next_record_plus_1_16;0x00->terminator,static_event_head_opcode59_actor_controller,head_exact_placement_only,6,0,0,0,,confirmed_static_unconditional,always,visible,2,down/front,candidate_value_domain_matches_confirmed_motion_pattern,16,0x10,1,0,event_source_bound_actor,strong_structural,controller pointer equals structural event trailer; 1 validated event source binding(s); field06D9=2 matches confirmed motion-pattern value down/front; reader linkage not yet proven; spawn=confirmed_static_unconditional,static_map_actor_selector_crosslink_20260930.csv;event_record_frame_catalog.csv;static_actor_event_dialogue_binding_20260930.csv;static_actor_spawn_conditions_20260930.csv;actor_motion_direction_pattern_table_20260930.csv
cfg_t14_l105_v2,0xC0,FC0-L003,0x30,humanoid_like,unknown,CD:79F0,confirmed_frame_trailer_pointer,7A_body16_7C_next_plus_1_16_00,0x7A->body16;0x7C->next_record_plus_1_16;0x00->terminator,static_event_head_opcode59_actor_controller,head_exact_placement_only,6,0,0,0,,confirmed_static_unconditional,always,visible,2,down/front,candidate_value_domain_matches_confirmed_motion_pattern,16,0x10,1,0,event_source_bound_actor,strong_structural,controller pointer equals structural event trailer; 1 validated event source binding(s); field06D9=2 matches confirmed motion-pattern value down/front; reader linkage not yet proven; spawn=confirmed_static_unconditional,static_map_actor_selector_crosslink_20260930.csv;event_record_frame_catalog.csv;static_actor_event_dialogue_binding_20260930.csv;static_actor_spawn_conditions_20260930.csv;actor_motion_direction_pattern_table_20260930.csv
cfg_t15_l107_v2,0xC1,FC1-L001,0x56,monster_like,unknown,CD:7C97,confirmed_frame_trailer_pointer,7A_body16_7C_next_plus_1_16_00,0x7A->body16;0x7C->next_record_plus_1_16;0x00->terminator,static_event_head_opcode59_actor_controller,head_exact_placement_only,6,0,0,0,,confirmed_static_unconditional,always,visible,2,down/front,candidate_value_domain_matches_confirmed_motion_pattern,16,0x10,1,0,event_source_bound_actor,strong_structural,controller pointer equals structural event trailer; 1 validated event source binding(s); field06D9=2 matches confirmed motion-pattern value down/front; reader linkage not yet proven; spawn=confirmed_static_unconditional,static_map_actor_selector_crosslink_20260930.csv;event_record_frame_catalog.csv;static_actor_event_dialogue_binding_20260930.csv;static_actor_spawn_conditions_20260930.csv;actor_motion_direction_pattern_table_20260930.csv
cfg_t15_l107_v2,0xC1,FC1-L002,0x30,humanoid_like,unknown,CD:7CA8,confirmed_frame_trailer_pointer,7A_body16_7C_next_plus_1_16_00,0x7A->body16;0x7C->next_record_plus_1_16;0x00->terminator,static_event_head_opcode59_actor_controller,head_exact_placement_only,6,0,0,0,,confirmed_static_unconditional,always,visible,2,down/front,candidate_value_domain_matches_confirmed_motion_pattern,16,0x10,1,0,event_source_bound_actor,strong_structural,controller pointer equals structural event trailer; 1 validated event source binding(s); field06D9=2 matches confirmed motion-pattern value down/front; reader linkage not yet proven; spawn=confirmed_static_unconditional,static_map_actor_selector_crosslink_20260930.csv;event_record_frame_catalog.csv;static_actor_event_dialogue_binding_20260930.csv;static_actor_spawn_conditions_20260930.csv;actor_motion_direction_pattern_table_20260930.csv
cfg_t16_l109_v2,0xC2,FC2-L001,0x30,humanoid_like,unknown,CD:7DA0,confirmed_frame_trailer_pointer,7A_body16_7C_next_plus_1_16_00,0x7A->body16;0x7C->next_record_plus_1_16;0x00->terminator,static_event_head_opcode59_actor_controller,head_exact_placement_only,6,0,0,0,,confirmed_static_unconditional,always,visible,2,down/front,candidate_value_domain_matches_confirmed_motion_pattern,16,0x10,1,0,event_source_bound_actor,strong_structural,controller pointer equals structural event trailer; 1 validated event source binding(s); field06D9=2 matches confirmed motion-pattern value down/front; reader linkage not yet proven; spawn=confirmed_static_unconditional,static_map_actor_selector_crosslink_20260930.csv;event_record_frame_catalog.csv;static_actor_event_dialogue_binding_20260930.csv;static_actor_spawn_conditions_20260930.csv;actor_motion_direction_pattern_table_20260930.csv
cfg_t16_l109_v2,0xC2,FC2-L002,0x6F,monster_like,unknown,CD:7DB1,confirmed_frame_trailer_pointer,7A_body16_7C_next_plus_1_16_00,0x7A->body16;0x7C->next_record_plus_1_16;0x00->terminator,static_event_head_opcode59_actor_controller,head_exact_placement_only,6,0,0,0,,confirmed_static_unconditional,always,visible,2,down/front,candidate_value_domain_matches_confirmed_motion_pattern,16,0x10,1,0,event_source_bound_actor,strong_structural,controller pointer equals structural event trailer; 1 validated event source binding(s); field06D9=2 matches confirmed motion-pattern value down/front; reader linkage not yet proven; spawn=confirmed_static_unconditional,static_map_actor_selector_crosslink_20260930.csv;event_record_frame_catalog.csv;static_actor_event_dialogue_binding_20260930.csv;static_actor_spawn_conditions_20260930.csv;actor_motion_direction_pattern_table_20260930.csv
cfg_t16_l109_v2,0xC2,FC2-L003,0x2F,humanoid_like,unknown,CD:7DC2,confirmed_frame_trailer_pointer,7A_body16_7C_next_plus_1_16_00,0x7A->body16;0x7C->next_record_plus_1_16;0x00->terminator,static_event_head_opcode59_actor_controller,head_exact_placement_only,6,0,0,0,,confirmed_static_unconditional,always,visible,2,down/front,candidate_value_domain_matches_confirmed_motion_pattern,16,0x10,1,0,event_source_bound_actor,strong_structural,controller pointer equals structural event trailer; 1 validated event source binding(s); field06D9=2 matches confirmed motion-pattern value down/front; reader linkage not yet proven; spawn=confirmed_static_unconditional,static_map_actor_selector_crosslink_20260930.csv;event_record_frame_catalog.csv;static_actor_event_dialogue_binding_20260930.csv;static_actor_spawn_conditions_20260930.csv;actor_motion_direction_pattern_table_20260930.csv
cfg_t14_l105_v2,0xC3,FC3-L001,0x30,humanoid_like,unknown,CD:7F07,confirmed_frame_trailer_pointer,7A_body16_7C_next_plus_1_16_00,0x7A->body16;0x7C->next_record_plus_1_16;0x00->terminator,static_event_head_opcode59_actor_controller,head_exact_placement_only,6,0,0,0,,confirmed_static_unconditional,always,visible,2,down/front,candidate_value_domain_matches_confirmed_motion_pattern,16,0x10,1,0,event_source_bound_actor,strong_structural,controller pointer equals structural event trailer; 1 validated event source binding(s); field06D9=2 matches confirmed motion-pattern value down/front; reader linkage not yet proven; spawn=confirmed_static_unconditional,static_map_actor_selector_crosslink_20260930.csv;event_record_frame_catalog.csv;static_actor_event_dialogue_binding_20260930.csv;static_actor_spawn_conditions_20260930.csv;actor_motion_direction_pattern_table_20260930.csv
cfg_t14_l105_v2,0xC3,FC3-L002,0x22,humanoid_like,unknown,CD:7F18,confirmed_frame_trailer_pointer,7A_body16_7C_next_plus_1_16_00,0x7A->body16;0x7C->next_record_plus_1_16;0x00->terminator,static_event_head_opcode59_actor_controller,head_exact_placement_only,6,0,0,0,,confirmed_static_unconditional,always,visible,2,down/front,candidate_value_domain_matches_confirmed_motion_pattern,16,0x10,1,0,event_source_bound_actor,strong_structural,controller pointer equals structural event trailer; 1 validated event source binding(s); field06D9=2 matches confirmed motion-pattern value down/front; reader linkage not yet proven; spawn=confirmed_static_unconditional,static_map_actor_selector_crosslink_20260930.csv;event_record_frame_catalog.csv;static_actor_event_dialogue_binding_20260930.csv;static_actor_spawn_conditions_20260930.csv;actor_motion_direction_pattern_table_20260930.csv
cfg_t17_l111_v2,0xC4,FC4-L001,0x2F,humanoid_like,unknown,CD:82A4,confirmed_frame_trailer_pointer,7A_body16_7C_next_plus_1_16_00,0x7A->body16;0x7C->next_record_plus_1_16;0x00->terminator,static_event_head_opcode59_actor_controller,head_exact_placement_only,6,0,0,0,,confirmed_static_unconditional,always,visible,2,down/front,candidate_value_domain_matches_confirmed_motion_pattern,16,0x10,0,0,placed_actor_no_validated_source,placement_only,controller pointer equals structural event trailer; no validated source selection; field06D9=2 matches confirmed motion-pattern value down/front; reader linkage not yet proven; spawn=confirmed_static_unconditional,static_map_actor_selector_crosslink_20260930.csv;event_record_frame_catalog.csv;static_actor_event_dialogue_binding_20260930.csv;static_actor_spawn_conditions_20260930.csv;actor_motion_direction_pattern_table_20260930.csv
cfg_t17_l111_v2,0xC4,FC4-L002,0x30,humanoid_like,unknown,CD:82B5,confirmed_frame_trailer_pointer,7A_body16_7C_next_plus_1_16_00,0x7A->body16;0x7C->next_record_plus_1_16;0x00->terminator,static_event_head_opcode59_actor_controller,head_exact_placement_only,6,0,0,0,,confirmed_static_unconditional,always,visible,2,down/front,candidate_value_domain_matches_confirmed_motion_pattern,16,0x10,1,0,event_source_bound_actor,strong_structural,controller pointer equals structural event trailer; 1 validated event source binding(s); field06D9=2 matches confirmed motion-pattern value down/front; reader linkage not yet proven; spawn=confirmed_static_unconditional,static_map_actor_selector_crosslink_20260930.csv;event_record_frame_catalog.csv;static_actor_event_dialogue_binding_20260930.csv;static_actor_spawn_conditions_20260930.csv;actor_motion_direction_pattern_table_20260930.csv
cfg_t17_l111_v2,0xC4,FC4-L003,0x30,humanoid_like,unknown,CD:82C6,confirmed_frame_trailer_pointer,7A_body16_7C_next_plus_1_16_00,0x7A->body16;0x7C->next_record_plus_1_16;0x00->terminator,static_event_head_opcode59_actor_controller,head_exact_placement_only,6,0,0,0,,confirmed_static_unconditional,always,visible,2,down/front,candidate_value_domain_matches_confirmed_motion_pattern,16,0x10,1,0,event_source_bound_actor,strong_structural,controller pointer equals structural event trailer; 1 validated event source binding(s); field06D9=2 matches confirmed motion-pattern value down/front; reader linkage not yet proven; spawn=confirmed_static_unconditional,static_map_actor_selector_crosslink_20260930.csv;event_record_frame_catalog.csv;static_actor_event_dialogue_binding_20260930.csv;static_actor_spawn_conditions_20260930.csv;actor_motion_direction_pattern_table_20260930.csv
cfg_t17_l111_v2,0xC4,FC4-L004,0x56,monster_like,unknown,CD:82E5,confirmed_frame_trailer_pointer,7A_body16_7C_next_plus_1_16_00,0x7A->body16;0x7C->next_record_plus_1_16;0x00->terminator,static_event_head_opcode59_actor_controller,head_exact_placement_only,6,0,0,0,,confirmed_static_unconditional,always,visible,2,down/front,candidate_value_domain_matches_confirmed_motion_pattern,16,0x10,1,0,event_source_bound_actor,strong_structural,controller pointer equals structural event trailer; 1 validated event source binding(s); field06D9=2 matches confirmed motion-pattern value down/front; reader linkage not yet proven; spawn=confirmed_static_unconditional,static_map_actor_selector_crosslink_20260930.csv;event_record_frame_catalog.csv;static_actor_event_dialogue_binding_20260930.csv;static_actor_spawn_conditions_20260930.csv;actor_motion_direction_pattern_table_20260930.csv
cfg_t18_l112_v2,0xC5,FC5-L001,0x2F,humanoid_like,unknown,CD:8397,confirmed_frame_trailer_pointer,7A_body16_7C_next_plus_1_16_00,0x7A->body16;0x7C->next_record_plus_1_16;0x00->terminator,static_event_head_opcode59_actor_controller,head_exact_placement_only,6,0,0,0,,confirmed_static_unconditional,always,visible,2,down/front,candidate_value_domain_matches_confirmed_motion_pattern,16,0x10,1,0,event_source_bound_actor,strong_structural,controller pointer equals structural event trailer; 1 validated event source binding(s); field06D9=2 matches confirmed motion-pattern value down/front; reader linkage not yet proven; spawn=confirmed_static_unconditional,static_map_actor_selector_crosslink_20260930.csv;event_record_frame_catalog.csv;static_actor_event_dialogue_binding_20260930.csv;static_actor_spawn_conditions_20260930.csv;actor_motion_direction_pattern_table_20260930.csv
cfg_t53_l184_v2,0xD0,FD0-L001,0x33,humanoid_like,unknown,CD:96CD,confirmed_frame_trailer_pointer,7A_body16_7C_next_plus_1_16_00,0x7A->body16;0x7C->next_record_plus_1_16;0x00->terminator,static_event_head_opcode59_actor_controller,head_exact_placement_only,6,0,0,0,,confirmed_static_unconditional,always,visible,2,down/front,candidate_value_domain_matches_confirmed_motion_pattern,0,0x00,1,0,event_source_bound_actor,strong_structural,controller pointer equals structural event trailer; 1 validated event source binding(s); field06D9=2 matches confirmed motion-pattern value down/front; reader linkage not yet proven; spawn=confirmed_static_unconditional,static_map_actor_selector_crosslink_20260930.csv;event_record_frame_catalog.csv;static_actor_event_dialogue_binding_20260930.csv;static_actor_spawn_conditions_20260930.csv;actor_motion_direction_pattern_table_20260930.csv
cfg_t53_l184_v2,0xD0,FD0-L002,0x39,animal_like,animal,CD:96DE,confirmed_frame_trailer_pointer,7A_body16_7C_next_plus_1_16_00,0x7A->body16;0x7C->next_record_plus_1_16;0x00->terminator,static_event_head_opcode59_actor_controller,head_exact_placement_only,6,0,0,0,,confirmed_static_unconditional,always,visible,2,down/front,candidate_value_domain_matches_confirmed_motion_pattern,0,0x00,1,0,event_source_bound_actor,strong_structural,controller pointer equals structural event trailer; 1 validated event source binding(s); field06D9=2 matches confirmed motion-pattern value down/front; reader linkage not yet proven; spawn=confirmed_static_unconditional,static_map_actor_selector_crosslink_20260930.csv;event_record_frame_catalog.csv;static_actor_event_dialogue_binding_20260930.csv;static_actor_spawn_conditions_20260930.csv;actor_motion_direction_pattern_table_20260930.csv
cfg_t53_l184_v2,0xD0,FD0-L003,0x33,humanoid_like,unknown,CD:96EF,confirmed_frame_trailer_pointer,7A_body16_7C_next_plus_1_16_00,0x7A->body16;0x7C->next_record_plus_1_16;0x00->terminator,static_event_head_opcode59_actor_controller,head_exact_placement_only,6,0,0,0,,confirmed_static_unconditional,always,visible,2,down/front,candidate_value_domain_matches_confirmed_motion_pattern,0,0x00,1,0,event_source_bound_actor,strong_structural,controller pointer equals structural event trailer; 1 validated event source binding(s); field06D9=2 matches confirmed motion-pattern value down/front; reader linkage not yet proven; spawn=confirmed_static_unconditional,static_map_actor_selector_crosslink_20260930.csv;event_record_frame_catalog.csv;static_actor_event_dialogue_binding_20260930.csv;static_actor_spawn_conditions_20260930.csv;actor_motion_direction_pattern_table_20260930.csv
cfg_t53_l184_v2,0xD0,FD0-L004,0x39,animal_like,animal,CD:9700,confirmed_frame_trailer_pointer,7A_body16_7C_next_plus_1_16_00,0x7A->body16;0x7C->next_record_plus_1_16;0x00->terminator,static_event_head_opcode59_actor_controller,head_exact_placement_only,6,0,0,0,,confirmed_static_unconditional,always,visible,2,down/front,candidate_value_domain_matches_confirmed_motion_pattern,0,0x00,1,0,event_source_bound_actor,strong_structural,controller pointer equals structural event trailer; 1 validated event source binding(s); field06D9=2 matches confirmed motion-pattern value down/front; reader linkage not yet proven; spawn=confirmed_static_unconditional,static_map_actor_selector_crosslink_20260930.csv;event_record_frame_catalog.csv;static_actor_event_dialogue_binding_20260930.csv;static_actor_spawn_conditions_20260930.csv;actor_motion_direction_pattern_table_20260930.csv
cfg_t53_l184_v2,0xD0,FD0-L005,0x33,humanoid_like,unknown,CD:971F,confirmed_frame_trailer_pointer,7A_body16_7C_next_plus_1_16_00,0x7A->body16;0x7C->next_record_plus_1_16;0x00->terminator,static_event_head_opcode59_actor_controller,head_exact_placement_only,6,0,0,0,,confirmed_static_unconditional,always,visible,2,down/front,candidate_value_domain_matches_confirmed_motion_pattern,0,0x00,1,0,event_source_bound_actor,strong_structural,controller pointer equals structural event trailer; 1 validated event source binding(s); field06D9=2 matches confirmed motion-pattern value down/front; reader linkage not yet proven; spawn=confirmed_static_unconditional,static_map_actor_selector_crosslink_20260930.csv;event_record_frame_catalog.csv;static_actor_event_dialogue_binding_20260930.csv;static_actor_spawn_conditions_20260930.csv;actor_motion_direction_pattern_table_20260930.csv
cfg_t53_l184_v2,0xD0,FD0-L006,0x39,animal_like,animal,CD:9730,confirmed_frame_trailer_pointer,7A_body16_7C_next_plus_1_16_00,0x7A->body16;0x7C->next_record_plus_1_16;0x00->terminator,static_event_head_opcode59_actor_controller,head_exact_placement_only,6,0,0,0,,confirmed_static_unconditional,always,visible,2,down/front,candidate_value_domain_matches_confirmed_motion_pattern,0,0x00,1,0,event_source_bound_actor,strong_structural,controller pointer equals structural event trailer; 1 validated event source binding(s); field06D9=2 matches confirmed motion-pattern value down/front; reader linkage not yet proven; spawn=confirmed_static_unconditional,static_map_actor_selector_crosslink_20260930.csv;event_record_frame_catalog.csv;static_actor_event_dialogue_binding_20260930.csv;static_actor_spawn_conditions_20260930.csv;actor_motion_direction_pattern_table_20260930.csv
cfg_t54_l190_v2,0xD1,FD1-L001,0x33,humanoid_like,unknown,CD:9810,confirmed_frame_trailer_pointer,7A_body16_7C_next_plus_1_16_00,0x7A->body16;0x7C->next_record_plus_1_16;0x00->terminator,static_event_tail_opcode59_actor_controller,prefix_plus_tail_placement,10,4,4,0,,confirmed_static_control_partial_predicate,"predicate_2D(operand=0x8F,compare_target=$0306) != 0",candidate,2,down/front,candidate_value_domain_matches_confirmed_motion_pattern,16,0x10,2,0,event_source_bound_actor,strong_structural,controller pointer equals structural event trailer; 2 validated event source binding(s); field06D9=2 matches confirmed motion-pattern value down/front; reader linkage not yet proven; spawn=confirmed_static_control_partial_predicate,static_map_actor_selector_crosslink_20260930.csv;event_record_frame_catalog.csv;static_actor_event_dialogue_binding_20260930.csv;static_actor_spawn_conditions_20260930.csv;actor_motion_direction_pattern_table_20260930.csv
cfg_t54_l190_v2,0xD1,FD1-L002,0x33,humanoid_like,unknown,CD:9825,confirmed_frame_trailer_pointer,7A_body16_7C_next_plus_1_16_00,0x7A->body16;0x7C->next_record_plus_1_16;0x00->terminator,static_event_tail_opcode59_actor_controller,prefix_plus_tail_placement,10,4,4,0,,confirmed_static_control_partial_predicate,"predicate_2D(operand=0xD0,compare_target=$0306) != 0",candidate,2,down/front,candidate_value_domain_matches_confirmed_motion_pattern,16,0x10,1,0,event_source_bound_actor,strong_structural,controller pointer equals structural event trailer; 1 validated event source binding(s); field06D9=2 matches confirmed motion-pattern value down/front; reader linkage not yet proven; spawn=confirmed_static_control_partial_predicate,static_map_actor_selector_crosslink_20260930.csv;event_record_frame_catalog.csv;static_actor_event_dialogue_binding_20260930.csv;static_actor_spawn_conditions_20260930.csv;actor_motion_direction_pattern_table_20260930.csv
cfg_t54_l190_v2,0xD1,FD1-L003,0x33,humanoid_like,unknown,CD:983A,confirmed_frame_trailer_pointer,7A_body16_7C_next_plus_1_16_00,0x7A->body16;0x7C->next_record_plus_1_16;0x00->terminator,static_event_tail_opcode59_actor_controller,prefix_plus_tail_placement,10,4,4,0,,confirmed_static_control_partial_predicate,"predicate_2D(operand=0xD0,compare_target=$0306) != 0",candidate,2,down/front,candidate_value_domain_matches_confirmed_motion_pattern,16,0x10,1,0,event_source_bound_actor,strong_structural,controller pointer equals structural event trailer; 1 validated event source binding(s); field06D9=2 matches confirmed motion-pattern value down/front; reader linkage not yet proven; spawn=confirmed_static_control_partial_predicate,static_map_actor_selector_crosslink_20260930.csv;event_record_frame_catalog.csv;static_actor_event_dialogue_binding_20260930.csv;static_actor_spawn_conditions_20260930.csv;actor_motion_direction_pattern_table_20260930.csv
cfg_t54_l190_v2,0xD1,FD1-L004,0x39,animal_like,animal,CD:984F,confirmed_frame_trailer_pointer,7A_body16_7C_next_plus_1_16_00,0x7A->body16;0x7C->next_record_plus_1_16;0x00->terminator,static_event_tail_opcode59_actor_controller,prefix_plus_tail_placement,10,4,4,0,,confirmed_static_control_partial_predicate,"predicate_2D(operand=0xD7,compare_target=$0306) != 0",candidate,2,down/front,candidate_value_domain_matches_confirmed_motion_pattern,16,0x10,1,0,event_source_bound_actor,strong_structural,controller pointer equals structural event trailer; 1 validated event source binding(s); field06D9=2 matches confirmed motion-pattern value down/front; reader linkage not yet proven; spawn=confirmed_static_control_partial_predicate,static_map_actor_selector_crosslink_20260930.csv;event_record_frame_catalog.csv;static_actor_event_dialogue_binding_20260930.csv;static_actor_spawn_conditions_20260930.csv;actor_motion_direction_pattern_table_20260930.csv
cfg_t54_l190_v2,0xD1,FD1-L005,0x33,humanoid_like,unknown,CD:9875,confirmed_frame_trailer_pointer,7A_body16_7C_next_plus_1_16_00,0x7A->body16;0x7C->next_record_plus_1_16;0x00->terminator,static_event_tail_opcode59_actor_controller,prefix_plus_tail_placement,10,4,4,0,,confirmed_static_control_partial_predicate,"predicate_2D(operand=0xD7,compare_target=$0306) != 0",candidate,2,down/front,candidate_value_domain_matches_confirmed_motion_pattern,16,0x10,2,0,event_source_bound_actor,strong_structural,controller pointer equals structural event trailer; 2 validated event source binding(s); field06D9=2 matches confirmed motion-pattern value down/front; reader linkage not yet proven; spawn=confirmed_static_control_partial_predicate,static_map_actor_selector_crosslink_20260930.csv;event_record_frame_catalog.csv;static_actor_event_dialogue_binding_20260930.csv;static_actor_spawn_conditions_20260930.csv;actor_motion_direction_pattern_table_20260930.csv
cfg_t54_l190_v2,0xD1,FD1-L006,0x33,humanoid_like,unknown,CD:9892,confirmed_frame_trailer_pointer,7A_body16_7C_next_plus_1_16_00,0x7A->body16;0x7C->next_record_plus_1_16;0x00->terminator,static_event_tail_opcode59_actor_controller,prefix_plus_tail_placement,10,4,4,0,,confirmed_static_control_partial_predicate,"predicate_2D(operand=0xD7,compare_target=$0306) != 0",candidate,2,down/front,candidate_value_domain_matches_confirmed_motion_pattern,16,0x10,2,0,event_source_bound_actor,strong_structural,controller pointer equals structural event trailer; 2 validated event source binding(s); field06D9=2 matches confirmed motion-pattern value down/front; reader linkage not yet proven; spawn=confirmed_static_control_partial_predicate,static_map_actor_selector_crosslink_20260930.csv;event_record_frame_catalog.csv;static_actor_event_dialogue_binding_20260930.csv;static_actor_spawn_conditions_20260930.csv;actor_motion_direction_pattern_table_20260930.csv
cfg_t54_l190_v2,0xD1,FD1-L007,0x33,humanoid_like,unknown,CD:98B8,confirmed_frame_trailer_pointer,7A_body16_7C_next_plus_1_16_00,0x7A->body16;0x7C->next_record_plus_1_16;0x00->terminator,static_event_tail_opcode59_actor_controller,prefix_plus_tail_placement,10,4,4,0,,confirmed_static_control_partial_predicate,"predicate_2D(operand=0xD5,compare_target=$0306) != 0",candidate,2,down/front,candidate_value_domain_matches_confirmed_motion_pattern,16,0x10,2,0,event_source_bound_actor,strong_structural,controller pointer equals structural event trailer; 2 validated event source binding(s); field06D9=2 matches confirmed motion-pattern value down/front; reader linkage not yet proven; spawn=confirmed_static_control_partial_predicate,static_map_actor_selector_crosslink_20260930.csv;event_record_frame_catalog.csv;static_actor_event_dialogue_binding_20260930.csv;static_actor_spawn_conditions_20260930.csv;actor_motion_direction_pattern_table_20260930.csv
cfg_t54_l190_v2,0xD1,FD1-L008,0x33,humanoid_like,unknown,CD:98CD,confirmed_frame_trailer_pointer,7A_body16_7C_next_plus_1_16_00,0x7A->body16;0x7C->next_record_plus_1_16;0x00->terminator,static_event_tail_opcode59_actor_controller,prefix_plus_tail_placement,10,4,4,0,,confirmed_static_control_partial_predicate,"predicate_2D(operand=0xD8,compare_target=$0306) != 0",candidate,2,down/front,candidate_value_domain_matches_confirmed_motion_pattern,16,0x10,1,0,event_source_bound_actor,strong_structural,controller pointer equals structural event trailer; 1 validated event source binding(s); field06D9=2 matches confirmed motion-pattern value down/front; reader linkage not yet proven; spawn=confirmed_static_control_partial_predicate,static_map_actor_selector_crosslink_20260930.csv;event_record_frame_catalog.csv;static_actor_event_dialogue_binding_20260930.csv;static_actor_spawn_conditions_20260930.csv;actor_motion_direction_pattern_table_20260930.csv
cfg_t54_l190_v2,0xD2,FD2-L001,0x33,humanoid_like,unknown,CD:99B2,confirmed_frame_trailer_pointer,7A_body16_7C_next_plus_1_16_00,0x7A->body16;0x7C->next_record_plus_1_16;0x00->terminator,static_event_tail_opcode59_actor_controller,prefix_plus_tail_placement,10,4,4,0,,confirmed_static_control_partial_predicate,"predicate_2D(operand=0x8F,compare_target=$0306) != 0",candidate,2,down/front,candidate_value_domain_matches_confirmed_motion_pattern,16,0x10,1,0,event_source_bound_actor,strong_structural,controller pointer equals structural event trailer; 1 validated event source binding(s); field06D9=2 matches confirmed motion-pattern value down/front; reader linkage not yet proven; spawn=confirmed_static_control_partial_predicate,static_map_actor_selector_crosslink_20260930.csv;event_record_frame_catalog.csv;static_actor_event_dialogue_binding_20260930.csv;static_actor_spawn_conditions_20260930.csv;actor_motion_direction_pattern_table_20260930.csv
cfg_t54_l190_v2,0xD2,FD2-L002,0x33,humanoid_like,unknown,CD:99C7,confirmed_frame_trailer_pointer,7A_body16_7C_next_plus_1_16_00,0x7A->body16;0x7C->next_record_plus_1_16;0x00->terminator,static_event_tail_opcode59_actor_controller,prefix_plus_tail_placement,10,4,4,0,,confirmed_static_control_partial_predicate,"predicate_2D(operand=0x8F,compare_target=$0306) != 0",candidate,2,down/front,candidate_value_domain_matches_confirmed_motion_pattern,16,0x10,1,0,event_source_bound_actor,strong_structural,controller pointer equals structural event trailer; 1 validated event source binding(s); field06D9=2 matches confirmed motion-pattern value down/front; reader linkage not yet proven; spawn=confirmed_static_control_partial_predicate,static_map_actor_selector_crosslink_20260930.csv;event_record_frame_catalog.csv;static_actor_event_dialogue_binding_20260930.csv;static_actor_spawn_conditions_20260930.csv;actor_motion_direction_pattern_table_20260930.csv
cfg_t54_l190_v2,0xD2,FD2-L003,0x33,humanoid_like,unknown,CD:99DC,confirmed_frame_trailer_pointer,7A_body16_7C_next_plus_1_16_00,0x7A->body16;0x7C->next_record_plus_1_16;0x00->terminator,static_event_tail_opcode59_actor_controller,prefix_plus_tail_placement,10,4,4,0,,confirmed_static_control_partial_predicate,"predicate_2D(operand=0xD0,compare_target=$0306) != 0",candidate,2,down/front,candidate_value_domain_matches_confirmed_motion_pattern,16,0x10,1,0,event_source_bound_actor,strong_structural,controller pointer equals structural event trailer; 1 validated event source binding(s); field06D9=2 matches confirmed motion-pattern value down/front; reader linkage not yet proven; spawn=confirmed_static_control_partial_predicate,static_map_actor_selector_crosslink_20260930.csv;event_record_frame_catalog.csv;static_actor_event_dialogue_binding_20260930.csv;static_actor_spawn_conditions_20260930.csv;actor_motion_direction_pattern_table_20260930.csv
cfg_t54_l190_v2,0xD2,FD2-L004,0x33,humanoid_like,unknown,CD:99F1,confirmed_frame_trailer_pointer,7A_body16_7C_next_plus_1_16_00,0x7A->body16;0x7C->next_record_plus_1_16;0x00->terminator,static_event_tail_opcode59_actor_controller,prefix_plus_tail_placement,10,4,4,0,,confirmed_static_control_partial_predicate,"predicate_2D(operand=0xD5,compare_target=$0306) != 0",candidate,2,down/front,candidate_value_domain_matches_confirmed_motion_pattern,16,0x10,1,0,event_source_bound_actor,strong_structural,controller pointer equals structural event trailer; 1 validated event source binding(s); field06D9=2 matches confirmed motion-pattern value down/front; reader linkage not yet proven; spawn=confirmed_static_control_partial_predicate,static_map_actor_selector_crosslink_20260930.csv;event_record_frame_catalog.csv;static_actor_event_dialogue_binding_20260930.csv;static_actor_spawn_conditions_20260930.csv;actor_motion_direction_pattern_table_20260930.csv
cfg_t54_l190_v2,0xD2,FD2-L005,0x33,humanoid_like,unknown,CD:9A06,confirmed_frame_trailer_pointer,7A_body16_7C_next_plus_1_16_00,0x7A->body16;0x7C->next_record_plus_1_16;0x00->terminator,static_event_tail_opcode59_actor_controller,prefix_plus_tail_placement,10,4,4,0,,confirmed_static_control_partial_predicate,"predicate_2D(operand=0xD8,compare_target=$0306) != 0",candidate,2,down/front,candidate_value_domain_matches_confirmed_motion_pattern,16,0x10,1,0,event_source_bound_actor,strong_structural,controller pointer equals structural event trailer; 1 validated event source binding(s); field06D9=2 matches confirmed motion-pattern value down/front; reader linkage not yet proven; spawn=confirmed_static_control_partial_predicate,static_map_actor_selector_crosslink_20260930.csv;event_record_frame_catalog.csv;static_actor_event_dialogue_binding_20260930.csv;static_actor_spawn_conditions_20260930.csv;actor_motion_direction_pattern_table_20260930.csv
cfg_t54_l190_v2,0xD3,FD3-L001,0x33,humanoid_like,unknown,CD:9AF3,confirmed_frame_trailer_pointer,7A_body16_7C_next_plus_1_16_00,0x7A->body16;0x7C->next_record_plus_1_16;0x00->terminator,static_event_tail_opcode59_actor_controller,prefix_plus_tail_placement,10,4,4,0,,confirmed_static_control_partial_predicate,"predicate_2D(operand=0x8F,compare_target=$0306) != 0",candidate,2,down/front,candidate_value_domain_matches_confirmed_motion_pattern,16,0x10,1,0,event_source_bound_actor,strong_structural,controller pointer equals structural event trailer; 1 validated event source binding(s); field06D9=2 matches confirmed motion-pattern value down/front; reader linkage not yet proven; spawn=confirmed_static_control_partial_predicate,static_map_actor_selector_crosslink_20260930.csv;event_record_frame_catalog.csv;static_actor_event_dialogue_binding_20260930.csv;static_actor_spawn_conditions_20260930.csv;actor_motion_direction_pattern_table_20260930.csv
cfg_t54_l190_v2,0xD3,FD3-L002,0x33,humanoid_like,unknown,CD:9B08,confirmed_frame_trailer_pointer,7A_body16_7C_next_plus_1_16_00,0x7A->body16;0x7C->next_record_plus_1_16;0x00->terminator,static_event_tail_opcode59_actor_controller,prefix_plus_tail_placement,10,4,4,0,,confirmed_static_control_partial_predicate,"predicate_2D(operand=0xD0,compare_target=$0306) != 0",candidate,2,down/front,candidate_value_domain_matches_confirmed_motion_pattern,16,0x10,1,0,event_source_bound_actor,strong_structural,controller pointer equals structural event trailer; 1 validated event source binding(s); field06D9=2 matches confirmed motion-pattern value down/front; reader linkage not yet proven; spawn=confirmed_static_control_partial_predicate,static_map_actor_selector_crosslink_20260930.csv;event_record_frame_catalog.csv;static_actor_event_dialogue_binding_20260930.csv;static_actor_spawn_conditions_20260930.csv;actor_motion_direction_pattern_table_20260930.csv
cfg_t54_l190_v2,0xD3,FD3-L003,0x39,animal_like,animal,CD:9B1D,confirmed_frame_trailer_pointer,7A_body16_7C_next_plus_1_16_00,0x7A->body16;0x7C->next_record_plus_1_16;0x00->terminator,static_event_tail_opcode59_actor_controller,prefix_plus_tail_placement,10,4,4,0,,confirmed_static_control_partial_predicate,"predicate_2D(operand=0xD0,compare_target=$0306) != 0",candidate,2,down/front,candidate_value_domain_matches_confirmed_motion_pattern,16,0x10,1,0,event_source_bound_actor,strong_structural,controller pointer equals structural event trailer; 1 validated event source binding(s); field06D9=2 matches confirmed motion-pattern value down/front; reader linkage not yet proven; spawn=confirmed_static_control_partial_predicate,static_map_actor_selector_crosslink_20260930.csv;event_record_frame_catalog.csv;static_actor_event_dialogue_binding_20260930.csv;static_actor_spawn_conditions_20260930.csv;actor_motion_direction_pattern_table_20260930.csv
cfg_t54_l190_v2,0xD3,FD3-L004,0x33,humanoid_like,unknown,CD:9B32,confirmed_frame_trailer_pointer,7A_body16_7C_next_plus_1_16_00,0x7A->body16;0x7C->next_record_plus_1_16;0x00->terminator,static_event_tail_opcode59_actor_controller,prefix_plus_tail_placement,10,4,4,0,,confirmed_static_control_partial_predicate,"predicate_2D(operand=0xD7,compare_target=$0306) != 0",candidate,2,down/front,candidate_value_domain_matches_confirmed_motion_pattern,16,0x10,1,0,event_source_bound_actor,strong_structural,controller pointer equals structural event trailer; 1 validated event source binding(s); field06D9=2 matches confirmed motion-pattern value down/front; reader linkage not yet proven; spawn=confirmed_static_control_partial_predicate,static_map_actor_selector_crosslink_20260930.csv;event_record_frame_catalog.csv;static_actor_event_dialogue_binding_20260930.csv;static_actor_spawn_conditions_20260930.csv;actor_motion_direction_pattern_table_20260930.csv
cfg_t54_l190_v2,0xD3,FD3-L005,0x33,humanoid_like,unknown,CD:9B58,confirmed_frame_trailer_pointer,7A_body16_7C_next_plus_1_16_00,0x7A->body16;0x7C->next_record_plus_1_16;0x00->terminator,static_event_tail_opcode59_actor_controller,prefix_plus_tail_placement,10,4,4,0,,confirmed_static_control_partial_predicate,"predicate_2D(operand=0xD7,compare_target=$0306) != 0",candidate,2,down/front,candidate_value_domain_matches_confirmed_motion_pattern,16,0x10,2,0,event_source_bound_actor,strong_structural,controller pointer equals structural event trailer; 2 validated event source binding(s); field06D9=2 matches confirmed motion-pattern value down/front; reader linkage not yet proven; spawn=confirmed_static_control_partial_predicate,static_map_actor_selector_crosslink_20260930.csv;event_record_frame_catalog.csv;static_actor_event_dialogue_binding_20260930.csv;static_actor_spawn_conditions_20260930.csv;actor_motion_direction_pattern_table_20260930.csv
cfg_t54_l190_v2,0xD3,FD3-L006,0x33,humanoid_like,unknown,CD:9B88,confirmed_frame_trailer_pointer,7A_body16_7C_next_plus_1_16_00,0x7A->body16;0x7C->next_record_plus_1_16;0x00->terminator,static_event_tail_opcode59_actor_controller,prefix_plus_tail_placement,10,4,4,0,,confirmed_static_control_partial_predicate,"predicate_2D(operand=0xD5,compare_target=$0306) != 0",candidate,2,down/front,candidate_value_domain_matches_confirmed_motion_pattern,16,0x10,4,0,event_source_bound_actor,strong_structural,controller pointer equals structural event trailer; 4 validated event source binding(s); field06D9=2 matches confirmed motion-pattern value down/front; reader linkage not yet proven; spawn=confirmed_static_control_partial_predicate,static_map_actor_selector_crosslink_20260930.csv;event_record_frame_catalog.csv;static_actor_event_dialogue_binding_20260930.csv;static_actor_spawn_conditions_20260930.csv;actor_motion_direction_pattern_table_20260930.csv
cfg_t54_l190_v2,0xD3,FD3-L007,0x39,animal_like,animal,CD:9B9D,confirmed_frame_trailer_pointer,7A_body16_7C_next_plus_1_16_00,0x7A->body16;0x7C->next_record_plus_1_16;0x00->terminator,static_event_tail_opcode59_actor_controller,prefix_plus_tail_placement,10,4,4,0,,confirmed_static_control_partial_predicate,"predicate_2D(operand=0xD8,compare_target=$0306) != 0",candidate,2,down/front,candidate_value_domain_matches_confirmed_motion_pattern,16,0x10,1,0,event_source_bound_actor,strong_structural,controller pointer equals structural event trailer; 1 validated event source binding(s); field06D9=2 matches confirmed motion-pattern value down/front; reader linkage not yet proven; spawn=confirmed_static_control_partial_predicate,static_map_actor_selector_crosslink_20260930.csv;event_record_frame_catalog.csv;static_actor_event_dialogue_binding_20260930.csv;static_actor_spawn_conditions_20260930.csv;actor_motion_direction_pattern_table_20260930.csv
cfg_t54_l190_v2,0xD3,FD3-L008,0x33,humanoid_like,unknown,CD:9BB2,confirmed_frame_trailer_pointer,7A_body16_7C_next_plus_1_16_00,0x7A->body16;0x7C->next_record_plus_1_16;0x00->terminator,static_event_tail_opcode59_actor_controller,prefix_plus_tail_placement,10,4,4,0,,confirmed_static_control_partial_predicate,"predicate_2D(operand=0xD8,compare_target=$0306) != 0",candidate,2,down/front,candidate_value_domain_matches_confirmed_motion_pattern,16,0x10,1,0,event_source_bound_actor,strong_structural,controller pointer equals structural event trailer; 1 validated event source binding(s); field06D9=2 matches confirmed motion-pattern value down/front; reader linkage not yet proven; spawn=confirmed_static_control_partial_predicate,static_map_actor_selector_crosslink_20260930.csv;event_record_frame_catalog.csv;static_actor_event_dialogue_binding_20260930.csv;static_actor_spawn_conditions_20260930.csv;actor_motion_direction_pattern_table_20260930.csv
cfg_t54_l190_v2,0xD4,FD4-L001,0x33,humanoid_like,unknown,CD:9D05,confirmed_frame_trailer_pointer,7A_body16_7C_next_plus_1_16_00,0x7A->body16;0x7C->next_record_plus_1_16;0x00->terminator,static_event_tail_opcode59_actor_controller,prefix_plus_tail_placement,10,4,4,0,,confirmed_static_control_partial_predicate,"predicate_2D(operand=0x8F,compare_target=$0306) != 0",candidate,3,left,candidate_value_domain_matches_confirmed_motion_pattern,16,0x10,1,0,event_source_bound_actor,strong_structural,controller pointer equals structural event trailer; 1 validated event source binding(s); field06D9=3 matches confirmed motion-pattern value left; reader linkage not yet proven; spawn=confirmed_static_control_partial_predicate,static_map_actor_selector_crosslink_20260930.csv;event_record_frame_catalog.csv;static_actor_event_dialogue_binding_20260930.csv;static_actor_spawn_conditions_20260930.csv;actor_motion_direction_pattern_table_20260930.csv
cfg_t54_l190_v2,0xD4,FD4-L002,0x33,humanoid_like,unknown,CD:9D1A,confirmed_frame_trailer_pointer,7A_body16_7C_next_plus_1_16_00,0x7A->body16;0x7C->next_record_plus_1_16;0x00->terminator,static_event_tail_opcode59_actor_controller,prefix_plus_tail_placement,24,18,18,0,,unresolved_complex_control_flow,,candidate,2,down/front,candidate_value_domain_matches_confirmed_motion_pattern,16,0x10,1,0,event_source_bound_actor,strong_structural,controller pointer equals structural event trailer; 1 validated event source binding(s); field06D9=2 matches confirmed motion-pattern value down/front; reader linkage not yet proven; spawn=unresolved_complex_control_flow,static_map_actor_selector_crosslink_20260930.csv;event_record_frame_catalog.csv;static_actor_event_dialogue_binding_20260930.csv;static_actor_spawn_conditions_20260930.csv;actor_motion_direction_pattern_table_20260930.csv
cfg_t53_l184_v2,0xD5,FD5-L001,0x33,humanoid_like,unknown,CD:9F22,confirmed_frame_trailer_pointer,7A_body16_7C_next_plus_1_16_00,0x7A->body16;0x7C->next_record_plus_1_16;0x00->terminator,static_event_head_opcode59_actor_controller,head_exact_placement_only,6,0,0,0,,confirmed_static_unconditional,always,visible,2,down/front,candidate_value_domain_matches_confirmed_motion_pattern,0,0x00,1,0,event_source_bound_actor,strong_structural,controller pointer equals structural event trailer; 1 validated event source binding(s); field06D9=2 matches confirmed motion-pattern value down/front; reader linkage not yet proven; spawn=confirmed_static_unconditional,static_map_actor_selector_crosslink_20260930.csv;event_record_frame_catalog.csv;static_actor_event_dialogue_binding_20260930.csv;static_actor_spawn_conditions_20260930.csv;actor_motion_direction_pattern_table_20260930.csv
cfg_t53_l184_v2,0xD5,FD5-L002,0x33,humanoid_like,unknown,CD:9F33,confirmed_frame_trailer_pointer,7A_body16_7C_next_plus_1_16_00,0x7A->body16;0x7C->next_record_plus_1_16;0x00->terminator,static_event_head_opcode59_actor_controller,head_exact_placement_only,6,0,0,0,,confirmed_static_unconditional,always,visible,2,down/front,candidate_value_domain_matches_confirmed_motion_pattern,0,0x00,1,0,event_source_bound_actor,strong_structural,controller pointer equals structural event trailer; 1 validated event source binding(s); field06D9=2 matches confirmed motion-pattern value down/front; reader linkage not yet proven; spawn=confirmed_static_unconditional,static_map_actor_selector_crosslink_20260930.csv;event_record_frame_catalog.csv;static_actor_event_dialogue_binding_20260930.csv;static_actor_spawn_conditions_20260930.csv;actor_motion_direction_pattern_table_20260930.csv
cfg_t53_l184_v2,0xD5,FD5-L003,0x39,animal_like,animal,CD:9F44,confirmed_frame_trailer_pointer,7A_body16_7C_next_plus_1_16_00,0x7A->body16;0x7C->next_record_plus_1_16;0x00->terminator,static_event_head_opcode59_actor_controller,head_exact_placement_only,6,0,0,0,,confirmed_static_unconditional,always,visible,2,down/front,candidate_value_domain_matches_confirmed_motion_pattern,0,0x00,1,0,event_source_bound_actor,strong_structural,controller pointer equals structural event trailer; 1 validated event source binding(s); field06D9=2 matches confirmed motion-pattern value down/front; reader linkage not yet proven; spawn=confirmed_static_unconditional,static_map_actor_selector_crosslink_20260930.csv;event_record_frame_catalog.csv;static_actor_event_dialogue_binding_20260930.csv;static_actor_spawn_conditions_20260930.csv;actor_motion_direction_pattern_table_20260930.csv
cfg_t53_l184_v2,0xD5,FD5-L004,0x39,animal_like,animal,CD:9F55,confirmed_frame_trailer_pointer,7A_body16_7C_next_plus_1_16_00,0x7A->body16;0x7C->next_record_plus_1_16;0x00->terminator,static_event_head_opcode59_actor_controller,head_exact_placement_only,6,0,0,0,,confirmed_static_unconditional,always,visible,2,down/front,candidate_value_domain_matches_confirmed_motion_pattern,0,0x00,1,0,event_source_bound_actor,strong_structural,controller pointer equals structural event trailer; 1 validated event source binding(s); field06D9=2 matches confirmed motion-pattern value down/front; reader linkage not yet proven; spawn=confirmed_static_unconditional,static_map_actor_selector_crosslink_20260930.csv;event_record_frame_catalog.csv;static_actor_event_dialogue_binding_20260930.csv;static_actor_spawn_conditions_20260930.csv;actor_motion_direction_pattern_table_20260930.csv
cfg_t53_l184_v2,0xD5,FD5-L005,0x33,humanoid_like,unknown,CD:9F66,confirmed_frame_trailer_pointer,7A_body16_7C_next_plus_1_16_00,0x7A->body16;0x7C->next_record_plus_1_16;0x00->terminator,static_event_head_opcode59_actor_controller,head_exact_placement_only,6,0,0,0,,confirmed_static_unconditional,always,visible,2,down/front,candidate_value_domain_matches_confirmed_motion_pattern,0,0x00,1,0,event_source_bound_actor,strong_structural,controller pointer equals structural event trailer; 1 validated event source binding(s); field06D9=2 matches confirmed motion-pattern value down/front; reader linkage not yet proven; spawn=confirmed_static_unconditional,static_map_actor_selector_crosslink_20260930.csv;event_record_frame_catalog.csv;static_actor_event_dialogue_binding_20260930.csv;static_actor_spawn_conditions_20260930.csv;actor_motion_direction_pattern_table_20260930.csv
cfg_t53_l184_v2,0xD5,FD5-L006,0x39,animal_like,animal,CD:9F77,confirmed_frame_trailer_pointer,7A_body16_7C_next_plus_1_16_00,0x7A->body16;0x7C->next_record_plus_1_16;0x00->terminator,static_event_head_opcode59_actor_controller,head_exact_placement_only,6,0,0,0,,confirmed_static_unconditional,always,visible,2,down/front,candidate_value_domain_matches_confirmed_motion_pattern,0,0x00,1,0,event_source_bound_actor,strong_structural,controller pointer equals structural event trailer; 1 validated event source binding(s); field06D9=2 matches confirmed motion-pattern value down/front; reader linkage not yet proven; spawn=confirmed_static_unconditional,static_map_actor_selector_crosslink_20260930.csv;event_record_frame_catalog.csv;static_actor_event_dialogue_binding_20260930.csv;static_actor_spawn_conditions_20260930.csv;actor_motion_direction_pattern_table_20260930.csv
cfg_t53_l184_v2,0xD5,FD5-L007,0x39,animal_like,animal,CD:9F88,confirmed_frame_trailer_pointer,7A_body16_7C_next_plus_1_16_00,0x7A->body16;0x7C->next_record_plus_1_16;0x00->terminator,static_event_head_opcode59_actor_controller,head_exact_placement_only,6,0,0,0,,confirmed_static_unconditional,always,visible,2,down/front,candidate_value_domain_matches_confirmed_motion_pattern,0,0x00,1,0,event_source_bound_actor,strong_structural,controller pointer equals structural event trailer; 1 validated event source binding(s); field06D9=2 matches confirmed motion-pattern value down/front; reader linkage not yet proven; spawn=confirmed_static_unconditional,static_map_actor_selector_crosslink_20260930.csv;event_record_frame_catalog.csv;static_actor_event_dialogue_binding_20260930.csv;static_actor_spawn_conditions_20260930.csv;actor_motion_direction_pattern_table_20260930.csv
cfg_t53_l184_v2,0xD7,FD7-L001,0x39,animal_like,animal,CD:A1B0,confirmed_frame_trailer_pointer,7A_body16_7C_next_plus_1_16_00,0x7A->body16;0x7C->next_record_plus_1_16;0x00->terminator,static_event_head_opcode59_actor_controller,head_exact_placement_only,6,0,0,0,,confirmed_static_unconditional,always,visible,2,down/front,candidate_value_domain_matches_confirmed_motion_pattern,0,0x00,2,0,event_source_bound_actor,strong_structural,controller pointer equals structural event trailer; 2 validated event source binding(s); field06D9=2 matches confirmed motion-pattern value down/front; reader linkage not yet proven; spawn=confirmed_static_unconditional,static_map_actor_selector_crosslink_20260930.csv;event_record_frame_catalog.csv;static_actor_event_dialogue_binding_20260930.csv;static_actor_spawn_conditions_20260930.csv;actor_motion_direction_pattern_table_20260930.csv
cfg_t53_l184_v2,0xD7,FD7-L002,0x33,humanoid_like,unknown,CD:A1D2,confirmed_frame_trailer_pointer,7A_body16_7C_next_plus_1_16_00,0x7A->body16;0x7C->next_record_plus_1_16;0x00->terminator,static_event_head_opcode59_actor_controller,head_exact_placement_only,6,0,0,0,,confirmed_static_unconditional,always,visible,2,down/front,candidate_value_domain_matches_confirmed_motion_pattern,0,0x00,2,0,event_source_bound_actor,strong_structural,controller pointer equals structural event trailer; 2 validated event source binding(s); field06D9=2 matches confirmed motion-pattern value down/front; reader linkage not yet proven; spawn=confirmed_static_unconditional,static_map_actor_selector_crosslink_20260930.csv;event_record_frame_catalog.csv;static_actor_event_dialogue_binding_20260930.csv;static_actor_spawn_conditions_20260930.csv;actor_motion_direction_pattern_table_20260930.csv
cfg_t53_l184_v2,0xD7,FD7-L003,0x33,humanoid_like,unknown,CD:A1F4,confirmed_frame_trailer_pointer,7A_body16_7C_next_plus_1_16_00,0x7A->body16;0x7C->next_record_plus_1_16;0x00->terminator,static_event_head_opcode59_actor_controller,head_exact_placement_only,6,0,0,0,,confirmed_static_unconditional,always,visible,2,down/front,candidate_value_domain_matches_confirmed_motion_pattern,0,0x00,2,0,event_source_bound_actor,strong_structural,controller pointer equals structural event trailer; 2 validated event source binding(s); field06D9=2 matches confirmed motion-pattern value down/front; reader linkage not yet proven; spawn=confirmed_static_unconditional,static_map_actor_selector_crosslink_20260930.csv;event_record_frame_catalog.csv;static_actor_event_dialogue_binding_20260930.csv;static_actor_spawn_conditions_20260930.csv;actor_motion_direction_pattern_table_20260930.csv
cfg_t53_l184_v2,0xD7,FD7-L004,0x39,animal_like,animal,CD:A216,confirmed_frame_trailer_pointer,7A_body16_7C_next_plus_1_16_00,0x7A->body16;0x7C->next_record_plus_1_16;0x00->terminator,static_event_head_opcode59_actor_controller,head_exact_placement_only,6,0,0,0,,confirmed_static_unconditional,always,visible,2,down/front,candidate_value_domain_matches_confirmed_motion_pattern,0,0x00,2,0,event_source_bound_actor,strong_structural,controller pointer equals structural event trailer; 2 validated event source binding(s); field06D9=2 matches confirmed motion-pattern value down/front; reader linkage not yet proven; spawn=confirmed_static_unconditional,static_map_actor_selector_crosslink_20260930.csv;event_record_frame_catalog.csv;static_actor_event_dialogue_binding_20260930.csv;static_actor_spawn_conditions_20260930.csv;actor_motion_direction_pattern_table_20260930.csv
cfg_t53_l184_v2,0xD7,FD7-L005,0x39,animal_like,animal,CD:A238,confirmed_frame_trailer_pointer,7A_body16_7C_next_plus_1_16_00,0x7A->body16;0x7C->next_record_plus_1_16;0x00->terminator,static_event_head_opcode59_actor_controller,head_exact_placement_only,6,0,0,0,,confirmed_static_unconditional,always,visible,2,down/front,candidate_value_domain_matches_confirmed_motion_pattern,16,0x10,2,0,event_source_bound_actor,strong_structural,controller pointer equals structural event trailer; 2 validated event source binding(s); field06D9=2 matches confirmed motion-pattern value down/front; reader linkage not yet proven; spawn=confirmed_static_unconditional,static_map_actor_selector_crosslink_20260930.csv;event_record_frame_catalog.csv;static_actor_event_dialogue_binding_20260930.csv;static_actor_spawn_conditions_20260930.csv;actor_motion_direction_pattern_table_20260930.csv
cfg_t53_l184_v2,0xD7,FD7-L006,0x39,animal_like,animal,CD:A25A,confirmed_frame_trailer_pointer,7A_body16_7C_next_plus_1_16_00,0x7A->body16;0x7C->next_record_plus_1_16;0x00->terminator,static_event_head_opcode59_actor_controller,head_exact_placement_only,6,0,0,0,,confirmed_static_unconditional,always,visible,2,down/front,candidate_value_domain_matches_confirmed_motion_pattern,16,0x10,2,0,event_source_bound_actor,strong_structural,controller pointer equals structural event trailer; 2 validated event source binding(s); field06D9=2 matches confirmed motion-pattern value down/front; reader linkage not yet proven; spawn=confirmed_static_unconditional,static_map_actor_selector_crosslink_20260930.csv;event_record_frame_catalog.csv;static_actor_event_dialogue_binding_20260930.csv;static_actor_spawn_conditions_20260930.csv;actor_motion_direction_pattern_table_20260930.csv
cfg_t53_l184_v2,0xD7,FD7-L007,0x33,humanoid_like,unknown,CD:A27C,confirmed_frame_trailer_pointer,7A_body16_7C_next_plus_1_16_00,0x7A->body16;0x7C->next_record_plus_1_16;0x00->terminator,static_event_head_opcode59_actor_controller,head_exact_placement_only,6,0,0,0,,confirmed_static_unconditional,always,visible,2,down/front,candidate_value_domain_matches_confirmed_motion_pattern,16,0x10,2,0,event_source_bound_actor,strong_structural,controller pointer equals structural event trailer; 2 validated event source binding(s); field06D9=2 matches confirmed motion-pattern value down/front; reader linkage not yet proven; spawn=confirmed_static_unconditional,static_map_actor_selector_crosslink_20260930.csv;event_record_frame_catalog.csv;static_actor_event_dialogue_binding_20260930.csv;static_actor_spawn_conditions_20260930.csv;actor_motion_direction_pattern_table_20260930.csv
cfg_t53_l184_v2,0xD8,FD8-L001,0x33,humanoid_like,unknown,CD:A440,confirmed_frame_trailer_pointer,7A_body16_7C_next_plus_1_16_00,0x7A->body16;0x7C->next_record_plus_1_16;0x00->terminator,static_event_head_opcode59_actor_controller,head_exact_placement_only,6,0,0,0,,confirmed_static_unconditional,always,visible,2,down/front,candidate_value_domain_matches_confirmed_motion_pattern,0,0x00,2,0,event_source_bound_actor,strong_structural,controller pointer equals structural event trailer; 2 validated event source binding(s); field06D9=2 matches confirmed motion-pattern value down/front; reader linkage not yet proven; spawn=confirmed_static_unconditional,static_map_actor_selector_crosslink_20260930.csv;event_record_frame_catalog.csv;static_actor_event_dialogue_binding_20260930.csv;static_actor_spawn_conditions_20260930.csv;actor_motion_direction_pattern_table_20260930.csv
cfg_t53_l184_v2,0xD8,FD8-L002,0x39,animal_like,animal,CD:A459,confirmed_frame_trailer_pointer,7A_body16_7C_next_plus_1_16_00,0x7A->body16;0x7C->next_record_plus_1_16;0x00->terminator,static_event_head_opcode59_actor_controller,head_exact_placement_only,6,0,0,0,,confirmed_static_unconditional,always,visible,2,down/front,candidate_value_domain_matches_confirmed_motion_pattern,0,0x00,2,0,event_source_bound_actor,strong_structural,controller pointer equals structural event trailer; 2 validated event source binding(s); field06D9=2 matches confirmed motion-pattern value down/front; reader linkage not yet proven; spawn=confirmed_static_unconditional,static_map_actor_selector_crosslink_20260930.csv;event_record_frame_catalog.csv;static_actor_event_dialogue_binding_20260930.csv;static_actor_spawn_conditions_20260930.csv;actor_motion_direction_pattern_table_20260930.csv
cfg_t53_l184_v2,0xD8,FD8-L003,0x33,humanoid_like,unknown,CD:A472,confirmed_frame_trailer_pointer,7A_body16_7C_next_plus_1_16_00,0x7A->body16;0x7C->next_record_plus_1_16;0x00->terminator,static_event_head_opcode59_actor_controller,head_exact_placement_only,6,0,0,0,,confirmed_static_unconditional,always,visible,2,down/front,candidate_value_domain_matches_confirmed_motion_pattern,0,0x00,2,0,event_source_bound_actor,strong_structural,controller pointer equals structural event trailer; 2 validated event source binding(s); field06D9=2 matches confirmed motion-pattern value down/front; reader linkage not yet proven; spawn=confirmed_static_unconditional,static_map_actor_selector_crosslink_20260930.csv;event_record_frame_catalog.csv;static_actor_event_dialogue_binding_20260930.csv;static_actor_spawn_conditions_20260930.csv;actor_motion_direction_pattern_table_20260930.csv
cfg_t53_l184_v2,0xD8,FD8-L004,0x39,animal_like,animal,CD:A48B,confirmed_frame_trailer_pointer,7A_body16_7C_next_plus_1_16_00,0x7A->body16;0x7C->next_record_plus_1_16;0x00->terminator,static_event_head_opcode59_actor_controller,head_exact_placement_only,6,0,0,0,,confirmed_static_unconditional,always,visible,2,down/front,candidate_value_domain_matches_confirmed_motion_pattern,0,0x00,2,0,event_source_bound_actor,strong_structural,controller pointer equals structural event trailer; 2 validated event source binding(s); field06D9=2 matches confirmed motion-pattern value down/front; reader linkage not yet proven; spawn=confirmed_static_unconditional,static_map_actor_selector_crosslink_20260930.csv;event_record_frame_catalog.csv;static_actor_event_dialogue_binding_20260930.csv;static_actor_spawn_conditions_20260930.csv;actor_motion_direction_pattern_table_20260930.csv
cfg_t53_l184_v2,0xD8,FD8-L005,0x33,humanoid_like,unknown,CD:A4A4,confirmed_frame_trailer_pointer,7A_body16_7C_next_plus_1_16_00,0x7A->body16;0x7C->next_record_plus_1_16;0x00->terminator,static_event_head_opcode59_actor_controller,head_exact_placement_only,6,0,0,0,,confirmed_static_unconditional,always,visible,2,down/front,candidate_value_domain_matches_confirmed_motion_pattern,0,0x00,2,0,event_source_bound_actor,strong_structural,controller pointer equals structural event trailer; 2 validated event source binding(s); field06D9=2 matches confirmed motion-pattern value down/front; reader linkage not yet proven; spawn=confirmed_static_unconditional,static_map_actor_selector_crosslink_20260930.csv;event_record_frame_catalog.csv;static_actor_event_dialogue_binding_20260930.csv;static_actor_spawn_conditions_20260930.csv;actor_motion_direction_pattern_table_20260930.csv
cfg_t53_l184_v2,0xD8,FD8-L006,0x39,animal_like,animal,CD:A4BD,confirmed_frame_trailer_pointer,7A_body16_7C_next_plus_1_16_00,0x7A->body16;0x7C->next_record_plus_1_16;0x00->terminator,static_event_head_opcode59_actor_controller,head_exact_placement_only,6,0,0,0,,confirmed_static_unconditional,always,visible,2,down/front,candidate_value_domain_matches_confirmed_motion_pattern,0,0x00,2,0,event_source_bound_actor,strong_structural,controller pointer equals structural event trailer; 2 validated event source binding(s); field06D9=2 matches confirmed motion-pattern value down/front; reader linkage not yet proven; spawn=confirmed_static_unconditional,static_map_actor_selector_crosslink_20260930.csv;event_record_frame_catalog.csv;static_actor_event_dialogue_binding_20260930.csv;static_actor_spawn_conditions_20260930.csv;actor_motion_direction_pattern_table_20260930.csv
cfg_t51_l180_v2,0xDB,FDB-L001,0x2F,humanoid_like,unknown,CD:AE0F,confirmed_frame_trailer_pointer,7A_body16_7C_next_plus_1_16_00,0x7A->body16;0x7C->next_record_plus_1_16;0x00->terminator,static_event_tail_opcode59_actor_controller,prefix_plus_tail_placement,22,16,16,0,,unresolved_complex_control_flow,,candidate,4,up/back,candidate_value_domain_matches_confirmed_motion_pattern,16,0x10,0,0,placed_actor_no_validated_source,placement_only,controller pointer equals structural event trailer; no validated source selection; field06D9=4 matches confirmed motion-pattern value up/back; reader linkage not yet proven; spawn=unresolved_complex_control_flow,static_map_actor_selector_crosslink_20260930.csv;event_record_frame_catalog.csv;static_actor_event_dialogue_binding_20260930.csv;static_actor_spawn_conditions_20260930.csv;actor_motion_direction_pattern_table_20260930.csv
cfg_t51_l180_v2,0xDB,FDB-L002,0x33,humanoid_like,unknown,CD:AE32,confirmed_frame_trailer_pointer,7A_body16_7C_next_plus_1_16_00,0x7A->body16;0x7C->next_record_plus_1_16;0x00->terminator,static_event_tail_opcode59_actor_controller,prefix_plus_tail_placement,10,4,4,0,,confirmed_static_flag,"flag_test(spec=0xDB,wram=$1261,bit=3) != 0",candidate,2,down/front,candidate_value_domain_matches_confirmed_motion_pattern,16,0x10,0,0,placed_actor_no_validated_source,placement_only,controller pointer equals structural event trailer; no validated source selection; field06D9=2 matches confirmed motion-pattern value down/front; reader linkage not yet proven; spawn=confirmed_static_flag,static_map_actor_selector_crosslink_20260930.csv;event_record_frame_catalog.csv;static_actor_event_dialogue_binding_20260930.csv;static_actor_spawn_conditions_20260930.csv;actor_motion_direction_pattern_table_20260930.csv
cfg_t51_l180_v2,0xDB,FDB-L003,0x33,humanoid_like,unknown,CD:AE4F,confirmed_frame_trailer_pointer,7A_body16_7C_next_plus_1_16_00,0x7A->body16;0x7C->next_record_plus_1_16;0x00->terminator,static_event_tail_opcode59_actor_controller,prefix_plus_tail_placement,10,4,4,0,,confirmed_static_flag,"flag_test(spec=0xDB,wram=$1261,bit=3) != 0",candidate,2,down/front,candidate_value_domain_matches_confirmed_motion_pattern,16,0x10,2,0,event_source_bound_actor,strong_structural,controller pointer equals structural event trailer; 2 validated event source binding(s); field06D9=2 matches confirmed motion-pattern value down/front; reader linkage not yet proven; spawn=confirmed_static_flag,static_map_actor_selector_crosslink_20260930.csv;event_record_frame_catalog.csv;static_actor_event_dialogue_binding_20260930.csv;static_actor_spawn_conditions_20260930.csv;actor_motion_direction_pattern_table_20260930.csv
cfg_t51_l180_v2,0xDB,FDB-L004,0x39,animal_like,animal,CD:AE6C,confirmed_frame_trailer_pointer,7A_body16_7C_next_plus_1_16_00,0x7A->body16;0x7C->next_record_plus_1_16;0x00->terminator,static_event_tail_opcode59_actor_controller,prefix_plus_tail_placement,10,4,4,0,,confirmed_static_flag,"flag_test(spec=0xDB,wram=$1261,bit=3) != 0",candidate,2,down/front,candidate_value_domain_matches_confirmed_motion_pattern,16,0x10,2,0,event_source_bound_actor,strong_structural,controller pointer equals structural event trailer; 2 validated event source binding(s); field06D9=2 matches confirmed motion-pattern value down/front; reader linkage not yet proven; spawn=confirmed_static_flag,static_map_actor_selector_crosslink_20260930.csv;event_record_frame_catalog.csv;static_actor_event_dialogue_binding_20260930.csv;static_actor_spawn_conditions_20260930.csv;actor_motion_direction_pattern_table_20260930.csv
cfg_t51_l180_v2,0xDB,FDB-L005,0x33,humanoid_like,unknown,CD:AE89,confirmed_frame_trailer_pointer,7A_body16_7C_next_plus_1_16_00,0x7A->body16;0x7C->next_record_plus_1_16;0x00->terminator,static_event_tail_opcode59_actor_controller,prefix_plus_tail_placement,10,4,4,0,,confirmed_static_flag,"flag_test(spec=0xDB,wram=$1261,bit=3) != 0",candidate,2,down/front,candidate_value_domain_matches_confirmed_motion_pattern,16,0x10,2,0,event_source_bound_actor,strong_structural,controller pointer equals structural event trailer; 2 validated event source binding(s); field06D9=2 matches confirmed motion-pattern value down/front; reader linkage not yet proven; spawn=confirmed_static_flag,static_map_actor_selector_crosslink_20260930.csv;event_record_frame_catalog.csv;static_actor_event_dialogue_binding_20260930.csv;static_actor_spawn_conditions_20260930.csv;actor_motion_direction_pattern_table_20260930.csv
cfg_t51_l180_v2,0xDB,FDB-L006,0x33,humanoid_like,unknown,CD:AEA6,confirmed_frame_trailer_pointer,7A_body16_7C_next_plus_1_16_00,0x7A->body16;0x7C->next_record_plus_1_16;0x00->terminator,static_event_tail_opcode59_actor_controller,prefix_plus_tail_placement,10,4,4,0,,confirmed_static_flag,"flag_test(spec=0xDB,wram=$1261,bit=3) != 0",candidate,1,right,candidate_value_domain_matches_confirmed_motion_pattern,16,0x10,2,0,event_source_bound_actor,strong_structural,controller pointer equals structural event trailer; 2 validated event source binding(s); field06D9=1 matches confirmed motion-pattern value right; reader linkage not yet proven; spawn=confirmed_static_flag,static_map_actor_selector_crosslink_20260930.csv;event_record_frame_catalog.csv;static_actor_event_dialogue_binding_20260930.csv;static_actor_spawn_conditions_20260930.csv;actor_motion_direction_pattern_table_20260930.csv
cfg_t51_l180_v2,0xDB,FDB-L007,0x39,animal_like,animal,CD:AEC3,confirmed_frame_trailer_pointer,7A_body16_7C_next_plus_1_16_00,0x7A->body16;0x7C->next_record_plus_1_16;0x00->terminator,static_event_tail_opcode59_actor_controller,prefix_plus_tail_placement,10,4,4,0,,confirmed_static_flag,"flag_test(spec=0xDB,wram=$1261,bit=3) != 0",candidate,1,right,candidate_value_domain_matches_confirmed_motion_pattern,16,0x10,2,0,event_source_bound_actor,strong_structural,controller pointer equals structural event trailer; 2 validated event source binding(s); field06D9=1 matches confirmed motion-pattern value right; reader linkage not yet proven; spawn=confirmed_static_flag,static_map_actor_selector_crosslink_20260930.csv;event_record_frame_catalog.csv;static_actor_event_dialogue_binding_20260930.csv;static_actor_spawn_conditions_20260930.csv;actor_motion_direction_pattern_table_20260930.csv
cfg_t51_l180_v2,0xDB,FDB-L008,0x33,humanoid_like,unknown,CD:AEE0,confirmed_frame_trailer_pointer,7A_body16_7C_next_plus_1_16_00,0x7A->body16;0x7C->next_record_plus_1_16;0x00->terminator,static_event_tail_opcode59_actor_controller,prefix_plus_tail_placement,10,4,4,0,,confirmed_static_flag,"flag_test(spec=0xDB,wram=$1261,bit=3) != 0",candidate,1,right,candidate_value_domain_matches_confirmed_motion_pattern,16,0x10,2,0,event_source_bound_actor,strong_structural,controller pointer equals structural event trailer; 2 validated event source binding(s); field06D9=1 matches confirmed motion-pattern value right; reader linkage not yet proven; spawn=confirmed_static_flag,static_map_actor_selector_crosslink_20260930.csv;event_record_frame_catalog.csv;static_actor_event_dialogue_binding_20260930.csv;static_actor_spawn_conditions_20260930.csv;actor_motion_direction_pattern_table_20260930.csv
cfg_t51_l180_v2,0xDB,FDB-L009,0x39,animal_like,animal,CD:AEFD,confirmed_frame_trailer_pointer,7A_body16_7C_next_plus_1_16_00,0x7A->body16;0x7C->next_record_plus_1_16;0x00->terminator,static_event_tail_opcode59_actor_controller,prefix_plus_tail_placement,10,4,4,0,,confirmed_static_flag,"flag_test(spec=0xDB,wram=$1261,bit=3) != 0",candidate,1,right,candidate_value_domain_matches_confirmed_motion_pattern,16,0x10,2,0,event_source_bound_actor,strong_structural,controller pointer equals structural event trailer; 2 validated event source binding(s); field06D9=1 matches confirmed motion-pattern value right; reader linkage not yet proven; spawn=confirmed_static_flag,static_map_actor_selector_crosslink_20260930.csv;event_record_frame_catalog.csv;static_actor_event_dialogue_binding_20260930.csv;static_actor_spawn_conditions_20260930.csv;actor_motion_direction_pattern_table_20260930.csv
cfg_t51_l180_v2,0xDB,FDB-L010,0x39,animal_like,animal,CD:AF1A,confirmed_frame_trailer_pointer,7A_body16_7C_next_plus_1_16_00,0x7A->body16;0x7C->next_record_plus_1_16;0x00->terminator,static_event_tail_opcode59_actor_controller,prefix_plus_tail_placement,10,4,4,0,,confirmed_static_flag,"flag_test(spec=0xDB,wram=$1261,bit=3) != 0",candidate,1,right,candidate_value_domain_matches_confirmed_motion_pattern,16,0x10,2,0,event_source_bound_actor,strong_structural,controller pointer equals structural event trailer; 2 validated event source binding(s); field06D9=1 matches confirmed motion-pattern value right; reader linkage not yet proven; spawn=confirmed_static_flag,static_map_actor_selector_crosslink_20260930.csv;event_record_frame_catalog.csv;static_actor_event_dialogue_binding_20260930.csv;static_actor_spawn_conditions_20260930.csv;actor_motion_direction_pattern_table_20260930.csv
cfg_t51_l180_v2,0xDC,FDC-L001,0x33,humanoid_like,unknown,CD:B40B,confirmed_frame_trailer_pointer,7A_body16_7C_next_plus_1_16_00,0x7A->body16;0x7C->next_record_plus_1_16;0x00->terminator,static_event_tail_opcode59_actor_controller,prefix_plus_tail_placement,10,4,4,0,,confirmed_static_flag,"flag_test(spec=0xEA,wram=$1263,bit=2) != 0",candidate,3,left,candidate_value_domain_matches_confirmed_motion_pattern,16,0x10,3,0,event_source_bound_actor,strong_structural,controller pointer equals structural event trailer; 3 validated event source binding(s); field06D9=3 matches confirmed motion-pattern value left; reader linkage not yet proven; spawn=confirmed_static_flag,static_map_actor_selector_crosslink_20260930.csv;event_record_frame_catalog.csv;static_actor_event_dialogue_binding_20260930.csv;static_actor_spawn_conditions_20260930.csv;actor_motion_direction_pattern_table_20260930.csv
cfg_t51_l180_v2,0xDC,FDC-L002,0x33,humanoid_like,unknown,CD:B430,confirmed_frame_trailer_pointer,7A_body16_7C_next_plus_1_16_00,0x7A->body16;0x7C->next_record_plus_1_16;0x00->terminator,static_event_tail_opcode59_actor_controller,prefix_plus_tail_placement,10,4,4,0,,confirmed_static_flag,"flag_test(spec=0xDB,wram=$1261,bit=3) != 0",candidate,2,down/front,candidate_value_domain_matches_confirmed_motion_pattern,16,0x10,3,0,event_source_bound_actor,strong_structural,controller pointer equals structural event trailer; 3 validated event source binding(s); field06D9=2 matches confirmed motion-pattern value down/front; reader linkage not yet proven; spawn=confirmed_static_flag,static_map_actor_selector_crosslink_20260930.csv;event_record_frame_catalog.csv;static_actor_event_dialogue_binding_20260930.csv;static_actor_spawn_conditions_20260930.csv;actor_motion_direction_pattern_table_20260930.csv
cfg_t55_l192_v2,0xE0,FE0-L001,0x49,animal_like,animal,CD:BC8C,confirmed_frame_trailer_pointer,7A_body16_7C_next_plus_1_16_00,0x7A->body16;0x7C->next_record_plus_1_16;0x00->terminator,static_event_head_opcode59_actor_controller,head_exact_placement_only,6,0,0,0,,confirmed_static_unconditional,always,visible,4,up/back,candidate_value_domain_matches_confirmed_motion_pattern,144,0x90,2,0,event_source_bound_actor,strong_structural,controller pointer equals structural event trailer; 2 validated event source binding(s); field06D9=4 matches confirmed motion-pattern value up/back; reader linkage not yet proven; spawn=confirmed_static_unconditional,static_map_actor_selector_crosslink_20260930.csv;event_record_frame_catalog.csv;static_actor_event_dialogue_binding_20260930.csv;static_actor_spawn_conditions_20260930.csv;actor_motion_direction_pattern_table_20260930.csv
cfg_t55_l192_v2,0xE0,FE0-L002,0x49,animal_like,animal,CD:BCA5,confirmed_frame_trailer_pointer,7A_body16_7C_next_plus_1_16_00,0x7A->body16;0x7C->next_record_plus_1_16;0x00->terminator,static_event_head_opcode59_actor_controller,head_exact_placement_only,6,0,0,0,,confirmed_static_unconditional,always,visible,4,up/back,candidate_value_domain_matches_confirmed_motion_pattern,144,0x90,2,0,event_source_bound_actor,strong_structural,controller pointer equals structural event trailer; 2 validated event source binding(s); field06D9=4 matches confirmed motion-pattern value up/back; reader linkage not yet proven; spawn=confirmed_static_unconditional,static_map_actor_selector_crosslink_20260930.csv;event_record_frame_catalog.csv;static_actor_event_dialogue_binding_20260930.csv;static_actor_spawn_conditions_20260930.csv;actor_motion_direction_pattern_table_20260930.csv
cfg_t55_l192_v2,0xE0,FE0-L003,0x35,humanoid_like,unknown,CD:BCBE,confirmed_frame_trailer_pointer,7A_body16_7C_next_plus_1_16_00,0x7A->body16;0x7C->next_record_plus_1_16;0x00->terminator,static_event_head_opcode59_actor_controller,head_exact_placement_only,6,0,0,0,,confirmed_static_unconditional,always,visible,2,down/front,candidate_value_domain_matches_confirmed_motion_pattern,0,0x00,2,0,event_source_bound_actor,strong_structural,controller pointer equals structural event trailer; 2 validated event source binding(s); field06D9=2 matches confirmed motion-pattern value down/front; reader linkage not yet proven; spawn=confirmed_static_unconditional,static_map_actor_selector_crosslink_20260930.csv;event_record_frame_catalog.csv;static_actor_event_dialogue_binding_20260930.csv;static_actor_spawn_conditions_20260930.csv;actor_motion_direction_pattern_table_20260930.csv
cfg_t55_l192_v2,0xE0,FE0-L004,0x35,humanoid_like,unknown,CD:BCED,confirmed_frame_trailer_pointer,7A_body16_7C_next_plus_1_16_00,0x7A->body16;0x7C->next_record_plus_1_16;0x00->terminator,static_event_head_opcode59_actor_controller,head_exact_placement_only,6,0,0,0,,confirmed_static_unconditional,always,visible,2,down/front,candidate_value_domain_matches_confirmed_motion_pattern,0,0x00,2,0,event_source_bound_actor,strong_structural,controller pointer equals structural event trailer; 2 validated event source binding(s); field06D9=2 matches confirmed motion-pattern value down/front; reader linkage not yet proven; spawn=confirmed_static_unconditional,static_map_actor_selector_crosslink_20260930.csv;event_record_frame_catalog.csv;static_actor_event_dialogue_binding_20260930.csv;static_actor_spawn_conditions_20260930.csv;actor_motion_direction_pattern_table_20260930.csv
cfg_t55_l192_v2,0xE0,FE0-L005,0x35,humanoid_like,unknown,CD:BD1C,confirmed_frame_trailer_pointer,7A_body16_7C_next_plus_1_16_00,0x7A->body16;0x7C->next_record_plus_1_16;0x00->terminator,static_event_head_opcode59_actor_controller,head_exact_placement_only,6,0,0,0,,confirmed_static_unconditional,always,visible,2,down/front,candidate_value_domain_matches_confirmed_motion_pattern,0,0x00,2,0,event_source_bound_actor,strong_structural,controller pointer equals structural event trailer; 2 validated event source binding(s); field06D9=2 matches confirmed motion-pattern value down/front; reader linkage not yet proven; spawn=confirmed_static_unconditional,static_map_actor_selector_crosslink_20260930.csv;event_record_frame_catalog.csv;static_actor_event_dialogue_binding_20260930.csv;static_actor_spawn_conditions_20260930.csv;actor_motion_direction_pattern_table_20260930.csv
cfg_t55_l192_v2,0xE0,FE0-L006,0x35,humanoid_like,unknown,CD:BD4B,confirmed_frame_trailer_pointer,7A_body16_7C_next_plus_1_16_00,0x7A->body16;0x7C->next_record_plus_1_16;0x00->terminator,static_event_head_opcode59_actor_controller,head_exact_placement_only,6,0,0,0,,confirmed_static_unconditional,always,visible,2,down/front,candidate_value_domain_matches_confirmed_motion_pattern,0,0x00,2,0,event_source_bound_actor,strong_structural,controller pointer equals structural event trailer; 2 validated event source binding(s); field06D9=2 matches confirmed motion-pattern value down/front; reader linkage not yet proven; spawn=confirmed_static_unconditional,static_map_actor_selector_crosslink_20260930.csv;event_record_frame_catalog.csv;static_actor_event_dialogue_binding_20260930.csv;static_actor_spawn_conditions_20260930.csv;actor_motion_direction_pattern_table_20260930.csv
cfg_t55_l192_v2,0xE0,FE0-L007,0x35,humanoid_like,unknown,CD:BD7A,confirmed_frame_trailer_pointer,7A_body16_7C_next_plus_1_16_00,0x7A->body16;0x7C->next_record_plus_1_16;0x00->terminator,static_event_head_opcode59_actor_controller,head_exact_placement_only,6,0,0,0,,confirmed_static_unconditional,always,visible,2,down/front,candidate_value_domain_matches_confirmed_motion_pattern,0,0x00,2,0,event_source_bound_actor,strong_structural,controller pointer equals structural event trailer; 2 validated event source binding(s); field06D9=2 matches confirmed motion-pattern value down/front; reader linkage not yet proven; spawn=confirmed_static_unconditional,static_map_actor_selector_crosslink_20260930.csv;event_record_frame_catalog.csv;static_actor_event_dialogue_binding_20260930.csv;static_actor_spawn_conditions_20260930.csv;actor_motion_direction_pattern_table_20260930.csv
cfg_t55_l192_v2,0xE0,FE0-L008,0x35,humanoid_like,unknown,CD:BDA9,confirmed_frame_trailer_pointer,7A_body16_7C_next_plus_1_16_00,0x7A->body16;0x7C->next_record_plus_1_16;0x00->terminator,static_event_head_opcode59_actor_controller,head_exact_placement_only,6,0,0,0,,confirmed_static_unconditional,always,visible,2,down/front,candidate_value_domain_matches_confirmed_motion_pattern,0,0x00,2,0,event_source_bound_actor,strong_structural,controller pointer equals structural event trailer; 2 validated event source binding(s); field06D9=2 matches confirmed motion-pattern value down/front; reader linkage not yet proven; spawn=confirmed_static_unconditional,static_map_actor_selector_crosslink_20260930.csv;event_record_frame_catalog.csv;static_actor_event_dialogue_binding_20260930.csv;static_actor_spawn_conditions_20260930.csv;actor_motion_direction_pattern_table_20260930.csv
cfg_t55_l192_v2,0xE0,FE0-L009,0x30,humanoid_like,unknown,CD:BE17,confirmed_frame_trailer_pointer,7A_body16_7C_next_plus_1_16_00,0x7A->body16;0x7C->next_record_plus_1_16;0x00->terminator,static_event_tail_opcode59_actor_controller,prefix_plus_tail_placement,14,8,8,0,,confirmed_static_branch_unresolved_predicate,vm_expression(A3 56 E1 A3 5A E8) != 0,candidate,2,down/front,candidate_value_domain_matches_confirmed_motion_pattern,0,0x00,4,0,event_source_bound_actor,strong_structural,controller pointer equals structural event trailer; 4 validated event source binding(s); field06D9=2 matches confirmed motion-pattern value down/front; reader linkage not yet proven; spawn=confirmed_static_branch_unresolved_predicate,static_map_actor_selector_crosslink_20260930.csv;event_record_frame_catalog.csv;static_actor_event_dialogue_binding_20260930.csv;static_actor_spawn_conditions_20260930.csv;actor_motion_direction_pattern_table_20260930.csv
cfg_t55_l192_v2,0xE0,FE0-L010,0x30,humanoid_like,unknown,CD:BE44,confirmed_frame_trailer_pointer,7A_body16_7C_next_plus_1_16_00,0x7A->body16;0x7C->next_record_plus_1_16;0x00->terminator,static_event_tail_opcode59_actor_controller,prefix_plus_tail_placement,14,8,8,0,,confirmed_static_branch_unresolved_predicate,vm_expression(A3 57 E1 A3 5A E8) != 0,candidate,2,down/front,candidate_value_domain_matches_confirmed_motion_pattern,0,0x00,2,0,event_source_bound_actor,strong_structural,controller pointer equals structural event trailer; 2 validated event source binding(s); field06D9=2 matches confirmed motion-pattern value down/front; reader linkage not yet proven; spawn=confirmed_static_branch_unresolved_predicate,static_map_actor_selector_crosslink_20260930.csv;event_record_frame_catalog.csv;static_actor_event_dialogue_binding_20260930.csv;static_actor_spawn_conditions_20260930.csv;actor_motion_direction_pattern_table_20260930.csv
cfg_t55_l192_v2,0xE0,FE0-L011,0x30,humanoid_like,unknown,CD:BE71,confirmed_frame_trailer_pointer,7A_body16_7C_next_plus_1_16_00,0x7A->body16;0x7C->next_record_plus_1_16;0x00->terminator,static_event_tail_opcode59_actor_controller,prefix_plus_tail_placement,10,4,4,0,,confirmed_static_flag,"flag_test(spec=0x5A,wram=$1251,bit=2) != 0",candidate,2,down/front,candidate_value_domain_matches_confirmed_motion_pattern,0,0x00,2,0,event_source_bound_actor,strong_structural,controller pointer equals structural event trailer; 2 validated event source binding(s); field06D9=2 matches confirmed motion-pattern value down/front; reader linkage not yet proven; spawn=confirmed_static_flag,static_map_actor_selector_crosslink_20260930.csv;event_record_frame_catalog.csv;static_actor_event_dialogue_binding_20260930.csv;static_actor_spawn_conditions_20260930.csv;actor_motion_direction_pattern_table_20260930.csv
cfg_t55_l192_v2,0xE1,FE1-L001,0x35,humanoid_like,unknown,CD:C1C5,confirmed_frame_trailer_pointer,7A_body16_7C_next_plus_1_16_00,0x7A->body16;0x7C->next_record_plus_1_16;0x00->terminator,static_event_head_opcode59_actor_controller,head_exact_placement_only,6,0,0,0,,confirmed_static_unconditional,always,visible,4,up/back,candidate_value_domain_matches_confirmed_motion_pattern,16,0x10,0,0,placed_actor_no_validated_source,placement_only,controller pointer equals structural event trailer; no validated source selection; field06D9=4 matches confirmed motion-pattern value up/back; reader linkage not yet proven; spawn=confirmed_static_unconditional,static_map_actor_selector_crosslink_20260930.csv;event_record_frame_catalog.csv;static_actor_event_dialogue_binding_20260930.csv;static_actor_spawn_conditions_20260930.csv;actor_motion_direction_pattern_table_20260930.csv
cfg_t55_l192_v2,0xE1,FE1-L002,0x35,humanoid_like,unknown,CD:C1E6,confirmed_frame_trailer_pointer,7A_body16_7C_next_plus_1_16_00,0x7A->body16;0x7C->next_record_plus_1_16;0x00->terminator,static_event_head_opcode59_actor_controller,head_exact_placement_only,6,0,0,0,,confirmed_static_unconditional,always,visible,4,up/back,candidate_value_domain_matches_confirmed_motion_pattern,16,0x10,3,0,event_source_bound_actor,strong_structural,controller pointer equals structural event trailer; 3 validated event source binding(s); field06D9=4 matches confirmed motion-pattern value up/back; reader linkage not yet proven; spawn=confirmed_static_unconditional,static_map_actor_selector_crosslink_20260930.csv;event_record_frame_catalog.csv;static_actor_event_dialogue_binding_20260930.csv;static_actor_spawn_conditions_20260930.csv;actor_motion_direction_pattern_table_20260930.csv
cfg_t55_l192_v2,0xE1,FE1-L003,0x35,humanoid_like,unknown,CD:C207,confirmed_frame_trailer_pointer,7A_body16_7C_next_plus_1_16_00,0x7A->body16;0x7C->next_record_plus_1_16;0x00->terminator,static_event_head_opcode59_actor_controller,head_exact_placement_only,6,0,0,0,,confirmed_static_unconditional,always,visible,2,down/front,candidate_value_domain_matches_confirmed_motion_pattern,0,0x00,3,0,event_source_bound_actor,strong_structural,controller pointer equals structural event trailer; 3 validated event source binding(s); field06D9=2 matches confirmed motion-pattern value down/front; reader linkage not yet proven; spawn=confirmed_static_unconditional,static_map_actor_selector_crosslink_20260930.csv;event_record_frame_catalog.csv;static_actor_event_dialogue_binding_20260930.csv;static_actor_spawn_conditions_20260930.csv;actor_motion_direction_pattern_table_20260930.csv
cfg_t55_l192_v2,0xE1,FE1-L004,0x35,humanoid_like,unknown,CD:C228,confirmed_frame_trailer_pointer,7A_body16_7C_next_plus_1_16_00,0x7A->body16;0x7C->next_record_plus_1_16;0x00->terminator,static_event_head_opcode59_actor_controller,head_exact_placement_only,6,0,0,0,,confirmed_static_unconditional,always,visible,2,down/front,candidate_value_domain_matches_confirmed_motion_pattern,0,0x00,3,0,event_source_bound_actor,strong_structural,controller pointer equals structural event trailer; 3 validated event source binding(s); field06D9=2 matches confirmed motion-pattern value down/front; reader linkage not yet proven; spawn=confirmed_static_unconditional,static_map_actor_selector_crosslink_20260930.csv;event_record_frame_catalog.csv;static_actor_event_dialogue_binding_20260930.csv;static_actor_spawn_conditions_20260930.csv;actor_motion_direction_pattern_table_20260930.csv
cfg_t55_l192_v2,0xE1,FE1-L005,0x48,,unknown,CD:C249,confirmed_frame_trailer_pointer,7A_body16_7C_next_plus_1_16_00,0x7A->body16;0x7C->next_record_plus_1_16;0x00->terminator,static_event_tail_opcode59_actor_controller,prefix_plus_tail_placement,10,4,4,0,,confirmed_static_flag,"flag_test(spec=0x62,wram=$1252,bit=2) == 0",candidate,4,up/back,candidate_value_domain_matches_confirmed_motion_pattern,16,0x10,3,0,event_source_bound_actor,strong_structural,controller pointer equals structural event trailer; 3 validated event source binding(s); field06D9=4 matches confirmed motion-pattern value up/back; reader linkage not yet proven; spawn=confirmed_static_flag,static_map_actor_selector_crosslink_20260930.csv;event_record_frame_catalog.csv;static_actor_event_dialogue_binding_20260930.csv;static_actor_spawn_conditions_20260930.csv;actor_motion_direction_pattern_table_20260930.csv
cfg_t55_l192_v2,0xE1,FE1-L006,0x30,humanoid_like,unknown,CD:C28C,confirmed_frame_trailer_pointer,7A_body16_7C_next_plus_1_16_00,0x7A->body16;0x7C->next_record_plus_1_16;0x00->terminator,static_event_tail_opcode59_actor_controller,prefix_plus_tail_placement,15,9,9,0,,confirmed_static_branch_unresolved_predicate,vm_expression(A3 5A E1 A3 F0 E1 E7) != 0,candidate,4,up/back,candidate_value_domain_matches_confirmed_motion_pattern,16,0x10,0,0,placed_actor_no_validated_source,placement_only,controller pointer equals structural event trailer; no validated source selection; field06D9=4 matches confirmed motion-pattern value up/back; reader linkage not yet proven; spawn=confirmed_static_branch_unresolved_predicate,static_map_actor_selector_crosslink_20260930.csv;event_record_frame_catalog.csv;static_actor_event_dialogue_binding_20260930.csv;static_actor_spawn_conditions_20260930.csv;actor_motion_direction_pattern_table_20260930.csv
cfg_t55_l192_v2,0xE2,FE2-L001,0x35,humanoid_like,unknown,CD:C706,confirmed_frame_trailer_pointer,7A_body16_7C_next_plus_1_16_00,0x7A->body16;0x7C->next_record_plus_1_16;0x00->terminator,static_event_head_opcode59_actor_controller,head_exact_placement_only,6,0,0,0,,confirmed_static_unconditional,always,visible,2,down/front,candidate_value_domain_matches_confirmed_motion_pattern,16,0x10,3,0,event_source_bound_actor,strong_structural,controller pointer equals structural event trailer; 3 validated event source binding(s); field06D9=2 matches confirmed motion-pattern value down/front; reader linkage not yet proven; spawn=confirmed_static_unconditional,static_map_actor_selector_crosslink_20260930.csv;event_record_frame_catalog.csv;static_actor_event_dialogue_binding_20260930.csv;static_actor_spawn_conditions_20260930.csv;actor_motion_direction_pattern_table_20260930.csv
cfg_t55_l192_v2,0xE2,FE2-L002,0x2F,humanoid_like,unknown,CD:C752,confirmed_frame_trailer_pointer,7A_body16_7C_next_plus_1_16_00,0x7A->body16;0x7C->next_record_plus_1_16;0x00->terminator,static_event_tail_opcode59_actor_controller,prefix_plus_tail_placement,10,4,4,0,,confirmed_static_flag,"flag_test(spec=0x54,wram=$1250,bit=4) == 0",candidate,2,down/front,candidate_value_domain_matches_confirmed_motion_pattern,16,0x10,3,0,event_source_bound_actor,strong_structural,controller pointer equals structural event trailer; 3 validated event source binding(s); field06D9=2 matches confirmed motion-pattern value down/front; reader linkage not yet proven; spawn=confirmed_static_flag,static_map_actor_selector_crosslink_20260930.csv;event_record_frame_catalog.csv;static_actor_event_dialogue_binding_20260930.csv;static_actor_spawn_conditions_20260930.csv;actor_motion_direction_pattern_table_20260930.csv
cfg_t31_l142_v2,0xE9,FE9-L001,0x77,,unknown,CD:DAA5,confirmed_frame_trailer_pointer,7A_body16_7C_next_plus_1_16_00,0x7A->body16;0x7C->next_record_plus_1_16;0x00->terminator,static_event_tail_opcode59_actor_controller,prefix_plus_tail_placement,16,10,10,0,,confirmed_static_branch_unresolved_predicate,vm_expression(A3 DE E1 21 9A 80 E1 E7) != 0,candidate,3,left,candidate_value_domain_matches_confirmed_motion_pattern,144,0x90,1,0,event_source_bound_actor,strong_structural,controller pointer equals structural event trailer; 1 validated event source binding(s); field06D9=3 matches confirmed motion-pattern value left; reader linkage not yet proven; spawn=confirmed_static_branch_unresolved_predicate,static_map_actor_selector_crosslink_20260930.csv;event_record_frame_catalog.csv;static_actor_event_dialogue_binding_20260930.csv;static_actor_spawn_conditions_20260930.csv;actor_motion_direction_pattern_table_20260930.csv
cfg_t31_l142_v2,0xE9,FE9-L002,0x77,,unknown,CD:DAC0,confirmed_frame_trailer_pointer,7A_body16_7C_next_plus_1_16_00,0x7A->body16;0x7C->next_record_plus_1_16;0x00->terminator,static_event_tail_opcode59_actor_controller,prefix_plus_tail_placement,18,12,12,0,,unresolved_complex_control_flow,,candidate,2,down/front,candidate_value_domain_matches_confirmed_motion_pattern,144,0x90,1,0,event_source_bound_actor,strong_structural,controller pointer equals structural event trailer; 1 validated event source binding(s); field06D9=2 matches confirmed motion-pattern value down/front; reader linkage not yet proven; spawn=unresolved_complex_control_flow,static_map_actor_selector_crosslink_20260930.csv;event_record_frame_catalog.csv;static_actor_event_dialogue_binding_20260930.csv;static_actor_spawn_conditions_20260930.csv;actor_motion_direction_pattern_table_20260930.csv
cfg_t31_l142_v2,0xE9,FE9-L003,0x77,,unknown,CD:DAEF,confirmed_frame_trailer_pointer,7A_body16_7C_next_plus_1_16_00,0x7A->body16;0x7C->next_record_plus_1_16;0x00->terminator,static_event_tail_opcode59_actor_controller,prefix_plus_tail_placement,18,12,12,0,,unresolved_complex_control_flow,,candidate,2,down/front,candidate_value_domain_matches_confirmed_motion_pattern,144,0x90,2,0,event_source_bound_actor,strong_structural,controller pointer equals structural event trailer; 2 validated event source binding(s); field06D9=2 matches confirmed motion-pattern value down/front; reader linkage not yet proven; spawn=unresolved_complex_control_flow,static_map_actor_selector_crosslink_20260930.csv;event_record_frame_catalog.csv;static_actor_event_dialogue_binding_20260930.csv;static_actor_spawn_conditions_20260930.csv;actor_motion_direction_pattern_table_20260930.csv
cfg_t07_l007_v2,0xEC,FEC-L001,0x41,humanoid_like,unknown,CD:E1DA,confirmed_frame_trailer_pointer,7A_body16_7C_next_plus_1_16_00,0x7A->body16;0x7C->next_record_plus_1_16;0x00->terminator,static_event_tail_opcode59_actor_controller,prefix_plus_tail_placement,10,4,4,0,,confirmed_static_flag,"flag_test(spec=0xEE,wram=$1263,bit=6) != 0",candidate,2,down/front,candidate_value_domain_matches_confirmed_motion_pattern,16,0x10,5,0,event_source_bound_actor,strong_structural,controller pointer equals structural event trailer; 5 validated event source binding(s); field06D9=2 matches confirmed motion-pattern value down/front; reader linkage not yet proven; spawn=confirmed_static_flag,static_map_actor_selector_crosslink_20260930.csv;event_record_frame_catalog.csv;static_actor_event_dialogue_binding_20260930.csv;static_actor_spawn_conditions_20260930.csv;actor_motion_direction_pattern_table_20260930.csv
cfg_t07_l051_v2,0xEC,FEC-L001,0x41,humanoid_like,unknown,CD:E1DA,confirmed_frame_trailer_pointer,7A_body16_7C_next_plus_1_16_00,0x7A->body16;0x7C->next_record_plus_1_16;0x00->terminator,static_event_tail_opcode59_actor_controller,prefix_plus_tail_placement,10,4,4,0,,confirmed_static_flag,"flag_test(spec=0xEE,wram=$1263,bit=6) != 0",candidate,2,down/front,candidate_value_domain_matches_confirmed_motion_pattern,16,0x10,5,0,event_source_bound_actor,strong_structural,controller pointer equals structural event trailer; 5 validated event source binding(s); field06D9=2 matches confirmed motion-pattern value down/front; reader linkage not yet proven; spawn=confirmed_static_flag,static_map_actor_selector_crosslink_20260930.csv;event_record_frame_catalog.csv;static_actor_event_dialogue_binding_20260930.csv;static_actor_spawn_conditions_20260930.csv;actor_motion_direction_pattern_table_20260930.csv
cfg_t04_l070_v2,0xF3,FF3-L003,0x40,humanoid_like,unknown,CE:0355,confirmed_frame_trailer_pointer,7A_body16_7C_next_plus_1_16_00,0x7A->body16;0x7C->next_record_plus_1_16;0x00->terminator,static_event_head_opcode59_actor_controller,head_exact_placement_only,6,0,0,0,,confirmed_static_unconditional,always,visible,2,down/front,candidate_value_domain_matches_confirmed_motion_pattern,0,0x00,1,0,event_source_bound_actor,strong_structural,controller pointer equals structural event trailer; 1 validated event source binding(s); field06D9=2 matches confirmed motion-pattern value down/front; reader linkage not yet proven; spawn=confirmed_static_unconditional,static_map_actor_selector_crosslink_20260930.csv;event_record_frame_catalog.csv;static_actor_event_dialogue_binding_20260930.csv;static_actor_spawn_conditions_20260930.csv;actor_motion_direction_pattern_table_20260930.csv
cfg_t04_l070_v2,0xF3,FF3-L004,0x59,humanoid_like,unknown,CE:0366,confirmed_frame_trailer_pointer,7A_body16_7C_next_plus_1_16_00,0x7A->body16;0x7C->next_record_plus_1_16;0x00->terminator,static_event_head_opcode59_actor_controller,head_exact_placement_only,6,0,0,0,,confirmed_static_unconditional,always,visible,2,down/front,candidate_value_domain_matches_confirmed_motion_pattern,0,0x00,1,0,event_source_bound_actor,strong_structural,controller pointer equals structural event trailer; 1 validated event source binding(s); field06D9=2 matches confirmed motion-pattern value down/front; reader linkage not yet proven; spawn=confirmed_static_unconditional,static_map_actor_selector_crosslink_20260930.csv;event_record_frame_catalog.csv;static_actor_event_dialogue_binding_20260930.csv;static_actor_spawn_conditions_20260930.csv;actor_motion_direction_pattern_table_20260930.csv
cfg_t04_l070_v2,0xF3,FF3-L005,0x5B,humanoid_like,unknown,CE:0377,confirmed_frame_trailer_pointer,7A_body16_7C_next_plus_1_16_00,0x7A->body16;0x7C->next_record_plus_1_16;0x00->terminator,static_event_head_opcode59_actor_controller,head_exact_placement_only,6,0,0,0,,confirmed_static_unconditional,always,visible,2,down/front,candidate_value_domain_matches_confirmed_motion_pattern,16,0x10,1,0,event_source_bound_actor,strong_structural,controller pointer equals structural event trailer; 1 validated event source binding(s); field06D9=2 matches confirmed motion-pattern value down/front; reader linkage not yet proven; spawn=confirmed_static_unconditional,static_map_actor_selector_crosslink_20260930.csv;event_record_frame_catalog.csv;static_actor_event_dialogue_binding_20260930.csv;static_actor_spawn_conditions_20260930.csv;actor_motion_direction_pattern_table_20260930.csv
cfg_t04_l070_v2,0xF3,FF3-L006,0x43,humanoid_like,unknown,CE:0388,confirmed_frame_trailer_pointer,7A_body16_7C_next_plus_1_16_00,0x7A->body16;0x7C->next_record_plus_1_16;0x00->terminator,static_event_head_opcode59_actor_controller,head_exact_placement_only,6,0,0,0,,confirmed_static_unconditional,always,visible,2,down/front,candidate_value_domain_matches_confirmed_motion_pattern,0,0x00,1,0,event_source_bound_actor,strong_structural,controller pointer equals structural event trailer; 1 validated event source binding(s); field06D9=2 matches confirmed motion-pattern value down/front; reader linkage not yet proven; spawn=confirmed_static_unconditional,static_map_actor_selector_crosslink_20260930.csv;event_record_frame_catalog.csv;static_actor_event_dialogue_binding_20260930.csv;static_actor_spawn_conditions_20260930.csv;actor_motion_direction_pattern_table_20260930.csv
cfg_t04_l070_v2,0xF3,FF3-L007,0x5A,humanoid_like,unknown,CE:0399,confirmed_frame_trailer_pointer,7A_body16_7C_next_plus_1_16_00,0x7A->body16;0x7C->next_record_plus_1_16;0x00->terminator,static_event_head_opcode59_actor_controller,head_exact_placement_only,6,0,0,0,,confirmed_static_unconditional,always,visible,2,down/front,candidate_value_domain_matches_confirmed_motion_pattern,0,0x00,1,0,event_source_bound_actor,strong_structural,controller pointer equals structural event trailer; 1 validated event source binding(s); field06D9=2 matches confirmed motion-pattern value down/front; reader linkage not yet proven; spawn=confirmed_static_unconditional,static_map_actor_selector_crosslink_20260930.csv;event_record_frame_catalog.csv;static_actor_event_dialogue_binding_20260930.csv;static_actor_spawn_conditions_20260930.csv;actor_motion_direction_pattern_table_20260930.csv
cfg_t04_l070_v2,0xF3,FF3-L008,0x42,humanoid_like,unknown,CE:03AA,confirmed_frame_trailer_pointer,7A_body16_7C_next_plus_1_16_00,0x7A->body16;0x7C->next_record_plus_1_16;0x00->terminator,static_event_head_opcode59_actor_controller,head_exact_placement_only,6,0,0,0,,confirmed_static_unconditional,always,visible,2,down/front,candidate_value_domain_matches_confirmed_motion_pattern,0,0x00,1,0,event_source_bound_actor,strong_structural,controller pointer equals structural event trailer; 1 validated event source binding(s); field06D9=2 matches confirmed motion-pattern value down/front; reader linkage not yet proven; spawn=confirmed_static_unconditional,static_map_actor_selector_crosslink_20260930.csv;event_record_frame_catalog.csv;static_actor_event_dialogue_binding_20260930.csv;static_actor_spawn_conditions_20260930.csv;actor_motion_direction_pattern_table_20260930.csv
cfg_t04_l070_v2,0xF3,FF3-L009,0x29,humanoid_like,unknown,CE:03BB,confirmed_frame_trailer_pointer,7A_body16_7C_next_plus_1_16_00,0x7A->body16;0x7C->next_record_plus_1_16;0x00->terminator,static_event_head_opcode59_actor_controller,head_exact_placement_only,6,0,0,0,,confirmed_static_unconditional,always,visible,2,down/front,candidate_value_domain_matches_confirmed_motion_pattern,0,0x00,1,0,event_source_bound_actor,strong_structural,controller pointer equals structural event trailer; 1 validated event source binding(s); field06D9=2 matches confirmed motion-pattern value down/front; reader linkage not yet proven; spawn=confirmed_static_unconditional,static_map_actor_selector_crosslink_20260930.csv;event_record_frame_catalog.csv;static_actor_event_dialogue_binding_20260930.csv;static_actor_spawn_conditions_20260930.csv;actor_motion_direction_pattern_table_20260930.csv
cfg_t04_l070_v2,0xF3,FF3-L010,0x30,humanoid_like,unknown,CE:03CC,confirmed_frame_trailer_pointer,7A_body16_7C_next_plus_1_16_00,0x7A->body16;0x7C->next_record_plus_1_16;0x00->terminator,static_event_head_opcode59_actor_controller,head_exact_placement_only,6,0,0,0,,confirmed_static_unconditional,always,visible,2,down/front,candidate_value_domain_matches_confirmed_motion_pattern,0,0x00,1,0,event_source_bound_actor,strong_structural,controller pointer equals structural event trailer; 1 validated event source binding(s); field06D9=2 matches confirmed motion-pattern value down/front; reader linkage not yet proven; spawn=confirmed_static_unconditional,static_map_actor_selector_crosslink_20260930.csv;event_record_frame_catalog.csv;static_actor_event_dialogue_binding_20260930.csv;static_actor_spawn_conditions_20260930.csv;actor_motion_direction_pattern_table_20260930.csv
cfg_t04_l070_v2,0xF3,FF3-L011,0x2F,humanoid_like,unknown,CE:03DD,confirmed_frame_trailer_pointer,7A_body16_7C_next_plus_1_16_00,0x7A->body16;0x7C->next_record_plus_1_16;0x00->terminator,static_event_head_opcode59_actor_controller,head_exact_placement_only,6,0,0,0,,confirmed_static_unconditional,always,visible,2,down/front,candidate_value_domain_matches_confirmed_motion_pattern,0,0x00,1,0,event_source_bound_actor,strong_structural,controller pointer equals structural event trailer; 1 validated event source binding(s); field06D9=2 matches confirmed motion-pattern value down/front; reader linkage not yet proven; spawn=confirmed_static_unconditional,static_map_actor_selector_crosslink_20260930.csv;event_record_frame_catalog.csv;static_actor_event_dialogue_binding_20260930.csv;static_actor_spawn_conditions_20260930.csv;actor_motion_direction_pattern_table_20260930.csv
cfg_t06_l021_v2,0xF4,FF4-L002,0x2E,humanoid_like,unknown,CE:04B6,confirmed_frame_trailer_pointer,7A_body16_7C_next_plus_1_16_00,0x7A->body16;0x7C->next_record_plus_1_16;0x00->terminator,static_event_head_opcode59_actor_controller,head_exact_placement_only,6,0,0,0,,confirmed_static_unconditional,always,visible,2,down/front,candidate_value_domain_matches_confirmed_motion_pattern,0,0x00,1,0,event_source_bound_actor,strong_structural,controller pointer equals structural event trailer; 1 validated event source binding(s); field06D9=2 matches confirmed motion-pattern value down/front; reader linkage not yet proven; spawn=confirmed_static_unconditional,static_map_actor_selector_crosslink_20260930.csv;event_record_frame_catalog.csv;static_actor_event_dialogue_binding_20260930.csv;static_actor_spawn_conditions_20260930.csv;actor_motion_direction_pattern_table_20260930.csv
cfg_t06_l021_v2,0xF4,FF4-L003,0x2E,humanoid_like,unknown,CE:04C7,confirmed_frame_trailer_pointer,7A_body16_7C_next_plus_1_16_00,0x7A->body16;0x7C->next_record_plus_1_16;0x00->terminator,static_event_head_opcode59_actor_controller,head_exact_placement_only,6,0,0,0,,confirmed_static_unconditional,always,visible,2,down/front,candidate_value_domain_matches_confirmed_motion_pattern,0,0x00,1,0,event_source_bound_actor,strong_structural,controller pointer equals structural event trailer; 1 validated event source binding(s); field06D9=2 matches confirmed motion-pattern value down/front; reader linkage not yet proven; spawn=confirmed_static_unconditional,static_map_actor_selector_crosslink_20260930.csv;event_record_frame_catalog.csv;static_actor_event_dialogue_binding_20260930.csv;static_actor_spawn_conditions_20260930.csv;actor_motion_direction_pattern_table_20260930.csv
cfg_t06_l021_v2,0xF4,FF4-L004,0x43,humanoid_like,unknown,CE:04D8,confirmed_frame_trailer_pointer,7A_body16_7C_next_plus_1_16_00,0x7A->body16;0x7C->next_record_plus_1_16;0x00->terminator,static_event_head_opcode59_actor_controller,head_exact_placement_only,6,0,0,0,,confirmed_static_unconditional,always,visible,2,down/front,candidate_value_domain_matches_confirmed_motion_pattern,0,0x00,1,0,event_source_bound_actor,strong_structural,controller pointer equals structural event trailer; 1 validated event source binding(s); field06D9=2 matches confirmed motion-pattern value down/front; reader linkage not yet proven; spawn=confirmed_static_unconditional,static_map_actor_selector_crosslink_20260930.csv;event_record_frame_catalog.csv;static_actor_event_dialogue_binding_20260930.csv;static_actor_spawn_conditions_20260930.csv;actor_motion_direction_pattern_table_20260930.csv
cfg_t06_l021_v2,0xF4,FF4-L005,0x43,humanoid_like,unknown,CE:04E9,confirmed_frame_trailer_pointer,7A_body16_7C_next_plus_1_16_00,0x7A->body16;0x7C->next_record_plus_1_16;0x00->terminator,static_event_head_opcode59_actor_controller,head_exact_placement_only,6,0,0,0,,confirmed_static_unconditional,always,visible,2,down/front,candidate_value_domain_matches_confirmed_motion_pattern,0,0x00,1,0,event_source_bound_actor,strong_structural,controller pointer equals structural event trailer; 1 validated event source binding(s); field06D9=2 matches confirmed motion-pattern value down/front; reader linkage not yet proven; spawn=confirmed_static_unconditional,static_map_actor_selector_crosslink_20260930.csv;event_record_frame_catalog.csv;static_actor_event_dialogue_binding_20260930.csv;static_actor_spawn_conditions_20260930.csv;actor_motion_direction_pattern_table_20260930.csv
cfg_t06_l021_v2,0xF4,FF4-L006,0x2E,humanoid_like,unknown,CE:04FA,confirmed_frame_trailer_pointer,7A_body16_7C_next_plus_1_16_00,0x7A->body16;0x7C->next_record_plus_1_16;0x00->terminator,static_event_head_opcode59_actor_controller,head_exact_placement_only,6,0,0,0,,confirmed_static_unconditional,always,visible,2,down/front,candidate_value_domain_matches_confirmed_motion_pattern,0,0x00,1,0,event_source_bound_actor,strong_structural,controller pointer equals structural event trailer; 1 validated event source binding(s); field06D9=2 matches confirmed motion-pattern value down/front; reader linkage not yet proven; spawn=confirmed_static_unconditional,static_map_actor_selector_crosslink_20260930.csv;event_record_frame_catalog.csv;static_actor_event_dialogue_binding_20260930.csv;static_actor_spawn_conditions_20260930.csv;actor_motion_direction_pattern_table_20260930.csv
cfg_t06_l021_v2,0xF4,FF4-L007,0x2E,humanoid_like,unknown,CE:050B,confirmed_frame_trailer_pointer,7A_body16_7C_next_plus_1_16_00,0x7A->body16;0x7C->next_record_plus_1_16;0x00->terminator,static_event_head_opcode59_actor_controller,head_exact_placement_only,6,0,0,0,,confirmed_static_unconditional,always,visible,2,down/front,candidate_value_domain_matches_confirmed_motion_pattern,0,0x00,1,0,event_source_bound_actor,strong_structural,controller pointer equals structural event trailer; 1 validated event source binding(s); field06D9=2 matches confirmed motion-pattern value down/front; reader linkage not yet proven; spawn=confirmed_static_unconditional,static_map_actor_selector_crosslink_20260930.csv;event_record_frame_catalog.csv;static_actor_event_dialogue_binding_20260930.csv;static_actor_spawn_conditions_20260930.csv;actor_motion_direction_pattern_table_20260930.csv
cfg_t06_l021_v2,0xF4,FF4-L008,0x40,humanoid_like,unknown,CE:051C,confirmed_frame_trailer_pointer,7A_body16_7C_next_plus_1_16_00,0x7A->body16;0x7C->next_record_plus_1_16;0x00->terminator,static_event_tail_opcode59_actor_controller,prefix_plus_tail_placement,10,4,4,0,,confirmed_static_flag,"flag_test(spec=0xBD,wram=$125D,bit=5) != 0",candidate,2,down/front,candidate_value_domain_matches_confirmed_motion_pattern,0,0x00,1,0,event_source_bound_actor,strong_structural,controller pointer equals structural event trailer; 1 validated event source binding(s); field06D9=2 matches confirmed motion-pattern value down/front; reader linkage not yet proven; spawn=confirmed_static_flag,static_map_actor_selector_crosslink_20260930.csv;event_record_frame_catalog.csv;static_actor_event_dialogue_binding_20260930.csv;static_actor_spawn_conditions_20260930.csv;actor_motion_direction_pattern_table_20260930.csv
cfg_t06_l021_v2,0xF4,FF4-L009,0x5A,humanoid_like,unknown,CE:0531,confirmed_frame_trailer_pointer,7A_body16_7C_next_plus_1_16_00,0x7A->body16;0x7C->next_record_plus_1_16;0x00->terminator,static_event_tail_opcode59_actor_controller,prefix_plus_tail_placement,10,4,4,0,,confirmed_static_flag,"flag_test(spec=0xBD,wram=$125D,bit=5) != 0",candidate,2,down/front,candidate_value_domain_matches_confirmed_motion_pattern,0,0x00,1,0,event_source_bound_actor,strong_structural,controller pointer equals structural event trailer; 1 validated event source binding(s); field06D9=2 matches confirmed motion-pattern value down/front; reader linkage not yet proven; spawn=confirmed_static_flag,static_map_actor_selector_crosslink_20260930.csv;event_record_frame_catalog.csv;static_actor_event_dialogue_binding_20260930.csv;static_actor_spawn_conditions_20260930.csv;actor_motion_direction_pattern_table_20260930.csv
cfg_t50_l178_v1,0xF5,FF5-L001,0x29,humanoid_like,unknown,CE:08DD,confirmed_frame_trailer_pointer,7A_body16_7C_next_plus_1_16_00,0x7A->body16;0x7C->next_record_plus_1_16;0x00->terminator,static_event_head_opcode59_actor_controller,head_exact_placement_only,6,0,0,0,,confirmed_static_unconditional,always,visible,2,down/front,candidate_value_domain_matches_confirmed_motion_pattern,16,0x10,1,0,event_source_bound_actor,strong_structural,controller pointer equals structural event trailer; 1 validated event source binding(s); field06D9=2 matches confirmed motion-pattern value down/front; reader linkage not yet proven; spawn=confirmed_static_unconditional,static_map_actor_selector_crosslink_20260930.csv;event_record_frame_catalog.csv;static_actor_event_dialogue_binding_20260930.csv;static_actor_spawn_conditions_20260930.csv;actor_motion_direction_pattern_table_20260930.csv
cfg_t50_l178_v1,0xF5,FF5-L002,0x29,humanoid_like,unknown,CE:08EE,confirmed_frame_trailer_pointer,7A_body16_7C_next_plus_1_16_00,0x7A->body16;0x7C->next_record_plus_1_16;0x00->terminator,static_event_head_opcode59_actor_controller,head_exact_placement_only,6,0,0,0,,confirmed_static_unconditional,always,visible,2,down/front,candidate_value_domain_matches_confirmed_motion_pattern,16,0x10,1,0,event_source_bound_actor,strong_structural,controller pointer equals structural event trailer; 1 validated event source binding(s); field06D9=2 matches confirmed motion-pattern value down/front; reader linkage not yet proven; spawn=confirmed_static_unconditional,static_map_actor_selector_crosslink_20260930.csv;event_record_frame_catalog.csv;static_actor_event_dialogue_binding_20260930.csv;static_actor_spawn_conditions_20260930.csv;actor_motion_direction_pattern_table_20260930.csv
cfg_t50_l178_v1,0xF5,FF5-L003,0x29,humanoid_like,unknown,CE:08FF,confirmed_frame_trailer_pointer,7A_body16_7C_next_plus_1_16_00,0x7A->body16;0x7C->next_record_plus_1_16;0x00->terminator,static_event_head_opcode59_actor_controller,head_exact_placement_only,6,0,0,0,,confirmed_static_unconditional,always,visible,2,down/front,candidate_value_domain_matches_confirmed_motion_pattern,16,0x10,1,0,event_source_bound_actor,strong_structural,controller pointer equals structural event trailer; 1 validated event source binding(s); field06D9=2 matches confirmed motion-pattern value down/front; reader linkage not yet proven; spawn=confirmed_static_unconditional,static_map_actor_selector_crosslink_20260930.csv;event_record_frame_catalog.csv;static_actor_event_dialogue_binding_20260930.csv;static_actor_spawn_conditions_20260930.csv;actor_motion_direction_pattern_table_20260930.csv
cfg_t50_l178_v1,0xF5,FF5-L004,0x42,humanoid_like,unknown,CE:0910,confirmed_frame_trailer_pointer,7A_body16_7C_next_plus_1_16_00,0x7A->body16;0x7C->next_record_plus_1_16;0x00->terminator,static_event_head_opcode59_actor_controller,head_exact_placement_only,6,0,0,0,,confirmed_static_unconditional,always,visible,2,down/front,candidate_value_domain_matches_confirmed_motion_pattern,16,0x10,1,0,event_source_bound_actor,strong_structural,controller pointer equals structural event trailer; 1 validated event source binding(s); field06D9=2 matches confirmed motion-pattern value down/front; reader linkage not yet proven; spawn=confirmed_static_unconditional,static_map_actor_selector_crosslink_20260930.csv;event_record_frame_catalog.csv;static_actor_event_dialogue_binding_20260930.csv;static_actor_spawn_conditions_20260930.csv;actor_motion_direction_pattern_table_20260930.csv
cfg_t50_l178_v1,0xF5,FF5-L005,0x24,humanoid_like,unknown,CE:0969,confirmed_frame_trailer_pointer,7A_body16_7C_next_plus_1_16_00,0x7A->body16;0x7C->next_record_plus_1_16;0x00->terminator,static_event_head_opcode59_actor_controller,head_exact_placement_only,6,0,0,0,,confirmed_static_unconditional,always,visible,2,down/front,candidate_value_domain_matches_confirmed_motion_pattern,16,0x10,1,0,event_source_bound_actor,strong_structural,controller pointer equals structural event trailer; 1 validated event source binding(s); field06D9=2 matches confirmed motion-pattern value down/front; reader linkage not yet proven; spawn=confirmed_static_unconditional,static_map_actor_selector_crosslink_20260930.csv;event_record_frame_catalog.csv;static_actor_event_dialogue_binding_20260930.csv;static_actor_spawn_conditions_20260930.csv;actor_motion_direction_pattern_table_20260930.csv
cfg_t50_l178_v1,0xF5,FF5-L006,0x29,humanoid_like,unknown,CE:097A,confirmed_frame_trailer_pointer,7A_body16_7C_next_plus_1_16_00,0x7A->body16;0x7C->next_record_plus_1_16;0x00->terminator,static_event_head_opcode59_actor_controller,head_exact_placement_only,6,0,0,0,,confirmed_static_unconditional,always,visible,3,left,candidate_value_domain_matches_confirmed_motion_pattern,16,0x10,1,0,event_source_bound_actor,strong_structural,controller pointer equals structural event trailer; 1 validated event source binding(s); field06D9=3 matches confirmed motion-pattern value left; reader linkage not yet proven; spawn=confirmed_static_unconditional,static_map_actor_selector_crosslink_20260930.csv;event_record_frame_catalog.csv;static_actor_event_dialogue_binding_20260930.csv;static_actor_spawn_conditions_20260930.csv;actor_motion_direction_pattern_table_20260930.csv
cfg_t50_l178_v1,0xF5,FF5-L007,0x05,,unknown,CE:098B,confirmed_frame_trailer_pointer,7A_body16_7C_next_plus_1_16_00,0x7A->body16;0x7C->next_record_plus_1_16;0x00->terminator,static_event_tail_opcode59_actor_controller,prefix_plus_tail_placement,16,10,10,0,,confirmed_static_branch_unresolved_predicate,vm_expression(17 08 05 E1 17 07 05 E7) != 0,candidate,2,down/front,candidate_value_domain_matches_confirmed_motion_pattern,16,0x10,1,0,event_source_bound_actor,strong_structural,controller pointer equals structural event trailer; 1 validated event source binding(s); field06D9=2 matches confirmed motion-pattern value down/front; reader linkage not yet proven; spawn=confirmed_static_branch_unresolved_predicate,static_map_actor_selector_crosslink_20260930.csv;event_record_frame_catalog.csv;static_actor_event_dialogue_binding_20260930.csv;static_actor_spawn_conditions_20260930.csv;actor_motion_direction_pattern_table_20260930.csv
cfg_t50_l178_v1,0xF5,FF5-L008,0x02,,unknown,CE:09A6,confirmed_frame_trailer_pointer,7A_body16_7C_next_plus_1_16_00,0x7A->body16;0x7C->next_record_plus_1_16;0x00->terminator,static_event_tail_opcode59_actor_controller,prefix_plus_tail_placement,16,10,10,0,,confirmed_static_branch_unresolved_predicate,vm_expression(17 08 02 E1 17 07 02 E7) != 0,candidate,2,down/front,candidate_value_domain_matches_confirmed_motion_pattern,16,0x10,1,0,event_source_bound_actor,strong_structural,controller pointer equals structural event trailer; 1 validated event source binding(s); field06D9=2 matches confirmed motion-pattern value down/front; reader linkage not yet proven; spawn=confirmed_static_branch_unresolved_predicate,static_map_actor_selector_crosslink_20260930.csv;event_record_frame_catalog.csv;static_actor_event_dialogue_binding_20260930.csv;static_actor_spawn_conditions_20260930.csv;actor_motion_direction_pattern_table_20260930.csv
cfg_t50_l178_v1,0xF5,FF5-L009,0x03,humanoid_like,unknown,CE:09C1,confirmed_frame_trailer_pointer,7A_body16_7C_next_plus_1_16_00,0x7A->body16;0x7C->next_record_plus_1_16;0x00->terminator,static_event_tail_opcode59_actor_controller,prefix_plus_tail_placement,16,10,10,0,,confirmed_static_branch_unresolved_predicate,vm_expression(17 08 03 E1 17 07 03 E7) != 0,candidate,2,down/front,candidate_value_domain_matches_confirmed_motion_pattern,16,0x10,1,0,event_source_bound_actor,strong_structural,controller pointer equals structural event trailer; 1 validated event source binding(s); field06D9=2 matches confirmed motion-pattern value down/front; reader linkage not yet proven; spawn=confirmed_static_branch_unresolved_predicate,static_map_actor_selector_crosslink_20260930.csv;event_record_frame_catalog.csv;static_actor_event_dialogue_binding_20260930.csv;static_actor_spawn_conditions_20260930.csv;actor_motion_direction_pattern_table_20260930.csv
cfg_t50_l178_v1,0xF5,FF5-L010,0x04,,unknown,CE:09DC,confirmed_frame_trailer_pointer,7A_body16_7C_next_plus_1_16_00,0x7A->body16;0x7C->next_record_plus_1_16;0x00->terminator,static_event_tail_opcode59_actor_controller,prefix_plus_tail_placement,16,10,10,0,,confirmed_static_branch_unresolved_predicate,vm_expression(17 08 04 E1 17 07 04 E7) != 0,candidate,2,down/front,candidate_value_domain_matches_confirmed_motion_pattern,16,0x10,1,0,event_source_bound_actor,strong_structural,controller pointer equals structural event trailer; 1 validated event source binding(s); field06D9=2 matches confirmed motion-pattern value down/front; reader linkage not yet proven; spawn=confirmed_static_branch_unresolved_predicate,static_map_actor_selector_crosslink_20260930.csv;event_record_frame_catalog.csv;static_actor_event_dialogue_binding_20260930.csv;static_actor_spawn_conditions_20260930.csv;actor_motion_direction_pattern_table_20260930.csv
cfg_t50_l178_v1,0xF5,FF5-L011,0x09,,unknown,CE:09F7,confirmed_frame_trailer_pointer,7A_body16_7C_next_plus_1_16_00,0x7A->body16;0x7C->next_record_plus_1_16;0x00->terminator,static_event_tail_opcode59_actor_controller,prefix_plus_tail_placement,16,10,10,0,,confirmed_static_branch_unresolved_predicate,vm_expression(17 08 09 E1 17 07 09 E7) != 0,candidate,2,down/front,candidate_value_domain_matches_confirmed_motion_pattern,16,0x10,1,0,event_source_bound_actor,strong_structural,controller pointer equals structural event trailer; 1 validated event source binding(s); field06D9=2 matches confirmed motion-pattern value down/front; reader linkage not yet proven; spawn=confirmed_static_branch_unresolved_predicate,static_map_actor_selector_crosslink_20260930.csv;event_record_frame_catalog.csv;static_actor_event_dialogue_binding_20260930.csv;static_actor_spawn_conditions_20260930.csv;actor_motion_direction_pattern_table_20260930.csv
cfg_t50_l178_v1,0xF5,FF5-L012,0x06,,unknown,CE:0A12,confirmed_frame_trailer_pointer,7A_body16_7C_next_plus_1_16_00,0x7A->body16;0x7C->next_record_plus_1_16;0x00->terminator,static_event_tail_opcode59_actor_controller,prefix_plus_tail_placement,16,10,10,0,,confirmed_static_branch_unresolved_predicate,vm_expression(17 08 06 E1 17 07 06 E7) != 0,candidate,2,down/front,candidate_value_domain_matches_confirmed_motion_pattern,16,0x10,1,0,event_source_bound_actor,strong_structural,controller pointer equals structural event trailer; 1 validated event source binding(s); field06D9=2 matches confirmed motion-pattern value down/front; reader linkage not yet proven; spawn=confirmed_static_branch_unresolved_predicate,static_map_actor_selector_crosslink_20260930.csv;event_record_frame_catalog.csv;static_actor_event_dialogue_binding_20260930.csv;static_actor_spawn_conditions_20260930.csv;actor_motion_direction_pattern_table_20260930.csv
cfg_t50_l178_v1,0xF5,FF5-L013,0x07,,unknown,CE:0A2D,confirmed_frame_trailer_pointer,7A_body16_7C_next_plus_1_16_00,0x7A->body16;0x7C->next_record_plus_1_16;0x00->terminator,static_event_tail_opcode59_actor_controller,prefix_plus_tail_placement,16,10,10,0,,confirmed_static_branch_unresolved_predicate,vm_expression(17 08 07 E1 17 07 07 E7) != 0,candidate,2,down/front,candidate_value_domain_matches_confirmed_motion_pattern,16,0x10,1,0,event_source_bound_actor,strong_structural,controller pointer equals structural event trailer; 1 validated event source binding(s); field06D9=2 matches confirmed motion-pattern value down/front; reader linkage not yet proven; spawn=confirmed_static_branch_unresolved_predicate,static_map_actor_selector_crosslink_20260930.csv;event_record_frame_catalog.csv;static_actor_event_dialogue_binding_20260930.csv;static_actor_spawn_conditions_20260930.csv;actor_motion_direction_pattern_table_20260930.csv
cfg_t50_l178_v1,0xF5,FF5-L014,0x11,plant_or_effect_like,effect,CE:0A48,confirmed_frame_trailer_pointer,7A_body16_7C_next_plus_1_16_00,0x7A->body16;0x7C->next_record_plus_1_16;0x00->terminator,static_event_tail_opcode59_actor_controller,prefix_plus_tail_placement,16,10,10,0,,confirmed_static_branch_unresolved_predicate,vm_expression(17 08 11 E1 17 07 11 E7) != 0,candidate,2,down/front,candidate_value_domain_matches_confirmed_motion_pattern,16,0x10,1,0,event_source_bound_actor,strong_structural,controller pointer equals structural event trailer; 1 validated event source binding(s); field06D9=2 matches confirmed motion-pattern value down/front; reader linkage not yet proven; spawn=confirmed_static_branch_unresolved_predicate,static_map_actor_selector_crosslink_20260930.csv;event_record_frame_catalog.csv;static_actor_event_dialogue_binding_20260930.csv;static_actor_spawn_conditions_20260930.csv;actor_motion_direction_pattern_table_20260930.csv
cfg_t50_l178_v1,0xF5,FF5-L015,0x0F,small_creature_like,unknown,CE:0A63,confirmed_frame_trailer_pointer,7A_body16_7C_next_plus_1_16_00,0x7A->body16;0x7C->next_record_plus_1_16;0x00->terminator,static_event_tail_opcode59_actor_controller,prefix_plus_tail_placement,16,10,10,0,,confirmed_static_branch_unresolved_predicate,vm_expression(17 08 0F E1 17 07 0F E7) != 0,candidate,2,down/front,candidate_value_domain_matches_confirmed_motion_pattern,16,0x10,1,0,event_source_bound_actor,strong_structural,controller pointer equals structural event trailer; 1 validated event source binding(s); field06D9=2 matches confirmed motion-pattern value down/front; reader linkage not yet proven; spawn=confirmed_static_branch_unresolved_predicate,static_map_actor_selector_crosslink_20260930.csv;event_record_frame_catalog.csv;static_actor_event_dialogue_binding_20260930.csv;static_actor_spawn_conditions_20260930.csv;actor_motion_direction_pattern_table_20260930.csv
cfg_t50_l178_v1,0xF5,FF5-L016,0x10,humanoid_like,unknown,CE:0A7E,confirmed_frame_trailer_pointer,7A_body16_7C_next_plus_1_16_00,0x7A->body16;0x7C->next_record_plus_1_16;0x00->terminator,static_event_tail_opcode59_actor_controller,prefix_plus_tail_placement,16,10,10,0,,confirmed_static_branch_unresolved_predicate,vm_expression(17 08 10 E1 17 07 10 E7) != 0,candidate,2,down/front,candidate_value_domain_matches_confirmed_motion_pattern,16,0x10,1,0,event_source_bound_actor,strong_structural,controller pointer equals structural event trailer; 1 validated event source binding(s); field06D9=2 matches confirmed motion-pattern value down/front; reader linkage not yet proven; spawn=confirmed_static_branch_unresolved_predicate,static_map_actor_selector_crosslink_20260930.csv;event_record_frame_catalog.csv;static_actor_event_dialogue_binding_20260930.csv;static_actor_spawn_conditions_20260930.csv;actor_motion_direction_pattern_table_20260930.csv
cfg_t50_l178_v1,0xF5,FF5-L017,0x08,,unknown,CE:0A99,confirmed_frame_trailer_pointer,7A_body16_7C_next_plus_1_16_00,0x7A->body16;0x7C->next_record_plus_1_16;0x00->terminator,static_event_tail_opcode59_actor_controller,prefix_plus_tail_placement,16,10,10,0,,confirmed_static_branch_unresolved_predicate,vm_expression(17 08 08 E1 17 07 08 E7) != 0,candidate,2,down/front,candidate_value_domain_matches_confirmed_motion_pattern,16,0x10,1,0,event_source_bound_actor,strong_structural,controller pointer equals structural event trailer; 1 validated event source binding(s); field06D9=2 matches confirmed motion-pattern value down/front; reader linkage not yet proven; spawn=confirmed_static_branch_unresolved_predicate,static_map_actor_selector_crosslink_20260930.csv;event_record_frame_catalog.csv;static_actor_event_dialogue_binding_20260930.csv;static_actor_spawn_conditions_20260930.csv;actor_motion_direction_pattern_table_20260930.csv
cfg_t50_l178_v1,0xF5,FF5-L018,0x12,,unknown,CE:0AB4,confirmed_frame_trailer_pointer,7A_body16_7C_next_plus_1_16_00,0x7A->body16;0x7C->next_record_plus_1_16;0x00->terminator,static_event_tail_opcode59_actor_controller,prefix_plus_tail_placement,16,10,10,0,,confirmed_static_branch_unresolved_predicate,vm_expression(17 08 12 E1 17 07 12 E7) != 0,candidate,2,down/front,candidate_value_domain_matches_confirmed_motion_pattern,16,0x10,1,0,event_source_bound_actor,strong_structural,controller pointer equals structural event trailer; 1 validated event source binding(s); field06D9=2 matches confirmed motion-pattern value down/front; reader linkage not yet proven; spawn=confirmed_static_branch_unresolved_predicate,static_map_actor_selector_crosslink_20260930.csv;event_record_frame_catalog.csv;static_actor_event_dialogue_binding_20260930.csv;static_actor_spawn_conditions_20260930.csv;actor_motion_direction_pattern_table_20260930.csv
cfg_t50_l178_v1,0xF5,FF5-L019,0x13,,unknown,CE:0ACF,confirmed_frame_trailer_pointer,7A_body16_7C_next_plus_1_16_00,0x7A->body16;0x7C->next_record_plus_1_16;0x00->terminator,static_event_tail_opcode59_actor_controller,prefix_plus_tail_placement,16,10,10,0,,confirmed_static_branch_unresolved_predicate,vm_expression(17 08 13 E1 17 07 13 E7) != 0,candidate,2,down/front,candidate_value_domain_matches_confirmed_motion_pattern,16,0x10,1,0,event_source_bound_actor,strong_structural,controller pointer equals structural event trailer; 1 validated event source binding(s); field06D9=2 matches confirmed motion-pattern value down/front; reader linkage not yet proven; spawn=confirmed_static_branch_unresolved_predicate,static_map_actor_selector_crosslink_20260930.csv;event_record_frame_catalog.csv;static_actor_event_dialogue_binding_20260930.csv;static_actor_spawn_conditions_20260930.csv;actor_motion_direction_pattern_table_20260930.csv
cfg_t50_l178_v1,0xF5,FF5-L020,0x0D,,unknown,CE:0AEA,confirmed_frame_trailer_pointer,7A_body16_7C_next_plus_1_16_00,0x7A->body16;0x7C->next_record_plus_1_16;0x00->terminator,static_event_tail_opcode59_actor_controller,prefix_plus_tail_placement,16,10,10,0,,confirmed_static_branch_unresolved_predicate,vm_expression(17 08 0D E1 17 07 0D E7) != 0,candidate,2,down/front,candidate_value_domain_matches_confirmed_motion_pattern,16,0x10,1,0,event_source_bound_actor,strong_structural,controller pointer equals structural event trailer; 1 validated event source binding(s); field06D9=2 matches confirmed motion-pattern value down/front; reader linkage not yet proven; spawn=confirmed_static_branch_unresolved_predicate,static_map_actor_selector_crosslink_20260930.csv;event_record_frame_catalog.csv;static_actor_event_dialogue_binding_20260930.csv;static_actor_spawn_conditions_20260930.csv;actor_motion_direction_pattern_table_20260930.csv
cfg_t50_l178_v1,0xF5,FF5-L021,0x0E,monster_like,unknown,CE:0B09,confirmed_frame_trailer_pointer,7A_body16_7C_next_plus_1_16_00,0x7A->body16;0x7C->next_record_plus_1_16;0x00->terminator,static_event_tail_opcode59_actor_controller,prefix_plus_tail_placement,16,10,10,0,,confirmed_static_branch_unresolved_predicate,vm_expression(17 08 0E E1 17 07 0E E7) != 0,candidate,2,down/front,candidate_value_domain_matches_confirmed_motion_pattern,16,0x10,1,0,event_source_bound_actor,strong_structural,controller pointer equals structural event trailer; 1 validated event source binding(s); field06D9=2 matches confirmed motion-pattern value down/front; reader linkage not yet proven; spawn=confirmed_static_branch_unresolved_predicate,static_map_actor_selector_crosslink_20260930.csv;event_record_frame_catalog.csv;static_actor_event_dialogue_binding_20260930.csv;static_actor_spawn_conditions_20260930.csv;actor_motion_direction_pattern_table_20260930.csv
cfg_t50_l178_v1,0xF5,FF5-L022,0x14,,unknown,CE:0B24,confirmed_frame_trailer_pointer,7A_body16_7C_next_plus_1_16_00,0x7A->body16;0x7C->next_record_plus_1_16;0x00->terminator,static_event_tail_opcode59_actor_controller,prefix_plus_tail_placement,16,10,10,0,,confirmed_static_branch_unresolved_predicate,vm_expression(17 08 14 E1 17 07 14 E7) != 0,candidate,2,down/front,candidate_value_domain_matches_confirmed_motion_pattern,16,0x10,1,0,event_source_bound_actor,strong_structural,controller pointer equals structural event trailer; 1 validated event source binding(s); field06D9=2 matches confirmed motion-pattern value down/front; reader linkage not yet proven; spawn=confirmed_static_branch_unresolved_predicate,static_map_actor_selector_crosslink_20260930.csv;event_record_frame_catalog.csv;static_actor_event_dialogue_binding_20260930.csv;static_actor_spawn_conditions_20260930.csv;actor_motion_direction_pattern_table_20260930.csv
cfg_t50_l178_v1,0xF5,FF5-L023,0x0A,,unknown,CE:0B3F,confirmed_frame_trailer_pointer,7A_body16_7C_next_plus_1_16_00,0x7A->body16;0x7C->next_record_plus_1_16;0x00->terminator,static_event_tail_opcode59_actor_controller,prefix_plus_tail_placement,16,10,10,0,,confirmed_static_branch_unresolved_predicate,vm_expression(17 08 0A E1 17 07 0A E7) != 0,candidate,2,down/front,candidate_value_domain_matches_confirmed_motion_pattern,16,0x10,1,0,event_source_bound_actor,strong_structural,controller pointer equals structural event trailer; 1 validated event source binding(s); field06D9=2 matches confirmed motion-pattern value down/front; reader linkage not yet proven; spawn=confirmed_static_branch_unresolved_predicate,static_map_actor_selector_crosslink_20260930.csv;event_record_frame_catalog.csv;static_actor_event_dialogue_binding_20260930.csv;static_actor_spawn_conditions_20260930.csv;actor_motion_direction_pattern_table_20260930.csv
cfg_t50_l178_v1,0xF5,FF5-L024,0x6A,,unknown,CE:0B5A,confirmed_frame_trailer_pointer,7A_body16_7C_next_plus_1_16_00,0x7A->body16;0x7C->next_record_plus_1_16;0x00->terminator,static_event_tail_opcode59_actor_controller,prefix_plus_tail_placement,16,10,10,0,,confirmed_static_branch_unresolved_predicate,vm_expression(17 08 0C E1 17 07 0C E7) != 0,candidate,2,down/front,candidate_value_domain_matches_confirmed_motion_pattern,16,0x10,1,0,event_source_bound_actor,strong_structural,controller pointer equals structural event trailer; 1 validated event source binding(s); field06D9=2 matches confirmed motion-pattern value down/front; reader linkage not yet proven; spawn=confirmed_static_branch_unresolved_predicate,static_map_actor_selector_crosslink_20260930.csv;event_record_frame_catalog.csv;static_actor_event_dialogue_binding_20260930.csv;static_actor_spawn_conditions_20260930.csv;actor_motion_direction_pattern_table_20260930.csv
cfg_t50_l178_v1,0xF5,FF5-L025,0x0B,,unknown,CE:0B75,confirmed_frame_trailer_pointer,7A_body16_7C_next_plus_1_16_00,0x7A->body16;0x7C->next_record_plus_1_16;0x00->terminator,static_event_tail_opcode59_actor_controller,prefix_plus_tail_placement,16,10,10,0,,confirmed_static_branch_unresolved_predicate,vm_expression(17 08 0B E1 17 07 0B E7) != 0,candidate,2,down/front,candidate_value_domain_matches_confirmed_motion_pattern,16,0x10,1,0,event_source_bound_actor,strong_structural,controller pointer equals structural event trailer; 1 validated event source binding(s); field06D9=2 matches confirmed motion-pattern value down/front; reader linkage not yet proven; spawn=confirmed_static_branch_unresolved_predicate,static_map_actor_selector_crosslink_20260930.csv;event_record_frame_catalog.csv;static_actor_event_dialogue_binding_20260930.csv;static_actor_spawn_conditions_20260930.csv;actor_motion_direction_pattern_table_20260930.csv
cfg_t07_l072_v2,0xF6,FF6-L001,0x23,humanoid_like,unknown,CE:0C24,confirmed_frame_trailer_pointer,7A_body16_7C_next_plus_1_16_00,0x7A->body16;0x7C->next_record_plus_1_16;0x00->terminator,static_event_tail_opcode59_actor_controller,prefix_plus_tail_placement,13,7,7,0,,unresolved_complex_control_flow,,candidate,1,right,candidate_value_domain_matches_confirmed_motion_pattern,16,0x10,1,0,event_source_bound_actor,strong_structural,controller pointer equals structural event trailer; 1 validated event source binding(s); field06D9=1 matches confirmed motion-pattern value right; reader linkage not yet proven; spawn=unresolved_complex_control_flow,static_map_actor_selector_crosslink_20260930.csv;event_record_frame_catalog.csv;static_actor_event_dialogue_binding_20260930.csv;static_actor_spawn_conditions_20260930.csv;actor_motion_direction_pattern_table_20260930.csv
cfg_t04_l074_v2,0xF6,FF6-L001,0x23,humanoid_like,unknown,CE:0C24,confirmed_frame_trailer_pointer,7A_body16_7C_next_plus_1_16_00,0x7A->body16;0x7C->next_record_plus_1_16;0x00->terminator,static_event_tail_opcode59_actor_controller,prefix_plus_tail_placement,13,7,7,0,,unresolved_complex_control_flow,,candidate,1,right,candidate_value_domain_matches_confirmed_motion_pattern,16,0x10,1,0,event_source_bound_actor,strong_structural,controller pointer equals structural event trailer; 1 validated event source binding(s); field06D9=1 matches confirmed motion-pattern value right; reader linkage not yet proven; spawn=unresolved_complex_control_flow,static_map_actor_selector_crosslink_20260930.csv;event_record_frame_catalog.csv;static_actor_event_dialogue_binding_20260930.csv;static_actor_spawn_conditions_20260930.csv;actor_motion_direction_pattern_table_20260930.csv
cfg_t07_l009_v2,0xF9,FF9-L001,0x49,animal_like,animal,CE:1231,confirmed_frame_trailer_pointer,7A_body16_7C_next_plus_1_16_00,0x7A->body16;0x7C->next_record_plus_1_16;0x00->terminator,static_event_head_opcode59_actor_controller,head_exact_placement_only,6,0,0,0,,confirmed_static_unconditional,always,visible,2,down/front,candidate_value_domain_matches_confirmed_motion_pattern,0,0x00,1,0,event_source_bound_actor,strong_structural,controller pointer equals structural event trailer; 1 validated event source binding(s); field06D9=2 matches confirmed motion-pattern value down/front; reader linkage not yet proven; spawn=confirmed_static_unconditional,static_map_actor_selector_crosslink_20260930.csv;event_record_frame_catalog.csv;static_actor_event_dialogue_binding_20260930.csv;static_actor_spawn_conditions_20260930.csv;actor_motion_direction_pattern_table_20260930.csv
cfg_t07_l009_v2,0xF9,FF9-L002,0x3E,humanoid_like,unknown,CE:1244,confirmed_frame_trailer_pointer,7A_body16_7C_next_plus_1_16_00,0x7A->body16;0x7C->next_record_plus_1_16;0x00->terminator,static_event_head_opcode59_actor_controller,head_exact_placement_only,6,0,0,0,,confirmed_static_unconditional,always,visible,2,down/front,candidate_value_domain_matches_confirmed_motion_pattern,0,0x00,0,0,placed_actor_no_validated_source,placement_only,controller pointer equals structural event trailer; no validated source selection; field06D9=2 matches confirmed motion-pattern value down/front; reader linkage not yet proven; spawn=confirmed_static_unconditional,static_map_actor_selector_crosslink_20260930.csv;event_record_frame_catalog.csv;static_actor_event_dialogue_binding_20260930.csv;static_actor_spawn_conditions_20260930.csv;actor_motion_direction_pattern_table_20260930.csv
cfg_t07_l009_v2,0xF9,FF9-L003,0x27,humanoid_like,unknown,CE:1256,confirmed_frame_trailer_pointer,7A_body16_7C_next_plus_1_16_00,0x7A->body16;0x7C->next_record_plus_1_16;0x00->terminator,static_event_head_opcode59_actor_controller,head_exact_placement_only,6,0,0,0,,confirmed_static_unconditional,always,visible,2,down/front,candidate_value_domain_matches_confirmed_motion_pattern,0,0x00,0,0,placed_actor_no_validated_source,placement_only,controller pointer equals structural event trailer; no validated source selection; field06D9=2 matches confirmed motion-pattern value down/front; reader linkage not yet proven; spawn=confirmed_static_unconditional,static_map_actor_selector_crosslink_20260930.csv;event_record_frame_catalog.csv;static_actor_event_dialogue_binding_20260930.csv;static_actor_spawn_conditions_20260930.csv;actor_motion_direction_pattern_table_20260930.csv
cfg_t07_l009_v2,0xF9,FF9-L004,0x59,humanoid_like,unknown,CE:126E,confirmed_frame_trailer_pointer,7A_body16_7C_next_plus_1_16_00,0x7A->body16;0x7C->next_record_plus_1_16;0x00->terminator,static_event_head_opcode59_actor_controller,head_exact_placement_only,6,0,0,0,,confirmed_static_unconditional,always,visible,1,right,candidate_value_domain_matches_confirmed_motion_pattern,65,0x41,0,0,placed_actor_no_validated_source,placement_only,controller pointer equals structural event trailer; no validated source selection; field06D9=1 matches confirmed motion-pattern value right; reader linkage not yet proven; spawn=confirmed_static_unconditional,static_map_actor_selector_crosslink_20260930.csv;event_record_frame_catalog.csv;static_actor_event_dialogue_binding_20260930.csv;static_actor_spawn_conditions_20260930.csv;actor_motion_direction_pattern_table_20260930.csv
cfg_t07_l009_v2,0xF9,FF9-L005,0x03,humanoid_like,unknown,CE:12A1,confirmed_frame_trailer_pointer,7A_body16_7C_next_plus_1_16_00,0x7A->body16;0x7C->next_record_plus_1_16;0x00->terminator,static_event_head_opcode59_actor_controller,head_placement_plus_suffix,9,0,0,3,71 0c 00,confirmed_static_unconditional,always,visible,1,right,candidate_value_domain_matches_confirmed_motion_pattern,16,0x10,0,0,placed_actor_no_validated_source,placement_only,controller pointer equals structural event trailer; no validated source selection; field06D9=1 matches confirmed motion-pattern value right; reader linkage not yet proven; spawn=confirmed_static_unconditional,static_map_actor_selector_crosslink_20260930.csv;event_record_frame_catalog.csv;static_actor_event_dialogue_binding_20260930.csv;static_actor_spawn_conditions_20260930.csv;actor_motion_direction_pattern_table_20260930.csv
cfg_t07_l009_v2,0xF9,FF9-L006,0x5C,object_like,effect,CE:12B8,confirmed_frame_trailer_pointer,7A_body16_7C_next_plus_1_16_00,0x7A->body16;0x7C->next_record_plus_1_16;0x00->terminator,static_event_head_opcode59_actor_controller,head_exact_placement_only,6,0,0,0,,confirmed_static_unconditional,always,visible,2,down/front,candidate_value_domain_matches_confirmed_motion_pattern,16,0x10,0,0,placed_actor_no_validated_source,placement_only,controller pointer equals structural event trailer; no validated source selection; field06D9=2 matches confirmed motion-pattern value down/front; reader linkage not yet proven; spawn=confirmed_static_unconditional,static_map_actor_selector_crosslink_20260930.csv;event_record_frame_catalog.csv;static_actor_event_dialogue_binding_20260930.csv;static_actor_spawn_conditions_20260930.csv;actor_motion_direction_pattern_table_20260930.csv
cfg_t07_l009_v2,0xF9,FF9-L007,0x9C,humanoid_like,unknown,CE:12D2,confirmed_frame_trailer_pointer,7A_body16_7C_next_plus_1_16_00,0x7A->body16;0x7C->next_record_plus_1_16;0x00->terminator,static_event_head_opcode59_actor_controller,head_exact_placement_only,6,0,0,0,,confirmed_static_unconditional,always,visible,2,down/front,candidate_value_domain_matches_confirmed_motion_pattern,65,0x41,0,0,placed_actor_no_validated_source,placement_only,controller pointer equals structural event trailer; no validated source selection; field06D9=2 matches confirmed motion-pattern value down/front; reader linkage not yet proven; spawn=confirmed_static_unconditional,static_map_actor_selector_crosslink_20260930.csv;event_record_frame_catalog.csv;static_actor_event_dialogue_binding_20260930.csv;static_actor_spawn_conditions_20260930.csv;actor_motion_direction_pattern_table_20260930.csv
cfg_t07_l009_v2,0xF9,FF9-L008,0x27,humanoid_like,unknown,CE:12ED,confirmed_frame_trailer_pointer,7A_body16_7C_next_plus_1_16_00,0x7A->body16;0x7C->next_record_plus_1_16;0x00->terminator,static_event_head_opcode59_actor_controller,head_exact_placement_only,6,0,0,0,,confirmed_static_unconditional,always,visible,2,down/front,candidate_value_domain_matches_confirmed_motion_pattern,16,0x10,1,0,event_source_bound_actor,strong_structural,controller pointer equals structural event trailer; 1 validated event source binding(s); field06D9=2 matches confirmed motion-pattern value down/front; reader linkage not yet proven; spawn=confirmed_static_unconditional,static_map_actor_selector_crosslink_20260930.csv;event_record_frame_catalog.csv;static_actor_event_dialogue_binding_20260930.csv;static_actor_spawn_conditions_20260930.csv;actor_motion_direction_pattern_table_20260930.csv
cfg_t07_l009_v2,0xF9,FF9-L009,0x49,animal_like,animal,CE:131E,confirmed_frame_trailer_pointer,7A_body16_7C_next_plus_1_16_00,0x7A->body16;0x7C->next_record_plus_1_16;0x00->terminator,static_event_head_opcode59_actor_controller,head_exact_placement_only,6,0,0,0,,confirmed_static_unconditional,always,visible,2,down/front,candidate_value_domain_matches_confirmed_motion_pattern,16,0x10,0,0,placed_actor_no_validated_source,placement_only,controller pointer equals structural event trailer; no validated source selection; field06D9=2 matches confirmed motion-pattern value down/front; reader linkage not yet proven; spawn=confirmed_static_unconditional,static_map_actor_selector_crosslink_20260930.csv;event_record_frame_catalog.csv;static_actor_event_dialogue_binding_20260930.csv;static_actor_spawn_conditions_20260930.csv;actor_motion_direction_pattern_table_20260930.csv
