config_id,record_id,selector_hex,semantic_role,character_name,appearance_class,confidence,evidence,provenance
cfg_t07_l016_v2,F2A-L001,0x43,unknown,,,unknown,no semantic evidence joined,static_map_actor_selector_crosslink_20260930.csv;static_map_actor_semantic_candidates_20260930.csv
cfg_t07_l016_v2,F2A-L002,0x43,unknown,,,unknown,no semantic evidence joined,static_map_actor_selector_crosslink_20260930.csv;static_map_actor_semantic_candidates_20260930.csv
cfg_t07_l016_v2,F2A-L003,0x43,unknown,,,unknown,no semantic evidence joined,static_map_actor_selector_crosslink_20260930.csv;static_map_actor_semantic_candidates_20260930.csv
cfg_t07_l016_v2,F2A-L004,0x43,unknown,,,unknown,no semantic evidence joined,static_map_actor_selector_crosslink_20260930.csv;static_map_actor_semantic_candidates_20260930.csv
cfg_t07_l016_v2,F2A-L005,0x43,unknown,,,unknown,no semantic evidence joined,static_map_actor_selector_crosslink_20260930.csv;static_map_actor_semantic_candidates_20260930.csv
cfg_t07_l016_v2,F2A-L006,0x23,unknown,,,unknown,no semantic evidence joined,static_map_actor_selector_crosslink_20260930.csv;static_map_actor_semantic_candidates_20260930.csv
cfg_t07_l016_v2,F2A-L007,0x43,unknown,,,unknown,no semantic evidence joined,static_map_actor_selector_crosslink_20260930.csv;static_map_actor_semantic_candidates_20260930.csv
cfg_t07_l016_v2,F2A-L008,0x43,unknown,,,unknown,no semantic evidence joined,static_map_actor_selector_crosslink_20260930.csv;static_map_actor_semantic_candidates_20260930.csv
cfg_t07_l016_v2,F2A-L009,0x43,unknown,,,unknown,no semantic evidence joined,static_map_actor_selector_crosslink_20260930.csv;static_map_actor_semantic_candidates_20260930.csv
cfg_t07_l016_v2,F2A-L010,0x29,unknown,,,unknown,no semantic evidence joined,static_map_actor_selector_crosslink_20260930.csv;static_map_actor_semantic_candidates_20260930.csv
cfg_t07_l016_v2,F2A-L011,0x43,unknown,,,unknown,no semantic evidence joined,static_map_actor_selector_crosslink_20260930.csv;static_map_actor_semantic_candidates_20260930.csv
cfg_t07_l033_v2,F2C-L001,0x41,unknown,,,unknown,no semantic evidence joined,static_map_actor_selector_crosslink_20260930.csv;static_map_actor_semantic_candidates_20260930.csv
cfg_t07_l011_v2,F2C-L001,0x41,unknown,,,unknown,no semantic evidence joined,static_map_actor_selector_crosslink_20260930.csv;static_map_actor_semantic_candidates_20260930.csv
cfg_t07_l033_v2,F2C-L002,0x3C,unknown,,,unknown,no semantic evidence joined,static_map_actor_selector_crosslink_20260930.csv;static_map_actor_semantic_candidates_20260930.csv
cfg_t07_l011_v2,F2C-L002,0x3C,unknown,,,unknown,no semantic evidence joined,static_map_actor_selector_crosslink_20260930.csv;static_map_actor_semantic_candidates_20260930.csv
cfg_t07_l033_v2,F2C-L003,0x43,unknown,,,unknown,no semantic evidence joined,static_map_actor_selector_crosslink_20260930.csv;static_map_actor_semantic_candidates_20260930.csv
cfg_t07_l011_v2,F2C-L003,0x43,unknown,,,unknown,no semantic evidence joined,static_map_actor_selector_crosslink_20260930.csv;static_map_actor_semantic_candidates_20260930.csv
cfg_t07_l033_v2,F2C-L004,0x5A,unknown,,,unknown,no semantic evidence joined,static_map_actor_selector_crosslink_20260930.csv;static_map_actor_semantic_candidates_20260930.csv
cfg_t07_l011_v2,F2C-L004,0x5A,unknown,,,unknown,no semantic evidence joined,static_map_actor_selector_crosslink_20260930.csv;static_map_actor_semantic_candidates_20260930.csv
cfg_t07_l033_v2,F2C-L005,0x24,unknown,,,unknown,no semantic evidence joined,static_map_actor_selector_crosslink_20260930.csv;static_map_actor_semantic_candidates_20260930.csv
cfg_t07_l011_v2,F2C-L005,0x24,unknown,,,unknown,no semantic evidence joined,static_map_actor_selector_crosslink_20260930.csv;static_map_actor_semantic_candidates_20260930.csv
cfg_t07_l033_v2,F2C-L006,0x0D,unknown,,,unknown,no semantic evidence joined,static_map_actor_selector_crosslink_20260930.csv;static_map_actor_semantic_candidates_20260930.csv
cfg_t07_l011_v2,F2C-L006,0x0D,unknown,,,unknown,no semantic evidence joined,static_map_actor_selector_crosslink_20260930.csv;static_map_actor_semantic_candidates_20260930.csv
cfg_t07_l033_v2,F2C-L007,0x59,unknown,,,unknown,no semantic evidence joined,static_map_actor_selector_crosslink_20260930.csv;static_map_actor_semantic_candidates_20260930.csv
cfg_t07_l011_v2,F2C-L007,0x59,unknown,,,unknown,no semantic evidence joined,static_map_actor_selector_crosslink_20260930.csv;static_map_actor_semantic_candidates_20260930.csv
cfg_t07_l033_v2,F2C-L008,0x40,unknown,,,unknown,no semantic evidence joined,static_map_actor_selector_crosslink_20260930.csv;static_map_actor_semantic_candidates_20260930.csv
cfg_t07_l011_v2,F2C-L008,0x40,unknown,,,unknown,no semantic evidence joined,static_map_actor_selector_crosslink_20260930.csv;static_map_actor_semantic_candidates_20260930.csv
cfg_t07_l033_v2,F2C-L009,0x3D,unknown,,,unknown,no semantic evidence joined,static_map_actor_selector_crosslink_20260930.csv;static_map_actor_semantic_candidates_20260930.csv
cfg_t07_l011_v2,F2C-L009,0x3D,unknown,,,unknown,no semantic evidence joined,static_map_actor_selector_crosslink_20260930.csv;static_map_actor_semantic_candidates_20260930.csv
cfg_t07_l033_v2,F2C-L010,0x40,unknown,,,unknown,no semantic evidence joined,static_map_actor_selector_crosslink_20260930.csv;static_map_actor_semantic_candidates_20260930.csv
cfg_t07_l011_v2,F2C-L010,0x40,unknown,,,unknown,no semantic evidence joined,static_map_actor_selector_crosslink_20260930.csv;static_map_actor_semantic_candidates_20260930.csv
cfg_t07_l033_v2,F2C-L011,0x5A,unknown,,,unknown,no semantic evidence joined,static_map_actor_selector_crosslink_20260930.csv;static_map_actor_semantic_candidates_20260930.csv
cfg_t07_l011_v2,F2C-L011,0x5A,unknown,,,unknown,no semantic evidence joined,static_map_actor_selector_crosslink_20260930.csv;static_map_actor_semantic_candidates_20260930.csv
cfg_t07_l033_v2,F2C-L012,0x59,unknown,,,unknown,no semantic evidence joined,static_map_actor_selector_crosslink_20260930.csv;static_map_actor_semantic_candidates_20260930.csv
cfg_t07_l011_v2,F2C-L012,0x59,unknown,,,unknown,no semantic evidence joined,static_map_actor_selector_crosslink_20260930.csv;static_map_actor_semantic_candidates_20260930.csv
cfg_t07_l033_v2,F2C-L013,0x40,unknown,,,unknown,no semantic evidence joined,static_map_actor_selector_crosslink_20260930.csv;static_map_actor_semantic_candidates_20260930.csv
cfg_t07_l011_v2,F2C-L013,0x40,unknown,,,unknown,no semantic evidence joined,static_map_actor_selector_crosslink_20260930.csv;static_map_actor_semantic_candidates_20260930.csv
cfg_t07_l033_v2,F2C-L014,0x42,unknown,,,unknown,no semantic evidence joined,static_map_actor_selector_crosslink_20260930.csv;static_map_actor_semantic_candidates_20260930.csv
cfg_t07_l011_v2,F2C-L014,0x42,unknown,,,unknown,no semantic evidence joined,static_map_actor_selector_crosslink_20260930.csv;static_map_actor_semantic_candidates_20260930.csv
cfg_t07_l033_v2,F2C-L015,0x3F,unknown,,,unknown,no semantic evidence joined,static_map_actor_selector_crosslink_20260930.csv;static_map_actor_semantic_candidates_20260930.csv
cfg_t07_l011_v2,F2C-L015,0x3F,unknown,,,unknown,no semantic evidence joined,static_map_actor_selector_crosslink_20260930.csv;static_map_actor_semantic_candidates_20260930.csv
cfg_t07_l033_v2,F2C-L016,0x44,unknown,,,unknown,no semantic evidence joined,static_map_actor_selector_crosslink_20260930.csv;static_map_actor_semantic_candidates_20260930.csv
cfg_t07_l011_v2,F2C-L016,0x44,unknown,,,unknown,no semantic evidence joined,static_map_actor_selector_crosslink_20260930.csv;static_map_actor_semantic_candidates_20260930.csv
cfg_t07_l033_v2,F2C-L017,0x43,unknown,,,unknown,no semantic evidence joined,static_map_actor_selector_crosslink_20260930.csv;static_map_actor_semantic_candidates_20260930.csv
cfg_t07_l011_v2,F2C-L017,0x43,unknown,,,unknown,no semantic evidence joined,static_map_actor_selector_crosslink_20260930.csv;static_map_actor_semantic_candidates_20260930.csv
cfg_t07_l033_v2,F2C-L018,0x24,unknown,,,unknown,no semantic evidence joined,static_map_actor_selector_crosslink_20260930.csv;static_map_actor_semantic_candidates_20260930.csv
cfg_t07_l011_v2,F2C-L018,0x24,unknown,,,unknown,no semantic evidence joined,static_map_actor_selector_crosslink_20260930.csv;static_map_actor_semantic_candidates_20260930.csv
cfg_t07_l013_v2,F2D-L001,0x42,unknown,,,unknown,no semantic evidence joined,static_map_actor_selector_crosslink_20260930.csv;static_map_actor_semantic_candidates_20260930.csv
cfg_t07_l013_v2,F2D-L002,0x42,unknown,,,unknown,no semantic evidence joined,static_map_actor_selector_crosslink_20260930.csv;static_map_actor_semantic_candidates_20260930.csv
cfg_t07_l013_v2,F2D-L003,0x42,unknown,,,unknown,no semantic evidence joined,static_map_actor_selector_crosslink_20260930.csv;static_map_actor_semantic_candidates_20260930.csv
cfg_t07_l013_v2,F2D-L004,0x40,unknown,,,unknown,no semantic evidence joined,static_map_actor_selector_crosslink_20260930.csv;static_map_actor_semantic_candidates_20260930.csv
cfg_t07_l015_v2,F2E-L001,0x28,unknown,,,unknown,no semantic evidence joined,static_map_actor_selector_crosslink_20260930.csv;static_map_actor_semantic_candidates_20260930.csv
cfg_t07_l015_v2,F2E-L002,0x40,unknown,,,unknown,no semantic evidence joined,static_map_actor_selector_crosslink_20260930.csv;static_map_actor_semantic_candidates_20260930.csv
cfg_t07_l015_v2,F2E-L003,0x23,unknown,,,unknown,no semantic evidence joined,static_map_actor_selector_crosslink_20260930.csv;static_map_actor_semantic_candidates_20260930.csv
cfg_t07_l026_v2,F33-L001,0x44,unknown,,,unknown,no semantic evidence joined,static_map_actor_selector_crosslink_20260930.csv;static_map_actor_semantic_candidates_20260930.csv
cfg_t07_l026_v2,F33-L002,0x43,unknown,,,unknown,no semantic evidence joined,static_map_actor_selector_crosslink_20260930.csv;static_map_actor_semantic_candidates_20260930.csv
cfg_t07_l026_v2,F33-L003,0x2E,unknown,,,unknown,no semantic evidence joined,static_map_actor_selector_crosslink_20260930.csv;static_map_actor_semantic_candidates_20260930.csv
cfg_t07_l026_v2,F33-L004,0x29,unknown,,,unknown,no semantic evidence joined,static_map_actor_selector_crosslink_20260930.csv;static_map_actor_semantic_candidates_20260930.csv
cfg_t07_l026_v2,F33-L005,0x24,unknown,,,unknown,no semantic evidence joined,static_map_actor_selector_crosslink_20260930.csv;static_map_actor_semantic_candidates_20260930.csv
cfg_t07_l026_v2,F33-L006,0x23,unknown,,,unknown,no semantic evidence joined,static_map_actor_selector_crosslink_20260930.csv;static_map_actor_semantic_candidates_20260930.csv
cfg_t07_l022_v2,F34-L001,0x59,unknown,,,unknown,no semantic evidence joined,static_map_actor_selector_crosslink_20260930.csv;static_map_actor_semantic_candidates_20260930.csv
cfg_t07_l022_v2,F34-L002,0x5B,unknown,,,unknown,no semantic evidence joined,static_map_actor_selector_crosslink_20260930.csv;static_map_actor_semantic_candidates_20260930.csv
cfg_t07_l022_v2,F34-L003,0x2E,unknown,,,unknown,no semantic evidence joined,static_map_actor_selector_crosslink_20260930.csv;static_map_actor_semantic_candidates_20260930.csv
cfg_t07_l022_v2,F34-L004,0x43,unknown,,,unknown,no semantic evidence joined,static_map_actor_selector_crosslink_20260930.csv;static_map_actor_semantic_candidates_20260930.csv
cfg_t07_l022_v2,F34-L005,0x2E,unknown,,,unknown,no semantic evidence joined,static_map_actor_selector_crosslink_20260930.csv;static_map_actor_semantic_candidates_20260930.csv
cfg_t07_l022_v2,F34-L006,0x2E,unknown,,,unknown,no semantic evidence joined,static_map_actor_selector_crosslink_20260930.csv;static_map_actor_semantic_candidates_20260930.csv
cfg_t07_l022_v2,F34-L007,0x2E,unknown,,,unknown,no semantic evidence joined,static_map_actor_selector_crosslink_20260930.csv;static_map_actor_semantic_candidates_20260930.csv
cfg_t07_l022_v2,F34-L008,0x55,unknown,,,unknown,no semantic evidence joined,static_map_actor_selector_crosslink_20260930.csv;static_map_actor_semantic_candidates_20260930.csv
cfg_t07_l022_v2,F34-L009,0x42,unknown,,,unknown,no semantic evidence joined,static_map_actor_selector_crosslink_20260930.csv;static_map_actor_semantic_candidates_20260930.csv
cfg_t07_l023_v2,F35-L001,0x2E,unknown,,,unknown,no semantic evidence joined,static_map_actor_selector_crosslink_20260930.csv;static_map_actor_semantic_candidates_20260930.csv
cfg_t54_l190_v2,F38-L001,0x39,unknown,,,unknown,no semantic evidence joined,static_map_actor_selector_crosslink_20260930.csv;static_map_actor_semantic_candidates_20260930.csv
cfg_t54_l190_v2,F39-L001,0x39,unknown,,,unknown,no semantic evidence joined,static_map_actor_selector_crosslink_20260930.csv;static_map_actor_semantic_candidates_20260930.csv
cfg_t07_l033_v2,F3D-L001,0x3F,unknown,,,unknown,no semantic evidence joined,static_map_actor_selector_crosslink_20260930.csv;static_map_actor_semantic_candidates_20260930.csv
cfg_t07_l068_v2,F3D-L001,0x3F,unknown,,,unknown,no semantic evidence joined,static_map_actor_selector_crosslink_20260930.csv;static_map_actor_semantic_candidates_20260930.csv
cfg_t07_l033_v2,F3D-L002,0x42,unknown,,,unknown,no semantic evidence joined,static_map_actor_selector_crosslink_20260930.csv;static_map_actor_semantic_candidates_20260930.csv
cfg_t07_l068_v2,F3D-L002,0x42,unknown,,,unknown,no semantic evidence joined,static_map_actor_selector_crosslink_20260930.csv;static_map_actor_semantic_candidates_20260930.csv
cfg_t07_l049_v2,F3F-L001,0x24,unknown,,,unknown,no semantic evidence joined,static_map_actor_selector_crosslink_20260930.csv;static_map_actor_semantic_candidates_20260930.csv
cfg_t07_l049_v2,F3F-L002,0x42,unknown,,,unknown,no semantic evidence joined,static_map_actor_selector_crosslink_20260930.csv;static_map_actor_semantic_candidates_20260930.csv
cfg_t07_l049_v2,F3F-L003,0x42,unknown,,,unknown,no semantic evidence joined,static_map_actor_selector_crosslink_20260930.csv;static_map_actor_semantic_candidates_20260930.csv
cfg_t07_l049_v2,F3F-L004,0x3E,unknown,,,unknown,no semantic evidence joined,static_map_actor_selector_crosslink_20260930.csv;static_map_actor_semantic_candidates_20260930.csv
cfg_t07_l049_v2,F3F-L005,0x42,unknown,,,unknown,no semantic evidence joined,static_map_actor_selector_crosslink_20260930.csv;static_map_actor_semantic_candidates_20260930.csv
cfg_t07_l049_v2,F3F-L006,0x0D,unknown,,,unknown,no semantic evidence joined,static_map_actor_selector_crosslink_20260930.csv;static_map_actor_semantic_candidates_20260930.csv
cfg_t07_l051_v2,F40-L001,0x59,unknown,,purple-green human graphics alias,candidate,humanoid actor; finer role not proven; visual form plus static opcode59 map binding,static_map_actor_selector_crosslink_20260930.csv;static_map_actor_semantic_candidates_20260930.csv
cfg_t07_l051_v2,F40-L002,0x42,unknown,,blue-red human figure,candidate,humanoid actor; finer role not proven; visual form plus static opcode59 map binding,static_map_actor_selector_crosslink_20260930.csv;static_map_actor_semantic_candidates_20260930.csv
cfg_t07_l050_v2,F41-L001,0x5B,unknown,,,unknown,no semantic evidence joined,static_map_actor_selector_crosslink_20260930.csv;static_map_actor_semantic_candidates_20260930.csv
cfg_t07_l050_v2,F41-L002,0x5B,unknown,,,unknown,no semantic evidence joined,static_map_actor_selector_crosslink_20260930.csv;static_map_actor_semantic_candidates_20260930.csv
cfg_t07_l050_v2,F41-L003,0x5B,unknown,,,unknown,no semantic evidence joined,static_map_actor_selector_crosslink_20260930.csv;static_map_actor_semantic_candidates_20260930.csv
cfg_t07_l050_v2,F41-L004,0x28,unknown,,,unknown,no semantic evidence joined,static_map_actor_selector_crosslink_20260930.csv;static_map_actor_semantic_candidates_20260930.csv
cfg_t07_l050_v2,F41-L005,0x45,unknown,,,unknown,no semantic evidence joined,static_map_actor_selector_crosslink_20260930.csv;static_map_actor_semantic_candidates_20260930.csv
cfg_t07_l050_v2,F41-L006,0x28,unknown,,,unknown,no semantic evidence joined,static_map_actor_selector_crosslink_20260930.csv;static_map_actor_semantic_candidates_20260930.csv
cfg_t07_l050_v2,F41-L007,0x5B,unknown,,,unknown,no semantic evidence joined,static_map_actor_selector_crosslink_20260930.csv;static_map_actor_semantic_candidates_20260930.csv
cfg_t07_l050_v2,F41-L008,0x5B,unknown,,,unknown,no semantic evidence joined,static_map_actor_selector_crosslink_20260930.csv;static_map_actor_semantic_candidates_20260930.csv
cfg_t07_l050_v2,F41-L009,0x5B,unknown,,,unknown,no semantic evidence joined,static_map_actor_selector_crosslink_20260930.csv;static_map_actor_semantic_candidates_20260930.csv
cfg_t07_l050_v2,F41-L010,0x5B,unknown,,,unknown,no semantic evidence joined,static_map_actor_selector_crosslink_20260930.csv;static_map_actor_semantic_candidates_20260930.csv
cfg_t07_l050_v2,F41-L011,0x45,unknown,,,unknown,no semantic evidence joined,static_map_actor_selector_crosslink_20260930.csv;static_map_actor_semantic_candidates_20260930.csv
cfg_t07_l053_v2,F43-L001,0x42,unknown,,blue-red human figure,candidate,humanoid actor; finer role not proven; visual form plus static opcode59 map binding,static_map_actor_selector_crosslink_20260930.csv;static_map_actor_semantic_candidates_20260930.csv
cfg_t07_l053_v2,F43-L002,0x41,unknown,,yellow-clad human figure,candidate,humanoid actor; finer role not proven; visual form plus static opcode59 map binding,static_map_actor_selector_crosslink_20260930.csv;static_map_actor_semantic_candidates_20260930.csv
cfg_t07_l054_v2,F44-L001,0x42,unknown,,blue-red human figure,candidate,humanoid actor; finer role not proven; visual form plus static opcode59 map binding,static_map_actor_selector_crosslink_20260930.csv;static_map_actor_semantic_candidates_20260930.csv
cfg_t07_l054_v2,F44-L002,0x42,unknown,,blue-red human figure,candidate,humanoid actor; finer role not proven; visual form plus static opcode59 map binding,static_map_actor_selector_crosslink_20260930.csv;static_map_actor_semantic_candidates_20260930.csv
cfg_t07_l054_v2,F44-L003,0x41,unknown,,yellow-clad human figure,candidate,humanoid actor; finer role not proven; visual form plus static opcode59 map binding,static_map_actor_selector_crosslink_20260930.csv;static_map_actor_semantic_candidates_20260930.csv
cfg_t07_l054_v2,F44-L004,0x41,unknown,,yellow-clad human figure,candidate,humanoid actor; finer role not proven; visual form plus static opcode59 map binding,static_map_actor_selector_crosslink_20260930.csv;static_map_actor_semantic_candidates_20260930.csv
cfg_t07_l054_v2,F44-L005,0x43,unknown,,straw-hat human figure,candidate,humanoid actor; finer role not proven; visual form plus static opcode59 map binding,static_map_actor_selector_crosslink_20260930.csv;static_map_actor_semantic_candidates_20260930.csv
cfg_t07_l054_v2,F44-L006,0x40,unknown,,red-hat human figure,candidate,humanoid actor; finer role not proven; visual form plus static opcode59 map binding,static_map_actor_selector_crosslink_20260930.csv;static_map_actor_semantic_candidates_20260930.csv
cfg_t07_l054_v2,F44-L007,0x24,unknown,,red-hat elder-like figure,candidate,humanoid actor; finer role not proven; visual form plus static opcode59 map binding,static_map_actor_selector_crosslink_20260930.csv;static_map_actor_semantic_candidates_20260930.csv
cfg_t07_l054_v2,F44-L008,0x5A,unknown,,human graphics alias,candidate,humanoid actor; finer role not proven; visual form plus static opcode59 map binding,static_map_actor_selector_crosslink_20260930.csv;static_map_actor_semantic_candidates_20260930.csv
cfg_t07_l054_v2,F44-L009,0x40,unknown,,red-hat human figure,candidate,humanoid actor; finer role not proven; visual form plus static opcode59 map binding,static_map_actor_selector_crosslink_20260930.csv;static_map_actor_semantic_candidates_20260930.csv
cfg_t07_l054_v2,F44-L010,0x0D,unknown,,,unknown,no semantic evidence joined,static_map_actor_selector_crosslink_20260930.csv;static_map_actor_semantic_candidates_20260930.csv
cfg_t07_l054_v2,F44-L011,0x59,unknown,,purple-green human graphics alias,candidate,humanoid actor; finer role not proven; visual form plus static opcode59 map binding,static_map_actor_selector_crosslink_20260930.csv;static_map_actor_semantic_candidates_20260930.csv
cfg_t07_l054_v2,F44-L012,0x3F,unknown,,purple-green human figure,candidate,humanoid actor; finer role not proven; visual form plus static opcode59 map binding,static_map_actor_selector_crosslink_20260930.csv;static_map_actor_semantic_candidates_20260930.csv
cfg_t07_l054_v2,F44-L013,0x3E,unknown,,red-hat elder-like graphics alias,candidate,humanoid actor; finer role not proven; visual form plus static opcode59 map binding,static_map_actor_selector_crosslink_20260930.csv;static_map_actor_semantic_candidates_20260930.csv
cfg_t07_l063_v2,F47-L001,0x29,unknown,,human figure,candidate,humanoid actor; finer role not proven; visual form plus static opcode59 map binding,static_map_actor_selector_crosslink_20260930.csv;static_map_actor_semantic_candidates_20260930.csv
cfg_t07_l063_v2,F47-L002,0x29,unknown,,human figure,candidate,humanoid actor; finer role not proven; visual form plus static opcode59 map binding,static_map_actor_selector_crosslink_20260930.csv;static_map_actor_semantic_candidates_20260930.csv
cfg_t07_l063_v2,F47-L003,0xA4,unknown,,,unknown,no semantic evidence joined,static_map_actor_selector_crosslink_20260930.csv;static_map_actor_semantic_candidates_20260930.csv
cfg_t33_l146_v1,F48-L001,0x40,unknown,,red-hat human figure,candidate,humanoid actor; finer role not proven; visual form plus static opcode59 map binding,static_map_actor_selector_crosslink_20260930.csv;static_map_actor_semantic_candidates_20260930.csv
cfg_t33_l146_v1,F48-L002,0x5A,unknown,,human graphics alias,candidate,humanoid actor; finer role not proven; visual form plus static opcode59 map binding,static_map_actor_selector_crosslink_20260930.csv;static_map_actor_semantic_candidates_20260930.csv
cfg_t33_l146_v1,F48-L003,0x5A,unknown,,human graphics alias,candidate,humanoid actor; finer role not proven; visual form plus static opcode59 map binding,static_map_actor_selector_crosslink_20260930.csv;static_map_actor_semantic_candidates_20260930.csv
cfg_t33_l146_v1,F48-L004,0x3F,unknown,,purple-green human figure,candidate,humanoid actor; finer role not proven; visual form plus static opcode59 map binding,static_map_actor_selector_crosslink_20260930.csv;static_map_actor_semantic_candidates_20260930.csv
cfg_t33_l146_v1,F48-L005,0x24,unknown,,red-hat elder-like figure,candidate,humanoid actor; finer role not proven; visual form plus static opcode59 map binding,static_map_actor_selector_crosslink_20260930.csv;static_map_actor_semantic_candidates_20260930.csv
cfg_t33_l146_v1,F48-L006,0x17,animal,,white cat-like animal,high,visual form plus static opcode59 map binding,static_map_actor_selector_crosslink_20260930.csv;static_map_actor_semantic_candidates_20260930.csv
cfg_t33_l146_v1,F48-L007,0x17,animal,,white cat-like animal,high,visual form plus static opcode59 map binding,static_map_actor_selector_crosslink_20260930.csv;static_map_actor_semantic_candidates_20260930.csv
cfg_t33_l146_v1,F48-L008,0x17,animal,,white cat-like animal,high,visual form plus static opcode59 map binding,static_map_actor_selector_crosslink_20260930.csv;static_map_actor_semantic_candidates_20260930.csv
cfg_t07_l033_v2,F4F-L001,0x3C,unknown,,,unknown,no semantic evidence joined,static_map_actor_selector_crosslink_20260930.csv;static_map_actor_semantic_candidates_20260930.csv
cfg_t04_l008_v2,F50-L001,0x40,unknown,,red-hat human figure,candidate,humanoid actor; finer role not proven; visual form plus static opcode59 map binding,static_map_actor_selector_crosslink_20260930.csv;static_map_actor_semantic_candidates_20260930.csv
cfg_t04_l008_v2,F50-L002,0x24,villager,,red-hat elder-like figure,candidate,旅立ちの村 static actor + decoded dialogue (2 source(s)); red-hat elder-like figure,static_map_actor_selector_crosslink_20260930.csv;static_map_actor_semantic_candidates_20260930.csv
cfg_t04_l008_v2,F50-L003,0x59,villager,,purple-green human graphics alias,candidate,旅立ちの村 static actor + decoded dialogue (2 source(s)); purple-green human graphics alias,static_map_actor_selector_crosslink_20260930.csv;static_map_actor_semantic_candidates_20260930.csv
cfg_t04_l008_v2,F50-L004,0x59,villager,,purple-green human graphics alias,candidate,旅立ちの村 static actor + decoded dialogue (2 source(s)); purple-green human graphics alias,static_map_actor_selector_crosslink_20260930.csv;static_map_actor_semantic_candidates_20260930.csv
cfg_t04_l008_v2,F50-L005,0x5A,villager,,human graphics alias,candidate,旅立ちの村 static actor + decoded dialogue (2 source(s)); human graphics alias,static_map_actor_selector_crosslink_20260930.csv;static_map_actor_semantic_candidates_20260930.csv
cfg_t04_l008_v2,F50-L006,0x40,villager,,red-hat human figure,candidate,旅立ちの村 static actor + decoded dialogue (2 source(s)); red-hat human figure,static_map_actor_selector_crosslink_20260930.csv;static_map_actor_semantic_candidates_20260930.csv
cfg_t04_l008_v2,F50-L007,0x27,villager,,hooded or white-haired figure,candidate,旅立ちの村 static actor + decoded dialogue (2 source(s)); hooded or white-haired figure,static_map_actor_selector_crosslink_20260930.csv;static_map_actor_semantic_candidates_20260930.csv
cfg_t04_l008_v2,F50-L008,0x25,villager,,dark-haired human figure,candidate,旅立ちの村 static actor + decoded dialogue (2 source(s)); dark-haired human figure,static_map_actor_selector_crosslink_20260930.csv;static_map_actor_semantic_candidates_20260930.csv
cfg_t04_l008_v2,F50-L009,0x5B,villager,,blue-haired or blue-hat human figure,candidate,旅立ちの村 static actor + decoded dialogue (1 source(s)); blue-haired or blue-hat human figure,static_map_actor_selector_crosslink_20260930.csv;static_map_actor_semantic_candidates_20260930.csv
cfg_t04_l008_v2,F50-L010,0x13,unknown,,,unknown,no semantic evidence joined,static_map_actor_selector_crosslink_20260930.csv;static_map_actor_semantic_candidates_20260930.csv
cfg_t07_l009_v2,F51-L001,0x5A,unknown,,,unknown,no semantic evidence joined,static_map_actor_selector_crosslink_20260930.csv;static_map_actor_semantic_candidates_20260930.csv
cfg_t07_l009_v2,F51-L002,0x59,unknown,,,unknown,no semantic evidence joined,static_map_actor_selector_crosslink_20260930.csv;static_map_actor_semantic_candidates_20260930.csv
cfg_t07_l009_v2,F51-L003,0x5B,unknown,,,unknown,no semantic evidence joined,static_map_actor_selector_crosslink_20260930.csv;static_map_actor_semantic_candidates_20260930.csv
cfg_t07_l009_v2,F51-L004,0x3E,unknown,,,unknown,no semantic evidence joined,static_map_actor_selector_crosslink_20260930.csv;static_map_actor_semantic_candidates_20260930.csv
cfg_t07_l009_v2,F51-L005,0x24,unknown,,,unknown,no semantic evidence joined,static_map_actor_selector_crosslink_20260930.csv;static_map_actor_semantic_candidates_20260930.csv
cfg_t07_l009_v2,F51-L006,0x3F,unknown,,,unknown,no semantic evidence joined,static_map_actor_selector_crosslink_20260930.csv;static_map_actor_semantic_candidates_20260930.csv
cfg_t07_l009_v2,F51-L007,0x24,unknown,,,unknown,no semantic evidence joined,static_map_actor_selector_crosslink_20260930.csv;static_map_actor_semantic_candidates_20260930.csv
cfg_t07_l009_v2,F51-L008,0x59,unknown,,,unknown,no semantic evidence joined,static_map_actor_selector_crosslink_20260930.csv;static_map_actor_semantic_candidates_20260930.csv
cfg_t07_l009_v2,F51-L009,0x40,unknown,,,unknown,no semantic evidence joined,static_map_actor_selector_crosslink_20260930.csv;static_map_actor_semantic_candidates_20260930.csv
cfg_t07_l009_v2,F51-L010,0x59,unknown,,,unknown,no semantic evidence joined,static_map_actor_selector_crosslink_20260930.csv;static_map_actor_semantic_candidates_20260930.csv
cfg_t07_l009_v2,F51-L011,0x5A,unknown,,,unknown,no semantic evidence joined,static_map_actor_selector_crosslink_20260930.csv;static_map_actor_semantic_candidates_20260930.csv
cfg_t07_l010_v2,F52-L001,0x3D,unknown,,,unknown,no semantic evidence joined,static_map_actor_selector_crosslink_20260930.csv;static_map_actor_semantic_candidates_20260930.csv
cfg_t07_l010_v2,F52-L002,0x27,unknown,,,unknown,no semantic evidence joined,static_map_actor_selector_crosslink_20260930.csv;static_map_actor_semantic_candidates_20260930.csv
cfg_t07_l010_v2,F52-L003,0x5B,unknown,,,unknown,no semantic evidence joined,static_map_actor_selector_crosslink_20260930.csv;static_map_actor_semantic_candidates_20260930.csv
cfg_t07_l010_v2,F52-L004,0x24,unknown,,,unknown,no semantic evidence joined,static_map_actor_selector_crosslink_20260930.csv;static_map_actor_semantic_candidates_20260930.csv
cfg_t07_l010_v2,F52-L005,0x40,unknown,,,unknown,no semantic evidence joined,static_map_actor_selector_crosslink_20260930.csv;static_map_actor_semantic_candidates_20260930.csv
cfg_t07_l010_v2,F52-L006,0x23,unknown,,,unknown,no semantic evidence joined,static_map_actor_selector_crosslink_20260930.csv;static_map_actor_semantic_candidates_20260930.csv
cfg_t07_l010_v2,F52-L007,0x28,unknown,,,unknown,no semantic evidence joined,static_map_actor_selector_crosslink_20260930.csv;static_map_actor_semantic_candidates_20260930.csv
cfg_t07_l010_v2,F52-L008,0x30,unknown,,,unknown,no semantic evidence joined,static_map_actor_selector_crosslink_20260930.csv;static_map_actor_semantic_candidates_20260930.csv
cfg_t07_l010_v2,F52-L009,0x2F,unknown,,,unknown,no semantic evidence joined,static_map_actor_selector_crosslink_20260930.csv;static_map_actor_semantic_candidates_20260930.csv
cfg_t08_l094_v2,F53-L001,0x3A,animal,,gray rabbit-like animal,high,visual form plus static opcode59 map binding,static_map_actor_selector_crosslink_20260930.csv;static_map_actor_semantic_candidates_20260930.csv
cfg_t08_l094_v2,F53-L002,0x3A,animal,,gray rabbit-like animal,high,visual form plus static opcode59 map binding,static_map_actor_selector_crosslink_20260930.csv;static_map_actor_semantic_candidates_20260930.csv
cfg_t08_l094_v2,F53-L003,0x3A,animal,,gray rabbit-like animal,high,visual form plus static opcode59 map binding,static_map_actor_selector_crosslink_20260930.csv;static_map_actor_semantic_candidates_20260930.csv
cfg_t08_l094_v2,F53-L004,0x3A,animal,,gray rabbit-like animal,high,visual form plus static opcode59 map binding,static_map_actor_selector_crosslink_20260930.csv;static_map_actor_semantic_candidates_20260930.csv
cfg_t08_l094_v2,F53-L005,0x3A,animal,,gray rabbit-like animal,high,visual form plus static opcode59 map binding,static_map_actor_selector_crosslink_20260930.csv;static_map_actor_semantic_candidates_20260930.csv
cfg_t08_l094_v2,F53-L006,0x3A,animal,,gray rabbit-like animal,high,visual form plus static opcode59 map binding,static_map_actor_selector_crosslink_20260930.csv;static_map_actor_semantic_candidates_20260930.csv
cfg_t08_l094_v2,F53-L007,0x40,unknown,,red-hat human figure,candidate,humanoid actor; finer role not proven; visual form plus static opcode59 map binding,static_map_actor_selector_crosslink_20260930.csv;static_map_actor_semantic_candidates_20260930.csv
cfg_t08_l094_v2,F53-L008,0x43,unknown,,straw-hat human figure,candidate,humanoid actor; finer role not proven; visual form plus static opcode59 map binding,static_map_actor_selector_crosslink_20260930.csv;static_map_actor_semantic_candidates_20260930.csv
cfg_t08_l094_v2,F53-L009,0x44,unknown,,broad-hat human figure,candidate,humanoid actor; finer role not proven; visual form plus static opcode59 map binding,static_map_actor_selector_crosslink_20260930.csv;static_map_actor_semantic_candidates_20260930.csv
cfg_t08_l094_v2,F53-L010,0x30,unknown,,red-clad human figure,candidate,humanoid actor; finer role not proven; visual form plus static opcode59 map binding,static_map_actor_selector_crosslink_20260930.csv;static_map_actor_semantic_candidates_20260930.csv
cfg_t08_l094_v2,F53-L011,0x2F,unknown,,blue-clad human figure,candidate,humanoid actor; finer role not proven; visual form plus static opcode59 map binding,static_map_actor_selector_crosslink_20260930.csv;static_map_actor_semantic_candidates_20260930.csv
cfg_t08_l094_v2,F53-L012,0x2F,unknown,,blue-clad human figure,candidate,humanoid actor; finer role not proven; visual form plus static opcode59 map binding,static_map_actor_selector_crosslink_20260930.csv;static_map_actor_semantic_candidates_20260930.csv
cfg_t08_l094_v2,F53-L013,0x54,enemy,,gray-black monster-like figure,candidate,visual form only; enemy allegiance not yet proven; allegiance not statically proven,static_map_actor_selector_crosslink_20260930.csv;static_map_actor_semantic_candidates_20260930.csv
cfg_t08_l094_v2,F53-L014,0x3A,animal,,gray rabbit-like animal,high,visual form plus static opcode59 map binding,static_map_actor_selector_crosslink_20260930.csv;static_map_actor_semantic_candidates_20260930.csv
cfg_t08_l094_v2,F53-L015,0x43,unknown,,straw-hat human figure,candidate,humanoid actor; finer role not proven; visual form plus static opcode59 map binding,static_map_actor_selector_crosslink_20260930.csv;static_map_actor_semantic_candidates_20260930.csv
cfg_t08_l094_v2,F53-L016,0x3A,animal,,gray rabbit-like animal,high,visual form plus static opcode59 map binding,static_map_actor_selector_crosslink_20260930.csv;static_map_actor_semantic_candidates_20260930.csv
cfg_t08_l094_v2,F53-L017,0x3A,animal,,gray rabbit-like animal,high,visual form plus static opcode59 map binding,static_map_actor_selector_crosslink_20260930.csv;static_map_actor_semantic_candidates_20260930.csv
cfg_t08_l094_v2,F53-L018,0x3A,animal,,gray rabbit-like animal,high,visual form plus static opcode59 map binding,static_map_actor_selector_crosslink_20260930.csv;static_map_actor_semantic_candidates_20260930.csv
cfg_t04_l018_v2,F5A-L001,0x2E,unknown,,hat or helmeted human figure,candidate,humanoid actor; finer role not proven; visual form plus static opcode59 map binding,static_map_actor_selector_crosslink_20260930.csv;static_map_actor_semantic_candidates_20260930.csv
cfg_t04_l018_v2,F5A-L002,0x2E,unknown,,hat or helmeted human figure,candidate,humanoid actor; finer role not proven; visual form plus static opcode59 map binding,static_map_actor_selector_crosslink_20260930.csv;static_map_actor_semantic_candidates_20260930.csv
cfg_t04_l018_v2,F5A-L003,0x2E,unknown,,hat or helmeted human figure,candidate,humanoid actor; finer role not proven; visual form plus static opcode59 map binding,static_map_actor_selector_crosslink_20260930.csv;static_map_actor_semantic_candidates_20260930.csv
cfg_t04_l018_v2,F5A-L004,0x2E,unknown,,hat or helmeted human figure,candidate,humanoid actor; finer role not proven; visual form plus static opcode59 map binding,static_map_actor_selector_crosslink_20260930.csv;static_map_actor_semantic_candidates_20260930.csv
cfg_t04_l018_v2,F5B-L001,0x2E,unknown,,hat or helmeted human figure,candidate,humanoid actor; finer role not proven; visual form plus static opcode59 map binding,static_map_actor_selector_crosslink_20260930.csv;static_map_actor_semantic_candidates_20260930.csv
cfg_t04_l018_v2,F5B-L002,0x2E,unknown,,hat or helmeted human figure,candidate,humanoid actor; finer role not proven; visual form plus static opcode59 map binding,static_map_actor_selector_crosslink_20260930.csv;static_map_actor_semantic_candidates_20260930.csv
cfg_t04_l018_v2,F5B-L003,0x43,unknown,,straw-hat human figure,candidate,humanoid actor; finer role not proven; visual form plus static opcode59 map binding,static_map_actor_selector_crosslink_20260930.csv;static_map_actor_semantic_candidates_20260930.csv
cfg_t04_l018_v2,F5B-L004,0x27,unknown,,hooded or white-haired figure,candidate,humanoid actor; finer role not proven; visual form plus static opcode59 map binding,static_map_actor_selector_crosslink_20260930.csv;static_map_actor_semantic_candidates_20260930.csv
cfg_t04_l018_v2,F5B-L005,0x2E,unknown,,hat or helmeted human figure,candidate,humanoid actor; finer role not proven; visual form plus static opcode59 map binding,static_map_actor_selector_crosslink_20260930.csv;static_map_actor_semantic_candidates_20260930.csv
cfg_t04_l018_v2,F5B-L006,0x2E,unknown,,hat or helmeted human figure,candidate,humanoid actor; finer role not proven; visual form plus static opcode59 map binding,static_map_actor_selector_crosslink_20260930.csv;static_map_actor_semantic_candidates_20260930.csv
cfg_t04_l019_v1,F5C-L001,0x2E,unknown,,hat or helmeted human figure,candidate,humanoid actor; finer role not proven; visual form plus static opcode59 map binding,static_map_actor_selector_crosslink_20260930.csv;static_map_actor_semantic_candidates_20260930.csv
cfg_t04_l019_v1,F5C-L002,0x2E,unknown,,hat or helmeted human figure,candidate,humanoid actor; finer role not proven; visual form plus static opcode59 map binding,static_map_actor_selector_crosslink_20260930.csv;static_map_actor_semantic_candidates_20260930.csv
cfg_t04_l019_v1,F5C-L003,0x43,unknown,,straw-hat human figure,candidate,humanoid actor; finer role not proven; visual form plus static opcode59 map binding,static_map_actor_selector_crosslink_20260930.csv;static_map_actor_semantic_candidates_20260930.csv
cfg_t04_l019_v1,F5C-L004,0x43,unknown,,straw-hat human figure,candidate,humanoid actor; finer role not proven; visual form plus static opcode59 map binding,static_map_actor_selector_crosslink_20260930.csv;static_map_actor_semantic_candidates_20260930.csv
cfg_t04_l019_v1,F5C-L005,0x2E,unknown,,hat or helmeted human figure,candidate,humanoid actor; finer role not proven; visual form plus static opcode59 map binding,static_map_actor_selector_crosslink_20260930.csv;static_map_actor_semantic_candidates_20260930.csv
cfg_t04_l019_v1,F5C-L006,0x2E,unknown,,hat or helmeted human figure,candidate,humanoid actor; finer role not proven; visual form plus static opcode59 map binding,static_map_actor_selector_crosslink_20260930.csv;static_map_actor_semantic_candidates_20260930.csv
cfg_t04_l018_v2,F5D-L001,0x2E,unknown,,hat or helmeted human figure,candidate,humanoid actor; finer role not proven; visual form plus static opcode59 map binding,static_map_actor_selector_crosslink_20260930.csv;static_map_actor_semantic_candidates_20260930.csv
cfg_t04_l018_v2,F5D-L002,0x2E,unknown,,hat or helmeted human figure,candidate,humanoid actor; finer role not proven; visual form plus static opcode59 map binding,static_map_actor_selector_crosslink_20260930.csv;static_map_actor_semantic_candidates_20260930.csv
cfg_t04_l018_v2,F5D-L003,0x43,unknown,,straw-hat human figure,candidate,humanoid actor; finer role not proven; visual form plus static opcode59 map binding,static_map_actor_selector_crosslink_20260930.csv;static_map_actor_semantic_candidates_20260930.csv
cfg_t04_l018_v2,F5D-L004,0x43,unknown,,straw-hat human figure,candidate,humanoid actor; finer role not proven; visual form plus static opcode59 map binding,static_map_actor_selector_crosslink_20260930.csv;static_map_actor_semantic_candidates_20260930.csv
cfg_t04_l018_v2,F5D-L005,0x2E,unknown,,hat or helmeted human figure,candidate,humanoid actor; finer role not proven; visual form plus static opcode59 map binding,static_map_actor_selector_crosslink_20260930.csv;static_map_actor_semantic_candidates_20260930.csv
cfg_t04_l018_v2,F5D-L006,0x2E,unknown,,hat or helmeted human figure,candidate,humanoid actor; finer role not proven; visual form plus static opcode59 map binding,static_map_actor_selector_crosslink_20260930.csv;static_map_actor_semantic_candidates_20260930.csv
cfg_t04_l018_v2,F5E-L001,0x2E,unknown,,hat or helmeted human figure,candidate,humanoid actor; finer role not proven; visual form plus static opcode59 map binding,static_map_actor_selector_crosslink_20260930.csv;static_map_actor_semantic_candidates_20260930.csv
cfg_t04_l018_v2,F5E-L002,0x2E,unknown,,hat or helmeted human figure,candidate,humanoid actor; finer role not proven; visual form plus static opcode59 map binding,static_map_actor_selector_crosslink_20260930.csv;static_map_actor_semantic_candidates_20260930.csv
cfg_t04_l018_v2,F5E-L003,0x43,unknown,,straw-hat human figure,candidate,humanoid actor; finer role not proven; visual form plus static opcode59 map binding,static_map_actor_selector_crosslink_20260930.csv;static_map_actor_semantic_candidates_20260930.csv
cfg_t04_l018_v2,F5E-L004,0x43,unknown,,straw-hat human figure,candidate,humanoid actor; finer role not proven; visual form plus static opcode59 map binding,static_map_actor_selector_crosslink_20260930.csv;static_map_actor_semantic_candidates_20260930.csv
cfg_t04_l018_v2,F5E-L005,0x2E,unknown,,hat or helmeted human figure,candidate,humanoid actor; finer role not proven; visual form plus static opcode59 map binding,static_map_actor_selector_crosslink_20260930.csv;static_map_actor_semantic_candidates_20260930.csv
cfg_t04_l018_v2,F5E-L006,0x2E,unknown,,hat or helmeted human figure,candidate,humanoid actor; finer role not proven; visual form plus static opcode59 map binding,static_map_actor_selector_crosslink_20260930.csv;static_map_actor_semantic_candidates_20260930.csv
cfg_t06_l021_v2,F5F-L001,0x2E,unknown,,hat or helmeted human figure,candidate,humanoid actor; finer role not proven; visual form plus static opcode59 map binding,static_map_actor_selector_crosslink_20260930.csv;static_map_actor_semantic_candidates_20260930.csv
cfg_t06_l021_v2,F5F-L002,0x2E,unknown,,hat or helmeted human figure,candidate,humanoid actor; finer role not proven; visual form plus static opcode59 map binding,static_map_actor_selector_crosslink_20260930.csv;static_map_actor_semantic_candidates_20260930.csv
cfg_t06_l021_v2,F5F-L003,0x43,unknown,,straw-hat human figure,candidate,humanoid actor; finer role not proven; visual form plus static opcode59 map binding,static_map_actor_selector_crosslink_20260930.csv;static_map_actor_semantic_candidates_20260930.csv
cfg_t06_l021_v2,F5F-L004,0x43,unknown,,straw-hat human figure,candidate,humanoid actor; finer role not proven; visual form plus static opcode59 map binding,static_map_actor_selector_crosslink_20260930.csv;static_map_actor_semantic_candidates_20260930.csv
cfg_t06_l021_v2,F5F-L005,0x2E,unknown,,hat or helmeted human figure,candidate,humanoid actor; finer role not proven; visual form plus static opcode59 map binding,static_map_actor_selector_crosslink_20260930.csv;static_map_actor_semantic_candidates_20260930.csv
cfg_t06_l021_v2,F5F-L006,0x2E,unknown,,hat or helmeted human figure,candidate,humanoid actor; finer role not proven; visual form plus static opcode59 map binding,static_map_actor_selector_crosslink_20260930.csv;static_map_actor_semantic_candidates_20260930.csv
cfg_t06_l021_v2,F5F-L007,0x40,unknown,,,unknown,no semantic evidence joined,static_map_actor_selector_crosslink_20260930.csv;static_map_actor_semantic_candidates_20260930.csv
cfg_t06_l021_v2,F5F-L008,0x5A,unknown,,,unknown,no semantic evidence joined,static_map_actor_selector_crosslink_20260930.csv;static_map_actor_semantic_candidates_20260930.csv
cfg_t04_l034_v2,F60-L001,0x40,unknown,,red-hat human figure,candidate,humanoid actor; finer role not proven; visual form plus static opcode59 map binding,static_map_actor_selector_crosslink_20260930.csv;static_map_actor_semantic_candidates_20260930.csv
cfg_t04_l035_v2,F60-L001,0x40,unknown,,red-hat human figure,candidate,humanoid actor; finer role not proven; visual form plus static opcode59 map binding,static_map_actor_selector_crosslink_20260930.csv;static_map_actor_semantic_candidates_20260930.csv
cfg_t04_l034_v2,F60-L002,0x40,unknown,,red-hat human figure,candidate,humanoid actor; finer role not proven; visual form plus static opcode59 map binding,static_map_actor_selector_crosslink_20260930.csv;static_map_actor_semantic_candidates_20260930.csv
cfg_t04_l035_v2,F60-L002,0x40,unknown,,red-hat human figure,candidate,humanoid actor; finer role not proven; visual form plus static opcode59 map binding,static_map_actor_selector_crosslink_20260930.csv;static_map_actor_semantic_candidates_20260930.csv
cfg_t04_l034_v2,F60-L003,0x24,unknown,,,unknown,no semantic evidence joined,static_map_actor_selector_crosslink_20260930.csv;static_map_actor_semantic_candidates_20260930.csv
cfg_t04_l035_v2,F60-L003,0x24,unknown,,,unknown,no semantic evidence joined,static_map_actor_selector_crosslink_20260930.csv;static_map_actor_semantic_candidates_20260930.csv
cfg_t04_l034_v2,F60-L004,0x5B,unknown,,blue-haired or blue-hat human figure,candidate,humanoid actor; finer role not proven; visual form plus static opcode59 map binding,static_map_actor_selector_crosslink_20260930.csv;static_map_actor_semantic_candidates_20260930.csv
cfg_t04_l035_v2,F60-L004,0x5B,unknown,,blue-haired or blue-hat human figure,candidate,humanoid actor; finer role not proven; visual form plus static opcode59 map binding,static_map_actor_selector_crosslink_20260930.csv;static_map_actor_semantic_candidates_20260930.csv
cfg_t04_l034_v2,F60-L005,0x59,unknown,,,unknown,no semantic evidence joined,static_map_actor_selector_crosslink_20260930.csv;static_map_actor_semantic_candidates_20260930.csv
cfg_t04_l035_v2,F60-L005,0x59,unknown,,,unknown,no semantic evidence joined,static_map_actor_selector_crosslink_20260930.csv;static_map_actor_semantic_candidates_20260930.csv
cfg_t04_l034_v2,F60-L006,0x43,unknown,,straw-hat human figure,candidate,humanoid actor; finer role not proven; visual form plus static opcode59 map binding,static_map_actor_selector_crosslink_20260930.csv;static_map_actor_semantic_candidates_20260930.csv
cfg_t04_l035_v2,F60-L006,0x43,unknown,,straw-hat human figure,candidate,humanoid actor; finer role not proven; visual form plus static opcode59 map binding,static_map_actor_selector_crosslink_20260930.csv;static_map_actor_semantic_candidates_20260930.csv
cfg_t04_l034_v2,F60-L007,0x23,unknown,,white-haired or hooded figure,candidate,humanoid actor; finer role not proven; visual form plus static opcode59 map binding,static_map_actor_selector_crosslink_20260930.csv;static_map_actor_semantic_candidates_20260930.csv
cfg_t04_l035_v2,F60-L007,0x23,unknown,,white-haired or hooded figure,candidate,humanoid actor; finer role not proven; visual form plus static opcode59 map binding,static_map_actor_selector_crosslink_20260930.csv;static_map_actor_semantic_candidates_20260930.csv
cfg_t04_l034_v2,F60-L008,0x5A,unknown,,human graphics alias,candidate,humanoid actor; finer role not proven; visual form plus static opcode59 map binding,static_map_actor_selector_crosslink_20260930.csv;static_map_actor_semantic_candidates_20260930.csv
cfg_t04_l035_v2,F60-L008,0x5A,unknown,,human graphics alias,candidate,humanoid actor; finer role not proven; visual form plus static opcode59 map binding,static_map_actor_selector_crosslink_20260930.csv;static_map_actor_semantic_candidates_20260930.csv
cfg_t04_l034_v2,F60-L009,0x5A,unknown,,human graphics alias,candidate,humanoid actor; finer role not proven; visual form plus static opcode59 map binding,static_map_actor_selector_crosslink_20260930.csv;static_map_actor_semantic_candidates_20260930.csv
cfg_t04_l035_v2,F60-L009,0x5A,unknown,,human graphics alias,candidate,humanoid actor; finer role not proven; visual form plus static opcode59 map binding,static_map_actor_selector_crosslink_20260930.csv;static_map_actor_semantic_candidates_20260930.csv
cfg_t04_l034_v2,F60-L010,0x30,unknown,,,unknown,no semantic evidence joined,static_map_actor_selector_crosslink_20260930.csv;static_map_actor_semantic_candidates_20260930.csv
cfg_t04_l035_v2,F60-L010,0x30,unknown,,,unknown,no semantic evidence joined,static_map_actor_selector_crosslink_20260930.csv;static_map_actor_semantic_candidates_20260930.csv
cfg_t04_l034_v2,F60-L011,0x2F,unknown,,,unknown,no semantic evidence joined,static_map_actor_selector_crosslink_20260930.csv;static_map_actor_semantic_candidates_20260930.csv
cfg_t04_l035_v2,F60-L011,0x2F,unknown,,,unknown,no semantic evidence joined,static_map_actor_selector_crosslink_20260930.csv;static_map_actor_semantic_candidates_20260930.csv
cfg_t04_l034_v2,F60-L012,0x17,unknown,,,unknown,no semantic evidence joined,static_map_actor_selector_crosslink_20260930.csv;static_map_actor_semantic_candidates_20260930.csv
cfg_t04_l035_v2,F60-L012,0x17,unknown,,,unknown,no semantic evidence joined,static_map_actor_selector_crosslink_20260930.csv;static_map_actor_semantic_candidates_20260930.csv
cfg_t07_l009_v2,F62-L001,0x23,unknown,,,unknown,no semantic evidence joined,static_map_actor_selector_crosslink_20260930.csv;static_map_actor_semantic_candidates_20260930.csv
cfg_t07_l009_v2,F62-L002,0x43,unknown,,,unknown,no semantic evidence joined,static_map_actor_selector_crosslink_20260930.csv;static_map_actor_semantic_candidates_20260930.csv
cfg_t07_l009_v2,F62-L003,0x59,unknown,,,unknown,no semantic evidence joined,static_map_actor_selector_crosslink_20260930.csv;static_map_actor_semantic_candidates_20260930.csv
cfg_t07_l009_v2,F62-L004,0x5A,unknown,,,unknown,no semantic evidence joined,static_map_actor_selector_crosslink_20260930.csv;static_map_actor_semantic_candidates_20260930.csv
cfg_t07_l009_v2,F62-L005,0x3E,unknown,,,unknown,no semantic evidence joined,static_map_actor_selector_crosslink_20260930.csv;static_map_actor_semantic_candidates_20260930.csv
cfg_t07_l009_v2,F62-L006,0x23,unknown,,,unknown,no semantic evidence joined,static_map_actor_selector_crosslink_20260930.csv;static_map_actor_semantic_candidates_20260930.csv
cfg_t07_l009_v2,F62-L007,0x5B,unknown,,,unknown,no semantic evidence joined,static_map_actor_selector_crosslink_20260930.csv;static_map_actor_semantic_candidates_20260930.csv
cfg_t07_l010_v2,F63-L001,0x5B,unknown,,,unknown,no semantic evidence joined,static_map_actor_selector_crosslink_20260930.csv;static_map_actor_semantic_candidates_20260930.csv
cfg_t07_l010_v2,F63-L002,0x24,unknown,,,unknown,no semantic evidence joined,static_map_actor_selector_crosslink_20260930.csv;static_map_actor_semantic_candidates_20260930.csv
cfg_t07_l010_v2,F63-L003,0x59,unknown,,,unknown,no semantic evidence joined,static_map_actor_selector_crosslink_20260930.csv;static_map_actor_semantic_candidates_20260930.csv
cfg_t07_l010_v2,F63-L004,0x27,unknown,,,unknown,no semantic evidence joined,static_map_actor_selector_crosslink_20260930.csv;static_map_actor_semantic_candidates_20260930.csv
cfg_t07_l010_v2,F63-L005,0x5B,unknown,,,unknown,no semantic evidence joined,static_map_actor_selector_crosslink_20260930.csv;static_map_actor_semantic_candidates_20260930.csv
cfg_t07_l010_v2,F63-L006,0x29,unknown,,,unknown,no semantic evidence joined,static_map_actor_selector_crosslink_20260930.csv;static_map_actor_semantic_candidates_20260930.csv
cfg_t07_l010_v2,F63-L007,0x23,unknown,,,unknown,no semantic evidence joined,static_map_actor_selector_crosslink_20260930.csv;static_map_actor_semantic_candidates_20260930.csv
cfg_t04_l044_v2,F65-L001,0x40,unknown,,red-hat human figure,candidate,humanoid actor; finer role not proven; visual form plus static opcode59 map binding,static_map_actor_selector_crosslink_20260930.csv;static_map_actor_semantic_candidates_20260930.csv
cfg_t04_l044_v2,F65-L002,0x5A,unknown,,human graphics alias,candidate,humanoid actor; finer role not proven; visual form plus static opcode59 map binding,static_map_actor_selector_crosslink_20260930.csv;static_map_actor_semantic_candidates_20260930.csv
cfg_t04_l044_v2,F65-L003,0x59,unknown,,purple-green human graphics alias,candidate,humanoid actor; finer role not proven; visual form plus static opcode59 map binding,static_map_actor_selector_crosslink_20260930.csv;static_map_actor_semantic_candidates_20260930.csv
cfg_t04_l044_v2,F65-L004,0x40,unknown,,,unknown,no semantic evidence joined,static_map_actor_selector_crosslink_20260930.csv;static_map_actor_semantic_candidates_20260930.csv
cfg_t04_l044_v2,F65-L005,0x5A,unknown,,human graphics alias,candidate,humanoid actor; finer role not proven; visual form plus static opcode59 map binding,static_map_actor_selector_crosslink_20260930.csv;static_map_actor_semantic_candidates_20260930.csv
cfg_t04_l044_v2,F65-L006,0x32,unknown,,,unknown,no semantic evidence joined,static_map_actor_selector_crosslink_20260930.csv;static_map_actor_semantic_candidates_20260930.csv
cfg_t04_l044_v2,F65-L007,0x32,unknown,,,unknown,no semantic evidence joined,static_map_actor_selector_crosslink_20260930.csv;static_map_actor_semantic_candidates_20260930.csv
cfg_t04_l044_v2,F65-L008,0x32,unknown,,,unknown,no semantic evidence joined,static_map_actor_selector_crosslink_20260930.csv;static_map_actor_semantic_candidates_20260930.csv
cfg_t04_l044_v2,F65-L009,0x0A,unknown,,,unknown,no semantic evidence joined,static_map_actor_selector_crosslink_20260930.csv;static_map_actor_semantic_candidates_20260930.csv
cfg_t04_l044_v2,F65-L010,0x43,unknown,,,unknown,no semantic evidence joined,static_map_actor_selector_crosslink_20260930.csv;static_map_actor_semantic_candidates_20260930.csv
cfg_t07_l064_v2,F66-L001,0x40,unknown,,,unknown,no semantic evidence joined,static_map_actor_selector_crosslink_20260930.csv;static_map_actor_semantic_candidates_20260930.csv
cfg_t07_l064_v2,F66-L002,0x5B,unknown,,,unknown,no semantic evidence joined,static_map_actor_selector_crosslink_20260930.csv;static_map_actor_semantic_candidates_20260930.csv
cfg_t07_l064_v2,F66-L003,0x28,unknown,,,unknown,no semantic evidence joined,static_map_actor_selector_crosslink_20260930.csv;static_map_actor_semantic_candidates_20260930.csv
cfg_t07_l064_v2,F66-L004,0x23,unknown,,,unknown,no semantic evidence joined,static_map_actor_selector_crosslink_20260930.csv;static_map_actor_semantic_candidates_20260930.csv
cfg_t07_l064_v2,F66-L005,0x5A,unknown,,,unknown,no semantic evidence joined,static_map_actor_selector_crosslink_20260930.csv;static_map_actor_semantic_candidates_20260930.csv
cfg_t07_l064_v2,F66-L006,0x32,unknown,,,unknown,no semantic evidence joined,static_map_actor_selector_crosslink_20260930.csv;static_map_actor_semantic_candidates_20260930.csv
cfg_t07_l064_v2,F66-L007,0x32,unknown,,,unknown,no semantic evidence joined,static_map_actor_selector_crosslink_20260930.csv;static_map_actor_semantic_candidates_20260930.csv
cfg_t07_l064_v2,F66-L008,0x32,unknown,,,unknown,no semantic evidence joined,static_map_actor_selector_crosslink_20260930.csv;static_map_actor_semantic_candidates_20260930.csv
cfg_t07_l064_v2,F66-L009,0x32,unknown,,,unknown,no semantic evidence joined,static_map_actor_selector_crosslink_20260930.csv;static_map_actor_semantic_candidates_20260930.csv
cfg_t07_l064_v2,F66-L010,0x40,unknown,,,unknown,no semantic evidence joined,static_map_actor_selector_crosslink_20260930.csv;static_map_actor_semantic_candidates_20260930.csv
cfg_t04_l039_v2,F67-L001,0x40,unknown,,red-hat human figure,candidate,humanoid actor; finer role not proven; visual form plus static opcode59 map binding,static_map_actor_selector_crosslink_20260930.csv;static_map_actor_semantic_candidates_20260930.csv
cfg_t04_l039_v2,F67-L002,0x5A,unknown,,human graphics alias,candidate,humanoid actor; finer role not proven; visual form plus static opcode59 map binding,static_map_actor_selector_crosslink_20260930.csv;static_map_actor_semantic_candidates_20260930.csv
cfg_t04_l039_v2,F67-L003,0x24,unknown,,red-hat elder-like figure,candidate,humanoid actor; finer role not proven; visual form plus static opcode59 map binding,static_map_actor_selector_crosslink_20260930.csv;static_map_actor_semantic_candidates_20260930.csv
cfg_t04_l039_v2,F67-L004,0x23,unknown,,white-haired or hooded figure,candidate,humanoid actor; finer role not proven; visual form plus static opcode59 map binding,static_map_actor_selector_crosslink_20260930.csv;static_map_actor_semantic_candidates_20260930.csv
cfg_t04_l039_v2,F67-L005,0x40,unknown,,red-hat human figure,candidate,humanoid actor; finer role not proven; visual form plus static opcode59 map binding,static_map_actor_selector_crosslink_20260930.csv;static_map_actor_semantic_candidates_20260930.csv
cfg_t04_l039_v2,F67-L006,0x3F,unknown,,purple-green human figure,candidate,humanoid actor; finer role not proven; visual form plus static opcode59 map binding,static_map_actor_selector_crosslink_20260930.csv;static_map_actor_semantic_candidates_20260930.csv
cfg_t06_l037_v2,F68-L002,0x24,unknown,,,unknown,no semantic evidence joined,static_map_actor_selector_crosslink_20260930.csv;static_map_actor_semantic_candidates_20260930.csv
cfg_t06_l038_v2,F68-L002,0x24,unknown,,,unknown,no semantic evidence joined,static_map_actor_selector_crosslink_20260930.csv;static_map_actor_semantic_candidates_20260930.csv
cfg_t06_l037_v2,F68-L003,0x59,unknown,,,unknown,no semantic evidence joined,static_map_actor_selector_crosslink_20260930.csv;static_map_actor_semantic_candidates_20260930.csv
cfg_t06_l038_v2,F68-L003,0x59,unknown,,,unknown,no semantic evidence joined,static_map_actor_selector_crosslink_20260930.csv;static_map_actor_semantic_candidates_20260930.csv
cfg_t06_l037_v2,F68-L004,0x3F,unknown,,,unknown,no semantic evidence joined,static_map_actor_selector_crosslink_20260930.csv;static_map_actor_semantic_candidates_20260930.csv
cfg_t06_l038_v2,F68-L004,0x3F,unknown,,,unknown,no semantic evidence joined,static_map_actor_selector_crosslink_20260930.csv;static_map_actor_semantic_candidates_20260930.csv
cfg_t06_l037_v2,F68-L005,0x40,unknown,,,unknown,no semantic evidence joined,static_map_actor_selector_crosslink_20260930.csv;static_map_actor_semantic_candidates_20260930.csv
cfg_t06_l038_v2,F68-L005,0x40,unknown,,,unknown,no semantic evidence joined,static_map_actor_selector_crosslink_20260930.csv;static_map_actor_semantic_candidates_20260930.csv
cfg_t06_l037_v2,F68-L006,0x5A,unknown,,,unknown,no semantic evidence joined,static_map_actor_selector_crosslink_20260930.csv;static_map_actor_semantic_candidates_20260930.csv
cfg_t06_l038_v2,F68-L006,0x5A,unknown,,,unknown,no semantic evidence joined,static_map_actor_selector_crosslink_20260930.csv;static_map_actor_semantic_candidates_20260930.csv
cfg_t06_l037_v2,F68-L007,0x3D,unknown,,white-haired or hooded figure,candidate,humanoid actor; finer role not proven; visual form plus static opcode59 map binding,static_map_actor_selector_crosslink_20260930.csv;static_map_actor_semantic_candidates_20260930.csv
cfg_t06_l038_v2,F68-L007,0x3D,unknown,,white-haired or hooded figure,candidate,humanoid actor; finer role not proven; visual form plus static opcode59 map binding,static_map_actor_selector_crosslink_20260930.csv;static_map_actor_semantic_candidates_20260930.csv
cfg_t06_l037_v2,F68-L008,0x27,unknown,,,unknown,no semantic evidence joined,static_map_actor_selector_crosslink_20260930.csv;static_map_actor_semantic_candidates_20260930.csv
cfg_t06_l038_v2,F68-L008,0x27,unknown,,,unknown,no semantic evidence joined,static_map_actor_selector_crosslink_20260930.csv;static_map_actor_semantic_candidates_20260930.csv
cfg_t06_l037_v2,F68-L009,0x44,unknown,,broad-hat human figure,candidate,humanoid actor; finer role not proven; visual form plus static opcode59 map binding,static_map_actor_selector_crosslink_20260930.csv;static_map_actor_semantic_candidates_20260930.csv
cfg_t06_l038_v2,F68-L009,0x44,unknown,,broad-hat human figure,candidate,humanoid actor; finer role not proven; visual form plus static opcode59 map binding,static_map_actor_selector_crosslink_20260930.csv;static_map_actor_semantic_candidates_20260930.csv
cfg_t06_l037_v2,F68-L010,0x40,unknown,,,unknown,no semantic evidence joined,static_map_actor_selector_crosslink_20260930.csv;static_map_actor_semantic_candidates_20260930.csv
cfg_t06_l038_v2,F68-L010,0x40,unknown,,,unknown,no semantic evidence joined,static_map_actor_selector_crosslink_20260930.csv;static_map_actor_semantic_candidates_20260930.csv
cfg_t06_l037_v2,F68-L011,0x40,unknown,,,unknown,no semantic evidence joined,static_map_actor_selector_crosslink_20260930.csv;static_map_actor_semantic_candidates_20260930.csv
cfg_t06_l038_v2,F68-L011,0x40,unknown,,,unknown,no semantic evidence joined,static_map_actor_selector_crosslink_20260930.csv;static_map_actor_semantic_candidates_20260930.csv
cfg_t06_l037_v2,F68-L012,0x5B,unknown,,,unknown,no semantic evidence joined,static_map_actor_selector_crosslink_20260930.csv;static_map_actor_semantic_candidates_20260930.csv
cfg_t06_l038_v2,F68-L012,0x5B,unknown,,,unknown,no semantic evidence joined,static_map_actor_selector_crosslink_20260930.csv;static_map_actor_semantic_candidates_20260930.csv
cfg_t06_l037_v2,F68-L013,0x3E,unknown,,,unknown,no semantic evidence joined,static_map_actor_selector_crosslink_20260930.csv;static_map_actor_semantic_candidates_20260930.csv
cfg_t06_l038_v2,F68-L013,0x3E,unknown,,,unknown,no semantic evidence joined,static_map_actor_selector_crosslink_20260930.csv;static_map_actor_semantic_candidates_20260930.csv
cfg_t06_l037_v2,F68-L014,0x59,unknown,,,unknown,no semantic evidence joined,static_map_actor_selector_crosslink_20260930.csv;static_map_actor_semantic_candidates_20260930.csv
cfg_t06_l038_v2,F68-L014,0x59,unknown,,,unknown,no semantic evidence joined,static_map_actor_selector_crosslink_20260930.csv;static_map_actor_semantic_candidates_20260930.csv
cfg_t06_l037_v2,F68-L015,0x3F,unknown,,,unknown,no semantic evidence joined,static_map_actor_selector_crosslink_20260930.csv;static_map_actor_semantic_candidates_20260930.csv
cfg_t06_l038_v2,F68-L015,0x3F,unknown,,,unknown,no semantic evidence joined,static_map_actor_selector_crosslink_20260930.csv;static_map_actor_semantic_candidates_20260930.csv
cfg_t06_l037_v2,F68-L016,0x3F,unknown,,,unknown,no semantic evidence joined,static_map_actor_selector_crosslink_20260930.csv;static_map_actor_semantic_candidates_20260930.csv
cfg_t06_l038_v2,F68-L016,0x3F,unknown,,,unknown,no semantic evidence joined,static_map_actor_selector_crosslink_20260930.csv;static_map_actor_semantic_candidates_20260930.csv
cfg_t06_l037_v2,F68-L017,0x28,unknown,,,unknown,no semantic evidence joined,static_map_actor_selector_crosslink_20260930.csv;static_map_actor_semantic_candidates_20260930.csv
cfg_t06_l038_v2,F68-L017,0x28,unknown,,,unknown,no semantic evidence joined,static_map_actor_selector_crosslink_20260930.csv;static_map_actor_semantic_candidates_20260930.csv
cfg_t06_l037_v2,F68-L018,0x5B,unknown,,,unknown,no semantic evidence joined,static_map_actor_selector_crosslink_20260930.csv;static_map_actor_semantic_candidates_20260930.csv
cfg_t06_l038_v2,F68-L018,0x5B,unknown,,,unknown,no semantic evidence joined,static_map_actor_selector_crosslink_20260930.csv;static_map_actor_semantic_candidates_20260930.csv
cfg_t06_l037_v2,F68-L019,0x28,unknown,,,unknown,no semantic evidence joined,static_map_actor_selector_crosslink_20260930.csv;static_map_actor_semantic_candidates_20260930.csv
cfg_t06_l038_v2,F68-L019,0x28,unknown,,,unknown,no semantic evidence joined,static_map_actor_selector_crosslink_20260930.csv;static_map_actor_semantic_candidates_20260930.csv
cfg_t06_l037_v2,F68-L020,0x29,unknown,,,unknown,no semantic evidence joined,static_map_actor_selector_crosslink_20260930.csv;static_map_actor_semantic_candidates_20260930.csv
cfg_t06_l038_v2,F68-L020,0x29,unknown,,,unknown,no semantic evidence joined,static_map_actor_selector_crosslink_20260930.csv;static_map_actor_semantic_candidates_20260930.csv
cfg_t06_l037_v2,F68-L025,0x0A,unknown,,,unknown,no semantic evidence joined,static_map_actor_selector_crosslink_20260930.csv;static_map_actor_semantic_candidates_20260930.csv
cfg_t06_l038_v2,F68-L025,0x0A,unknown,,,unknown,no semantic evidence joined,static_map_actor_selector_crosslink_20260930.csv;static_map_actor_semantic_candidates_20260930.csv
cfg_t06_l040_v2,F6A-L002,0x40,unknown,,red-hat human figure,candidate,humanoid actor; finer role not proven; visual form plus static opcode59 map binding,static_map_actor_selector_crosslink_20260930.csv;static_map_actor_semantic_candidates_20260930.csv
cfg_t06_l040_v2,F6A-L003,0x59,unknown,,purple-green human graphics alias,candidate,humanoid actor; finer role not proven; visual form plus static opcode59 map binding,static_map_actor_selector_crosslink_20260930.csv;static_map_actor_semantic_candidates_20260930.csv
cfg_t06_l040_v2,F6A-L004,0x40,unknown,,red-hat human figure,candidate,humanoid actor; finer role not proven; visual form plus static opcode59 map binding,static_map_actor_selector_crosslink_20260930.csv;static_map_actor_semantic_candidates_20260930.csv
cfg_t06_l040_v2,F6A-L005,0x3F,unknown,,purple-green human figure,candidate,humanoid actor; finer role not proven; visual form plus static opcode59 map binding,static_map_actor_selector_crosslink_20260930.csv;static_map_actor_semantic_candidates_20260930.csv
cfg_t06_l040_v2,F6A-L006,0x29,unknown,,human figure,candidate,humanoid actor; finer role not proven; visual form plus static opcode59 map binding,static_map_actor_selector_crosslink_20260930.csv;static_map_actor_semantic_candidates_20260930.csv
cfg_t06_l040_v2,F6A-L007,0x40,unknown,,red-hat human figure,candidate,humanoid actor; finer role not proven; visual form plus static opcode59 map binding,static_map_actor_selector_crosslink_20260930.csv;static_map_actor_semantic_candidates_20260930.csv
cfg_t06_l040_v2,F6A-L008,0x27,unknown,,hooded or white-haired figure,candidate,humanoid actor; finer role not proven; visual form plus static opcode59 map binding,static_map_actor_selector_crosslink_20260930.csv;static_map_actor_semantic_candidates_20260930.csv
cfg_t06_l040_v2,F6A-L009,0x40,unknown,,red-hat human figure,candidate,humanoid actor; finer role not proven; visual form plus static opcode59 map binding,static_map_actor_selector_crosslink_20260930.csv;static_map_actor_semantic_candidates_20260930.csv
cfg_t06_l040_v2,F6A-L010,0x30,unknown,,,unknown,no semantic evidence joined,static_map_actor_selector_crosslink_20260930.csv;static_map_actor_semantic_candidates_20260930.csv
cfg_t06_l040_v2,F6A-L011,0x2F,unknown,,,unknown,no semantic evidence joined,static_map_actor_selector_crosslink_20260930.csv;static_map_actor_semantic_candidates_20260930.csv
cfg_t06_l040_v2,F6A-L012,0x2F,unknown,,,unknown,no semantic evidence joined,static_map_actor_selector_crosslink_20260930.csv;static_map_actor_semantic_candidates_20260930.csv
cfg_t06_l040_v2,F6A-L013,0x2F,unknown,,,unknown,no semantic evidence joined,static_map_actor_selector_crosslink_20260930.csv;static_map_actor_semantic_candidates_20260930.csv
cfg_t07_l076_v2,F6C-L001,0x40,unknown,,,unknown,no semantic evidence joined,static_map_actor_selector_crosslink_20260930.csv;static_map_actor_semantic_candidates_20260930.csv
cfg_t07_l076_v2,F6C-L002,0x5B,unknown,,,unknown,no semantic evidence joined,static_map_actor_selector_crosslink_20260930.csv;static_map_actor_semantic_candidates_20260930.csv
cfg_t07_l076_v2,F6C-L003,0x28,unknown,,,unknown,no semantic evidence joined,static_map_actor_selector_crosslink_20260930.csv;static_map_actor_semantic_candidates_20260930.csv
cfg_t07_l076_v2,F6C-L004,0x5B,unknown,,,unknown,no semantic evidence joined,static_map_actor_selector_crosslink_20260930.csv;static_map_actor_semantic_candidates_20260930.csv
cfg_t07_l076_v2,F6C-L005,0x28,unknown,,,unknown,no semantic evidence joined,static_map_actor_selector_crosslink_20260930.csv;static_map_actor_semantic_candidates_20260930.csv
cfg_t07_l076_v2,F6C-L006,0x43,unknown,,,unknown,no semantic evidence joined,static_map_actor_selector_crosslink_20260930.csv;static_map_actor_semantic_candidates_20260930.csv
cfg_t07_l076_v2,F6C-L007,0x59,unknown,,,unknown,no semantic evidence joined,static_map_actor_selector_crosslink_20260930.csv;static_map_actor_semantic_candidates_20260930.csv
cfg_t07_l076_v2,F6C-L008,0x5A,unknown,,,unknown,no semantic evidence joined,static_map_actor_selector_crosslink_20260930.csv;static_map_actor_semantic_candidates_20260930.csv
cfg_t07_l076_v2,F6C-L009,0x24,unknown,,,unknown,no semantic evidence joined,static_map_actor_selector_crosslink_20260930.csv;static_map_actor_semantic_candidates_20260930.csv
cfg_t07_l076_v2,F6C-L010,0x3F,unknown,,,unknown,no semantic evidence joined,static_map_actor_selector_crosslink_20260930.csv;static_map_actor_semantic_candidates_20260930.csv
cfg_t07_l076_v2,F6C-L011,0x43,unknown,,,unknown,no semantic evidence joined,static_map_actor_selector_crosslink_20260930.csv;static_map_actor_semantic_candidates_20260930.csv
cfg_t07_l076_v2,F6C-L012,0x41,unknown,,,unknown,no semantic evidence joined,static_map_actor_selector_crosslink_20260930.csv;static_map_actor_semantic_candidates_20260930.csv
cfg_t07_l076_v2,F6C-L013,0x3D,unknown,,,unknown,no semantic evidence joined,static_map_actor_selector_crosslink_20260930.csv;static_map_actor_semantic_candidates_20260930.csv
cfg_t07_l076_v2,F6C-L014,0x42,unknown,,,unknown,no semantic evidence joined,static_map_actor_selector_crosslink_20260930.csv;static_map_actor_semantic_candidates_20260930.csv
cfg_t07_l076_v2,F6C-L015,0x42,unknown,,,unknown,no semantic evidence joined,static_map_actor_selector_crosslink_20260930.csv;static_map_actor_semantic_candidates_20260930.csv
cfg_t07_l076_v2,F6C-L016,0x42,unknown,,,unknown,no semantic evidence joined,static_map_actor_selector_crosslink_20260930.csv;static_map_actor_semantic_candidates_20260930.csv
cfg_t05_l043_v2,F6E-L001,0x40,unknown,,red-hat human figure,candidate,humanoid actor; finer role not proven; visual form plus static opcode59 map binding,static_map_actor_selector_crosslink_20260930.csv;static_map_actor_semantic_candidates_20260930.csv
cfg_t05_l043_v2,F6E-L002,0x59,unknown,,purple-green human graphics alias,candidate,humanoid actor; finer role not proven; visual form plus static opcode59 map binding,static_map_actor_selector_crosslink_20260930.csv;static_map_actor_semantic_candidates_20260930.csv
cfg_t05_l043_v2,F6E-L003,0x5B,unknown,,blue-haired or blue-hat human figure,candidate,humanoid actor; finer role not proven; visual form plus static opcode59 map binding,static_map_actor_selector_crosslink_20260930.csv;static_map_actor_semantic_candidates_20260930.csv
cfg_t05_l043_v2,F6E-L004,0x28,unknown,,dark-haired human figure,candidate,humanoid actor; finer role not proven; visual form plus static opcode59 map binding,static_map_actor_selector_crosslink_20260930.csv;static_map_actor_semantic_candidates_20260930.csv
cfg_t05_l043_v2,F6E-L005,0x5A,unknown,,human graphics alias,candidate,humanoid actor; finer role not proven; visual form plus static opcode59 map binding,static_map_actor_selector_crosslink_20260930.csv;static_map_actor_semantic_candidates_20260930.csv
cfg_t05_l043_v2,F6E-L006,0x43,unknown,,straw-hat human figure,candidate,humanoid actor; finer role not proven; visual form plus static opcode59 map binding,static_map_actor_selector_crosslink_20260930.csv;static_map_actor_semantic_candidates_20260930.csv
cfg_t05_l043_v2,F6E-L007,0x5A,unknown,,human graphics alias,candidate,humanoid actor; finer role not proven; visual form plus static opcode59 map binding,static_map_actor_selector_crosslink_20260930.csv;static_map_actor_semantic_candidates_20260930.csv
cfg_t05_l043_v2,F6E-L008,0x3F,unknown,,purple-green human figure,candidate,humanoid actor; finer role not proven; visual form plus static opcode59 map binding,static_map_actor_selector_crosslink_20260930.csv;static_map_actor_semantic_candidates_20260930.csv
cfg_t05_l043_v2,F6E-L009,0x24,unknown,,red-hat elder-like figure,candidate,humanoid actor; finer role not proven; visual form plus static opcode59 map binding,static_map_actor_selector_crosslink_20260930.csv;static_map_actor_semantic_candidates_20260930.csv
cfg_t05_l043_v2,F6E-L010,0x59,unknown,,purple-green human graphics alias,candidate,humanoid actor; finer role not proven; visual form plus static opcode59 map binding,static_map_actor_selector_crosslink_20260930.csv;static_map_actor_semantic_candidates_20260930.csv
cfg_t05_l043_v2,F6E-L011,0x5B,unknown,,blue-haired or blue-hat human figure,candidate,humanoid actor; finer role not proven; visual form plus static opcode59 map binding,static_map_actor_selector_crosslink_20260930.csv;static_map_actor_semantic_candidates_20260930.csv
cfg_t05_l043_v2,F6E-L012,0x43,unknown,,straw-hat human figure,candidate,humanoid actor; finer role not proven; visual form plus static opcode59 map binding,static_map_actor_selector_crosslink_20260930.csv;static_map_actor_semantic_candidates_20260930.csv
cfg_t05_l043_v2,F6E-L013,0x38,unknown,,blue-clad human figure,candidate,humanoid actor; finer role not proven; visual form plus static opcode59 map binding,static_map_actor_selector_crosslink_20260930.csv;static_map_actor_semantic_candidates_20260930.csv
cfg_t05_l043_v2,F6E-L014,0x30,unknown,,red-clad human figure,candidate,humanoid actor; finer role not proven; visual form plus static opcode59 map binding,static_map_actor_selector_crosslink_20260930.csv;static_map_actor_semantic_candidates_20260930.csv
cfg_t05_l043_v2,F6E-L015,0x29,unknown,,,unknown,no semantic evidence joined,static_map_actor_selector_crosslink_20260930.csv;static_map_actor_semantic_candidates_20260930.csv
cfg_t05_l043_v2,F6E-L016,0x29,unknown,,human figure,candidate,humanoid actor; finer role not proven; visual form plus static opcode59 map binding,static_map_actor_selector_crosslink_20260930.csv;static_map_actor_semantic_candidates_20260930.csv
cfg_t05_l043_v2,F6E-L017,0x29,unknown,,human figure,candidate,humanoid actor; finer role not proven; visual form plus static opcode59 map binding,static_map_actor_selector_crosslink_20260930.csv;static_map_actor_semantic_candidates_20260930.csv
cfg_t04_l045_v2,F6F-L003,0x43,unknown,,,unknown,no semantic evidence joined,static_map_actor_selector_crosslink_20260930.csv;static_map_actor_semantic_candidates_20260930.csv
cfg_t04_l045_v2,F6F-L004,0x43,unknown,,,unknown,no semantic evidence joined,static_map_actor_selector_crosslink_20260930.csv;static_map_actor_semantic_candidates_20260930.csv
cfg_t04_l045_v2,F6F-L005,0x44,unknown,,,unknown,no semantic evidence joined,static_map_actor_selector_crosslink_20260930.csv;static_map_actor_semantic_candidates_20260930.csv
cfg_t04_l045_v2,F6F-L006,0x42,unknown,,,unknown,no semantic evidence joined,static_map_actor_selector_crosslink_20260930.csv;static_map_actor_semantic_candidates_20260930.csv
cfg_t04_l045_v2,F6F-L007,0x30,unknown,,,unknown,no semantic evidence joined,static_map_actor_selector_crosslink_20260930.csv;static_map_actor_semantic_candidates_20260930.csv
cfg_t04_l045_v2,F6F-L008,0x2F,unknown,,,unknown,no semantic evidence joined,static_map_actor_selector_crosslink_20260930.csv;static_map_actor_semantic_candidates_20260930.csv
cfg_t04_l045_v2,F6F-L009,0x30,unknown,,,unknown,no semantic evidence joined,static_map_actor_selector_crosslink_20260930.csv;static_map_actor_semantic_candidates_20260930.csv
cfg_t04_l045_v2,F6F-L010,0x30,unknown,,,unknown,no semantic evidence joined,static_map_actor_selector_crosslink_20260930.csv;static_map_actor_semantic_candidates_20260930.csv
cfg_t04_l045_v2,F6F-L011,0x30,unknown,,,unknown,no semantic evidence joined,static_map_actor_selector_crosslink_20260930.csv;static_map_actor_semantic_candidates_20260930.csv
cfg_t04_l045_v2,F70-L003,0x59,unknown,,purple-green human graphics alias,candidate,humanoid actor; finer role not proven; visual form plus static opcode59 map binding,static_map_actor_selector_crosslink_20260930.csv;static_map_actor_semantic_candidates_20260930.csv
cfg_t04_l045_v2,F70-L004,0x42,unknown,,blue-red human figure,candidate,humanoid actor; finer role not proven; visual form plus static opcode59 map binding,static_map_actor_selector_crosslink_20260930.csv;static_map_actor_semantic_candidates_20260930.csv
cfg_t04_l045_v2,F70-L005,0x5B,unknown,,blue-haired or blue-hat human figure,candidate,humanoid actor; finer role not proven; visual form plus static opcode59 map binding,static_map_actor_selector_crosslink_20260930.csv;static_map_actor_semantic_candidates_20260930.csv
cfg_t04_l045_v2,F70-L006,0x42,unknown,,blue-red human figure,candidate,humanoid actor; finer role not proven; visual form plus static opcode59 map binding,static_map_actor_selector_crosslink_20260930.csv;static_map_actor_semantic_candidates_20260930.csv
cfg_t04_l045_v2,F70-L007,0x3F,unknown,,purple-green human figure,candidate,humanoid actor; finer role not proven; visual form plus static opcode59 map binding,static_map_actor_selector_crosslink_20260930.csv;static_map_actor_semantic_candidates_20260930.csv
cfg_t04_l045_v2,F70-L008,0x59,unknown,,purple-green human graphics alias,candidate,humanoid actor; finer role not proven; visual form plus static opcode59 map binding,static_map_actor_selector_crosslink_20260930.csv;static_map_actor_semantic_candidates_20260930.csv
cfg_t04_l045_v2,F70-L009,0x3F,unknown,,purple-green human figure,candidate,humanoid actor; finer role not proven; visual form plus static opcode59 map binding,static_map_actor_selector_crosslink_20260930.csv;static_map_actor_semantic_candidates_20260930.csv
cfg_t04_l045_v2,F70-L010,0x23,unknown,,white-haired or hooded figure,candidate,humanoid actor; finer role not proven; visual form plus static opcode59 map binding,static_map_actor_selector_crosslink_20260930.csv;static_map_actor_semantic_candidates_20260930.csv
cfg_t04_l045_v2,F70-L011,0x43,unknown,,straw-hat human figure,candidate,humanoid actor; finer role not proven; visual form plus static opcode59 map binding,static_map_actor_selector_crosslink_20260930.csv;static_map_actor_semantic_candidates_20260930.csv
cfg_t04_l045_v2,F70-L012,0x43,unknown,,straw-hat human figure,candidate,humanoid actor; finer role not proven; visual form plus static opcode59 map binding,static_map_actor_selector_crosslink_20260930.csv;static_map_actor_semantic_candidates_20260930.csv
cfg_t04_l045_v2,F70-L013,0x24,unknown,,red-hat elder-like figure,candidate,humanoid actor; finer role not proven; visual form plus static opcode59 map binding,static_map_actor_selector_crosslink_20260930.csv;static_map_actor_semantic_candidates_20260930.csv
cfg_t04_l045_v2,F70-L014,0x44,unknown,,broad-hat human figure,candidate,humanoid actor; finer role not proven; visual form plus static opcode59 map binding,static_map_actor_selector_crosslink_20260930.csv;static_map_actor_semantic_candidates_20260930.csv
cfg_t04_l045_v2,F70-L015,0x30,unknown,,red-clad human figure,candidate,humanoid actor; finer role not proven; visual form plus static opcode59 map binding,static_map_actor_selector_crosslink_20260930.csv;static_map_actor_semantic_candidates_20260930.csv
cfg_t04_l045_v2,F70-L016,0x2F,unknown,,blue-clad human figure,candidate,humanoid actor; finer role not proven; visual form plus static opcode59 map binding,static_map_actor_selector_crosslink_20260930.csv;static_map_actor_semantic_candidates_20260930.csv
cfg_t04_l045_v2,F70-L017,0x38,unknown,,blue-clad human figure,candidate,humanoid actor; finer role not proven; visual form plus static opcode59 map binding,static_map_actor_selector_crosslink_20260930.csv;static_map_actor_semantic_candidates_20260930.csv
cfg_t04_l045_v2,F70-L018,0x30,unknown,,red-clad human figure,candidate,humanoid actor; finer role not proven; visual form plus static opcode59 map binding,static_map_actor_selector_crosslink_20260930.csv;static_map_actor_semantic_candidates_20260930.csv
cfg_t04_l045_v2,F70-L019,0x3F,unknown,,purple-green human figure,candidate,humanoid actor; finer role not proven; visual form plus static opcode59 map binding,static_map_actor_selector_crosslink_20260930.csv;static_map_actor_semantic_candidates_20260930.csv
cfg_t04_l045_v2,F70-L020,0x23,unknown,,white-haired or hooded figure,candidate,humanoid actor; finer role not proven; visual form plus static opcode59 map binding,static_map_actor_selector_crosslink_20260930.csv;static_map_actor_semantic_candidates_20260930.csv
cfg_t04_l045_v2,F70-L021,0x3E,unknown,,red-hat elder-like graphics alias,candidate,humanoid actor; finer role not proven; visual form plus static opcode59 map binding,static_map_actor_selector_crosslink_20260930.csv;static_map_actor_semantic_candidates_20260930.csv
cfg_t04_l045_v2,F70-L022,0x5A,unknown,,human graphics alias,candidate,humanoid actor; finer role not proven; visual form plus static opcode59 map binding,static_map_actor_selector_crosslink_20260930.csv;static_map_actor_semantic_candidates_20260930.csv
cfg_t04_l045_v2,F70-L023,0x40,unknown,,red-hat human figure,candidate,humanoid actor; finer role not proven; visual form plus static opcode59 map binding,static_map_actor_selector_crosslink_20260930.csv;static_map_actor_semantic_candidates_20260930.csv
cfg_t04_l045_v2,F70-L024,0x42,unknown,,blue-red human figure,candidate,humanoid actor; finer role not proven; visual form plus static opcode59 map binding,static_map_actor_selector_crosslink_20260930.csv;static_map_actor_semantic_candidates_20260930.csv
cfg_t07_l069_v2,F71-L001,0x24,unknown,,,unknown,no semantic evidence joined,static_map_actor_selector_crosslink_20260930.csv;static_map_actor_semantic_candidates_20260930.csv
cfg_t07_l069_v2,F71-L002,0x28,unknown,,,unknown,no semantic evidence joined,static_map_actor_selector_crosslink_20260930.csv;static_map_actor_semantic_candidates_20260930.csv
cfg_t07_l078_v2,F72-L001,0x24,unknown,,,unknown,no semantic evidence joined,static_map_actor_selector_crosslink_20260930.csv;static_map_actor_semantic_candidates_20260930.csv
cfg_t07_l078_v2,F72-L002,0x59,unknown,,,unknown,no semantic evidence joined,static_map_actor_selector_crosslink_20260930.csv;static_map_actor_semantic_candidates_20260930.csv
cfg_t07_l078_v2,F72-L003,0x30,unknown,,,unknown,no semantic evidence joined,static_map_actor_selector_crosslink_20260930.csv;static_map_actor_semantic_candidates_20260930.csv
cfg_t07_l078_v2,F72-L004,0x29,unknown,,,unknown,no semantic evidence joined,static_map_actor_selector_crosslink_20260930.csv;static_map_actor_semantic_candidates_20260930.csv
cfg_t07_l078_v2,F72-L005,0x27,unknown,,,unknown,no semantic evidence joined,static_map_actor_selector_crosslink_20260930.csv;static_map_actor_semantic_candidates_20260930.csv
cfg_t07_l078_v2,F72-L006,0x5B,unknown,,,unknown,no semantic evidence joined,static_map_actor_selector_crosslink_20260930.csv;static_map_actor_semantic_candidates_20260930.csv
cfg_t07_l078_v2,F72-L007,0x28,unknown,,,unknown,no semantic evidence joined,static_map_actor_selector_crosslink_20260930.csv;static_map_actor_semantic_candidates_20260930.csv
cfg_t07_l078_v2,F72-L008,0x2F,unknown,,,unknown,no semantic evidence joined,static_map_actor_selector_crosslink_20260930.csv;static_map_actor_semantic_candidates_20260930.csv
cfg_t07_l078_v2,F72-L009,0x42,unknown,,,unknown,no semantic evidence joined,static_map_actor_selector_crosslink_20260930.csv;static_map_actor_semantic_candidates_20260930.csv
cfg_t07_l078_v2,F72-L010,0x59,unknown,,,unknown,no semantic evidence joined,static_map_actor_selector_crosslink_20260930.csv;static_map_actor_semantic_candidates_20260930.csv
cfg_t07_l078_v2,F73-L001,0x42,unknown,,,unknown,no semantic evidence joined,static_map_actor_selector_crosslink_20260930.csv;static_map_actor_semantic_candidates_20260930.csv
cfg_t07_l078_v2,F73-L002,0x59,unknown,,,unknown,no semantic evidence joined,static_map_actor_selector_crosslink_20260930.csv;static_map_actor_semantic_candidates_20260930.csv
cfg_t07_l078_v2,F73-L003,0x23,unknown,,,unknown,no semantic evidence joined,static_map_actor_selector_crosslink_20260930.csv;static_map_actor_semantic_candidates_20260930.csv
cfg_t07_l078_v2,F73-L004,0x24,unknown,,,unknown,no semantic evidence joined,static_map_actor_selector_crosslink_20260930.csv;static_map_actor_semantic_candidates_20260930.csv
cfg_t07_l078_v2,F73-L005,0x27,unknown,,,unknown,no semantic evidence joined,static_map_actor_selector_crosslink_20260930.csv;static_map_actor_semantic_candidates_20260930.csv
cfg_t07_l078_v2,F73-L006,0x46,unknown,,,unknown,no semantic evidence joined,static_map_actor_selector_crosslink_20260930.csv;static_map_actor_semantic_candidates_20260930.csv
cfg_t07_l078_v2,F73-L007,0x40,unknown,,,unknown,no semantic evidence joined,static_map_actor_selector_crosslink_20260930.csv;static_map_actor_semantic_candidates_20260930.csv
cfg_t07_l078_v2,F73-L008,0x5A,unknown,,,unknown,no semantic evidence joined,static_map_actor_selector_crosslink_20260930.csv;static_map_actor_semantic_candidates_20260930.csv
cfg_t50_l178_v1,F75-L001,0x42,unknown,,,unknown,no semantic evidence joined,static_map_actor_selector_crosslink_20260930.csv;static_map_actor_semantic_candidates_20260930.csv
cfg_t50_l178_v1,F75-L002,0x29,unknown,,,unknown,no semantic evidence joined,static_map_actor_selector_crosslink_20260930.csv;static_map_actor_semantic_candidates_20260930.csv
cfg_t50_l178_v1,F75-L003,0x29,unknown,,human figure,candidate,humanoid actor; finer role not proven; visual form plus static opcode59 map binding,static_map_actor_selector_crosslink_20260930.csv;static_map_actor_semantic_candidates_20260930.csv
cfg_t50_l178_v1,F75-L004,0x29,unknown,,human figure,candidate,humanoid actor; finer role not proven; visual form plus static opcode59 map binding,static_map_actor_selector_crosslink_20260930.csv;static_map_actor_semantic_candidates_20260930.csv
cfg_t50_l178_v1,F75-L005,0x42,unknown,,,unknown,no semantic evidence joined,static_map_actor_selector_crosslink_20260930.csv;static_map_actor_semantic_candidates_20260930.csv
cfg_t50_l178_v1,F75-L006,0x40,unknown,,,unknown,no semantic evidence joined,static_map_actor_selector_crosslink_20260930.csv;static_map_actor_semantic_candidates_20260930.csv
cfg_t50_l178_v1,F75-L007,0x5A,unknown,,,unknown,no semantic evidence joined,static_map_actor_selector_crosslink_20260930.csv;static_map_actor_semantic_candidates_20260930.csv
cfg_t50_l178_v1,F75-L008,0x40,unknown,,,unknown,no semantic evidence joined,static_map_actor_selector_crosslink_20260930.csv;static_map_actor_semantic_candidates_20260930.csv
cfg_t50_l178_v1,F75-L009,0x5A,unknown,,,unknown,no semantic evidence joined,static_map_actor_selector_crosslink_20260930.csv;static_map_actor_semantic_candidates_20260930.csv
cfg_t50_l178_v1,F75-L010,0x40,unknown,,,unknown,no semantic evidence joined,static_map_actor_selector_crosslink_20260930.csv;static_map_actor_semantic_candidates_20260930.csv
cfg_t50_l178_v1,F75-L011,0x5A,unknown,,,unknown,no semantic evidence joined,static_map_actor_selector_crosslink_20260930.csv;static_map_actor_semantic_candidates_20260930.csv
cfg_t50_l178_v1,F75-L012,0x40,unknown,,,unknown,no semantic evidence joined,static_map_actor_selector_crosslink_20260930.csv;static_map_actor_semantic_candidates_20260930.csv
cfg_t50_l178_v1,F75-L013,0x29,unknown,,human figure,candidate,humanoid actor; finer role not proven; visual form plus static opcode59 map binding,static_map_actor_selector_crosslink_20260930.csv;static_map_actor_semantic_candidates_20260930.csv
cfg_t50_l178_v1,F75-L014,0x05,unknown,,,unknown,no semantic evidence joined,static_map_actor_selector_crosslink_20260930.csv;static_map_actor_semantic_candidates_20260930.csv
cfg_t50_l178_v1,F75-L015,0x02,unknown,,,unknown,no semantic evidence joined,static_map_actor_selector_crosslink_20260930.csv;static_map_actor_semantic_candidates_20260930.csv
cfg_t50_l178_v1,F75-L016,0x03,unknown,,,unknown,no semantic evidence joined,static_map_actor_selector_crosslink_20260930.csv;static_map_actor_semantic_candidates_20260930.csv
cfg_t50_l178_v1,F75-L017,0x04,unknown,,,unknown,no semantic evidence joined,static_map_actor_selector_crosslink_20260930.csv;static_map_actor_semantic_candidates_20260930.csv
cfg_t50_l178_v1,F75-L018,0x09,unknown,,,unknown,no semantic evidence joined,static_map_actor_selector_crosslink_20260930.csv;static_map_actor_semantic_candidates_20260930.csv
cfg_t50_l178_v1,F75-L019,0x06,unknown,,,unknown,no semantic evidence joined,static_map_actor_selector_crosslink_20260930.csv;static_map_actor_semantic_candidates_20260930.csv
cfg_t50_l178_v1,F75-L020,0x07,unknown,,,unknown,no semantic evidence joined,static_map_actor_selector_crosslink_20260930.csv;static_map_actor_semantic_candidates_20260930.csv
cfg_t50_l178_v1,F75-L021,0x11,unknown,,,unknown,no semantic evidence joined,static_map_actor_selector_crosslink_20260930.csv;static_map_actor_semantic_candidates_20260930.csv
cfg_t50_l178_v1,F75-L022,0x0F,unknown,,,unknown,no semantic evidence joined,static_map_actor_selector_crosslink_20260930.csv;static_map_actor_semantic_candidates_20260930.csv
cfg_t50_l178_v1,F75-L023,0x10,unknown,,,unknown,no semantic evidence joined,static_map_actor_selector_crosslink_20260930.csv;static_map_actor_semantic_candidates_20260930.csv
cfg_t50_l178_v1,F75-L024,0x08,unknown,,,unknown,no semantic evidence joined,static_map_actor_selector_crosslink_20260930.csv;static_map_actor_semantic_candidates_20260930.csv
cfg_t50_l178_v1,F75-L025,0x12,unknown,,,unknown,no semantic evidence joined,static_map_actor_selector_crosslink_20260930.csv;static_map_actor_semantic_candidates_20260930.csv
cfg_t50_l178_v1,F75-L026,0x13,unknown,,,unknown,no semantic evidence joined,static_map_actor_selector_crosslink_20260930.csv;static_map_actor_semantic_candidates_20260930.csv
cfg_t50_l178_v1,F75-L027,0x0D,unknown,,,unknown,no semantic evidence joined,static_map_actor_selector_crosslink_20260930.csv;static_map_actor_semantic_candidates_20260930.csv
cfg_t50_l178_v1,F75-L028,0x0E,unknown,,,unknown,no semantic evidence joined,static_map_actor_selector_crosslink_20260930.csv;static_map_actor_semantic_candidates_20260930.csv
cfg_t50_l178_v1,F75-L029,0x14,unknown,,,unknown,no semantic evidence joined,static_map_actor_selector_crosslink_20260930.csv;static_map_actor_semantic_candidates_20260930.csv
cfg_t50_l178_v1,F75-L030,0x0A,unknown,,,unknown,no semantic evidence joined,static_map_actor_selector_crosslink_20260930.csv;static_map_actor_semantic_candidates_20260930.csv
cfg_t50_l178_v1,F75-L031,0x6A,unknown,,,unknown,no semantic evidence joined,static_map_actor_selector_crosslink_20260930.csv;static_map_actor_semantic_candidates_20260930.csv
cfg_t50_l178_v1,F75-L032,0x0B,unknown,,,unknown,no semantic evidence joined,static_map_actor_selector_crosslink_20260930.csv;static_map_actor_semantic_candidates_20260930.csv
cfg_t46_l170_v2,F78-L001,0x29,unknown,,human figure,candidate,humanoid actor; finer role not proven; visual form plus static opcode59 map binding,static_map_actor_selector_crosslink_20260930.csv;static_map_actor_semantic_candidates_20260930.csv
cfg_t46_l170_v2,F78-L002,0x29,unknown,,human figure,candidate,humanoid actor; finer role not proven; visual form plus static opcode59 map binding,static_map_actor_selector_crosslink_20260930.csv;static_map_actor_semantic_candidates_20260930.csv
cfg_t46_l170_v2,F78-L003,0x29,unknown,,human figure,candidate,humanoid actor; finer role not proven; visual form plus static opcode59 map binding,static_map_actor_selector_crosslink_20260930.csv;static_map_actor_semantic_candidates_20260930.csv
cfg_t46_l170_v2,F78-L004,0x3F,unknown,,purple-green human figure,candidate,humanoid actor; finer role not proven; visual form plus static opcode59 map binding,static_map_actor_selector_crosslink_20260930.csv;static_map_actor_semantic_candidates_20260930.csv
cfg_t46_l170_v2,F78-L005,0x29,unknown,,human figure,candidate,humanoid actor; finer role not proven; visual form plus static opcode59 map binding,static_map_actor_selector_crosslink_20260930.csv;static_map_actor_semantic_candidates_20260930.csv
cfg_t46_l170_v2,F78-L006,0x59,unknown,,purple-green human graphics alias,candidate,humanoid actor; finer role not proven; visual form plus static opcode59 map binding,static_map_actor_selector_crosslink_20260930.csv;static_map_actor_semantic_candidates_20260930.csv
cfg_t46_l170_v2,F79-L001,0x42,unknown,,,unknown,no semantic evidence joined,static_map_actor_selector_crosslink_20260930.csv;static_map_actor_semantic_candidates_20260930.csv
cfg_t46_l170_v2,F79-L002,0x42,unknown,,,unknown,no semantic evidence joined,static_map_actor_selector_crosslink_20260930.csv;static_map_actor_semantic_candidates_20260930.csv
cfg_t46_l170_v2,F79-L003,0x42,unknown,,,unknown,no semantic evidence joined,static_map_actor_selector_crosslink_20260930.csv;static_map_actor_semantic_candidates_20260930.csv
cfg_t46_l170_v2,F79-L004,0x29,unknown,,,unknown,no semantic evidence joined,static_map_actor_selector_crosslink_20260930.csv;static_map_actor_semantic_candidates_20260930.csv
cfg_t39_l156_v1,F7C-L001,0x2F,unknown,,,unknown,no semantic evidence joined,static_map_actor_selector_crosslink_20260930.csv;static_map_actor_semantic_candidates_20260930.csv
cfg_t39_l156_v1,F7C-L002,0x30,unknown,,,unknown,no semantic evidence joined,static_map_actor_selector_crosslink_20260930.csv;static_map_actor_semantic_candidates_20260930.csv
cfg_t39_l156_v1,F7C-L003,0x2F,unknown,,,unknown,no semantic evidence joined,static_map_actor_selector_crosslink_20260930.csv;static_map_actor_semantic_candidates_20260930.csv
cfg_t39_l156_v1,F7C-L004,0x30,unknown,,,unknown,no semantic evidence joined,static_map_actor_selector_crosslink_20260930.csv;static_map_actor_semantic_candidates_20260930.csv
cfg_t40_l159_v2,F7D-L001,0x43,unknown,,straw-hat human figure,candidate,humanoid actor; finer role not proven; visual form plus static opcode59 map binding,static_map_actor_selector_crosslink_20260930.csv;static_map_actor_semantic_candidates_20260930.csv
cfg_t05_l020_v2,F80-L001,0x2E,unknown,,hat or helmeted human figure,candidate,humanoid actor; finer role not proven; visual form plus static opcode59 map binding,static_map_actor_selector_crosslink_20260930.csv;static_map_actor_semantic_candidates_20260930.csv
cfg_t05_l020_v2,F80-L002,0x2E,unknown,,hat or helmeted human figure,candidate,humanoid actor; finer role not proven; visual form plus static opcode59 map binding,static_map_actor_selector_crosslink_20260930.csv;static_map_actor_semantic_candidates_20260930.csv
cfg_t05_l020_v2,F80-L003,0x2E,unknown,,hat or helmeted human figure,candidate,humanoid actor; finer role not proven; visual form plus static opcode59 map binding,static_map_actor_selector_crosslink_20260930.csv;static_map_actor_semantic_candidates_20260930.csv
cfg_t05_l020_v2,F80-L004,0x43,unknown,,straw-hat human figure,candidate,humanoid actor; finer role not proven; visual form plus static opcode59 map binding,static_map_actor_selector_crosslink_20260930.csv;static_map_actor_semantic_candidates_20260930.csv
cfg_t04_l057_v2,F81-L001,0x40,unknown,,,unknown,no semantic evidence joined,static_map_actor_selector_crosslink_20260930.csv;static_map_actor_semantic_candidates_20260930.csv
cfg_t04_l058_v2,F81-L001,0x40,unknown,,,unknown,no semantic evidence joined,static_map_actor_selector_crosslink_20260930.csv;static_map_actor_semantic_candidates_20260930.csv
cfg_t04_l057_v2,F81-L002,0x5A,unknown,,,unknown,no semantic evidence joined,static_map_actor_selector_crosslink_20260930.csv;static_map_actor_semantic_candidates_20260930.csv
cfg_t04_l058_v2,F81-L002,0x5A,unknown,,,unknown,no semantic evidence joined,static_map_actor_selector_crosslink_20260930.csv;static_map_actor_semantic_candidates_20260930.csv
cfg_t04_l057_v2,F81-L003,0x59,unknown,,,unknown,no semantic evidence joined,static_map_actor_selector_crosslink_20260930.csv;static_map_actor_semantic_candidates_20260930.csv
cfg_t04_l058_v2,F81-L003,0x59,unknown,,,unknown,no semantic evidence joined,static_map_actor_selector_crosslink_20260930.csv;static_map_actor_semantic_candidates_20260930.csv
cfg_t04_l057_v2,F81-L004,0x30,unknown,,,unknown,no semantic evidence joined,static_map_actor_selector_crosslink_20260930.csv;static_map_actor_semantic_candidates_20260930.csv
cfg_t04_l058_v2,F81-L004,0x30,unknown,,,unknown,no semantic evidence joined,static_map_actor_selector_crosslink_20260930.csv;static_map_actor_semantic_candidates_20260930.csv
cfg_t04_l057_v2,F81-L005,0x2F,unknown,,,unknown,no semantic evidence joined,static_map_actor_selector_crosslink_20260930.csv;static_map_actor_semantic_candidates_20260930.csv
cfg_t04_l058_v2,F81-L005,0x2F,unknown,,,unknown,no semantic evidence joined,static_map_actor_selector_crosslink_20260930.csv;static_map_actor_semantic_candidates_20260930.csv
cfg_t04_l057_v2,F81-L006,0x2F,unknown,,,unknown,no semantic evidence joined,static_map_actor_selector_crosslink_20260930.csv;static_map_actor_semantic_candidates_20260930.csv
cfg_t04_l058_v2,F81-L006,0x2F,unknown,,,unknown,no semantic evidence joined,static_map_actor_selector_crosslink_20260930.csv;static_map_actor_semantic_candidates_20260930.csv
cfg_t04_l057_v2,F81-L008,0x30,unknown,,,unknown,no semantic evidence joined,static_map_actor_selector_crosslink_20260930.csv;static_map_actor_semantic_candidates_20260930.csv
cfg_t04_l058_v2,F81-L008,0x30,unknown,,,unknown,no semantic evidence joined,static_map_actor_selector_crosslink_20260930.csv;static_map_actor_semantic_candidates_20260930.csv
cfg_t04_l057_v2,F81-L009,0x30,unknown,,,unknown,no semantic evidence joined,static_map_actor_selector_crosslink_20260930.csv;static_map_actor_semantic_candidates_20260930.csv
cfg_t04_l058_v2,F81-L009,0x30,unknown,,,unknown,no semantic evidence joined,static_map_actor_selector_crosslink_20260930.csv;static_map_actor_semantic_candidates_20260930.csv
cfg_t04_l059_v2,F82-L001,0x59,unknown,,,unknown,no semantic evidence joined,static_map_actor_selector_crosslink_20260930.csv;static_map_actor_semantic_candidates_20260930.csv
cfg_t04_l059_v2,F82-L002,0x27,unknown,,,unknown,no semantic evidence joined,static_map_actor_selector_crosslink_20260930.csv;static_map_actor_semantic_candidates_20260930.csv
cfg_t04_l059_v2,F82-L003,0x5B,unknown,,,unknown,no semantic evidence joined,static_map_actor_selector_crosslink_20260930.csv;static_map_actor_semantic_candidates_20260930.csv
cfg_t04_l059_v2,F82-L004,0x30,unknown,,,unknown,no semantic evidence joined,static_map_actor_selector_crosslink_20260930.csv;static_map_actor_semantic_candidates_20260930.csv
cfg_t04_l059_v2,F82-L005,0x2F,unknown,,,unknown,no semantic evidence joined,static_map_actor_selector_crosslink_20260930.csv;static_map_actor_semantic_candidates_20260930.csv
cfg_t04_l059_v2,F82-L006,0x23,unknown,,,unknown,no semantic evidence joined,static_map_actor_selector_crosslink_20260930.csv;static_map_actor_semantic_candidates_20260930.csv
cfg_t04_l059_v2,F82-L007,0x3F,unknown,,,unknown,no semantic evidence joined,static_map_actor_selector_crosslink_20260930.csv;static_map_actor_semantic_candidates_20260930.csv
cfg_t04_l059_v2,F82-L008,0x40,unknown,,,unknown,no semantic evidence joined,static_map_actor_selector_crosslink_20260930.csv;static_map_actor_semantic_candidates_20260930.csv
cfg_t04_l059_v2,F82-L009,0x6C,unknown,,,unknown,no semantic evidence joined,static_map_actor_selector_crosslink_20260930.csv;static_map_actor_semantic_candidates_20260930.csv
cfg_t04_l059_v2,F82-L010,0x6D,unknown,,,unknown,no semantic evidence joined,static_map_actor_selector_crosslink_20260930.csv;static_map_actor_semantic_candidates_20260930.csv
cfg_t04_l070_v2,F83-L003,0x40,unknown,,,unknown,no semantic evidence joined,static_map_actor_selector_crosslink_20260930.csv;static_map_actor_semantic_candidates_20260930.csv
cfg_t04_l070_v2,F83-L004,0x59,unknown,,,unknown,no semantic evidence joined,static_map_actor_selector_crosslink_20260930.csv;static_map_actor_semantic_candidates_20260930.csv
cfg_t04_l070_v2,F83-L005,0x5B,unknown,,,unknown,no semantic evidence joined,static_map_actor_selector_crosslink_20260930.csv;static_map_actor_semantic_candidates_20260930.csv
cfg_t04_l070_v2,F83-L006,0x43,unknown,,,unknown,no semantic evidence joined,static_map_actor_selector_crosslink_20260930.csv;static_map_actor_semantic_candidates_20260930.csv
cfg_t04_l070_v2,F83-L007,0x5A,unknown,,,unknown,no semantic evidence joined,static_map_actor_selector_crosslink_20260930.csv;static_map_actor_semantic_candidates_20260930.csv
cfg_t04_l070_v2,F83-L008,0x42,unknown,,,unknown,no semantic evidence joined,static_map_actor_selector_crosslink_20260930.csv;static_map_actor_semantic_candidates_20260930.csv
cfg_t04_l070_v2,F83-L009,0x5A,unknown,,,unknown,no semantic evidence joined,static_map_actor_selector_crosslink_20260930.csv;static_map_actor_semantic_candidates_20260930.csv
cfg_t04_l070_v2,F83-L010,0x30,unknown,,,unknown,no semantic evidence joined,static_map_actor_selector_crosslink_20260930.csv;static_map_actor_semantic_candidates_20260930.csv
cfg_t04_l070_v2,F83-L011,0x2F,unknown,,,unknown,no semantic evidence joined,static_map_actor_selector_crosslink_20260930.csv;static_map_actor_semantic_candidates_20260930.csv
cfg_t04_l070_v2,F83-L012,0x27,unknown,,,unknown,no semantic evidence joined,static_map_actor_selector_crosslink_20260930.csv;static_map_actor_semantic_candidates_20260930.csv
cfg_t04_l070_v2,F83-L013,0x24,unknown,,,unknown,no semantic evidence joined,static_map_actor_selector_crosslink_20260930.csv;static_map_actor_semantic_candidates_20260930.csv
cfg_t07_l072_v2,F84-L001,0x23,unknown,,,unknown,no semantic evidence joined,static_map_actor_selector_crosslink_20260930.csv;static_map_actor_semantic_candidates_20260930.csv
cfg_t04_l074_v2,F85-L001,0x24,unknown,,,unknown,no semantic evidence joined,static_map_actor_selector_crosslink_20260930.csv;static_map_actor_semantic_candidates_20260930.csv
cfg_t04_l073_v2,F85-L001,0x24,unknown,,,unknown,no semantic evidence joined,static_map_actor_selector_crosslink_20260930.csv;static_map_actor_semantic_candidates_20260930.csv
cfg_t04_l074_v2,F85-L002,0x23,unknown,,,unknown,no semantic evidence joined,static_map_actor_selector_crosslink_20260930.csv;static_map_actor_semantic_candidates_20260930.csv
cfg_t04_l073_v2,F85-L002,0x23,unknown,,,unknown,no semantic evidence joined,static_map_actor_selector_crosslink_20260930.csv;static_map_actor_semantic_candidates_20260930.csv
cfg_t44_l167_v1,F87-L001,0x10,unknown,,stocky human figure,candidate,humanoid actor; finer role not proven; visual form plus static opcode59 map binding,static_map_actor_selector_crosslink_20260930.csv;static_map_actor_semantic_candidates_20260930.csv
cfg_t45_l168_v2,F88-L001,0x0F,enemy,,small black-white creature,candidate,visual form only; enemy allegiance not yet proven; allegiance not statically proven,static_map_actor_selector_crosslink_20260930.csv;static_map_actor_semantic_candidates_20260930.csv
cfg_t45_l168_v2,F88-L002,0x11,unknown,,purple flower-like form,unknown,no semantic evidence joined,static_map_actor_selector_crosslink_20260930.csv;static_map_actor_semantic_candidates_20260930.csv
cfg_t45_l168_v2,F88-L003,0x11,unknown,,purple flower-like form,unknown,no semantic evidence joined,static_map_actor_selector_crosslink_20260930.csv;static_map_actor_semantic_candidates_20260930.csv
cfg_t45_l168_v2,F89-L001,0x0F,unknown,,,unknown,no semantic evidence joined,static_map_actor_selector_crosslink_20260930.csv;static_map_actor_semantic_candidates_20260930.csv
cfg_t45_l168_v2,F89-L002,0x11,unknown,,purple flower-like form,unknown,no semantic evidence joined,static_map_actor_selector_crosslink_20260930.csv;static_map_actor_semantic_candidates_20260930.csv
cfg_t04_l061_v2,F8B-L001,0x71,unknown,,,unknown,no semantic evidence joined,static_map_actor_selector_crosslink_20260930.csv;static_map_actor_semantic_candidates_20260930.csv
cfg_t04_l061_v2,F8B-L002,0x71,unknown,,,unknown,no semantic evidence joined,static_map_actor_selector_crosslink_20260930.csv;static_map_actor_semantic_candidates_20260930.csv
cfg_t04_l061_v2,F8B-L003,0x71,unknown,,,unknown,no semantic evidence joined,static_map_actor_selector_crosslink_20260930.csv;static_map_actor_semantic_candidates_20260930.csv
cfg_t04_l062_v2,F8C-L001,0x0E,enemy,,yellow humanoid creature,candidate,visual form only; enemy allegiance not yet proven; allegiance not statically proven,static_map_actor_selector_crosslink_20260930.csv;static_map_actor_semantic_candidates_20260930.csv
cfg_t04_l062_v2,F8C-L002,0x0E,enemy,,yellow humanoid creature,candidate,visual form only; enemy allegiance not yet proven; allegiance not statically proven,static_map_actor_selector_crosslink_20260930.csv;static_map_actor_semantic_candidates_20260930.csv
cfg_t04_l062_v2,F8C-L003,0x0E,enemy,,yellow humanoid creature,candidate,visual form only; enemy allegiance not yet proven; allegiance not statically proven,static_map_actor_selector_crosslink_20260930.csv;static_map_actor_semantic_candidates_20260930.csv
cfg_t04_l062_v2,F8C-L004,0x0E,enemy,,yellow humanoid creature,candidate,visual form only; enemy allegiance not yet proven; allegiance not statically proven,static_map_actor_selector_crosslink_20260930.csv;static_map_actor_semantic_candidates_20260930.csv
cfg_t04_l062_v2,F8C-L005,0x0E,enemy,,yellow humanoid creature,candidate,visual form only; enemy allegiance not yet proven; allegiance not statically proven,static_map_actor_selector_crosslink_20260930.csv;static_map_actor_semantic_candidates_20260930.csv
cfg_t04_l062_v2,F8C-L006,0x0E,enemy,,yellow humanoid creature,candidate,visual form only; enemy allegiance not yet proven; allegiance not statically proven,static_map_actor_selector_crosslink_20260930.csv;static_map_actor_semantic_candidates_20260930.csv
cfg_t04_l062_v2,F8C-L007,0x0E,unknown,,,unknown,no semantic evidence joined,static_map_actor_selector_crosslink_20260930.csv;static_map_actor_semantic_candidates_20260930.csv
cfg_t07_l084_v2,F8D-L001,0x0E,unknown,,,unknown,no semantic evidence joined,static_map_actor_selector_crosslink_20260930.csv;static_map_actor_semantic_candidates_20260930.csv
cfg_t07_l084_v2,F8D-L002,0x0E,unknown,,,unknown,no semantic evidence joined,static_map_actor_selector_crosslink_20260930.csv;static_map_actor_semantic_candidates_20260930.csv
cfg_t07_l084_v2,F8D-L003,0x0E,unknown,,,unknown,no semantic evidence joined,static_map_actor_selector_crosslink_20260930.csv;static_map_actor_semantic_candidates_20260930.csv
cfg_t07_l084_v2,F8D-L004,0x71,unknown,,,unknown,no semantic evidence joined,static_map_actor_selector_crosslink_20260930.csv;static_map_actor_semantic_candidates_20260930.csv
cfg_t07_l084_v2,F8D-L005,0x71,unknown,,,unknown,no semantic evidence joined,static_map_actor_selector_crosslink_20260930.csv;static_map_actor_semantic_candidates_20260930.csv
cfg_t07_l084_v2,F8D-L006,0x71,unknown,,,unknown,no semantic evidence joined,static_map_actor_selector_crosslink_20260930.csv;static_map_actor_semantic_candidates_20260930.csv
cfg_t07_l084_v2,F8D-L007,0x71,unknown,,,unknown,no semantic evidence joined,static_map_actor_selector_crosslink_20260930.csv;static_map_actor_semantic_candidates_20260930.csv
cfg_t07_l084_v2,F8D-L008,0x71,unknown,,,unknown,no semantic evidence joined,static_map_actor_selector_crosslink_20260930.csv;static_map_actor_semantic_candidates_20260930.csv
cfg_t04_l060_v1,F8E-L001,0x3C,unknown,,,unknown,no semantic evidence joined,static_map_actor_selector_crosslink_20260930.csv;static_map_actor_semantic_candidates_20260930.csv
cfg_t04_l060_v1,F8E-L002,0x3C,unknown,,yellow-clad human figure,candidate,humanoid actor; finer role not proven; visual form plus static opcode59 map binding,static_map_actor_selector_crosslink_20260930.csv;static_map_actor_semantic_candidates_20260930.csv
cfg_t04_l060_v1,F8E-L003,0x3C,unknown,,yellow-clad human figure,candidate,humanoid actor; finer role not proven; visual form plus static opcode59 map binding,static_map_actor_selector_crosslink_20260930.csv;static_map_actor_semantic_candidates_20260930.csv
cfg_t04_l060_v1,F8E-L004,0x3C,unknown,,yellow-clad human figure,candidate,humanoid actor; finer role not proven; visual form plus static opcode59 map binding,static_map_actor_selector_crosslink_20260930.csv;static_map_actor_semantic_candidates_20260930.csv
cfg_t04_l060_v1,F8E-L005,0x3C,unknown,,yellow-clad human figure,candidate,humanoid actor; finer role not proven; visual form plus static opcode59 map binding,static_map_actor_selector_crosslink_20260930.csv;static_map_actor_semantic_candidates_20260930.csv
cfg_t04_l060_v1,F8E-L006,0x3C,unknown,,,unknown,no semantic evidence joined,static_map_actor_selector_crosslink_20260930.csv;static_map_actor_semantic_candidates_20260930.csv
cfg_t53_l186_v2,F8F-L001,0x33,unknown,,human figure,candidate,humanoid actor; finer role not proven; visual form plus static opcode59 map binding,static_map_actor_selector_crosslink_20260930.csv;static_map_actor_semantic_candidates_20260930.csv
cfg_t53_l186_v2,F8F-L002,0x33,unknown,,human figure,candidate,humanoid actor; finer role not proven; visual form plus static opcode59 map binding,static_map_actor_selector_crosslink_20260930.csv;static_map_actor_semantic_candidates_20260930.csv
cfg_t53_l186_v2,F8F-L003,0x33,unknown,,human figure,candidate,humanoid actor; finer role not proven; visual form plus static opcode59 map binding,static_map_actor_selector_crosslink_20260930.csv;static_map_actor_semantic_candidates_20260930.csv
cfg_t53_l186_v2,F8F-L004,0x33,unknown,,human figure,candidate,humanoid actor; finer role not proven; visual form plus static opcode59 map binding,static_map_actor_selector_crosslink_20260930.csv;static_map_actor_semantic_candidates_20260930.csv
cfg_t53_l186_v2,F8F-L005,0x33,unknown,,human figure,candidate,humanoid actor; finer role not proven; visual form plus static opcode59 map binding,static_map_actor_selector_crosslink_20260930.csv;static_map_actor_semantic_candidates_20260930.csv
cfg_t53_l186_v2,F8F-L006,0x33,unknown,,human figure,candidate,humanoid actor; finer role not proven; visual form plus static opcode59 map binding,static_map_actor_selector_crosslink_20260930.csv;static_map_actor_semantic_candidates_20260930.csv
cfg_t53_l186_v2,F8F-L007,0x33,unknown,,human figure,candidate,humanoid actor; finer role not proven; visual form plus static opcode59 map binding,static_map_actor_selector_crosslink_20260930.csv;static_map_actor_semantic_candidates_20260930.csv
cfg_t08_l092_v2,F91-L001,0x43,unknown,,,unknown,no semantic evidence joined,static_map_actor_selector_crosslink_20260930.csv;static_map_actor_semantic_candidates_20260930.csv
cfg_t08_l092_v2,F91-L002,0x43,unknown,,straw-hat human figure,candidate,humanoid actor; finer role not proven; visual form plus static opcode59 map binding,static_map_actor_selector_crosslink_20260930.csv;static_map_actor_semantic_candidates_20260930.csv
cfg_t08_l092_v2,F92-L001,0x3A,animal,,gray rabbit-like animal,high,visual form plus static opcode59 map binding,static_map_actor_selector_crosslink_20260930.csv;static_map_actor_semantic_candidates_20260930.csv
cfg_t08_l092_v2,F92-L002,0x3A,animal,,gray rabbit-like animal,high,visual form plus static opcode59 map binding,static_map_actor_selector_crosslink_20260930.csv;static_map_actor_semantic_candidates_20260930.csv
cfg_t08_l092_v2,F92-L003,0x40,unknown,,red-hat human figure,candidate,humanoid actor; finer role not proven; visual form plus static opcode59 map binding,static_map_actor_selector_crosslink_20260930.csv;static_map_actor_semantic_candidates_20260930.csv
cfg_t08_l092_v2,F92-L004,0x43,unknown,,straw-hat human figure,candidate,humanoid actor; finer role not proven; visual form plus static opcode59 map binding,static_map_actor_selector_crosslink_20260930.csv;static_map_actor_semantic_candidates_20260930.csv
cfg_t08_l092_v2,F92-L005,0x44,unknown,,broad-hat human figure,candidate,humanoid actor; finer role not proven; visual form plus static opcode59 map binding,static_map_actor_selector_crosslink_20260930.csv;static_map_actor_semantic_candidates_20260930.csv
cfg_t08_l092_v2,F93-L001,0x3A,animal,,gray rabbit-like animal,high,visual form plus static opcode59 map binding,static_map_actor_selector_crosslink_20260930.csv;static_map_actor_semantic_candidates_20260930.csv
cfg_t08_l092_v2,F93-L002,0x3A,animal,,gray rabbit-like animal,high,visual form plus static opcode59 map binding,static_map_actor_selector_crosslink_20260930.csv;static_map_actor_semantic_candidates_20260930.csv
cfg_t08_l092_v2,F93-L003,0x3A,animal,,gray rabbit-like animal,high,visual form plus static opcode59 map binding,static_map_actor_selector_crosslink_20260930.csv;static_map_actor_semantic_candidates_20260930.csv
cfg_t08_l092_v2,F95-L001,0x44,unknown,,,unknown,no semantic evidence joined,static_map_actor_selector_crosslink_20260930.csv;static_map_actor_semantic_candidates_20260930.csv
cfg_t08_l096_v2,F95-L001,0x44,unknown,,,unknown,no semantic evidence joined,static_map_actor_selector_crosslink_20260930.csv;static_map_actor_semantic_candidates_20260930.csv
cfg_t09_l097_v2,F97-L001,0x43,unknown,,,unknown,no semantic evidence joined,static_map_actor_selector_crosslink_20260930.csv;static_map_actor_semantic_candidates_20260930.csv
cfg_t22_l121_v2,F9A-L001,0x40,unknown,,red-hat human figure,candidate,humanoid actor; finer role not proven; visual form plus static opcode59 map binding,static_map_actor_selector_crosslink_20260930.csv;static_map_actor_semantic_candidates_20260930.csv
cfg_t22_l121_v2,F9A-L002,0x40,unknown,,red-hat human figure,candidate,humanoid actor; finer role not proven; visual form plus static opcode59 map binding,static_map_actor_selector_crosslink_20260930.csv;static_map_actor_semantic_candidates_20260930.csv
cfg_t22_l121_v2,F9A-L003,0x40,unknown,,red-hat human figure,candidate,humanoid actor; finer role not proven; visual form plus static opcode59 map binding,static_map_actor_selector_crosslink_20260930.csv;static_map_actor_semantic_candidates_20260930.csv
cfg_t22_l121_v2,F9A-L004,0x3B,unknown,,human figure,candidate,humanoid actor; finer role not proven; visual form plus static opcode59 map binding,static_map_actor_selector_crosslink_20260930.csv;static_map_actor_semantic_candidates_20260930.csv
cfg_t22_l121_v2,F9A-L005,0x3B,unknown,,human figure,candidate,humanoid actor; finer role not proven; visual form plus static opcode59 map binding,static_map_actor_selector_crosslink_20260930.csv;static_map_actor_semantic_candidates_20260930.csv
cfg_t22_l121_v2,F9A-L006,0x3B,unknown,,human figure,candidate,humanoid actor; finer role not proven; visual form plus static opcode59 map binding,static_map_actor_selector_crosslink_20260930.csv;static_map_actor_semantic_candidates_20260930.csv
cfg_t22_l121_v2,F9A-L007,0x3B,unknown,,human figure,candidate,humanoid actor; finer role not proven; visual form plus static opcode59 map binding,static_map_actor_selector_crosslink_20260930.csv;static_map_actor_semantic_candidates_20260930.csv
cfg_t22_l121_v2,F9A-L008,0x3B,unknown,,human figure,candidate,humanoid actor; finer role not proven; visual form plus static opcode59 map binding,static_map_actor_selector_crosslink_20260930.csv;static_map_actor_semantic_candidates_20260930.csv
cfg_t22_l121_v2,F9A-L009,0x3B,unknown,,human figure,candidate,humanoid actor; finer role not proven; visual form plus static opcode59 map binding,static_map_actor_selector_crosslink_20260930.csv;static_map_actor_semantic_candidates_20260930.csv
cfg_t22_l121_v2,F9A-L010,0x3B,unknown,,human figure,candidate,humanoid actor; finer role not proven; visual form plus static opcode59 map binding,static_map_actor_selector_crosslink_20260930.csv;static_map_actor_semantic_candidates_20260930.csv
cfg_t22_l121_v2,F9A-L011,0x3B,unknown,,human figure,candidate,humanoid actor; finer role not proven; visual form plus static opcode59 map binding,static_map_actor_selector_crosslink_20260930.csv;static_map_actor_semantic_candidates_20260930.csv
cfg_t22_l121_v2,F9A-L012,0x2F,unknown,,,unknown,no semantic evidence joined,static_map_actor_selector_crosslink_20260930.csv;static_map_actor_semantic_candidates_20260930.csv
cfg_t22_l121_v2,F9A-L013,0x2F,unknown,,,unknown,no semantic evidence joined,static_map_actor_selector_crosslink_20260930.csv;static_map_actor_semantic_candidates_20260930.csv
cfg_t22_l121_v2,F9A-L014,0x2F,unknown,,,unknown,no semantic evidence joined,static_map_actor_selector_crosslink_20260930.csv;static_map_actor_semantic_candidates_20260930.csv
cfg_t22_l121_v2,F9A-L015,0x3B,unknown,,human figure,candidate,humanoid actor; finer role not proven; visual form plus static opcode59 map binding,static_map_actor_selector_crosslink_20260930.csv;static_map_actor_semantic_candidates_20260930.csv
cfg_t22_l121_v2,F9A-L016,0x3B,unknown,,human figure,candidate,humanoid actor; finer role not proven; visual form plus static opcode59 map binding,static_map_actor_selector_crosslink_20260930.csv;static_map_actor_semantic_candidates_20260930.csv
cfg_t22_l121_v2,F9A-L017,0x3B,unknown,,human figure,candidate,humanoid actor; finer role not proven; visual form plus static opcode59 map binding,static_map_actor_selector_crosslink_20260930.csv;static_map_actor_semantic_candidates_20260930.csv
cfg_t22_l121_v2,F9A-L018,0x3B,unknown,,human figure,candidate,humanoid actor; finer role not proven; visual form plus static opcode59 map binding,static_map_actor_selector_crosslink_20260930.csv;static_map_actor_semantic_candidates_20260930.csv
cfg_t22_l121_v2,F9A-L019,0x30,unknown,,,unknown,no semantic evidence joined,static_map_actor_selector_crosslink_20260930.csv;static_map_actor_semantic_candidates_20260930.csv
cfg_t22_l121_v2,F9B-L001,0x40,unknown,,red-hat human figure,candidate,humanoid actor; finer role not proven; visual form plus static opcode59 map binding,static_map_actor_selector_crosslink_20260930.csv;static_map_actor_semantic_candidates_20260930.csv
cfg_t22_l121_v2,F9B-L002,0x40,unknown,,red-hat human figure,candidate,humanoid actor; finer role not proven; visual form plus static opcode59 map binding,static_map_actor_selector_crosslink_20260930.csv;static_map_actor_semantic_candidates_20260930.csv
cfg_t22_l121_v2,F9B-L003,0x40,unknown,,red-hat human figure,candidate,humanoid actor; finer role not proven; visual form plus static opcode59 map binding,static_map_actor_selector_crosslink_20260930.csv;static_map_actor_semantic_candidates_20260930.csv
cfg_t22_l121_v2,F9B-L004,0x3B,unknown,,human figure,candidate,humanoid actor; finer role not proven; visual form plus static opcode59 map binding,static_map_actor_selector_crosslink_20260930.csv;static_map_actor_semantic_candidates_20260930.csv
cfg_t22_l121_v2,F9B-L005,0x3B,unknown,,human figure,candidate,humanoid actor; finer role not proven; visual form plus static opcode59 map binding,static_map_actor_selector_crosslink_20260930.csv;static_map_actor_semantic_candidates_20260930.csv
cfg_t22_l121_v2,F9B-L006,0x3B,unknown,,human figure,candidate,humanoid actor; finer role not proven; visual form plus static opcode59 map binding,static_map_actor_selector_crosslink_20260930.csv;static_map_actor_semantic_candidates_20260930.csv
cfg_t22_l121_v2,F9B-L007,0x3B,unknown,,human figure,candidate,humanoid actor; finer role not proven; visual form plus static opcode59 map binding,static_map_actor_selector_crosslink_20260930.csv;static_map_actor_semantic_candidates_20260930.csv
cfg_t22_l121_v2,F9B-L008,0x3B,unknown,,human figure,candidate,humanoid actor; finer role not proven; visual form plus static opcode59 map binding,static_map_actor_selector_crosslink_20260930.csv;static_map_actor_semantic_candidates_20260930.csv
cfg_t22_l121_v2,F9B-L009,0x3B,unknown,,human figure,candidate,humanoid actor; finer role not proven; visual form plus static opcode59 map binding,static_map_actor_selector_crosslink_20260930.csv;static_map_actor_semantic_candidates_20260930.csv
cfg_t22_l121_v2,F9B-L010,0x3B,unknown,,human figure,candidate,humanoid actor; finer role not proven; visual form plus static opcode59 map binding,static_map_actor_selector_crosslink_20260930.csv;static_map_actor_semantic_candidates_20260930.csv
cfg_t22_l121_v2,F9B-L011,0x3B,unknown,,human figure,candidate,humanoid actor; finer role not proven; visual form plus static opcode59 map binding,static_map_actor_selector_crosslink_20260930.csv;static_map_actor_semantic_candidates_20260930.csv
cfg_t22_l121_v2,F9B-L012,0x3B,unknown,,human figure,candidate,humanoid actor; finer role not proven; visual form plus static opcode59 map binding,static_map_actor_selector_crosslink_20260930.csv;static_map_actor_semantic_candidates_20260930.csv
cfg_t22_l121_v2,F9B-L013,0x3B,unknown,,human figure,candidate,humanoid actor; finer role not proven; visual form plus static opcode59 map binding,static_map_actor_selector_crosslink_20260930.csv;static_map_actor_semantic_candidates_20260930.csv
cfg_t22_l121_v2,F9B-L014,0x3B,unknown,,human figure,candidate,humanoid actor; finer role not proven; visual form plus static opcode59 map binding,static_map_actor_selector_crosslink_20260930.csv;static_map_actor_semantic_candidates_20260930.csv
cfg_t22_l121_v2,F9B-L015,0x3B,unknown,,human figure,candidate,humanoid actor; finer role not proven; visual form plus static opcode59 map binding,static_map_actor_selector_crosslink_20260930.csv;static_map_actor_semantic_candidates_20260930.csv
cfg_t22_l121_v2,F9B-L016,0x30,unknown,,,unknown,no semantic evidence joined,static_map_actor_selector_crosslink_20260930.csv;static_map_actor_semantic_candidates_20260930.csv
cfg_t22_l121_v2,F9B-L017,0x30,unknown,,,unknown,no semantic evidence joined,static_map_actor_selector_crosslink_20260930.csv;static_map_actor_semantic_candidates_20260930.csv
cfg_t22_l121_v2,F9B-L018,0x30,unknown,,,unknown,no semantic evidence joined,static_map_actor_selector_crosslink_20260930.csv;static_map_actor_semantic_candidates_20260930.csv
cfg_t22_l121_v2,F9B-L019,0x30,unknown,,,unknown,no semantic evidence joined,static_map_actor_selector_crosslink_20260930.csv;static_map_actor_semantic_candidates_20260930.csv
cfg_t22_l121_v2,F9B-L021,0x5B,unknown,,,unknown,no semantic evidence joined,static_map_actor_selector_crosslink_20260930.csv;static_map_actor_semantic_candidates_20260930.csv
cfg_t22_l121_v2,F9B-L022,0x28,unknown,,,unknown,no semantic evidence joined,static_map_actor_selector_crosslink_20260930.csv;static_map_actor_semantic_candidates_20260930.csv
cfg_t22_l121_v2,F9B-L023,0x5B,unknown,,,unknown,no semantic evidence joined,static_map_actor_selector_crosslink_20260930.csv;static_map_actor_semantic_candidates_20260930.csv
cfg_t22_l121_v2,F9B-L024,0x28,unknown,,,unknown,no semantic evidence joined,static_map_actor_selector_crosslink_20260930.csv;static_map_actor_semantic_candidates_20260930.csv
cfg_t22_l121_v2,F9B-L025,0x5B,unknown,,,unknown,no semantic evidence joined,static_map_actor_selector_crosslink_20260930.csv;static_map_actor_semantic_candidates_20260930.csv
cfg_t22_l121_v2,F9B-L026,0x28,unknown,,,unknown,no semantic evidence joined,static_map_actor_selector_crosslink_20260930.csv;static_map_actor_semantic_candidates_20260930.csv
cfg_t22_l121_v2,F9C-L001,0x30,unknown,,,unknown,no semantic evidence joined,static_map_actor_selector_crosslink_20260930.csv;static_map_actor_semantic_candidates_20260930.csv
cfg_t22_l121_v2,F9C-L002,0x30,unknown,,,unknown,no semantic evidence joined,static_map_actor_selector_crosslink_20260930.csv;static_map_actor_semantic_candidates_20260930.csv
cfg_t22_l121_v2,F9C-L003,0x30,unknown,,,unknown,no semantic evidence joined,static_map_actor_selector_crosslink_20260930.csv;static_map_actor_semantic_candidates_20260930.csv
cfg_t22_l121_v2,F9C-L004,0x30,unknown,,,unknown,no semantic evidence joined,static_map_actor_selector_crosslink_20260930.csv;static_map_actor_semantic_candidates_20260930.csv
cfg_t22_l121_v2,F9C-L005,0x30,unknown,,,unknown,no semantic evidence joined,static_map_actor_selector_crosslink_20260930.csv;static_map_actor_semantic_candidates_20260930.csv
cfg_t11_l101_v2,FAE-L001,0x30,unknown,,,unknown,no semantic evidence joined,static_map_actor_selector_crosslink_20260930.csv;static_map_actor_semantic_candidates_20260930.csv
cfg_t11_l101_v2,FAE-L002,0x30,unknown,,,unknown,no semantic evidence joined,static_map_actor_selector_crosslink_20260930.csv;static_map_actor_semantic_candidates_20260930.csv
cfg_t11_l101_v2,FAE-L003,0x30,unknown,,,unknown,no semantic evidence joined,static_map_actor_selector_crosslink_20260930.csv;static_map_actor_semantic_candidates_20260930.csv
cfg_t11_l101_v2,FAE-L004,0x30,unknown,,,unknown,no semantic evidence joined,static_map_actor_selector_crosslink_20260930.csv;static_map_actor_semantic_candidates_20260930.csv
cfg_t11_l101_v2,FAE-L005,0x30,unknown,,,unknown,no semantic evidence joined,static_map_actor_selector_crosslink_20260930.csv;static_map_actor_semantic_candidates_20260930.csv
cfg_t11_l101_v2,FAE-L006,0x30,unknown,,,unknown,no semantic evidence joined,static_map_actor_selector_crosslink_20260930.csv;static_map_actor_semantic_candidates_20260930.csv
cfg_t11_l101_v2,FAF-L001,0x30,unknown,,,unknown,no semantic evidence joined,static_map_actor_selector_crosslink_20260930.csv;static_map_actor_semantic_candidates_20260930.csv
cfg_t11_l101_v2,FAF-L002,0x30,unknown,,,unknown,no semantic evidence joined,static_map_actor_selector_crosslink_20260930.csv;static_map_actor_semantic_candidates_20260930.csv
cfg_t29_l138_v2,FB1-L001,0x2F,unknown,,,unknown,no semantic evidence joined,static_map_actor_selector_crosslink_20260930.csv;static_map_actor_semantic_candidates_20260930.csv
cfg_t29_l138_v2,FB1-L002,0x30,unknown,,,unknown,no semantic evidence joined,static_map_actor_selector_crosslink_20260930.csv;static_map_actor_semantic_candidates_20260930.csv
cfg_t29_l138_v2,FB5-L001,0x30,unknown,,red-clad human figure,candidate,humanoid actor; finer role not proven; visual form plus static opcode59 map binding,static_map_actor_selector_crosslink_20260930.csv;static_map_actor_semantic_candidates_20260930.csv
cfg_t29_l138_v2,FB5-L002,0x30,unknown,,red-clad human figure,candidate,humanoid actor; finer role not proven; visual form plus static opcode59 map binding,static_map_actor_selector_crosslink_20260930.csv;static_map_actor_semantic_candidates_20260930.csv
cfg_t29_l138_v2,FB5-L003,0x2F,unknown,,blue-clad human figure,candidate,humanoid actor; finer role not proven; visual form plus static opcode59 map binding,static_map_actor_selector_crosslink_20260930.csv;static_map_actor_semantic_candidates_20260930.csv
cfg_t29_l138_v2,FB5-L004,0x2F,unknown,,blue-clad human figure,candidate,humanoid actor; finer role not proven; visual form plus static opcode59 map binding,static_map_actor_selector_crosslink_20260930.csv;static_map_actor_semantic_candidates_20260930.csv
cfg_t29_l138_v2,FB5-L005,0x2F,unknown,,blue-clad human figure,candidate,humanoid actor; finer role not proven; visual form plus static opcode59 map binding,static_map_actor_selector_crosslink_20260930.csv;static_map_actor_semantic_candidates_20260930.csv
cfg_t29_l138_v2,FB5-L006,0x53,enemy,,red-orange monster-like figure,candidate,visual form only; enemy allegiance not yet proven; allegiance not statically proven,static_map_actor_selector_crosslink_20260930.csv;static_map_actor_semantic_candidates_20260930.csv
cfg_t29_l138_v2,FB5-L007,0x30,unknown,,red-clad human figure,candidate,humanoid actor; finer role not proven; visual form plus static opcode59 map binding,static_map_actor_selector_crosslink_20260930.csv;static_map_actor_semantic_candidates_20260930.csv
cfg_t47_l172_v2,FB8-L001,0x29,unknown,,,unknown,no semantic evidence joined,static_map_actor_selector_crosslink_20260930.csv;static_map_actor_semantic_candidates_20260930.csv
cfg_t47_l172_v2,FB8-L002,0x29,unknown,,,unknown,no semantic evidence joined,static_map_actor_selector_crosslink_20260930.csv;static_map_actor_semantic_candidates_20260930.csv
cfg_t47_l172_v2,FB8-L003,0x29,unknown,,,unknown,no semantic evidence joined,static_map_actor_selector_crosslink_20260930.csv;static_map_actor_semantic_candidates_20260930.csv
cfg_t47_l172_v2,FB8-L004,0x29,unknown,,,unknown,no semantic evidence joined,static_map_actor_selector_crosslink_20260930.csv;static_map_actor_semantic_candidates_20260930.csv
cfg_t47_l172_v2,FB8-L005,0x29,unknown,,,unknown,no semantic evidence joined,static_map_actor_selector_crosslink_20260930.csv;static_map_actor_semantic_candidates_20260930.csv
cfg_t47_l172_v2,FB8-L006,0x29,unknown,,,unknown,no semantic evidence joined,static_map_actor_selector_crosslink_20260930.csv;static_map_actor_semantic_candidates_20260930.csv
cfg_t47_l172_v2,FB8-L007,0x30,unknown,,,unknown,no semantic evidence joined,static_map_actor_selector_crosslink_20260930.csv;static_map_actor_semantic_candidates_20260930.csv
cfg_t47_l172_v2,FB8-L008,0x30,unknown,,,unknown,no semantic evidence joined,static_map_actor_selector_crosslink_20260930.csv;static_map_actor_semantic_candidates_20260930.csv
cfg_t47_l172_v2,FB8-L009,0x30,unknown,,,unknown,no semantic evidence joined,static_map_actor_selector_crosslink_20260930.csv;static_map_actor_semantic_candidates_20260930.csv
cfg_t47_l172_v2,FB8-L010,0x30,unknown,,,unknown,no semantic evidence joined,static_map_actor_selector_crosslink_20260930.csv;static_map_actor_semantic_candidates_20260930.csv
cfg_t32_l144_v1,FBA-L004,0x24,unknown,,,unknown,no semantic evidence joined,static_map_actor_selector_crosslink_20260930.csv;static_map_actor_semantic_candidates_20260930.csv
cfg_t32_l144_v1,FBA-L005,0x5A,unknown,,,unknown,no semantic evidence joined,static_map_actor_selector_crosslink_20260930.csv;static_map_actor_semantic_candidates_20260930.csv
cfg_t32_l144_v1,FBA-L009,0x40,unknown,,,unknown,no semantic evidence joined,static_map_actor_selector_crosslink_20260930.csv;static_map_actor_semantic_candidates_20260930.csv
cfg_t32_l144_v1,FBA-L010,0x24,unknown,,,unknown,no semantic evidence joined,static_map_actor_selector_crosslink_20260930.csv;static_map_actor_semantic_candidates_20260930.csv
cfg_t32_l144_v1,FBA-L011,0x54,unknown,,,unknown,no semantic evidence joined,static_map_actor_selector_crosslink_20260930.csv;static_map_actor_semantic_candidates_20260930.csv
cfg_t32_l144_v1,FBA-L012,0x40,unknown,,,unknown,no semantic evidence joined,static_map_actor_selector_crosslink_20260930.csv;static_map_actor_semantic_candidates_20260930.csv
cfg_t32_l144_v1,FBA-L013,0x7C,unknown,,,unknown,no semantic evidence joined,static_map_actor_selector_crosslink_20260930.csv;static_map_actor_semantic_candidates_20260930.csv
cfg_t32_l144_v1,FBA-L014,0x7C,unknown,,,unknown,no semantic evidence joined,static_map_actor_selector_crosslink_20260930.csv;static_map_actor_semantic_candidates_20260930.csv
cfg_t32_l144_v1,FBA-L015,0x5B,unknown,,,unknown,no semantic evidence joined,static_map_actor_selector_crosslink_20260930.csv;static_map_actor_semantic_candidates_20260930.csv
cfg_t32_l144_v1,FBA-L016,0x7C,unknown,,,unknown,no semantic evidence joined,static_map_actor_selector_crosslink_20260930.csv;static_map_actor_semantic_candidates_20260930.csv
cfg_t32_l144_v1,FBA-L017,0x7C,unknown,,,unknown,no semantic evidence joined,static_map_actor_selector_crosslink_20260930.csv;static_map_actor_semantic_candidates_20260930.csv
cfg_t32_l144_v1,FBA-L018,0xA4,unknown,,,unknown,no semantic evidence joined,static_map_actor_selector_crosslink_20260930.csv;static_map_actor_semantic_candidates_20260930.csv
cfg_t32_l144_v1,FBA-L019,0x59,unknown,,,unknown,no semantic evidence joined,static_map_actor_selector_crosslink_20260930.csv;static_map_actor_semantic_candidates_20260930.csv
cfg_t32_l144_v1,FBA-L020,0x41,unknown,,,unknown,no semantic evidence joined,static_map_actor_selector_crosslink_20260930.csv;static_map_actor_semantic_candidates_20260930.csv
cfg_t32_l144_v1,FBA-L021,0x45,unknown,,,unknown,no semantic evidence joined,static_map_actor_selector_crosslink_20260930.csv;static_map_actor_semantic_candidates_20260930.csv
cfg_t32_l144_v1,FBA-L022,0x7C,unknown,,,unknown,no semantic evidence joined,static_map_actor_selector_crosslink_20260930.csv;static_map_actor_semantic_candidates_20260930.csv
cfg_t32_l144_v1,FBA-L023,0x7C,unknown,,,unknown,no semantic evidence joined,static_map_actor_selector_crosslink_20260930.csv;static_map_actor_semantic_candidates_20260930.csv
cfg_t32_l144_v1,FBA-L024,0x7C,unknown,,,unknown,no semantic evidence joined,static_map_actor_selector_crosslink_20260930.csv;static_map_actor_semantic_candidates_20260930.csv
cfg_t32_l144_v1,FBA-L025,0x40,unknown,,,unknown,no semantic evidence joined,static_map_actor_selector_crosslink_20260930.csv;static_map_actor_semantic_candidates_20260930.csv
cfg_t32_l144_v1,FBA-L026,0x42,unknown,,,unknown,no semantic evidence joined,static_map_actor_selector_crosslink_20260930.csv;static_map_actor_semantic_candidates_20260930.csv
cfg_t32_l144_v1,FBA-L027,0x71,unknown,,,unknown,no semantic evidence joined,static_map_actor_selector_crosslink_20260930.csv;static_map_actor_semantic_candidates_20260930.csv
cfg_t32_l144_v1,FBA-L028,0x71,unknown,,,unknown,no semantic evidence joined,static_map_actor_selector_crosslink_20260930.csv;static_map_actor_semantic_candidates_20260930.csv
cfg_t32_l144_v1,FBA-L029,0x7C,unknown,,,unknown,no semantic evidence joined,static_map_actor_selector_crosslink_20260930.csv;static_map_actor_semantic_candidates_20260930.csv
cfg_t32_l144_v1,FBA-L030,0x30,unknown,,,unknown,no semantic evidence joined,static_map_actor_selector_crosslink_20260930.csv;static_map_actor_semantic_candidates_20260930.csv
cfg_t32_l144_v1,FBB-L003,0x3E,unknown,,,unknown,no semantic evidence joined,static_map_actor_selector_crosslink_20260930.csv;static_map_actor_semantic_candidates_20260930.csv
cfg_t32_l144_v1,FBB-L004,0x40,unknown,,,unknown,no semantic evidence joined,static_map_actor_selector_crosslink_20260930.csv;static_map_actor_semantic_candidates_20260930.csv
cfg_t32_l144_v1,FBB-L005,0x59,unknown,,,unknown,no semantic evidence joined,static_map_actor_selector_crosslink_20260930.csv;static_map_actor_semantic_candidates_20260930.csv
cfg_t32_l144_v1,FBB-L006,0x40,unknown,,,unknown,no semantic evidence joined,static_map_actor_selector_crosslink_20260930.csv;static_map_actor_semantic_candidates_20260930.csv
cfg_t32_l144_v1,FBB-L007,0x59,unknown,,,unknown,no semantic evidence joined,static_map_actor_selector_crosslink_20260930.csv;static_map_actor_semantic_candidates_20260930.csv
cfg_t32_l144_v1,FBB-L008,0x0E,unknown,,,unknown,no semantic evidence joined,static_map_actor_selector_crosslink_20260930.csv;static_map_actor_semantic_candidates_20260930.csv
cfg_t32_l144_v1,FBB-L013,0x40,unknown,,,unknown,no semantic evidence joined,static_map_actor_selector_crosslink_20260930.csv;static_map_actor_semantic_candidates_20260930.csv
cfg_t32_l144_v1,FBB-L014,0x41,unknown,,,unknown,no semantic evidence joined,static_map_actor_selector_crosslink_20260930.csv;static_map_actor_semantic_candidates_20260930.csv
cfg_t32_l144_v1,FBB-L015,0x24,unknown,,,unknown,no semantic evidence joined,static_map_actor_selector_crosslink_20260930.csv;static_map_actor_semantic_candidates_20260930.csv
cfg_t32_l144_v1,FBB-L020,0x40,unknown,,,unknown,no semantic evidence joined,static_map_actor_selector_crosslink_20260930.csv;static_map_actor_semantic_candidates_20260930.csv
cfg_t32_l144_v1,FBB-L021,0x5A,unknown,,,unknown,no semantic evidence joined,static_map_actor_selector_crosslink_20260930.csv;static_map_actor_semantic_candidates_20260930.csv
cfg_t32_l144_v1,FBB-L022,0x3C,unknown,,,unknown,no semantic evidence joined,static_map_actor_selector_crosslink_20260930.csv;static_map_actor_semantic_candidates_20260930.csv
cfg_t32_l144_v1,FBC-L001,0x51,unknown,,,unknown,no semantic evidence joined,static_map_actor_selector_crosslink_20260930.csv;static_map_actor_semantic_candidates_20260930.csv
cfg_t32_l144_v1,FBC-L002,0x52,unknown,,,unknown,no semantic evidence joined,static_map_actor_selector_crosslink_20260930.csv;static_map_actor_semantic_candidates_20260930.csv
cfg_t13_l103_v2,FBE-L001,0x6D,unknown,,,unknown,no semantic evidence joined,static_map_actor_selector_crosslink_20260930.csv;static_map_actor_semantic_candidates_20260930.csv
cfg_t14_l105_v2,FC0-L001,0x2F,unknown,,blue-clad human figure,candidate,humanoid actor; finer role not proven; visual form plus static opcode59 map binding,static_map_actor_selector_crosslink_20260930.csv;static_map_actor_semantic_candidates_20260930.csv
cfg_t14_l105_v2,FC0-L002,0x30,unknown,,red-clad human figure,candidate,humanoid actor; finer role not proven; visual form plus static opcode59 map binding,static_map_actor_selector_crosslink_20260930.csv;static_map_actor_semantic_candidates_20260930.csv
cfg_t14_l105_v2,FC0-L003,0x30,unknown,,red-clad human figure,candidate,humanoid actor; finer role not proven; visual form plus static opcode59 map binding,static_map_actor_selector_crosslink_20260930.csv;static_map_actor_semantic_candidates_20260930.csv
cfg_t15_l107_v2,FC1-L001,0x56,enemy,,green monster-like figure,candidate,visual form only; enemy allegiance not yet proven; allegiance not statically proven,static_map_actor_selector_crosslink_20260930.csv;static_map_actor_semantic_candidates_20260930.csv
cfg_t15_l107_v2,FC1-L002,0x30,unknown,,red-clad human figure,candidate,humanoid actor; finer role not proven; visual form plus static opcode59 map binding,static_map_actor_selector_crosslink_20260930.csv;static_map_actor_semantic_candidates_20260930.csv
cfg_t16_l109_v2,FC2-L001,0x30,unknown,,red-clad human figure,candidate,humanoid actor; finer role not proven; visual form plus static opcode59 map binding,static_map_actor_selector_crosslink_20260930.csv;static_map_actor_semantic_candidates_20260930.csv
cfg_t16_l109_v2,FC2-L002,0x6F,enemy,,green-yellow monster-like figure,candidate,visual form only; enemy allegiance not yet proven; allegiance not statically proven,static_map_actor_selector_crosslink_20260930.csv;static_map_actor_semantic_candidates_20260930.csv
cfg_t16_l109_v2,FC2-L003,0x2F,unknown,,blue-clad human figure,candidate,humanoid actor; finer role not proven; visual form plus static opcode59 map binding,static_map_actor_selector_crosslink_20260930.csv;static_map_actor_semantic_candidates_20260930.csv
cfg_t14_l105_v2,FC3-L001,0x30,unknown,,red-clad human figure,candidate,humanoid actor; finer role not proven; visual form plus static opcode59 map binding,static_map_actor_selector_crosslink_20260930.csv;static_map_actor_semantic_candidates_20260930.csv
cfg_t14_l105_v2,FC3-L002,0x22,unknown,,blue-clad figure,candidate,humanoid actor; finer role not proven; visual form plus static opcode59 map binding,static_map_actor_selector_crosslink_20260930.csv;static_map_actor_semantic_candidates_20260930.csv
cfg_t17_l111_v2,FC4-L001,0x2F,unknown,,blue-clad human figure,candidate,humanoid actor; finer role not proven; visual form plus static opcode59 map binding,static_map_actor_selector_crosslink_20260930.csv;static_map_actor_semantic_candidates_20260930.csv
cfg_t17_l111_v2,FC4-L002,0x30,unknown,,red-clad human figure,candidate,humanoid actor; finer role not proven; visual form plus static opcode59 map binding,static_map_actor_selector_crosslink_20260930.csv;static_map_actor_semantic_candidates_20260930.csv
cfg_t17_l111_v2,FC4-L003,0x30,unknown,,red-clad human figure,candidate,humanoid actor; finer role not proven; visual form plus static opcode59 map binding,static_map_actor_selector_crosslink_20260930.csv;static_map_actor_semantic_candidates_20260930.csv
cfg_t17_l111_v2,FC4-L004,0x56,enemy,,green monster-like figure,candidate,visual form only; enemy allegiance not yet proven; allegiance not statically proven,static_map_actor_selector_crosslink_20260930.csv;static_map_actor_semantic_candidates_20260930.csv
cfg_t18_l112_v2,FC5-L001,0x2F,unknown,,blue-clad human figure,candidate,humanoid actor; finer role not proven; visual form plus static opcode59 map binding,static_map_actor_selector_crosslink_20260930.csv;static_map_actor_semantic_candidates_20260930.csv
cfg_t53_l184_v2,FD0-L001,0x33,unknown,,human figure,candidate,humanoid actor; finer role not proven; visual form plus static opcode59 map binding,static_map_actor_selector_crosslink_20260930.csv;static_map_actor_semantic_candidates_20260930.csv
cfg_t53_l184_v2,FD0-L002,0x39,animal,,white rabbit-like animal,high,visual form plus static opcode59 map binding,static_map_actor_selector_crosslink_20260930.csv;static_map_actor_semantic_candidates_20260930.csv
cfg_t53_l184_v2,FD0-L003,0x33,unknown,,human figure,candidate,humanoid actor; finer role not proven; visual form plus static opcode59 map binding,static_map_actor_selector_crosslink_20260930.csv;static_map_actor_semantic_candidates_20260930.csv
cfg_t53_l184_v2,FD0-L004,0x39,animal,,white rabbit-like animal,high,visual form plus static opcode59 map binding,static_map_actor_selector_crosslink_20260930.csv;static_map_actor_semantic_candidates_20260930.csv
cfg_t53_l184_v2,FD0-L005,0x33,unknown,,human figure,candidate,humanoid actor; finer role not proven; visual form plus static opcode59 map binding,static_map_actor_selector_crosslink_20260930.csv;static_map_actor_semantic_candidates_20260930.csv
cfg_t53_l184_v2,FD0-L006,0x39,animal,,white rabbit-like animal,high,visual form plus static opcode59 map binding,static_map_actor_selector_crosslink_20260930.csv;static_map_actor_semantic_candidates_20260930.csv
cfg_t54_l190_v2,FD1-L001,0x33,unknown,,,unknown,no semantic evidence joined,static_map_actor_selector_crosslink_20260930.csv;static_map_actor_semantic_candidates_20260930.csv
cfg_t54_l190_v2,FD1-L002,0x33,unknown,,,unknown,no semantic evidence joined,static_map_actor_selector_crosslink_20260930.csv;static_map_actor_semantic_candidates_20260930.csv
cfg_t54_l190_v2,FD1-L003,0x33,unknown,,,unknown,no semantic evidence joined,static_map_actor_selector_crosslink_20260930.csv;static_map_actor_semantic_candidates_20260930.csv
cfg_t54_l190_v2,FD1-L004,0x39,unknown,,,unknown,no semantic evidence joined,static_map_actor_selector_crosslink_20260930.csv;static_map_actor_semantic_candidates_20260930.csv
cfg_t54_l190_v2,FD1-L005,0x33,unknown,,,unknown,no semantic evidence joined,static_map_actor_selector_crosslink_20260930.csv;static_map_actor_semantic_candidates_20260930.csv
cfg_t54_l190_v2,FD1-L006,0x33,unknown,,,unknown,no semantic evidence joined,static_map_actor_selector_crosslink_20260930.csv;static_map_actor_semantic_candidates_20260930.csv
cfg_t54_l190_v2,FD1-L007,0x33,unknown,,,unknown,no semantic evidence joined,static_map_actor_selector_crosslink_20260930.csv;static_map_actor_semantic_candidates_20260930.csv
cfg_t54_l190_v2,FD1-L008,0x33,unknown,,,unknown,no semantic evidence joined,static_map_actor_selector_crosslink_20260930.csv;static_map_actor_semantic_candidates_20260930.csv
cfg_t54_l190_v2,FD2-L001,0x33,unknown,,,unknown,no semantic evidence joined,static_map_actor_selector_crosslink_20260930.csv;static_map_actor_semantic_candidates_20260930.csv
cfg_t54_l190_v2,FD2-L002,0x33,unknown,,,unknown,no semantic evidence joined,static_map_actor_selector_crosslink_20260930.csv;static_map_actor_semantic_candidates_20260930.csv
cfg_t54_l190_v2,FD2-L003,0x33,unknown,,,unknown,no semantic evidence joined,static_map_actor_selector_crosslink_20260930.csv;static_map_actor_semantic_candidates_20260930.csv
cfg_t54_l190_v2,FD2-L004,0x33,unknown,,,unknown,no semantic evidence joined,static_map_actor_selector_crosslink_20260930.csv;static_map_actor_semantic_candidates_20260930.csv
cfg_t54_l190_v2,FD2-L005,0x33,unknown,,,unknown,no semantic evidence joined,static_map_actor_selector_crosslink_20260930.csv;static_map_actor_semantic_candidates_20260930.csv
cfg_t54_l190_v2,FD3-L001,0x33,unknown,,,unknown,no semantic evidence joined,static_map_actor_selector_crosslink_20260930.csv;static_map_actor_semantic_candidates_20260930.csv
cfg_t54_l190_v2,FD3-L002,0x33,unknown,,,unknown,no semantic evidence joined,static_map_actor_selector_crosslink_20260930.csv;static_map_actor_semantic_candidates_20260930.csv
cfg_t54_l190_v2,FD3-L003,0x39,unknown,,,unknown,no semantic evidence joined,static_map_actor_selector_crosslink_20260930.csv;static_map_actor_semantic_candidates_20260930.csv
cfg_t54_l190_v2,FD3-L004,0x33,unknown,,,unknown,no semantic evidence joined,static_map_actor_selector_crosslink_20260930.csv;static_map_actor_semantic_candidates_20260930.csv
cfg_t54_l190_v2,FD3-L005,0x33,unknown,,,unknown,no semantic evidence joined,static_map_actor_selector_crosslink_20260930.csv;static_map_actor_semantic_candidates_20260930.csv
cfg_t54_l190_v2,FD3-L006,0x33,unknown,,,unknown,no semantic evidence joined,static_map_actor_selector_crosslink_20260930.csv;static_map_actor_semantic_candidates_20260930.csv
cfg_t54_l190_v2,FD3-L007,0x39,unknown,,,unknown,no semantic evidence joined,static_map_actor_selector_crosslink_20260930.csv;static_map_actor_semantic_candidates_20260930.csv
cfg_t54_l190_v2,FD3-L008,0x33,unknown,,,unknown,no semantic evidence joined,static_map_actor_selector_crosslink_20260930.csv;static_map_actor_semantic_candidates_20260930.csv
cfg_t54_l190_v2,FD4-L001,0x33,unknown,,,unknown,no semantic evidence joined,static_map_actor_selector_crosslink_20260930.csv;static_map_actor_semantic_candidates_20260930.csv
cfg_t54_l190_v2,FD4-L002,0x33,unknown,,,unknown,no semantic evidence joined,static_map_actor_selector_crosslink_20260930.csv;static_map_actor_semantic_candidates_20260930.csv
cfg_t53_l184_v2,FD5-L001,0x33,unknown,,human figure,candidate,humanoid actor; finer role not proven; visual form plus static opcode59 map binding,static_map_actor_selector_crosslink_20260930.csv;static_map_actor_semantic_candidates_20260930.csv
cfg_t53_l184_v2,FD5-L002,0x33,unknown,,human figure,candidate,humanoid actor; finer role not proven; visual form plus static opcode59 map binding,static_map_actor_selector_crosslink_20260930.csv;static_map_actor_semantic_candidates_20260930.csv
cfg_t53_l184_v2,FD5-L003,0x39,animal,,white rabbit-like animal,high,visual form plus static opcode59 map binding,static_map_actor_selector_crosslink_20260930.csv;static_map_actor_semantic_candidates_20260930.csv
cfg_t53_l184_v2,FD5-L004,0x39,animal,,white rabbit-like animal,high,visual form plus static opcode59 map binding,static_map_actor_selector_crosslink_20260930.csv;static_map_actor_semantic_candidates_20260930.csv
cfg_t53_l184_v2,FD5-L005,0x33,unknown,,human figure,candidate,humanoid actor; finer role not proven; visual form plus static opcode59 map binding,static_map_actor_selector_crosslink_20260930.csv;static_map_actor_semantic_candidates_20260930.csv
cfg_t53_l184_v2,FD5-L006,0x39,animal,,white rabbit-like animal,high,visual form plus static opcode59 map binding,static_map_actor_selector_crosslink_20260930.csv;static_map_actor_semantic_candidates_20260930.csv
cfg_t53_l184_v2,FD5-L007,0x39,animal,,white rabbit-like animal,high,visual form plus static opcode59 map binding,static_map_actor_selector_crosslink_20260930.csv;static_map_actor_semantic_candidates_20260930.csv
cfg_t53_l184_v2,FD7-L001,0x39,animal,,white rabbit-like animal,high,visual form plus static opcode59 map binding,static_map_actor_selector_crosslink_20260930.csv;static_map_actor_semantic_candidates_20260930.csv
cfg_t53_l184_v2,FD7-L002,0x33,unknown,,human figure,candidate,humanoid actor; finer role not proven; visual form plus static opcode59 map binding,static_map_actor_selector_crosslink_20260930.csv;static_map_actor_semantic_candidates_20260930.csv
cfg_t53_l184_v2,FD7-L003,0x33,unknown,,human figure,candidate,humanoid actor; finer role not proven; visual form plus static opcode59 map binding,static_map_actor_selector_crosslink_20260930.csv;static_map_actor_semantic_candidates_20260930.csv
cfg_t53_l184_v2,FD7-L004,0x39,animal,,white rabbit-like animal,high,visual form plus static opcode59 map binding,static_map_actor_selector_crosslink_20260930.csv;static_map_actor_semantic_candidates_20260930.csv
cfg_t53_l184_v2,FD7-L005,0x39,animal,,white rabbit-like animal,high,visual form plus static opcode59 map binding,static_map_actor_selector_crosslink_20260930.csv;static_map_actor_semantic_candidates_20260930.csv
cfg_t53_l184_v2,FD7-L006,0x39,animal,,white rabbit-like animal,high,visual form plus static opcode59 map binding,static_map_actor_selector_crosslink_20260930.csv;static_map_actor_semantic_candidates_20260930.csv
cfg_t53_l184_v2,FD7-L007,0x33,unknown,,human figure,candidate,humanoid actor; finer role not proven; visual form plus static opcode59 map binding,static_map_actor_selector_crosslink_20260930.csv;static_map_actor_semantic_candidates_20260930.csv
cfg_t53_l184_v2,FD8-L001,0x33,unknown,,human figure,candidate,humanoid actor; finer role not proven; visual form plus static opcode59 map binding,static_map_actor_selector_crosslink_20260930.csv;static_map_actor_semantic_candidates_20260930.csv
cfg_t53_l184_v2,FD8-L002,0x39,animal,,white rabbit-like animal,high,visual form plus static opcode59 map binding,static_map_actor_selector_crosslink_20260930.csv;static_map_actor_semantic_candidates_20260930.csv
cfg_t53_l184_v2,FD8-L003,0x33,unknown,,human figure,candidate,humanoid actor; finer role not proven; visual form plus static opcode59 map binding,static_map_actor_selector_crosslink_20260930.csv;static_map_actor_semantic_candidates_20260930.csv
cfg_t53_l184_v2,FD8-L004,0x39,animal,,white rabbit-like animal,high,visual form plus static opcode59 map binding,static_map_actor_selector_crosslink_20260930.csv;static_map_actor_semantic_candidates_20260930.csv
cfg_t53_l184_v2,FD8-L005,0x33,unknown,,human figure,candidate,humanoid actor; finer role not proven; visual form plus static opcode59 map binding,static_map_actor_selector_crosslink_20260930.csv;static_map_actor_semantic_candidates_20260930.csv
cfg_t53_l184_v2,FD8-L006,0x39,animal,,white rabbit-like animal,high,visual form plus static opcode59 map binding,static_map_actor_selector_crosslink_20260930.csv;static_map_actor_semantic_candidates_20260930.csv
cfg_t51_l180_v2,FDB-L001,0x2F,unknown,,,unknown,no semantic evidence joined,static_map_actor_selector_crosslink_20260930.csv;static_map_actor_semantic_candidates_20260930.csv
cfg_t51_l180_v2,FDB-L002,0x33,unknown,,,unknown,no semantic evidence joined,static_map_actor_selector_crosslink_20260930.csv;static_map_actor_semantic_candidates_20260930.csv
cfg_t51_l180_v2,FDB-L003,0x33,unknown,,,unknown,no semantic evidence joined,static_map_actor_selector_crosslink_20260930.csv;static_map_actor_semantic_candidates_20260930.csv
cfg_t51_l180_v2,FDB-L004,0x39,unknown,,,unknown,no semantic evidence joined,static_map_actor_selector_crosslink_20260930.csv;static_map_actor_semantic_candidates_20260930.csv
cfg_t51_l180_v2,FDB-L005,0x33,unknown,,,unknown,no semantic evidence joined,static_map_actor_selector_crosslink_20260930.csv;static_map_actor_semantic_candidates_20260930.csv
cfg_t51_l180_v2,FDB-L006,0x33,unknown,,,unknown,no semantic evidence joined,static_map_actor_selector_crosslink_20260930.csv;static_map_actor_semantic_candidates_20260930.csv
cfg_t51_l180_v2,FDB-L007,0x39,unknown,,,unknown,no semantic evidence joined,static_map_actor_selector_crosslink_20260930.csv;static_map_actor_semantic_candidates_20260930.csv
cfg_t51_l180_v2,FDB-L008,0x33,unknown,,,unknown,no semantic evidence joined,static_map_actor_selector_crosslink_20260930.csv;static_map_actor_semantic_candidates_20260930.csv
cfg_t51_l180_v2,FDB-L009,0x39,unknown,,,unknown,no semantic evidence joined,static_map_actor_selector_crosslink_20260930.csv;static_map_actor_semantic_candidates_20260930.csv
cfg_t51_l180_v2,FDB-L010,0x39,unknown,,,unknown,no semantic evidence joined,static_map_actor_selector_crosslink_20260930.csv;static_map_actor_semantic_candidates_20260930.csv
cfg_t51_l180_v2,FDC-L001,0x33,unknown,,,unknown,no semantic evidence joined,static_map_actor_selector_crosslink_20260930.csv;static_map_actor_semantic_candidates_20260930.csv
cfg_t51_l180_v2,FDC-L002,0x33,unknown,,,unknown,no semantic evidence joined,static_map_actor_selector_crosslink_20260930.csv;static_map_actor_semantic_candidates_20260930.csv
cfg_t55_l192_v2,FE0-L001,0x49,animal,,snail-like creature,high,visual form plus static opcode59 map binding,static_map_actor_selector_crosslink_20260930.csv;static_map_actor_semantic_candidates_20260930.csv
cfg_t55_l192_v2,FE0-L002,0x49,animal,,snail-like creature,high,visual form plus static opcode59 map binding,static_map_actor_selector_crosslink_20260930.csv;static_map_actor_semantic_candidates_20260930.csv
cfg_t55_l192_v2,FE0-L003,0x35,unknown,,human figure,candidate,humanoid actor; finer role not proven; visual form plus static opcode59 map binding,static_map_actor_selector_crosslink_20260930.csv;static_map_actor_semantic_candidates_20260930.csv
cfg_t55_l192_v2,FE0-L004,0x35,unknown,,human figure,candidate,humanoid actor; finer role not proven; visual form plus static opcode59 map binding,static_map_actor_selector_crosslink_20260930.csv;static_map_actor_semantic_candidates_20260930.csv
cfg_t55_l192_v2,FE0-L005,0x35,unknown,,human figure,candidate,humanoid actor; finer role not proven; visual form plus static opcode59 map binding,static_map_actor_selector_crosslink_20260930.csv;static_map_actor_semantic_candidates_20260930.csv
cfg_t55_l192_v2,FE0-L006,0x35,unknown,,human figure,candidate,humanoid actor; finer role not proven; visual form plus static opcode59 map binding,static_map_actor_selector_crosslink_20260930.csv;static_map_actor_semantic_candidates_20260930.csv
cfg_t55_l192_v2,FE0-L007,0x35,unknown,,human figure,candidate,humanoid actor; finer role not proven; visual form plus static opcode59 map binding,static_map_actor_selector_crosslink_20260930.csv;static_map_actor_semantic_candidates_20260930.csv
cfg_t55_l192_v2,FE0-L008,0x35,unknown,,human figure,candidate,humanoid actor; finer role not proven; visual form plus static opcode59 map binding,static_map_actor_selector_crosslink_20260930.csv;static_map_actor_semantic_candidates_20260930.csv
cfg_t55_l192_v2,FE0-L009,0x30,unknown,,,unknown,no semantic evidence joined,static_map_actor_selector_crosslink_20260930.csv;static_map_actor_semantic_candidates_20260930.csv
cfg_t55_l192_v2,FE0-L010,0x30,unknown,,,unknown,no semantic evidence joined,static_map_actor_selector_crosslink_20260930.csv;static_map_actor_semantic_candidates_20260930.csv
cfg_t55_l192_v2,FE0-L011,0x30,unknown,,,unknown,no semantic evidence joined,static_map_actor_selector_crosslink_20260930.csv;static_map_actor_semantic_candidates_20260930.csv
cfg_t55_l192_v2,FE1-L001,0x35,unknown,,human figure,candidate,humanoid actor; finer role not proven; visual form plus static opcode59 map binding,static_map_actor_selector_crosslink_20260930.csv;static_map_actor_semantic_candidates_20260930.csv
cfg_t55_l192_v2,FE1-L002,0x35,unknown,,human figure,candidate,humanoid actor; finer role not proven; visual form plus static opcode59 map binding,static_map_actor_selector_crosslink_20260930.csv;static_map_actor_semantic_candidates_20260930.csv
cfg_t55_l192_v2,FE1-L003,0x35,unknown,,human figure,candidate,humanoid actor; finer role not proven; visual form plus static opcode59 map binding,static_map_actor_selector_crosslink_20260930.csv;static_map_actor_semantic_candidates_20260930.csv
cfg_t55_l192_v2,FE1-L004,0x35,unknown,,human figure,candidate,humanoid actor; finer role not proven; visual form plus static opcode59 map binding,static_map_actor_selector_crosslink_20260930.csv;static_map_actor_semantic_candidates_20260930.csv
cfg_t55_l192_v2,FE1-L005,0x48,unknown,,,unknown,no semantic evidence joined,static_map_actor_selector_crosslink_20260930.csv;static_map_actor_semantic_candidates_20260930.csv
cfg_t55_l192_v2,FE1-L006,0x30,unknown,,,unknown,no semantic evidence joined,static_map_actor_selector_crosslink_20260930.csv;static_map_actor_semantic_candidates_20260930.csv
cfg_t55_l192_v2,FE2-L001,0x35,unknown,,human figure,candidate,humanoid actor; finer role not proven; visual form plus static opcode59 map binding,static_map_actor_selector_crosslink_20260930.csv;static_map_actor_semantic_candidates_20260930.csv
cfg_t55_l192_v2,FE2-L002,0x2F,unknown,,,unknown,no semantic evidence joined,static_map_actor_selector_crosslink_20260930.csv;static_map_actor_semantic_candidates_20260930.csv
cfg_t31_l142_v2,FE9-L001,0x77,unknown,,,unknown,no semantic evidence joined,static_map_actor_selector_crosslink_20260930.csv;static_map_actor_semantic_candidates_20260930.csv
cfg_t31_l142_v2,FE9-L002,0x77,unknown,,,unknown,no semantic evidence joined,static_map_actor_selector_crosslink_20260930.csv;static_map_actor_semantic_candidates_20260930.csv
cfg_t31_l142_v2,FE9-L003,0x77,unknown,,,unknown,no semantic evidence joined,static_map_actor_selector_crosslink_20260930.csv;static_map_actor_semantic_candidates_20260930.csv
cfg_t07_l007_v2,FEC-L001,0x41,unknown,,,unknown,no semantic evidence joined,static_map_actor_selector_crosslink_20260930.csv;static_map_actor_semantic_candidates_20260930.csv
cfg_t07_l051_v2,FEC-L001,0x41,unknown,,,unknown,no semantic evidence joined,static_map_actor_selector_crosslink_20260930.csv;static_map_actor_semantic_candidates_20260930.csv
cfg_t04_l070_v2,FF3-L003,0x40,unknown,,red-hat human figure,candidate,humanoid actor; finer role not proven; visual form plus static opcode59 map binding,static_map_actor_selector_crosslink_20260930.csv;static_map_actor_semantic_candidates_20260930.csv
cfg_t04_l070_v2,FF3-L004,0x59,unknown,,purple-green human graphics alias,candidate,humanoid actor; finer role not proven; visual form plus static opcode59 map binding,static_map_actor_selector_crosslink_20260930.csv;static_map_actor_semantic_candidates_20260930.csv
cfg_t04_l070_v2,FF3-L005,0x5B,unknown,,blue-haired or blue-hat human figure,candidate,humanoid actor; finer role not proven; visual form plus static opcode59 map binding,static_map_actor_selector_crosslink_20260930.csv;static_map_actor_semantic_candidates_20260930.csv
cfg_t04_l070_v2,FF3-L006,0x43,unknown,,straw-hat human figure,candidate,humanoid actor; finer role not proven; visual form plus static opcode59 map binding,static_map_actor_selector_crosslink_20260930.csv;static_map_actor_semantic_candidates_20260930.csv
cfg_t04_l070_v2,FF3-L007,0x5A,unknown,,human graphics alias,candidate,humanoid actor; finer role not proven; visual form plus static opcode59 map binding,static_map_actor_selector_crosslink_20260930.csv;static_map_actor_semantic_candidates_20260930.csv
cfg_t04_l070_v2,FF3-L008,0x42,unknown,,blue-red human figure,candidate,humanoid actor; finer role not proven; visual form plus static opcode59 map binding,static_map_actor_selector_crosslink_20260930.csv;static_map_actor_semantic_candidates_20260930.csv
cfg_t04_l070_v2,FF3-L009,0x29,unknown,,human figure,candidate,humanoid actor; finer role not proven; visual form plus static opcode59 map binding,static_map_actor_selector_crosslink_20260930.csv;static_map_actor_semantic_candidates_20260930.csv
cfg_t04_l070_v2,FF3-L010,0x30,unknown,,red-clad human figure,candidate,humanoid actor; finer role not proven; visual form plus static opcode59 map binding,static_map_actor_selector_crosslink_20260930.csv;static_map_actor_semantic_candidates_20260930.csv
cfg_t04_l070_v2,FF3-L011,0x2F,unknown,,blue-clad human figure,candidate,humanoid actor; finer role not proven; visual form plus static opcode59 map binding,static_map_actor_selector_crosslink_20260930.csv;static_map_actor_semantic_candidates_20260930.csv
cfg_t06_l021_v2,FF4-L002,0x2E,unknown,,hat or helmeted human figure,candidate,humanoid actor; finer role not proven; visual form plus static opcode59 map binding,static_map_actor_selector_crosslink_20260930.csv;static_map_actor_semantic_candidates_20260930.csv
cfg_t06_l021_v2,FF4-L003,0x2E,unknown,,hat or helmeted human figure,candidate,humanoid actor; finer role not proven; visual form plus static opcode59 map binding,static_map_actor_selector_crosslink_20260930.csv;static_map_actor_semantic_candidates_20260930.csv
cfg_t06_l021_v2,FF4-L004,0x43,unknown,,straw-hat human figure,candidate,humanoid actor; finer role not proven; visual form plus static opcode59 map binding,static_map_actor_selector_crosslink_20260930.csv;static_map_actor_semantic_candidates_20260930.csv
cfg_t06_l021_v2,FF4-L005,0x43,unknown,,straw-hat human figure,candidate,humanoid actor; finer role not proven; visual form plus static opcode59 map binding,static_map_actor_selector_crosslink_20260930.csv;static_map_actor_semantic_candidates_20260930.csv
cfg_t06_l021_v2,FF4-L006,0x2E,unknown,,hat or helmeted human figure,candidate,humanoid actor; finer role not proven; visual form plus static opcode59 map binding,static_map_actor_selector_crosslink_20260930.csv;static_map_actor_semantic_candidates_20260930.csv
cfg_t06_l021_v2,FF4-L007,0x2E,unknown,,hat or helmeted human figure,candidate,humanoid actor; finer role not proven; visual form plus static opcode59 map binding,static_map_actor_selector_crosslink_20260930.csv;static_map_actor_semantic_candidates_20260930.csv
cfg_t06_l021_v2,FF4-L008,0x40,unknown,,,unknown,no semantic evidence joined,static_map_actor_selector_crosslink_20260930.csv;static_map_actor_semantic_candidates_20260930.csv
cfg_t06_l021_v2,FF4-L009,0x5A,unknown,,,unknown,no semantic evidence joined,static_map_actor_selector_crosslink_20260930.csv;static_map_actor_semantic_candidates_20260930.csv
cfg_t50_l178_v1,FF5-L001,0x29,unknown,,human figure,candidate,humanoid actor; finer role not proven; visual form plus static opcode59 map binding,static_map_actor_selector_crosslink_20260930.csv;static_map_actor_semantic_candidates_20260930.csv
cfg_t50_l178_v1,FF5-L002,0x29,unknown,,human figure,candidate,humanoid actor; finer role not proven; visual form plus static opcode59 map binding,static_map_actor_selector_crosslink_20260930.csv;static_map_actor_semantic_candidates_20260930.csv
cfg_t50_l178_v1,FF5-L003,0x29,unknown,,human figure,candidate,humanoid actor; finer role not proven; visual form plus static opcode59 map binding,static_map_actor_selector_crosslink_20260930.csv;static_map_actor_semantic_candidates_20260930.csv
cfg_t50_l178_v1,FF5-L004,0x42,unknown,,blue-red human figure,candidate,humanoid actor; finer role not proven; visual form plus static opcode59 map binding,static_map_actor_selector_crosslink_20260930.csv;static_map_actor_semantic_candidates_20260930.csv
cfg_t50_l178_v1,FF5-L005,0x24,unknown,,red-hat elder-like figure,candidate,humanoid actor; finer role not proven; visual form plus static opcode59 map binding,static_map_actor_selector_crosslink_20260930.csv;static_map_actor_semantic_candidates_20260930.csv
cfg_t50_l178_v1,FF5-L006,0x29,unknown,,human figure,candidate,humanoid actor; finer role not proven; visual form plus static opcode59 map binding,static_map_actor_selector_crosslink_20260930.csv;static_map_actor_semantic_candidates_20260930.csv
cfg_t50_l178_v1,FF5-L007,0x05,unknown,,,unknown,no semantic evidence joined,static_map_actor_selector_crosslink_20260930.csv;static_map_actor_semantic_candidates_20260930.csv
cfg_t50_l178_v1,FF5-L008,0x02,unknown,,,unknown,no semantic evidence joined,static_map_actor_selector_crosslink_20260930.csv;static_map_actor_semantic_candidates_20260930.csv
cfg_t50_l178_v1,FF5-L009,0x03,unknown,,,unknown,no semantic evidence joined,static_map_actor_selector_crosslink_20260930.csv;static_map_actor_semantic_candidates_20260930.csv
cfg_t50_l178_v1,FF5-L010,0x04,unknown,,,unknown,no semantic evidence joined,static_map_actor_selector_crosslink_20260930.csv;static_map_actor_semantic_candidates_20260930.csv
cfg_t50_l178_v1,FF5-L011,0x09,unknown,,,unknown,no semantic evidence joined,static_map_actor_selector_crosslink_20260930.csv;static_map_actor_semantic_candidates_20260930.csv
cfg_t50_l178_v1,FF5-L012,0x06,unknown,,,unknown,no semantic evidence joined,static_map_actor_selector_crosslink_20260930.csv;static_map_actor_semantic_candidates_20260930.csv
cfg_t50_l178_v1,FF5-L013,0x07,unknown,,,unknown,no semantic evidence joined,static_map_actor_selector_crosslink_20260930.csv;static_map_actor_semantic_candidates_20260930.csv
cfg_t50_l178_v1,FF5-L014,0x11,unknown,,,unknown,no semantic evidence joined,static_map_actor_selector_crosslink_20260930.csv;static_map_actor_semantic_candidates_20260930.csv
cfg_t50_l178_v1,FF5-L015,0x0F,unknown,,,unknown,no semantic evidence joined,static_map_actor_selector_crosslink_20260930.csv;static_map_actor_semantic_candidates_20260930.csv
cfg_t50_l178_v1,FF5-L016,0x10,unknown,,,unknown,no semantic evidence joined,static_map_actor_selector_crosslink_20260930.csv;static_map_actor_semantic_candidates_20260930.csv
cfg_t50_l178_v1,FF5-L017,0x08,unknown,,,unknown,no semantic evidence joined,static_map_actor_selector_crosslink_20260930.csv;static_map_actor_semantic_candidates_20260930.csv
cfg_t50_l178_v1,FF5-L018,0x12,unknown,,,unknown,no semantic evidence joined,static_map_actor_selector_crosslink_20260930.csv;static_map_actor_semantic_candidates_20260930.csv
cfg_t50_l178_v1,FF5-L019,0x13,unknown,,,unknown,no semantic evidence joined,static_map_actor_selector_crosslink_20260930.csv;static_map_actor_semantic_candidates_20260930.csv
cfg_t50_l178_v1,FF5-L020,0x0D,unknown,,,unknown,no semantic evidence joined,static_map_actor_selector_crosslink_20260930.csv;static_map_actor_semantic_candidates_20260930.csv
cfg_t50_l178_v1,FF5-L021,0x0E,unknown,,,unknown,no semantic evidence joined,static_map_actor_selector_crosslink_20260930.csv;static_map_actor_semantic_candidates_20260930.csv
cfg_t50_l178_v1,FF5-L022,0x14,unknown,,,unknown,no semantic evidence joined,static_map_actor_selector_crosslink_20260930.csv;static_map_actor_semantic_candidates_20260930.csv
cfg_t50_l178_v1,FF5-L023,0x0A,unknown,,,unknown,no semantic evidence joined,static_map_actor_selector_crosslink_20260930.csv;static_map_actor_semantic_candidates_20260930.csv
cfg_t50_l178_v1,FF5-L024,0x6A,unknown,,,unknown,no semantic evidence joined,static_map_actor_selector_crosslink_20260930.csv;static_map_actor_semantic_candidates_20260930.csv
cfg_t50_l178_v1,FF5-L025,0x0B,unknown,,,unknown,no semantic evidence joined,static_map_actor_selector_crosslink_20260930.csv;static_map_actor_semantic_candidates_20260930.csv
cfg_t07_l072_v2,FF6-L001,0x23,unknown,,,unknown,no semantic evidence joined,static_map_actor_selector_crosslink_20260930.csv;static_map_actor_semantic_candidates_20260930.csv
cfg_t04_l074_v2,FF6-L001,0x23,unknown,,,unknown,no semantic evidence joined,static_map_actor_selector_crosslink_20260930.csv;static_map_actor_semantic_candidates_20260930.csv
cfg_t07_l009_v2,FF9-L001,0x49,animal,,snail-like creature,high,visual form plus static opcode59 map binding,static_map_actor_selector_crosslink_20260930.csv;static_map_actor_semantic_candidates_20260930.csv
cfg_t07_l009_v2,FF9-L002,0x3E,unknown,,red-hat elder-like graphics alias,candidate,humanoid actor; finer role not proven; visual form plus static opcode59 map binding,static_map_actor_selector_crosslink_20260930.csv;static_map_actor_semantic_candidates_20260930.csv
cfg_t07_l009_v2,FF9-L003,0x27,unknown,,hooded or white-haired figure,candidate,humanoid actor; finer role not proven; visual form plus static opcode59 map binding,static_map_actor_selector_crosslink_20260930.csv;static_map_actor_semantic_candidates_20260930.csv
cfg_t07_l009_v2,FF9-L004,0x59,unknown,,purple-green human graphics alias,candidate,humanoid actor; finer role not proven; visual form plus static opcode59 map binding,static_map_actor_selector_crosslink_20260930.csv;static_map_actor_semantic_candidates_20260930.csv
cfg_t07_l009_v2,FF9-L005,0x03,unknown,,human figure,candidate,humanoid actor; finer role not proven; visual form plus static opcode59 map binding,static_map_actor_selector_crosslink_20260930.csv;static_map_actor_semantic_candidates_20260930.csv
cfg_t07_l009_v2,FF9-L006,0x5C,unknown,,cabinet or shrine-box-like object,unknown,no semantic evidence joined,static_map_actor_selector_crosslink_20260930.csv;static_map_actor_semantic_candidates_20260930.csv
cfg_t07_l009_v2,FF9-L007,0x9C,unknown,,small human figure,candidate,humanoid actor; finer role not proven; visual form plus static opcode59 map binding,static_map_actor_selector_crosslink_20260930.csv;static_map_actor_semantic_candidates_20260930.csv
cfg_t07_l009_v2,FF9-L008,0x27,unknown,,hooded or white-haired figure,candidate,humanoid actor; finer role not proven; visual form plus static opcode59 map binding,static_map_actor_selector_crosslink_20260930.csv;static_map_actor_semantic_candidates_20260930.csv
cfg_t07_l009_v2,FF9-L009,0x49,animal,,snail-like creature,high,visual form plus static opcode59 map binding,static_map_actor_selector_crosslink_20260930.csv;static_map_actor_semantic_candidates_20260930.csv
