config_id,pack_id_hex,map_label,family_hex,record_id,record_seq,record_start,controller_pointer,body_start,actor_command_offset,selector_hex,selector_dec,field_0659_seed,field_0699_seed,field_06D9_seed,field_0719_seed,actor_command_hex,body_hex,chr_resource,chr_window_index,animation_base_state,sprite_group,palette_resource,graphics_context,selector_catalog_status,binding_evidence,map_binding_scope
cfg_t07_l016_v2,0x2A,,0x2A,F2A-L001,1,CB:D7C9,CB:D7EA,CB:D7F1,4,0x43,67,21,3,2,16,59 43 15 03 02 10,2d 68 b3 08 59 43 15 03 02 10,30,11,41,3,1,5,static_rom_reconstructable,static_event_tail_opcode59_actor_controller,pack_family_context
cfg_t07_l016_v2,0x2A,,0x2A,F2A-L002,2,CB:D7FB,CB:D807,CB:D80E,4,0x43,67,21,3,2,16,59 43 15 03 02 10,2d 6a b3 08 59 43 15 03 02 10,30,11,41,3,1,5,static_rom_reconstructable,static_event_tail_opcode59_actor_controller,pack_family_context
cfg_t07_l016_v2,0x2A,,0x2A,F2A-L003,3,CB:D818,CB:D82C,CB:D833,11,0x43,67,21,3,2,16,59 43 15 03 02 10,2d 6b a3 73 e1 a3 70 e8 e7 b3 08 59 43 15 03 02 10,30,11,41,3,1,5,static_rom_reconstructable,static_event_tail_opcode59_actor_controller,pack_family_context
cfg_t07_l016_v2,0x2A,,0x2A,F2A-L004,4,CB:D844,CB:D86C,CB:D873,4,0x43,67,21,3,2,16,59 43 15 03 02 10,2d 65 b3 08 59 43 15 03 02 10,30,11,41,3,1,5,static_rom_reconstructable,static_event_tail_opcode59_actor_controller,pack_family_context
cfg_t07_l016_v2,0x2A,,0x2A,F2A-L005,5,CB:D87D,CB:D889,CB:D890,4,0x43,67,19,3,2,16,59 43 13 03 02 10,2d 6f b3 08 59 43 13 03 02 10,30,11,41,3,1,5,static_rom_reconstructable,static_event_tail_opcode59_actor_controller,pack_family_context
cfg_t07_l016_v2,0x2A,,0x2A,F2A-L006,6,CB:D89A,CB:D89E,CB:D8A5,4,0x23,35,21,2,2,16,59 23 15 02 02 10,2d 6f b3 08 59 23 15 02 02 10,29,7,25,3,1,5,static_rom_reconstructable,static_event_tail_opcode59_actor_controller,pack_family_context
cfg_t07_l016_v2,0x2A,,0x2A,F2A-L007,7,CB:D8AF,CB:D8B3,CB:D8BA,4,0x43,67,21,3,2,16,59 43 15 03 02 10,2d 82 b3 08 59 43 15 03 02 10,30,11,41,3,1,5,static_rom_reconstructable,static_event_tail_opcode59_actor_controller,pack_family_context
cfg_t07_l016_v2,0x2A,,0x2A,F2A-L008,8,CB:D8C4,CB:D8E7,CB:D8EE,7,0x43,67,21,3,2,16,59 43 15 03 02 10,2d 83 a3 b9 e7 b3 08 59 43 15 03 02 10,30,11,41,3,1,5,static_rom_reconstructable,static_event_tail_opcode59_actor_controller,pack_family_context
cfg_t07_l016_v2,0x2A,,0x2A,F2A-L009,9,CB:D8FB,CB:D907,CB:D90E,7,0x43,67,17,5,2,16,59 43 11 05 02 10,2d 83 a3 bd e7 b3 08 59 43 11 05 02 10,30,11,41,3,1,5,static_rom_reconstructable,static_event_tail_opcode59_actor_controller,pack_family_context
cfg_t07_l016_v2,0x2A,,0x2A,F2A-L010,10,CB:D91B,CB:D91F,CB:D926,4,0x29,41,21,3,2,16,59 29 15 03 02 10,2d ca b3 08 59 29 15 03 02 10,44,22,69,7,1,5,static_rom_reconstructable,static_event_tail_opcode59_actor_controller,pack_family_context
cfg_t07_l016_v2,0x2A,,0x2A,F2A-L011,11,CB:D930,CB:D93E,CB:D945,4,0x43,67,17,5,2,16,59 43 11 05 02 10,2d ca b3 08 59 43 11 05 02 10,30,11,41,3,1,5,static_rom_reconstructable,static_event_tail_opcode59_actor_controller,pack_family_context
cfg_t07_l033_v2,0x2C,,0x2C,F2C-L001,1,CB:DA40,CB:DA4A,CB:DA51,19,0x41,65,4,2,2,16,59 41 04 02 02 10,a0 fd cd cb b6 b3 03 b0 08 b9 13 03 08 b9 13 04 e8 b3 08 59 41 04 02 02 10,29,6,21,3,1,5,static_rom_reconstructable,static_event_tail_opcode59_actor_controller,pack_family_context
cfg_t07_l011_v2,0x2C,,0x2C,F2C-L001,1,CB:DA40,CB:DA4A,CB:DA51,19,0x41,65,4,2,2,16,59 41 04 02 02 10,a0 fd cd cb b6 b3 03 b0 08 b9 13 03 08 b9 13 04 e8 b3 08 59 41 04 02 02 10,29,6,21,3,1,5,static_rom_reconstructable,static_event_tail_opcode59_actor_controller,pack_family_context
cfg_t07_l033_v2,0x2C,,0x2C,F2C-L002,2,CB:DA6A,CB:DA74,CB:DA7B,6,0x3C,60,5,3,2,16,59 3c 05 03 02 10,08 b9 13 05 b3 08 59 3c 05 03 02 10,34,34,133,3,1,5,static_rom_reconstructable,static_event_tail_opcode59_actor_controller,pack_family_context
cfg_t07_l011_v2,0x2C,,0x2C,F2C-L002,2,CB:DA6A,CB:DA74,CB:DA7B,6,0x3C,60,5,3,2,16,59 3c 05 03 02 10,08 b9 13 05 b3 08 59 3c 05 03 02 10,34,34,133,3,1,5,static_rom_reconstructable,static_event_tail_opcode59_actor_controller,pack_family_context
cfg_t07_l033_v2,0x2C,,0x2C,F2C-L003,3,CB:DA87,CB:DB28,CB:DB2F,9,0x43,67,7,4,2,16,59 43 07 04 02 10,2d 60 08 b9 13 02 e7 b3 08 59 43 07 04 02 10,30,11,41,3,1,5,static_rom_reconstructable,static_event_tail_opcode59_actor_controller,pack_family_context
cfg_t07_l011_v2,0x2C,,0x2C,F2C-L003,3,CB:DA87,CB:DB28,CB:DB2F,9,0x43,67,7,4,2,16,59 43 07 04 02 10,2d 60 08 b9 13 02 e7 b3 08 59 43 07 04 02 10,30,11,41,3,1,5,static_rom_reconstructable,static_event_tail_opcode59_actor_controller,pack_family_context
cfg_t07_l033_v2,0x2C,,0x2C,F2C-L004,4,CB:DB3E,CB:DB4A,CB:DB51,9,0x5A,90,10,6,2,16,59 5a 0a 06 02 10,2d 60 08 b9 13 02 e7 b3 08 59 5a 0a 06 02 10,29,1,1,3,1,5,static_rom_reconstructable,static_event_tail_opcode59_actor_controller,pack_family_context
cfg_t07_l011_v2,0x2C,,0x2C,F2C-L004,4,CB:DB3E,CB:DB4A,CB:DB51,9,0x5A,90,10,6,2,16,59 5a 0a 06 02 10,2d 60 08 b9 13 02 e7 b3 08 59 5a 0a 06 02 10,29,1,1,3,1,5,static_rom_reconstructable,static_event_tail_opcode59_actor_controller,pack_family_context
cfg_t07_l033_v2,0x2C,,0x2C,F2C-L005,5,CB:DB60,CB:DB6C,CB:DB73,4,0x24,36,10,6,2,16,59 24 0a 06 02 10,2d 68 b3 08 59 24 0a 06 02 10,29,56,216,2,1,5,static_rom_reconstructable,static_event_tail_opcode59_actor_controller,pack_family_context
cfg_t07_l011_v2,0x2C,,0x2C,F2C-L005,5,CB:DB60,CB:DB6C,CB:DB73,4,0x24,36,10,6,2,16,59 24 0a 06 02 10,2d 68 b3 08 59 24 0a 06 02 10,29,56,216,2,1,5,static_rom_reconstructable,static_event_tail_opcode59_actor_controller,pack_family_context
cfg_t07_l033_v2,0x2C,,0x2C,F2C-L006,6,CB:DB7D,CB:DB89,CB:DB90,17,0x0D,13,6,7,2,16,59 0d 06 07 02 10,2d 68 a3 2a e1 e7 a3 3e e1 e7 17 07 0d e1 e7 b3 08 59 0d 06 07 02 10,8,21,52,2,1,5,static_rom_reconstructable,static_event_tail_opcode59_actor_controller,pack_family_context
cfg_t07_l011_v2,0x2C,,0x2C,F2C-L006,6,CB:DB7D,CB:DB89,CB:DB90,17,0x0D,13,6,7,2,16,59 0d 06 07 02 10,2d 68 a3 2a e1 e7 a3 3e e1 e7 17 07 0d e1 e7 b3 08 59 0d 06 07 02 10,8,21,52,2,1,5,static_rom_reconstructable,static_event_tail_opcode59_actor_controller,pack_family_context
cfg_t07_l033_v2,0x2C,,0x2C,F2C-L007,7,CB:DBA7,CB:DBCD,CB:DBD4,4,0x59,89,7,4,2,16,59 59 07 04 02 10,2d 6a b3 08 59 59 07 04 02 10,29,5,17,3,1,5,static_rom_reconstructable,static_event_tail_opcode59_actor_controller,pack_family_context
cfg_t07_l011_v2,0x2C,,0x2C,F2C-L007,7,CB:DBA7,CB:DBCD,CB:DBD4,4,0x59,89,7,4,2,16,59 59 07 04 02 10,2d 6a b3 08 59 59 07 04 02 10,29,5,17,3,1,5,static_rom_reconstructable,static_event_tail_opcode59_actor_controller,pack_family_context
cfg_t07_l033_v2,0x2C,,0x2C,F2C-L008,8,CB:DBDE,CB:DBF2,CB:DBF9,4,0x40,64,10,6,2,16,59 40 0a 06 02 10,2d 6a b3 08 59 40 0a 06 02 10,29,2,5,3,1,5,static_rom_reconstructable,static_event_tail_opcode59_actor_controller,pack_family_context
cfg_t07_l011_v2,0x2C,,0x2C,F2C-L008,8,CB:DBDE,CB:DBF2,CB:DBF9,4,0x40,64,10,6,2,16,59 40 0a 06 02 10,2d 6a b3 08 59 40 0a 06 02 10,29,2,5,3,1,5,static_rom_reconstructable,static_event_tail_opcode59_actor_controller,pack_family_context
cfg_t07_l033_v2,0x2C,,0x2C,F2C-L009,9,CB:DC03,CB:DC25,CB:DC2C,11,0x3D,61,7,4,2,16,59 3d 07 04 02 10,2d 6b a3 73 e1 a3 70 e8 e7 b3 08 59 3d 07 04 02 10,29,7,25,3,1,5,static_rom_reconstructable,static_event_tail_opcode59_actor_controller,pack_family_context
cfg_t07_l011_v2,0x2C,,0x2C,F2C-L009,9,CB:DC03,CB:DC25,CB:DC2C,11,0x3D,61,7,4,2,16,59 3d 07 04 02 10,2d 6b a3 73 e1 a3 70 e8 e7 b3 08 59 3d 07 04 02 10,29,7,25,3,1,5,static_rom_reconstructable,static_event_tail_opcode59_actor_controller,pack_family_context
cfg_t07_l033_v2,0x2C,,0x2C,F2C-L010,10,CB:DC3D,CB:DC49,CB:DC50,4,0x40,64,9,4,2,16,59 40 09 04 02 10,2d 65 b3 08 59 40 09 04 02 10,29,2,5,3,1,5,static_rom_reconstructable,static_event_tail_opcode59_actor_controller,pack_family_context
cfg_t07_l011_v2,0x2C,,0x2C,F2C-L010,10,CB:DC3D,CB:DC49,CB:DC50,4,0x40,64,9,4,2,16,59 40 09 04 02 10,2d 65 b3 08 59 40 09 04 02 10,29,2,5,3,1,5,static_rom_reconstructable,static_event_tail_opcode59_actor_controller,pack_family_context
cfg_t07_l033_v2,0x2C,,0x2C,F2C-L011,11,CB:DC5A,CB:DC66,CB:DC6D,4,0x5A,90,6,6,2,16,59 5a 06 06 02 10,2d 65 b3 08 59 5a 06 06 02 10,29,1,1,3,1,5,static_rom_reconstructable,static_event_tail_opcode59_actor_controller,pack_family_context
cfg_t07_l011_v2,0x2C,,0x2C,F2C-L011,11,CB:DC5A,CB:DC66,CB:DC6D,4,0x5A,90,6,6,2,16,59 5a 06 06 02 10,2d 65 b3 08 59 5a 06 06 02 10,29,1,1,3,1,5,static_rom_reconstructable,static_event_tail_opcode59_actor_controller,pack_family_context
cfg_t07_l033_v2,0x2C,,0x2C,F2C-L012,12,CB:DC77,CB:DC83,CB:DC8A,9,0x59,89,6,4,2,16,59 59 06 04 02 10,2d 6f 08 b9 13 02 e7 b3 08 59 59 06 04 02 10,29,5,17,3,1,5,static_rom_reconstructable,static_event_tail_opcode59_actor_controller,pack_family_context
cfg_t07_l011_v2,0x2C,,0x2C,F2C-L012,12,CB:DC77,CB:DC83,CB:DC8A,9,0x59,89,6,4,2,16,59 59 06 04 02 10,2d 6f 08 b9 13 02 e7 b3 08 59 59 06 04 02 10,29,5,17,3,1,5,static_rom_reconstructable,static_event_tail_opcode59_actor_controller,pack_family_context
cfg_t07_l033_v2,0x2C,,0x2C,F2C-L013,13,CB:DC99,CB:DC9D,CB:DCA4,9,0x40,64,9,6,2,16,59 40 09 06 02 10,2d 6f 08 b9 13 03 e7 b3 08 59 40 09 06 02 10,29,2,5,3,1,5,static_rom_reconstructable,static_event_tail_opcode59_actor_controller,pack_family_context
cfg_t07_l011_v2,0x2C,,0x2C,F2C-L013,13,CB:DC99,CB:DC9D,CB:DCA4,9,0x40,64,9,6,2,16,59 40 09 06 02 10,2d 6f 08 b9 13 03 e7 b3 08 59 40 09 06 02 10,29,2,5,3,1,5,static_rom_reconstructable,static_event_tail_opcode59_actor_controller,pack_family_context
cfg_t07_l033_v2,0x2C,,0x2C,F2C-L014,14,CB:DCB3,CB:DCB7,CB:DCBE,9,0x42,66,6,6,2,16,59 42 06 06 02 10,2d 6f 08 b9 13 03 e7 b3 08 59 42 06 06 02 10,29,3,9,3,1,5,static_rom_reconstructable,static_event_tail_opcode59_actor_controller,pack_family_context
cfg_t07_l011_v2,0x2C,,0x2C,F2C-L014,14,CB:DCB3,CB:DCB7,CB:DCBE,9,0x42,66,6,6,2,16,59 42 06 06 02 10,2d 6f 08 b9 13 03 e7 b3 08 59 42 06 06 02 10,29,3,9,3,1,5,static_rom_reconstructable,static_event_tail_opcode59_actor_controller,pack_family_context
cfg_t07_l033_v2,0x2C,,0x2C,F2C-L015,15,CB:DCCD,CB:DCD1,CB:DCD8,4,0x3F,63,7,4,2,16,59 3f 07 04 02 10,2d 82 b3 08 59 3f 07 04 02 10,29,5,17,3,1,5,static_rom_reconstructable,static_event_tail_opcode59_actor_controller,pack_family_context
cfg_t07_l011_v2,0x2C,,0x2C,F2C-L015,15,CB:DCCD,CB:DCD1,CB:DCD8,4,0x3F,63,7,4,2,16,59 3f 07 04 02 10,2d 82 b3 08 59 3f 07 04 02 10,29,5,17,3,1,5,static_rom_reconstructable,static_event_tail_opcode59_actor_controller,pack_family_context
cfg_t07_l033_v2,0x2C,,0x2C,F2C-L016,16,CB:DCE2,CB:DCEE,CB:DCF5,4,0x44,68,7,4,2,16,59 44 07 04 02 10,2d ca b3 08 59 44 07 04 02 10,30,12,45,3,1,5,static_rom_reconstructable,static_event_tail_opcode59_actor_controller,pack_family_context
cfg_t07_l011_v2,0x2C,,0x2C,F2C-L016,16,CB:DCE2,CB:DCEE,CB:DCF5,4,0x44,68,7,4,2,16,59 44 07 04 02 10,2d ca b3 08 59 44 07 04 02 10,30,12,45,3,1,5,static_rom_reconstructable,static_event_tail_opcode59_actor_controller,pack_family_context
cfg_t07_l033_v2,0x2C,,0x2C,F2C-L017,17,CB:DCFF,CB:DD03,CB:DD0A,4,0x43,67,6,6,2,16,59 43 06 06 02 10,2d ca b3 08 59 43 06 06 02 10,30,11,41,3,1,5,static_rom_reconstructable,static_event_tail_opcode59_actor_controller,pack_family_context
cfg_t07_l011_v2,0x2C,,0x2C,F2C-L017,17,CB:DCFF,CB:DD03,CB:DD0A,4,0x43,67,6,6,2,16,59 43 06 06 02 10,2d ca b3 08 59 43 06 06 02 10,30,11,41,3,1,5,static_rom_reconstructable,static_event_tail_opcode59_actor_controller,pack_family_context
cfg_t07_l033_v2,0x2C,,0x2C,F2C-L018,18,CB:DD14,CB:DD18,CB:DD1F,4,0x24,36,10,6,2,16,59 24 0a 06 02 10,2d ca b3 08 59 24 0a 06 02 10,29,56,216,2,1,5,static_rom_reconstructable,static_event_tail_opcode59_actor_controller,pack_family_context
cfg_t07_l011_v2,0x2C,,0x2C,F2C-L018,18,CB:DD14,CB:DD18,CB:DD1F,4,0x24,36,10,6,2,16,59 24 0a 06 02 10,2d ca b3 08 59 24 0a 06 02 10,29,56,216,2,1,5,static_rom_reconstructable,static_event_tail_opcode59_actor_controller,pack_family_context
cfg_t07_l013_v2,0x2D,,0x2D,F2D-L001,1,CB:DDAB,CB:DDB5,CB:DDBC,19,0x42,66,7,4,2,16,59 42 07 04 02 10,a0 fd cd cb b6 b3 03 b0 08 b9 13 03 08 b9 13 04 e8 b3 08 59 42 07 04 02 10,29,3,9,3,1,5,static_rom_reconstructable,static_event_tail_opcode59_actor_controller,pack_family_context
cfg_t07_l013_v2,0x2D,,0x2D,F2D-L002,2,CB:DDD5,CB:DDDF,CB:DDE6,14,0x42,66,6,4,2,16,59 42 06 04 02 10,a0 fd cd cb b6 b3 03 b0 08 b9 13 05 b3 08 59 42 06 04 02 10,29,3,9,3,1,5,static_rom_reconstructable,static_event_tail_opcode59_actor_controller,pack_family_context
cfg_t07_l013_v2,0x2D,,0x2D,F2D-L003,3,CB:DDFA,CB:DE04,CB:DE0B,14,0x42,66,7,4,2,16,59 42 07 04 02 10,a0 fd cd cb b6 b3 03 b0 08 b9 13 05 b3 08 59 42 07 04 02 10,29,3,9,3,1,5,static_rom_reconstructable,static_event_tail_opcode59_actor_controller,pack_family_context
cfg_t07_l013_v2,0x2D,,0x2D,F2D-L004,4,CB:DE1F,CB:DE29,CB:DE30,6,0x40,64,6,4,2,16,59 40 06 04 02 10,08 b9 13 0b b3 08 59 40 06 04 02 10,29,2,5,3,1,5,static_rom_reconstructable,static_event_tail_opcode59_actor_controller,pack_family_context
cfg_t07_l015_v2,0x2E,,0x2E,F2E-L001,1,CB:DECF,CB:DEEB,CB:DEF2,4,0x28,40,3,10,2,16,59 28 03 0a 02 10,2d 6a b3 08 59 28 03 0a 02 10,30,9,33,3,1,5,static_rom_reconstructable,static_event_tail_opcode59_actor_controller,pack_family_context
cfg_t07_l015_v2,0x2E,,0x2E,F2E-L002,2,CB:DEFC,CB:DF16,CB:DF1D,4,0x40,64,15,7,2,16,59 40 0f 07 02 10,2d 6a b3 08 59 40 0f 07 02 10,29,2,5,3,1,5,static_rom_reconstructable,static_event_tail_opcode59_actor_controller,pack_family_context
cfg_t07_l015_v2,0x2E,,0x2E,F2E-L003,3,CB:DF27,CB:DF49,CB:DF50,4,0x23,35,11,6,4,16,59 23 0b 06 04 10,2d 6f b3 08 59 23 0b 06 04 10,29,7,25,3,1,5,static_rom_reconstructable,static_event_tail_opcode59_actor_controller,pack_family_context
cfg_t07_l026_v2,0x33,,0x33,F33-L001,1,CB:E2C0,CB:E2CC,CB:E2D3,4,0x44,68,2,4,2,16,59 44 02 04 02 10,2d 5a b3 08 59 44 02 04 02 10,30,12,45,3,1,5,static_rom_reconstructable,static_event_tail_opcode59_actor_controller,pack_family_context
cfg_t07_l026_v2,0x33,,0x33,F33-L002,2,CB:E2DD,CB:E2F7,CB:E2FE,4,0x43,67,8,4,2,16,59 43 08 04 02 10,2d 5b b3 08 59 43 08 04 02 10,30,11,41,3,1,5,static_rom_reconstructable,static_event_tail_opcode59_actor_controller,pack_family_context
cfg_t07_l026_v2,0x33,,0x33,F33-L003,3,CB:E308,CB:E314,CB:E31B,4,0x2E,46,8,4,2,16,59 2e 08 04 02 10,2d 5c b3 08 59 2e 08 04 02 10,31,20,77,3,1,5,static_rom_reconstructable,static_event_tail_opcode59_actor_controller,pack_family_context
cfg_t07_l026_v2,0x33,,0x33,F33-L004,4,CB:E325,CB:E329,CB:E330,7,0x29,41,8,4,2,16,59 29 08 04 02 10,2d 5f a3 bd e7 b3 08 59 29 08 04 02 10,44,22,69,7,1,5,static_rom_reconstructable,static_event_tail_opcode59_actor_controller,pack_family_context
cfg_t07_l026_v2,0x33,,0x33,F33-L005,5,CB:E33D,CB:E341,CB:E348,7,0x24,36,6,4,2,16,59 24 06 04 02 10,2d 5f a3 bd e7 b3 08 59 24 06 04 02 10,29,56,216,2,1,5,static_rom_reconstructable,static_event_tail_opcode59_actor_controller,pack_family_context
cfg_t07_l026_v2,0x33,,0x33,F33-L006,6,CB:E355,CB:E359,CB:E360,7,0x23,35,4,4,2,16,59 23 04 04 02 10,2d 5f a3 bd e7 b3 08 59 23 04 04 02 10,29,7,25,3,1,5,static_rom_reconstructable,static_event_tail_opcode59_actor_controller,pack_family_context
cfg_t07_l022_v2,0x34,,0x34,F34-L001,1,CB:E3C2,CB:E3CC,CB:E3D3,4,0x59,89,6,4,2,16,59 59 06 04 02 10,2d 5b b3 08 59 59 06 04 02 10,29,5,17,3,1,5,static_rom_reconstructable,static_event_tail_opcode59_actor_controller,pack_family_context
cfg_t07_l022_v2,0x34,,0x34,F34-L002,2,CB:E3DD,CB:E3E1,CB:E3E8,4,0x5B,91,5,7,2,16,59 5b 05 07 02 10,2d 5b b3 08 59 5b 05 07 02 10,30,8,29,3,1,5,static_rom_reconstructable,static_event_tail_opcode59_actor_controller,pack_family_context
cfg_t07_l022_v2,0x34,,0x34,F34-L003,3,CB:E3F2,CB:E3F6,CB:E3FD,4,0x2E,46,6,4,2,16,59 2e 06 04 02 10,2d 5c b3 08 59 2e 06 04 02 10,31,20,77,3,1,5,static_rom_reconstructable,static_event_tail_opcode59_actor_controller,pack_family_context
cfg_t07_l022_v2,0x34,,0x34,F34-L004,4,CB:E407,CB:E40B,CB:E412,4,0x43,67,5,7,2,16,59 43 05 07 02 10,2d 80 b3 08 59 43 05 07 02 10,30,11,41,3,1,5,static_rom_reconstructable,static_event_tail_opcode59_actor_controller,pack_family_context
cfg_t07_l022_v2,0x34,,0x34,F34-L005,5,CB:E41C,CB:E431,CB:E438,4,0x2E,46,6,4,2,16,59 2e 06 04 02 10,2d 5d b3 08 59 2e 06 04 02 10,31,20,77,3,1,5,static_rom_reconstructable,static_event_tail_opcode59_actor_controller,pack_family_context
cfg_t07_l022_v2,0x34,,0x34,F34-L006,6,CB:E442,CB:E446,CB:E44D,4,0x2E,46,5,7,2,16,59 2e 05 07 02 10,2d 5e b3 08 59 2e 05 07 02 10,31,20,77,3,1,5,static_rom_reconstructable,static_event_tail_opcode59_actor_controller,pack_family_context
cfg_t07_l022_v2,0x34,,0x34,F34-L007,7,CB:E457,CB:E45B,CB:E462,4,0x2E,46,6,4,2,16,59 2e 06 04 02 10,2d 5f b3 08 59 2e 06 04 02 10,31,20,77,3,1,5,static_rom_reconstructable,static_event_tail_opcode59_actor_controller,pack_family_context
cfg_t07_l022_v2,0x34,,0x34,F34-L008,8,CB:E46C,CB:E480,CB:E487,7,0x55,85,5,7,2,16,59 55 05 07 02 10,2d 5f a3 bd e7 b3 08 59 55 05 07 02 10,36,44,178,3,1,5,static_rom_reconstructable,static_event_tail_opcode59_actor_controller,pack_family_context
cfg_t07_l022_v2,0x34,,0x34,F34-L009,9,CB:E494,CB:E498,CB:E49F,7,0x42,66,6,6,2,16,59 42 06 06 02 10,2d 5f a3 bd e7 b3 08 59 42 06 06 02 10,29,3,9,3,1,5,static_rom_reconstructable,static_event_tail_opcode59_actor_controller,pack_family_context
cfg_t07_l023_v2,0x35,,0x35,F35-L001,1,CB:E50E,CB:E518,CB:E51F,11,0x2E,46,3,3,2,16,59 2e 03 03 02 10,08 b9 13 03 08 b9 13 04 e8 b3 08 59 2e 03 03 02 10,31,20,77,3,1,5,static_rom_reconstructable,static_event_tail_opcode59_actor_controller,pack_family_context
cfg_t54_l190_v2,0x38,,0x38,F38-L001,1,CB:E697,CB:E6A1,CB:E6A8,4,0x39,57,42,53,2,16,59 39 2a 35 02 10,2d d8 b3 08 59 39 2a 35 02 10,33,24,93,3,1,5,static_rom_reconstructable,static_event_tail_opcode59_actor_controller,pack_family_context
cfg_t54_l190_v2,0x39,,0x39,F39-L001,1,CB:E785,CB:E78F,CB:E796,4,0x39,57,103,6,2,16,59 39 67 06 02 10,2d d0 b3 08 59 39 67 06 02 10,33,24,93,3,1,5,static_rom_reconstructable,static_event_tail_opcode59_actor_controller,pack_family_context
cfg_t07_l033_v2,0x3D,,0x3D,F3D-L001,1,CB:EAA6,CB:EAAA,CB:EAB1,4,0x3F,63,2,3,2,16,59 3f 02 03 02 10,2d 70 b3 08 59 3f 02 03 02 10,29,5,17,3,1,5,static_rom_reconstructable,static_event_tail_opcode59_actor_controller,pack_family_context
cfg_t07_l068_v2,0x3D,,0x3D,F3D-L001,1,CB:EAA6,CB:EAAA,CB:EAB1,4,0x3F,63,2,3,2,16,59 3f 02 03 02 10,2d 70 b3 08 59 3f 02 03 02 10,29,5,17,3,1,5,static_rom_reconstructable,static_event_tail_opcode59_actor_controller,pack_family_context
cfg_t07_l033_v2,0x3D,,0x3D,F3D-L002,2,CB:EABB,CB:EABF,CB:EAC6,4,0x42,66,6,7,2,16,59 42 06 07 02 10,2d 70 b3 08 59 42 06 07 02 10,29,3,9,3,1,5,static_rom_reconstructable,static_event_tail_opcode59_actor_controller,pack_family_context
cfg_t07_l068_v2,0x3D,,0x3D,F3D-L002,2,CB:EABB,CB:EABF,CB:EAC6,4,0x42,66,6,7,2,16,59 42 06 07 02 10,2d 70 b3 08 59 42 06 07 02 10,29,3,9,3,1,5,static_rom_reconstructable,static_event_tail_opcode59_actor_controller,pack_family_context
cfg_t07_l049_v2,0x3F,,0x3F,F3F-L001,1,CB:EBD2,CB:EBEE,CB:EBF5,4,0x24,36,23,11,3,16,59 24 17 0b 03 10,a3 84 b4 08 59 24 17 0b 03 10,29,56,216,2,1,5,static_rom_reconstructable,static_event_tail_opcode59_actor_controller,pack_family_context
cfg_t07_l049_v2,0x3F,,0x3F,F3F-L002,2,CB:EBFF,CB:EC1B,CB:EC22,4,0x42,66,19,9,1,16,59 42 13 09 01 10,a3 84 b4 08 59 42 13 09 01 10,29,3,9,3,1,5,static_rom_reconstructable,static_event_tail_opcode59_actor_controller,pack_family_context
cfg_t07_l049_v2,0x3F,,0x3F,F3F-L003,3,CB:EC2C,CB:EC48,CB:EC4F,4,0x42,66,23,9,3,16,59 42 17 09 03 10,a3 84 b4 08 59 42 17 09 03 10,29,3,9,3,1,5,static_rom_reconstructable,static_event_tail_opcode59_actor_controller,pack_family_context
cfg_t07_l049_v2,0x3F,,0x3F,F3F-L004,4,CB:EC59,CB:EC83,CB:EC8A,4,0x3E,62,19,7,1,16,59 3e 13 07 01 10,a3 84 b4 08 59 3e 13 07 01 10,29,56,216,2,1,5,static_rom_reconstructable,static_event_tail_opcode59_actor_controller,pack_family_context
cfg_t07_l049_v2,0x3F,,0x3F,F3F-L005,5,CB:EC94,CB:ECB0,CB:ECB7,4,0x42,66,23,7,3,16,59 42 17 07 03 10,a3 84 b4 08 59 42 17 07 03 10,29,3,9,3,1,5,static_rom_reconstructable,static_event_tail_opcode59_actor_controller,pack_family_context
cfg_t07_l049_v2,0x3F,,0x3F,F3F-L006,6,CB:ECC1,CB:EF26,CB:EF2D,21,0x0D,13,19,6,1,16,59 0d 13 06 01 10,a3 89 17 08 0d e1 e7 a3 8b e1 a3 8a e1 e8 e7 b3 0c 3d 28 b3 08 59 0d 13 06 01 10,8,21,52,2,1,5,static_rom_reconstructable,static_event_tail_opcode59_actor_controller,pack_family_context
cfg_t07_l051_v2,0x40,,0x40,F40-L001,1,CB:EFB6,CB:EFC6,CB:EFCD,0,0x59,89,10,4,2,16,59 59 0a 04 02 10,59 59 0a 04 02 10,29,5,17,3,1,5,static_rom_reconstructable,static_event_head_opcode59_actor_controller,pack_family_context
cfg_t07_l051_v2,0x40,,0x40,F40-L002,2,CB:EFD3,CB:EFE3,CB:EFEA,0,0x42,66,5,4,2,16,59 42 05 04 02 10,59 42 05 04 02 10,29,3,9,3,1,5,static_rom_reconstructable,static_event_head_opcode59_actor_controller,pack_family_context
cfg_t07_l050_v2,0x41,,0x41,F41-L001,1,CB:F150,CB:F154,CB:F15B,7,0x5B,91,3,8,4,16,59 5b 03 08 04 10,a0 66 f4 cb b6 b3 08 59 5b 03 08 04 10,30,8,29,3,1,5,static_rom_reconstructable,static_event_tail_opcode59_actor_controller,pack_family_context
cfg_t07_l050_v2,0x41,,0x41,F41-L002,2,CB:F168,CB:F16C,CB:F173,7,0x5B,91,3,10,4,16,59 5b 03 0a 04 10,a0 66 f4 cb b6 b3 08 59 5b 03 0a 04 10,30,8,29,3,1,5,static_rom_reconstructable,static_event_tail_opcode59_actor_controller,pack_family_context
cfg_t07_l050_v2,0x41,,0x41,F41-L003,3,CB:F180,CB:F184,CB:F18B,7,0x5B,91,7,8,4,16,59 5b 07 08 04 10,a0 66 f4 cb b6 b3 08 59 5b 07 08 04 10,30,8,29,3,1,5,static_rom_reconstructable,static_event_tail_opcode59_actor_controller,pack_family_context
cfg_t07_l050_v2,0x41,,0x41,F41-L004,4,CB:F198,CB:F19C,CB:F1A3,7,0x28,40,7,10,4,16,59 28 07 0a 04 10,a0 66 f4 cb b6 b3 08 59 28 07 0a 04 10,30,9,33,3,1,5,static_rom_reconstructable,static_event_tail_opcode59_actor_controller,pack_family_context
cfg_t07_l050_v2,0x41,,0x41,F41-L005,5,CB:F1B0,CB:F1B7,CB:F1BE,7,0x45,69,5,3,2,16,59 45 05 03 02 10,a0 66 f4 cb b6 b3 08 59 45 05 03 02 10,30,14,53,3,1,5,static_rom_reconstructable,static_event_tail_opcode59_actor_controller,pack_family_context
cfg_t07_l050_v2,0x41,,0x41,F41-L006,6,CB:F1CB,CB:F2B8,CB:F2BF,7,0x28,40,14,6,4,16,59 28 0e 06 04 10,a0 66 f4 cb b6 b3 08 59 28 0e 06 04 10,30,9,33,3,1,5,static_rom_reconstructable,static_event_tail_opcode59_actor_controller,pack_family_context
cfg_t07_l050_v2,0x41,,0x41,F41-L007,7,CB:F2CC,CB:F2D3,CB:F2DA,7,0x5B,91,14,8,4,16,59 5b 0e 08 04 10,a0 66 f4 cb b6 b3 08 59 5b 0e 08 04 10,30,8,29,3,1,5,static_rom_reconstructable,static_event_tail_opcode59_actor_controller,pack_family_context
cfg_t07_l050_v2,0x41,,0x41,F41-L008,8,CB:F2E7,CB:F2EB,CB:F2F2,7,0x5B,91,14,10,4,16,59 5b 0e 0a 04 10,a0 66 f4 cb b6 b3 08 59 5b 0e 0a 04 10,30,8,29,3,1,5,static_rom_reconstructable,static_event_tail_opcode59_actor_controller,pack_family_context
cfg_t07_l050_v2,0x41,,0x41,F41-L009,9,CB:F2FF,CB:F303,CB:F30A,7,0x5B,91,18,8,4,16,59 5b 12 08 04 10,a0 66 f4 cb b6 b3 08 59 5b 12 08 04 10,30,8,29,3,1,5,static_rom_reconstructable,static_event_tail_opcode59_actor_controller,pack_family_context
cfg_t07_l050_v2,0x41,,0x41,F41-L010,10,CB:F317,CB:F31B,CB:F322,7,0x5B,91,18,10,4,16,59 5b 12 0a 04 10,a0 66 f4 cb b6 b3 08 59 5b 12 0a 04 10,30,8,29,3,1,5,static_rom_reconstructable,static_event_tail_opcode59_actor_controller,pack_family_context
cfg_t07_l050_v2,0x41,,0x41,F41-L011,11,CB:F32F,CB:F333,CB:F33A,7,0x45,69,16,3,2,16,59 45 10 03 02 10,a0 66 f4 cb b6 b3 08 59 45 10 03 02 10,30,14,53,3,1,5,static_rom_reconstructable,static_event_tail_opcode59_actor_controller,pack_family_context
cfg_t07_l053_v2,0x43,,0x43,F43-L001,1,CB:F561,CB:F565,CB:F56C,0,0x42,66,5,2,4,16,59 42 05 02 04 10,59 42 05 02 04 10,29,3,9,3,1,5,static_rom_reconstructable,static_event_head_opcode59_actor_controller,pack_family_context
cfg_t07_l053_v2,0x43,,0x43,F43-L002,2,CB:F572,CB:F576,CB:F57D,0,0x41,65,7,3,2,16,59 41 07 03 02 10,59 41 07 03 02 10,29,6,21,3,1,5,static_rom_reconstructable,static_event_head_opcode59_actor_controller,pack_family_context
cfg_t07_l054_v2,0x44,,0x44,F44-L001,1,CB:F9B5,CB:F9B9,CB:F9C0,0,0x42,66,8,6,2,16,59 42 08 06 02 10,59 42 08 06 02 10,29,3,9,3,1,5,static_rom_reconstructable,static_event_head_opcode59_actor_controller,pack_family_context
cfg_t07_l054_v2,0x44,,0x44,F44-L002,2,CB:F9C6,CB:FA2F,CB:FA36,0,0x42,66,12,7,2,16,59 42 0c 07 02 10,59 42 0c 07 02 10,29,3,9,3,1,5,static_rom_reconstructable,static_event_head_opcode59_actor_controller,pack_family_context
cfg_t07_l054_v2,0x44,,0x44,F44-L003,3,CB:FA3C,CB:FA40,CB:FA47,0,0x41,65,9,6,2,16,59 41 09 06 02 10,59 41 09 06 02 10,29,6,21,3,1,5,static_rom_reconstructable,static_event_head_opcode59_actor_controller,pack_family_context
cfg_t07_l054_v2,0x44,,0x44,F44-L004,4,CB:FA4D,CB:FA51,CB:FA58,0,0x41,65,33,16,2,16,59 41 21 10 02 10,59 41 21 10 02 10,29,6,21,3,1,5,static_rom_reconstructable,static_event_head_opcode59_actor_controller,pack_family_context
cfg_t07_l054_v2,0x44,,0x44,F44-L005,5,CB:FA5E,CB:FA62,CB:FA69,0,0x43,67,17,16,2,16,59 43 11 10 02 10,59 43 11 10 02 10,30,11,41,3,1,5,static_rom_reconstructable,static_event_head_opcode59_actor_controller,pack_family_context
cfg_t07_l054_v2,0x44,,0x44,F44-L006,6,CB:FA6F,CB:FA73,CB:FA7A,0,0x40,64,19,16,2,16,59 40 13 10 02 10,59 40 13 10 02 10,29,2,5,3,1,5,static_rom_reconstructable,static_event_head_opcode59_actor_controller,pack_family_context
cfg_t07_l054_v2,0x44,,0x44,F44-L007,7,CB:FA80,CB:FA84,CB:FA8B,0,0x24,36,18,18,4,16,59 24 12 12 04 10,59 24 12 12 04 10,29,56,216,2,1,5,static_rom_reconstructable,static_event_head_opcode59_actor_controller,pack_family_context
cfg_t07_l054_v2,0x44,,0x44,F44-L008,8,CB:FA91,CB:FA95,CB:FA9C,0,0x5A,90,25,16,2,16,59 5a 19 10 02 10,59 5a 19 10 02 10,29,1,1,3,1,5,static_rom_reconstructable,static_event_head_opcode59_actor_controller,pack_family_context
cfg_t07_l054_v2,0x44,,0x44,F44-L009,9,CB:FAA2,CB:FAA6,CB:FAAD,0,0x40,64,25,18,4,16,59 40 19 12 04 10,59 40 19 12 04 10,29,2,5,3,1,5,static_rom_reconstructable,static_event_head_opcode59_actor_controller,pack_family_context
cfg_t07_l054_v2,0x44,,0x44,F44-L010,10,CB:FAB3,CB:FAB7,CB:FABE,7,0x0D,13,32,16,2,16,59 0d 20 10 02 10,a0 1a ce cb b6 b3 08 59 0d 20 10 02 10,8,21,52,2,1,5,static_rom_reconstructable,static_event_tail_opcode59_actor_controller,pack_family_context
cfg_t07_l054_v2,0x44,,0x44,F44-L011,11,CB:FACB,CB:FACF,CB:FAD6,0,0x59,89,32,18,4,16,59 59 20 12 04 10,59 59 20 12 04 10,29,5,17,3,1,5,static_rom_reconstructable,static_event_head_opcode59_actor_controller,pack_family_context
cfg_t07_l054_v2,0x44,,0x44,F44-L012,12,CB:FADC,CB:FAE0,CB:FAE7,0,0x3F,63,31,6,2,16,59 3f 1f 06 02 10,59 3f 1f 06 02 10,29,5,17,3,1,5,static_rom_reconstructable,static_event_head_opcode59_actor_controller,pack_family_context
cfg_t07_l054_v2,0x44,,0x44,F44-L013,13,CB:FAED,CB:FAF1,CB:FAF8,0,0x3E,62,31,8,4,16,59 3e 1f 08 04 10,59 3e 1f 08 04 10,29,56,216,2,1,5,static_rom_reconstructable,static_event_head_opcode59_actor_controller,pack_family_context
cfg_t07_l063_v2,0x47,,0x47,F47-L001,1,CB:FE8A,CB:FE8E,CB:FE95,0,0x29,41,11,3,2,16,59 29 0b 03 02 10,59 29 0b 03 02 10,44,22,69,7,1,5,static_rom_reconstructable,static_event_head_opcode59_actor_controller,pack_family_context
cfg_t07_l063_v2,0x47,,0x47,F47-L002,2,CB:FE9B,CB:FE9F,CB:FEA6,0,0x29,41,12,4,3,16,59 29 0c 04 03 10,59 29 0c 04 03 10,44,22,69,7,1,5,static_rom_reconstructable,static_event_head_opcode59_actor_controller,pack_family_context
cfg_t07_l063_v2,0x47,,0x47,F47-L003,3,CB:FEAC,CB:FEB0,CB:FEB7,10,0xA4,164,5,4,2,16,59 a4 05 04 02 10,d0 70 19 c0 ec a3 d7 e7 b3 08 59 a4 05 04 02 10,30,10,37,3,1,5,static_rom_reconstructable,static_event_tail_opcode59_actor_controller,pack_family_context
cfg_t33_l146_v1,0x48,,0x48,F48-L001,1,CC:005B,CC:005F,CC:0066,0,0x40,64,141,16,2,0,59 40 8d 10 02 00,59 40 8d 10 02 00,29,2,5,3,1,5,static_rom_reconstructable,static_event_head_opcode59_actor_controller,pack_family_context
cfg_t33_l146_v1,0x48,,0x48,F48-L002,2,CC:006C,CC:0070,CC:0077,0,0x5A,90,145,17,2,0,59 5a 91 11 02 00,59 5a 91 11 02 00,29,1,1,3,1,5,static_rom_reconstructable,static_event_head_opcode59_actor_controller,pack_family_context
cfg_t33_l146_v1,0x48,,0x48,F48-L003,3,CC:007D,CC:0081,CC:0088,0,0x5A,90,145,15,2,0,59 5a 91 0f 02 00,59 5a 91 0f 02 00,29,1,1,3,1,5,static_rom_reconstructable,static_event_head_opcode59_actor_controller,pack_family_context
cfg_t33_l146_v1,0x48,,0x48,F48-L004,4,CC:008E,CC:0092,CC:0099,0,0x3F,63,141,14,2,65,59 3f 8d 0e 02 41,59 3f 8d 0e 02 41,29,5,17,3,1,5,static_rom_reconstructable,static_event_head_opcode59_actor_controller,pack_family_context
cfg_t33_l146_v1,0x48,,0x48,F48-L005,5,CC:009F,CC:00A3,CC:00AA,0,0x24,36,145,13,2,0,59 24 91 0d 02 00,59 24 91 0d 02 00,29,56,216,2,1,5,static_rom_reconstructable,static_event_head_opcode59_actor_controller,pack_family_context
cfg_t33_l146_v1,0x48,,0x48,F48-L006,6,CC:00B0,CC:0192,CC:0199,0,0x17,23,142,6,2,0,59 17 8e 06 02 00,59 17 8e 06 02 00,25,10,25,5,1,5,static_rom_reconstructable,static_event_head_opcode59_actor_controller,pack_family_context
cfg_t33_l146_v1,0x48,,0x48,F48-L007,7,CC:019F,CC:01A3,CC:01AA,0,0x17,23,143,5,2,0,59 17 8f 05 02 00,59 17 8f 05 02 00,25,10,25,5,1,5,static_rom_reconstructable,static_event_head_opcode59_actor_controller,pack_family_context
cfg_t33_l146_v1,0x48,,0x48,F48-L008,8,CC:01B0,CC:01B4,CC:01BB,0,0x17,23,144,6,2,0,59 17 90 06 02 00,59 17 90 06 02 00,25,10,25,5,1,5,static_rom_reconstructable,static_event_head_opcode59_actor_controller,pack_family_context
cfg_t07_l033_v2,0x4F,,0x4F,F4F-L001,1,CC:1BC1,CC:1BC5,CC:1BCC,6,0x3C,60,5,3,2,16,59 3c 05 03 02 10,08 b9 13 03 b3 08 59 3c 05 03 02 10,34,34,133,3,1,5,static_rom_reconstructable,static_event_tail_opcode59_actor_controller,pack_family_context
cfg_t04_l008_v2,0x50,,0x50,F50-L001,1,CC:1D0B,CC:1D0F,CC:1D16,0,0x40,64,23,30,2,0,59 40 17 1e 02 00,59 40 17 1e 02 00,29,2,5,3,1,5,static_rom_reconstructable,static_event_head_opcode59_actor_controller,pack_family_context
cfg_t04_l008_v2,0x50,,0x50,F50-L002,2,CC:1D1C,CC:1D2D,CC:1D34,0,0x24,36,24,36,2,0,59 24 18 24 02 00,59 24 18 24 02 00,29,56,216,2,1,5,static_rom_reconstructable,static_event_head_opcode59_actor_controller,pack_family_context
cfg_t04_l008_v2,0x50,,0x50,F50-L003,3,CC:1D3A,CC:1D4B,CC:1D52,0,0x59,89,18,42,2,0,59 59 12 2a 02 00,59 59 12 2a 02 00,29,5,17,3,1,5,static_rom_reconstructable,static_event_head_opcode59_actor_controller,pack_family_context
cfg_t04_l008_v2,0x50,,0x50,F50-L004,4,CC:1D58,CC:1D69,CC:1D70,0,0x59,89,25,45,2,0,59 59 19 2d 02 00,59 59 19 2d 02 00,29,5,17,3,1,5,static_rom_reconstructable,static_event_head_opcode59_actor_controller,pack_family_context
cfg_t04_l008_v2,0x50,,0x50,F50-L005,5,CC:1D76,CC:1D8F,CC:1D96,0,0x5A,90,45,41,2,0,59 5a 2d 29 02 00,59 5a 2d 29 02 00,29,1,1,3,1,5,static_rom_reconstructable,static_event_head_opcode59_actor_controller,pack_family_context
cfg_t04_l008_v2,0x50,,0x50,F50-L006,6,CC:1D9C,CC:1DAD,CC:1DB4,0,0x40,64,36,48,2,0,59 40 24 30 02 00,59 40 24 30 02 00,29,2,5,3,1,5,static_rom_reconstructable,static_event_head_opcode59_actor_controller,pack_family_context
cfg_t04_l008_v2,0x50,,0x50,F50-L007,7,CC:1DBA,CC:1DD3,CC:1DDA,0,0x27,39,47,49,2,0,59 27 2f 31 02 00,59 27 2f 31 02 00,29,4,13,3,1,5,static_rom_reconstructable,static_event_head_opcode59_actor_controller,pack_family_context
cfg_t04_l008_v2,0x50,,0x50,F50-L008,8,CC:1DE0,CC:1DF1,CC:1DF8,0,0x25,37,11,34,2,80,59 25 0b 22 02 50,59 25 0b 22 02 50,33,27,105,3,1,5,static_rom_reconstructable,static_event_head_opcode59_actor_controller,pack_family_context
cfg_t04_l008_v2,0x50,,0x50,F50-L009,9,CC:1DFE,CC:1E02,CC:1E09,0,0x5B,91,57,41,2,16,59 5b 39 29 02 10,59 5b 39 29 02 10,30,8,29,3,1,5,static_rom_reconstructable,static_event_head_opcode59_actor_controller,pack_family_context
cfg_t04_l008_v2,0x50,,0x50,F50-L010,10,CC:1E0F,CC:1E13,CC:1E1A,15,0x13,19,22,19,2,16,59 13 16 13 02 10,3d 13 13 3d 15 13 e1 e7 17 07 13 e1 e7 b3 08 59 13 16 13 02 10,22,51,190,2,1,5,static_rom_reconstructable,static_event_tail_opcode59_actor_controller,pack_family_context
cfg_t07_l009_v2,0x51,,0x51,F51-L001,1,CC:1F66,CC:1F6A,CC:1F71,4,0x5A,90,4,4,2,16,59 5a 04 04 02 10,2d 50 b3 08 59 5a 04 04 02 10,29,1,1,3,1,5,static_rom_reconstructable,static_event_tail_opcode59_actor_controller,pack_family_context
cfg_t07_l009_v2,0x51,,0x51,F51-L002,2,CC:1F7B,CC:1F7F,CC:1F86,4,0x59,89,7,5,2,16,59 59 07 05 02 10,2d 6a b3 08 59 59 07 05 02 10,29,5,17,3,1,5,static_rom_reconstructable,static_event_tail_opcode59_actor_controller,pack_family_context
cfg_t07_l009_v2,0x51,,0x51,F51-L003,3,CC:1F90,CC:1FB2,CC:1FB9,4,0x5B,91,7,5,2,16,59 5b 07 05 02 10,2d 6a b3 08 59 5b 07 05 02 10,30,8,29,3,1,5,static_rom_reconstructable,static_event_tail_opcode59_actor_controller,pack_family_context
cfg_t07_l009_v2,0x51,,0x51,F51-L004,4,CC:1FC3,CC:1FE0,CC:1FE7,4,0x3E,62,7,5,2,16,59 3e 07 05 02 10,2d 67 b3 08 59 3e 07 05 02 10,29,56,216,2,1,5,static_rom_reconstructable,static_event_tail_opcode59_actor_controller,pack_family_context
cfg_t07_l009_v2,0x51,,0x51,F51-L005,5,CC:1FF1,CC:1FF5,CC:1FFC,11,0x24,36,7,5,2,16,59 24 07 05 02 10,2d 6b a3 73 e1 a3 70 e8 e7 b3 08 59 24 07 05 02 10,29,56,216,2,1,5,static_rom_reconstructable,static_event_tail_opcode59_actor_controller,pack_family_context
cfg_t07_l009_v2,0x51,,0x51,F51-L006,6,CC:200D,CC:2019,CC:2020,11,0x3F,63,8,5,2,0,59 3f 08 05 02 00,2d 6b a3 73 e1 a3 70 e8 e7 b3 08 59 3f 08 05 02 00,29,5,17,3,1,5,static_rom_reconstructable,static_event_tail_opcode59_actor_controller,pack_family_context
cfg_t07_l009_v2,0x51,,0x51,F51-L007,7,CC:2031,CC:2057,CC:205E,4,0x24,36,7,5,2,16,59 24 07 05 02 10,2d 6e b3 08 59 24 07 05 02 10,29,56,216,2,1,5,static_rom_reconstructable,static_event_tail_opcode59_actor_controller,pack_family_context
cfg_t07_l009_v2,0x51,,0x51,F51-L008,8,CC:2068,CC:206C,CC:2073,4,0x59,89,8,5,2,0,59 59 08 05 02 00,2d 6e b3 08 59 59 08 05 02 00,29,5,17,3,1,5,static_rom_reconstructable,static_event_tail_opcode59_actor_controller,pack_family_context
cfg_t07_l009_v2,0x51,,0x51,F51-L009,9,CC:207D,CC:2081,CC:2088,4,0x40,64,7,5,2,16,59 40 07 05 02 10,2d 65 b3 08 59 40 07 05 02 10,29,2,5,3,1,5,static_rom_reconstructable,static_event_tail_opcode59_actor_controller,pack_family_context
cfg_t07_l009_v2,0x51,,0x51,F51-L010,10,CC:2092,CC:20BB,CC:20C2,4,0x59,89,8,5,2,16,59 59 08 05 02 10,2d 65 b3 08 59 59 08 05 02 10,29,5,17,3,1,5,static_rom_reconstructable,static_event_tail_opcode59_actor_controller,pack_family_context
cfg_t07_l009_v2,0x51,,0x51,F51-L011,11,CC:20CC,CC:20D8,CC:20DF,4,0x5A,90,8,5,2,16,59 5a 08 05 02 10,2d 70 b3 08 59 5a 08 05 02 10,29,1,1,3,1,5,static_rom_reconstructable,static_event_tail_opcode59_actor_controller,pack_family_context
cfg_t07_l010_v2,0x52,,0x52,F52-L001,1,CC:21F7,CC:2213,CC:221A,4,0x3D,61,7,5,2,16,59 3d 07 05 02 10,2d 67 b3 08 59 3d 07 05 02 10,29,7,25,3,1,5,static_rom_reconstructable,static_event_tail_opcode59_actor_controller,pack_family_context
cfg_t07_l010_v2,0x52,,0x52,F52-L002,2,CC:2224,CC:2228,CC:222F,4,0x27,39,7,5,2,16,59 27 07 05 02 10,2d 6e b3 08 59 27 07 05 02 10,29,4,13,3,1,5,static_rom_reconstructable,static_event_tail_opcode59_actor_controller,pack_family_context
cfg_t07_l010_v2,0x52,,0x52,F52-L003,3,CC:2239,CC:2264,CC:226B,4,0x5B,91,8,5,2,0,59 5b 08 05 02 00,2d 6e b3 08 59 5b 08 05 02 00,30,8,29,3,1,5,static_rom_reconstructable,static_event_tail_opcode59_actor_controller,pack_family_context
cfg_t07_l010_v2,0x52,,0x52,F52-L004,4,CC:2275,CC:2281,CC:2288,8,0x24,36,7,4,2,16,59 24 07 04 02 10,2d 65 a3 7e e1 e7 b3 08 59 24 07 04 02 10,29,56,216,2,1,5,static_rom_reconstructable,static_event_tail_opcode59_actor_controller,pack_family_context
cfg_t07_l010_v2,0x52,,0x52,F52-L005,5,CC:2296,CC:22B5,CC:22BC,4,0x40,64,8,5,2,16,59 40 08 05 02 10,2d 65 b3 08 59 40 08 05 02 10,29,2,5,3,1,5,static_rom_reconstructable,static_event_tail_opcode59_actor_controller,pack_family_context
cfg_t07_l010_v2,0x52,,0x52,F52-L006,6,CC:22C6,CC:22D2,CC:22D9,7,0x23,35,7,5,2,16,59 23 07 05 02 10,2d 83 a3 b9 e7 b3 08 59 23 07 05 02 10,29,7,25,3,1,5,static_rom_reconstructable,static_event_tail_opcode59_actor_controller,pack_family_context
cfg_t07_l010_v2,0x52,,0x52,F52-L007,7,CC:22E6,CC:22F2,CC:22F9,7,0x28,40,8,5,2,16,59 28 08 05 02 10,2d 83 a3 b9 e7 b3 08 59 28 08 05 02 10,30,9,33,3,1,5,static_rom_reconstructable,static_event_tail_opcode59_actor_controller,pack_family_context
cfg_t07_l010_v2,0x52,,0x52,F52-L008,8,CC:2306,CC:2312,CC:2319,7,0x30,48,3,7,2,16,59 30 03 07 02 10,2d 83 a3 bd e7 b3 08 59 30 03 07 02 10,31,21,81,3,1,5,static_rom_reconstructable,static_event_tail_opcode59_actor_controller,pack_family_context
cfg_t07_l010_v2,0x52,,0x52,F52-L009,9,CC:2326,CC:232A,CC:2331,7,0x2F,47,10,8,2,16,59 2f 0a 08 02 10,2d 83 a3 bd e7 b3 08 59 2f 0a 08 02 10,31,22,85,3,1,5,static_rom_reconstructable,static_event_tail_opcode59_actor_controller,pack_family_context
cfg_t08_l094_v2,0x53,,0x53,F53-L001,1,CC:25F4,CC:2606,CC:260D,0,0x3A,58,20,18,2,16,59 3a 14 12 02 10,59 3a 14 12 02 10,33,25,97,3,1,5,static_rom_reconstructable,static_event_head_opcode59_actor_controller,pack_family_context
cfg_t08_l094_v2,0x53,,0x53,F53-L002,2,CC:2613,CC:2617,CC:261E,0,0x3A,58,18,24,2,16,59 3a 12 18 02 10,59 3a 12 18 02 10,33,25,97,3,1,5,static_rom_reconstructable,static_event_head_opcode59_actor_controller,pack_family_context
cfg_t08_l094_v2,0x53,,0x53,F53-L003,3,CC:2624,CC:2628,CC:262F,0,0x3A,58,21,24,2,16,59 3a 15 18 02 10,59 3a 15 18 02 10,33,25,97,3,1,5,static_rom_reconstructable,static_event_head_opcode59_actor_controller,pack_family_context
cfg_t08_l094_v2,0x53,,0x53,F53-L004,4,CC:2635,CC:2639,CC:2640,0,0x3A,58,8,18,2,16,59 3a 08 12 02 10,59 3a 08 12 02 10,33,25,97,3,1,5,static_rom_reconstructable,static_event_head_opcode59_actor_controller,pack_family_context
cfg_t08_l094_v2,0x53,,0x53,F53-L005,5,CC:2646,CC:264A,CC:2651,0,0x3A,58,9,22,2,16,59 3a 09 16 02 10,59 3a 09 16 02 10,33,25,97,3,1,5,static_rom_reconstructable,static_event_head_opcode59_actor_controller,pack_family_context
cfg_t08_l094_v2,0x53,,0x53,F53-L006,6,CC:2657,CC:265B,CC:2662,0,0x3A,58,11,26,2,16,59 3a 0b 1a 02 10,59 3a 0b 1a 02 10,33,25,97,3,1,5,static_rom_reconstructable,static_event_head_opcode59_actor_controller,pack_family_context
cfg_t08_l094_v2,0x53,,0x53,F53-L007,7,CC:2668,CC:266C,CC:2673,0,0x40,64,14,25,2,16,59 40 0e 19 02 10,59 40 0e 19 02 10,29,2,5,3,1,5,static_rom_reconstructable,static_event_head_opcode59_actor_controller,pack_family_context
cfg_t08_l094_v2,0x53,,0x53,F53-L008,8,CC:2679,CC:267D,CC:2684,0,0x43,67,12,17,2,16,59 43 0c 11 02 10,59 43 0c 11 02 10,30,11,41,3,1,5,static_rom_reconstructable,static_event_head_opcode59_actor_controller,pack_family_context
cfg_t08_l094_v2,0x53,,0x53,F53-L009,9,CC:268A,CC:268E,CC:2695,0,0x44,68,14,18,2,16,59 44 0e 12 02 10,59 44 0e 12 02 10,30,12,45,3,1,5,static_rom_reconstructable,static_event_head_opcode59_actor_controller,pack_family_context
cfg_t08_l094_v2,0x53,,0x53,F53-L010,10,CC:269B,CC:269F,CC:26A6,0,0x30,48,72,11,2,16,59 30 48 0b 02 10,59 30 48 0b 02 10,31,21,81,3,1,5,static_rom_reconstructable,static_event_head_opcode59_actor_controller,pack_family_context
cfg_t08_l094_v2,0x53,,0x53,F53-L011,11,CC:26AC,CC:26B0,CC:26B7,0,0x2F,47,35,4,2,16,59 2f 23 04 02 10,59 2f 23 04 02 10,31,22,85,3,1,5,static_rom_reconstructable,static_event_head_opcode59_actor_controller,pack_family_context
cfg_t08_l094_v2,0x53,,0x53,F53-L012,12,CC:26BD,CC:26C1,CC:26C8,0,0x2F,47,51,24,2,16,59 2f 33 18 02 10,59 2f 33 18 02 10,31,22,85,3,1,5,static_rom_reconstructable,static_event_head_opcode59_actor_controller,pack_family_context
cfg_t08_l094_v2,0x53,,0x53,F53-L013,13,CC:26CE,CC:26E0,CC:26E7,0,0x54,84,60,4,2,16,59 54 3c 04 02 10,59 54 3c 04 02 10,36,43,174,3,1,5,static_rom_reconstructable,static_event_head_opcode59_actor_controller,pack_family_context
cfg_t08_l094_v2,0x53,,0x53,F53-L014,14,CC:26ED,CC:26FE,CC:2705,0,0x3A,58,40,26,2,16,59 3a 28 1a 02 10,59 3a 28 1a 02 10,33,25,97,3,1,5,static_rom_reconstructable,static_event_head_opcode59_actor_controller,pack_family_context
cfg_t08_l094_v2,0x53,,0x53,F53-L015,15,CC:270B,CC:2729,CC:2730,0,0x43,67,56,21,2,16,59 43 38 15 02 10,59 43 38 15 02 10,30,11,41,3,1,5,static_rom_reconstructable,static_event_head_opcode59_actor_controller,pack_family_context
cfg_t08_l094_v2,0x53,,0x53,F53-L016,16,CC:2736,CC:273A,CC:2741,0,0x3A,58,55,27,2,16,59 3a 37 1b 02 10,59 3a 37 1b 02 10,33,25,97,3,1,5,static_rom_reconstructable,static_event_head_opcode59_actor_controller,pack_family_context
cfg_t08_l094_v2,0x53,,0x53,F53-L017,17,CC:2747,CC:275A,CC:2761,0,0x3A,58,37,20,2,16,59 3a 25 14 02 10,59 3a 25 14 02 10,33,25,97,3,1,5,static_rom_reconstructable,static_event_head_opcode59_actor_controller,pack_family_context
cfg_t08_l094_v2,0x53,,0x53,F53-L018,18,CC:2767,CC:2771,CC:2778,0,0x3A,58,52,5,2,16,59 3a 34 05 02 10,59 3a 34 05 02 10,33,25,97,3,1,5,static_rom_reconstructable,static_event_head_opcode59_actor_controller,pack_family_context
cfg_t04_l018_v2,0x5A,,0x5A,F5A-L001,1,CC:3352,CC:3356,CC:335D,0,0x2E,46,17,22,2,0,59 2e 11 16 02 00,59 2e 11 16 02 00,31,20,77,3,1,5,static_rom_reconstructable,static_event_head_opcode59_actor_controller,pack_family_context
cfg_t04_l018_v2,0x5A,,0x5A,F5A-L002,2,CC:3363,CC:3367,CC:336E,0,0x2E,46,25,27,2,0,59 2e 19 1b 02 00,59 2e 19 1b 02 00,31,20,77,3,1,5,static_rom_reconstructable,static_event_head_opcode59_actor_controller,pack_family_context
cfg_t04_l018_v2,0x5A,,0x5A,F5A-L003,3,CC:3374,CC:3380,CC:3387,0,0x2E,46,24,34,2,0,59 2e 18 22 02 00,59 2e 18 22 02 00,31,20,77,3,1,5,static_rom_reconstructable,static_event_head_opcode59_actor_controller,pack_family_context
cfg_t04_l018_v2,0x5A,,0x5A,F5A-L004,4,CC:338D,CC:3391,CC:3398,0,0x2E,46,32,19,2,0,59 2e 20 13 02 00,59 2e 20 13 02 00,31,20,77,3,1,5,static_rom_reconstructable,static_event_head_opcode59_actor_controller,pack_family_context
cfg_t04_l018_v2,0x5B,,0x5B,F5B-L001,1,CC:3475,CC:3489,CC:3490,0,0x2E,46,25,27,2,0,59 2e 19 1b 02 00,59 2e 19 1b 02 00,31,20,77,3,1,5,static_rom_reconstructable,static_event_head_opcode59_actor_controller,pack_family_context
cfg_t04_l018_v2,0x5B,,0x5B,F5B-L002,2,CC:3496,CC:34AA,CC:34B1,0,0x2E,46,24,34,2,0,59 2e 18 22 02 00,59 2e 18 22 02 00,31,20,77,3,1,5,static_rom_reconstructable,static_event_head_opcode59_actor_controller,pack_family_context
cfg_t04_l018_v2,0x5B,,0x5B,F5B-L003,3,CC:34B7,CC:34CB,CC:34D2,0,0x43,67,30,22,2,0,59 43 1e 16 02 00,59 43 1e 16 02 00,30,11,41,3,1,5,static_rom_reconstructable,static_event_head_opcode59_actor_controller,pack_family_context
cfg_t04_l018_v2,0x5B,,0x5B,F5B-L004,4,CC:34D8,CC:34DC,CC:34E3,0,0x27,39,33,19,2,0,59 27 21 13 02 00,59 27 21 13 02 00,29,4,13,3,1,5,static_rom_reconstructable,static_event_head_opcode59_actor_controller,pack_family_context
cfg_t04_l018_v2,0x5B,,0x5B,F5B-L005,5,CC:34E9,CC:350B,CC:3512,0,0x2E,46,20,19,2,0,59 2e 14 13 02 00,59 2e 14 13 02 00,31,20,77,3,1,5,static_rom_reconstructable,static_event_head_opcode59_actor_controller,pack_family_context
cfg_t04_l018_v2,0x5B,,0x5B,F5B-L006,6,CC:3518,CC:353E,CC:3545,0,0x2E,46,20,24,2,0,59 2e 14 18 02 00,59 2e 14 18 02 00,31,20,77,3,1,5,static_rom_reconstructable,static_event_head_opcode59_actor_controller,pack_family_context
cfg_t04_l019_v1,0x5C,,0x5C,F5C-L001,1,CC:3636,CC:363A,CC:3641,0,0x2E,46,25,27,2,0,59 2e 19 1b 02 00,59 2e 19 1b 02 00,31,20,77,3,1,5,static_rom_reconstructable,static_event_head_opcode59_actor_controller,pack_family_context
cfg_t04_l019_v1,0x5C,,0x5C,F5C-L002,2,CC:3647,CC:364B,CC:3652,0,0x2E,46,23,26,2,0,59 2e 17 1a 02 00,59 2e 17 1a 02 00,31,20,77,3,1,5,static_rom_reconstructable,static_event_head_opcode59_actor_controller,pack_family_context
cfg_t04_l019_v1,0x5C,,0x5C,F5C-L003,3,CC:3658,CC:365C,CC:3663,0,0x43,67,30,23,2,0,59 43 1e 17 02 00,59 43 1e 17 02 00,30,11,41,3,1,5,static_rom_reconstructable,static_event_head_opcode59_actor_controller,pack_family_context
cfg_t04_l019_v1,0x5C,,0x5C,F5C-L004,4,CC:3669,CC:366D,CC:3674,0,0x43,67,33,19,2,0,59 43 21 13 02 00,59 43 21 13 02 00,30,11,41,3,1,5,static_rom_reconstructable,static_event_head_opcode59_actor_controller,pack_family_context
cfg_t04_l019_v1,0x5C,,0x5C,F5C-L005,5,CC:367A,CC:368C,CC:3693,0,0x2E,46,20,19,2,0,59 2e 14 13 02 00,59 2e 14 13 02 00,31,20,77,3,1,5,static_rom_reconstructable,static_event_head_opcode59_actor_controller,pack_family_context
cfg_t04_l019_v1,0x5C,,0x5C,F5C-L006,6,CC:3699,CC:369D,CC:36A4,0,0x2E,46,20,24,2,0,59 2e 14 18 02 00,59 2e 14 18 02 00,31,20,77,3,1,5,static_rom_reconstructable,static_event_head_opcode59_actor_controller,pack_family_context
cfg_t04_l018_v2,0x5D,,0x5D,F5D-L001,1,CC:3772,CC:3776,CC:377D,0,0x2E,46,19,19,2,0,59 2e 13 13 02 00,59 2e 13 13 02 00,31,20,77,3,1,5,static_rom_reconstructable,static_event_head_opcode59_actor_controller,pack_family_context
cfg_t04_l018_v2,0x5D,,0x5D,F5D-L002,2,CC:3783,CC:3787,CC:378E,0,0x2E,46,20,24,2,0,59 2e 14 18 02 00,59 2e 14 18 02 00,31,20,77,3,1,5,static_rom_reconstructable,static_event_head_opcode59_actor_controller,pack_family_context
cfg_t04_l018_v2,0x5D,,0x5D,F5D-L003,3,CC:3794,CC:3798,CC:379F,0,0x43,67,23,26,2,0,59 43 17 1a 02 00,59 43 17 1a 02 00,30,11,41,3,1,5,static_rom_reconstructable,static_event_head_opcode59_actor_controller,pack_family_context
cfg_t04_l018_v2,0x5D,,0x5D,F5D-L004,4,CC:37A5,CC:37A9,CC:37B0,0,0x43,67,25,32,2,0,59 43 19 20 02 00,59 43 19 20 02 00,30,11,41,3,1,5,static_rom_reconstructable,static_event_head_opcode59_actor_controller,pack_family_context
cfg_t04_l018_v2,0x5D,,0x5D,F5D-L005,5,CC:37B6,CC:37C8,CC:37CF,0,0x2E,46,31,24,2,0,59 2e 1f 18 02 00,59 2e 1f 18 02 00,31,20,77,3,1,5,static_rom_reconstructable,static_event_head_opcode59_actor_controller,pack_family_context
cfg_t04_l018_v2,0x5D,,0x5D,F5D-L006,6,CC:37D5,CC:37D9,CC:37E0,0,0x2E,46,33,17,2,0,59 2e 21 11 02 00,59 2e 21 11 02 00,31,20,77,3,1,5,static_rom_reconstructable,static_event_head_opcode59_actor_controller,pack_family_context
cfg_t04_l018_v2,0x5E,,0x5E,F5E-L001,1,CC:38AE,CC:38B2,CC:38B9,0,0x2E,46,29,19,2,0,59 2e 1d 13 02 00,59 2e 1d 13 02 00,31,20,77,3,1,5,static_rom_reconstructable,static_event_head_opcode59_actor_controller,pack_family_context
cfg_t04_l018_v2,0x5E,,0x5E,F5E-L002,2,CC:38BF,CC:38C3,CC:38CA,0,0x2E,46,31,24,2,0,59 2e 1f 18 02 00,59 2e 1f 18 02 00,31,20,77,3,1,5,static_rom_reconstructable,static_event_head_opcode59_actor_controller,pack_family_context
cfg_t04_l018_v2,0x5E,,0x5E,F5E-L003,3,CC:38D0,CC:38D4,CC:38DB,0,0x43,67,23,25,2,0,59 43 17 19 02 00,59 43 17 19 02 00,30,11,41,3,1,5,static_rom_reconstructable,static_event_head_opcode59_actor_controller,pack_family_context
cfg_t04_l018_v2,0x5E,,0x5E,F5E-L004,4,CC:38E1,CC:38E5,CC:38EC,0,0x43,67,25,29,2,0,59 43 19 1d 02 00,59 43 19 1d 02 00,30,11,41,3,1,5,static_rom_reconstructable,static_event_head_opcode59_actor_controller,pack_family_context
cfg_t04_l018_v2,0x5E,,0x5E,F5E-L005,5,CC:38F2,CC:3904,CC:390B,0,0x2E,46,19,24,2,0,59 2e 13 18 02 00,59 2e 13 18 02 00,31,20,77,3,1,5,static_rom_reconstructable,static_event_head_opcode59_actor_controller,pack_family_context
cfg_t04_l018_v2,0x5E,,0x5E,F5E-L006,6,CC:3911,CC:3915,CC:391C,0,0x2E,46,21,20,2,0,59 2e 15 14 02 00,59 2e 15 14 02 00,31,20,77,3,1,5,static_rom_reconstructable,static_event_head_opcode59_actor_controller,pack_family_context
cfg_t06_l021_v2,0x5F,,0x5F,F5F-L001,1,CC:39F6,CC:3A0A,CC:3A11,0,0x2E,46,20,20,2,0,59 2e 14 14 02 00,59 2e 14 14 02 00,31,20,77,3,1,5,static_rom_reconstructable,static_event_head_opcode59_actor_controller,pack_family_context
cfg_t06_l021_v2,0x5F,,0x5F,F5F-L002,2,CC:3A17,CC:3A2B,CC:3A32,0,0x2E,46,23,26,2,0,59 2e 17 1a 02 00,59 2e 17 1a 02 00,31,20,77,3,1,5,static_rom_reconstructable,static_event_head_opcode59_actor_controller,pack_family_context
cfg_t06_l021_v2,0x5F,,0x5F,F5F-L003,3,CC:3A38,CC:3A4C,CC:3A53,0,0x43,67,26,32,2,0,59 43 1a 20 02 00,59 43 1a 20 02 00,30,11,41,3,1,5,static_rom_reconstructable,static_event_head_opcode59_actor_controller,pack_family_context
cfg_t06_l021_v2,0x5F,,0x5F,F5F-L004,4,CC:3A59,CC:3A6D,CC:3A74,0,0x43,67,31,23,2,0,59 43 1f 17 02 00,59 43 1f 17 02 00,30,11,41,3,1,5,static_rom_reconstructable,static_event_head_opcode59_actor_controller,pack_family_context
cfg_t06_l021_v2,0x5F,,0x5F,F5F-L005,5,CC:3A7A,CC:3A8E,CC:3A95,0,0x2E,46,30,19,2,0,59 2e 1e 13 02 00,59 2e 1e 13 02 00,31,20,77,3,1,5,static_rom_reconstructable,static_event_head_opcode59_actor_controller,pack_family_context
cfg_t06_l021_v2,0x5F,,0x5F,F5F-L006,6,CC:3A9B,CC:3AAF,CC:3AB6,0,0x2E,46,22,27,2,0,59 2e 16 1b 02 00,59 2e 16 1b 02 00,31,20,77,3,1,5,static_rom_reconstructable,static_event_head_opcode59_actor_controller,pack_family_context
cfg_t06_l021_v2,0x5F,,0x5F,F5F-L007,7,CC:3ABC,CC:3AD0,CC:3AD7,4,0x40,64,18,22,2,0,59 40 12 16 02 00,a3 bd b3 08 59 40 12 16 02 00,29,2,5,3,1,5,static_rom_reconstructable,static_event_tail_opcode59_actor_controller,pack_family_context
cfg_t06_l021_v2,0x5F,,0x5F,F5F-L008,8,CC:3AE1,CC:3AEC,CC:3AF3,4,0x5A,90,26,23,2,0,59 5a 1a 17 02 00,a3 bd b3 08 59 5a 1a 17 02 00,29,1,1,3,1,5,static_rom_reconstructable,static_event_tail_opcode59_actor_controller,pack_family_context
cfg_t04_l034_v2,0x60,,0x60,F60-L001,1,CC:3C76,CC:3C82,CC:3C89,0,0x40,64,36,45,2,0,59 40 24 2d 02 00,59 40 24 2d 02 00,29,2,5,3,1,5,static_rom_reconstructable,static_event_head_opcode59_actor_controller,pack_family_context
cfg_t04_l035_v2,0x60,,0x60,F60-L001,1,CC:3C76,CC:3C82,CC:3C89,0,0x40,64,36,45,2,0,59 40 24 2d 02 00,59 40 24 2d 02 00,29,2,5,3,1,5,static_rom_reconstructable,static_event_head_opcode59_actor_controller,pack_family_context
cfg_t04_l034_v2,0x60,,0x60,F60-L002,2,CC:3C8F,CC:3C9B,CC:3CA2,0,0x40,64,46,21,2,0,59 40 2e 15 02 00,59 40 2e 15 02 00,29,2,5,3,1,5,static_rom_reconstructable,static_event_head_opcode59_actor_controller,pack_family_context
cfg_t04_l035_v2,0x60,,0x60,F60-L002,2,CC:3C8F,CC:3C9B,CC:3CA2,0,0x40,64,46,21,2,0,59 40 2e 15 02 00,59 40 2e 15 02 00,29,2,5,3,1,5,static_rom_reconstructable,static_event_head_opcode59_actor_controller,pack_family_context
cfg_t04_l034_v2,0x60,,0x60,F60-L003,3,CC:3CA8,CC:3CB4,CC:3CBB,4,0x24,36,47,45,2,0,59 24 2f 2d 02 00,a3 3e b4 08 59 24 2f 2d 02 00,29,56,216,2,1,5,static_rom_reconstructable,static_event_tail_opcode59_actor_controller,pack_family_context
cfg_t04_l035_v2,0x60,,0x60,F60-L003,3,CC:3CA8,CC:3CB4,CC:3CBB,4,0x24,36,47,45,2,0,59 24 2f 2d 02 00,a3 3e b4 08 59 24 2f 2d 02 00,29,56,216,2,1,5,static_rom_reconstructable,static_event_tail_opcode59_actor_controller,pack_family_context
cfg_t04_l034_v2,0x60,,0x60,F60-L004,4,CC:3CC5,CC:3CD1,CC:3CD8,0,0x5B,91,26,43,2,0,59 5b 1a 2b 02 00,59 5b 1a 2b 02 00,30,8,29,3,1,5,static_rom_reconstructable,static_event_head_opcode59_actor_controller,pack_family_context
cfg_t04_l035_v2,0x60,,0x60,F60-L004,4,CC:3CC5,CC:3CD1,CC:3CD8,0,0x5B,91,26,43,2,0,59 5b 1a 2b 02 00,59 5b 1a 2b 02 00,30,8,29,3,1,5,static_rom_reconstructable,static_event_head_opcode59_actor_controller,pack_family_context
cfg_t04_l034_v2,0x60,,0x60,F60-L005,5,CC:3CDE,CC:3CEA,CC:3CF1,4,0x59,89,30,26,2,0,59 59 1e 1a 02 00,a3 13 b4 08 59 59 1e 1a 02 00,29,5,17,3,1,5,static_rom_reconstructable,static_event_tail_opcode59_actor_controller,pack_family_context
cfg_t04_l035_v2,0x60,,0x60,F60-L005,5,CC:3CDE,CC:3CEA,CC:3CF1,4,0x59,89,30,26,2,0,59 59 1e 1a 02 00,a3 13 b4 08 59 59 1e 1a 02 00,29,5,17,3,1,5,static_rom_reconstructable,static_event_tail_opcode59_actor_controller,pack_family_context
cfg_t04_l034_v2,0x60,,0x60,F60-L006,6,CC:3CFB,CC:3D15,CC:3D1C,0,0x43,67,25,45,2,0,59 43 19 2d 02 00,59 43 19 2d 02 00,30,11,41,3,1,5,static_rom_reconstructable,static_event_head_opcode59_actor_controller,pack_family_context
cfg_t04_l035_v2,0x60,,0x60,F60-L006,6,CC:3CFB,CC:3D15,CC:3D1C,0,0x43,67,25,45,2,0,59 43 19 2d 02 00,59 43 19 2d 02 00,30,11,41,3,1,5,static_rom_reconstructable,static_event_head_opcode59_actor_controller,pack_family_context
cfg_t04_l034_v2,0x60,,0x60,F60-L007,7,CC:3D22,CC:3D2E,CC:3D35,0,0x23,35,23,23,2,0,59 23 17 17 02 00,59 23 17 17 02 00,29,7,25,3,1,5,static_rom_reconstructable,static_event_head_opcode59_actor_controller,pack_family_context
cfg_t04_l035_v2,0x60,,0x60,F60-L007,7,CC:3D22,CC:3D2E,CC:3D35,0,0x23,35,23,23,2,0,59 23 17 17 02 00,59 23 17 17 02 00,29,7,25,3,1,5,static_rom_reconstructable,static_event_head_opcode59_actor_controller,pack_family_context
cfg_t04_l034_v2,0x60,,0x60,F60-L008,8,CC:3D3B,CC:3D47,CC:3D4E,0,0x5A,90,34,20,2,0,59 5a 22 14 02 00,59 5a 22 14 02 00,29,1,1,3,1,5,static_rom_reconstructable,static_event_head_opcode59_actor_controller,pack_family_context
cfg_t04_l035_v2,0x60,,0x60,F60-L008,8,CC:3D3B,CC:3D47,CC:3D4E,0,0x5A,90,34,20,2,0,59 5a 22 14 02 00,59 5a 22 14 02 00,29,1,1,3,1,5,static_rom_reconstructable,static_event_head_opcode59_actor_controller,pack_family_context
cfg_t04_l034_v2,0x60,,0x60,F60-L009,9,CC:3D54,CC:3D60,CC:3D67,0,0x5A,90,43,26,2,0,59 5a 2b 1a 02 00,59 5a 2b 1a 02 00,29,1,1,3,1,5,static_rom_reconstructable,static_event_head_opcode59_actor_controller,pack_family_context
cfg_t04_l035_v2,0x60,,0x60,F60-L009,9,CC:3D54,CC:3D60,CC:3D67,0,0x5A,90,43,26,2,0,59 5a 2b 1a 02 00,59 5a 2b 1a 02 00,29,1,1,3,1,5,static_rom_reconstructable,static_event_head_opcode59_actor_controller,pack_family_context
cfg_t04_l034_v2,0x60,,0x60,F60-L010,10,CC:3D6D,CC:3EA8,CC:3EAF,4,0x30,48,48,34,2,0,59 30 30 22 02 00,a3 24 b3 08 59 30 30 22 02 00,31,21,81,3,1,5,static_rom_reconstructable,static_event_tail_opcode59_actor_controller,pack_family_context
cfg_t04_l035_v2,0x60,,0x60,F60-L010,10,CC:3D6D,CC:3EA8,CC:3EAF,4,0x30,48,48,34,2,0,59 30 30 22 02 00,a3 24 b3 08 59 30 30 22 02 00,31,21,81,3,1,5,static_rom_reconstructable,static_event_tail_opcode59_actor_controller,pack_family_context
cfg_t04_l034_v2,0x60,,0x60,F60-L011,11,CC:3EB9,CC:3EBD,CC:3EC4,4,0x2F,47,20,27,2,0,59 2f 14 1b 02 00,a3 24 b3 08 59 2f 14 1b 02 00,31,22,85,3,1,5,static_rom_reconstructable,static_event_tail_opcode59_actor_controller,pack_family_context
cfg_t04_l035_v2,0x60,,0x60,F60-L011,11,CC:3EB9,CC:3EBD,CC:3EC4,4,0x2F,47,20,27,2,0,59 2f 14 1b 02 00,a3 24 b3 08 59 2f 14 1b 02 00,31,22,85,3,1,5,static_rom_reconstructable,static_event_tail_opcode59_actor_controller,pack_family_context
cfg_t04_l034_v2,0x60,,0x60,F60-L012,12,CC:3ECE,CC:402F,CC:4036,22,0x17,23,38,15,2,16,59 17 26 0f 02 10,08 b9 13 03 b3 0a 59 17 14 0c 02 10 b2 10 a3 24 a3 29 e1 e7 b3 08 59 17 26 0f 02 10,25,10,25,5,1,5,static_rom_reconstructable,static_event_tail_opcode59_actor_controller,pack_family_context
cfg_t04_l035_v2,0x60,,0x60,F60-L012,12,CC:3ECE,CC:402F,CC:4036,22,0x17,23,38,15,2,16,59 17 26 0f 02 10,08 b9 13 03 b3 0a 59 17 14 0c 02 10 b2 10 a3 24 a3 29 e1 e7 b3 08 59 17 26 0f 02 10,25,10,25,5,1,5,static_rom_reconstructable,static_event_tail_opcode59_actor_controller,pack_family_context
cfg_t07_l009_v2,0x62,,0x62,F62-L001,1,CC:4295,CC:42A1,CC:42A8,4,0x23,35,7,5,2,16,59 23 07 05 02 10,2d 68 b3 08 59 23 07 05 02 10,29,7,25,3,1,5,static_rom_reconstructable,static_event_tail_opcode59_actor_controller,pack_family_context
cfg_t07_l009_v2,0x62,,0x62,F62-L002,2,CC:42B2,CC:42CC,CC:42D3,7,0x43,67,7,7,2,16,59 43 07 07 02 10,a3 3e 2d 68 e7 b3 08 59 43 07 07 02 10,30,11,41,3,1,5,static_rom_reconstructable,static_event_tail_opcode59_actor_controller,pack_family_context
cfg_t07_l009_v2,0x62,,0x62,F62-L003,3,CC:42E0,CC:42E4,CC:42EB,4,0x59,89,8,7,2,16,59 59 08 07 02 10,2d 68 b3 08 59 59 08 07 02 10,29,5,17,3,1,5,static_rom_reconstructable,static_event_tail_opcode59_actor_controller,pack_family_context
cfg_t07_l009_v2,0x62,,0x62,F62-L004,4,CC:42F5,CC:4301,CC:4308,4,0x5A,90,7,5,2,16,59 5a 07 05 02 10,2d 6a b3 08 59 5a 07 05 02 10,29,1,1,3,1,5,static_rom_reconstructable,static_event_tail_opcode59_actor_controller,pack_family_context
cfg_t07_l009_v2,0x62,,0x62,F62-L005,5,CC:4312,CC:4326,CC:432D,4,0x3E,62,7,5,2,16,59 3e 07 05 02 10,2d 65 b3 08 59 3e 07 05 02 10,29,56,216,2,1,5,static_rom_reconstructable,static_event_tail_opcode59_actor_controller,pack_family_context
cfg_t07_l009_v2,0x62,,0x62,F62-L006,6,CC:4337,CC:4343,CC:434A,4,0x23,35,7,5,2,16,59 23 07 05 02 10,2d 82 b3 08 59 23 07 05 02 10,29,7,25,3,1,5,static_rom_reconstructable,static_event_tail_opcode59_actor_controller,pack_family_context
cfg_t07_l009_v2,0x62,,0x62,F62-L007,7,CC:4354,CC:4368,CC:436F,8,0x5B,91,7,5,2,16,59 5b 07 05 02 10,2d 82 a3 ad e1 e7 b3 08 59 5b 07 05 02 10,30,8,29,3,1,5,static_rom_reconstructable,static_event_tail_opcode59_actor_controller,pack_family_context
cfg_t07_l010_v2,0x63,,0x63,F63-L001,1,CC:43DE,CC:43EA,CC:43F1,8,0x5B,91,7,5,2,16,59 5b 07 05 02 10,a3 3e e1 2d 68 e7 b3 08 59 5b 07 05 02 10,30,8,29,3,1,5,static_rom_reconstructable,static_event_tail_opcode59_actor_controller,pack_family_context
cfg_t07_l010_v2,0x63,,0x63,F63-L002,2,CC:43FF,CC:4403,CC:440A,4,0x24,36,7,7,2,16,59 24 07 07 02 10,2d 68 b3 08 59 24 07 07 02 10,29,56,216,2,1,5,static_rom_reconstructable,static_event_tail_opcode59_actor_controller,pack_family_context
cfg_t07_l010_v2,0x63,,0x63,F63-L003,3,CC:4414,CC:442A,CC:4431,8,0x59,89,8,3,2,16,59 59 08 03 02 10,2d 82 a3 ad e1 e7 b3 08 59 59 08 03 02 10,29,5,17,3,1,5,static_rom_reconstructable,static_event_tail_opcode59_actor_controller,pack_family_context
cfg_t07_l010_v2,0x63,,0x63,F63-L004,4,CC:443F,CC:4443,CC:444A,8,0x27,39,6,3,2,16,59 27 06 03 02 10,2d 82 a3 ad e1 e7 b3 08 59 27 06 03 02 10,29,4,13,3,1,5,static_rom_reconstructable,static_event_tail_opcode59_actor_controller,pack_family_context
cfg_t07_l010_v2,0x63,,0x63,F63-L005,5,CC:4458,CC:445C,CC:4463,4,0x5B,91,10,5,2,16,59 5b 0a 05 02 10,2d 82 b3 08 59 5b 0a 05 02 10,30,8,29,3,1,5,static_rom_reconstructable,static_event_tail_opcode59_actor_controller,pack_family_context
cfg_t07_l010_v2,0x63,,0x63,F63-L006,6,CC:446D,CC:4481,CC:4488,7,0x29,41,7,3,2,16,59 29 07 03 02 10,2d 82 a3 b2 e7 b3 08 59 29 07 03 02 10,44,22,69,7,1,5,static_rom_reconstructable,static_event_tail_opcode59_actor_controller,pack_family_context
cfg_t07_l010_v2,0x63,,0x63,F63-L007,7,CC:4495,CC:4499,CC:44A0,4,0x23,35,5,4,2,16,59 23 05 04 02 10,2d 82 b3 08 59 23 05 04 02 10,29,7,25,3,1,5,static_rom_reconstructable,static_event_tail_opcode59_actor_controller,pack_family_context
cfg_t04_l044_v2,0x65,,0x65,F65-L001,1,CC:4674,CC:4680,CC:4687,0,0x40,64,18,34,2,0,59 40 12 22 02 00,59 40 12 22 02 00,29,2,5,3,1,5,static_rom_reconstructable,static_event_head_opcode59_actor_controller,pack_family_context
cfg_t04_l044_v2,0x65,,0x65,F65-L002,2,CC:468D,CC:46BD,CC:46C4,0,0x5A,90,25,35,2,0,59 5a 19 23 02 00,59 5a 19 23 02 00,29,1,1,3,1,5,static_rom_reconstructable,static_event_head_opcode59_actor_controller,pack_family_context
cfg_t04_l044_v2,0x65,,0x65,F65-L003,3,CC:46CA,CC:46D6,CC:46DD,0,0x59,89,47,40,2,0,59 59 2f 28 02 00,59 59 2f 28 02 00,29,5,17,3,1,5,static_rom_reconstructable,static_event_head_opcode59_actor_controller,pack_family_context
cfg_t04_l044_v2,0x65,,0x65,F65-L004,4,CC:46E3,CC:46EF,CC:46F6,4,0x40,64,45,40,2,0,59 40 2d 28 02 00,2d 65 b3 08 59 40 2d 28 02 00,29,2,5,3,1,5,static_rom_reconstructable,static_event_tail_opcode59_actor_controller,pack_family_context
cfg_t04_l044_v2,0x65,,0x65,F65-L005,5,CC:4700,CC:470C,CC:4713,0,0x5A,90,29,40,2,0,59 5a 1d 28 02 00,59 5a 1d 28 02 00,29,1,1,3,1,5,static_rom_reconstructable,static_event_head_opcode59_actor_controller,pack_family_context
cfg_t04_l044_v2,0x65,,0x65,F65-L006,6,CC:4719,CC:4733,CC:473A,4,0x32,50,58,40,2,16,59 32 3a 28 02 10,a3 7c b3 08 59 32 3a 28 02 10,32,51,208,3,1,5,static_rom_reconstructable,static_event_tail_opcode59_actor_controller,pack_family_context
cfg_t04_l044_v2,0x65,,0x65,F65-L007,7,CC:4744,CC:4748,CC:474F,4,0x32,50,48,31,2,16,59 32 30 1f 02 10,a3 7c b3 08 59 32 30 1f 02 10,32,51,208,3,1,5,static_rom_reconstructable,static_event_tail_opcode59_actor_controller,pack_family_context
cfg_t04_l044_v2,0x65,,0x65,F65-L008,8,CC:4759,CC:475D,CC:4764,4,0x32,50,55,31,2,16,59 32 37 1f 02 10,a3 7c b3 08 59 32 37 1f 02 10,32,51,208,3,1,5,static_rom_reconstructable,static_event_tail_opcode59_actor_controller,pack_family_context
cfg_t04_l044_v2,0x65,,0x65,F65-L009,9,CC:476E,CC:4772,CC:4779,9,0x0A,10,36,28,2,16,59 0a 24 1c 02 10,a3 7c 17 07 0a e1 e7 b3 08 59 0a 24 1c 02 10,20,47,172,2,1,5,static_rom_reconstructable,static_event_tail_opcode59_actor_controller,pack_family_context
cfg_t04_l044_v2,0x65,,0x65,F65-L010,10,CC:4788,CC:478C,CC:4793,4,0x43,67,58,46,2,0,59 43 3a 2e 02 00,a3 7c b3 08 59 43 3a 2e 02 00,30,11,41,3,1,5,static_rom_reconstructable,static_event_tail_opcode59_actor_controller,pack_family_context
cfg_t07_l064_v2,0x66,,0x66,F66-L001,1,CC:48A3,CC:48B2,CC:48B9,12,0x40,64,16,8,4,16,59 40 10 08 04 10,a3 7c b4 0a 59 59 10 08 04 10 b2 08 59 40 10 08 04 10,29,2,5,3,1,5,static_rom_reconstructable,static_event_tail_opcode59_actor_controller,pack_family_context
cfg_t07_l064_v2,0x66,,0x66,F66-L002,2,CC:48CB,CC:48DA,CC:48E1,12,0x5B,91,18,10,4,16,59 5b 12 0a 04 10,a3 7c b4 0a 59 5a 12 0a 04 10 b2 08 59 5b 12 0a 04 10,30,8,29,3,1,5,static_rom_reconstructable,static_event_tail_opcode59_actor_controller,pack_family_context
cfg_t07_l064_v2,0x66,,0x66,F66-L003,3,CC:48F3,CC:4902,CC:4909,12,0x28,40,15,11,4,16,59 28 0f 0b 04 10,a3 7c b4 0a 59 3e 0f 0b 04 10 b2 08 59 28 0f 0b 04 10,30,9,33,3,1,5,static_rom_reconstructable,static_event_tail_opcode59_actor_controller,pack_family_context
cfg_t07_l064_v2,0x66,,0x66,F66-L004,4,CC:491B,CC:492A,CC:4931,12,0x23,35,16,12,4,16,59 23 10 0c 04 10,a3 7c b4 0a 59 5b 10 0c 04 10 b2 08 59 23 10 0c 04 10,29,7,25,3,1,5,static_rom_reconstructable,static_event_tail_opcode59_actor_controller,pack_family_context
cfg_t07_l064_v2,0x66,,0x66,F66-L005,5,CC:4943,CC:4952,CC:4959,12,0x5A,90,13,13,4,16,59 5a 0d 0d 04 10,a3 7c b4 0a 59 3f 0d 0d 04 10 b2 08 59 5a 0d 0d 04 10,29,1,1,3,1,5,static_rom_reconstructable,static_event_tail_opcode59_actor_controller,pack_family_context
cfg_t07_l064_v2,0x66,,0x66,F66-L006,6,CC:496B,CC:497A,CC:4981,4,0x32,50,12,3,2,16,59 32 0c 03 02 10,a3 7c b4 08 59 32 0c 03 02 10,32,51,208,3,1,5,static_rom_reconstructable,static_event_tail_opcode59_actor_controller,pack_family_context
cfg_t07_l064_v2,0x66,,0x66,F66-L007,7,CC:498B,CC:498F,CC:4996,4,0x32,50,14,3,2,16,59 32 0e 03 02 10,a3 7c b4 08 59 32 0e 03 02 10,32,51,208,3,1,5,static_rom_reconstructable,static_event_tail_opcode59_actor_controller,pack_family_context
cfg_t07_l064_v2,0x66,,0x66,F66-L008,8,CC:49A0,CC:49A4,CC:49AB,4,0x32,50,16,3,2,16,59 32 10 03 02 10,a3 7c b4 08 59 32 10 03 02 10,32,51,208,3,1,5,static_rom_reconstructable,static_event_tail_opcode59_actor_controller,pack_family_context
cfg_t07_l064_v2,0x66,,0x66,F66-L009,9,CC:49B5,CC:49B9,CC:49C0,4,0x32,50,18,3,2,16,59 32 12 03 02 10,a3 7c b4 08 59 32 12 03 02 10,32,51,208,3,1,5,static_rom_reconstructable,static_event_tail_opcode59_actor_controller,pack_family_context
cfg_t07_l064_v2,0x66,,0x66,F66-L010,10,CC:49CA,CC:4A45,CC:4A4C,4,0x40,64,24,16,2,16,59 40 18 10 02 10,a3 7c b3 08 59 40 18 10 02 10,29,2,5,3,1,5,static_rom_reconstructable,static_event_tail_opcode59_actor_controller,pack_family_context
cfg_t04_l039_v2,0x67,,0x67,F67-L001,1,CC:4D79,CC:4D7D,CC:4D84,0,0x40,64,21,16,2,16,59 40 15 10 02 10,59 40 15 10 02 10,29,2,5,3,1,5,static_rom_reconstructable,static_event_head_opcode59_actor_controller,pack_family_context
cfg_t04_l039_v2,0x67,,0x67,F67-L002,2,CC:4D8A,CC:4D8E,CC:4D95,0,0x5A,90,19,20,3,16,59 5a 13 14 03 10,59 5a 13 14 03 10,29,1,1,3,1,5,static_rom_reconstructable,static_event_head_opcode59_actor_controller,pack_family_context
cfg_t04_l039_v2,0x67,,0x67,F67-L003,3,CC:4D9B,CC:4D9F,CC:4DA6,0,0x24,36,27,21,1,16,59 24 1b 15 01 10,59 24 1b 15 01 10,29,56,216,2,1,5,static_rom_reconstructable,static_event_head_opcode59_actor_controller,pack_family_context
cfg_t04_l039_v2,0x67,,0x67,F67-L004,4,CC:4DAC,CC:4DB0,CC:4DB7,0,0x23,35,18,30,2,16,59 23 12 1e 02 10,59 23 12 1e 02 10,29,7,25,3,1,5,static_rom_reconstructable,static_event_head_opcode59_actor_controller,pack_family_context
cfg_t04_l039_v2,0x67,,0x67,F67-L005,5,CC:4DBD,CC:4DC1,CC:4DC8,0,0x40,64,24,40,1,16,59 40 18 28 01 10,59 40 18 28 01 10,29,2,5,3,1,5,static_rom_reconstructable,static_event_head_opcode59_actor_controller,pack_family_context
cfg_t04_l039_v2,0x67,,0x67,F67-L006,6,CC:4DCE,CC:4DD2,CC:4DD9,0,0x3F,63,26,46,3,16,59 3f 1a 2e 03 10,59 3f 1a 2e 03 10,29,5,17,3,1,5,static_rom_reconstructable,static_event_head_opcode59_actor_controller,pack_family_context
cfg_t06_l037_v2,0x68,,0x68,F68-L002,2,CC:4F74,CC:4F78,CC:4F7F,12,0x24,36,32,37,2,16,59 24 20 25 02 10,a3 3e b4 0a 59 24 3c 2b 02 10 b2 08 59 24 20 25 02 10,29,56,216,2,1,5,static_rom_reconstructable,static_event_tail_opcode59_actor_controller,pack_family_context
cfg_t06_l038_v2,0x68,,0x68,F68-L002,2,CC:4F74,CC:4F78,CC:4F7F,12,0x24,36,32,37,2,16,59 24 20 25 02 10,a3 3e b4 0a 59 24 3c 2b 02 10 b2 08 59 24 20 25 02 10,29,56,216,2,1,5,static_rom_reconstructable,static_event_tail_opcode59_actor_controller,pack_family_context
cfg_t06_l037_v2,0x68,,0x68,F68-L003,3,CC:4F91,CC:4FAD,CC:4FB4,12,0x59,89,38,49,2,16,59 59 26 31 02 10,a3 3e b4 0a 59 59 0c 2c 02 10 b2 08 59 59 26 31 02 10,29,5,17,3,1,5,static_rom_reconstructable,static_event_tail_opcode59_actor_controller,pack_family_context
cfg_t06_l038_v2,0x68,,0x68,F68-L003,3,CC:4F91,CC:4FAD,CC:4FB4,12,0x59,89,38,49,2,16,59 59 26 31 02 10,a3 3e b4 0a 59 59 0c 2c 02 10 b2 08 59 59 26 31 02 10,29,5,17,3,1,5,static_rom_reconstructable,static_event_tail_opcode59_actor_controller,pack_family_context
cfg_t06_l037_v2,0x68,,0x68,F68-L004,4,CC:4FC6,CC:4FDB,CC:4FE2,12,0x3F,63,38,39,1,16,59 3f 26 27 01 10,a3 3e b4 0a 59 3f 39 26 02 10 b2 08 59 3f 26 27 01 10,29,5,17,3,1,5,static_rom_reconstructable,static_event_tail_opcode59_actor_controller,pack_family_context
cfg_t06_l038_v2,0x68,,0x68,F68-L004,4,CC:4FC6,CC:4FDB,CC:4FE2,12,0x3F,63,38,39,1,16,59 3f 26 27 01 10,a3 3e b4 0a 59 3f 39 26 02 10 b2 08 59 3f 26 27 01 10,29,5,17,3,1,5,static_rom_reconstructable,static_event_tail_opcode59_actor_controller,pack_family_context
cfg_t06_l037_v2,0x68,,0x68,F68-L005,5,CC:4FF4,CC:5010,CC:5017,12,0x40,64,42,47,2,16,59 40 2a 2f 02 10,a3 3e b4 0a 59 3e 29 2f 02 10 b2 08 59 40 2a 2f 02 10,29,2,5,3,1,5,static_rom_reconstructable,static_event_tail_opcode59_actor_controller,pack_family_context
cfg_t06_l038_v2,0x68,,0x68,F68-L005,5,CC:4FF4,CC:5010,CC:5017,12,0x40,64,42,47,2,16,59 40 2a 2f 02 10,a3 3e b4 0a 59 3e 29 2f 02 10 b2 08 59 40 2a 2f 02 10,29,2,5,3,1,5,static_rom_reconstructable,static_event_tail_opcode59_actor_controller,pack_family_context
cfg_t06_l037_v2,0x68,,0x68,F68-L006,6,CC:5029,CC:503E,CC:5045,12,0x5A,90,32,47,2,16,59 5a 20 2f 02 10,a3 3e b4 0a 59 3f 19 17 02 10 b2 08 59 5a 20 2f 02 10,29,1,1,3,1,5,static_rom_reconstructable,static_event_tail_opcode59_actor_controller,pack_family_context
cfg_t06_l038_v2,0x68,,0x68,F68-L006,6,CC:5029,CC:503E,CC:5045,12,0x5A,90,32,47,2,16,59 5a 20 2f 02 10,a3 3e b4 0a 59 3f 19 17 02 10 b2 08 59 5a 20 2f 02 10,29,1,1,3,1,5,static_rom_reconstructable,static_event_tail_opcode59_actor_controller,pack_family_context
cfg_t06_l037_v2,0x68,,0x68,F68-L007,7,CC:5057,CC:506C,CC:5073,0,0x3D,61,39,30,2,0,59 3d 27 1e 02 00,59 3d 27 1e 02 00,29,7,25,3,1,5,static_rom_reconstructable,static_event_head_opcode59_actor_controller,pack_family_context
cfg_t06_l038_v2,0x68,,0x68,F68-L007,7,CC:5057,CC:506C,CC:5073,0,0x3D,61,39,30,2,0,59 3d 27 1e 02 00,59 3d 27 1e 02 00,29,7,25,3,1,5,static_rom_reconstructable,static_event_head_opcode59_actor_controller,pack_family_context
cfg_t06_l037_v2,0x68,,0x68,F68-L008,8,CC:5079,CC:5085,CC:508C,12,0x27,39,30,43,2,0,59 27 1e 2b 02 00,a3 3e b4 0a 59 27 20 2b 02 10 b2 08 59 27 1e 2b 02 00,29,4,13,3,1,5,static_rom_reconstructable,static_event_tail_opcode59_actor_controller,pack_family_context
cfg_t06_l038_v2,0x68,,0x68,F68-L008,8,CC:5079,CC:5085,CC:508C,12,0x27,39,30,43,2,0,59 27 1e 2b 02 00,a3 3e b4 0a 59 27 20 2b 02 10 b2 08 59 27 1e 2b 02 00,29,4,13,3,1,5,static_rom_reconstructable,static_event_tail_opcode59_actor_controller,pack_family_context
cfg_t06_l037_v2,0x68,,0x68,F68-L009,9,CC:509E,CC:50B3,CC:50BA,0,0x44,68,34,49,2,16,59 44 22 31 02 10,59 44 22 31 02 10,30,12,45,3,1,5,static_rom_reconstructable,static_event_head_opcode59_actor_controller,pack_family_context
cfg_t06_l038_v2,0x68,,0x68,F68-L009,9,CC:509E,CC:50B3,CC:50BA,0,0x44,68,34,49,2,16,59 44 22 31 02 10,59 44 22 31 02 10,30,12,45,3,1,5,static_rom_reconstructable,static_event_head_opcode59_actor_controller,pack_family_context
cfg_t06_l037_v2,0x68,,0x68,F68-L010,10,CC:50C0,CC:50CC,CC:50D3,12,0x40,64,31,38,1,16,59 40 1f 26 01 10,a3 3e b4 0a 59 23 1d 10 02 00 b2 08 59 40 1f 26 01 10,29,2,5,3,1,5,static_rom_reconstructable,static_event_tail_opcode59_actor_controller,pack_family_context
cfg_t06_l038_v2,0x68,,0x68,F68-L010,10,CC:50C0,CC:50CC,CC:50D3,12,0x40,64,31,38,1,16,59 40 1f 26 01 10,a3 3e b4 0a 59 23 1d 10 02 00 b2 08 59 40 1f 26 01 10,29,2,5,3,1,5,static_rom_reconstructable,static_event_tail_opcode59_actor_controller,pack_family_context
cfg_t06_l037_v2,0x68,,0x68,F68-L011,11,CC:50E5,CC:50F7,CC:50FE,4,0x40,64,41,38,3,80,59 40 29 26 03 50,a3 3e b3 08 59 40 29 26 03 50,29,2,5,3,1,5,static_rom_reconstructable,static_event_tail_opcode59_actor_controller,pack_family_context
cfg_t06_l038_v2,0x68,,0x68,F68-L011,11,CC:50E5,CC:50F7,CC:50FE,4,0x40,64,41,38,3,80,59 40 29 26 03 50,a3 3e b3 08 59 40 29 26 03 50,29,2,5,3,1,5,static_rom_reconstructable,static_event_tail_opcode59_actor_controller,pack_family_context
cfg_t06_l037_v2,0x68,,0x68,F68-L012,12,CC:5108,CC:5112,CC:5119,4,0x5B,91,40,55,2,16,59 5b 28 37 02 10,a3 3e b3 08 59 5b 28 37 02 10,30,8,29,3,1,5,static_rom_reconstructable,static_event_tail_opcode59_actor_controller,pack_family_context
cfg_t06_l038_v2,0x68,,0x68,F68-L012,12,CC:5108,CC:5112,CC:5119,4,0x5B,91,40,55,2,16,59 5b 28 37 02 10,a3 3e b3 08 59 5b 28 37 02 10,30,8,29,3,1,5,static_rom_reconstructable,static_event_tail_opcode59_actor_controller,pack_family_context
cfg_t06_l037_v2,0x68,,0x68,F68-L013,13,CC:5123,CC:5127,CC:512E,4,0x3E,62,40,41,4,80,59 3e 28 29 04 50,a3 3e b3 08 59 3e 28 29 04 50,29,56,216,2,1,5,static_rom_reconstructable,static_event_tail_opcode59_actor_controller,pack_family_context
cfg_t06_l038_v2,0x68,,0x68,F68-L013,13,CC:5123,CC:5127,CC:512E,4,0x3E,62,40,41,4,80,59 3e 28 29 04 50,a3 3e b3 08 59 3e 28 29 04 50,29,56,216,2,1,5,static_rom_reconstructable,static_event_tail_opcode59_actor_controller,pack_family_context
cfg_t06_l037_v2,0x68,,0x68,F68-L014,14,CC:5138,CC:5143,CC:514A,4,0x59,89,29,55,2,16,59 59 1d 37 02 10,a3 3e b3 08 59 59 1d 37 02 10,29,5,17,3,1,5,static_rom_reconstructable,static_event_tail_opcode59_actor_controller,pack_family_context
cfg_t06_l038_v2,0x68,,0x68,F68-L014,14,CC:5138,CC:5143,CC:514A,4,0x59,89,29,55,2,16,59 59 1d 37 02 10,a3 3e b3 08 59 59 1d 37 02 10,29,5,17,3,1,5,static_rom_reconstructable,static_event_tail_opcode59_actor_controller,pack_family_context
cfg_t06_l037_v2,0x68,,0x68,F68-L015,15,CC:5154,CC:5158,CC:515F,4,0x3F,63,42,39,3,80,59 3f 2a 27 03 50,a3 3e b3 08 59 3f 2a 27 03 50,29,5,17,3,1,5,static_rom_reconstructable,static_event_tail_opcode59_actor_controller,pack_family_context
cfg_t06_l038_v2,0x68,,0x68,F68-L015,15,CC:5154,CC:5158,CC:515F,4,0x3F,63,42,39,3,80,59 3f 2a 27 03 50,a3 3e b3 08 59 3f 2a 27 03 50,29,5,17,3,1,5,static_rom_reconstructable,static_event_tail_opcode59_actor_controller,pack_family_context
cfg_t06_l037_v2,0x68,,0x68,F68-L016,16,CC:5169,CC:5174,CC:517B,4,0x3F,63,32,41,4,80,59 3f 20 29 04 50,a3 3e b3 08 59 3f 20 29 04 50,29,5,17,3,1,5,static_rom_reconstructable,static_event_tail_opcode59_actor_controller,pack_family_context
cfg_t06_l038_v2,0x68,,0x68,F68-L016,16,CC:5169,CC:5174,CC:517B,4,0x3F,63,32,41,4,80,59 3f 20 29 04 50,a3 3e b3 08 59 3f 20 29 04 50,29,5,17,3,1,5,static_rom_reconstructable,static_event_tail_opcode59_actor_controller,pack_family_context
cfg_t06_l037_v2,0x68,,0x68,F68-L017,17,CC:5185,CC:5190,CC:5197,4,0x28,40,34,39,3,80,59 28 22 27 03 50,a3 3e b3 08 59 28 22 27 03 50,30,9,33,3,1,5,static_rom_reconstructable,static_event_tail_opcode59_actor_controller,pack_family_context
cfg_t06_l038_v2,0x68,,0x68,F68-L017,17,CC:5185,CC:5190,CC:5197,4,0x28,40,34,39,3,80,59 28 22 27 03 50,a3 3e b3 08 59 28 22 27 03 50,30,9,33,3,1,5,static_rom_reconstructable,static_event_tail_opcode59_actor_controller,pack_family_context
cfg_t06_l037_v2,0x68,,0x68,F68-L018,18,CC:51A1,CC:51AC,CC:51B3,4,0x5B,91,30,39,1,80,59 5b 1e 27 01 50,a3 3e b3 08 59 5b 1e 27 01 50,30,8,29,3,1,5,static_rom_reconstructable,static_event_tail_opcode59_actor_controller,pack_family_context
cfg_t06_l038_v2,0x68,,0x68,F68-L018,18,CC:51A1,CC:51AC,CC:51B3,4,0x5B,91,30,39,1,80,59 5b 1e 27 01 50,a3 3e b3 08 59 5b 1e 27 01 50,30,8,29,3,1,5,static_rom_reconstructable,static_event_tail_opcode59_actor_controller,pack_family_context
cfg_t06_l037_v2,0x68,,0x68,F68-L019,19,CC:51BD,CC:51C8,CC:51CF,4,0x28,40,40,37,2,16,59 28 28 25 02 10,a3 3e b3 08 59 28 28 25 02 10,30,9,33,3,1,5,static_rom_reconstructable,static_event_tail_opcode59_actor_controller,pack_family_context
cfg_t06_l038_v2,0x68,,0x68,F68-L019,19,CC:51BD,CC:51C8,CC:51CF,4,0x28,40,40,37,2,16,59 28 28 25 02 10,a3 3e b3 08 59 28 28 25 02 10,30,9,33,3,1,5,static_rom_reconstructable,static_event_tail_opcode59_actor_controller,pack_family_context
cfg_t06_l037_v2,0x68,,0x68,F68-L020,20,CC:51D9,CC:51E4,CC:51EB,4,0x29,41,34,29,2,16,59 29 22 1d 02 10,a3 3e b3 08 59 29 22 1d 02 10,44,22,69,7,1,5,static_rom_reconstructable,static_event_tail_opcode59_actor_controller,pack_family_context
cfg_t06_l038_v2,0x68,,0x68,F68-L020,20,CC:51D9,CC:51E4,CC:51EB,4,0x29,41,34,29,2,16,59 29 22 1d 02 10,a3 3e b3 08 59 29 22 1d 02 10,44,22,69,7,1,5,static_rom_reconstructable,static_event_tail_opcode59_actor_controller,pack_family_context
cfg_t06_l037_v2,0x68,,0x68,F68-L025,25,CC:5306,CC:5317,CC:531E,15,0x0A,10,32,35,2,16,59 0a 20 23 02 10,3d 13 0a 3d 15 0a e1 e7 17 07 0a e1 e7 b3 08 59 0a 20 23 02 10,20,47,172,2,1,5,static_rom_reconstructable,static_event_tail_opcode59_actor_controller,pack_family_context
cfg_t06_l038_v2,0x68,,0x68,F68-L025,25,CC:5306,CC:5317,CC:531E,15,0x0A,10,32,35,2,16,59 0a 20 23 02 10,3d 13 0a 3d 15 0a e1 e7 17 07 0a e1 e7 b3 08 59 0a 20 23 02 10,20,47,172,2,1,5,static_rom_reconstructable,static_event_tail_opcode59_actor_controller,pack_family_context
cfg_t06_l040_v2,0x6A,,0x6A,F6A-L002,2,CC:558B,CC:559F,CC:55A6,0,0x40,64,41,59,2,128,59 40 29 3b 02 80,59 40 29 3b 02 80,29,2,5,3,1,5,static_rom_reconstructable,static_event_head_opcode59_actor_controller,pack_family_context
cfg_t06_l040_v2,0x6A,,0x6A,F6A-L003,3,CC:55AC,CC:55D6,CC:55DD,0,0x59,89,41,37,2,128,59 59 29 25 02 80,59 59 29 25 02 80,29,5,17,3,1,5,static_rom_reconstructable,static_event_head_opcode59_actor_controller,pack_family_context
cfg_t06_l040_v2,0x6A,,0x6A,F6A-L004,4,CC:55E3,CC:5605,CC:560C,0,0x40,64,35,30,2,128,59 40 23 1e 02 80,59 40 23 1e 02 80,29,2,5,3,1,5,static_rom_reconstructable,static_event_head_opcode59_actor_controller,pack_family_context
cfg_t06_l040_v2,0x6A,,0x6A,F6A-L005,5,CC:5612,CC:5634,CC:563B,0,0x3F,63,43,44,2,128,59 3f 2b 2c 02 80,59 3f 2b 2c 02 80,29,5,17,3,1,5,static_rom_reconstructable,static_event_head_opcode59_actor_controller,pack_family_context
cfg_t06_l040_v2,0x6A,,0x6A,F6A-L006,6,CC:5641,CC:564D,CC:5654,0,0x29,41,36,17,2,128,59 29 24 11 02 80,59 29 24 11 02 80,44,22,69,7,1,5,static_rom_reconstructable,static_event_head_opcode59_actor_controller,pack_family_context
cfg_t06_l040_v2,0x6A,,0x6A,F6A-L007,7,CC:565A,CC:5677,CC:567E,0,0x40,64,22,34,2,128,59 40 16 22 02 80,59 40 16 22 02 80,29,2,5,3,1,5,static_rom_reconstructable,static_event_head_opcode59_actor_controller,pack_family_context
cfg_t06_l040_v2,0x6A,,0x6A,F6A-L008,8,CC:5684,CC:5698,CC:569F,0,0x27,39,31,56,2,128,59 27 1f 38 02 80,59 27 1f 38 02 80,29,4,13,3,1,5,static_rom_reconstructable,static_event_head_opcode59_actor_controller,pack_family_context
cfg_t06_l040_v2,0x6A,,0x6A,F6A-L009,9,CC:56A5,CC:56C1,CC:56C8,0,0x40,64,34,49,2,128,59 40 22 31 02 80,59 40 22 31 02 80,29,2,5,3,1,5,static_rom_reconstructable,static_event_head_opcode59_actor_controller,pack_family_context
cfg_t06_l040_v2,0x6A,,0x6A,F6A-L010,10,CC:56CE,CC:56F8,CC:56FF,4,0x30,48,25,46,2,128,59 30 19 2e 02 80,a3 45 b3 08 59 30 19 2e 02 80,31,21,81,3,1,5,static_rom_reconstructable,static_event_tail_opcode59_actor_controller,pack_family_context
cfg_t06_l040_v2,0x6A,,0x6A,F6A-L011,11,CC:5709,CC:5715,CC:571C,4,0x2F,47,23,41,2,128,59 2f 17 29 02 80,a3 45 b3 08 59 2f 17 29 02 80,31,22,85,3,1,5,static_rom_reconstructable,static_event_tail_opcode59_actor_controller,pack_family_context
cfg_t06_l040_v2,0x6A,,0x6A,F6A-L012,12,CC:5726,CC:5732,CC:5739,4,0x2F,47,28,48,2,128,59 2f 1c 30 02 80,a3 63 b3 08 59 2f 1c 30 02 80,31,22,85,3,1,5,static_rom_reconstructable,static_event_tail_opcode59_actor_controller,pack_family_context
cfg_t06_l040_v2,0x6A,,0x6A,F6A-L013,13,CC:5743,CC:5747,CC:574E,4,0x2F,47,22,58,2,128,59 2f 16 3a 02 80,a3 63 b3 08 59 2f 16 3a 02 80,31,22,85,3,1,5,static_rom_reconstructable,static_event_tail_opcode59_actor_controller,pack_family_context
cfg_t07_l076_v2,0x6C,,0x6C,F6C-L001,1,CC:6068,CC:606C,CC:6073,8,0x40,64,13,9,2,16,59 40 0d 09 02 10,a3 73 a3 70 e1 e7 b3 08 59 40 0d 09 02 10,29,2,5,3,1,5,static_rom_reconstructable,static_event_tail_opcode59_actor_controller,pack_family_context
cfg_t07_l076_v2,0x6C,,0x6C,F6C-L002,2,CC:6081,CC:6085,CC:608C,8,0x5B,91,9,12,2,16,59 5b 09 0c 02 10,a3 73 a3 70 e1 e7 b3 08 59 5b 09 0c 02 10,30,8,29,3,1,5,static_rom_reconstructable,static_event_tail_opcode59_actor_controller,pack_family_context
cfg_t07_l076_v2,0x6C,,0x6C,F6C-L003,3,CC:609A,CC:609E,CC:60A5,8,0x28,40,12,13,2,16,59 28 0c 0d 02 10,a3 73 a3 70 e1 e7 b3 08 59 28 0c 0d 02 10,30,9,33,3,1,5,static_rom_reconstructable,static_event_tail_opcode59_actor_controller,pack_family_context
cfg_t07_l076_v2,0x6C,,0x6C,F6C-L004,4,CC:60B3,CC:60B7,CC:60BE,8,0x5B,91,15,11,2,16,59 5b 0f 0b 02 10,a3 73 a3 70 e1 e7 b3 08 59 5b 0f 0b 02 10,30,8,29,3,1,5,static_rom_reconstructable,static_event_tail_opcode59_actor_controller,pack_family_context
cfg_t07_l076_v2,0x6C,,0x6C,F6C-L005,5,CC:60CC,CC:60D0,CC:60D7,8,0x28,40,23,5,2,16,59 28 17 05 02 10,a3 73 a3 70 e1 e7 b3 08 59 28 17 05 02 10,30,9,33,3,1,5,static_rom_reconstructable,static_event_tail_opcode59_actor_controller,pack_family_context
cfg_t07_l076_v2,0x6C,,0x6C,F6C-L006,6,CC:60E5,CC:60E9,CC:60F0,8,0x43,67,26,7,2,16,59 43 1a 07 02 10,a3 73 a3 70 e1 e7 b3 08 59 43 1a 07 02 10,30,11,41,3,1,5,static_rom_reconstructable,static_event_tail_opcode59_actor_controller,pack_family_context
cfg_t07_l076_v2,0x6C,,0x6C,F6C-L007,7,CC:60FE,CC:6102,CC:6109,8,0x59,89,3,16,2,16,59 59 03 10 02 10,a3 73 a3 70 e1 e7 b3 08 59 59 03 10 02 10,29,5,17,3,1,5,static_rom_reconstructable,static_event_tail_opcode59_actor_controller,pack_family_context
cfg_t07_l076_v2,0x6C,,0x6C,F6C-L008,8,CC:6117,CC:611B,CC:6122,8,0x5A,90,12,16,2,16,59 5a 0c 10 02 10,a3 73 a3 70 e1 e7 b3 08 59 5a 0c 10 02 10,29,1,1,3,1,5,static_rom_reconstructable,static_event_tail_opcode59_actor_controller,pack_family_context
cfg_t07_l076_v2,0x6C,,0x6C,F6C-L009,9,CC:6130,CC:6134,CC:613B,8,0x24,36,16,18,2,16,59 24 10 12 02 10,a3 73 a3 70 e1 e7 b3 08 59 24 10 12 02 10,29,56,216,2,1,5,static_rom_reconstructable,static_event_tail_opcode59_actor_controller,pack_family_context
cfg_t07_l076_v2,0x6C,,0x6C,F6C-L010,10,CC:6149,CC:614D,CC:6154,8,0x3F,63,21,17,2,16,59 3f 15 11 02 10,a3 73 a3 70 e1 e7 b3 08 59 3f 15 11 02 10,29,5,17,3,1,5,static_rom_reconstructable,static_event_tail_opcode59_actor_controller,pack_family_context
cfg_t07_l076_v2,0x6C,,0x6C,F6C-L011,11,CC:6162,CC:617D,CC:6184,8,0x43,67,6,11,2,16,59 43 06 0b 02 10,a3 73 a3 70 e1 e7 b3 08 59 43 06 0b 02 10,30,11,41,3,1,5,static_rom_reconstructable,static_event_tail_opcode59_actor_controller,pack_family_context
cfg_t07_l076_v2,0x6C,,0x6C,F6C-L012,12,CC:6192,CC:6196,CC:619D,8,0x41,65,21,9,2,16,59 41 15 09 02 10,a3 73 a3 70 e1 e7 b3 08 59 41 15 09 02 10,29,6,21,3,1,5,static_rom_reconstructable,static_event_tail_opcode59_actor_controller,pack_family_context
cfg_t07_l076_v2,0x6C,,0x6C,F6C-L013,13,CC:61AB,CC:61B5,CC:61BC,8,0x3D,61,8,18,2,16,59 3d 08 12 02 10,a3 73 a3 70 e1 e7 b3 08 59 3d 08 12 02 10,29,7,25,3,1,5,static_rom_reconstructable,static_event_tail_opcode59_actor_controller,pack_family_context
cfg_t07_l076_v2,0x6C,,0x6C,F6C-L014,14,CC:61CA,CC:61CE,CC:61D5,8,0x42,66,4,5,2,16,59 42 04 05 02 10,a3 73 a3 70 e1 e7 b3 08 59 42 04 05 02 10,29,3,9,3,1,5,static_rom_reconstructable,static_event_tail_opcode59_actor_controller,pack_family_context
cfg_t07_l076_v2,0x6C,,0x6C,F6C-L015,15,CC:61E3,CC:6232,CC:6239,8,0x42,66,5,5,2,16,59 42 05 05 02 10,a3 73 a3 70 e1 e7 b3 08 59 42 05 05 02 10,29,3,9,3,1,5,static_rom_reconstructable,static_event_tail_opcode59_actor_controller,pack_family_context
cfg_t07_l076_v2,0x6C,,0x6C,F6C-L016,16,CC:6247,CC:6251,CC:6258,8,0x42,66,18,5,2,16,59 42 12 05 02 10,a3 73 a3 70 e1 e7 b3 08 59 42 12 05 02 10,29,3,9,3,1,5,static_rom_reconstructable,static_event_tail_opcode59_actor_controller,pack_family_context
cfg_t05_l043_v2,0x6E,,0x6E,F6E-L001,1,CC:6483,CC:6487,CC:648E,0,0x40,64,34,25,2,0,59 40 22 19 02 00,59 40 22 19 02 00,29,2,5,3,1,5,static_rom_reconstructable,static_event_head_opcode59_actor_controller,pack_family_context
cfg_t05_l043_v2,0x6E,,0x6E,F6E-L002,2,CC:6494,CC:6498,CC:649F,0,0x59,89,59,32,2,0,59 59 3b 20 02 00,59 59 3b 20 02 00,29,5,17,3,1,5,static_rom_reconstructable,static_event_head_opcode59_actor_controller,pack_family_context
cfg_t05_l043_v2,0x6E,,0x6E,F6E-L003,3,CC:64A5,CC:64A9,CC:64B0,0,0x5B,91,47,26,2,0,59 5b 2f 1a 02 00,59 5b 2f 1a 02 00,30,8,29,3,1,5,static_rom_reconstructable,static_event_head_opcode59_actor_controller,pack_family_context
cfg_t05_l043_v2,0x6E,,0x6E,F6E-L004,4,CC:64B6,CC:64C8,CC:64CF,0,0x28,40,28,33,2,0,59 28 1c 21 02 00,59 28 1c 21 02 00,30,9,33,3,1,5,static_rom_reconstructable,static_event_head_opcode59_actor_controller,pack_family_context
cfg_t05_l043_v2,0x6E,,0x6E,F6E-L005,5,CC:64D5,CC:64EF,CC:64F6,0,0x5A,90,37,33,2,0,59 5a 25 21 02 00,59 5a 25 21 02 00,29,1,1,3,1,5,static_rom_reconstructable,static_event_head_opcode59_actor_controller,pack_family_context
cfg_t05_l043_v2,0x6E,,0x6E,F6E-L006,6,CC:64FC,CC:6500,CC:6507,0,0x43,67,48,34,2,0,59 43 30 22 02 00,59 43 30 22 02 00,30,11,41,3,1,5,static_rom_reconstructable,static_event_head_opcode59_actor_controller,pack_family_context
cfg_t05_l043_v2,0x6E,,0x6E,F6E-L007,7,CC:650D,CC:6511,CC:6518,0,0x5A,90,52,30,2,0,59 5a 34 1e 02 00,59 5a 34 1e 02 00,29,1,1,3,1,5,static_rom_reconstructable,static_event_head_opcode59_actor_controller,pack_family_context
cfg_t05_l043_v2,0x6E,,0x6E,F6E-L008,8,CC:651E,CC:6522,CC:6529,0,0x3F,63,58,35,2,0,59 3f 3a 23 02 00,59 3f 3a 23 02 00,29,5,17,3,1,5,static_rom_reconstructable,static_event_head_opcode59_actor_controller,pack_family_context
cfg_t05_l043_v2,0x6E,,0x6E,F6E-L009,9,CC:652F,CC:6549,CC:6550,0,0x24,36,27,37,2,0,59 24 1b 25 02 00,59 24 1b 25 02 00,29,56,216,2,1,5,static_rom_reconstructable,static_event_head_opcode59_actor_controller,pack_family_context
cfg_t05_l043_v2,0x6E,,0x6E,F6E-L010,10,CC:6556,CC:655A,CC:6561,0,0x59,89,22,36,2,0,59 59 16 24 02 00,59 59 16 24 02 00,29,5,17,3,1,5,static_rom_reconstructable,static_event_head_opcode59_actor_controller,pack_family_context
cfg_t05_l043_v2,0x6E,,0x6E,F6E-L011,11,CC:6567,CC:656B,CC:6572,0,0x5B,91,28,41,2,0,59 5b 1c 29 02 00,59 5b 1c 29 02 00,30,8,29,3,1,5,static_rom_reconstructable,static_event_head_opcode59_actor_controller,pack_family_context
cfg_t05_l043_v2,0x6E,,0x6E,F6E-L012,12,CC:6578,CC:657C,CC:6583,0,0x43,67,36,43,2,0,59 43 24 2b 02 00,59 43 24 2b 02 00,30,11,41,3,1,5,static_rom_reconstructable,static_event_head_opcode59_actor_controller,pack_family_context
cfg_t05_l043_v2,0x6E,,0x6E,F6E-L013,13,CC:6589,CC:658D,CC:6594,0,0x38,56,44,41,2,0,59 38 2c 29 02 00,59 38 2c 29 02 00,31,23,89,3,1,5,static_rom_reconstructable,static_event_head_opcode59_actor_controller,pack_family_context
cfg_t05_l043_v2,0x6E,,0x6E,F6E-L014,14,CC:659A,CC:659E,CC:65A5,0,0x30,48,55,39,2,0,59 30 37 27 02 00,59 30 37 27 02 00,31,21,81,3,1,5,static_rom_reconstructable,static_event_head_opcode59_actor_controller,pack_family_context
cfg_t05_l043_v2,0x6E,,0x6E,F6E-L015,15,CC:65AB,CC:65AF,CC:65B6,4,0x29,41,43,29,2,0,59 29 2b 1d 02 00,a3 74 b4 08 59 29 2b 1d 02 00,44,22,69,7,1,5,static_rom_reconstructable,static_event_tail_opcode59_actor_controller,pack_family_context
cfg_t05_l043_v2,0x6E,,0x6E,F6E-L016,16,CC:65C0,CC:65E1,CC:65E8,0,0x29,41,47,38,2,0,59 29 2f 26 02 00,59 29 2f 26 02 00,44,22,69,7,1,5,static_rom_reconstructable,static_event_head_opcode59_actor_controller,pack_family_context
cfg_t05_l043_v2,0x6E,,0x6E,F6E-L017,17,CC:65EE,CC:660F,CC:6616,0,0x29,41,31,44,2,0,59 29 1f 2c 02 00,59 29 1f 2c 02 00,44,22,69,7,1,5,static_rom_reconstructable,static_event_head_opcode59_actor_controller,pack_family_context
cfg_t04_l045_v2,0x6F,,0x6F,F6F-L003,3,CC:67AD,CC:67B1,CC:67B8,6,0x43,67,38,83,2,128,59 43 26 53 02 80,08 b9 13 02 b3 08 59 43 26 53 02 80,30,11,41,3,1,5,static_rom_reconstructable,static_event_tail_opcode59_actor_controller,pack_family_context
cfg_t04_l045_v2,0x6F,,0x6F,F6F-L004,4,CC:67C4,CC:67C8,CC:67CF,6,0x43,67,41,77,2,128,59 43 29 4d 02 80,08 b9 13 02 b3 08 59 43 29 4d 02 80,30,11,41,3,1,5,static_rom_reconstructable,static_event_tail_opcode59_actor_controller,pack_family_context
cfg_t04_l045_v2,0x6F,,0x6F,F6F-L005,5,CC:67DB,CC:67DF,CC:67E6,6,0x44,68,52,82,2,128,59 44 34 52 02 80,08 b9 13 02 b3 08 59 44 34 52 02 80,30,12,45,3,1,5,static_rom_reconstructable,static_event_tail_opcode59_actor_controller,pack_family_context
cfg_t04_l045_v2,0x6F,,0x6F,F6F-L006,6,CC:67F2,CC:67F6,CC:67FD,6,0x42,66,46,74,2,128,59 42 2e 4a 02 80,08 b9 13 02 b3 08 59 42 2e 4a 02 80,29,3,9,3,1,5,static_rom_reconstructable,static_event_tail_opcode59_actor_controller,pack_family_context
cfg_t04_l045_v2,0x6F,,0x6F,F6F-L007,7,CC:6809,CC:680D,CC:6814,6,0x30,48,44,57,2,144,59 30 2c 39 02 90,08 b9 13 03 b4 08 59 30 2c 39 02 90,31,21,81,3,1,5,static_rom_reconstructable,static_event_tail_opcode59_actor_controller,pack_family_context
cfg_t04_l045_v2,0x6F,,0x6F,F6F-L008,8,CC:6820,CC:6824,CC:682B,6,0x2F,47,45,57,2,144,59 2f 2d 39 02 90,08 b9 13 03 b4 08 59 2f 2d 39 02 90,31,22,85,3,1,5,static_rom_reconstructable,static_event_tail_opcode59_actor_controller,pack_family_context
cfg_t04_l045_v2,0x6F,,0x6F,F6F-L009,9,CC:6837,CC:683B,CC:6842,6,0x30,48,46,57,2,144,59 30 2e 39 02 90,08 b9 13 03 b4 08 59 30 2e 39 02 90,31,21,81,3,1,5,static_rom_reconstructable,static_event_tail_opcode59_actor_controller,pack_family_context
cfg_t04_l045_v2,0x6F,,0x6F,F6F-L010,10,CC:684E,CC:687E,CC:6885,10,0x30,48,33,36,2,144,59 30 21 24 02 90,a3 81 b4 0e 08 b9 13 02 b3 08 59 30 21 24 02 90,31,21,81,3,1,5,static_rom_reconstructable,static_event_tail_opcode59_actor_controller,pack_family_context
cfg_t04_l045_v2,0x6F,,0x6F,F6F-L011,11,CC:6895,CC:68C9,CC:68D0,10,0x30,48,57,64,2,144,59 30 39 40 02 90,a3 83 b4 0e 08 b9 13 02 b3 08 59 30 39 40 02 90,31,21,81,3,1,5,static_rom_reconstructable,static_event_tail_opcode59_actor_controller,pack_family_context
cfg_t04_l045_v2,0x70,,0x70,F70-L003,3,CC:70E1,CC:70E5,CC:70EC,0,0x59,89,36,36,2,0,59 59 24 24 02 00,59 59 24 24 02 00,29,5,17,3,1,5,static_rom_reconstructable,static_event_head_opcode59_actor_controller,pack_family_context
cfg_t04_l045_v2,0x70,,0x70,F70-L004,4,CC:70F2,CC:70F6,CC:70FD,0,0x42,66,45,36,2,0,59 42 2d 24 02 00,59 42 2d 24 02 00,29,3,9,3,1,5,static_rom_reconstructable,static_event_head_opcode59_actor_controller,pack_family_context
cfg_t04_l045_v2,0x70,,0x70,F70-L005,5,CC:7103,CC:7115,CC:711C,0,0x5B,91,56,31,2,0,59 5b 38 1f 02 00,59 5b 38 1f 02 00,30,8,29,3,1,5,static_rom_reconstructable,static_event_head_opcode59_actor_controller,pack_family_context
cfg_t04_l045_v2,0x70,,0x70,F70-L006,6,CC:7122,CC:7126,CC:712D,0,0x42,66,56,43,2,0,59 42 38 2b 02 00,59 42 38 2b 02 00,29,3,9,3,1,5,static_rom_reconstructable,static_event_head_opcode59_actor_controller,pack_family_context
cfg_t04_l045_v2,0x70,,0x70,F70-L007,7,CC:7133,CC:7137,CC:713E,0,0x3F,63,84,66,2,0,59 3f 54 42 02 00,59 3f 54 42 02 00,29,5,17,3,1,5,static_rom_reconstructable,static_event_head_opcode59_actor_controller,pack_family_context
cfg_t04_l045_v2,0x70,,0x70,F70-L008,8,CC:7144,CC:7148,CC:714F,0,0x59,89,57,62,2,0,59 59 39 3e 02 00,59 59 39 3e 02 00,29,5,17,3,1,5,static_rom_reconstructable,static_event_head_opcode59_actor_controller,pack_family_context
cfg_t04_l045_v2,0x70,,0x70,F70-L009,9,CC:7155,CC:7159,CC:7160,0,0x3F,63,44,63,2,0,59 3f 2c 3f 02 00,59 3f 2c 3f 02 00,29,5,17,3,1,5,static_rom_reconstructable,static_event_head_opcode59_actor_controller,pack_family_context
cfg_t04_l045_v2,0x70,,0x70,F70-L010,10,CC:7166,CC:716A,CC:7171,0,0x23,35,85,49,2,0,59 23 55 31 02 00,59 23 55 31 02 00,29,7,25,3,1,5,static_rom_reconstructable,static_event_head_opcode59_actor_controller,pack_family_context
cfg_t04_l045_v2,0x70,,0x70,F70-L011,11,CC:7177,CC:7189,CC:7190,0,0x43,67,70,51,2,0,59 43 46 33 02 00,59 43 46 33 02 00,30,11,41,3,1,5,static_rom_reconstructable,static_event_head_opcode59_actor_controller,pack_family_context
cfg_t04_l045_v2,0x70,,0x70,F70-L012,12,CC:7196,CC:719A,CC:71A1,0,0x43,67,59,82,2,0,59 43 3b 52 02 00,59 43 3b 52 02 00,30,11,41,3,1,5,static_rom_reconstructable,static_event_head_opcode59_actor_controller,pack_family_context
cfg_t04_l045_v2,0x70,,0x70,F70-L013,13,CC:71A7,CC:71AB,CC:71B2,0,0x24,36,32,65,2,16,59 24 20 41 02 10,59 24 20 41 02 10,29,56,216,2,1,5,static_rom_reconstructable,static_event_head_opcode59_actor_controller,pack_family_context
cfg_t04_l045_v2,0x70,,0x70,F70-L014,14,CC:71B8,CC:71C6,CC:71CD,0,0x44,68,30,83,2,0,59 44 1e 53 02 00,59 44 1e 53 02 00,30,12,45,3,1,5,static_rom_reconstructable,static_event_head_opcode59_actor_controller,pack_family_context
cfg_t04_l045_v2,0x70,,0x70,F70-L015,15,CC:71D3,CC:71D7,CC:71DE,0,0x30,48,52,83,2,0,59 30 34 53 02 00,59 30 34 53 02 00,31,21,81,3,1,5,static_rom_reconstructable,static_event_head_opcode59_actor_controller,pack_family_context
cfg_t04_l045_v2,0x70,,0x70,F70-L016,16,CC:71E4,CC:71E8,CC:71EF,0,0x2F,47,70,26,2,0,59 2f 46 1a 02 00,59 2f 46 1a 02 00,31,22,85,3,1,5,static_rom_reconstructable,static_event_head_opcode59_actor_controller,pack_family_context
cfg_t04_l045_v2,0x70,,0x70,F70-L017,17,CC:71F5,CC:7207,CC:720E,0,0x38,56,64,27,2,0,59 38 40 1b 02 00,59 38 40 1b 02 00,31,23,89,3,1,5,static_rom_reconstructable,static_event_head_opcode59_actor_controller,pack_family_context
cfg_t04_l045_v2,0x70,,0x70,F70-L018,18,CC:7214,CC:7218,CC:721F,0,0x30,48,25,48,2,0,59 30 19 30 02 00,59 30 19 30 02 00,31,21,81,3,1,5,static_rom_reconstructable,static_event_head_opcode59_actor_controller,pack_family_context
cfg_t04_l045_v2,0x70,,0x70,F70-L019,19,CC:7225,CC:7229,CC:7230,0,0x3F,63,71,71,2,16,59 3f 47 47 02 10,59 3f 47 47 02 10,29,5,17,3,1,5,static_rom_reconstructable,static_event_head_opcode59_actor_controller,pack_family_context
cfg_t04_l045_v2,0x70,,0x70,F70-L020,20,CC:7236,CC:723A,CC:7241,0,0x23,35,72,75,2,16,59 23 48 4b 02 10,59 23 48 4b 02 10,29,7,25,3,1,5,static_rom_reconstructable,static_event_head_opcode59_actor_controller,pack_family_context
cfg_t04_l045_v2,0x70,,0x70,F70-L021,21,CC:7247,CC:724B,CC:7252,0,0x3E,62,73,66,2,16,59 3e 49 42 02 10,59 3e 49 42 02 10,29,56,216,2,1,5,static_rom_reconstructable,static_event_head_opcode59_actor_controller,pack_family_context
cfg_t04_l045_v2,0x70,,0x70,F70-L022,22,CC:7258,CC:725C,CC:7263,0,0x5A,90,86,63,2,16,59 5a 56 3f 02 10,59 5a 56 3f 02 10,29,1,1,3,1,5,static_rom_reconstructable,static_event_head_opcode59_actor_controller,pack_family_context
cfg_t04_l045_v2,0x70,,0x70,F70-L023,23,CC:7269,CC:726D,CC:7274,0,0x40,64,83,66,2,16,59 40 53 42 02 10,59 40 53 42 02 10,29,2,5,3,1,5,static_rom_reconstructable,static_event_head_opcode59_actor_controller,pack_family_context
cfg_t04_l045_v2,0x70,,0x70,F70-L024,24,CC:727A,CC:727E,CC:7285,0,0x42,66,34,47,2,16,59 42 22 2f 02 10,59 42 22 2f 02 10,29,3,9,3,1,5,static_rom_reconstructable,static_event_head_opcode59_actor_controller,pack_family_context
cfg_t07_l069_v2,0x71,,0x71,F71-L001,1,CC:73E2,CC:740E,CC:7415,4,0x24,36,4,10,2,16,59 24 04 0a 02 10,a3 84 b4 08 59 24 04 0a 02 10,29,56,216,2,1,5,static_rom_reconstructable,static_event_tail_opcode59_actor_controller,pack_family_context
cfg_t07_l069_v2,0x71,,0x71,F71-L002,2,CC:741F,CC:7423,CC:742A,4,0x28,40,9,9,2,16,59 28 09 09 02 10,a3 84 b4 08 59 28 09 09 02 10,30,9,33,3,1,5,static_rom_reconstructable,static_event_tail_opcode59_actor_controller,pack_family_context
cfg_t07_l078_v2,0x72,,0x72,F72-L001,1,CC:74CC,CC:74D0,CC:74D7,11,0x24,36,17,4,2,16,59 24 11 04 02 10,08 b9 13 02 08 b9 13 03 e8 b3 08 59 24 11 04 02 10,29,56,216,2,1,5,static_rom_reconstructable,static_event_tail_opcode59_actor_controller,pack_family_context
cfg_t07_l078_v2,0x72,,0x72,F72-L002,2,CC:74E8,CC:74EC,CC:74F3,11,0x59,89,19,7,2,16,59 59 13 07 02 10,08 b9 13 02 08 b9 13 03 e8 b3 08 59 59 13 07 02 10,29,5,17,3,1,5,static_rom_reconstructable,static_event_tail_opcode59_actor_controller,pack_family_context
cfg_t07_l078_v2,0x72,,0x72,F72-L003,3,CC:7504,CC:7508,CC:750F,11,0x30,48,16,5,1,16,59 30 10 05 01 10,08 b9 13 02 08 b9 13 03 e8 b3 08 59 30 10 05 01 10,31,21,81,3,1,5,static_rom_reconstructable,static_event_tail_opcode59_actor_controller,pack_family_context
cfg_t07_l078_v2,0x72,,0x72,F72-L004,4,CC:7520,CC:7524,CC:752B,11,0x29,41,7,3,2,16,59 29 07 03 02 10,08 b9 13 06 08 b9 13 07 e8 b3 08 59 29 07 03 02 10,44,22,69,7,1,5,static_rom_reconstructable,static_event_tail_opcode59_actor_controller,pack_family_context
cfg_t07_l078_v2,0x72,,0x72,F72-L005,5,CC:753C,CC:7540,CC:7547,11,0x27,39,3,4,2,16,59 27 03 04 02 10,08 b9 13 06 08 b9 13 07 e8 b3 08 59 27 03 04 02 10,29,4,13,3,1,5,static_rom_reconstructable,static_event_tail_opcode59_actor_controller,pack_family_context
cfg_t07_l078_v2,0x72,,0x72,F72-L006,6,CC:7558,CC:755C,CC:7563,11,0x5B,91,5,3,2,16,59 5b 05 03 02 10,08 b9 13 06 08 b9 13 07 e8 b3 08 59 5b 05 03 02 10,30,8,29,3,1,5,static_rom_reconstructable,static_event_tail_opcode59_actor_controller,pack_family_context
cfg_t07_l078_v2,0x72,,0x72,F72-L007,7,CC:7574,CC:7578,CC:757F,11,0x28,40,17,4,2,16,59 28 11 04 02 10,08 b9 13 06 08 b9 13 07 e8 b3 08 59 28 11 04 02 10,30,9,33,3,1,5,static_rom_reconstructable,static_event_tail_opcode59_actor_controller,pack_family_context
cfg_t07_l078_v2,0x72,,0x72,F72-L008,8,CC:7590,CC:7594,CC:759B,11,0x2F,47,3,4,2,16,59 2f 03 04 02 10,08 b9 13 08 08 b9 13 09 e8 b3 08 59 2f 03 04 02 10,31,22,85,3,1,5,static_rom_reconstructable,static_event_tail_opcode59_actor_controller,pack_family_context
cfg_t07_l078_v2,0x72,,0x72,F72-L009,9,CC:75AC,CC:75B0,CC:75B7,11,0x42,66,16,5,2,16,59 42 10 05 02 10,08 b9 13 08 08 b9 13 09 e8 b3 08 59 42 10 05 02 10,29,3,9,3,1,5,static_rom_reconstructable,static_event_tail_opcode59_actor_controller,pack_family_context
cfg_t07_l078_v2,0x72,,0x72,F72-L010,10,CC:75C8,CC:75CC,CC:75D3,11,0x59,89,16,6,4,16,59 59 10 06 04 10,08 b9 13 08 08 b9 13 09 e8 b3 08 59 59 10 06 04 10,29,5,17,3,1,5,static_rom_reconstructable,static_event_tail_opcode59_actor_controller,pack_family_context
cfg_t07_l078_v2,0x73,,0x73,F73-L001,1,CC:76D1,CC:76D5,CC:76DC,11,0x42,66,17,4,2,16,59 42 11 04 02 10,08 b9 13 02 08 b9 13 03 e8 b3 08 59 42 11 04 02 10,29,3,9,3,1,5,static_rom_reconstructable,static_event_tail_opcode59_actor_controller,pack_family_context
cfg_t07_l078_v2,0x73,,0x73,F73-L002,2,CC:76ED,CC:76FB,CC:7702,11,0x59,89,3,4,2,16,59 59 03 04 02 10,08 b9 13 04 08 b9 13 05 e8 b3 08 59 59 03 04 02 10,29,5,17,3,1,5,static_rom_reconstructable,static_event_tail_opcode59_actor_controller,pack_family_context
cfg_t07_l078_v2,0x73,,0x73,F73-L003,3,CC:7713,CC:7717,CC:771E,11,0x23,35,17,4,2,16,59 23 11 04 02 10,08 b9 13 04 08 b9 13 05 e8 b3 08 59 23 11 04 02 10,29,7,25,3,1,5,static_rom_reconstructable,static_event_tail_opcode59_actor_controller,pack_family_context
cfg_t07_l078_v2,0x73,,0x73,F73-L004,4,CC:772F,CC:7733,CC:773A,11,0x24,36,3,4,2,16,59 24 03 04 02 10,08 b9 13 06 08 b9 13 07 e8 b3 08 59 24 03 04 02 10,29,56,216,2,1,5,static_rom_reconstructable,static_event_tail_opcode59_actor_controller,pack_family_context
cfg_t07_l078_v2,0x73,,0x73,F73-L005,5,CC:774B,CC:776E,CC:7775,11,0x27,39,17,4,2,16,59 27 11 04 02 10,08 b9 13 06 08 b9 13 07 e8 b3 08 59 27 11 04 02 10,29,4,13,3,1,5,static_rom_reconstructable,static_event_tail_opcode59_actor_controller,pack_family_context
cfg_t07_l078_v2,0x73,,0x73,F73-L006,6,CC:7786,CC:778A,CC:7791,11,0x46,70,18,4,2,16,59 46 12 04 02 10,08 b9 13 06 08 b9 13 07 e8 b3 08 59 46 12 04 02 10,30,15,57,3,1,5,static_rom_reconstructable,static_event_tail_opcode59_actor_controller,pack_family_context
cfg_t07_l078_v2,0x73,,0x73,F73-L007,7,CC:77A2,CC:77A6,CC:77AD,11,0x40,64,3,4,2,16,59 40 03 04 02 10,08 b9 13 08 08 b9 13 09 e8 b3 08 59 40 03 04 02 10,29,2,5,3,1,5,static_rom_reconstructable,static_event_tail_opcode59_actor_controller,pack_family_context
cfg_t07_l078_v2,0x73,,0x73,F73-L008,8,CC:77BE,CC:77C2,CC:77C9,11,0x5A,90,16,5,2,16,59 5a 10 05 02 10,08 b9 13 08 08 b9 13 09 e8 b3 08 59 5a 10 05 02 10,29,1,1,3,1,5,static_rom_reconstructable,static_event_tail_opcode59_actor_controller,pack_family_context
cfg_t50_l178_v1,0x75,,0x75,F75-L001,1,CC:80EF,CC:8156,CC:815D,5,0x42,66,10,22,2,16,59 42 0a 16 02 10,7b 35 02 b3 08 59 42 0a 16 02 10,29,3,9,3,1,5,static_rom_reconstructable,static_event_tail_opcode59_actor_controller,pack_family_context
cfg_t50_l178_v1,0x75,,0x75,F75-L002,2,CC:8168,CC:8172,CC:8179,12,0x29,41,18,18,2,16,59 29 12 12 02 10,a3 d8 b4 0a 59 29 13 12 02 10 b2 08 59 29 12 12 02 10,44,22,69,7,1,5,static_rom_reconstructable,static_event_tail_opcode59_actor_controller,pack_family_context
cfg_t50_l178_v1,0x75,,0x75,F75-L003,3,CC:818B,CC:8197,CC:819E,0,0x29,41,16,28,2,16,59 29 10 1c 02 10,59 29 10 1c 02 10,44,22,69,7,1,5,static_rom_reconstructable,static_event_head_opcode59_actor_controller,pack_family_context
cfg_t50_l178_v1,0x75,,0x75,F75-L004,4,CC:81A4,CC:81DD,CC:81E4,0,0x29,41,22,28,2,16,59 29 16 1c 02 10,59 29 16 1c 02 10,44,22,69,7,1,5,static_rom_reconstructable,static_event_head_opcode59_actor_controller,pack_family_context
cfg_t50_l178_v1,0x75,,0x75,F75-L005,5,CC:81EA,CC:8200,CC:8207,9,0x42,66,21,56,2,16,59 42 15 38 02 10,09 00 82 cc 7b 35 08 b3 08 59 42 15 38 02 10,29,3,9,3,1,5,static_rom_reconstructable,static_event_tail_opcode59_actor_controller,pack_family_context
cfg_t50_l178_v1,0x75,,0x75,F75-L006,6,CC:8216,CC:821A,CC:8221,9,0x40,64,14,51,2,16,59 40 0e 33 02 10,09 1a 82 cc 7b 35 08 b3 08 59 40 0e 33 02 10,29,2,5,3,1,5,static_rom_reconstructable,static_event_tail_opcode59_actor_controller,pack_family_context
cfg_t50_l178_v1,0x75,,0x75,F75-L007,7,CC:8230,CC:823F,CC:8246,9,0x5A,90,16,51,2,16,59 5a 10 33 02 10,09 3f 82 cc 7b 35 08 b3 08 59 5a 10 33 02 10,29,1,1,3,1,5,static_rom_reconstructable,static_event_tail_opcode59_actor_controller,pack_family_context
cfg_t50_l178_v1,0x75,,0x75,F75-L008,8,CC:8255,CC:8264,CC:826B,9,0x40,64,18,51,2,16,59 40 12 33 02 10,09 64 82 cc 7b 35 08 b3 08 59 40 12 33 02 10,29,2,5,3,1,5,static_rom_reconstructable,static_event_tail_opcode59_actor_controller,pack_family_context
cfg_t50_l178_v1,0x75,,0x75,F75-L009,9,CC:827A,CC:8287,CC:828E,9,0x5A,90,20,51,2,16,59 5a 14 33 02 10,09 87 82 cc 7b 35 08 b3 08 59 5a 14 33 02 10,29,1,1,3,1,5,static_rom_reconstructable,static_event_tail_opcode59_actor_controller,pack_family_context
cfg_t50_l178_v1,0x75,,0x75,F75-L010,10,CC:829D,CC:82AD,CC:82B4,9,0x40,64,22,51,2,16,59 40 16 33 02 10,09 ad 82 cc 7b 35 08 b3 08 59 40 16 33 02 10,29,2,5,3,1,5,static_rom_reconstructable,static_event_tail_opcode59_actor_controller,pack_family_context
cfg_t50_l178_v1,0x75,,0x75,F75-L011,11,CC:82C3,CC:82D2,CC:82D9,9,0x5A,90,24,51,2,16,59 5a 18 33 02 10,09 d2 82 cc 7b 35 08 b3 08 59 5a 18 33 02 10,29,1,1,3,1,5,static_rom_reconstructable,static_event_tail_opcode59_actor_controller,pack_family_context
cfg_t50_l178_v1,0x75,,0x75,F75-L012,12,CC:82E8,CC:82F7,CC:82FE,9,0x40,64,26,51,2,16,59 40 1a 33 02 10,09 f7 82 cc 7b 35 08 b3 08 59 40 1a 33 02 10,29,2,5,3,1,5,static_rom_reconstructable,static_event_tail_opcode59_actor_controller,pack_family_context
cfg_t50_l178_v1,0x75,,0x75,F75-L013,13,CC:830D,CC:8492,CC:8499,0,0x29,41,27,16,3,16,59 29 1b 10 03 10,59 29 1b 10 03 10,44,22,69,7,1,5,static_rom_reconstructable,static_event_head_opcode59_actor_controller,pack_family_context
cfg_t50_l178_v1,0x75,,0x75,F75-L014,14,CC:849F,CC:84DF,CC:84E6,12,0x05,5,12,16,2,16,59 05 0c 10 02 10,c5 d5 29 19 e0 a0 f6 88 cc b6 b3 08 59 05 0c 10 02 10,9,23,61,2,1,5,static_rom_reconstructable,static_event_tail_opcode59_actor_controller,pack_family_context
cfg_t50_l178_v1,0x75,,0x75,F75-L015,15,CC:84F8,CC:8515,CC:851C,12,0x02,2,12,9,2,16,59 02 0c 09 02 10,c2 d5 29 19 e0 a0 f6 88 cc b6 b3 08 59 02 0c 09 02 10,2,7,14,2,1,5,static_rom_reconstructable,static_event_tail_opcode59_actor_controller,pack_family_context
cfg_t50_l178_v1,0x75,,0x75,F75-L016,16,CC:852E,CC:854B,CC:8552,12,0x03,3,17,9,2,16,59 03 11 09 02 10,c3 d5 29 19 e0 a0 f6 88 cc b6 b3 08 59 03 11 09 02 10,4,10,24,2,1,5,static_rom_reconstructable,static_event_tail_opcode59_actor_controller,pack_family_context
cfg_t50_l178_v1,0x75,,0x75,F75-L017,17,CC:8564,CC:8581,CC:8588,12,0x04,4,22,9,2,16,59 04 16 09 02 10,c4 d5 29 19 e0 a0 f6 88 cc b6 b3 08 59 04 16 09 02 10,6,16,37,2,1,5,static_rom_reconstructable,static_event_tail_opcode59_actor_controller,pack_family_context
cfg_t50_l178_v1,0x75,,0x75,F75-L018,18,CC:859A,CC:85B7,CC:85BE,12,0x09,9,27,9,2,16,59 09 1b 09 02 10,c9 d5 29 19 e0 a0 f6 88 cc b6 b3 08 59 09 1b 09 02 10,10,25,70,2,1,5,static_rom_reconstructable,static_event_tail_opcode59_actor_controller,pack_family_context
cfg_t50_l178_v1,0x75,,0x75,F75-L019,19,CC:85D0,CC:85ED,CC:85F4,12,0x06,6,60,14,2,16,59 06 3c 0e 02 10,c6 d5 29 19 e0 a0 f6 88 cc b6 b3 08 59 06 3c 0e 02 10,11,27,79,2,1,5,static_rom_reconstructable,static_event_tail_opcode59_actor_controller,pack_family_context
cfg_t50_l178_v1,0x75,,0x75,F75-L020,20,CC:8606,CC:8623,CC:862A,12,0x07,7,63,14,2,16,59 07 3f 0e 02 10,c7 d5 29 19 e0 a0 f6 88 cc b6 b3 08 59 07 3f 0e 02 10,11,29,88,2,1,5,static_rom_reconstructable,static_event_tail_opcode59_actor_controller,pack_family_context
cfg_t50_l178_v1,0x75,,0x75,F75-L021,21,CC:863C,CC:8659,CC:8660,13,0x11,17,71,6,2,16,59 11 47 06 02 10,ce 11 d5 29 19 e0 a0 f6 88 cc b6 b3 08 59 11 47 06 02 10,17,41,145,2,1,5,static_rom_reconstructable,static_event_tail_opcode59_actor_controller,pack_family_context
cfg_t50_l178_v1,0x75,,0x75,F75-L022,22,CC:8673,CC:8691,CC:8698,13,0x0F,15,61,7,2,16,59 0f 3d 07 02 10,ce 0f d5 29 19 e0 a0 f6 88 cc b6 b3 08 59 0f 3d 07 02 10,16,39,136,2,1,5,static_rom_reconstructable,static_event_tail_opcode59_actor_controller,pack_family_context
cfg_t50_l178_v1,0x75,,0x75,F75-L023,23,CC:86AB,CC:86C9,CC:86D0,13,0x10,16,68,7,2,16,59 10 44 07 02 10,ce 10 d5 29 19 e0 a0 f6 88 cc b6 b3 08 59 10 44 07 02 10,15,37,127,2,1,5,static_rom_reconstructable,static_event_tail_opcode59_actor_controller,pack_family_context
cfg_t50_l178_v1,0x75,,0x75,F75-L024,24,CC:86E3,CC:8701,CC:8708,12,0x08,8,65,6,2,16,59 08 41 06 02 10,c8 d5 29 19 e0 a0 f6 88 cc b6 b3 08 59 08 41 06 02 10,24,54,207,2,1,5,static_rom_reconstructable,static_event_tail_opcode59_actor_controller,pack_family_context
cfg_t50_l178_v1,0x75,,0x75,F75-L025,25,CC:871A,CC:8737,CC:873E,13,0x12,18,75,7,2,16,59 12 4b 07 02 10,ce 12 d5 29 19 e0 a0 f6 88 cc b6 b3 08 59 12 4b 07 02 10,19,45,163,2,1,5,static_rom_reconstructable,static_event_tail_opcode59_actor_controller,pack_family_context
cfg_t50_l178_v1,0x75,,0x75,F75-L026,26,CC:8751,CC:876F,CC:8776,13,0x13,19,73,14,2,16,59 13 49 0e 02 10,ce 13 d5 29 19 e0 a0 f6 88 cc b6 b3 08 59 13 49 0e 02 10,22,51,190,2,1,5,static_rom_reconstructable,static_event_tail_opcode59_actor_controller,pack_family_context
cfg_t50_l178_v1,0x75,,0x75,F75-L027,27,CC:8789,CC:87A7,CC:87AE,12,0x0D,13,76,14,2,16,59 0d 4c 0e 02 10,cd d5 29 19 e0 a0 f6 88 cc b6 b3 08 59 0d 4c 0e 02 10,8,21,52,2,1,5,static_rom_reconstructable,static_event_tail_opcode59_actor_controller,pack_family_context
cfg_t50_l178_v1,0x75,,0x75,F75-L028,28,CC:87C0,CC:87DD,CC:87E4,13,0x0E,14,123,10,2,16,59 0e 7b 0a 02 10,ce 0e d5 29 19 e0 a0 f6 88 cc b6 b3 08 59 0e 7b 0a 02 10,18,43,154,2,1,5,static_rom_reconstructable,static_event_tail_opcode59_actor_controller,pack_family_context
cfg_t50_l178_v1,0x75,,0x75,F75-L029,29,CC:87F7,CC:8815,CC:881C,13,0x14,20,122,3,2,16,59 14 7a 03 02 10,ce 14 d5 29 19 e0 a0 f6 88 cc b6 b3 08 59 14 7a 03 02 10,21,49,181,2,1,5,static_rom_reconstructable,static_event_tail_opcode59_actor_controller,pack_family_context
cfg_t50_l178_v1,0x75,,0x75,F75-L030,30,CC:882F,CC:884D,CC:8854,12,0x0A,10,109,10,2,16,59 0a 6d 0a 02 10,ca d5 29 19 e0 a0 f6 88 cc b6 b3 08 59 0a 6d 0a 02 10,20,47,172,2,1,5,static_rom_reconstructable,static_event_tail_opcode59_actor_controller,pack_family_context
cfg_t50_l178_v1,0x75,,0x75,F75-L031,31,CC:8866,CC:8883,CC:888A,12,0x6A,106,116,3,2,16,59 6a 74 03 02 10,cc d5 29 19 e0 a0 f6 88 cc b6 b3 08 59 6a 74 03 02 10,14,7,12,5,1,5,static_rom_reconstructable,static_event_tail_opcode59_actor_controller,pack_family_context
cfg_t50_l178_v1,0x75,,0x75,F75-L032,32,CC:889C,CC:88B9,CC:88C0,12,0x0B,11,110,3,2,16,59 0b 6e 03 02 10,cb d5 29 19 e0 a0 f6 88 cc b6 b3 08 59 0b 6e 03 02 10,12,31,97,2,1,5,static_rom_reconstructable,static_event_tail_opcode59_actor_controller,pack_family_context
cfg_t46_l170_v2,0x78,,0x78,F78-L001,1,CC:930F,CC:9313,CC:931A,0,0x29,41,26,9,2,65,59 29 1a 09 02 41,59 29 1a 09 02 41,44,22,69,7,1,5,static_rom_reconstructable,static_event_head_opcode59_actor_controller,pack_family_context
cfg_t46_l170_v2,0x78,,0x78,F78-L002,2,CC:9320,CC:9324,CC:932B,0,0x29,41,21,6,2,0,59 29 15 06 02 00,59 29 15 06 02 00,44,22,69,7,1,5,static_rom_reconstructable,static_event_head_opcode59_actor_controller,pack_family_context
cfg_t46_l170_v2,0x78,,0x78,F78-L003,3,CC:9331,CC:9335,CC:933C,0,0x29,41,14,11,2,0,59 29 0e 0b 02 00,59 29 0e 0b 02 00,44,22,69,7,1,5,static_rom_reconstructable,static_event_head_opcode59_actor_controller,pack_family_context
cfg_t46_l170_v2,0x78,,0x78,F78-L004,4,CC:9342,CC:9346,CC:934D,0,0x3F,63,17,16,2,0,59 3f 11 10 02 00,59 3f 11 10 02 00,29,5,17,3,1,5,static_rom_reconstructable,static_event_head_opcode59_actor_controller,pack_family_context
cfg_t46_l170_v2,0x78,,0x78,F78-L005,5,CC:9353,CC:9357,CC:935E,0,0x29,41,12,16,2,16,59 29 0c 10 02 10,59 29 0c 10 02 10,44,22,69,7,1,5,static_rom_reconstructable,static_event_head_opcode59_actor_controller,pack_family_context
cfg_t46_l170_v2,0x78,,0x78,F78-L006,6,CC:9364,CC:9368,CC:936F,0,0x59,89,6,7,2,65,59 59 06 07 02 41,59 59 06 07 02 41,29,5,17,3,1,5,static_rom_reconstructable,static_event_head_opcode59_actor_controller,pack_family_context
cfg_t46_l170_v2,0x79,,0x79,F79-L001,1,CC:9518,CC:96BA,CC:96C1,6,0x42,66,52,19,2,16,59 42 34 13 02 10,08 b9 13 06 b3 08 59 42 34 13 02 10,29,3,9,3,1,5,static_rom_reconstructable,static_event_tail_opcode59_actor_controller,pack_family_context
cfg_t46_l170_v2,0x79,,0x79,F79-L002,2,CC:96CD,CC:96EC,CC:96F3,6,0x42,66,53,3,2,16,59 42 35 03 02 10,08 b9 13 07 b3 08 59 42 35 03 02 10,29,3,9,3,1,5,static_rom_reconstructable,static_event_tail_opcode59_actor_controller,pack_family_context
cfg_t46_l170_v2,0x79,,0x79,F79-L003,3,CC:96FF,CC:9709,CC:9710,6,0x42,66,52,3,2,16,59 42 34 03 02 10,08 b9 13 07 b3 08 59 42 34 03 02 10,29,3,9,3,1,5,static_rom_reconstructable,static_event_tail_opcode59_actor_controller,pack_family_context
cfg_t46_l170_v2,0x79,,0x79,F79-L004,4,CC:971C,CC:9726,CC:972D,6,0x29,41,53,3,2,16,59 29 35 03 02 10,08 b9 13 08 b3 08 59 29 35 03 02 10,44,22,69,7,1,5,static_rom_reconstructable,static_event_tail_opcode59_actor_controller,pack_family_context
cfg_t39_l156_v1,0x7C,,0x7C,F7C-L001,1,CC:9AE6,CC:9AF6,CC:9AFD,4,0x2F,47,23,76,2,16,59 2f 17 4c 02 10,a3 16 b4 08 59 2f 17 4c 02 10,31,22,85,3,1,5,static_rom_reconstructable,static_event_tail_opcode59_actor_controller,pack_family_context
cfg_t39_l156_v1,0x7C,,0x7C,F7C-L002,2,CC:9B07,CC:9B17,CC:9B1E,4,0x30,48,24,76,2,16,59 30 18 4c 02 10,a3 17 b4 08 59 30 18 4c 02 10,31,21,81,3,1,5,static_rom_reconstructable,static_event_tail_opcode59_actor_controller,pack_family_context
cfg_t39_l156_v1,0x7C,,0x7C,F7C-L003,3,CC:9B28,CC:9B38,CC:9B3F,4,0x2F,47,25,76,2,16,59 2f 19 4c 02 10,a3 18 b4 08 59 2f 19 4c 02 10,31,22,85,3,1,5,static_rom_reconstructable,static_event_tail_opcode59_actor_controller,pack_family_context
cfg_t39_l156_v1,0x7C,,0x7C,F7C-L004,4,CC:9B49,CC:9B59,CC:9B60,4,0x30,48,26,76,2,16,59 30 1a 4c 02 10,a3 19 b4 08 59 30 1a 4c 02 10,31,21,81,3,1,5,static_rom_reconstructable,static_event_tail_opcode59_actor_controller,pack_family_context
cfg_t40_l159_v2,0x7D,,0x7D,F7D-L001,1,CC:A097,CC:A0CF,CC:A0D6,0,0x43,67,86,24,2,16,59 43 56 18 02 10,59 43 56 18 02 10,30,11,41,3,1,5,static_rom_reconstructable,static_event_head_opcode59_actor_controller,pack_family_context
cfg_t05_l020_v2,0x80,,0x80,F80-L001,1,CC:A7DC,CC:A7E8,CC:A7EF,0,0x2E,46,23,25,2,16,59 2e 17 19 02 10,59 2e 17 19 02 10,31,20,77,3,1,5,static_rom_reconstructable,static_event_head_opcode59_actor_controller,pack_family_context
cfg_t05_l020_v2,0x80,,0x80,F80-L002,2,CC:A7F5,CC:A801,CC:A808,0,0x2E,46,31,20,2,16,59 2e 1f 14 02 10,59 2e 1f 14 02 10,31,20,77,3,1,5,static_rom_reconstructable,static_event_head_opcode59_actor_controller,pack_family_context
cfg_t05_l020_v2,0x80,,0x80,F80-L003,3,CC:A80E,CC:A81A,CC:A821,0,0x2E,46,19,19,2,16,59 2e 13 13 02 10,59 2e 13 13 02 10,31,20,77,3,1,5,static_rom_reconstructable,static_event_head_opcode59_actor_controller,pack_family_context
cfg_t05_l020_v2,0x80,,0x80,F80-L004,4,CC:A827,CC:A833,CC:A83A,0,0x43,67,13,26,2,16,59 43 0d 1a 02 10,59 43 0d 1a 02 10,30,11,41,3,1,5,static_rom_reconstructable,static_event_head_opcode59_actor_controller,pack_family_context
cfg_t04_l057_v2,0x81,,0x81,F81-L001,1,CC:A9E0,CC:A9F4,CC:A9FB,4,0x40,64,32,31,2,144,59 40 20 1f 02 90,a3 a3 b4 08 59 40 20 1f 02 90,29,2,5,3,1,5,static_rom_reconstructable,static_event_tail_opcode59_actor_controller,pack_family_context
cfg_t04_l058_v2,0x81,,0x81,F81-L001,1,CC:A9E0,CC:A9F4,CC:A9FB,4,0x40,64,32,31,2,144,59 40 20 1f 02 90,a3 a3 b4 08 59 40 20 1f 02 90,29,2,5,3,1,5,static_rom_reconstructable,static_event_tail_opcode59_actor_controller,pack_family_context
cfg_t04_l057_v2,0x81,,0x81,F81-L002,2,CC:AA05,CC:AA21,CC:AA28,4,0x5A,90,36,29,2,144,59 5a 24 1d 02 90,a3 a3 b4 08 59 5a 24 1d 02 90,29,1,1,3,1,5,static_rom_reconstructable,static_event_tail_opcode59_actor_controller,pack_family_context
cfg_t04_l058_v2,0x81,,0x81,F81-L002,2,CC:AA05,CC:AA21,CC:AA28,4,0x5A,90,36,29,2,144,59 5a 24 1d 02 90,a3 a3 b4 08 59 5a 24 1d 02 90,29,1,1,3,1,5,static_rom_reconstructable,static_event_tail_opcode59_actor_controller,pack_family_context
cfg_t04_l057_v2,0x81,,0x81,F81-L003,3,CC:AA32,CC:AA4C,CC:AA53,4,0x59,89,28,37,2,144,59 59 1c 25 02 90,a3 a3 b4 08 59 59 1c 25 02 90,29,5,17,3,1,5,static_rom_reconstructable,static_event_tail_opcode59_actor_controller,pack_family_context
cfg_t04_l058_v2,0x81,,0x81,F81-L003,3,CC:AA32,CC:AA4C,CC:AA53,4,0x59,89,28,37,2,144,59 59 1c 25 02 90,a3 a3 b4 08 59 59 1c 25 02 90,29,5,17,3,1,5,static_rom_reconstructable,static_event_tail_opcode59_actor_controller,pack_family_context
cfg_t04_l057_v2,0x81,,0x81,F81-L004,4,CC:AA5D,CC:AA79,CC:AA80,4,0x30,48,35,25,2,144,59 30 23 19 02 90,a3 a3 b4 08 59 30 23 19 02 90,31,21,81,3,1,5,static_rom_reconstructable,static_event_tail_opcode59_actor_controller,pack_family_context
cfg_t04_l058_v2,0x81,,0x81,F81-L004,4,CC:AA5D,CC:AA79,CC:AA80,4,0x30,48,35,25,2,144,59 30 23 19 02 90,a3 a3 b4 08 59 30 23 19 02 90,31,21,81,3,1,5,static_rom_reconstructable,static_event_tail_opcode59_actor_controller,pack_family_context
cfg_t04_l057_v2,0x81,,0x81,F81-L005,5,CC:AA8A,CC:AAA6,CC:AAAD,4,0x2F,47,51,36,2,144,59 2f 33 24 02 90,a3 a3 b4 08 59 2f 33 24 02 90,31,22,85,3,1,5,static_rom_reconstructable,static_event_tail_opcode59_actor_controller,pack_family_context
cfg_t04_l058_v2,0x81,,0x81,F81-L005,5,CC:AA8A,CC:AAA6,CC:AAAD,4,0x2F,47,51,36,2,144,59 2f 33 24 02 90,a3 a3 b4 08 59 2f 33 24 02 90,31,22,85,3,1,5,static_rom_reconstructable,static_event_tail_opcode59_actor_controller,pack_family_context
cfg_t04_l057_v2,0x81,,0x81,F81-L006,6,CC:AAB7,CC:AAD3,CC:AADA,4,0x2F,47,43,35,2,144,59 2f 2b 23 02 90,a3 a3 b4 08 59 2f 2b 23 02 90,31,22,85,3,1,5,static_rom_reconstructable,static_event_tail_opcode59_actor_controller,pack_family_context
cfg_t04_l058_v2,0x81,,0x81,F81-L006,6,CC:AAB7,CC:AAD3,CC:AADA,4,0x2F,47,43,35,2,144,59 2f 2b 23 02 90,a3 a3 b4 08 59 2f 2b 23 02 90,31,22,85,3,1,5,static_rom_reconstructable,static_event_tail_opcode59_actor_controller,pack_family_context
cfg_t04_l057_v2,0x81,,0x81,F81-L008,8,CC:AE6F,CC:B089,CC:B090,4,0x30,48,47,30,2,16,59 30 2f 1e 02 10,a3 a4 b4 08 59 30 2f 1e 02 10,31,21,81,3,1,5,static_rom_reconstructable,static_event_tail_opcode59_actor_controller,pack_family_context
cfg_t04_l058_v2,0x81,,0x81,F81-L008,8,CC:AE6F,CC:B089,CC:B090,4,0x30,48,47,30,2,16,59 30 2f 1e 02 10,a3 a4 b4 08 59 30 2f 1e 02 10,31,21,81,3,1,5,static_rom_reconstructable,static_event_tail_opcode59_actor_controller,pack_family_context
cfg_t04_l057_v2,0x81,,0x81,F81-L009,9,CC:B09A,CC:B09E,CC:B0A5,4,0x30,48,49,30,2,16,59 30 31 1e 02 10,a3 a4 b4 08 59 30 31 1e 02 10,31,21,81,3,1,5,static_rom_reconstructable,static_event_tail_opcode59_actor_controller,pack_family_context
cfg_t04_l058_v2,0x81,,0x81,F81-L009,9,CC:B09A,CC:B09E,CC:B0A5,4,0x30,48,49,30,2,16,59 30 31 1e 02 10,a3 a4 b4 08 59 30 31 1e 02 10,31,21,81,3,1,5,static_rom_reconstructable,static_event_tail_opcode59_actor_controller,pack_family_context
cfg_t04_l059_v2,0x82,,0x82,F82-L001,1,CC:B3AE,CC:B3C2,CC:B3C9,4,0x59,89,30,42,2,16,59 59 1e 2a 02 10,a3 ad b3 08 59 59 1e 2a 02 10,29,5,17,3,1,5,static_rom_reconstructable,static_event_tail_opcode59_actor_controller,pack_family_context
cfg_t04_l059_v2,0x82,,0x82,F82-L002,2,CC:B3D3,CC:B3DF,CC:B3E6,4,0x27,39,47,36,2,16,59 27 2f 24 02 10,a3 ad b3 08 59 27 2f 24 02 10,29,4,13,3,1,5,static_rom_reconstructable,static_event_tail_opcode59_actor_controller,pack_family_context
cfg_t04_l059_v2,0x82,,0x82,F82-L003,3,CC:B3F0,CC:B40A,CC:B411,4,0x5B,91,28,51,1,16,59 5b 1c 33 01 10,a3 ad b3 08 59 5b 1c 33 01 10,30,8,29,3,1,5,static_rom_reconstructable,static_event_tail_opcode59_actor_controller,pack_family_context
cfg_t04_l059_v2,0x82,,0x82,F82-L004,4,CC:B41B,CC:B42B,CC:B432,4,0x30,48,29,51,3,16,59 30 1d 33 03 10,a3 ad b3 08 59 30 1d 33 03 10,31,21,81,3,1,5,static_rom_reconstructable,static_event_tail_opcode59_actor_controller,pack_family_context
cfg_t04_l059_v2,0x82,,0x82,F82-L005,5,CC:B43C,CC:B44C,CC:B453,4,0x2F,47,48,46,2,16,59 2f 30 2e 02 10,a3 ad b3 08 59 2f 30 2e 02 10,31,22,85,3,1,5,static_rom_reconstructable,static_event_tail_opcode59_actor_controller,pack_family_context
cfg_t04_l059_v2,0x82,,0x82,F82-L006,6,CC:B45D,CC:B469,CC:B470,4,0x23,35,51,43,2,16,59 23 33 2b 02 10,a3 ad b3 08 59 23 33 2b 02 10,29,7,25,3,1,5,static_rom_reconstructable,static_event_tail_opcode59_actor_controller,pack_family_context
cfg_t04_l059_v2,0x82,,0x82,F82-L007,7,CC:B47A,CC:B486,CC:B48D,4,0x3F,63,25,25,2,16,59 3f 19 19 02 10,a3 ad b3 08 59 3f 19 19 02 10,29,5,17,3,1,5,static_rom_reconstructable,static_event_tail_opcode59_actor_controller,pack_family_context
cfg_t04_l059_v2,0x82,,0x82,F82-L008,8,CC:B497,CC:B4B1,CC:B4B8,4,0x40,64,32,23,2,16,59 40 20 17 02 10,a3 ad b3 08 59 40 20 17 02 10,29,2,5,3,1,5,static_rom_reconstructable,static_event_tail_opcode59_actor_controller,pack_family_context
cfg_t04_l059_v2,0x82,,0x82,F82-L009,9,CC:B4C2,CC:B6D6,CC:B6DD,4,0x6C,108,29,25,2,16,59 6c 1d 19 02 10,a3 ad b4 08 59 6c 1d 19 02 10,32,53,216,3,1,5,static_rom_reconstructable,static_event_tail_opcode59_actor_controller,pack_family_context
cfg_t04_l059_v2,0x82,,0x82,F82-L010,10,CC:B6E7,CC:B6EE,CC:B6F5,4,0x6D,109,31,25,2,16,59 6d 1f 19 02 10,a3 ad b4 08 59 6d 1f 19 02 10,32,54,220,3,1,5,static_rom_reconstructable,static_event_tail_opcode59_actor_controller,pack_family_context
cfg_t04_l070_v2,0x83,,0x83,F83-L003,3,CC:B929,CC:B93D,CC:B944,4,0x40,64,34,17,2,0,59 40 22 11 02 00,a3 b9 b3 08 59 40 22 11 02 00,29,2,5,3,1,5,static_rom_reconstructable,static_event_tail_opcode59_actor_controller,pack_family_context
cfg_t04_l070_v2,0x83,,0x83,F83-L004,4,CC:B94E,CC:B95A,CC:B961,4,0x59,89,45,22,2,0,59 59 2d 16 02 00,a3 b9 b3 08 59 59 2d 16 02 00,29,5,17,3,1,5,static_rom_reconstructable,static_event_tail_opcode59_actor_controller,pack_family_context
cfg_t04_l070_v2,0x83,,0x83,F83-L005,5,CC:B96B,CC:B986,CC:B98D,4,0x5B,91,40,29,2,16,59 5b 28 1d 02 10,a3 b9 b3 08 59 5b 28 1d 02 10,30,8,29,3,1,5,static_rom_reconstructable,static_event_tail_opcode59_actor_controller,pack_family_context
cfg_t04_l070_v2,0x83,,0x83,F83-L006,6,CC:B997,CC:B9A3,CC:B9AA,4,0x43,67,40,38,2,0,59 43 28 26 02 00,a3 b9 b3 08 59 43 28 26 02 00,30,11,41,3,1,5,static_rom_reconstructable,static_event_tail_opcode59_actor_controller,pack_family_context
cfg_t04_l070_v2,0x83,,0x83,F83-L007,7,CC:B9B4,CC:B9C0,CC:B9C7,4,0x5A,90,33,46,2,0,59 5a 21 2e 02 00,a3 b9 b3 08 59 5a 21 2e 02 00,29,1,1,3,1,5,static_rom_reconstructable,static_event_tail_opcode59_actor_controller,pack_family_context
cfg_t04_l070_v2,0x83,,0x83,F83-L008,8,CC:B9D1,CC:B9DD,CC:B9E4,4,0x42,66,21,39,2,0,59 42 15 27 02 00,a3 bd b3 08 59 42 15 27 02 00,29,3,9,3,1,5,static_rom_reconstructable,static_event_tail_opcode59_actor_controller,pack_family_context
cfg_t04_l070_v2,0x83,,0x83,F83-L009,9,CC:B9EE,CC:B9F2,CC:B9F9,4,0x5A,90,35,24,2,0,59 5a 23 18 02 00,a3 bd b3 08 59 5a 23 18 02 00,29,1,1,3,1,5,static_rom_reconstructable,static_event_tail_opcode59_actor_controller,pack_family_context
cfg_t04_l070_v2,0x83,,0x83,F83-L010,10,CC:BA03,CC:BA07,CC:BA0E,4,0x30,48,46,15,2,0,59 30 2e 0f 02 00,a3 bd b3 08 59 30 2e 0f 02 00,31,21,81,3,1,5,static_rom_reconstructable,static_event_tail_opcode59_actor_controller,pack_family_context
cfg_t04_l070_v2,0x83,,0x83,F83-L011,11,CC:BA18,CC:BA1C,CC:BA23,4,0x2F,47,34,34,2,0,59 2f 22 22 02 00,a3 bd b3 08 59 2f 22 22 02 00,31,22,85,3,1,5,static_rom_reconstructable,static_event_tail_opcode59_actor_controller,pack_family_context
cfg_t04_l070_v2,0x83,,0x83,F83-L012,12,CC:BA2D,CC:BA31,CC:BA38,4,0x27,39,31,29,2,0,59 27 1f 1d 02 00,a3 b9 b3 08 59 27 1f 1d 02 00,29,4,13,3,1,5,static_rom_reconstructable,static_event_tail_opcode59_actor_controller,pack_family_context
cfg_t04_l070_v2,0x83,,0x83,F83-L013,13,CC:BA42,CC:BA4E,CC:BA55,4,0x24,36,22,47,2,0,59 24 16 2f 02 00,a3 bd b3 08 59 24 16 2f 02 00,29,56,216,2,1,5,static_rom_reconstructable,static_event_tail_opcode59_actor_controller,pack_family_context
cfg_t07_l072_v2,0x84,,0x84,F84-L001,1,CC:BB17,CC:BB2C,CC:BB33,18,0x23,35,17,20,2,16,59 23 11 14 02 10,08 b9 13 15 b4 0e a3 bd b4 08 59 23 05 0c 01 10 b2 08 59 23 11 14 02 10,29,7,25,3,1,5,static_rom_reconstructable,static_event_tail_opcode59_actor_controller,pack_family_context
cfg_t04_l074_v2,0x85,,0x85,F85-L001,1,CC:BCFB,CC:BD05,CC:BD0C,23,0x24,36,22,40,4,16,59 24 16 28 04 10,08 b9 13 02 a3 bd e7 b3 0a 59 24 12 0e 02 10 b2 0e 08 b9 13 15 b3 08 59 24 16 28 04 10,29,56,216,2,1,5,static_rom_reconstructable,static_event_tail_opcode59_actor_controller,pack_family_context
cfg_t04_l073_v2,0x85,,0x85,F85-L001,1,CC:BCFB,CC:BD05,CC:BD0C,23,0x24,36,22,40,4,16,59 24 16 28 04 10,08 b9 13 02 a3 bd e7 b3 0a 59 24 12 0e 02 10 b2 0e 08 b9 13 15 b3 08 59 24 16 28 04 10,29,56,216,2,1,5,static_rom_reconstructable,static_event_tail_opcode59_actor_controller,pack_family_context
cfg_t04_l074_v2,0x85,,0x85,F85-L002,2,CC:BD29,CC:BD33,CC:BD3A,23,0x23,35,22,40,4,16,59 23 16 28 04 10,08 b9 13 02 a3 bd e7 b3 0a 59 23 13 0f 03 10 b2 0e 08 b9 13 15 b3 08 59 23 16 28 04 10,29,7,25,3,1,5,static_rom_reconstructable,static_event_tail_opcode59_actor_controller,pack_family_context
cfg_t04_l073_v2,0x85,,0x85,F85-L002,2,CC:BD29,CC:BD33,CC:BD3A,23,0x23,35,22,40,4,16,59 23 16 28 04 10,08 b9 13 02 a3 bd e7 b3 0a 59 23 13 0f 03 10 b2 0e 08 b9 13 15 b3 08 59 23 16 28 04 10,29,7,25,3,1,5,static_rom_reconstructable,static_event_tail_opcode59_actor_controller,pack_family_context
cfg_t44_l167_v1,0x87,,0x87,F87-L001,1,CC:C04E,CC:C087,CC:C08E,0,0x10,16,18,48,2,0,59 10 12 30 02 00,59 10 12 30 02 00,15,37,127,2,1,5,static_rom_reconstructable,static_event_head_opcode59_actor_controller,pack_family_context
cfg_t45_l168_v2,0x88,,0x88,F88-L001,1,CC:C2FE,CC:C302,CC:C309,0,0x0F,15,41,19,2,16,59 0f 29 13 02 10,59 0f 29 13 02 10,16,39,136,2,1,5,static_rom_reconstructable,static_event_head_opcode59_actor_controller,pack_family_context
cfg_t45_l168_v2,0x88,,0x88,F88-L002,2,CC:C30F,CC:C313,CC:C31A,0,0x11,17,41,35,4,16,59 11 29 23 04 10,59 11 29 23 04 10,17,41,145,2,1,5,static_rom_reconstructable,static_event_head_opcode59_actor_controller,pack_family_context
cfg_t45_l168_v2,0x88,,0x88,F88-L003,3,CC:C320,CC:C324,CC:C32B,0,0x11,17,46,19,4,16,59 11 2e 13 04 10,59 11 2e 13 04 10,17,41,145,2,1,5,static_rom_reconstructable,static_event_head_opcode59_actor_controller,pack_family_context
cfg_t45_l168_v2,0x89,,0x89,F89-L001,1,CC:C5E9,CC:C5ED,CC:C5F4,4,0x0F,15,6,19,2,16,59 0f 06 13 02 10,a3 93 b4 08 59 0f 06 13 02 10,16,39,136,2,1,5,static_rom_reconstructable,static_event_tail_opcode59_actor_controller,pack_family_context
cfg_t45_l168_v2,0x89,,0x89,F89-L002,2,CC:C5FE,CC:C61B,CC:C622,0,0x11,17,46,19,2,16,59 11 2e 13 02 10,59 11 2e 13 02 10,17,41,145,2,1,5,static_rom_reconstructable,static_event_head_opcode59_actor_controller,pack_family_context
cfg_t04_l061_v2,0x8B,,0x8B,F8B-L001,1,CC:C799,CC:C7ED,CC:C7F4,13,0x71,113,28,37,2,0,59 71 1c 25 02 00,21 a0 80 b4 0a 59 71 1f 20 03 10 b2 08 59 71 1c 25 02 00,32,58,236,3,1,5,static_rom_reconstructable,static_event_tail_opcode59_actor_controller,pack_family_context
cfg_t04_l061_v2,0x8B,,0x8B,F8B-L002,2,CC:C807,CC:C826,CC:C82D,13,0x71,113,19,36,2,0,59 71 13 24 02 00,21 a0 80 b4 0a 59 71 1d 22 04 10 b2 08 59 71 13 24 02 00,32,58,236,3,1,5,static_rom_reconstructable,static_event_tail_opcode59_actor_controller,pack_family_context
cfg_t04_l061_v2,0x8B,,0x8B,F8B-L003,3,CC:C840,CC:C85F,CC:C866,13,0x71,113,36,26,2,0,59 71 24 1a 02 00,21 a0 80 b4 0a 59 71 1b 20 01 10 b2 08 59 71 24 1a 02 00,32,58,236,3,1,5,static_rom_reconstructable,static_event_tail_opcode59_actor_controller,pack_family_context
cfg_t04_l062_v2,0x8C,,0x8C,F8C-L001,1,CC:C94A,CC:C94E,CC:C955,0,0x0E,14,24,19,2,0,59 0e 18 13 02 00,59 0e 18 13 02 00,18,43,154,2,1,5,static_rom_reconstructable,static_event_head_opcode59_actor_controller,pack_family_context
cfg_t04_l062_v2,0x8C,,0x8C,F8C-L002,2,CC:C95B,CC:C967,CC:C96E,0,0x0E,14,39,23,2,0,59 0e 27 17 02 00,59 0e 27 17 02 00,18,43,154,2,1,5,static_rom_reconstructable,static_event_head_opcode59_actor_controller,pack_family_context
cfg_t04_l062_v2,0x8C,,0x8C,F8C-L003,3,CC:C974,CC:C980,CC:C987,0,0x0E,14,41,30,2,0,59 0e 29 1e 02 00,59 0e 29 1e 02 00,18,43,154,2,1,5,static_rom_reconstructable,static_event_head_opcode59_actor_controller,pack_family_context
cfg_t04_l062_v2,0x8C,,0x8C,F8C-L004,4,CC:C98D,CC:C999,CC:C9A0,0,0x0E,14,36,36,2,0,59 0e 24 24 02 00,59 0e 24 24 02 00,18,43,154,2,1,5,static_rom_reconstructable,static_event_head_opcode59_actor_controller,pack_family_context
cfg_t04_l062_v2,0x8C,,0x8C,F8C-L005,5,CC:C9A6,CC:C9CB,CC:C9D2,0,0x0E,14,24,31,2,0,59 0e 18 1f 02 00,59 0e 18 1f 02 00,18,43,154,2,1,5,static_rom_reconstructable,static_event_head_opcode59_actor_controller,pack_family_context
cfg_t04_l062_v2,0x8C,,0x8C,F8C-L006,6,CC:C9D8,CC:C9EA,CC:C9F1,0,0x0E,14,22,39,2,0,59 0e 16 27 02 00,59 0e 16 27 02 00,18,43,154,2,1,5,static_rom_reconstructable,static_event_head_opcode59_actor_controller,pack_family_context
cfg_t04_l062_v2,0x8C,,0x8C,F8C-L007,7,CC:C9F7,CC:CA03,CC:CA0A,4,0x0E,14,29,29,2,0,59 0e 1d 1d 02 00,a3 ab b4 08 59 0e 1d 1d 02 00,18,43,154,2,1,5,static_rom_reconstructable,static_event_tail_opcode59_actor_controller,pack_family_context
cfg_t07_l084_v2,0x8D,,0x8D,F8D-L001,1,CC:CAC7,CC:CAD9,CC:CAE0,6,0x0E,14,4,4,2,16,59 0e 04 04 02 10,08 b9 13 03 b3 08 59 0e 04 04 02 10,18,43,154,2,1,5,static_rom_reconstructable,static_event_tail_opcode59_actor_controller,pack_family_context
cfg_t07_l084_v2,0x8D,,0x8D,F8D-L002,2,CC:CAEC,CC:CAF8,CC:CAFF,6,0x0E,14,4,4,2,16,59 0e 04 04 02 10,08 b9 13 04 b3 08 59 0e 04 04 02 10,18,43,154,2,1,5,static_rom_reconstructable,static_event_tail_opcode59_actor_controller,pack_family_context
cfg_t07_l084_v2,0x8D,,0x8D,F8D-L003,3,CC:CB0B,CC:CB17,CC:CB1E,6,0x0E,14,4,4,2,16,59 0e 04 04 02 10,08 b9 13 06 b3 08 59 0e 04 04 02 10,18,43,154,2,1,5,static_rom_reconstructable,static_event_tail_opcode59_actor_controller,pack_family_context
cfg_t07_l084_v2,0x8D,,0x8D,F8D-L004,4,CC:CB2A,CC:CB36,CC:CB3D,6,0x71,113,4,4,2,16,59 71 04 04 02 10,08 b9 13 07 b3 08 59 71 04 04 02 10,32,58,236,3,1,5,static_rom_reconstructable,static_event_tail_opcode59_actor_controller,pack_family_context
cfg_t07_l084_v2,0x8D,,0x8D,F8D-L005,5,CC:CB49,CC:CBAE,CC:CBB5,6,0x71,113,4,4,2,16,59 71 04 04 02 10,08 b9 13 08 b3 08 59 71 04 04 02 10,32,58,236,3,1,5,static_rom_reconstructable,static_event_tail_opcode59_actor_controller,pack_family_context
cfg_t07_l084_v2,0x8D,,0x8D,F8D-L006,6,CC:CBC1,CC:CBCE,CC:CBD5,6,0x71,113,4,4,2,16,59 71 04 04 02 10,08 b9 13 09 b3 08 59 71 04 04 02 10,32,58,236,3,1,5,static_rom_reconstructable,static_event_tail_opcode59_actor_controller,pack_family_context
cfg_t07_l084_v2,0x8D,,0x8D,F8D-L007,7,CC:CBE1,CC:CBEE,CC:CBF5,6,0x71,113,4,4,2,16,59 71 04 04 02 10,08 b9 13 0a b3 08 59 71 04 04 02 10,32,58,236,3,1,5,static_rom_reconstructable,static_event_tail_opcode59_actor_controller,pack_family_context
cfg_t07_l084_v2,0x8D,,0x8D,F8D-L008,8,CC:CC01,CC:CC30,CC:CC37,6,0x71,113,4,4,2,16,59 71 04 04 02 10,08 b9 13 0b b3 08 59 71 04 04 02 10,32,58,236,3,1,5,static_rom_reconstructable,static_event_tail_opcode59_actor_controller,pack_family_context
cfg_t04_l060_v1,0x8E,,0x8E,F8E-L001,1,CC:CD11,CC:CD15,CC:CD1C,12,0x3C,60,32,61,2,16,59 3c 20 3d 02 10,a3 e9 b4 0a 59 3c 1f 3d 02 10 b2 08 59 3c 20 3d 02 10,34,34,133,3,1,5,static_rom_reconstructable,static_event_tail_opcode59_actor_controller,pack_family_context
cfg_t04_l060_v1,0x8E,,0x8E,F8E-L002,2,CC:CD2E,CC:CD55,CC:CD5C,0,0x3C,60,23,59,2,0,59 3c 17 3b 02 00,59 3c 17 3b 02 00,34,34,133,3,1,5,static_rom_reconstructable,static_event_head_opcode59_actor_controller,pack_family_context
cfg_t04_l060_v1,0x8E,,0x8E,F8E-L003,3,CC:CD62,CC:CD76,CC:CD7D,0,0x3C,60,32,33,2,0,59 3c 20 21 02 00,59 3c 20 21 02 00,34,34,133,3,1,5,static_rom_reconstructable,static_event_head_opcode59_actor_controller,pack_family_context
cfg_t04_l060_v1,0x8E,,0x8E,F8E-L004,4,CC:CD83,CC:CD95,CC:CD9C,0,0x3C,60,27,27,2,0,59 3c 1b 1b 02 00,59 3c 1b 1b 02 00,34,34,133,3,1,5,static_rom_reconstructable,static_event_head_opcode59_actor_controller,pack_family_context
cfg_t04_l060_v1,0x8E,,0x8E,F8E-L005,5,CC:CDA2,CC:CDA6,CC:CDAD,0,0x3C,60,36,39,2,0,59 3c 24 27 02 00,59 3c 24 27 02 00,34,34,133,3,1,5,static_rom_reconstructable,static_event_head_opcode59_actor_controller,pack_family_context
cfg_t04_l060_v1,0x8E,,0x8E,F8E-L006,6,CC:CDB3,CC:CDC5,CC:CDCC,10,0x3C,60,25,23,2,16,59 3c 19 17 02 10,21 8b 80 e1 a3 c6 e1 e7 b3 08 59 3c 19 17 02 10,34,34,133,3,1,5,static_rom_reconstructable,static_event_tail_opcode59_actor_controller,pack_family_context
cfg_t53_l186_v2,0x8F,,0x8F,F8F-L001,1,CC:CEF6,CC:CEFA,CC:CF01,0,0x33,51,32,13,2,0,59 33 20 0d 02 00,59 33 20 0d 02 00,31,18,69,3,1,5,static_rom_reconstructable,static_event_head_opcode59_actor_controller,pack_family_context
cfg_t53_l186_v2,0x8F,,0x8F,F8F-L002,2,CC:CF07,CC:CF0B,CC:CF12,0,0x33,51,26,28,2,0,59 33 1a 1c 02 00,59 33 1a 1c 02 00,31,18,69,3,1,5,static_rom_reconstructable,static_event_head_opcode59_actor_controller,pack_family_context
cfg_t53_l186_v2,0x8F,,0x8F,F8F-L003,3,CC:CF18,CC:CF1C,CC:CF23,0,0x33,51,25,36,2,0,59 33 19 24 02 00,59 33 19 24 02 00,31,18,69,3,1,5,static_rom_reconstructable,static_event_head_opcode59_actor_controller,pack_family_context
cfg_t53_l186_v2,0x8F,,0x8F,F8F-L004,4,CC:CF29,CC:CF2D,CC:CF34,0,0x33,51,43,35,2,0,59 33 2b 23 02 00,59 33 2b 23 02 00,31,18,69,3,1,5,static_rom_reconstructable,static_event_head_opcode59_actor_controller,pack_family_context
cfg_t53_l186_v2,0x8F,,0x8F,F8F-L005,5,CC:CF3A,CC:CF4C,CC:CF53,0,0x33,51,40,56,2,0,59 33 28 38 02 00,59 33 28 38 02 00,31,18,69,3,1,5,static_rom_reconstructable,static_event_head_opcode59_actor_controller,pack_family_context
cfg_t53_l186_v2,0x8F,,0x8F,F8F-L006,6,CC:CF59,CC:CF5D,CC:CF64,0,0x33,51,34,41,2,0,59 33 22 29 02 00,59 33 22 29 02 00,31,18,69,3,1,5,static_rom_reconstructable,static_event_head_opcode59_actor_controller,pack_family_context
cfg_t53_l186_v2,0x8F,,0x8F,F8F-L007,7,CC:CF6A,CC:CF6E,CC:CF75,0,0x33,51,31,67,2,0,59 33 1f 43 02 00,59 33 1f 43 02 00,31,18,69,3,1,5,static_rom_reconstructable,static_event_head_opcode59_actor_controller,pack_family_context
cfg_t08_l092_v2,0x91,,0x91,F91-L001,1,CC:D388,CC:D3AC,CC:D3B3,4,0x43,67,55,29,4,16,59 43 37 1d 04 10,a3 0a b4 08 59 43 37 1d 04 10,30,11,41,3,1,5,static_rom_reconstructable,static_event_tail_opcode59_actor_controller,pack_family_context
cfg_t08_l092_v2,0x91,,0x91,F91-L002,2,CC:D3BD,CC:D3CB,CC:D3D2,0,0x43,67,53,26,1,16,59 43 35 1a 01 10,59 43 35 1a 01 10,30,11,41,3,1,5,static_rom_reconstructable,static_event_head_opcode59_actor_controller,pack_family_context
cfg_t08_l092_v2,0x92,,0x92,F92-L001,1,CC:D540,CC:D57F,CC:D586,0,0x3A,58,127,21,2,144,59 3a 7f 15 02 90,59 3a 7f 15 02 90,33,25,97,3,1,5,static_rom_reconstructable,static_event_head_opcode59_actor_controller,pack_family_context
cfg_t08_l092_v2,0x92,,0x92,F92-L002,2,CC:D58C,CC:D59A,CC:D5A1,0,0x3A,58,121,24,2,144,59 3a 79 18 02 90,59 3a 79 18 02 90,33,25,97,3,1,5,static_rom_reconstructable,static_event_head_opcode59_actor_controller,pack_family_context
cfg_t08_l092_v2,0x92,,0x92,F92-L003,3,CC:D5A7,CC:D5B5,CC:D5BC,0,0x40,64,128,18,2,144,59 40 80 12 02 90,59 40 80 12 02 90,29,2,5,3,1,5,static_rom_reconstructable,static_event_head_opcode59_actor_controller,pack_family_context
cfg_t08_l092_v2,0x92,,0x92,F92-L004,4,CC:D5C2,CC:D5D0,CC:D5D7,0,0x43,67,134,18,2,144,59 43 86 12 02 90,59 43 86 12 02 90,30,11,41,3,1,5,static_rom_reconstructable,static_event_head_opcode59_actor_controller,pack_family_context
cfg_t08_l092_v2,0x92,,0x92,F92-L005,5,CC:D5DD,CC:D5EB,CC:D5F2,0,0x44,68,130,22,2,144,59 44 82 16 02 90,59 44 82 16 02 90,30,12,45,3,1,5,static_rom_reconstructable,static_event_head_opcode59_actor_controller,pack_family_context
cfg_t08_l092_v2,0x93,,0x93,F93-L001,1,CC:D734,CC:D742,CC:D749,0,0x3A,58,103,6,2,16,59 3a 67 06 02 10,59 3a 67 06 02 10,33,25,97,3,1,5,static_rom_reconstructable,static_event_head_opcode59_actor_controller,pack_family_context
cfg_t08_l092_v2,0x93,,0x93,F93-L002,2,CC:D74F,CC:D75D,CC:D764,0,0x3A,58,103,23,2,16,59 3a 67 17 02 10,59 3a 67 17 02 10,33,25,97,3,1,5,static_rom_reconstructable,static_event_head_opcode59_actor_controller,pack_family_context
cfg_t08_l092_v2,0x93,,0x93,F93-L003,3,CC:D76A,CC:D778,CC:D77F,0,0x3A,58,104,39,2,16,59 3a 68 27 02 10,59 3a 68 27 02 10,33,25,97,3,1,5,static_rom_reconstructable,static_event_head_opcode59_actor_controller,pack_family_context
cfg_t08_l092_v2,0x95,,0x95,F95-L001,1,CC:DB54,CC:DB58,CC:DB5F,4,0x44,68,15,52,2,0,59 44 0f 34 02 00,a3 0a b3 08 59 44 0f 34 02 00,30,12,45,3,1,5,static_rom_reconstructable,static_event_tail_opcode59_actor_controller,pack_family_context
cfg_t08_l096_v2,0x95,,0x95,F95-L001,1,CC:DB54,CC:DB58,CC:DB5F,4,0x44,68,15,52,2,0,59 44 0f 34 02 00,a3 0a b3 08 59 44 0f 34 02 00,30,12,45,3,1,5,static_rom_reconstructable,static_event_tail_opcode59_actor_controller,pack_family_context
cfg_t09_l097_v2,0x97,,0x97,F97-L001,1,CC:DEC1,CC:DED3,CC:DEDA,4,0x43,67,168,44,2,16,59 43 a8 2c 02 10,a3 13 b4 08 59 43 a8 2c 02 10,30,11,41,3,1,5,static_rom_reconstructable,static_event_tail_opcode59_actor_controller,pack_family_context
cfg_t22_l121_v2,0x9A,,0x9A,F9A-L001,1,CC:EA10,CC:EA1A,CC:EA21,0,0x40,64,50,6,3,16,59 40 32 06 03 10,59 40 32 06 03 10,29,2,5,3,1,5,static_rom_reconstructable,static_event_head_opcode59_actor_controller,pack_family_context
cfg_t22_l121_v2,0x9A,,0x9A,F9A-L002,2,CC:EA27,CC:EA31,CC:EA38,0,0x40,64,36,11,3,16,59 40 24 0b 03 10,59 40 24 0b 03 10,29,2,5,3,1,5,static_rom_reconstructable,static_event_head_opcode59_actor_controller,pack_family_context
cfg_t22_l121_v2,0x9A,,0x9A,F9A-L003,3,CC:EA3E,CC:EA48,CC:EA4F,0,0x40,64,49,7,4,16,59 40 31 07 04 10,59 40 31 07 04 10,29,2,5,3,1,5,static_rom_reconstructable,static_event_head_opcode59_actor_controller,pack_family_context
cfg_t22_l121_v2,0x9A,,0x9A,F9A-L004,4,CC:EA55,CC:EA8A,CC:EA91,0,0x3B,59,88,9,2,16,59 3b 58 09 02 10,59 3b 58 09 02 10,33,26,101,3,1,5,static_rom_reconstructable,static_event_head_opcode59_actor_controller,pack_family_context
cfg_t22_l121_v2,0x9A,,0x9A,F9A-L005,5,CC:EA97,CC:EA9B,CC:EAA2,0,0x3B,59,96,11,2,16,59 3b 60 0b 02 10,59 3b 60 0b 02 10,33,26,101,3,1,5,static_rom_reconstructable,static_event_head_opcode59_actor_controller,pack_family_context
cfg_t22_l121_v2,0x9A,,0x9A,F9A-L006,6,CC:EAA8,CC:EAAC,CC:EAB3,0,0x3B,59,100,18,2,16,59 3b 64 12 02 10,59 3b 64 12 02 10,33,26,101,3,1,5,static_rom_reconstructable,static_event_head_opcode59_actor_controller,pack_family_context
cfg_t22_l121_v2,0x9A,,0x9A,F9A-L007,7,CC:EAB9,CC:EABD,CC:EAC4,0,0x3B,59,85,22,2,16,59 3b 55 16 02 10,59 3b 55 16 02 10,33,26,101,3,1,5,static_rom_reconstructable,static_event_head_opcode59_actor_controller,pack_family_context
cfg_t22_l121_v2,0x9A,,0x9A,F9A-L008,8,CC:EACA,CC:EACE,CC:EAD5,0,0x3B,59,92,24,2,16,59 3b 5c 18 02 10,59 3b 5c 18 02 10,33,26,101,3,1,5,static_rom_reconstructable,static_event_head_opcode59_actor_controller,pack_family_context
cfg_t22_l121_v2,0x9A,,0x9A,F9A-L009,9,CC:EADB,CC:EADF,CC:EAE6,0,0x3B,59,96,24,2,16,59 3b 60 18 02 10,59 3b 60 18 02 10,33,26,101,3,1,5,static_rom_reconstructable,static_event_head_opcode59_actor_controller,pack_family_context
cfg_t22_l121_v2,0x9A,,0x9A,F9A-L010,10,CC:EAEC,CC:EAF0,CC:EAF7,0,0x3B,59,101,23,2,16,59 3b 65 17 02 10,59 3b 65 17 02 10,33,26,101,3,1,5,static_rom_reconstructable,static_event_head_opcode59_actor_controller,pack_family_context
cfg_t22_l121_v2,0x9A,,0x9A,F9A-L011,11,CC:EAFD,CC:EB01,CC:EB08,0,0x3B,59,86,10,2,16,59 3b 56 0a 02 10,59 3b 56 0a 02 10,33,26,101,3,1,5,static_rom_reconstructable,static_event_head_opcode59_actor_controller,pack_family_context
cfg_t22_l121_v2,0x9A,,0x9A,F9A-L012,12,CC:EB0E,CC:EB41,CC:EB48,4,0x2F,47,87,10,2,16,59 2f 57 0a 02 10,a3 2e b4 08 59 2f 57 0a 02 10,31,22,85,3,1,5,static_rom_reconstructable,static_event_tail_opcode59_actor_controller,pack_family_context
cfg_t22_l121_v2,0x9A,,0x9A,F9A-L013,13,CC:EB52,CC:EB5A,CC:EB61,4,0x2F,47,86,22,2,16,59 2f 56 16 02 10,a3 2f b4 08 59 2f 56 16 02 10,31,22,85,3,1,5,static_rom_reconstructable,static_event_tail_opcode59_actor_controller,pack_family_context
cfg_t22_l121_v2,0x9A,,0x9A,F9A-L014,14,CC:EB6B,CC:EB73,CC:EB7A,4,0x2F,47,96,12,2,16,59 2f 60 0c 02 10,a3 30 b4 08 59 2f 60 0c 02 10,31,22,85,3,1,5,static_rom_reconstructable,static_event_tail_opcode59_actor_controller,pack_family_context
cfg_t22_l121_v2,0x9A,,0x9A,F9A-L015,15,CC:EB84,CC:EB8C,CC:EB93,0,0x3B,59,130,13,3,16,59 3b 82 0d 03 10,59 3b 82 0d 03 10,33,26,101,3,1,5,static_rom_reconstructable,static_event_head_opcode59_actor_controller,pack_family_context
cfg_t22_l121_v2,0x9A,,0x9A,F9A-L016,16,CC:EB99,CC:EB9D,CC:EBA4,0,0x3B,59,130,14,3,16,59 3b 82 0e 03 10,59 3b 82 0e 03 10,33,26,101,3,1,5,static_rom_reconstructable,static_event_head_opcode59_actor_controller,pack_family_context
cfg_t22_l121_v2,0x9A,,0x9A,F9A-L017,17,CC:EBAA,CC:EBAE,CC:EBB5,0,0x3B,59,131,16,3,16,59 3b 83 10 03 10,59 3b 83 10 03 10,33,26,101,3,1,5,static_rom_reconstructable,static_event_head_opcode59_actor_controller,pack_family_context
cfg_t22_l121_v2,0x9A,,0x9A,F9A-L018,18,CC:EBBB,CC:EBBF,CC:EBC6,0,0x3B,59,131,17,3,16,59 3b 83 11 03 10,59 3b 83 11 03 10,33,26,101,3,1,5,static_rom_reconstructable,static_event_head_opcode59_actor_controller,pack_family_context
cfg_t22_l121_v2,0x9A,,0x9A,F9A-L019,19,CC:EBCC,CC:EBD0,CC:EBD7,4,0x30,48,127,23,2,16,59 30 7f 17 02 10,a3 31 b4 08 59 30 7f 17 02 10,31,21,81,3,1,5,static_rom_reconstructable,static_event_tail_opcode59_actor_controller,pack_family_context
cfg_t22_l121_v2,0x9B,,0x9B,F9B-L001,1,CC:F131,CC:F13B,CC:F142,0,0x40,64,228,18,3,16,59 40 e4 12 03 10,59 40 e4 12 03 10,29,2,5,3,1,5,static_rom_reconstructable,static_event_head_opcode59_actor_controller,pack_family_context
cfg_t22_l121_v2,0x9B,,0x9B,F9B-L002,2,CC:F148,CC:F152,CC:F159,0,0x40,64,206,9,1,16,59 40 ce 09 01 10,59 40 ce 09 01 10,29,2,5,3,1,5,static_rom_reconstructable,static_event_head_opcode59_actor_controller,pack_family_context
cfg_t22_l121_v2,0x9B,,0x9B,F9B-L003,3,CC:F15F,CC:F169,CC:F170,0,0x40,64,233,9,3,16,59 40 e9 09 03 10,59 40 e9 09 03 10,29,2,5,3,1,5,static_rom_reconstructable,static_event_head_opcode59_actor_controller,pack_family_context
cfg_t22_l121_v2,0x9B,,0x9B,F9B-L004,4,CC:F176,CC:F1B5,CC:F1BC,0,0x3B,59,183,45,2,16,59 3b b7 2d 02 10,59 3b b7 2d 02 10,33,26,101,3,1,5,static_rom_reconstructable,static_event_head_opcode59_actor_controller,pack_family_context
cfg_t22_l121_v2,0x9B,,0x9B,F9B-L005,5,CC:F1C2,CC:F1C6,CC:F1CD,0,0x3B,59,184,43,2,16,59 3b b8 2b 02 10,59 3b b8 2b 02 10,33,26,101,3,1,5,static_rom_reconstructable,static_event_head_opcode59_actor_controller,pack_family_context
cfg_t22_l121_v2,0x9B,,0x9B,F9B-L006,6,CC:F1D3,CC:F1D7,CC:F1DE,0,0x3B,59,187,41,2,16,59 3b bb 29 02 10,59 3b bb 29 02 10,33,26,101,3,1,5,static_rom_reconstructable,static_event_head_opcode59_actor_controller,pack_family_context
cfg_t22_l121_v2,0x9B,,0x9B,F9B-L007,7,CC:F1E4,CC:F1E8,CC:F1EF,0,0x3B,59,191,39,2,16,59 3b bf 27 02 10,59 3b bf 27 02 10,33,26,101,3,1,5,static_rom_reconstructable,static_event_head_opcode59_actor_controller,pack_family_context
cfg_t22_l121_v2,0x9B,,0x9B,F9B-L008,8,CC:F1F5,CC:F1F9,CC:F200,0,0x3B,59,198,39,2,16,59 3b c6 27 02 10,59 3b c6 27 02 10,33,26,101,3,1,5,static_rom_reconstructable,static_event_head_opcode59_actor_controller,pack_family_context
cfg_t22_l121_v2,0x9B,,0x9B,F9B-L009,9,CC:F206,CC:F20A,CC:F211,0,0x3B,59,199,43,2,16,59 3b c7 2b 02 10,59 3b c7 2b 02 10,33,26,101,3,1,5,static_rom_reconstructable,static_event_head_opcode59_actor_controller,pack_family_context
cfg_t22_l121_v2,0x9B,,0x9B,F9B-L010,10,CC:F217,CC:F21B,CC:F222,0,0x3B,59,196,45,2,16,59 3b c4 2d 02 10,59 3b c4 2d 02 10,33,26,101,3,1,5,static_rom_reconstructable,static_event_head_opcode59_actor_controller,pack_family_context
cfg_t22_l121_v2,0x9B,,0x9B,F9B-L011,11,CC:F228,CC:F22C,CC:F233,0,0x3B,59,193,43,2,16,59 3b c1 2b 02 10,59 3b c1 2b 02 10,33,26,101,3,1,5,static_rom_reconstructable,static_event_head_opcode59_actor_controller,pack_family_context
cfg_t22_l121_v2,0x9B,,0x9B,F9B-L012,12,CC:F239,CC:F23D,CC:F244,0,0x3B,59,191,45,2,16,59 3b bf 2d 02 10,59 3b bf 2d 02 10,33,26,101,3,1,5,static_rom_reconstructable,static_event_head_opcode59_actor_controller,pack_family_context
cfg_t22_l121_v2,0x9B,,0x9B,F9B-L013,13,CC:F24A,CC:F24E,CC:F255,0,0x3B,59,187,49,2,16,59 3b bb 31 02 10,59 3b bb 31 02 10,33,26,101,3,1,5,static_rom_reconstructable,static_event_head_opcode59_actor_controller,pack_family_context
cfg_t22_l121_v2,0x9B,,0x9B,F9B-L014,14,CC:F25B,CC:F25F,CC:F266,0,0x3B,59,169,65,2,16,59 3b a9 41 02 10,59 3b a9 41 02 10,33,26,101,3,1,5,static_rom_reconstructable,static_event_head_opcode59_actor_controller,pack_family_context
cfg_t22_l121_v2,0x9B,,0x9B,F9B-L015,15,CC:F26C,CC:F270,CC:F277,0,0x3B,59,169,67,2,16,59 3b a9 43 02 10,59 3b a9 43 02 10,33,26,101,3,1,5,static_rom_reconstructable,static_event_head_opcode59_actor_controller,pack_family_context
cfg_t22_l121_v2,0x9B,,0x9B,F9B-L016,16,CC:F27D,CC:F2B0,CC:F2B7,4,0x30,48,182,51,2,16,59 30 b6 33 02 10,a3 3a b4 08 59 30 b6 33 02 10,31,21,81,3,1,5,static_rom_reconstructable,static_event_tail_opcode59_actor_controller,pack_family_context
cfg_t22_l121_v2,0x9B,,0x9B,F9B-L017,17,CC:F2C1,CC:F2C9,CC:F2D0,4,0x30,48,171,68,2,16,59 30 ab 44 02 10,a3 3b b4 08 59 30 ab 44 02 10,31,21,81,3,1,5,static_rom_reconstructable,static_event_tail_opcode59_actor_controller,pack_family_context
cfg_t22_l121_v2,0x9B,,0x9B,F9B-L018,18,CC:F2DA,CC:F2E2,CC:F2E9,4,0x30,48,195,38,2,16,59 30 c3 26 02 10,a3 3c b4 08 59 30 c3 26 02 10,31,21,81,3,1,5,static_rom_reconstructable,static_event_tail_opcode59_actor_controller,pack_family_context
cfg_t22_l121_v2,0x9B,,0x9B,F9B-L019,19,CC:F2F3,CC:F30B,CC:F312,4,0x30,48,196,38,2,16,59 30 c4 26 02 10,a3 3d b4 08 59 30 c4 26 02 10,31,21,81,3,1,5,static_rom_reconstructable,static_event_tail_opcode59_actor_controller,pack_family_context
cfg_t22_l121_v2,0x9B,,0x9B,F9B-L021,21,CC:F33C,CC:F6EB,CC:F6F2,19,0x5B,91,227,49,2,16,59 5b e3 31 02 10,a3 40 b4 17 a3 f4 b4 0d 59 5c e3 31 02 10 71 11 00 b2 08 59 5b e3 31 02 10,30,8,29,3,1,5,static_rom_reconstructable,static_event_tail_opcode59_actor_controller,pack_family_context
cfg_t22_l121_v2,0x9B,,0x9B,F9B-L022,22,CC:F70B,CC:F70F,CC:F716,19,0x28,40,229,50,2,16,59 28 e5 32 02 10,a3 40 b4 17 a3 f4 b4 0d 59 5d e5 32 02 10 71 11 00 b2 08 59 28 e5 32 02 10,30,9,33,3,1,5,static_rom_reconstructable,static_event_tail_opcode59_actor_controller,pack_family_context
cfg_t22_l121_v2,0x9B,,0x9B,F9B-L023,23,CC:F72F,CC:F733,CC:F73A,19,0x5B,91,231,52,2,16,59 5b e7 34 02 10,a3 40 b4 17 a3 f4 b4 0d 59 5c e7 34 02 10 71 11 00 b2 08 59 5b e7 34 02 10,30,8,29,3,1,5,static_rom_reconstructable,static_event_tail_opcode59_actor_controller,pack_family_context
cfg_t22_l121_v2,0x9B,,0x9B,F9B-L024,24,CC:F753,CC:F757,CC:F75E,19,0x28,40,233,52,2,16,59 28 e9 34 02 10,a3 40 b4 17 a3 f4 b4 0d 59 5d e9 34 02 10 71 11 00 b2 08 59 28 e9 34 02 10,30,9,33,3,1,5,static_rom_reconstructable,static_event_tail_opcode59_actor_controller,pack_family_context
cfg_t22_l121_v2,0x9B,,0x9B,F9B-L025,25,CC:F777,CC:F77B,CC:F782,19,0x5B,91,235,50,2,16,59 5b eb 32 02 10,a3 40 b4 17 a3 f4 b4 0d 59 5c eb 32 02 10 71 11 00 b2 08 59 5b eb 32 02 10,30,8,29,3,1,5,static_rom_reconstructable,static_event_tail_opcode59_actor_controller,pack_family_context
cfg_t22_l121_v2,0x9B,,0x9B,F9B-L026,26,CC:F79B,CC:F79F,CC:F7A6,19,0x28,40,237,49,2,16,59 28 ed 31 02 10,a3 40 b4 17 a3 f4 b4 0d 59 5d ed 31 02 10 71 11 00 b2 08 59 28 ed 31 02 10,30,9,33,3,1,5,static_rom_reconstructable,static_event_tail_opcode59_actor_controller,pack_family_context
cfg_t22_l121_v2,0x9C,,0x9C,F9C-L001,1,CC:F9DC,CC:F9E9,CC:F9F0,4,0x30,48,133,56,2,16,59 30 85 38 02 10,a3 34 b4 08 59 30 85 38 02 10,31,21,81,3,1,5,static_rom_reconstructable,static_event_tail_opcode59_actor_controller,pack_family_context
cfg_t22_l121_v2,0x9C,,0x9C,F9C-L002,2,CC:F9FA,CC:FA0F,CC:FA16,4,0x30,48,135,55,2,16,59 30 87 37 02 10,a3 35 b4 08 59 30 87 37 02 10,31,21,81,3,1,5,static_rom_reconstructable,static_event_tail_opcode59_actor_controller,pack_family_context
cfg_t22_l121_v2,0x9C,,0x9C,F9C-L003,3,CC:FA20,CC:FA35,CC:FA3C,4,0x30,48,139,56,2,16,59 30 8b 38 02 10,a3 36 b4 08 59 30 8b 38 02 10,31,21,81,3,1,5,static_rom_reconstructable,static_event_tail_opcode59_actor_controller,pack_family_context
cfg_t22_l121_v2,0x9C,,0x9C,F9C-L004,4,CC:FA46,CC:FA5B,CC:FA62,4,0x30,48,142,56,2,16,59 30 8e 38 02 10,a3 37 b4 08 59 30 8e 38 02 10,31,21,81,3,1,5,static_rom_reconstructable,static_event_tail_opcode59_actor_controller,pack_family_context
cfg_t22_l121_v2,0x9C,,0x9C,F9C-L005,5,CC:FA6C,CC:FA81,CC:FA88,4,0x30,48,137,58,2,16,59 30 89 3a 02 10,a3 38 b4 08 59 30 89 3a 02 10,31,21,81,3,1,5,static_rom_reconstructable,static_event_tail_opcode59_actor_controller,pack_family_context
cfg_t11_l101_v2,0xAE,,0xAE,FAE-L001,1,CD:3B8B,CD:3B8F,CD:3B96,4,0x30,48,172,24,2,16,59 30 ac 18 02 10,a3 9b b4 08 59 30 ac 18 02 10,31,21,81,3,1,5,static_rom_reconstructable,static_event_tail_opcode59_actor_controller,pack_family_context
cfg_t11_l101_v2,0xAE,,0xAE,FAE-L002,2,CD:3BA0,CD:3BA4,CD:3BAB,4,0x30,48,123,25,2,16,59 30 7b 19 02 10,a3 9e b4 08 59 30 7b 19 02 10,31,21,81,3,1,5,static_rom_reconstructable,static_event_tail_opcode59_actor_controller,pack_family_context
cfg_t11_l101_v2,0xAE,,0xAE,FAE-L003,3,CD:3BB5,CD:3BB9,CD:3BC0,4,0x30,48,120,28,2,16,59 30 78 1c 02 10,a3 9e b4 08 59 30 78 1c 02 10,31,21,81,3,1,5,static_rom_reconstructable,static_event_tail_opcode59_actor_controller,pack_family_context
cfg_t11_l101_v2,0xAE,,0xAE,FAE-L004,4,CD:3BCA,CD:3BCE,CD:3BD5,4,0x30,48,124,30,2,16,59 30 7c 1e 02 10,a3 9e b4 08 59 30 7c 1e 02 10,31,21,81,3,1,5,static_rom_reconstructable,static_event_tail_opcode59_actor_controller,pack_family_context
cfg_t11_l101_v2,0xAE,,0xAE,FAE-L005,5,CD:3BDF,CD:3BE3,CD:3BEA,4,0x30,48,123,33,2,16,59 30 7b 21 02 10,a3 9e b4 08 59 30 7b 21 02 10,31,21,81,3,1,5,static_rom_reconstructable,static_event_tail_opcode59_actor_controller,pack_family_context
cfg_t11_l101_v2,0xAE,,0xAE,FAE-L006,6,CD:3BF4,CD:3BF8,CD:3BFF,4,0x30,48,127,35,4,16,59 30 7f 23 04 10,a3 9e b4 08 59 30 7f 23 04 10,31,21,81,3,1,5,static_rom_reconstructable,static_event_tail_opcode59_actor_controller,pack_family_context
cfg_t11_l101_v2,0xAF,,0xAF,FAF-L001,1,CD:3F47,CD:3F8B,CD:3F92,4,0x30,48,139,70,2,16,59 30 8b 46 02 10,a3 9c b4 08 59 30 8b 46 02 10,31,21,81,3,1,5,static_rom_reconstructable,static_event_tail_opcode59_actor_controller,pack_family_context
cfg_t11_l101_v2,0xAF,,0xAF,FAF-L002,2,CD:3F9C,CD:3FA0,CD:3FA7,4,0x30,48,141,70,2,16,59 30 8d 46 02 10,a3 9c b4 08 59 30 8d 46 02 10,31,21,81,3,1,5,static_rom_reconstructable,static_event_tail_opcode59_actor_controller,pack_family_context
cfg_t29_l138_v2,0xB1,,0xB1,FB1-L001,1,CD:446D,CD:4471,CD:4478,4,0x2F,47,224,37,2,16,59 2f e0 25 02 10,a3 a2 b4 08 59 2f e0 25 02 10,31,22,85,3,1,5,static_rom_reconstructable,static_event_tail_opcode59_actor_controller,pack_family_context
cfg_t29_l138_v2,0xB1,,0xB1,FB1-L002,2,CD:4482,CD:4486,CD:448D,4,0x30,48,225,37,2,16,59 30 e1 25 02 10,a3 a2 b4 08 59 30 e1 25 02 10,31,21,81,3,1,5,static_rom_reconstructable,static_event_tail_opcode59_actor_controller,pack_family_context
cfg_t29_l138_v2,0xB5,,0xB5,FB5-L001,1,CD:5077,CD:507B,CD:5082,0,0x30,48,167,11,2,16,59 30 a7 0b 02 10,59 30 a7 0b 02 10,31,21,81,3,1,5,static_rom_reconstructable,static_event_head_opcode59_actor_controller,pack_family_context
cfg_t29_l138_v2,0xB5,,0xB5,FB5-L002,2,CD:5088,CD:508C,CD:5093,0,0x30,48,168,11,2,16,59 30 a8 0b 02 10,59 30 a8 0b 02 10,31,21,81,3,1,5,static_rom_reconstructable,static_event_head_opcode59_actor_controller,pack_family_context
cfg_t29_l138_v2,0xB5,,0xB5,FB5-L003,3,CD:5099,CD:509D,CD:50A4,0,0x2F,47,182,11,2,16,59 2f b6 0b 02 10,59 2f b6 0b 02 10,31,22,85,3,1,5,static_rom_reconstructable,static_event_head_opcode59_actor_controller,pack_family_context
cfg_t29_l138_v2,0xB5,,0xB5,FB5-L004,4,CD:50AA,CD:50AE,CD:50B5,0,0x2F,47,183,11,2,16,59 2f b7 0b 02 10,59 2f b7 0b 02 10,31,22,85,3,1,5,static_rom_reconstructable,static_event_head_opcode59_actor_controller,pack_family_context
cfg_t29_l138_v2,0xB5,,0xB5,FB5-L005,5,CD:50BB,CD:50BF,CD:50C6,0,0x2F,47,184,11,2,16,59 2f b8 0b 02 10,59 2f b8 0b 02 10,31,22,85,3,1,5,static_rom_reconstructable,static_event_head_opcode59_actor_controller,pack_family_context
cfg_t29_l138_v2,0xB5,,0xB5,FB5-L006,6,CD:50CC,CD:50D0,CD:50D7,0,0x53,83,167,25,2,16,59 53 a7 19 02 10,59 53 a7 19 02 10,35,42,170,3,1,5,static_rom_reconstructable,static_event_head_opcode59_actor_controller,pack_family_context
cfg_t29_l138_v2,0xB5,,0xB5,FB5-L007,7,CD:50DD,CD:50EF,CD:50F6,0,0x30,48,166,25,2,16,59 30 a6 19 02 10,59 30 a6 19 02 10,31,21,81,3,1,5,static_rom_reconstructable,static_event_head_opcode59_actor_controller,pack_family_context
cfg_t47_l172_v2,0xB8,,0xB8,FB8-L001,1,CD:58E6,CD:590B,CD:5912,16,0x29,41,74,18,1,16,59 29 4a 12 01 10,a3 b7 a3 b8 e1 e7 b3 0a 59 29 56 12 01 10 b2 08 59 29 4a 12 01 10,44,22,69,7,1,5,static_rom_reconstructable,static_event_tail_opcode59_actor_controller,pack_family_context
cfg_t47_l172_v2,0xB8,,0xB8,FB8-L002,2,CD:5928,CD:5944,CD:594B,16,0x29,41,74,21,1,16,59 29 4a 15 01 10,a3 b7 a3 b8 e1 e7 b3 0a 59 29 56 13 01 10 b2 08 59 29 4a 15 01 10,44,22,69,7,1,5,static_rom_reconstructable,static_event_tail_opcode59_actor_controller,pack_family_context
cfg_t47_l172_v2,0xB8,,0xB8,FB8-L003,3,CD:5961,CD:597D,CD:5984,16,0x29,41,76,25,1,16,59 29 4c 19 01 10,a3 b7 a3 b8 e1 e7 b3 0a 59 29 56 14 01 10 b2 08 59 29 4c 19 01 10,44,22,69,7,1,5,static_rom_reconstructable,static_event_tail_opcode59_actor_controller,pack_family_context
cfg_t47_l172_v2,0xB8,,0xB8,FB8-L004,4,CD:599A,CD:59B6,CD:59BD,16,0x29,41,78,26,3,16,59 29 4e 1a 03 10,a3 b7 a3 b8 e1 e7 b3 0a 59 29 56 15 01 10 b2 08 59 29 4e 1a 03 10,44,22,69,7,1,5,static_rom_reconstructable,static_event_tail_opcode59_actor_controller,pack_family_context
cfg_t47_l172_v2,0xB8,,0xB8,FB8-L005,5,CD:59D3,CD:59F8,CD:59FF,16,0x29,41,83,18,3,16,59 29 53 12 03 10,a3 b7 a3 b8 e1 e7 b3 0a 59 29 56 16 01 10 b2 08 59 29 53 12 03 10,44,22,69,7,1,5,static_rom_reconstructable,static_event_tail_opcode59_actor_controller,pack_family_context
cfg_t47_l172_v2,0xB8,,0xB8,FB8-L006,6,CD:5A15,CD:5A31,CD:5A38,16,0x29,41,83,21,3,16,59 29 53 15 03 10,a3 b7 a3 b8 e1 e7 b3 0a 59 29 57 17 04 10 b2 08 59 29 53 15 03 10,44,22,69,7,1,5,static_rom_reconstructable,static_event_tail_opcode59_actor_controller,pack_family_context
cfg_t47_l172_v2,0xB8,,0xB8,FB8-L007,7,CD:5A4E,CD:5A6A,CD:5A71,4,0x30,48,78,25,2,16,59 30 4e 19 02 10,a3 b3 b4 08 59 30 4e 19 02 10,31,21,81,3,1,5,static_rom_reconstructable,static_event_tail_opcode59_actor_controller,pack_family_context
cfg_t47_l172_v2,0xB8,,0xB8,FB8-L008,8,CD:5A7B,CD:5A8D,CD:5A94,4,0x30,48,83,20,2,16,59 30 53 14 02 10,a3 b4 b4 08 59 30 53 14 02 10,31,21,81,3,1,5,static_rom_reconstructable,static_event_tail_opcode59_actor_controller,pack_family_context
cfg_t47_l172_v2,0xB8,,0xB8,FB8-L009,9,CD:5A9E,CD:5AB0,CD:5AB7,4,0x30,48,74,17,2,16,59 30 4a 11 02 10,a3 b5 b4 08 59 30 4a 11 02 10,31,21,81,3,1,5,static_rom_reconstructable,static_event_tail_opcode59_actor_controller,pack_family_context
cfg_t47_l172_v2,0xB8,,0xB8,FB8-L010,10,CD:5AC1,CD:5AD3,CD:5ADA,4,0x30,48,84,10,4,16,59 30 54 0a 04 10,a3 b6 b4 08 59 30 54 0a 04 10,31,21,81,3,1,5,static_rom_reconstructable,static_event_tail_opcode59_actor_controller,pack_family_context
cfg_t32_l144_v1,0xBA,,0xBA,FBA-L004,4,CD:61FD,CD:620A,CD:6211,4,0x24,36,17,19,3,16,59 24 11 13 03 10,a3 b9 b4 08 59 24 11 13 03 10,29,56,216,2,1,5,static_rom_reconstructable,static_event_tail_opcode59_actor_controller,pack_family_context
cfg_t32_l144_v1,0xBA,,0xBA,FBA-L005,5,CD:621B,CD:621F,CD:6226,4,0x5A,90,19,21,3,16,59 5a 13 15 03 10,a3 b9 b4 08 59 5a 13 15 03 10,29,1,1,3,1,5,static_rom_reconstructable,static_event_tail_opcode59_actor_controller,pack_family_context
cfg_t32_l144_v1,0xBA,,0xBA,FBA-L009,9,CD:6278,CD:627C,CD:6283,4,0x40,64,14,11,2,16,59 40 0e 0b 02 10,a3 bd b3 08 59 40 0e 0b 02 10,29,2,5,3,1,5,static_rom_reconstructable,static_event_tail_opcode59_actor_controller,pack_family_context
cfg_t32_l144_v1,0xBA,,0xBA,FBA-L010,10,CD:628D,CD:6298,CD:629F,4,0x24,36,18,17,2,16,59 24 12 11 02 10,a3 bd b3 08 59 24 12 11 02 10,29,56,216,2,1,5,static_rom_reconstructable,static_event_tail_opcode59_actor_controller,pack_family_context
cfg_t32_l144_v1,0xBA,,0xBA,FBA-L011,11,CD:62A9,CD:62BB,CD:62C2,4,0x54,84,12,23,2,16,59 54 0c 17 02 10,a3 bd b3 08 59 54 0c 17 02 10,36,43,174,3,1,5,static_rom_reconstructable,static_event_tail_opcode59_actor_controller,pack_family_context
cfg_t32_l144_v1,0xBA,,0xBA,FBA-L012,12,CD:62CC,CD:62D7,CD:62DE,4,0x40,64,38,13,2,16,59 40 26 0d 02 10,a3 b9 b4 08 59 40 26 0d 02 10,29,2,5,3,1,5,static_rom_reconstructable,static_event_tail_opcode59_actor_controller,pack_family_context
cfg_t32_l144_v1,0xBA,,0xBA,FBA-L013,13,CD:62E8,CD:62EC,CD:62F3,4,0x7C,124,51,5,2,16,59 7c 33 05 02 10,a3 b9 b4 08 59 7c 33 05 02 10,39,1,1,7,1,5,static_rom_reconstructable,static_event_tail_opcode59_actor_controller,pack_family_context
cfg_t32_l144_v1,0xBA,,0xBA,FBA-L014,14,CD:62FD,CD:6301,CD:6308,4,0x7C,124,57,17,2,16,59 7c 39 11 02 10,a3 b9 b4 08 59 7c 39 11 02 10,39,1,1,7,1,5,static_rom_reconstructable,static_event_tail_opcode59_actor_controller,pack_family_context
cfg_t32_l144_v1,0xBA,,0xBA,FBA-L015,15,CD:6312,CD:6316,CD:631D,4,0x5B,91,43,13,2,16,59 5b 2b 0d 02 10,a3 b9 b4 08 59 5b 2b 0d 02 10,30,8,29,3,1,5,static_rom_reconstructable,static_event_tail_opcode59_actor_controller,pack_family_context
cfg_t32_l144_v1,0xBA,,0xBA,FBA-L016,16,CD:6327,CD:632B,CD:6332,4,0x7C,124,51,10,2,16,59 7c 33 0a 02 10,a3 b9 b4 08 59 7c 33 0a 02 10,39,1,1,7,1,5,static_rom_reconstructable,static_event_tail_opcode59_actor_controller,pack_family_context
cfg_t32_l144_v1,0xBA,,0xBA,FBA-L017,17,CD:633C,CD:6340,CD:6347,4,0x7C,124,52,18,2,16,59 7c 34 12 02 10,a3 b9 b4 08 59 7c 34 12 02 10,39,1,1,7,1,5,static_rom_reconstructable,static_event_tail_opcode59_actor_controller,pack_family_context
cfg_t32_l144_v1,0xBA,,0xBA,FBA-L018,18,CD:6351,CD:6355,CD:635C,4,0xA4,164,50,10,2,16,59 a4 32 0a 02 10,a3 bd b3 08 59 a4 32 0a 02 10,30,10,37,3,1,5,static_rom_reconstructable,static_event_tail_opcode59_actor_controller,pack_family_context
cfg_t32_l144_v1,0xBA,,0xBA,FBA-L019,19,CD:6366,CD:6371,CD:6378,4,0x59,89,46,11,2,16,59 59 2e 0b 02 10,a3 bd b3 08 59 59 2e 0b 02 10,29,5,17,3,1,5,static_rom_reconstructable,static_event_tail_opcode59_actor_controller,pack_family_context
cfg_t32_l144_v1,0xBA,,0xBA,FBA-L020,20,CD:6382,CD:638D,CD:6394,4,0x41,65,49,17,2,16,59 41 31 11 02 10,a3 bd b3 08 59 41 31 11 02 10,29,6,21,3,1,5,static_rom_reconstructable,static_event_tail_opcode59_actor_controller,pack_family_context
cfg_t32_l144_v1,0xBA,,0xBA,FBA-L021,21,CD:639E,CD:63B0,CD:63B7,4,0x45,69,57,13,2,16,59 45 39 0d 02 10,a3 bd b3 08 59 45 39 0d 02 10,30,14,53,3,1,5,static_rom_reconstructable,static_event_tail_opcode59_actor_controller,pack_family_context
cfg_t32_l144_v1,0xBA,,0xBA,FBA-L022,22,CD:63C1,CD:63CC,CD:63D3,4,0x7C,124,75,25,2,16,59 7c 4b 19 02 10,a3 b9 b4 08 59 7c 4b 19 02 10,39,1,1,7,1,5,static_rom_reconstructable,static_event_tail_opcode59_actor_controller,pack_family_context
cfg_t32_l144_v1,0xBA,,0xBA,FBA-L023,23,CD:63DD,CD:63E1,CD:63E8,4,0x7C,124,71,14,2,16,59 7c 47 0e 02 10,a3 b9 b4 08 59 7c 47 0e 02 10,39,1,1,7,1,5,static_rom_reconstructable,static_event_tail_opcode59_actor_controller,pack_family_context
cfg_t32_l144_v1,0xBA,,0xBA,FBA-L024,24,CD:63F2,CD:63F6,CD:63FD,4,0x7C,124,81,15,2,16,59 7c 51 0f 02 10,a3 b9 b4 08 59 7c 51 0f 02 10,39,1,1,7,1,5,static_rom_reconstructable,static_event_tail_opcode59_actor_controller,pack_family_context
cfg_t32_l144_v1,0xBA,,0xBA,FBA-L025,25,CD:6407,CD:640B,CD:6412,4,0x40,64,76,19,2,16,59 40 4c 13 02 10,a3 b9 b4 08 59 40 4c 13 02 10,29,2,5,3,1,5,static_rom_reconstructable,static_event_tail_opcode59_actor_controller,pack_family_context
cfg_t32_l144_v1,0xBA,,0xBA,FBA-L026,26,CD:641C,CD:6420,CD:6427,4,0x42,66,85,18,2,16,59 42 55 12 02 10,a3 b9 b4 08 59 42 55 12 02 10,29,3,9,3,1,5,static_rom_reconstructable,static_event_tail_opcode59_actor_controller,pack_family_context
cfg_t32_l144_v1,0xBA,,0xBA,FBA-L027,27,CD:6431,CD:6435,CD:643C,4,0x71,113,75,24,2,16,59 71 4b 18 02 10,a3 bd b3 08 59 71 4b 18 02 10,32,58,236,3,1,5,static_rom_reconstructable,static_event_tail_opcode59_actor_controller,pack_family_context
cfg_t32_l144_v1,0xBA,,0xBA,FBA-L028,28,CD:6446,CD:6451,CD:6458,4,0x71,113,72,14,2,16,59 71 48 0e 02 10,a3 bd b3 08 59 71 48 0e 02 10,32,58,236,3,1,5,static_rom_reconstructable,static_event_tail_opcode59_actor_controller,pack_family_context
cfg_t32_l144_v1,0xBA,,0xBA,FBA-L029,29,CD:6462,CD:646D,CD:6474,4,0x7C,124,81,14,2,16,59 7c 51 0e 02 10,a3 bd b3 08 59 7c 51 0e 02 10,39,1,1,7,1,5,static_rom_reconstructable,static_event_tail_opcode59_actor_controller,pack_family_context
cfg_t32_l144_v1,0xBA,,0xBA,FBA-L030,30,CD:647E,CD:6489,CD:6490,4,0x30,48,75,19,2,16,59 30 4b 13 02 10,a3 bd b3 08 59 30 4b 13 02 10,31,21,81,3,1,5,static_rom_reconstructable,static_event_tail_opcode59_actor_controller,pack_family_context
cfg_t32_l144_v1,0xBB,,0xBB,FBB-L003,3,CD:6783,CD:6787,CD:678E,4,0x3E,62,101,8,2,16,59 3e 65 08 02 10,a3 b9 b4 08 59 3e 65 08 02 10,29,56,216,2,1,5,static_rom_reconstructable,static_event_tail_opcode59_actor_controller,pack_family_context
cfg_t32_l144_v1,0xBB,,0xBB,FBB-L004,4,CD:6798,CD:679C,CD:67A3,4,0x40,64,111,7,2,16,59 40 6f 07 02 10,a3 b9 b4 08 59 40 6f 07 02 10,29,2,5,3,1,5,static_rom_reconstructable,static_event_tail_opcode59_actor_controller,pack_family_context
cfg_t32_l144_v1,0xBB,,0xBB,FBB-L005,5,CD:67AD,CD:67B1,CD:67B8,4,0x59,89,106,16,2,16,59 59 6a 10 02 10,a3 b9 b4 08 59 59 6a 10 02 10,29,5,17,3,1,5,static_rom_reconstructable,static_event_tail_opcode59_actor_controller,pack_family_context
cfg_t32_l144_v1,0xBB,,0xBB,FBB-L006,6,CD:67C2,CD:67C6,CD:67CD,4,0x40,64,105,5,2,16,59 40 69 05 02 10,a3 bd b3 08 59 40 69 05 02 10,29,2,5,3,1,5,static_rom_reconstructable,static_event_tail_opcode59_actor_controller,pack_family_context
cfg_t32_l144_v1,0xBB,,0xBB,FBB-L007,7,CD:67D7,CD:67E2,CD:67E9,4,0x59,89,105,15,2,16,59 59 69 0f 02 10,a3 bd b3 08 59 59 69 0f 02 10,29,5,17,3,1,5,static_rom_reconstructable,static_event_tail_opcode59_actor_controller,pack_family_context
cfg_t32_l144_v1,0xBB,,0xBB,FBB-L008,8,CD:67F3,CD:67FE,CD:6805,4,0x0E,14,105,17,2,16,59 0e 69 11 02 10,a3 bd b3 08 59 0e 69 11 02 10,18,43,154,2,1,5,static_rom_reconstructable,static_event_tail_opcode59_actor_controller,pack_family_context
cfg_t32_l144_v1,0xBB,,0xBB,FBB-L013,13,CD:687D,CD:6881,CD:6888,4,0x40,64,14,51,2,16,59 40 0e 33 02 10,a3 bd b3 08 59 40 0e 33 02 10,29,2,5,3,1,5,static_rom_reconstructable,static_event_tail_opcode59_actor_controller,pack_family_context
cfg_t32_l144_v1,0xBB,,0xBB,FBB-L014,14,CD:6892,CD:689D,CD:68A4,4,0x41,65,13,41,2,16,59 41 0d 29 02 10,a3 bd b3 08 59 41 0d 29 02 10,29,6,21,3,1,5,static_rom_reconstructable,static_event_tail_opcode59_actor_controller,pack_family_context
cfg_t32_l144_v1,0xBB,,0xBB,FBB-L015,15,CD:68AE,CD:68C7,CD:68CE,4,0x24,36,19,40,2,16,59 24 13 28 02 10,a3 bd b3 08 59 24 13 28 02 10,29,56,216,2,1,5,static_rom_reconstructable,static_event_tail_opcode59_actor_controller,pack_family_context
cfg_t32_l144_v1,0xBB,,0xBB,FBB-L020,20,CD:6946,CD:694A,CD:6951,4,0x40,64,41,52,2,16,59 40 29 34 02 10,a3 b9 b4 08 59 40 29 34 02 10,29,2,5,3,1,5,static_rom_reconstructable,static_event_tail_opcode59_actor_controller,pack_family_context
cfg_t32_l144_v1,0xBB,,0xBB,FBB-L021,21,CD:695B,CD:695F,CD:6966,4,0x5A,90,50,52,2,16,59 5a 32 34 02 10,a3 b9 b4 08 59 5a 32 34 02 10,29,1,1,3,1,5,static_rom_reconstructable,static_event_tail_opcode59_actor_controller,pack_family_context
cfg_t32_l144_v1,0xBB,,0xBB,FBB-L022,22,CD:6970,CD:6974,CD:697B,4,0x3C,60,49,40,2,16,59 3c 31 28 02 10,a3 bd b3 08 59 3c 31 28 02 10,34,34,133,3,1,5,static_rom_reconstructable,static_event_tail_opcode59_actor_controller,pack_family_context
cfg_t32_l144_v1,0xBC,,0xBC,FBC-L001,1,CD:6BEF,CD:6BFA,CD:6C01,4,0x51,81,87,51,2,16,59 51 57 33 02 10,a3 bd b3 08 59 51 57 33 02 10,35,39,158,3,1,5,static_rom_reconstructable,static_event_tail_opcode59_actor_controller,pack_family_context
cfg_t32_l144_v1,0xBC,,0xBC,FBC-L002,2,CD:6C0B,CD:6C16,CD:6C1D,4,0x52,82,80,56,2,16,59 52 50 38 02 10,a3 bd b3 08 59 52 50 38 02 10,35,40,162,3,1,5,static_rom_reconstructable,static_event_tail_opcode59_actor_controller,pack_family_context
cfg_t13_l103_v2,0xBE,,0xBE,FBE-L001,1,CD:7070,CD:7086,CD:708D,4,0x6D,109,48,9,2,16,59 6d 30 09 02 10,a3 bd b4 08 59 6d 30 09 02 10,32,54,220,3,1,5,static_rom_reconstructable,static_event_tail_opcode59_actor_controller,pack_family_context
cfg_t14_l105_v2,0xC0,,0xC0,FC0-L001,1,CD:79CA,CD:79CE,CD:79D5,0,0x2F,47,42,14,2,16,59 2f 2a 0e 02 10,59 2f 2a 0e 02 10,31,22,85,3,1,5,static_rom_reconstructable,static_event_head_opcode59_actor_controller,pack_family_context
cfg_t14_l105_v2,0xC0,,0xC0,FC0-L002,2,CD:79DB,CD:79DF,CD:79E6,0,0x30,48,34,25,2,16,59 30 22 19 02 10,59 30 22 19 02 10,31,21,81,3,1,5,static_rom_reconstructable,static_event_head_opcode59_actor_controller,pack_family_context
cfg_t14_l105_v2,0xC0,,0xC0,FC0-L003,3,CD:79EC,CD:79F0,CD:79F7,0,0x30,48,39,35,2,16,59 30 27 23 02 10,59 30 27 23 02 10,31,21,81,3,1,5,static_rom_reconstructable,static_event_head_opcode59_actor_controller,pack_family_context
cfg_t15_l107_v2,0xC1,,0xC1,FC1-L001,1,CD:7C93,CD:7C97,CD:7C9E,0,0x56,86,18,53,2,16,59 56 12 35 02 10,59 56 12 35 02 10,36,45,182,3,1,5,static_rom_reconstructable,static_event_head_opcode59_actor_controller,pack_family_context
cfg_t15_l107_v2,0xC1,,0xC1,FC1-L002,2,CD:7CA4,CD:7CA8,CD:7CAF,0,0x30,48,43,50,2,16,59 30 2b 32 02 10,59 30 2b 32 02 10,31,21,81,3,1,5,static_rom_reconstructable,static_event_head_opcode59_actor_controller,pack_family_context
cfg_t16_l109_v2,0xC2,,0xC2,FC2-L001,1,CD:7D9C,CD:7DA0,CD:7DA7,0,0x30,48,52,18,2,16,59 30 34 12 02 10,59 30 34 12 02 10,31,21,81,3,1,5,static_rom_reconstructable,static_event_head_opcode59_actor_controller,pack_family_context
cfg_t16_l109_v2,0xC2,,0xC2,FC2-L002,2,CD:7DAD,CD:7DB1,CD:7DB8,0,0x6F,111,35,28,2,16,59 6f 23 1c 02 10,59 6f 23 1c 02 10,32,56,228,3,1,5,static_rom_reconstructable,static_event_head_opcode59_actor_controller,pack_family_context
cfg_t16_l109_v2,0xC2,,0xC2,FC2-L003,3,CD:7DBE,CD:7DC2,CD:7DC9,0,0x2F,47,19,9,2,16,59 2f 13 09 02 10,59 2f 13 09 02 10,31,22,85,3,1,5,static_rom_reconstructable,static_event_head_opcode59_actor_controller,pack_family_context
cfg_t14_l105_v2,0xC3,,0xC3,FC3-L001,1,CD:7F03,CD:7F07,CD:7F0E,0,0x30,48,191,30,2,16,59 30 bf 1e 02 10,59 30 bf 1e 02 10,31,21,81,3,1,5,static_rom_reconstructable,static_event_head_opcode59_actor_controller,pack_family_context
cfg_t14_l105_v2,0xC3,,0xC3,FC3-L002,2,CD:7F14,CD:7F18,CD:7F1F,0,0x22,34,207,25,2,16,59 22 cf 19 02 10,59 22 cf 19 02 10,35,41,166,3,1,5,static_rom_reconstructable,static_event_head_opcode59_actor_controller,pack_family_context
cfg_t17_l111_v2,0xC4,,0xC4,FC4-L001,1,CD:828D,CD:82A4,CD:82AB,0,0x2F,47,15,9,2,16,59 2f 0f 09 02 10,59 2f 0f 09 02 10,31,22,85,3,1,5,static_rom_reconstructable,static_event_head_opcode59_actor_controller,pack_family_context
cfg_t17_l111_v2,0xC4,,0xC4,FC4-L002,2,CD:82B1,CD:82B5,CD:82BC,0,0x30,48,42,33,2,16,59 30 2a 21 02 10,59 30 2a 21 02 10,31,21,81,3,1,5,static_rom_reconstructable,static_event_head_opcode59_actor_controller,pack_family_context
cfg_t17_l111_v2,0xC4,,0xC4,FC4-L003,3,CD:82C2,CD:82C6,CD:82CD,0,0x30,48,85,7,2,16,59 30 55 07 02 10,59 30 55 07 02 10,31,21,81,3,1,5,static_rom_reconstructable,static_event_head_opcode59_actor_controller,pack_family_context
cfg_t17_l111_v2,0xC4,,0xC4,FC4-L004,4,CD:82D3,CD:82E5,CD:82EC,0,0x56,86,24,32,2,16,59 56 18 20 02 10,59 56 18 20 02 10,36,45,182,3,1,5,static_rom_reconstructable,static_event_head_opcode59_actor_controller,pack_family_context
cfg_t18_l112_v2,0xC5,,0xC5,FC5-L001,1,CD:8393,CD:8397,CD:839E,0,0x2F,47,35,38,2,16,59 2f 23 26 02 10,59 2f 23 26 02 10,31,22,85,3,1,5,static_rom_reconstructable,static_event_head_opcode59_actor_controller,pack_family_context
cfg_t53_l184_v2,0xD0,,0xD0,FD0-L001,1,CD:96C9,CD:96CD,CD:96D4,0,0x33,51,215,25,2,0,59 33 d7 19 02 00,59 33 d7 19 02 00,31,18,69,3,1,5,static_rom_reconstructable,static_event_head_opcode59_actor_controller,pack_family_context
cfg_t53_l184_v2,0xD0,,0xD0,FD0-L002,2,CD:96DA,CD:96DE,CD:96E5,0,0x39,57,227,21,2,0,59 39 e3 15 02 00,59 39 e3 15 02 00,33,24,93,3,1,5,static_rom_reconstructable,static_event_head_opcode59_actor_controller,pack_family_context
cfg_t53_l184_v2,0xD0,,0xD0,FD0-L003,3,CD:96EB,CD:96EF,CD:96F6,0,0x33,51,240,28,2,0,59 33 f0 1c 02 00,59 33 f0 1c 02 00,31,18,69,3,1,5,static_rom_reconstructable,static_event_head_opcode59_actor_controller,pack_family_context
cfg_t53_l184_v2,0xD0,,0xD0,FD0-L004,4,CD:96FC,CD:9700,CD:9707,0,0x39,57,240,35,2,0,59 39 f0 23 02 00,59 39 f0 23 02 00,33,24,93,3,1,5,static_rom_reconstructable,static_event_head_opcode59_actor_controller,pack_family_context
cfg_t53_l184_v2,0xD0,,0xD0,FD0-L005,5,CD:970D,CD:971F,CD:9726,0,0x33,51,213,44,2,0,59 33 d5 2c 02 00,59 33 d5 2c 02 00,31,18,69,3,1,5,static_rom_reconstructable,static_event_head_opcode59_actor_controller,pack_family_context
cfg_t53_l184_v2,0xD0,,0xD0,FD0-L006,6,CD:972C,CD:9730,CD:9737,0,0x39,57,204,39,2,0,59 39 cc 27 02 00,59 39 cc 27 02 00,33,24,93,3,1,5,static_rom_reconstructable,static_event_head_opcode59_actor_controller,pack_family_context
cfg_t54_l190_v2,0xD1,,0xD1,FD1-L001,1,CD:9802,CD:9810,CD:9817,4,0x33,51,19,67,2,16,59 33 13 43 02 10,2d 8f b3 08 59 33 13 43 02 10,31,18,69,3,1,5,static_rom_reconstructable,static_event_tail_opcode59_actor_controller,pack_family_context
cfg_t54_l190_v2,0xD1,,0xD1,FD1-L002,2,CD:9821,CD:9825,CD:982C,4,0x33,51,87,5,2,16,59 33 57 05 02 10,2d d0 b3 08 59 33 57 05 02 10,31,18,69,3,1,5,static_rom_reconstructable,static_event_tail_opcode59_actor_controller,pack_family_context
cfg_t54_l190_v2,0xD1,,0xD1,FD1-L003,3,CD:9836,CD:983A,CD:9841,4,0x33,51,90,6,2,16,59 33 5a 06 02 10,2d d0 b3 08 59 33 5a 06 02 10,31,18,69,3,1,5,static_rom_reconstructable,static_event_tail_opcode59_actor_controller,pack_family_context
cfg_t54_l190_v2,0xD1,,0xD1,FD1-L004,4,CD:984B,CD:984F,CD:9856,4,0x39,57,86,55,2,16,59 39 56 37 02 10,2d d7 b3 08 59 39 56 37 02 10,33,24,93,3,1,5,static_rom_reconstructable,static_event_tail_opcode59_actor_controller,pack_family_context
cfg_t54_l190_v2,0xD1,,0xD1,FD1-L005,5,CD:9860,CD:9875,CD:987C,4,0x33,51,89,53,2,16,59 33 59 35 02 10,2d d7 b3 08 59 33 59 35 02 10,31,18,69,3,1,5,static_rom_reconstructable,static_event_tail_opcode59_actor_controller,pack_family_context
cfg_t54_l190_v2,0xD1,,0xD1,FD1-L006,6,CD:9886,CD:9892,CD:9899,4,0x33,51,84,52,2,16,59 33 54 34 02 10,2d d7 b3 08 59 33 54 34 02 10,31,18,69,3,1,5,static_rom_reconstructable,static_event_tail_opcode59_actor_controller,pack_family_context
cfg_t54_l190_v2,0xD1,,0xD1,FD1-L007,7,CD:98A3,CD:98B8,CD:98BF,4,0x33,51,7,5,2,16,59 33 07 05 02 10,2d d5 b3 08 59 33 07 05 02 10,31,18,69,3,1,5,static_rom_reconstructable,static_event_tail_opcode59_actor_controller,pack_family_context
cfg_t54_l190_v2,0xD1,,0xD1,FD1-L008,8,CD:98C9,CD:98CD,CD:98D4,4,0x33,51,8,38,2,16,59 33 08 26 02 10,2d d8 b3 08 59 33 08 26 02 10,31,18,69,3,1,5,static_rom_reconstructable,static_event_tail_opcode59_actor_controller,pack_family_context
cfg_t54_l190_v2,0xD2,,0xD2,FD2-L001,1,CD:99AE,CD:99B2,CD:99B9,4,0x33,51,40,71,2,16,59 33 28 47 02 10,2d 8f b3 08 59 33 28 47 02 10,31,18,69,3,1,5,static_rom_reconstructable,static_event_tail_opcode59_actor_controller,pack_family_context
cfg_t54_l190_v2,0xD2,,0xD2,FD2-L002,2,CD:99C3,CD:99C7,CD:99CE,4,0x33,51,36,68,2,16,59 33 24 44 02 10,2d 8f b3 08 59 33 24 44 02 10,31,18,69,3,1,5,static_rom_reconstructable,static_event_tail_opcode59_actor_controller,pack_family_context
cfg_t54_l190_v2,0xD2,,0xD2,FD2-L003,3,CD:99D8,CD:99DC,CD:99E3,4,0x33,51,88,22,2,16,59 33 58 16 02 10,2d d0 b3 08 59 33 58 16 02 10,31,18,69,3,1,5,static_rom_reconstructable,static_event_tail_opcode59_actor_controller,pack_family_context
cfg_t54_l190_v2,0xD2,,0xD2,FD2-L004,4,CD:99ED,CD:99F1,CD:99F8,4,0x33,51,24,5,2,16,59 33 18 05 02 10,2d d5 b3 08 59 33 18 05 02 10,31,18,69,3,1,5,static_rom_reconstructable,static_event_tail_opcode59_actor_controller,pack_family_context
cfg_t54_l190_v2,0xD2,,0xD2,FD2-L005,5,CD:9A02,CD:9A06,CD:9A0D,4,0x33,51,20,36,2,16,59 33 14 24 02 10,2d d8 b3 08 59 33 14 24 02 10,31,18,69,3,1,5,static_rom_reconstructable,static_event_tail_opcode59_actor_controller,pack_family_context
cfg_t54_l190_v2,0xD3,,0xD3,FD3-L001,1,CD:9AEF,CD:9AF3,CD:9AFA,4,0x33,51,55,70,2,16,59 33 37 46 02 10,2d 8f b3 08 59 33 37 46 02 10,31,18,69,3,1,5,static_rom_reconstructable,static_event_tail_opcode59_actor_controller,pack_family_context
cfg_t54_l190_v2,0xD3,,0xD3,FD3-L002,2,CD:9B04,CD:9B08,CD:9B0F,4,0x33,51,72,23,2,16,59 33 48 17 02 10,2d d0 b3 08 59 33 48 17 02 10,31,18,69,3,1,5,static_rom_reconstructable,static_event_tail_opcode59_actor_controller,pack_family_context
cfg_t54_l190_v2,0xD3,,0xD3,FD3-L003,3,CD:9B19,CD:9B1D,CD:9B24,4,0x39,57,74,22,2,16,59 39 4a 16 02 10,2d d0 b3 08 59 39 4a 16 02 10,33,24,93,3,1,5,static_rom_reconstructable,static_event_tail_opcode59_actor_controller,pack_family_context
cfg_t54_l190_v2,0xD3,,0xD3,FD3-L004,4,CD:9B2E,CD:9B32,CD:9B39,4,0x33,51,100,36,2,16,59 33 64 24 02 10,2d d7 b3 08 59 33 64 24 02 10,31,18,69,3,1,5,static_rom_reconstructable,static_event_tail_opcode59_actor_controller,pack_family_context
cfg_t54_l190_v2,0xD3,,0xD3,FD3-L005,5,CD:9B43,CD:9B58,CD:9B5F,4,0x33,51,105,37,2,16,59 33 69 25 02 10,2d d7 b3 08 59 33 69 25 02 10,31,18,69,3,1,5,static_rom_reconstructable,static_event_tail_opcode59_actor_controller,pack_family_context
cfg_t54_l190_v2,0xD3,,0xD3,FD3-L006,6,CD:9B69,CD:9B88,CD:9B8F,4,0x33,51,39,5,2,16,59 33 27 05 02 10,2d d5 b3 08 59 33 27 05 02 10,31,18,69,3,1,5,static_rom_reconstructable,static_event_tail_opcode59_actor_controller,pack_family_context
cfg_t54_l190_v2,0xD3,,0xD3,FD3-L007,7,CD:9B99,CD:9B9D,CD:9BA4,4,0x39,57,37,39,2,16,59 39 25 27 02 10,2d d8 b3 08 59 39 25 27 02 10,33,24,93,3,1,5,static_rom_reconstructable,static_event_tail_opcode59_actor_controller,pack_family_context
cfg_t54_l190_v2,0xD3,,0xD3,FD3-L008,8,CD:9BAE,CD:9BB2,CD:9BB9,4,0x33,51,39,37,2,16,59 33 27 25 02 10,2d d8 b3 08 59 33 27 25 02 10,31,18,69,3,1,5,static_rom_reconstructable,static_event_tail_opcode59_actor_controller,pack_family_context
cfg_t54_l190_v2,0xD4,,0xD4,FD4-L001,1,CD:9D01,CD:9D05,CD:9D0C,4,0x33,51,71,70,3,16,59 33 47 46 03 10,2d 8f b3 08 59 33 47 46 03 10,31,18,69,3,1,5,static_rom_reconstructable,static_event_tail_opcode59_actor_controller,pack_family_context
cfg_t54_l190_v2,0xD4,,0xD4,FD4-L002,2,CD:9D16,CD:9D1A,CD:9D21,18,0x33,51,54,6,2,16,59 33 36 06 02 10,2d d5 b3 16 08 b9 13 07 b4 0a 59 33 37 06 02 10 b2 08 59 33 36 06 02 10,31,18,69,3,1,5,static_rom_reconstructable,static_event_tail_opcode59_actor_controller,pack_family_context
cfg_t53_l184_v2,0xD5,,0xD5,FD5-L001,1,CD:9F1E,CD:9F22,CD:9F29,0,0x33,51,22,37,2,0,59 33 16 25 02 00,59 33 16 25 02 00,31,18,69,3,1,5,static_rom_reconstructable,static_event_head_opcode59_actor_controller,pack_family_context
cfg_t53_l184_v2,0xD5,,0xD5,FD5-L002,2,CD:9F2F,CD:9F33,CD:9F3A,0,0x33,51,11,41,2,0,59 33 0b 29 02 00,59 33 0b 29 02 00,31,18,69,3,1,5,static_rom_reconstructable,static_event_head_opcode59_actor_controller,pack_family_context
cfg_t53_l184_v2,0xD5,,0xD5,FD5-L003,3,CD:9F40,CD:9F44,CD:9F4B,0,0x39,57,25,50,2,0,59 39 19 32 02 00,59 39 19 32 02 00,33,24,93,3,1,5,static_rom_reconstructable,static_event_head_opcode59_actor_controller,pack_family_context
cfg_t53_l184_v2,0xD5,,0xD5,FD5-L004,4,CD:9F51,CD:9F55,CD:9F5C,0,0x39,57,24,60,2,0,59 39 18 3c 02 00,59 39 18 3c 02 00,33,24,93,3,1,5,static_rom_reconstructable,static_event_head_opcode59_actor_controller,pack_family_context
cfg_t53_l184_v2,0xD5,,0xD5,FD5-L005,5,CD:9F62,CD:9F66,CD:9F6D,0,0x33,51,37,49,2,0,59 33 25 31 02 00,59 33 25 31 02 00,31,18,69,3,1,5,static_rom_reconstructable,static_event_head_opcode59_actor_controller,pack_family_context
cfg_t53_l184_v2,0xD5,,0xD5,FD5-L006,6,CD:9F73,CD:9F77,CD:9F7E,0,0x39,57,32,39,2,0,59 39 20 27 02 00,59 39 20 27 02 00,33,24,93,3,1,5,static_rom_reconstructable,static_event_head_opcode59_actor_controller,pack_family_context
cfg_t53_l184_v2,0xD5,,0xD5,FD5-L007,7,CD:9F84,CD:9F88,CD:9F8F,0,0x39,57,44,61,2,0,59 39 2c 3d 02 00,59 39 2c 3d 02 00,33,24,93,3,1,5,static_rom_reconstructable,static_event_head_opcode59_actor_controller,pack_family_context
cfg_t53_l184_v2,0xD7,,0xD7,FD7-L001,1,CD:A19B,CD:A1B0,CD:A1B7,0,0x39,57,153,16,2,0,59 39 99 10 02 00,59 39 99 10 02 00,33,24,93,3,1,5,static_rom_reconstructable,static_event_head_opcode59_actor_controller,pack_family_context
cfg_t53_l184_v2,0xD7,,0xD7,FD7-L002,2,CD:A1BD,CD:A1D2,CD:A1D9,0,0x33,51,164,21,2,0,59 33 a4 15 02 00,59 33 a4 15 02 00,31,18,69,3,1,5,static_rom_reconstructable,static_event_head_opcode59_actor_controller,pack_family_context
cfg_t53_l184_v2,0xD7,,0xD7,FD7-L003,3,CD:A1DF,CD:A1F4,CD:A1FB,0,0x33,51,154,33,2,0,59 33 9a 21 02 00,59 33 9a 21 02 00,31,18,69,3,1,5,static_rom_reconstructable,static_event_head_opcode59_actor_controller,pack_family_context
cfg_t53_l184_v2,0xD7,,0xD7,FD7-L004,4,CD:A201,CD:A216,CD:A21D,0,0x39,57,148,46,2,0,59 39 94 2e 02 00,59 39 94 2e 02 00,33,24,93,3,1,5,static_rom_reconstructable,static_event_head_opcode59_actor_controller,pack_family_context
cfg_t53_l184_v2,0xD7,,0xD7,FD7-L005,5,CD:A223,CD:A238,CD:A23F,0,0x39,57,172,54,2,16,59 39 ac 36 02 10,59 39 ac 36 02 10,33,24,93,3,1,5,static_rom_reconstructable,static_event_head_opcode59_actor_controller,pack_family_context
cfg_t53_l184_v2,0xD7,,0xD7,FD7-L006,6,CD:A245,CD:A25A,CD:A261,0,0x39,57,174,54,2,16,59 39 ae 36 02 10,59 39 ae 36 02 10,33,24,93,3,1,5,static_rom_reconstructable,static_event_head_opcode59_actor_controller,pack_family_context
cfg_t53_l184_v2,0xD7,,0xD7,FD7-L007,7,CD:A267,CD:A27C,CD:A283,0,0x33,51,173,53,2,16,59 33 ad 35 02 10,59 33 ad 35 02 10,31,18,69,3,1,5,static_rom_reconstructable,static_event_head_opcode59_actor_controller,pack_family_context
cfg_t53_l184_v2,0xD8,,0xD8,FD8-L001,1,CD:A434,CD:A440,CD:A447,0,0x33,51,87,27,2,0,59 33 57 1b 02 00,59 33 57 1b 02 00,31,18,69,3,1,5,static_rom_reconstructable,static_event_head_opcode59_actor_controller,pack_family_context
cfg_t53_l184_v2,0xD8,,0xD8,FD8-L002,2,CD:A44D,CD:A459,CD:A460,0,0x39,57,82,34,2,0,59 39 52 22 02 00,59 39 52 22 02 00,33,24,93,3,1,5,static_rom_reconstructable,static_event_head_opcode59_actor_controller,pack_family_context
cfg_t53_l184_v2,0xD8,,0xD8,FD8-L003,3,CD:A466,CD:A472,CD:A479,0,0x33,51,95,36,2,0,59 33 5f 24 02 00,59 33 5f 24 02 00,31,18,69,3,1,5,static_rom_reconstructable,static_event_head_opcode59_actor_controller,pack_family_context
cfg_t53_l184_v2,0xD8,,0xD8,FD8-L004,4,CD:A47F,CD:A48B,CD:A492,0,0x39,57,109,36,2,0,59 39 6d 24 02 00,59 39 6d 24 02 00,33,24,93,3,1,5,static_rom_reconstructable,static_event_head_opcode59_actor_controller,pack_family_context
cfg_t53_l184_v2,0xD8,,0xD8,FD8-L005,5,CD:A498,CD:A4A4,CD:A4AB,0,0x33,51,105,43,2,0,59 33 69 2b 02 00,59 33 69 2b 02 00,31,18,69,3,1,5,static_rom_reconstructable,static_event_head_opcode59_actor_controller,pack_family_context
cfg_t53_l184_v2,0xD8,,0xD8,FD8-L006,6,CD:A4B1,CD:A4BD,CD:A4C4,0,0x39,57,102,23,2,0,59 39 66 17 02 00,59 39 66 17 02 00,33,24,93,3,1,5,static_rom_reconstructable,static_event_head_opcode59_actor_controller,pack_family_context
cfg_t51_l180_v2,0xDB,,0xDB,FDB-L001,1,CD:AE09,CD:AE0F,CD:AE16,16,0x2F,47,104,9,4,16,59 2f 68 09 04 10,a3 01 b3 14 a3 04 b4 0a 59 2f 68 09 02 10 b2 08 59 2f 68 09 04 10,31,22,85,3,1,5,static_rom_reconstructable,static_event_tail_opcode59_actor_controller,pack_family_context
cfg_t51_l180_v2,0xDB,,0xDB,FDB-L002,2,CD:AE2C,CD:AE32,CD:AE39,4,0x33,51,98,4,2,16,59 33 62 04 02 10,a3 db b3 08 59 33 62 04 02 10,31,18,69,3,1,5,static_rom_reconstructable,static_event_tail_opcode59_actor_controller,pack_family_context
cfg_t51_l180_v2,0xDB,,0xDB,FDB-L003,3,CD:AE43,CD:AE4F,CD:AE56,4,0x33,51,102,5,2,16,59 33 66 05 02 10,a3 db b3 08 59 33 66 05 02 10,31,18,69,3,1,5,static_rom_reconstructable,static_event_tail_opcode59_actor_controller,pack_family_context
cfg_t51_l180_v2,0xDB,,0xDB,FDB-L004,4,CD:AE60,CD:AE6C,CD:AE73,4,0x39,57,104,9,2,16,59 39 68 09 02 10,a3 db b3 08 59 39 68 09 02 10,33,24,93,3,1,5,static_rom_reconstructable,static_event_tail_opcode59_actor_controller,pack_family_context
cfg_t51_l180_v2,0xDB,,0xDB,FDB-L005,5,CD:AE7D,CD:AE89,CD:AE90,4,0x33,51,108,6,2,16,59 33 6c 06 02 10,a3 db b3 08 59 33 6c 06 02 10,31,18,69,3,1,5,static_rom_reconstructable,static_event_tail_opcode59_actor_controller,pack_family_context
cfg_t51_l180_v2,0xDB,,0xDB,FDB-L006,6,CD:AE9A,CD:AEA6,CD:AEAD,4,0x33,51,99,11,1,16,59 33 63 0b 01 10,a3 db b3 08 59 33 63 0b 01 10,31,18,69,3,1,5,static_rom_reconstructable,static_event_tail_opcode59_actor_controller,pack_family_context
cfg_t51_l180_v2,0xDB,,0xDB,FDB-L007,7,CD:AEB7,CD:AEC3,CD:AECA,4,0x39,57,85,8,1,16,59 39 55 08 01 10,a3 db b3 08 59 39 55 08 01 10,33,24,93,3,1,5,static_rom_reconstructable,static_event_tail_opcode59_actor_controller,pack_family_context
cfg_t51_l180_v2,0xDB,,0xDB,FDB-L008,8,CD:AED4,CD:AEE0,CD:AEE7,4,0x33,51,89,6,1,16,59 33 59 06 01 10,a3 db b3 08 59 33 59 06 01 10,31,18,69,3,1,5,static_rom_reconstructable,static_event_tail_opcode59_actor_controller,pack_family_context
cfg_t51_l180_v2,0xDB,,0xDB,FDB-L009,9,CD:AEF1,CD:AEFD,CD:AF04,4,0x39,57,121,73,1,16,59 39 79 49 01 10,a3 db b3 08 59 39 79 49 01 10,33,24,93,3,1,5,static_rom_reconstructable,static_event_tail_opcode59_actor_controller,pack_family_context
cfg_t51_l180_v2,0xDB,,0xDB,FDB-L010,10,CD:AF0E,CD:AF1A,CD:AF21,4,0x39,57,117,69,1,16,59 39 75 45 01 10,a3 db b3 08 59 39 75 45 01 10,33,24,93,3,1,5,static_rom_reconstructable,static_event_tail_opcode59_actor_controller,pack_family_context
cfg_t51_l180_v2,0xDC,,0xDC,FDC-L001,1,CD:B3F7,CD:B40B,CD:B412,4,0x33,51,105,37,3,16,59 33 69 25 03 10,a3 ea b3 08 59 33 69 25 03 10,31,18,69,3,1,5,static_rom_reconstructable,static_event_tail_opcode59_actor_controller,pack_family_context
cfg_t51_l180_v2,0xDC,,0xDC,FDC-L002,2,CD:B41C,CD:B430,CD:B437,4,0x33,51,85,53,2,16,59 33 55 35 02 10,a3 db b3 08 59 33 55 35 02 10,31,18,69,3,1,5,static_rom_reconstructable,static_event_tail_opcode59_actor_controller,pack_family_context
cfg_t55_l192_v2,0xE0,,0xE0,FE0-L001,1,CD:BC80,CD:BC8C,CD:BC93,0,0x49,73,23,65,4,144,59 49 17 41 04 90,59 49 17 41 04 90,33,28,109,3,1,5,static_rom_reconstructable,static_event_head_opcode59_actor_controller,pack_family_context
cfg_t55_l192_v2,0xE0,,0xE0,FE0-L002,2,CD:BC99,CD:BCA5,CD:BCAC,0,0x49,73,24,65,4,144,59 49 18 41 04 90,59 49 18 41 04 90,33,28,109,3,1,5,static_rom_reconstructable,static_event_head_opcode59_actor_controller,pack_family_context
cfg_t55_l192_v2,0xE0,,0xE0,FE0-L003,3,CD:BCB2,CD:BCBE,CD:BCC5,0,0x35,53,28,17,2,0,59 35 1c 11 02 00,59 35 1c 11 02 00,31,19,73,3,1,5,static_rom_reconstructable,static_event_head_opcode59_actor_controller,pack_family_context
cfg_t55_l192_v2,0xE0,,0xE0,FE0-L004,4,CD:BCCB,CD:BCED,CD:BCF4,0,0x35,53,17,29,2,0,59 35 11 1d 02 00,59 35 11 1d 02 00,31,19,73,3,1,5,static_rom_reconstructable,static_event_head_opcode59_actor_controller,pack_family_context
cfg_t55_l192_v2,0xE0,,0xE0,FE0-L005,5,CD:BCFA,CD:BD1C,CD:BD23,0,0x35,53,30,26,2,0,59 35 1e 1a 02 00,59 35 1e 1a 02 00,31,19,73,3,1,5,static_rom_reconstructable,static_event_head_opcode59_actor_controller,pack_family_context
cfg_t55_l192_v2,0xE0,,0xE0,FE0-L006,6,CD:BD29,CD:BD4B,CD:BD52,0,0x35,53,27,37,2,0,59 35 1b 25 02 00,59 35 1b 25 02 00,31,19,73,3,1,5,static_rom_reconstructable,static_event_head_opcode59_actor_controller,pack_family_context
cfg_t55_l192_v2,0xE0,,0xE0,FE0-L007,7,CD:BD58,CD:BD7A,CD:BD81,0,0x35,53,18,37,2,0,59 35 12 25 02 00,59 35 12 25 02 00,31,19,73,3,1,5,static_rom_reconstructable,static_event_head_opcode59_actor_controller,pack_family_context
cfg_t55_l192_v2,0xE0,,0xE0,FE0-L008,8,CD:BD87,CD:BDA9,CD:BDB0,0,0x35,53,23,38,2,0,59 35 17 26 02 00,59 35 17 26 02 00,31,19,73,3,1,5,static_rom_reconstructable,static_event_head_opcode59_actor_controller,pack_family_context
cfg_t55_l192_v2,0xE0,,0xE0,FE0-L009,9,CD:BDB6,CD:BE17,CD:BE1E,8,0x30,48,30,31,2,0,59 30 1e 1f 02 00,a3 56 e1 a3 5a e8 b3 08 59 30 1e 1f 02 00,31,21,81,3,1,5,static_rom_reconstructable,static_event_tail_opcode59_actor_controller,pack_family_context
cfg_t55_l192_v2,0xE0,,0xE0,FE0-L010,10,CD:BE2C,CD:BE44,CD:BE4B,8,0x30,48,18,22,2,0,59 30 12 16 02 00,a3 57 e1 a3 5a e8 b3 08 59 30 12 16 02 00,31,21,81,3,1,5,static_rom_reconstructable,static_event_tail_opcode59_actor_controller,pack_family_context
cfg_t55_l192_v2,0xE0,,0xE0,FE0-L011,11,CD:BE59,CD:BE71,CD:BE78,4,0x30,48,25,46,2,0,59 30 19 2e 02 00,a3 5a b3 08 59 30 19 2e 02 00,31,21,81,3,1,5,static_rom_reconstructable,static_event_tail_opcode59_actor_controller,pack_family_context
cfg_t55_l192_v2,0xE1,,0xE1,FE1-L001,1,CD:C1BD,CD:C1C5,CD:C1CC,0,0x35,53,52,11,4,16,59 35 34 0b 04 10,59 35 34 0b 04 10,31,19,73,3,1,5,static_rom_reconstructable,static_event_head_opcode59_actor_controller,pack_family_context
cfg_t55_l192_v2,0xE1,,0xE1,FE1-L002,2,CD:C1D2,CD:C1E6,CD:C1ED,0,0x35,53,54,11,4,16,59 35 36 0b 04 10,59 35 36 0b 04 10,31,19,73,3,1,5,static_rom_reconstructable,static_event_head_opcode59_actor_controller,pack_family_context
cfg_t55_l192_v2,0xE1,,0xE1,FE1-L003,3,CD:C1F3,CD:C207,CD:C20E,0,0x35,53,56,22,2,0,59 35 38 16 02 00,59 35 38 16 02 00,31,19,73,3,1,5,static_rom_reconstructable,static_event_head_opcode59_actor_controller,pack_family_context
cfg_t55_l192_v2,0xE1,,0xE1,FE1-L004,4,CD:C214,CD:C228,CD:C22F,0,0x35,53,69,22,2,0,59 35 45 16 02 00,59 35 45 16 02 00,31,19,73,3,1,5,static_rom_reconstructable,static_event_head_opcode59_actor_controller,pack_family_context
cfg_t55_l192_v2,0xE1,,0xE1,FE1-L005,5,CD:C235,CD:C249,CD:C250,4,0x48,72,53,10,4,16,59 48 35 0a 04 10,a3 62 b4 08 59 48 35 0a 04 10,31,17,65,3,1,5,static_rom_reconstructable,static_event_tail_opcode59_actor_controller,pack_family_context
cfg_t55_l192_v2,0xE1,,0xE1,FE1-L006,6,CD:C25A,CD:C28C,CD:C293,9,0x30,48,52,10,4,16,59 30 34 0a 04 10,a3 5a e1 a3 f0 e1 e7 b3 08 59 30 34 0a 04 10,31,21,81,3,1,5,static_rom_reconstructable,static_event_tail_opcode59_actor_controller,pack_family_context
cfg_t55_l192_v2,0xE2,,0xE2,FE2-L001,1,CD:C6F2,CD:C706,CD:C70D,0,0x35,53,66,67,2,16,59 35 42 43 02 10,59 35 42 43 02 10,31,19,73,3,1,5,static_rom_reconstructable,static_event_head_opcode59_actor_controller,pack_family_context
cfg_t55_l192_v2,0xE2,,0xE2,FE2-L002,2,CD:C713,CD:C752,CD:C759,4,0x2F,47,5,10,2,16,59 2f 05 0a 02 10,a3 54 b4 08 59 2f 05 0a 02 10,31,22,85,3,1,5,static_rom_reconstructable,static_event_tail_opcode59_actor_controller,pack_family_context
cfg_t31_l142_v2,0xE9,,0xE9,FE9-L001,1,CD:DAA1,CD:DAA5,CD:DAAC,10,0x77,119,13,8,3,144,59 77 0d 08 03 90,a3 de e1 21 9a 80 e1 e7 b3 08 59 77 0d 08 03 90,39,9,21,4,1,5,static_rom_reconstructable,static_event_tail_opcode59_actor_controller,pack_family_context
cfg_t31_l142_v2,0xE9,,0xE9,FE9-L002,2,CD:DABC,CD:DAC0,CD:DAC7,12,0x77,119,45,12,2,144,59 77 2d 0c 02 90,a3 de b4 0a 59 26 2d 0c 02 90 b2 08 59 77 2d 0c 02 90,39,9,21,4,1,5,static_rom_reconstructable,static_event_tail_opcode59_actor_controller,pack_family_context
cfg_t31_l142_v2,0xE9,,0xE9,FE9-L003,3,CD:DAD9,CD:DAEF,CD:DAF6,12,0x77,119,50,15,2,144,59 77 32 0f 02 90,a3 de b4 0a 59 26 32 0f 02 90 b2 08 59 77 32 0f 02 90,39,9,21,4,1,5,static_rom_reconstructable,static_event_tail_opcode59_actor_controller,pack_family_context
cfg_t07_l007_v2,0xEC,,0xEC,FEC-L001,1,CD:E15E,CD:E1DA,CD:E1E1,4,0x41,65,5,4,2,16,59 41 05 04 02 10,a3 ee b3 08 59 41 05 04 02 10,29,6,21,3,1,5,static_rom_reconstructable,static_event_tail_opcode59_actor_controller,pack_family_context
cfg_t07_l051_v2,0xEC,,0xEC,FEC-L001,1,CD:E15E,CD:E1DA,CD:E1E1,4,0x41,65,5,4,2,16,59 41 05 04 02 10,a3 ee b3 08 59 41 05 04 02 10,29,6,21,3,1,5,static_rom_reconstructable,static_event_tail_opcode59_actor_controller,pack_family_context
cfg_t04_l070_v2,0xF3,,0xF3,FF3-L003,3,CE:0351,CE:0355,CE:035C,0,0x40,64,34,17,2,0,59 40 22 11 02 00,59 40 22 11 02 00,29,2,5,3,1,5,static_rom_reconstructable,static_event_head_opcode59_actor_controller,pack_family_context
cfg_t04_l070_v2,0xF3,,0xF3,FF3-L004,4,CE:0362,CE:0366,CE:036D,0,0x59,89,45,22,2,0,59 59 2d 16 02 00,59 59 2d 16 02 00,29,5,17,3,1,5,static_rom_reconstructable,static_event_head_opcode59_actor_controller,pack_family_context
cfg_t04_l070_v2,0xF3,,0xF3,FF3-L005,5,CE:0373,CE:0377,CE:037E,0,0x5B,91,40,29,2,16,59 5b 28 1d 02 10,59 5b 28 1d 02 10,30,8,29,3,1,5,static_rom_reconstructable,static_event_head_opcode59_actor_controller,pack_family_context
cfg_t04_l070_v2,0xF3,,0xF3,FF3-L006,6,CE:0384,CE:0388,CE:038F,0,0x43,67,40,38,2,0,59 43 28 26 02 00,59 43 28 26 02 00,30,11,41,3,1,5,static_rom_reconstructable,static_event_head_opcode59_actor_controller,pack_family_context
cfg_t04_l070_v2,0xF3,,0xF3,FF3-L007,7,CE:0395,CE:0399,CE:03A0,0,0x5A,90,33,46,2,0,59 5a 21 2e 02 00,59 5a 21 2e 02 00,29,1,1,3,1,5,static_rom_reconstructable,static_event_head_opcode59_actor_controller,pack_family_context
cfg_t04_l070_v2,0xF3,,0xF3,FF3-L008,8,CE:03A6,CE:03AA,CE:03B1,0,0x42,66,21,39,2,0,59 42 15 27 02 00,59 42 15 27 02 00,29,3,9,3,1,5,static_rom_reconstructable,static_event_head_opcode59_actor_controller,pack_family_context
cfg_t04_l070_v2,0xF3,,0xF3,FF3-L009,9,CE:03B7,CE:03BB,CE:03C2,0,0x29,41,35,24,2,0,59 29 23 18 02 00,59 29 23 18 02 00,44,22,69,7,1,5,static_rom_reconstructable,static_event_head_opcode59_actor_controller,pack_family_context
cfg_t04_l070_v2,0xF3,,0xF3,FF3-L010,10,CE:03C8,CE:03CC,CE:03D3,0,0x30,48,46,15,2,0,59 30 2e 0f 02 00,59 30 2e 0f 02 00,31,21,81,3,1,5,static_rom_reconstructable,static_event_head_opcode59_actor_controller,pack_family_context
cfg_t04_l070_v2,0xF3,,0xF3,FF3-L011,11,CE:03D9,CE:03DD,CE:03E4,0,0x2F,47,34,34,2,0,59 2f 22 22 02 00,59 2f 22 22 02 00,31,22,85,3,1,5,static_rom_reconstructable,static_event_head_opcode59_actor_controller,pack_family_context
cfg_t06_l021_v2,0xF4,,0xF4,FF4-L002,2,CE:04B2,CE:04B6,CE:04BD,0,0x2E,46,20,20,2,0,59 2e 14 14 02 00,59 2e 14 14 02 00,31,20,77,3,1,5,static_rom_reconstructable,static_event_head_opcode59_actor_controller,pack_family_context
cfg_t06_l021_v2,0xF4,,0xF4,FF4-L003,3,CE:04C3,CE:04C7,CE:04CE,0,0x2E,46,23,26,2,0,59 2e 17 1a 02 00,59 2e 17 1a 02 00,31,20,77,3,1,5,static_rom_reconstructable,static_event_head_opcode59_actor_controller,pack_family_context
cfg_t06_l021_v2,0xF4,,0xF4,FF4-L004,4,CE:04D4,CE:04D8,CE:04DF,0,0x43,67,26,32,2,0,59 43 1a 20 02 00,59 43 1a 20 02 00,30,11,41,3,1,5,static_rom_reconstructable,static_event_head_opcode59_actor_controller,pack_family_context
cfg_t06_l021_v2,0xF4,,0xF4,FF4-L005,5,CE:04E5,CE:04E9,CE:04F0,0,0x43,67,31,23,2,0,59 43 1f 17 02 00,59 43 1f 17 02 00,30,11,41,3,1,5,static_rom_reconstructable,static_event_head_opcode59_actor_controller,pack_family_context
cfg_t06_l021_v2,0xF4,,0xF4,FF4-L006,6,CE:04F6,CE:04FA,CE:0501,0,0x2E,46,30,19,2,0,59 2e 1e 13 02 00,59 2e 1e 13 02 00,31,20,77,3,1,5,static_rom_reconstructable,static_event_head_opcode59_actor_controller,pack_family_context
cfg_t06_l021_v2,0xF4,,0xF4,FF4-L007,7,CE:0507,CE:050B,CE:0512,0,0x2E,46,22,27,2,0,59 2e 16 1b 02 00,59 2e 16 1b 02 00,31,20,77,3,1,5,static_rom_reconstructable,static_event_head_opcode59_actor_controller,pack_family_context
cfg_t06_l021_v2,0xF4,,0xF4,FF4-L008,8,CE:0518,CE:051C,CE:0523,4,0x40,64,18,22,2,0,59 40 12 16 02 00,a3 bd b3 08 59 40 12 16 02 00,29,2,5,3,1,5,static_rom_reconstructable,static_event_tail_opcode59_actor_controller,pack_family_context
cfg_t06_l021_v2,0xF4,,0xF4,FF4-L009,9,CE:052D,CE:0531,CE:0538,4,0x5A,90,26,23,2,0,59 5a 1a 17 02 00,a3 bd b3 08 59 5a 1a 17 02 00,29,1,1,3,1,5,static_rom_reconstructable,static_event_tail_opcode59_actor_controller,pack_family_context
cfg_t50_l178_v1,0xF5,,0xF5,FF5-L001,1,CE:08D9,CE:08DD,CE:08E4,0,0x29,41,19,18,2,16,59 29 13 12 02 10,59 29 13 12 02 10,44,22,69,7,1,5,static_rom_reconstructable,static_event_head_opcode59_actor_controller,pack_family_context
cfg_t50_l178_v1,0xF5,,0xF5,FF5-L002,2,CE:08EA,CE:08EE,CE:08F5,0,0x29,41,16,28,2,16,59 29 10 1c 02 10,59 29 10 1c 02 10,44,22,69,7,1,5,static_rom_reconstructable,static_event_head_opcode59_actor_controller,pack_family_context
cfg_t50_l178_v1,0xF5,,0xF5,FF5-L003,3,CE:08FB,CE:08FF,CE:0906,0,0x29,41,22,28,2,16,59 29 16 1c 02 10,59 29 16 1c 02 10,44,22,69,7,1,5,static_rom_reconstructable,static_event_head_opcode59_actor_controller,pack_family_context
cfg_t50_l178_v1,0xF5,,0xF5,FF5-L004,4,CE:090C,CE:0910,CE:0917,0,0x42,66,65,20,2,16,59 42 41 14 02 10,59 42 41 14 02 10,29,3,9,3,1,5,static_rom_reconstructable,static_event_head_opcode59_actor_controller,pack_family_context
cfg_t50_l178_v1,0xF5,,0xF5,FF5-L005,5,CE:091D,CE:0969,CE:0970,0,0x24,36,66,56,2,16,59 24 42 38 02 10,59 24 42 38 02 10,29,56,216,2,1,5,static_rom_reconstructable,static_event_head_opcode59_actor_controller,pack_family_context
cfg_t50_l178_v1,0xF5,,0xF5,FF5-L006,6,CE:0976,CE:097A,CE:0981,0,0x29,41,27,16,3,16,59 29 1b 10 03 10,59 29 1b 10 03 10,44,22,69,7,1,5,static_rom_reconstructable,static_event_head_opcode59_actor_controller,pack_family_context
cfg_t50_l178_v1,0xF5,,0xF5,FF5-L007,7,CE:0987,CE:098B,CE:0992,10,0x05,5,12,16,2,16,59 05 0c 10 02 10,17 08 05 e1 17 07 05 e7 b3 08 59 05 0c 10 02 10,9,23,61,2,1,5,static_rom_reconstructable,static_event_tail_opcode59_actor_controller,pack_family_context
cfg_t50_l178_v1,0xF5,,0xF5,FF5-L008,8,CE:09A2,CE:09A6,CE:09AD,10,0x02,2,12,9,2,16,59 02 0c 09 02 10,17 08 02 e1 17 07 02 e7 b3 08 59 02 0c 09 02 10,2,7,14,2,1,5,static_rom_reconstructable,static_event_tail_opcode59_actor_controller,pack_family_context
cfg_t50_l178_v1,0xF5,,0xF5,FF5-L009,9,CE:09BD,CE:09C1,CE:09C8,10,0x03,3,17,9,2,16,59 03 11 09 02 10,17 08 03 e1 17 07 03 e7 b3 08 59 03 11 09 02 10,4,10,24,2,1,5,static_rom_reconstructable,static_event_tail_opcode59_actor_controller,pack_family_context
cfg_t50_l178_v1,0xF5,,0xF5,FF5-L010,10,CE:09D8,CE:09DC,CE:09E3,10,0x04,4,22,9,2,16,59 04 16 09 02 10,17 08 04 e1 17 07 04 e7 b3 08 59 04 16 09 02 10,6,16,37,2,1,5,static_rom_reconstructable,static_event_tail_opcode59_actor_controller,pack_family_context
cfg_t50_l178_v1,0xF5,,0xF5,FF5-L011,11,CE:09F3,CE:09F7,CE:09FE,10,0x09,9,27,9,2,16,59 09 1b 09 02 10,17 08 09 e1 17 07 09 e7 b3 08 59 09 1b 09 02 10,10,25,70,2,1,5,static_rom_reconstructable,static_event_tail_opcode59_actor_controller,pack_family_context
cfg_t50_l178_v1,0xF5,,0xF5,FF5-L012,12,CE:0A0E,CE:0A12,CE:0A19,10,0x06,6,60,14,2,16,59 06 3c 0e 02 10,17 08 06 e1 17 07 06 e7 b3 08 59 06 3c 0e 02 10,11,27,79,2,1,5,static_rom_reconstructable,static_event_tail_opcode59_actor_controller,pack_family_context
cfg_t50_l178_v1,0xF5,,0xF5,FF5-L013,13,CE:0A29,CE:0A2D,CE:0A34,10,0x07,7,63,14,2,16,59 07 3f 0e 02 10,17 08 07 e1 17 07 07 e7 b3 08 59 07 3f 0e 02 10,11,29,88,2,1,5,static_rom_reconstructable,static_event_tail_opcode59_actor_controller,pack_family_context
cfg_t50_l178_v1,0xF5,,0xF5,FF5-L014,14,CE:0A44,CE:0A48,CE:0A4F,10,0x11,17,71,6,2,16,59 11 47 06 02 10,17 08 11 e1 17 07 11 e7 b3 08 59 11 47 06 02 10,17,41,145,2,1,5,static_rom_reconstructable,static_event_tail_opcode59_actor_controller,pack_family_context
cfg_t50_l178_v1,0xF5,,0xF5,FF5-L015,15,CE:0A5F,CE:0A63,CE:0A6A,10,0x0F,15,61,7,2,16,59 0f 3d 07 02 10,17 08 0f e1 17 07 0f e7 b3 08 59 0f 3d 07 02 10,16,39,136,2,1,5,static_rom_reconstructable,static_event_tail_opcode59_actor_controller,pack_family_context
cfg_t50_l178_v1,0xF5,,0xF5,FF5-L016,16,CE:0A7A,CE:0A7E,CE:0A85,10,0x10,16,68,7,2,16,59 10 44 07 02 10,17 08 10 e1 17 07 10 e7 b3 08 59 10 44 07 02 10,15,37,127,2,1,5,static_rom_reconstructable,static_event_tail_opcode59_actor_controller,pack_family_context
cfg_t50_l178_v1,0xF5,,0xF5,FF5-L017,17,CE:0A95,CE:0A99,CE:0AA0,10,0x08,8,65,6,2,16,59 08 41 06 02 10,17 08 08 e1 17 07 08 e7 b3 08 59 08 41 06 02 10,24,54,207,2,1,5,static_rom_reconstructable,static_event_tail_opcode59_actor_controller,pack_family_context
cfg_t50_l178_v1,0xF5,,0xF5,FF5-L018,18,CE:0AB0,CE:0AB4,CE:0ABB,10,0x12,18,75,7,2,16,59 12 4b 07 02 10,17 08 12 e1 17 07 12 e7 b3 08 59 12 4b 07 02 10,19,45,163,2,1,5,static_rom_reconstructable,static_event_tail_opcode59_actor_controller,pack_family_context
cfg_t50_l178_v1,0xF5,,0xF5,FF5-L019,19,CE:0ACB,CE:0ACF,CE:0AD6,10,0x13,19,73,14,2,16,59 13 49 0e 02 10,17 08 13 e1 17 07 13 e7 b3 08 59 13 49 0e 02 10,22,51,190,2,1,5,static_rom_reconstructable,static_event_tail_opcode59_actor_controller,pack_family_context
cfg_t50_l178_v1,0xF5,,0xF5,FF5-L020,20,CE:0AE6,CE:0AEA,CE:0AF1,10,0x0D,13,76,14,2,16,59 0d 4c 0e 02 10,17 08 0d e1 17 07 0d e7 b3 08 59 0d 4c 0e 02 10,8,21,52,2,1,5,static_rom_reconstructable,static_event_tail_opcode59_actor_controller,pack_family_context
cfg_t50_l178_v1,0xF5,,0xF5,FF5-L021,21,CE:0B01,CE:0B09,CE:0B10,10,0x0E,14,123,10,2,16,59 0e 7b 0a 02 10,17 08 0e e1 17 07 0e e7 b3 08 59 0e 7b 0a 02 10,18,43,154,2,1,5,static_rom_reconstructable,static_event_tail_opcode59_actor_controller,pack_family_context
cfg_t50_l178_v1,0xF5,,0xF5,FF5-L022,22,CE:0B20,CE:0B24,CE:0B2B,10,0x14,20,122,3,2,16,59 14 7a 03 02 10,17 08 14 e1 17 07 14 e7 b3 08 59 14 7a 03 02 10,21,49,181,2,1,5,static_rom_reconstructable,static_event_tail_opcode59_actor_controller,pack_family_context
cfg_t50_l178_v1,0xF5,,0xF5,FF5-L023,23,CE:0B3B,CE:0B3F,CE:0B46,10,0x0A,10,109,10,2,16,59 0a 6d 0a 02 10,17 08 0a e1 17 07 0a e7 b3 08 59 0a 6d 0a 02 10,20,47,172,2,1,5,static_rom_reconstructable,static_event_tail_opcode59_actor_controller,pack_family_context
cfg_t50_l178_v1,0xF5,,0xF5,FF5-L024,24,CE:0B56,CE:0B5A,CE:0B61,10,0x6A,106,116,3,2,16,59 6a 74 03 02 10,17 08 0c e1 17 07 0c e7 b3 08 59 6a 74 03 02 10,14,7,12,5,1,5,static_rom_reconstructable,static_event_tail_opcode59_actor_controller,pack_family_context
cfg_t50_l178_v1,0xF5,,0xF5,FF5-L025,25,CE:0B71,CE:0B75,CE:0B7C,10,0x0B,11,110,3,2,16,59 0b 6e 03 02 10,17 08 0b e1 17 07 0b e7 b3 08 59 0b 6e 03 02 10,12,31,97,2,1,5,static_rom_reconstructable,static_event_tail_opcode59_actor_controller,pack_family_context
cfg_t07_l072_v2,0xF6,,0xF6,FF6-L001,1,CE:0C20,CE:0C24,CE:0C2B,7,0x23,35,5,12,1,16,59 23 05 0c 01 10,08 b9 13 02 b4 03 b0 59 23 05 0c 01 10,29,7,25,3,1,5,static_rom_reconstructable,static_event_tail_opcode59_actor_controller,pack_family_context
cfg_t04_l074_v2,0xF6,,0xF6,FF6-L001,1,CE:0C20,CE:0C24,CE:0C2B,7,0x23,35,5,12,1,16,59 23 05 0c 01 10,08 b9 13 02 b4 03 b0 59 23 05 0c 01 10,29,7,25,3,1,5,static_rom_reconstructable,static_event_tail_opcode59_actor_controller,pack_family_context
cfg_t07_l009_v2,0xF9,,0xF9,FF9-L001,1,CE:1223,CE:1231,CE:1238,0,0x49,73,4,6,2,0,59 49 04 06 02 00,59 49 04 06 02 00,33,28,109,3,1,5,static_rom_reconstructable,static_event_head_opcode59_actor_controller,pack_family_context
cfg_t07_l009_v2,0xF9,,0xF9,FF9-L002,2,CE:123E,CE:1244,CE:124B,0,0x3E,62,5,5,2,0,59 3e 05 05 02 00,59 3e 05 05 02 00,29,56,216,2,1,5,static_rom_reconstructable,static_event_head_opcode59_actor_controller,pack_family_context
cfg_t07_l009_v2,0xF9,,0xF9,FF9-L003,3,CE:1251,CE:1256,CE:125D,0,0x27,39,6,5,2,0,59 27 06 05 02 00,59 27 06 05 02 00,29,4,13,3,1,5,static_rom_reconstructable,static_event_head_opcode59_actor_controller,pack_family_context
cfg_t07_l009_v2,0xF9,,0xF9,FF9-L004,4,CE:1263,CE:126E,CE:1275,0,0x59,89,5,2,1,65,59 59 05 02 01 41,59 59 05 02 01 41,29,5,17,3,1,5,static_rom_reconstructable,static_event_head_opcode59_actor_controller,pack_family_context
cfg_t07_l009_v2,0xF9,,0xF9,FF9-L005,5,CE:127B,CE:12A1,CE:12A8,0,0x03,3,2,3,1,16,59 03 02 03 01 10,59 03 02 03 01 10 71 0c 00,4,10,24,2,1,5,static_rom_reconstructable,static_event_head_opcode59_actor_controller,pack_family_context
cfg_t07_l009_v2,0xF9,,0xF9,FF9-L006,6,CE:12B1,CE:12B8,CE:12BF,0,0x5C,92,4,2,2,16,59 5c 04 02 02 10,59 5c 04 02 02 10,49,5,5,4,1,5,static_rom_reconstructable,static_event_head_opcode59_actor_controller,pack_family_context
cfg_t07_l009_v2,0xF9,,0xF9,FF9-L007,7,CE:12C5,CE:12D2,CE:12D9,0,0x9C,156,8,5,2,65,59 9c 08 05 02 41,59 9c 08 05 02 41,44,17,51,7,1,5,static_rom_reconstructable,static_event_head_opcode59_actor_controller,pack_family_context
cfg_t07_l009_v2,0xF9,,0xF9,FF9-L008,8,CE:12DF,CE:12ED,CE:12F4,0,0x27,39,9,4,2,16,59 27 09 04 02 10,59 27 09 04 02 10,29,4,13,3,1,5,static_rom_reconstructable,static_event_head_opcode59_actor_controller,pack_family_context
cfg_t07_l009_v2,0xF9,,0xF9,FF9-L009,9,CE:12FA,CE:131E,CE:1325,0,0x49,73,11,2,2,16,59 49 0b 02 02 10,59 49 0b 02 02 10,33,28,109,3,1,5,static_rom_reconstructable,static_event_head_opcode59_actor_controller,pack_family_context
