family_id,record_index,mode,family_root,token_count,payload_token_count,dictionary_02_count,kanji_pair_count,newline_count,other_control_count,token_sha256
0,0,0,C7:02EE,7,6,0,3,0,0,77f5647c319d5dc5948d2c0aa532c38e8d45ac847ffe28e9a436295e98c2727e
0,1,0,C7:02EE,36,35,0,0,2,2,41bae3a621719ff1c06b31bf81c033bbf5ca0dd725f095feec8684a9784c9dc0
0,2,0,C7:02EE,73,72,0,3,5,7,55bc206e998f0b8c73e3bb5f6bb771d1286a5318c0823c9cbc468a6c62e8b264
0,3,0,C7:02EE,50,49,0,1,2,4,f514c8100d22692e366315a2b3f2694b09524377fb869baab0258cb626853f21
0,4,0,C7:02EE,37,36,0,1,2,2,6f76f493fcbfdd51bc6c0620339e529977e667855749a4674aa3b84276630bcd
0,5,0,C7:02EE,28,27,0,1,2,2,417ec58e3be25eebd5adaae8fc737c8440aa48dde8fa666fca5265dd1ec7c638
0,6,0,C7:02EE,5,4,0,0,0,0,ee44c553916978907b9482487fe2118756151eff947597f9003bce0455a5ff1d
0,7,0,C7:02EE,5,4,0,0,0,0,b503a04281a50d30962e8669617179c230193f8e5aba6d8f89c9e4d2401c82b9
0,8,0,C7:02EE,9,8,0,0,0,2,bfd6ad75c7a92d5343da943da69e1e1a75a069e5461bcd542bdd162f12e3a1c3
0,9,0,C7:02EE,8,7,0,0,0,0,6e87cab41a4509e7e56dead5e577ebe121e1aaf55464802aa2b1ff954e12236f
0,10,0,C7:02EE,6,5,0,0,0,0,4178cd321b0ed6364098ebfa75382beb357b428a824b73f0c348201381f3c842
0,11,0,C7:02EE,5,4,0,0,0,0,d1ab3cdcadaebf0d218553bafdbb3da9193ed0382af5fc0982d23d37d6daab5c
0,12,0,C7:02EE,5,4,0,0,0,2,4c993d4c52ca83e25177dcad696b95aaf7cc75d9a16faff89684058c0edc99ee
0,13,0,C7:02EE,6,5,0,0,0,0,b5e7467b756bd087da43e9ecb87973fd7163ac1ecc869750464f6604336a521a
0,14,0,C7:02EE,4,3,1,0,0,0,1b23096a2382b4181c9565fba716fe43f2dd076bc1b6bcc3621a313226726c12
0,15,0,C7:02EE,3,2,0,0,0,0,e2210687e1b2613a5f5b2fe0fbacf25f90ffbc4c591849c6bc4292594850b76c
0,16,0,C7:02EE,5,4,0,0,0,0,5a5ebb369d553dbec4c8deb3f022b1158b0116e12a61a155ebf74510d42631b7
0,17,0,C7:02EE,4,3,0,0,0,0,1215c8370f601c86fbc03896ccf3ecff48591c14017864b8b4e7c1f959c93667
0,18,0,C7:02EE,4,3,0,0,0,0,d1c078b84ff51a482635143bc6edb058595da4a988d8a611463cf3d75736729d
0,19,0,C7:02EE,4,3,0,0,0,0,4397385d927b307514fec9017c902f997fba6e64a5a0ace0b45b1694338d3b89
0,20,0,C7:02EE,8,7,0,2,0,0,30c5c413ad926a086b49a8964e898939db2d78904d90265d015877edfb67e538
0,21,0,C7:02EE,9,8,0,0,0,2,d7db461a1ae97090b336e661b8bf204849cd2b10537a2a987ed5ce891c11adb5
0,22,0,C7:02EE,4,3,0,0,0,0,af1c5ad02c46fd0cdb36ee37bbac8128134f0c65f2a83bfdbd6259afbcd18a81
0,23,0,C7:02EE,3,2,0,0,0,0,b4ea15445f29a98b7f15bddc4c86bc66b0672f3b0d15d6388338315069b6d61d
0,24,0,C7:02EE,4,3,0,0,0,0,f0a474eb6c3c24affb8882129ca48eff7ddec18265204e883facbc45e244618b
0,25,0,C7:02EE,4,3,0,0,0,0,80e4ea5f728cc0dad9460dd8927ba841360a5af9d4496fc6fe047e6b2227214e
0,26,0,C7:02EE,3,2,0,0,0,0,f45fefb555a375d2db64fc38e4358d5227eae11d2a3a1cdc161a6afb77012d13
0,27,0,C7:02EE,3,2,0,0,0,0,e9d3b69f054e147ad721c846b64c5b186d629b79c242a72add9c2977e07249e7
0,28,0,C7:02EE,3,2,0,0,0,0,61c34f43136562ec2f9665b66932bdf51de0c1b338974d0f6cfb0ed71365ce53
0,29,0,C7:02EE,10,9,0,0,0,0,c168f589aa88c657e2c561a140dc6ef4522705f3645ea25ac09e08df9616051e
0,30,0,C7:02EE,4,3,0,0,0,0,07df45e5e9b1dbd36f807100272d66c19ba189d650a45e7c255b8e6bd3d40743
0,31,0,C7:02EE,4,3,0,0,0,0,8787701121f4234156c4a754c228e8acfb7dea99408eeacf3a10ced26105684b
0,32,0,C7:02EE,5,4,0,0,0,0,688d214e5e53c3aa1832a141b42ceba89d203b429abb4ee75c36ccfa8d4f2b0d
0,33,0,C7:02EE,5,4,0,0,0,0,6c93ac9cdf08d6319a5d3f725f788ccbcad86a7c8e7d83b5902d6ccfaf645a1f
0,34,0,C7:02EE,5,4,0,0,0,0,48961bbf598a1f783d7117fe7378eb88746b79b6452b0ecf15162468aefa560f
0,35,0,C7:02EE,8,7,0,0,0,2,52f6ebdaa7b4936b9c6187fd49a670356f654580127c4ec2a614a4914b3f18f9
0,36,0,C7:02EE,6,5,0,0,0,0,303ed9ec451109e18c6a33bf47ff5f4cb8af4c04f99ffe85a60b274d62cc8c8d
0,37,0,C7:02EE,5,4,0,0,0,0,93363cb3df5bf4df02f373a96d9da4543553f9e9c523278f208be26c0b33bc85
0,38,0,C7:02EE,6,5,0,0,0,0,7558b96f78cf91d6e666eae31b435438f57c495ad75dcdd0754ab40708843942
0,39,0,C7:02EE,3,2,0,0,0,0,30a71a7e8e048b0f9932a4e3457d8e818376d03823ac73188f644751e37df8db
0,40,0,C7:02EE,4,3,0,0,0,0,5abf4a525600d3b9fc1e24429be5e8b86439053332b9bd7d6acbcde5756f3e75
0,41,0,C7:02EE,4,3,0,0,0,0,a8c351ec96f40b0dca48666255da4f5afa15fb2145440c1e7cf2ed432acd6d79
0,42,0,C7:02EE,6,5,0,0,0,0,176823c999e9837c638b9c7de041edffaff064913adffe92cc0484c3116418e4
0,43,0,C7:02EE,5,4,0,0,0,0,cbb7efad8e64f7b7535d68a0f62efd5dbf51058669f4ba1ba91a2dae0a5fc998
0,44,0,C7:02EE,4,3,0,0,0,0,6c1b2c4a78c4bae0c5ca10c9e41345ee78ea30f7c5f957a82481eca2327f940a
0,45,0,C7:02EE,4,3,0,0,0,0,cebf0d425f6e972d6de6e542a9ec3dc5c3ebbda3ad931c39b589e914e8f472fb
0,46,0,C7:02EE,5,4,0,0,0,0,f9a6bf48c0d60caedd507a707e965eb1263074e6c2722ea1d1f6b17841a53041
0,47,0,C7:02EE,4,3,0,0,0,0,af6185bd0cc43c3a3cab593d141b14c4747f71b96a637a390ee9f836d1176420
0,48,0,C7:02EE,12,11,0,0,0,4,894cbf8207cb99691988f5af5c23c9be690d8e98144aa1b2d35a6bc945eca7f6
0,49,0,C7:02EE,6,5,1,0,0,0,fdb22c9b44b80842a512ed87c3d9c7aef205c0464e0af162820864615c756933
0,50,0,C7:02EE,7,6,0,0,0,0,c42c12afe0233170fb6920210a40430bf281d5d5d833cffbc9d0a389fbb97471
0,51,0,C7:02EE,7,6,0,0,0,0,11a51ef82bd28a45a5650f9fc8306369aff1c98866cce5a71b51c01624286d41
0,52,0,C7:02EE,8,7,0,0,0,0,56a8f9e10cc22fb3be3be62c10f136a27f80f0216e01a4476b06cb26ebd9d0be
0,53,0,C7:02EE,7,6,0,0,0,0,801042e7498361724bebf6b832a203f70b64e6374af8f9a828f02339f5a8312b
0,54,0,C7:02EE,7,6,0,3,0,0,c990fc4aa3f91b233b490043ff7480997fe5a39d182d55ee0495a312fba03005
0,55,0,C7:02EE,5,4,1,0,0,0,342d1b7e75d01720dded5aa63ec1a1e5f31ab8464716a1f5362b94cb84ce8389
0,56,0,C7:02EE,7,6,0,0,0,0,db78941f002fe8f68545816150ee7b2810dcb2f3070917b2a94204b2271e9821
0,57,0,C7:02EE,7,6,0,0,0,0,e4d81f6d13b87d21695e92c22bbb6457cb81670941668f638a171e25215ff6d5
1,0,0,C7:04F2,1,0,0,0,0,0,6e340b9cffb37a989ca544e6bb780a2c78901d3fb33738768511a30617afa01d
1,1,0,C7:04F2,2,1,0,0,0,1,a2c4aed1cf757cd9a509734a267ffc7b1166b55f4c8f9c3e3550c56e743328fc
1,2,0,C7:04F2,3,2,0,0,0,2,f61c45a7bb8d5bedd838b2b256a718715e6df0c17a9ddbf2a5f9f10b3ec640a4
1,3,0,C7:04F2,4,3,0,1,0,1,9474747abd2cfa06af63159adadfe8fe51f091319945d44cd64477931b7814c4
1,4,0,C7:04F2,3,2,0,1,0,0,d1e7fe6d2a875f3f80399ee1529ec7dcc2e1f43d9ac2a8bbb5efccfb042661c8
1,5,0,C7:04F2,3,2,0,1,0,0,3a3286fd9723dadac54cf606ce7cd51c94fad7e3df0c9b043aa0771321da4820
1,6,0,C7:04F2,3,2,0,1,0,0,b09eda9ed69448d5a218d860089e3053e25f9c9f43d9fd9c7c3c4d7b470931b4
1,7,0,C7:04F2,4,3,0,1,0,1,bcaf5b33ef48229474936320826710cf912f8a857f125d0fe8ed6b453d55cf2f
1,8,0,C7:04F2,5,4,0,2,0,0,f39e44d6a97cc2266352019ca1b9551090fd38c952df0573dbc26154e9d475d7
1,9,0,C7:04F2,9,8,0,4,0,0,110fbc8777783dfe21d2e8f5078bc200c9f85b649574ee29ccbca65707bcf14b
1,10,0,C7:04F2,3,2,0,1,0,0,1e07eaa88f939936424189c60a81e9ef5c27a666c4c1409cd3910b0e068d3360
1,11,0,C7:04F2,7,6,0,3,0,0,e12424bc9d21568e773b4673c067e48be7a236844ea2173768e5e40e68748231
1,12,0,C7:04F2,7,6,0,3,0,0,9bb5cc91f88b8d3ffbcb26c0b8ce3ac85041fe995453bbc56e6cd37420af8102
1,13,0,C7:04F2,7,6,0,3,0,0,9a016cdd3aa1427b657a682fbccc9c55a37e118647a2c5be8388a5ba8fd18829
1,14,0,C7:04F2,4,3,0,0,0,0,a349ce427d294471e5aab1be0d16c5847e8c4f0ccbfb9af76fb64a646bcda41a
1,15,0,C7:04F2,6,5,0,2,0,1,dc95a75ba88019bb63df6b69d91ae2fc16c0d655453df332761d75b043c18a4a
1,16,0,C7:04F2,6,5,0,2,0,1,e92ae5cec7096b1b47fb67dd22c701fdb3203882ea017f3db921ac84300bb19f
1,17,0,C7:04F2,3,2,0,0,0,1,8c7f7311bcb2aa562b28800b03db916c94d768956facdc484ce7ef8e03b23dab
1,18,0,C7:04F2,3,2,0,0,0,1,1e5484c70e328a9c80c61a14a618c8621e6c2de61bea67c876510bdc95f0fd21
1,19,0,C7:04F2,2,1,0,0,0,0,e85d40821ea195cfcd54d959da32612cbcef91535733ec599adf4c6fd663752e
1,20,0,C7:04F2,10,9,0,3,0,1,99676e3a463e39205284101831462d15af3c9bd7757cdf5f0f7e25425a1994d0
1,21,0,C7:04F2,6,5,0,2,0,1,6e4e7e80afa14e0baac7b50744571238981cfd9318c0c133ea769f71e14ad79f
1,22,0,C7:04F2,9,8,0,4,0,0,110fbc8777783dfe21d2e8f5078bc200c9f85b649574ee29ccbca65707bcf14b
1,23,0,C7:04F2,7,6,0,3,0,0,e12424bc9d21568e773b4673c067e48be7a236844ea2173768e5e40e68748231
1,24,0,C7:04F2,7,6,0,3,0,0,179d1739a8e570d4291048f3019a4308807fc6d707227c0ba3f688bb90a52fbb
1,25,0,C7:04F2,6,5,0,2,0,1,b5ae0eeeec756bee66d9a86aec2e710fe211410b27c295cc19f38f300600fe6e
1,26,0,C7:04F2,4,3,0,1,0,1,1f40814262ce26af29820122b37bea02812550940a61d5b525da73de91234ca5
1,27,0,C7:04F2,4,3,0,1,0,1,5db788be506c564a0a8cf0c3ea9c218482937f4ddc784d4c99a5fcd9e1f8a85a
1,28,0,C7:04F2,4,3,0,1,0,1,d6a425536300b875f28d0f4a07781544b192ccf53eb201080926a6a590ec2ffb
1,29,0,C7:04F2,7,6,0,0,0,0,0855a181c4e7d7222185e79003af2504ece77cef7e60c4ea990f4e5938a578a5
1,30,0,C7:04F2,5,4,0,1,0,1,c2d81ac636697ac11ae8ba2adfd1520f28da81da1e3329c6d93a4de1b3afffd2
1,31,0,C7:04F2,4,3,0,1,0,1,ebd4f84e355597e1900341925b83e47e7373d11be39cfe8f7ed4f1d23eb8d8d0
1,32,0,C7:04F2,4,3,0,1,0,0,dcd6457d35d709cc78df1ca236008104de7660e27383e39db41d0c2231338116
1,33,0,C7:04F2,2,1,0,0,0,0,4d74440c32c4fad5c28ebb6cf407a7d3433fbd7ae90cff66354d9353b200b5b7
1,34,0,C7:04F2,2,1,0,0,0,0,d34e9cd20975de76f07459cd78e5f80eea529cccfc79996b3a9361478ad544f2
1,35,0,C7:04F2,9,8,0,4,0,0,ad68e1d68c85202a53499353522ba6f69ef0f5537e117769e51a8f1ca8740537
1,36,0,C7:04F2,4,3,0,0,0,2,dec9e873b807fe45b9fba382e88143d7cc9ffcf9d6931c7670b132878268791c
1,37,0,C7:04F2,4,3,0,0,0,2,336c6f7e09cc3f02ed90aec99b3e3aa9e91719ba11f452bbf5c0ff435b072583
1,38,0,C7:04F2,4,3,0,0,0,2,ab2a40ac05cbb8ec526a70ad28f2449e0dfd364eb7fe08894c1cee9757278efe
1,39,0,C7:04F2,4,3,0,0,0,2,60948f977888f9328b1edc127f207b13fed1b55e7a1a98e462ebd8bcca436190
1,40,0,C7:04F2,4,3,0,0,0,2,3875befea51fc2b1dbeba806fba2347e4bcdf4d033927c3273db7f54b03e3851
1,41,0,C7:04F2,3,2,0,1,0,0,631844523c780d2b919f78ca239f5401c0f79fb84ce38ad775dfe6ae4800c730
1,42,0,C7:04F2,3,2,0,1,0,0,aba7a5f4b77bce99810547708fa6e2a9c3e596202296f7364f854a08cf166efb
1,43,0,C7:04F2,2,1,0,0,0,0,416f2b4fb3e5ff37ac9e6cef703be96d9a1ec36776650fdaa91ed02c6c58e8b0
1,44,0,C7:04F2,2,1,0,0,0,0,3c291c484911fc6f1085ae01bf779432347efdfdcdff7b111b7c313e83076f76
1,45,0,C7:04F2,2,1,0,0,0,0,1421d51105459aa9b26a2c454a4c542cd9b4b21842c842811e95d1b4bfecfa6d
1,46,0,C7:04F2,3,2,0,1,0,0,7e1137ffb8ee3712289785fc16e5e61dd48d1425d8126330f74810c3de299889
1,47,0,C7:04F2,3,2,0,1,0,0,6c2ca5f1d68426c2d6e360c5e055535f03c5bd8c65a9828528450b4a1bf707b4
1,48,0,C7:04F2,3,2,0,1,0,0,ff62bb8044357f33e74e63a7cbe518ddfd1f3880674d851e35b88a0b74d62f76
1,49,0,C7:04F2,3,2,0,1,0,0,2f2af22a600bcec338fac7269ba3054ccf7383bc419546dbffa74a74b5ff66ec
1,50,0,C7:04F2,3,2,0,1,0,0,77557113ee8e925e06706102f202a530a0074544ca431f8079b44597ee098c4a
1,51,0,C7:04F2,3,2,0,1,0,0,4414b5b7021b22792198b9c4bb0fd1562bd341ea54c2422bf0dc54fd4d3196c5
1,52,0,C7:04F2,3,2,0,1,0,0,b742100122916c38516e9749975551620a82ded08d8c9f15b2f40a3f67dedafa
1,53,0,C7:04F2,3,2,0,1,0,0,3486632c9518765b0c720bd73a24085a5df5c2b9ca701238b6bc3daf297d574e
1,54,0,C7:04F2,3,2,0,1,0,0,ad5cb4363763620f3d0e873aec6d70716e6b0998db335a4f9e882e2989ac1c26
1,55,0,C7:04F2,3,2,0,1,0,0,0f58cbfd4fb488ba88d1a647e038a1111cea4f74bb3e70420f24881c6d265a32
1,56,0,C7:04F2,3,2,0,1,0,0,b3b0907d5e458b3b6b09d133b8b00371ebbe66c56bfa50212665df0018796c9e
1,57,0,C7:04F2,3,2,0,1,0,0,da8028ef760f94ebe52ea5b4cfe78a25c6a0109040ac8a2ed06762afa4c170d8
1,58,0,C7:04F2,3,2,0,1,0,0,3db9197f68c85f4567461ef09389d4b8266afb2501da6011cdf1301a8cdb00b9
1,59,0,C7:04F2,3,2,0,1,0,0,34bfa9a3c722b4d4c0d63fb7832aa65aa0d3c6158d30e9c4771c40dbc97d1c70
1,60,0,C7:04F2,2,1,0,0,0,0,48a5ec61abec0eafe3e31b9a2148ea0818595dc8e42fae637ad1d2bf8d8a2959
1,61,0,C7:04F2,2,1,0,0,0,0,ec588b24b7cd959a191e742afb59b90e0fd4aa48bdc1eac55a966d6ad0c2f8c7
1,62,0,C7:04F2,2,1,0,0,0,0,c1caf843bdd97f8938d6f5beaed10b70031ef7b95acbd0c9d0e054658d43f2c3
1,63,0,C7:04F2,2,1,0,0,0,0,9222cfab9895d438e70ac06acd41b6a3326e743f622548c14b0068d3d8ac7652
1,64,0,C7:04F2,3,2,0,1,0,0,2849edc1a0dff9d7bf81bf691c9f8fa880b295867be9fcaf8ca3a33e36380bee
1,65,0,C7:04F2,3,2,0,1,0,0,f4786259398953631a97801466dcfd6184b0c44871a59252b22122132705b96b
1,66,0,C7:04F2,3,2,0,1,0,0,b9f8b92734b7c3106476d18a53244d3fec48da019023f2e349c340e80924c9b7
1,67,0,C7:04F2,2,1,0,0,0,0,5bf825ff7bdf78af9c7f4f14feef7549b8ebb9d06ddd6111631bc8d71f3bfc40
1,68,0,C7:04F2,2,1,0,0,0,0,6651285bfcc75f9cd1618d206565b22f48aa533969d37afdedb5c1a384cb7df3
1,69,0,C7:04F2,4,3,0,1,0,1,e68cc42a03afe74551091aef87f8b31f4ae889844f6ce232bc2c8e4bd1fcbc99
1,70,0,C7:04F2,4,3,0,1,0,1,7d035c937aea1888d805783125ca6e5d1f1433160d23c3329c4831bac6502116
1,71,0,C7:04F2,4,3,0,1,0,1,b21fb246ca6ade7897458577429856dca00a9b95c80274fa70b818de3a36d96a
1,72,0,C7:04F2,4,3,0,1,0,1,63cc511ae9ce9961fd94786e6e7426851024c33618fd776a8aaba3c059f08c95
1,73,0,C7:04F2,3,2,0,1,0,0,2dd706b7c8d36c8e288b1b34149ec5f89a165fe5c598ceb693b02b5036b1cfe4
1,74,0,C7:04F2,3,2,0,1,0,0,90717a29eabc9c20e3f2f8541cbc20d1b8db26d0dd79b7450020cfce5cf2c307
1,75,0,C7:04F2,3,2,0,1,0,0,d515e13804c668e81c445af4c9702332e8b78b797ca03293c1ee03420efc00ad
1,76,0,C7:04F2,4,3,0,1,0,1,3be6f2e1f4f36976ea128b18c6e264e450cf2373d116fa650bf60875f799c301
1,77,0,C7:04F2,4,3,0,1,0,1,0c02401afb790f7d07ca357fb277b028ee37beb32ca6e7e596d2ae55a22b1c10
1,78,0,C7:04F2,3,2,0,0,0,1,39d08b28de4977ccf62901f6e99ca4d707d8c3cb5a5ac8b893e049a68c1e2fad
1,79,0,C7:04F2,4,3,0,1,0,1,6f2ccc52c1b606b0c71b4cdda243bde22a1f5618f1061983d56c895461fb84d4
1,80,0,C7:04F2,4,3,0,1,0,1,a4ba32eb1230ffb6d302938999848045389696de33fea6d418224b5e5cbce07b
1,81,0,C7:04F2,4,3,0,1,0,1,5c4c98ca541c39996c936f156f33f8c1b0566b8dc7cfeb28a96cb88a9bdc64ea
1,82,0,C7:04F2,4,3,0,1,0,1,c6082d705b638a6eefa3f5a9a04f1af6b73f526f64ee48b7d653688dc97525fd
1,83,0,C7:04F2,4,3,0,1,0,1,bc056f8b716cad5f9c373f58cc68f54e5ca9077303f87239bbe74a65fb4cc30e
1,84,0,C7:04F2,4,3,0,1,0,1,ad74be4f6100d95ef0d9b2ceb5b5cf0b2cbdaff3815e351383e4243b377c5a0b
1,85,0,C7:04F2,4,3,0,1,0,1,bfcef610295d445a91f165c6d668022e66b41ea0a24d492a146b5c3027a7ab78
1,86,0,C7:04F2,3,2,0,0,0,1,d0a18ee84fb3e6f9d886bd4d14aa165d375b853bed0819ff6aa885d1d96bb4d2
1,87,0,C7:04F2,3,2,0,0,0,1,0b388e65a1b4975db67b0a23f2a9a522b56de2a85fdc0ff7e07445ff51441d13
1,88,0,C7:04F2,3,2,0,0,0,1,1a282a0dd5d2e46e1f15b8d9415b6a8f9c884e31b9b18b125d8beda1c9019523
1,89,0,C7:04F2,4,3,0,1,0,1,191a24ae2099e9bcbb9c11a86e8d63ea7d88de97e822c9cd1adc15936b040bb2
1,90,0,C7:04F2,4,3,0,1,0,1,aafc0c62f89d3cbc6951e3b252fb1cfee932c9a7477a3496a40a968c48d56c36
1,91,0,C7:04F2,3,2,0,0,0,1,734d4b284507215c792d237459e27287e51680380ae9ae90f448b4704d8b715b
1,92,0,C7:04F2,4,3,0,1,0,1,b13a7c2ce21302a1b31017e0ad3ca1dc3bcae370ad8906070b76f88b361924ac
1,93,0,C7:04F2,3,2,0,1,0,0,cbb60bf92c6f7edd1d8ee0c03a8859f3892e73487baeba1107e1c748c7d1b1be
1,94,0,C7:04F2,3,2,0,1,0,0,670dd1c6daab799ce03f3a1ab4da68db8d2e4f84e2ce5030e08d009b46825408
1,95,0,C7:04F2,4,3,0,0,0,2,5bd3ba89d8a7111f901b40f8558abb7fc2ee43073d9a4015f6bc57aeb45fb31b
1,96,0,C7:04F2,4,3,0,0,0,2,5de972d2e3833188a12d01de47719ba5ce1a7e840c332063da31187c897e6213
1,97,0,C7:04F2,4,3,0,0,0,2,68016386bae44c2dc463010559958346a20fcb5863943620e3abed5a84028258
1,98,0,C7:04F2,4,3,0,0,0,2,d37a1df2c5132aa39484a5910e7d8eaaeeb67d6db7f2cd2b753c7ebe55a85aae
1,99,0,C7:04F2,2,1,0,0,0,0,6fd27b6685dd017d06230f819aafdbd609480ce22aa2590ed1ed2f46c6af6716
1,100,0,C7:04F2,5,4,0,0,0,0,2131b7d992bec2813c32cf09968f47dcd0c2c9cc21a17dc7b0b63af82325dd77
1,101,0,C7:04F2,11,10,0,0,2,3,334653c0ace58dced589e15dbfd6e1dcd8a3665d90473af9463fff322455ebc1
1,102,0,C7:04F2,15,14,0,1,2,3,b3f98b71291358a94276e1104ba874fa57ea413ad0ad5935b2adfd2a95900e81
1,103,0,C7:04F2,22,21,0,0,2,3,c88db6d9ffdf2dcb2afd50560bb0c901b4025d189e8c136873afcc58fbae0d96
1,104,0,C7:04F2,21,20,0,1,2,3,1fd8b764e4d570318b002a9e521898f4831fa28c9962c105145bba976478020b
1,105,0,C7:04F2,25,24,0,2,2,4,ec18761b4cfc3cb75aa2db2b00de09ed0888e5485a4e529300bc1f46a7d95c63
1,106,0,C7:04F2,22,21,0,0,2,4,5f763919355a7fe425b60984ffc8e23186d7969955150e093f1b23875950bbf2
1,107,0,C7:04F2,26,25,0,3,2,4,f7149610f4367acc29024fe536cdb4d8ac84c3e1d1542e71bfb32e6fe92e8232
1,108,0,C7:04F2,19,18,0,1,0,0,8291dc67d4b56fdefa05c2096b3675daa0caba5ce90c04f05d434882a91e89aa
1,109,0,C7:04F2,18,17,0,0,0,0,8ae4e6213cd814e9e849739935fc73519811bd87b5116c498022cee449fa6a80
1,110,0,C7:04F2,4,3,0,0,0,0,5653160e396302a8e9b4b786855070bf1a2ed1217a06628ca17a6a212fcc2b98
1,111,0,C7:04F2,5,4,0,0,0,0,e33ad74f8334e6404829bce2cd76ed4b7bbe03138dcb9ccfb14f9336171a80aa
1,112,0,C7:04F2,4,3,0,0,0,0,4c0c41c438d4f462712972c31f0ba3b262e5c5d22ce77a44121a44703ccc7bb9
1,113,0,C7:04F2,3,2,0,0,0,0,6414b53cc80ef4fda7540864366b00e6475264005fca08c8ca4a705c7bc67659
1,114,0,C7:04F2,13,12,0,1,2,4,ddcb24c7f7cf244726bcac124928b71637c50d2f58ac39a943b5452297f258d8
1,115,0,C7:04F2,32,31,1,3,2,5,2bc7c4299968bec52e37996a284a295b82e2cd652251ebcbf0c14ba4effd6e41
1,116,0,C7:04F2,14,13,0,1,2,3,f9d8e6943c1d7b2405b51d4711874fdaf41b499ce1a39329a0de0cdc09709210
1,117,0,C7:04F2,15,14,0,1,2,2,732c4d240f66a293046e448bf5f8b6593afc43b59dfbbb89afeb46c926341b65
1,118,0,C7:04F2,17,16,1,1,2,2,ac18dc0398ea9662223aca9fb5ab390ed4313a9b9c84a13cf89611d70713e3f4
1,119,0,C7:04F2,1,0,0,0,0,0,6e340b9cffb37a989ca544e6bb780a2c78901d3fb33738768511a30617afa01d
1,120,0,C7:04F2,73,72,2,6,5,5,579686c3ec56fc7b6a2d9439aaa0f5125b3239ec20eafa2bc6c925696a0798e1
1,121,0,C7:04F2,23,22,0,2,2,3,d40e15295a4537c2b9018e3f65e3a39332b582726bf8b3651e5959d1825a0e72
1,122,0,C7:04F2,26,25,3,0,2,2,2b01ecefc60425c15f1988232f8fe6b1595413d8a200a0d1669c8a2b6cf7f8cf
1,123,0,C7:04F2,23,22,1,1,2,4,7df757472f7fdfc18e999d2d1997bc1c2c0f3464c17de43389722d949bbcfaeb
1,124,0,C7:04F2,12,11,0,1,0,0,d34567f4b092aa7f0b6e6cb59b902c170ddf5b6b7dc084e1b398438250a16aca
1,125,0,C7:04F2,18,17,0,2,0,1,25fee3357a60551ba7d35d5aae186db3b2e69021d8c5680065707d8e43dafe70
1,126,0,C7:04F2,7,6,0,1,0,0,fcd1246b84f27eb85ac8deaeae280bbea12b31a9c8ee1c7907cda34f2ed69207
1,127,0,C7:04F2,7,6,0,3,0,0,1c39d22c52c22faa2b391523a6799796e9cc48714337ac345b574b2cc9a7c7dd
1,128,0,C7:04F2,6,5,0,1,0,0,b66d15be9cae19d2e31a1a976477b1b6eaf781c0d6c17d96d27387816bb1788f
1,129,0,C7:04F2,5,4,0,1,0,0,2ac3a3512d85ff61ec93c3548bfe05e37dac76fcacfd61d2836cbdbcdf76f9f1
1,130,0,C7:04F2,6,5,0,0,0,0,a99f2ec5d31d738a0266c9c483ec2b7a1d8d5c1c14144c134e643c2745a3b26e
1,131,0,C7:04F2,7,6,0,0,0,2,f3a766212154d5f5d6e2d640b14867426ab032f75ee0be1f03bbb24d01a60845
1,132,0,C7:04F2,7,6,0,0,0,2,a596dbf375807fbfea94c7e683d1beaca4f5d78ec71d9a28c0184fd20dd62f7c
1,133,0,C7:04F2,5,4,0,0,0,0,04489c0cca994380328b00f26740288cd449d6d9f9114fd20b6e12c8b2ea5915
1,134,0,C7:04F2,6,5,0,0,0,0,798ac74dd3ffe33d8c8781f407d392e21ff51e4593ea784753ea0b3bf3eef99e
1,135,0,C7:04F2,5,4,0,0,0,0,6208e7595b61803eb2d09e39e97f6dbff36cc1467367dcdb225120307925fd00
1,136,0,C7:04F2,5,4,0,0,0,0,69cd56d2c155e819df345c5f9c49c0c34505f7cbba1f09fde5b79d05b747c982
1,137,0,C7:04F2,7,6,0,0,0,0,e5747526bdc25ecc80532a2f116c4af9a3b5c0ada81f8606c946014aabc63f02
1,138,0,C7:04F2,7,6,0,1,0,0,8d2806627c5afe32822996eb37b3293467e1ec6b78721c8893263eeca913958f
1,139,0,C7:04F2,7,6,0,0,0,2,ba57f192b12f064d918f9c31901bf87fc27be852c731439143286df7a5ae8739
1,140,0,C7:04F2,5,4,0,0,0,0,caaa54f7b88d66a473f34e42eb3a0f27d07d51341bc02c6c97d1f1dcdf774b2c
1,141,0,C7:04F2,7,6,0,1,0,0,7db3325060d1bd7e0616e4775f0ee49f44091d1ec862001ecfeda8c363552d08
1,142,0,C7:04F2,8,7,0,3,0,0,421a9fa546a68cb5db245a0810413817033bcf460ab4f5d0321a6fc989c69db4
1,143,0,C7:04F2,7,6,0,1,0,0,dce1f41fc3dafcd352ae0c9f81900cbbdf9fa2f01e11d6fb878db6a97e9846dd
1,144,0,C7:04F2,5,4,0,1,0,0,0e63708128df0e85871ad5f5ea3ccef32e62f0797ca30b6226d90fb265e09444
1,145,0,C7:04F2,5,4,0,0,0,0,ab4c85d8edc91c7c775bd3203dd207735e1495c6774db3faf1371003ee9b67ed
1,146,0,C7:04F2,6,5,0,1,0,0,75444dbcbce5c80ff9f4fb026d898c9870699e61375658d3da19c89f54ad7b56
1,147,0,C7:04F2,5,4,0,0,0,0,6d88d405460f495df23517e3f73bc1b8d0575946767b22f948e756414ce7b107
1,148,0,C7:04F2,6,5,0,0,0,0,807f438dab079b6487ad4e6905013a82471018cbd1d092adb60b25db36f8ce71
1,149,0,C7:04F2,25,24,0,5,0,1,d3cc2ca160c387599a2eb2b19e3cb2677ce25995cb1569bbc1a81fb3eeb9c91c
1,150,0,C7:04F2,22,21,1,4,0,1,9ffbc65c60f194e725f6c754da87ba42801aa1a70640625609aea07b57aef97d
1,151,0,C7:04F2,13,12,0,3,0,1,55891d1ee9eeb117147f0d7e5180f3d413cb1838b7e77a4a4d9a0095b2de9828
1,152,0,C7:04F2,12,11,0,2,0,3,8b12039e147849aa7728022dc598f9e1a835f21180e8cf81e9e482b67da7a869
1,153,0,C7:04F2,12,11,0,3,0,1,f2fae99b54261b7f5c3168763a2ee239a5f0224eab21b744fa5056aec1b65ae1
1,154,0,C7:04F2,13,12,0,4,0,1,4e44e408197d3a941a32e1959ffdd95ea2fca32917694d5ec10eb95631c4235b
1,155,0,C7:04F2,12,11,0,4,0,1,0a63af85000e9bf8b2e8b4cf2c8a57594719281a122a127e0b25536f078e27b9
1,156,0,C7:04F2,12,11,0,4,0,1,5268f573f2b12989055ff9b785a55456f9d7f29906c0ca9eaedadf730346dbf1
1,157,0,C7:04F2,12,11,0,4,0,1,26c5059b4ca9061732d33af4ba4ee8f72ac700af2e52833106183af3cbb81ad9
1,158,0,C7:04F2,11,10,0,3,0,1,a2ee710efb82581581eddc3e9089ff0f80d3213b4e4c1743eb47781896bc73de
1,159,0,C7:04F2,11,10,0,3,0,1,8e94c2b6d150e8623fe679d0cbddeae5869b1485dc46281d2b19793f05bfa65c
1,160,0,C7:04F2,8,7,0,0,0,1,546ead6a20db70becadd5fa356f92312e0940c8ac7b937bc04ff8aeee10577f2
1,161,0,C7:04F2,15,14,0,5,0,0,a7b9decf5e8336fdc19c4aad5a976adf6e74faa6d3866de957a08ba21e4231ae
1,162,0,C7:04F2,14,13,0,4,0,0,56bca05f59ddd2e1d067c2c116f12108b2b8e612d25d415dc4738c547b565fad
1,163,0,C7:04F2,2,1,0,0,0,0,d76913416a2aecfcc76250eafccf38d274f50aab33ae8a68c2aee74ea13fb6b7
1,164,0,C7:04F2,5,4,0,2,0,0,7fa78fe06fa5e48ba00ca54b581a49866aa0f3123cda12a7afef74653f3d0ce2
1,165,0,C7:04F2,7,6,0,3,0,0,9ec3cba74e11361a8dd6e1b879e36e4d89d2217bc1ddfb619872fb3b5910cc8f
1,166,0,C7:04F2,5,4,0,2,0,0,17e1f1435bbfc5e568cbb12bd0e9f13cd33f72bcf8155f1a9532f0ccb603904c
1,167,0,C7:04F2,5,4,0,2,0,0,d67cf55dc1179664a7645a2884aab7fb11cdac4bfd93b2adbd6d3fc844302fe1
1,168,0,C7:04F2,5,4,0,2,0,0,0f0ec6f2d471912ef460a8efde2ee52616245c44541d6b8148a00cb89902ed1f
1,169,0,C7:04F2,5,4,0,2,0,0,bad22b87af81ff4aaacdfe1b291b4740fa75f69b3249f49d5cf37045ae4e39fa
1,170,0,C7:04F2,7,6,0,3,0,0,fe622b2112e049ba222b63dba4e9c61bb57bbe12074e8d88872946b91b3146eb
1,171,0,C7:04F2,5,4,0,2,0,0,79003e95bf48448e4ae8db55ba511b1c9fd6de0bf519ed0f3e2b454ca64e4b24
1,172,0,C7:04F2,10,9,0,2,0,0,a3879fe5131c5bdacdc51ffe22ba5a9317c2cbb8190460ae5f4acc381e48b76d
1,173,0,C7:04F2,9,8,0,3,0,0,0d4f584821a852e75cb3e74cdfc4df6d7dd6d16fcb29bb0903ec1bca94b40c53
1,174,0,C7:04F2,14,13,0,4,0,0,13b6775cdeb3f73b2c62b14a9451e37063e234aee05a7b354b5a70964cb1e6d3
1,175,0,C7:04F2,15,14,0,6,0,0,b3605dcef29c6b0aa7530458b284ced60990a249864133f9c2e76823d4b69faa
1,176,0,C7:04F2,15,14,0,6,0,0,507f24b0cad3b28962dfc5f05d2e5bd5fc1ea3b545fc86986ca35b3ac1dc3701
1,177,0,C7:04F2,3,2,0,1,0,0,2229321a6e222336a6ad66bda8c9b3dddf5ea9d2f03e6692c89029cbd70f1d8b
1,178,0,C7:04F2,6,5,0,0,0,2,2cfc1ddd2bc6c0c2a1946c6ed30e0b3fe0ffb406a06ef4a64faddfa5e340543b
1,179,0,C7:04F2,3,2,0,1,0,0,988ae620d0c256c0043fc68c6b05a319f26db377d45ce71c8d8d6730d9a7bf49
2,0,2,C7:0A0A,8,7,1,2,0,0,37b508632c031bd30c506601cf2430277e9991487e1354bb15e2391da859ee49
2,1,2,C7:0A0A,9,8,0,3,0,0,9b29f9e1ab61c57be964ffcb6ae5118eee814f900a7bbcd6879c8f688168f222
2,2,2,C7:0A0A,9,8,0,0,0,0,311eaeccf943439e23b1af259b7c87cbbac516c75fce4ccc9ada437c161b58b2
2,3,2,C7:0A0A,7,6,0,1,0,0,7b39c318dbc4a87906fbbea2ad259f2f04ec37109ac4679035977367878493d2
2,4,2,C7:0A0A,10,9,0,2,0,0,cef6f81c25d911bef9e9a1a7cf8f1c74a3110994b79d8539b6a376fa2fd36452
2,5,2,C7:0A0A,10,9,0,2,0,0,51af9ac6d1c92f48f61523e7b3e8e91bbc7fd905ad433e0338fadd5d99672e3d
2,6,2,C7:0A0A,10,9,0,2,0,0,e819549ad472cddf787f3f843d06eca6cd67b6a8b95b616cb4d643c4d1fa98d3
2,7,2,C7:0A0A,10,9,0,2,0,0,04eac79a2cd48d6e9d4c1b21173746f3382a746d1db258d94ec20a5515df5042
2,8,2,C7:0A0A,10,9,0,2,0,0,28096ec9235fd8a5a0affd0d205e12abc2e3ded7d6133ee7a4feaae3b82b8e4c
2,9,2,C7:0A0A,10,9,0,2,0,0,7891b7bba7405f59fce04b8fa63d789160117642296a50cea4735a2c96798a6d
2,10,2,C7:0A0A,10,9,0,2,0,0,daecf57d27507becb0d6f8a82e6eb7ec8ab3bc6f30608a79e21be2541f956ee0
2,11,2,C7:0A0A,7,6,0,3,0,0,9f43b9ca47a51bd73a2a594fe5a46f6fb1f01f8f04abfb8bc2ed72047a6cf88e
2,12,2,C7:0A0A,14,13,0,5,0,0,9d47ce5497c085bbe4888df286e8fbfb73bd3ab2f3d42541ef6267bcd7c6f6e5
2,13,2,C7:0A0A,8,7,0,3,0,0,3995cd88846c19a9020bcd00cd680d2df3378be363a0736fc2d632c94b34a38d
2,14,2,C7:0A0A,9,8,0,3,0,0,64f78ea9d65c20bf912e3bb1c854ee40037fe7f292c306febfac556ec31652a7
2,15,2,C7:0A0A,11,10,0,4,0,0,e1c70c8bb71bb4b93e30ec5aa52a07c26c086efc03c8f6eee80023da3a58088f
2,16,2,C7:0A0A,7,6,0,3,0,0,4236eeb5841f7db8ee687d7bee922856feeddc60e23680228c0463b12eecac0d
2,17,2,C7:0A0A,10,9,0,4,0,0,08cf2cd1f73657c517952cc18e83c7f712d8877f7c710c4667c801f754974221
2,18,2,C7:0A0A,8,7,0,3,0,0,b8eeb4a4cd95c06200023c3043c1a8d54e338b1bcf2f457d786651341efb0d70
2,19,2,C7:0A0A,8,7,0,3,0,0,d6c1172b152049a516b18f3702429caf8bb2387bf2d370565c07384985e92441
2,20,2,C7:0A0A,7,6,0,3,0,0,f9248ce8abcf5c305223457e1619b7e17b234434b6e0e9bccffc10b664aeba4e
2,21,2,C7:0A0A,7,6,0,3,0,0,abfaf858a5c430eebd3bd38fc6236981771646cbf4c01cef38af46ceca50665e
2,22,2,C7:0A0A,10,9,0,4,0,0,0946dc392179401f9ca2cf82f2f30a9f70d5f73117d9fb3f5cc2a2528fa11cbb
2,23,2,C7:0A0A,10,9,0,4,0,0,e11d6d15fc5c45ab4d4c6af9bbbf722a7b36cbbcd3cba20c752ed044e9a269ea
2,24,2,C7:0A0A,10,9,0,3,0,0,23e00a554077a182e0b7b333d7d7c877c33212eec40bb8a3370bd2be35eafa46
2,25,2,C7:0A0A,6,5,0,2,0,0,ce55a0b91c458fefabb4eba1a55f16bac9b08e56ecb430f1cfcc8c0e85aca81c
2,26,2,C7:0A0A,8,7,0,1,0,0,42e63aad39f0ccc64a1c391be612dbae16afb0929b2c92b0913d6a95465a5aab
2,27,2,C7:0A0A,8,7,0,3,0,0,2261812d35dcc90f173928e65d9ecccdb7b94b76d1356aeaee0f9fd716a41872
2,28,2,C7:0A0A,8,7,0,1,0,0,e07004cf828c989c91993b6aaa58cc4f2f782a36d98055094a5e85f47cb7ed0c
2,29,2,C7:0A0A,8,7,0,3,0,0,7790db6524b70f4a36dcbf375d52c9352a1bf587ce5501456014a47f66a0283e
2,30,2,C7:0A0A,8,7,0,3,0,0,854f3b6c7205fecc5fedf391ed536a25d3226c5c82b63b6b4c264f1726645c3f
2,31,2,C7:0A0A,10,9,0,4,0,0,c9ca9bf49b9746073dba6f62b7efcd0bf4b8a3d26afa6564066b2fb1e3494a09
2,32,2,C7:0A0A,10,9,0,4,0,0,a950671ded35c68a377ea3c63457933a9b3212974e76220cc8a8222f7a7aa717
2,33,2,C7:0A0A,10,9,0,4,0,0,63bd228cfcf964477c09157508f78d5461a71ee167a979cedc75384719e3b951
2,34,2,C7:0A0A,8,7,0,3,0,0,e419a9cdb92be6f26a778462192c775c6cb5b858ebaabfa67fcd361a3e81e199
2,35,2,C7:0A0A,8,7,0,1,0,0,72d5614e62e9c11d71305ddcafc9d024503d202c72501272dc85e3e420d00301
2,36,2,C7:0A0A,10,9,0,1,0,2,56e24cf0586abeb16638bbe8bcc21dc4b6a0df1f7996e5082cfd8c3b6040afd6
2,37,2,C7:0A0A,10,9,0,2,0,0,0202ece3138b03447baf6c007127afab3f76c63ee9e890bcb1642eb0bf7d2018
2,38,2,C7:0A0A,9,8,0,3,0,0,0f92d7ffb00ce5b50a242a83ecf580bca4756bc6a85a3c782b497d9bee510192
2,39,2,C7:0A0A,8,7,0,3,0,0,1b8ac97d9646b1bb70e517d5ba4fef2c03eeebc06de0bac25735ff53e6eb7bdc
2,40,2,C7:0A0A,8,7,0,3,0,0,9255e3c72136d4ed9bdbd0c23b3a3de354d3d9b135f326cea771fd402e058878
2,41,2,C7:0A0A,7,6,0,2,0,0,f932dcdb048bb033b7b2898526b75d3308dc380643dbacb011d74fc891895f68
2,42,2,C7:0A0A,7,6,0,2,0,0,afc469b91525de14c7ce3506e9e425063818cdd45a6cdd3841d9950937eb29a0
2,43,2,C7:0A0A,8,7,0,3,0,0,43db818eeaf507941799ead993d34e5d944a13a0d2a3ece7f46930af594be15e
2,44,2,C7:0A0A,6,5,0,2,0,0,0a804f66f41fda042a0f888d6dda5a7293403721b089bdae21d4372c84a7b007
2,45,2,C7:0A0A,6,5,0,2,0,0,2b804bc670ce1ad974257d585675899ed6a26dbae79a5dacdb9461fc65b4ddc5
2,46,2,C7:0A0A,13,12,0,5,0,0,1508cd012f171646ef550f9e7cbe76a885fb9299696ac953fda0cfe675f6152e
2,47,2,C7:0A0A,14,13,0,6,0,0,83783c824f879044058271392daddd4b934d99c8ec4f3fd73c95f1fd52d0e8c7
2,48,2,C7:0A0A,15,14,0,6,0,0,51b95987ff3f28a424c13bdeade6784d700ad8eca8562b6170ef00d0788605de
2,49,2,C7:0A0A,14,13,0,6,0,0,04d059a533b3b31e0c38daa2feca5028358c6283c62ba54dd9ecc0fcdfe327f3
2,50,2,C7:0A0A,14,13,0,6,0,0,368ab3dbcb962022a0fb2d5062c2b9764f405bae9e9321b81a1754fadd6ca8f0
2,51,2,C7:0A0A,14,13,0,6,0,0,d3da9049214a542d10ba3795975b930920899179c2fc05b177dce2da5afe860b
2,52,2,C7:0A0A,16,15,0,7,0,0,747cd722155a5968fd1ab3e7fc2b3f2fefdde7caa8ae1cf684cc779e07983745
2,53,2,C7:0A0A,14,13,0,6,0,0,67041d21fc56564ae8c222638073b9ee4ef691b37e3b6881754ba5e2e5db010d
2,54,2,C7:0A0A,12,11,0,5,0,0,00deafdf4f47248a421563f91c3d8a96286b510bfffb1bb3689def239e0ff6be
2,55,2,C7:0A0A,6,5,0,2,0,0,f4774c468ff3c1f5922669bfab931bd8e924e42457f51d213dc740975c268a1c
2,56,2,C7:0A0A,7,6,0,3,0,0,bfb2acd578290fb10be828e909d759ad647218bd02b4f4d62c7b63b6a7714ec6
2,57,2,C7:0A0A,8,7,0,3,0,0,6676c16f729f65266e36f7925cb4e730bb474fb94c6d9962cf8021d9876abab6
2,58,2,C7:0A0A,6,5,0,2,0,0,22a478e4b4e09b2ef27e42423b769106ebf1f42187643c3a9d58b5071afbe6cc
2,59,2,C7:0A0A,6,5,0,2,0,0,0858d0d41f1d9055d89e2c671c39f2b8506588ff1cb651bcec251f64d39f876a
2,60,2,C7:0A0A,8,7,0,3,0,0,8a00cb8f3611ca1881b346db95fb6fb2b5e065426df2e431897fdd8e80c6caaf
2,61,2,C7:0A0A,7,6,0,2,0,0,122afa1a2468eb98b8d29c81202545b9674a09b83cfb3eb13e8779d7515fd9bd
2,62,2,C7:0A0A,10,9,0,4,0,0,bfce10c712320ae19164da0f91878e86fbcaeb01150545c51ca9aadb7787704b
2,63,2,C7:0A0A,8,7,0,3,0,0,67f4114dacdd78560f476ee519a029ab1f049333dea018294dbc9372203a549b
2,64,2,C7:0A0A,10,9,1,3,0,0,c807f8360fff74c46f4ac0caa7af536ece149d2658e0ba15cd8893c503a53c9c
2,65,2,C7:0A0A,12,11,0,5,0,0,2d7ef8c5d7badae2ae181337940701d06698e1f723420c0508703912c74af4ee
2,66,2,C7:0A0A,12,11,0,5,0,0,7b0a678d58044f41476218516008463fa1e803da2e739dd56302e746b4987da5
2,67,2,C7:0A0A,12,11,0,3,0,0,b99eb0f5e22c20ed4557cb0e59399279c2948620af01dfe95c86e06bfba42062
2,68,2,C7:0A0A,12,11,0,3,0,0,b1038a5a78e3acb495533f3b49f5ded1b65f26a620224bfc294dfe33f224ea97
2,69,2,C7:0A0A,12,11,0,3,0,0,69b3a4ec839878003569172b0d079fabf17859c39c6f5dd401d7fed4143d6bb0
2,70,2,C7:0A0A,11,10,0,4,0,0,aa55520c216fdfc7af6b807d3f75da2806cc345798ddd3ce119e2708b1f7a34e
2,71,2,C7:0A0A,11,10,0,3,0,0,ccb4a398098b5b8a9b34866fe1ed544c437e1d17f9c68317cdcfacd1287095da
2,72,2,C7:0A0A,11,10,0,3,0,0,fbc010742c430c3352097339f9ed86e1b1c34c7d96e4f74739355bae26f7d649
2,73,2,C7:0A0A,11,10,0,3,0,0,964346ca806a0c62a9d3a2607cb8d9d7d5c94166a50a0c6c77efda3352febc02
2,74,2,C7:0A0A,12,11,0,3,0,0,b7fe131c4b1d88ee6af84fa345eb1cd582956d176390a52849deac397adbb06a
2,75,2,C7:0A0A,12,11,0,3,0,0,9516c4ad0ee73e1ce23f07e45c21e57c994eb65ec79d2e29fade7b40278c5e02
2,76,2,C7:0A0A,11,10,0,4,0,0,c42320304ab8c89ea8c8decc93ee65c88fcea72b497589d3fac9d40953023fd8
2,77,2,C7:0A0A,4,3,0,1,0,1,dbc1c7855798a6d1603941ffb4fdf13b9c9d84ea19ab8e2988bf923d71aa4d21
2,78,2,C7:0A0A,8,7,0,3,0,0,a6496a7a4c60333ed9e53dc80129f48d2352ede84185d57b1001a8ebe99bd12c
2,79,2,C7:0A0A,8,7,0,3,0,0,d42c861b502066cc067876fa774e0013af75e930226a578001e99ada63415dab
2,80,2,C7:0A0A,9,8,0,3,0,0,cb45f16df039873a5c5412e3265cfa3bef28a6750d356fa5890d6b9f9f944965
2,81,2,C7:0A0A,7,6,0,1,0,0,b945a7ed543543440a419318b2935c66425fd789bbb45bb8cce0678309cddf4c
2,82,2,C7:0A0A,5,4,0,2,0,0,e664eb3d26dc2f9e5cfb483ac1fa477bf8c151ba9365584fadeb589c01636680
2,83,2,C7:0A0A,8,7,0,1,0,0,239dccd36d413e96b6a8f6a273acf8191c6da57355e39f0904f49b6d595330ca
2,84,2,C7:0A0A,5,4,0,2,0,0,e2bc1bfa59617377fc82b34d98e2d54e38455b304bc13110669230929bb6190a
2,85,2,C7:0A0A,3,2,0,1,0,0,9472d2a895720df2b39237a7faf9e1762597bdc1ffcc2a45fa159c0ca6a77ada
2,86,2,C7:0A0A,10,9,0,4,0,0,b8b3e7d11fbae7c6f753cc3970e89dc013faf44bb5dd7034da604e62d3f12aa0
3,0,0,C7:0CA9,1,0,0,0,0,0,6e340b9cffb37a989ca544e6bb780a2c78901d3fb33738768511a30617afa01d
3,1,0,C7:0CA9,3,2,1,0,0,0,a121cdc0b02bbd6e5068c59c8f61e5e9b61add29f22596394556c350c6ffbfc1
3,2,0,C7:0CA9,7,6,0,3,0,0,a22cff67940f9e31c4f3ecdeeacc91204b456011fa885d9a75583c3446ee45da
3,3,0,C7:0CA9,5,4,0,2,0,0,49a623f012017e59bd691f409a3084bc182552e3e66f682850c41a09dc09a7e2
3,4,0,C7:0CA9,7,6,0,3,0,0,47c659859ec5d295ff8f00894d7513eb892d3d1ba4f0ef509f768ab0d190903c
3,5,0,C7:0CA9,3,2,1,0,0,0,125e710f98c1d1009a1d5e99582c4948f1810f8d1c7d304dba05edee11d26024
3,6,0,C7:0CA9,5,4,0,2,0,0,bcfa334e5d719b5cac875abc2d4a4b9532776a67a2080eca5e7f532141ff8b78
3,7,0,C7:0CA9,5,4,0,2,0,0,77d85919ae8ea8134b02a38ddc031d28cb0aaccb8d73064d492dd6e9ce780188
3,8,0,C7:0CA9,7,6,0,0,0,2,3b1b6f7b46e2df15b67b54a6ddb5c1153167aaf13fb2d4b7ac076efccc3e6c2c
3,9,0,C7:0CA9,6,5,0,1,0,0,a47d6939fdd33b5652fbcb44653e4bca26ac6bd421625eb9e0d11b36f121f44c
3,10,0,C7:0CA9,4,3,0,0,0,0,82ab32d31049ce0f449bf39b740d0f057feea412d21f70a41358c2b0a5b27eb6
3,11,0,C7:0CA9,7,6,0,3,0,0,0acbdb9ee0016b198a9aa50982eb64a0325fb2ef8ee5ea22e4503ad34ce838f9
3,12,0,C7:0CA9,7,6,0,2,0,0,14ced0aba79357619280ebfcf6a607d1a390592a2e1a426899421f36de7b86c6
3,13,0,C7:0CA9,5,4,0,2,0,0,093b33f532e86798feb3ff1bdc47f52f487c6c11578fd8a74d004cfdc1247d84
3,14,0,C7:0CA9,5,4,0,0,0,0,de329454fa15ef7a92ef098d55fd15e236c5fe9707d1fe6dcd2e0cd187826cbf
3,15,0,C7:0CA9,6,5,0,2,0,0,0245f24d2847064b4f39d9a798bc56e5cbd3669c26d9fea57bd371d5502af9f2
3,16,0,C7:0CA9,7,6,0,3,0,0,f89a9e4c7ff8386540e9c7d8bedb541d403147aa150b29a02a55963c5e7b075a
3,17,0,C7:0CA9,8,7,0,3,0,0,b694682270ee51632b7b630973d3efd6352d8af035a4452ea432cbe1ac84d808
3,18,0,C7:0CA9,7,6,0,3,0,0,c993e1247773ad130fcc4b5c4d124c9af9af7d5191ad6741b6a9e6bd3071060c
3,19,0,C7:0CA9,6,5,0,1,0,0,0efa78f2c33448588082c9589c9c2d1e43ac4bad9b5658f3c7a930891c35eab0
3,20,0,C7:0CA9,5,4,0,0,0,0,5d761d8b32dad7b83d54934ef0ceb36ad0bc5ec04f6c07586448500d4aca9fb0
3,21,0,C7:0CA9,5,4,0,2,0,0,be8c90e5939936803196464800e1f4321a4ac9a284e02575c9e88a68f56d1e11
3,22,0,C7:0CA9,5,4,0,0,0,2,38c1425602913fd18d472a34439ea0ecac6b6544712a9534e3d96e0e795f9232
3,23,0,C7:0CA9,6,5,0,0,0,2,36610fe0e84cf7b534271b571b01fa9328d13c05e274ec2c1ffd55efd3227da4
3,24,0,C7:0CA9,8,7,0,0,0,4,90983affe9c7a3053f16b7b0f33cb34119bc8d3c5a7da38605d76bd0cb429bb7
3,25,0,C7:0CA9,1,0,0,0,0,0,6e340b9cffb37a989ca544e6bb780a2c78901d3fb33738768511a30617afa01d
3,26,0,C7:0CA9,4,3,0,0,0,0,4eced45ca29893401ace698a24b026c7abaa0c6acf9ccbe6ade74d7840da6bbe
3,27,0,C7:0CA9,4,3,0,0,0,0,9db6c2745386132603e0e9170b01bedc4df5c80db1d2b5c35bfca79cc8d203a7
3,28,0,C7:0CA9,4,3,0,0,0,0,71391fe811059744f78e503bd2de3dbfd87587e3bc5a053ceb752be001b8686a
3,29,0,C7:0CA9,7,6,0,0,0,2,7b43ebc7110faa0fef33fbc6f756dd4a5c381195b411fb812c6bd58ee2069ebc
3,30,0,C7:0CA9,7,6,0,0,0,2,8146a053fa9b2de19931ce2f7623921313c9734404b75042cac749ddb49a341a
3,31,0,C7:0CA9,7,6,0,0,0,2,17a07915df937b386b9d5af349d2660e248e2aa1dbba208fc1f4112189d99c11
3,32,0,C7:0CA9,7,6,0,0,0,2,8a863c326e8ae231ce3f94ff6ac49add5126f6232285aa81d452129d7e3ced4c
3,33,0,C7:0CA9,7,6,0,0,0,2,f5824b330145652111bc1403db8dc84f891cb970253196475259a223ff42d70f
3,34,0,C7:0CA9,8,7,0,0,0,4,595e6f4d002508965258a2ccecd60897125a6337802d4a3510a05f647e4b327f
3,35,0,C7:0CA9,6,5,0,0,0,2,2c63dac1fa43abf123b097d3898644a4abdbb280682ca24dcf7ce3463ad99690
3,36,0,C7:0CA9,6,5,0,0,0,2,59886a7828a0e82c9adfb0efd887859c61fba812488155c5d6c24a69c15d38dd
3,37,0,C7:0CA9,7,6,0,0,0,2,02d34c8b06d782038c9910369e19d280d2bb3efe3c540c66abe40d34ebbe7531
3,38,0,C7:0CA9,5,4,0,0,0,2,3ab5d26d11bb447cbbd67b619b4e0a2cfaa467a013b4e08003df6bac6cd37b61
3,39,0,C7:0CA9,7,6,0,0,0,2,c15bdacf1fee94636605230b71f5d2241cc9188c59b95db55fdea5279e29b791
3,40,0,C7:0CA9,7,6,0,0,0,2,b28435b7395d711db8c4b7009e964846f981748971a89c3c8eee51f307f86c6c
3,41,0,C7:0CA9,7,6,0,0,0,2,816e48af39ef65a84b67626d0a9063a2bc60616a48edcb99a61c6d00527f623f
3,42,0,C7:0CA9,7,6,0,0,0,2,c4e2bde18cab1154372836d06cfa61766095c65799c94c12263acebaf8776792
3,43,0,C7:0CA9,7,6,0,0,0,2,e5b4a969db288b3dd1e42bc9b57961abb3c15af493e78f99569b199a00c5abb7
3,44,0,C7:0CA9,7,6,0,0,0,2,15ff184b09bd5d1f00f6916f70cc29508ab2dc7be1c28249ddb4aefca9201add
3,45,0,C7:0CA9,7,6,0,0,0,2,e19faecf1e0b1c4957331dda7a960535facde389f2698785b8ba8bfa3def28ea
3,46,0,C7:0CA9,7,6,0,0,0,2,c51da76da09dabcaf5cf375fb4b19a249168b02a734f96c97185aa0537944a4e
3,47,0,C7:0CA9,7,6,0,0,0,2,2bab3cddc5fff467de5b44ee8a0bf6bf3bf775675e9fcc67e48f5cee02dba2e7
3,48,0,C7:0CA9,9,8,0,0,0,4,d0a414ad36aeee183a664667cbb76c91fdb42a128529eca5444d3f1043eaa374
3,49,0,C7:0CA9,7,6,0,0,0,2,6f9bbb811fdcbbd17368d2bfce7ba56097b5f23791513d3998e47180a566b5fb
3,50,0,C7:0CA9,7,6,0,0,0,2,7a9736e7dfc2c3b3cd32cbdae0dc4a7cc747ac31d555d9b000fa986dede4b713
3,51,0,C7:0CA9,7,6,0,0,0,2,65924f22c1dada0b0fd7dec6026ecb384c8f01d90faba6824943f70d1c9be9d7
3,52,0,C7:0CA9,7,6,0,0,0,2,4b569fd781d12d04a597536c8e310bb3d042269791fad58131bfa43a198d0cd8
3,53,0,C7:0CA9,7,6,0,0,0,2,3ea34c0fffe8476adbdc20714bb0020402dd61456974b64a94b0587547354239
3,54,0,C7:0CA9,7,6,0,0,0,2,8b79c704817fdc3f6981c9c09968574292574061549db35deb00b3910b328594
3,55,0,C7:0CA9,7,6,0,0,0,2,f1f6a7104aa02ce8e509e80b89d47f586ed921c52d4fa17aa3d691ec72ea1738
3,56,0,C7:0CA9,5,4,0,0,0,0,949560e45b23a5c746b43c20d092b1e6f1b6391526d7e48f941fa6f3df318740
3,57,0,C7:0CA9,5,4,0,2,0,0,7cb47cb4c5b9759c669c3adbd197480d2a445c3509bc22abdc5acb122d8feb22
3,58,0,C7:0CA9,5,4,0,2,0,0,2f947f9158e6616655b089ebc65f1ec80c2525d904f3fa6a55bd6797faafeac9
3,59,0,C7:0CA9,7,6,0,3,0,0,a263acdbed3e67725c504a8437b12bfe5553e3f04348cd9ef8636826d23e903d
3,60,0,C7:0CA9,5,4,0,2,0,0,a3170e41ac08eb48f114fa1e5b97e2a151782e4db8ffe3ba3c8385eb0e4d9045
3,61,0,C7:0CA9,7,6,0,3,0,0,f0ffcb676525ba34de4f588d0b6a04287abb7c3beeb418aaac68d28503319d6e
3,62,0,C7:0CA9,5,4,0,2,0,0,95421eb7bebab040ac902c62c226a0514b48ea2bb16546f5512fe053479b8666
3,63,0,C7:0CA9,3,2,0,1,0,0,6d006a7c00ab863de30ce0a2d2a3c63afa9bc147c97a66e9ce7b7a7dddf993c3
3,64,0,C7:0CA9,5,4,0,2,0,0,b9146cfcac769e5c8d60404320b2c616a039fdd1a9e5ef851241d11afa2bef27
3,65,0,C7:0CA9,4,3,0,1,0,0,9384cb413ab4cc9c6f4249852a1c61831f495d040739b29f6359808dc8f521b9
3,66,0,C7:0CA9,5,4,0,2,0,0,5eff47984d257bd4f8b775f83984e1ace0f85d0bb73553a7cd87ce4329c1366a
3,67,0,C7:0CA9,5,4,0,2,0,0,9f610e42c725ba61059deb3c19951a69867d0083d04311d3cc8f35d971494acf
3,68,0,C7:0CA9,5,4,0,2,0,0,5f71be28f9f165d1c463a603c9526b28018b5e036f361495505708dc260ff156
3,69,0,C7:0CA9,3,2,0,1,0,0,ca19e8d84a650d8aecf5508f883ac0942cfa2de975b8859399e744e36fa36695
3,70,0,C7:0CA9,5,4,0,2,0,0,0aaf89fe2dd4c3cfbd3a1a981d9e412a6806c3e20ed802c34cdc6965ab278bbb
3,71,0,C7:0CA9,7,6,0,3,0,0,8f2c6fab0e6c243230cf779bb9f33950fe1f804d9b44c3af4c44fb9fd035beea
3,72,0,C7:0CA9,5,4,0,2,0,0,d53eaa7600478dd442a4b496916bee88f0fbe840e97266de4d030e1149b6bb18
3,73,0,C7:0CA9,3,2,0,1,0,0,15096ea3b1cea913dfba42440159099d1bdfc797297de0fa56c75552e882fa50
3,74,0,C7:0CA9,7,6,0,3,0,0,337b5201cc267c35d07e54fcbbaeb1cb58747d22468456b49f2e3552da796867
4,0,0,C7:0E5F,2,1,0,0,0,1,46e04d129d7b45d054469ce34e24069a1426b3e34f1b68a3d1bff1e070aee192
4,1,0,C7:0E5F,3,2,0,0,0,0,39328b7deeb69c3b7cddcefc07e84ebe94973e76cbc29bf9992e47534971f460
4,2,0,C7:0E5F,4,3,0,1,0,0,34b6965ca9b5e579e78e82f996921fb356c5b33a9eedae5374655edd47fcf588
4,3,0,C7:0E5F,4,3,0,1,0,0,3687b4b622cba69735b0cbf95032ae3a89b4a774b502e069c7e102f00fc08bef
4,4,0,C7:0E5F,3,2,0,1,0,0,e3cf78533c2ceed040a6fc5453b3df44ea2567486b212453db3be478e577d5c5
4,5,0,C7:0E5F,4,3,0,0,0,0,c8fb466a72fc62e76bfdc040959ce563bf88f4ee98e5a58fe60734a9533d81c6
4,6,0,C7:0E5F,5,4,0,2,0,0,53928f38f3b199401589238931df825ebc7bfc076133f35d6b55b64b0bf6f92f
4,7,0,C7:0E5F,5,4,0,1,0,0,643a043bda024d01791253d064c579bc3e248ecb5b1e72045f3bd1b8c8a79856
4,8,0,C7:0E5F,6,5,0,1,0,0,02e2784463b40a66e177e9454727af6ea423a26a4b643dcc688c3b2eb74d3ea6
4,9,0,C7:0E5F,5,4,0,2,0,0,6bb52ef063ef439e87ce0245971b8e7073a7bf3b8e1fbc2618dc85bf5a9f1d27
4,10,0,C7:0E5F,4,3,0,1,0,0,f9db8468a50d3dc555d229651fed753783a6e7067eb7ec10e4652d9416d6b7f2
4,11,0,C7:0E5F,5,4,0,0,0,0,72f31d39e7d72f2f6c2433487b5f4920389f0fec49f1d5cef887386bac441770
4,12,0,C7:0E5F,5,4,0,2,0,0,416ba95b842140559a065161bdb367f9250d8ba7383bba40599f64aa877af622
4,13,0,C7:0E5F,1,0,0,0,0,0,6e340b9cffb37a989ca544e6bb780a2c78901d3fb33738768511a30617afa01d
4,14,0,C7:0E5F,7,6,0,3,0,0,9bb5cc91f88b8d3ffbcb26c0b8ce3ac85041fe995453bbc56e6cd37420af8102
4,15,0,C7:0E5F,7,6,0,3,0,0,9a016cdd3aa1427b657a682fbccc9c55a37e118647a2c5be8388a5ba8fd18829
4,16,0,C7:0E5F,4,3,0,0,0,0,a349ce427d294471e5aab1be0d16c5847e8c4f0ccbfb9af76fb64a646bcda41a
4,17,0,C7:0E5F,1,0,0,0,0,0,6e340b9cffb37a989ca544e6bb780a2c78901d3fb33738768511a30617afa01d
4,18,0,C7:0E5F,6,5,0,2,0,0,909282eda4abd1decd2d90d022fb96b84f8e58e5b8548860ad0d1e636b847aa8
4,19,0,C7:0E5F,8,7,0,3,0,0,1eaeca1169da6431bd7de5082acb1d6d866bef86c594f6bc5657872e1a1ea182
4,20,0,C7:0E5F,4,3,0,1,0,0,d5a63f27fc5f3a24fec313e6b6e43e37ce92f545580a9b9656a233861b8303af
4,21,0,C7:0E5F,3,2,0,1,0,0,a1922897aba77dc814bd27499256077b3d0311dabf0bfcc50e7984092365e388
4,22,0,C7:0E5F,5,4,0,2,0,0,32216a1b5dc3028a6777f5f75613c9163f7ce60a5ce315478a3a9af00d0526c9
4,23,0,C7:0E5F,3,2,0,1,0,0,b3ee722be6b50b71ed95a4faa8d451fc9715187b689b60d3e5779a76790f74c1
4,24,0,C7:0E5F,5,4,0,2,0,0,3c5f579f76cccc8fa77610f60614a071195a70b4426628e170332fc702fd9699
4,25,0,C7:0E5F,3,2,0,1,0,0,988ae620d0c256c0043fc68c6b05a319f26db377d45ce71c8d8d6730d9a7bf49
4,26,0,C7:0E5F,5,4,0,2,0,0,f39e44d6a97cc2266352019ca1b9551090fd38c952df0573dbc26154e9d475d7
4,27,0,C7:0E5F,3,2,0,1,0,0,1e07eaa88f939936424189c60a81e9ef5c27a666c4c1409cd3910b0e068d3360
4,28,0,C7:0E5F,7,6,0,3,0,0,9bb5cc91f88b8d3ffbcb26c0b8ce3ac85041fe995453bbc56e6cd37420af8102
4,29,0,C7:0E5F,7,6,0,3,0,0,9a016cdd3aa1427b657a682fbccc9c55a37e118647a2c5be8388a5ba8fd18829
4,30,0,C7:0E5F,4,3,0,0,0,0,a349ce427d294471e5aab1be0d16c5847e8c4f0ccbfb9af76fb64a646bcda41a
4,31,0,C7:0E5F,3,2,0,1,0,0,2229321a6e222336a6ad66bda8c9b3dddf5ea9d2f03e6692c89029cbd70f1d8b
4,32,0,C7:0E5F,3,2,0,1,0,0,d1e7fe6d2a875f3f80399ee1529ec7dcc2e1f43d9ac2a8bbb5efccfb042661c8
4,33,0,C7:0E5F,6,5,0,0,0,2,2cfc1ddd2bc6c0c2a1946c6ed30e0b3fe0ffb406a06ef4a64faddfa5e340543b
4,34,0,C7:0E5F,2,1,0,0,0,0,e85d40821ea195cfcd54d959da32612cbcef91535733ec599adf4c6fd663752e
4,35,0,C7:0E5F,9,8,0,0,0,0,e472e2ef6babc873d2d72188fc3981f85523fbdb0b6f1597d1f8dca5a9c11d5e
4,36,0,C7:0E5F,13,12,0,2,0,0,cb66ea0ec1962798be848deea77def51138233d86a2de771349d38f85576415f
4,37,0,C7:0E5F,12,11,0,1,0,0,0987d1f281e25c4dc7f151f22c956313bebba7e35281f588af74366e62158bca
4,38,0,C7:0E5F,9,8,0,1,0,0,ccf781686d5f9e1d0fa742f179ee29acab8083544854b46e885a4dba171a3364
4,39,0,C7:0E5F,8,7,0,0,0,0,cd66d51aa91a8678bcacbd79667d5b295fee37d4316b86a3437b860010c708d3
4,40,0,C7:0E5F,13,12,0,3,0,0,97128b6b6656bb6f0dd222c617725c35fdda0075d33c7dbf81403abc10ab712d
4,41,0,C7:0E5F,9,8,0,1,0,0,b233ed81465986920985fc849281e55d00e633c4c4e772b85bd8db97a17172ed
4,42,0,C7:0E5F,12,11,0,0,0,0,516cfd117604bd6378ddc1ac89a831b58d143b17d3400f956b229a8af9efae16
4,43,0,C7:0E5F,8,7,0,2,0,0,2ed088c8ee51d0be4412befc66b9e8f19b50435deba22d508395c8113fa8e709
4,44,0,C7:0E5F,8,7,0,2,0,0,6354f6f522e6f07dc5ff6f0f58af529f07ea84e73e24d85b237e850578973e57
4,45,0,C7:0E5F,8,7,0,2,0,0,445001e90011fc58cc5bf60639754c61f402a52d74fb396204c0272b8f179eb5
4,46,0,C7:0E5F,6,5,0,1,0,0,4f6cbd5a2521af558a9fe92c81a8ea2f264bdb961b0aabd9696a081b64855303
4,47,0,C7:0E5F,6,5,0,1,0,0,196b3f950df49a58ea9d4ae05b56e497d3bb32961b92d6382db81feb372e5cd2
4,48,0,C7:0E5F,6,5,0,1,0,0,8934478194aa3c7cf3e856027ef96ae960d9f6506b4a48c0e9064264f19d0991
4,49,0,C7:0E5F,4,3,0,1,0,0,1424c673dfc7ced5698122a37aea6108987e0acc3d6636d87ef5f85fd231edbf
4,50,0,C7:0E5F,4,3,0,1,0,0,55e5e87dd65e0c613477cd9fd607efff4e003ef35c06d4d3c7db2b61426c2b6a
4,51,0,C7:0E5F,4,3,0,1,0,0,706d7540fd98d144c8bf22acb43cb908d49dbe3bf229736a268708cd3fd99cc5
4,52,0,C7:0E5F,5,4,0,1,0,0,28382ad69ddd3310414801983a58c5a5c7790db8c528f5a523acac66aa886ac6
4,53,0,C7:0E5F,5,4,0,1,0,0,6b9e5482420f8a5aff60dfb2f1d565197dec9af7c963589ddd8b0569c55cc479
4,54,0,C7:0E5F,5,4,0,1,0,0,0b5b208ac34f217b49458bc3e6e81cce9e6a264c0d61fb52ece9453157dd3b4c
4,55,0,C7:0E5F,10,9,0,2,0,0,86bf637360c51636b664f9054282d5a5f70c98153b9bfe8f6a1d0cd39d73fa12
4,56,0,C7:0E5F,10,9,0,2,0,0,31ff7c4f665d16c199d41a219b2fb43c7204c4e160afa01516f487a32a3540f3
4,57,0,C7:0E5F,10,9,0,0,0,0,ff8de105d0f691d638dfbc72b4fd7df19c43ecc7d4838802b631a1630e7936b3
4,58,0,C7:0E5F,3,2,0,0,0,0,768c80aa559daa2220cffb7c032b364d567f52293b659f8027614af723f29bea
4,59,0,C7:0E5F,3,2,0,0,0,0,412edfe695420e6eb580476a8068b5064c40afd0263038a26b1ae922471d33fb
4,60,0,C7:0E5F,3,2,0,0,0,0,67e4c2844fb064f9206ea64074f028165bc788641302a199f07009924264b1f1
4,61,0,C7:0E5F,10,9,0,0,0,2,e7a1561f5bc975acf99fa2e387ea3149360bc7ab6d94668c56948cbf2daa6491
4,62,0,C7:0E5F,10,9,0,0,0,2,9fbb41a0ee9937f606e244502bda908759be7c8b38284c4106f6115bb73ca420
4,63,0,C7:0E5F,10,9,0,0,0,2,e321c6a4d82c51b9e9eb66dfcd72204880b6dba4c518313030503b9921de7189
4,64,0,C7:0E5F,8,7,0,3,0,0,0b5f8b9d97a20c2ebfe0f7d589fdae223717c51c4043a26f44725aedc3bdf79a
4,65,0,C7:0E5F,8,7,0,3,0,0,45d824c5c2cd67d041069e613ee1515eebe79ad0e8fe413f2cbcd9e12d6dc8e9
4,66,0,C7:0E5F,4,3,0,0,0,0,188509b34dcc508157ec50bc87860bfe9110c4d856716f7041b7635a9ac6df52
4,67,0,C7:0E5F,7,6,0,1,0,0,96b9502f7fe1a1c42f1553db803415fba288e1d217841d888fd8971b8115a5d1
4,68,0,C7:0E5F,7,6,0,1,0,0,e5445858c1ea3d0a68f4a3886835975506a896eff9559cdf96a8c9e6caf2952b
4,69,0,C7:0E5F,7,6,0,1,0,0,05c58a673d4d3a8733d9ca54e72e21e5632acdf21b7c6498009a4c51169f27b1
4,70,0,C7:0E5F,2,1,0,0,0,0,766caa663e1025b9accd7ededd24fbc8193180e028eedae2f41d6bb0b1d36468
4,71,0,C7:0E5F,2,1,0,0,0,0,d33548389aba269e653aca9abf557278d901b39b04a7319552df7149c40c185d
4,72,0,C7:0E5F,2,1,0,0,0,0,89389ee14c6495d62c5c4d1ab627f415099e5101e21cc66af492011f88adf1c4
4,73,0,C7:0E5F,3,2,0,0,0,0,6b64f5b32f34283c8db5fe830813ff69578e6cd905a42dd31e42af7e01fb3a11
4,74,0,C7:0E5F,3,2,0,0,0,0,f8e4b20cbfc7df56568b8eb5c6bdf876873e6d427a4b98c34ce5271227d659b9
4,75,0,C7:0E5F,3,2,0,0,0,0,701a3e42592e77697cfb5a31215fdb915f565449c59b02ff9a2c39a0abf2ccab
4,76,0,C7:0E5F,10,9,0,0,0,2,03cb87e17a9ea46e143999d2b6321892b027cad14fb8890ea3f9853168902905
4,77,0,C7:0E5F,10,9,0,0,0,2,e321c6a4d82c51b9e9eb66dfcd72204880b6dba4c518313030503b9921de7189
4,78,0,C7:0E5F,10,9,0,0,0,2,d30c5da5312865826e85df892bc75e5e35f92a42f1d0a545f313ffabea3e51d6
4,79,0,C7:0E5F,6,5,0,2,0,0,d5e13b870e4d82d2d90021f34d7df4d4b9f35a61c027a4fd73321efc529aed5d
4,80,0,C7:0E5F,6,5,0,2,0,0,19ae34f0cc49da1196ef3851ff58fc0a9cf5fc05ba3c9250aaaf5e27b3a20eb0
4,81,0,C7:0E5F,6,5,0,2,0,0,c3a62e5abf513e07b9cd77898e8eb2637c05c35235958225f8896aaaaa65a86f
4,82,0,C7:0E5F,8,7,0,0,0,0,8b3c5539661be0f4e24aed729e3ae857555f88b197d37f29efe430eb6defe582
4,83,0,C7:0E5F,8,7,0,0,0,0,8d28d5d30916ca741a53f4e5549a8a38ed3a73a2d99576cdec56ef4d5052d0bc
4,84,0,C7:0E5F,8,7,0,0,0,0,c3ed6c678e33b4015fcc2035c4bfaf7acd5609247abb6c22938293aaf25b7f84
4,85,0,C7:0E5F,7,6,0,1,0,0,c79fa253b3921d84a4ae809b613999434f3dd81f70c4dd551d8043cfad41bc19
4,86,0,C7:0E5F,7,6,0,1,0,0,26391eb72d4c4292e382bd043850bc320056939870aafb14d72862077181ca60
4,87,0,C7:0E5F,7,6,0,1,0,0,d564acb461157adeeff9f9f87394cc34947b01381b2525f28b470d95a2e4236c
4,88,0,C7:0E5F,2,1,0,0,0,0,308b561495666ebb99e79cf47c5da05846f05bb02c5daa39738663f8daa12687
4,89,0,C7:0E5F,3,2,0,0,0,0,3eefc3862c8791d547b176e57f47a475adf9c19d6594558f6effb85e74d50c19
4,90,0,C7:0E5F,7,6,0,0,0,0,b9506528f37a0ed5ffd338f838e591273d4d52ae9d305972b0ce2d463b53c313
4,91,0,C7:0E5F,5,4,0,2,0,0,5f1fff01fea6fa7043b8014acbcf432f461e765e7f71ca086a49de188eab08f9
4,92,0,C7:0E5F,3,2,0,1,0,0,3f59ef1466378fb9901a7639288b9a63f72d3c21a3059e5b6df1e2b556537549
4,93,0,C7:0E5F,3,2,0,1,0,0,0a23ae4927928190e5b5f3290cc4ae4939f0ae68f4827911228b35ef21d5fa7c
4,94,0,C7:0E5F,3,2,0,1,0,0,47e0986fcc76e112fe550c785f3dd7256376b735f6a918e11f8d9a9c46b21465
5,0,0,C7:1086,1,0,0,0,0,0,6e340b9cffb37a989ca544e6bb780a2c78901d3fb33738768511a30617afa01d
5,1,0,C7:1086,5,4,0,2,0,0,2b71c3aaab768c0044885688e9493884d951d4398ecc8e7a054a02be0fc89cec
5,2,0,C7:1086,5,4,0,2,0,0,f0b62959c39b861388e2307b50665d70d715b02940d30143bdf5933b63908103
5,3,0,C7:1086,5,4,0,2,0,0,f490695d99062a45633d731fe4b355dc9cb94a19976075e7b86dc381d1a06955
5,4,0,C7:1086,7,6,0,2,0,0,025304e6e86932f2f02a500aa9200323fdd066d01dd30f921e5c04be31d3416a
5,5,0,C7:1086,6,5,0,2,0,0,75cf7dcae2ac87b8750b54567b6725df884c4322774e400dc1678d4d4142832a
5,6,0,C7:1086,5,4,0,2,0,0,07cefa78e34db74a9ab965a4a105b25465c29f2d1a350a6ec2fbd85f4213dc26
5,7,0,C7:1086,6,5,0,1,0,0,4473ce103cd1aa67ae13b54e03e26ebcd669f3979bf7efe6b7815ed6c86488d7
5,8,0,C7:1086,7,6,0,0,0,0,e5715f5c46c4587897618b2f017660409dde0e3b01305a1cf553b0a7eab36ef0
5,9,0,C7:1086,5,4,0,2,0,0,f9017dcab0671be2b4d6bda9accb27c9dea8adbfe78f3993fb7c022b8245557f
5,10,0,C7:1086,5,4,0,2,0,0,7f976007e97c6b140a8b02fd847721eaeeed96e7cd27d8bc401a8682bd353a3c
5,11,0,C7:1086,5,4,0,0,0,0,0f515cac0a90bc8bed8661fd798276ca8d62e6c72f69df1752561fc8156706ab
5,12,0,C7:1086,7,6,0,3,0,0,f6ed1844dcda94f99fbcd6622e0a697f26e5a8a031c2c0d3b65dea65dd8eaa7d
5,13,0,C7:1086,6,5,0,1,0,0,a2ca829755ae7b08ca84482c870ccd2292c7d3d0165c54b2a5d9e10b82665acd
5,14,0,C7:1086,5,4,0,2,0,0,9ffe9293edcb013ffd6d0b568a733b1de4699fc4e56d73b6a3ec376c227b86d6
5,15,0,C7:1086,7,6,0,0,0,2,d20268533889c80e9edf4027be09f58d580825d620f82d2fb40505d8be032186
5,16,0,C7:1086,6,5,0,0,0,2,27bd72288b2695d3caaf49cb23070b0696d0aeda2431aacef9eb5e0aace66f42
5,17,0,C7:1086,9,8,0,0,0,2,d95af968ca24e2b2fa5a63834a966a2d45faaa6f206f7d4ae32ddd882f69fa38
5,18,0,C7:1086,7,6,0,0,0,2,2f5bb42a2b7aacd80fd3584386427e49888dc1d9c8472291c1e8a70eac8341ce
5,19,0,C7:1086,9,8,0,0,0,2,123a740460cf5381007f6a8bfbbba164a953c45f8ded69e90e020dc1656078c7
5,20,0,C7:1086,9,8,0,0,0,2,fdcf666398ba5183258a61f80391c2079d35b07aea710e457790edba027b7293
5,21,0,C7:1086,5,4,0,2,0,0,581bb7d83a6a4ecc5bb0f23a9b13f7a99e5ef63ae07c8acc07bf9a7ff2c9be10
5,22,0,C7:1086,6,5,0,0,0,2,6baf24451fd9d6f1914e66b944560a80d50932a4b01b679911be8bf203f30a97
5,23,0,C7:1086,4,3,0,0,0,0,a17caa5f0326061ea56c1a00c98b799506fd4581d887465730d2b192d114cace
5,24,0,C7:1086,6,5,0,0,0,0,8fd524314bef082b0163a180a93700723ca27db2eade7b27e502ef405e20ad66
5,25,0,C7:1086,6,5,0,0,0,2,2715dc8edf9506267c8b87eaced14ca9283b4cf03b736d3e7a9b837e7fcc00e4
5,26,0,C7:1086,8,7,0,1,0,2,771e806e2b7f8a6f86b49152c0ca2804208fb3f9ce4b0725caddfca0f2b4fccf
5,27,0,C7:1086,6,5,0,0,0,2,4e8c9e2163e6042fd05b3a4598294a7d7640b3f3766d167a3c7079599df0b59e
5,28,0,C7:1086,7,6,0,0,0,2,4681f824c52562884085cdf4ff4c5b5449216d9067d361a12f1f3ff8180adb36
5,29,0,C7:1086,5,4,0,0,0,2,443b789b9d8c9f750a7833ef27000336db0984d8930113e2b4880ce053c15c87
5,30,0,C7:1086,5,4,0,0,0,2,c9a6327f169cf7c82b39e1c67a633673b8b61a7ca7bf905b559db141613dbba4
5,31,0,C7:1086,8,7,0,0,0,2,70eafd28317631168877b9cfaf51afb649fcdcd7fece1ad806d2ce81729364da
5,32,0,C7:1086,5,4,0,2,0,0,c2e1a08d516c86aa7daf1201b4a84b43c64a123db6dca9c864e1e0d39e2b3002
5,33,0,C7:1086,12,11,0,2,0,2,ba8c89c0eadec9793275961b04bce9b11d5c20475d1f8716d408c79f8f57856b
5,34,0,C7:1086,8,7,0,3,0,0,457694ea83fbeb88bde7ebcbbac10c990ee8af51feaae681a408f4eb8cadf7bf
5,35,0,C7:1086,5,4,0,2,0,0,9fb4e73215cebfe65af72b5ffea3a46ee519bc34cdd4242b9253dcea12700840
5,36,0,C7:1086,5,4,0,2,0,0,8b370c99611f765efb9d8001ec02dbd8a5ad8eb9ada05b749c6fe0e99a50ff36
5,37,0,C7:1086,5,4,0,2,0,0,5f43ca75ff7744a5dc3da177b32b37b27dcaeb86bc5a2d4c560119110c9dcd6d
5,38,0,C7:1086,7,6,0,3,0,0,ba23e8349709e4444d54bbdbf87be243f7ecdeb1edf2daaaaeb5c69cd3c722c5
5,39,0,C7:1086,7,6,0,3,0,0,ba23e8349709e4444d54bbdbf87be243f7ecdeb1edf2daaaaeb5c69cd3c722c5
5,40,0,C7:1086,5,4,0,2,0,0,f830319607ab13849a78f35786260b80ca14271f0bb2755478ddad93da8254e0
5,41,0,C7:1086,9,8,0,4,0,0,2b90184e2ed3b4c9e5dc4f2f6a93664926bcf849fbad1d6e1159df02101e9685
5,42,0,C7:1086,9,8,0,4,0,0,693cf16a7639ddcf8ca1bcde8abb01279297e099adae3abf14152bc89cd7f460
5,43,0,C7:1086,9,8,0,4,0,0,6366a5348dde2918446b3e535c4abeb9e4db8eccf97c7336b6f01f73d1a20160
5,44,0,C7:1086,11,10,0,5,0,0,71f8ad4029ca00bc82763c36677a9d0cbc1cabb8d390d0350a6b2d1d7ad6424f
5,45,0,C7:1086,9,8,0,4,0,0,c3133f11c2b4de10ddbcf8ba5f210f581a2bc368af859b7c18e1189cb8842fb0
5,46,0,C7:1086,7,6,0,0,0,0,483b082df9b94daeb07861f33faa90919d62e83351e0984a88b77a204f47c828
5,47,0,C7:1086,7,6,0,0,0,0,4bf51a618cd471cdb06335d2f4803bd9610ee77154232817b23067c3773c13ff
5,48,0,C7:1086,7,6,0,0,0,0,01fa0616a3dda1fd74e3ca35a15856f7d9a3f2e5e4225c8bce172b60c2386864
5,49,0,C7:1086,7,6,0,0,0,0,77f12a3d384758b311902393727c09825c4b2d86eff4db5cdbdb7fe85411b4c4
5,50,0,C7:1086,7,6,0,3,0,0,e0353cac46851c243f8b91e703a9d6f66f2a6c27334d625c17bde3e98c044ccc
5,51,0,C7:1086,6,5,0,0,0,0,d0054d3c5cc0229d82d347eae80fd4de59a641157d07833b5ca906df8b0e7311
5,52,0,C7:1086,9,8,0,4,0,0,cdf322b839bdf30ecdcf3ee7111557510fa658639e05c31260a000db3ee75f93
5,53,0,C7:1086,5,4,0,2,0,0,4f4ad3261cec85ac37c67e81d36dae9cb944c3fb9c0906612cf5fb236b1a3a2f
5,54,0,C7:1086,7,6,0,0,0,2,a369b7a25b94c79f1e69ffb07f92a568d3c64e68373b80dd48449c54cb48e58c
5,55,0,C7:1086,6,5,0,1,0,0,6a8e9b7b0720ecfdcc717f9d84c7578eda6ed8a56cdfa3c3ee7db436b01299bb
5,56,0,C7:1086,9,8,0,0,0,2,9a844cb8f51cce7ad3fcabb91cd0f605599e2c605e5c591e66e50ab1c8e7d1f1
5,57,0,C7:1086,4,3,0,0,0,0,d1feab0cfccae2540f6aedf75e9da71201e2d708f4b2e6fd02f9ae8ec5123b1b
5,58,0,C7:1086,5,4,0,0,0,0,b5136fdbc78a061dd5a895fac4755194fc392f4a869d0d0f2f4005f5d2ef0af3
5,59,0,C7:1086,8,7,0,0,0,2,b43938996765a9991acd53b137b1096170a696d27a6d6ed1cce8979e7cf8a01d
5,60,0,C7:1086,5,4,0,2,0,0,8ec07b227aad4a652560da21ee8ea9ce792b1367ad625d9de49142b631a9aa13
5,61,0,C7:1086,5,4,0,2,0,0,1ff2c5bd442861f95213843db9c4dd52056d34662f71b0e3b42dfdb95049c0c7
5,62,0,C7:1086,5,4,0,2,0,0,0dfcbdcfecbf71b2d9b74646a5a0cf441c3ec8a5ccc9b8f9eb8767d36da7bc28
5,63,0,C7:1086,6,5,0,0,0,2,46a8a571488b14e27c1e7edb35d4f44888f377e2fa71e7ee77c82a2a2b48c6ac
5,64,0,C7:1086,6,5,0,0,0,2,0c60ecef4b34c651b197fb392983d1d7f77b73a24255a7b129ff9d8ce1f51ff9
5,65,0,C7:1086,7,6,0,0,0,2,87432690f8fd8b46162555d88d1f62494e93c31d513398ab25ac0c9bb28708e8
5,66,0,C7:1086,8,7,0,0,0,2,ed87a888cd9cab9dc76d6889d548df28930f5abfdce70ae71cadeb5862a75ee9
5,67,0,C7:1086,10,9,0,2,0,2,782202ce57b12db233f1cb99b8d3cacfc1425978f5462b42e2248ef9470ad0c4
5,68,0,C7:1086,10,9,0,4,0,0,8b5d848e7df2e4affdb2c4c1672b5568a6e68012603c9da48bf759ac637dcf78
5,69,0,C7:1086,5,4,0,2,0,0,53f8f7c6bdd199c329a9deea4182e81a802faeb190094c70462ac7fabeb6d3e2
5,70,0,C7:1086,5,4,0,2,0,0,125f2d85557fc2edad46e4d2d67dc8578bcfdd28febb80f944b847b713b1aefa
5,71,0,C7:1086,5,4,0,2,0,0,60a178702b82949952d1197951812b61e8d4f18293fd604e149a5a36cef4c228
5,72,0,C7:1086,8,7,0,2,0,0,5c2d796820774d42b9df62f53ddf3bbc289a686e96970ff37dc29f596e22c41c
5,73,0,C7:1086,8,7,0,2,0,0,5c2d796820774d42b9df62f53ddf3bbc289a686e96970ff37dc29f596e22c41c
5,74,0,C7:1086,7,6,0,3,0,0,813779fe975f7c70717a0b50242a77947b300685c3fead7e48b54e1186979fdc
5,75,0,C7:1086,7,6,0,3,0,0,8e1f773bf1cfe8f4ab57b6583fe32e71f9b0c2d3b0d76dd51c3735c57a24fe56
5,76,0,C7:1086,3,2,0,1,0,0,c2470bd49503534ac808e6ee1e5037d08783fe2098ba4e8d2412c3bd2107dc24
5,77,0,C7:1086,5,4,0,2,0,0,1696ac0d656418406a2e73e2f3865d335cf0c55ec3256b64e14d141299bb6a98
5,78,0,C7:1086,6,5,0,0,0,2,cd215fbd379a60121cd8cb4fd07a49be745f1526156eb638fb329c9f59e1e8ef
5,79,0,C7:1086,3,2,0,0,0,0,efbaeef773a83cf69a4700b37b4ea8420c00133c7dcf23a58be8a4a3b8f37c65
5,80,0,C7:1086,5,4,0,0,0,0,193a8fa3e4ecce45b5f8a0120d753f3af8f84d189518f93ecd2002177a1b9e94
5,81,0,C7:1086,5,4,0,0,0,0,a8962c8c56c9ef7c5779e3eb042216a05acb77f459211bcb42956c5b0954c96f
5,82,0,C7:1086,6,5,0,0,0,2,b654f611194bf5c45454603120d61e447431c76e2e90fc4c3d0bcd3df5ccf611
5,83,0,C7:1086,8,7,0,0,0,2,57e1fc5133d367cce4a21722e04a546ca2fb90308058deeaae3c39f585da02e8
5,84,0,C7:1086,5,4,0,2,0,0,81d79bd426612edb2490a9d35ad5534d1f2894e25df84746c691b2406624a82c
5,85,0,C7:1086,7,6,0,0,0,2,90748d95e042fa820ec044cf25ee955c22935a87808c9963d5dd912f8bb67919
5,86,0,C7:1086,9,8,0,0,0,2,76c0b7a60784219a59122d90e1e6ed9726af8e19f4bd98f97f5f47529b5f62fc
5,87,0,C7:1086,5,4,0,2,0,0,fc46d831a54487b3fa65f68cc0807839fde130a16a62a12799e5baeb85daf7a8
5,88,0,C7:1086,8,7,0,0,0,2,6069c2855b5ce5b56ab81aad991e4ae771317a854d343ad56ed0f713eb3d7d48
5,89,0,C7:1086,6,5,0,0,0,2,1ff114fbfc2227788f94f70772a3c49135ab4cd50c3a067d7296dc9ae11121f2
5,90,0,C7:1086,10,9,0,0,0,2,bec2028355ce383e69917cdb9bbd2ffe7578bdb428ec4a3b0df617803fecc597
5,91,0,C7:1086,6,5,0,2,0,0,e5bf01e918282890bfe2e38c44ef8771adb0dedafb3a4f9741b57f48bb508061
5,92,0,C7:1086,6,5,0,2,0,0,ecee4a11aa8eaf58caf52d1a3f066b7fac44b231c714c155c776088a1b323be9
5,93,0,C7:1086,6,5,0,2,0,0,a75ab91cb9ab0078f33704267ec0bf403eb0003a83d00e16c618b5f0ca4157c1
5,94,0,C7:1086,6,5,0,0,0,0,62842bbc17bcb02c0f9456c6caeed3858b3ae722545eab2c91c3f451c2e26468
5,95,0,C7:1086,7,6,0,0,0,0,201942692cf5c7f66fbe8c5f65ad236dc28cc9f320dfe78192e6ae72d6ede9cd
5,96,0,C7:1086,7,6,0,0,0,0,d61d9f831fcdf348ad7f191ef41f338f592489f653872bacd3152b2dd7e640d6
5,97,0,C7:1086,6,5,0,0,0,2,5c56f6dd7d9236de3acd1b8d3c3cdfd0a6a53093fd218639a66783fc893c4206
5,98,0,C7:1086,9,8,0,0,0,2,08392586740965decd97fe147a0e578bed98e55c3ca005dd4613a7d40694b2c0
5,99,0,C7:1086,8,7,0,0,0,2,bb3b01eb18738462e1caf5f6663a0990f919e6dda164036fefed8a46820dc35b
5,100,0,C7:1086,5,4,0,2,0,0,94da0b0b31aed905fd57e6bc818622c453af4c22959c3c4f61b9d5f2d68b251f
5,101,0,C7:1086,8,7,0,0,0,0,18cec2732f48ab85bd111fbf5c7c8cfeaad85fdb4c786c1b0d45b93427337f03
5,102,0,C7:1086,7,6,0,3,0,0,6fa93fe65a39720d82a8b3f58f6f0257eff64ef07fbbad5d83f781e3be3b08d9
5,103,0,C7:1086,5,4,0,2,0,0,f7aeb2520d49952787e2f435b787c019c88cde1f7d3bfed39c2560297448500e
5,104,0,C7:1086,5,4,0,2,0,0,8a512a180f592f4a8c0dbf9475cd7056210c70df47ba3a8b3da531e208fd50fb
5,105,0,C7:1086,5,4,0,2,0,0,8d38f06c6c418a7741800a7a79c82379f3c840dc925e8e1d32b45de6d3ebd302
5,106,0,C7:1086,5,4,0,2,0,0,acddb75621d9d1462a95e9fac266230da34b55c551f9b00b1e577e89072d36a2
5,107,0,C7:1086,5,4,0,2,0,0,498b77e5ca0b260046dacbc565466d8a5acf34797c30fa24533da3329deaed81
5,108,0,C7:1086,5,4,0,2,0,0,3da663006ecdbec6dddc5632e7abc0372d24ef8a2afac434886ed17e35e04bd7
5,109,0,C7:1086,5,4,0,2,0,0,d43cf6790a181cca9ce83d6173e947f6f3d89dbeac9d3a2e406e17b1273fcaae
5,110,0,C7:1086,6,5,0,0,0,2,349bb65961ea3c45e95f6c32e4cde922890564cd431bb891853e4a8382ccc326
5,111,0,C7:1086,5,4,0,2,0,0,31156b8328cc934735d3c257c7375e28a7ded9aa22ead55e6ab87a7f8d792160
5,112,0,C7:1086,6,5,0,0,0,0,b05b8bdcf78aa837e0622b9d5bf19a90134c9682cc87504544bf872eade7afbb
5,113,0,C7:1086,7,6,0,0,0,0,33dc390e2fdfeec0e9b4282268530769a27dc18f36c0ab244868910de12c46a0
5,114,0,C7:1086,7,6,0,3,0,0,1a04efda7b147377a15c9e9924f8e15a64be0dbeac5d9bcb15d01675cd6cf2b4
5,115,0,C7:1086,6,5,0,2,0,0,0245f24d2847064b4f39d9a798bc56e5cbd3669c26d9fea57bd371d5502af9f2
5,116,0,C7:1086,7,6,0,3,0,0,b37039888214ee289f0f5888f17f758819463834c3c1b80999f883ed6c86ee29
5,117,0,C7:1086,7,6,0,3,0,0,f89a9e4c7ff8386540e9c7d8bedb541d403147aa150b29a02a55963c5e7b075a
5,118,0,C7:1086,5,4,0,2,0,0,a34d39d84d439e91e4c81ee5c3eb70be12b554971c9a9f0f2f7c3bdf851ebff8
5,119,0,C7:1086,8,7,0,3,0,0,74532d61f62657d2a19118eb3d9b70a7c0d84a1c8c0b50b5eaa7002458af2eab
5,120,0,C7:1086,7,6,0,0,0,2,d7351d7db22d80dfa5a35ebaa57dd92f7886b346ff78a76fbe5a67f6957699d0
5,121,0,C7:1086,8,7,0,3,0,0,b694682270ee51632b7b630973d3efd6352d8af035a4452ea432cbe1ac84d808
5,122,0,C7:1086,7,6,0,3,0,0,6dc6bb09c032b767231d4bc2ed8815a1e4ec0670dda7f73b33672286b9e84c3c
5,123,0,C7:1086,7,6,0,0,0,2,3e8bb8b54886b6d5ca7c5905601c8b6895f29d9bc3fac6f975c410b8ffe515a3
5,124,0,C7:1086,6,5,0,1,0,0,0efa78f2c33448588082c9589c9c2d1e43ac4bad9b5658f3c7a930891c35eab0
5,125,0,C7:1086,5,4,0,2,0,0,7b1e221f2d3f8641d935905512f95f9448a181f4faeab79b95014978d7bbd5ac
5,126,0,C7:1086,15,14,0,0,0,6,0747d61671a669d698862722161e49ce714ff39f4e48e0efb9ebdfaef8151df9
5,127,0,C7:1086,12,11,0,2,0,2,01885e03cdf16ee71bb1fcf6a24b3f786aae0ca63efb3ee7965d5d244d8fe3bf
5,128,0,C7:1086,10,9,0,0,0,2,ff41af4252d537378018deb457412c491e2a461a7208403157da2be00d5528fd
5,129,0,C7:1086,11,10,0,2,0,2,3da755680ce891670393141208b557b30fdcccfb26422a5c64d2975bc76d39fd
5,130,0,C7:1086,3,2,0,1,0,0,70aa0275e34b1dd6f23f2e97a23ffaffa642ad71a935484e5e878d33c89f1e21
5,131,0,C7:1086,4,3,0,0,0,0,1ee655e08131b41aba9c7c500a0b84e0aa23028333c2d266eb036b6f5399d95f
5,132,0,C7:1086,5,4,0,2,0,0,ea6d34c3cf9ed79690abd98694521cbe13837b0bcf152325ebc5a1943ff8d84d
5,133,0,C7:1086,6,5,0,0,0,0,cd3f3bcb5b23fb3da91ad1e1a7cf15d41a569f93224b93e1b87f74fd189a378e
5,134,0,C7:1086,7,6,0,2,0,0,81c1129fdfa6c52cbc97eac2ff825df6cdc1e73cb0bd2e895aa80c44f9a45208
5,135,0,C7:1086,7,6,0,0,0,0,15d221780d2ee2d99dbe9a44bbdaa4e02f28c03e16cfd2d5f95c44b6da399e1d
5,136,0,C7:1086,9,8,0,2,0,0,ca9738e7228004a4ec4da4e3ba2b8885e52f9e5c58afd0fa262f644e759b05fe
5,137,0,C7:1086,5,4,0,2,0,0,f9a76a3e51de0c64de6bdbd807200ca3c6954de72af4a7322c6b381d54d2dce3
5,138,0,C7:1086,5,4,0,2,0,0,09915aa94600b6070cff43d3eb7c1c7b9c0b419e3114997839d70705f2963e52
5,139,0,C7:1086,9,8,0,2,0,0,19f70f975455c3143d387afe09fbdbdf603f3dfdd7b7ad7859f34e5a7a2f91d5
5,140,0,C7:1086,9,8,0,4,0,0,6399b7c39070b52d17731c78fff5e831fde7b5ad43107b8130ebeb3cbf72d65d
5,141,0,C7:1086,9,8,0,4,0,0,7a7884798fc1883f1c3dda43fe3f45d32ad5cb88390b4b922a659f8f6fd591cc
5,142,0,C7:1086,9,8,0,4,0,0,b5c9330f42066df92bcd3b998bd3f17908f447df008f967a85aa945d4eb07cd1
5,143,0,C7:1086,7,6,0,3,0,0,a98912d9d233abac2850954491be920632ef81dc211215a486e0741cf7ccf55d
5,144,0,C7:1086,9,8,0,4,0,0,c56166cc492454d3624290444494489ee95c2ac8d9df9d82dc3e47b1d54632cc
5,145,0,C7:1086,7,6,0,0,0,0,d8c336366df15bcdcd7e4fb614cf8abf762998d9749e55b371f9db2009ca4a3b
5,146,0,C7:1086,7,6,0,1,0,0,1724a4ed5aafdc91e70508a65f958fba6a2db68b1c9f1b3524d2c6d229846c0e
5,147,0,C7:1086,8,7,0,1,0,0,6e87b1f66bcea3026df7716a61a7e0f4d324cf0799c1715c38c6999364ff18b3
5,148,0,C7:1086,4,3,0,0,0,0,20e6961bb4dfa7309678fb91a2526c0a579becffe61d40b0c5bfb27a12d7f817
5,149,0,C7:1086,8,7,0,0,0,0,8c77f456d84dbbe492fe2209d3eebcc54b0ea70a83766fb8f60927b0caf9ba4d
5,150,0,C7:1086,5,4,0,0,0,0,49921d3e02e8958f421e6f33cdb34211e1a9c91e5348488a834bd386c481277a
5,151,0,C7:1086,7,6,0,3,0,0,becff058e09f8b2d6cf79636c9b674da19cca5d99ebc6045b5ecb89f080703d3
5,152,0,C7:1086,5,4,0,0,0,0,3516726397d7921ca6c6b79598762471c00cd3217f89e22ca81698d034110521
5,153,0,C7:1086,7,6,0,0,0,0,1eaecf74b5e7020dc202e4781de1f702b05f2da37d299157d621eb77fe00f6d9
5,154,0,C7:1086,6,5,0,0,0,0,ddcbe082701fd464f70da0b6cc81053d3919b22252cd19ab8f5bc7cca5e77b89
5,155,0,C7:1086,5,4,0,2,0,0,6f805afd7c761c997257d9dc7de479ea22b131e0fbb85ea128a774fcfdddd28b
5,156,0,C7:1086,5,4,0,2,0,0,8abb77922eeb70c8b8568b2256b1c51f34cc99a3f52645727c5eb94e11e001be
5,157,0,C7:1086,10,9,0,3,0,0,e5aaf0588ee129e312d4c30241a85345eb160ff591324fff478868c83daf7238
5,158,0,C7:1086,6,5,0,0,0,0,1c3d09a424bd6f1b3659bd2ed1afafcf5c90b132d9aeb87f5f9f432f632ed4c2
5,159,0,C7:1086,8,7,0,0,0,0,2cd6e2d08e769a3014f7a97257982b0975f2d1f25aa5eb5a7945afa8daf7d25d
5,160,0,C7:1086,5,4,0,2,0,0,ff9e8ba65a178453f6cdb5355093844f8833d9c01e88d224d948a37d751d75dc
5,161,0,C7:1086,3,2,0,0,0,0,a6ceae006e132ffb7b39dfe2dc0330b96c8df8fc841a25da35b071ab02856575
5,162,0,C7:1086,5,4,0,0,0,0,53af452143b85cddb427e2c64701dfb985e86df12fdb4c98268e1a277c38bd6e
5,163,0,C7:1086,5,4,0,0,0,0,4d9f9c1c746310faf4c014107c9167eb70a7eaa8bb64a67219743990da01a498
5,164,0,C7:1086,7,6,0,3,0,0,f1fac2a1bce999341b26b9236f6c2e4c2ef03054d367d5633e49100c0f276935
5,165,0,C7:1086,7,6,0,3,0,0,4f389ab32e161d71e960350cc4bb35296cc321a2efd05665d362e530483d4720
5,166,0,C7:1086,7,6,0,3,0,0,356265c5edce0ec17423d73c0afd41b7299ddbe653324440fd88d91773c54737
5,167,0,C7:1086,5,4,0,0,0,0,de329454fa15ef7a92ef098d55fd15e236c5fe9707d1fe6dcd2e0cd187826cbf
5,168,0,C7:1086,5,4,0,0,0,0,e8b8242d78f13dd4c5f856365e08d551039456872e5229c14f264bd7638c30a8
5,169,0,C7:1086,7,6,0,0,0,2,7ff5ecca9894105fd786500796cf07c543ede59e40146b0114eef2e72a017765
5,170,0,C7:1086,6,5,0,0,0,0,029e0ba2148d65bc2c81103cd6796ae8225048c4cd4e08f4808a2eea70d1c462
5,171,0,C7:1086,5,4,0,2,0,0,bad12583cfa95c1794bcfbdf0b42e11ddfc3bd5403a68e629ee7e9a4a6ec13f5
5,172,0,C7:1086,7,6,0,3,0,0,c993e1247773ad130fcc4b5c4d124c9af9af7d5191ad6741b6a9e6bd3071060c
5,173,0,C7:1086,7,6,0,3,0,0,0c2205dee6a2dc006d2934d330ddc262d5d42f32033a1b46edaa4d75bd1f4eb3
5,174,0,C7:1086,6,5,0,0,0,0,c15bb8b772b4a8373b66bcc3e684609b5805fa94035019166a2acc639cd3e0a6
5,175,0,C7:1086,5,4,0,0,0,0,40e131814f6fd272e8e01f1ac1190d1791a33cf9455330a73c977ee4230b2cd0
5,176,0,C7:1086,5,4,0,0,0,0,0ee250594f9e10c515839f997e9c5ab8c108e82f8e6984ed10d47e1bb1476f2b
5,177,0,C7:1086,7,6,0,0,0,2,94719bf2b60b522340168c75ff92ca4e3a1d2ef1cd5b16f15a263059bf86ad65
5,178,0,C7:1086,6,5,0,0,0,2,73f2a65bc287435362cf1310d22f15ccc3f98cebf9ef89dbece39fdbb896acbd
5,179,0,C7:1086,5,4,0,2,0,0,7d432537d37cdf7b912d68bfecf2e52940ef9d0d97a5ffb63e87320e7652e9f0
5,180,0,C7:1086,5,4,0,2,0,0,4ab13a7d03efee148315eb3f5aa4988e893ed6babf6a816ad97ab582ea22e7f6
5,181,0,C7:1086,7,6,0,0,0,2,b79713906a214ca181c4bbed295a02b2eefb1882e7e84b071ed621a51b3b239c
5,182,0,C7:1086,8,7,0,1,0,2,47c7036db7c275e8823cfe5b38759a3511d5cad888214c2d46956a0463256035
5,183,0,C7:1086,10,9,0,2,0,2,fe5ae1baf594753af5e2f999268847a08128c4659ca201b5f61f7c8348d04f56
5,184,0,C7:1086,7,6,0,0,0,2,f719918b4bc0024bc553e8f1d1ed9857d6e7833dc32ae0d1840793bb28f7d19f
5,185,0,C7:1086,7,6,0,0,0,2,15e7a57fe6bef52421c1543c5e8caa8c1bd4682c33f1e42594dbbc8129c18b11
5,186,0,C7:1086,7,6,0,3,0,0,e2b64c102c862356a0218e7f288c1c9a03080917583d44dfbfcfdcfb50d4fd3b
5,187,0,C7:1086,7,6,0,3,0,0,8d81ece4871b42a4a44348b073b42a1a63826ad238e44f75009c96596a8932ac
5,188,0,C7:1086,5,4,0,2,0,0,d0cfb715bb03106fb171dbbb3bd2601da5a4fca920ff33bff17aff748495f941
5,189,0,C7:1086,7,6,0,3,0,0,9d0b9af1eeca6e778cde8afee492155f514245d6acbdf55584b9cd2880ac67a0
5,190,0,C7:1086,5,4,0,2,0,0,417d880e6fd7e36f83a516f854f666ab9ee27583b637c5607296cae4ab777e80
5,191,0,C7:1086,9,8,0,4,0,0,8b84aabf7973f75754a28b9fa0264785ed3bf1094d0b56acb92df826a61152cf
5,192,0,C7:1086,5,4,0,2,0,0,1b648db5f59f43ebc1d578550c73c7553df53453a48e85c347114f970c43e56c
5,193,0,C7:1086,9,8,0,4,0,0,5c9a11ba6b7e22e08bcc22b803c3610dfffa8475f5545c874dac41518a3b6526
5,194,0,C7:1086,9,8,0,4,0,0,e5f9810f6f79756476552409c6519f114132051f0ffcd137e6f36f4f57bf7cc1
5,195,0,C7:1086,4,3,0,0,0,0,ab16bc49cdae71e77bfa6900ac92ee53fea50ce6359b333dc812db1b9fb7ac27
5,196,0,C7:1086,5,4,0,0,0,0,d90da6bcce4a95db04da091465237155afa727445785d73cb16a1aa6f3c132d4
5,197,0,C7:1086,6,5,0,1,0,0,007acad550376fc8ff7d220b5db9e3d02fc28fb3d1d6d75a73931811cda59a15
5,198,0,C7:1086,6,5,0,0,0,0,550cf93419a16b11f5d30423ac110f4923b40164efe27b4ed2f889a7136c6934
5,199,0,C7:1086,8,7,0,3,0,0,520440e8c6f6d0da2591744da91d3e777b230160ceeb90c1db884644aecf167b
5,200,0,C7:1086,11,10,0,1,0,4,2c4c74d58021eb4ea6237c0fafbe25cd16e8635d82c3bc6042537528ebc83b09
5,201,0,C7:1086,8,7,0,3,0,0,8209d07b2aa4801fac382da6ec02f6ebc661841583dcead8f5f0b915619eb614
5,202,0,C7:1086,6,5,1,1,0,0,6d92c436b425c4aa32eaaa7e872f0b3ef42b93c85c973dde4b5785cc4415bf7f
5,203,0,C7:1086,8,7,0,3,0,0,863c4cd14b5abb165dc8a514db9498a9a5980004835db90488bc95981f231a8a
5,204,0,C7:1086,5,4,0,1,0,0,d49a9da6631862426972416a4f6f97c3740751dadff9bbc55d8e83516e161727
5,205,0,C7:1086,5,4,0,2,0,0,96e0d181288cbf9a35d8bb4c0992fe272621714518977063284d66ef65222f3c
5,206,0,C7:1086,5,4,0,2,0,0,3ce4bd6879e7f846517ba07d8639c79766a596ce6f665218649338dd1bfe7830
5,207,0,C7:1086,5,4,0,2,0,0,ece55577e6d78ba55d0aa863dbcd0d2a9c3537c2c2ae0d23d2d614935cac8f3f
5,208,0,C7:1086,5,4,0,2,0,0,b679c65444b1ca366309e797cd36783a558018c52219def3a781a265aeec4195
5,209,0,C7:1086,5,4,0,2,0,0,7f884e4533fc76c54bff6761c81feae9818a2b9120da012b34d1601997b3ab5a
5,210,0,C7:1086,7,6,0,3,0,0,191770660e860322d720fc82a3119748c16d3f7b5ff2b95cde492e3b629662f5
5,211,0,C7:1086,5,4,0,2,0,0,662f58e018e9adfdcdbbcb5677d1bcc0ec4bc00b4452169518072567cdd66b1b
5,212,0,C7:1086,4,3,0,0,0,0,137dc5ee95e156e45be1bcda5cfcc2b950233e4d8dd0c0bb9ecbfbda12ba98b0
5,213,0,C7:1086,4,3,0,0,0,0,137dc5ee95e156e45be1bcda5cfcc2b950233e4d8dd0c0bb9ecbfbda12ba98b0
5,214,0,C7:1086,4,3,0,0,0,0,137dc5ee95e156e45be1bcda5cfcc2b950233e4d8dd0c0bb9ecbfbda12ba98b0
5,215,0,C7:1086,4,3,0,0,0,0,137dc5ee95e156e45be1bcda5cfcc2b950233e4d8dd0c0bb9ecbfbda12ba98b0
5,216,0,C7:1086,7,6,0,3,0,0,ba149b0b9f31ab4342fff79a65fd3e73f04886366f6f24120a30228f095932ab
5,217,0,C7:1086,7,6,0,3,0,0,4853e70359710f415fd15b68080e9756e905531c99345adf55d97465ec04c4bf
5,218,0,C7:1086,7,6,0,3,0,0,8eed77b267feeaf98c4b828113e2e207883fa9c3fea0537f940ac1efbc4fe4aa
5,219,0,C7:1086,7,6,0,3,0,0,d9969340c09d54e2570c24a945edf0bd7c4828f74a71d0e28ee316a402c13cb4
5,220,0,C7:1086,7,6,0,3,0,0,e23c78b2ff1f4bda0776ffbc2312c7b4edeb8432cad1c86198da71efba89b684
5,221,0,C7:1086,6,5,0,0,0,2,87f12b557599a28f9fd9bde2788842013052987b44a8051c7e12be596719e70e
5,222,0,C7:1086,6,5,0,0,0,2,87f12b557599a28f9fd9bde2788842013052987b44a8051c7e12be596719e70e
5,223,0,C7:1086,9,8,0,4,0,0,ad68e1d68c85202a53499353522ba6f69ef0f5537e117769e51a8f1ca8740537
5,224,0,C7:1086,10,9,0,2,0,2,8125db15c5d8ae48f85ab9d1e7e120ef058044f4c8c2ef6292e6406ad42cae0d
5,225,0,C7:1086,10,9,0,2,0,2,8125db15c5d8ae48f85ab9d1e7e120ef058044f4c8c2ef6292e6406ad42cae0d
5,226,0,C7:1086,10,9,0,2,0,2,8125db15c5d8ae48f85ab9d1e7e120ef058044f4c8c2ef6292e6406ad42cae0d
5,227,0,C7:1086,10,9,0,2,0,2,8125db15c5d8ae48f85ab9d1e7e120ef058044f4c8c2ef6292e6406ad42cae0d
5,228,0,C7:1086,10,9,0,2,0,2,8125db15c5d8ae48f85ab9d1e7e120ef058044f4c8c2ef6292e6406ad42cae0d
5,229,0,C7:1086,11,10,0,2,0,2,604b59052a87dbf0aa76b20ae2da5475e55a582990747baaf81829449b2b4e03
5,230,0,C7:1086,7,6,0,3,0,0,47c659859ec5d295ff8f00894d7513eb892d3d1ba4f0ef509f768ab0d190903c
5,231,0,C7:1086,3,2,1,0,0,0,125e710f98c1d1009a1d5e99582c4948f1810f8d1c7d304dba05edee11d26024
5,232,0,C7:1086,5,4,0,2,0,0,be8c90e5939936803196464800e1f4321a4ac9a284e02575c9e88a68f56d1e11
5,233,0,C7:1086,5,4,0,2,0,0,bcfa334e5d719b5cac875abc2d4a4b9532776a67a2080eca5e7f532141ff8b78
5,234,0,C7:1086,5,4,0,2,0,0,bcfa334e5d719b5cac875abc2d4a4b9532776a67a2080eca5e7f532141ff8b78
5,235,0,C7:1086,5,4,0,2,0,0,bcfa334e5d719b5cac875abc2d4a4b9532776a67a2080eca5e7f532141ff8b78
5,236,0,C7:1086,5,4,0,2,0,0,77d85919ae8ea8134b02a38ddc031d28cb0aaccb8d73064d492dd6e9ce780188
5,237,0,C7:1086,5,4,0,2,0,0,77d85919ae8ea8134b02a38ddc031d28cb0aaccb8d73064d492dd6e9ce780188
5,238,0,C7:1086,4,3,0,0,0,0,82ab32d31049ce0f449bf39b740d0f057feea412d21f70a41358c2b0a5b27eb6
5,239,0,C7:1086,7,6,1,2,0,0,ab0059ebf926f2934a136151f521be6ebc8f58ed84050ec7857f10e2d646064d
5,240,0,C7:1086,9,8,0,4,0,0,9fc3fc9c5087830b46b933fec99047aedbda277e27aa42682b8ae5c3138bf0c2
5,241,0,C7:1086,9,8,0,4,0,0,9fc3fc9c5087830b46b933fec99047aedbda277e27aa42682b8ae5c3138bf0c2
5,242,0,C7:1086,8,7,0,2,0,0,6151314c700a35fa4ada4d5aaad1f444579ea0c3c9bf42a317ab397b1ee2d546
5,243,0,C7:1086,8,7,0,2,0,0,6151314c700a35fa4ada4d5aaad1f444579ea0c3c9bf42a317ab397b1ee2d546
5,244,0,C7:1086,9,8,0,2,0,0,a4bda1485eef1b1ab41f4686e98058328fe32a7c828eb97cf4650fca077af237
5,245,0,C7:1086,9,8,0,2,0,0,a4bda1485eef1b1ab41f4686e98058328fe32a7c828eb97cf4650fca077af237
5,246,0,C7:1086,9,8,0,2,0,0,8ffc8e08895c6447e5342645ca52c6c7172308e52e3ca886abbb388ac2a12de6
5,247,0,C7:1086,7,6,0,3,0,0,2fb0e3966b3c38ad27f7cb52f5b0b2d7773d7dfb2fb60904c1cd34ab3563a772
6,0,2,C7:16ED,1,0,0,0,0,0,6e340b9cffb37a989ca544e6bb780a2c78901d3fb33738768511a30617afa01d
6,1,2,C7:16ED,5,4,0,0,0,0,3d46f5138d585818c82efc30ec750319ff09f0f961c2d2d29655e1cf29f43891
6,2,2,C7:16ED,5,4,0,0,0,0,fda333d9363a2d15a4e2e17463987dd06df5d62c124932e8a76f71b0f9b07484
6,3,2,C7:16ED,4,3,0,0,0,0,a9e532d3539a04280b6b8f5623dff501e360770c9ebe3b763770d2c192f9c915
6,4,2,C7:16ED,6,5,0,0,0,0,8cf0252573b84e653022150e6f84050b30428d7a5ed09823dbc166c8442c8207
6,5,2,C7:16ED,7,6,0,0,0,0,3d513b28f6b2917e8bd8f698b99155c898807f77a31a210751d4355a126f8752
6,6,2,C7:16ED,5,4,0,0,0,0,06e554c5b62a922727d49ed8ae43f50b646732491abb72d9dd451f891b19fb22
6,7,2,C7:16ED,6,5,0,0,0,0,834c3912d776a1b043881a46c0889a8c2c1d62b8676edc7900370c9e98b17734
6,8,2,C7:16ED,7,6,0,0,0,0,e5715f5c46c4587897618b2f017660409dde0e3b01305a1cf553b0a7eab36ef0
6,9,2,C7:16ED,3,2,0,0,0,0,acdd5004ace9e5565f0585403f2750109eb580f55a9e5623f6ddb702a17f41dd
6,10,2,C7:16ED,5,4,0,0,0,0,4fe68e613dcc432f2bb4e4f838b2f4a8eb84568786d0d904b51c4c634daf7a2c
6,11,2,C7:16ED,5,4,0,0,0,0,0f515cac0a90bc8bed8661fd798276ca8d62e6c72f69df1752561fc8156706ab
6,12,2,C7:16ED,5,4,0,0,0,0,68d9d205fcfc522ace0c5f5edd7194ac8d276b4251bdee318f2e21c33bc7b2cf
6,13,2,C7:16ED,5,4,0,0,0,0,b0f63d23e0835785470185fabeda22bc9f0665cbc276d2d9df183dd9c323d1b4
6,14,2,C7:16ED,5,4,0,0,0,0,3df6c907a48a9ee9dea3faa91c3b3941ea464532b6299c49f5ba7b5e7a071bba
6,15,2,C7:16ED,5,4,0,0,0,0,1058bb911f0d6e7ef2f6e661f9b08fd0362896eab9dbc22ba55f5e895f3c897b
6,16,2,C7:16ED,4,3,0,0,0,0,1553a1025aebcf34fc82439a82421f691c32acd95cec51b77074191b46087e50
6,17,2,C7:16ED,7,6,0,0,0,0,2ecea69dfca71adf7d7b348eac68b6da2603585c470dcfbee73f3f11e98abf52
6,18,2,C7:16ED,5,4,0,0,0,0,2cbbb1a9bad809e8b76d1ecbe43988e405b49f6fe20b4df62a5db79035e333e2
6,19,2,C7:16ED,7,6,0,0,0,0,5ad96d717cefb225414247ce7a20a19347e5d9530d70fc38f220185fd202ff6d
6,20,2,C7:16ED,7,6,0,0,0,0,f08a31e5a216ba4118c15f593cb5b5fdfd79ede9408d12376353a009d33cbf22
6,21,2,C7:16ED,4,3,0,0,0,0,5c9e4cafd31667fce3a2cf0bdb07a6b4fe256b7c9695d31f12e6677c62582066
6,22,2,C7:16ED,4,3,0,0,0,0,a5c4c54063f3845cc96a29acc564f17dcf09de3acee861e63b639e897e5c315c
6,23,2,C7:16ED,4,3,0,0,0,0,a17caa5f0326061ea56c1a00c98b799506fd4581d887465730d2b192d114cace
6,24,2,C7:16ED,6,5,0,0,0,0,8fd524314bef082b0163a180a93700723ca27db2eade7b27e502ef405e20ad66
6,25,2,C7:16ED,4,3,0,0,0,0,e01e02624c1c6ab5de3271630cc7ebb250388d71858f9b343b8041ed6b9d7f0d
6,26,2,C7:16ED,6,5,0,0,0,0,b9284f9f3e824f8d6715b1f38ff9846e0d9137b0ecd88e9b9880ad90eec4e906
6,27,2,C7:16ED,4,3,0,0,0,0,bbd35df235f710b54ae22df3563a50c95fd917debc4cb0e4c7696130cd56c3bc
6,28,2,C7:16ED,5,4,0,0,0,0,c433abaf7969b614357a536da08cc0b62045e9661c37c52df19fb57cd4885fdf
6,29,2,C7:16ED,3,2,0,0,0,0,3f357a39c93f1125d27e2f3485766b78cf091b4f6811457e2c15303e851c6eb8
6,30,2,C7:16ED,3,2,0,0,0,0,83fd0f2458d3098a264d913dd3a06da1393c82d9bc7071bfa5803e0b78922092
6,31,2,C7:16ED,6,5,0,0,0,0,99ef4957d16f1959bbda3a5df6eb902af114cd6372d62eaeb81ca334ba9f1952
6,32,2,C7:16ED,6,5,0,0,0,0,04ca53d87dc659552eb400c93e132113eb7cd072f81c27db2c4fe06f7671f0c4
6,33,2,C7:16ED,10,9,0,0,0,0,1ae8574970bb83b5d069be9c3a10dbca4c034cfef986413eb717c42dc59c15b3
6,34,2,C7:16ED,7,6,0,0,0,0,4e3e980c05a05201e23510ddc8c1c0f0c4a9659b7f47963d8405d4ce2f06dfc0
6,35,2,C7:16ED,5,4,0,0,0,0,b69698eecac996d3e3671779affd599f7b455bc85ecb290664db97190014faaa
6,36,2,C7:16ED,5,4,0,0,0,0,f4b8dba6fe0b6ca1f132a99020e0d2f0204a5cfcd7cc45138e69cf2a3fd75c99
6,37,2,C7:16ED,6,5,0,0,0,0,0a1b0ea366c6fb06b60874a2820705cd6f9cc03be53068b4dbf6c7bdcfef7c1c
6,38,2,C7:16ED,6,5,0,0,0,0,5ecd66a212eb36da080cd0ec824297c7aa4f7bfbabf73905524d448ffc3c054a
6,39,2,C7:16ED,6,5,0,0,0,0,5ecd66a212eb36da080cd0ec824297c7aa4f7bfbabf73905524d448ffc3c054a
6,40,2,C7:16ED,3,2,0,0,0,0,2c32bf3fc0cfa09f89df49522ecdfde6f78c1cc69aaae341a175a468a391e952
6,41,2,C7:16ED,7,6,0,0,0,0,3dd2a9d81732a3a8bdb648af58d528e0ee30f0d5f1b1a6372ccaafc1c729c480
6,42,2,C7:16ED,6,5,0,0,0,0,4f1ba2343b4cbe477655c627d8ba563a05b6c0b9a3f11a1ec2d80a497d08ef47
6,43,2,C7:16ED,7,6,0,0,0,0,2b5ade97faf1dc91fa44b5764df3a29fd5eda57b5921befa43ce17be08aa6bfc
6,44,2,C7:16ED,8,7,0,0,0,0,14838d1108e352df723a86bb6f36d4b1b7bcfd0889254893a2676c5e4e97e9f5
6,45,2,C7:16ED,7,6,0,0,0,0,9e79462f026fd710fa3d00193fda99195b4891ab7f5abf77eeabffe97cb67efd
6,46,2,C7:16ED,7,6,0,0,0,0,483b082df9b94daeb07861f33faa90919d62e83351e0984a88b77a204f47c828
6,47,2,C7:16ED,7,6,0,0,0,0,4bf51a618cd471cdb06335d2f4803bd9610ee77154232817b23067c3773c13ff
6,48,2,C7:16ED,7,6,0,0,0,0,01fa0616a3dda1fd74e3ca35a15856f7d9a3f2e5e4225c8bce172b60c2386864
6,49,2,C7:16ED,7,6,0,0,0,0,77f12a3d384758b311902393727c09825c4b2d86eff4db5cdbdb7fe85411b4c4
6,50,2,C7:16ED,6,5,0,0,0,0,3178c20b4874ef61700d5b4b5e3c6cffa4b74f8fb3a053cfffd36bff9cc1ed12
6,51,2,C7:16ED,6,5,0,0,0,0,d0054d3c5cc0229d82d347eae80fd4de59a641157d07833b5ca906df8b0e7311
6,52,2,C7:16ED,7,6,0,0,0,0,45ca89402096151a9155bd241647c5229a5e991a186a6d242228f2d58b5fd61a
6,53,2,C7:16ED,3,2,0,0,0,0,8379b53c08ef6c38ec7d850f76a91d3d6810f600c7e27149cc861c9767b81dff
6,54,2,C7:16ED,5,4,0,0,0,0,5d0e8d814b4a11bf639b0ed2fc2665fed60f61ce4e667054285aaefc95d3cf38
6,55,2,C7:16ED,6,5,0,0,0,0,71bffb39fe45e24096d21ac9a803f5cddaee47c114ee1d0d8b65a504e56fe4b8
6,56,2,C7:16ED,7,6,0,0,0,0,36670bd37c5cbcca89818894157a81c060ded6e4d51fb1e1e73ef20840c10c8b
6,57,2,C7:16ED,4,3,0,0,0,0,d1feab0cfccae2540f6aedf75e9da71201e2d708f4b2e6fd02f9ae8ec5123b1b
6,58,2,C7:16ED,5,4,0,0,0,0,b5136fdbc78a061dd5a895fac4755194fc392f4a869d0d0f2f4005f5d2ef0af3
6,59,2,C7:16ED,6,5,0,0,0,0,86541386411a173563218e8d7525cc689cc73e2dcf0d5441cbe2cb0e6cb85210
6,60,2,C7:16ED,3,2,0,0,0,0,511a62cc7066e24e1f6ed70a9e828b6656282ef72d2d5e837dba26fc1800308d
6,61,2,C7:16ED,3,2,0,0,0,0,56021b1f085cb5e9dd6c0487a99b6cfed7e13a8f67399706ecf94802fc591b5b
6,62,2,C7:16ED,4,3,0,0,0,0,ebf2f85ad30ca1980aa729344f6fa4302cfa4f99de9fdd8dc6ec128d09a973cb
6,63,2,C7:16ED,4,3,0,0,0,0,0f98d5b15fd32418c8001dd368943a1a0153dea3469825111f813ed9c9cf8cba
6,64,2,C7:16ED,4,3,0,0,0,0,692ac90362c7b49ca37fabab60bb9fbb896a394400666a897dbd8149a045fffd
6,65,2,C7:16ED,5,4,0,0,0,0,58ee76d22d5ebcb00970abf5909df4f6b9c25c145344e2b8ec62845a0c7e11d7
6,66,2,C7:16ED,6,5,0,0,0,0,3c187bb5d9389b900141109d0271600d6f09b60b0ad8d5921d6e033e517052e4
6,67,2,C7:16ED,7,6,0,0,0,0,c217291f767eaed9c37a38bd3faf1c6afd69381e0d012a4c490338b9b317fb54
6,68,2,C7:16ED,7,6,0,0,0,0,5503d95c5eaff8c2b62fc704d3b0e67ea09d6cfa92ae54c319eb9cec3562a5c8
6,69,2,C7:16ED,3,2,0,0,0,0,858fe3e35f5f7cddc213744e02d331063e29a8aa7261e9ec4d8a3bbc48093b4f
6,70,2,C7:16ED,4,3,0,0,0,0,535152c2307f47884f77bdf0e4c9309d3b53bbcd671832266a133ec793f502a4
6,71,2,C7:16ED,6,5,0,0,0,0,1a8cbf3b2b95d64c46f5b80a19ab1690a5cd535b835771f17861d2155c713e0d
6,72,2,C7:16ED,7,6,0,0,0,0,69faed74ee086d1dabf03086dfa27e7b95b905587141efb5b75cce0792578f34
6,73,2,C7:16ED,7,6,0,0,0,0,69faed74ee086d1dabf03086dfa27e7b95b905587141efb5b75cce0792578f34
6,74,2,C7:16ED,7,6,0,0,0,0,16ea8fed9206371f696e41a9f9507f0f471f97e4c908b84f63df8367aa54fa25
6,75,2,C7:16ED,6,5,0,0,0,0,696761a3953f8dbf20f0f8b7294c0a051b25f1026037986ad337fbc3ff6deeb7
6,76,2,C7:16ED,3,2,0,0,0,0,ac8a974391143128a36997e4ee0ba113a791c0fc5d5797880b30558201bda528
6,77,2,C7:16ED,5,4,0,0,0,0,61553aa99f26435a4cded18b8d95bd6806c8e4fb4b1f6c4b48588005e776914e
6,78,2,C7:16ED,4,3,0,0,0,0,172a54e58b1f0bc69ef33d43e1e38805cba9ee8fbc7e2beb8f77c2a524464c06
6,79,2,C7:16ED,3,2,0,0,0,0,efbaeef773a83cf69a4700b37b4ea8420c00133c7dcf23a58be8a4a3b8f37c65
6,80,2,C7:16ED,5,4,0,0,0,0,193a8fa3e4ecce45b5f8a0120d753f3af8f84d189518f93ecd2002177a1b9e94
6,81,2,C7:16ED,5,4,0,0,0,0,a8962c8c56c9ef7c5779e3eb042216a05acb77f459211bcb42956c5b0954c96f
6,82,2,C7:16ED,4,3,0,0,0,0,94e81613892e03d87d261a02064f46ae0557bfe6cc9e6879c602945979486799
6,83,2,C7:16ED,6,5,0,0,0,0,a6fac7ce3122019e323dd96fef44c2f33142abbc4d1343eb43e6312f1ce0ad7b
6,84,2,C7:16ED,5,4,0,0,0,0,2ced2e7bc09880a648fc0cdf31b68004a04329e3d7d9038f5957ce81221c01ff
6,85,2,C7:16ED,5,4,0,0,0,0,bb70d526c4d818351c4bc48279c55f7ee15a2d097aa3d6ce27186c16b4481dd2
6,86,2,C7:16ED,7,6,0,0,0,0,0611b6a5440d8216ce161c893c9b37e5a4e4697cfb2cc7d204bc1ef2fdf47d8c
6,87,2,C7:16ED,4,3,0,0,0,0,9a550a5f304066c53741de5575481edffeff2c3654dac95fe29c0344e32a8d50
6,88,2,C7:16ED,6,5,0,0,0,0,1271ce7ce1c32de0b80db8fc5e7cc46513513fc3bb9a1261c72671cbc9b7043d
6,89,2,C7:16ED,4,3,0,0,0,0,1b88e6197733648cab41a6c8f4fb5a0c18e067b9412765ae87c3763362557915
6,90,2,C7:16ED,8,7,0,0,0,0,68b15ed8d286a74b2d313a9f444702e1158c376858539d7bd897680516bc07c7
6,91,2,C7:16ED,7,6,0,0,0,0,4a871dc41820df422300c88ee46be891735d210f5143ee0bd762861a82d58837
6,92,2,C7:16ED,6,5,0,0,0,0,db516cb04aaf7c5a56a6c1b12efd360545b787b9f37719147d909c61748677d8
6,93,2,C7:16ED,6,5,0,0,0,0,5e87036e49d2e958f17b06ff701610d1cbbf99483ed81c8a76c9b9f85bbf11ee
6,94,2,C7:16ED,6,5,0,0,0,0,62842bbc17bcb02c0f9456c6caeed3858b3ae722545eab2c91c3f451c2e26468
6,95,2,C7:16ED,7,6,0,0,0,0,201942692cf5c7f66fbe8c5f65ad236dc28cc9f320dfe78192e6ae72d6ede9cd
6,96,2,C7:16ED,7,6,0,0,0,0,d61d9f831fcdf348ad7f191ef41f338f592489f653872bacd3152b2dd7e640d6
6,97,2,C7:16ED,4,3,0,0,0,0,9de951de81c9727bcee454e0af70d900a23bdbf2309b593ab9a69af528d808b3
6,98,2,C7:16ED,7,6,0,0,0,0,391557e63eb0cf4e67d4b12700c7eb35a9952a318d0f71fd1ed8dbae73a89e3e
6,99,2,C7:16ED,6,5,0,0,0,0,b3464aa56d37998b3207d684247a68a02bf4abc0aa1d227e5719d46f04573e52
6,100,2,C7:16ED,4,3,0,0,0,0,39c41c3bd71a15d8ee1dd14e582b8bed11ea59fc62f7a80ac5a271490c1a99f1
6,101,2,C7:16ED,8,7,0,0,0,0,18cec2732f48ab85bd111fbf5c7c8cfeaad85fdb4c786c1b0d45b93427337f03
6,102,2,C7:16ED,6,5,0,0,0,0,7fa70e28803d7cca6384965638483f8da4c46aa992d50762cbcb8b197e8ab94b
6,103,2,C7:16ED,6,5,0,0,0,0,c7f0a429354142cabf5e0beac60b5649161bbf7b794c8ec2f0644b3d71ac9e10
6,104,2,C7:16ED,5,4,0,0,0,0,fe8953d1d36fcabc26b8f26853ef2992dfb5d1442b27efc20a568e24de20c689
6,105,2,C7:16ED,3,2,0,0,0,0,a9ab4bc053766ab387cf8f9956e314d52c331cb4a678047bbc195e3026936706
6,106,2,C7:16ED,5,4,0,0,0,0,282c498d09bea9b02e416bd2b740147189468f7929f183317a95a7b21954a67c
6,107,2,C7:16ED,5,4,0,0,0,0,9db2f555164a2edf057f4c4fdbd5458aaa1050fa60d34c2a2c2e5c73aad33e1b
6,108,2,C7:16ED,6,5,0,0,0,0,5821765b6c36747d9d51786fcfc2a747170106b6a0712901d1d85e1b37c83934
6,109,2,C7:16ED,6,5,0,0,0,0,69ef052385dc5aa8fc6fedc854963d224e4b06390a03f77dbba629fb41fa703b
6,110,2,C7:16ED,4,3,0,0,0,0,5cbf360df2bb01079b430034653fce6396b255e457b325b6923dd59a858f1571
6,111,2,C7:16ED,4,3,0,0,0,0,8033061f16162be4ef66af3fc6d8899e0e6ee2a5be701a46881ac3aba3985c6e
6,112,2,C7:16ED,6,5,0,0,0,0,b05b8bdcf78aa837e0622b9d5bf19a90134c9682cc87504544bf872eade7afbb
6,113,2,C7:16ED,7,6,0,0,0,0,33dc390e2fdfeec0e9b4282268530769a27dc18f36c0ab244868910de12c46a0
6,114,2,C7:16ED,5,4,0,0,0,0,c7af55d8f557962429b8051ff07eda3f36fb409a6db3e1ad9b5e3719846cb0d0
6,115,2,C7:16ED,6,5,0,0,0,0,a1c0e8676a456c32d1db716b1d1ed972bf4c1f222c5bc2f7df1cd713eff977a2
6,116,2,C7:16ED,7,6,0,0,0,0,ea281943a310e35a758feafb92ff0687e1ac8362f9230a0acaf7fce925b2c9fd
6,117,2,C7:16ED,7,6,0,0,0,0,6fadc2ed92b3aa9719663fcd8e168fb75a081dcbea2a5abbc6aad68ead9087a6
6,118,2,C7:16ED,5,4,0,0,0,0,c29ae3fb8d4be20201a03f820e33fcfbc23d172e12faaef2b988e02d44183681
6,119,2,C7:16ED,7,6,0,0,0,0,b703cd90989aa8b8295c01bb3db7b69aefeeb5f6cf52139f4407d39a50ec5b52
6,120,2,C7:16ED,5,4,0,0,0,0,97c12f487743b7e79a3e4aa15d0941cd19d1e109c795ee038b24bb2f42a6beb9
6,121,2,C7:16ED,7,6,0,0,0,0,14f30c0a0eaa1a376e14d6ad8ebf647ded5bd03fd066bc494836b95f9baa8df6
6,122,2,C7:16ED,6,5,0,0,0,0,dbd40578c2fee7ae1598fa1c24893fd38ab6ccf87e51fae6d18e4f4d613c499e
6,123,2,C7:16ED,5,4,0,0,0,0,2118561d9ae3cc798563241a7c957b396631720319a9e22036f9a048859e5364
6,124,2,C7:16ED,6,5,0,0,0,0,e72b72bb83f7a9ff169266c6421135abf11671b4e550a18b465e8f09c8b97ae7
6,125,2,C7:16ED,5,4,0,0,0,0,5a343b2093c73b0d0b4b0b21e3b77daa278cb064a26540ebd4b9dd7f5eb08a47
6,126,2,C7:16ED,9,8,0,0,0,0,880bfe228957e0b6a8ce7bfb0928f4f6b03815be8c69bbef7d3bfa2a7ec2d26f
6,127,2,C7:16ED,8,7,0,0,0,0,f4d2e69c6e7679d7cec9c358aeb3a6cfa0ec1663f0163dbb135910bbbc1c9c8d
6,128,2,C7:16ED,8,7,0,0,0,0,f137670f83d0308790d173c7f514a9421192140499903bc3ba16916b263e54ed
6,129,2,C7:16ED,8,7,0,0,0,0,0daa94221cf05ec439428b3220b8afc29e68dde70c766a01ff1cadd53030e50b
6,130,2,C7:16ED,3,2,0,0,0,0,dcb0f61f6239d2f45dffb65d3ab9d05482e41dbe070e8170fbb80809934e655f
6,131,2,C7:16ED,4,3,0,0,0,0,1ee655e08131b41aba9c7c500a0b84e0aa23028333c2d266eb036b6f5399d95f
6,132,2,C7:16ED,5,4,0,0,0,0,45341a18ba5be630e9b180aaf52432aa2498485f11ea34961bb5d0081d351395
6,133,2,C7:16ED,6,5,0,0,0,0,cd3f3bcb5b23fb3da91ad1e1a7cf15d41a569f93224b93e1b87f74fd189a378e
6,134,2,C7:16ED,6,5,0,0,0,0,ffac64305086b72cbfd9cd6811f9b02a16f80438ec0bd7d97fda520d3c191a85
6,135,2,C7:16ED,7,6,0,0,0,0,15d221780d2ee2d99dbe9a44bbdaa4e02f28c03e16cfd2d5f95c44b6da399e1d
6,136,2,C7:16ED,8,7,0,0,0,0,5daa1e7ff4a684eaa34fe6a8b5a96eb4be6cefcc290f6febabad1913109ff94e
6,137,2,C7:16ED,5,4,0,0,0,0,d0c99210cf99a2d5b70f0da0368164dae4858249beb503e4cad1ea556222430e
6,138,2,C7:16ED,3,2,0,0,0,0,0517d6c0c2dae825f9146e56347c6c546ab9e2f7c17c4ce538425142aca10990
6,139,2,C7:16ED,8,7,0,0,0,0,821448c541127a28f4f7bbd718b85814d7281bb4390f06a3b8ace4322ed9d2e2
6,140,2,C7:16ED,8,7,0,0,0,0,4de4b995f737d687402620f0be684718fa00c85f37c8278eabf70f7a0fccdc59
6,141,2,C7:16ED,8,7,0,0,0,0,7352b1c6d7d3c0f2d0f2e1bd8e457312bca1d39d75529b6adf60d6e2b517774f
6,142,2,C7:16ED,8,7,0,0,0,0,53ca7c6c2a230b54ff9b327e6205b86c4d0a6ad855f7d50c0f3cad549a60368b
6,143,2,C7:16ED,7,6,0,0,0,0,2115ce35798d9117a12317001cbe6d246b6c25cede4bae2f9bfedcd1544fbce1
6,144,2,C7:16ED,8,7,0,0,0,0,6bb875cceee900228efb12e52dacaed587ab98e4c3f9cceb1e19003abb3f274c
6,145,2,C7:16ED,7,6,0,0,0,0,d8c336366df15bcdcd7e4fb614cf8abf762998d9749e55b371f9db2009ca4a3b
6,146,2,C7:16ED,7,6,0,0,0,0,638eaf210c72d3588494cbd40c6e6e30dfb59afb3cb95cf9122526f2070ffeff
6,147,2,C7:16ED,8,7,0,0,0,0,b46819edbd0f14c9d34fd401105ab8563636bade9419df897228f07fda774062
6,148,2,C7:16ED,4,3,0,0,0,0,20e6961bb4dfa7309678fb91a2526c0a579becffe61d40b0c5bfb27a12d7f817
6,149,2,C7:16ED,8,7,0,0,0,0,8c77f456d84dbbe492fe2209d3eebcc54b0ea70a83766fb8f60927b0caf9ba4d
6,150,2,C7:16ED,5,4,0,0,0,0,49921d3e02e8958f421e6f33cdb34211e1a9c91e5348488a834bd386c481277a
6,151,2,C7:16ED,5,4,0,0,0,0,318a2c53876db9c0017e84619651d4d57fe379d15cf97befcf3606fa00167a02
6,152,2,C7:16ED,5,4,0,0,0,0,3516726397d7921ca6c6b79598762471c00cd3217f89e22ca81698d034110521
6,153,2,C7:16ED,7,6,0,0,0,0,1eaecf74b5e7020dc202e4781de1f702b05f2da37d299157d621eb77fe00f6d9
6,154,2,C7:16ED,6,5,0,0,0,0,ddcbe082701fd464f70da0b6cc81053d3919b22252cd19ab8f5bc7cca5e77b89
6,155,2,C7:16ED,6,5,0,0,0,0,3b8130f01ee332d1649618dd2d9a5a76bf34de1107b116af897976b7dbb238bb
6,156,2,C7:16ED,6,5,0,0,0,0,c0170e7ed532efdd00aac2fce45a1b2547ffc34c154097ac7b3b078e38f450f8
6,157,2,C7:16ED,9,8,0,0,0,0,cb60974b2930ca538be8e782a46c9b90c97db6192079436e3459df9766a56d8a
6,158,2,C7:16ED,6,5,0,0,0,0,1c3d09a424bd6f1b3659bd2ed1afafcf5c90b132d9aeb87f5f9f432f632ed4c2
6,159,2,C7:16ED,8,7,0,0,0,0,2cd6e2d08e769a3014f7a97257982b0975f2d1f25aa5eb5a7945afa8daf7d25d
6,160,2,C7:16ED,4,3,0,0,0,0,1839085c07c2b40b7c06736499bb9a86040fdee1af2df42799019f8c1202935f
6,161,2,C7:16ED,3,2,0,0,0,0,a6ceae006e132ffb7b39dfe2dc0330b96c8df8fc841a25da35b071ab02856575
6,162,2,C7:16ED,5,4,0,0,0,0,53af452143b85cddb427e2c64701dfb985e86df12fdb4c98268e1a277c38bd6e
6,163,2,C7:16ED,5,4,0,0,0,0,4d9f9c1c746310faf4c014107c9167eb70a7eaa8bb64a67219743990da01a498
6,164,2,C7:16ED,6,5,0,0,0,0,df165d59c900b3b29e1c4079434cc013a7b928c68967051ade47aba23d2ae6a7
6,165,2,C7:16ED,6,5,0,0,0,0,ac8d9fb499a82feeb123abe7130f7ecfaa34dea1bb2e255d6e48200490b19d0a
6,166,2,C7:16ED,6,5,0,0,0,0,3f97059f2d8a0cd70f988c134c94a664688d70222f86fb018eddfd1f682aec6b
6,167,2,C7:16ED,5,4,0,0,0,0,de329454fa15ef7a92ef098d55fd15e236c5fe9707d1fe6dcd2e0cd187826cbf
6,168,2,C7:16ED,5,4,0,0,0,0,e8b8242d78f13dd4c5f856365e08d551039456872e5229c14f264bd7638c30a8
6,169,2,C7:16ED,5,4,0,0,0,0,8de40e4530127b5dcc4d6a5a9707432e84211acad5a243c51d999d56ec29d427
6,170,2,C7:16ED,6,5,0,0,0,0,029e0ba2148d65bc2c81103cd6796ae8225048c4cd4e08f4808a2eea70d1c462
6,171,2,C7:16ED,4,3,0,0,0,0,66a53524f274a83ba15db976cd8cb3f1c127ba1856be6093c6dac2850b93996f
6,172,2,C7:16ED,6,5,0,0,0,0,b969f4ed430b086ac8435303e87a099bc9e421bd0a8bbaff8e358b6ceff6ce9a
6,173,2,C7:16ED,8,7,0,0,0,0,e8227cb8fdae230edcd6454548e789caa8e0798986503b96cf0154b6af585d23
6,174,2,C7:16ED,6,5,0,0,0,0,c15bb8b772b4a8373b66bcc3e684609b5805fa94035019166a2acc639cd3e0a6
6,175,2,C7:16ED,5,4,0,0,0,0,40e131814f6fd272e8e01f1ac1190d1791a33cf9455330a73c977ee4230b2cd0
6,176,2,C7:16ED,5,4,0,0,0,0,0ee250594f9e10c515839f997e9c5ab8c108e82f8e6984ed10d47e1bb1476f2b
6,177,2,C7:16ED,5,4,0,0,0,0,54cc15ac7960f8599d14f49b9b4851ed0c3118a405590450a8ed01e212dd0245
6,178,2,C7:16ED,4,3,0,0,0,0,520b61a9fb78bde94f5d9463039ec213b1dd862018122527948b07f750740e53
6,179,2,C7:16ED,4,3,0,0,0,0,2df2e7c37d5bd784c360b7db7bdf4f28536de77b7998a09df52f2edc9b792fc5
6,180,2,C7:16ED,3,2,0,0,0,0,b011fcf3cd969303acbc6f019b147beb3dfbdccc52787f66946bc56258d0a106
6,181,2,C7:16ED,5,4,0,0,0,0,a736e5191c752134d845e3afcb9c71620cced72ed4de5d48c9a47997a9729a19
6,182,2,C7:16ED,6,5,0,0,0,0,1e9a733b47b484d9ca73d5c6b75af6d3b1066029a485f0386da31503bcd8bac2
6,183,2,C7:16ED,8,7,0,0,0,0,6a7d63f5894a89e2ebd13e1a228a26e3eff1b96cae474d86b49486752a10a273
6,184,2,C7:16ED,5,4,0,0,0,0,1e5dbfef1fb0431210a7a0a0567ec7f931d5f00dcb3b671d6fc8adb9eb14a6d8
6,185,2,C7:16ED,5,4,0,0,0,0,4ffe0509c29548d046005e1d057842dd5bcaf61f3ffdedf85f121b74581ca723
6,186,2,C7:16ED,7,6,0,0,0,0,43685b526e88001933ef2dfaa7859eec9ec55bdd485ed29f505db9d156774d50
6,187,2,C7:16ED,6,5,0,0,0,0,3f37a48ff00bb4f8e226a97eec20f9c21e1a75199e0b14144982b6b693ec872a
6,188,2,C7:16ED,5,4,0,0,0,0,bd2bda2423187620a0629a13ea387e29151e0a1a9c5b08c9bea049f99fb9f624
6,189,2,C7:16ED,7,6,0,0,0,0,ea19cc7954d2ab60616dc8cc649d2c9ea8042ff24a913251470df5f551b9b61a
6,190,2,C7:16ED,4,3,0,0,0,0,fe08cb695298796b5d1c62ecc7926ba13cb2afb423d42549305bcea38768cb23
6,191,2,C7:16ED,8,7,0,0,0,0,3bee25ba83757fa52a3a5e815a225a45fb7f614e1ace285357a4d3a6bb407064
6,192,2,C7:16ED,6,5,0,0,0,0,cb758ee07ee254f15898b62a2223b93d1543d35555308dcdf47a25e5ff41f1c1
6,193,2,C7:16ED,9,8,0,0,0,0,43d57b07566ea78f8241e0091a0adeeb44acd699c54301cd407586c92b909c68
6,194,2,C7:16ED,8,7,0,0,0,0,87abd85f2b4575e55dd6b125c4dd57443b00bb681cd46e454ce08bc4bc306007
6,195,2,C7:16ED,4,3,0,0,0,0,ab16bc49cdae71e77bfa6900ac92ee53fea50ce6359b333dc812db1b9fb7ac27
6,196,2,C7:16ED,5,4,0,0,0,0,d90da6bcce4a95db04da091465237155afa727445785d73cb16a1aa6f3c132d4
6,197,2,C7:16ED,6,5,0,0,0,0,96647449e746c8dd59b29dc06b104b23b24a9d93a3b646cb06183afb81bf2a96
6,198,2,C7:16ED,6,5,0,0,0,0,550cf93419a16b11f5d30423ac110f4923b40164efe27b4ed2f889a7136c6934
6,199,2,C7:16ED,7,6,0,0,0,0,12ce9b607ec4e5bcb3862a72cbbdcd3e22e0cc5b77cd90cc62c085bd7d2a3af5
6,200,2,C7:16ED,7,6,0,0,0,0,c0296d01a7ae708fcb328cdab67b4db25c2e8f8ff96386e6038b7d534890fab6
6,201,2,C7:16ED,8,7,0,0,0,0,5cdf4a4e39b8a4f7d4703bdebf43ae45afc362c92a67adcf5f3c286354acecfc
6,202,2,C7:16ED,6,5,1,0,0,0,0155054a8864d94f504bbbd68a592a9fb988712b12493b3a15933a248feb24e9
6,203,2,C7:16ED,7,6,0,0,0,0,5b0bae63199555e7b9ed8ad7b77dd90dd8d36d06bf2daf34f6c85c2a4e843e08
6,204,2,C7:16ED,5,4,0,0,0,0,5965db3f93a73d2b7d2321f7d9957ff42001df344d53b602c189e6dd27c0048a
6,205,2,C7:16ED,5,4,0,0,0,0,41145c8f938b8981b675f89c10687f3d529f7a82e7cb6ae48b48f3192abaa1d1
6,206,2,C7:16ED,3,2,0,0,0,0,bed04b059b3ad9ca361754462a0950e1ff713f804dcde5b7661dbf21add8b942
6,207,2,C7:16ED,3,2,0,0,0,0,605a0b07ca78d9633770a973fbf5e2e3cfc4a250e931f5589a41c2a00fed0a17
6,208,2,C7:16ED,4,3,0,0,0,0,8c13c91eee21007e977e8c5b2254063158e73e84d327730dd40d66c6679f3ae0
6,209,2,C7:16ED,4,3,0,0,0,0,40c646678fde5315d9369096077e61cf2f13d0275a2134b1ff663e20e134653e
6,210,2,C7:16ED,8,7,0,0,0,0,e0f16abb15319365f9948ef170620941a6760fa6227495784b2a8fd340c70261
6,211,2,C7:16ED,5,4,0,0,0,0,799bf54985343867007acea1bb5e8417f35bc625568de7205850d1794af4e2f8
6,212,2,C7:16ED,4,3,0,0,0,0,137dc5ee95e156e45be1bcda5cfcc2b950233e4d8dd0c0bb9ecbfbda12ba98b0
6,213,2,C7:16ED,4,3,0,0,0,0,137dc5ee95e156e45be1bcda5cfcc2b950233e4d8dd0c0bb9ecbfbda12ba98b0
6,214,2,C7:16ED,4,3,0,0,0,0,137dc5ee95e156e45be1bcda5cfcc2b950233e4d8dd0c0bb9ecbfbda12ba98b0
6,215,2,C7:16ED,4,3,0,0,0,0,137dc5ee95e156e45be1bcda5cfcc2b950233e4d8dd0c0bb9ecbfbda12ba98b0
6,216,2,C7:16ED,6,5,0,0,0,0,8fd3b566d30981f18a4b94199cf0d3e2432ba92ca620606f50936caa146487e2
6,217,2,C7:16ED,6,5,0,0,0,0,aa499a8f00e3632f3e45fd8b8a1d52886681a815517afec8172f5013265bd9b7
6,218,2,C7:16ED,6,5,0,0,0,0,1ac4faffc23fc90ad92b800b9644dc1ca5efa74fe33b6d566e98bbcdbc85cf7b
6,219,2,C7:16ED,5,4,0,0,0,0,0772f0db60f89300e47a5f4586c303fdecd577b9b9ff2ed252a756757681035a
6,220,2,C7:16ED,5,4,0,0,0,0,de3f12be5ae1311119c69da110864e1d8fa4326d78c1cf4d00f9f739e2cf10fa
6,221,2,C7:16ED,4,3,0,0,0,0,3ea169177f88200b1cb891f75aa619157550fb1c43e47fbde39470a75a4703dc
6,222,2,C7:16ED,4,3,0,0,0,0,3ea169177f88200b1cb891f75aa619157550fb1c43e47fbde39470a75a4703dc
6,223,2,C7:16ED,6,5,0,0,0,0,a566a094fc79804137f9425b634d55c9b2fc98909003c3c3f48ed539f86a8c5d
6,224,2,C7:16ED,7,6,0,0,0,0,4893e02667c6a7ea69e30bc8a76f5b642a09c544897e08af766c678548ae1a42
6,225,2,C7:16ED,7,6,0,0,0,0,4893e02667c6a7ea69e30bc8a76f5b642a09c544897e08af766c678548ae1a42
6,226,2,C7:16ED,7,6,0,0,0,0,4893e02667c6a7ea69e30bc8a76f5b642a09c544897e08af766c678548ae1a42
6,227,2,C7:16ED,7,6,0,0,0,0,4893e02667c6a7ea69e30bc8a76f5b642a09c544897e08af766c678548ae1a42
6,228,2,C7:16ED,7,6,0,0,0,0,4893e02667c6a7ea69e30bc8a76f5b642a09c544897e08af766c678548ae1a42
6,229,2,C7:16ED,8,7,0,0,0,0,7021b37e44be4bb5cae87fde5492624864e04bd2fa46f5b5867a1954687f06bc
6,230,2,C7:16ED,3,2,1,0,0,0,f9d2e0dc948cd1ad6998e4c6b95d5cb4c8ab922d92ddf28f6dfed913a2aa98c3
6,231,2,C7:16ED,3,2,1,0,0,0,125e710f98c1d1009a1d5e99582c4948f1810f8d1c7d304dba05edee11d26024
6,232,2,C7:16ED,5,4,0,0,0,0,b90c2fd64a392e65e4f2c92dc0fce884569a238053c77f07898f4e015cfd5944
6,233,2,C7:16ED,5,4,0,0,0,0,da90453db9ffdededbd3b4d407e5dcb6963ea008306f4343f39da840e760e647
6,234,2,C7:16ED,5,4,0,0,0,0,da90453db9ffdededbd3b4d407e5dcb6963ea008306f4343f39da840e760e647
6,235,2,C7:16ED,5,4,0,0,0,0,da90453db9ffdededbd3b4d407e5dcb6963ea008306f4343f39da840e760e647
6,236,2,C7:16ED,5,4,0,0,0,0,3fb2ae17b5580cf59b1b1b89a84ce7de5faf532bfd1235a130afd6bdef906ac3
6,237,2,C7:16ED,5,4,0,0,0,0,3fb2ae17b5580cf59b1b1b89a84ce7de5faf532bfd1235a130afd6bdef906ac3
6,238,2,C7:16ED,4,3,0,0,0,0,82ab32d31049ce0f449bf39b740d0f057feea412d21f70a41358c2b0a5b27eb6
6,239,2,C7:16ED,5,4,2,0,0,0,ca0a7d7c474421cef013488081bce82babc2a92cb06fe072244d0c0cdbd3789b
6,240,2,C7:16ED,7,6,1,0,0,0,448d4730269dd9daaa0aa7b740b276715a93ea6a5d68499d0cc636214cf622ae
6,241,2,C7:16ED,7,6,1,0,0,0,448d4730269dd9daaa0aa7b740b276715a93ea6a5d68499d0cc636214cf622ae
6,242,2,C7:16ED,6,5,1,0,0,0,42e6dd8acc8cf6d4b936c2def05698feb77b19bfd65c63a0bab8838a0d0e2784
6,243,2,C7:16ED,6,5,1,0,0,0,42e6dd8acc8cf6d4b936c2def05698feb77b19bfd65c63a0bab8838a0d0e2784
6,244,2,C7:16ED,7,6,1,0,0,0,e82fa959e0f0ce27c637a59ea6a63d6de421ff0ac6d69208815bc9efd1dc6234
6,245,2,C7:16ED,7,6,1,0,0,0,e82fa959e0f0ce27c637a59ea6a63d6de421ff0ac6d69208815bc9efd1dc6234
6,246,2,C7:16ED,7,6,1,0,0,0,9c84c3e62a862e0ddf37e68a1fd0f83c3bf419477deafe9bfd092d6fe3c7be3d
6,247,2,C7:16ED,5,4,0,0,0,0,6217fe4c5b876d86d1182ea00ca09b2ff342cdf412e02e1c0ae202f967d10969
7,0,0,C7:1B89,1,0,0,0,0,0,6e340b9cffb37a989ca544e6bb780a2c78901d3fb33738768511a30617afa01d
7,1,0,C7:1B89,7,6,0,0,0,0,df149b71a18917f2eec223d12ef2d7729a008182ff9d741a995a30869f7e8f8c
7,2,0,C7:1B89,8,7,0,0,0,2,c41ce5a3b6e82a886047aa8f63ba8307766c5296ce74e249c2ed4f0d76d92510
7,3,0,C7:1B89,3,2,1,0,0,0,f21b6d54e47efdcd12c2f6e4bce0914b76f8d708657aa58eec5501faade2e6f2
7,4,0,C7:1B89,6,5,0,0,0,0,e0123c85c407fca422583d86863a9b4a55f70d635bcb768398b93cc7b70ccdb5
7,5,0,C7:1B89,8,7,1,0,0,2,2265426da5b53cd90c35ac0a4b546ab68b93d2b13be7f41eceb518414a33db19
7,6,0,C7:1B89,8,7,0,3,0,0,c46c4e09cc91f8f2b0f546f79cdceecf65a6414797849c70fd29998eea37056c
7,7,0,C7:1B89,8,7,0,2,0,0,64152ba83797c276877371f5fde07cffdf667c0a96caa2914c0c53abe4cf0df5
7,8,0,C7:1B89,9,8,0,2,0,0,0aa9cc812e9c6894038c8ef400d9e595b8e21da9c86576784c25eda40a1e3bdb
7,9,0,C7:1B89,8,7,0,3,0,0,7172351e323b25057e091d8e707eb2b1b6cdde81ad54bd980119c1f8ad9c7279
7,10,0,C7:1B89,10,9,0,2,0,0,3f93a9194baf4b196ef2f3ad483ee2acbf69876034a730db6041e2eb8d9f3afa
7,11,0,C7:1B89,8,7,0,1,0,2,f96732f20dd99e70ebfe48f4196d9d29685019e1f430af06114602b217c49514
7,12,0,C7:1B89,5,4,0,2,0,0,4a05bb4489fff867bc9325ae7009a04abc920ed1b647de221ac705226464397a
7,13,0,C7:1B89,7,6,0,0,0,2,8dd19aa4c987923d8c3e1fb782d358f15280306f19123a84e027312d4d709cb4
7,14,0,C7:1B89,5,4,0,0,0,0,88e1a4a2986818603853bed56f0b3a19347251544cbc62d652ee3fe93e2711e3
7,15,0,C7:1B89,7,6,0,2,0,0,039856d388dcc221448cd9d5b0c5b766916affe794551a2827ab654f19eadfc1
7,16,0,C7:1B89,10,9,0,4,0,0,bc80870bc59062ec754bb0aa330f3ebde619831ca811fa30a4403b89f36c7923
7,17,0,C7:1B89,8,7,0,3,0,0,d709f1b3c5d21927952631a3217a2da5769f20403b665e7d25cb4381d28d2f25
7,18,0,C7:1B89,10,9,0,4,0,0,cb346a4bf2c1872268ef2223f21f1f1a28224ad928368572f18b3cf73873d738
7,19,0,C7:1B89,7,6,0,3,0,0,4722bd523db37a5e7dbfd9d3530fe7ad0eff8353942f3a0cf9df1bb4f4d33179
7,20,0,C7:1B89,8,7,0,3,0,0,843f9bc1a433848087c6cf5b6e652c003141568ece27c349d380755a23df60e0
7,21,0,C7:1B89,6,5,0,2,0,0,eac696967e3312d713c18be7385741aa9172986d8a0d28a1e25fd54ac682c2ba
7,22,0,C7:1B89,8,7,0,1,0,2,8b59bd776d4c0e2fc9954dbccac19c06705a8c18dc448bc0658ce8a0b897a20f
7,23,0,C7:1B89,7,6,0,2,0,0,377b4c128042007a1ce10a4a2fc2b51e77b2b934c50101e144f02745619076c7
7,24,0,C7:1B89,7,6,0,3,0,0,0ac438404c17898a0e84a5ec3d5f454a7cbdc2fcde72d05a7837251301cb65db
7,25,0,C7:1B89,7,6,0,3,0,0,90528e2ce731f3732912d60fdba2ebe74fe8420d5944bcd27ac85049e1f80628
7,26,0,C7:1B89,7,6,0,3,0,0,c66897a6a67ceee0e6891aa1713368484c3378a8473c1fb34ba87f897e28cf41
7,27,0,C7:1B89,7,6,0,0,0,2,be59c96112bb90ba583fac80fa270f94d5a5c1693afb2a17af67373ac5a678a7
7,28,0,C7:1B89,6,5,0,0,0,2,35176228e893c1f61449052509fc234a8205f61682de837184d4937e27baf7c5
7,29,0,C7:1B89,5,4,0,0,0,2,f5474a39b28295e034cf9ceb7acf34345d846909c07405d7369b64a94306fffc
7,30,0,C7:1B89,6,5,0,0,0,2,d4d518556eb3fa0a44cf1bfed74910dfd4774c0c58f1eac235e5161c3fd6d314
7,31,0,C7:1B89,6,5,0,0,0,2,983081f79ad2bd2a381e130c044686e837c9d77b2876adb404df6f2594aaec3d
7,32,0,C7:1B89,5,4,0,0,0,2,19ce38ea3edc712f81b8ddbd8d65d54029e28aa6c444c439dcbca5592565fb6e
7,33,0,C7:1B89,10,9,0,0,0,2,e779b2e29d370076a27e96dfab575bfd9f309af9616692cfb724ee8eb2e4e74c
7,34,0,C7:1B89,9,8,0,0,0,2,61e5e05ef144d96708cb228376c9771cedfba1bad2a1ab62bd5efc68fa15c1f1
7,35,0,C7:1B89,10,9,0,0,0,2,43566d4fbd6185706eb5e90dfc3acbcccc4e2a6607ff20f03af9e5da7a8ea425
7,36,0,C7:1B89,10,9,0,0,0,2,e1e76a6c39c139b5cfae83c7f7c7c661bf57f30fbb4e0a965c3db22af35df8f8
7,37,0,C7:1B89,9,8,0,0,0,2,4c44e8c4e7a8f02510042c4231a00ce96bd869fd1d6da9157fd5b7f551d17f45
7,38,0,C7:1B89,9,8,0,1,0,0,e1f2a59d2726d9aaa7d1ca271316522655efcc97b99efffb137388989d5fb9fd
7,39,0,C7:1B89,7,6,0,1,0,2,4a7e5ae584ef3d2200f94bd987eac1234f121c6ea18e866f3ae589b845363ba2
7,40,0,C7:1B89,11,10,0,5,0,0,820514abfe177f7c56f43b4fd74465ed931ac5d24b9ccf15e33ff505f0853bf2
7,41,0,C7:1B89,6,5,0,0,0,0,31f984247a7d15c411bec0b204f7ae60283386ffd7cb70fd6824b2a8dc40e4e5
7,42,0,C7:1B89,8,7,0,1,0,0,2b8628c31b07a67a1728679a0312643b49927f063b32d02a3f69bf574a259e3c
7,43,0,C7:1B89,10,9,0,3,0,0,5628a34245ad1b2eb71d0ccc2beb921244d6b8b32cff676c75be1130bcbfbf36
7,44,0,C7:1B89,10,9,0,1,0,2,9649d72b68c6ccf96f6bb9000d7d78a4e3793dbd35034d56c850325dd2a9c86c
7,45,0,C7:1B89,8,7,0,2,0,0,b96829be0c907f2b97b4a4ba3aa471f45aa24d01fa56f37b80d35514984f7cba
7,46,0,C7:1B89,6,5,0,2,0,0,e7359669fb6b4d8800cbddcb6a6eadac86529b2ad89912ef37ba88e6b1fa9d3f
7,47,0,C7:1B89,8,7,0,1,0,0,26f10c10c1a916e61c7f5c25e389cf84633fc832df835db0d7572fe3a93368d9
7,48,0,C7:1B89,11,10,0,1,0,2,fe4e393da6d678815a34d0149dc791d69794a62700290f5cedf9ca66f169b89e
7,49,0,C7:1B89,8,7,0,3,0,0,a8fbd252e289a8d2e9dc54005d6386d8db5b995fc4f4e4f224a4397da483088b
7,50,0,C7:1B89,4,3,0,0,0,0,6c4bfeb6f263472232634ad1f9e45fab709772b66578129d730a0d212dad7f2c
7,51,0,C7:1B89,8,7,0,3,0,0,d74e2bc333a907e5a3d314ccee3b79a1f8bc1ef239225cb61e848bca0c9bce84
7,52,0,C7:1B89,7,6,0,1,0,0,3958234a0c38e3285c3b8f74aa44bc70ccd80f1110f4f8f13c3f73d363d03617
7,53,0,C7:1B89,6,5,0,0,0,0,fef3db154489c2a3a238af181b6a180a3399cb7e4710d186770fd89b157a43a6
7,54,0,C7:1B89,6,5,0,2,0,0,74ffd6ce4369860e9c052ee7013f6e604e708fae70865c8e276fc8ea85d2ae00
7,55,0,C7:1B89,7,6,0,1,0,0,3cad50ba90e12340902f2ff705d2fd117bf7a027c6d523f6dfbf1005a46d849f
7,56,0,C7:1B89,6,5,0,1,0,0,df8a93ac0f10f8fce51320e140c1047750ae5946053ac8359077cac27c1b83e2
7,57,0,C7:1B89,7,6,0,2,0,0,1e64ef49cfc2928336cf09c12ef68d1b9ea0824dabb2160c88b368d9cdad4f71
7,58,0,C7:1B89,8,7,0,1,0,0,bac9f49ee26bf6ce113d2d1d5fc35d4542b31cda827767f49dfb2b4831170b79
7,59,0,C7:1B89,10,9,0,0,0,2,bb88531c814872c6b125ec1253486232497b9f94e95e49da1a43c89c7e2428c7
7,60,0,C7:1B89,7,6,0,1,0,2,be1683e39f631466f813822abb127f009740379f90c3c93dcb814c74af532a31
7,61,0,C7:1B89,9,8,0,0,0,2,32f361b8c07826ff2b499825d115cab3bb08f744abe02087229210562399394b
7,62,0,C7:1B89,5,4,0,0,0,0,313faf97a41a75a086279b9267fca6381865a18954d92211c5925a2307f6c614
7,63,0,C7:1B89,10,9,0,2,0,0,64d07e262f0e60793ba2e32467f14650594a9aff0e584fdee5c0bb5cb3186133
7,64,0,C7:1B89,8,7,0,1,0,2,cb3cc10279be78682b487bb070eb23d617117a7c829decb86c6a3a6124d20eb1
7,65,0,C7:1B89,7,6,0,1,0,0,025ad6a1846964f52b2acbc7eaa6618c2b8456c5c054e2fe4420b12accba2357
7,66,0,C7:1B89,9,8,0,1,0,0,201d19ff21e6a5412df138c36dc966107be66eded74e98bd405d68c7dd73a5b9
7,67,0,C7:1B89,8,7,0,3,0,0,b12f1f24f1cfa8cd52ee079bb1341ff64e522be93a1223260a20d632b0e373f7
7,68,0,C7:1B89,8,7,0,3,0,0,00210ae1ea608654213738f91f1f2a7f1d90f58ecf797127d509994117243d6f
7,69,0,C7:1B89,12,11,0,4,0,0,5b34e1e2407b40aaddb4a963ce753decb72738a8acee583f51a26da27f9926d7
7,70,0,C7:1B89,12,11,0,4,0,0,8becd374f076135763521028d8372a39e3dfafca33a1f88ef4bc2e7410227a50
7,71,0,C7:1B89,9,8,0,3,0,0,bc46eed4bfeb48ce8f74661b12aceffb82031ced21e723c77dd2269ce3efd080
7,72,0,C7:1B89,11,10,0,4,0,0,78ffdab60b15ac4b5c4dfb512cc1c11a7e289fbac2be4c4eb763acd29fe07f01
7,73,0,C7:1B89,7,6,0,2,0,0,394610185f7ea05c9ec963a87a72e3e42ea23439100244cf104fdbe0304bcbcc
7,74,0,C7:1B89,9,8,0,3,0,0,1fce850d0f11e000865e35ae3c65c0b608e2476d0b2b173c6fa53686e5072f27
7,75,0,C7:1B89,8,7,0,3,0,0,bd33704b9f01b03f69101b845ee6ed8558a9605bb91adbf30ab1c96309d3bbf2
7,76,0,C7:1B89,10,9,0,4,0,0,f8be766547570be9358a5131dfd71b66f26771e16906ae20efeb3ead5ed541c2
7,77,0,C7:1B89,9,8,0,3,0,0,207d37b56df4a689d339bc1dd5121d4473d7a78e30014ae44d69c7276b20dfc6
7,78,0,C7:1B89,10,9,0,4,0,0,2187addab49ac447e43774e9d3d65481d1fd72eac47c8058167704eff9a4ab47
7,79,0,C7:1B89,3,2,0,0,0,0,75fab30de1d7f6208b66a70883ad1720af0bca131b9dcfcc53d2168006b41497
7,80,0,C7:1B89,14,13,0,6,0,0,71ff6e4e6a3829d6f1b1f2b556e7c4fc49eefc7bce09f9154014b624ec71d27a
7,81,0,C7:1B89,14,13,0,6,0,0,8e48c44169ee4d625cb2d36b7e1869e6f4c6338bffdcf149a9342818e527ab70
7,82,0,C7:1B89,8,7,0,3,0,0,7e02e71a2ce153236a9d9209553d05ee965909780479813918d9c99a555102aa
7,83,0,C7:1B89,6,5,0,2,0,0,ea0e208a3c51403da317648a30094893cb56c91cfede7b2ddbb5502f71422592
7,84,0,C7:1B89,7,6,0,1,0,0,9fcd9e09fe0884c93e24487b96edbc34691991b470d59a45d464dc8be8d63b14
7,85,0,C7:1B89,1,0,0,0,0,0,6e340b9cffb37a989ca544e6bb780a2c78901d3fb33738768511a30617afa01d
7,86,0,C7:1B89,14,13,0,6,0,0,1ff9e044405427b38c5fd9923419f8b00481071c523dc099ab5bc3e6978f8919
7,87,0,C7:1B89,14,13,0,6,0,0,789a053060b7d4f000d0d13068ed2f6fd9109a7eb5c02c2c0ec2858bf23b0e78
7,88,0,C7:1B89,14,13,0,6,0,0,26a3834f20f8277dcb6c2796dd4055836191abf40f8846c0853b5b2d976b7c31
7,89,0,C7:1B89,3,2,0,1,0,0,5bc8f1a9f2e2e47cad57fe81627a0f2c02319475ebf54d4d5a05f55e346d0e41
7,90,0,C7:1B89,5,4,0,2,0,0,7a1437a05f4d928631b97ebadea99b0460c61feb29c0a2ea0149a648fc2cba74
7,91,0,C7:1B89,7,6,0,3,0,0,259ce7c9456db81b442f84eed46e4a4df55da98917615f91d2839cc52f41355b
7,92,0,C7:1B89,10,9,0,4,0,0,30a5e85feddaf95e2665dba0ff62b3cef9f6cab8eb2c40ab273a5225120df2fe
7,93,0,C7:1B89,8,7,0,3,0,0,7a143ce87c133e4f5f9c1909bd26901bab7b7a93445f35a7f42a748b1ffe722c
7,94,0,C7:1B89,8,7,0,3,0,0,a032d3f8db4a439f71c3915a9c695f86f27421a9bad08614d63e594fc3be8d7e
7,95,0,C7:1B89,9,8,0,2,0,0,36638b5e684286286d8e7151b8deca571e8c84d4ced11d43d647158a65b107f9
7,96,0,C7:1B89,9,8,0,3,0,0,958e34f47871e69b257a5eb38d3334609af23d6c58e59bc1f57cc96c71430d0e
7,97,0,C7:1B89,9,8,0,3,0,0,494a706f09db63e5cc79d9b28e4ca439638abb3c74bb09ed27a22be6cda878af
7,98,0,C7:1B89,10,9,0,4,0,0,2777bffff3aa65006dd93680f1565eb0dadb67c4d978fd2e05c174478a2ccccc
7,99,0,C7:1B89,8,7,0,1,0,0,4342d0f8f001b2fc7354e12da7827e9e2d66e28c5cfe0e9e5cb6d4c3555fee84
7,100,0,C7:1B89,5,4,0,2,0,0,3afa28b70bddf63d7251d6b1b814b9b760c231ac2e7a57ea8bf03ffbac3fe87e
7,101,0,C7:1B89,15,14,0,4,0,2,22b6e74efa6558f8ce90c28220b3c35fa98815343cb49fb6bf4deaadd1f8c544
7,102,0,C7:1B89,15,14,0,4,0,2,2d0a3efcb1039d2c83c8646b6f3b99f3a042f64da3016ffe7e734b137f48a942
7,103,0,C7:1B89,15,14,0,4,0,2,91bc071311566cc56b9d93ad55d20f806adb71b83b655fe5ba73f6563d214b6b
7,104,0,C7:1B89,5,4,0,0,0,0,1b3d887a55300b98255b4c5c786e9229a198bcddd0e8b1ea11364896149b1824
7,105,0,C7:1B89,12,11,0,1,0,2,6c7c711ef4b0789a22cc872f099173f2c6a27962e2c49115c3fb5b0d85a78808
7,106,0,C7:1B89,9,8,0,2,0,0,bf493775ed2c74af87f8792ef5bd1507ab22b3c12aef3861a8288d4414824514
7,107,0,C7:1B89,7,6,0,3,0,0,a72055644dcd9bdc32d2da6ecec3eb56b67cc65b134bad232a0db7a81cdf96f8
7,108,0,C7:1B89,7,6,0,2,0,0,68757e2c74f937cf463aa6c5f059714f3789e07b654b9a006174caa2f66aa611
7,109,0,C7:1B89,8,7,0,3,0,0,a751a6e9697d9ce59e4c93cae07812447a6ba3d43b16b1cef34a0dc9fc2f5990
7,110,0,C7:1B89,7,6,0,1,0,0,76dc353cf20059d0e5932081a9705b758894c85c7b070159f4eb8d1a3dbdb774
7,111,0,C7:1B89,10,9,0,1,0,2,cfbb3f8db3db5c3c7c69110869f655e5a36f32e50ede6282a140110792422b45
7,112,0,C7:1B89,7,6,0,3,0,0,18193be9dd95df4f5530b3319b243cdc776e950a7f402ee1579eab613a5a39d3
7,113,0,C7:1B89,10,9,0,2,0,0,90f44ae8dd42f085d795cd5c7e838bafff66a8457ad6eb07e0dc707b8b55cb8b
7,114,0,C7:1B89,7,6,0,3,0,0,3db7daf43ceec155d0d578b05d05b62a071cd3a1177e8e520f4b2b5f7eb2cc3a
7,115,0,C7:1B89,1,0,0,0,0,0,6e340b9cffb37a989ca544e6bb780a2c78901d3fb33738768511a30617afa01d
7,116,0,C7:1B89,1,0,0,0,0,0,6e340b9cffb37a989ca544e6bb780a2c78901d3fb33738768511a30617afa01d
7,117,0,C7:1B89,8,7,0,1,0,0,06c9e194bca3e10f9cb992c4e5609fd28b2a78b56fb3ad04543876f3e56e8ff1
7,118,0,C7:1B89,8,7,0,1,0,0,90f156d2ab8906151ce92ef82fff4a0b68ac9c21553e5fdc53c0a3879af66c02
7,119,0,C7:1B89,7,6,0,2,0,0,52a9f03c72aeaf9354503adbd7daae0574715c73bf41262d594d199abd96b22a
7,120,0,C7:1B89,9,8,0,1,0,2,88643b3b760384371c1b06d7cb3c422308adbf19e058436e89512adfffa96b90
7,121,0,C7:1B89,5,4,0,2,0,0,7845fc9df31a1b753696da20217a0e3405a45e00a009f42ca5cc8ee0d3791563
7,122,0,C7:1B89,3,2,0,1,0,0,de32b140c44e996c1c6fb80c7535fea85b5c54df8421f903ad53ec58a1e8e0c0
7,123,0,C7:1B89,5,4,0,0,0,0,4419f50ca8c17e468f78de768f43d0df7b677966807c443f440c426d6a7bf24f
7,124,0,C7:1B89,10,9,0,2,0,0,c49ca10b06a2a155f787a3f935a1448e99f77139ab82c537359e12bb049b35f6
7,125,0,C7:1B89,13,12,0,4,0,0,d11072e16f40d3929068e09474477358cb2cfd762b0064a0e722f6f9a612ec80
7,126,0,C7:1B89,13,12,0,4,0,0,005590d7903f224ac8d60d243064818ab4665fcef723de08fa8e5700d80a2653
7,127,0,C7:1B89,13,12,0,4,0,0,eedb67e65315b62c6899120dee9f16b96f0069621efcb5d984c846f8f67c0b43
7,128,0,C7:1B89,13,12,0,4,0,0,2519e7c7bcf7ea53f270b51710f0b4165fca30dc0eaf6da715acec093d0f36e4
7,129,0,C7:1B89,13,12,0,4,0,0,b99c025b0d5dfd1b4e3495f6c1a031c0f75871ff8f3f5c797861463c5ffd2bc4
7,130,0,C7:1B89,13,12,0,4,0,0,fa430056bd42c25e00903b5d071035bf21270d9ab60f8830ad9f6af41746454b
7,131,0,C7:1B89,6,5,0,0,0,0,40fbfcb788f95aca3de996f020077d50a8c8839beeb16ca678060b957445f7e2
7,132,0,C7:1B89,6,5,0,2,0,0,771b38ae5e42a958792999758c9908647a2efa4cb038f72d6359c0027271ec5a
7,133,0,C7:1B89,5,4,0,0,0,0,114589cf35b45f01d039276fb9573975d2e2d13fbe9d1a5f6423efc90e37a2cf
7,134,0,C7:1B89,11,10,0,2,0,0,5a36d409ed8822f584d1171d72f9408d4d58a4c97858a14a17cfc9afa4a71224
7,135,0,C7:1B89,8,7,0,1,0,0,ee0ca7a837c3c67df22608e4f01ead56d41b00dda394076b20a53a3703cc2e3d
7,136,0,C7:1B89,7,6,0,1,0,0,8586059eea3b01cbdfc42b1d784f13f7db2c9732ae25c8b05119c87937d8a6ec
7,137,0,C7:1B89,5,4,0,0,0,0,ea7183435b6546d50154be170570572c465db9b8b5fbb17abb5458e9a3aa9a3f
7,138,0,C7:1B89,10,9,0,0,0,2,6e43bf65c7a5266229721059fc1239dd64d0dc2763ef5e65f46e9899c46fe93b
7,139,0,C7:1B89,10,9,0,2,0,2,29995a63e0404bec5a2dd02fa5a4d5e39c2ddd916da81f7c3f06a6258e66239f
7,140,0,C7:1B89,8,7,0,3,0,0,b169ad78bfcaab4b7278aaa707801f6608879d3588700566a16c628031f5653e
7,141,0,C7:1B89,10,9,0,1,0,2,ea79f514516870b30b4d961696796effda16a957cf166b6954fc8e2781431d00
7,142,0,C7:1B89,7,6,0,3,0,0,739a00e9579ccd0f28854e40895c2d290c08200c3ee8453f543bb1d85936822a
7,143,0,C7:1B89,12,11,0,4,0,0,cc29ab38ad2c17f7da33f3ea9d519b19a7857848cc071667c6009daa02700735
7,144,0,C7:1B89,10,9,0,2,0,0,b49e7672442e6de7e74310e999dfb0b62a23777697967a242430b74ec29c312f
7,145,0,C7:1B89,1,0,0,0,0,0,6e340b9cffb37a989ca544e6bb780a2c78901d3fb33738768511a30617afa01d
7,146,0,C7:1B89,1,0,0,0,0,0,6e340b9cffb37a989ca544e6bb780a2c78901d3fb33738768511a30617afa01d
7,147,0,C7:1B89,9,8,0,2,0,0,9c4016446b39c666d084fc77f94aa0b60f7c8b4935cdc315d1939e1e078a5094
7,148,0,C7:1B89,8,7,0,3,0,0,2dc45ffc794464680012e2994f27f409635818b21735be71cfaaab230166c364
7,149,0,C7:1B89,8,7,0,2,0,0,04e46ec3c18ceebb338fa0a2d8dbdc2d75f93deddc5e71a603f75a66f42bedf5
7,150,0,C7:1B89,14,13,0,6,0,0,806217c88dca197d86907aa2afcff23cb6935afa7d22c5fa66d0c31adc3349f3
7,151,0,C7:1B89,6,5,0,2,0,0,e62fa5935e90a07051deecd14e95611ef1c5ff58ea69a484b9d8d060b553d607
7,152,0,C7:1B89,1,0,0,0,0,0,6e340b9cffb37a989ca544e6bb780a2c78901d3fb33738768511a30617afa01d
7,153,0,C7:1B89,9,8,0,1,0,2,bbea40de1154c55daf393929fe6d40da4bbe3ead6e81fd7f269a49acb50c2cb6
7,154,0,C7:1B89,8,7,0,3,0,0,7df5d8d514b0947bdd0d944ebd43a445791dcc4ef38ff580ee0140d13f629994
7,155,0,C7:1B89,8,7,0,3,0,0,db95a61282c540a2bf1c76b8726beafd2d3447c56027db2bb5280e8b957eaf29
7,156,0,C7:1B89,8,7,0,3,0,0,4bb30fb7908d078e6e0d892e47b652e3328ad04d5afbfedebd220990d3cc3776
7,157,0,C7:1B89,10,9,0,4,0,0,8b57f2fe71f00e5571265c3957013d8c1efc2937e17451af360b7042130bb52b
7,158,0,C7:1B89,12,11,0,5,0,0,542646331da860e075e6ddad1e92378cef6c8ec0cff5b72b8cfdd99e4def5139
7,159,0,C7:1B89,10,9,0,4,0,0,e8d22fa1797d83ebdc966702ebdddbd4dcc27b26ce8b3dc6a9af0a177022ca4f
7,160,0,C7:1B89,10,9,0,4,0,0,07960a219a2d7c7a7b05e1b1a872ca01aaccd3f43c4d83fda562fd4a77b03807
7,161,0,C7:1B89,10,9,0,4,0,0,7af302b22b7bff4a6cc3eb93528688b713c08d0f590088444d791631d9490252
7,162,0,C7:1B89,10,9,0,4,0,0,e9410a338bf08b269ca8ceef1b2d3c57adce875f6e6d77580d3414c657d7a133
7,163,0,C7:1B89,12,11,0,5,0,0,d82819b5e85eedc22984544433a0e50c0a2415006b2840baf308f817985d59b3
7,164,0,C7:1B89,10,9,0,4,0,0,aff3a56490255aa95182f41ee593ac8716bd5ff8e0721652ceb584735e88d195
8,0,0,C7:20D0,1,0,0,0,0,0,6e340b9cffb37a989ca544e6bb780a2c78901d3fb33738768511a30617afa01d
8,1,0,C7:20D0,5,4,0,2,0,0,9032d032aa9e23f863f9248f9079835d749ada0057900c33d34d83ac0e1c4bb6
8,2,0,C7:20D0,3,2,0,1,0,0,75920e8fe362b758d48d01ea3ea2568242214c54ed42303267d33a7c1800544f
8,3,0,C7:20D0,12,11,0,4,0,0,5d9c2661a02a60b90a641fa2c76c0c84786263b3ae67bae7883f03d0efb0ee7b
8,4,0,C7:20D0,9,8,0,3,0,0,7f18ecd8fbe220857efae5221f985a28cd7dab0ba549add2a4bb7da4236c72f9
8,5,0,C7:20D0,9,8,0,3,0,0,54eb9b6bb535170cf3dab0f245122c0c0a14fb9fc9d47d7f23bdc3f44f399b86
8,6,0,C7:20D0,9,8,0,3,0,0,f3e7ac0dc9f6b941c7f74d5f55e933f5d62cc3b65220f4ca5a40900b1cf7ef53
8,7,0,C7:20D0,9,8,0,3,0,0,d1aa786a614f4262fa24e704a1c4a24c3422bdfa611bbf871d2394e1082b5a86
8,8,0,C7:20D0,9,8,0,3,0,0,eec3f63f0924d3c11b96789015677d286a3fbab80bf6980a89432fb3b1a8599a
8,9,0,C7:20D0,9,8,0,3,0,0,bc637e50d6434079ee58408d7c1994d0273c624458d7ca36b92bf9d1be6a63c9
8,10,0,C7:20D0,8,7,0,3,0,0,9f6da1191d2f5a93e50eab386937d5626e54e6abb3386873dd0514ed9ce6cbfe
8,11,0,C7:20D0,10,9,0,4,0,0,8d7b9c01d9ddf6faf48d5a541c0bbdd36f23c0abec34bf7ea9888d61dcb21169
8,12,0,C7:20D0,10,9,0,4,0,0,22d7e549b514ef48785f019bd553d1f7902d8fac83fe3efb7d90d6128e7e2929
8,13,0,C7:20D0,8,7,0,3,0,0,093581581fe954985b96ff1f27c5a75b7351e9523ce62a8c59fc98cb228c52db
8,14,0,C7:20D0,8,7,0,3,0,0,093581581fe954985b96ff1f27c5a75b7351e9523ce62a8c59fc98cb228c52db
8,15,0,C7:20D0,8,7,0,3,0,0,093581581fe954985b96ff1f27c5a75b7351e9523ce62a8c59fc98cb228c52db
8,16,0,C7:20D0,8,7,0,3,0,0,440b488374830412cdb4d190a7ed9a969aa0db1cc3c3917f776b782644159386
8,17,0,C7:20D0,8,7,0,3,0,0,94649dda0e836549f6c50b6c42da80b1465dda00cabe93e656337a73ef4cec2f
8,18,0,C7:20D0,8,7,0,3,0,0,789c1126a1dbca2db9d025d2b6188509b63d0ecb9716d45a84aefd6d868dd32d
8,19,0,C7:20D0,8,7,0,3,0,0,9986faeb4fd3e21dc3657260ffcd39703ff3c86fbec72f2070b3590d3552f61a
8,20,0,C7:20D0,8,7,0,3,0,0,5cabb23e5acb00b34a288d7f82267a70a00d2878130942b5bcb83589bd81ef50
8,21,0,C7:20D0,10,9,0,4,0,0,15ed76810cf72b672627db33d5820567fb7e311b3b09708590448d4e1d18aed4
8,22,0,C7:20D0,9,8,0,3,0,0,c014c460392907b8ad9041df694817785dca34fc86ed7b015ecbe0fb2425ce90
8,23,0,C7:20D0,8,7,0,3,0,0,ccdbce16491801ff639cc1e72a40f08469146de035421c94e2369e2fcab46c3c
8,24,0,C7:20D0,6,5,0,2,0,0,7c7d149a0447876244632281e8248595079d5603922186fe616a21809175a128
8,25,0,C7:20D0,7,6,0,3,0,0,c01a9f1bf79185baa0a399acf3671b393fcd8693651a52b1561cc78d2efde90b
8,26,0,C7:20D0,7,6,0,3,0,0,a72b83d97762c4d259fe2bdcf622440551be1de8a2098d887045c491227f22b7
8,27,0,C7:20D0,7,6,0,3,0,0,8a938f1c93805a6b886946d5704d6f915fa7306fab6b4dd34d582464e23b7ada
8,28,0,C7:20D0,3,2,0,1,0,0,7f3d7b6dd8b9440e4e4727f272698945ecad3fd5501108ba95bbda6f9e2fcc4c
8,29,0,C7:20D0,5,4,0,2,0,0,da07b4b5f49df5f096ba63778ffaa08201390168e3017fb1b16c3f41a6df37a6
8,30,0,C7:20D0,7,6,0,3,0,0,27c451471d972bd79cbd1ddc2ed803713d9fdcd753df29f311d9f2b3a1f470fa
8,31,0,C7:20D0,8,7,0,3,0,0,4fddb8be5776164050b70ff4f48f919c898da467a8bce49034deb4fddbf43aed
8,32,0,C7:20D0,10,9,0,4,0,0,084cff337bd200e5a199de54f328bfc5c983bcc82c10f715e44da245601a2818
8,33,0,C7:20D0,10,9,0,4,0,0,770405077aa42d6515741934ca745214ce71e922d81bbe9002ea15d464a7f20e
8,34,0,C7:20D0,10,9,0,4,0,0,25a75f188943481e6be84115f35e7ce440676ae3380149b14226d39ecc4e647f
8,35,0,C7:20D0,5,4,0,0,0,0,ad52cd467fd7d13774587815214043a368aaae2a83ebe5ddbfc1ecd06ea25de4
8,36,0,C7:20D0,7,6,0,1,0,0,b738793fc5848f5b54feb33e43ab666ee61410054feda7a88c3c752fbcfb1d06
8,37,0,C7:20D0,8,7,0,1,0,0,31b6e3eaf7ac761ed916743bcdc1d29fd560e870d95f86f021a466d63bc8a736
8,38,0,C7:20D0,8,7,0,1,0,0,4df34957cd9fed38c43c98fafa01619c25ee792b7e2677cea3a5591e3d150c95
8,39,0,C7:20D0,8,7,0,1,0,0,f8121298478eb6bb71f184f39a222ab8604a4b9ec24d7bbe40e870ed21e31b40
8,40,0,C7:20D0,10,9,0,2,0,0,bb0580d946451ae78e829885bb753b27bf77f70ea18d31db6130bc9c4c2ecadd
8,41,0,C7:20D0,10,9,0,4,0,0,ded1100c89c132be1b546fb81316519ea33762a9ffa3abdfdbb665e079382ae1
8,42,0,C7:20D0,10,9,0,4,0,0,6fa3426bd2327665ee75042c0f8318069c80a50dc9895fb57583d9738055f94a
8,43,0,C7:20D0,10,9,0,4,0,0,7d98d32be970c5e4d46ddba4f5eaf7a9fc397c06f2ec34eb2e86928962ff4880
8,44,0,C7:20D0,5,4,0,1,0,0,f4561ea4a446004ca543cfa76493b03184340438577fc0641655b16ff24b495d
8,45,0,C7:20D0,10,9,0,3,0,0,cfcd3d01def0255a2b546dd8af8244f98b36dfcd84820346f62bf256b401be5c
8,46,0,C7:20D0,8,7,0,2,0,0,29ad5c1712d317e958f62882458e53b020b841412213930a0bafd3e2283ea56e
8,47,0,C7:20D0,8,7,0,2,0,0,95368fd3f1be544ff785c940edb21b533921cb1b607baea8c8f5d8824234d9fe
8,48,0,C7:20D0,10,9,0,3,0,0,8a2572696dc72c2a97f60233acb5716e6006bf374cba15163b57185202474ab1
8,49,0,C7:20D0,10,9,0,4,0,0,172acb38973784928ad8a513a3fcd1276a8e1a5e758a3f2f7e5e4067640bbabf
8,50,0,C7:20D0,10,9,0,4,0,0,870c461bd08702e7c87cd4a982b76449fc1f4e8e0634048179d6ccff9a247a87
8,51,0,C7:20D0,10,9,0,4,0,0,a8223d24a35592e4bd9719fc92c2f67ba22d66e2844fbb47b23c32b0bcec17e9
8,52,0,C7:20D0,5,4,0,0,0,2,225a881d281da801b145fe86f98dba73a10f88f8bc064e2d1ff9ebcbd43a0a8a
8,53,0,C7:20D0,10,9,0,2,0,2,9fe32114595218da0bcbe4a90735cf4aabb2dab8ad16fa2f07c17fbed20bd164
8,54,0,C7:20D0,10,9,0,2,0,2,dba0b7f4129ce6e8759df8fc0116fefadaa3305428390a586f61414853526bfa
8,55,0,C7:20D0,10,9,0,2,0,2,c438d8b1e091fc78572b707ae30aca04ae753cfb49300a22ca19fce4a56e283d
8,56,0,C7:20D0,10,9,0,2,0,2,197566ed97347269ec75eadb180bcccb8a79a7a025e1322de968c2e89c65aca6
8,57,0,C7:20D0,10,9,0,2,0,2,755857e6c36a6768a3520fc7539918e8f6433c5a766ea24b031e61b415af08b3
8,58,0,C7:20D0,12,11,0,3,0,2,f9fc3b5cd2afd52f72181c5d4eaf685761cb94448e6990161049e03a880743cc
8,59,0,C7:20D0,10,9,0,2,0,2,5c17206abc1c6b357125c5f0a8b99601d1dc4a49190d8ac3c1d1cacd21bf9781
8,60,0,C7:20D0,10,9,0,2,0,2,59ade274f38f955707bc33a05b6a72e6e23392ff13863427c7968b44122697f8
8,61,0,C7:20D0,10,9,0,2,0,2,a038fc5688037463043737329510c66c1734035687478fb49b9ee6107b27d2d7
8,62,0,C7:20D0,10,9,0,4,0,0,f89fa959a9a3cd1f8980cdea20984a673a8f67046d9dd265f58dd2adf8bbb88e
8,63,0,C7:20D0,10,9,0,4,0,0,7403727ace387b6cb834f09aa76e74cd499a3224b13d9ecddcd3804503840765
8,64,0,C7:20D0,10,9,0,4,0,0,7b5b66a1beead40a2fef6f6ec8d2dd8c553eaa0b168bc56114c9cd6dbeaa567f
8,65,0,C7:20D0,10,9,0,4,0,0,5c0674b8dab70dcf1a4189db399c5034336fd0ca0421471112526b1f445795de
8,66,0,C7:20D0,10,9,0,4,0,0,c95303b1964f54b39f6dd6fe4bf1bf4ab819071103555eaf19b50cfd5c175fe4
8,67,0,C7:20D0,10,9,0,4,0,0,f9146ffdd0d7b7c852d7a40ee13b7a6082201188e8fcdfc947cde5d224cfb8e8
8,68,0,C7:20D0,9,8,0,4,0,0,294a1da4e5bff8129e566237838854663751b2bdf02027d7e568a225c7d9aae6
8,69,0,C7:20D0,10,9,0,4,0,0,0eea341f3864bc157325dd4c3bb08eb14257e06fed42aa32c614e747f875099c
8,70,0,C7:20D0,10,9,0,4,0,0,4e3faf9483093f40fc513502421923ff3d1dfb780647780f6bc8221a999e025f
8,71,0,C7:20D0,10,9,0,4,0,0,39d02b3260a65bcf3edc8f214f35bf6814a13db6310e55efb31c33b7b720c784
8,72,0,C7:20D0,10,9,0,4,0,0,c4eeabacdc74dce624894708a3bbc695b80fe7d60e24b9e5ed31fedfb10638ad
8,73,0,C7:20D0,9,8,0,1,0,2,67d01e71c65912cb00273b11dbaed33c469b975653605c2e218ea9513d024bb0
8,74,0,C7:20D0,7,6,0,1,0,0,f9dc9f475653e82819f4ac1bfb7e6b8bda04774ae55a20a289f5699b155e7376
8,75,0,C7:20D0,7,6,0,1,0,0,dd3e214751145bb074d31b5476091cd334041d8afcd9664433ff29b12dfdc1db
8,76,0,C7:20D0,8,7,0,3,0,0,e3f067efd215f9d284c0fceebb37bf3fd24c35f5d8302825cba41b6439fbe9a6
8,77,0,C7:20D0,8,7,0,3,0,0,c075f627b7e8295d27db25e326b625586b90ad9a3d2e94968078c36eb4b04e14
8,78,0,C7:20D0,6,5,0,2,0,0,c1373f375da8e9d003983b69cab9f255ab68d4e4cd8e1da0b76cd1770e238f65
8,79,0,C7:20D0,6,5,0,2,0,0,9f0a79af6c6a81760e795a661d1a91f8ce028637d2fbd715fbe76dcd5607843b
8,80,0,C7:20D0,8,7,0,3,0,0,6e0d868ceb0a768abe43d786f59e284d83dcd5bd7142626369d62bb9a9c97870
8,81,0,C7:20D0,6,5,0,2,0,0,de4d596965f01c59e79fd09790c3224c373cf6b6c7a36b119c09f2fcaf21257a
8,82,0,C7:20D0,10,9,0,4,0,0,6aa50408414a0eb47f8fc2b2c9d8e7a28d585d448526229467e550699c38320d
8,83,0,C7:20D0,10,9,0,4,0,0,875c3b6d3da63ace98966dce7824c314144a229117f648966641384c2002acd5
8,84,0,C7:20D0,10,9,0,4,0,0,37e799ed51983dbfa87a5cfb4ebcc7204e85be2627f92e9af708af2d599e3a5b
8,85,0,C7:20D0,4,3,0,0,0,0,6503cc9a2b173140ab4a3bc742d25af237e9c94725b4ef992875dec607658754
8,86,0,C7:20D0,5,4,0,0,0,0,dd5af71859cf25f469a7cfa55e48624feebcbde8c43b9a371ecb51005efec9f5
8,87,0,C7:20D0,8,7,0,1,0,0,b285a2d15c4e2b73e1d30ac26164280979f5a728f986ffb561d5b48fca09b4ce
8,88,0,C7:20D0,8,7,0,1,0,0,2f0ec360b3a8784a0e959811b92cc393503fde45d9d4814497b2b92ea52ebf42
8,89,0,C7:20D0,8,7,0,1,0,0,1019dd86d64576f5060eae4bbcf1b6719d8bf31f6506477d074af941ddedcbc9
8,90,0,C7:20D0,12,11,0,5,0,0,f2604c5ee0355f154defd9190dd6e9759da6c7b7f05bd687d24ac3e81d37c8b8
8,91,0,C7:20D0,10,9,0,4,0,0,a1d7b3835832e0c970d6b80d85c903ac839dc8dfff04f6b475c26562b8e3a315
8,92,0,C7:20D0,10,9,0,4,0,0,150f8abeb703e9bfd846865878502711e150f203c975561529b0b2f76d1baddd
8,93,0,C7:20D0,10,9,0,4,0,0,17faf28b7f3db226a9d98e33cc84957c73dcacd050434de9abfa0bf0bd3683d8
8,94,0,C7:20D0,8,7,0,1,0,2,11f9d4181f1bd62a40b2b230302ad4b00f7f1d2fd31fc94ea567741a2f349a9d
8,95,0,C7:20D0,8,7,0,1,0,2,bed66e58e5a596a4a91da6b87f01dbb4967acd47ac01b7eb882b73323458ee41
8,96,0,C7:20D0,10,9,0,2,0,2,1a5849bde5f6ce2f5d69afa0cbf56840875c10798b6f16c305d1b374a776195a
8,97,0,C7:20D0,10,9,0,0,0,2,87762badf88b7fc42f37e07c98ac4a9d6d867e2efe9c85f7ac0d5b897e2b8e2b
8,98,0,C7:20D0,10,9,0,2,0,2,06493e5c0f24e4331b3d63702d303c3982638a0689ee3233d79bc0f8de139c35
8,99,0,C7:20D0,12,11,0,0,0,4,f7021a27bb7050391002b01d8b0e79f52bdefc767dd43eed1a11a53bfd6cb1f9
8,100,0,C7:20D0,8,7,0,1,0,2,c24fac5428232b43d14fed35e9ae3cb50fd2ebed35442801bfe6a0416083bfb9
8,101,0,C7:20D0,8,7,0,1,0,2,27b7e3b2aad8d21b17250c0ed07460ffa1cf9499925d143309a6f84796c4fd87
8,102,0,C7:20D0,8,7,0,1,0,2,6b2d37f92bff960663268bcea7a88a0b398156ee768b870ac856d63cd0b42982
8,103,0,C7:20D0,10,9,0,2,0,2,c07b5f21fb9e74646688d5a44dfb783e4d7e3fec4bf7ac6e0822a8129ddbf750
8,104,0,C7:20D0,10,9,0,4,0,0,2227bb20aa83030a890be330a8263211e1e5a641fd8b723838a79b2eb83ee85f
8,105,0,C7:20D0,10,9,0,4,0,0,761d6dfe82b1723cb5796d0181565bd402ad3f3278e69b09d09bd462769a7ac4
8,106,0,C7:20D0,10,9,0,4,0,0,18957346e7d6dfcc2d661c61613852655313434ba9fbb00947bdde4b67ecb99e
8,107,0,C7:20D0,8,7,0,3,0,0,0ddc114fbc1c00954cb2f272f93364a7945f9a52da031e940fb998c8bdf432b2
8,108,0,C7:20D0,8,7,0,3,0,0,e3670b35e9f1c083afd96095f98f1a2fdd046cd5ce18535a7e4e4bcc95061847
8,109,0,C7:20D0,10,9,0,4,0,0,9a4bbcd2f8f5b1c3a68943461d972062297d5559bc40f81a7fd629e25406fa6c
8,110,0,C7:20D0,8,7,0,3,0,0,6a325b1cd4e67aea5c7e2e255f55069d96146b3925bf3aeb8d08c99f6b2ac2e6
8,111,0,C7:20D0,10,9,0,4,0,0,7423302af2244a601eb03bcd8234b2015de59573db3332e4ca58d57b94a783dc
8,112,0,C7:20D0,10,9,0,4,0,0,941e9d28c13d4b07c537bf518c04dfb01f29dc29ae0078d3e1ff973514f7b2fd
8,113,0,C7:20D0,10,9,0,4,0,0,cc11170581387828684652eb1766a6c133be8fa222d533dd4428c9e406daedef
8,114,0,C7:20D0,9,8,0,4,0,0,5acbf2d6355ae00e73a7f3aa057d6c60a83ceeb3f0f46f838cc19eaa2da0bf6d
8,115,0,C7:20D0,11,10,0,5,0,0,0af8b2f052b4426be2b1388ac9cf5c27a6f808fb604c86c99ee6af958bed316a
8,116,0,C7:20D0,9,8,0,4,0,0,87c9c4743c35d17ae99eac8beee465576717e4c8f560472ddddd2700c0d1f027
8,117,0,C7:20D0,10,9,0,4,0,0,80b20c8e57d14d70b0973455d539f4cb70c2cf8a0babc0c0956fdac6157d0f97
8,118,0,C7:20D0,10,9,0,4,0,0,c336f19849359af8907fff8d3e8cc9642c66a885501c4575405f4499f4364059
8,119,0,C7:20D0,11,10,0,5,0,0,a5052cab2241f67cedbd6c22a543c0ba5992b89004a47c72bb0ef94fd818998f
8,120,0,C7:20D0,9,8,0,4,0,0,a2903b94fbe1c81ec2053bdc4942afcd5bd8806e2e8bbbb4c2843a9d0313a69e
8,121,0,C7:20D0,10,9,0,4,0,0,904c35a850abf8518493a3d078639a0f5417cfcf292ebd61009c518f448e421a
8,122,0,C7:20D0,11,10,0,4,0,0,41d58cae7542d70e57adfed3b1790c1cf645d5c5550271b1381b17c58635ba98
8,123,0,C7:20D0,5,4,0,0,0,2,c86c31885002bf26f401ab6d61a66b03ba436d23d090366c58f42e76ff787e5d
8,124,0,C7:20D0,7,6,0,1,0,2,4a9e045b9f6abab2f33363afeb7c67e22eb73469a270788058683a94d0d1f60d
8,125,0,C7:20D0,8,7,0,1,0,2,dae14f024ab067193ffdd9879f4aab541a71b1985d0f64a463d1ef66ddbac16f
8,126,0,C7:20D0,7,6,0,3,0,0,ba32cb58257e069c2a4ed660731f35c6e4f28861a0fe3cb126d2fdaba9a6d689
8,127,0,C7:20D0,5,4,0,2,0,0,93d6b2013779836d263a60bb286fe2afefb86ff3b39629b88376f20bebd5c4e9
8,128,0,C7:20D0,5,4,0,2,0,0,c7d1242b4d349f87e917a0f73cda6944fca6d248d196b043ea13a05f470e03e6
8,129,0,C7:20D0,5,4,0,2,0,0,039659db3fe6c91b54d0f82df357362994085cc659411375155887b7d3a389e9
8,130,0,C7:20D0,9,8,0,4,0,0,4fcb6b860c8bab0eb113e8ca0a1ca31f73b001d7787585010833d35e4c1cab67
8,131,0,C7:20D0,10,9,0,4,0,0,33a02de89635e555cde15ac8741637299ba39f0517ee6119b22a52f28b4af68a
8,132,0,C7:20D0,10,9,0,4,0,0,546bcce7dcb74f6672b86a96aef3acb6c7e3943be5dfba561cbcdc27f7eabdc4
8,133,0,C7:20D0,10,9,0,4,0,0,a4a56416976f9029253957e9bd5e67a92641c87c9c855f79a76dea75202a5ea0
8,134,0,C7:20D0,6,5,0,2,0,0,9709590541822eb5b9acc72dc5b4de91f765773c33ed0648e51d20aef7e5ca03
8,135,0,C7:20D0,10,9,0,3,0,0,101746520546d406766577619a6d6e901d6c05a1c6bfd9d391759c4059741d8d
8,136,0,C7:20D0,10,9,0,3,0,0,c31cb24d24d0b12b1423d4822ba1347e6e864b2b330ea7854813ac990a4e34e4
8,137,0,C7:20D0,11,10,0,3,0,0,51bfb5b77ccfac1525696161722cf3b8c868b204ead788ecc04634e9368eb3b7
8,138,0,C7:20D0,9,8,0,2,0,0,c941db42774738f149b4a0f0a2f1c0d26088106d99f2bd743e4d42486d700222
8,139,0,C7:20D0,10,9,0,2,0,0,5b70c125760472743855bbd4125572a445de7e59038a127dfeb2b7dc3bb1081e
8,140,0,C7:20D0,10,9,0,4,0,0,9e98b09d12a57eee0fbed9441d5dbe0da02fc178a4308c0079e0e3a4fc6d5b2c
8,141,0,C7:20D0,10,9,0,4,0,0,1d11a999bdafc2ade88afb6dfcd80eae3d88176445a44c14119143bae8533edf
8,142,0,C7:20D0,10,9,0,4,0,0,2cf40daeb895fcd44bba496fce7f2233371a704f28a7eb725b93d8830c178b5b
8,143,0,C7:20D0,5,4,0,2,0,0,3dfe20dba851e01fa5cfb414c7764d9a15629d16077d2cba60db4d8c98f1cc9f
8,144,0,C7:20D0,8,7,0,3,0,0,4b70b816cb142f63ba70fdda66d7405c2b8205161854d365e50bc58a52cd45d8
8,145,0,C7:20D0,8,7,0,3,0,0,c1d1e1a221408bd70d1bfc5c99c84227f8dd6d2ca631535bb5ddfed5ace8de1f
8,146,0,C7:20D0,8,7,0,3,0,0,18d3d25644de397829ac034615c674f5aa96fcf2223ded5212a8818f7e12ce14
8,147,0,C7:20D0,8,7,0,3,0,0,2f289f57cdf7817be0c2fc4f5a7dd50387db8ff6723da9fd3bb37035c607f557
8,148,0,C7:20D0,8,7,0,3,0,0,413f41d3559045b7f0d9603c67ff2e726b8a92e90be91f17edb11728f7a11db3
8,149,0,C7:20D0,9,8,0,3,0,0,eed821472982f34b330fddb00d64ef584fe47925153f1ddeb0c05138ff6b07ef
8,150,0,C7:20D0,9,8,0,3,0,0,ad4cadff9b6a7037cc92dfa49ea41f651b19c4bfb29bbb4128c9b6c105c20646
8,151,0,C7:20D0,9,8,0,3,0,0,173e2000964877943e10c9b053212cdd6660eacb95fbd2288babfb066546088f
8,152,0,C7:20D0,9,8,0,3,0,0,85816241f319a86c7a17b51d0d73b575cd33ada3c591e462f664951b6e37bd62
8,153,0,C7:20D0,8,7,0,1,0,0,0d35c607c2ff9a40e5d2e00bf3105fb02ae74e49f1d6a16b2d58dfab90698cd9
8,154,0,C7:20D0,8,7,0,1,0,0,8b78b21936306030a608612d4ee7d6d640799dc3f69491389a5c6266bb040ecc
8,155,0,C7:20D0,8,7,0,1,0,0,090e4f6187d845ba25fe165535267ebde61d013eb9bc47eac72932797df0c0e0
8,156,0,C7:20D0,10,9,0,2,0,0,8251d34079bfa45fe717a66bdb98b0cb0dd8582e5b2e5536e8892231272a4f0a
8,157,0,C7:20D0,9,8,0,3,0,0,92193250deb6199f8e83bef37511ff861373f0defc7b77785b736e7c1786766e
8,158,0,C7:20D0,9,8,0,3,0,0,d09ee4a215da07e6a68661eee35ad468684d8a7de21525dfd07fbbf27c339515
8,159,0,C7:20D0,9,8,0,3,0,0,ca669d69020cbd53d8d26435cae451372edaa17e4e8904776ff14ae44a2b6e59
8,160,0,C7:20D0,5,4,0,2,0,0,32a79e709e65f622e1180ad2adc56d7d7ced4f314c00cebb802cf893fb606bcf
8,161,0,C7:20D0,8,7,0,3,0,0,773535c2f25d912275a0c031f6e72477d65517a4344cfad586c3e0adc3ce7df1
8,162,0,C7:20D0,8,7,0,3,0,0,49c946a5ee533dc9fc381cdcd1c6ef9580b508ff8c5eae44f7daf5bde8bf0521
8,163,0,C7:20D0,10,9,0,4,0,0,f2e54551b87711fe1ac7176ff122487224f8b39e47258d756a0cf74ab8b5a1fe
8,164,0,C7:20D0,11,10,0,3,0,2,db85e65957e317a6f3bce12664e79e11805b16575e909285b8b84e860cb2fcf0
8,165,0,C7:20D0,11,10,0,3,0,2,871f20a134251be62dbf8d7b018d280cf51be6b581cdbfc588bf0a4895bdd7d6
8,166,0,C7:20D0,11,10,0,3,0,2,d5697c44af0514e9ee6df2bad164bae05fa629333977d4e0fbcbc85cd9e69470
8,167,0,C7:20D0,6,5,0,2,0,0,55166ef74cd0dcbd817df420235dd0c5ea6024c2a43c70d9a8fffc76e2891626
8,168,0,C7:20D0,6,5,0,2,0,0,c855ba4f27fdba4c3beec13a6805d2e8d6a78f8ae99c4da821fcfb3e07d4e853
8,169,0,C7:20D0,8,7,0,3,0,0,8bb9abfefd689e5c9f3cf03883fb9da65ff719d14856b28e3b9a764c581d0012
8,170,0,C7:20D0,8,7,0,3,0,0,9301952b051c692a36dcbf654aafe4cdd411a04c106066a62739e6a0f17a28ae
8,171,0,C7:20D0,11,10,0,3,0,2,488dc9a2d221d0d6a83d7f9e0bec8b1d16f16e2920065b4b2f82aff29ccd5933
8,172,0,C7:20D0,11,10,0,3,0,2,bb0c88a0cbbe744b53af809730d22a1bae8721453aab0b86383a034fad37d983
8,173,0,C7:20D0,11,10,0,3,0,2,c90ca96ea260e418b220a0d8be662dbe8da6310b4f247ed584a9b96b4551aa14
8,174,0,C7:20D0,9,8,0,2,0,2,997d4e9107e23062d89b5cf962b01d223ae03789e6edb16e2e4f846c451f87c1
8,175,0,C7:20D0,9,8,0,2,0,2,2bac25def67de52162cf4dba7eec53e69ae90e471b6ac94455aa6a82a0b2cbed
8,176,0,C7:20D0,9,8,0,2,0,2,3124a6087e440f47c873b73f96f85ddf2a7785ad3edbd289a88cdcfbde50451d
8,177,0,C7:20D0,9,8,0,2,0,2,b55e2297bd8fe0714847dc904e6607d14a72c509b9a5d8d06f6740cb1d26b922
8,178,0,C7:20D0,9,8,0,2,0,2,45b6d4b83cb7e10b21a981f45700447e8ebaec27260633e381e6dbb56c8435cf
8,179,0,C7:20D0,9,8,0,2,0,2,6dcab2580d61904ad177dac07267a884ff05ef451070cc7ba0ed9e782346fa1c
8,180,0,C7:20D0,9,8,0,2,0,2,8ee7809683d362db2695efed9ea0f6f5b82d05668829fee3bbfeb47baf6fb6b1
8,181,0,C7:20D0,9,8,0,3,0,0,9ae868436413924bd25cf3ab4c8685d31ddabf0bf749fed8409f20882618db23
8,182,0,C7:20D0,9,8,0,3,0,0,ec9c2342dc4dbfd6e4169f804fcfc48bcc14be019c0bf9d0d3138bfd98576802
8,183,0,C7:20D0,9,8,0,3,0,0,19a698a41ce7e342b64818035bc4331a2de9295ff949ad4f72b4cebef9e3677f
8,184,0,C7:20D0,8,7,1,2,0,0,69968c619d0094786e33e5ae47bd2103cac761e4da631d18d9c2c4167056afd2
8,185,0,C7:20D0,10,9,0,4,0,0,101b43959955445627b4f151fc8450d6a1de6576b779ff28407929d325b0e042
8,186,0,C7:20D0,9,8,0,2,0,0,a44ad19b0d08b27ba14f60ec10d7be43410f1f0d793079cf09f0f0dc09b5985a
8,187,0,C7:20D0,10,9,0,4,0,0,497bd2b2c7b3465a73b1c67f6590c6f3942fb5006f953a379740189617918243
8,188,0,C7:20D0,10,9,0,4,0,0,ca738251007c53de106a53f61156c3991851a4f2671f4b006c1a4e6e9444c1a4
8,189,0,C7:20D0,10,9,0,4,0,0,1d132ec6ae7e6c6a66fc7b318dc93aaab83b42d8dfabdf7012f651475aabe834
8,190,0,C7:20D0,10,9,0,4,0,0,1494daf857d5ab3bd4a16e32ece1d5a3a528527a588238fe11a791622844d77b
8,191,0,C7:20D0,6,5,0,1,0,0,78dc652d2526dc153cb985288c00148566bdc9a69792ecb6b15a8ece4c3972ff
8,192,0,C7:20D0,8,7,0,2,0,0,742173db6cfce9b156c83eddb783a4a602e71e098f48e5f7499eec9aae574ce8
8,193,0,C7:20D0,6,5,0,1,0,0,f53fb5c9aa6ea02435b080b4ef392f3d0c4cf0ea9fe9f67fa53ead7c5217de10
8,194,0,C7:20D0,8,7,0,2,0,0,b5170f731263055bc953337ef2a433c5e335543ee0c5175b49ddb29db8a2f14b
8,195,0,C7:20D0,10,9,0,4,0,0,18c88a6ef5915c1c597b15793eeaa1107764d25090a747a7c730ed8dbf4a6b79
8,196,0,C7:20D0,10,9,0,4,0,0,4219c56363944d298024da86706288757d63da778d27a4215836dc80c7e86fab
8,197,0,C7:20D0,10,9,0,4,0,0,fa0453d3a70425d3091cc06b9a27099ce3e15ae80e0153a084c727bdc403198d
8,198,0,C7:20D0,10,9,0,2,0,0,d7cd79af82f6978ae37865bea8e8aa8577b4a00f36f165d1ff532257fd6d6fb2
8,199,0,C7:20D0,8,7,0,1,0,0,8e27b73a67c1fc2f1070331229130de5525ef150923ec68d0bf0541d9884cde5
8,200,0,C7:20D0,10,9,0,2,0,0,f136de33c741d3c8a0635e7e6883f6b7a250c8a5f9804d0639a2dc06323cbefe
8,201,0,C7:20D0,8,7,0,1,0,0,54c2b1cd2629609603ee1afe97ee46e07e4107c0a54ceab545afeb5876e2c7b3
8,202,0,C7:20D0,9,8,0,2,0,0,753c6f95bc9af53c3979ad76de791c26e859b0f7243f9a2c25543de445f77a18
8,203,0,C7:20D0,8,7,0,1,0,0,ae093785a1c0e033276a6cc868edf7aa5c37009555eb2f2a6a700d821775c52c
8,204,0,C7:20D0,10,9,0,4,0,0,cd6d19ff62bcef035cabc2e2e549c607536536f34f1336ed041544ecd521ba0b
8,205,0,C7:20D0,10,9,0,4,0,0,bbe872c09dac1835cef70f4554837cfad66d7499984650064074ced5c69e517b
8,206,0,C7:20D0,10,9,0,4,0,0,e6955f020e92fb34fd0f99835b52a3c5fbf24859b02a03a2385c08190fe48c7d
8,207,0,C7:20D0,8,7,0,1,0,0,fb4d7b0750f965d422e50a1e0279738c0d259089ab8d11f2615d88d5389e6e0d
8,208,0,C7:20D0,9,8,0,3,0,0,c4ad0ab9557a29d83d594a6d5438ae6428ce972f198b1e355443c51771d575f5
8,209,0,C7:20D0,8,7,0,1,0,0,550adee86bce5c61053183a69186531c07dfa4d1af15f30104ef866872dc4d23
8,210,0,C7:20D0,10,9,0,4,0,0,4900e709a3623a27ca283c16c2d49a93653427a8499b94b7ead8c428b6d0ff75
8,211,0,C7:20D0,10,9,0,4,0,0,b5f120e260d0bbba9044c5c255516a44693bb800edc705bb909a861d5f965d4b
8,212,0,C7:20D0,10,9,0,4,0,0,ce4ae73ccc24a14340c4d75b360cd3f63f53912942b06bd42596cc6c5712c41b
8,213,0,C7:20D0,5,4,0,0,0,0,73ccae7ec7c4d2443381acf3a20f23d8c33824b9f076de86583d0bfab3f155ff
8,214,0,C7:20D0,5,4,0,0,0,0,63bfed62afcc6a91daaf35b4dc38bb151c526ad9de426b3896e8963c507205c7
8,215,0,C7:20D0,4,3,0,0,0,0,0c159a21b68fc31e1f8b320ec35f13c689cd0798acb793d291c9bafce9626d73
8,216,0,C7:20D0,9,8,0,2,0,0,503d3512927771d4179828d2e85f7eb64a4218c20987940ee366fbe6d76d3056
8,217,0,C7:20D0,7,6,0,1,0,0,a66a634bb748ef623b7bf1f21623167f12d2cbeaa4d6f1f99e2e37c27873b5cf
8,218,0,C7:20D0,10,9,0,4,0,0,016acd0453e69b7e0053ee3f5c91b22ae3076605ccdc73f416ddf514e63ec347
8,219,0,C7:20D0,10,9,0,4,0,0,19e5bb053a6f4d498d1c4f4779ac20225426896f5d628cff8f31f89bbfc53d2a
8,220,0,C7:20D0,4,3,0,0,0,0,03a10bc4b2dfad42a1d69dca32c1cd584db8e3e24e8e91c33d6e265bd9eb243f
8,221,0,C7:20D0,11,10,0,2,0,2,4a935d8672a6bf140c26d06a8fa2f6d5b0de2f8721b258ae89103d790062b753
8,222,0,C7:20D0,11,10,0,2,0,2,15c525f1b2e577c5f8080d6b2ada7b349dc15adc77adbc4d5ee3182f755f9b51
8,223,0,C7:20D0,10,9,0,2,0,2,091b3b7a724d919f1e15d2a327a902401790907bcc553eb7d6ac8455c6ad360e
8,224,0,C7:20D0,5,4,0,0,0,0,74ca28e74f53fcb37d23615d8b469c3c4a4f53c876d7f58363a0ae13f3f18c17
8,225,0,C7:20D0,10,9,0,2,0,2,53855e675b5d0315ca827f80a54e4d15f7cafa5a06722773f8f10d86c8e6ceea
8,226,0,C7:20D0,11,10,0,2,0,2,3d992e26cb7df8f84f8adeefd11772505ccde8de473f0a16e25cfa3108924ef9
8,227,0,C7:20D0,10,9,0,4,0,0,4f898e8ff4e96253d69b4a5aa22b9ffe79f7323667a6f28dd59af9073d2c5bbf
8,228,0,C7:20D0,10,9,0,4,0,0,ea6b6e9b57429c70d69124f1361110d9f01e576df7263dc6137f3e33db3bb1cd
8,229,0,C7:20D0,8,7,0,3,0,0,75fb22ebbd9da969d03926d5c5b3f0af2c2fbff2e53d1ec87d9d99829010aee5
8,230,0,C7:20D0,8,7,0,3,0,0,0ea7b14f6c1dc93d52098887fe58eb2204a5104c6b04d033783291939be69620
8,231,0,C7:20D0,10,9,0,4,0,0,cb29686bad968c8550cf77e52a9127297d2a552c4f3acb7e96fc4cbca117335a
8,232,0,C7:20D0,10,9,0,4,0,0,aee30b1595109c0508d9d1365fae002ed2a6d5911cdc74f5fdbfcc829502d08f
8,233,0,C7:20D0,10,9,0,4,0,0,90228ffc7d7283ad8998697b29fa2ecbfebd6db37bb90c4c21623ddf74cd60b1
9,0,0,C7:28C7,1,0,0,0,0,0,6e340b9cffb37a989ca544e6bb780a2c78901d3fb33738768511a30617afa01d
9,1,0,C7:28C7,3,2,1,0,0,0,d7af8363da4f9bbc0562d022b103af96c2aa34805e902df3aad28774f928c85e
9,2,0,C7:28C7,5,4,1,0,0,0,3b35b243c030d02c1bf61b779a7cda1672ed2c8301ad91480d01329f05ea5629
9,3,0,C7:28C7,5,4,1,0,0,0,963b122e6c54b65263c8bf4d16254e0bd4a4c61f287d2a2a29b683ab2d0be213
9,4,0,C7:28C7,5,4,1,0,0,0,7c8766c44ca588be67cbc53b44cb366dc536fc28a57d03099ccd0850772284fd
9,5,0,C7:28C7,7,6,0,0,0,0,ad474399a0b25274687946d6597025f5cd19662463c895d309463b5491bc5d55
9,6,0,C7:28C7,7,6,0,0,0,0,02eeb2947a644a3d19373f0fccebd410cad9256e4d29851bf66318a6b3ed432d
9,7,0,C7:28C7,5,4,0,0,0,0,d4ff96991ee1bee5c58b503e771548ee4e7ed361d5aec9e83e0c60da899f1139
9,8,0,C7:28C7,5,4,0,0,0,0,b7089068c2b2cbae5ca5edf009c440dccbe4f82c585b867cc4a08498dec9f5c1
9,9,0,C7:28C7,5,4,0,0,0,0,814971cf0507fcb56d8c401c8fd2818a56d406b988196f0dfaed3068c04d820a
9,10,0,C7:28C7,5,4,0,0,0,0,6ceeef68ecdadf680e40ee6aed4c1e1b0114c4827bac6e69328e1d38e8fa1a3a
9,11,0,C7:28C7,5,4,0,2,0,0,d55ab4dd67fd4ba455a4df7eaae3dcc8028e175e5cea57b65f58e534f22a8cc3
9,12,0,C7:28C7,5,4,0,2,0,0,88bcb1b3e9840881541965c369e1416aea5472463650a1fb3fae8838e9126bea
9,13,0,C7:28C7,5,4,0,2,0,0,c0429aeb951f4ebbec7cdcc6da2bb0d13c3965e460061f6e81d7bdbfb13238b5
9,14,0,C7:28C7,5,4,0,2,0,0,fdd24689d0a591e6e1a429e476fc4eab9759a57d18bd5f9747c89edd6f9c8573
9,15,0,C7:28C7,5,4,0,2,0,0,5d4ab3ede28b971a32abb0a6a55bc08708d4297286a3d24112e9916734d4d145
9,16,0,C7:28C7,5,4,0,2,0,0,c4f133d5e0658f1ad84a140b9dafcc811b9a7d164dafcfcded0bb8e458bdb349
9,17,0,C7:28C7,5,4,0,2,0,0,f74e2171146b78c0cb907e97b771ea5ad4427fb77e9e3c815ff8abb159054c1f
9,18,0,C7:28C7,5,4,0,2,0,0,83e20afb67d0b35dfdcb7ba5ff198b209ce94f822022f0e1389c4e38666ada42
9,19,0,C7:28C7,5,4,0,2,0,0,2ddc98b547aa3fc4ba6150e2f73502d8a628a281772612fce491aae4e906bc46
9,20,0,C7:28C7,5,4,0,2,0,0,40cbcc436de2211f07948145167cae81e13e03080e8c19d66468d4483aef03a7
9,21,0,C7:28C7,3,2,0,1,0,0,a822b3b6f177d93b2ef07b2219e8a6ee46c328db8fa03af3bddf5bebf63df2ef
9,22,0,C7:28C7,5,4,0,2,0,0,f85197e3ea475b6507aa937dbf712e389f291b95829a3e61040c00c01846f7d8
9,23,0,C7:28C7,5,4,0,2,0,0,190fb02ca809e7b7652887897ac4458b50c4a6ad487521157a64222c097f52e8
9,24,0,C7:28C7,9,8,0,2,0,2,1f7ed89c9aa85ad66f44098afba178a9ba09de16a851003bd2a2873200cbc2bf
9,25,0,C7:28C7,5,4,0,2,0,0,87974b50a48e7fd05483ecd7578f16681f042633fbd13e04c14256eb5e56de04
9,26,0,C7:28C7,6,5,0,2,0,0,2202f57a5196064b39967dd870bb7d27f590b00b2c7273c6da7766b782f7ef8b
9,27,0,C7:28C7,5,4,0,2,0,0,ba4639ee2a525ab9633d927d988c3a0e2ad5e81b0a64bd4a7b84570f83225826
9,28,0,C7:28C7,5,4,0,0,0,0,f91b422335bfe23d0daa5eb19ebb0ee5e62a9d6733e2613302371c0f717a1602
9,29,0,C7:28C7,5,4,0,0,0,0,52fc1a9fe53f152c6e5b36bd2155c69ffff063bfb79f77ebcfa4a69d324a514f
9,30,0,C7:28C7,6,5,0,2,0,0,9dcfbe31106ae51e91339605c1887deaf20127a288636aa98f49557652bfda04
9,31,0,C7:28C7,5,4,0,0,0,0,616c2b0e66b24d92a84fdfbd6c7e9b2bcb2ae1461bc296e094883e6497817752
9,32,0,C7:28C7,5,4,0,0,0,0,752dea51a386d73548b83b1b250d51c89299cffb8c7d821c862ad0630d9e5b26
9,33,0,C7:28C7,5,4,0,0,0,0,617dae40ad311a664467bc004126a6442d3e2e20dc5905cb1fcf6a05557eaa89
9,34,0,C7:28C7,4,3,0,0,0,0,0c65e74298d18940ebc62061bb99a2b639cb1e1272d0a723153bfa8190abca4c
9,35,0,C7:28C7,4,3,0,0,0,0,3b6f9acdc28428776685ec006bcb248f3de5b2040bf65e6944528b84a8e98588
9,36,0,C7:28C7,5,4,0,0,0,0,31234fb1bb79857f761481903f05a117bbf8b3e6d26591141401c76169c66c38
9,37,0,C7:28C7,5,4,0,0,0,0,c8ac040a9924645f1414ea8e061f913ff24500293bfb9be7ccadecfc8ac4cfb0
9,38,0,C7:28C7,5,4,0,0,0,0,d8a312ae73c33f6dad36ea7e772d8e717208b69f7bd38a53c7bb7e7bb060979f
9,39,0,C7:28C7,5,4,0,0,0,0,ab37a97fb1b1c0bc0f5c14584153a68c3243f0b39d815e722c5750745ae5316d
9,40,0,C7:28C7,8,7,0,0,0,2,f35b2ed6a012f4d2110f0f36688f58f85543ca508d422d0ae3d7cb7157824249
9,41,0,C7:28C7,4,3,0,0,0,0,96b379ed58a448f4ad5af94ee6dc8ea3514b866c50a71126b0d1b3e025038644
9,42,0,C7:28C7,5,4,0,0,0,0,b3109f187348665c3e046ca7750f2e71fcbcf04315e7075ef193ae9fa42d10c0
9,43,0,C7:28C7,5,4,0,0,0,0,de911dbef487f0257d6aa76984ea8a23c4669342d98556151ef279048fde0198
9,44,0,C7:28C7,5,4,0,0,0,0,e8664a8fff1b13586b70ac4c517a1ec4737f8d1c8d64cc70613dd9de42eb37fa
9,45,0,C7:28C7,5,4,0,0,0,0,a4d21362a876b679126ab19c31647d6c7eace86eff7210bf9d4f403a380b300e
9,46,0,C7:28C7,5,4,0,0,0,0,52ea7a1b08fea81815d8efd268b0ee5e8ae6dea7ecc5453a6022f67ec66f483e
9,47,0,C7:28C7,5,4,0,0,0,0,8ad408df9846f981f4f7ce8fdb60b8fc08908ee0183b49b110e1c78119792098
9,48,0,C7:28C7,7,6,0,0,0,0,3cdb88302ddd74141edfdea21f2ba2dd9646b7784e334cb82e0d2c670cbbf47c
9,49,0,C7:28C7,5,4,0,0,0,0,105e4b5f48c5dd45a35e0d92b3be5b183b74e44f38ceb8cb08b35fdc5cc141aa
9,50,0,C7:28C7,5,4,0,0,0,0,847b03377fb4488278507ce739c23b468df3ce85244841c3918d98f975ef7a12
9,51,0,C7:28C7,4,3,0,0,0,0,88cfcbba1d8caf5c5ff09ac11a163264bb4c8fb25bc36044721678f769533410
9,52,0,C7:28C7,5,4,0,0,0,0,e25b94c5d94b5d6e5806f9da4c222c610282e8e372690772b6245e622caf5462
9,53,0,C7:28C7,5,4,1,0,0,0,357bd5842b6d1c5f0fd97199b8fa53980891223e9d17242ce8fe4c6aa2405b3a
9,54,0,C7:28C7,5,4,0,0,0,0,e506faec6bee2e06f4f1192118ca46da47978b83af05b0715bcc55e08fcc0c4a
9,55,0,C7:28C7,4,3,0,0,0,0,27672fb6ca0dc61b608030949c04048143c4d9451907f0e95f41a01d19d9e8a2
9,56,0,C7:28C7,4,3,0,0,0,0,83644f6076bf1b81f4995bdd58c2e7896acce56deb7bab96fbb33cb74ab2fa41
9,57,0,C7:28C7,5,4,0,0,0,0,01bf46c8702735603d2d851b0349f035a2d80f80e44f67598eab864b362a488a
9,58,0,C7:28C7,5,4,0,0,0,0,a1ffb3808e3b55221825b98832fd98fd9a7d237605f1e797f5eb8bbf0ededcc0
9,59,0,C7:28C7,5,4,0,0,0,0,b515f36b2a8542f39695b61d5faeb4ee54cd85a67db4b27c0317e18064363ee1
9,60,0,C7:28C7,5,4,0,2,0,0,4eb3c6894ea7834782dba27b0716c495cf7937a3045c15a164efb21a241ddc74
9,61,0,C7:28C7,5,4,0,2,0,0,d55ab4dd67fd4ba455a4df7eaae3dcc8028e175e5cea57b65f58e534f22a8cc3
9,62,0,C7:28C7,5,4,0,2,0,0,88bcb1b3e9840881541965c369e1416aea5472463650a1fb3fae8838e9126bea
9,63,0,C7:28C7,5,4,0,2,0,0,c0429aeb951f4ebbec7cdcc6da2bb0d13c3965e460061f6e81d7bdbfb13238b5
9,64,0,C7:28C7,5,4,0,2,0,0,5d4ab3ede28b971a32abb0a6a55bc08708d4297286a3d24112e9916734d4d145
9,65,0,C7:28C7,5,4,0,2,0,0,c4f133d5e0658f1ad84a140b9dafcc811b9a7d164dafcfcded0bb8e458bdb349
9,66,0,C7:28C7,5,4,0,2,0,0,f74e2171146b78c0cb907e97b771ea5ad4427fb77e9e3c815ff8abb159054c1f
9,67,0,C7:28C7,5,4,0,2,0,0,83e20afb67d0b35dfdcb7ba5ff198b209ce94f822022f0e1389c4e38666ada42
9,68,0,C7:28C7,5,4,0,2,0,0,2ddc98b547aa3fc4ba6150e2f73502d8a628a281772612fce491aae4e906bc46
9,69,0,C7:28C7,5,4,0,2,0,0,40cbcc436de2211f07948145167cae81e13e03080e8c19d66468d4483aef03a7
9,70,0,C7:28C7,3,2,0,1,0,0,a822b3b6f177d93b2ef07b2219e8a6ee46c328db8fa03af3bddf5bebf63df2ef
9,71,0,C7:28C7,5,4,0,2,0,0,f85197e3ea475b6507aa937dbf712e389f291b95829a3e61040c00c01846f7d8
9,72,0,C7:28C7,5,4,0,2,0,0,190fb02ca809e7b7652887897ac4458b50c4a6ad487521157a64222c097f52e8
9,73,0,C7:28C7,5,4,0,2,0,0,4df7e2c20115874b2170759359542e428fd6246f7af13c8d2873f8a2d665396d
9,74,0,C7:28C7,5,4,0,2,0,0,69b41ec25d25abca2e44e9833c395ed062441f617192e94a09a6190bac2eb491
9,75,0,C7:28C7,5,4,0,2,0,0,98d2f0af064432ef00308356f7ee4c846e97237961e738d5066cedb61007c1ca
9,76,0,C7:28C7,5,4,0,2,0,0,acddb75621d9d1462a95e9fac266230da34b55c551f9b00b1e577e89072d36a2
9,77,0,C7:28C7,7,6,0,3,0,0,7beba29ad19b22322034eeab9b0c4bf6ebd0b1afcf151c60f2ddcc9af1c0992d
9,78,0,C7:28C7,6,5,0,0,0,0,5da51847436704211425c495e342cc37934d6b6e0a5b816a17be711b546e5dc5
9,79,0,C7:28C7,5,4,0,0,0,0,617dae40ad311a664467bc004126a6442d3e2e20dc5905cb1fcf6a05557eaa89
9,80,0,C7:28C7,5,4,0,0,0,0,617dae40ad311a664467bc004126a6442d3e2e20dc5905cb1fcf6a05557eaa89
9,81,0,C7:28C7,4,3,0,0,0,0,0c65e74298d18940ebc62061bb99a2b639cb1e1272d0a723153bfa8190abca4c
9,82,0,C7:28C7,4,3,0,0,0,0,0c65e74298d18940ebc62061bb99a2b639cb1e1272d0a723153bfa8190abca4c
9,83,0,C7:28C7,6,5,0,0,0,0,d152bd816139b64ae6c4e56cabea87eb1f027b18965321c90633500672069a15
9,84,0,C7:28C7,4,3,0,0,0,0,3b6f9acdc28428776685ec006bcb248f3de5b2040bf65e6944528b84a8e98588
9,85,0,C7:28C7,4,3,0,0,0,0,3b6f9acdc28428776685ec006bcb248f3de5b2040bf65e6944528b84a8e98588
9,86,0,C7:28C7,5,4,0,0,0,0,51d2e38087c3638d9865c3d1969034342d73943d2e8d9f76b2ef0e6a181d49e0
9,87,0,C7:28C7,5,4,0,0,0,0,b3109f187348665c3e046ca7750f2e71fcbcf04315e7075ef193ae9fa42d10c0
9,88,0,C7:28C7,5,4,0,0,0,0,b3109f187348665c3e046ca7750f2e71fcbcf04315e7075ef193ae9fa42d10c0
9,89,0,C7:28C7,4,3,0,0,0,0,d3528d697eff5b3cfe0f4cebfc443afe865e72f06ff6a9418d3c21a162ce116e
9,90,0,C7:28C7,5,4,0,0,0,0,07eaff98006741491561ccc843af226c363da51126d74732cf161f097de96665
9,91,0,C7:28C7,5,4,0,0,0,0,485fdedebb1c74a996c41c2d71a34f57fc740b16fe5b920c83133efa300036d3
9,92,0,C7:28C7,6,5,0,2,0,0,909282eda4abd1decd2d90d022fb96b84f8e58e5b8548860ad0d1e636b847aa8
9,93,0,C7:28C7,9,8,0,0,0,2,33950efeabcf976cfc8f73582721bd8603fe3ca5a607fa7206e8f215a988dc25
10,0,1,C7:2AA1,1,0,0,0,0,0,6e340b9cffb37a989ca544e6bb780a2c78901d3fb33738768511a30617afa01d
10,1,1,C7:2AA1,7,6,0,0,0,0,df149b71a18917f2eec223d12ef2d7729a008182ff9d741a995a30869f7e8f8c
10,2,1,C7:2AA1,6,5,0,0,0,0,1c520bd56d2332756ff9e87c8cd9ddf2f523547ee40bba18731d1a8b01d85c76
10,3,1,C7:2AA1,3,2,1,0,0,0,f21b6d54e47efdcd12c2f6e4bce0914b76f8d708657aa58eec5501faade2e6f2
10,4,1,C7:2AA1,6,5,0,0,0,0,e0123c85c407fca422583d86863a9b4a55f70d635bcb768398b93cc7b70ccdb5
10,5,1,C7:2AA1,6,5,1,0,0,0,776430d080af0bbc2038da9de4885c5920c04ea61352535f6f2a87ee97b69c83
10,6,1,C7:2AA1,8,7,0,0,0,0,79adb57d0e709db8a79894a3ec161c4f238bc7d65e5d5dfea7c28fa00091ed3c
10,7,1,C7:2AA1,7,6,1,0,0,0,1470224d2bf23246787318bb803eb62aab13b1c96e1cb678b04f40e64fd31e3e
10,8,1,C7:2AA1,7,6,1,0,0,0,0f8534c478bf549c83afb37d4241e7d912e8e00f57acce91701986a44ff3f053
10,9,1,C7:2AA1,6,5,1,0,0,0,1c16f0194ffd47a6d17467a44b6da6b041720b34ac8e1cca30e2a51f7e623ec7
10,10,1,C7:2AA1,8,7,0,0,0,0,428ccb8fbcd0539209900096f0fd5fbeaf97e042983d2803ac06a66e13e7aa72
10,11,1,C7:2AA1,5,4,0,0,0,0,d20da102e83e17b442a685798c3a510e1a3b69a2a0bd172ac8d13de4319aa7ee
10,12,1,C7:2AA1,4,3,0,0,0,0,8c07e0a1cda167acb1dd6939be4eb349b44cb934807a3ec847e1dcb7418c8b4d
10,13,1,C7:2AA1,5,4,0,0,0,0,68f77a5c96af1fee85ac1cad30d15be67bb6b86f8a95e724a7d45dc8e29ab68b
10,14,1,C7:2AA1,5,4,0,0,0,0,88e1a4a2986818603853bed56f0b3a19347251544cbc62d652ee3fe93e2711e3
10,15,1,C7:2AA1,7,6,0,0,0,0,febdbdc14e36367ff190685c108d47502f2c740f2776a9c1760860ec1658665e
10,16,1,C7:2AA1,9,8,0,0,0,0,bc97d3a259aa0f53c8bcc87f6d5214f9af2884019a08dfd4d04216330131f8a4
10,17,1,C7:2AA1,7,6,0,0,0,0,4e244dbd79c2cbe85c4ec8cdb9d2276d57e09c9930cf671df24e5f1d93993819
10,18,1,C7:2AA1,9,8,0,0,0,0,2416baaeb4bbd2cb3d6f66edf643a31a75f08033b8fba04905b9a00f03827f6d
10,19,1,C7:2AA1,9,8,0,0,0,0,1acbafc8112276ad611789433c2ff970a4d480e2a2efb0b4df91ad05f2197dbd
10,20,1,C7:2AA1,8,7,0,0,0,0,24b9fbbf9aa5befbe16a7fdffc1495227e8a3a9ce840453aeb3c60f8c53d2213
10,21,1,C7:2AA1,5,4,0,0,0,0,814971cf0507fcb56d8c401c8fd2818a56d406b988196f0dfaed3068c04d820a
10,22,1,C7:2AA1,5,4,0,0,0,0,6ceeef68ecdadf680e40ee6aed4c1e1b0114c4827bac6e69328e1d38e8fa1a3a
10,23,1,C7:2AA1,6,5,0,0,0,0,0e1eff060098dc7baf92366ca942b55f9858fca2a68a56f148c8e95e6f044255
10,24,1,C7:2AA1,6,5,0,0,0,0,c2e3af385c26f6d24887e22426bb53ad70815f4b177f4f49e04266f76f6af085
10,25,1,C7:2AA1,7,6,0,0,0,0,c0af1ee1a54c5974d5abc3cea728698f5ecf46cc4eb51f788f61dab97f0f7b97
10,26,1,C7:2AA1,7,6,0,0,0,0,fec3997a7cd96b5970f07abd1cf672afb17771566f5b9e5b3b792fb80fde50fb
10,27,1,C7:2AA1,5,4,0,0,0,0,27c27f177fbfadbb223ecfb9b60c873ae46ec0ae07d1325c934b401b57393333
10,28,1,C7:2AA1,4,3,0,0,0,0,619293c786f5b710b2748930596d75a837404e73bb9218357b74538002a98a69
10,29,1,C7:2AA1,3,2,0,0,0,0,5c98f8ff9780757346f25e39927d865e6c6e4b4774d46ab6cd1aa62012411e39
10,30,1,C7:2AA1,4,3,0,0,0,0,37edd50dd56170596e6ae6220bc769fed9719fef072a83e3581b636abf5e2713
10,31,1,C7:2AA1,4,3,0,0,0,0,47777b2bfd158ff74a142930fe3ead51bf2a5af5645c839b01132f77f117b411
10,32,1,C7:2AA1,3,2,0,0,0,0,cda58226d9e11c52197882978f99b07e8a4f6e7f6f1971031087d9ebded12886
10,33,1,C7:2AA1,8,7,0,0,0,0,04ff0b1d21dbbbdc27cff0ef5f8a874b85c84e7c2a993b7672babaf76261371c
10,34,1,C7:2AA1,7,6,0,0,0,0,0f239d37a7173eca6d8eb36dfb42e1612ba070ed9ce904ce4d1b8667b45759a3
10,35,1,C7:2AA1,8,7,0,0,0,0,f625723d5c722f790161ab94f5ad6663f1fa1f35a929d74f00df86654a2718b7
10,36,1,C7:2AA1,8,7,0,0,0,0,be4bea4173f3eedbe2c57fd8fb1cbf6e1e98daac8c32a365823b3cc5f356e261
10,37,1,C7:2AA1,7,6,0,0,0,0,3b798d2d200de26b78110dc3431663910dcb6b313f2ed9e8ecf9a86ec42eaa39
10,38,1,C7:2AA1,9,8,0,0,0,0,b9b98bc4b426bfff444f8aac05ce5b62751052d9c13cb509f4f5c691f58a6a95
10,39,1,C7:2AA1,5,4,0,0,0,0,1ecc20471f1b53f38c7c4d0c83a2c365415d3ec8d37e6819cd28a07b04c1beac
10,40,1,C7:2AA1,9,8,1,0,0,0,0430cea1148754fe760845f2ffc0f5f5f889c81c7be186084ac5b40ecf2bfba0
10,41,1,C7:2AA1,6,5,0,0,0,0,31f984247a7d15c411bec0b204f7ae60283386ffd7cb70fd6824b2a8dc40e4e5
10,42,1,C7:2AA1,8,7,0,0,0,0,1175c1c0dd3934b4cd621a31b272b18df794d1e9ccbe1a5c5f479af1b2da369c
10,43,1,C7:2AA1,7,6,1,0,0,0,6813e7b31c096901a33d087dc7bc732f7c25c7f48fcf2a0b6e91cb37c0a697c8
10,44,1,C7:2AA1,8,7,0,0,0,0,2ba66de83e73703772cf09cc5a749fb726a7f2c8bdef6e9d40d79fce2caef639
10,45,1,C7:2AA1,7,6,0,0,0,0,cc334e3f125aa8c3a180bb64dacfc3f8b142292e1c80e0e80d929aa715e095f3
10,46,1,C7:2AA1,7,6,0,0,0,0,8dab4ac9b5b7f0ea6bfd806463b70b088d2edd080d16158946a33579c2e866e3
10,47,1,C7:2AA1,8,7,0,0,0,0,bc4b74ac30e8396cd40aef633dc77185d156f5afd319a607f0d3053ba3917f01
10,48,1,C7:2AA1,9,8,0,0,0,0,0e32e12915d0ad41f0f984fb526808f708b4b5c278605b5f8e11744d9cbb4511
10,49,1,C7:2AA1,9,8,0,0,0,0,db295e30f8fac1569a1a3a23886d5928c7f2935cfff45d46391ede20d3c6a5e8
10,50,1,C7:2AA1,4,3,0,0,0,0,6c4bfeb6f263472232634ad1f9e45fab709772b66578129d730a0d212dad7f2c
10,51,1,C7:2AA1,8,7,0,0,0,0,539516330de8add5afa657919ebdc2049e6eaaa367f24f9ffe137ad173416422
10,52,1,C7:2AA1,7,6,0,0,0,0,ee14b49062baaab72d268e0744ac79a84078cb06f09009173d145d2444ab7c9d
10,53,1,C7:2AA1,6,5,0,0,0,0,fef3db154489c2a3a238af181b6a180a3399cb7e4710d186770fd89b157a43a6
10,54,1,C7:2AA1,6,5,0,0,0,0,a3d463a7b1719799da4bc6d3c7f66a64076b433ae9e74f9319f4581dd949c3a2
10,55,1,C7:2AA1,7,6,0,0,0,0,8c12f1bbb7e92c729ddf5a842e54d6821a1f5013de955d4374a9aead9c42e278
10,56,1,C7:2AA1,6,5,0,0,0,0,02f0e1fd89a86f76a284d97b331013a9934e758d6982336dc09c9cdc23566bbc
10,57,1,C7:2AA1,7,6,0,0,0,0,6e5674e27f3e28b2b928d5e2d090d3c82e52aab12f245a98ed17ceb83fd8b5b5
10,58,1,C7:2AA1,8,7,0,0,0,0,b618aa4014afbaea9f3673e4a2e789998e8abf24f9a4027bc541869d846df431
10,59,1,C7:2AA1,8,7,0,0,0,0,a674e006e32ffabe68195366747b7e2ee7fa3b9d2e2ef165ddf41e9a2ac877d0
10,60,1,C7:2AA1,5,4,0,0,0,0,0fe6925b4657e98fe2cbd55228e8dbb5b6313b03d7788a8813af591718a0d9a5
10,61,1,C7:2AA1,7,6,0,0,0,0,f363becb367ddd4706f6003c380662f1b1d1fb419b238e18f8fe55c2d926275d
10,62,1,C7:2AA1,5,4,0,0,0,0,313faf97a41a75a086279b9267fca6381865a18954d92211c5925a2307f6c614
10,63,1,C7:2AA1,10,9,0,0,0,0,e204533a0b811ae0ad49c20c841d6565812b4458c8974d164cdf313bee26c08c
10,64,1,C7:2AA1,6,5,0,0,0,0,120a896e9f012b630b116b0d4d857698414c292ae208880164e806b1015b41b5
10,65,1,C7:2AA1,7,6,0,0,0,0,36c62709b86399d6d03264f44cf916d922e9a59916c078ef67ea33176d8da92f
10,66,1,C7:2AA1,9,8,0,0,0,0,275bbf09b8ba72707547fd17993875f0e625b8ad06338ac33ac45dc220efc9b0
10,67,1,C7:2AA1,9,8,0,0,0,0,9bf5e7328089e3fb75c319c1ff0fc831e6c6307ef820b965a7709bddabfcb8d9
10,68,1,C7:2AA1,8,7,0,0,0,0,b47653c3914cac84d6491c5b08ffa7d00cfd37fae7e4445514ce5cfe24fb39e3
10,69,1,C7:2AA1,3,2,0,0,0,0,0dfef8500f20463f53c3bd3b6053bd1e17646a441fd4ce4b5ddf0cae4295ef94
10,70,1,C7:2AA1,3,2,0,0,0,0,0dfef8500f20463f53c3bd3b6053bd1e17646a441fd4ce4b5ddf0cae4295ef94
10,71,1,C7:2AA1,7,6,0,0,0,0,3b7a7fdb827ddc657e52634c2035604bfaa33ee17d94f88194b390b1965d5996
10,72,1,C7:2AA1,9,8,0,0,0,0,d119857180eb53e2dbced19f1a4318ad6b50360b9d10a798bf9960a95cfedcdf
10,73,1,C7:2AA1,6,5,0,0,0,0,071f1ba7fa698471779b715b13187edc1b6ac25c8b0d4acc09cdcd85fe56b052
10,74,1,C7:2AA1,8,7,0,0,0,0,82d8018ad92a6f8627c7ddc56fea6caef8e25c7515fbbdf29e84c88ae55c8240
10,75,1,C7:2AA1,7,6,0,0,0,0,2b993c6be802c5f133081551e5000e0d2314784db0f60bcaf5c5a7eeae02f191
10,76,1,C7:2AA1,9,8,0,0,0,0,f99068b932b41529a0243acdf029e2c36f3425d949ab207ed1bf2cf99af52581
10,77,1,C7:2AA1,8,7,0,0,0,0,a17574f771168614c114681ad05bde5429178652a708c70d70825162a12d1f6e
10,78,1,C7:2AA1,9,8,0,0,0,0,50bf1a366e541ed92158ddff0cfae7907620f32a98b80f478e9230e8e800b590
10,79,1,C7:2AA1,3,2,0,0,0,0,75fab30de1d7f6208b66a70883ad1720af0bca131b9dcfcc53d2168006b41497
10,80,1,C7:2AA1,3,2,0,0,0,0,0dfef8500f20463f53c3bd3b6053bd1e17646a441fd4ce4b5ddf0cae4295ef94
10,81,1,C7:2AA1,3,2,0,0,0,0,0dfef8500f20463f53c3bd3b6053bd1e17646a441fd4ce4b5ddf0cae4295ef94
10,82,1,C7:2AA1,8,7,0,0,0,0,665230f972896557a70d8c6def6a7deb8af44cf14ec7acdd11d0e0bfe143e2dc
10,83,1,C7:2AA1,8,7,0,0,0,0,a284dbedceafe891e5fc8809c8783238367de07851a978ecf6c28f56005254bd
10,84,1,C7:2AA1,7,6,0,0,0,0,cd3fae2e44dade0e6314dfe4d6274ee4afacbbaaabb6f61400b326360315dcfa
10,85,1,C7:2AA1,1,0,0,0,0,0,6e340b9cffb37a989ca544e6bb780a2c78901d3fb33738768511a30617afa01d
10,86,1,C7:2AA1,3,2,0,0,0,0,0dfef8500f20463f53c3bd3b6053bd1e17646a441fd4ce4b5ddf0cae4295ef94
10,87,1,C7:2AA1,3,2,0,0,0,0,0dfef8500f20463f53c3bd3b6053bd1e17646a441fd4ce4b5ddf0cae4295ef94
10,88,1,C7:2AA1,3,2,0,0,0,0,0dfef8500f20463f53c3bd3b6053bd1e17646a441fd4ce4b5ddf0cae4295ef94
10,89,1,C7:2AA1,3,2,0,0,0,0,b2dad7917a9f92fec3cbdfcb20ebd3d29f0191f388b4e0360da90708482bc5b6
10,90,1,C7:2AA1,5,4,0,0,0,0,2c25c58c1575cf93ccc15dbd68cb6cce9e1f7d7d1e8da28ef1f87baccb9c83a8
10,91,1,C7:2AA1,6,5,0,0,0,0,72483b7fba21b438f994cd8734067b27083832355cac7ac9da4fe5eacf3d00a0
10,92,1,C7:2AA1,8,7,0,0,0,0,6e95b34c391d68242f9a745cfad94e22e20778c03798cee3b7ef2c282e339b37
10,93,1,C7:2AA1,8,7,0,0,0,0,60a6a5e95b08465b60f67416300cd109bbee07f33bc85ad3ae762bf5c3e93be2
10,94,1,C7:2AA1,7,6,0,0,0,0,970c490c0d7b590459fcb57915e53b6a7bb09668ea99205fe9c04e738ab5e410
10,95,1,C7:2AA1,8,7,0,0,0,0,c42264dc877f60d6b984efa2ca6b321772598592cafa080c634955b9d92eb011
10,96,1,C7:2AA1,9,8,0,0,0,0,b24d1d0b7a1a2d2fc80282e43cd46b9de3dbbf5118dbbea861ca3e376555b891
10,97,1,C7:2AA1,8,7,0,0,0,0,88c9d9840411df9f9f80fcbc48eaa3a842c0f3a3cfd53b7f85e337659c31744b
10,98,1,C7:2AA1,9,8,0,0,0,0,0534f42029602cbe1f2df09272956e9063fd949b906b5661af35c9ef33ec9f13
10,99,1,C7:2AA1,8,7,0,0,0,0,c779d5d637f3e1247f1a7c9d4a914f7c748d0f68d56584df2116b0c952995084
10,100,1,C7:2AA1,5,4,0,0,0,0,22e47392609252f723c5fba46a73293999d0c3b9279708fdbca5c4613f750575
10,101,1,C7:2AA1,3,2,0,0,0,0,0dfef8500f20463f53c3bd3b6053bd1e17646a441fd4ce4b5ddf0cae4295ef94
10,102,1,C7:2AA1,3,2,0,0,0,0,0dfef8500f20463f53c3bd3b6053bd1e17646a441fd4ce4b5ddf0cae4295ef94
10,103,1,C7:2AA1,3,2,0,0,0,0,0dfef8500f20463f53c3bd3b6053bd1e17646a441fd4ce4b5ddf0cae4295ef94
10,104,1,C7:2AA1,5,4,0,0,0,0,1b3d887a55300b98255b4c5c786e9229a198bcddd0e8b1ea11364896149b1824
10,105,1,C7:2AA1,10,9,0,0,0,0,14550d5f9eaed8b02a89110f48ce7b986dcc2de8ddeba1890c0ac75944bc40ee
10,106,1,C7:2AA1,9,8,0,0,0,0,d4cb1891270c5025eec14dfa2d7d0b8270f8af3a7c7979c53ad034178a9d387b
10,107,1,C7:2AA1,8,7,0,0,0,0,469b10e55f9df4f3e76cee87e8d4966c4023b551f356f1e0329ac733dc65232b
10,108,1,C7:2AA1,7,6,0,0,0,0,621136b684b567831c3480c2b7d580f9d44eab0b6f7ff7caa86104434912cc82
10,109,1,C7:2AA1,7,6,0,0,0,0,87ef02219e70d10fa0918b03690bee0a25afad2c5575e3c5151a435eeca72a0a
10,110,1,C7:2AA1,7,6,0,0,0,0,cdb39928e63f8028837b3d5dec6680dd4afafc501b3011723d84f087aabd4e9f
10,111,1,C7:2AA1,8,7,0,0,0,0,157a04b52e940ea0bdb9e449de6a6944b5c6260fd7398f10d07d1414800761b0
10,112,1,C7:2AA1,7,6,0,0,0,0,4c2b951b35ebd85fc2c6235e2971408ec3aa9f2fe718a5fed9f9bb7a07356f46
10,113,1,C7:2AA1,9,8,0,0,0,0,55d349d9002bc299167af757e24c6789032e42f030669fcab952243f28b1de51
10,114,1,C7:2AA1,6,5,0,0,0,0,15478ba13bf6de5ae65460d5a30b1adbdcbedd156eb574fb1613daf9cc3d4d56
10,115,1,C7:2AA1,1,0,0,0,0,0,6e340b9cffb37a989ca544e6bb780a2c78901d3fb33738768511a30617afa01d
10,116,1,C7:2AA1,1,0,0,0,0,0,6e340b9cffb37a989ca544e6bb780a2c78901d3fb33738768511a30617afa01d
10,117,1,C7:2AA1,8,7,0,0,0,0,715eb1f84cc7c36d62000524cdbfb277809af09fbcff83198269e73b2bfdc923
10,118,1,C7:2AA1,8,7,0,0,0,0,ef22e1d113270f4c2a4ce09a500c5ee96be65409c3060e20c82ca856952257a1
10,119,1,C7:2AA1,7,6,0,0,0,0,bc51ceb3b249b9ad3ec6669ece2cd991231dc1036d72face45165b4b3cd4aed3
10,120,1,C7:2AA1,7,6,0,0,0,0,9be8a9a892e13a056a7272ebd673f88ae99a898c95e4849b7c699ed83b1dd69b
10,121,1,C7:2AA1,5,4,0,0,0,0,05205b63450cb23eefb0325ac4b1a3ad5ac653c31161521bdb1ae5114ad0d305
10,122,1,C7:2AA1,3,2,0,0,0,0,c9290fe78e8ef265e3ca779bf84ec75a987ba14eea31c2e5b3b2588ccaa3eedf
10,123,1,C7:2AA1,5,4,0,0,0,0,4419f50ca8c17e468f78de768f43d0df7b677966807c443f440c426d6a7bf24f
10,124,1,C7:2AA1,10,9,0,0,0,0,6fbe2018af2638f4785bf299aa71ad6d827c39dde857376b627dab2a868d89cc
10,125,1,C7:2AA1,3,2,0,0,0,0,0dfef8500f20463f53c3bd3b6053bd1e17646a441fd4ce4b5ddf0cae4295ef94
10,126,1,C7:2AA1,3,2,0,0,0,0,0dfef8500f20463f53c3bd3b6053bd1e17646a441fd4ce4b5ddf0cae4295ef94
10,127,1,C7:2AA1,3,2,0,0,0,0,0dfef8500f20463f53c3bd3b6053bd1e17646a441fd4ce4b5ddf0cae4295ef94
10,128,1,C7:2AA1,3,2,0,0,0,0,0dfef8500f20463f53c3bd3b6053bd1e17646a441fd4ce4b5ddf0cae4295ef94
10,129,1,C7:2AA1,3,2,0,0,0,0,0dfef8500f20463f53c3bd3b6053bd1e17646a441fd4ce4b5ddf0cae4295ef94
10,130,1,C7:2AA1,3,2,0,0,0,0,0dfef8500f20463f53c3bd3b6053bd1e17646a441fd4ce4b5ddf0cae4295ef94
10,131,1,C7:2AA1,6,5,0,0,0,0,40fbfcb788f95aca3de996f020077d50a8c8839beeb16ca678060b957445f7e2
10,132,1,C7:2AA1,7,6,0,0,0,0,067d665df0487d55bf1d49911bf34e2cb19cdb68f26956249c6d5490f62be0b6
10,133,1,C7:2AA1,5,4,0,0,0,0,114589cf35b45f01d039276fb9573975d2e2d13fbe9d1a5f6423efc90e37a2cf
10,134,1,C7:2AA1,10,9,0,0,0,0,c37f9fb3ce23af85b446aa60b28386d655ab09d4c243bafa500666fd2cba71d2
10,135,1,C7:2AA1,8,7,0,0,0,0,029696118fa73e58f8b4b0acebdbfc810c1346e7d46cb40cc5cd6e19a6937610
10,136,1,C7:2AA1,8,7,0,0,0,0,1739ef49668a155377aaa1ff575021d9bf9e4d1680f0429da58e569e793a5db6
10,137,1,C7:2AA1,5,4,0,0,0,0,ea7183435b6546d50154be170570572c465db9b8b5fbb17abb5458e9a3aa9a3f
10,138,1,C7:2AA1,8,7,0,0,0,0,8a422e3a9f7404a844a2c332ded8a85ec027acb2fdf0df7ee07e374d43841a74
10,139,1,C7:2AA1,8,7,0,0,0,0,ec021d4fa6e0d55841af1c5165a86ced277aebd61d16122b27f8bb97b3ff3aa7
10,140,1,C7:2AA1,9,8,0,0,0,0,97b88e753ded284d5f4eee4959401da281ea3dbf924ffd267f774b9997d3def3
10,141,1,C7:2AA1,8,7,0,0,0,0,2a7a4dcb63d70d9627b09cb7148908b91c2bc4025ad8df356bb689db06e01824
10,142,1,C7:2AA1,6,5,0,0,0,0,51f3f20104e93ace5921c2fccd0fb1389a69367c886c06937a83a8ade4e1429b
10,143,1,C7:2AA1,10,9,0,0,0,0,b46d02526b3bcd12f2d042cfbc1d5509560e2be18eff89d29513a43f880c9770
10,144,1,C7:2AA1,9,8,0,0,0,0,5fe2fff43ca31bc57a7e016b2903a9a5aeb0fa5c3d92632a95ea248b9732fcf3
10,145,1,C7:2AA1,1,0,0,0,0,0,6e340b9cffb37a989ca544e6bb780a2c78901d3fb33738768511a30617afa01d
10,146,1,C7:2AA1,1,0,0,0,0,0,6e340b9cffb37a989ca544e6bb780a2c78901d3fb33738768511a30617afa01d
10,147,1,C7:2AA1,7,6,0,0,0,0,7c7735ac75f942db3bf286b9f25fe33d8ecdcd1886031bd681dbcfdfaf708782
10,148,1,C7:2AA1,9,8,0,0,0,0,45e6205c57fb3ba91ad309fd794e31b57bda1eae5a0a9efa0b780e25e154d669
10,149,1,C7:2AA1,8,7,0,0,0,0,9d0d6b99a7a4092e611d96e2f6b7e4da0255b1eb910c2dfd39002923bbf59962
10,150,1,C7:2AA1,13,12,0,0,0,0,7c2f81c8b760798be042244e8a3b27bbe9d333fb05f9bbf75bab9a6c2d01bc8b
10,151,1,C7:2AA1,6,5,0,0,0,0,476c80f9e04de4fd302abb0619f2e11d479e979295ee269329e8cc7cf2b4761f
10,152,1,C7:2AA1,1,0,0,0,0,0,6e340b9cffb37a989ca544e6bb780a2c78901d3fb33738768511a30617afa01d
10,153,1,C7:2AA1,7,6,0,0,0,0,20f64e0efe7687a2348874b4eb545309d11f3f865fa5acbe2d3954fae2809868
10,154,1,C7:2AA1,8,7,0,0,0,0,793ac9af391500e5af4433351f55bff200267c4b1fbed0be98c8ee4c135d6823
10,155,1,C7:2AA1,7,6,1,0,0,0,b6c14b84af16683c74eba985f58340c72297fd8242f9546b5c6b8ded753d79de
10,156,1,C7:2AA1,7,6,0,0,0,0,f1d77db9f8d5ee4e430b3042e46d79c70a943ccaae0cdf34ddc31620d1da8669
10,157,1,C7:2AA1,11,10,0,0,0,0,b030701521c48bdd4fbf2c635ab65c63db2044421656d2cd02c17181a62c8a69
10,158,1,C7:2AA1,11,10,0,0,0,0,6feb6574766c91d29f46c5700d23e40782f494934cc096c1e87c44a765ec016e
10,159,1,C7:2AA1,12,11,0,0,0,0,74b09deec2c633ad1d207ef0087242dab506c7e169ac3978655b9ec70c730f94
10,160,1,C7:2AA1,10,9,0,0,0,0,4ed48714e4a9504c674c31c600646c48c656ef3763a3e72f981420b986d45bd9
10,161,1,C7:2AA1,11,10,0,0,0,0,cf8cc6194b631c1f7647cfbae84ca627e1f590bd32024d4581ba163a9a0df358
10,162,1,C7:2AA1,10,9,0,0,0,0,2600990ecb56fa93084a26b86e36a527b2938950b3447b9a05776c21bd37b3a1
10,163,1,C7:2AA1,11,10,0,0,0,0,ea1c5cabe13ab839669fa9fa195569075e266e0570ecab8e4329bdda07f1553f
10,164,1,C7:2AA1,11,10,0,0,0,0,c6e9dbb50ff86a2ea49a72a31566b62989f0e185f8da4c1544ce41304b4d596e
11,0,1,C7:2DF3,1,0,0,0,0,0,6e340b9cffb37a989ca544e6bb780a2c78901d3fb33738768511a30617afa01d
11,1,1,C7:2DF3,5,4,0,0,0,0,3d33e4632d882213cfdc924eb1537e6291ab3754aeeae8db9724d9d8fce18033
11,2,1,C7:2DF3,4,3,0,0,0,0,5c16d0a4933e0e7d1afb437cd43eb23468120363ef17412131e21e87aa45079e
11,3,1,C7:2DF3,10,9,0,0,0,0,dbe20f9c27584b6ceae4163e7a95bb417adad583b7c103058943976fad1943e2
11,4,1,C7:2DF3,9,8,0,0,0,0,8302f220c2173fb018fec3897b7f0f78584e17e10068cc127be236afc0c785e0
11,5,1,C7:2DF3,10,9,0,0,0,0,7398db589e618979b30e93963333610b01ff530648f67a2e5f3d2049d187cca4
11,6,1,C7:2DF3,9,8,0,0,0,0,ff2798228b487222fdc5770d82336c38324630d58c568c81c4fb272e75f257e1
11,7,1,C7:2DF3,10,9,0,0,0,0,96a83b861060213988dc2bbf18b3b109429fb2ed45ac3aecf22ad1e98d83e934
11,8,1,C7:2DF3,9,8,0,0,0,0,d35d2d76da4c827a665f3a824a072b90490dd1cd7997ed01f1f188fb979b3103
11,9,1,C7:2DF3,10,9,0,0,0,0,8addf28ed3ee26760ab6c62c3af3dc2067de6c52fecb5d35f7d669ab5ebc3ccd
11,10,1,C7:2DF3,7,6,0,0,0,0,3b7bd49a470ea17d03dab4679f1ce6e8dbb0c02417bac0a0e3b803e1f7fc5542
11,11,1,C7:2DF3,9,8,0,0,0,0,41b42a780960cfbb3be7e2997ec2c2dd4acd4a95f41d518562a9bb3fcbb77bac
11,12,1,C7:2DF3,9,8,0,0,0,0,816c5ac27e25c7279863093f793596ec871417768f1199ad43f3fbbd2faf4587
11,13,1,C7:2DF3,6,5,1,0,0,0,c0fe7ab26b321423632db6049becc4c744420375b2027d778302d33a0e0cf980
11,14,1,C7:2DF3,6,5,1,0,0,0,c0fe7ab26b321423632db6049becc4c744420375b2027d778302d33a0e0cf980
11,15,1,C7:2DF3,6,5,1,0,0,0,c0fe7ab26b321423632db6049becc4c744420375b2027d778302d33a0e0cf980
11,16,1,C7:2DF3,8,7,0,0,0,0,137e728de89eb718b82375a3a7f4aec8105c8e27dfb669514cc68c00100e3c14
11,17,1,C7:2DF3,9,8,0,0,0,0,5bdb85034a03621ca9656e730425f3046b1407c50ef48d4323ae3d41ad03f8e6
11,18,1,C7:2DF3,9,8,0,0,0,0,ce9ccf80a81a343a6da0952f2d4379ba5b79ca4a0807f2675ad7a05013c21e1e
11,19,1,C7:2DF3,10,9,0,0,0,0,1067d2a855fe068fb127e37d46d5a4a56aeb469598dffa8b59a8b25278d596c9
11,20,1,C7:2DF3,8,7,0,0,0,0,9e4717e7c841117c7f76448dc562674a2b493a3319ca9905bd46cc7b71e312c0
11,21,1,C7:2DF3,3,2,0,0,0,0,0dfef8500f20463f53c3bd3b6053bd1e17646a441fd4ce4b5ddf0cae4295ef94
11,22,1,C7:2DF3,8,7,0,0,0,0,579cdf2bbaf07d10363ccab5290f39494c27327d8df212e181fbbed8a0c4fcd4
11,23,1,C7:2DF3,8,7,0,0,0,0,cdab17dcca17a7b562bb0e92406c81e48a7415d5a40d25f0b2b356f979b0de5f
11,24,1,C7:2DF3,6,5,0,0,0,0,9995e0cc0ca8c2afeb3e7cafc4f0bfde1cbff1015aa55380ab57b219af9f6b5d
11,25,1,C7:2DF3,7,6,0,0,0,0,6f8ec7dbbb1d451939f397851d9adbd3c52d4e9bdb357959a824f7193cbd2bb2
11,26,1,C7:2DF3,6,5,0,0,0,0,c6f9a7c41a956a13bf4ea59546d26170eb2c285ce4f51554022e87dbb8a228ab
11,27,1,C7:2DF3,7,6,0,0,0,0,a66167fa5e6017cd9a5046602db9e9a40ced854071a197fdf5e71332e81be04c
11,28,1,C7:2DF3,4,3,0,0,0,0,cdbc2c14102d73478d905ebc91f56bd50f47c827753682010b9714b4001ba0e1
11,29,1,C7:2DF3,6,5,0,0,0,0,4aeb46ab626a52eb7a8350a1451c5b0e35f119a74b7343217f3056896a439732
11,30,1,C7:2DF3,7,6,0,0,0,0,a48cba6e557658025b3ff1504821e6e68818f6dcca73df9ad694ae7b9dd67b17
11,31,1,C7:2DF3,7,6,1,0,0,0,8840f885a56d70c74f6a37985599f2a7d78856e078bf9cb16e979d5f08a3883b
11,32,1,C7:2DF3,3,2,0,0,0,0,0dfef8500f20463f53c3bd3b6053bd1e17646a441fd4ce4b5ddf0cae4295ef94
11,33,1,C7:2DF3,3,2,0,0,0,0,0dfef8500f20463f53c3bd3b6053bd1e17646a441fd4ce4b5ddf0cae4295ef94
11,34,1,C7:2DF3,3,2,0,0,0,0,0dfef8500f20463f53c3bd3b6053bd1e17646a441fd4ce4b5ddf0cae4295ef94
11,35,1,C7:2DF3,5,4,0,0,0,0,ad52cd467fd7d13774587815214043a368aaae2a83ebe5ddbfc1ecd06ea25de4
11,36,1,C7:2DF3,7,6,0,0,0,0,5ce563ba5df008d7c2dcd35c65aabdc422fcc6a06c345e89702fa3d19454f5d6
11,37,1,C7:2DF3,8,7,0,0,0,0,8bb447ab94bf88a8ee64d19ec7369aea2ab732afeef46933eea5c9e261f35a08
11,38,1,C7:2DF3,8,7,0,0,0,0,1902ca3e88b7105a2d0c02a610406176edc6a6018e8c993e63578de8f715ca05
11,39,1,C7:2DF3,8,7,0,0,0,0,994505d6ef5b7283592927aaa83ad5cb6ac67db293c5b704f5e98c057a20c437
11,40,1,C7:2DF3,9,8,0,0,0,0,a0b216965a94ab09b40f8b03e10e718450f923e7f6c01cda361c699a914f75d1
11,41,1,C7:2DF3,3,2,0,0,0,0,0dfef8500f20463f53c3bd3b6053bd1e17646a441fd4ce4b5ddf0cae4295ef94
11,42,1,C7:2DF3,3,2,0,0,0,0,0dfef8500f20463f53c3bd3b6053bd1e17646a441fd4ce4b5ddf0cae4295ef94
11,43,1,C7:2DF3,3,2,0,0,0,0,0dfef8500f20463f53c3bd3b6053bd1e17646a441fd4ce4b5ddf0cae4295ef94
11,44,1,C7:2DF3,5,4,0,0,0,0,d561b852d0b1e4bec7cad3912d4411d5f8e6f720f469c104aa8eaa0af67986f3
11,45,1,C7:2DF3,9,8,0,0,0,0,9612ce83705a867ad2440325d7e66bfa0e7d6f9fe2118cfe4bcf7200b9f1e1ce
11,46,1,C7:2DF3,8,7,0,0,0,0,4e20fcab4268702f1d0bccd28a9a32d836c625a43d5a0072463fa3d83f2f87b3
11,47,1,C7:2DF3,8,7,0,0,0,0,ec228a23a9ac0a2cec040c5ba5bfcd82b517a96cf603bb0cb679f5a19fb7ce67
11,48,1,C7:2DF3,9,8,0,0,0,0,223febd46f8fa34003870e618439b20a9cfe51139965f0fff6b8c42ff0447e55
11,49,1,C7:2DF3,3,2,0,0,0,0,0dfef8500f20463f53c3bd3b6053bd1e17646a441fd4ce4b5ddf0cae4295ef94
11,50,1,C7:2DF3,3,2,0,0,0,0,0dfef8500f20463f53c3bd3b6053bd1e17646a441fd4ce4b5ddf0cae4295ef94
11,51,1,C7:2DF3,3,2,0,0,0,0,0dfef8500f20463f53c3bd3b6053bd1e17646a441fd4ce4b5ddf0cae4295ef94
11,52,1,C7:2DF3,3,2,0,0,0,0,6f6696ae3180f07cbf4d81822857c3fb4098f8e052f3bfa3b44ae3bb067dd661
11,53,1,C7:2DF3,8,7,0,0,0,0,a262a4b24160069536f7473028236e466b748dff6f9d593efad1bb6e4e88096b
11,54,1,C7:2DF3,8,7,0,0,0,0,689f1fa9dd67dbd4847757cf1ff5641edf35cd3be725333d5b4d4642418c6fd8
11,55,1,C7:2DF3,8,7,0,0,0,0,fff27bfe62640adc2d09e2830495188a6d338c986830d4cf52ee92045eddf59b
11,56,1,C7:2DF3,8,7,0,0,0,0,f3a91c827d319fbbfc24c34578ea85cdd62e02795721a179e68b798ec73d7dbf
11,57,1,C7:2DF3,7,6,0,0,0,0,e041b60d3c2a64cea44a396bf530f31d418cf23626e9aab5de8556a3569fb98c
11,58,1,C7:2DF3,9,8,0,0,0,0,0fbf78e71265b9783d86832d5ae158ccb7eaa3aaa4171f4bc017675fc64a0464
11,59,1,C7:2DF3,6,5,1,0,0,0,1250adef290e90625c9ea23469b98150671028ebc348b97da33e841b5b200b4e
11,60,1,C7:2DF3,8,7,0,0,0,0,62fcad972d7e12950cacbe43cc7991abf6be6811a462edac36f5d72564e9aa8a
11,61,1,C7:2DF3,8,7,0,0,0,0,3adf39c3f7e4e1af3f467692d9cd7d8508dcd6ed5222c3563f259ca2a34df3d4
11,62,1,C7:2DF3,3,2,0,0,0,0,0dfef8500f20463f53c3bd3b6053bd1e17646a441fd4ce4b5ddf0cae4295ef94
11,63,1,C7:2DF3,3,2,0,0,0,0,0dfef8500f20463f53c3bd3b6053bd1e17646a441fd4ce4b5ddf0cae4295ef94
11,64,1,C7:2DF3,3,2,0,0,0,0,0dfef8500f20463f53c3bd3b6053bd1e17646a441fd4ce4b5ddf0cae4295ef94
11,65,1,C7:2DF3,9,8,0,0,0,0,a58765473113c647055825564a858761abb7fe70fb1a14a3730a9e6a2638fbb3
11,66,1,C7:2DF3,10,9,0,0,0,0,079fe0a2a2ca6c808ca80f77ca3b93f044f09892b3f2dda4fdd9f65e359737f9
11,67,1,C7:2DF3,10,9,0,0,0,0,c605bab115b0cbd8a999b5303caf47fa2b99e217c58e3c0ce9e2c8c5038fec8c
11,68,1,C7:2DF3,8,7,0,0,0,0,f2ffd5c88513ad0ff1dd97b90ed2b850f22a585b545bc30fdd4ea21779c9f1c8
11,69,1,C7:2DF3,7,6,1,0,0,0,1dfb1945a92e9ed79084c4b404d5f8bfc6b2909e3c4d1fc9d234d9f41651392f
11,70,1,C7:2DF3,3,2,0,0,0,0,0dfef8500f20463f53c3bd3b6053bd1e17646a441fd4ce4b5ddf0cae4295ef94
11,71,1,C7:2DF3,3,2,0,0,0,0,0dfef8500f20463f53c3bd3b6053bd1e17646a441fd4ce4b5ddf0cae4295ef94
11,72,1,C7:2DF3,3,2,0,0,0,0,0dfef8500f20463f53c3bd3b6053bd1e17646a441fd4ce4b5ddf0cae4295ef94
11,73,1,C7:2DF3,7,6,0,0,0,0,3d751e938b31d988a8cf6bf610369d0f83a10f53aafaf98659b7a150dbe7dce6
11,74,1,C7:2DF3,7,6,0,0,0,0,5e5b3830a7a92b26165083aca6dc49939912f72ee48851293b9544af73ee728e
11,75,1,C7:2DF3,7,6,0,0,0,0,3f9cf42afc20794a545f51879975335ef5515c1ad34128b8cb1caeabffeef276
11,76,1,C7:2DF3,7,6,0,0,0,0,cb99b1a4bba90a25a70f9772e091ee2da942badeacbdc580153be79c81c36c6b
11,77,1,C7:2DF3,8,7,0,0,0,0,b4f7617b0f52b1f0e1bfc50dfeb73bd7f2bed6bfa98f1b6701b67ff9c4773f1e
11,78,1,C7:2DF3,6,5,0,0,0,0,64ca67fe66d6a4997c24707e7a301fc33ab54514a4aa2da4052ddb08833197e7
11,79,1,C7:2DF3,6,5,0,0,0,0,a9708281b2ce4503999fbfb062d13e0c5f1ed8edf01e440aefe33cae75131032
11,80,1,C7:2DF3,9,8,0,0,0,0,7a4ef174d81d95778c9c493c5fefc1a9940bc20116f7edca9d1eb534d13f9c7a
11,81,1,C7:2DF3,6,5,0,0,0,0,cf788fb7a4261b8a662f0cd967ea9c5f51a6d9a49c83892adb7a7f85350b2b4b
11,82,1,C7:2DF3,3,2,0,0,0,0,0dfef8500f20463f53c3bd3b6053bd1e17646a441fd4ce4b5ddf0cae4295ef94
11,83,1,C7:2DF3,3,2,0,0,0,0,0dfef8500f20463f53c3bd3b6053bd1e17646a441fd4ce4b5ddf0cae4295ef94
11,84,1,C7:2DF3,3,2,0,0,0,0,0dfef8500f20463f53c3bd3b6053bd1e17646a441fd4ce4b5ddf0cae4295ef94
11,85,1,C7:2DF3,4,3,0,0,0,0,6503cc9a2b173140ab4a3bc742d25af237e9c94725b4ef992875dec607658754
11,86,1,C7:2DF3,5,4,0,0,0,0,dd5af71859cf25f469a7cfa55e48624feebcbde8c43b9a371ecb51005efec9f5
11,87,1,C7:2DF3,8,7,0,0,0,0,ec63c0ef7e83271d363f691159d8441d02b2f2023a4377cca741e38a831592b0
11,88,1,C7:2DF3,9,8,0,0,0,0,c771feb06902db4891213767978fc53f7a973bd875fd1e4b7bf54ee4fe9d835f
11,89,1,C7:2DF3,8,7,0,0,0,0,2c64341053fd336da2d28ffd8c8e869865fb88984405c9b332041ef4c760165e
11,90,1,C7:2DF3,10,9,0,0,0,0,b6183187a0ddca35640af236a068374c3100f7125bbd4861676d818a996e1a08
11,91,1,C7:2DF3,3,2,0,0,0,0,0dfef8500f20463f53c3bd3b6053bd1e17646a441fd4ce4b5ddf0cae4295ef94
11,92,1,C7:2DF3,3,2,0,0,0,0,0dfef8500f20463f53c3bd3b6053bd1e17646a441fd4ce4b5ddf0cae4295ef94
11,93,1,C7:2DF3,3,2,0,0,0,0,0dfef8500f20463f53c3bd3b6053bd1e17646a441fd4ce4b5ddf0cae4295ef94
11,94,1,C7:2DF3,6,5,0,0,0,0,938ec5b2e370edaa44378234b2af274b3f1807c6028600b5fec55de38252f3ec
11,95,1,C7:2DF3,6,5,0,0,0,0,52663c6595c3c757e1bbf53b74d2ebcf2c7714f24cbe78d412f74c513ab87149
11,96,1,C7:2DF3,7,6,0,0,0,0,41d0915ca2977eca22ee3f60099a08e21ddd2cf2aa90a673334c8f37b0ebd42e
11,97,1,C7:2DF3,8,7,0,0,0,0,2109acd9e7f8d0070fa982267f1d95aef7254cf125838918763be9c2b37c8ed7
11,98,1,C7:2DF3,7,6,0,0,0,0,3ff4ff02766ef7f097211cfb94130b40766645abdef8319a66beba829a9e18b3
11,99,1,C7:2DF3,8,7,0,0,0,0,8b681d9d55cda130ef2dc933e9da8823e903052b7b10412e7d3fc2a784ce4559
11,100,1,C7:2DF3,6,5,0,0,0,0,878b79646492e8faf6dccae5bfce6a3732f597a2bcb6fb6476d9eedf737e9a2e
11,101,1,C7:2DF3,6,5,0,0,0,0,eda70de9d42b4d1e8182c2dbd70565ce4b7605d3e8b9e61bde78e3a1be902dbb
11,102,1,C7:2DF3,6,5,0,0,0,0,12f1ee5a8e06c6360a07b5fe4d4933f76ce551c9dff85baad105005561d66691
11,103,1,C7:2DF3,6,5,0,0,0,0,f5fa2ba185b02acfa880553549984e6b7fb6ae902f19e0aef7b88ee9d62a0133
11,104,1,C7:2DF3,3,2,0,0,0,0,0dfef8500f20463f53c3bd3b6053bd1e17646a441fd4ce4b5ddf0cae4295ef94
11,105,1,C7:2DF3,3,2,0,0,0,0,0dfef8500f20463f53c3bd3b6053bd1e17646a441fd4ce4b5ddf0cae4295ef94
11,106,1,C7:2DF3,3,2,0,0,0,0,0dfef8500f20463f53c3bd3b6053bd1e17646a441fd4ce4b5ddf0cae4295ef94
11,107,1,C7:2DF3,7,6,0,0,0,0,27300b94cab5edcb61e0a4914fdf6a654edf02d8a4882321b92e35455966a5d7
11,108,1,C7:2DF3,7,6,0,0,0,0,a9a6e37498690ea9b0c726b3d9e0fa1606cea61660c8ee7e9d7f07d89f94615f
11,109,1,C7:2DF3,8,7,0,0,0,0,62ecb8d472fd1ffc4f93f5f3e46de3fc9218a303df06e6e514590ae33371042b
11,110,1,C7:2DF3,6,5,0,0,0,0,c2e8dc70b3115f43aab57642937ec8284715c64e42d3542652a4d75f5dd83d9c
11,111,1,C7:2DF3,3,2,0,0,0,0,0dfef8500f20463f53c3bd3b6053bd1e17646a441fd4ce4b5ddf0cae4295ef94
11,112,1,C7:2DF3,3,2,0,0,0,0,0dfef8500f20463f53c3bd3b6053bd1e17646a441fd4ce4b5ddf0cae4295ef94
11,113,1,C7:2DF3,3,2,0,0,0,0,0dfef8500f20463f53c3bd3b6053bd1e17646a441fd4ce4b5ddf0cae4295ef94
11,114,1,C7:2DF3,8,7,0,0,0,0,0dc81729780ee88f6539ddcce0eba278969587e5cc222e210ff47565eb6d07e9
11,115,1,C7:2DF3,9,8,0,0,0,0,f91030295f1ddbd0a270d3aafd4b22f9edf8f2472549e77fc715c74ee56ef238
11,116,1,C7:2DF3,9,8,0,0,0,0,10fcd5eb975ef915c05323b39bffa3a5706bdf7aca066a18bb41a6fc6d8405c4
11,117,1,C7:2DF3,10,9,0,0,0,0,5a5ccceda814fecb8c5218ce514ebd7b2a74e8e671ab46451f111f6bceeff565
11,118,1,C7:2DF3,9,8,0,0,0,0,a8761a64422df70eae0fc49cc8fe85ecad629c30f387023f07ab0f07f0df4e0f
11,119,1,C7:2DF3,10,9,0,0,0,0,193524e7d3556951bfecb2177208114f40cd9afdc0f31b6140b02211294ed83d
11,120,1,C7:2DF3,10,9,0,0,0,0,fdcbd53c9ac39bec99dfff4ad5f2a12e77972ab22c5d3927222b87089f9f7b83
11,121,1,C7:2DF3,10,9,0,0,0,0,d3499ba187f5911047f76717ca0a081165f51288d24e20ccace1d7170701ea52
11,122,1,C7:2DF3,10,9,0,0,0,0,084fde7c3d5452867d10dafc97a7edc774bfe30e74a01e33f79a6624d728866f
11,123,1,C7:2DF3,3,2,0,0,0,0,edab2e3ca223726656a8564252ed58a17ccac0913fc4b42f1c45945f9654b40b
11,124,1,C7:2DF3,5,4,0,0,0,0,f5c83c6d080fb6a93ef7eca9c9eb99cfecf9b41a3b6cdd3b39f9cce57af7ffce
11,125,1,C7:2DF3,8,7,0,0,0,0,701b151dd1e6f391f4a0e73dc14cc1951112b2202421b3ffb56571ffa940d236
11,126,1,C7:2DF3,8,7,0,0,0,0,12cd31d2cc7f234116dc3195bbd6c6b90318ded68cbd4c785b789b13e058a960
11,127,1,C7:2DF3,5,4,0,0,0,0,a5dfa55e28fc05aa9757f7cc28edc4fdadcce286d26133c728a499f498b7e044
11,128,1,C7:2DF3,5,4,0,0,0,0,953b9316186aca7caae0a4820010cca9a0ab5af7520b3caba0f5d2d26a31adcf
11,129,1,C7:2DF3,5,4,0,0,0,0,aceaa6df3be11b49aff26b0124e13160a2d3bc02661321b14b101945d2e00347
11,130,1,C7:2DF3,8,7,0,0,0,0,88b3eb3c23e59d239766b1d1766baf2931e32e853bf77afe7ffc1cd7f4a1d89a
11,131,1,C7:2DF3,3,2,0,0,0,0,0dfef8500f20463f53c3bd3b6053bd1e17646a441fd4ce4b5ddf0cae4295ef94
11,132,1,C7:2DF3,3,2,0,0,0,0,0dfef8500f20463f53c3bd3b6053bd1e17646a441fd4ce4b5ddf0cae4295ef94
11,133,1,C7:2DF3,3,2,0,0,0,0,0dfef8500f20463f53c3bd3b6053bd1e17646a441fd4ce4b5ddf0cae4295ef94
11,134,1,C7:2DF3,5,4,0,0,0,0,070374afd247f8d26be9562981c0b84747dd79a680f92276ebfa65d51ef29a44
11,135,1,C7:2DF3,8,7,0,0,0,0,29b8c19c26b1c3a3c61a19c13fa79120e4a75e0b68395bb5ff1c91e26aae7826
11,136,1,C7:2DF3,9,8,0,0,0,0,3e13ad33f2f9f9130db8505ac32747d31c162455fd500f7c3c85c693d932e77d
11,137,1,C7:2DF3,9,8,0,0,0,0,bf7cedd85928fa1ae169ff05ed12259c86998ffed64a3404c709ec2b97683476
11,138,1,C7:2DF3,8,7,0,0,0,0,468e11a0234fd738b6ed6e856e32174ec980c107557b27e922abef54946c436f
11,139,1,C7:2DF3,9,8,0,0,0,0,44b4ec7f4706e382f90ebcf870dff1ab5582b232621bd71774dbd21defc10019
11,140,1,C7:2DF3,3,2,0,0,0,0,0dfef8500f20463f53c3bd3b6053bd1e17646a441fd4ce4b5ddf0cae4295ef94
11,141,1,C7:2DF3,3,2,0,0,0,0,0dfef8500f20463f53c3bd3b6053bd1e17646a441fd4ce4b5ddf0cae4295ef94
11,142,1,C7:2DF3,3,2,0,0,0,0,0dfef8500f20463f53c3bd3b6053bd1e17646a441fd4ce4b5ddf0cae4295ef94
11,143,1,C7:2DF3,5,4,0,0,0,0,69a5342c1fd104df1975ca1a811f88977b4894b34e0c9555c9c9e74b00413ed8
11,144,1,C7:2DF3,8,7,0,0,0,0,52132aa83b837162492d85742413955b0935f47491504086a3fb1c67400a593b
11,145,1,C7:2DF3,8,7,0,0,0,0,bef0e0428faa2f94368c8d6c918d0c355f068b71e915fe0b95c34fb18cf0839b
11,146,1,C7:2DF3,7,6,0,0,0,0,471517aed91a0130817f9b80a81deb5f97802530aa41adca27519af0cd0080c1
11,147,1,C7:2DF3,9,8,0,0,0,0,527cb1f66b05585a30fe96e660b38d7bb10048a0fe9ef4ca30c30b12011051f9
11,148,1,C7:2DF3,8,7,1,0,0,0,1723ef969c03accb6065baa5867d0fd88539f58e107421fdaae118180d2e104b
11,149,1,C7:2DF3,9,8,0,0,0,0,7e53da149c4bae1fb8d3fb1c61ede88ea109f820a1fd76bb54b320ce38824977
11,150,1,C7:2DF3,3,2,0,0,0,0,0dfef8500f20463f53c3bd3b6053bd1e17646a441fd4ce4b5ddf0cae4295ef94
11,151,1,C7:2DF3,3,2,0,0,0,0,0dfef8500f20463f53c3bd3b6053bd1e17646a441fd4ce4b5ddf0cae4295ef94
11,152,1,C7:2DF3,3,2,0,0,0,0,0dfef8500f20463f53c3bd3b6053bd1e17646a441fd4ce4b5ddf0cae4295ef94
11,153,1,C7:2DF3,8,7,0,0,0,0,a3cbb90bc8d1aace54a1191524c14aed8cad28c5c5c32c977d44ecdb4b5bcfdb
11,154,1,C7:2DF3,8,7,0,0,0,0,a7f04d372eb5978f864b6e04476639b5251df11d6544e91356de091f5fbdc615
11,155,1,C7:2DF3,8,7,0,0,0,0,34c5b53e9a5d0757ada22df3257dca32d38952c80c705d5b6984e596dda3731f
11,156,1,C7:2DF3,8,7,0,0,0,0,072f221f89239f0e2c32ccf5dd58ecc9df2b5902b7f387b8d4caddd2c39e9556
11,157,1,C7:2DF3,3,2,0,0,0,0,0dfef8500f20463f53c3bd3b6053bd1e17646a441fd4ce4b5ddf0cae4295ef94
11,158,1,C7:2DF3,3,2,0,0,0,0,0dfef8500f20463f53c3bd3b6053bd1e17646a441fd4ce4b5ddf0cae4295ef94
11,159,1,C7:2DF3,3,2,0,0,0,0,0dfef8500f20463f53c3bd3b6053bd1e17646a441fd4ce4b5ddf0cae4295ef94
11,160,1,C7:2DF3,4,3,0,0,0,0,be9aeb7aed73129793e7633b4c31c77244d43f2d6a2c907c5c06952b5eaa5e48
11,161,1,C7:2DF3,6,5,0,0,0,0,ec702d1abf76a5ab002590f32c65d77ec3f37224f1a60ae425f0aa13fe5b9525
11,162,1,C7:2DF3,8,7,0,0,0,0,71e66de9618ffa1a1517ccb90e06263dccf5a40ef314bfab3015f7a85ba3dab1
11,163,1,C7:2DF3,8,7,0,0,0,0,076746552d1f31a395923eafee7a14500a036b50bad414505ad6a71ded236674
11,164,1,C7:2DF3,3,2,0,0,0,0,0dfef8500f20463f53c3bd3b6053bd1e17646a441fd4ce4b5ddf0cae4295ef94
11,165,1,C7:2DF3,3,2,0,0,0,0,0dfef8500f20463f53c3bd3b6053bd1e17646a441fd4ce4b5ddf0cae4295ef94
11,166,1,C7:2DF3,3,2,0,0,0,0,0dfef8500f20463f53c3bd3b6053bd1e17646a441fd4ce4b5ddf0cae4295ef94
11,167,1,C7:2DF3,6,5,0,0,0,0,80f51cf0a50f72418e107c817d9334dde501944446279c8ed9608e3cb6698e21
11,168,1,C7:2DF3,8,7,0,0,0,0,8c6bc7af98a1d7b6d73f602803a1f22b1396005ce2d931f84ab1039b6af438e6
11,169,1,C7:2DF3,8,7,0,0,0,0,e931a85071beee987a34f1a2b56ad0c64358c7b58354664a92000e3e968555c2
11,170,1,C7:2DF3,7,6,0,0,0,0,135ca970733746e94830bfeb54c8d589fa4c5dc5c0e56eaee97fe1656e491034
11,171,1,C7:2DF3,3,2,0,0,0,0,0dfef8500f20463f53c3bd3b6053bd1e17646a441fd4ce4b5ddf0cae4295ef94
11,172,1,C7:2DF3,3,2,0,0,0,0,0dfef8500f20463f53c3bd3b6053bd1e17646a441fd4ce4b5ddf0cae4295ef94
11,173,1,C7:2DF3,3,2,0,0,0,0,0dfef8500f20463f53c3bd3b6053bd1e17646a441fd4ce4b5ddf0cae4295ef94
11,174,1,C7:2DF3,7,6,0,0,0,0,dbd6f5822e42c5c241855d435b87210171d2756edf1c14f8a4b077288bbf792a
11,175,1,C7:2DF3,7,6,0,0,0,0,322bc5b43dba77b452d2dcec9e056bc9b197a1db5d47a08b62a076fcfecc3c92
11,176,1,C7:2DF3,7,6,0,0,0,0,481f7a119d1ccbf687585a21f25f08b44e91e98f405af0cbd57102d37e70d748
11,177,1,C7:2DF3,7,6,0,0,0,0,70c8742fc6ba4b8ddc2d755364b629cb66ac957fb765667d98ed9c83d89bdd49
11,178,1,C7:2DF3,7,6,0,0,0,0,96946004da082252b1bc378a249b4e2fbc1fc95f5ec56611b9613d828be78beb
11,179,1,C7:2DF3,7,6,0,0,0,0,772af47b2d866839d50b6b2adab0acab940e29b6e510d0f3c1cbfedff20473a2
11,180,1,C7:2DF3,7,6,0,0,0,0,5fc0ae51fcb6170b4d1423acc0b965b49e7eec73a75eaf91e8606268287b0569
11,181,1,C7:2DF3,3,2,0,0,0,0,0dfef8500f20463f53c3bd3b6053bd1e17646a441fd4ce4b5ddf0cae4295ef94
11,182,1,C7:2DF3,3,2,0,0,0,0,0dfef8500f20463f53c3bd3b6053bd1e17646a441fd4ce4b5ddf0cae4295ef94
11,183,1,C7:2DF3,3,2,0,0,0,0,0dfef8500f20463f53c3bd3b6053bd1e17646a441fd4ce4b5ddf0cae4295ef94
11,184,1,C7:2DF3,10,9,1,0,0,0,7a30ea4194c31de53a882a41df1eb4194eaa9093c4e7ee54b3853dc93a448989
11,185,1,C7:2DF3,12,11,0,0,0,0,1c7b96536dd633ee801a1f065d69f1ef2004517a9a7d6939c99eea4e5d25279a
11,186,1,C7:2DF3,11,10,0,0,0,0,95063892ff09a80cfbc8d4a7103aa75fcdad62d8551e52858b3ee7adbe3a5d54
11,187,1,C7:2DF3,12,11,0,0,0,0,4c54ad342123c177c4c61e3bfa50f76205b04628e24fd0f932020c722fdd0990
11,188,1,C7:2DF3,3,2,0,0,0,0,0dfef8500f20463f53c3bd3b6053bd1e17646a441fd4ce4b5ddf0cae4295ef94
11,189,1,C7:2DF3,3,2,0,0,0,0,0dfef8500f20463f53c3bd3b6053bd1e17646a441fd4ce4b5ddf0cae4295ef94
11,190,1,C7:2DF3,3,2,0,0,0,0,0dfef8500f20463f53c3bd3b6053bd1e17646a441fd4ce4b5ddf0cae4295ef94
11,191,1,C7:2DF3,6,5,0,0,0,0,9bf1ec566fe1669cdcb0f6fe1a229e705fa3c6657e4772cf407e5ed52fea829b
11,192,1,C7:2DF3,7,6,0,0,0,0,7c980e070e3618e83da6c8e3a1165db9acc8316e5b881e6ffb6a45eabebb7676
11,193,1,C7:2DF3,6,5,0,0,0,0,26de637c78927cb29b63307a64f549b530f173eaff4a64f76d1e11f1b78ca1cd
11,194,1,C7:2DF3,7,6,0,0,0,0,f74bf43dc219dcc469ae103bafad40527a232b751ba80ec3129fa30acef4f570
11,195,1,C7:2DF3,3,2,0,0,0,0,0dfef8500f20463f53c3bd3b6053bd1e17646a441fd4ce4b5ddf0cae4295ef94
11,196,1,C7:2DF3,3,2,0,0,0,0,0dfef8500f20463f53c3bd3b6053bd1e17646a441fd4ce4b5ddf0cae4295ef94
11,197,1,C7:2DF3,3,2,0,0,0,0,0dfef8500f20463f53c3bd3b6053bd1e17646a441fd4ce4b5ddf0cae4295ef94
11,198,1,C7:2DF3,10,9,0,0,0,0,d4e095c5ad0b019904144d18d99f8905279c47371ab7b07eda2cce181fbf7ce6
11,199,1,C7:2DF3,8,7,0,0,0,0,22f5e89fe0e9f4cbd4f39fecc7acf32084450c9706eb9ccb31ca8edd0dc3edcb
11,200,1,C7:2DF3,9,8,0,0,0,0,44a066b2a90c288eec6c51a76d3f92e7e0823afb9cdfbe5802a452ffdb3bcf4f
11,201,1,C7:2DF3,8,7,0,0,0,0,70915820468cbda78218f464563a061ca3d684aa07d022de4553481065465843
11,202,1,C7:2DF3,10,9,0,0,0,0,e23d3c734cef9f88dcfb1698a4a6011a7b200e419cdbb428836209c858a9a5f6
11,203,1,C7:2DF3,8,7,0,0,0,0,e80bf04e1e514da3b9a7e15651299467588629ac10b9e334b62a28aa3e73fbf9
11,204,1,C7:2DF3,3,2,0,0,0,0,0dfef8500f20463f53c3bd3b6053bd1e17646a441fd4ce4b5ddf0cae4295ef94
11,205,1,C7:2DF3,3,2,0,0,0,0,0dfef8500f20463f53c3bd3b6053bd1e17646a441fd4ce4b5ddf0cae4295ef94
11,206,1,C7:2DF3,3,2,0,0,0,0,0dfef8500f20463f53c3bd3b6053bd1e17646a441fd4ce4b5ddf0cae4295ef94
11,207,1,C7:2DF3,9,8,0,0,0,0,097532ea40dab77af5d183f58b86505edb7027ed083c721e58af686c9f94cc13
11,208,1,C7:2DF3,3,2,0,0,0,0,0dfef8500f20463f53c3bd3b6053bd1e17646a441fd4ce4b5ddf0cae4295ef94
11,209,1,C7:2DF3,8,7,0,0,0,0,eebcca644af5fa4c6a02f810b7c4a398a61803b9977fbea6af8bbcd89c3389c4
11,210,1,C7:2DF3,3,2,0,0,0,0,0dfef8500f20463f53c3bd3b6053bd1e17646a441fd4ce4b5ddf0cae4295ef94
11,211,1,C7:2DF3,3,2,0,0,0,0,0dfef8500f20463f53c3bd3b6053bd1e17646a441fd4ce4b5ddf0cae4295ef94
11,212,1,C7:2DF3,3,2,0,0,0,0,0dfef8500f20463f53c3bd3b6053bd1e17646a441fd4ce4b5ddf0cae4295ef94
11,213,1,C7:2DF3,5,4,0,0,0,0,73ccae7ec7c4d2443381acf3a20f23d8c33824b9f076de86583d0bfab3f155ff
11,214,1,C7:2DF3,5,4,0,0,0,0,63bfed62afcc6a91daaf35b4dc38bb151c526ad9de426b3896e8963c507205c7
11,215,1,C7:2DF3,4,3,0,0,0,0,0c159a21b68fc31e1f8b320ec35f13c689cd0798acb793d291c9bafce9626d73
11,216,1,C7:2DF3,7,6,1,0,0,0,886c545334a0816bfa052be092af643117cd27dc3846289941385cb29335dcd5
11,217,1,C7:2DF3,7,6,0,0,0,0,5e6b87513fcfeb0f30fb865c76ae8a4bac9511da5444d0e93ecff2263e0a4576
11,218,1,C7:2DF3,3,2,0,0,0,0,0dfef8500f20463f53c3bd3b6053bd1e17646a441fd4ce4b5ddf0cae4295ef94
11,219,1,C7:2DF3,3,2,0,0,0,0,0dfef8500f20463f53c3bd3b6053bd1e17646a441fd4ce4b5ddf0cae4295ef94
11,220,1,C7:2DF3,4,3,0,0,0,0,03a10bc4b2dfad42a1d69dca32c1cd584db8e3e24e8e91c33d6e265bd9eb243f
11,221,1,C7:2DF3,7,6,0,0,0,0,492e4f5b9b1234466feb8c11f2e5f71466f8d805c8f885f49b0f346d0aafd786
11,222,1,C7:2DF3,7,6,0,0,0,0,597c832f471e0666ea7a8e2cc2338a7affdde0f4bc7e1e81dc7d8f644e6313f0
11,223,1,C7:2DF3,6,5,0,0,0,0,e3b919b104d1cabed097ec34d9c9b62333e38aa2d9c2ad8d43e64e172f94feda
11,224,1,C7:2DF3,5,4,0,0,0,0,74ca28e74f53fcb37d23615d8b469c3c4a4f53c876d7f58363a0ae13f3f18c17
11,225,1,C7:2DF3,6,5,0,0,0,0,ebcb08d16214d730b7485fdfd59e976151b7168eb843924543b60aa050680b2c
11,226,1,C7:2DF3,7,6,0,0,0,0,eee7c331cc2fd46b10543fead7b3d51b4470f0e60598ee9f3616c4ca20b84243
11,227,1,C7:2DF3,8,7,0,0,0,0,544dbd37462b79ebc1bbaa74b9cf6770406fb36b02f3585781f7dfaa87e13e2b
11,228,1,C7:2DF3,6,5,0,0,0,0,cd68087221a8dba9a370dfe3607e3501832e8124a9eabc01305b8494ed475b4c
11,229,1,C7:2DF3,6,5,0,0,0,0,dfa17c3ca75ccdfcfe5b2dd68fb00db7cb502d158e307f756db177dae0522c2f
11,230,1,C7:2DF3,6,5,1,0,0,0,8847bd887fa303fcac77c85504e1a42c816ba723fbf754fc7f84afb3dd65a8b6
11,231,1,C7:2DF3,3,2,0,0,0,0,0dfef8500f20463f53c3bd3b6053bd1e17646a441fd4ce4b5ddf0cae4295ef94
11,232,1,C7:2DF3,3,2,0,0,0,0,0dfef8500f20463f53c3bd3b6053bd1e17646a441fd4ce4b5ddf0cae4295ef94
11,233,1,C7:2DF3,3,2,0,0,0,0,0dfef8500f20463f53c3bd3b6053bd1e17646a441fd4ce4b5ddf0cae4295ef94
12,0,0,C7:3131,1,0,0,0,0,0,6e340b9cffb37a989ca544e6bb780a2c78901d3fb33738768511a30617afa01d
12,1,0,C7:3131,3,2,1,0,0,0,d7af8363da4f9bbc0562d022b103af96c2aa34805e902df3aad28774f928c85e
12,2,0,C7:3131,5,4,1,0,0,0,3b35b243c030d02c1bf61b779a7cda1672ed2c8301ad91480d01329f05ea5629
12,3,0,C7:3131,5,4,1,0,0,0,963b122e6c54b65263c8bf4d16254e0bd4a4c61f287d2a2a29b683ab2d0be213
12,4,0,C7:3131,5,4,1,0,0,0,7c8766c44ca588be67cbc53b44cb366dc536fc28a57d03099ccd0850772284fd
12,5,0,C7:3131,7,6,0,0,0,0,ad474399a0b25274687946d6597025f5cd19662463c895d309463b5491bc5d55
12,6,0,C7:3131,7,6,0,0,0,0,02eeb2947a644a3d19373f0fccebd410cad9256e4d29851bf66318a6b3ed432d
12,7,0,C7:3131,5,4,0,0,0,0,d4ff96991ee1bee5c58b503e771548ee4e7ed361d5aec9e83e0c60da899f1139
12,8,0,C7:3131,5,4,0,0,0,0,b7089068c2b2cbae5ca5edf009c440dccbe4f82c585b867cc4a08498dec9f5c1
12,9,0,C7:3131,5,4,0,0,0,0,814971cf0507fcb56d8c401c8fd2818a56d406b988196f0dfaed3068c04d820a
12,10,0,C7:3131,5,4,0,0,0,0,6ceeef68ecdadf680e40ee6aed4c1e1b0114c4827bac6e69328e1d38e8fa1a3a
12,11,0,C7:3131,4,3,0,0,0,0,03b78478f2610a5ec2cca7214cfb4a5991ad709022225b487afe0dfd11b6dc05
12,12,0,C7:3131,5,4,0,0,0,0,b2a00169a7b6615c388bd5c208555ae6430f7a7a6571c1089e826e1f6177db66
12,13,0,C7:3131,4,3,0,0,0,0,7eb56156515b54a9c79fc73f0a9371fe78dde3a8aa6bdb29d18d0a5f8a5b4cde
12,14,0,C7:3131,5,4,0,0,0,0,f04614f1baac2533bc06d74672b082125acfd6bc5db068f6f7624250c349270c
12,15,0,C7:3131,5,4,0,0,0,0,dc4a79c1d353dfce690bd58a1ecd0e57d9bd98f0de96dde21f0a7d7585f2c857
12,16,0,C7:3131,5,4,0,0,0,0,6c31a7befc0e53cc334d7f8d4258c63ebaf8e5651705aa00bb3f5285b5d1fd89
12,17,0,C7:3131,5,4,0,0,0,0,4a14b230269cfc41257ed60a5b590b7241b834109764282f890957a40ebbcf7b
12,18,0,C7:3131,5,4,0,0,0,0,e6b9e803aaa468e4cd03de657cdd70fca4ab176f80d26f34ccb53749c49be18f
12,19,0,C7:3131,5,4,0,0,0,0,2d8fb8d369d0725a58f605df957568b50dd82c7d509575c25a02f9c298b13261
12,20,0,C7:3131,5,4,0,0,0,0,1d93120910c604e745604e672bd16ccdd0056d8d81e3628a0c438a4c0cb5acf7
12,21,0,C7:3131,4,3,0,0,0,0,0217172d15136c08b7260d08b7c646d5e5001adfd2aa03588b67f00b38a302b5
12,22,0,C7:3131,4,3,0,0,0,0,2ee7be4feb1eff7bb3c9c325bd54ea92a1a91a7b03bfc427561f16f1a819480a
12,23,0,C7:3131,5,4,0,0,0,0,463c1a1583e5e2965f221e9a6d3006c4affcbb4d23de6d8fed5922abb55af0c1
12,24,0,C7:3131,6,5,0,0,0,0,864139f382935eb6908da96afe97dd10af6a34a40f05435f0782d7a5683ddca7
12,25,0,C7:3131,6,5,0,0,0,0,6b394b6ea96d5320be3c15c30bd38b5ca405ede17c7b38db110fff8b773c0c78
12,26,0,C7:3131,6,5,0,0,0,0,9f61158bc59e4c3b14f66dcda82d9966640a59cd7d6f59eb0cc12c87ed88999a
12,27,0,C7:3131,5,4,0,0,0,0,3eb4c8e1c32eb2e4faf1b87b9f78507e70569d3bccda336cfd9325e910096c23
12,28,0,C7:3131,5,4,0,0,0,0,f91b422335bfe23d0daa5eb19ebb0ee5e62a9d6733e2613302371c0f717a1602
12,29,0,C7:3131,5,4,0,0,0,0,52fc1a9fe53f152c6e5b36bd2155c69ffff063bfb79f77ebcfa4a69d324a514f
12,30,0,C7:3131,5,4,0,0,0,0,967c543c533133ae57c11ed04954891e84a4a9f3d7545ccd85e48a74b848fa30
12,31,0,C7:3131,5,4,0,0,0,0,616c2b0e66b24d92a84fdfbd6c7e9b2bcb2ae1461bc296e094883e6497817752
12,32,0,C7:3131,5,4,0,0,0,0,752dea51a386d73548b83b1b250d51c89299cffb8c7d821c862ad0630d9e5b26
12,33,0,C7:3131,5,4,0,0,0,0,617dae40ad311a664467bc004126a6442d3e2e20dc5905cb1fcf6a05557eaa89
12,34,0,C7:3131,4,3,0,0,0,0,0c65e74298d18940ebc62061bb99a2b639cb1e1272d0a723153bfa8190abca4c
12,35,0,C7:3131,4,3,0,0,0,0,3b6f9acdc28428776685ec006bcb248f3de5b2040bf65e6944528b84a8e98588
12,36,0,C7:3131,5,4,0,0,0,0,31234fb1bb79857f761481903f05a117bbf8b3e6d26591141401c76169c66c38
12,37,0,C7:3131,5,4,0,0,0,0,c8ac040a9924645f1414ea8e061f913ff24500293bfb9be7ccadecfc8ac4cfb0
12,38,0,C7:3131,5,4,0,0,0,0,d8a312ae73c33f6dad36ea7e772d8e717208b69f7bd38a53c7bb7e7bb060979f
12,39,0,C7:3131,5,4,0,0,0,0,ab37a97fb1b1c0bc0f5c14584153a68c3243f0b39d815e722c5750745ae5316d
12,40,0,C7:3131,6,5,0,0,0,0,85eeb43684b77f4840598d6fc71c50ab1b2077e8bd6ce0dfe5792d274a8f3229
12,41,0,C7:3131,4,3,0,0,0,0,96b379ed58a448f4ad5af94ee6dc8ea3514b866c50a71126b0d1b3e025038644
12,42,0,C7:3131,5,4,0,0,0,0,b3109f187348665c3e046ca7750f2e71fcbcf04315e7075ef193ae9fa42d10c0
12,43,0,C7:3131,5,4,0,0,0,0,de911dbef487f0257d6aa76984ea8a23c4669342d98556151ef279048fde0198
12,44,0,C7:3131,5,4,0,0,0,0,e8664a8fff1b13586b70ac4c517a1ec4737f8d1c8d64cc70613dd9de42eb37fa
12,45,0,C7:3131,5,4,0,0,0,0,a4d21362a876b679126ab19c31647d6c7eace86eff7210bf9d4f403a380b300e
12,46,0,C7:3131,5,4,0,0,0,0,52ea7a1b08fea81815d8efd268b0ee5e8ae6dea7ecc5453a6022f67ec66f483e
12,47,0,C7:3131,5,4,0,0,0,0,8ad408df9846f981f4f7ce8fdb60b8fc08908ee0183b49b110e1c78119792098
12,48,0,C7:3131,7,6,0,0,0,0,3cdb88302ddd74141edfdea21f2ba2dd9646b7784e334cb82e0d2c670cbbf47c
12,49,0,C7:3131,5,4,0,0,0,0,105e4b5f48c5dd45a35e0d92b3be5b183b74e44f38ceb8cb08b35fdc5cc141aa
12,50,0,C7:3131,5,4,0,0,0,0,847b03377fb4488278507ce739c23b468df3ce85244841c3918d98f975ef7a12
12,51,0,C7:3131,4,3,0,0,0,0,88cfcbba1d8caf5c5ff09ac11a163264bb4c8fb25bc36044721678f769533410
12,52,0,C7:3131,5,4,0,0,0,0,e25b94c5d94b5d6e5806f9da4c222c610282e8e372690772b6245e622caf5462
12,53,0,C7:3131,5,4,0,0,0,0,5d98af45f1ce1141f5a0ba6d83ed2a9a4f4f741b55e177ba8d5e9beeedfa0a53
12,54,0,C7:3131,5,4,0,0,0,0,e506faec6bee2e06f4f1192118ca46da47978b83af05b0715bcc55e08fcc0c4a
12,55,0,C7:3131,4,3,0,0,0,0,27672fb6ca0dc61b608030949c04048143c4d9451907f0e95f41a01d19d9e8a2
12,56,0,C7:3131,4,3,0,0,0,0,83644f6076bf1b81f4995bdd58c2e7896acce56deb7bab96fbb33cb74ab2fa41
12,57,0,C7:3131,5,4,0,0,0,0,01bf46c8702735603d2d851b0349f035a2d80f80e44f67598eab864b362a488a
12,58,0,C7:3131,5,4,0,0,0,0,a1ffb3808e3b55221825b98832fd98fd9a7d237605f1e797f5eb8bbf0ededcc0
12,59,0,C7:3131,5,4,0,0,0,0,b515f36b2a8542f39695b61d5faeb4ee54cd85a67db4b27c0317e18064363ee1
12,60,0,C7:3131,5,4,1,0,0,0,0a1220ae517ed902789db38751961a14a56430d85ce0ae43192843e82c1467c8
12,61,0,C7:3131,4,3,0,0,0,0,03b78478f2610a5ec2cca7214cfb4a5991ad709022225b487afe0dfd11b6dc05
12,62,0,C7:3131,5,4,0,0,0,0,b2a00169a7b6615c388bd5c208555ae6430f7a7a6571c1089e826e1f6177db66
12,63,0,C7:3131,4,3,0,0,0,0,7eb56156515b54a9c79fc73f0a9371fe78dde3a8aa6bdb29d18d0a5f8a5b4cde
12,64,0,C7:3131,5,4,0,0,0,0,dc4a79c1d353dfce690bd58a1ecd0e57d9bd98f0de96dde21f0a7d7585f2c857
12,65,0,C7:3131,5,4,0,0,0,0,6c31a7befc0e53cc334d7f8d4258c63ebaf8e5651705aa00bb3f5285b5d1fd89
12,66,0,C7:3131,5,4,0,0,0,0,4a14b230269cfc41257ed60a5b590b7241b834109764282f890957a40ebbcf7b
12,67,0,C7:3131,5,4,0,0,0,0,e6b9e803aaa468e4cd03de657cdd70fca4ab176f80d26f34ccb53749c49be18f
12,68,0,C7:3131,5,4,0,0,0,0,2d8fb8d369d0725a58f605df957568b50dd82c7d509575c25a02f9c298b13261
12,69,0,C7:3131,5,4,0,0,0,0,1d93120910c604e745604e672bd16ccdd0056d8d81e3628a0c438a4c0cb5acf7
12,70,0,C7:3131,4,3,0,0,0,0,0217172d15136c08b7260d08b7c646d5e5001adfd2aa03588b67f00b38a302b5
12,71,0,C7:3131,4,3,0,0,0,0,2ee7be4feb1eff7bb3c9c325bd54ea92a1a91a7b03bfc427561f16f1a819480a
12,72,0,C7:3131,5,4,0,0,0,0,463c1a1583e5e2965f221e9a6d3006c4affcbb4d23de6d8fed5922abb55af0c1
12,73,0,C7:3131,6,5,0,0,0,0,9b3c253af5445813495c670e93215915cf664145e79fba3f75d5bec5518f99ae
12,74,0,C7:3131,4,3,0,0,0,0,536ae75a1202e04b664f7285e8a0b58bca3ae8edd9956cd6a612369a03ceb72e
12,75,0,C7:3131,4,3,0,0,0,0,38b37aa76e6645f17798a4670e41c62a56e33fc396f231e7757fcf60bd9c8273
12,76,0,C7:3131,5,4,0,0,0,0,282c498d09bea9b02e416bd2b740147189468f7929f183317a95a7b21954a67c
12,77,0,C7:3131,6,5,0,0,0,0,56a9227e8e00b5fedfca2dd0b41854e77b00afb0a784256fcebdcfc6bdcfe20c
12,78,0,C7:3131,6,5,0,0,0,0,5da51847436704211425c495e342cc37934d6b6e0a5b816a17be711b546e5dc5
12,79,0,C7:3131,5,4,0,0,0,0,617dae40ad311a664467bc004126a6442d3e2e20dc5905cb1fcf6a05557eaa89
12,80,0,C7:3131,5,4,0,0,0,0,617dae40ad311a664467bc004126a6442d3e2e20dc5905cb1fcf6a05557eaa89
12,81,0,C7:3131,4,3,0,0,0,0,0c65e74298d18940ebc62061bb99a2b639cb1e1272d0a723153bfa8190abca4c
12,82,0,C7:3131,4,3,0,0,0,0,0c65e74298d18940ebc62061bb99a2b639cb1e1272d0a723153bfa8190abca4c
12,83,0,C7:3131,6,5,0,0,0,0,d152bd816139b64ae6c4e56cabea87eb1f027b18965321c90633500672069a15
12,84,0,C7:3131,4,3,0,0,0,0,3b6f9acdc28428776685ec006bcb248f3de5b2040bf65e6944528b84a8e98588
12,85,0,C7:3131,4,3,0,0,0,0,3b6f9acdc28428776685ec006bcb248f3de5b2040bf65e6944528b84a8e98588
12,86,0,C7:3131,5,4,0,0,0,0,51d2e38087c3638d9865c3d1969034342d73943d2e8d9f76b2ef0e6a181d49e0
12,87,0,C7:3131,5,4,0,0,0,0,b3109f187348665c3e046ca7750f2e71fcbcf04315e7075ef193ae9fa42d10c0
12,88,0,C7:3131,5,4,0,0,0,0,b3109f187348665c3e046ca7750f2e71fcbcf04315e7075ef193ae9fa42d10c0
12,89,0,C7:3131,4,3,0,0,0,0,d3528d697eff5b3cfe0f4cebfc443afe865e72f06ff6a9418d3c21a162ce116e
12,90,0,C7:3131,5,4,0,0,0,0,07eaff98006741491561ccc843af226c363da51126d74732cf161f097de96665
12,91,0,C7:3131,5,4,0,0,0,0,485fdedebb1c74a996c41c2d71a34f57fc740b16fe5b920c83133efa300036d3
12,92,0,C7:3131,4,3,0,0,0,0,0f0d7d3b2ed7956cb38fcf6c52c69f85e749e216f3e24bca2a2433e4f3badf9b
12,93,0,C7:3131,7,6,0,0,0,0,6778e969b9a50b1c0f4f8e43f29994bb1a1e5b13bd0ecec289b795983002766c
13,0,2,C7:32FC,1,0,0,0,0,0,6e340b9cffb37a989ca544e6bb780a2c78901d3fb33738768511a30617afa01d
13,1,2,C7:32FC,11,10,0,0,0,0,92dffbefad5da6c82338a3d3c201b56a5df383c78986a49ef04a129b9f645741
13,2,2,C7:32FC,15,14,0,0,0,0,2b4165fcd6c0d88175ea9f435f0b02ffcb9c73062b8195dfc40349d78dc7473b
13,3,2,C7:32FC,15,14,0,0,0,0,17d0e8ca190072cf48a03a348f806e36a5aaa1f0426e34609e18de0bf1d8b1f0
13,4,2,C7:32FC,13,12,0,0,0,0,09d564092eb24d86dfe87f9ea6294ce656213303a29da721c184ad9fc0ab9494
13,5,2,C7:32FC,15,14,0,0,0,0,e26fcf3aad9993c47586d14a2ddbdedb84572cfbe676234c04469c456cb47fc3
13,6,2,C7:32FC,19,18,0,0,0,0,bdb78cc9427064795e9eace2fcd6f5ba158c0c34137546704e5f8a9c574883f6
13,7,2,C7:32FC,1,0,0,0,0,0,6e340b9cffb37a989ca544e6bb780a2c78901d3fb33738768511a30617afa01d
13,8,2,C7:32FC,1,0,0,0,0,0,6e340b9cffb37a989ca544e6bb780a2c78901d3fb33738768511a30617afa01d
13,9,2,C7:32FC,1,0,0,0,0,0,6e340b9cffb37a989ca544e6bb780a2c78901d3fb33738768511a30617afa01d
13,10,2,C7:32FC,1,0,0,0,0,0,6e340b9cffb37a989ca544e6bb780a2c78901d3fb33738768511a30617afa01d
13,11,2,C7:32FC,14,13,0,0,0,0,6f1b76a9434ccecff57bec0ce248cce817b54bdc46740268a43c50f0bcea11dc
13,12,2,C7:32FC,14,13,0,0,0,0,c9ec3e62f9c12063b9a39b5babe3975adb24adf0e9a57eff7b020b444de83024
13,13,2,C7:32FC,11,10,0,0,0,0,ca42cf5c173b8dd74b08494a00e2b408ba7d6d28a415926509ca5048f111fd35
13,14,2,C7:32FC,12,11,0,0,0,0,16f00aeb4c13e7dbd1b4d951832a57052150a10113550fd02e9493f2d0530ca3
13,15,2,C7:32FC,15,14,0,0,0,2,f27f5a0aa9858c80d708008cdb3fa9e4e3c373518f661b1dbb857bb3002489ed
13,16,2,C7:32FC,16,15,0,0,0,2,601f7bffedd135e2ec4367cd3b3efb5976a907aca85b72f632ecc7df06aeb3b6
13,17,2,C7:32FC,21,20,0,0,0,4,c6a82f2240da56d93fdc33c7a890984285c51e5cc89e8fbaee85388d2dc2e341
13,18,2,C7:32FC,18,17,0,0,0,2,502f6c3bd81e69a0f5d810df4c034f934c5a47efd9f20ddf3d0610d0ed05351d
13,19,2,C7:32FC,17,16,0,0,0,2,3aa9331c7edb83d1775f13de48b1b1eb274a1223e3aa72bbb5d3879c8f5fba81
13,20,2,C7:32FC,20,19,0,0,0,2,972b3534060b4aafb5bee65291b3e9a156b9eb5900db6cac7cd8cfa4aacf7655
13,21,2,C7:32FC,16,15,0,0,0,0,cb7f73ca6c1459c24241aee8b0eb22312048ce4478805fe78b34d4ae1dbf6174
13,22,2,C7:32FC,15,14,0,0,0,0,ab36fc7084ab9819fc1a3f9756937b39f4c0db1e9177129d2962310fde7c528d
13,23,2,C7:32FC,19,18,0,0,0,0,7b10d08ab56804aaa60123c59b65bf784653b505d55a721e55bb5cde51cff933
13,24,2,C7:32FC,1,0,0,0,0,0,6e340b9cffb37a989ca544e6bb780a2c78901d3fb33738768511a30617afa01d
13,25,2,C7:32FC,1,0,0,0,0,0,6e340b9cffb37a989ca544e6bb780a2c78901d3fb33738768511a30617afa01d
13,26,2,C7:32FC,1,0,0,0,0,0,6e340b9cffb37a989ca544e6bb780a2c78901d3fb33738768511a30617afa01d
13,27,2,C7:32FC,12,11,0,0,0,0,1451410a4d9641bf80e430e44d337b74da4828b567182c3fa26e2a04e630c64e
13,28,2,C7:32FC,14,13,0,0,0,0,270f44cfe292241cafb1acb9d98ffc18c984bd82c9d4391c4521a5ccce35700d
13,29,2,C7:32FC,12,11,0,0,0,0,79c8ac778165e6c28b9a8d073303b239adc7b5cefcdd22f6ea5260fc340c0d76
13,30,2,C7:32FC,21,20,0,0,0,2,c294c84bf16798c164cc41bec9f6412d3059fe2e5f9f656b049532db62f83c4e
13,31,2,C7:32FC,12,11,0,0,0,0,a98a41139e35524acba089fb1afb75bba94e98a74c8d596897f812c0c2142d2c
13,32,2,C7:32FC,1,0,0,0,0,0,6e340b9cffb37a989ca544e6bb780a2c78901d3fb33738768511a30617afa01d
13,33,2,C7:32FC,12,11,0,0,0,0,ae76690be807b0c79a6291bd353ee23757fb86b6a0bd6a30574e342069ffccce
13,34,2,C7:32FC,14,13,0,0,0,0,aeede016ed2ac51581f5680973cc164a1ee967e7d63d855245c88ef1dd3b52d0
13,35,2,C7:32FC,14,13,0,0,0,0,642bc1d84dfe5cf19c9e81ddb88d614ae7e728c6198d06f8cb375a1e15c9ef59
13,36,2,C7:32FC,14,13,0,0,0,0,061899942ac5e1f7e92d37797cecb91c374f9194083d6f130e30d873366c530d
13,37,2,C7:32FC,16,15,0,0,0,0,e8ba4de1cf8e344040761aeb8c3f36c5ec63d19e52fdbf913bb4a4a99db90e84
13,38,2,C7:32FC,1,0,0,0,0,0,6e340b9cffb37a989ca544e6bb780a2c78901d3fb33738768511a30617afa01d
13,39,2,C7:32FC,1,0,0,0,0,0,6e340b9cffb37a989ca544e6bb780a2c78901d3fb33738768511a30617afa01d
13,40,2,C7:32FC,1,0,0,0,0,0,6e340b9cffb37a989ca544e6bb780a2c78901d3fb33738768511a30617afa01d
13,41,2,C7:32FC,17,16,0,0,0,6,4dd787527546c4c288325bb7a09082833f81f825d11fe9a63c1d6433a3100f5e
13,42,2,C7:32FC,14,13,0,0,0,0,e4e37af3cded2864f128ca9ad7bfbf372786dd89900761be63453deecb13cf2b
13,43,2,C7:32FC,1,0,0,0,0,0,6e340b9cffb37a989ca544e6bb780a2c78901d3fb33738768511a30617afa01d
13,44,2,C7:32FC,12,11,1,0,0,0,694848bed22a7d5406c18cf69007d0dc9d1d82ae246796b9de3f9197616dd9cf
13,45,2,C7:32FC,19,18,0,0,0,0,b36da7446d46bcbc9d409a8fd2fb9eae1d859f56bb7970d42d39494abe301c57
13,46,2,C7:32FC,1,0,0,0,0,0,6e340b9cffb37a989ca544e6bb780a2c78901d3fb33738768511a30617afa01d
13,47,2,C7:32FC,1,0,0,0,0,0,6e340b9cffb37a989ca544e6bb780a2c78901d3fb33738768511a30617afa01d
13,48,2,C7:32FC,16,15,0,0,0,0,9fa6464c60bfc6cfa73c18ff763c9cc848680ff18b99e0e92a93a2f85cb1818f
13,49,2,C7:32FC,1,0,0,0,0,0,6e340b9cffb37a989ca544e6bb780a2c78901d3fb33738768511a30617afa01d
13,50,2,C7:32FC,13,12,0,0,0,2,8da40d5ee26f2d5faf55af52bc08fb8a434c462b7adcd735a9fd66ab487483c1
13,51,2,C7:32FC,12,11,0,0,0,0,b8eaa3a54290e7c6dda98c44a55e457953991ea4d2fc8f943a32142403a9d2aa
13,52,2,C7:32FC,12,11,0,0,0,0,b7da0dd8b3768f0ab68e3709a11d81918a24856895c5fea7ec2a01397d5ddb83
13,53,2,C7:32FC,12,11,1,0,0,0,775686cc83c836b5e2fd3f82c901357a811d86922c9feafaa9ed359976938aa2
13,54,2,C7:32FC,14,13,0,0,0,0,3a82cb4510697c785a5ee516482834ec3abe17965bd022e9f60edced5cd390d9
13,55,2,C7:32FC,15,14,0,0,0,0,48583b209e20f95751cb6196c5d2e848d1b89e197c86bc281885f5a702ac5751
13,56,2,C7:32FC,12,11,0,0,0,0,ae7c1fd7dcffedb8b3d68dee15bc68aa3172e956e24195fc8f7c546f96ff8d3c
13,57,2,C7:32FC,1,0,0,0,0,0,6e340b9cffb37a989ca544e6bb780a2c78901d3fb33738768511a30617afa01d
13,58,2,C7:32FC,1,0,0,0,0,0,6e340b9cffb37a989ca544e6bb780a2c78901d3fb33738768511a30617afa01d
13,59,2,C7:32FC,21,20,0,0,0,2,710c3f78a07c6f416dfb4e99a08dd7245e89d75e4b61e46e44bcfc86ea3cdcbb
13,60,2,C7:32FC,1,0,0,0,0,0,6e340b9cffb37a989ca544e6bb780a2c78901d3fb33738768511a30617afa01d
13,61,2,C7:32FC,1,0,0,0,0,0,6e340b9cffb37a989ca544e6bb780a2c78901d3fb33738768511a30617afa01d
13,62,2,C7:32FC,1,0,0,0,0,0,6e340b9cffb37a989ca544e6bb780a2c78901d3fb33738768511a30617afa01d
13,63,2,C7:32FC,1,0,0,0,0,0,6e340b9cffb37a989ca544e6bb780a2c78901d3fb33738768511a30617afa01d
13,64,2,C7:32FC,1,0,0,0,0,0,6e340b9cffb37a989ca544e6bb780a2c78901d3fb33738768511a30617afa01d
13,65,2,C7:32FC,1,0,0,0,0,0,6e340b9cffb37a989ca544e6bb780a2c78901d3fb33738768511a30617afa01d
13,66,2,C7:32FC,1,0,0,0,0,0,6e340b9cffb37a989ca544e6bb780a2c78901d3fb33738768511a30617afa01d
13,67,2,C7:32FC,1,0,0,0,0,0,6e340b9cffb37a989ca544e6bb780a2c78901d3fb33738768511a30617afa01d
13,68,2,C7:32FC,1,0,0,0,0,0,6e340b9cffb37a989ca544e6bb780a2c78901d3fb33738768511a30617afa01d
13,69,2,C7:32FC,1,0,0,0,0,0,6e340b9cffb37a989ca544e6bb780a2c78901d3fb33738768511a30617afa01d
13,70,2,C7:32FC,1,0,0,0,0,0,6e340b9cffb37a989ca544e6bb780a2c78901d3fb33738768511a30617afa01d
13,71,2,C7:32FC,1,0,0,0,0,0,6e340b9cffb37a989ca544e6bb780a2c78901d3fb33738768511a30617afa01d
13,72,2,C7:32FC,1,0,0,0,0,0,6e340b9cffb37a989ca544e6bb780a2c78901d3fb33738768511a30617afa01d
13,73,2,C7:32FC,1,0,0,0,0,0,6e340b9cffb37a989ca544e6bb780a2c78901d3fb33738768511a30617afa01d
13,74,2,C7:32FC,1,0,0,0,0,0,6e340b9cffb37a989ca544e6bb780a2c78901d3fb33738768511a30617afa01d
13,75,2,C7:32FC,1,0,0,0,0,0,6e340b9cffb37a989ca544e6bb780a2c78901d3fb33738768511a30617afa01d
13,76,2,C7:32FC,1,0,0,0,0,0,6e340b9cffb37a989ca544e6bb780a2c78901d3fb33738768511a30617afa01d
13,77,2,C7:32FC,1,0,0,0,0,0,6e340b9cffb37a989ca544e6bb780a2c78901d3fb33738768511a30617afa01d
13,78,2,C7:32FC,1,0,0,0,0,0,6e340b9cffb37a989ca544e6bb780a2c78901d3fb33738768511a30617afa01d
13,79,2,C7:32FC,1,0,0,0,0,0,6e340b9cffb37a989ca544e6bb780a2c78901d3fb33738768511a30617afa01d
13,80,2,C7:32FC,1,0,0,0,0,0,6e340b9cffb37a989ca544e6bb780a2c78901d3fb33738768511a30617afa01d
13,81,2,C7:32FC,1,0,0,0,0,0,6e340b9cffb37a989ca544e6bb780a2c78901d3fb33738768511a30617afa01d
13,82,2,C7:32FC,1,0,0,0,0,0,6e340b9cffb37a989ca544e6bb780a2c78901d3fb33738768511a30617afa01d
13,83,2,C7:32FC,1,0,0,0,0,0,6e340b9cffb37a989ca544e6bb780a2c78901d3fb33738768511a30617afa01d
13,84,2,C7:32FC,1,0,0,0,0,0,6e340b9cffb37a989ca544e6bb780a2c78901d3fb33738768511a30617afa01d
13,85,2,C7:32FC,1,0,0,0,0,0,6e340b9cffb37a989ca544e6bb780a2c78901d3fb33738768511a30617afa01d
13,86,2,C7:32FC,1,0,0,0,0,0,6e340b9cffb37a989ca544e6bb780a2c78901d3fb33738768511a30617afa01d
13,87,2,C7:32FC,1,0,0,0,0,0,6e340b9cffb37a989ca544e6bb780a2c78901d3fb33738768511a30617afa01d
13,88,2,C7:32FC,1,0,0,0,0,0,6e340b9cffb37a989ca544e6bb780a2c78901d3fb33738768511a30617afa01d
13,89,2,C7:32FC,1,0,0,0,0,0,6e340b9cffb37a989ca544e6bb780a2c78901d3fb33738768511a30617afa01d
13,90,2,C7:32FC,1,0,0,0,0,0,6e340b9cffb37a989ca544e6bb780a2c78901d3fb33738768511a30617afa01d
13,91,2,C7:32FC,1,0,0,0,0,0,6e340b9cffb37a989ca544e6bb780a2c78901d3fb33738768511a30617afa01d
13,92,2,C7:32FC,1,0,0,0,0,0,6e340b9cffb37a989ca544e6bb780a2c78901d3fb33738768511a30617afa01d
14,0,2,C7:352C,2,1,0,0,0,0,94e706dc7b0e756b561c8c4ad4d31b476077dbf9486f9787d8530fb67f91cff8
14,1,2,C7:352C,2,1,0,0,0,0,4f82d2d4702d95b60ed4e752df221c56b0fb2de94af5889d016578e6db8afb7a
14,2,2,C7:352C,2,1,0,0,0,0,308b561495666ebb99e79cf47c5da05846f05bb02c5daa39738663f8daa12687
14,3,2,C7:352C,2,1,0,0,0,0,766caa663e1025b9accd7ededd24fbc8193180e028eedae2f41d6bb0b1d36468
14,4,2,C7:352C,2,1,0,0,0,0,b7e75e0d252b497b1b394c5bc94268da14c734ef4cd6c6af4764588deba1b5b7
14,5,2,C7:352C,2,1,0,0,0,0,d71378c9ed80252ff113c9ea1f31cb775f1ef21507371c2f5f38db6a608b211a
14,6,2,C7:352C,2,1,0,0,0,0,d33548389aba269e653aca9abf557278d901b39b04a7319552df7149c40c185d
14,7,2,C7:352C,2,1,0,0,0,0,a6083775b471cc24c0a1fd922bf996fcffad2259b6796da72a38837b4a530027
14,8,2,C7:352C,2,1,0,0,0,0,fb5642a8912a446bd56e6be6fcf18913a24b8b681959a9c7b9e00546f181c386
14,9,2,C7:352C,2,1,0,0,0,0,89389ee14c6495d62c5c4d1ab627f415099e5101e21cc66af492011f88adf1c4
14,10,2,C7:352C,2,1,0,0,0,0,ffe9aaeaa2a2d5048174df0b80599ef0197ec024c4b051bc9860cff58ef7f9f3
14,11,2,C7:352C,2,1,0,0,0,0,1e57b933b0a78203e21d41cc4b16d731b255b04058d48a4ac2731f0089312129
14,12,2,C7:352C,2,1,0,0,0,0,ec49f17f2c205644d3a0d242eb5a82ec222ed01fbd8fd6b55d0f2f6ef651e484
14,13,2,C7:352C,2,1,0,0,0,0,4658d6abbbaf7748c172ed5a3e003cdb8997648f88724834e41f75e54520e142
14,14,2,C7:352C,2,1,0,0,0,0,6b672b9a7e4feb4fd38386f90405bc0ae261413a758dd8eb2786be61df8dc27d
14,15,2,C7:352C,2,1,0,0,0,0,887a0529fd9d76eb33c0ec808c05daaf32fa9f5e21e4c32224fb4bfaaa0af385
14,16,2,C7:352C,2,1,0,0,0,0,78f993c3392521c9db0e0819b09f95c5c4141ef1cad923ade3bee913bc6bdfd2
14,17,2,C7:352C,2,1,0,0,0,0,9617c7ca1b32da77dfd71daf35e6077ecb6b29c2a286ac9845ebcc10621c3108
14,18,2,C7:352C,2,1,0,0,0,0,e8902c7331527e223bf3d97d077ed97fcd7ac3d38f289b5b3ba4d97ea510db05
14,19,2,C7:352C,2,1,0,0,0,0,91046df2aa008410555df240b14243aa348b37cd16582c9d8a80ca305afccab2
14,20,2,C7:352C,2,1,0,0,0,0,3038a3216fba1e955d90addce0a77d46bdef7b51cfeb73a273989a68e093f225
14,21,2,C7:352C,2,1,0,0,0,0,fcaeb82b28d0198401682757c9e266dfd53f52d5d6fa4c89282f130831f71965
14,22,2,C7:352C,2,1,0,0,0,0,187355b101e4d1f66c7948f93d109b63e1e0e5ec14eba8043e6428aff3a3e4ca
14,23,2,C7:352C,2,1,0,0,0,0,481daf8515fdae90077119892b048315b0360444bdf88df302520322541847aa
14,24,2,C7:352C,2,1,0,0,0,0,3541e98bd04b5587b9c1918d8abed88bded9328de3fedd36e856d151cb05383e
14,25,2,C7:352C,2,1,0,0,0,0,882a20e6379eb83aecb916f4b9ea79c1e6c08a0d80f6ad1dc9a9421758246001
14,26,2,C7:352C,2,1,0,0,0,0,d98ef49a7788d78f0492028759b34a721d827d1c2ca22b6f688e6570fdc155f0
14,27,2,C7:352C,2,1,0,0,0,0,96229c0a1dcb79d7d50913f882e3144961b5616140ded9ab844bd685e08e3a30
14,28,2,C7:352C,2,1,0,0,0,0,28a3d6d537e5d5090d33c042ad97db2081e47f9cc713e983ebb94121172153c8
14,29,2,C7:352C,2,1,0,0,0,0,3776096e9733584bd622e7e6417b65ba6640f8a8b809f475cd15ed5923cce3f6
14,30,2,C7:352C,2,1,0,0,0,0,0199707edb6e99e3d874ff272404e05713276212ae8d17d7306b27863e55e926
14,31,2,C7:352C,2,1,0,0,0,0,924310d6e64a28d18d5eb0933cd24dcaea16af5a2674f1f11bc0805d80c12069
14,32,2,C7:352C,2,1,0,0,0,0,8c574afa5655a72c151c567933f694a98d120cc08b462f418dcdda3172ee0c20
14,33,2,C7:352C,2,1,0,0,0,0,14f825b2bbc32dd8d196367fa8776873069c12a8954d8da7513aa7704ddd09eb
14,34,2,C7:352C,2,1,0,0,0,0,6a75da5da0cd28492372c3dde802e4bbe80564f01926cc1af00066623653770c
14,35,2,C7:352C,2,1,0,0,0,0,c03ad57f5b1b1bddf59ddb5c973b459f432291edad374fe9d051c59d102d8742
14,36,2,C7:352C,41,40,0,3,2,8,d45fdd621e1de09a3b9fd9350716bd1e81c280e8a52d8eefbfd92e2cff6803f2
14,37,2,C7:352C,27,26,0,0,2,6,488480a52438248b129e1193ac1cf5fa060c69e80401316b1e415fd97d71fbb8
14,38,2,C7:352C,37,36,1,0,2,6,e04e35efb8eb555c35f1e622a1157acbce03a36c5d7c37b3432140f3cbd443c0
14,39,2,C7:352C,28,27,0,3,2,6,9ff6b50eda9bf8fa4b182d369439ffb4954b9260e13097a5d4f4684b22500771
14,40,2,C7:352C,36,35,0,0,2,8,64b36d6d91e3da1ed61a8d81b04755756a7fd538ff94e8e6cc06c5f681452ef1
14,41,2,C7:352C,30,29,0,1,2,8,4c5a12b23bb3778a660488359e4d09319ec55ff5dead629f36efd740ad1fa7e5
14,42,2,C7:352C,39,38,0,4,2,8,db98bae1ff7d90ba3e465af273ba46e07d7d7b4b187b09f14d6148dc859191a4
14,43,2,C7:352C,28,27,0,0,2,6,2c199a20bd3efa4c1d19050579a0502cff5fbc3883f3e9c3bff203096cc81427
14,44,2,C7:352C,42,41,0,1,2,12,20cbec4bf697b5921c09e1d08cee29a9d65a6c35f5b4dd5a21730af721a999f1
14,45,2,C7:352C,35,34,0,0,2,10,b7f4892dd8f2dfe456fd560d7d2959ac942b86fa6bee2fa6596c5651e64d1ae4
14,46,2,C7:352C,35,34,0,1,2,8,4dac5e315b30b1980789f47900144cdd4b53cff66295ee4b462180001af28609
14,47,2,C7:352C,26,25,0,2,2,6,1109885c528faa5cb59e0b614f19384bdfdcc47a8c96e34af2a7c033540ab83a
14,48,2,C7:352C,35,34,0,1,2,6,128433de7d65673f47aad7e68d1ed6295d95b94d1478e738422bcfe36db67e94
14,49,2,C7:352C,23,22,0,0,2,6,1cc7ecf7747b9795d2db9b51ea741a4f460924ac38940360e2c6deb9acb969cb
14,50,2,C7:352C,28,27,0,1,2,8,2941c21f182729a381e9bf6ed2335296072d7ff7ca6e1dbab1cdace74085aa0b
14,51,2,C7:352C,43,42,0,0,2,8,4b7bcac2dc218f8d7fafb435990747c0413e005bf0d905e52843ffd28dfb3ffd
14,52,2,C7:352C,24,23,0,0,2,6,bf651016220c800c2adeaba2dcd2078c618a3a50b4c2e2539e4c81d756a51537
14,53,2,C7:352C,37,36,0,0,2,10,1cec39d0f87982d9f522dd167267c125f7f757aad44aee2031d7eb9b18fe2072
14,54,2,C7:352C,27,26,0,2,2,8,6b9106a96c08e05a22cad042b82761804cacb479d032df369403d3c0ec9129c7
14,55,2,C7:352C,35,34,0,1,2,10,01ab1766e76a9b51db0479bd877b4823f49c4ebe810813dfd341814c2d86f80b
14,56,2,C7:352C,32,31,0,0,2,6,13123f1837427aa0d38cb3762365e8abbd49ca7b766afc825ba66a99763a3823
14,57,2,C7:352C,34,33,0,0,2,6,f99f96c25ef962e2d803e968ee5d7c0072ee73a96813ae726452a226e28d9250
14,58,2,C7:352C,28,27,0,0,2,8,df2fda827f1355b9ba4f4a8cdfde579be3a402b0a525d9109cd6057d6045ea63
14,59,2,C7:352C,36,35,0,1,2,12,ce92468cb9c0befeb1a456d6296a91b40872ed8bf5c351a4fc806bd3bbf0274e
14,60,2,C7:352C,31,30,0,1,2,8,65538055bd64424a609e11c6e3a64d154275c47129fecee254982186c5199263
14,61,2,C7:352C,37,36,0,0,2,6,71a637d446b01b8c0db68b212d63d5c1afb3f83445d36e4cab539ec315de57f2
14,62,2,C7:352C,39,38,0,0,2,8,08c670a40d78203d103a42b6b9aff1da31e07e71440a2abdade948b8fbb27954
14,63,2,C7:352C,33,32,0,4,2,8,da71f1dbf90670bdc77d50fdce4418f5d96be8e10a7356a1e1e8f4fba5a4e28f
14,64,2,C7:352C,44,43,0,3,2,10,6e6bf55e23465d5a06c83ca57dccc1885f201deee6ea84ce2b1e6bffc525235f
14,65,2,C7:352C,19,18,0,0,2,6,200384da97a38787eaf3b5922e2d5547dcf2155ae26e53a8c30e1b51b2f2f857
14,66,2,C7:352C,32,31,0,1,2,12,c26a37c175121906a2fc0ac8d23fcc1932ee6717e053e484340318d224d4e4a2
14,67,2,C7:352C,18,17,0,1,2,6,764bfefc5d3652bcf171978fc94033997077b21b893ed066b5df22ba1736f0b4
14,68,2,C7:352C,26,25,0,1,2,6,b548deeb4e3f6648a8b0aba4702f96ead820aa7b3fbf0fa304bc1d11bd06af45
14,69,2,C7:352C,29,28,0,0,2,10,fa824f1c512f1829f965ecf8f8c225be4390630648cba0b9b8ebfb6b8a2fe5c2
14,70,2,C7:352C,24,23,0,0,2,6,e316a40dba98f15a3202e1785dceadf69b983f07964f18e6598c7122764f2ac1
14,71,2,C7:352C,20,19,0,0,2,6,470a38faf1b6146666eb70c5fc28139319b8dd58e6d5afbd38ab61c2bcc2df95
14,72,2,C7:352C,26,25,0,4,2,6,22aba93d42da24c188c900ea5465aa32cb35d08f65fce2f2f2ec38ad4543177d
14,73,2,C7:352C,39,38,0,0,2,10,36b18c104302d25655fc77576d3765b89def10b3a4df2402d0a08c2006324884
14,74,2,C7:352C,29,28,0,0,2,6,dceaf9e9ea2d9f6e1c7037e4a97f96dfae652c25658e4d7edd4f8007f67c6665
14,75,2,C7:352C,27,26,0,0,2,6,00a675531138ed854cdd1a8f4cceba7121f368162fa2e5af4f10297fd382e684
14,76,2,C7:352C,31,30,0,1,2,6,7710d3286b29a1bd1ab94ea2c6248a05fd9b4da9ccffd4c01ea621114d48f2d4
14,77,2,C7:352C,31,30,0,0,2,6,966002cdbc55c818ad31d22374263b4c2a46a8c1e09f8623d9d89babe19ccea0
14,78,2,C7:352C,28,27,0,0,2,6,2155450fe51efdd892258547c4a3f89d9db1815b4a1c97dc39dd18ca1e45a3ab
14,79,2,C7:352C,32,31,0,0,2,6,0484aa6e520cefccd1b45faa3c39be7c0851730d06efd62e510fc3626c9b6113
14,80,2,C7:352C,29,28,0,0,2,8,ecf78f86095bbfbc44dce8b688ee4387533a2ab413891f28dbdcb55d3bac964a
14,81,2,C7:352C,22,21,0,2,2,6,903a7288e87ef3297e38b8a7b5a863ac546c4bc3e201026dcaa8f2ecf0f3d042
14,82,2,C7:352C,24,23,0,1,2,6,dd8afea01bed1adfa5612426ebf47d5dac8ca4509936d9979d2c21b72fc5abf4
14,83,2,C7:352C,29,28,0,0,2,8,168a154943ae62dad1343abbc57e6f3a2dd70b459f56853d6f3b4bc6d5333926
14,84,2,C7:352C,28,27,1,2,2,8,3482a9031caa2aaacc90ff17816715d141b4b04f1ff18b10e08546aee4cd65c9
14,85,2,C7:352C,29,28,0,2,2,8,f8ebe9633edbea040641145adf07bae6c3660a4c905853ca1f9da2d0c7ad3667
14,86,2,C7:352C,31,30,0,0,2,12,97effaca5ab60a9fde3b646a5549816621a4b1393885176b572692eefb362bcb
14,87,2,C7:352C,32,31,0,1,2,8,88e81fe57bfd37299f16822170700266b06621413d0cf7b7fb3aab1b8cbc3572
14,88,2,C7:352C,20,19,0,2,2,6,12d42404ad4704d6ebd116f2fe3519725be9ca22bc137a03b85414f9b213681c
14,89,2,C7:352C,32,31,0,0,2,6,0ec9bd7c63e421b3807262cc1cc3a9114e8e3bf1ba852b6997c11da51d52e619
14,90,2,C7:352C,25,24,0,0,2,6,8c623bf126d33ad1eb1fb89f783b137ad0b6b33760ec80dcca491a8a95466725
14,91,2,C7:352C,27,26,0,1,2,6,aaf91ddd64add2a5fb4649e8629d998cd4ce36cf77f5e5af993f17c80db673fe
14,92,2,C7:352C,54,53,0,6,2,6,80780016041fe3a3951a4b8fa8e76e07b54996dea638cfa74928d1bd18aaff37
14,93,2,C7:352C,27,26,0,0,2,6,d7e601ed22e88ed33c98c0c78fff178a60dbff53356a42ac31fd55d02fa77ad2
14,94,2,C7:352C,50,49,0,0,2,12,979586ad62616fa3a3835f0daaf64d350df474e7397b8e564732f9f91572835b
14,95,2,C7:352C,29,28,0,0,2,8,e74aa1847348a249c8104ea2d2426122f0d7409e120a8b08dbe97b8b5f3c219d
14,96,2,C7:352C,40,39,0,0,2,10,9a4c201e4725c11e85eaab1fe7feeefc89f8d31e82f1dfe67383c0cb8e3637aa
14,97,2,C7:352C,20,19,0,2,2,8,56c50b18f21ef9297c670e3560653c51d556a4a0d831fa118256bdfa1786d42f
14,98,2,C7:352C,56,55,0,1,2,12,c26f1b20449c82736e22f5a86608bc4414b4a3edf0f0711fc8ae66bc9cd55b3b
14,99,2,C7:352C,41,40,0,0,2,6,e366448638c86933861857bed61f8906a9eb505ff3214195f9d1b6278b965c56
14,100,2,C7:352C,36,35,0,0,2,6,df1f368442ebad9218e668fe5f3e38300d8cef356b359f83ed91076f743dc5cb
14,101,2,C7:352C,24,23,0,0,2,10,c59b8de2df5ce08adc6b816f3ecc56e3ed5657298c0b5f69380829ff0a88d61f
14,102,2,C7:352C,20,19,0,0,2,8,1247b6ca0bf034c661f2700adaae8e3db7efd04a758f34b9707c4984e9c7c243
14,103,2,C7:352C,54,53,0,0,2,10,f385f14658038b2212867e6b8de4c65a3e5ff6bba794cd9c671915eb90756514
14,104,2,C7:352C,21,20,0,0,2,6,b1cbd3ac431e58c5ca32d9d22ae497dcdf1b7c2a20004fa08a172d5f6693e413
14,105,2,C7:352C,37,36,0,1,2,8,37b86b755df1ae06215ef97463b11290cc0eee7a7cd3995a44be05a9c8a915e9
14,106,2,C7:352C,26,25,0,0,2,6,eba598a8a38144367e61534bd0f2eac972d253e5fedb93c1c96ba936cc97cc9f
14,107,2,C7:352C,51,50,0,0,2,8,daf75cc7f69e99a4c18b30ab61af0c1cc3d69996523e439631d89ed6f2244c2c
14,108,2,C7:352C,24,23,0,0,2,6,d12f65e167d48470a3352831a766986d825c8bbf9d9c973ab6194fa58795823f
14,109,2,C7:352C,23,22,0,2,2,6,137256ffbd9dfb74ebe8fa7ce5976d190dd8d519f48b8a573aa3eb1a8a2697fb
14,110,2,C7:352C,30,29,0,0,2,6,f38d6581f2cd7ecea19ec60f6467d2e6886decece4fd7ee85b9fe3ab079a514f
14,111,2,C7:352C,32,31,1,0,2,6,4aa1233dd887bf19d7c708bad0724371f61014ef8d6f1e683a18108a0b4db3d2
14,112,2,C7:352C,28,27,1,1,2,8,7ee1e8fc37fa8fc917246bebef25dccbf3393932e99585bc232f1dec8566b428
14,113,2,C7:352C,26,25,0,1,2,8,fc329cbdd7621545a7a0b700cf80d35edf180ce24f4063eae3a2db357c5ab9ba
15,0,0,C7:3D3B,31,30,0,3,2,4,18038cf92701a78abbb39ab42cc8c2d3300e15536576380f4cebfc9c2fba85e9
15,1,0,C7:3D3B,5,4,0,0,0,0,2304e020f4130c8186fe7ed42134c4d7049d1b902598ff2734234bbe8ed6d6f1
15,2,0,C7:3D3B,5,4,0,0,0,0,74ca28e74f53fcb37d23615d8b469c3c4a4f53c876d7f58363a0ae13f3f18c17
15,3,0,C7:3D3B,9,8,0,0,0,2,9c8518a6cef9bb8f0eca6061a9f7f529b6d4138ba08e98d4b393777caeda8915
15,4,0,C7:3D3B,42,41,0,4,2,8,73348df726016890fe4a1e2b07ccb075aa05638979df5cbe93c292afd91d3773
15,5,0,C7:3D3B,7,6,0,0,0,0,14f30c0a0eaa1a376e14d6ad8ebf647ded5bd03fd066bc494836b95f9baa8df6
15,6,0,C7:3D3B,8,7,0,0,0,0,ca7c354cee94663a34d8a416a28dc13d567dac5e295ab5ecbae9c3643a9a1c17
15,7,0,C7:3D3B,9,8,0,0,0,2,6261d9cbc56cfd5d0263cf32be2997ee391abbb37e9540031cd7e87c3742569e
15,8,0,C7:3D3B,62,61,1,8,2,8,f5928f30b167b7ccfb05a773ecf4ec48551d85002f1419f2c7ca4b9bd30df1cb
15,9,0,C7:3D3B,13,12,0,0,0,4,e7b17cb5843256427f262d327c34f66e016498d026f3f7083fc75b938cafa19e
15,10,0,C7:3D3B,8,7,0,0,0,0,e92afa197c1a21bf39ced5e7f797e05e43c31226207529d63e66311bca150132
15,11,0,C7:3D3B,7,6,0,0,0,0,34088f4965101a50d7ca1c07d034540fc6275aa3f0e960adeb7e6add633a1bd0
15,12,0,C7:3D3B,41,40,1,6,2,4,e5c270cecef0a0bb2107b5e510b60d8231ab2c0754eb1ab07483050b2bd7cd73
15,13,0,C7:3D3B,4,3,0,0,0,0,1ee655e08131b41aba9c7c500a0b84e0aa23028333c2d266eb036b6f5399d95f
15,14,0,C7:3D3B,3,2,0,0,0,0,dcb0f61f6239d2f45dffb65d3ab9d05482e41dbe070e8170fbb80809934e655f
15,15,0,C7:3D3B,5,4,0,0,0,0,193a8fa3e4ecce45b5f8a0120d753f3af8f84d189518f93ecd2002177a1b9e94
15,16,0,C7:3D3B,52,51,0,9,2,4,1521c313068f40cd9eeaa7d1999a26d3e8c7c0761cad16004877450a7047082d
15,17,0,C7:3D3B,5,4,1,0,0,0,8f9bbf7f89a72cd651e308b6c50a4cd66de401e3c47d0dc6d258042bfb7ba4ba
15,18,0,C7:3D3B,6,5,1,0,0,0,31fbccf3058179f9de7c0bf9525f397fc2691ffdae1db7533c6f972924817d59
15,19,0,C7:3D3B,6,5,1,0,0,0,0c5d473394ad42f9e59ba15c26c65f1a6a8afa585d681206a182f9497b0fdf89
15,20,0,C7:3D3B,49,48,0,10,2,4,3434226d262edff024bf8980090c6e50fa03da5de8712b48167a2679c18b23f3
15,21,0,C7:3D3B,5,4,1,0,0,0,da3f719021d1124e8df4ca6eaaaaa173d455c10f4b9a076648dd943dd445973d
15,22,0,C7:3D3B,6,5,1,0,0,0,c72448b6d963cece08e44bbee77d3dfc08844266cd2ddfd26f18eb42e9612a1f
15,23,0,C7:3D3B,6,5,1,0,0,0,31fbccf3058179f9de7c0bf9525f397fc2691ffdae1db7533c6f972924817d59
15,24,0,C7:3D3B,41,40,0,8,2,4,6bb72badd8525d7637c783729cc4ba1b537fbb7258b9bf48bc6c15a278506f69
15,25,0,C7:3D3B,4,3,0,1,0,0,91c269e5239db3fbe655250639ab71f7b0ff0740aa3b8a7823fc2459d85d3295
15,26,0,C7:3D3B,5,4,0,1,0,0,fc46e025e2722b2ecbd7610cbb73c216961ae861a9de52739b9ac77930d1739f
15,27,0,C7:3D3B,5,4,0,1,0,0,c815179a4069d76d9468fd808ff43741ed7a5b9e85b25b3ff410ae1180dcbd8c
15,28,0,C7:3D3B,47,46,0,9,2,4,4457781d3ef4910a100ed329101016d4f8c1d64eecbda46bea978a38b59ef835
15,29,0,C7:3D3B,6,5,1,0,0,0,31fbccf3058179f9de7c0bf9525f397fc2691ffdae1db7533c6f972924817d59
15,30,0,C7:3D3B,6,5,1,0,0,0,0c5d473394ad42f9e59ba15c26c65f1a6a8afa585d681206a182f9497b0fdf89
15,31,0,C7:3D3B,11,10,1,0,0,4,a2201541fe37c307ff266beb995122a5415108cc0841f10e17f9cf9e80435625
15,32,0,C7:3D3B,50,49,1,11,2,4,9744c867bdfcf7194b2872cf9debe579c20fc983664879db0ef604d6d28ff8bb
15,33,0,C7:3D3B,7,6,0,0,0,0,35c0d866cc4347e041cb04ae2f6d42f849e2c31832b76de4a51b7e5e2711d107
15,34,0,C7:3D3B,9,8,0,0,0,0,8b1f9ced7055930d81c5c0bb8edca17a513a6ab916b8b3e8d8efe314ee7fbe0b
15,35,0,C7:3D3B,11,10,0,0,0,2,dda4dc57b1935beea465b890755ab89f04be6f0edd1b56b41ec292be46648f29
15,36,0,C7:3D3B,41,40,0,7,2,6,190240b51daf1f7bb823a08dab3d4cbd76dd9491e29406854422219f38f5360d
15,37,0,C7:3D3B,10,9,0,0,0,2,5484c05c863d7471bf404afdbcb2c2e8186fefa48b5b95d8be23da4e836a80dd
15,38,0,C7:3D3B,4,3,0,0,0,0,20e6961bb4dfa7309678fb91a2526c0a579becffe61d40b0c5bfb27a12d7f817
15,39,0,C7:3D3B,6,5,0,0,0,0,3b8130f01ee332d1649618dd2d9a5a76bf34de1107b116af897976b7dbb238bb
15,40,0,C7:3D3B,21,20,0,5,2,2,7a181c539759c500ac56bf6b2ee9bef2e907d5fbbfadeded528405dad1cac790
15,41,0,C7:3D3B,7,6,0,0,0,0,df149b71a18917f2eec223d12ef2d7729a008182ff9d741a995a30869f7e8f8c
15,42,0,C7:3D3B,3,2,1,0,0,0,f21b6d54e47efdcd12c2f6e4bce0914b76f8d708657aa58eec5501faade2e6f2
15,43,0,C7:3D3B,6,5,0,0,0,0,e0123c85c407fca422583d86863a9b4a55f70d635bcb768398b93cc7b70ccdb5
15,44,0,C7:3D3B,22,21,0,2,2,4,2e5fc51ab4392e00ea26f3e91f81e21e3d561141e9554e5d1ad03e1c39fad5a5
15,45,0,C7:3D3B,5,4,0,2,0,0,898f790f389b1297d88767f7b6359f6900a56c2e668aa8028ba71cb8819af8bf
15,46,0,C7:3D3B,6,5,0,1,0,0,6e8c6a3d00ba80a3ec425fb8ef148820c22a67a01321e968303942b25b7404c0
15,47,0,C7:3D3B,7,6,0,3,0,0,e2f629c32f149068fee35d87c3d92e3e17b1032a06fd5c8a51474ec4ec6d8432
15,48,0,C7:3D3B,58,57,0,7,2,8,4702c76fa0ae508b919bf8c917d1f36efe2ed771cc7898034edf10d143121793
15,49,0,C7:3D3B,7,6,0,0,0,0,14f30c0a0eaa1a376e14d6ad8ebf647ded5bd03fd066bc494836b95f9baa8df6
15,50,0,C7:3D3B,6,5,0,0,0,0,a1c0e8676a456c32d1db716b1d1ed972bf4c1f222c5bc2f7df1cd713eff977a2
15,51,0,C7:3D3B,8,7,0,0,0,2,38fa34cffdd65263e46fef09c4953721e5db315d27fc3f3c5d197fde698cef02
15,52,0,C7:3D3B,48,47,0,9,2,4,7eca1972c61e71162fad94af5385bfe52ae0677dae8084136ffacf348ed9e0ab
15,53,0,C7:3D3B,3,2,0,0,0,0,536e34cc6c1d875246cb1711d90496ba53049960818b48e585c52985ad8e712f
15,54,0,C7:3D3B,3,2,0,0,0,0,3d7e5cf43d9836a0d603ce8c414bbcab1a02a46abe7e55733c1b5e62001a3c15
15,55,0,C7:3D3B,3,2,0,0,0,0,da3930056107c78d0895cfc7e790b3a1d7ef6dce2de4ba36e651146a325a87db
15,56,0,C7:3D3B,49,48,0,9,2,4,ac85cf24fe79b7de5ec7b179277e773bb32f0f0eced2f234dad4e45b2b7af0d2
15,57,0,C7:3D3B,6,5,0,1,0,0,a151fd85938f319fa0be803700822597719dc790582480a4c6c27871863d5172
15,58,0,C7:3D3B,6,5,0,1,0,0,f6f75d8b2ebcad30d50251b4f20cff0b60b4ddc9d8de73df2b63321d220b7ef5
15,59,0,C7:3D3B,6,5,0,1,0,0,4533a27a8783ea8f52b6e939b4c5c2765c61d575b27311871a8eddbf9b13dac4
15,60,0,C7:3D3B,42,41,0,7,2,4,fb1b1451b5fff27f492f49866020088502ec78b0391166c82a106ee271c6cd08
15,61,0,C7:3D3B,4,3,0,0,0,0,e01e02624c1c6ab5de3271630cc7ebb250388d71858f9b343b8041ed6b9d7f0d
15,62,0,C7:3D3B,5,4,1,0,0,0,8f9bbf7f89a72cd651e308b6c50a4cd66de401e3c47d0dc6d258042bfb7ba4ba
15,63,0,C7:3D3B,5,4,1,0,0,0,da3f719021d1124e8df4ca6eaaaaa173d455c10f4b9a076648dd943dd445973d
15,64,0,C7:3D3B,41,40,0,8,2,4,11ddaf857cf871a1478db98581b553516a286ad973e2bbd814e7ae15e0e7f53f
15,65,0,C7:3D3B,6,5,1,0,0,0,14d16e70fb44292d3f298391d05a705430cebed4e335d562b52a2c651baffaab
15,66,0,C7:3D3B,8,7,0,0,0,0,428ccb8fbcd0539209900096f0fd5fbeaf97e042983d2803ac06a66e13e7aa72
15,67,0,C7:3D3B,8,7,0,0,0,0,35a980de9ce23941938967cbf9d9876e520f524d0e4388f72491e1e2b6396a49
15,68,0,C7:3D3B,48,47,0,6,2,4,aad9903198f9ef0d19096ebf45132a5d3ec7cff28a849ed675f853c900eaac52
15,69,0,C7:3D3B,5,4,0,0,0,2,281909b3ac3f52b63f25302d49ba1c0b80b8a8dbdee07b5348375b6c58571d9d
15,70,0,C7:3D3B,5,4,0,0,0,2,7a2d0a3a44968623c701573e025895d12b6992fc3f3e172fee6822b76d428472
15,71,0,C7:3D3B,5,4,0,0,0,2,1640a28e41299681f7b32ffb932e1c508af11067a0da2b34187ba07224be4b2e
15,72,0,C7:3D3B,25,24,0,6,2,2,e0a7a38067e288db2ac880bcfbcf61263b8c12bed04e2fd0e2f2b46925afd8a8
15,73,0,C7:3D3B,8,7,0,1,0,0,5252c4f3b529c7ebf3e1f1fa672d7d1a7c7c4ed0c30b06deb3c38a01c3df5f03
15,74,0,C7:3D3B,7,6,0,1,0,0,8781c23006761b38fac76ee9f18716217a39e57a8437666abc5a8362e6953aa0
15,75,0,C7:3D3B,7,6,0,1,0,0,cb10ea11345b111fb17e79de858871e31dcedd823e36a09d8563ec391d8089a9
15,76,0,C7:3D3B,27,26,0,3,2,2,b251d5f61a89cbba3d021394f022e0892bcf2b25e5e35da5e7aa9149ed930986
15,77,0,C7:3D3B,5,4,0,0,0,0,0e67c53180bdc75a92ce415ef14618d428832b425fd9cb54f51b474c52c2b71d
15,78,0,C7:3D3B,5,4,0,0,0,0,1ecc20471f1b53f38c7c4d0c83a2c365415d3ec8d37e6819cd28a07b04c1beac
15,79,0,C7:3D3B,3,2,1,0,0,0,f21b6d54e47efdcd12c2f6e4bce0914b76f8d708657aa58eec5501faade2e6f2
15,80,0,C7:3D3B,32,31,0,3,2,4,036ca4a4c33c5a42c5ba0656f197cdb5cf1f01ea70d58f412c5c11fec91217a4
15,81,0,C7:3D3B,7,6,0,0,0,0,c041fea78855eee20869690a47c91e9ec80fc7790d9bd9ae6e8bebbe36e21a93
15,82,0,C7:3D3B,7,6,0,0,0,0,b2172e3bed7ca21050ec935950e6f7cac3a40238fab003a8b4affbd330fd5d9d
15,83,0,C7:3D3B,7,6,0,0,0,0,d9bd83355f3b922a9294373b5ae2a8d1cb11d3681ea1eaae1afdb858fdeceb12
15,84,0,C7:3D3B,43,42,0,4,2,6,160604ee58b48d7d47f9c2ca4518c3fa09152ad9e3a6457483424dae8e88e102
15,85,0,C7:3D3B,4,3,0,0,0,0,3996a3e20a8df9a8ab462a9b66c48b619495827787f160d7b2e27a33b682c3a3
15,86,0,C7:3D3B,5,4,0,2,0,0,93bccefae4530804e4fb01e2c24ea26c5cf63b2d376147936628d12ce5b13c26
15,87,0,C7:3D3B,9,8,0,2,0,0,43311957bd3ed10f7784aa040967e47bf2d618dab5729bc20782360c889bff03
15,88,0,C7:3D3B,52,51,0,8,2,4,03a5231683487d960fc4780b344079a9a11d4d955f0007b582d01c3b87b3a290
15,89,0,C7:3D3B,3,2,0,0,0,0,536e34cc6c1d875246cb1711d90496ba53049960818b48e585c52985ad8e712f
15,90,0,C7:3D3B,3,2,0,0,0,0,3d7e5cf43d9836a0d603ce8c414bbcab1a02a46abe7e55733c1b5e62001a3c15
15,91,0,C7:3D3B,3,2,0,0,0,0,da3930056107c78d0895cfc7e790b3a1d7ef6dce2de4ba36e651146a325a87db
15,92,0,C7:3D3B,49,48,0,8,2,4,78f20aaa7a030a826b01906dd4eaab48659fd9608843bd31b54fe5cb3b7aec5e
15,93,0,C7:3D3B,5,4,1,0,0,0,13c526a7b3c43422e3c63270de600c410ccd43d1dbd2567d469283ef8c681014
15,94,0,C7:3D3B,6,5,1,0,0,0,9efa419f482c95adf27b00da86d2d23a54ed5c2d67a5bb695c7df2fb5d652bfb
15,95,0,C7:3D3B,6,5,1,0,0,0,8a1409b6720e1b36725acd2030051c22274650aa1b147e160402ab796afaae81
15,96,0,C7:3D3B,43,42,1,4,2,6,b12a134e9d28dc1af70964ec866672c6b00c7d75e1bf854f29b8eb759b9e172a
15,97,0,C7:3D3B,8,7,0,0,0,2,92f4defab51f7cb83502bf7a35c9928734cc0b3ea8877f3c508601a7e42ef7f6
15,98,0,C7:3D3B,7,6,0,0,0,0,6fadc2ed92b3aa9719663fcd8e168fb75a081dcbea2a5abbc6aad68ead9087a6
15,99,0,C7:3D3B,5,4,0,0,0,0,c29ae3fb8d4be20201a03f820e33fcfbc23d172e12faaef2b988e02d44183681
15,100,0,C7:3D3B,34,33,0,4,2,8,31598dc32f43a67d23ba6f3f3e3183ca9543e619378e2fe66534f255fd010e7b
15,101,0,C7:3D3B,6,5,0,0,0,2,63468a5e0adefa3432ede9834a7c9da56ae810601b82e42e5fe6c4d692662bcd
15,102,0,C7:3D3B,6,5,0,0,0,2,e64ba6e77627f1a2d0e60fe80a6e3fee53f20b2b69f6f10bc280032d3ab463a6
15,103,0,C7:3D3B,6,5,0,0,0,2,283129e3668ac4aa172d6af5d471e0a285bd735b09b43819f57650db0da8fb1b
15,104,0,C7:3D3B,29,28,1,1,2,2,4b783b7ac704b21277c3f56bafc1d150793090e906b4184437bdc746d5749e4c
15,105,0,C7:3D3B,10,9,0,3,0,0,b547a506f1bf028665021462a6957756fd1ce1b41a0d3fecedfc84f5ae2738dd
15,106,0,C7:3D3B,10,9,0,3,0,0,6b454e67f0eecfa5290edbeb0fc87655ffe7a3c195e53bf5961bd0e878b7921e
15,107,0,C7:3D3B,8,7,0,0,0,0,2c6fba648eb71d550a65e61682b321408dd74035b86d0a3e2f1a4fa0a4f13489
15,108,0,C7:3D3B,28,27,1,4,2,2,3fa78a1184a674b516913e0689222ea0c6a8aa1a13057576a3263e1131081b7a
15,109,0,C7:3D3B,9,8,0,4,0,0,ad68e1d68c85202a53499353522ba6f69ef0f5537e117769e51a8f1ca8740537
15,110,0,C7:3D3B,10,9,0,2,0,2,8125db15c5d8ae48f85ab9d1e7e120ef058044f4c8c2ef6292e6406ad42cae0d
15,111,0,C7:3D3B,6,5,0,0,0,2,87f12b557599a28f9fd9bde2788842013052987b44a8051c7e12be596719e70e
15,112,0,C7:3D3B,46,45,2,10,2,2,55febf38860d41fd7c1a42806eb1363c77ed600e22bea7297456cca22715232f
15,113,0,C7:3D3B,4,3,0,1,0,0,f39a7299b35039c89726e494b1a071dfc5d7daca8d78aa94a9b3ba7c26d8acb6
15,114,0,C7:3D3B,4,3,0,1,0,0,8167085258af0b6ae1c877b24b6f30578db3642edf086ed404b5dd585dfab90e
15,115,0,C7:3D3B,4,3,0,1,0,0,d406b6689efe8bd963600edf1825facf7de5be9b76998e228a1b3543e50ee8e4
15,116,0,C7:3D3B,31,30,1,7,2,2,1ce2d8adfa002bc6395a5221869b8d8bd154c688dbf5b35df21698a3f0892013
15,117,0,C7:3D3B,7,6,1,2,0,0,ab0059ebf926f2934a136151f521be6ebc8f58ed84050ec7857f10e2d646064d
15,118,0,C7:3D3B,9,8,0,4,0,0,8118d5fac9c523a6798e4d75697961a80b904adb5a5c486d73aaf986bd6267df
15,119,0,C7:3D3B,8,7,0,3,0,0,378e043720cb1159acc61e992acd4a30d95463f6b2c99d7a6e8ea29c4afbec2f
15,120,0,C7:3D3B,34,33,0,5,2,2,75c3691af6a1e413b2183d749e7be09424bfe3e3bfd64b783823ab971ade44b8
15,121,0,C7:3D3B,2,1,0,0,0,0,d33548389aba269e653aca9abf557278d901b39b04a7319552df7149c40c185d
15,122,0,C7:3D3B,2,1,0,0,0,0,a6083775b471cc24c0a1fd922bf996fcffad2259b6796da72a38837b4a530027
15,123,0,C7:3D3B,2,1,0,0,0,0,fb5642a8912a446bd56e6be6fcf18913a24b8b681959a9c7b9e00546f181c386
15,124,0,C7:3D3B,32,31,0,7,2,2,1db089099b75948120cc8ab6819e0d2cbf12e39fc50802613ee8f827e806e568
15,125,0,C7:3D3B,6,5,0,1,0,0,4473ce103cd1aa67ae13b54e03e26ebcd669f3979bf7efe6b7815ed6c86488d7
15,126,0,C7:3D3B,5,4,0,2,0,0,f0b62959c39b861388e2307b50665d70d715b02940d30143bdf5933b63908103
15,127,0,C7:3D3B,5,4,0,2,0,0,581bb7d83a6a4ecc5bb0f23a9b13f7a99e5ef63ae07c8acc07bf9a7ff2c9be10
15,128,0,C7:3D3B,21,20,0,6,2,2,c075c2ed6b0a0290475ed28dce0e86736d49568811b501c90e3db52e326374d6
15,129,0,C7:3D3B,8,7,0,3,0,0,6c7852031c35eedd7577baf64296c27bae7bdef9a9a570af12166b6b320b554e
15,130,0,C7:3D3B,8,7,0,3,0,0,5845c699262ccd2cb82c684a85dbd356279c93538535f75cee064b7134e838ac
15,131,0,C7:3D3B,8,7,0,3,0,0,0e74b503e92c3233e581f850ddd732dac806445a452d5b35ca77ee9340432b27
15,132,0,C7:3D3B,38,37,1,7,2,2,f413f82b1b1f7254c5ac6c40e1c1478d0bcb27fc20cfb2e0eed7f239a912d93d
15,133,0,C7:3D3B,7,6,0,0,0,2,d20268533889c80e9edf4027be09f58d580825d620f82d2fb40505d8be032186
15,134,0,C7:3D3B,6,5,0,0,0,2,27bd72288b2695d3caaf49cb23070b0696d0aeda2431aacef9eb5e0aace66f42
15,135,0,C7:3D3B,7,6,0,0,0,2,2f5bb42a2b7aacd80fd3584386427e49888dc1d9c8472291c1e8a70eac8341ce
15,136,0,C7:3D3B,39,38,1,5,2,2,2c39faa9e7833c9a47bb9db7d4fda436a801ce3e32e26d9fbfc61ac17be88af4
15,137,0,C7:3D3B,5,4,0,2,0,0,9fb4e73215cebfe65af72b5ffea3a46ee519bc34cdd4242b9253dcea12700840
15,138,0,C7:3D3B,5,4,0,0,0,0,0f515cac0a90bc8bed8661fd798276ca8d62e6c72f69df1752561fc8156706ab
15,139,0,C7:3D3B,5,4,0,2,0,0,581bb7d83a6a4ecc5bb0f23a9b13f7a99e5ef63ae07c8acc07bf9a7ff2c9be10
15,140,0,C7:3D3B,26,25,0,4,2,4,18e0ccda6049194990b570aa572117e2f9b6a95e72757de33d8b830ba5e00f2c
15,141,0,C7:3D3B,5,4,0,2,0,0,14474d9ed3200a93063945aa67a21ff4ff9ec7791e3aa54b30723322335f6f31
15,142,0,C7:3D3B,5,4,0,2,0,0,d060cea9a49f1bdafd099ba67204c7c06dfd277abe11149907cd17049ef68294
15,143,0,C7:3D3B,5,4,0,2,0,0,c9fa320ef5cf699933d212a35bea43be301e9cdfd2909c37cd72e71daa16e4ee
15,144,0,C7:3D3B,32,31,1,3,2,2,29270005ad4154eaef57a6a0d30390dc4a7271fc50098b8815680daa15070ef4
15,145,0,C7:3D3B,7,6,0,0,0,0,483b082df9b94daeb07861f33faa90919d62e83351e0984a88b77a204f47c828
15,146,0,C7:3D3B,7,6,0,0,0,0,e5715f5c46c4587897618b2f017660409dde0e3b01305a1cf553b0a7eab36ef0
15,147,0,C7:3D3B,6,5,0,0,0,0,8fd524314bef082b0163a180a93700723ca27db2eade7b27e502ef405e20ad66
15,148,0,C7:3D3B,39,38,0,1,2,4,498945565380da5419bfa584db24c4f76eea2cfcc2179f35e6e7e9c282e7e6c5
15,149,0,C7:3D3B,6,5,0,0,0,0,40fbfcb788f95aca3de996f020077d50a8c8839beeb16ca678060b957445f7e2
15,150,0,C7:3D3B,9,8,0,4,0,0,87c9c4743c35d17ae99eac8beee465576717e4c8f560472ddddd2700c0d1f027
15,151,0,C7:3D3B,5,4,0,0,0,0,ad52cd467fd7d13774587815214043a368aaae2a83ebe5ddbfc1ecd06ea25de4
15,152,0,C7:3D3B,41,40,0,11,2,2,f37a4d9c514de9e266301945fcce193f3ccbe03bc617cf4c33291687fb21a77b
15,153,0,C7:3D3B,4,3,0,1,0,0,1424c673dfc7ced5698122a37aea6108987e0acc3d6636d87ef5f85fd231edbf
15,154,0,C7:3D3B,4,3,0,1,0,0,455881621b58b0e515cb55d5b0391dd9b06431e5baaae27f4b614d447143ccf3
15,155,0,C7:3D3B,4,3,0,1,0,0,55e5e87dd65e0c613477cd9fd607efff4e003ef35c06d4d3c7db2b61426c2b6a
15,156,0,C7:3D3B,26,25,0,6,2,2,a94f666c0aa009c9b314a181946b23cdb399d08b1129a0198f01a149843721a6
15,157,0,C7:3D3B,7,6,1,2,0,0,ab0059ebf926f2934a136151f521be6ebc8f58ed84050ec7857f10e2d646064d
15,158,0,C7:3D3B,9,8,0,4,0,0,8118d5fac9c523a6798e4d75697961a80b904adb5a5c486d73aaf986bd6267df
15,159,0,C7:3D3B,9,8,0,4,0,0,9fc3fc9c5087830b46b933fec99047aedbda277e27aa42682b8ae5c3138bf0c2
15,160,0,C7:3D3B,42,41,0,8,2,2,f263acca9d6b9c638113932c83d3c549d6bd14bdd992533e7ff24742e3f42857
15,161,0,C7:3D3B,6,5,0,2,0,0,9ceb50b624c06acd906fc9183ae0aa932067527dca1a4ce3cc0149f75b3bd5d0
15,162,0,C7:3D3B,8,7,0,2,0,0,eec142279039d91ed6c42a6b76f6e5ef446f6341cb64e5c0b525fd56dc7ebdf5
15,163,0,C7:3D3B,8,7,0,0,0,0,f97507740440e034174661f579d54f954427ef04e50b69b6870d8729831b7c8c
15,164,0,C7:3D3B,26,25,0,4,2,2,f5c6c8d7aa0ad380d48118c332579319fc168fd0477e80b210d7d9ac6e9ecd0e
15,165,0,C7:3D3B,5,4,0,0,0,2,281909b3ac3f52b63f25302d49ba1c0b80b8a8dbdee07b5348375b6c58571d9d
15,166,0,C7:3D3B,5,4,0,0,0,2,7a2d0a3a44968623c701573e025895d12b6992fc3f3e172fee6822b76d428472
15,167,0,C7:3D3B,5,4,0,0,0,2,1640a28e41299681f7b32ffb932e1c508af11067a0da2b34187ba07224be4b2e
15,168,0,C7:3D3B,35,34,0,5,2,4,5313dc1e2ee654eb2182449b6d2368b65a54a543e7df5374b3e939ee9059fab2
15,169,0,C7:3D3B,6,5,0,0,0,0,d0054d3c5cc0229d82d347eae80fd4de59a641157d07833b5ca906df8b0e7311
15,170,0,C7:3D3B,7,6,0,3,0,0,4853e70359710f415fd15b68080e9756e905531c99345adf55d97465ec04c4bf
15,171,0,C7:3D3B,5,4,0,2,0,0,f830319607ab13849a78f35786260b80ca14271f0bb2755478ddad93da8254e0
15,172,0,C7:3D3B,21,20,0,4,2,2,17ab5bed199e44aff515769a960056ac660eb02d1fe4dc1ca993bf1ae8e837b4
15,173,0,C7:3D3B,6,5,0,2,0,0,f3bbe9c0d0ecbe893083ca608ab81b4f09d14537811228636f27053a3dc1fd92
15,174,0,C7:3D3B,6,5,0,2,0,0,30446a961c47802128ab8f7873789d3b0796e17a3acc11a1836bc5a6f7bd713c
15,175,0,C7:3D3B,6,5,0,2,0,0,95d43fe48e63e1cfcbbeb350534e76806a7004233e8bf6bd5c51978bbe98ec48
16,0,0,C7:46EF,42,41,0,4,2,6,1372f6a807b442b991e09462b8457d4f141767c497e1bc7a4382515852e2b08c
16,1,0,C7:46EF,5,4,0,2,0,0,a42c2785f35713a15e68a4374a581711650d4331214494881fa508cbdca4fb08
16,2,0,C7:46EF,6,5,0,2,0,0,95d43fe48e63e1cfcbbeb350534e76806a7004233e8bf6bd5c51978bbe98ec48
16,3,0,C7:46EF,4,3,0,0,0,0,3996a3e20a8df9a8ab462a9b66c48b619495827787f160d7b2e27a33b682c3a3
16,4,0,C7:46EF,35,34,1,6,2,4,c9d8ebacb0b3175f4fd8419a055a2409d1b7bf34cd740ced2397f70307be8e78
16,5,0,C7:46EF,8,7,0,1,0,0,68cd6fd5e8be828977c3104299095e6a362aa6bdaef4ba7c28eca6a3f533147b
16,6,0,C7:46EF,4,3,0,1,0,0,475cf4d20bb3e1383d3912145df0c6ef77c68608c1dfd356c208b660f7e00578
16,7,0,C7:46EF,4,3,0,1,0,0,1a80487ce52c7043611c3e0f0b24d083e2860d25a409ef6e83c10e32b8a1eeeb
16,8,0,C7:46EF,18,17,0,2,2,2,9ffef6f64565457379973f407381e4df73b7c6342fa8523c7eb220a78d25a651
16,9,0,C7:46EF,4,3,0,1,0,0,663a1fd9d8a37011ceb2fc32571180f24a754dddf6677cb928195c985e6df4e8
16,10,0,C7:46EF,4,3,0,1,0,0,47a20a8d10aa1634009063bb947449bbc0ee56c4f15ad3d3addf4a1c2d138f80
16,11,0,C7:46EF,4,3,0,1,0,0,7cd610c1292c27a08974e0ab47323a34beef11fb037b2bd464c0cb5bcc5a5918
16,12,0,C7:46EF,54,53,1,6,2,6,024fae74d9f2c6dc04df91e5d6e823f07779c5c483d532645db16b0bced48c82
16,13,0,C7:46EF,6,5,0,1,0,0,e4b0b7e3662ffc0573f63c7c8188bd585fb4050919f09fc4494804bb24634914
16,14,0,C7:46EF,6,5,0,1,0,0,49a91aa055dbbc7c0aca8003fc8aae6d89a41d9642e58892ab4e5f7558ae719a
16,15,0,C7:46EF,7,6,0,1,0,0,88024c1235a9e8132c525c60fe304bb36baa0a64a6b49ea76902999ef879bc73
16,16,0,C7:46EF,53,52,0,9,2,4,ab0e26e18fe7a9026c77761bfd2067a83bb065ccfe5ad2eea9f0278b23ed917e
16,17,0,C7:46EF,9,8,0,0,0,0,e43419cf1ca02a24d065d9df117880fc93fe4e8dcffa4b573cc69564e386c22c
16,18,0,C7:46EF,8,7,0,1,0,0,e2228a31ebfbd772cc44b8c23cb7b2ffac28d1f6b786ee01eca19b1cc19c53a2
16,19,0,C7:46EF,11,10,0,0,0,2,0e009d9cbc553a88982fef2346116d9899e93adb20638fe9b5182f8eefa9a85a
16,20,0,C7:46EF,51,50,0,7,2,6,f087d77525292dc72defba92473d5f98f8841d58419c4930d67b2e332db2c820
16,21,0,C7:46EF,9,8,0,3,0,0,9b29f9e1ab61c57be964ffcb6ae5118eee814f900a7bbcd6879c8f688168f222
16,22,0,C7:46EF,10,9,0,4,0,0,0946dc392179401f9ca2cf82f2f30a9f70d5f73117d9fb3f5cc2a2528fa11cbb
16,23,0,C7:46EF,8,7,0,1,0,0,42e63aad39f0ccc64a1c391be612dbae16afb0929b2c92b0913d6a95465a5aab
16,24,0,C7:46EF,45,44,1,8,2,6,2d4adf22955a05120284e1e083a159669789e3c374d1e16d0bef89f9304d862c
16,25,0,C7:46EF,10,9,0,0,0,2,d32af9dc7f7577b5baadbb4d7b3598b378062a88733a84eb115a30da40fd6f29
16,26,0,C7:46EF,12,11,0,0,0,2,e1fc0b648403ff7e5530b4cce9e3b123b02507714fbc619abfaca8c38d41a718
16,27,0,C7:46EF,11,10,0,0,0,2,5adb2f93c7e880cdc0c369ca4ab3a632e19a3b4387a149967cd684a876d641cd
16,28,0,C7:46EF,45,44,0,8,2,4,5540f2812898f8672907d00e16d72c33736699052674fd2d5162b04d98defbb7
16,29,0,C7:46EF,6,5,1,0,0,0,31fbccf3058179f9de7c0bf9525f397fc2691ffdae1db7533c6f972924817d59
16,30,0,C7:46EF,11,10,1,0,0,4,a2201541fe37c307ff266beb995122a5415108cc0841f10e17f9cf9e80435625
16,31,0,C7:46EF,10,9,1,0,0,2,7fb987120ac6240e073897beb4ee383ce0e7e22c1be59d2359b923b5855bf192
16,32,0,C7:46EF,45,44,0,9,2,4,6846feda091ac06dbf2e40084b1d1730fc07e65c562d625fb7d1425cd04a6252
16,33,0,C7:46EF,6,5,0,1,0,0,e4b0b7e3662ffc0573f63c7c8188bd585fb4050919f09fc4494804bb24634914
16,34,0,C7:46EF,6,5,0,1,0,0,49a91aa055dbbc7c0aca8003fc8aae6d89a41d9642e58892ab4e5f7558ae719a
16,35,0,C7:46EF,7,6,0,1,0,0,88024c1235a9e8132c525c60fe304bb36baa0a64a6b49ea76902999ef879bc73
16,36,0,C7:46EF,42,41,0,8,2,4,fcc76d8064501581153a02bdf6462137376c30d2222bd23502d18c0a8ea549f5
16,37,0,C7:46EF,9,8,0,0,0,0,e2494203017edc410d80c69faf415cd7af44cf8e2461480db89e1794582ee1d6
16,38,0,C7:46EF,10,9,0,0,0,0,c37f9fb3ce23af85b446aa60b28386d655ab09d4c243bafa500666fd2cba71d2
16,39,0,C7:46EF,10,9,0,1,0,2,7e36056db562d6f5d746ca95b7173f74c078dd223cb4c1996d9891c5179dd9ff
16,40,0,C7:46EF,40,39,0,7,2,6,8cc99773227674ff4e33ccda8056081027c3d251911b8a04cd8e95e252970ebe
16,41,0,C7:46EF,5,4,0,0,0,0,da90453db9ffdededbd3b4d407e5dcb6963ea008306f4343f39da840e760e647
16,42,0,C7:46EF,5,4,0,0,0,0,3fb2ae17b5580cf59b1b1b89a84ce7de5faf532bfd1235a130afd6bdef906ac3
16,43,0,C7:46EF,10,9,1,0,0,0,7fd46d1dd5bc9cc0868f3c09d91d8921a049c323eae829dce4ea18bcb97f4ca2
16,44,0,C7:46EF,51,50,0,8,2,6,aeb1e79f84bfd6c17dda9d961f01f0ab554176c260782f11b22f0451dbe15902
16,45,0,C7:46EF,12,11,0,0,0,2,e1fc0b648403ff7e5530b4cce9e3b123b02507714fbc619abfaca8c38d41a718
16,46,0,C7:46EF,11,10,0,0,0,2,5adb2f93c7e880cdc0c369ca4ab3a632e19a3b4387a149967cd684a876d641cd
16,47,0,C7:46EF,12,11,0,0,0,4,99a76d65612ecc9f9e0ee35c304b8915fb082d34ad7d1d7e78e63debdb1dce5b
16,48,0,C7:46EF,54,53,0,10,2,4,e8e66a0e510a6b3178d6e9e970b3066143fb274251da0cc5a8f0b60fee44128f
16,49,0,C7:46EF,11,10,0,0,0,2,5adb2f93c7e880cdc0c369ca4ab3a632e19a3b4387a149967cd684a876d641cd
16,50,0,C7:46EF,12,11,0,0,0,4,99a76d65612ecc9f9e0ee35c304b8915fb082d34ad7d1d7e78e63debdb1dce5b
16,51,0,C7:46EF,12,11,0,0,0,2,806b9b392e3376a03f398dd3b24bb65a4c1b0145f11bd84b0873fc31acbf9e0b
16,52,0,C7:46EF,57,56,0,6,2,6,107fc5a8fabe5feb48c9d67e14b9fa48b511aae3bb56d3367758eef0a9c51ebf
16,53,0,C7:46EF,6,5,1,1,0,0,4bda00a74dc077933abcc23b4546f865fdaf8c547ec382eafd71c08a2f84a7f8
16,54,0,C7:46EF,8,7,0,1,0,0,af22484558c8f45a7c1e129d2e741fd94a01a0d9d39a38c7960f5e990023e9a1
16,55,0,C7:46EF,8,7,0,1,0,0,3e251e17420df1f45f6da9ae9804dc3de9e1ffaa553a1332e268777815d0d1bd
16,56,0,C7:46EF,52,51,0,7,2,6,e6742f3d465ec8b2de82dccd0e48bd0b10e3711b6ed89ef2a00a625f199836f4
16,57,0,C7:46EF,5,4,0,0,0,0,c29ae3fb8d4be20201a03f820e33fcfbc23d172e12faaef2b988e02d44183681
16,58,0,C7:46EF,13,12,0,0,0,4,e7b17cb5843256427f262d327c34f66e016498d026f3f7083fc75b938cafa19e
16,59,0,C7:46EF,9,8,1,0,0,0,4aed7997418dcd0ee32c16cbb115e7a7429497bc11a3a08fe9df2782543ff0bf
16,60,0,C7:46EF,49,48,0,5,2,4,b884e798c96374280066d1b4258cef8f22b1c7b88a5476feb766ca4c19f48494
16,61,0,C7:46EF,7,6,0,2,0,0,607ca56d571996829cd1b1a696910cd339fb466b6d4726849708c0fcd01158a7
16,62,0,C7:46EF,7,6,0,3,0,0,6300467decbd2a47c7591edb1463671d9924e057aee94a709515ce5c15950e26
16,63,0,C7:46EF,7,6,0,1,0,0,e8c23d50f879feaef0952d296af6278a1f94e856d21824c67ea5b9a1faadeaea
16,64,0,C7:46EF,64,63,0,5,2,10,86098d71ab21769febc051d107b2f406cf82a620ef2c235037e82be4cf784330
16,65,0,C7:46EF,8,7,0,1,0,0,3e251e17420df1f45f6da9ae9804dc3de9e1ffaa553a1332e268777815d0d1bd
16,66,0,C7:46EF,7,6,0,1,0,0,1630a2687e50c606ac044a0822a390757f1e966d2dc52c41f4506d6e818236c8
16,67,0,C7:46EF,7,6,0,1,0,0,a33f0e4e5b469ff4afbaa6fe8d443d7d799da8bc5bdfcdbf3f03302fe5368598
16,68,0,C7:46EF,54,53,0,10,2,4,46d320c272e96fefd10b3d4df5f0f26192618202b245cf0a26d3b1d4d58f66d9
16,69,0,C7:46EF,12,11,0,0,0,2,e1fc0b648403ff7e5530b4cce9e3b123b02507714fbc619abfaca8c38d41a718
16,70,0,C7:46EF,11,10,0,0,0,2,5adb2f93c7e880cdc0c369ca4ab3a632e19a3b4387a149967cd684a876d641cd
16,71,0,C7:46EF,12,11,0,0,0,4,99a76d65612ecc9f9e0ee35c304b8915fb082d34ad7d1d7e78e63debdb1dce5b
16,72,0,C7:46EF,46,45,1,7,2,4,95b2426f8806cdf7651ae8d0b0e28bb1167752516fa98991f86e87e77a5e5489
16,73,0,C7:46EF,5,4,0,1,0,0,a1cb6879dd1b5c14de8beaace9b322ed887f028938fd48b8e68ceb355da5a9f4
16,74,0,C7:46EF,5,4,0,1,0,0,96cb41abe8601fa9d6bfbe8cbcadcc3467a0e28aabd2668693058bb3a780ff32
16,75,0,C7:46EF,5,4,0,1,0,0,b3babb5dea439335f8e45dd801a4af266f141da492a937ad87921eab2dadd457
16,76,0,C7:46EF,47,46,1,7,2,4,aa2db43a4a910c9148483ff3dbb05e320a7db8c1a64e615ba5f482db56f58a99
16,77,0,C7:46EF,8,7,0,1,0,0,bf20ac4534230e1b1a3b08ddef71a6c942329a4a5e5b38c1c8c180d143a42bf5
16,78,0,C7:46EF,8,7,0,1,0,0,8cf09e8a4e04f6d8923f5c2ae820f6b74ff5e4c53f87a88a642d7d0ee75ced0f
16,79,0,C7:46EF,8,7,0,1,0,0,f6b9e95558ace509aee1bbdb2fc4043fbde49a7f266d81b10bdb97c456870bf0
16,80,0,C7:46EF,36,35,0,6,2,4,4f18c5832c5515ecc057d49f2735ae3f2c48019198419a76432c72483785a5b2
16,81,0,C7:46EF,8,7,0,1,0,0,6f04510a2d44361875ba31911ab26dffb16b56c9bfb0a5f7438e4a96833b56d8
16,82,0,C7:46EF,8,7,0,1,0,0,ef93393a3b64fb39f87e0ee479c92df6454b231cbdff54d9768171b680ccf384
16,83,0,C7:46EF,8,7,0,1,0,0,85bc71d9f0576e41181c3a70b975c3d7b50da219d031212cb8f4ce9d53686099
16,84,0,C7:46EF,20,19,1,3,2,2,5b7c8def786535acbff67073d4858201309ea86f414bde52798a1f9f943e88b2
16,85,0,C7:46EF,8,7,0,1,0,0,68cd6fd5e8be828977c3104299095e6a362aa6bdaef4ba7c28eca6a3f533147b
16,86,0,C7:46EF,4,3,0,1,0,0,475cf4d20bb3e1383d3912145df0c6ef77c68608c1dfd356c208b660f7e00578
16,87,0,C7:46EF,4,3,0,1,0,0,1a80487ce52c7043611c3e0f0b24d083e2860d25a409ef6e83c10e32b8a1eeeb
16,88,0,C7:46EF,44,43,0,5,2,6,ee0402ae8a4d4ee5a795c6e49d013bc0b396cf7b2c5535f82859874a595726bd
16,89,0,C7:46EF,5,4,0,0,0,0,0f8c1a2cc86c128bf092f6e7113dbda24083f00cef40de701ca35de5a743126f
16,90,0,C7:46EF,6,5,0,0,0,0,c50c51f1c85b97fb25ae7a6b38252d65f725cd3b3a8a53113a39bdc64f1b8b36
16,91,0,C7:46EF,9,8,0,0,0,2,23540f6a1db05564d4d73d6bcdcdeef0451e11d5643ef9b0a1dc4d1d1d74abcc
16,92,0,C7:46EF,48,47,0,5,2,6,381ffdfb72417d7b223ff735220e8c515fa89f099bf83902778cd37a698e807e
16,93,0,C7:46EF,13,12,0,0,0,4,b33e637ecdcc5790a0ae010893c441089ca567bd1e4fb5aae82554bcb35da1c4
16,94,0,C7:46EF,12,11,0,0,0,2,075f9c56a4dccbbee35f360df12360576a0b83117c474067fe1883681d1b891d
16,95,0,C7:46EF,15,14,0,0,0,4,2ba6761b136cfc01fb4c74338bad26d1c447125a18c910fee3af08196957e579
16,96,0,C7:46EF,49,48,0,8,2,4,78f20aaa7a030a826b01906dd4eaab48659fd9608843bd31b54fe5cb3b7aec5e
16,97,0,C7:46EF,5,4,1,0,0,0,8f9bbf7f89a72cd651e308b6c50a4cd66de401e3c47d0dc6d258042bfb7ba4ba
16,98,0,C7:46EF,4,3,1,0,0,0,13c2b1fdb45d919edd75367f33588c023fa00d86a2b05799a147bafb3833daaa
16,99,0,C7:46EF,6,5,1,0,0,0,c72448b6d963cece08e44bbee77d3dfc08844266cd2ddfd26f18eb42e9612a1f
16,100,0,C7:46EF,43,42,0,12,2,2,0506034fc37d371d9a28b39090931b36ada7dc6121de98194801f49d439c67d7
16,101,0,C7:46EF,5,4,0,2,0,0,f830319607ab13849a78f35786260b80ca14271f0bb2755478ddad93da8254e0
16,102,0,C7:46EF,5,4,0,2,0,0,0dfcbdcfecbf71b2d9b74646a5a0cf441c3ec8a5ccc9b8f9eb8767d36da7bc28
16,103,0,C7:46EF,5,4,0,2,0,0,53f8f7c6bdd199c329a9deea4182e81a802faeb190094c70462ac7fabeb6d3e2
16,104,0,C7:46EF,32,31,2,3,2,2,3bd86c709cd79f27b28ff3467eab502405d380bad011d30eca00ce194d3b1480
16,105,0,C7:46EF,9,8,0,0,0,2,9538981329edf742c68fcb7504e9ae7a26128c4261aa04037d8e214fc2d707d9
16,106,0,C7:46EF,9,8,0,0,0,2,af6f33471aee173b0a8e722c95da1b9dc349f0e9bc656aff6198639a3602e298
16,107,0,C7:46EF,8,7,0,0,0,2,95edd83ff3d436555142ffb6d1d0b6837f4197fca639d781ca6db3bcc143ed24
16,108,0,C7:46EF,45,44,0,11,2,2,217c4958624c28308cab2fe8ccfcb85bb2df72502df28a84b0a0cf7aec14d590
16,109,0,C7:46EF,5,4,0,2,0,0,b16f14f4c2536defb5e5be096accf19b5780d3019452453961611aab34e36aba
16,110,0,C7:46EF,9,8,0,4,0,0,eb55bf06b76e8f6cedd9fbf2f9e9408c690af517fa30bbfc1f0fbb2600273288
16,111,0,C7:46EF,7,6,0,3,0,0,09ccb3e3c39a246281cf8699592770139ac54a19372054d69677ecc1ebe8bfe1
16,112,0,C7:46EF,32,31,0,9,2,2,7612311ae231edb34340a7ae5c5cf81f2b00db79004750977cdedd0c0c1e4f9f
16,113,0,C7:46EF,12,11,0,5,0,0,542646331da860e075e6ddad1e92378cef6c8ec0cff5b72b8cfdd99e4def5139
16,114,0,C7:46EF,10,9,0,4,0,0,e8d22fa1797d83ebdc966702ebdddbd4dcc27b26ce8b3dc6a9af0a177022ca4f
16,115,0,C7:46EF,10,9,0,4,0,0,8b57f2fe71f00e5571265c3957013d8c1efc2937e17451af360b7042130bb52b
16,116,0,C7:46EF,34,33,0,5,2,2,ec2fb4f64556a7e5d8984200486ce816ad1736fe7a22b97df164346fe4674da6
16,117,0,C7:46EF,7,6,0,3,0,0,47c659859ec5d295ff8f00894d7513eb892d3d1ba4f0ef509f768ab0d190903c
16,118,0,C7:46EF,5,4,0,2,0,0,7c959476375322eb1793c54ed07beb7e82fb919de83571737d8bc0d9d3006689
16,119,0,C7:46EF,7,6,1,2,0,0,ab0059ebf926f2934a136151f521be6ebc8f58ed84050ec7857f10e2d646064d
16,120,0,C7:46EF,52,51,0,10,2,2,341825b786a43ffb4d64c795445a7a81355b8674f841e43bc55f69167514dadd
16,121,0,C7:46EF,9,8,0,3,0,0,64f78ea9d65c20bf912e3bb1c854ee40037fe7f292c306febfac556ec31652a7
16,122,0,C7:46EF,8,7,0,3,0,0,b8eeb4a4cd95c06200023c3043c1a8d54e338b1bcf2f457d786651341efb0d70
16,123,0,C7:46EF,10,9,0,4,0,0,0946dc392179401f9ca2cf82f2f30a9f70d5f73117d9fb3f5cc2a2528fa11cbb
16,124,0,C7:46EF,17,16,0,1,2,2,0ce605ba9bc58784e4de4e20d46dfaedefc0f9cc7fc9fcac04f912aa82af235b
16,125,0,C7:46EF,14,13,0,0,0,6,c2f2db43f95c5c06019a3d6687e31dff7a607bf5af21079f4ea3568087312527
16,126,0,C7:46EF,10,9,0,0,0,4,88f7197f81858b6d49b3bff95dd6870e87ef94e1af8ea522ba12cfb51caa1e9c
16,127,0,C7:46EF,6,5,0,0,0,2,982a91548a8bfe96d49367dfe36e9569a7fd3e23ce917103b047284db6432a71
16,128,0,C7:46EF,42,41,0,6,2,2,98bbb397adec0246eda7279fbe3baf430c416eb697e8425b426d7d968507175d
16,129,0,C7:46EF,11,10,0,3,0,0,5e2a52ba565b90d1b1597cdccee2dce789b09e96f3bb518841a6ff6f432fed13
16,130,0,C7:46EF,11,10,0,3,0,0,9862ea70a2a01c172203113dd2141b9e68d1efaf38f18d95d83c9a0b44ed6189
16,131,0,C7:46EF,11,10,0,3,0,0,7d2ac026f53f2fef5f42cc5a13d3e14f64aabd5f5247fc8699e3a49ea03c67dc
16,132,0,C7:46EF,34,33,0,5,2,2,150fbcfc5a0961bad6e740ba77a1905abc4db074e7d079d1ea0fc4653b2ad349
16,133,0,C7:46EF,3,2,0,1,0,0,f44eda64b79e7e61f0f763846bd942b021bd00fb8dde49a00a40725dfa35ceca
16,134,0,C7:46EF,3,2,0,1,0,0,1d43905d8c9c6125dfda78b1504f29860489a93384589935b10829d10904f4f2
16,135,0,C7:46EF,3,2,0,1,0,0,1ece5e5a187ff99130eef071c8989d9d74a0d15f915c661c6b69380c9a49c655
16,136,0,C7:46EF,45,44,1,7,2,2,bb0dc010b73d549a19f590a2bdf1a2f8d2d6cb024bf420c96a14177fd871c99d
16,137,0,C7:46EF,10,9,0,2,0,0,3130e238721af7da085a0665332b3c429b13e87c7a0283025f18bf1ffc3a8b85
16,138,0,C7:46EF,5,4,0,0,0,0,46287ccffe78af3c17fca78446aa5880c3963e1fe064a01f6c324222c1cb5ede
16,139,0,C7:46EF,6,5,0,2,0,0,30446a961c47802128ab8f7873789d3b0796e17a3acc11a1836bc5a6f7bd713c
16,140,0,C7:46EF,30,29,0,3,2,2,80deb8409b655f8adb594d08a10ae661fc5b4dcce59aefa71686b5fd520c1294
16,141,0,C7:46EF,3,2,0,0,0,0,e4fafe510f4cc8abc7c106e93da418f8fc140c2c5e21d90d4df49a8d8c0156a8
16,142,0,C7:46EF,3,2,0,0,0,0,ae99de6b15f7b30a280f1ad3209842b313fef85c6de69db00d135a8f8c2f5add
16,143,0,C7:46EF,3,2,0,0,0,0,9a2138bc9cbf2f71d32dbb68530d6e0b7686c8bd50df24e1f48df1e49ee4c246
16,144,0,C7:46EF,34,33,0,4,2,6,4351fe00b1c06d4c3e915ff4e59f85ab603b494765815a1cde246de8a5c20697
16,145,0,C7:46EF,5,4,0,2,0,0,87b025c3fa73d7cac90c6a8b7f53674bfbc45ba988671a816b48cf05edde95bb
16,146,0,C7:46EF,4,3,0,0,0,0,888777d9a9119969ea43fa9b99239539eed63237b0ba73038849c629ecd8fdb1
16,147,0,C7:46EF,4,3,0,0,0,0,87c3ecdc6ffa013063216fe48f74d4708d7a070186f4faba643d310f9abfb501
16,148,0,C7:46EF,39,38,1,3,2,2,5590d1e0866b6f2ee0bc4e0d87acd66766677e443f81f4f7511e0f69bcce4029
16,149,0,C7:46EF,11,10,0,2,0,0,03704f845ab2ce736881cf641eafc881facf7606ca39759c6b3a4bdded99cb17
16,150,0,C7:46EF,10,9,0,2,0,0,7b21335a210c194d784b10aa26e3408ce3d4fa98159b2e6459156d166a2aa0ae
16,151,0,C7:46EF,9,8,0,1,0,0,5921c181a432c637708bb6bc8f71a33b8b3ad737bd4d89b476362e999429f683
16,152,0,C7:46EF,35,34,0,5,2,2,2729b9fac3292bf317d6112044bf4e0df665d5fc8869072af3e40545d08dc714
16,153,0,C7:46EF,6,5,0,0,0,2,6baf24451fd9d6f1914e66b944560a80d50932a4b01b679911be8bf203f30a97
16,154,0,C7:46EF,5,4,0,2,0,0,581bb7d83a6a4ecc5bb0f23a9b13f7a99e5ef63ae07c8acc07bf9a7ff2c9be10
16,155,0,C7:46EF,6,5,0,0,0,2,5c56f6dd7d9236de3acd1b8d3c3cdfd0a6a53093fd218639a66783fc893c4206
16,156,0,C7:46EF,29,28,1,5,2,2,57606b74dff318fe2907742eeb6670e21885d9edc664413281a9f2cc8111a35a
16,157,0,C7:46EF,5,4,0,2,0,0,96e0d181288cbf9a35d8bb4c0992fe272621714518977063284d66ef65222f3c
16,158,0,C7:46EF,5,4,0,1,0,0,d49a9da6631862426972416a4f6f97c3740751dadff9bbc55d8e83516e161727
16,159,0,C7:46EF,5,4,0,1,0,0,ea8f7da9713901130d665688c146d91cf1236db82a103ad4e718c92bd5be412f
16,160,0,C7:46EF,39,38,0,6,2,2,d26d5b08b7febd2f546ab3b0c4837485a136dd32e239693d24d5b4794122e3b7
16,161,0,C7:46EF,5,4,0,2,0,0,ae39f60cd4b118c55a9e9f4dbbd3b5570eb2a91fa09fcb7432f3f0ff6c73fa83
16,162,0,C7:46EF,5,4,0,2,0,0,498b77e5ca0b260046dacbc565466d8a5acf34797c30fa24533da3329deaed81
16,163,0,C7:46EF,5,4,0,2,0,0,9f98954e6d06cc6e7213d7e3ca453b10126a3f748d5c1f5d8d6b7eab9879ba84
16,164,0,C7:46EF,23,22,0,6,2,2,5a9971d0af8d55188223932f2fdb6288bc9deaf2b7afbff774c3f27bbb766e27
16,165,0,C7:46EF,3,2,0,0,0,0,3d7e5cf43d9836a0d603ce8c414bbcab1a02a46abe7e55733c1b5e62001a3c15
16,166,0,C7:46EF,3,2,0,0,0,0,e4fafe510f4cc8abc7c106e93da418f8fc140c2c5e21d90d4df49a8d8c0156a8
16,167,0,C7:46EF,3,2,0,0,0,0,9a2138bc9cbf2f71d32dbb68530d6e0b7686c8bd50df24e1f48df1e49ee4c246
16,168,0,C7:46EF,27,26,0,6,2,2,8f5dd0b65148ba5ba5a83b79a99da4bbc93d8549832524f795956f2d5d6c63f0
16,169,0,C7:46EF,5,4,0,2,0,0,026ba7a1a22c7c49f6d07bf661555f2904e532f2a0235a0ad368ff5a89ce6904
16,170,0,C7:46EF,5,4,0,2,0,0,7bdb727613ae89ec407fb98ff7de79f11792f339f236ebb137ab0ca65cec8453
16,171,0,C7:46EF,5,4,0,2,0,0,94aee68ca5942ec7fbeae5e6a8cc95baa050243a09f1ea94cbd6e4d12f7debb7
16,172,0,C7:46EF,49,48,0,3,2,6,fc6b742c1bb91df4754d301f88e33c9771918abcfa26e6fc873afea89c9342ac
16,173,0,C7:46EF,7,6,0,3,0,0,2cbc3b50195c33a6b30b09e4e38934860411fdb7cdf139fb130707553f1740fc
16,174,0,C7:46EF,11,10,0,4,0,0,9aa9182281e90e8def8ad552d9fdb0323a66d1350133e719d42dec0bc1d11789
16,175,0,C7:46EF,7,6,0,0,0,2,8d7af5f655cbc2ebbb43b0e4dd2d7b0c59fb00ab3ff4dbe35c464cb9a8986e8c
17,0,0,C7:51DF,20,19,0,0,2,6,c57dfa4bb51d31af104ee696222c40e407f7bb06504a3af4b8caae83a8e268ca
17,1,0,C7:51DF,18,17,0,0,2,2,2766b2f6df6e395878784ec55f835f2afec58a98a6049630798b57fe7c40771a
17,2,0,C7:51DF,16,15,0,0,2,2,25f35b4333c89b8550c71c05a0302454a3e0eb6b7a8848c904fd790bad28d54e
17,3,0,C7:51DF,17,16,1,0,2,2,53da21d7345d67ef14688b06b9e690f24418df05626a031360c3bc8037e5fd2f
17,4,0,C7:51DF,17,16,1,0,2,2,53da21d7345d67ef14688b06b9e690f24418df05626a031360c3bc8037e5fd2f
17,5,0,C7:51DF,14,13,0,0,2,2,7bb1a63fe4daef9faab2679eaccfd7241063eb466b647cbf6fb5f4bb9b61135a
17,6,0,C7:51DF,20,19,0,0,2,2,7cc77876b1442ab96d857ed42736075ad8b2c97e5f34cce50f75090502fd28f1
17,7,0,C7:51DF,19,18,0,0,2,2,dacbd3402d60b6ed2708ed7d26042790a9fbef89affb1b2d867e695debbd53c2
17,8,0,C7:51DF,26,25,0,2,2,2,f0d5b23f5e55923edb10ff6b824f10d097d15723bcd098f3cf1e98163959ccbe
17,9,0,C7:51DF,33,32,0,0,2,4,063ab45b604a505c025002f66c9d438ad1034291c1d97725f27285db066bc43b
17,10,0,C7:51DF,32,31,0,2,2,2,9f8dbb885032880f84a854e57630e00de7e37b0282c0c9fb86d16fb78056018a
17,11,0,C7:51DF,24,23,0,0,2,6,2f6af1c9d7f39a2e981c366c3033fa9ba5e3426acae0231f0ec93bffde60458d
17,12,0,C7:51DF,29,28,0,1,2,2,9cced25d92c3d82642eac595925773a3dbacede938d7c45a1cf5bb94c6e559ea
17,13,0,C7:51DF,21,20,1,1,2,2,ee46ab2363115389c9571f76e9099dd24fe998356842a7446747158f38cf6eb9
17,14,0,C7:51DF,20,19,0,1,2,2,667453f874f949c78a7f607019698f54ae4a7ec62e9db4024fe66441bb75728e
17,15,0,C7:51DF,33,32,0,2,2,6,dd8cd92c2a21e69194604649f93834a095971e938b3b56865e10301a0180a398
17,16,0,C7:51DF,27,26,0,0,2,4,c6e26337672b6f59601642746552343b7eb78fead79cf87640822db441da57ff
17,17,0,C7:51DF,35,34,0,2,2,6,f1d057bca9bf4494f97cc13abbe3ddb36730d694f61c6681fdfe06827e16a096
17,18,0,C7:51DF,30,29,0,3,2,4,2a837f56a0b9a9adf02476ad28a4a39803b1469a574eaf36c37df1c8f94fff2a
17,19,0,C7:51DF,5,4,0,2,0,0,de9d9f871e0588fd1e27af3ff00fe8fb5245265bc84f88e03f36ff86207fcaad
17,20,0,C7:51DF,5,4,0,2,0,0,dabb988e67ec339c4d6169dc9ec6132d195d4ae957f4856fe772eb4bae98b576
17,21,0,C7:51DF,10,9,0,2,0,0,ead75abf84bbfbde8783569fc08adea068fe9896112bacee4f719f4c235434ea
17,22,0,C7:51DF,11,10,1,4,0,0,5754fc18705fe23bdee0adfae77609cb202547bf0bede100c5c5becdf0928df2
17,23,0,C7:51DF,10,9,0,1,0,2,ea79f514516870b30b4d961696796effda16a957cf166b6954fc8e2781431d00
17,24,0,C7:51DF,4,3,0,0,0,2,5bd3ba89d8a7111f901b40f8558abb7fc2ee43073d9a4015f6bc57aeb45fb31b
17,25,0,C7:51DF,4,3,0,0,0,2,3875befea51fc2b1dbeba806fba2347e4bcdf4d033927c3273db7f54b03e3851
17,26,0,C7:51DF,4,3,0,0,0,2,803042003084a555f595c03bfab31031d701c08f1a70d6a75d3e62ff89841677
17,27,0,C7:51DF,4,3,0,0,0,2,f0fdb757f692d17c63d8c61e3c7c611c7fe63b6f1fa3eba7990f64b903e3a746
17,28,0,C7:51DF,4,3,0,0,0,2,43a173998d0f1fc1ab9037533f0e1ba0265cd3085683432b2d17369871447e62
17,29,0,C7:51DF,4,3,0,0,0,2,dec9e873b807fe45b9fba382e88143d7cc9ffcf9d6931c7670b132878268791c
17,30,0,C7:51DF,4,3,0,0,0,2,2dcf44b21741ba19d1bdddb6a385406781f75e0e7fe01878aa01ec67b5d46a34
17,31,0,C7:51DF,4,3,0,0,0,2,ead1b57f7202b80dbd48723557c874a34f6c65ae5cff1ded429f5a0659300092
17,32,0,C7:51DF,4,3,0,0,0,2,a3fed7979a9b9f6eed8a016403daa70681de6cab262f776dd5c029582ca3bfef
17,33,0,C7:51DF,4,3,0,0,0,2,abfebe9e07781ed30b66dc70ddaf74b0a4fa7bd13f0822a39f53728709b81709
17,34,0,C7:51DF,4,3,0,0,0,2,13f7cbd0b7ae14c7426aebb220e8a5b74b457bb8e4b3f00e3b23cc20526b202c
17,35,0,C7:51DF,4,3,0,0,0,2,b3b599506705381e65752e8fca13136c9efcfdc104b084d86a97cd2b3511d6e8
17,36,0,C7:51DF,4,3,0,0,0,2,9d5d875f27e53333e72918a19e910e5a146f872cae6f05423be6938af37c3531
17,37,0,C7:51DF,4,3,0,0,0,2,d37a1df2c5132aa39484a5910e7d8eaaeeb67d6db7f2cd2b753c7ebe55a85aae
17,38,0,C7:51DF,4,3,0,0,0,2,9f007b1e0350f597da79c32c40756be67038242d4622c4f8b1f9849882f7e1e1
17,39,0,C7:51DF,4,3,0,0,0,2,9d4c3355449857902bf57a332025f0407536cca9b298c3dc3fe599f8816c8220
17,40,0,C7:51DF,4,3,0,0,0,2,1025884086b64a30ce884b6479aca60cfd5f858f1551822df8736331ae63e16e
17,41,0,C7:51DF,4,3,0,0,0,2,9d51dfc35e5393cb87ad6cbf4c17aa1be95d0608e8beaf93a30687720d3f1d17
17,42,0,C7:51DF,4,3,0,0,0,2,9e3dfa77e343c67f353d45046bb2e2ec4b2afdccb4b863216913eb10985322e6
17,43,0,C7:51DF,4,3,0,0,0,2,1d976a4c90f8366dfdce02c4bb817fefc0bd37ed5023c908ea27f28a933f8a31
17,44,0,C7:51DF,4,3,0,0,0,2,c260420e6b61995cf4a4dcc315e6a5489f86706aece57e23fe1932106b1ac3b7
17,45,0,C7:51DF,4,3,0,0,0,2,1fb483f82982516a19e1c90ef50843fec1159a9abf19b92477626c6acdba3529
17,46,0,C7:51DF,4,3,0,0,0,2,d8b3ac58b308dffb9bea42fab60a593f6edd22ad0a74d567a9d5dcb00502d8af
17,47,0,C7:51DF,4,3,0,0,0,2,3c5574cc1fac5ee50aabf6117e022c83340b322bc4475ae33089b43e48393521
17,48,0,C7:51DF,4,3,0,0,0,2,bf6823ba9e09af9688663916f5245016b0a6785c891abdabf3b758e4a4f39ca8
17,49,0,C7:51DF,4,3,0,0,0,2,b607c0caf8c91daeb9c3165e3901465d2ca727413f1788a56d9dd8d76c948207
17,50,0,C7:51DF,4,3,0,0,0,2,e73bf3ffd7bcbc119b189a86955aa9caa76b773cbe9c1b8797b5c5a95fe04517
17,51,0,C7:51DF,4,3,0,0,0,2,1c8b2e5f144db1b4b3f4ee20f07fe260486156b120df75f6b3fc718742fb2506
17,52,0,C7:51DF,4,3,0,0,0,2,731e899efc3d299a215215f3b587cd198b3e4fec1a3c077ba373066bf2cbac03
17,53,0,C7:51DF,4,3,0,0,0,2,63ffffaf0db3c4f20d61a6b11a784bdfb7d98af3b106f3b5069fd2ba6987f6e1
17,54,0,C7:51DF,4,3,0,0,0,2,0d0f91389dbddfa1726cd2bc410e192e8e51c8636b8f989db39892ab9936698f
17,55,0,C7:51DF,4,3,0,0,0,2,a7620f1ad9f893a975c2d603550be01caddf66b6992bb8cee8c9fa370c4eb454
17,56,0,C7:51DF,4,3,0,0,0,2,d838cc8b6e07a45452121c2f3e4384d5540a4a980cffa0754bfeb662e2df17c8
17,57,0,C7:51DF,4,3,0,0,0,2,a251cbbce3d66112f2f60e90f5bd3232d11f42a9ca74aac29279769fa4ca6642
17,58,0,C7:51DF,4,3,0,0,0,2,3c56402ec9949ff09b0ef1353b2b806cb99bd10c310b106f7b82eff5eb8ee023
17,59,0,C7:51DF,4,3,0,0,0,2,a833f540721275c87dd4642981f52dbc19c9ddfe62f962ec3e1d9b889c701577
17,60,0,C7:51DF,4,3,0,0,0,2,ddeb25dada0fd956a1eb1dca5dc0e1b2dec538bd40b59ba5e6f7e7747a30a632
17,61,0,C7:51DF,4,3,0,0,0,2,11b2f616c4a30f24b08bac9548e65d96988d60993615a537f347e60e61eb823e
17,62,0,C7:51DF,4,3,0,0,0,2,ab2a40ac05cbb8ec526a70ad28f2449e0dfd364eb7fe08894c1cee9757278efe
17,63,0,C7:51DF,4,3,0,0,0,2,eb021f5dc8a4b29b6e0fb4cad94450f31bdf96ca27f3eb7f70256ac75e5166de
17,64,0,C7:51DF,4,3,0,0,0,2,336c6f7e09cc3f02ed90aec99b3e3aa9e91719ba11f452bbf5c0ff435b072583
17,65,0,C7:51DF,4,3,0,0,0,2,613116456e67524fc88b9191c204ab2e507ec5bcd1dc1d322875f7719c03d2a8
17,66,0,C7:51DF,4,3,0,0,0,2,968615d5b8d1973fe9d9399f2cb9d6d7c30f5ea704eb71ed2cd1a047569ca4de
17,67,0,C7:51DF,4,3,0,0,0,2,04e8d8162282384babfdc95edf8ab12c320b6bfd440e4e64300f30730441051a
17,68,0,C7:51DF,4,3,0,0,0,2,4c88807b0c7015420b263a779311dc2659a64fa2dac2fe0d2f2951e726bbfecf
17,69,0,C7:51DF,4,3,0,0,0,2,3db1b4b79419a9f57a77c48fb729e61d1882100769ff308aff6aa0f25dd9ced9
17,70,0,C7:51DF,4,3,0,0,0,2,7ae161248955c9648612bee63dc03bf3c2ff9837d1eb27d196c3b9ef5149ae27
17,71,0,C7:51DF,4,3,0,0,0,2,36ad7c6a8af4970b66297e30cb1919b8a7607d1cbfeadeb870e82fc47a86e017
17,72,0,C7:51DF,4,3,0,0,0,2,8907f46e1fd0bc668974e5d6a6eef448088a4e2629a822fcb369d918506e3826
17,73,0,C7:51DF,4,3,0,0,0,2,30e508acd106c7778bf30cc58edc9fb0969a0a3350f5cdbc5fa0b46aae8e9750
17,74,0,C7:51DF,4,3,0,0,0,2,408fe33460a1fb58219bd625e843278b3a72e1bb263c4a6e8cb685ed9d187864
17,75,0,C7:51DF,4,3,0,0,0,2,49f9ceb5150d1feaa8020b9c9357b2dbe87683b8460639e493eebdebcf6000f2
17,76,0,C7:51DF,4,3,0,0,0,2,5de972d2e3833188a12d01de47719ba5ce1a7e840c332063da31187c897e6213
17,77,0,C7:51DF,4,3,0,0,0,2,23b2e9f22da1282980c960ccc5e04d00058f33f96dde33ac1f92f94e53d89546
17,78,0,C7:51DF,4,3,0,0,0,2,1b4ee7382d5e19226f7949644f8889ab9fe12d68284dbda4ddba80d6e819d422
17,79,0,C7:51DF,4,3,0,0,0,2,fd2588c0540e62e1d15d92f28dcbfeb8e521db6882d2a236245e817dd7053e17
17,80,0,C7:51DF,4,3,0,0,0,2,60948f977888f9328b1edc127f207b13fed1b55e7a1a98e462ebd8bcca436190
17,81,0,C7:51DF,4,3,0,0,0,2,0fc0a4258be861b5f7657c31343f637f61dad050423afab220c278c519241e9f
17,82,0,C7:51DF,4,3,0,0,0,2,5c43227d674c33a4c244364d13fd79e7e0af93a24fcacc13090facfc7dec63f7
17,83,0,C7:51DF,4,3,0,0,0,2,92f96ca9429b7aa600ff377f7369c564b5733a0a2ef2466d98092947ef31ef36
17,84,0,C7:51DF,4,3,0,0,0,2,8cc6338470d3de421b8ea96a7add7ffd5ea0dab1a6b7e2d0063672b207101ccf
17,85,0,C7:51DF,4,3,0,0,0,2,bd9384f01ce8e3e5333e52ca136eee9bd56ae501b1369a6e1230735b0cc4adb4
17,86,0,C7:51DF,4,3,0,0,0,2,6d59c1d648c1a4e9c6088dccdfba5869dd59fe9073bed933395aa75346cc86c0
17,87,0,C7:51DF,4,3,0,0,0,2,8f89e011153cb85eae50826f52a9348b5ee5225cdd3a28f5079ec217d56d9787
17,88,0,C7:51DF,4,3,0,0,0,2,73956d3a9f7492463be4b9ea3845bca8e9913394412a124214452903262a45c7
17,89,0,C7:51DF,4,3,0,0,0,2,c49c57819f4838d4b94a744f1b02b0f7a2a080d0441df32c011e8af64681bee9
17,90,0,C7:51DF,4,3,0,0,0,2,4b85ae270e0bfdfaf91c3bd72397556352803ef91a5e8bcf127950c4b5b8aa50
17,91,0,C7:51DF,4,3,0,0,0,2,eb88cb2636581e12e0a3139ce5763420887ec0fc0ff0f58d94813b507dfa62cb
17,92,0,C7:51DF,4,3,0,0,0,2,47b8969eecac10216cfda2b34024b5bdfb4db9ac6ccb18c9c3749d9f29458321
17,93,0,C7:51DF,4,3,0,0,0,2,44bd46d4ded0874a85cede6635669e770502bffdb55e4297eb8178062e1c655a
17,94,0,C7:51DF,4,3,0,0,0,2,523d0cec9ed6b62d2afe2c519c5fe24b40afd871757222a44b0b8a709510e2b2
17,95,0,C7:51DF,4,3,0,0,0,2,5f9151fc0bc3d2df563e97f16adb9709b5af0dc71151d9537c8ccfd9e45f07dd
17,96,0,C7:51DF,4,3,0,0,0,2,4c29e731444837abd5b0865ea21a220383e29000e5f9b463478680654402b634
17,97,0,C7:51DF,4,3,0,0,0,2,15f097b5395da212769cc61cb8c751ae791db9ba9986c8241497257f691af569
17,98,0,C7:51DF,4,3,0,0,0,2,11f4572cb3eedba8679d641d4c46f4652f422caa289887be3b9634be1b3de88b
17,99,0,C7:51DF,4,3,0,0,0,2,5d55d152919157779272353e15de7450d88ab3e43087b35a38a97e8abc3bca21
17,100,0,C7:51DF,4,3,0,0,0,2,d9266e5a9aa82549b3aa52d8ac9a9fd9efa55f04f2d44de8f022cb06c4981abb
17,101,0,C7:51DF,4,3,0,0,0,2,68016386bae44c2dc463010559958346a20fcb5863943620e3abed5a84028258
17,102,0,C7:51DF,4,3,0,0,0,2,f7ea0e462e739e9dcd4234d38bf4adf344acf934bfaae734183178ad40327810
17,103,0,C7:51DF,4,3,0,0,0,2,3c52924b389382ae6f720ca57354adc04ffc3f36aac66dda1c40eb7b0480b27b
17,104,0,C7:51DF,2,1,0,0,0,0,48a5ec61abec0eafe3e31b9a2148ea0818595dc8e42fae637ad1d2bf8d8a2959
17,105,0,C7:51DF,2,1,0,0,0,0,1d25d76040a1e986b1d60f2cf3209a81bfbf32007d63ff461535a9d73d90ebf4
17,106,0,C7:51DF,2,1,0,0,0,0,129c002714fd48cb41f31402de758c533571bea8392ee704cce57ca7ddff019c
17,107,0,C7:51DF,2,1,0,0,0,0,416f2b4fb3e5ff37ac9e6cef703be96d9a1ec36776650fdaa91ed02c6c58e8b0
17,108,0,C7:51DF,2,1,0,0,0,0,1462f2e42ee74d8471f4fce6fe45b1c889c9611f8c5c6ccb77f16fa3e42e666d
17,109,0,C7:51DF,2,1,0,0,0,0,b717ea9e9532f895e0d79cd76b2a48284f00eba37f5d4dd4ba8a89d3dd951612
17,110,0,C7:51DF,2,1,0,0,0,0,73e1afc1fd9896051479dbc8b24a7558d67afdde30d247b208505579faa49c85
17,111,0,C7:51DF,2,1,0,0,0,0,8c087a101de6d78e4c367a5c6a21c1b25deafece410837e75b892e9b6c6bbb4e
17,112,0,C7:51DF,2,1,0,0,0,0,261dee5ca4377f70571e7ac8036cc64438420c660d9db3dd6cfe03db99e659d2
17,113,0,C7:51DF,2,1,0,0,0,0,5bf825ff7bdf78af9c7f4f14feef7549b8ebb9d06ddd6111631bc8d71f3bfc40
17,114,0,C7:51DF,2,1,0,0,0,0,34ad8d8ddb8069126254db5e1fccace0936d305ffee48f29a101ef5c89240419
17,115,0,C7:51DF,2,1,0,0,0,0,ec588b24b7cd959a191e742afb59b90e0fd4aa48bdc1eac55a966d6ad0c2f8c7
17,116,0,C7:51DF,2,1,0,0,0,0,8c8c586903e7d78b35bf75b41cb6e64717b18e9e719be104d05dd03c9d9c78d7
17,117,0,C7:51DF,2,1,0,0,0,0,c56d60f5ac1fa3ff907ea2d50c13bda711a33f1b1538fd4cb8568658fa7f5148
17,118,0,C7:51DF,2,1,0,0,0,0,ff7da8928f0464b97bf9df4edd359f7d5c62b255f1cb2e0dd0ac78598a7afc49
17,119,0,C7:51DF,2,1,0,0,0,0,1c99a89f0a989d52a783861586ea62e193cbf71f6b1ce9c05bafbde48b3c44f5
17,120,0,C7:51DF,2,1,0,0,0,0,20b64b56f584ec6c5184846cbeb974347b5e4c25cb49628ce1426fd0d2128ae7
17,121,0,C7:51DF,2,1,0,0,0,0,4ba6fbf83ee13f77b7e61de31948933953afd6bb0be6d484855083d7483d462e
17,122,0,C7:51DF,2,1,0,0,0,0,a8e437abf9c0e74dc6d51eabf2d261a00e785c7e21efeac1f322b610273ba066
17,123,0,C7:51DF,2,1,0,0,0,0,d4626e851064d9ee98716b87094bf8ae92db30f859cf5d06b7a106303fff44f3
17,124,0,C7:51DF,2,1,0,0,0,0,a756c2a0de4a80c7e6edc29be63096505d892092751334cac92cf5d7f62b255b
17,125,0,C7:51DF,2,1,0,0,0,0,a43dae9ead26a56f56e72fff02beab6005d0ec9cd58d52bb94493205b06fe00d
17,126,0,C7:51DF,2,1,0,0,0,0,39d7194a6d368c09a60c7fc92a3c44ad3a79dc84d0a461d974c5bd0d895fca12
17,127,0,C7:51DF,2,1,0,0,0,0,a10a127bef78bd5dd202cb1647b3f51676752ba056be24dbf2f7c70cb0410ace
17,128,0,C7:51DF,2,1,0,0,0,0,8094903f94ffaa75bc82243f7de1f907cc2005bac5f8ee0a55e9f20fc9ffd7e7
17,129,0,C7:51DF,2,1,0,0,0,0,86c11f10c038a75279e64a09cbc5cacb478a9af27d1b5cce1d1b1cc7e23a1b81
17,130,0,C7:51DF,2,1,0,0,0,0,0d2f5112a34074511256c9482485e4d03936d202729aa169f1e2a9fa6018e2ce
17,131,0,C7:51DF,2,1,0,0,0,0,3a1eef43a87fff51d535b1025e31d8c8fed3109eec247ca6beb252333d2f4fac
17,132,0,C7:51DF,2,1,0,0,0,0,e28da0fd9ee88d0941967958be19ddaf355f5a987a611b99dabb7109f233f30f
17,133,0,C7:51DF,2,1,0,0,0,0,b9480a070a71f9fc257c102916d39b0bf259385d3d4ab137e5e0cc46b549c596
17,134,0,C7:51DF,2,1,0,0,0,0,1421d51105459aa9b26a2c454a4c542cd9b4b21842c842811e95d1b4bfecfa6d
17,135,0,C7:51DF,2,1,0,0,0,0,c7c0268dc5818911640931f1f50f7f916051085451a5deade6ba0bf44444b505
17,136,0,C7:51DF,2,1,0,0,0,0,46cc6a8cb5bcc0120f98b84c71699b2ac5b90cb34a781ae2a83305fa98cd8e67
17,137,0,C7:51DF,2,1,0,0,0,0,6651285bfcc75f9cd1618d206565b22f48aa533969d37afdedb5c1a384cb7df3
17,138,0,C7:51DF,2,1,0,0,0,0,6327d52af7fb3a44a9d7e977f17827f568456e63dc4a2d3083d9da8ad5bbef51
17,139,0,C7:51DF,2,1,0,0,0,0,474e37ee6bf0255bad6193ce78069a91ce93a8d1adcd7ee50e45208881cfabd4
17,140,0,C7:51DF,2,1,0,0,0,0,0e1862b77227e30a4b6f6d40295f173db76d2473f8b9e31b241239c07a5837fa
17,141,0,C7:51DF,2,1,0,0,0,0,e26b0a7abef5f98e78859680f2f7d7fadd2fca05aae422da470b036e7402f324
17,142,0,C7:51DF,2,1,0,0,0,0,9222cfab9895d438e70ac06acd41b6a3326e743f622548c14b0068d3d8ac7652
17,143,0,C7:51DF,2,1,0,0,0,0,cab57dde07ee63bbf59ba2d9b6db45c1a74600332ef271ebf47eb29abf54fc04
17,144,0,C7:51DF,2,1,0,0,0,0,40d26cb6ec247525c28d5e9512a8de50bd100bba35b98b521171536436e70307
17,145,0,C7:51DF,2,1,0,0,0,0,ea1097c78256ce6ac3e22ce2ab58a193dae65eecfefead0827316446f60b4771
17,146,0,C7:51DF,2,1,0,0,0,0,74bd8b6945a3203664d4eff36b173ae96e8ceb822b4ef99cb8d54741791923bd
17,147,0,C7:51DF,2,1,0,0,0,0,16cf16468f3dd2c46a7a8b523f4addcbf3b298d29a93463ccbe1cd899f08efcb
17,148,0,C7:51DF,2,1,0,0,0,0,bbcf2bb858199a0adddaf0ef8c042eeb5258008f276818abefa27f28281c2cb7
17,149,0,C7:51DF,2,1,0,0,0,0,3c291c484911fc6f1085ae01bf779432347efdfdcdff7b111b7c313e83076f76
17,150,0,C7:51DF,2,1,0,0,0,0,683914de4c707d217d22e1fda1593473b74f71e71c4c2c67bf0dfdbfe0cb4fd3
17,151,0,C7:51DF,2,1,0,0,0,0,6c453dcd445f88633f051aacd031bb1aba915475890b5d2e2d3db2a16be42b40
17,152,0,C7:51DF,2,1,0,0,0,0,bcd4ba182fca827c08ed6a133cffb6884b3f0364096cea297c14bb83129d153d
17,153,0,C7:51DF,2,1,0,0,0,0,3d39e1daa56e138e86a368c324eea2bb1a2b20f2d12a09fc8cc719a6aa497fad
17,154,0,C7:51DF,2,1,0,0,0,0,0149b725fa0360de824113f183950218e968157367ab586e1c972e21f829607c
17,155,0,C7:51DF,2,1,0,0,0,0,e9060c0c58ac279f1e3fd35c2822ea2b8dad0124077d652c21ae52ce99858953
17,156,0,C7:51DF,2,1,0,0,0,0,d1d157b117c1349d2dec7abd8532511d8f9c112045b15ff4bda5574bd0557d35
17,157,0,C7:51DF,2,1,0,0,0,0,fd1c1772f1df8498646a27a3b83337bab3feaf9e1b086262d89d255cc7c3c095
17,158,0,C7:51DF,2,1,0,0,0,0,6e6535d29be7bfac2971dc0853620d739dd43a62c41409d21d39ccb9b29e224b
17,159,0,C7:51DF,2,1,0,0,0,0,28426ff241652c8c0e9f9f2e7606e1b99c5714c87d6fdc0138412137e2f1be8c
17,160,0,C7:51DF,2,1,0,0,0,0,153d812467db095632c6583da7f82cf7ad1e3f9ef18b6358c10f28d2804822f4
17,161,0,C7:51DF,2,1,0,0,0,0,cb00f18f27fd8c1e727b27e727c3a26d4216e433ecccfa46be785d25a7874914
17,162,0,C7:51DF,2,1,0,0,0,0,34739425d55f591d570b36e6354822dbccd6453a78cbb9a61c05521248206762
17,163,0,C7:51DF,2,1,0,0,0,0,2980b96166234d9747e952fc0902911bf8739860d8afcc804258dde3b7d7437d
17,164,0,C7:51DF,2,1,0,0,0,0,0b926620431171ec5fbd44a461a2405ea7c3cd3ff0c30d297edc2599b05d62e1
17,165,0,C7:51DF,2,1,0,0,0,0,08dc6a1a955ff0fca0a047e27264c5c090bd2f3b98d64dcc4deb43cb770b4c0d
17,166,0,C7:51DF,2,1,0,0,0,0,4178147ef8d014f7e45adb9b3256f01d87acb5957dd853f416713e45e7838f27
17,167,0,C7:51DF,2,1,0,0,0,0,be81fe4316df9b2c7b167f68bf1236a93ac7885211be33ebff7d638c095b2f15
17,168,0,C7:51DF,2,1,0,0,0,0,6d4f30053c8312edb9b6b17e90d61a3d4bb8e0d92d847e4799d5e94e4c5f37b5
17,169,0,C7:51DF,2,1,0,0,0,0,abc444c518d78a3a7ad1ecb3be14910de69b8b8d2b33b8334158fdb3ae8f0273
17,170,0,C7:51DF,2,1,0,0,0,0,336e50127a425f3eb3d05bf8c80e91ab448d9eda20085ad4316a91c5b87251b8
17,171,0,C7:51DF,2,1,0,0,0,0,5f705d46c912e5395c37321c36759e025d4fadea28cbd331380d0e48060c19dd
17,172,0,C7:51DF,2,1,0,0,0,0,4067a17683de968939218dabae22d57f7d93fa43cd14869a0bfb4597e888a091
17,173,0,C7:51DF,2,1,0,0,0,0,1b3c183773cca621dc439dab9c8060e618a983503f13899267553681e868db3d
17,174,0,C7:51DF,2,1,0,0,0,0,5e47a90a060a509cffd8bd78028e9b7fc179d9a30af296aac3989fce226e3c11
17,175,0,C7:51DF,2,1,0,0,0,0,66be4fb32e22c1b58f5e105ca6fbff5297c6a1e18b7378d346f56f2e79714ba1
17,176,0,C7:51DF,2,1,0,0,0,0,079950a589d9712d69c276de82c668764cb30dc8940d56fe01d076b333df29b7
17,177,0,C7:51DF,2,1,0,0,0,0,4610d1cef20e5fc8b428af0656dfeef8eae628c76ad35228637d805366f27aef
17,178,0,C7:51DF,2,1,0,0,0,0,ad8c54a8c8b5b4429e0ada7bea8d7c3e95de008f5b29c2a21a272581f91ac869
17,179,0,C7:51DF,2,1,0,0,0,0,1234c3e81954bdb31eb2d9255b3352edade93eb1257a77b2bc0921a266e4da6d
17,180,0,C7:51DF,2,1,0,0,0,0,7dd24cbdccbbfb55f7adfe8bef168430f63fa1006da3ec9207fb1226b27e389c
17,181,0,C7:51DF,2,1,0,0,0,0,ca36967bdbb71e0d87797c0b0fe9a753bd777e0cb4ab142f7c7cddda7eae6cb4
17,182,0,C7:51DF,2,1,0,0,0,0,c1caf843bdd97f8938d6f5beaed10b70031ef7b95acbd0c9d0e054658d43f2c3
17,183,0,C7:51DF,2,1,0,0,0,0,240fbad97784f181cdf3a859e4bf0b48bb001af6a3731ec58b0fc361f0eb09af
17,184,0,C7:51DF,2,1,0,0,0,0,6fd27b6685dd017d06230f819aafdbd609480ce22aa2590ed1ed2f46c6af6716
17,185,0,C7:51DF,2,1,0,0,0,0,8509b81230019d2ad970d970f791dfbdc8caf54f5c594fcd327cef9feed206c1
17,186,0,C7:51DF,2,1,0,0,0,0,d76913416a2aecfcc76250eafccf38d274f50aab33ae8a68c2aee74ea13fb6b7
17,187,0,C7:51DF,2,1,0,0,0,0,5c60924f7081ca56066f79f4592c97cfb49753f88e597dab70f40541c84de096
17,188,0,C7:51DF,4,3,0,1,0,0,7a2cca024d5589cc8828b43b0448733ba3b3a000fe5a5c1a69510c39a73975f7
17,189,0,C7:51DF,2,1,0,0,0,0,1472d0645f552820b5472b91341c2d9a118c8a96f4a72758d6aeeb14c10a1107
17,190,0,C7:51DF,10,9,0,2,0,2,5a7458a7c56ee6d950426f6028f5a0d8c14ebdbb0efef3d10370ce282a0efe35
17,191,0,C7:51DF,10,9,0,2,0,2,e6c06e64eae9cfce4a1385b2d65721c34c2156e632fb03be035e407cb744ec6b
17,192,0,C7:51DF,10,9,0,2,0,2,29abe5d766e9169063485d76871508926625e6179c5503c8f9f81a3a07f4412f
17,193,0,C7:51DF,10,9,0,4,0,0,d5206729a037e270fd36a0ddeb6142223f30958f606515c9a87ac93559058683
17,194,0,C7:51DF,8,7,0,3,0,0,521ab4040acb5ceb48a3e7422c10c315f10bef200252a876225a8af3eb88777a
17,195,0,C7:51DF,10,9,0,4,0,0,005fd1f085bdcf82e45368b6a6f873cbb77cc8b7d528b9d4f064f9c389e1b63a
17,196,0,C7:51DF,8,7,0,3,0,0,c8d0391ad538ab9894465fd55bcee848f1fbb5eb70f2a3bb7c441bdb0c639b86
17,197,0,C7:51DF,9,8,0,3,0,0,f5dcbd0fa434836df46b4e4afe04f879d613ced78ec4e779fda0432e64f068be
17,198,0,C7:51DF,10,9,0,4,0,0,7e414aec1d147f557664240d37c8f8ee44cf54d1b23d3da4fd0c3b1920d7a30c
17,199,0,C7:51DF,12,11,0,0,0,0,1c0503244f2fd7efd8872f6123c9e46267d5d4cd40fce9b30dfff2c6fa972a0a
17,200,0,C7:51DF,12,11,0,0,0,0,a4e8e9331b9830448622f7227f60251f63039495aac38d73c1a2b25938dccea9
17,201,0,C7:51DF,12,11,0,0,0,0,99a4367e203517776b7d14ccae14ea414df7a5d55157080150b4ac7c842fc683
17,202,0,C7:51DF,12,11,0,0,0,0,bfe4a8baa5920355ba70d88ec4355545a42d80a2b69fe664862629588c895f9d
17,203,0,C7:51DF,12,11,0,0,0,0,cc5f0fdb8b25f55beec4140ff345d5518c7d40b5db4148f271c5d78ac8a30827
17,204,0,C7:51DF,12,11,0,0,0,0,39be51f9337e20a2d89061d92be4e1a444897116b1a06364efdbf37cdf74662f
17,205,0,C7:51DF,12,11,0,0,0,0,3e6c4fd533e707abf9cd820838c1977d0506bde0d9cf0668a4f38e478d5319aa
17,206,0,C7:51DF,13,12,0,1,0,0,dc4faa015c657c5f4ab123d98ba87796013cfa18fbef36467db700e44cea3abf
17,207,0,C7:51DF,6,5,0,0,0,0,3f95d5b06e569837b4dcf2416e0977f95e36b6e8602f0246e72406e3be46c0cf
17,208,0,C7:51DF,16,15,0,0,0,4,776d957f26d78329746e69a85ec6ad6b1d0ecd20faaf6eefab5d9fc7c8a34c42
17,209,0,C7:51DF,16,15,0,0,0,4,37f9b5f92a0747c02cd2b55bfa5914ca2749ba9f34d2d445c8e16546f204d179
17,210,0,C7:51DF,16,15,0,0,0,4,020b8922a7972a671c295dc6f8c2ba9857428ce85019f0e99694c7a0ca4410d5
17,211,0,C7:51DF,16,15,0,0,0,4,e1cc7a1bccaa50ecfa472e5e96aea34008fb3eef585a00856e01a5fb0210ff60
17,212,0,C7:51DF,16,15,0,0,0,4,90b6af5bdc51bcf0743213f0af5a4ec7f077748c14baed7dc22ee215af114fc0
17,213,0,C7:51DF,16,15,0,0,0,4,b515881f8033380b6f8d87430289e58c67eda6b33443bed4d4ffc9f7bd5a71a1
17,214,0,C7:51DF,16,15,0,0,0,4,b2d9f11e6d9b0f0c01c52d8e980d97e9638f92a9fa8cf3dc5895ceb58fe8be23
17,215,0,C7:51DF,15,14,0,1,0,2,07e57e013a65930f364b85976aac79970c132572433d7c163de3875827af376b
17,216,0,C7:51DF,8,7,0,0,0,2,c0ef74f5072c89fa8336061f900ead90f67d6ac680fd6290e125c37402a3c404
17,217,0,C7:51DF,7,6,0,0,0,2,e19faecf1e0b1c4957331dda7a960535facde389f2698785b8ba8bfa3def28ea
17,218,0,C7:51DF,7,6,0,0,0,2,c51da76da09dabcaf5cf375fb4b19a249168b02a734f96c97185aa0537944a4e
17,219,0,C7:51DF,7,6,0,0,0,2,2bab3cddc5fff467de5b44ee8a0bf6bf3bf775675e9fcc67e48f5cee02dba2e7
17,220,0,C7:51DF,9,8,0,0,0,4,d0a414ad36aeee183a664667cbb76c91fdb42a128529eca5444d3f1043eaa374
17,221,0,C7:51DF,7,6,0,0,0,2,6f9bbb811fdcbbd17368d2bfce7ba56097b5f23791513d3998e47180a566b5fb
17,222,0,C7:51DF,7,6,0,0,0,2,7a9736e7dfc2c3b3cd32cbdae0dc4a7cc747ac31d555d9b000fa986dede4b713
17,223,0,C7:51DF,7,6,0,0,0,2,65924f22c1dada0b0fd7dec6026ecb384c8f01d90faba6824943f70d1c9be9d7
17,224,0,C7:51DF,7,6,0,0,0,2,4b569fd781d12d04a597536c8e310bb3d042269791fad58131bfa43a198d0cd8
17,225,0,C7:51DF,7,6,0,0,0,2,3ea34c0fffe8476adbdc20714bb0020402dd61456974b64a94b0587547354239
17,226,0,C7:51DF,7,6,0,0,0,2,8b79c704817fdc3f6981c9c09968574292574061549db35deb00b3910b328594
17,227,0,C7:51DF,7,6,0,0,0,2,f1f6a7104aa02ce8e509e80b89d47f586ed921c52d4fa17aa3d691ec72ea1738
17,228,0,C7:51DF,4,3,0,0,0,0,216c91a284091ad2ed4ac39206b5a77bbbc9316de5ac8f0c20580219ebcbc0f4
17,229,0,C7:51DF,3,2,0,0,0,0,de82a076366bfaa3a3ae859f339fd0c60645ebe2da607cafcdcff85fbdf737c5
17,230,0,C7:51DF,9,8,0,2,0,2,35f65c65c7c8127ca67ac13bb5fb7d68bc7a7367a667f648a6481b7ce345df50
18,0,1,C7:575C,1,0,0,0,0,0,6e340b9cffb37a989ca544e6bb780a2c78901d3fb33738768511a30617afa01d
18,1,1,C7:575C,12,11,0,2,0,0,88b28d9f753fa29735854fef4a0acb584fa51550c44e2cbb997081db521a8324
18,2,1,C7:575C,12,11,0,5,0,0,ec8c7c0ce7e892229f13204e2567a48d375053fdcc86d8bd5bfac0128163d2a8
18,3,1,C7:575C,14,13,0,6,0,0,f06cb915b56c40f1c32144f6708d753d8780268e51bc2c7d50125130a8b96e68
18,4,1,C7:575C,14,13,0,6,0,0,3ee7c721e87ad4fe8b229a1d950d4e1229ef3acb00d27b7565319af88d99a9ae
18,5,1,C7:575C,16,15,0,7,0,0,425d212e8190c41e4a1719f9f7d0de4a79afccd18eda9ffc720ef2cca6aa41e4
18,6,1,C7:575C,12,11,0,5,0,0,ae5b712e77894b90f2c11814c176efb198404052d7029df14d68fbc2688a2927
18,7,1,C7:575C,14,13,0,6,0,0,9921c248daa87d08e4c95fa2e59dec1159b2380e7be5455562756e2be70d784f
18,8,1,C7:575C,18,17,0,0,0,0,0666be304c16218a5fe2ef7197eda864694b4a4519ac6370597358db70de40bd
18,9,1,C7:575C,21,20,0,0,0,0,10a4e59fbece2cd889884e4a716566dd84c4a931e231a51ce7c9028814bede94
18,10,1,C7:575C,13,12,0,0,0,0,52c79eccf702186e28148686b385b6da515df4baff1a3dc5fef900a580544a99
18,11,1,C7:575C,5,4,0,2,0,0,f2a1c0fa56191da54f4d9473812ff217792da04ce250b891485ea11a991d1641
18,12,1,C7:575C,7,6,0,0,0,0,14ea9f8a7224bb0db923bd9ebb91225d63ea61b27de9d2019a81a2155d8d3de4
18,13,1,C7:575C,5,4,0,2,0,0,dac8f8d43af39beebb9ee1e85d021d23b9d4af7b12678766a0dde415596c8621
18,14,1,C7:575C,8,7,0,3,0,0,4bfb63a980a3a3abe538c3ccf6017a67de717431e9a503924b62cb0afa37a756
18,15,1,C7:575C,5,4,0,2,0,0,0c07057f2d2ad56fee6f80ba9af5af66b22fe92d942425a230c595056dc3804b
18,16,1,C7:575C,9,8,0,4,0,0,f97a9091d93f7b28ce3c8e0df7c17efec3810216105c85dad0b5999db38e25a1
18,17,1,C7:575C,5,4,0,2,0,0,414044802724ab39efe15718f16e4d9fc3daab2c819b30a91380494d2603d66d
18,18,1,C7:575C,9,8,0,4,0,0,3007518317856519e806cea9b87fcda63fb0834a4055fcd66ed0b0623641823f
18,19,1,C7:575C,9,8,0,4,0,0,6d093c9b932c392b92f178354c79e197d8a9a9d7efbb9a25cbe517ea0b8249f9
18,20,1,C7:575C,8,7,0,3,0,0,fb821acce85da4cc5226414aa136e87667ca679b5b052cc12f3213ebc515da62
18,21,1,C7:575C,5,4,0,2,0,0,1123c7db57001985211f1031cdd266ee4949a57997765d49f2dd10506e3909fc
18,22,1,C7:575C,8,7,0,3,0,0,63e1910c8dddc0577bd54de4a5b22c6792237337ad3e6499c62c39e882b36936
18,23,1,C7:575C,5,4,0,2,0,0,9a2032c2b8399687cf06687ef8cc2e1c4fb2c11f335b8019375e98d102bbec82
18,24,1,C7:575C,9,8,0,4,0,0,2699cf367ee54da3d00d391786ddf741acbcc7798a7aed140dbbe66f87c8161d
18,25,1,C7:575C,15,14,0,0,0,6,ac5fc7a118158371590aad54779223f17028193676622be1c4207854d361315f
18,26,1,C7:575C,9,8,0,4,0,0,91a5f9cdee4817a37f5c1f790b42c1faaf14713e1c7a399798182a8d5d4bd25e
18,27,1,C7:575C,9,8,0,4,0,0,2822d7ea1c081c4c7e03900ee341c6b6acaa1c85a30bcf2278e053a60be643e2
18,28,1,C7:575C,9,8,0,4,0,0,76e09e6c2ee1c3e1f8bba02b64e2e81412b8d74733de59beb12af353df7813fd
18,29,1,C7:575C,9,8,0,4,0,0,6fd146986cca15affdb7d22ee1c2a94979e58f521437fd6f236ca5174e6dc11b
18,30,1,C7:575C,8,7,0,3,0,0,b99332aecfd476cdc819bb5dcb64aaf1af79143a984a3cd79086a31dc8f5e9a7
18,31,1,C7:575C,9,8,0,4,0,0,38ed795685c6997aa11ad86d4ed0f270453a2d2c929061ff552eb8d91a86ca54
18,32,1,C7:575C,8,7,0,3,0,0,5633492214b0ef3cb7d6efd67822ec4921b2439d6ea02a6e7a081445226e4a39
18,33,1,C7:575C,9,8,0,4,0,0,cb2b47f2f04dd2d5dcb3c0e8d6806f05cfbeceb765ffd09d763d709be8be3a75
18,34,1,C7:575C,11,10,0,5,0,0,3ff014351e5f8e38e77febda86e03d870c37e0c73ead1a8199e6cc0d5fd4cb9f
18,35,1,C7:575C,5,4,0,2,0,0,b55297a41b266bdd34487f1c779ff920357cff58d2bfb5dd96e4cf6e6e33e8fb
18,36,1,C7:575C,9,8,0,4,0,0,dadaa3811817b9485b0d1a06b4f534a2f2b17de1894c3329abe03af57fe369ae
18,37,1,C7:575C,11,10,0,2,0,2,1d1c704b3844e75bbb94283f9a001440c12393022928f1fdf00e509c06dbd062
18,38,1,C7:575C,8,7,0,3,0,0,083bc423094a4f10be80deefb4b421cb7c5b65cfdc5e2ef20c39012bb91f929b
18,39,1,C7:575C,8,7,0,3,0,0,6a7b24607be9fc38415c664768ee8e41615690a538a87fe9555cc6284a5ebf72
18,40,1,C7:575C,9,8,0,3,0,0,974c07fa370e0dff791e966dfda6b6e7359a21947711cafa6bb9b862ca38e12e
18,41,1,C7:575C,9,8,0,4,0,0,4f538c5ddfbc2f8fd6689456a0604a372d4574d36425994c46407def9c10da23
18,42,1,C7:575C,9,8,0,4,0,0,252770efc4b526a9c09e515128962dd014cf2d9942d998aa37dd43ea52a26d3f
18,43,1,C7:575C,9,8,0,4,0,0,1dcf137539d3c4c4992fdefc291e547a3f3a0204a9b0ac04a37e20da71ac94e2
18,44,1,C7:575C,9,8,0,4,0,0,693cf9d82616cf5e245c6ab175f6fa7ffbe712dbd4d63db7ef09cf8955cc8df6
18,45,1,C7:575C,9,8,0,4,0,0,366dafc067ff85686f4ae3b210383ba3add1be551fcedc0f37bf378e3a9fb944
18,46,1,C7:575C,9,8,0,4,0,0,2c76de247ee1f3f45e23d720b0caa0e2f77a8baddd3f42dc94cda94f04670c6c
18,47,1,C7:575C,9,8,0,4,0,0,81b6ec24ffc247e1d141cc1bad23dc309dbb30b99779c73c36b6b3392d8f9759
18,48,1,C7:575C,9,8,0,4,0,0,52033c6e3fd0d26acc94e5f88a857d9a95d0cf8dde70c3ba35a0ba7bea9f3dce
18,49,1,C7:575C,9,8,0,4,0,0,ce0cb0b03198fa1fa07ed70368632e70ce36a7438b31e3573c821dcdf0bf7376
18,50,1,C7:575C,9,8,0,4,0,0,d8e67c01f37378cd1fc2c1d43ea7eb7dac655909d1e2ad4a1abbf5571ff1d622
18,51,1,C7:575C,9,8,0,4,0,0,f8210b172277130cd0c8977254edd4406e410adef5a6f7d6b27320ec75f7197e
18,52,1,C7:575C,9,8,0,4,0,0,4c98126c19430db69f3d5aa87c31ce4d78e1f8fa1b95f0bfd2d0a6dffd6c023d
18,53,1,C7:575C,9,8,0,4,0,0,08f8ea9d7bf34aab305494c1aa6409dd0fa779779df09330b36f659b70de1733
18,54,1,C7:575C,8,7,0,3,0,0,a116c0e63431bffea74a65b1f3e306595ca0ebc9a16841511bcd4710fecb0bac
18,55,1,C7:575C,9,8,0,4,0,0,1daf9c04b55048f90847c34269c23ac8a0409ea09944f0cf68d7d2fdba55bc5c
18,56,1,C7:575C,5,4,0,2,0,0,409091261d21b46844c3b874b3b3bca942e873423921c054bf3aaefc536e22a9
18,57,1,C7:575C,9,8,0,4,0,0,a802c93d0a919035864b8784f99777170a4b8dadc42c6ec2e3f4a5522a708453
18,58,1,C7:575C,9,8,0,4,0,0,42f4fe6671554e5ca338a25286b2aaa131ea4294b490f407d95a1d9b0954afc8
18,59,1,C7:575C,13,12,0,2,0,4,36d00d6b114377d36403a00bde0b676a38bb9f9a3b1fea8dabb22ef6bd6ccbec
18,60,1,C7:575C,9,8,0,4,0,0,66e16de9179274d35925996ca7ccb5857f115327e253f85a10dc729deb3cfe97
18,61,1,C7:575C,8,7,0,3,0,0,3d3ccd9fb1a7b9450f2e0eff9c6d9cb6d07e65e82490e2f95ad022ad0e918df0
18,62,1,C7:575C,9,8,0,4,0,0,61a2dbf5b2ff45055a81889d00ca1d9113e8b8223ad9c4ec1af5e874828b0f4a
18,63,1,C7:575C,9,8,0,4,0,0,5aec6d151b71caa9821839160383e0c9c2e7013f53fcc5627dd6e005197e51f4
18,64,1,C7:575C,9,8,0,4,0,0,4825725d9e2db7652a29073b746cc386b36566475289c6532415f67cc3aebbd1
18,65,1,C7:575C,9,8,0,4,0,0,4fb15650102d38f1aa4c63ea15672d21b25eb5c3142fa90352797eb7021c31c0
18,66,1,C7:575C,9,8,0,4,0,0,7736c8dac21a03fc382ec408bed792b26940e1a88ad3ceda621d654719997688
18,67,1,C7:575C,9,8,0,4,0,0,7ec51fe6de4ad039ceaa7a55d48b8ce2df72ef92dc830836bfc94f3d2566298a
18,68,1,C7:575C,9,8,0,4,0,0,a28e6c2264e4108197827ceaa9dd0dadd2862ce27b591985a37e4bbf085925ed
18,69,1,C7:575C,5,4,0,2,0,0,6fbb5880bd091a42c307abb0d245ce2c7ab2b9523a19e554ffc4209f1a2c63f4
18,70,1,C7:575C,9,8,0,4,0,0,4a0d9c02478d495d3aa538eb36ee48bb414796e3c879d36b49ddbcb509c42bf3
18,71,1,C7:575C,9,8,0,4,0,0,7fc680679a03edeaaa789831a63f55a64d50a0d51422c7987e06d9c4806707af
18,72,1,C7:575C,8,7,0,3,0,0,9085367bf733a14d270e43d1e3f48b1e22d251df2627c66a7218f2968b4c5724
18,73,1,C7:575C,8,7,0,3,0,0,50870ff1dde61e80e0292d4320641b7f167ca04f4a9b7d50a97fa7dff7b0e13c
18,74,1,C7:575C,9,8,0,4,0,0,953419f82b8653b358aa392ed001ed80b90761985d5490918910e2345e012be4
18,75,1,C7:575C,9,8,0,4,0,0,47164dce9905150deef70c5eecbdcc9505b621cf25f8141fdbaa39ae4fcbe4e2
18,76,1,C7:575C,8,7,0,3,0,0,f18b8872365cfc05e9b827f0831000cc670cb0992a45fd1931b14810548915b4
18,77,1,C7:575C,8,7,0,3,0,0,a3f1d058890c52a81dbbb11c62eb9820d3def25cd9b13f8349f36a9efa18b8b0
18,78,1,C7:575C,9,8,0,4,0,0,93edf984fed6de45b7467f5dd139c1bc85ad204cc92862085faa7336842121e4
18,79,1,C7:575C,11,10,0,5,0,0,b6c87cd89e9ada4d5cf6fd09924918c9f2e55d372e1c218886cbaa15a52acdfe
18,80,1,C7:575C,8,7,0,3,0,0,de4275a0a920cfd409129233f2f693fb8a4d6dbada4cab5b392b5a7915f72aa3
18,81,1,C7:575C,9,8,0,4,0,0,983b10128c7e08e4462ed6f8c24873f7706f511964d803d668de5aa1f7d34817
18,82,1,C7:575C,9,8,0,0,0,2,d94de22ddb2561cc6503e271cd83a73aab5c44b89d792b593b8f07e3571a819f
18,83,1,C7:575C,12,11,0,0,0,4,5a070467113c1369adbffff5d0576beb45998e584fae84eb4cfdb431fa443a5d
18,84,1,C7:575C,8,7,0,3,0,0,418593d97aa0aac6944bbe6ce1e7a8801cdf404529ed31d3c3256199dcb3faf3
18,85,1,C7:575C,9,8,0,4,0,0,f951216e75f657c9a1c0928ede68d4e63060902330d9806be2da56cf91118b67
18,86,1,C7:575C,9,8,0,4,0,0,dc129e014dab60d9d51f912b27b62f22ec737979fbbbf4611c6e5aee621a1273
18,87,1,C7:575C,9,8,0,4,0,0,e4a7362d0a6148b20bdcef3cd2d106a4226c5338538ed89079977a7f49aeff8c
18,88,1,C7:575C,9,8,0,4,0,0,a66949fb4feed4ee75efee77039db0c40e8f216a6b12207b03dce9c160adc9ca
18,89,1,C7:575C,9,8,0,4,0,0,2fc88d11835e52c4afdd03131852cb8e54a2ca6df8fbe6c87f845c2158868837
18,90,1,C7:575C,9,8,0,4,0,0,de8c1f8a3161ef9c342dcc32a27024f579a672aba6e6c04fbc5d147c7febfd4a
18,91,1,C7:575C,8,7,0,0,0,2,e4573780f86225f2a65c8ddbbe84dd588e4d64a249416410827d9df8c7b6a19c
18,92,1,C7:575C,7,6,0,0,0,2,78417952eeae9654ef9c065a6f53a2639f27dc86635adce93016539751a82127
18,93,1,C7:575C,7,6,0,0,0,2,6a0dfe545cc90d7be93155a62112d492bfa2f95f509ec34cbc47ced78061d467
19,0,2,C7:5A22,28,27,0,3,1,5,e65bc9022f9a87356067974fc77f4d9f3798d64bdc2f39ac7be843a5bf39392b
19,1,2,C7:5A22,14,13,0,1,1,4,ad12f731e121081629af0baf00f19ed95217cb436045596fc893d9cdb2c60064
19,2,2,C7:5A22,16,15,0,2,0,2,246b25c26cb3d8fc5d37e0b4c92c7b2d9ddf38318ef7000aee81320f2645378a
19,3,2,C7:5A22,2,1,0,0,0,1,cbe2268747c9c8072c7f9926f2288f270637dc55bb9d14d3368361d5e47d25be
19,4,2,C7:5A22,16,15,0,4,0,1,e551a96e34cb1f13dfae5fe8a80bf6bb0c1468ee8b4ad34e99e1343516477a3a
19,5,2,C7:5A22,1,0,0,0,0,0,6e340b9cffb37a989ca544e6bb780a2c78901d3fb33738768511a30617afa01d
19,6,2,C7:5A22,16,15,0,4,0,1,bf97c16cb8201e08c61d6a149f08ce940bad6b3f6994c5deb64661bf0a703b3a
19,7,2,C7:5A22,1,0,0,0,0,0,6e340b9cffb37a989ca544e6bb780a2c78901d3fb33738768511a30617afa01d
19,8,2,C7:5A22,13,12,0,1,0,1,ef98b5fb900e83de01c1dd6d2fbd88e1f637f7ef212416be43c3db7fdb964ae0
19,9,2,C7:5A22,1,0,0,0,0,0,6e340b9cffb37a989ca544e6bb780a2c78901d3fb33738768511a30617afa01d
19,10,2,C7:5A22,20,19,1,4,2,4,7d6bd3664598f63184b653f10deee7cbfc0d8722a7542912b916617f64ba4fbe
19,11,2,C7:5A22,16,15,1,3,2,4,d37f3ddfe7f68563f9e305aa6332986101126a6bf27e533254a23f27e2711101
19,12,2,C7:5A22,16,15,0,1,2,5,e55e1df22f8945a5d5a8f512d46576e640173627479cb4d3cbaee45bac321b2b
19,13,2,C7:5A22,23,22,0,1,2,3,e97c8b519a2c1fd655515a6e297baa8dd0c40295635eb693f3ef5fe4a96f7714
19,14,2,C7:5A22,23,22,0,1,2,3,e7a4b78273d9299e22e6dd9f1449b5219dcdc09787344a436785d8c4c369137f
19,15,2,C7:5A22,23,22,0,1,2,3,6216b9c13a8f6fd0120a2177cffb795ccff8518b0a3a259245a73781902f4367
19,16,2,C7:5A22,40,39,1,6,2,3,009e95259e45de356f1750adb7fd4922b5a737259174020d8f83a48ee10f1646
19,17,2,C7:5A22,28,27,0,4,2,3,d5e7a1cc54b0424293d00e2b2389971656c70525c6052905d284765f8ae32047
19,18,2,C7:5A22,29,28,0,6,2,3,6210f8b5932517516d1d8b5dcc62ccd2224c3067e0753fc53b0a378af072b681
19,19,2,C7:5A22,14,13,1,0,2,3,7f66c8f0b13f4b2b0545f9ecb068ea46ec4bc7e1bf7918c0584e5260b038ac9f
19,20,2,C7:5A22,14,13,0,2,2,4,a84981bf043189d9014a8f77823c52453994c0dadb568f9ecd5966a5735581ae
19,21,2,C7:5A22,16,15,0,0,2,5,1f7b4b269264244753b32782467295682f89966a3ae4482c28397413cb739283
19,22,2,C7:5A22,29,28,0,5,2,4,ef566a3390cc3a3e275416dc7941854b5b1aeafdf5d7734eaaa4afc383c94789
19,23,2,C7:5A22,27,26,0,1,2,6,6b3fb216724d0801b6e5bb97b0382e6f03d6357a5cea0e40cc48165dd6e8a7a8
19,24,2,C7:5A22,14,13,1,0,2,6,7f6fafe933ea30d98bfe9459af46c718a7e3041dfd7671f34c31f457a6170d27
19,25,2,C7:5A22,35,34,0,0,2,9,c274e1d4151fbfb26e66e56c25117d3a26539feb11f4191b1354cafc1ceb94f9
19,26,2,C7:5A22,32,31,0,0,2,9,c64e9c69afc6410e06df1ac706ff831cbeb67375f340b71a1c485a161cafaa4c
19,27,2,C7:5A22,37,36,0,0,2,9,d5ab566a362f31991f43f85e5ae4e2f34b5887623789a7200c3d57c9c7d14580
19,28,2,C7:5A22,34,33,0,0,2,9,dc391f99c472bfc7212707c3e545c08f94892b098fb227d82b403384b08ee237
19,29,2,C7:5A22,35,34,0,0,2,9,2d6f263f5add1e8210ae8315ce128f92ce8c37926cfb6ef54ccf9fa6df28b8dd
19,30,2,C7:5A22,32,31,0,0,2,9,261c059e7fa7fcb422884b8bd2cf7520fa35d566c55135bb6f960495a9d12618
19,31,2,C7:5A22,38,37,0,0,2,9,297b69c8bf67ddf2b58105ebd7afb0f0dac51eb0b3de0b770bbd7950cc1281d4
19,32,2,C7:5A22,39,38,0,0,2,9,d38d2f3f7f56bb11c1ce24f5f15a13ff33d71a555ef5176c55c44db32d85b19a
19,33,2,C7:5A22,40,39,0,2,2,9,3e917acabb4bddfea53e970864c1a5c36726ed2555bc9347e6080585aba6430d
19,34,2,C7:5A22,12,11,0,1,0,1,636c6e63ccc3ee0d97f5b20509f1513865afa8f2484430a7570c1ab8deec235c
19,35,2,C7:5A22,30,29,0,1,5,10,ee6bb7a299fbd422be3260a8944566ce51534ec269bc064de4458f299a4532ae
19,36,2,C7:5A22,13,12,0,0,2,4,df4c5797443717b63662d55fc674890ea965ea9af1082f98807ab05663d48431
19,37,2,C7:5A22,36,35,0,5,2,4,8eb94eb9f965059a416fbd53a2d75259e112442e36957f29fa0f18140356ead2
19,38,2,C7:5A22,37,36,0,0,2,4,4a866c271bc7bcf5fe0cd004a09ac8a2b1617505cc07ea83c1b6a71c4cfdb6e4
19,39,2,C7:5A22,27,26,0,2,2,4,856811e28993f3c0feff014d01558c8b1f452fef8749955ee0051c7e4dbd9993
19,40,2,C7:5A22,25,24,0,0,2,4,ddf61698ff330c7ad435305170c9e07444bc2f618ee4fee8b4b398c0cbe261c1
19,41,2,C7:5A22,41,40,1,3,2,4,2782e6faf6874c0f59d57f34ee728c6402c53539a2bffbbc4c19164f63362992
19,42,2,C7:5A22,46,45,1,5,2,3,4a95e4d0ed8b62251f3e46f20db73bf84bfd431cf4cf1e63ff35583b9f840066
19,43,2,C7:5A22,58,57,1,2,2,6,8b529c826b0224c0bf3b2e964b6d33cd8761709a7b9ad7202f5551ca9b31d999
19,44,2,C7:5A22,54,53,2,4,2,6,8255a7a906ddc2e6a7735a152317bb82b9bb9beae8b39e8d518098ecc3a5489d
19,45,2,C7:5A22,51,50,1,1,2,6,0bdc1aec48d9107be51ff8a0accdf0916c4aaa9f08f342ce638e38ad298180d3
19,46,2,C7:5A22,5,4,0,0,0,1,1f8f5bb9bfcb145069a4e30f7c941aa0f504166909c1dba54f1abeace8b81182
19,47,2,C7:5A22,29,28,0,4,1,2,d01addfde7b99de718a4bca1ca3404f83c8f4f8ada8fa8fb4883a2556386101d
19,48,2,C7:5A22,17,16,1,0,2,3,5c0df83ce7f24e86e3c29e3dd4e1b8d35f12dd11754316d4b334132c4aea18c2
19,49,2,C7:5A22,19,18,1,2,2,2,62b3c4815707eed5b06d3433364c13fd202daac16082b927722ac122b671c1f6
19,50,2,C7:5A22,37,36,1,4,5,8,20ae397bd3082e5184decab6c082c23f91bff84dd4de1248ffe630f5434a829c
19,51,2,C7:5A22,17,16,0,0,2,3,4bc8f3df187f3899000010f79c07b93d9bd62b224516c6e1d4afc50b4c3905fc
19,52,2,C7:5A22,17,16,0,0,2,3,f9e3797283df757b3bcdebf1ad9e283beb78c7ad2506f774f3a814df66123b46
19,53,2,C7:5A22,17,16,0,3,2,3,c720c034adad19790dca117afcda7383d577f11287b73b9464ef7a6cdb0e840c
19,54,2,C7:5A22,32,31,0,4,2,4,5211d366ee930447c876acdaeca19399b6dd51416490d88985b7324e89d1aa1f
19,55,2,C7:5A22,20,19,0,1,2,4,a5b07cea6ac7fd2cae4ec80a8bb685d91fc6f45635cc9b1c760c34caa9d9c540
19,56,2,C7:5A22,17,16,0,3,0,2,1f9de557bea339aa306dcdda3b5ee1036a533ad6f73e09a99a0e13eb146921bc
19,57,2,C7:5A22,28,27,0,3,1,3,369bfa76a47d140178abe80853d4fc11dbde6817617d3aa0a960ef11bd2d3f9f
19,58,2,C7:5A22,21,20,0,4,0,2,63dc1a533b010e73f6c29937d4d1cc7e3b386fef9b59ef573d484016df0b4fe6
19,59,2,C7:5A22,33,32,1,1,2,7,5b05d6ae5ef94977070d1a89bfe80069d3725148fb0b4b1d630bf181aacbb703
19,60,2,C7:5A22,88,87,0,10,11,13,fcd6f30d4ebe7511b1b7c281c273ed976e194ca5c368747fcdb559635ec653bb
19,61,2,C7:5A22,21,20,1,4,2,3,88296d124a7b027d0b0280aac81e90627d1b746d85dc3e3aa80a0a33ac897b59
19,62,2,C7:5A22,93,92,1,12,5,7,ae4884f5d3cfc92c0513cea15268114ec697b60cd33a51125c28582be6ee58e1
19,63,2,C7:5A22,47,46,1,4,2,2,6c7b327c990df32f1e6e9d379db65c34776c706670165b4fb08d715fb27972d8
19,64,2,C7:5A22,21,20,1,4,2,3,364510bd33e922869a1a2929f5964494b935c111de8bfaa21d3319b3a72fecd9
19,65,2,C7:5A22,70,69,2,4,5,5,d9fc1253d546fa01b5a67fa33a58fd4362d3d5f454641b6c4d16dff41447e4f3
19,66,2,C7:5A22,20,19,1,3,2,3,3d97a6632c5528abec26209c1826df5f91623a8c0a3ecfeacc6b300dab899852
19,67,2,C7:5A22,27,26,1,1,2,4,648f5d0b3cfd118a741dbb5b3af9b7c991de86822130329ec6ccba2806311642
19,68,2,C7:5A22,20,19,1,2,2,2,20e15e5b0976f89d22a7d74084836d1e1405b9215ccdc04472495c9c4244f92b
19,69,2,C7:5A22,19,18,1,2,2,2,07599eead424281a6ce5229b0cfcf33aa14ce1246c2789868ac34dab638541bc
19,70,2,C7:5A22,14,13,0,0,2,5,f6d4ba92cff249d7794c6662a49d36178a1ae1fbc57038396b5e12b693efe90e
19,71,2,C7:5A22,14,13,0,1,2,3,f9d8e6943c1d7b2405b51d4711874fdaf41b499ce1a39329a0de0cdc09709210
19,72,2,C7:5A22,24,23,0,3,2,6,8da0cd3a45d7ce782f35482a00b84357878ede52d5114ee41168ff2c7045c273
19,73,2,C7:5A22,17,16,0,2,2,5,e54d2f9b929055034fababea83b88bb675173057a3118578080f0fd5a93f8a5b
19,74,2,C7:5A22,19,18,0,1,2,3,b7e1850112b92e09a3d4c6f8d975140932ca606895fc271f4331b9d1f6f55bef
19,75,2,C7:5A22,25,24,0,5,2,3,3912e05191ac3487cf2ba0abff199bcee3f1957c83c2a1791491563945464787
19,76,2,C7:5A22,22,21,1,0,2,5,85ea513514df4bf41fb5be4217759598958155ec6b4c55bb1b612da4cbf041bf
19,77,2,C7:5A22,22,21,1,0,2,5,936a01beb2b49e3ac5bd3d9a55e9740dc39fe3feceb7be6151c4617059c3c36b
19,78,2,C7:5A22,22,21,1,0,2,5,05ebf4dbb07606e7be20e3dbc760580474933f2ba4fc604b2ba595fc175ab94a
19,79,2,C7:5A22,19,18,0,3,2,4,890000c6f8c8a4ed9042e6932bb3d47099322c53de7be876bf2713184fe949fd
19,80,2,C7:5A22,47,46,0,6,2,2,e9820828ba5f5c4ded762d314e4d72b9dd58ef4b5e0deada13ff3ce4ff92e7f2
19,81,2,C7:5A22,38,37,2,2,2,3,81be37bd2909806ba9f3a90b77ee579d34e404fe59b5d941f976f8dc541b1828
19,82,2,C7:5A22,68,67,1,4,5,7,6ba1483597c692ad30af8c29500ae58911c41f1579b8e98464fc1a679d8c8368
19,83,2,C7:5A22,57,56,1,3,2,7,3855872c1b907205f96192f4c521a261ac40e9b3104009e9715abd209858c355
19,84,2,C7:5A22,77,76,0,5,5,8,77f24e784b3338528595fc37ed0f37ac2f79bd6199368d23bca93e91a0d79c9f
19,85,2,C7:5A22,40,39,1,0,2,3,8277caa6bf800a27965c41bce1d1af400066ae2ab81adae351ea09cae5aa3e67
19,86,2,C7:5A22,88,87,2,5,8,9,d06a9614188ec377550008137c8f6cb143b64e457f47528dc2fe8c63ea47dd22
19,87,2,C7:5A22,52,51,0,3,2,5,4ad548900e499a423a7fe4c7db789e947970393d6412c05e7836dc532d146cdb
19,88,2,C7:5A22,77,76,1,3,5,8,a4eab9f43e0666997b564353eb034fa887d93d73c61b50e32027a5da9c529300
19,89,2,C7:5A22,41,40,1,1,2,7,2d9c91fcd81648bdb7ce6e43e3b1b2d510b23dce694c2cd75bdb26eec91f1935
19,90,2,C7:5A22,78,77,0,4,5,12,bc6a60ef702ee4ee7d5fa688f670c0df1686c33e2ec86023bc085438e5f951b5
19,91,2,C7:5A22,39,38,0,3,2,5,20c6137673c9cd54131e81dd357c209d124b3952d5872ccf1b3dcfac55fd81d8
19,92,2,C7:5A22,71,70,0,4,5,10,04aabfa96f4244f551eae88043de8161a22205ee48266d7ae39dca433b72d5f7
19,93,2,C7:5A22,38,37,0,1,2,5,d7c2f80a6f97a1fb72d8aab63e415e933448eb7c976c1ec83acf36917515b935
19,94,2,C7:5A22,75,74,0,5,5,12,2cadbc5629489a14b47d3cc21ddd91611eee210d645032edda79608f55f09690
19,95,2,C7:5A22,44,43,0,1,2,3,32d1f41953bd59d68ca7083060632ae5dc9520731c89c51a21f89d6a0b1799de
19,96,2,C7:5A22,75,74,1,4,5,6,51c4d00414c0386e0fbff64ee20b68c2b539806a52bbbe69990179e49ae1db2f
19,97,2,C7:5A22,44,43,0,0,2,3,2a4856c2022117e17c4595f75aa88a6dc4fc1887d738ce6b285b66bbdc8a5cbd
19,98,2,C7:5A22,68,67,0,2,6,7,dc1d262d63043bec981ccff9205c3d7ba9597a8a600ff85cd154dfcedfb86c6a
19,99,2,C7:5A22,45,44,1,0,2,3,70036e7a3cc98b819eeb1006c852c7bd17455d4de7489ad12593b731a1e3c608
19,100,2,C7:5A22,71,70,0,2,5,8,791e0018fa90c0c442ce5f7c2c5e5e109311bdaa885b6be891e91d22088bea94
19,101,2,C7:5A22,53,52,0,2,2,3,e5d62d66429328a8a6443304737634ddd361a3336ee15e8e7db6b1d8d295c6c0
19,102,2,C7:5A22,62,61,0,3,5,6,dfed61ec4c368182e732c9d9eb9b28bde87f814c4b819650f82db3f8e3641fe4
19,103,2,C7:5A22,52,51,0,4,2,3,2afa83a93ba2525899f3432b7e530e7efa251bb17c5b1303a5ea4c9355d74937
19,104,2,C7:5A22,61,60,1,5,5,6,3e180d06ac0548b2726b0c4cff790df063ddabe9b7beadb1ad840361fdbf4692
19,105,2,C7:5A22,37,36,0,0,2,3,132dc0fb5995d9ed3a1ce9329ae0dd057e34bb39f096306cdad53e858ee35d1f
19,106,2,C7:5A22,77,76,0,5,5,8,15fae69adcbd6acc7aaa427ed6edf1512b1bb19f1a4bb1744b8259b82a6069f0
19,107,2,C7:5A22,20,19,1,0,2,3,d8dfc7462f3a59fafb42eccf40d672285dba4bdf38ed84b2176488ef6b6be805
19,108,2,C7:5A22,88,87,0,5,5,12,6c890d198734b782e3e64efd13f65fdf9657b3dd4db15c7aeb3e90ba0c9bf63e
19,109,2,C7:5A22,45,44,0,0,2,5,521f12abf9c0383f9ca4de4b354506160307b7a1a2e70c51b9dfc1b0a79a4e2b
19,110,2,C7:5A22,71,70,0,5,5,10,076aea64394961bcb4f05ea65ca47333d779a6be920081122e6214b6f2f7d9fd
19,111,2,C7:5A22,38,37,1,0,2,3,58651a81f581ed1a9aed0e3c93bcdb7aaf60431e7174f22a29f4c63500b1e90d
19,112,2,C7:5A22,66,65,0,3,5,10,6a759620599ef0d4348aeb2dafc0bfe805913a13f7862ed66c6df38d6efbb543
19,113,2,C7:5A22,33,32,0,1,2,3,86d0adf88930cb43d4feba088d9e7a11056e051ef02f8fb79b4481a06192488b
19,114,2,C7:5A22,78,77,0,5,5,6,b8088a0071e338eb75ad43b51bfbc823cd863994d6a88154a63c1dea6d1aa9d6
19,115,2,C7:5A22,35,34,0,2,2,3,d1e8d7d28b4fd5f9f20c17fe18425ed744146e5eeaad68b44803b87bdc6262f0
19,116,2,C7:5A22,73,72,0,4,5,6,a0751b3d1631aec40f488a416cd29950a682c0117d9fe8b40cba0c67ce705eaa
19,117,2,C7:5A22,45,44,0,2,2,3,88100c01292601bdad20daf5dd16ec01459fda2d34ab82af4876d1c8494f93d4
19,118,2,C7:5A22,44,43,0,1,5,6,baaeebe1c417892e21b91a54df08baac1a81307e5b69ffdd2abb38ab9ca9ee63
19,119,2,C7:5A22,81,80,0,4,5,16,3a729efec971a779830a8b932ef713d3ed4b01ebcae04c492405e12c58899178
19,120,2,C7:5A22,111,110,1,2,8,19,5621dce4ffe3cdf5944d48bb7921e062f36c1273b76b918f5ba26ca3893cdc90
19,121,2,C7:5A22,25,24,0,1,2,4,091cff22bccf3db0388f211235cf0d7721965d629b48b41411888cd7b005b1bb
19,122,2,C7:5A22,66,65,1,9,3,10,60dd2ff8a76585db9b61bbbd2ede89fdaa53d35bfd0dbb63c1d90d9094d309e8
19,123,2,C7:5A22,47,46,1,1,2,6,3e10d67e4b91a08b416b80e401d79d09cf12087ab9de0c2ce0a57cc0ee76bb7c
19,124,2,C7:5A22,98,97,3,2,8,18,eaeb0b212bb86d798e50c52ec7d780e3ea21f86a17d576cbad01017ec563e630
19,125,2,C7:5A22,17,16,0,0,2,3,f9e3797283df757b3bcdebf1ad9e283beb78c7ad2506f774f3a814df66123b46
19,126,2,C7:5A22,49,48,1,0,2,12,152c5e010ef9b9e8458c4d9e39e9f4b87285ecfccc5ef02169bf2b966ab76a09
19,127,2,C7:5A22,49,48,1,2,2,6,053e602ce0644ec124f075ccb2806c0e86fdba4645cc850c09b1a42df2c8665a
19,128,2,C7:5A22,28,27,2,1,2,6,f57b5b98ab66d159b7f52be86f51e57ade0d4baa51a9d2a4ed4d4eeaffcd502b
19,129,2,C7:5A22,40,39,1,0,2,6,13e2be646100102b2cb2500d8995ee9aa149efc812824505dd5062ffe13ba586
19,130,2,C7:5A22,39,38,1,0,2,6,ba1d72a617dcd8a2564d55f477793efc3764743cc92f0de6faf29612dba2693d
19,131,2,C7:5A22,35,34,1,0,2,6,f986ca9ffc75d2e26a043fa7cbdc33a04fd9d86167f0ad3eb7ba132d4b865433
19,132,2,C7:5A22,46,45,1,0,2,7,0ebcd3e559a78009e20a3abdb2fba486677a850aa6ade91e364e9b96e90e53b7
19,133,2,C7:5A22,10,9,0,0,2,2,1240ae0d82d8af0951eac658871645c17533d8c7c4100ac34cca0a36726bc1db
19,134,2,C7:5A22,36,35,1,0,2,6,70ed7bf63a1a80200b993eb3edec9d434ae38d123aceb68ae16f2561816036e4
19,135,2,C7:5A22,34,33,1,0,2,6,2c57bca618c831c4daba5d1574525d7676c05e2127b4bf9a33310d20d595e94f
19,136,2,C7:5A22,38,37,2,2,2,6,6c436c2f35fe1ca6dc8bf4ec4ec8a2d3843169aaf03e1b5b0000b984ae26010d
19,137,2,C7:5A22,48,47,1,0,2,6,17dc0a1c2910ddd3d200bd28ae197a7321b5b7fee91767babaa16c699a0efbc9
19,138,2,C7:5A22,16,15,1,0,2,3,feba01e759f9feb9185acf58e1c07f7cd6c3c94e474b8b106248cb384be5a48a
19,139,2,C7:5A22,54,53,1,1,2,4,ffad705cbe3194412bd0bdbc519f6903d892435db33a609b34deef2e6f519cf7
19,140,2,C7:5A22,34,33,1,0,2,7,566ce0dacf18bf97d03b6286b01dd4dc0394699874adcb3f7ecd0ff38b374984
19,141,2,C7:5A22,38,37,1,0,2,7,5402cf712c2410a5e97e368b3d48aff6c7273b427cec00422284fa9de8b6a8dc
19,142,2,C7:5A22,47,46,1,0,2,6,04372cb6edd323be93ec096e62d4bd9555ecb39182842f143fd50828304705ba
19,143,2,C7:5A22,34,33,0,0,2,6,122d05db433ded0e177dd53c21930a6ba01d361e3b9553f98600b26165eb5b26
19,144,2,C7:5A22,20,19,0,0,2,6,450c3a57c1b36277e3e4bb63ef66b6715c18a68257f33a60ba984e86d601a26e
19,145,2,C7:5A22,7,6,0,2,0,1,9ff82d059fa1906ad2c740150a621281d1e1d9599e15c0df5679368dd6ea89bb
19,146,2,C7:5A22,7,6,0,2,0,1,a6e56a037aba270efa8fae787d23e03286c01c05ff77ee7d2d34b529c978db20
19,147,2,C7:5A22,8,7,0,2,0,1,dff3e256a579b26338ca3c2390360e02c266c7047ec1aa634410ff1692272fb5
19,148,2,C7:5A22,8,7,0,2,0,1,0e105500805b339b7144ca263fee3aa1f88145c22e77ff1ed005e0b173180f9c
19,149,2,C7:5A22,19,18,0,0,0,0,511fcb27ebc334064b28719d1dde8262ee37577167d2de88850c3f0881c86780
19,150,2,C7:5A22,49,48,0,0,5,9,f5d065a9f0aeac8c8d31386a01f9983906b252bca9829cc2e6b861ef62cd2618
19,151,2,C7:5A22,30,29,2,1,2,6,8f713895aac97279dcc8aa58e24f15c24896930031a51641ea3ca67f74447659
19,152,2,C7:5A22,37,36,1,0,2,6,d4724ce8c2ce011a7f6eef07a1e1b89145f574ce27a47f9896604ea39c1125cc
19,153,2,C7:5A22,61,60,1,0,5,10,9094dac46399eef5e90d4f7933e561f9c92fd35a2b8fe2a326ae81cb1c6aa6f8
19,154,2,C7:5A22,37,36,1,1,2,7,e04bcef70c6d882b8d051679f501623bef83e6b7ffe8b9935f2504750b022566
19,155,2,C7:5A22,54,53,1,1,2,6,2744512c46a3fba3cbb8b39c3059c2d612b2faa19851ff4a50521d237b218733
19,156,2,C7:5A22,124,123,2,1,8,17,f25ed2314837ed090992f394d8158506618b75d00d060a435871e36874a62cd1
19,157,2,C7:5A22,56,55,1,0,5,11,639ad9e6eb1325fb70d21e1de862b626652101e7f9feb13f80285a5d578ef878
19,158,2,C7:5A22,42,41,1,0,2,6,f4c20279cd32c7502489595044ba352738c79344df226554e405cfc74a7e0c93
19,159,2,C7:5A22,49,48,1,0,2,6,d2a1ef336fd48dfebdb5ad4783959e2d2913881743172d249cf420fb845f5020
19,160,2,C7:5A22,53,52,1,3,2,7,e42d37b2e6cab538b49c6213d552201e4711b1c9ea9b054704390a8275aa10b6
19,161,2,C7:5A22,38,37,0,2,2,7,a1b82efac8405003ad87f9c9a2f18d52f9b41640fa77c4f05b8bb216ab188f98
19,162,2,C7:5A22,36,35,1,1,2,7,f8212f4d13de8c4362cb6365e4b23ee27c2f7113ca3a5a66ad68aac6d158dde5
19,163,2,C7:5A22,82,81,1,9,5,14,6f58880de8a0d71c6b43462026bdd9e979e982cba909ea3bdd857fa5616df52d
19,164,2,C7:5A22,40,39,1,3,2,7,0d51a03e104ec3371f1c18daf8582c80665141c930f6c5d6ea84b93e0d631d6b
19,165,2,C7:5A22,45,44,1,3,2,6,1ee727f8d161489aa3b6e64dc1b11ef4b2ae2fd1d4c923f53aa2f3b7e0dac001
19,166,2,C7:5A22,23,22,0,4,2,3,dfb023c263cde4fecd5d19be9c09fac968b22fcc4cbed29ae3537439d31771ae
19,167,2,C7:5A22,40,39,1,3,2,6,7aeb68bca25523b6e0c3efddabcf68e93245b1603e69320c1f0d89b5d42f105f
19,168,2,C7:5A22,48,47,1,2,2,6,c2afe55fe8727e00af2523035155aa7505cc001a06078c369fb96c94ba817fdf
19,169,2,C7:5A22,47,46,1,1,2,6,f14b4967dfc745efac398c500fd7f8a76d83bafd5f22f5d549b906944b3a534a
19,170,2,C7:5A22,64,63,1,1,5,10,b59bbcb03c83b5918b9239b1321d78db4c0bf6646d3c7957e508051e595583f8
19,171,2,C7:5A22,64,63,1,0,5,9,8855001ef6c6960f5cd39845581b21897461b7a7144e08d9251def2e9bdb68ab
19,172,2,C7:5A22,40,39,1,1,2,6,ce62291a53f2a03fb3ba8a7e8ee6f021b57c30b1c0559dc44c4f4fbaebf06def
19,173,2,C7:5A22,45,44,1,2,2,6,588c17fa2c3749252a3b4a95b31cec77873e67ee2accc7b2eba17c5bdd2c63e5
19,174,2,C7:5A22,41,40,1,0,2,6,ac1ef5c64e5bb26cd89fbf7ed953f0a803631e430e43f9bcb96c5ad2b04d7932
19,175,2,C7:5A22,33,32,0,1,2,6,e2902bbf006cb9616415192444fa9c93b826dc9d1e6a82848a04d4f7ba54f4b8
19,176,2,C7:5A22,41,40,1,2,2,6,000c95971bc23b61349bde25b17b4f690567f81b2bd2f9905b866b3d9cca51d0
19,177,2,C7:5A22,20,19,0,1,2,2,a61fa68b573ad65ab7f62f14499c17c03e2fb2b2734c19bcbbec4311e2d67331
19,178,2,C7:5A22,11,10,0,0,2,3,13a4495186b504bc698c7c693213c976ae781f4cae9a402140fe2e5b7801d337
19,179,2,C7:5A22,79,78,2,1,5,9,e0bd8e6afc01e23b5b665b75078d7b0e0dde3740994b9dbc26a0a794f4041855
19,180,2,C7:5A22,50,49,0,1,5,10,4792d195944012f8eafe0c5d57c315dd8ef2584d2f1d584bd86424af952ae2c9
19,181,2,C7:5A22,31,30,0,1,2,6,87471d201a91c02de6d7d45ed363d673f888ec79aacc11268a4fe3880d11cf28
19,182,2,C7:5A22,37,36,1,2,2,6,4368aa352e4b5c818f8d020bce16d80bcec993be3a90d93ce036c46a4f67a018
19,183,2,C7:5A22,40,39,1,2,2,6,78de631e1a250aeaf073344cf326cbee2a782eef18acd8e953ee31cd30b8013a
19,184,2,C7:5A22,36,35,1,1,2,6,a1993d9eb93169e9c7b7443ad5da1503f0c641ea9eba49731cebde12a332c817
19,185,2,C7:5A22,61,60,1,9,8,9,7be922af2f00eaac9991e61ace0b772e9108a53d454d0513b58839186e123343
19,186,2,C7:5A22,30,29,1,1,2,3,4b42854a9ac6b2324e52d4e55e35049f7f0f2e8a2926a9daff80654b9c3f728c
19,187,2,C7:5A22,62,61,1,9,8,9,5005b1da8ed41b4813561226951f75529ddcf99158c4ecb5693395bf2554866d
19,188,2,C7:5A22,30,29,1,1,2,3,4b42854a9ac6b2324e52d4e55e35049f7f0f2e8a2926a9daff80654b9c3f728c
19,189,2,C7:5A22,20,19,2,0,2,4,ea2accf976ffecf8b58868dca7370f7c89ab080e1c1c6ceb57398a06f474ce7a
19,190,2,C7:5A22,37,36,1,2,2,3,4d99f0c88ad4eeddb2e0c5f1fa364c9a9a48f1017a727cc60d18af9bca9a6802
19,191,2,C7:5A22,53,52,0,0,5,19,be0915a90c4bc026fc2589e1b48a07d1e84ef1357c5b924da0ab79b58efaf7ea
20,0,0,C7:7027,13,12,0,0,2,4,6b763b5fc67f915eaab65847819040cb7fb911c04d0595fc0d2005b5e5dc3d21
20,1,0,C7:7027,26,25,0,1,2,5,b9f6768a1d31b50a0e5a5ee825eb7ccb6edf15fe35d1b512f662f1d25d0d77a6
20,2,0,C7:7027,19,18,0,0,2,3,bbe8fa2d8843c7f804a804c05232ff4ac2f45a58d53d1596c47687528da965f5
20,3,0,C7:7027,12,11,1,0,2,6,7803aede261645a7442cd586cac4ff3cf000cb3b2a7cc64675060df6dfabc93d
20,4,0,C7:7027,15,14,0,1,2,6,569a87e471cd0a2680e11675d7f05f1cab2c9ea5d0c2b59155c02fbb09fe9efb
20,5,0,C7:7027,20,19,0,1,2,8,47ec8196fd2c3292e8e460bd62975f0454aedc124dfea9277edd3d8fcd27fb1b
20,6,0,C7:7027,19,18,0,2,2,6,e141edb71a25e0f2a190f43f16e4961e170cc49cd2649df7d2a49fab707f83b6
20,7,0,C7:7027,21,20,0,0,2,6,284a38f1e4e9424472e299a5157acd993898e4e643002b514af5b19bc9d0460f
20,8,0,C7:7027,15,14,0,1,2,6,8930120b2fe4e2617307c264223adac92bb299af98cba2336a7d636ecaca0724
20,9,0,C7:7027,23,22,0,2,2,8,0dbac76629b2df10f8512c7ae61027a2904264f83b2769a6c1ae565ab227873b
20,10,0,C7:7027,19,18,0,1,2,8,988efc214e7c21b3af3e0af9e24fe4258832e14e699fd4b2151e6ea74214f55c
20,11,0,C7:7027,32,31,0,6,2,4,ceed62dabfbf2ce24b7c3a6160eae5ade5a6796071ffc76e5f4b20b57ed463ea
20,12,0,C7:7027,28,27,0,6,2,4,93b1b065db98e50b8cb1d5128216f5315391aa0b6d0d34d9fa66afeaaac8a997
20,13,0,C7:7027,44,43,0,7,2,5,7ed3a3378b81f2b358d02b4fc62191469766888b4fbca5c1629020b5ce8ece1d
20,14,0,C7:7027,30,29,1,4,2,3,b9fa939b04c815c853c8276df704e4600b3dbd5e8678997e10f1b43a9b04f099
20,15,0,C7:7027,30,29,0,5,2,4,3c19a4c486f559d5d0a1d05f4d5493403c48d2e7810c402fc7504d13bc693a0a
20,16,0,C7:7027,26,25,1,5,2,3,0787ee2b040f5422b1dbe5d10414dedc32e10a82c54b3376a1508d35b7b1cb1a
20,17,0,C7:7027,39,38,0,3,2,3,c33290357bd349714cca92b78881e8e8f8de1db1150c77c1cdd1f6bfc72cec7d
20,18,0,C7:7027,38,37,0,7,2,5,7ff78a58f480b54045821f3064a3585319010330c8ff302d4ae053f6934821e9
20,19,0,C7:7027,34,33,0,6,2,3,5197309d9ceadc9c36e9defbdf31820ffa9ee46375ed76da8b3f4cedc0b7716a
20,20,0,C7:7027,30,29,1,4,2,3,94d24b429b51d627a0e95d999a5aae1624f1102ec5efa58139fecb02ddaaa942
20,21,0,C7:7027,31,30,1,4,2,3,465ad7b7d3460ec7a4319105a74f7409aeb673d74facabb4fa49189beee1e213
20,22,0,C7:7027,40,39,1,8,2,3,50a6e60867faf92dfac832fa7fb7b72aea0975812863ff43b1fe58a80edac1a6
20,23,0,C7:7027,35,34,1,5,2,4,ae61351a5f259e4c2d2d42d63067793e1b292d321d311575a84cf2aebe21ca9e
20,24,0,C7:7027,35,34,1,7,2,3,8ee5572f30105dddf7a807e64c7ff8fb7a1ceec67ef42ef7cf303e5dedd53680
20,25,0,C7:7027,46,45,0,10,2,3,2d0162a12f63d01a4ab883945f4533f76742713b608b1c4dc4989cdbe7ce8143
20,26,0,C7:7027,31,30,1,6,2,5,0024a81f10e28a0402bdebe69f7e33a2b0790afae865e2d1a3b092f63a472cfa
20,27,0,C7:7027,44,43,0,3,2,3,3f6ec126531cfe4787dd3b2d947eeff1418d1404dec68ad6cbf028607cc3ba50
20,28,0,C7:7027,25,24,1,4,2,3,23a999857bf58fbc70c91283cb8d126644c5da375ed90d249e4e629d2cff3daa
20,29,0,C7:7027,32,31,1,4,2,3,0d427b3c10171763280255a2ad403f5b8045ac77cb96be4a3feba1daae5c2053
20,30,0,C7:7027,31,30,1,2,2,5,97aa9bedd3eb5e3c2fb2c9502892efb476fdaffe28c7376b677e8cdff7dfdf18
20,31,0,C7:7027,30,29,1,3,2,3,7315c5116326ca263640fc15f3909cebf46902533125707dfd3fa778a441f3f7
20,32,0,C7:7027,31,30,1,2,2,3,0d11f0f3a21c26b3843d2f9582824e039e6067b640748fed3e93914379d4bad6
20,33,0,C7:7027,33,32,0,2,2,5,00b20242eb05920f8bbbc3b70e373edb6f82388380f18c266b248cce384e653a
20,34,0,C7:7027,32,31,1,2,2,3,7ce070f48d668e1c0221112d43c8290540672f4601926041077321ced002db41
20,35,0,C7:7027,37,36,0,5,2,3,60120428a9357ea28e1f0b18e9c7396dae8f54bb0fc7893d112c82ad98a95e7d
20,36,0,C7:7027,16,15,0,2,2,4,4debbdb451777c52ef2ff3041ebcbdd18ff6dfa960c58aa794e2676796bae046
20,37,0,C7:7027,19,18,0,1,2,4,0307e71c5614bcb5842510fec286e3b6eadfa83aa1fcc505724fb6a75dfc6980
20,38,0,C7:7027,33,32,0,5,2,3,12820f46bf871ac6e7a874da7e1e9c3cfcdece70fea71fa508fb10637ad02b40
20,39,0,C7:7027,24,23,0,0,2,3,6356f5b6b169d71c7e9c9f814ed0d2b73c8f22f0330fd7a828b543373ed91aa7
20,40,0,C7:7027,39,38,0,7,2,3,7a44cd9c53f08d2974e6a41ac64ecdb3ab06611b88da7cfe1a388f745d3bcef8
20,41,0,C7:7027,26,25,0,4,2,4,c4bdf06b4c5aaca52cde61620863488c5b007d1c4d8b238ad8cae6714f25b3e7
20,42,0,C7:7027,33,32,0,8,2,3,221c6025f4ba3dea05bea4eb03e8ad23be95aaf9c4be2b3e035110756a1dddf3
20,43,0,C7:7027,37,36,1,7,2,3,d97139ba98071fa53c57c912ffbc0d99a0a95959ab9ce07aa5bd443425554d31
20,44,0,C7:7027,38,37,1,6,2,3,382d372a816fb33d997df7b91c7155f65e894e58551847b87f6c74176f636770
20,45,0,C7:7027,47,46,0,3,2,5,8e96f582651800a30aed5cc4ae1b0318025881d5c31670e4cd29405b67b2ac7a
20,46,0,C7:7027,89,88,2,8,6,13,25db27fce149dacc0fd29d1078379096de6c5b3655c02eadf811bc9b370e67e5
20,47,0,C7:7027,36,35,1,5,2,3,291ae83230529d70f1d646f69a41d57c9f20242279a241d431dcebe282ae3aaa
20,48,0,C7:7027,47,46,1,4,2,3,97c6f47990bc4141393a2fa9452eb0d878e222288e4d6d0bbcf58b9eeadde113
20,49,0,C7:7027,34,33,1,4,2,3,45ceaf8ecb419d9365f3b30a477f5393d3ff48a9797e71e27a9b67fe0208d4a3
20,50,0,C7:7027,45,44,1,7,2,3,3f11e64cdd0602a9befc289b216f1499b3c44b173092060936661150a6ef79ef
20,51,0,C7:7027,45,44,1,5,2,3,5762fef09b83a8f91ecafb1459517b3ca0079437e25a8992391bff31cdd88e89
20,52,0,C7:7027,41,40,1,4,2,3,55e6d020395561eda5202f0c3de01127721e589d842bad140ee2b4bce19bdb73
20,53,0,C7:7027,44,43,1,9,2,3,5b8e8daf0aaecca319c3f5d101c97fcc015d19869a15c6d0ac3b9610cd2debf8
20,54,0,C7:7027,26,25,0,6,2,5,03e39587c7a58886beb39a4020a7c9889df0486873a331dfe5377dde58220fb1
20,55,0,C7:7027,42,41,1,4,2,3,9d98c366528f44dc31ba28319f7efa6f98c606ef7321d99476c66206793ba1f5
20,56,0,C7:7027,15,14,0,0,2,4,72540e7e786f512c0c454114dfd92d7164b7d725881e81f2f5dd23f069b5a7da
20,57,0,C7:7027,44,43,1,4,2,3,dd53c739e88b8939070249920e116527027c383dee772f5afa1a09f6a7aac02a
20,58,0,C7:7027,21,20,0,1,2,4,9b776b684fcb1b2c1041590409692023058a1dbe5ec773090ba4867fb9c71c7c
20,59,0,C7:7027,17,16,0,3,2,3,2f55bf02529a227fb697833ed117ba855d39dc67aeceae1af12cd2801ae02541
20,60,0,C7:7027,29,28,0,3,2,2,c0877c1624e458c25258a1460a9b9b8a17d031a9cc5cd96048544f149e0e2e2f
20,61,0,C7:7027,28,27,0,1,2,2,dc97d7f96c95cccb1ae66df939becfc6c5db8e3756e806023d5654f7facccb9e
20,62,0,C7:7027,28,27,0,3,2,2,7b96b87cac1eabbf833a359f99c75b3e33707f0beef3aa858ec748f6c19fc778
20,63,0,C7:7027,28,27,0,1,2,2,dc97d7f96c95cccb1ae66df939becfc6c5db8e3756e806023d5654f7facccb9e
20,64,0,C7:7027,32,31,0,2,2,2,672d677c2638951e5cda120af396ea079113f2167a567b04ed2486d7f8606fff
20,65,0,C7:7027,21,20,0,1,2,4,6563da9e324bf0ff84aab21146755c50f98de9d21061f6038ed6dc8e618c936e
20,66,0,C7:7027,40,39,1,4,2,3,8cb7f5a027d10efb17543e054ca906c83a67028e0f3118781cbffa6717551b3d
20,67,0,C7:7027,35,34,1,4,2,5,4042bb8fd315b412272d58dfc9c3dec44c18999fce067d808399fc3828f1e1da
20,68,0,C7:7027,35,34,1,4,2,5,e137086f39a3402f93ba19d447e9766cf21a0cd0212cee74fe4b59844e727a95
20,69,0,C7:7027,35,34,1,4,2,5,bb406defd8a007784d38968094811981372ddb4db425ae87e96db33761802f8e
20,70,0,C7:7027,43,42,0,4,2,7,084370a5603ec4b6e43ddddaaa366fec2f1b9f7d20a9fd856c52d7fed500e744
20,71,0,C7:7027,42,41,0,5,2,3,97c4230695b6b86bbb7a7b5e15344894e678af9ff85833b7ee475a6d54be17d3
20,72,0,C7:7027,41,40,1,4,2,3,803628876199d5658e5947a996a3510d0f5e2e1c3ae0c401299e6ed59ee70be3
20,73,0,C7:7027,29,28,1,2,2,3,f66c427402978184792f426482022829719d2e7556e75762b23b635530eba242
20,74,0,C7:7027,43,42,0,3,2,3,503e8d5e7eda33c9a0d573aa8d5e30f92c47a9a7c9cd31f268192c6917df2b64
20,75,0,C7:7027,14,13,0,1,2,2,ea5715febde21113a2b99213b46524deb278b1bcbd7829711602ec32991d2856
20,76,0,C7:7027,36,35,1,3,2,2,98216e1d8a35646d7d07e01e8dd4fa793b7e0be293f54a726c170fa5eab55e4d
20,77,0,C7:7027,8,7,0,0,2,3,a341ecb4b0c098ae2b4ba6014414f85724ad9e4e3e418fb62889ae50feb5f936
20,78,0,C7:7027,43,42,0,4,2,3,eb1092f0a9f858ec6f75a1e81d2162d2a0d42b0e74fbd20de8655182be0e0d67
20,79,0,C7:7027,38,37,0,5,2,5,bd02583cc937204874a5fa5ba2f4523e40fb43acb2bcf6a4e30f57d42eaace06
20,80,0,C7:7027,33,32,1,3,2,3,ca33f216de686ebad640e2da710a1d92f61e6e8ff7e2265c723ad1d1aa4d3321
20,81,0,C7:7027,44,43,1,5,2,3,1e6bde16d19cca590a93fddec474f461a1d24228ab097a3f8915bdf06f3481e6
20,82,0,C7:7027,46,45,1,6,2,3,6bc0d7012d4254493feafb8d460ca08981b1b6b1b0a89e47fd8068cfac1645fd
20,83,0,C7:7027,42,41,1,4,2,3,db81897c382842fdfe812f3936a016fe9cd99e1933dd3ba922975f91ff43b6cc
20,84,0,C7:7027,41,40,1,4,2,3,8664a7288fd7f294d38a3afd416bcf7c48d6b46469a530157ae69f597b369ed0
20,85,0,C7:7027,43,42,1,5,2,3,d602fa89cb7d7e09e6f78e6be012aebc3f25b62bdad9203529197e4dac2f10aa
20,86,0,C7:7027,41,40,1,4,2,3,4c6c1ba0054d9dd52698b6ce251954e924fd5f2a0bb8c20874462432f44c0b55
20,87,0,C7:7027,27,26,0,4,2,3,8fa3d58c16f926f0e1016cbbff89de847a7d2e6bd0a9a9538649f89dac159439
20,88,0,C7:7027,43,42,1,5,2,3,1a9cdcee875b417fad3e8f2657a61ca2f2aad5a86712461ae1326a727349e0c4
20,89,0,C7:7027,31,30,1,3,2,3,3fc6dd4a33c3033cb7d9f287f7e18fe94138b9bc9930868b277a958607b17019
20,90,0,C7:7027,29,28,0,4,2,3,77b8e996df11eb90daa9c54cf3c82a655ecf4df7999cf18a4cd05c71c6943055
20,91,0,C7:7027,20,19,0,1,2,2,d7cc51ec598c1d17ff203aa6ef6f6c33b4097b173369f194630dd6f6c56bff62
20,92,0,C7:7027,21,20,0,1,2,2,d0db97ad32025e867083dc28cffbd953433c237200573e27aa862a1710ac5080
20,93,0,C7:7027,21,20,0,2,2,2,4478e4ee2081e96f55041d7ce841b217e0bc70149c45222a9a66e1fa0fc2f234
20,94,0,C7:7027,19,18,0,1,2,2,e26b79250e52de117c27790950b66d78896440e0fe8c2771572d3bcd46419e47
20,95,0,C7:7027,26,25,0,0,2,2,ffee9309b2592abaab86f7fb01b075ab7a252a51952c9e11874d322d5382e47e
20,96,0,C7:7027,22,21,0,1,2,2,65a5d2544b0d301da2011282e4aa37fa94287529ec478111447275530a0e6d6a
20,97,0,C7:7027,19,18,0,1,2,2,916e0c381084fea75d9cd7a244936f2a5178a4fc480c06e1f03ea12f22b1881c
20,98,0,C7:7027,38,37,1,7,2,3,2e22cf7d88aec0bb916ac27dff3564dd9c169a83d0204e5915c9d7656abd7411
20,99,0,C7:7027,15,14,0,0,2,4,72540e7e786f512c0c454114dfd92d7164b7d725881e81f2f5dd23f069b5a7da
20,100,0,C7:7027,32,31,1,6,2,3,46b257a4191d3040e4ba2e4ea5b407a5a7ad0132455c48a12bd1d7b3ea4baf56
20,101,0,C7:7027,15,14,0,0,2,4,72540e7e786f512c0c454114dfd92d7164b7d725881e81f2f5dd23f069b5a7da
20,102,0,C7:7027,41,40,1,4,2,3,f99be352700acb2e1d01e19664740d98fca32c3baabb6db4df75f6fc297ad0a6
20,103,0,C7:7027,31,30,0,3,2,5,3c9347e30f3534b08ad521578f3c781b10d9bd13ad7f257d3b7b7977ed7394bb
20,104,0,C7:7027,28,27,0,1,2,7,4edc20478d2ff8a1d6ee94c04f2bd9bcd82a4ab01a05a55a66e839ed8990d610
20,105,0,C7:7027,35,34,0,3,2,3,6fcfced9662c665941bee58b6d0cb56ac138d92b5785d734ef0471c34301766a
20,106,0,C7:7027,35,34,0,5,5,9,c07a4f096f71100e89187540cc99839b9f58deafa122acd6c91a5f54b3b9fc02
20,107,0,C7:7027,32,31,0,6,2,3,be65a818aa2479aceb402b1cb24b173f86260b549e713adbefe37ce9b201ab6c
20,108,0,C7:7027,34,33,0,7,2,3,eb9025e33d773f28d4a52aac9a883869bf061d56bf3d7c6949b8e950bc3d0eda
20,109,0,C7:7027,22,21,0,5,2,4,e45faae42b67164e48b835e6cad729c00cb9fe80cafa83d51b10595629d878ca
20,110,0,C7:7027,34,33,0,7,2,3,09fc87fc7ddfa3ba6c9cc42bbb0be14fd1eca9e7a201ed6ecaef2ad83b09bd24
20,111,0,C7:7027,22,21,0,5,2,4,4f8039c966fe486dfdfa8bbf0a82e07a119990c9bd47a09c32f90f149e7ab4fc
20,112,0,C7:7027,24,23,0,5,2,3,952134035e97f1f15962d2893835bc70d6831b8b8d8994bc1f32575041f5da3a
20,113,0,C7:7027,29,28,0,3,2,3,118beaf4a32d03b8c6b004a5f6ee50b8aa67993d46f91f340e4b30baa06c13e0
20,114,0,C7:7027,17,16,0,1,2,4,0dddc47012fa2bfbb53d09d155747d36deeeaaba78688b9efa48723d3e553e98
20,115,0,C7:7027,32,31,0,6,2,3,f93b8462a2d7124ee039accde97651a48a308c1bd894945397cf58e0be13b2b8
20,116,0,C7:7027,20,19,0,4,2,4,22306d75bac2cbc3b83c8d1795775b999cab986b36a992fabbea85b1db6a7a86
20,117,0,C7:7027,32,31,0,6,2,3,1458690987690b951d54b2a9fd00364a4a113a4af28148dcc6b9dd493718e0ee
20,118,0,C7:7027,20,19,0,4,2,4,afe03a149dc75a122fe56ecc1bdfdbf9ecd735fa3ddcebe0a040cdf67eafb748
20,119,0,C7:7027,53,52,0,12,2,3,af596698a6a3e0725afa679f4d60136fdca62d60522084ad46d61ebf7bd25d9c
20,120,0,C7:7027,22,21,0,5,2,4,51593cccd30e63605debd84df9f6da84c427bbc9a1526dc2313f7aa0301c7e18
20,121,0,C7:7027,26,25,0,5,2,4,7fcc7ce902b004d98aedd87188ebd9d8d972914b3d5ba3c9cad70e65db87aed7
20,122,0,C7:7027,24,23,0,5,2,3,952134035e97f1f15962d2893835bc70d6831b8b8d8994bc1f32575041f5da3a
20,123,0,C7:7027,35,34,0,7,2,3,bfc6deea6655df5ddc1ee1534e44e62b1ebff5e94fdf50a762459116fadd104a
20,124,0,C7:7027,35,34,0,7,2,3,41645cb9dd3f9a4871d3c5aa1a1f65da4dcc9d4ba8a7bc545d0555ab7c551f52
20,125,0,C7:7027,44,43,0,5,2,3,95e314ea6c9860e84c2c2bbc1206eabfb8b5711a520b1c768b71d4dde6464e5a
20,126,0,C7:7027,25,24,1,2,2,3,0236797100756ef1358102626f3b6962dda63d3ba7d2dd8a528d91c0f8661ef1
20,127,0,C7:7027,21,20,0,3,2,4,39b902b5e6aa9fdf2e66dcfa27acc4d7bc29a34e8a2e7b367be054b4fbd10b32
20,128,0,C7:7027,43,42,1,7,2,3,f9026399f516aeb4b04bfb63b52bd8a065cf9bbc426185c4cd326632fdf56999
20,129,0,C7:7027,23,22,0,1,2,3,928a8785c3a4165786db9444c73d73b3e3c21aa18490763eafc9f1f98288abc7
20,130,0,C7:7027,40,39,1,3,2,3,5fd3b1bdd763becdb0f4fb8cd49d82308bbba1e8fae5a557ec425a2a007031c1
20,131,0,C7:7027,17,16,0,0,2,4,50c1d82c22aff57432653a4888647eb3bf0769014edb95e456eee1ea1ec8d678
20,132,0,C7:7027,32,31,1,3,2,3,7d03e015632f2fc387b1810b59aa48c04b1a2dbb6a70c39471f46ba23e62648b
20,133,0,C7:7027,34,33,1,3,2,3,5b47dc793a709a973cc6f63b8e232ad2e0bd48037d3e7b4b3a133e99476ecd33
20,134,0,C7:7027,32,31,1,4,2,3,9e536b036e2b81e55339ec68c92ee64e1bbd105d1aea9a79ec2340fefe157af0
20,135,0,C7:7027,31,30,1,3,2,3,f4eaf9c890f5974fdd0216f6efe88467abfa0acc23df4917a9e582cb5e4b4b98
20,136,0,C7:7027,33,32,0,4,2,3,d92d695c1e9e3b226a15d99d3ea049310017ec6110dfe85b980f1c289cdd4811
20,137,0,C7:7027,23,22,1,1,2,3,46bb3418eb8f68ff8f988969544ab127880c0933307dea6bb0c2374143037376
20,138,0,C7:7027,24,23,0,0,2,4,cc36e3316c4b9319ed5f05dd41a2a37235a79e12c7c5bc1b6d300cd2a05c5eaf
20,139,0,C7:7027,15,14,0,1,2,3,9a137b7f8bedcfc94af8fb749d959c609ab50e5025bddfb0a16250d238072189
20,140,0,C7:7027,35,34,1,2,2,3,ef452b1050bf01b5e2b2fbf2d9652f23f89ae02dc0a4f3dd8e20c91c60a4f364
20,141,0,C7:7027,34,33,1,2,2,3,c196409c508f2778a851784e5625308424b1ec1fd2801246557133c1a5a75ee2
20,142,0,C7:7027,43,42,0,5,2,3,a872884ee6d6228189ce76af87ed77a19fb73815270879520139d6e533ac34d9
20,143,0,C7:7027,30,29,1,2,2,3,c74a814f3ea1b20bbb39ff9f200659b9208191e3e292d9af593daf2d3b5750d0
20,144,0,C7:7027,23,22,1,1,2,3,f569090377a5692c73ccb59ec650cff9410d47e42a393441c832f781ec1263bf
20,145,0,C7:7027,35,34,0,3,2,3,f22e25e075760ed938ff9fd652c6432a64ad4e4dd0b32ce8e2ab5e7121ba6218
20,146,0,C7:7027,241,240,0,16,14,19,a10cd92cc71a0b132bc0f3677699347b12f2142841df26fdc242ba925c58186f
20,147,0,C7:7027,36,35,0,1,2,3,cfca4f745fbb17ebebe6277967bc71425249573a0d386a71df380134c8ffb637
20,148,0,C7:7027,16,15,0,1,2,3,b79f6624bdd1bbbad4b279eb3bf446f140cc173266d5c0a6c49602c3f9ad1f60
20,149,0,C7:7027,33,32,1,3,2,3,1306946ddea0d332706bf90e4507b57d7e49dfeadccdef6df83772747061cd41
20,150,0,C7:7027,30,29,0,6,2,3,8520ad9316e805332c29a059ddedfdb7751823f19afcc878a06491649b1266af
20,151,0,C7:7027,44,43,0,4,2,3,c50eb39b1dcd1c407c9033c99bcb93c6fcbbdc09f7cb6c5904b3718b1ca65a96
20,152,0,C7:7027,38,37,0,4,2,3,dbededea888890db9358d98811bbe0bc4f0aff2fb7f6913c8c3258c2671a99de
20,153,0,C7:7027,44,43,0,3,2,3,4cc681f37bee024c086f806dccfc36c947b4b1536444ca9db6e3ea96d477f21a
20,154,0,C7:7027,39,38,1,2,2,3,46268542cdd200a5fff3cbf9aeb6cd37fcc14a5e6bfc955f2a20ef7e602a38d1
20,155,0,C7:7027,45,44,0,7,2,3,d944264c8aee21e2efd9d62d14c596290d0cbea995fd5fcdda442d97d60e4f92
20,156,0,C7:7027,43,42,0,5,2,5,00b99577d41ca8fc9946ca3583e94dda9d5e307dfb1cd15773edfd8cdfa71c50
20,157,0,C7:7027,29,28,0,3,2,3,6961b2601d31cce238d516a813b7e0c4c2361d97abe30231ceb3d8722a2663f4
20,158,0,C7:7027,38,37,0,4,2,3,9b3e1ded0d602079ebc60050643276c2836e0d1ac0ba713283705cb70bb71e07
20,159,0,C7:7027,35,34,0,6,2,3,76b48eeea472a8dcdae360ac189c40207ce0163837b86f2dd87974dd1895fc89
20,160,0,C7:7027,21,20,0,1,1,2,711698b7878ee82b4af0e921ceb338a45f4e9e3170e4cc1088058f2e562f4f9d
20,161,0,C7:7027,17,16,0,1,2,2,8a5f41317c9ca9b7d502c5176b069e969a47d3b1163c895586a8cbebb9cbf2a5
20,162,0,C7:7027,37,36,0,5,2,3,91b9d5ac30f624b7497bfbdb5d2aea27ac3d0a6de445a5b90d79e406ce06cea4
20,163,0,C7:7027,40,39,2,0,2,2,d6e3ef9beda790a5dd9e063453e0275b450e7d8e9f5f8dd0f1ed73d95fe6b65d
20,164,0,C7:7027,31,30,0,2,2,3,9b4db87969647a8283211c41e5790cb637e885cf9d8d7d4061da801fdf94be6a
20,165,0,C7:7027,36,35,0,4,2,3,cd89ea177437cdb2bc2fff4dcd51dac4ce56254f537401d476787474ce389b46
20,166,0,C7:7027,46,45,0,6,2,3,15ab8f1237d258ba6b717966961c782d00627af1f40cf8201bdd91ac65926997
20,167,0,C7:7027,40,39,1,7,2,3,4959db516fd294dda46270aadb655d5ae2612a6120d23670307551981bdc16a6
20,168,0,C7:7027,35,34,0,4,2,3,f42b78d6ce88b2ada81c926f785ca7521a93b55644e515afb77b7aefe9d4bef7
20,169,0,C7:7027,33,32,1,3,2,3,9708a58b9454d3df9169a7830f553d3ec8d5d304fd29e24a170ee0444169296c
20,170,0,C7:7027,42,41,1,7,2,3,eec977cbe7af042ca58e44eeecf4db164e653ba9f3d4a4e13f2873a2ed03b054
20,171,0,C7:7027,14,13,0,0,2,2,3146611dd848b76a9a887d7956d9c7172ff003d02b7c2f1810f2c80f17b54886
20,172,0,C7:7027,14,13,0,0,2,2,3146611dd848b76a9a887d7956d9c7172ff003d02b7c2f1810f2c80f17b54886
20,173,0,C7:7027,18,17,0,1,2,3,9f6751cb7580a91449aa5ebedad54b1eb698eb1e271c38fd268255522bdec6f2
20,174,0,C7:7027,22,21,0,2,2,3,101ebb0ca6a1b7f652718fa2ccb024321d5766b0aa5f00c97fcde2bcee9fb4b4
20,175,0,C7:7027,36,35,0,3,2,4,43716d52750ed445010f0ef270b9c95d15bc824c3d0e2b797699b46d281d1f2b
20,176,0,C7:7027,18,17,0,1,1,5,a936ce1943dfc399fad50374fd2cf0c6f84f00c35d24bcc7a1b2e7b41f1fed69
20,177,0,C7:7027,24,23,0,1,2,8,240ced2e227ff4d8ba1adeb50aa1e400b512367b7f8824c48aa455941c4369f9
20,178,0,C7:7027,35,34,0,3,2,3,1ac96d2c79c463a28fe32438cf128831804ab1edbedbdeffb425533efdb33210
20,179,0,C7:7027,24,23,0,0,2,7,c9b1abd50258466a51cdc11eddd784c0172b57182894c763ce12ef9c4668db3c
20,180,0,C7:7027,9,8,1,0,2,4,fbef56c5b5a817de99f0ee3f61233b847cfd921de41969bb654cf54430f9be34
20,181,0,C7:7027,11,10,1,0,2,6,9baf899a361d6fdf8bef81133736993eaeb4e6c415399cdf7e12827a7eea895c
20,182,0,C7:7027,28,27,0,1,2,7,4edc20478d2ff8a1d6ee94c04f2bd9bcd82a4ab01a05a55a66e839ed8990d610
20,183,0,C7:7027,12,11,0,0,2,4,1837e234c66ffa4b5302be8ba0e3eadf742d57916064ea9f89249bcb1ee6b1d6
20,184,0,C7:7027,16,15,0,0,2,5,dd41ac4ee41acc6b79c8ef02bd029e997c0b912c7de7ed1b1fd94353531c8c55
20,185,0,C7:7027,13,12,0,1,2,4,a8090eccd879d98b02f3f841880679b8cf3e3f735e41b357d88bdbc2081d4174
20,186,0,C7:7027,15,14,0,0,2,2,796ea3a00630c1515798318eb8b97810127b3d9d1fd95d955c39b618ddb38e4c
20,187,0,C7:7027,35,34,1,8,2,4,33a0b16123115ae0f60b5f12d23e0c66aa97254b654067849c8b6d0b6689111c
20,188,0,C7:7027,15,14,1,3,2,3,089db8e527dbafd6a09bd22e1fab702ec13aa1cfa1839f0280987db6a97f772a
20,189,0,C7:7027,14,13,1,2,2,4,7cff68f69b6b36ae63df759ac6c855b0b6c972947b3cd7956cdd213f45ab3aa7
20,190,0,C7:7027,16,15,1,3,2,4,d37f3ddfe7f68563f9e305aa6332986101126a6bf27e533254a23f27e2711101
20,191,0,C7:7027,14,13,1,2,2,4,9fbd95347900818e62603e689b5c68a50693c23aa6192e4737b9a6001e5cab0e
20,192,0,C7:7027,13,12,1,1,2,5,a014c86187c022652747d982ba1c4f6cb67c6d281d635d2635b38373dc8431d8
20,193,0,C7:7027,14,13,1,2,2,4,9fbd95347900818e62603e689b5c68a50693c23aa6192e4737b9a6001e5cab0e
20,194,0,C7:7027,30,29,1,6,2,4,dc066255202df8acf2392f98aaa9418968df099f843499dcf66047f8b45e9c78
20,195,0,C7:7027,20,19,1,4,2,4,7d6bd3664598f63184b653f10deee7cbfc0d8722a7542912b916617f64ba4fbe
20,196,0,C7:7027,16,15,0,1,2,3,b105b39632f47ddcce727915888cf151da1a7cb35fe7cc18dd258e0da1df4cc4
20,197,0,C7:7027,26,25,0,1,2,4,17cb585307fa36e8d366f9bcd263d1c8b86d7796b6c9cee86038f69fa43cec19
20,198,0,C7:7027,20,19,0,3,2,4,99bd54619dfeb3b65b96b3a775e815a0fd278b239716eb45dddd00f2efd679e1
20,199,0,C7:7027,24,23,0,1,2,4,10546664fab08c80ff844284aa5bf3bb742e62e099eed1bd3870c07e87997a6f
20,200,0,C7:7027,20,19,0,1,2,4,bdaee5f0cbda6d9c681b0be24962e234b47dc44b2511efe6a213e787985b484f
20,201,0,C7:7027,24,23,0,1,2,4,8a762f68e42c474894b7ceba71cd2ab3e8a814a60c192e679e796e203bbc6b7d
20,202,0,C7:7027,22,21,0,1,2,4,9f80db7c1df7ba353d4d8c4aade1354ae5301f1728fabc19897ce1c44ef3aa3d
20,203,0,C7:7027,20,19,0,2,2,5,7ec7530e8235c965c7dc90c881fe04aa93f4eb8f177481ec2e8e9ab09b26339c
21,0,0,C7:88B1,27,26,0,6,2,4,e5e8eba066e8a2fef7dade2eaa0591141cb65e8d50695ab1b5e7e90a8148ef3c
21,1,0,C7:88B1,27,26,0,6,2,4,149092f26c28ebd447f095c4628a15b1d32c4c026159866e76060f365cf147a9
21,2,0,C7:88B1,27,26,0,3,1,2,7417e8267373ed0b66feb86038bd51bda69a6ace7386d1a613a21637f98e510f
21,3,0,C7:88B1,24,23,0,4,1,4,4a1ad042a1ab29d34c2dcd4279c45a574fe61d5c134a5e2d5a05a5ae6b3ba118
21,4,0,C7:88B1,27,26,0,3,1,2,7417e8267373ed0b66feb86038bd51bda69a6ace7386d1a613a21637f98e510f
21,5,0,C7:88B1,24,23,0,4,1,4,dce74c47a34418c9b91c0f3a5ee3cd76a6f7b09c855c53abe4aadcb46c75fe04
21,6,0,C7:88B1,27,26,0,3,1,2,7417e8267373ed0b66feb86038bd51bda69a6ace7386d1a613a21637f98e510f
21,7,0,C7:88B1,28,27,0,5,1,2,bfc164b23598db06566f1a7170f1c852f29b6a7d2d4f4b7c1cafa30245b31a4b
21,8,0,C7:88B1,27,26,0,3,1,2,7417e8267373ed0b66feb86038bd51bda69a6ace7386d1a613a21637f98e510f
21,9,0,C7:88B1,29,28,0,7,1,2,cf3d947dfc5c9b5192915938981720cdf124504168e1499119963bb5f57110cc
21,10,0,C7:88B1,28,27,0,2,1,2,c8189be545abc8e369fb0221f3c5be97d4c918645a42ee773d85d2e118f72218
21,11,0,C7:88B1,27,26,0,3,1,2,7417e8267373ed0b66feb86038bd51bda69a6ace7386d1a613a21637f98e510f
21,12,0,C7:88B1,32,31,0,3,1,4,2b47bbd6e61599bdf7434f3cfd573cc4f0bf437b2a6eb12304d6e12af2ce628a
21,13,0,C7:88B1,27,26,0,3,1,2,7417e8267373ed0b66feb86038bd51bda69a6ace7386d1a613a21637f98e510f
21,14,0,C7:88B1,33,32,0,5,1,4,ac6b349786033d17a4885ae5937dfdb14aaf560c7ed814ce13c17196454e1cbd
21,15,0,C7:88B1,39,38,0,8,1,2,7c095671d349df70c14bd58693946e33b058567b127f98f3a5f99235cba0f48d
21,16,0,C7:88B1,32,31,0,6,1,4,7b72432c6baf5915e7a3d5ff566f33c1fa30daf7268a98220dd536b736cad577
21,17,0,C7:88B1,23,22,0,5,1,2,1aded2a340f5507cc94b7a1b4157ae2c86c6ef7adcc43ce8ea77e5cc7950c2f5
21,18,0,C7:88B1,37,36,0,8,1,2,644c7710913ab0f1478cd9b7f9f60acd3e95108168c444146ce65c78f154f877
21,19,0,C7:88B1,30,29,0,6,1,4,371c61a073c3e0ddb8f1c74017a16b357ce9e8465383e1ab3568c344985f18aa
21,20,0,C7:88B1,44,43,0,5,1,4,cc4af168d6000026bfa7b373ec01b95bff3ef1304050b792dfb5bab9361bfdee
21,21,0,C7:88B1,40,39,0,9,1,2,95acec652b82e85e194b3a90cc1004d36e9274b4748b03a34dc00d8a2bb49a5f
21,22,0,C7:88B1,36,35,0,8,1,2,b9c1d172f25ce26c9739fd1ae545d459447ce61f5465988ab8c197cb4120af49
21,23,0,C7:88B1,27,26,0,3,1,4,0811aa69db11b56071cfb37183cdf6c870847f6bac6996bda456282b317b61fd
21,24,0,C7:88B1,43,42,0,9,1,2,6517e470eb397591d6191ed6d7f502c4a624e4c732a03da40550c1a7af2d01ae
21,25,0,C7:88B1,32,31,0,8,1,2,b0bc3621300eab6cecf7227be6fc2e5ad9f0dfe39b575caaeef138bfede76f6a
21,26,0,C7:88B1,28,27,0,2,1,2,c8189be545abc8e369fb0221f3c5be97d4c918645a42ee773d85d2e118f72218
21,27,0,C7:88B1,31,30,1,3,1,2,260b29160a8b4eeb0d161196c1d76eebeae5f1df019ff86976005cd11f683ec7
21,28,0,C7:88B1,28,27,0,2,1,2,c8189be545abc8e369fb0221f3c5be97d4c918645a42ee773d85d2e118f72218
21,29,0,C7:88B1,34,33,0,5,1,2,ebba10722bb2d9ef3500a442cd830cba5c794e94d2bcd136d7c7256de5d91375
21,30,0,C7:88B1,28,27,0,2,1,2,c8189be545abc8e369fb0221f3c5be97d4c918645a42ee773d85d2e118f72218
21,31,0,C7:88B1,36,35,0,3,1,2,fd65d36f5b8af3c663fa63aeca8c81127dbe3b967ef081ee2ad7a24acee53c0c
21,32,0,C7:88B1,28,27,0,2,1,2,c8189be545abc8e369fb0221f3c5be97d4c918645a42ee773d85d2e118f72218
21,33,0,C7:88B1,34,33,0,5,1,2,7b7b2aaf7a7c8bd0904188b2f296021b5760eb3331ff0fe245e3622d62533a4c
21,34,0,C7:88B1,22,21,0,2,1,4,f0e5127b9d6afbff8bb0c43c5199549beb56f7a09a5c10384d800b23f18ea1ab
21,35,0,C7:88B1,27,26,0,3,1,2,7417e8267373ed0b66feb86038bd51bda69a6ace7386d1a613a21637f98e510f
21,36,0,C7:88B1,28,27,0,2,1,2,c8189be545abc8e369fb0221f3c5be97d4c918645a42ee773d85d2e118f72218
22,0,0,C7:8D13,16,15,0,1,1,4,456b721f5518b09c164d6f1a16b07b66f85fe3a343d0fbbece4d37a0fc2a09d0
22,1,0,C7:8D13,3,2,0,0,0,2,2b24df82d0e469a909bcafbfd2e271398216c1afbb6796cb7ff8fdfa897d1eea
22,2,0,C7:8D13,16,15,0,1,1,4,456b721f5518b09c164d6f1a16b07b66f85fe3a343d0fbbece4d37a0fc2a09d0
22,3,0,C7:8D13,2,1,0,0,0,1,46e04d129d7b45d054469ce34e24069a1426b3e34f1b68a3d1bff1e070aee192
22,4,0,C7:8D13,18,17,0,0,2,3,f1dd493e2b82b43ae323676d38183606eb489c7d61cd0cca2fecd077c9d3b5bd
22,5,0,C7:8D13,20,19,0,1,2,4,fb72931539fa351b052e14f5e1bd7cdd8a35d25faf8727196742bda10f3435c4
22,6,0,C7:8D13,26,25,0,1,2,6,444b272bb76747cb01d2d1f42b33994c65a790442e39a7a286d3a786f12e3c14
22,7,0,C7:8D13,23,22,1,1,2,5,ad9a2147dedcf776f3349af37ef9c79e2e253dc6b2b704f1fb937b99a326881c
22,8,0,C7:8D13,20,19,1,2,2,4,6fed6bbfb85430f20a798de8d1f5faaf2c84ae5ff05fbb653a3a94397c7a10fe
22,9,0,C7:8D13,40,39,0,4,2,4,4598f453bdb2e484a0a49d920f67951fa512d2e349a554f78039482fc89e3fb7
22,10,0,C7:8D13,31,30,0,2,2,4,0f7c83d5915abba76a99afaf9de6b1f793451a9f450ce70daee3496155fd1458
22,11,0,C7:8D13,39,38,0,8,2,3,2525fef43317b9da5d82875f9ef6903e35578843b006bffcfd32e6083c22d45c
22,12,0,C7:8D13,39,38,0,8,2,3,ecfb8824262177a57930c501e6b8ff68d614d0c5735114ddc9a0567cd80fe446
22,13,0,C7:8D13,38,37,0,9,2,3,8be21b80a6bb2c8c61cd1cda6e27b73e239a627db9c3e8eebab824b21689e996
22,14,0,C7:8D13,40,39,0,8,2,3,9574d4ab5393bce476e86294ae6e4798a7345d41dd31ed76783663e6e6f4686d
22,15,0,C7:8D13,40,39,0,8,2,3,4703bb7db7631d287a12a8e0251bdd542511b8ff6b63e438ed0f8d3557714511
22,16,0,C7:8D13,38,37,0,9,2,3,bb9170883657d34bb8ceef2bd0d0e4aa668aa20916df0de1e1c10e47a45083e5
22,17,0,C7:8D13,43,42,0,8,2,3,b3d1bc0477fda516c2080eb31f72eadd86558da24c61bf37cae81ee146c74e78
22,18,0,C7:8D13,24,23,0,0,2,5,f15e40ab8b3196e6989a88670fa86e640a9f2b273c66322344e2035db9efd851
22,19,0,C7:8D13,56,55,0,12,2,3,8b1cc15a8e2a7d105d308737978128aa9a08c6252ca1d93db4c649107808a9ca
22,20,0,C7:8D13,18,17,0,0,2,3,f1dd493e2b82b43ae323676d38183606eb489c7d61cd0cca2fecd077c9d3b5bd
22,21,0,C7:8D13,15,14,0,0,2,5,45778c0c6b6e8556575711b164bd2bea00ac811486bcca3f85e92097924cf58e
22,22,0,C7:8D13,19,18,0,0,2,5,7018e563363dd5b8197dcc1dc7f2bd17905df1aaa8de160afc1c8d4955814656
22,23,0,C7:8D13,30,29,0,6,2,3,7065e5b95541fd5e9ab443e28496cb73278af975976f8c11a91305e724fb6d3b
22,24,0,C7:8D13,18,17,0,0,2,3,f1dd493e2b82b43ae323676d38183606eb489c7d61cd0cca2fecd077c9d3b5bd
22,25,0,C7:8D13,32,31,0,4,2,5,d53bfadd0e5e668a2c363e49434039b4903d4516afb7bae1bbf77f2147ff9f77
22,26,0,C7:8D13,39,38,0,7,2,3,bfea48dd0f806f320b899f93f88b135ac802b94b213021d063f3208ce1601408
22,27,0,C7:8D13,44,43,0,7,2,3,1249a28c9e8a9572be331e36d486707cad3b696d9406b6b6f6623708c1f1789d
22,28,0,C7:8D13,42,41,0,8,2,3,568efb7d3dba3a5eeb21c09fac42d3b604db4c309e7c49b9afc4fc019d4df4aa
22,29,0,C7:8D13,57,56,0,9,2,7,ebeff71f1b58ac044bab00c958d84a8676eb8fbb01daa423a99ddae54e5da78d
22,30,0,C7:8D13,38,37,0,6,2,3,1e097d541c955ae4099537be30645d4dd83b9b8dc0dce723824ddb5045559d5b
22,31,0,C7:8D13,42,41,0,6,2,3,56d26694128e39d8adff429bb30b55fed76789320a7a440afd8824ba4f2b3290
22,32,0,C7:8D13,40,39,0,7,2,3,b06b5486812530c62fa63a15b8c9e0a9c41374c6998abf88b3b0f01ce0a56a0f
22,33,0,C7:8D13,42,41,0,6,2,3,c09baa0470609184fa821918fa307a8771f31fb6b006366e32123e63d147057f
22,34,0,C7:8D13,46,45,0,7,2,3,d9828849911033cd66dc4b9f3bf8d396d4042a683993ff610a0fdb70b642ad85
22,35,0,C7:8D13,45,44,0,7,2,3,f9de2d57c6892df1ba080f0ac23d67df8e10a844f4e4ff1665fe174c080cf07e
22,36,0,C7:8D13,43,42,0,6,2,7,36d46764f3f331f1760c9b7b8126a6ef4eb715b22e1a94458e37c153d635c1c5
22,37,0,C7:8D13,49,48,0,7,2,7,e74c4a38d4e55ed8f9cf6374141434bb1eeeedad654764cfe92f5ced93c09b56
22,38,0,C7:8D13,50,49,0,9,2,7,f34ebb21733ee15cecf07dc1469e7bed43ce05b4ce06d69e33b49ea01bb535ce
22,39,0,C7:8D13,43,42,0,5,2,5,57c30f228c7b2badc2379ac51b57027585a95aff6045b8c07e20327937c3f09a
22,40,0,C7:8D13,49,48,0,7,2,5,d70e2871a205c76bc11bf03fa7cbc5abaa7154c8969a011ca306ac8879040a7c
22,41,0,C7:8D13,44,43,0,7,2,7,3973af775f3dc8fca7303c091aa1fefd856e7aaf5fd329f14de27019597f1ce2
22,42,0,C7:8D13,42,41,0,7,2,3,a05debb9fdb07a9f137f9523db36aeb076766e78640d14160d7ce6d6dd1b2e36
22,43,0,C7:8D13,48,47,0,7,2,3,f3abd4149f663347f84cf0ef490bbb9f31344a01640e7238195956eb4a9916ad
22,44,0,C7:8D13,73,72,0,8,5,10,50745b41224e6572c6158881274bdd7545529e38424a59a2849e05ba41373e4a
22,45,0,C7:8D13,55,54,0,11,2,3,cafed6604e186d9b04a802216bfeace158db80b29acaa746d27fe098d0ea9028
22,46,0,C7:8D13,68,67,1,10,5,8,9d06d5026426e01bfde0c92dc0d47d20a42e8074c7526a1ae0a05a3027d8bf6b
22,47,0,C7:8D13,55,54,1,10,2,3,8b6f92dcf335c547c24f47cbefc950a29031972202e12d03a2671a33ff7943bf
22,48,0,C7:8D13,21,20,0,1,2,5,b6bacd42d1268e86fd72974ad88205cb570fa8611fd977cae1b3dfc35b50267e
22,49,0,C7:8D13,48,47,0,8,2,3,a464efc86b9828dca5d4e48d1b3a99278d02fdfeb477c8f6f66a077018b75938
22,50,0,C7:8D13,20,19,0,2,2,8,b6921a892cceb6bac7ab243f5ba4afec362c3746f43e224cbcc5ae7758b23d22
22,51,0,C7:8D13,51,50,0,8,2,3,e679d1e572df0cd3306b525cb7490d9aab6add02c1d71288c16c0ccebb7bbb8c
22,52,0,C7:8D13,40,39,0,6,2,3,7455ddbe0071244df533d28e7f743bf475312447ae506010860dafe0bd831fa6
22,53,0,C7:8D13,68,67,0,8,5,8,ec302272290e0d13ec2e94fc7fedb96329ac1152bce20269a274e018a67a8509
22,54,0,C7:8D13,47,46,0,10,2,3,349742791f669d939bfae934b70745025d253db4c4599f6b2dcb7b1b6d29630d
22,55,0,C7:8D13,50,49,0,10,2,3,5162b622a11932e7ac6b0c6a4bafef9003d8f6412fd64ac921e23e2133f183d0
22,56,0,C7:8D13,43,42,1,6,2,3,ed83f59fec845dc9fa4d61daba61434e170537f01ce888076350a631551c2a50
22,57,0,C7:8D13,49,48,0,11,2,3,f27b93413b0049a32fd8ddc6c89497f2bd993aed836887247353de25ad2f4a37
22,58,0,C7:8D13,58,57,0,0,2,3,1dd51188103831121ac8caa5a9e987e3af046fd69c35a8bc418b4e8ccb9d8fa4
22,59,0,C7:8D13,54,53,0,11,2,3,0ed033728f361ffaaf82ac55022179b0b08b88d74ab024182579315a49ac450a
22,60,0,C7:8D13,54,53,0,11,2,3,0752d0753c3d8fa9d2efcd19fc80e0cfd906ea5504331a921836eb6050a6c17f
22,61,0,C7:8D13,51,50,0,7,2,3,69551765b7db797de3cbca6c821b64fa019f11f24f89a5a829c4cc85a2a93db7
22,62,0,C7:8D13,43,42,0,6,2,3,4e3f257355c16fc33cbbdbcab3bc1adfb2358c9b43148ed44ee382ee7c2a9bb1
22,63,0,C7:8D13,31,30,0,6,2,3,139601e40784f306e31add812c9c44078600f200fff341ef9fa50d7ac74b0549
22,64,0,C7:8D13,40,39,0,7,2,3,0739ad2be5420ef0f09dbf446be8d743244c2200802987e26ea9cd7e6a34885f
22,65,0,C7:8D13,52,51,0,10,2,3,86018efe715f21f64c6181f0cf94e1df70f1a294c5f9a90a6386c1aecaec1f2c
22,66,0,C7:8D13,22,21,0,3,2,3,603869fac0754b815cc237aad01c67ab18923f41ddfd5cba3809795f04f47ee5
22,67,0,C7:8D13,42,41,0,5,5,10,f98c2b1a754d35d056e9c049bc8559804d1ef26ca90d84b6d560bba2c02f1478
22,68,0,C7:8D13,48,47,0,7,2,3,89e3c1f9ef2e5473904e1d5eecd17455824a9efd9afad3e051b808a770e7cca8
22,69,0,C7:8D13,18,17,0,0,2,3,f1dd493e2b82b43ae323676d38183606eb489c7d61cd0cca2fecd077c9d3b5bd
22,70,0,C7:8D13,55,54,0,3,5,13,2114c0bf8b6c9fc15a25b9baa1f011650376fbb86c593cddad27a8d929ba7b6a
22,71,0,C7:8D13,59,58,0,10,2,3,aa868debde035a91badeac67022a580009f770cd383aac518cddd8e1cca093a8
22,72,0,C7:8D13,17,16,1,0,0,2,915829dcff077f3503d884b10bfb6051f69f68bc412f239480655453b69241d5
22,73,0,C7:8D13,52,51,0,10,2,3,5ddbaca48c7651b94b8fe4b9077c5769bdf8aa3a5c1c5de9080d79e4279a75aa
22,74,0,C7:8D13,30,29,0,3,2,3,b7b0026410d03cc31babda0339e77e8952de929711a205dd1cb39da378bf1868
22,75,0,C7:8D13,28,27,0,4,2,3,68d006b37f2bb0a15f56b67b5ffca14f8ed4ee519ddd7a6af7574f92812842fd
22,76,0,C7:8D13,34,33,0,4,2,3,17f178185983bd7283ffee24b0d3d57638daec50b206e315fa6f45b28bd2dc00
22,77,0,C7:8D13,21,20,0,2,2,8,8d78c307dde47d155123c26e5f26ed98a9002d94de5a6b611a3f8540acf00513
22,78,0,C7:8D13,43,42,0,6,2,3,8ae3be302e527b1aabed63673d66cc98467fa100f51f7097a21c73ff7b37d04a
22,79,0,C7:8D13,40,39,0,7,2,3,245b489b41246c1901006ae439d0c0fc3fef2846750b95aa5330e4ef2e9b046c
22,80,0,C7:8D13,18,17,0,0,2,3,f1dd493e2b82b43ae323676d38183606eb489c7d61cd0cca2fecd077c9d3b5bd
22,81,0,C7:8D13,28,27,0,2,2,7,9750f3af87564b50ac3ccd508b740f6e1fa6a0cc3889c3ab974ea2b563aa73b8
22,82,0,C7:8D13,57,56,0,12,2,3,7bf35aa99483b2360eaf81a7ad1830d1e453555cd42554567d6c7b02198ba774
22,83,0,C7:8D13,53,52,0,8,2,3,934f635db953276dc516903699ff9e1c5c8e2ad009d38733c1f609f79a33b042
22,84,0,C7:8D13,40,39,0,3,2,5,68b4e9c6eee453c810c5983c503584455a44219638e11970d0762c59c7ae356d
22,85,0,C7:8D13,30,29,0,2,2,3,5f1ea29542206f985d37729e7331294fd3c48ae5d64d222742dc912e152d9ed6
22,86,0,C7:8D13,38,37,0,5,2,3,9bdab17fc84ce3576309a8177a8c7b9e751ee023644cec9c1bc83d63ae0dcca7
22,87,0,C7:8D13,19,18,0,1,2,3,7be19d6e49e5fafaf07a94caaffdb0e7227100ba4217c8537df0c63ea1ea7801
22,88,0,C7:8D13,37,36,0,6,2,3,f7a4f1a80a4cbb0cdeb66d5cad0dc150c45a9e2a27908f1649e83d6c938e64be
22,89,0,C7:8D13,22,21,0,1,2,2,0d2afa936ffcdf444c970e178e5c26355b1ae2e59124beef05b34e4d935883c3
22,90,0,C7:8D13,42,41,0,8,2,3,80129218e42bc75d6ed9537bd789c274a963010f666670c1c41bbf8e1b01084d
22,91,0,C7:8D13,27,26,0,0,2,3,85b93b512d96c7485b2bdf0c9827a4e32874187a9b5cb3be5a1a105516338b95
22,92,0,C7:8D13,26,25,1,2,2,3,93429360b5de1b27efe7722ee8f9751192b3017306518b506524764113c02885
22,93,0,C7:8D13,14,13,1,0,2,3,956bfdfe5855c1b61409e6bb084d14c4ca46d9dd8745fafc2120c45cef93d445
22,94,0,C7:8D13,24,23,0,0,2,5,cdede406e19a1415b4e528107e7d27f916100ecf38fb6701c6ccc1bc5ffdd40b
22,95,0,C7:8D13,16,15,1,0,2,5,b02ac751f20f104b9b26cce46b72790f375f8789d4102abacf35b1d5ac2ec455
22,96,0,C7:8D13,41,40,0,11,2,3,322e1e710c1a9ed2315530e80fb19827d8692c7f4e61a3f276c2146c91ba98e5
22,97,0,C7:8D13,18,17,0,0,2,3,f1dd493e2b82b43ae323676d38183606eb489c7d61cd0cca2fecd077c9d3b5bd
22,98,0,C7:8D13,31,30,0,4,2,5,e906e368f7c28e7627aec783a83d588fe3de65181e8535d36f344b18a6ca11b0
22,99,0,C7:8D13,39,38,0,6,2,3,a97552b79847fe2da7eff18aba43b138452b62e13a394b50741222b6ee79766b
22,100,0,C7:8D13,19,18,0,1,2,4,bfddcc4a76f1ffbfca3a3780991dab171a7e333e5fa1854a783590b307216402
22,101,0,C7:8D13,20,19,0,1,2,5,520b45ae7d5a69550708806c3b67498eb8f38957e75a75936f6c12e7b7b63695
22,102,0,C7:8D13,38,37,0,3,2,3,a932735be3cd94fa28aca98e592fc3f7831313f4c7ba1a104a7fba66d21c57c6
22,103,0,C7:8D13,18,17,0,0,2,3,f1dd493e2b82b43ae323676d38183606eb489c7d61cd0cca2fecd077c9d3b5bd
22,104,0,C7:8D13,28,27,0,2,2,3,fddad663ec4950c0c32dde76cb9badd04f2c9474f782953b0c495f772209fcd5
22,105,0,C7:8D13,23,22,0,1,2,3,72578f6e3af638c964e72b683f424d39c37d13c80bc7eaa4656dadcb4988d7d0
22,106,0,C7:8D13,27,26,0,4,2,3,8fa3d58c16f926f0e1016cbbff89de847a7d2e6bd0a9a9538649f89dac159439
22,107,0,C7:8D13,52,51,0,10,2,3,ad7b523e790bfdcdb5869b3fd4b00ef515accf05b3f4bd7f47f43b49aa036ad4
22,108,0,C7:8D13,33,32,0,2,2,3,36dd40c60e34cbd50b0bef4ecc451734ac89d12a05fdcad2b7556a87c476fa9b
22,109,0,C7:8D13,41,40,0,2,2,2,c16f5637919bc223898297612c7d31891bcf8cf4c5e106d63314709b2403f39a
22,110,0,C7:8D13,29,28,0,2,2,5,028eae6645802f967879181abbe2369981fbde1a9f28164e4b3ca66560aee19c
22,111,0,C7:8D13,29,28,0,2,2,6,8c0c69aa95d1f0e258c66381ff4e9c5ba13c7c3d59b3d6e8ebcb0ba1f1c5bc61
22,112,0,C7:8D13,34,33,0,2,2,5,86d27df68566c9e2d510970c3aefebbf6d9b8ec0baabe81fdf349c830883951b
22,113,0,C7:8D13,18,17,0,0,2,3,f1dd493e2b82b43ae323676d38183606eb489c7d61cd0cca2fecd077c9d3b5bd
22,114,0,C7:8D13,21,20,0,0,2,3,dbc94181ffc84c555a34d8ae604d0689feead6a5a8bc716747fecc66edea22e5
22,115,0,C7:8D13,25,24,0,2,2,5,99650fc0ddd19979752595ee0bc181bb7936ddda6a889e285e9d6dd9e7ef6f5f
22,116,0,C7:8D13,13,12,0,1,0,5,d42148772c5ae38b4820534b55fcb60f8e2ee283ba4db9aacfef9252909b81f0
22,117,0,C7:8D13,20,19,0,2,0,1,c3990c34e8a80a39ec1499d22267ec6ffe10305779676ee2854a5040cbe451ad
22,118,0,C7:8D13,17,16,0,2,2,3,298e8cb0d6991ea2335cfd17221ea6ed2072716f9e36190a3ea45fdb2aad15b6
22,119,0,C7:8D13,19,18,0,2,2,5,0abb3daf7e6dd341561ab3a90f03d5d9dbfd13f73d86819a80ab66224e648eeb
22,120,0,C7:8D13,14,13,0,1,0,4,e7a08ff7c46f8d6bfaf71cf02684cf26d6432000efd8d984d7df7a1a2e94fbf2
22,121,0,C7:8D13,20,19,0,2,0,1,c3990c34e8a80a39ec1499d22267ec6ffe10305779676ee2854a5040cbe451ad
22,122,0,C7:8D13,10,9,0,3,0,1,0efe6c2db758cfb151ca77956146ee082267071444a3305538230193faabeaf0
22,123,0,C7:8D13,19,18,0,3,1,4,2288a710293da503d55e84e307c158ef0b757293c7e74075b543fdc438727dac
22,124,0,C7:8D13,22,21,0,2,1,4,f27229c5de198fbe9427128c4af488001dfd2c2bc5340588abead62de59d2689
22,125,0,C7:8D13,21,20,0,1,2,6,77add204257ba451494ce6642c2fc42200abb07da76fab8185ce3bc9d13c584c
22,126,0,C7:8D13,33,32,0,3,2,4,f19d73502652451c4e9dea0c5c67db319dbc0da5af6e8101cefd8760f75f47bf
22,127,0,C7:8D13,107,106,4,7,8,12,89074b63924b9b51557b0501e6c7d9598e3518570a78cba5213b441a2fc558a9
22,128,0,C7:8D13,19,18,0,1,2,6,c904710309440c7a1da0062cda459be90d847dca69979d8e71c9b57ded6ab146
23,0,0,C7:9EA4,11,10,0,0,0,3,6114ef5e31a23813e7b570cfdecbfc3cf13635af1f5d4e81c430d5d5c66506bc
23,1,0,C7:9EA4,19,18,0,0,1,2,0088cdc8f4784ade8b7b763c38d93781efbe68c17e0410ee56923234b5baefbe
23,2,0,C7:9EA4,34,33,0,4,1,4,c53c72418a642f6b440a8d236a8a921ece37b8a1b41f6ba9cf50d8e45b80f566
23,3,0,C7:9EA4,24,23,0,5,2,5,21387e9a9c59aea786a97076b33165edab2d4d62201a9419cfc325e36521e5b2
23,4,0,C7:9EA4,31,30,0,6,2,5,519dc9f150c88d3e99b3990ddf0a9d0c4b0781b0083c2a93a24b032c952447d9
23,5,0,C7:9EA4,55,54,0,10,3,8,acc44f4d3bffce7aac09b6105e3444628ea852ee8827a687062ecea129f8c180
23,6,0,C7:9EA4,23,22,0,2,1,4,38ae595f0cdb27c22a2eec7956b5599d4af1c9dce21a0af50f077c9823760027
23,7,0,C7:9EA4,40,39,0,8,2,4,62d38e9e731ffecb0ecbb6f6da5707b40d3ba9d72bb0a351c3abfb7bd6611e7e
23,8,0,C7:9EA4,25,24,0,3,1,6,06e02770ed14660db31a662e1568813a70defabae956e984e9a3091a5cf6b137
23,9,0,C7:9EA4,35,34,0,3,1,8,340097e76bec5b088baf0a744bd15f2ba4cff666ddb8043f7d25f49a3c5ca8ad
23,10,0,C7:9EA4,25,24,0,3,1,6,06e02770ed14660db31a662e1568813a70defabae956e984e9a3091a5cf6b137
23,11,0,C7:9EA4,24,23,0,2,1,4,83cfe19556c8f0999f88f24dcd873f8680b0ca1739d1e84b4c2fc2e7e4ef8c2d
23,12,0,C7:9EA4,25,24,0,3,1,4,bfa5fb60213f014309dec4cc15bd8c06e0cc95d3ea1459f8b0a52a516745e657
23,13,0,C7:9EA4,36,35,0,4,2,5,61af35c5d07f524152cf8c10c888d452188bc6cd530cf736bf96ec338df1f9fb
23,14,0,C7:9EA4,23,22,0,4,2,5,ce6eaa817a64794a6dcb6009481f0290613ffe462c9e6727f6e1e9d639e618ca
23,15,0,C7:9EA4,38,37,0,6,2,7,a2eaa66cc6fcdaee0b2081d8fe3f8993e0a53abb30321c782cbb396b5c1830d4
23,16,0,C7:9EA4,32,31,0,3,2,5,00faa2e68f0313c1f25175e6c90abf0d7c1365e3c30aad69e5f5592747bb5163
23,17,0,C7:9EA4,17,16,0,1,1,4,ed4ba6bcb17226312c7e8ead4fde66d2b21e8ec7b7a9ae30fc92d5346ba3c26d
23,18,0,C7:9EA4,41,40,0,8,2,5,c21b909d57e88289e7b195b93b1cbf8963b9aadf3d8132fe28ef80bc8bff2333
23,19,0,C7:9EA4,35,34,0,3,2,7,36bd06a80999c1fb3648ecdc55e6780e6b60b828cdc85c514821364fc4d968b6
23,20,0,C7:9EA4,30,29,0,1,1,6,f05425b6af10938491f850742143b33bf1a231ae03e3322dec87165c71900809
23,21,0,C7:9EA4,17,16,0,1,1,4,ed4ba6bcb17226312c7e8ead4fde66d2b21e8ec7b7a9ae30fc92d5346ba3c26d
23,22,0,C7:9EA4,41,40,0,8,2,5,c21b909d57e88289e7b195b93b1cbf8963b9aadf3d8132fe28ef80bc8bff2333
23,23,0,C7:9EA4,27,26,0,2,1,6,742d89d22266f8de5539ef042ccc17a20706d2f587044351daebd9b8eb5631ef
23,24,0,C7:9EA4,24,23,0,2,1,6,dc79227d4d2af0deb79694b36533f1b895fcb817d3bdab90bc29e84852d9e133
23,25,0,C7:9EA4,24,23,0,4,1,4,16dd42ac6fad94c042d91add9334fa5dd1581b0ea69c74d42cf899c52c084ee9
23,26,0,C7:9EA4,24,23,0,2,1,4,0b2d82d59e4f3c1d0d422ad377a3ca9331411d749ac3c282d03096615d222a7f
23,27,0,C7:9EA4,26,25,0,3,1,4,f0cb4208bd284fedd026288e31fc83f2c47ebe1605ff03525dac49ce082babbb
23,28,0,C7:9EA4,34,33,0,3,2,5,ce9a185cdbde51602fa8dad83b0860339df2b2cfbbdef8376fa728420299a7b9
23,29,0,C7:9EA4,23,22,1,1,2,8,422f93c1084af8604956ca332f445ab660e5277517f6c85768c9c59b199920c8
23,30,0,C7:9EA4,27,26,1,2,2,7,77a04cbde3549a9358b71e0832c66d32b169d5c203ee985699bf915a16c4fa74
23,31,0,C7:9EA4,28,27,0,2,1,6,b111e7d8eee101c3c0db3d3cff4fbe40f3f98c3e47178561f7ed31af8caec7f6
23,32,0,C7:9EA4,22,21,0,5,2,5,4665c4876dbc30b572178f4082fa5726ff828bd0ec059ae656e4cd5e49320b9f
23,33,0,C7:9EA4,37,36,0,3,2,7,370b12ea7e4b9f15357418d9578fed56e64e01dcb72f5ab9331ec6296c1aba13
23,34,0,C7:9EA4,30,29,0,3,1,4,5b7efd5714ab0f9ece753c35b2dc3b45554914dadac42a7de6f2316bc9a189a7
23,35,0,C7:9EA4,35,34,0,5,2,5,24bf848ae8c0157bb2ab1e5f7c072d4e9509b6317a807fc82a0e2ee54218145e
23,36,0,C7:9EA4,44,43,0,8,2,7,587cd7b6ffc57518b373c35abfb83796ffabc2eb282b9444b02aeb977e88cfd6
23,37,0,C7:9EA4,16,15,0,1,1,4,bd25613a8ff20ae08b5889132a5ec57340a743ff4cfc080abaf3e446473f15f1
23,38,0,C7:9EA4,16,15,0,1,1,4,bd25613a8ff20ae08b5889132a5ec57340a743ff4cfc080abaf3e446473f15f1
23,39,0,C7:9EA4,16,15,0,1,1,4,bd25613a8ff20ae08b5889132a5ec57340a743ff4cfc080abaf3e446473f15f1
23,40,0,C7:9EA4,14,13,0,0,0,3,e8efc5c44372e4561b34abb13b52a1059c34c96532c55aef0293c65cbf03c471
23,41,0,C7:9EA4,27,26,0,4,1,3,f3b78a5f6cea9d71d2d87a3baae36297588f9875bd221efc3586cec4b5aff3ab
23,42,0,C7:9EA4,20,19,0,2,1,4,01d9d333eef1e0d880d52011b5fc013eae40adb686a88166e201253b9f214306
23,43,0,C7:9EA4,38,37,0,5,2,5,67350d66fd7e23ef886eb722c5172ba0d817daa004dbf8e3d9737482605dafe6
23,44,0,C7:9EA4,22,21,0,1,1,4,c455f4bad8f491fa426f10f00609fb7a4d1ba0894043fb4f4e2a2151320e360d
23,45,0,C7:9EA4,23,22,0,5,1,4,fa022522266bd5e4c88273d39b376961c7eef5f5692d097419f7aee95dde040a
23,46,0,C7:9EA4,27,26,0,4,1,5,1861b2378ac3b2152fc55e19edbb378d48bda2f0c93de7c929255bb78283f455
23,47,0,C7:9EA4,18,17,0,1,1,4,e8f6090882c7b3575a76893f2c603f33f976af9ed0bf2fffeeaa2d5187ab2fe5
23,48,0,C7:9EA4,28,27,0,4,1,5,c50f9e37aec504eb1cfe33698c35f079d2ee89a30b406343e806c259f9c8e040
23,49,0,C7:9EA4,15,14,0,3,0,3,169e32e358752388951a6d40821151ed8b1cd27521730facd4676e6652c9be38
23,50,0,C7:9EA4,21,20,0,3,1,4,115c3ab6439d7b532569c347c6ac83498d12e6f721ae14e22fb29f6ca9f2dd5c
23,51,0,C7:9EA4,11,10,0,4,0,1,05e25df3330e87116709912ca5f4152dd00c22a87aac5fbc39b7284ee1d99dd9
23,52,0,C7:9EA4,15,14,0,0,1,6,ac3920dc97841b2931bbbdc4585e8b7aef08842504dd18a90437c67d79928332
23,53,0,C7:9EA4,36,35,1,3,2,5,547d15f25e9cd568b1beb6cdcf7124f6e0a4f2f1df274895c3e6e2bb7c32984d
23,54,0,C7:9EA4,24,23,0,5,1,4,8afbd2b90372544a5a97ffcd98f7cc94e754fb498dc25781e5591198d49d33f4
23,55,0,C7:9EA4,24,23,0,2,1,2,9a48c23bc0bb9a20814c5005144e45711be44bf7816ce9d116629ae57355ba9e
23,56,0,C7:9EA4,23,22,0,4,1,4,2fd2e279f74302437df2d28392d36416bfa8b153de607d5089f387bcbf050f77
23,57,0,C7:9EA4,22,21,0,2,1,4,ba058e088f83bd9a6ef157279c4ec453ede174ad97ce7d2f7b5732181eec6556
23,58,0,C7:9EA4,25,24,0,4,2,5,c230cbf47da52463f2a89b0bb153366180e57410879f613b18bdd8225e06e2f4
23,59,0,C7:9EA4,82,81,1,7,5,12,5cc8ced7ebe3ed24e218d067fa11381bd2b5bfc8dc36def1ab16c4accc57af77
23,60,0,C7:9EA4,22,21,0,3,1,4,76ac2e824df7ee463b4476457a8ed947a82f412305e92bed05536b60d0bc78ef
23,61,0,C7:9EA4,18,17,0,2,1,4,b318d34b503b870df81221b64b9a41a2637fc4d5c3972b4f4af4b29e20587da3
23,62,0,C7:9EA4,40,39,0,4,2,7,2e5fd06ca421b5374a8091b129f2ad72dab9f099e54ede51fb4a572f1ed71592
23,63,0,C7:9EA4,23,22,0,4,1,4,a94458fdbdabdc0b71709eafca783f3b3104d569f3b56240d18cfd33d5681627
23,64,0,C7:9EA4,27,26,0,7,1,4,64c57da294a102fdd75c985ff79862b2fe0b4a4e5f4d3ec98eea60459922b80f
23,65,0,C7:9EA4,12,11,0,0,0,3,aae93d045b508a1f4b96814315efb2339109cc284c78eac14b1015a9da21c88c
23,66,0,C7:9EA4,29,28,0,2,1,4,cbd97ffa1bbd755ff64d903871297a27fee0263e24efefaa11dfd5ce408d4353
23,67,0,C7:9EA4,83,82,0,7,5,10,c12f4e2908f7a28f197da925b9fad4cb1f520dff3cec80ed2047ceafca6ba3a6
23,68,0,C7:9EA4,44,43,0,3,3,7,89cdb03740ac7c07f7f5a0a805a9e4a20dca2e668f76f285ac4103bf26ad2794
23,69,0,C7:9EA4,13,12,0,0,0,1,d05986f30dfed26e9564f4e03ab2526392fa5e611e78ee31308ee5c72307b081
23,70,0,C7:9EA4,13,12,0,0,0,1,0bab69371d03896ac3bfeef2189988141afa847f9fd64d4b5c2109f68ea53430
23,71,0,C7:9EA4,28,27,0,3,1,4,e783cbf697c6043ac5bec4e29f795ac40b7ebf91ce81b25ce7a40fdaa1e8870c
23,72,0,C7:9EA4,15,14,0,2,0,1,22fa21d9e15584c8b7ddcfe6866df88a201b0cbcdca070fb03476e0de2af99e4
23,73,0,C7:9EA4,38,37,0,0,2,5,f1a73d6942274d905e9d82379f5a107a3c804f2092f9f51fbc1059375d8cd34a
23,74,0,C7:9EA4,20,19,1,3,0,1,fbcb8044ea2b01a6417e31c35d80ebaab8d695af5fe0d267661253da29a1aed6
23,75,0,C7:9EA4,16,15,0,3,0,1,7575e9552a04301b4db87aa8456200515573ab932834d4d202379c477cd694ce
23,76,0,C7:9EA4,103,102,3,8,8,11,c449fc52698d91cce5a19fcf9b7c070f37e4484645b2ae135bbd177e199c6187
23,77,0,C7:9EA4,24,23,0,3,0,3,e222e32a92d99156e222c7893ac754b422aa50110e5449c920a86232f6c2abcc
23,78,0,C7:9EA4,14,13,0,5,0,0,1a73032012a2ec1e0eee2bc9c12273216e2824cb3f97d92a8d29c7995d390053
23,79,0,C7:9EA4,16,15,0,2,0,1,5ba16b4291713d5963b7c06d5bc8b74d5876ddcac12023395650af4b5b354960
23,80,0,C7:9EA4,28,27,0,2,2,5,c3e8f50d6dcf2aa86caa4ef2b5e82c466dfd82f974a79e36e61434606571a3c7
23,81,0,C7:9EA4,31,30,0,4,2,3,799d80850dd7951b0630d68664de43041b609aef1f2934a6e6de4172a70cfd33
23,82,0,C7:9EA4,34,33,0,1,2,3,29355a8db65427053d38046f9d81693e68f88a92752199f15f974041dfda9ac0
23,83,0,C7:9EA4,37,36,0,2,2,7,ada4b8c20424d48cb7b35db32652cca20e3c96058985c9f7ac213a2dad5541cb
23,84,0,C7:9EA4,31,30,0,2,1,6,fdf4e9ba83f5369a49bd0d96a78aac0f288963a311b44e6bed63388c761f7761
23,85,0,C7:9EA4,39,38,0,8,2,7,5bf0023b1ddb1827d9a2a37d1df2c2623577979106162375586f1f2dc85975b7
23,86,0,C7:9EA4,61,60,0,6,3,5,84542761a83e36ff1be829d6e62b184de6fb028ee5593132ad4efaa98ef7f02c
23,87,0,C7:9EA4,39,38,0,3,1,3,dd35360306fb2cd3993051b67bcf126747457f7681e4bc2ab53d06b76f2b1ea7
23,88,0,C7:9EA4,43,42,0,4,1,5,6d34eb34e773dbc3b8531d8201710e9887836b2778b975d862832adb5b329451
23,89,0,C7:9EA4,40,39,0,3,1,7,cd91b2d7ed21fca0d276deedb148cebf0ad74e75ebcb56b22e8e6222a55e8414
23,90,0,C7:9EA4,44,43,0,1,1,9,432ac5e434a5eefef64482e6f5bef4b4cf520cb43106e38effa03fe6409b8244
23,91,0,C7:9EA4,61,60,0,6,2,4,aa938c4355c70c2cc15350812261f3d7be5f1744999df9b8184cb51225e35839
23,92,0,C7:9EA4,89,88,0,2,5,8,6d425f9a05f935244c0663499f0ec6451d1eb837d2203c4bb887fe339090d488
23,93,0,C7:9EA4,26,25,0,3,2,3,fd04e14a8b3f5ccd84c7e43e5609d92990a4d74bfed37b23697fb818a2c70ca3
23,94,0,C7:9EA4,49,48,0,0,2,3,5f65793222d09e1b8266ae8e642b7db22e63c54407a8dc8a9bbfe6071131e877
23,95,0,C7:9EA4,16,15,0,0,2,6,6fad7ae6c339eb83786b1c08ae6b88645ac245d1b07cbcbc63f915382cb21046
23,96,0,C7:9EA4,60,59,0,4,2,5,f70798f64be8959ad18392c750e990468630989e2c4c2c5d898591b6f1787e13
23,97,0,C7:9EA4,32,31,0,4,2,3,c992298a4ba4fa264e7dbce85e354e386393992eeb9180652fff5ce334e9b06b
23,98,0,C7:9EA4,85,84,0,7,5,13,a3c0a077cae8220fc113b476a1b708f0e59be12703eed2366c73924a7cad4def
23,99,0,C7:9EA4,62,61,0,1,2,13,53320104fd2d3c27eddb30e8c9db6dee3af8bea379089ec6e041359ecfab6c53
23,100,0,C7:9EA4,42,41,0,4,2,7,60077f869337054ff160e0e960486b85fab47499075304809e668d8280d23612
23,101,0,C7:9EA4,64,63,0,8,5,11,7636717e23fad4bc5c041e144bce69cceba1bb3b4a002ea27a26411dbc375ca6
23,102,0,C7:9EA4,32,31,0,2,1,6,51db096e5a832d38baa741e09d7c831bdd77c2e478396e65d2841b6b3d629917
23,103,0,C7:9EA4,37,36,0,0,2,7,246bc52a256961ef06d32227820aa1fa73fb63e64281e5301044d3839dcc1eeb
23,104,0,C7:9EA4,43,42,0,3,2,6,1015c1274ffbbd842cc801d34b84202c70a2c08b34f86b005533926e076a4297
23,105,0,C7:9EA4,33,32,0,2,2,6,0307809d815f39d43e5ebc2033d258263cecd7a135070cb1addc0a828e04e6b8
23,106,0,C7:9EA4,34,33,1,2,2,3,e6ec066eba0d7435bb5b1b1e8b67b541bef8a275a9ae6d2db491b29428241257
23,107,0,C7:9EA4,37,36,1,5,2,3,464fbc3643971dd70492e520b31c2fa2c33e667b5be29d70b8f2f6d340325421
23,108,0,C7:9EA4,85,84,0,8,5,14,35827beed2689c7137b76951555b9360ca033ac37731c5f9ee48ac9496eb0ab5
23,109,0,C7:9EA4,80,79,3,1,5,13,1409fa974173cce66fc9a6deb9cef37b67b7806591fb8b481047b78ae72fc5b7
23,110,0,C7:9EA4,100,99,3,0,8,13,5435eaa1003a062f7f473fd8a8132b1099614f238d85f927ac5139ce8f7b08df
23,111,0,C7:9EA4,20,19,0,0,2,5,3df72e92f5d5c777da8b95d270562c68b4bb5898dbd0e58f5b377470046e0f01
23,112,0,C7:9EA4,15,14,0,1,0,1,e2d029dd73463eca559fa50053694ccc16e4b059f0ccc3d5b52e8a753e7c9e54
23,113,0,C7:9EA4,25,24,0,3,2,3,478465ff80d3ccc8fd1d89b0cc99448fb1597c73ad1f16a98e636c15b6ab6b92
23,114,0,C7:9EA4,20,19,0,0,2,7,75491c10cef5f9a79d1aea415c81574d408b7f031bf8f1c5d64d61511fb1b508
23,115,0,C7:9EA4,20,19,0,3,1,4,18d446612468cb294db07cc8005007d8bbdfdba792f4d3e3472e78467758dc24
23,116,0,C7:9EA4,19,18,0,0,2,9,1998c3e81363e1783bebdc0e31c0a93aa6b8512291486525f21430229bdb8470
23,117,0,C7:9EA4,38,37,0,6,2,5,062a501a134637256987df2d94ebc23e1824fc1496db7141c82a9653ef8bbee1
23,118,0,C7:9EA4,36,35,0,5,1,4,a0d9671603d6d9279a45a85e453d1fedbea07df0599f0b1f6f055ff0d24a6cab
23,119,0,C7:9EA4,23,22,0,5,1,4,fa022522266bd5e4c88273d39b376961c7eef5f5692d097419f7aee95dde040a
23,120,0,C7:9EA4,29,28,0,5,1,5,9b5aa2d0114641e79654f5eb117a08d0f934898772d3b9ed2c8015cb2bebae3d
23,121,0,C7:9EA4,21,20,0,4,1,5,006156404aa59ed305f92b29af637da4b7b1ad279e9a32bd957db65698e9c78b
23,122,0,C7:9EA4,84,83,0,15,5,7,f5949e4a88de88e6bec1ee6aefb725c755175444422ac0e468ec2c39526c944d
23,123,0,C7:9EA4,54,53,0,4,5,11,75775f87c1c416b6cb85607ff52a1fecee92ea32bba8a7befd661525eb58fdeb
23,124,0,C7:9EA4,38,37,0,6,2,5,062a501a134637256987df2d94ebc23e1824fc1496db7141c82a9653ef8bbee1
23,125,0,C7:9EA4,25,24,0,1,2,5,9c141853c66b5ceed5f2cf28184b88334fb63ddbcb32d588453e93a7fadadd0a
23,126,0,C7:9EA4,28,27,0,1,2,5,1732b98b28490a14aec72f2b88b439573ee91dfdbc44fa17d82baab34fac6946
23,127,0,C7:9EA4,31,30,0,1,2,5,b3c9bce013042921787f10252a02c17e268b36e5c93750aa853a1eb4f1f96ff8
23,128,0,C7:9EA4,11,10,0,4,0,1,05e25df3330e87116709912ca5f4152dd00c22a87aac5fbc39b7284ee1d99dd9
23,129,0,C7:9EA4,17,16,0,5,2,3,a52265d79a8596ca64462c5c6353504499e6992b31fe2ce9911857ea0e037332
23,130,0,C7:9EA4,17,16,0,5,2,3,1d77b6695870795c75e7fec5b796cbd27d58b8d147e9eeda2076ce2c9fe597a4
23,131,0,C7:9EA4,17,16,0,5,2,3,ea4f2b5e60ebac4688e8e525b292fc4f1aa76e3e1851fbe63a2d49bac998f787
23,132,0,C7:9EA4,17,16,0,5,2,3,f1c6e979d0ca19bdb8ba088df8661cc1eeea714031ce7b91ff00fa842b2b029f
23,133,0,C7:9EA4,43,42,0,6,2,3,9da135af2c01f5b372d97db214a04d3a2311ad9e4973d322d933265135f716d1
23,134,0,C7:9EA4,45,44,0,8,2,3,7f2a6339429faa0f4d7281f3a99e1c853e97649619b2e3397653f9f7c48c400b
23,135,0,C7:9EA4,47,46,0,6,2,5,324fa8623f8c5d2df43719eddad0e59a9351ba3384a66c7c1f144a8f223d3897
23,136,0,C7:9EA4,51,50,0,12,2,3,de159df70c6d6a0da9f8f6430eb3fc68466568d171d8d7be518b669d6ad7f911
23,137,0,C7:9EA4,30,29,0,3,2,7,046b524135fb303cf6493fd4fc24b9271b0e25c1a5933513fc6275efc8949215
23,138,0,C7:9EA4,38,37,0,7,2,6,f805b8e864cb944ed15970529644ec2cb9efd5e912d8b766bb26533ab9620a14
23,139,0,C7:9EA4,19,18,0,2,1,4,873cb7d0e8004109351dffb3b1a9a4729f329415c24fdaf577e5c8adfc0d22d2
23,140,0,C7:9EA4,20,19,0,3,1,4,85043e0825f4f6d09ae1773b954a72f17e50fcdf963cf9dfc136ae7a67ee3543
23,141,0,C7:9EA4,44,43,1,0,2,6,b336aca4df8aa774f54fc01613b1fdf16556ce07d6955ecd17acc1ae24275c5b
23,142,0,C7:9EA4,44,43,0,6,2,3,ea543e0b4b3edb1b858cc621119c37932deef2d712a04698a4349849936a3827
23,143,0,C7:9EA4,55,54,0,4,2,5,bc3b0c99ce6232e1a70254fe44c831fa34cf731ee829304c907d5996f7e13576
23,144,0,C7:9EA4,31,30,0,4,2,5,ca5ad3de2e25a122318fc054be7d0144cda2f67c4bb493db91334e9296dbbe90
23,145,0,C7:9EA4,35,34,0,5,2,9,8a32b167533030b8ab5bdb23d32593efe7dbfc22682c1505759b47d3a55fc5b5
23,146,0,C7:9EA4,69,68,0,3,4,11,d26fbf7b5e529ede447b75d300f06822434c1f12c7bdf1409e863e68509c56d2
23,147,0,C7:9EA4,20,19,1,4,1,2,a8e878f87177a22f63ae87be26b7ec4945e5bc6f3166a1231db9baa9ef8bda1e
23,148,0,C7:9EA4,17,16,0,4,0,2,4563b37b59b910694c78a64a0a9d8b79670ed27447cd31e10da59bbfdf202517
23,149,0,C7:9EA4,15,14,0,1,0,2,0732bd275989a697cd44c5698b6c75303a547ab9cc2b4e75ea674e30112f6aeb
23,150,0,C7:9EA4,24,23,0,5,2,5,21387e9a9c59aea786a97076b33165edab2d4d62201a9419cfc325e36521e5b2
23,151,0,C7:9EA4,32,31,0,6,2,5,c13b60c5b9a9beab49fc3d1684a47697f79ecf96421db9f6263e1e1af11758d3
23,152,0,C7:9EA4,44,43,0,4,2,9,16534db9ea0fe8ec3292c7c87ee4bd2a07382028dd0261b510f42e605040d70b
23,153,0,C7:9EA4,38,37,0,2,2,4,7194a143c5d4e7b308a6281900222e628fcc243ff2c5fc0b5530b58c56ea23f7
23,154,0,C7:9EA4,89,88,0,3,5,8,9bda6909e2e33490ffa3a37561eea103a8365f4952aa142e0cc3c7d2b9d40194
23,155,0,C7:9EA4,16,15,0,1,0,1,eb68cea4e3a0f9c9f22ab5e4670c9f7a2748af485a2da21a6109123857074a00
23,156,0,C7:9EA4,76,75,1,0,5,9,5562c062c1c24c46b77f7efd6fe030dcda378d6a1c1fca4457ff069fa20d843a
23,157,0,C7:9EA4,53,52,0,7,2,7,caa99ab761576722fef83e805e6c8381f1d2223775c0c60cec59effbce9a5523
23,158,0,C7:9EA4,47,46,0,3,2,7,7f880d7a7059e6d2f08e5a84b9a90b45e73f74293bf2d7262c2f36e4d1179eb2
23,159,0,C7:9EA4,55,54,0,5,2,3,1163b9953043448b504a7633ab0cb564f7fff191778e000fecbab0fe38ba0a5b
23,160,0,C7:9EA4,46,45,0,5,2,3,08216e092005edcb40f9a0893451a152d4178b84ed1440a226a0b732afd2a678
23,161,0,C7:9EA4,65,64,1,5,5,13,85c9e1204564aa6c3c7364333c817249c4ac3e07f6b88ecc32b8ee87a4f6ccf3
23,162,0,C7:9EA4,34,33,0,1,2,7,34030b38d222a85cc76115c0b926e7d8870c9593e2b9e4c102de4d1182f7578c
23,163,0,C7:9EA4,30,29,0,0,2,7,ad75c215006c47285be3289e4a00047910b45b7993816dd94c9a635803b59f0b
23,164,0,C7:9EA4,25,24,0,2,1,4,121612011fcc8ee0b5bf1f4f9999d905bfc05657b3191b46792f9ce8b011e0ca
23,165,0,C7:9EA4,29,28,0,3,1,4,0757f906515a8268da974c633e67c169c399364e7d5140c45e3cde31a12fc982
23,166,0,C7:9EA4,16,15,0,0,1,4,c1b0ee5021e58cd6f15c17c450b88798ef3d1ba05ba30eef6c31589f819fec7a
23,167,0,C7:9EA4,113,112,0,7,11,19,d6bc2c191f2c3a7c9a491efd2f8e95657b6171067873324d201fba57cc3511c2
23,168,0,C7:9EA4,50,49,0,3,2,6,e1e55f1e2d1200e3fa837609632fa154aff902d79fde32fd2a48ead772fe135d
23,169,0,C7:9EA4,61,60,0,6,3,5,3fc4e5667f320ad769193bf7e6fe352450a8b24fc12feab64d6dbd2a2c2f2e9c
23,170,0,C7:9EA4,43,42,0,3,2,7,ee6ce56064d6f3c30bbe8d8ec9923446ed4317889b424bf44afeb15e6b5a8722
23,171,0,C7:9EA4,26,25,0,4,1,4,09e1e41318f91f98be69b69d74bcb2bb8d53b6e3bfd719e1972b7b4f108092da
23,172,0,C7:9EA4,43,42,0,3,2,7,ee6ce56064d6f3c30bbe8d8ec9923446ed4317889b424bf44afeb15e6b5a8722
23,173,0,C7:9EA4,35,34,1,5,2,7,b61a468ebd16e643982b23a034676f5e1caa086e659845669fdc311715015e9e
23,174,0,C7:9EA4,24,23,1,1,1,6,0b1dd510ca1ec94843441fde4023db34fb229da50a7bd501983f80057f3d0dcf
23,175,0,C7:9EA4,22,21,0,3,1,4,3d6d1460d6ff9fe501a1d03a23f546769a1409c9dfd7758d3546417be73f3cb1
23,176,0,C7:9EA4,37,36,0,4,1,4,616209fbfedda5aa6ed822a8ab3dc9f60e4c11b5b866e874ea94d5f97f2cc34c
23,177,0,C7:9EA4,29,28,0,3,2,5,f75fdfa30a69f1f62488fc0038c8630266430f02cbe32c080f5299d7d042f59d
23,178,0,C7:9EA4,24,23,0,1,1,4,3a252c61b1bbd3f4913ab6072bce694754ca00fa340338b59bbc82d5efd8295b
23,179,0,C7:9EA4,15,14,0,0,2,5,e01b1ea18b47eec8c9a036e7ae6d8618526e25b9f36b1ae9d4e6e1a148f44106
23,180,0,C7:9EA4,17,16,0,2,1,4,026f66eb49edba0dcb0373c93c83612d85344d6e6e77ee9fe2692220a6cf44f9
23,181,0,C7:9EA4,16,15,0,1,1,4,b4f223a953468d00afe1c7eb04642c0ad1656eeb219c1a56222645a82201316d
23,182,0,C7:9EA4,26,25,0,2,2,5,72d48972ef50e15a2a3841bcec72ab9471369fb4d85e913bbd56ff0c9f1742c0
23,183,0,C7:9EA4,20,19,0,1,2,5,cdcf16f6102cd4e61dec3b048192ae7f2d6830036e24bf9a8eb9b04ed556bef2
23,184,0,C7:9EA4,16,15,0,1,0,3,e8acbc4c603ef2b00e906395fdd00d937454cb04dc5d80b92383f17781d0e97d
23,185,0,C7:9EA4,22,21,0,4,0,3,a225f5575ab440d92c2c58b74fde75be578815ee4c55cda7d28863e0751c25dd
23,186,0,C7:9EA4,18,17,0,3,1,4,7c9e40baad00f610365cd9c804d34e9b320f73b96e47c5a04f82d90cc46c85ac
23,187,0,C7:9EA4,71,70,1,6,4,11,68e18cb38f372797c15765c3826c9a820852217c3125da8e7c97371340d09549
23,188,0,C7:9EA4,23,22,0,4,1,4,3c770b61da6665588914b4a42eb8bfe65ab05a7f92144bac64787ed76030247f
23,189,0,C7:9EA4,31,30,0,4,2,5,ca5ad3de2e25a122318fc054be7d0144cda2f67c4bb493db91334e9296dbbe90
23,190,0,C7:9EA4,35,34,0,5,2,9,40fc3ac529e90eb12fc3ce9de2826783f35b132ea06d71b6468889fb54dbcaae
23,191,0,C7:9EA4,26,25,0,3,2,5,674865e435238005f66ccf895676da149262670c624beec15b7d5b550dce970f
23,192,0,C7:9EA4,32,31,0,2,2,5,7933af1086e257b2821ba0ccce78bc5f9d3bce100babcd1e4db74271c547c9b5
23,193,0,C7:9EA4,36,35,0,7,2,3,06eb0ed8b9f8b5b5c384cb6b4c8040a928165759404b2c49b194d6b89a91b1af
23,194,0,C7:9EA4,33,32,0,2,1,4,835fd25c0edcd01ffa20962d7303f65c03813d96dce13c863e53977c33268d10
23,195,0,C7:9EA4,59,58,0,1,2,13,a3dd6a047ff0833013fcb2a69022a21f83e2461e3aca15d56e175133e97365c6
23,196,0,C7:9EA4,18,17,0,2,0,1,e269c21f54458fe45e4498ead803ed4f97edbfe7ab969ebabf73d3329d6509e8
23,197,0,C7:9EA4,61,60,0,1,2,19,47ed7ac30a2a08324d299e0cc6fccf980db9744a9cabdff1860875d354aeafbe
23,198,0,C7:9EA4,58,57,0,8,2,11,cc27bbe0a768318f4eb86c9992a3199a2fa33c44ba8ab85b500ff1545d3a57fe
23,199,0,C7:9EA4,49,48,0,0,2,11,e93fde352da401c2f4aa78a81c8dd3fbf546651e80f5da99cb4b6dab585f22ae
23,200,0,C7:9EA4,59,58,0,0,2,17,049e9d6daf46030afc17ea66a3109671cba25377b950d3d4c75431972ce4c3b3
23,201,0,C7:9EA4,83,82,0,2,3,22,5c64a7fc9697aa8a6ec9db18b0d1e16bfc650bd9a90f7bb9541acffa0c9f8b2f
23,202,0,C7:9EA4,39,38,1,0,2,4,a67add47fd598eb776f37b6a08ba2cc43dc4845b7a07f0c206073453f910c638
23,203,0,C7:9EA4,45,44,0,7,2,9,c1f76973b3059b9d990aa6576f65755c112c413741b0d72fbaaaa8a339f9fc5e
23,204,0,C7:9EA4,55,54,1,5,2,5,e71212cc124114bef85ae028ae00396818288430847d1cb08cf7e6aa03d8b6e0
23,205,0,C7:9EA4,54,53,2,4,2,3,83a54d3726279a4ec52cdc6c8c7cdbc039372e78303ec5fa18e7a13b4e77263b
23,206,0,C7:9EA4,45,44,1,1,2,3,a53762ea68962e63402b8cd383c46cfec0bed81d7d1661a9161087afa554f99a
23,207,0,C7:9EA4,48,47,1,2,2,4,5004a467e8d5d03ff5d8fda6dd203d50aa3e924cf289a5dde9c30992ed1197d0
23,208,0,C7:9EA4,46,45,1,1,2,3,eeecc248b0be886c07c5c8fda979976986b73ed17953664db1da5f843f310152
23,209,0,C7:9EA4,59,58,1,7,2,3,cce05996905e4133b5d533e02027d10fa94e65d2ff88753ddfe816946baafb00
23,210,0,C7:9EA4,54,53,1,4,2,3,88d3c83d6e25f7b541cba0bda12a924ec6c9972935f3dfe1c4b60d5044a94291
23,211,0,C7:9EA4,19,18,0,1,1,4,cd2b7d4d6709e101d8b4906d76bc80cfa4bc77d534055135cde21dcbd0198b4c
23,212,0,C7:9EA4,22,21,0,3,1,4,01c79a3a7f8bbc20ebb856ece8d938498921f6ae25e97e34427a8b8663e0adc4
23,213,0,C7:9EA4,28,27,0,2,2,5,14145e75a78eecc5e2acace6bbccf15867ccf1b0fbe8a8e4f374fa7a9979b2e4
23,214,0,C7:9EA4,85,84,3,4,5,11,d61c84215f2057e9be66f3fecbe006c8f9430c269a35cfe9b94f9bc605b983f9
23,215,0,C7:9EA4,25,24,1,1,1,3,4300d23f9fbf1faa0f5399a1c135edc7616223618b6a0f1b541f3bb7bef358e3
23,216,0,C7:9EA4,41,40,0,5,1,7,005436c27e8865182028fece3d8bcf2e4492bd16b2f881ed3cc0e79c00814822
23,217,0,C7:9EA4,33,32,0,4,1,7,c735afdb454344fc7ffbfc0d450150a6b77d0c062e5314003febcc8c79b0428f
23,218,0,C7:9EA4,443,442,4,44,41,62,283ccc1a368f4c6b596e8308375e2535eb2bd4ce3d28c7c01d93aa95c51345d2
23,219,0,C7:9EA4,20,19,1,4,2,5,cf6166e64aade1872f7f367a276e3ffd13226f7923391b48c8f1fa69a013177c
23,220,0,C7:9EA4,50,49,0,6,5,10,9c65d7e594888afbea03a04791a0d106a49110efee3d07c878f02ee2611ef9ae
23,221,0,C7:9EA4,39,38,0,7,1,7,2441a56472f35895479d5005b4ad6dad5d219d376488de5669d0dcbe11a30fdb
23,222,0,C7:9EA4,25,24,0,2,2,7,92206b6805fbe8099a987df2a01f26d2398372dc6bba88a94e12c043290b4c5f
23,223,0,C7:9EA4,166,165,2,18,14,15,02d1ad92fec1f0b0c00d46c054fd2ae352b232e7ed1a7b99c675955e9c0d1f5e
23,224,0,C7:9EA4,111,110,1,14,11,12,9caba58b8b9de0f2ecbad1f33be473bb888c61fa5b2e5d37bac6957e378c0c73
23,225,0,C7:9EA4,84,83,1,7,8,8,f3ce124fe5522e02d8626fbe54518d33188d02b480bc6b2b94cf1615c0fcc93b
23,226,0,C7:9EA4,24,23,0,4,2,3,517c0e7317823d3b2d8280c006e1e4c4737b0174afea4d0e50f6d2801f459d88
23,227,0,C7:9EA4,24,23,0,3,2,8,1b8b81dc6cd54314a349f0c78c805b362b92cdad6f0866f70a73b52b887e031e
23,228,0,C7:9EA4,67,66,0,12,5,9,4e89a7b6b8b160c06a197d932519ac22bdea62dc51444519fccf486cab73674d
23,229,0,C7:9EA4,22,21,0,0,2,8,2e061807fb5aa2c42534c41d83307c231e3b9fee8cfce91616e1b3d22607f099
23,230,0,C7:9EA4,146,145,0,7,11,21,b8cc5e70b89be0cd5ae9403475f207d6b0de4425fc80f6929b6bcb3a7081c57a
23,231,0,C7:9EA4,94,93,0,7,11,17,b926a2c903f33a49e89c5c4b2d715c59c1510bd526e83d8c2c9e7565a476c4f6
23,232,0,C7:9EA4,20,19,0,4,1,4,a15ccb3456071b82e756b4d66fe6a046d833162e8f99c83dfd61947ac6c9ab4e
23,233,0,C7:9EA4,108,107,2,10,8,15,1b2219410cff6e71d83d8ae1fca2e52a5127c8d1d0aef1b3227ae901956e4ca0
23,234,0,C7:9EA4,70,69,1,7,5,8,88bae7d52f5d30cb98ba50826868c5e4c3c9dae14775a9fc64d75b9cee3a0686
23,235,0,C7:9EA4,121,120,0,24,8,12,5e8f82fbcd23c5cb5d4dd20d42839eea9e23ea3510ddbbcfb1458651673b015f
23,236,0,C7:9EA4,269,268,4,22,20,32,82e84ab89655a470cb8634d31fb100e3398156d013aa0469651f4df614a1f452
23,237,0,C7:9EA4,255,254,0,27,20,40,32a5f818c9b03b7cc22f095cc43c9a3fc93b1ef27381e234370fa83b4b763331
23,238,0,C7:9EA4,75,74,0,9,5,6,37267a50fe7bf2fb370790cd26975f0a7845d04546466c1b31eb7eb66630d6dd
23,239,0,C7:9EA4,18,17,0,2,2,5,9ee46ca4f25116bd3d18f8bfeebeb2f86b6044365cb5510abeb44a712f8333e1
23,240,0,C7:9EA4,33,32,0,3,2,3,edd6b1be2e5e3ef11fb657070e832b37ea7645586bc4310ccfae45debce0422c
23,241,0,C7:9EA4,18,17,0,2,2,3,160e6451add96c99b299d9483412a422a62d97e9bc4d141da2973ec97da62c74
23,242,0,C7:9EA4,37,36,0,7,2,3,4fa0932537fc7b82efd9b373979449b3406853e825b40710f01056d65850da1c
23,243,0,C7:9EA4,34,33,0,2,1,4,11b58c562d9256bf0b5aa4c5d8ca3f9ef641b86f76666ee88f0fddce433a48d9
23,244,0,C7:9EA4,36,35,0,2,2,5,229aa4fbab9ee925a6d14ea95d8764ab66480e344351f5dc8d6fd1a230f31f48
23,245,0,C7:9EA4,33,32,0,3,1,4,8b487dfcfa506e7a9710d516f81357b009525bdd6efcc8c7e1f4ace8fc016a5f
23,246,0,C7:9EA4,36,35,0,2,1,4,f115619f57489a031b626a6e6a511e5cb874e18a506d233c5907369e6284d411
23,247,0,C7:9EA4,24,23,0,0,2,7,1b46d3eff04e1e61997f132ecfec337c9d2c6f1f41ead2cd1629e63d9363a1d1
23,248,0,C7:9EA4,60,59,2,4,3,5,fb207d2c8ef9a82749f4e6ca825c170beb4e7e77602151f32b39e138cc854be0
23,249,0,C7:9EA4,24,23,0,0,2,7,1b46d3eff04e1e61997f132ecfec337c9d2c6f1f41ead2cd1629e63d9363a1d1
23,250,0,C7:9EA4,141,140,4,18,11,13,0d1d86009062341999fa65456511dbbba5d15391b3ffe4df32d265e50c07f0ab
23,251,0,C7:9EA4,49,48,1,2,2,3,a86a49166bb73a7e9eb8e01dec36825790a5d166933af7e2f139cc203ec82fdb
23,252,0,C7:9EA4,42,41,0,5,2,3,1ada3abbcf3b235535009e4462020d2717f185977a5780dc65a627072a2d41a2
23,253,0,C7:9EA4,43,42,0,3,2,4,3e0fbfc0f9eccc38b49175e3869de7be399d6dca05e6a2a593117acb7549cb52
24,0,0,C7:C7F7,18,17,0,2,2,5,7e458fc4978c25c096a358645aa5ecda8405842b6c83a5e0fcc7aff74becc2bf
24,1,0,C7:C7F7,18,17,0,0,2,7,b5d27f29f9b6ab6b45fe33b17b97229f433fa6c6b58defe72893a8485cf3f1b7
24,2,0,C7:C7F7,19,18,1,2,2,6,30dcd1658045f50248229632ed9f73d9017998ab94c0b53ec7c893c96d0a7d8a
24,3,0,C7:C7F7,20,19,0,2,2,6,2ea9cad660506eb4276be2aec5cc6ebef89538dae7ee43b6aef4aa64591b1f47
24,4,0,C7:C7F7,18,17,0,2,2,6,9e1f4b0f893f47af9c314e86267485d77216ace3f96d549e1840e7bd023d6d26
24,5,0,C7:C7F7,25,24,0,2,2,7,0f4d371e5175b8867785a11816d023323fd6cceaaf8f908654be362f42fa1f31
24,6,0,C7:C7F7,12,11,0,0,0,3,69209681dd38a0555a717fc30a002ce6948d2ed823ca3359487c679c277624bb
24,7,0,C7:C7F7,16,15,0,1,0,3,12b04cfa3dd54b45594721034c5e12647e0dd309c7827e635b74c1f8afefdeef
24,8,0,C7:C7F7,16,15,1,0,1,1,389e73dd970fb319a6a21281755afefbbd7c34a12f85f2064f86bea980c154ba
24,9,0,C7:C7F7,11,10,0,2,0,3,7f86826b5f3c235761b80e8a014c007bc5db136b2b220863220ea548ca579595
24,10,0,C7:C7F7,16,15,0,0,2,7,7f641c2155217633ea637d79c3a27db4e2844e13251fc3c43b6813095e15a112
24,11,0,C7:C7F7,18,17,0,0,0,6,658d5e0766fd748f8f23ee5f831937999fcddc7d600564d8e9526a1e7d526b0e
24,12,0,C7:C7F7,14,13,0,0,0,2,8a442c88cda3fc1afb932602626051f57d7ecf1a976877585197b169f853d030
24,13,0,C7:C7F7,16,15,0,0,0,4,dfadca26a9d5494f1c70443a746a0412e93a5533c92814b81a1ad0422100d952
24,14,0,C7:C7F7,16,15,0,1,2,7,43ee09767087b889b0ed4e17c59dfd4d191f12e03beeaf3397ebb9f1088d0d4a
24,15,0,C7:C7F7,22,21,0,0,2,6,e3033ba748ad40d4bf1ec37c13336b5005f9325d7158df6409988ca8887be6fb
24,16,0,C7:C7F7,25,24,0,0,1,5,8fd277f3b8247595904c7de6544462f5ba7722bcb5f0496bdbf74a49150af962
24,17,0,C7:C7F7,17,16,0,1,2,7,ef4f62fe0abc227cd791d3635f8c4a0cb348a6ab610b20dc2bfa62a285afbf1a
24,18,0,C7:C7F7,24,23,0,3,2,6,b1b2e5201b4413853dd058978af9995deaf2818ea9deb9ea25383b63e5e80ec2
24,19,0,C7:C7F7,27,26,0,0,1,5,1977f3a4facfaedc4e6f5ef333de6a29ba621cd5f894eb15eab7615d3c84b774
24,20,0,C7:C7F7,22,21,0,4,2,5,5977145e7cb0f44ec24204044f6978477a76c85f275e5aff670156d14148da98
24,21,0,C7:C7F7,16,15,0,0,2,5,5fc0aebe22eb7a73fa4080f5412351278eebae7ed056fe9fc3ee8861422ae635
24,22,0,C7:C7F7,15,14,0,0,1,4,11241bca505570f29838eaf523448b0b4ac1dad76b708c679a5ab30e797121a4
24,23,0,C7:C7F7,15,14,0,0,1,4,743e5e18c4c2167f65769ef8f62a6e5ec83242504651b976d7d53addf6229a9d
24,24,0,C7:C7F7,11,10,0,0,0,1,b4e85561f666aacee457273d1d435460df0d66452ec5c0318f0259401c67822b
24,25,0,C7:C7F7,14,13,0,0,1,4,a490852aca630d191b340f5aa30cf8792245b6da3156a4d78aaccc71bf79e6db
24,26,0,C7:C7F7,11,10,0,0,0,2,a640b1c6ede54e202aac17100549f77b1a88faa4dd52a4497cc4dc1b4210b003
24,27,0,C7:C7F7,10,9,0,0,0,2,06f2f4794048dc1a3172d169b8d4f7a572b9234da0ca450a9606e2856a4b61df
24,28,0,C7:C7F7,13,12,0,1,0,0,0f9b98c96a4e4b148a12ba0ca913299dfeb576863d9240463d88bc08e99500f3
24,29,0,C7:C7F7,24,23,0,2,1,4,4643c8553f545e443094d1cb317ef193bc89cdfc67e5ff90dc38e8f99f566cb5
24,30,0,C7:C7F7,16,15,0,1,0,0,f25455cc967d932f278f181ddd7757ce6a719490eefcabc969afd4a67cf741ce
24,31,0,C7:C7F7,16,15,0,1,0,3,c45a23e44953324e4e3407203a8f519619cd3a9a8fbdc136b174e36d1c534a9a
24,32,0,C7:C7F7,18,17,0,1,2,3,4e02c89756933759313af12ee405003b65abd9d1b3ea124c7d574b3f3ff199ea
24,33,0,C7:C7F7,24,23,0,1,2,5,d5d048d4e0e918673c08cb42191a5f7a50176083fb1c4f9e3562a9762023a4e0
24,34,0,C7:C7F7,22,21,0,1,2,4,80e5bd6633d9845c688fd349e473d47870daccd8b48d31d2882fe5d993efa41f
24,35,0,C7:C7F7,24,23,0,2,2,6,dc5359de3d4b106fb771a25c926e977c068ba70af6927662a02d39eda86715ae
24,36,0,C7:C7F7,19,18,0,1,2,5,13709f395bca571c88ae5ce61aa714ace2ffd5201d91553c287f2bcb00a7057b
24,37,0,C7:C7F7,21,20,0,1,2,5,48e17295e95467b84497288b9207c2ee6a9030b87668b9089e8282eba0a5ee76
24,38,0,C7:C7F7,23,22,0,1,2,5,3fc607015f02ce6c745308a75f39b3243ddea04e75820e9a0d77e226121e16b1
24,39,0,C7:C7F7,20,19,0,2,2,5,f78f2f640b70f300a9a37357eea9551fe9e3b59c03ce44499d1cdb5db2c9b484
24,40,0,C7:C7F7,26,25,0,2,2,5,a4deebbea35f8afa991b571eca6c25ab217717082942c52f8e441a5d64a08509
24,41,0,C7:C7F7,25,24,0,2,2,5,f960e9b1db41edd6e2ffb9993c3b07cbb89d8ebf2fd5315243be7984fa74ec96
24,42,0,C7:C7F7,16,15,0,1,2,5,348118c235eb1355b64f1e614b639bd205bdf0a83d2bb08309a9f476b848b64b
24,43,0,C7:C7F7,27,26,0,4,1,5,2e7efa207548b712aeaef740f835772ad12c2296be9dae9a821fb50e39326c65
24,44,0,C7:C7F7,28,27,0,1,2,5,66c85cc527b8768061de3e201c5d22745294dbbd2ebe4f0514c16e970f9efd31
24,45,0,C7:C7F7,17,16,0,0,1,4,50dff34534c76fd77008d0404d7e56b32c5b360bca5bad9aad3866bb056693a5
24,46,0,C7:C7F7,23,22,0,2,2,5,739eddeac54649422a7971eb06aa83a30c02a1149ef2d92c73f6341f1f3e8e1a
24,47,0,C7:C7F7,20,19,0,0,1,5,bb5ee793eeda6e71d55e09696e83d6547084948cc233cd0f8117c9a4a9d55179
24,48,0,C7:C7F7,36,35,0,5,1,4,dd59b55c0db6c92a3b4be703ebf4b01dd362da38c89b2c7979797e948f1e1f3e
24,49,0,C7:C7F7,18,17,0,0,0,4,fe9860eda9ef4eea1dcbbceb813930e9e650fb0e2c4762c498c4493da5e69834
24,50,0,C7:C7F7,32,31,0,4,1,4,b66306250643a199525beebfeb5107153aaa8a93efb7d4e59192b305cd384550
24,51,0,C7:C7F7,42,41,0,4,2,5,66f2981d5db487d7a1c96c567810483561c6bfeb4a1d27aafed352892045f222
24,52,0,C7:C7F7,24,23,0,1,1,7,20b0ebbbbe30883caf8f17fff00ab214ab470196fc0bab1383ee34c5934e2bfb
24,53,0,C7:C7F7,16,15,0,0,2,5,3ea8c693df33d1cccfffbb437569754223cb2dbdcb139b2c249f4ff593094f7b
24,54,0,C7:C7F7,15,14,0,0,2,5,3f2539fdfc70184249c06e8ef4f443950b9bc2d0d6aa15f06ede9b4fcd01d0cb
24,55,0,C7:C7F7,13,12,0,0,1,4,299e3ca4841eae300e83176b92707ebefe88aca647aaf2f43b69d1ba9baa79db
24,56,0,C7:C7F7,17,16,0,0,2,5,fdb550804ea948d9d60291367856706780c634600abaa7e9e753fb9648c79e10
24,57,0,C7:C7F7,33,32,0,2,1,8,0ed2585c1e1e285ce7b48c65969e9e352c47e4ee3e45fbe4d65fd2c36576f775
24,58,0,C7:C7F7,26,25,0,1,1,6,62527a3aca0c3e1fc87d7cfec68a5f79259e61a818333ce445b92201bb49c8d9
24,59,0,C7:C7F7,37,36,0,1,2,7,c05c0eb8a4ba30f466ecf0bc509dd0e8365505e779ce65f8f3a719d9db000605
24,60,0,C7:C7F7,30,29,0,2,2,7,d81395097cddc527f663d6e1a7ab565b6b1fd036ba3a8d30ab9a0770bac7d37b
24,61,0,C7:C7F7,25,24,0,1,2,7,2b424f03f29e786893841c4b680686b298001ef5ddce2263bbe721f015e1e13d
24,62,0,C7:C7F7,29,28,0,2,2,7,e3997d01ff324f5da1136853a367aee3231df2f0755758cf05b365c9c855fa6e
24,63,0,C7:C7F7,37,36,0,4,2,7,09424f9bdcb9592cd8caedfae041124eddece9b726bc9795f4340d5fd9a29ec6
24,64,0,C7:C7F7,29,28,0,1,1,6,3902acbeff9e03eb9f40e205f6c1c6b70d264d8b7338ad121643a1c6a31bb525
24,65,0,C7:C7F7,29,28,0,0,1,6,6e362c20e1b076a3eda96d5c45b6b2ba4bb5ad2b6d0b18ce400128595938877f
24,66,0,C7:C7F7,29,28,0,2,1,5,7f5ab58a3197b270a1d4bd251eaab7994c368053ab1cf5ae1a0654a5fc0f6c28
24,67,0,C7:C7F7,33,32,0,1,2,7,5cc869f44ac04e36775041144cba1e45a17ba9f713508fe1eb245489c8d6f3c3
24,68,0,C7:C7F7,33,32,0,0,2,9,5ca3e46d36deb57fa5a668b6eadceb871dd1ae9891cfe8345152367b7fd916ae
24,69,0,C7:C7F7,27,26,0,1,2,7,453b5836d7d0635ae49785a13f86c557ab957946c6ac50786411da21b61e6bea
24,70,0,C7:C7F7,56,55,0,5,5,13,bfe97fe52760506eab5f75268f6a37ba820a493e04f15c301ee6c52e0d1fc8ac
24,71,0,C7:C7F7,12,11,0,0,0,3,6a492ba0fbe8a3d9a5b8f3ab19bfd83bf15c540802c55f3902d8d6e2e32dcab9
24,72,0,C7:C7F7,21,20,0,0,1,4,c526a3bc8f7ee4614e0d1e97d421709f9a68715f3a5f9817188e0bcd1faaf070
24,73,0,C7:C7F7,28,27,0,5,1,5,656399182df0f712db1b4bc94d1c0143147e40ad0d0d9e7e2019659f4a0d5d5b
24,74,0,C7:C7F7,57,56,0,5,5,11,4ccba706c349a738ad77e5a218c12a7ea67652dfc8bec1958068db63aebe9da4
24,75,0,C7:C7F7,57,56,0,3,5,11,307b52f288f93a66d47cea4ac4fa11b8ab8d1147966523ad8a6b9b40b049e430
24,76,0,C7:C7F7,23,22,0,3,1,4,2ddaab1498c1b9e89dffc325f1dc0de561e58d438f317969c0d51382f4e46fb4
24,77,0,C7:C7F7,26,25,0,2,1,4,8aae68e46bfbcb2ccead72eb9ef9da9f4710e058a3c268078b2d5e70cf0c39c7
24,78,0,C7:C7F7,16,15,0,0,0,3,e5062fcedb29780cc5cb6d031a10b17daef534e7301aaece5c715b92406a8f35
24,79,0,C7:C7F7,24,23,0,1,2,5,7c88804cddd7944b9b8da274ad80c0b157721da7f5219c26d0f9685f3da85fc6
24,80,0,C7:C7F7,24,23,0,4,1,5,df54f99e7f6e3dcb706a6c86ddc07ac4e34619bbab3b97c8fe527f3bbe387504
24,81,0,C7:C7F7,27,26,0,3,2,5,8b76a12e254e8038e78cf1137edf679669d8ff1239dc3460f01cfde9768c9926
24,82,0,C7:C7F7,33,32,0,4,2,5,45055e8d860eb41a0ae0b02031fa0c2db7a3a4f3b97791c29eb730e598d0767a
24,83,0,C7:C7F7,15,14,0,0,2,5,a5cb35686f625c8cdff02902f1138824931fb65f930178e836e235ce057f3e68
24,84,0,C7:C7F7,16,15,0,0,2,5,c08f1ee02fa16e082133a5b5747b2f2b73ff26bbb1f1e4ed0ad2998ce424f6fd
24,85,0,C7:C7F7,13,12,0,0,0,3,4f4e61d1ca39979ecc22060f0de53050020f41d0910c565b33d339b9225e3565
24,86,0,C7:C7F7,18,17,0,0,0,1,fe8f04aa0c70916e79624c06fda14ded3f1540af8085396f3c92e550b2fcfdcb
24,87,0,C7:C7F7,32,31,0,2,2,5,d304bf6e55e2f63d1102b54f5f85bba83ecada97aa6b6f87b594ac43a99c7523
24,88,0,C7:C7F7,15,14,0,0,2,5,a808cb380915b8fb600a5a9e3558d3760b0d0eea23327e76a55124cda217b7a8
24,89,0,C7:C7F7,15,14,0,0,2,5,626a56bcaa2bce4cc8187d26a04b5480e9fce6d3fa0a3e5a17ea381037c82c65
24,90,0,C7:C7F7,16,15,0,0,2,5,cdf9981478479b3f5b9741c03fac1ead01418e526ada0158db130ec137de9366
24,91,0,C7:C7F7,19,18,0,0,1,4,b629076d523f26bdd18ba95f124c4042133425494b4e59b6c63011a7f2e615f1
24,92,0,C7:C7F7,18,17,0,0,0,1,fe8f04aa0c70916e79624c06fda14ded3f1540af8085396f3c92e550b2fcfdcb
24,93,0,C7:C7F7,21,20,0,0,2,7,4a13e58b5cb54685f64a0f140a1400beec4cc09e1abefca114f3626feaf20cbe
24,94,0,C7:C7F7,31,30,0,0,2,7,cc64ab19d45763cd13d4faf3bde502ee91ceb31c24788e9e308ef7db5f031e22
24,95,0,C7:C7F7,33,32,0,3,2,7,cef42371212294208e0c02c0ba9afc6eeae8bea4685510a7d0879f0c20a78f39
24,96,0,C7:C7F7,38,37,0,3,2,7,791bc907a16d6c5b01851cf55b84ef3e818798972f0df4278b78b209f407bcb4
24,97,0,C7:C7F7,37,36,0,2,2,7,3fd5fd2aee60441d4b55298bc2e9c8621c89d45ae3853672dfe361d9e63c92fc
24,98,0,C7:C7F7,59,58,0,3,4,16,7d3609ef514d2849fd9f221ddae95dbcfd79f8bfcbfc277067c85fd706205af5
24,99,0,C7:C7F7,48,47,0,5,5,11,b7ef8f25a3a4d3abeb8d9539e00ff97354c29d4454b1228186908ba47d03473b
24,100,0,C7:C7F7,17,16,0,1,0,3,a6c2e6135de4e9ef2f80c90b64914e8dc8d461b0c2f2b2bb94e031dc7fb1fc49
24,101,0,C7:C7F7,65,64,0,11,4,6,8d2e59eee0d3e128799705908ae8589c4a355623c4987a6ac130fbc32481193a
24,102,0,C7:C7F7,14,13,0,0,0,3,6996c2d8fea69d6955993b7238f480fc2c83675b66cb8ed34be5602a494306fb
24,103,0,C7:C7F7,24,23,0,0,1,4,f240bcbceefabf962b823cbbed3fb70e5112826f4bdbefe6989e570d108a5047
24,104,0,C7:C7F7,15,14,0,0,1,4,efe3f70a4deae485981f522084577314fefe9394a04dab7910c3b3dc095a2c73
24,105,0,C7:C7F7,18,17,0,2,2,5,df0bc39f334d1d5a6f0e11c6a1434d2a64012d231b3b1cf1d7e08bf8eb0d7a2a
24,106,0,C7:C7F7,20,19,0,2,1,4,19d61886e54979d1e23370c68210252ed1b35b12545ef839f782ed1cd735f9cd
24,107,0,C7:C7F7,29,28,0,5,1,4,2efd5e601286aa6ac1803eb3c68557fb63181a0d866b8469b3e2bfe87b6490e0
24,108,0,C7:C7F7,21,20,0,1,2,5,a3ea155c7d06b59138f75731357e92345d0405c5d1108619f51ec1db302cf3f9
24,109,0,C7:C7F7,24,23,0,4,1,4,16dd42ac6fad94c042d91add9334fa5dd1581b0ea69c74d42cf899c52c084ee9
24,110,0,C7:C7F7,26,25,0,1,1,4,3e24ddfe560d76f517aa744ee74b4a5cb0dc5126e3ac12714d79e03f93a9a926
24,111,0,C7:C7F7,24,23,0,2,1,4,0b2d82d59e4f3c1d0d422ad377a3ca9331411d749ac3c282d03096615d222a7f
24,112,0,C7:C7F7,23,22,0,3,1,2,0018240bdc4b543a49918789b860ef6185d1cc0e84a23bbe78f84be921f1ec2b
24,113,0,C7:C7F7,16,15,0,0,1,6,a56b868443efc22a3746ab9e6a3b69f7eae9ee6047a84e6057ca19c45187be44
24,114,0,C7:C7F7,16,15,0,0,1,4,d3c616bc712cebd075e07f21ef94cca160a2684c67c6ae38caa9461bc7911643
24,115,0,C7:C7F7,22,21,0,1,1,4,23a642d419257b5a2e8d47cac3dbe2f2c1534b0285fc52235c8b4e1d391faba2
24,116,0,C7:C7F7,22,21,0,1,1,4,77d88c9888e77c43e8d8f271f45dbe1741d7a83a4b120e1e19529d70a8cdfc5a
24,117,0,C7:C7F7,20,19,0,4,1,4,a15ccb3456071b82e756b4d66fe6a046d833162e8f99c83dfd61947ac6c9ab4e
24,118,0,C7:C7F7,19,18,0,2,2,5,6db012776d112eab6b6b77caff7eee9d12088e1d05b96dec17bd30278e6bd019
24,119,0,C7:C7F7,26,25,0,4,2,6,c5f7ecb20faeb7044c91a54134bbc1f336bc8994b90cddf13a9afc21d1a47b9b
24,120,0,C7:C7F7,54,53,0,3,5,13,c25d99a39c5b26f99a47cfa7e75fc31ec2b7227dfbf6a73c8cb7d06da1247e85
24,121,0,C7:C7F7,29,28,0,2,2,7,c00198718eba125945eb484c5de90d31cf1548c08cb82fc954a88430d404453d
24,122,0,C7:C7F7,28,27,0,0,2,5,a14e4cc60988d1f3c56f313d58bb09e36afb4f72940404ae9e6014a455b2dfb8
24,123,0,C7:C7F7,23,22,0,1,2,5,dd4761d0f488da94414140740f35f3aec4ab114c70da2c6884dbe804412b9515
24,124,0,C7:C7F7,41,40,0,4,2,7,d2185dd79d23a7a7fe5d8d54b72e67a5db85570dfe777c5ef831ac6d72ec52ca
24,125,0,C7:C7F7,39,38,0,0,2,12,ff317cad70ee80b97de51fc68439bb8337c2026af5557bd8d52c1861e360b240
24,126,0,C7:C7F7,38,37,0,0,2,6,bcd0b46764c332e45fb908585cad60d72ee7a10f98b0d45a06935800c167d7be
24,127,0,C7:C7F7,45,44,0,0,2,6,b6f26d0ab3a69b1da4effd257abf2e5fc2cd1502a64ed5b3fa84a22f0d07e342
24,128,0,C7:C7F7,31,30,0,0,2,11,1e860deebadd49b536588c849f71f4d98b6046b0190ccf954a149c9130841188
24,129,0,C7:C7F7,34,33,0,1,2,5,c8dc760e482b242e1600c1b240d82ce9888ae9ef76218f1006281c5a15ac7e87
24,130,0,C7:C7F7,16,15,0,0,2,5,31725f67f220bbbf2609c37066bb7adc1fbdfcbf2f3dbb704d36feca1789043b
24,131,0,C7:C7F7,14,13,0,0,2,5,52ef7b34f68e01eb2bc29cb9c2d34710c147665cdccb36e61cfd2938b74db56c
24,132,0,C7:C7F7,27,26,0,1,2,5,1aee7a9eb092d70e850c843413cb82899cd86cfee9f5bf6fcf037af8390c7dd6
24,133,0,C7:C7F7,26,25,0,0,2,5,abaa5cff8ba14a87579649a926fe9e544e49b5f54018d3c92b2f4e1534be8e88
24,134,0,C7:C7F7,18,17,0,0,2,5,5bc4d185f745eb377a5236889ce8a700bb7af251ce3a18ac673aaf1bace2a852
24,135,0,C7:C7F7,52,51,0,0,5,13,b5ad45acbffdb13b07cc216d4afa7eef1d1a815d8008880d8f433e9eb84488c7
24,136,0,C7:C7F7,22,21,0,0,2,5,24ab36d2f5852e5124f4f677fd7d78ae8b72962dff740fef4afd0cac10954d27
24,137,0,C7:C7F7,24,23,0,1,2,7,f37f0ff3267e4023b3d0c2ecfcb60e53fcc782a056b996ed53f46f68acaa60a9
24,138,0,C7:C7F7,22,21,0,1,2,5,9377c567a13cfcaa09d5436fac3f66bfc301d1d86008f766fa3e6a0fbc8d6ae7
24,139,0,C7:C7F7,39,38,0,3,2,5,686383431f7ce47eb732bd8d1f7dd3442f25cc49097bf2c3d4ad29fc6a86b7da
24,140,0,C7:C7F7,13,12,0,0,2,5,ce0c409c8e8971ffe611bd7603b9ee64c31368aa52e8838e210022bf24b1e998
24,141,0,C7:C7F7,19,18,0,0,2,5,9229a0d863e38393e97189d08cab663460072ae9bde35844132c9993749e7f75
24,142,0,C7:C7F7,44,43,0,1,2,13,ffa1255632609398bda7290b142805e8898aa52f8ff58fc905c7de8f31d3ad73
24,143,0,C7:C7F7,44,43,0,1,2,13,ffa1255632609398bda7290b142805e8898aa52f8ff58fc905c7de8f31d3ad73
24,144,0,C7:C7F7,19,18,0,1,2,5,182244fa45031e95390fe389fb4e4d363327ab929e137261092e04e0864bcc3f
24,145,0,C7:C7F7,29,28,0,3,2,5,1a5333a965d36801e310e457c705c3d7c2e138f99398560e70e8fbd5d860f7aa
24,146,0,C7:C7F7,19,18,0,1,2,5,2e2bd20b2ec19b4d31b899fedb2c122b30f196fbd89f0649f02be53806311dd0
24,147,0,C7:C7F7,46,45,0,5,2,4,a3231f7f6b5fb3ca7a4fa846cf93a302123bc5abe14de34a9506c81bf40b22d2
24,148,0,C7:C7F7,27,26,0,0,2,5,2db5393cf8d97a3ee467588928d8ef2ea8c7fe22d88d1b91df0e8239c865e0c0
24,149,0,C7:C7F7,29,28,0,3,2,8,46209cea068963d927e06d8505e894b6ad551bcc9f5f7c49607d8d7c3e8ddf65
24,150,0,C7:C7F7,23,22,0,3,2,5,d9217c870b756193eccb8574a0c5653a9282d0405012643caf5c194a235abd6a
24,151,0,C7:C7F7,32,31,0,0,2,7,a799d308b635810d45e42b067759a9af841c7329fdd4b09647c407db643b2d3a
24,152,0,C7:C7F7,25,24,0,2,1,5,31a9d35b844628392da3e1db8401f8a4e72ea6f82287f9b14507d343c42fb430
24,153,0,C7:C7F7,22,21,0,2,1,4,d6e675219148ead8d670e22a9ab043b5932d0708a00f86b0cde2747c4fb040cb
24,154,0,C7:C7F7,16,15,0,0,2,6,898a7384769359257eaae89fccc0adff24b84c2e8eff64615244e6389d742ce1
24,155,0,C7:C7F7,16,15,1,2,2,6,c5716d6e564a5c292719ce2ca4e282746719f1849820e9523dfc133dc49f1180
24,156,0,C7:C7F7,17,16,1,3,2,5,fcd58f49de747249b2507c0e6c75006fc1ab771863d2720cb4eecf4289122579
24,157,0,C7:C7F7,17,16,1,3,2,5,fcd58f49de747249b2507c0e6c75006fc1ab771863d2720cb4eecf4289122579
24,158,0,C7:C7F7,14,13,1,1,2,6,029acba5e82bf95395faa02cf18d86fab9d6ad75ed8f1bd991f9979a0e3929ed
24,159,0,C7:C7F7,15,14,1,2,2,5,0a79354937d8c498e429088412d47f68c053073a4e8bede97edf9a8a16fe18a6
24,160,0,C7:C7F7,15,14,1,2,2,5,0a79354937d8c498e429088412d47f68c053073a4e8bede97edf9a8a16fe18a6
24,161,0,C7:C7F7,18,17,0,2,2,3,f77af045245d3e473f4d42bb7617ddec5b652dce11c17ba96b5ffe550728d09e
24,162,0,C7:C7F7,47,46,0,8,5,8,30c616180517162191f0a21da44277d7c02db043276c22ade38b9ee70c745dfb
24,163,0,C7:C7F7,40,39,0,8,5,6,bd97b020fa9e7a1e57128aebed6fe8ff75dcfc242bee1a9a1e56d2d75ef01731
24,164,0,C7:C7F7,37,36,0,6,5,6,b2605f0b1c368105c6e0d76877c3fd2f5b851e372d60507ab05195164a441b33
24,165,0,C7:C7F7,34,33,0,5,5,6,dffe3d27e5e5447a92f6136edd784bdbf25c28a128c6dd325ed8cffd76d208b3
24,166,0,C7:C7F7,30,29,0,5,5,6,22b7fcdab9a45b6941835278edea8c3f14327b140e44990ec107dd784a347e38
24,167,0,C7:C7F7,33,32,0,5,5,6,344389969212abe8cb4ce66508ca361911a599c318e9e1b0c2be33e0918c354f
24,168,0,C7:C7F7,47,46,0,7,5,6,292de5d7a219e7e6e220443fa357d19a6ee046113598af958d7ac9121b90d059
24,169,0,C7:C7F7,37,36,3,0,5,12,653bfb94ce4ce137d0295d98af03bec9e0204250a5034f2eb8be433efb4565ab
24,170,0,C7:C7F7,23,22,0,1,2,5,abfbc17bbaedaea24639777f9e19173f76f920e0720e2a89a00d5916756f814a
24,171,0,C7:C7F7,18,17,0,1,2,5,a8b65b60aeecb1567329db051cb2a62d4a70b3f36d45bc7cd105a9193acb0e5c
24,172,0,C7:C7F7,12,11,0,4,0,1,fe4a6244f24d8b7057c3041871574ce2444c8f216806d66c6283bcbe5eb39da7
24,173,0,C7:C7F7,12,11,0,4,0,1,508402f71b3edd02d6831ee8ce6373f3dd85d505732262177f9fdd39083ead7e
24,174,0,C7:C7F7,25,24,0,6,2,3,43d606e5bc717d46aae58c4ce19dcb4baa30638e0f39b08e8041526a9f7f9dbc
24,175,0,C7:C7F7,18,17,0,0,0,2,f7b2dceb4ee461bdc0fd6246f4ee3783f1019fc4191313020bd36c59adb70602
24,176,0,C7:C7F7,27,26,0,3,1,2,917375bf9dafdbcf877aaf5525a99289fb600e8b98bf8e6747ad9160d4f0460f
24,177,0,C7:C7F7,11,10,0,4,0,1,05e25df3330e87116709912ca5f4152dd00c22a87aac5fbc39b7284ee1d99dd9
24,178,0,C7:C7F7,12,11,0,0,0,2,15ee0d6a4b6e452c4b1d20bd3638e414c61600525ca19d780ae52f76f164c375
24,179,0,C7:C7F7,21,20,0,3,2,5,65a7c23b51ca144bfd34d2869fe61b08b784f0c8ba884b73b027f8076f78971c
24,180,0,C7:C7F7,50,49,0,7,5,10,14294b485c85ca124d96c5715c2d9033134555868e790798e257c52f3cc89de6
25,0,0,C7:D98A,24,23,0,3,2,7,563b402e2a8a5ed10dd6443494e70f209b4f3dc8b81c49b55686565ce9cb5c09
25,1,0,C7:D98A,18,17,0,1,2,6,4d5cb09496671150c95fa7ea149342e03d9aa0d3bdbeddd1f5a55a55bc5e6f48
25,2,0,C7:D98A,23,22,0,1,2,5,6bb2ddd5425b51155f83845e051c4b1eb8a666fb0296acf527b9851482c5e688
25,3,0,C7:D98A,17,16,0,3,0,1,5f924cefcb05d916795e73cb6f82e83a2498e5853e8df2ef915b9d18eacd8c95
25,4,0,C7:D98A,36,35,0,7,2,4,c08936f3447c559ec197d948fb70b9fe3c3c51451056f46650ed61e1ba5119c1
25,5,0,C7:D98A,20,19,0,5,0,1,00315033c1b4c326e9b675003d2dbf3ef9044aa7cf263b47e849a2b53ca9f79d
25,6,0,C7:D98A,70,69,1,16,2,3,7a7aecfb21b52d956169e069598407db7c3f8a50b3f1b8b6f385a1eaaac500fc
25,7,0,C7:D98A,67,66,1,15,2,3,dbae91757312fd48bf8ee763bcb88b6670d1f8ad42ba2b8d1d9f0460ee3044ba
25,8,0,C7:D98A,61,60,0,11,2,3,4d2dbdac8e5b370d58b67b8ede18054dd353ee19ec6dd7c30681c88913bd3d47
25,9,0,C7:D98A,11,10,0,1,0,3,e1b00f7a0845869e6d8528b5ddd1f5d4dbc57325513f42b0744bb7681c710891
25,10,0,C7:D98A,11,10,0,0,0,3,b0432c303b341d82f4f4a98cc14396e0499a1ba88d22f87dd032706fb800559d
25,11,0,C7:D98A,12,11,0,2,0,3,da9ba61d9d15de5eff4d9bffbaf81b54c988e13b8eaa735866f7b42c35b820a3
25,12,0,C7:D98A,28,27,0,3,1,4,b36eb6237c6023c8b5e9714d8d97361cd7edb11717ca512ac47545930cdcd58a
25,13,0,C7:D98A,23,22,0,8,2,3,55c7ffb13b89da342950311d8df0fe8cee37a444c147c231ba77b0186b249055
25,14,0,C7:D98A,41,40,0,1,2,6,9e39670a6c59053d3bb5a19e5fc4eb9f02bf3224e801b8da0aa7743e5eb3568a
25,15,0,C7:D98A,47,46,0,0,2,8,4e20bb5d155c36e17f1eafd4d0e6449579ae566c64c6f05a089b175775725bb6
25,16,0,C7:D98A,11,10,0,0,0,3,754d465cb424ad92dd4fe0681f4cca745b9b02a0efa5ad27a1fe4f8ea830cf66
25,17,0,C7:D98A,37,36,0,2,1,4,00f48223a9fc09012acadf29a9ca27c7e7b179d9b9eb0b2ad4195179a194c044
25,18,0,C7:D98A,50,49,0,0,2,7,12824d23265d6793f7c9bff0f8e0411b690895bd05eec0b068c6420237d8cdeb
25,19,0,C7:D98A,43,42,0,2,1,10,648c725237f3e6e2476123f34941b37f8b05f48a2ee6efbbcfd5126fc908b900
25,20,0,C7:D98A,53,52,0,3,2,9,27a0cb0b8e3285aeebdfa7029e0285a18aae8d33ba17d63d32c9b0ab8319cc18
25,21,0,C7:D98A,34,33,0,2,2,7,7c17c9ebb9a76a03f7ec028a6489318a0278dec354614b12c851ce8bbc05c4d5
25,22,0,C7:D98A,48,47,0,1,2,3,36bb484541c1af31b9cbd8d4ca0f1c4a27a22b6db49d51abc9b13602bbedeb02
25,23,0,C7:D98A,15,14,0,1,0,1,c1080ae9b8997413e704ed366ab97b831c83290361b8b52a9e9a285bce402690
25,24,0,C7:D98A,46,45,0,2,2,3,0827e239c2efd7d66bb30342ce63afcadf2daf53c0fb6e3217fdfda480e53533
25,25,0,C7:D98A,21,20,0,2,2,4,aa3b08df97c51810af718f08e6e896b8aeccd0ef9ad4fc24dd86af0273b9ac26
25,26,0,C7:D98A,49,48,0,1,2,3,b52661af90f3356e032f0b8ff10de63ef6e937521661345fedec211785a3e7d0
25,27,0,C7:D98A,46,45,0,2,2,3,0827e239c2efd7d66bb30342ce63afcadf2daf53c0fb6e3217fdfda480e53533
25,28,0,C7:D98A,41,40,0,3,2,3,10afaee09ae1d8edf94b5f60ba3b6c2a2c98a1c8d8f3f7e9bbadf7bcb14858a6
25,29,0,C7:D98A,18,17,0,1,2,2,ce97f7e27aced230b07503c6800aed29e25882e05e4d52dfe29abd99aa9a153e
25,30,0,C7:D98A,19,18,0,3,0,1,dab5757e117485ab6fda42ff8c02db187398fed217a252931a6ca4534bad61f7
25,31,0,C7:D98A,13,12,0,2,0,1,b8e2d1c90c454a69b98418c13d666034371ec2043da24b608bc005abba6de1b9
25,32,0,C7:D98A,38,37,0,6,2,2,5f9b1e94f680c51c24fe5bc4321b07a2c0e6c91b4a793f56a0517ca065f62a7a
25,33,0,C7:D98A,21,20,1,4,2,4,700e1608d55da1885af612ec35fd1f6a52fad33a2b0d6c59be472e48cb7548b4
25,34,0,C7:D98A,20,19,1,5,2,4,2651718798f65bab4cfacfa13bca11ba981317a54894b0f0dc0b1e4b43859774
25,35,0,C7:D98A,20,19,0,5,0,1,00315033c1b4c326e9b675003d2dbf3ef9044aa7cf263b47e849a2b53ca9f79d
25,36,0,C7:D98A,29,28,0,1,2,9,4c6ba27a9f590cecc0616adf277bfa8b7abf1dbd7a738a80b025a937715081be
25,37,0,C7:D98A,28,27,0,1,2,9,e670ef157639054170fb81830a4adedde3934ad6c8d8ef847362be1ed182c645
25,38,0,C7:D98A,34,33,0,2,1,8,f96dc0c6fdb2a7e75cd365310369052120dddfe8c1294aa6f866852fc1b16096
25,39,0,C7:D98A,13,12,0,0,0,3,d443a87797647ae5bbeae7e8e8e2954dbc9fde95a41ee423c0ef65550430efa5
25,40,0,C7:D98A,12,11,0,0,0,3,276b4a653082b789b3d9999d62542ac5dc667c66157ee815a10438e9f1cbab9c
25,41,0,C7:D98A,29,28,0,1,2,9,f0570fef826ac80f7844aabfaabfd3aad58778e92665cb09b944714e742bf524
25,42,0,C7:D98A,36,35,0,1,2,13,1c92e087597aee9984e30556127d059e1941b50f17e5f28de467b7d5c584b9e9
25,43,0,C7:D98A,31,30,0,1,2,9,f814dfa9c8df5533966a8b853fc2d634e2727c09c5f8509d813334b1c48351c1
25,44,0,C7:D98A,30,29,0,1,2,9,3ce5376be9cdeb1f98b935dba8acd127867bd35eda2035a09f60bdb6743c54d7
25,45,0,C7:D98A,37,36,0,2,2,11,4be929249c2c330e0496af84c52ccf256eaab8456e43d0a8d7bc737e3d0cd859
25,46,0,C7:D98A,42,41,0,5,2,9,7d7bed6c6c0fe67f82b0286bf79e154fb46d887525de1e130f259b8195b885d0
25,47,0,C7:D98A,44,43,0,2,2,13,3000fea85dcd7cd890b843bf2dd5c2146b4510d017112f35df5b7bb08ffd73c7
25,48,0,C7:D98A,30,29,0,2,2,9,14fdeaae88ac3cbd181415fad3d1d22b6c012a41b58d4f109e36153a1e57dcc0
25,49,0,C7:D98A,31,30,0,1,2,9,9b1bce5b989d11701bff358d0b06920afa0b48f17fc63c04fe08a2d5b23f5d2b
25,50,0,C7:D98A,30,29,1,1,2,9,c1a9137a2d5891993271f335ac72ca4a1d32cc36f281251bfe44c64f9c84919c
25,51,0,C7:D98A,32,31,1,1,2,9,1ee61f4553aac5002ac50ee68013b7d03556a5a4cc5720941ec6ac04667f4da1
25,52,0,C7:D98A,34,33,0,0,2,11,2e8cb2c1fd681f4809602fbca50c03ea65ec3414c6c83ad013779894d8168afd
25,53,0,C7:D98A,32,31,0,3,2,9,cb6e3155bf2e8b021e7e0dfd03678d766748820d9d3b78cc93adb391d1feedf1
25,54,0,C7:D98A,14,13,0,2,0,3,9ee78676a2580be3f5d3925c3c9437079795e7ff890b479f16e13843471da3a4
25,55,0,C7:D98A,36,35,0,1,2,3,dc8edb59cff5f38c7c12d84349e64ff0e911be6e24cb50237c4b4573f4655179
25,56,0,C7:D98A,48,47,0,1,2,7,e21f18d1fb54546c71229679057d5c3b179d468ba7e9ef47a9f31a1647129113
25,57,0,C7:D98A,31,30,0,4,2,5,5fca72e35dffccdfc8b2ab44c33bba9b526b9f3d9e51a6aa36a754856fbbfb6e
25,58,0,C7:D98A,4,3,0,0,0,0,5a51f4fe515e328bee72a8a347ab9fa2b379f286a718a84cdc431411c1b4c860
25,59,0,C7:D98A,18,17,0,1,1,4,3d40babf23644eb106a2ec0b2f14099955a4a0ae5f595b57289d3cb56bf0ec1e
25,60,0,C7:D98A,14,13,0,1,0,2,a457e3097717b3f8e9154fa6998fa72dfa7895d83f2bfe1a4a37cf89c3edc71d
25,61,0,C7:D98A,58,57,0,2,2,8,4f0cb30b4982bf237ce4984684984341f13ebf7d635834111fc737effdf6f104
25,62,0,C7:D98A,54,53,0,4,2,10,2739b1f1882fdd2d69ebbb3ba9e7d27cb139414577303641bf926e2f5c63a586
25,63,0,C7:D98A,51,50,0,1,2,8,1876d7b33472a5f3c42c829aa11c7d69523887290aff5e52f69f489eff244147
25,64,0,C7:D98A,47,46,0,3,2,7,6bcc049838007868de8d9e9a2e1e591524688d56b15410024540100beaaf20b9
25,65,0,C7:D98A,43,42,0,3,2,7,ee6ce56064d6f3c30bbe8d8ec9923446ed4317889b424bf44afeb15e6b5a8722
25,66,0,C7:D98A,36,35,0,1,2,11,3df2cee033edc23c2f17a54f599d1c9c2af4d6f66d152d8eec0f860940a28cbc
25,67,0,C7:D98A,20,19,0,1,2,8,5b3df6b5aa18acea137b77d99dd2daadd4d01d50a44a529545aac3cb3100958f
25,68,0,C7:D98A,23,22,0,1,2,5,6bb2ddd5425b51155f83845e051c4b1eb8a666fb0296acf527b9851482c5e688
25,69,0,C7:D98A,45,44,1,0,2,13,2a87bf52a6c0dd390aca165162b881017771423ef3e3f31513ddb99055c06e41
25,70,0,C7:D98A,33,32,0,2,2,9,244e12c3d1aaee06aad1ed0d51c9b6afe67699053d094185be2148846dce73db
25,71,0,C7:D98A,23,22,0,2,2,5,7a95b8f57215aba70741ab0b01e3dc94f1daa2000be0a251606ed685893c2b94
25,72,0,C7:D98A,38,37,0,3,2,7,1154a8ef6c5bdaeeb590e89019b27240ba00891d1857321d5e593c59aa2ac95e
25,73,0,C7:D98A,101,100,0,5,8,15,24fff98286e5b20bc03b57f247f4cb3935083267fb58486824e34b6c4af455ac
25,74,0,C7:D98A,47,46,0,4,2,6,1894581d7b2d12359adc3886d924c618d4c20852c7db01d479c65b3b3a4a13c0
25,75,0,C7:D98A,75,74,0,2,8,10,017ef2d3a83d984a2b621eb6165410054a8ff31ee958a42a9de94d27df70dd43
25,76,0,C7:D98A,47,46,0,3,2,5,b0ca24b12629c4903048a9ee9177037a1f3e8bbaec3c2853a2254c9260195d93
25,77,0,C7:D98A,33,32,0,2,2,7,5847e18b05fc698e3ab54523675490a9211e8c99cb1d2b2516e9f2f434a06a29
25,78,0,C7:D98A,20,19,0,1,2,5,90f8fb7f2182c85a1df76ab242ec7d6b4e4cac00f2c1daaf9ae15e43547d197e
25,79,0,C7:D98A,26,25,0,1,2,7,ef1dccd1236f019ad99a69de4122b34fb54a286777fe8dd5b627512e9a856f46
25,80,0,C7:D98A,26,25,0,3,2,4,9566b6f757eae3ff4eced8561cf9b88378326225c915bf5d25dacadfde08b459
25,81,0,C7:D98A,28,27,0,1,2,9,511b0cac6911a4efda2acb4029935c9f3832b4cf4577ee5193f41cc1ab83992a
25,82,0,C7:D98A,39,38,0,1,2,7,0e548aa66ff225ec0a5f73ef02f869bb04776eb0c920b335b5a8f53f97f66217
25,83,0,C7:D98A,72,71,0,8,5,8,435e60f6b20d3af86e29fe71ebe188fc2f94f2c4643e3d7f64c88e0ddac6f0ff
25,84,0,C7:D98A,31,30,0,0,2,7,d5a5ae085e7d5aed3d48e602ac190e6ca3fca990b52253656952344935e318e9
25,85,0,C7:D98A,44,43,0,1,2,7,71cbb31529509e868c65825baf2c7d7ccc5b1df90f141494a326b51f31327b17
25,86,0,C7:D98A,22,21,0,4,2,6,79b354246a0dc29161f3c1bf3dfa31e5432a12c4cac2bf59baeb146f85a55a1c
25,87,0,C7:D98A,28,27,0,0,2,4,ceab141b5daed180ba19e7ccbc2799eff8ad15ffb6e926690136bb6ccfc3ecc7
25,88,0,C7:D98A,12,11,0,0,0,0,71efd04739143a417872e76c4381628fe6f6bc3090ff3205252e1605475b9043
25,89,0,C7:D98A,12,11,0,0,0,2,f6d96566eebfbd97b9cee2a4206694a55749e5ce3dd765dd458ef8d9fe8f436c
25,90,0,C7:D98A,15,14,0,0,0,2,ba0acba64d5a1fd54691597a134c6f0374711cb777c3b4e51232391ef682e756
25,91,0,C7:D98A,21,20,0,0,0,4,a0d4f6810990f566aa54fd59f62b373f0f786938145715db4e0497f0d205aa01
25,92,0,C7:D98A,22,21,0,0,0,6,3f38dd262bd06f6b5c57152b36097dbe664d3dbebe41ea40419601702997a4b8
25,93,0,C7:D98A,18,17,0,0,0,2,7da0e092498d2b85a57c13f663f6e7074c0bd3bf742531f256effc8b063b0797
25,94,0,C7:D98A,20,19,0,0,0,2,6c9e579f78ee471a73e3390508b7f59ba590511ebe7c2907b02f8add739463ed
25,95,0,C7:D98A,17,16,1,0,0,2,ff85b56eaa9fe92367d40fafa749e00f58d1c83a8f483db72ece85131f958ffc
25,96,0,C7:D98A,45,44,0,0,4,8,4866ccc22c93e1c45a072032026d7bdd0b420b0f01d4888ff7b6eccf9a718a8c
25,97,0,C7:D98A,68,67,0,0,5,10,8835f762e82517be5db0f858998777fdf247dd8afe8dffe800674f9a1f8e5467
25,98,0,C7:D98A,61,60,1,1,5,6,5c8bcdb5116cda968358c51bb1b5ce2d117d963857e67b852d7ec4e20f3e3849
25,99,0,C7:D98A,73,72,0,0,5,6,fcd571f514f7b3cd1a91e33e67c6dd6955b34946d93d7378eaef147216df1466
25,100,0,C7:D98A,23,22,0,2,2,7,38acd61336f36fa15086ee64e6d87eac63af3772ace56742a47aed23c9e546f9
25,101,0,C7:D98A,57,56,0,2,3,11,66e9538e74cf7551dc086f517af6d93de0d23b905278c3f27ee65ec02a4fccfc
25,102,0,C7:D98A,49,48,0,3,2,7,597e33f9c525257357b050fad60506343ee9d0be1982a771c2fce49020ffce9d
25,103,0,C7:D98A,24,23,0,4,2,5,64d6b662dbcd1cdc0acb0ed252726a4923ee87dc700beaf25bdd7954273d555a
25,104,0,C7:D98A,31,30,1,0,2,3,cdd21bbd8ece6280aab86584d01e6c1205ae0eb43899e734bda5ddd1a2435c50
25,105,0,C7:D98A,41,40,0,1,2,3,6fb07bbd742f4e910fc178f5aab28b905c0c679a343cee561fd1f18c294b9622
25,106,0,C7:D98A,25,24,0,1,2,5,915a27457626a8373de8a6cdc0ef1904a362e90ceac4d776abc9f7f2c5b80f6d
25,107,0,C7:D98A,66,65,1,0,5,10,d9afcfd4754f6ae30c693dac321fe5655cc3ff67778491a969f26fae6df526e6
25,108,0,C7:D98A,93,92,0,2,6,9,242f67b62bdb7699b05674c06657057223207c32956da9f02f3e4fa8f22cb91d
25,109,0,C7:D98A,38,37,0,0,2,3,be546d3c83ce3448aea4403fcdbb91e8dcaf26dc1b9d47ddea385be907a5e4ba
25,110,0,C7:D98A,36,35,0,1,2,5,2a372a5df4917184831477e7933141c81be12327a8f6fc4eb8ac31db461d53db
25,111,0,C7:D98A,100,99,0,5,5,6,cb6706bd733f8f1a7551a776e0f424368591100dc891b06858c987453ef3ac4c
25,112,0,C7:D98A,25,24,1,4,2,3,21ceaccbca94a3aa0d3a905808de570d4ec74f132aafbe64c66a033b42370ee4
25,113,0,C7:D98A,71,70,1,5,5,16,98f7fc226260d77cc558630357a12a69da195b3fd2bf39c103eb15e9a3d5cab5
25,114,0,C7:D98A,67,66,0,0,5,14,0580864cb69c92f6a656e195508e1bc4732108e472e0b8919a0133b0850732ee
25,115,0,C7:D98A,18,17,0,1,2,5,77e1562d22522b9bfa55e4a6693bdc57ca374b5f1b95edc293cceccf5657a7d9
25,116,0,C7:D98A,31,30,0,2,2,9,4895ad050f6c27e3b024641b60f1b430c5376115190511de300dd6ecf15b4873
25,117,0,C7:D98A,40,39,1,4,2,6,e6df5a67dd0a61a5b54b4194f43768e4f208196d55ff991761604bf356d0f267
25,118,0,C7:D98A,30,29,1,3,2,5,ddfbdeb0875b3d743b48d3c9f632098819395713f47ef7e23b79efa0119ad942
25,119,0,C7:D98A,31,30,1,3,2,5,c84731e181cd293cff043715105f9b45404927c8dd4c60d2b6eca285c946f741
25,120,0,C7:D98A,32,31,1,1,2,7,84c4953361cc5bf1c38615c64b16da39e8e5cd43126f087b13dccb42ecb9ba30
25,121,0,C7:D98A,29,28,0,3,2,2,12cf03e7d733f6beef0cfd8415d83a4d03498e8bff22f6944f33f84670aaae66
25,122,0,C7:D98A,28,27,1,0,2,7,5563c9f395721372fdaa8211a415d23f59c8e554a38151d4368f8d1939201ef1
25,123,0,C7:D98A,37,36,1,1,2,6,a260f40fd7918f190caa127398bdf89e768d07a78d0731e45f0f5eac2a0e5b88
25,124,0,C7:D98A,49,48,0,4,5,7,0e1140ce09a2a6507c87021ea311149db2b31081efa8ae5a2b3b6d518440f44a
25,125,0,C7:D98A,20,19,0,2,2,8,b6921a892cceb6bac7ab243f5ba4afec362c3746f43e224cbcc5ae7758b23d22
25,126,0,C7:D98A,25,24,0,1,2,7,a31f6af126d982c1b817a6b0dace2a7905b07881f7f44e123d5b1010cf608367
25,127,0,C7:D98A,39,38,1,3,2,6,0dd9ea7d26a97bf8b8ca2a18231fade88f72105020cceef3c2252c94582fb5f2
25,128,0,C7:D98A,35,34,0,1,2,9,866380aac042987704d3d9ace1f57ccf0133450f3eaf49183c2097f55887fba9
25,129,0,C7:D98A,46,45,0,0,5,10,530a74f0e8a4204ddd9f02f392f3f59046766cd51237a340614db00c3422e9ab
25,130,0,C7:D98A,21,20,0,0,2,5,4a060a1bb18f02f7a102117fdfd1d2ec9bd66d8aa7cc0f8ad28ff68e3ef8c393
25,131,0,C7:D98A,69,68,1,2,5,8,d0f298541bdfddf500e143bb5c1115f11c775ff658c89c339ecd4419c4730a1e
25,132,0,C7:D98A,57,56,1,6,5,11,25db1aa10c2be563506602e47c1009c04e4175827e8d0d5ab109e5c533a578e0
25,133,0,C7:D98A,76,75,0,1,8,15,5010ac02a1f48076da805c805b7bd85509ee1d62834dd110942ae5d9fabd4086
25,134,0,C7:D98A,53,52,1,9,2,5,8fe403436cc1ec7949eccc911601600c6fa9518a06ea39f22a8dfb44c5273625
25,135,0,C7:D98A,69,68,1,2,5,9,f80b85f5f5d1ac4dc00a0e7738eead1525dd953854ea3e06a75e2cabf6fcd8f6
25,136,0,C7:D98A,46,45,0,4,2,5,3d7765d362004a7abf91c528d2b4abca325a25bb8d524d2f080d6aa56c6bf7f5
25,137,0,C7:D98A,25,24,0,4,2,8,b6dfb7eb02a03997cf34f2a8ff744b9ed9ea15091619fc1bd9e4fe987da91cd1
25,138,0,C7:D98A,58,57,0,2,3,7,ab4388a27e726d4962572467bd2365a7f6fbe8e99776179ce460df47fe92511e
25,139,0,C7:D98A,35,34,2,0,2,7,9e2f08f97d1602b1c0a65bfea6b3a33ba3e3fea712414a91b91834dceea3fe9a
25,140,0,C7:D98A,81,80,0,4,5,12,fa85e8dd74a39a620f490c0c4a0761da1d25beada2f61e200fd75918c37f5cc0
25,141,0,C7:D98A,73,72,0,2,5,17,8b67e06c16357d43f2af3e794c26e8c72e8d8cd8836373d4c612c0a1741557f8
25,142,0,C7:D98A,75,74,1,11,5,10,3682a8898ff7a5c2460d73050dbf92a354d69deecf3ae969dc519ee7064b1c52
25,143,0,C7:D98A,73,72,1,0,5,14,65526dc84084084963939145be599d56ff7e412e00edd31db6f947659430c43f
25,144,0,C7:D98A,32,31,0,1,2,8,b580fe1d6ea04d2f8727666e4b28d56953496e91487f83b7b70c25a5d437d19e
25,145,0,C7:D98A,26,25,0,0,2,6,f9fd4ee1e59cb53d56f67884a4ad0ecd3b38214605e905909597d6fc7ae7cc9e
25,146,0,C7:D98A,62,61,1,3,5,15,2dde0e4876a47131cf47e775bec46067147b7331e5ea3ebf5150703a0c05a627
25,147,0,C7:D98A,23,22,0,1,2,5,d7013f5ac00e4341bb98993bdc1d33b11fceea6e1aef7e70758e416b32712435
25,148,0,C7:D98A,19,18,1,0,2,3,9f474e95f3c8d888281f344008d4142c295446b66480d1e1f107e98be8552d9f
25,149,0,C7:D98A,74,73,1,3,5,10,edf04573ce387a212282fbb9ad61cbb5536d864eaba3a6f070aaeba1349f0943
25,150,0,C7:D98A,28,27,1,0,2,5,dcbdc517036766b785092b75a8690e3ee9fe174b6eaec9af5f1536892c02cd09
25,151,0,C7:D98A,55,54,0,4,5,10,1d4b539ba11d15e81adae90eeb72f07c11064473f00eaf0320cb5471b4e815f9
25,152,0,C7:D98A,107,106,1,6,8,17,3ae12193e509fceddb19275e754b5d1b40f614a65dcdf59aff823381afbfc120
25,153,0,C7:D98A,63,62,1,0,8,15,bdbf49e0dce15681403cc5cbe78eaec0c9a09d9c41b077267f98fa0d83cecedc
25,154,0,C7:D98A,35,34,0,2,2,5,040c2b77270cddc46b4aa7fd07a4d11159e05a0c4a3b7e076d22d24883d06e00
25,155,0,C7:D98A,33,32,0,2,2,5,d4142a093e31f779d290d9132e627d380d3964fe606eebfc5b00b418b21c0ea7
25,156,0,C7:D98A,40,39,0,2,2,9,355aff047c97a69d1dddc5ddac3c48964ab1b158d010ca55a20ed74b42edae9d
25,157,0,C7:D98A,36,35,0,2,2,5,d8f05a8d9f3dc74ba2dfd16bb4933aa5856a240d14fabb51f189eb31125f9bf1
25,158,0,C7:D98A,40,39,0,4,2,7,a2e3066337facb7ae936374be589968949084f34341def40a680e306bfa8fe18
25,159,0,C7:D98A,35,34,0,2,2,5,55c8fd48fc2cb7f195bbe50f89a4b6d1f6cbd46df5203c9fbbded5b18464e3f9
25,160,0,C7:D98A,36,35,0,2,2,5,229aa4fbab9ee925a6d14ea95d8764ab66480e344351f5dc8d6fd1a230f31f48
25,161,0,C7:D98A,38,37,0,3,2,5,960a986bbeefac0e4136809c47083dfda8b0893792479d57ddb435b4f24379dd
25,162,0,C7:D98A,37,36,0,2,2,5,91fec945134cd05d0322b30c4be76eaa869de3dbc0fb76bb7aca73c2fbf6d9c7
25,163,0,C7:D98A,37,36,0,3,2,7,0648704796767cfe4846d35456bf87fb7346258f5987ad191c267fa071f0f0a7
25,164,0,C7:D98A,36,35,0,3,2,5,dbf8554b056a10174fa95f22930cfb6324dff3fd76c08e25135bf0e494d907d3
25,165,0,C7:D98A,35,34,0,2,2,5,791a3864e73ddab40bd3b80ee899506aa754987d4729d600564ddf984c3ffe01
25,166,0,C7:D98A,34,33,0,2,2,5,b543818e5591b484cdf8797f7b74471af0148b599b4a249aec232b99aa61efb9
25,167,0,C7:D98A,35,34,0,4,2,5,c5b967331e6a9ecbf20e4dc83652062f5138a4c463764ef109e392abe8ebb159
25,168,0,C7:D98A,39,38,0,4,2,7,d7cc6cd0665538be9b6f01c8c7cb64d7264b4520974d3ea2ee290b3f560e298c
26,0,0,C7:F2BA,30,29,0,3,2,5,6bcc11efd20b89c84c29a94bb2590300e3bccfebc869ec9c8d6f37a1db834430
26,1,0,C7:F2BA,16,15,0,1,0,3,8ba58d16fc570e8fc4eda10d8aa4e41fbcfce95c6c13637a63b8779999a7d0be
26,2,0,C7:F2BA,22,21,0,1,1,4,c455f4bad8f491fa426f10f00609fb7a4d1ba0894043fb4f4e2a2151320e360d
26,3,0,C7:F2BA,23,22,0,5,1,5,9e8c266c7651f6b13fe1a1b5a23d08784d15ca2d47b759b50e8b45bbfd0c71f4
26,4,0,C7:F2BA,48,47,1,2,4,7,0b4fc48f2733422effda37ee4a5177527dccd4bc9b1f731ac218e853217139af
26,5,0,C7:F2BA,19,18,1,1,1,4,297308ce5d47bb72e6eae62c563c04b15c5313815963a7d0f643383c0bdb37f2
26,6,0,C7:F2BA,16,15,0,1,0,3,8ba58d16fc570e8fc4eda10d8aa4e41fbcfce95c6c13637a63b8779999a7d0be
26,7,0,C7:F2BA,33,32,0,3,1,4,8858be6db408a67107c9477cd4dd09b6aba32a7db672fea547821279bf673d0b
26,8,0,C7:F2BA,25,24,0,2,1,4,e82459788b201a9969be18abe9449d3732b20a2ef2d93c7dccd2aaab39cafd75
26,9,0,C7:F2BA,24,23,0,5,1,5,967deaa29bb1d8207841aefe6b85ba2bb3a5c466731463e7ec1295e0f390673c
26,10,0,C7:F2BA,22,21,0,2,1,4,f74d14054c92dcce0b482a92ca469572e1c5a128c4ed3f009a6186d8c86e0fff
26,11,0,C7:F2BA,17,16,0,3,1,4,6d9bcbfaa54f43db706a52aa8b0566907b4ba148aa9d3953ccee44b4e27e8fd0
26,12,0,C7:F2BA,24,23,0,2,1,2,9a48c23bc0bb9a20814c5005144e45711be44bf7816ce9d116629ae57355ba9e
26,13,0,C7:F2BA,14,13,0,0,1,4,a4f996cfbafa8b53ed12fbd8c0a26f68d7c5f880d7e496186382dd8eada4fb5f
26,14,0,C7:F2BA,11,10,0,0,0,2,c0ec21db9486d68093bc626ff861c8275289a456b459f7b7e21bda8a0962737a
26,15,0,C7:F2BA,23,22,0,4,1,4,b57b915a7e4f71a9b7661b6b21771408ca54ede5d36dd0213e8c504d7c1d3685
26,16,0,C7:F2BA,24,23,0,2,1,4,8b6160693753da450780863cb1c41ba3bb1f224d83e125b73e28b758127a8e53
26,17,0,C7:F2BA,25,24,0,5,1,4,4abc9e53d4f59f34d23cabf8f8f85d0bff194286a3a491355a0e7c662f68b517
26,18,0,C7:F2BA,26,25,0,3,1,4,781163c1dc15483635d6895ca7100fa71bc223c7e067181d5afca0baf9d31f33
26,19,0,C7:F2BA,25,24,0,5,1,4,4abc9e53d4f59f34d23cabf8f8f85d0bff194286a3a491355a0e7c662f68b517
26,20,0,C7:F2BA,24,23,0,3,1,4,6f33554b2f118f9e2670e39fc1f837bef2c33bb44707bb3d2a226998d6167574
26,21,0,C7:F2BA,20,19,0,1,1,4,6c21f601759584d003972b181f40a81e7c6b9d65910848da0f530c9f68dc31b9
26,22,0,C7:F2BA,25,24,0,1,1,4,815eeeefd5d32b8812e58e9eb58a168d696213f538fa1acaa2c3e992498b4992
26,23,0,C7:F2BA,27,26,0,3,1,4,1163452862525965bc186f2849cca5d033303d0e941d87bc9f2c7da953435acf
26,24,0,C7:F2BA,24,23,0,1,1,4,603ac2019bbcb31e0433669c3ab438acbf2d15d23984dd3b875c697117474182
26,25,0,C7:F2BA,19,18,0,2,1,4,2659547decc8664d1f70c70636db68d1e7fd3a1300d381d021778b4a055fc418
26,26,0,C7:F2BA,14,13,0,0,1,4,50d7725aed87c85e79eedb2aa2976b30bd4e11abf2129d0a8964279387977b05
26,27,0,C7:F2BA,27,26,0,4,1,5,1861b2378ac3b2152fc55e19edbb378d48bda2f0c93de7c929255bb78283f455
26,28,0,C7:F2BA,18,17,0,0,2,3,f1dd493e2b82b43ae323676d38183606eb489c7d61cd0cca2fecd077c9d3b5bd
26,29,0,C7:F2BA,25,24,0,6,0,1,d8af772138858fc388826cdb41970acc74e34f3780748637843d65a92fe3024b
27,0,0,C7:F56D,45,44,0,4,2,3,b0245e7cd3f1347fa01a40e4762f2af6e57f153fdd81562ab8698ade003b2702
27,1,0,C7:F56D,38,37,0,3,2,3,878d8cc9a69ad4a4d0ca23dd8173b633f835fbdb8237c7567954934e1b2d8224
27,2,0,C7:F56D,57,56,0,3,2,5,63f83fbc300ff429ed245c3e5f7db8583ab2ff9f07155df928e5229fe26723cd
27,3,0,C7:F56D,39,38,1,1,2,3,b687bb5967237478551348066021dc3b55bd062d01b228e8f66694013687aca4
27,4,0,C7:F56D,27,26,0,2,2,3,6c2a5d9e39b8e1b669c021041c90ea54eb721dcc08c0b9a010ec5a8ab4184bdf
27,5,0,C7:F56D,22,21,0,1,2,3,5374f2aa1110a584f38193e5f7c465cbb3eea0c0d0f6280497f069291ac85de2
27,6,0,C7:F56D,40,39,0,0,2,7,323da96412f2c118f4cb0a8e3da08dc388106d1c01fa91e16ff1ffb10e06d3fe
27,7,0,C7:F56D,35,34,0,2,2,3,cf45b4840dfacfb283ae6a634f890f3ed239af35a568e8e3db50670d2b937858
27,8,0,C7:F56D,44,43,0,1,2,5,0aa1476503c65f89e54789ba9621b55fbd0dca2eec3a06ce2dec4bad9f6a489f
27,9,0,C7:F56D,34,33,0,0,2,3,a52157e29da6019de49c6036630232a68b5ab34dc6c06ecf013b4d3cc6dc27f6
27,10,0,C7:F56D,41,40,0,3,2,3,3f87886f6fb4bb39cd401b899e07f8850826bbb3b0e19c26da1af06e32c33598
27,11,0,C7:F56D,43,42,0,1,2,3,c23f0c405bdbd644af256085beb224a94f2fa2c9b991d4807332925e4deb5675
27,12,0,C7:F56D,35,34,0,3,2,3,e0bf720c35fa2a1b240d545b949ffc2c779858f7c32bd6d6231b5d461bc806ee
27,13,0,C7:F56D,38,37,0,2,2,3,9938c62f54d19f6a24e6f924d01bda071b0b5329c96f44c72acf2b7106caf1cd
27,14,0,C7:F56D,46,45,0,0,2,7,5fd33f3fe3b87a0bbc3acb88d231f93642aa258ed2c55992f6205061522d997c
27,15,0,C7:F56D,50,49,0,3,2,3,4e93194ecbf33bd7b0c0e0c23914c5de0f2f662afa4baa4011c30f00f7184474
27,16,0,C7:F56D,198,197,1,4,11,17,2327b1dc5f11bcc5f551b448f46dfff22cd0f84388c96281f6048d2d4524e0da
27,17,0,C7:F56D,452,451,4,39,30,41,9eb9a2ba093cb3705474ab576ec57c7775baac1ed84b765e1b377c7564393532
27,18,0,C7:F56D,94,93,3,5,8,9,95bd20ca1864597c3d98944e759b333f02349579f5a633e4e99ff8d429c934bb
27,19,0,C7:F56D,30,29,1,0,3,7,85496794fb11167a56c98c1f29e5e9f3080a67b27cbe6a1f1b8b4f67cde43e7a
27,20,0,C7:F56D,7,6,0,0,0,0,539f0901ff985794625730a4e0d77f895ab813d34fcdf88f8571eb9db3634bf8
27,21,0,C7:F56D,14,13,0,0,0,0,05f5c296cae8578ed57695bb8dcefe34503e741d1e0acfde248b45448c1b996e
27,22,0,C7:F56D,12,11,1,0,0,0,21d687f2fd19a531adb099051ce06b35df61addd113fff3ba3047be31da8fe74
27,23,0,C7:F56D,14,13,0,1,0,0,2b0bfef7ab9d3b8f24b233a3e5fb399740450f8852c3b2f0b212d7c16e7f8626
27,24,0,C7:F56D,17,16,0,0,0,2,0814827c4070bf9bbea7ff92fe18bad1ab805bbed8b710c2d149576acab8d599
27,25,0,C7:F56D,109,108,1,11,6,13,ede013a0809049c8e0025d59d8808a4af62feedfd9037c275e5fa45818e9ece7
27,26,0,C7:F56D,26,25,0,5,1,3,eb784ec4abe7eaba7db61ecb9a6cfb4ea1ae28942de7fa8809915ba39b0ae4c4
27,27,0,C7:F56D,44,43,1,3,2,4,d7e5e420832642715b82ef4d49dad8100cac58fae9bee360bfd24b6b1f425f35
27,28,0,C7:F56D,40,39,0,3,2,6,02471eedfc94e99606082066e9945ef96197fe7d42c440db356576e7989f6393
27,29,0,C7:F56D,46,45,0,0,2,6,f8e1b4131d2fb3ea4c9265f981863fda7acc66ed95cbe0d96daaae2b74576770
27,30,0,C7:F56D,45,44,1,2,2,6,632efe386574cbe1372a1369c827f9b0d86a50227ff6478d974afbaca339177a
27,31,0,C7:F56D,50,49,0,2,2,8,d6b1ce631a960281ad2b20f7ab6046d19758f202532dd00ea9cbb3cf39da4111
27,32,0,C7:F56D,45,44,0,3,2,8,353a33de3b436b9f5048c322c42b56cfdf35650e01d8e7fb4e9bbadfa3dae6ad
27,33,0,C7:F56D,42,41,0,1,2,6,48487651f7b4bfaa6f5dad01def447b170af436cc45f6fa13fd7b9fb4c1e3fbf
27,34,0,C7:F56D,52,51,0,2,2,8,9ad960400a61899c64110a5b5d366345efa36d05a9056ad2f1d9028204e67fb0
27,35,0,C7:F56D,48,47,0,0,2,8,dc6bf90ae912a62a4ae5b3ec06cba0ad88e19d4437d8585eaeec75aab6284e10
27,36,0,C7:F56D,51,50,0,0,2,12,ea4d1577b738168056a221f2a2ba742f6e710110004296a712fcbc58884059ec
27,37,0,C7:F56D,40,39,0,3,2,8,2fdf99d4620475c6b9dbccf4782e04ca6d4aa45a671302a96afb9a6b378ab314
27,38,0,C7:F56D,44,43,0,2,2,6,c348ed6114a2f2485978e33cc96690d4f92bbe6c734f0c1a094b4366ff276185
27,39,0,C7:F56D,44,43,0,0,2,6,6240e22690ee9288cab1fc335cdeaec80760ff5dc686b80037cff6193c7901d4
27,40,0,C7:F56D,54,53,0,0,2,8,b4bc0e8118fb84619423549708db8854c12f163c21333f8ad24e580748dd6390
27,41,0,C7:F56D,52,51,0,0,2,8,924dd53bf2c6e6a126b6da8243c28a6a4a84c44a15c31d774b871c5c9731db3d
27,42,0,C7:F56D,52,51,0,0,2,6,3f3445b99b75416c2408f831671ae62c8099fc2f1cb021c0cdf2e76d04faedc2
27,43,0,C7:F56D,4,3,0,0,0,0,444e2c7ca15b1d4504f79e0e4ee6e999e5318c5b147b2d140c3f2e026ebe77ea
27,44,0,C7:F56D,4,3,0,0,0,0,444e2c7ca15b1d4504f79e0e4ee6e999e5318c5b147b2d140c3f2e026ebe77ea
27,45,0,C7:F56D,8,7,0,0,0,2,51e346ae855e8a613530a419612d39ec58483bc5cdbc1701953e904726dc5f75
27,46,0,C7:F56D,8,7,0,0,0,2,51e346ae855e8a613530a419612d39ec58483bc5cdbc1701953e904726dc5f75
27,47,0,C7:F56D,3,2,0,0,0,0,66b46bf2eee5298839ba5bc04bbfb92b3c6c656148024eeeda5c100731954a2b
27,48,0,C7:F56D,3,2,0,0,0,0,66b46bf2eee5298839ba5bc04bbfb92b3c6c656148024eeeda5c100731954a2b
27,49,0,C7:F56D,4,3,0,0,0,0,9f406c46f3389df9e4cb362f98d8cb208cabd1e38a493ef92d51b5ba5afd3f69
27,50,0,C7:F56D,4,3,0,0,0,0,9f406c46f3389df9e4cb362f98d8cb208cabd1e38a493ef92d51b5ba5afd3f69
27,51,0,C7:F56D,4,3,0,0,0,0,0282f49077d59b75dc776b033e0784e25b8a6fba0c8874ecc772b58fb4675674
27,52,0,C7:F56D,4,3,0,0,0,0,0282f49077d59b75dc776b033e0784e25b8a6fba0c8874ecc772b58fb4675674
27,53,0,C7:F56D,9,8,0,0,0,2,790f653cc0d5d45b1c51e92fd5956bf55291a6608126386a1e7409ef233039a7
27,54,0,C7:F56D,9,8,0,0,0,2,790f653cc0d5d45b1c51e92fd5956bf55291a6608126386a1e7409ef233039a7
27,55,0,C7:F56D,6,5,0,0,0,0,3d6ca5ff1f91efea1055fa63a95fe8248980877c86fd454dcc982712f33b083a
27,56,0,C7:F56D,6,5,0,0,0,0,3d6ca5ff1f91efea1055fa63a95fe8248980877c86fd454dcc982712f33b083a
27,57,0,C7:F56D,10,9,0,0,0,4,cea23f260c2d0bd1a4fc8120503684e888db364d5d72a9b7e82708f8b9329057
27,58,0,C7:F56D,10,9,0,0,0,4,cea23f260c2d0bd1a4fc8120503684e888db364d5d72a9b7e82708f8b9329057
27,59,0,C7:F56D,38,37,1,2,2,8,822400ef2ba202f297f31816eda93755f394f419641a9a5f585151af874cb215
27,60,0,C7:F56D,23,22,0,3,0,3,75d81e24cb00f27a069dd132b30940e1b7bf3cd4f8829ac8f6737625a599f717
27,61,0,C7:F56D,23,22,0,4,0,1,82b43d006e718664c41983bcaa67f18a4c42d8dcdbb76b2d0447aa3266a15836
27,62,0,C7:F56D,22,21,0,4,0,1,22756728c53d0ab203312a8f82d425d756e8eef9a569b227eee0fa63b85cedd5
27,63,0,C7:F56D,21,20,0,3,0,1,bc38d11d61601072134bc3407e35d18b6ced38d593ed5003f2421a4ee52e7b03
27,64,0,C7:F56D,31,30,0,2,2,2,18f99c234e3c432d2a1bc9b4de2bef18d0055b90c596e9bc58976983f560fbd5
27,65,0,C7:F56D,18,17,0,0,0,0,a867f7fc3de1b08f0a6d68d208327ff39120b1017ce66dd4120320c7217ee3a4
27,66,0,C7:F56D,28,27,0,2,1,3,3ce51f8799c0fd401edc2be7fc81e3eef5d6ab4da29dad4b0a3252975f083182
27,67,0,C7:F56D,75,74,0,3,3,16,d842c6ab6a5d32658d6c59a2ce03eb5f5ddc482914beeecd691a7ad756b4a38f
27,68,0,C7:F56D,31,30,0,6,1,4,6aed2b2315665497971fef43fee5e7455c340a6d222307d25735ff8f69d6dbee
27,69,0,C7:F56D,50,49,0,7,2,4,d515f9c2e64cef8b163df3123a3e46eb46e3674c7d47c25d20b67031acb0de91
27,70,0,C7:F56D,47,46,0,7,2,2,ee08aeab8370a69560f4bb8a0212856cc6c6ed7b88b6b4af24bb17a57c6f317e
27,71,0,C7:F56D,38,37,0,2,1,3,e3cbfbc25cb7337dd3673ca25f1195497f8dffd00fce782a076b5cf5faf0b9fc
27,72,0,C7:F56D,58,57,0,5,2,8,75b651316db18834b14ab6407631f229a97018cfd38e21bf44a844f74bfa5b98
27,73,0,C7:F56D,61,60,0,5,2,14,dc42410f034363b2ade179b60b276655d9b9d86ba72618d4fd858d4ddb94b2fc
27,74,0,C7:F56D,67,66,0,20,2,2,e15ccdb86f27bc7560e0069b8b3372222fb2f908bc5b81fd4438ff29f3a377f1
27,75,0,C7:F56D,66,65,0,12,2,4,0ea682c8ba0b7e6ea2145d2ef90f2709b7f02e2ce576bf85890fed502fb0b105
27,76,0,C7:F56D,30,29,0,7,1,1,c57dc772745c952767285b37c73ec62c7396ebf8ffaf71a1dfdc68404a58e823
27,77,0,C7:F56D,58,57,0,4,2,4,d2ff807efe66414067195e3d3331d0b84b7d3467f39b4f390e1b7a59516d1014
27,78,0,C7:F56D,51,50,0,0,2,6,4fd017d76c415c740644b3741cdc318872f404014d9be4a18752f7f74ce70842
27,79,0,C7:F56D,57,56,0,5,2,4,48b4d16181e0e53c729c623960f9fa793665b1265a672db598eedd816cd2b1d2
27,80,0,C7:F56D,56,55,0,8,2,6,bf978f3520df9c30798fe8f419b26cb77e99df1e44e56c9686ef1208e54f4f0b
27,81,0,C7:F56D,59,58,0,5,2,4,88a7b6d702119ccdda7c58752303650fe4de48dc37a3c965137a101941076045
27,82,0,C7:F56D,55,54,0,2,2,8,57c5f0192daa5b752992927a8facd4fe6ac72468f6d7994d69f50f1416783566
27,83,0,C7:F56D,57,56,0,10,2,2,bebf98ac67e68e506c51874ed4c0ba83424a75c63194403f0dfa46fbe74d471f
27,84,0,C7:F56D,60,59,0,14,2,2,65ea6c29d1dd3c86fbd0335e6a62bcfde6b2477b7c88ba060d90d7fd56f82137
27,85,0,C7:F56D,104,103,0,14,8,14,909051cd5f659344482cf809c5cbf03d7e141341b7849a0c813deb02cd4a94da
27,86,0,C7:F56D,21,20,0,5,0,0,4d062d2b4778c5e83c5812f654716ae4686406ebb2e89bcfabd2f2aeb7efb7b1
27,87,0,C7:F56D,66,65,0,7,2,12,86a09abb69e91c6982cc5129a5ab0a25148b17e8ede98a02bd0a9fb07ec2414b
27,88,0,C7:F56D,69,68,0,7,2,8,85ad957016e2e3735dd335f02fb596cd575d6ad220a8bc34eb7ef7c66c51d23c
27,89,0,C7:F56D,50,49,0,10,2,2,f9ba43e1c74daba30315960c3150a4d1d4224031012d83749fcb1bc83294add9
27,90,0,C7:F56D,64,63,0,8,2,2,25891c3c985f09d5305df71fb8a57621e42c3573a430895a75a9804e6fbacbd2
27,91,0,C7:F56D,56,55,0,4,2,4,3c4e4d42c47d7af61e4c180b859112e1cdbd78652cf69b07267ca33f6887bebb
27,92,0,C7:F56D,70,69,0,6,2,10,a3d6f14a2e2f9ff608c8e9ed986c914a26055fd829b2fb2d0743dbadfdb13380
27,93,0,C7:F56D,50,49,0,10,2,2,b6fe01fa91b93e30abf073d1c32bf80ab69de2c80d7c681513e7a1564c54aafa
27,94,0,C7:F56D,63,62,0,9,2,2,987d186bad9d7d2872f381b4f3b09becdd1ce458b41f85bb1258c4a0e8b5acea
27,95,0,C7:F56D,30,29,0,3,2,2,9a2098dd1c4cf57acd59dd5a80ffc429169e4bcb078e62b17f05363513849ef5
27,96,0,C7:F56D,32,31,0,4,2,2,bb511fbaf4183e4c4780b91bfe80710352033bc9b4c5ed8c96f7068abf142cdf
27,97,0,C7:F56D,53,52,0,6,2,6,14150f992d32791b42ef7b46f079d311771e7e0ff210c893dd91f405916abdd3
27,98,0,C7:F56D,63,62,0,9,2,2,1f5e4e850dee63fd52c8ef42671de1847b47c893a89d97f8f4ac172e2e7fab68
27,99,0,C7:F56D,53,52,0,4,2,2,c24999237110dfa6276404cd4429c3a4d0caef9ba7471903bb132f3f54dedb0d
27,100,0,C7:F56D,61,60,0,6,2,2,ff199a14fdfdfab83fc512e2fd1925b9d7b1e1489c4e9df93116e837709c4086
27,101,0,C7:F56D,11,10,0,0,0,0,3d4c59c980e9b74e341f1d13a1e10890967eb61db0e7b0ccd941e297e22084fb
27,102,0,C7:F56D,83,82,1,4,8,21,290e05bcc20218b8416f30befb741333630fb006c60e56ce1b7617d32d2eaeab
27,103,0,C7:F56D,66,65,1,3,5,15,492247b82e5f5d828c09f06f1e464960b94b5ee344112a46f42d1419f39fc67f
27,104,0,C7:F56D,49,48,0,0,2,12,9cdf8633e1f90cfce9b13980f2394133e8205b3119847374a0f7f4ed1f04c115
27,105,0,C7:F56D,16,15,0,0,2,6,6fad7ae6c339eb83786b1c08ae6b88645ac245d1b07cbcbc63f915382cb21046
27,106,0,C7:F56D,47,46,1,0,2,6,ddf65fe8805d26af35534faf3666bac6f3dbaf0fd12aa0999ef9102662d8f90e
27,107,0,C7:F56D,48,47,2,5,2,2,5e8216f5c5dafd1ea12480334b7f2c22b9025840243ce635c877c4f668f217ee
27,108,0,C7:F56D,73,72,1,6,5,6,18760b1060b1ae30d3d89a80df4b2965bf05fec8c9288ff484c9b78a57109c6f
27,109,0,C7:F56D,50,49,0,2,2,8,6bfd181bc7fb9add3a5482aa425a2a982b6068f793520c626a11769d33712953
27,110,0,C7:F56D,32,31,0,3,1,5,bb2e3387018a35ac551b111275ffa2773bc1ec218ec68d65649e6e3bf4706369
27,111,0,C7:F56D,66,65,0,14,5,7,8caae3321c85e7c5c7f255e619af9a0a3889a42d859ca695c9664fa45b53f27b
27,112,0,C7:F56D,53,52,0,11,5,7,2dbfb5f15c4457c22d20e9004cc323696c5897e07749efe27935af8782a105d1
27,113,0,C7:F56D,63,62,0,8,5,7,0f7b8193d36dfa80c7ed9a3857ed1db720ee3697d90e873c83ce8d036ba5dc07
27,114,0,C7:F56D,59,58,1,13,5,7,2c4f01100f1c442637198124e58aa9e045c451ca9d790d76bd664bce5d10e41b
27,115,0,C7:F56D,53,52,0,10,5,9,33439a6bd59ca503130b081a0f1df8312387fac202f555ebde021b0326c18b22
27,116,0,C7:F56D,71,70,0,13,5,9,1626a3e081e5cb2bd77ec3b17853c745d0eeb0784279fb883c7b83690d49905d
27,117,0,C7:F56D,65,64,0,5,5,15,bfbfa1aa69d21f1ccd6f5807b58d10a62f2ebd5e91fa27662558dd6fc68fc754
27,118,0,C7:F56D,58,57,0,10,5,7,547ac4c30b8018f6df7cc4a2adad0030d2c3aede4add4943f368b64d08a6a084
27,119,0,C7:F56D,59,58,0,5,5,9,cf214b8faf57e8aa2bfbb8845fa714c3c2ca8f5d1805a6a49f023664ff0a18f8
27,120,0,C7:F56D,55,54,0,9,5,7,fb89548a6d1a8626e5fecee007a5e720c76b7676947bd8cfddb79c5d75b3cc10
27,121,0,C7:F56D,61,60,0,12,5,7,7561511018bd822cb267424923b170ae99844e33cf328a898bf2d155f06ba5ef
27,122,0,C7:F56D,67,66,0,11,5,9,79c6c7bdf4dd23ba30a022bd0e3eac5eb5e4053d18ffade906a5f0d17674ea96
27,123,0,C7:F56D,84,83,0,7,5,17,b17e691d87b0beb98d0c4ce4342f081e249a66111f449941fb19f6c229c83de0
27,124,0,C7:F56D,57,56,0,9,5,7,76ecf98fb2e56dbd3c2278eccfa7a0f9456c9b7e4c3115454000c7fd521d543a
27,125,0,C7:F56D,51,50,0,6,5,11,c483762f2438bfc211c84383f320df36d5e7363adf4b57a21cfb996637fa2e67
27,126,0,C7:F56D,50,49,0,7,2,5,516df24416b833937fe6d0d3c7ea042b6b1201e03761e705fad62ac4d34e961f
27,127,0,C7:F56D,44,43,0,3,2,5,04188654385c4ded94a6d92c7c00b18c0ccbe1f21977faf6c97432096330f3f3
27,128,0,C7:F56D,41,40,0,3,2,5,d98d53598da0ec8256b2f8f4fd3ff127311ae1dcc10a84b2293c87b43b8ce425
27,129,0,C7:F56D,44,43,0,5,2,7,13909b748eb7199e4fe10a10da66515e4c280106ca4c9f74786da5ffae5c07a7
27,130,0,C7:F56D,42,41,0,5,2,8,fa94e1cc5ab578dd40042c8c8a1068e622084d03ec57c166e8a106e67df56c33
27,131,0,C7:F56D,56,55,0,9,2,5,bf17e19bde9d490b3a8f604fd2de937f461823e1fffa0fc4799a26322a15ab7d
27,132,0,C7:F56D,53,52,0,7,2,5,23411a4b8383f73cd21149993674c1789f0e2acae3aa4dcf262e1648b4719dfb
27,133,0,C7:F56D,184,183,3,23,11,14,e1fab7da18dfda922007f933a0db72256edf77b03f8f5b280a35cd1040671b46
27,134,0,C7:F56D,27,26,1,0,2,4,fbbbcfd0f1131dd0ab679be33ecced1fff0cef8ce2a990b5d9e8d09a7804529e
27,135,0,C7:F56D,32,31,1,0,2,5,8d0ba452fd22e0386ef5c00296120e5af6feef93a5944f989191f2e22a4b1bf3
27,136,0,C7:F56D,35,34,1,0,2,6,2bac07e73f121ee0ef766ce6a7448121497996ce2d2528b89979895b3f49831b
27,137,0,C7:F56D,72,71,1,2,5,9,53694b9e12927f6617edadfa80e19f59e51af0e967d8034c8ea4ff6c0c1acdc2
27,138,0,C7:F56D,209,208,1,12,17,32,c3fe4dfaed4884d423b7ff610c4f3cfcca612c7d7bd3b8a44cff70fd69afd8b7
27,139,0,C7:F56D,49,48,0,2,2,7,139d2383df2e8cdf8a8b85c214608fed468a870a9f577b1acb4fe3002c0b74a3
27,140,0,C7:F56D,43,42,0,2,2,7,d39cd6fa12151810040b5cbb207f03b9047536a93fe52c228c38231632cbd0ce
27,141,0,C7:F56D,51,50,0,5,2,7,7d746511aa53f25ff823be28f2237b0a4a562fbada2eabe49ad59483e52fbdcf
27,142,0,C7:F56D,48,47,0,1,2,7,655e50133ef696611a098c05d6c9eab859477302edbca94dc64657c246f60bfc
27,143,0,C7:F56D,271,270,0,7,20,39,e8626f7000dd7aa09f9a4b9d8aecdf33ae25b67f491d8c6dede9d1b28055ca3e
27,144,0,C7:F56D,40,39,0,3,2,11,abf240e69e82bf05dd2fa8e00bacee317f2d7cf51beafe7e18caa0a0e7490710
27,145,0,C7:F56D,42,41,0,4,2,11,5f43793a5930778a842921b4157697a68a2689bce598ed42ee9b08c21b14adbe
27,146,0,C7:F56D,42,41,0,4,2,11,be7e32dcbfe552c0a06aa976eeef10db345ce39dfd965d91017cb60ed8e05717
27,147,0,C7:F56D,42,41,0,4,2,11,3aeafdc583a85eecfd8952c913b2bdd0807a5752ca6d4313ea23e7abbf6e9020
27,148,0,C7:F56D,32,31,0,2,2,5,7e0fdb77e0df42faadb2f14332e6ce74dfb2f64b48e3d0d2871c3e9abb3530e6
27,149,0,C7:F56D,49,48,0,7,2,5,3e5d877cc4365aee44b36479e97f4d2a56116e629faf3f1b1514299e0a06cf5d
27,150,0,C7:F56D,40,39,0,2,2,5,2ca6c93248477f69380cfc2f2a767c58f083ff07ee766f46912133b9c916282d
27,151,0,C7:F56D,47,46,0,4,2,7,5d3b04ad0394c5b00ad8a6dbdfc9a136929407700ab92e59f71598ecdd0a5f14
27,152,0,C7:F56D,41,40,0,2,2,7,f16fe2c36d36b94e17f709430748a09266b4089cbd7dece8b402b5a96dfd2508
27,153,0,C7:F56D,45,44,0,6,2,5,a9179aed807a9be6fd6e644e504ddd2e5219c085ee2d94e083a9d15e873cab0b
27,154,0,C7:F56D,41,40,0,5,2,5,842e9f4be572d2cec732987895309e7f9f7ea79ce884b81a6620eee3c3ede178
27,155,0,C7:F56D,43,42,1,3,2,7,078d36f34feb2fca7bee702cbdeefc8bb794ead8fa027c4d13bd71f5cfb20b61
27,156,0,C7:F56D,85,84,0,3,5,16,19f090e5ad61af385926d774bfa2bc527d70c6e431c31d39b1b74cd2b6a0e161
27,157,0,C7:F56D,103,102,1,2,5,18,fb9cacf81420c36ab08818f47a1df357a78eab9ec93e2c9f138e65ffe09adf8d
27,158,0,C7:F56D,92,91,0,6,5,14,db082e9bfeed8aedee77810d81b5a0041b9015b5cfa459093f46351a0fa4b63b
27,159,0,C7:F56D,114,113,0,8,5,18,73420db1457cc965b2b32693c4dd17a1dba79ec8542ea5d3aeec7e13847b4c17
27,160,0,C7:F56D,614,613,0,18,47,84,3922f65b710101e13955b87aff5d9f73aed66c15d4b3b392953c0f343906c2a2
27,161,0,C7:F56D,103,102,0,13,8,10,218a96146ba25d9d563a8e6d39093e1bd43778a8af31486144e388e4f2442390
27,162,0,C7:F56D,77,76,0,9,5,6,ee1a5e7359db4154d603b7d9266ddb6e59bfeea3d6eb19ebd6d555cc8ca8f8ff
27,163,0,C7:F56D,30,29,0,4,2,2,eb568e2bc0b5eb25006d2f6ec8c8d99c767ef865031200d11e69f5eecacd0f3d
27,164,0,C7:F56D,34,33,2,4,2,3,8caf7e615c2effa22a0062a0ca96cc1004df8b853cec3347ff01b401cc6e7803
27,165,0,C7:F56D,30,29,2,1,2,3,1ef59644f9d204cf49cff2c7b85815c5fc5408d6dcc7dd490f5515336fa67036
27,166,0,C7:F56D,36,35,1,4,2,3,0a9a91db08f2e7394330e76cd3e7d6822ff69dbeeedbc7b3bb5075c607fba73e
27,167,0,C7:F56D,47,46,0,7,2,3,9c1d7891edfdd038304b3b679bccf88cca858318abf92fd7d57c7a9994f60917
27,168,0,C7:F56D,103,102,0,8,8,10,3263820ee9292540d17ed6a5c57573774127856777c8483766f3541a96f7fbdc
27,169,0,C7:F56D,73,72,0,8,5,7,bbf2c527d4222c395fd626080a8f2717dfedb8d5441515efa3748b0af84c39a2
27,170,0,C7:F56D,22,21,1,4,2,2,027dc4bfa2c988ea20b6a3cce08a295f87b7ef2afc74b03b7cd514811e0d0ab8
27,171,0,C7:F56D,32,31,1,2,2,3,4c32b9a51f10adb2046086b19e731a4f69130254866f1d99eac978df57f6b324
27,172,0,C7:F56D,36,35,0,0,2,9,0fa7ee77cb98f66a2c0559fdbaa6ad22744e4280a92c2076583166e52a2ca8c8
27,173,0,C7:F56D,40,39,0,0,2,9,477aba5ee5a519779d42449ee2ba2f98489d2817fbc313abb81d097acded96d7
27,174,0,C7:F56D,35,34,1,1,2,9,b11e854dd1051e48dcaac9733a05685762b5e99cbd6ab7fc9834bd175dfba93f
27,175,0,C7:F56D,39,38,0,6,2,3,805cbec8bfe4d8a66828c46ebf8f66f315b0ef015efcbab50a241fbf00439859
27,176,0,C7:F56D,37,36,0,6,2,3,32e866189968e1b07f39299937d1f5b60837aa915e2d70e7430ac3e4f3fa759b
27,177,0,C7:F56D,35,34,0,4,2,3,9c751a2501c7f16fada70bad54c67ff476974539fe95e3d94099a3cf6f72cb9d
27,178,0,C7:F56D,34,33,0,5,2,3,6d2f9863a7c2cb022f166c51417384eed20ca63a02e7139e09982058806989ad
27,179,0,C7:F56D,33,32,0,4,2,3,51364ac4aedec6280415e7f707ce0e63b22b884cb90da3e26c87e006749c036a
27,180,0,C7:F56D,38,37,0,6,2,3,a904e6f4fb786ebd589665446e91afaf76ab80b624d35135b15b51ba1d9780a0
27,181,0,C7:F56D,41,40,0,3,2,3,db88c790cb43df905e700291dc94045954d8e4640df035afa449a857c85d8c84
27,182,0,C7:F56D,36,35,0,5,2,3,e43a729a07872f0fff8d5ac0d898f68432305edf0e18015f6f9c1db181568861
27,183,0,C7:F56D,135,134,2,13,11,21,0f53dbb27f1c52d990ad7f5b6088e87ae7e2df923ab0961c1eeb0ee01109d3e6
27,184,0,C7:F56D,36,35,2,3,2,3,cce0e19a5999b3d3983bd543143f09cfc64a2d337eabb1a4d3f35aee658922b8
27,185,0,C7:F56D,47,46,0,8,2,9,40c2cfe8b97f06de98bd64b8911f72783bc972063cce2251005a3cc449d82e5b
27,186,0,C7:F56D,79,78,0,2,5,10,10827bc701ff2155c39d1296a221ccce4bde8dd21977dfa1bc6d7a6a6f636f3f
27,187,0,C7:F56D,25,24,1,5,2,5,6bedebcaf02117ab39babd8b0807bc41122a9bb3b336885a4996ad79498f85c0
27,188,0,C7:F56D,47,46,0,5,2,5,5742593e56d73be9ddc65e5f246f3d2062d60ebd87cd0914c424b0df1581fe5a
27,189,0,C7:F56D,54,53,0,1,2,6,e4d473cfa9068a5ac678e0fe2ef2175af388e36c28cf9eb7ed8f239fc9c1cfe0
27,190,0,C7:F56D,51,50,0,3,2,6,2403a182fc6262d0fa8f5548360282a23aec3f08f6c749e0f28d9725d3c3d850
27,191,0,C7:F56D,50,49,0,1,2,6,d0a4f46fcaaec78ea0ad1d8703fe5881b8e30bff1fb522abb31a4ab0d9fc4893
27,192,0,C7:F56D,39,38,0,1,2,5,d416b8ffe42e9eb6cb6f6fc92a6aa73eeb37aae6af9e0e3b39ffd9337beb4553
27,193,0,C7:F56D,35,34,0,0,2,5,de60cafb9708ba4c991006d1f2d5b1e0fa89bdb1e7d46db9e928c1c571b70f4e
27,194,0,C7:F56D,39,38,0,3,2,6,f6ef0e0ffa68908a60afe36ed79ee48d8358ccde9e482ab631d20c411807768a
27,195,0,C7:F56D,51,50,0,2,2,6,a0169c75a1c18451137e48f6ce341863d303dbb7150e868d39a5b714c3cb0ade
27,196,0,C7:F56D,38,37,0,3,2,3,2090a8b5efbb1967f7c643ea6e36e9aac02f5a6d2f8724174d4591782f21d9e6
27,197,0,C7:F56D,59,58,0,5,2,3,4b7d3c76effa32d00abba75e7cab96a0a9a14c612a92660e5f94a3067cde706e
27,198,0,C7:F56D,35,34,0,2,2,3,889cc52683d3979077e07fdd7834ffeb983c22538f95346b3ed0b97667b51b20
27,199,0,C7:F56D,40,39,0,1,2,3,f622a27d307da9a9b84af969d951063e6c8dd54b8b75c332720091e2431ea9b9
27,200,0,C7:F56D,246,245,2,10,32,49,5d6227313802fe62818a882b47fe880d17f50350800f8be2af5aca87dc7ad862
27,201,0,C7:F56D,31,30,1,1,2,3,a9a8c94368d62d4179dc337d420e990a782b8903bb0a7183083d7dd331e87307
27,202,0,C7:F56D,36,35,1,1,2,5,d786e6aea87bbb7cb1b2f7d202a472de20558b8c2221e2ad37f3df4ee304a194
27,203,0,C7:F56D,40,39,1,3,2,3,7eeed66312ddd6232a97c7481d2ae0c402a3629cd51f45be298bc3e5385c7940
27,204,0,C7:F56D,32,31,1,2,2,3,50989cdf96a782f335bbd0470f994575d660a0327d4ad073f3cd7c77ba7de5d8
27,205,0,C7:F56D,29,28,1,2,2,3,c4098117582c05f21bcf480c6f519ce5a2f9fa0396957b4487c61d2454c0b200
27,206,0,C7:F56D,29,28,1,0,2,3,2714874f1320101b6efe5def24361d795448fcef7b0466184889cc594612f7c6
27,207,0,C7:F56D,23,22,0,1,2,4,747449345ce7ea725904e69909e7d86fee0e7c34bc47d7e7c04e5ec85ec9a631
27,208,0,C7:F56D,20,19,1,0,2,3,2fa4da1d8bfb0fed0d76316690702270302440f89364902afa54cd3b9644eb07
27,209,0,C7:F56D,25,24,0,1,2,3,015fbb65a99a6e6fd7564037f0fa4e83ccee6e5f80443e30fc97832dc35d8668
27,210,0,C7:F56D,36,35,1,4,2,3,94f026e1447eef00c591f6057851229e48837eccc1cb17d1687464c22dd6013d
27,211,0,C7:F56D,37,36,1,1,2,3,bc148b3bd5235dfc49674d1763ef42c7e48bc2a6d20e20f419bb1a1fd6c24e5d
27,212,0,C7:F56D,39,38,1,4,2,3,2b534f0d55fbe1ad624aeade31fced36cbae6e178a4fc2a412da921372124d69
27,213,0,C7:F56D,34,33,1,1,2,3,34af10dc548d0a9a6b0484d6a3ae968a37f73e48f46cdf0dc49ec20b7ad428c6
27,214,0,C7:F56D,30,29,0,0,2,3,d7cbec345bbc8e750d9f8d1811a18b0f4524f7ca2fbcb4773bce5ed388016a76
27,215,0,C7:F56D,31,30,1,0,2,4,66bbbea745cc73b91b8e37b23b7fe27c2473175ad05c5f305f1cf3055516d910
27,216,0,C7:F56D,36,35,1,1,2,3,cb78d2f6690c2993cc23ae833a83ae5cbb03fa439c22633a6bb322b38794408b
27,217,0,C7:F56D,31,30,0,1,2,3,460d979ad5bf7bf9e992660c68e19e77d31bde4511f14964bf6bbcdf8bc7ae32
27,218,0,C7:F56D,33,32,1,2,2,3,39e9123119ae552b6915298d33e271b4800a57fdebb57b614df9824465c3785b
27,219,0,C7:F56D,27,26,1,2,2,3,9a6c0f9eedb80815471ecc33ee35b347016418e0bb912c3ae51edc5948d11c79
27,220,0,C7:F56D,32,31,1,2,2,3,9af7be1ec89f65e2848257101b8ec9f7713ba6dd2444576f61a65063115d4f03
27,221,0,C7:F56D,26,25,1,2,2,3,6b2fd6e76e95c8802c09e6f544d47165c781332d91ecad358055b6a8e02d5c51
27,222,0,C7:F56D,35,34,2,1,2,5,7b233a183f76c213d10b253c5d99b34e89042cbb11f8e376be912ad9f211e4fa
27,223,0,C7:F56D,38,37,1,3,2,3,09372982e6e76aa513e00567b4c75386ac85d5f41b027f4dfee7cea147443fc9
27,224,0,C7:F56D,35,34,1,0,2,3,c2a341919b6063c185153e473fd90c42670023e2549890c7abaa626f9906929d
27,225,0,C7:F56D,34,33,2,1,2,4,117232865148988de34229d80b904b6458a68776d28bf5ca515a6f8b32d39f2b
27,226,0,C7:F56D,32,31,3,0,2,3,3f56cf67800e343caf30e5a0b41ef4006eefc04bcb9f8a3b655f71308b6bc393
27,227,0,C7:F56D,50,49,0,4,2,4,d81b1f8a05d2fb4c5d72a86202e62f67572745083aadc60c17d4ed1e13152cd5
27,228,0,C7:F56D,33,32,0,2,2,3,a9015b374b723f544a1bdef353f1fc20bef85fb468e4d4e2cffe3e1bec4ae5cb
27,229,0,C7:F56D,25,24,1,0,2,3,baacda730b21313e7b9ae2afcd0375929bbead0499e1ac8524712cca2bf419a9
27,230,0,C7:F56D,37,36,1,1,2,3,fb806f9cea98d005045e6e750f9dd85a08f506c9366ded6b984fa7c15e66bb5a
28,0,1,C8:23CC,118,117,0,11,8,13,c834a781aad8ddee81cd5ab8887077574ad6812c9f538c6bcdde510739c269f6
28,1,1,C8:23CC,37,36,1,3,2,2,dab8e6d3ec863697857baca5d38aac6e006b0e755628b83587e212e132e75862
28,2,1,C8:23CC,11,10,0,0,0,0,1f51127f59b35b1932029a6fb415639822a1744d66842de7a558af1551386b4d
28,3,1,C8:23CC,22,21,0,0,2,2,22319b32402dea4003f5b3ff78f547a50c4603e36af107de6b9f437fcc084861
28,4,1,C8:23CC,38,37,3,3,2,2,0bd23ca0e7b104b07e74d15e4cd5424955713cb4462ef2fc405f2b62fcb7632b
28,5,1,C8:23CC,44,43,2,3,2,4,c26c1facebdfbaba048c73568c7b925c4301ba591f5742841a10b92a0446386c
28,6,1,C8:23CC,48,47,2,3,2,6,15793876e115ce0035d3d959c8c8f5511c4d86ae94537e34e169f0e50df6aad6
28,7,1,C8:23CC,35,34,2,3,2,2,f19623597371780b4dd059e9334f7ba1a97fc9a599f57f6fa04b79988eec6960
28,8,1,C8:23CC,41,40,2,5,2,2,db695aaf00c040bc20471b121f804f7a7fd93ca1ff97a7d47aef5da951ff1896
28,9,1,C8:23CC,78,77,0,5,5,5,df5e0c99a620a41c3e06af1397a19e63bf02e8b38a5321c470d74cf90490c59a
28,10,1,C8:23CC,41,40,1,2,2,2,d8cf8ec8c99be6f7cb64492657c3a840f9837024f3ceb398f4b27876cfadfec0
28,11,1,C8:23CC,26,25,3,2,2,2,1b76ca3d849be90e0f766946aa65c0d87ffd66c70921eec18c9ab695900e4ba1
28,12,1,C8:23CC,26,25,1,0,2,2,9b2de9938ed255065ce962d688e565b4a0013af44d2b85ca61e73d113590cd03
28,13,1,C8:23CC,19,18,0,0,0,2,06065f2ab15818edda154577fdbd3319a9d2731ad706dca61959c70c6191ec2f
28,14,1,C8:23CC,19,18,0,0,0,2,2f4fe9600ece6224bee747df7cb18188bd8b5a6b5ca8b00afc8bce655aa4cb09
28,15,1,C8:23CC,23,22,0,0,0,4,9fc1d91223ad155b7b8087e76f8196e3f8200198d5b9082ed85f661f7f51bf86
28,16,1,C8:23CC,11,10,0,0,0,0,1f51127f59b35b1932029a6fb415639822a1744d66842de7a558af1551386b4d
28,17,1,C8:23CC,25,24,1,0,2,2,95bf7a565ffd569357434fda738ed1aeb5a0e3cd93479455b21f2bbc940052a7
28,18,1,C8:23CC,31,30,0,0,2,4,783b365024ca89a9af5bec73db99fb8ba3e59081d890868f564451eeff7c202e
28,19,1,C8:23CC,35,34,0,0,2,6,1d682814080baa52939b8492011fa1da48cf31dc7e2f5578913d64935f85d1a2
28,20,1,C8:23CC,22,21,0,0,2,2,22319b32402dea4003f5b3ff78f547a50c4603e36af107de6b9f437fcc084861
28,21,1,C8:23CC,20,19,1,4,2,2,dc47a35282f765c780efbe9e398baf90cd2c5b852cc2b5bbef342f5af29127ce
28,22,1,C8:23CC,33,32,1,6,2,2,b02d705a34e7272057b1e58eed14231636b85b29927a8b4bc28e4d67aff5bb3a
28,23,1,C8:23CC,36,35,2,2,2,2,97070d8c0252fcb1149cb62c70f21e45973ebe871d8f98ea71a00284ee12b969
28,24,1,C8:23CC,42,41,1,2,2,4,173428f25aeebe7eab06ce7df5d1beda8180eec315bf8cb72e991210c4458fe7
28,25,1,C8:23CC,46,45,1,2,2,6,01a5f869eee2a843bfa49d91fbe38e2dee752ce5ce663843de7f91ff50e21215
28,26,1,C8:23CC,27,26,1,3,2,2,9356d746be10e6ade20fee7f86457acfc2b6d4e88eb7e2ac9fe31f8c4bd6c0c8
28,27,1,C8:23CC,56,55,1,9,2,2,4b1c9c680bbeb04cf76a2faa40ac4aeb13930d304d11d96846c7e7329625f80c
28,28,1,C8:23CC,40,39,2,0,2,4,e71c9f6893c4abafc4d54a60fbf41e11d9446c263ba2b22479910c660aeba65d
28,29,1,C8:23CC,46,45,1,0,2,6,a9ec3858402a61f3e418ccdc63eb85a6586b583df5993997b8ffff553fa255b6
28,30,1,C8:23CC,50,49,1,0,2,8,8dc3a8edba2e1e7e70af7816ffab2715848579cc9ab29fe3716097739a84c914
28,31,1,C8:23CC,42,41,1,1,2,2,3b0fc8a5a22bfbd15e169a39aa53be6d20d82308c03a7a74af0f14a1c0d99313
28,32,1,C8:23CC,55,54,1,9,2,2,a1d7a0f4dd15d093b8aa78f84ccaefad9dd45fb8baea9c1eaeef15ec97bf92ca
28,33,1,C8:23CC,26,25,3,2,2,2,b87925ba88de031fb43a7715990ede6b35cc9ede6248f3410845bd6c3315e53f
28,34,1,C8:23CC,38,37,1,2,2,6,d8a056285ee2abf3e1ab6c784fda7dc211ad9ba5fa626d2d2ed365e4cebf7c23
28,35,1,C8:23CC,33,32,1,2,2,6,2d1fb9b8d173a214687b99923fe0917f32a71c241d905ebb14ec23de3a03ee1a
28,36,1,C8:23CC,20,19,1,2,2,2,d5fdf574a99ee86b645ca7ab344b2a9ea89b3dfb8afaa6b89ace78b909d1a205
28,37,1,C8:23CC,33,32,0,5,2,2,cd2d4913d09f711c73eab61eec350dcefd89a3dd2d917c8d3c7cd312d256525a
28,38,1,C8:23CC,17,16,0,1,2,2,7fb81ce096a78f60ac83abbadb71da525abad552a6dc6437f9151520116c95a8
28,39,1,C8:23CC,16,15,0,0,2,3,cd7c1e997ea793134090a75754d730a6471ade21d83b3e152cb5c976b554a539
28,40,1,C8:23CC,11,10,0,0,2,3,13a4495186b504bc698c7c693213c976ae781f4cae9a402140fe2e5b7801d337
28,41,1,C8:23CC,43,42,2,2,2,2,7a0c6dddad33be343bac9c54db1d1dabb323a56607d62eb231859254a82d4966
28,42,1,C8:23CC,13,12,1,1,2,2,adf417c8dee420e47329af66b5fdebc6105a334dc89a07907a9b7c080cf72478
28,43,1,C8:23CC,32,31,0,0,2,4,f09a1ff487d4343474f6b3cb56d0f3be841a2e357df788ff874f891b4d655953
28,44,1,C8:23CC,20,19,1,0,2,3,271f768ae14ae2ca35555950a8530b8d3e39161fde4a1bc6b1a7f0515d3a1580
28,45,1,C8:23CC,19,18,0,2,2,2,e2ef9d6dc8afe4dffe5b934f4acfffd6933cbe5b6f1deb2c304d83f9c079bec2
28,46,1,C8:23CC,12,11,0,0,2,2,38e683b18590fca35d2bbee1bd98f856bce76b6d07899bbf0b7d96dbcc70f3f1
28,47,1,C8:23CC,21,20,1,1,2,2,c8fec291a1dbd180bdf7d1302ded0906af7c816166b58c442812ce7ab3a53a39
28,48,1,C8:23CC,16,15,0,2,2,4,96cb40472763ed31257293200c25a6bd5c8cdb2bd2555be83a253b066b0966f4
28,49,1,C8:23CC,18,17,1,1,2,2,46de4d3d93d994d824a95407e18f2291841608b57ed3c04d667c7fab397b298b
28,50,1,C8:23CC,14,13,2,1,2,2,6da42a83673a685c6ab792e1dd651fcb415923d71962b9715ba73ed4cc0c61ed
28,51,1,C8:23CC,33,32,1,3,2,2,c37f22bea8cf9fe8f7c18ac8e8f8bbabb64fc1f229744fb956e8e9fd1195481a
28,52,1,C8:23CC,17,16,1,2,2,2,fce84d356b360603014447b860743ac6d7d9e0f24e61676626d83a112ee704bd
28,53,1,C8:23CC,45,44,0,3,2,2,a15daafdc348e3973956c5f38ed7e7e221cc1813358881eb9d51a1f010560ac5
28,54,1,C8:23CC,47,46,0,7,2,4,b63d0bbfa9ecb6526d5c427c9bc6a3c2fe3e8cd2f87135da3c4935eb2795283d
28,55,1,C8:23CC,32,31,0,1,2,4,06e77c677cc04b06704be6e3b9f310f23fabd9b64bc90c358663e74a088e3b64
28,56,1,C8:23CC,27,26,2,2,2,2,cf322c52868f121dc11e9ffa5406bd0625cbe1726e93523416869180c5f145e1
28,57,1,C8:23CC,21,20,1,2,2,2,40524fdb409d07f740c9db0e29a7a21d9db22e82d15b1a9d0007d32a691e14c7
28,58,1,C8:23CC,34,33,1,3,2,2,5d8443a758f63d120808f7a4f67f65be2e85940e37f0a52c1aed1317feaf1ba3
28,59,1,C8:23CC,69,68,0,4,5,9,9e9b37939ab1d6c8c29cb9f47c6319a6b920ca0554a252d0e5c8500158cf5702
28,60,1,C8:23CC,28,27,1,3,2,2,59f135a20149b02967b11a8d7fdce52d1ed353c2e6a811d34a2f55d0a0d31958
28,61,1,C8:23CC,33,32,1,1,2,4,f12870b1098de64b4a5703e93b7055d50eef8ff2ad837fb1e20815a063210551
28,62,1,C8:23CC,31,30,1,2,2,2,0b62c97f46eee388cdb6c0d2c19ba824ef20bfcafa33123ffc1e862f486a4d60
28,63,1,C8:23CC,45,44,0,0,2,5,946818ea487f125ec8342bebf7beb387c6b43ee2a7087ad37076cc76a28a4ec0
28,64,1,C8:23CC,13,12,2,0,2,2,3ada8566dd706ee280045e048c4217fa23731d4406afb41bbfc63a8870a7b1ec
28,65,1,C8:23CC,20,19,1,0,2,3,271f768ae14ae2ca35555950a8530b8d3e39161fde4a1bc6b1a7f0515d3a1580
28,66,1,C8:23CC,16,15,0,2,2,4,96cb40472763ed31257293200c25a6bd5c8cdb2bd2555be83a253b066b0966f4
28,67,1,C8:23CC,36,35,0,6,2,3,ce2db67f55c38fd6a4d57b821d8bb0cfa1eb9d181b68fd18224fe996ed6d6815
28,68,1,C8:23CC,33,32,0,4,2,3,f39de6854f78d6d1d26ebcf1809526770cf100487897b7e37dc39a121fc6b269
28,69,1,C8:23CC,26,25,0,2,2,2,06061db41b4cdf1608b2ec918ad677f640ec84650f7b64efd30526a522addf9e
28,70,1,C8:23CC,41,40,0,2,2,3,4dd5cef7aab7e51770bd3262453e532203bd05bcf8e544397d27b180913dc2b1
28,71,1,C8:23CC,17,16,0,1,2,2,7fb81ce096a78f60ac83abbadb71da525abad552a6dc6437f9151520116c95a8
28,72,1,C8:23CC,33,32,0,7,2,2,9fa1e3b7ab250e6a142d9b7971d497072de507c2dbe4b60fe79504c6c6238a3d
28,73,1,C8:23CC,36,35,1,2,2,4,4f0b5242fcbc26a9ad5cb2074405a87d0990de468056f39d5407a59e45986d1f
28,74,1,C8:23CC,26,25,1,3,2,3,1ae873016fda3aeb50a7a9a513a64bc40066d3b4662629bc99d5df4aab851be3
28,75,1,C8:23CC,31,30,1,0,2,2,afb0594b6de26deba0b2683b755cf80a907b72e6cabcd1e9dd32dda5dd22a17d
28,76,1,C8:23CC,66,65,1,1,5,7,bd69829eca6f77e977d641f6fe9b9c22233fd3d258893d85a9d741357913d4d5
28,77,1,C8:23CC,31,30,1,2,2,2,f7b7104d4f99b3db797561006dc87fa4dd26822ce9f3e255462452588599bfd3
28,78,1,C8:23CC,22,21,1,1,2,2,d6f2709029f78da7dd927365b42f6a112404f170ad9d0e4bc0dd7c9d25397a75
28,79,1,C8:23CC,39,38,0,2,2,2,95ebeb3afd76b6840b4a3e9f523bebb231596e1ce4898e5c473eb09e07291161
28,80,1,C8:23CC,41,40,1,4,2,3,4f61b891547754ddc639f8f14e3c7e2e44a22dd5a07e029b306fb9ce70dbb7e2
28,81,1,C8:23CC,17,16,0,1,2,2,7fb81ce096a78f60ac83abbadb71da525abad552a6dc6437f9151520116c95a8
28,82,1,C8:23CC,11,10,0,0,2,3,13a4495186b504bc698c7c693213c976ae781f4cae9a402140fe2e5b7801d337
28,83,1,C8:23CC,22,21,1,1,2,2,d6f2709029f78da7dd927365b42f6a112404f170ad9d0e4bc0dd7c9d25397a75
28,84,1,C8:23CC,12,11,1,0,2,2,62792fdfc472d0b0c46733093cb75ae2730a13b889be72198452eaf921b6e181
28,85,1,C8:23CC,20,19,1,0,2,3,271f768ae14ae2ca35555950a8530b8d3e39161fde4a1bc6b1a7f0515d3a1580
28,86,1,C8:23CC,21,20,1,1,2,2,c8fec291a1dbd180bdf7d1302ded0906af7c816166b58c442812ce7ab3a53a39
28,87,1,C8:23CC,22,21,0,3,2,2,78bc1d236cb3ee7e9340925defdb68fbede097ef573d29e91909cd913708ab8f
28,88,1,C8:23CC,27,26,0,5,2,2,5466a03725545ed5efd79ee1056807940299ed98b93cdfc6056cc31420aff555
28,89,1,C8:23CC,54,53,0,3,2,2,764cabdb140ff3d60884846c24882657964591ae85722b4381f2e1ca11a12eb2
28,90,1,C8:23CC,43,42,1,3,2,2,b4d1e0422fcd249e5113c092348ca41b4304060aad4d44f3b7f2be7d5fba58d2
28,91,1,C8:23CC,17,16,0,0,2,3,901a70c28d9204ca145f17bdd9985ca4369d625ae41ea2d40c7673990e464df4
28,92,1,C8:23CC,39,38,1,1,2,2,2db3e3bb3cce2bece57166f69ff1b360765185ac9aaf7710b7e5fe69eced0952
28,93,1,C8:23CC,13,12,2,0,2,2,3ada8566dd706ee280045e048c4217fa23731d4406afb41bbfc63a8870a7b1ec
28,94,1,C8:23CC,26,25,2,0,2,2,1c0e36e9cf7f9cdf4a203f2b9b5087e57f6314c15ff629d743d75faa610ce924
28,95,1,C8:23CC,16,15,0,2,2,4,96cb40472763ed31257293200c25a6bd5c8cdb2bd2555be83a253b066b0966f4
28,96,1,C8:23CC,21,20,1,0,2,2,dac540396e33faa72365639ce40ef95baffed618f06e694e0cc71d345d49555a
28,97,1,C8:23CC,26,25,0,0,2,2,d41db958ee9aa49922cf2fb7456b9fab6da85ab1adbe287fdf260ad2b82f25b5
28,98,1,C8:23CC,36,35,1,2,2,2,e87c967d0257bad806cb655aa89da68dad501df3ca793570c7ca888e59a22296
28,99,1,C8:23CC,44,43,1,2,2,2,2eaa5065fe55b40c84eebb4be646117630eef836bafc09683061bdfedaced843
28,100,1,C8:23CC,47,46,1,3,2,2,d9cfba5242dd6b8f19672b9f80e25b7fec2d6495723e422cc87ff1b35a86cc22
28,101,1,C8:23CC,46,45,1,4,2,2,e342b2ab506435aa2da5b898db04818fb6c398afdde4c1e678483f455e355ba0
28,102,1,C8:23CC,27,26,1,2,2,2,df296197c34c0814a8d3beee0fb8c545baaedc19b2b2cf08345d58e4067acd57
28,103,1,C8:23CC,26,25,0,0,2,2,06bcedadcda3ec262c5354d1caf5b097e08a5ded448b5e7a2d302b38a0d5f579
28,104,1,C8:23CC,64,63,2,3,5,6,d01552caa02c26258b5e3989a96eca41183b3efaa0bf04e732dc37938401a0db
28,105,1,C8:23CC,65,64,4,4,5,5,2b644555c1e7c80d263ad8fce9d3a75a36a0c5265fe5a631933f8b1d5ce8f147
28,106,1,C8:23CC,15,14,1,1,2,2,9c697a23fcaef4e25b683daae19afe4159e454148f58a45e06b09505a32070c5
28,107,1,C8:23CC,27,26,1,1,2,3,0d106085f2b571eb205ba2f8d42fb40301022e434925ceee87ee2485710bbed4
28,108,1,C8:23CC,43,42,2,2,2,2,7a0c6dddad33be343bac9c54db1d1dabb323a56607d62eb231859254a82d4966
28,109,1,C8:23CC,18,17,0,0,2,2,cd60662893762cc08a07abe718cd2699556197e8dcf857268b7f4493a0464467
28,110,1,C8:23CC,20,19,1,1,2,3,2b8216fa83c9fa73855dd94c4c7d0291299a6769e195ef2e998e9036059985aa
28,111,1,C8:23CC,13,12,1,1,2,2,adf417c8dee420e47329af66b5fdebc6105a334dc89a07907a9b7c080cf72478
28,112,1,C8:23CC,16,15,0,2,2,4,96cb40472763ed31257293200c25a6bd5c8cdb2bd2555be83a253b066b0966f4
28,113,1,C8:23CC,16,15,1,0,2,2,1fa395b2bf0f6fb86e58edcfc44b247860c6fc095885f95d377d8d841fa53eb8
28,114,1,C8:23CC,50,49,1,3,2,6,e94695f94f712381a341b63f19c9d9377c14dd0b6dded105c1e56eb3b9320431
28,115,1,C8:23CC,24,23,0,0,2,2,271ec24739f5d3b501536e26bdb5f67ee11424b8ced061df4720e6f5cb41b1a6
28,116,1,C8:23CC,206,205,0,11,14,14,5b954e8b4c35d7aebede23ced4523edf95370060bf86f0747105f16cf73676d9
28,117,1,C8:23CC,42,41,0,3,2,2,16c7ca5a8bd9d9f2bebd6e69b64dafe9e1b4971dfc326eee7b7a4c392b63540f
28,118,1,C8:23CC,40,39,0,0,2,2,c72d07351a2084e1e07a727d08c9e2bcc4ee06539982b4d4c00e6cf68763b27b
28,119,1,C8:23CC,87,86,0,8,5,5,8ff13f2054c50c85e8433b8f70c65ceefad311943a5499925b15bd34096696cf
28,120,1,C8:23CC,20,19,0,0,2,2,04cbc97d57f1ea92e9eee0bc8074e18d926f1f62c2feb1bd58aa07d2e5ec6d12
28,121,1,C8:23CC,11,10,0,0,0,0,526f29b3c8c24587e50b028d599d6f2a6151d142de1ae5b5ce00ffb7cdcf4e8d
28,122,1,C8:23CC,20,19,0,0,2,2,5c8ac6a09a6b5773384b45b2e0364b32e7d42542aaef36e6122a2bef7371a0d7
28,123,1,C8:23CC,27,26,0,1,2,4,f5244898d155d7306e8d62255a7b0ad023fedd9022624a598868230dcfceb8ff
28,124,1,C8:23CC,20,19,0,1,2,2,b2e2cab3c52038e5c402b7339ec2febc14cf85eff46945a3b591764219976545
28,125,1,C8:23CC,26,25,0,1,2,4,e138197d3a4b0635c86e4caff32e58702dfe4e65cfbbf7a4a26f5c7f771fe5df
28,126,1,C8:23CC,67,66,0,1,8,10,c229117d03da37d2e8ee91319cbdf08c25c01b02aee68353ad34fceb724a01e1
28,127,1,C8:23CC,11,10,0,0,0,0,526f29b3c8c24587e50b028d599d6f2a6151d142de1ae5b5ce00ffb7cdcf4e8d
28,128,1,C8:23CC,41,40,1,1,2,2,708e3176520e2a184250cc28ca6195039589cfa94bef76965a874c676fbb34da
28,129,1,C8:23CC,28,27,1,0,2,4,4e626ff372298fb585035ad2b594810dea9d254db1ee599f35fac1fe47494bac
28,130,1,C8:23CC,20,19,0,0,2,3,6546c57720b2ed65e8b1bec51d1e64026adfb00495fb4b823bc2b520fb477df0
28,131,1,C8:23CC,57,56,0,0,5,7,c85704f51b2b6c7b55fbe573ba48d6f0973c3d41f7f715c28b1508b2b7c3c229
28,132,1,C8:23CC,38,37,0,0,2,3,d671899f206dc5224a42fa79491b250fab0f2f3c24ad53b7927011fe0b6364c8
28,133,1,C8:23CC,33,32,1,2,2,3,9aed08568b54644f5e9804f4e4bd7cd05ecccab05a08100f6d8f247e5e7e9491
28,134,1,C8:23CC,41,40,0,1,2,2,e988ecd79d02b23ef5b24354469a103f041bc729b5a975475737124d7fccfc2c
28,135,1,C8:23CC,20,19,0,0,2,3,6546c57720b2ed65e8b1bec51d1e64026adfb00495fb4b823bc2b520fb477df0
28,136,1,C8:23CC,13,12,2,0,2,2,3ada8566dd706ee280045e048c4217fa23731d4406afb41bbfc63a8870a7b1ec
28,137,1,C8:23CC,21,20,1,0,2,4,0087364ce897b004d7690e26f1750eb960caf4ed5a5fd1a6b230510b928d1497
28,138,1,C8:23CC,51,50,0,2,5,7,04a1a46de922540735498c5496b9c447d6d9babd47715756614a5aed0cbdcf3f
28,139,1,C8:23CC,240,239,1,26,17,27,973b34578a19c65113ad04a1b2a73e1368ecc0f77abf5c3d36e2c45bf8219aae
28,140,1,C8:23CC,42,41,1,0,2,3,cf54ea335e20360044c5ed7ad408e69908174086924ffa4d99fa5f32c2d812f9
28,141,1,C8:23CC,103,102,2,6,5,7,cd685c7b4820e83d60ed9152de5c620e62b764957697ff24a3fb1efde5d42e32
28,142,1,C8:23CC,31,30,1,2,2,2,1635b9eb9bbbd214dbead68e4bdd97b6e7f0305d8c18b6186810e19cde072e4f
28,143,1,C8:23CC,33,32,0,0,2,2,9abb289b0b9e7543048b1a08aa02c9b7ebbe2a3a3a145b8f51f912f06908bdfb
28,144,1,C8:23CC,20,19,0,0,2,2,b6d8f1202922a137ee2afaa1ec8ac289aa6402d6b10b8c8ba14296cf7c5351e4
28,145,1,C8:23CC,19,18,0,1,2,2,21e022fae83f603928fdab77538b34927be3d6a86a2ca599da50e681b7485fdf
28,146,1,C8:23CC,29,28,0,1,2,3,1caa747d96529224d34c3877d28c83149266a319142174b63ebebff1a362ea4d
28,147,1,C8:23CC,33,32,0,1,2,4,300910486ec14ce8e1ef92a5fd4693d845d94c69a13b71fff6521e9416e8bf18
28,148,1,C8:23CC,19,18,0,0,2,4,d1d562887845b54649e319c7bc99063dfd261251be8fd070040dd54aa04806d1
28,149,1,C8:23CC,22,21,0,0,2,2,a94f5f1100a3206dbe63d98c536e313d166a70726c5cfe7e3c438a02351a4174
28,150,1,C8:23CC,23,22,0,1,2,2,f08742c74e49e3f49d889b3d97edd281105caba0c3f651ff447da27c1bae1088
28,151,1,C8:23CC,16,15,0,0,2,2,e1a88f1e794156233b040bc0a02bf526f33f07fbea15e171d497087e24827e86
28,152,1,C8:23CC,24,23,0,1,2,2,dad0ccd8e2d9d7b748fdac8c47bbc3c4c6c75ebafa619d1b53a76bdf45398ef1
28,153,1,C8:23CC,22,21,0,0,2,4,ca7e11c222d602277b87398fba82f427356f86651ffd816b69ab982ecae0bce4
28,154,1,C8:23CC,26,25,0,0,2,5,ee434c10cad7d2ec503b2def6073c91fdc41f91fc67507f6326082c39a1f54a9
28,155,1,C8:23CC,33,32,0,1,2,4,300910486ec14ce8e1ef92a5fd4693d845d94c69a13b71fff6521e9416e8bf18
28,156,1,C8:23CC,19,18,0,0,2,4,d1d562887845b54649e319c7bc99063dfd261251be8fd070040dd54aa04806d1
28,157,1,C8:23CC,22,21,0,0,2,2,a94f5f1100a3206dbe63d98c536e313d166a70726c5cfe7e3c438a02351a4174
28,158,1,C8:23CC,26,25,0,0,2,4,a92a862234d6a6ba2b2018f229dab82ff5df80e1e5441e0f05ab2d063b6ade9b
28,159,1,C8:23CC,16,15,0,0,2,2,e1a88f1e794156233b040bc0a02bf526f33f07fbea15e171d497087e24827e86
28,160,1,C8:23CC,19,18,0,0,2,2,112491025b9e45e45358b7d6b6da813717e8e8c4d91798f8578900fef4db1d3f
28,161,1,C8:23CC,25,24,0,1,2,2,ebfc81807fac344393b973ba47ebe72232d7ef1d3ad0d47a8ff17f2db11b42b2
28,162,1,C8:23CC,26,25,0,1,2,3,adbf28ef73cad059de1e624284ca9fc009724d3c5b432548863453085ac4d80d
28,163,1,C8:23CC,33,32,0,1,2,4,300910486ec14ce8e1ef92a5fd4693d845d94c69a13b71fff6521e9416e8bf18
28,164,1,C8:23CC,19,18,0,0,2,4,d1d562887845b54649e319c7bc99063dfd261251be8fd070040dd54aa04806d1
28,165,1,C8:23CC,22,21,0,0,2,2,a94f5f1100a3206dbe63d98c536e313d166a70726c5cfe7e3c438a02351a4174
28,166,1,C8:23CC,22,21,0,0,2,2,f05ed56f7ae2aefb032f443245e0d870861012d13d02644a76a5fbe1c5c1781f
28,167,1,C8:23CC,16,15,0,0,2,2,e1a88f1e794156233b040bc0a02bf526f33f07fbea15e171d497087e24827e86
28,168,1,C8:23CC,21,20,0,1,2,2,17b7886e3cdc0f872a8369767963743e293ac9acb05e393bd2f28b55cb23e6f4
28,169,1,C8:23CC,30,29,0,1,2,3,f3fa298c0c9d077a1e6bdc596b6b68b7ed6cb6ac1f1e287854dfd800a4cd8433
28,170,1,C8:23CC,19,18,0,0,2,4,d1d562887845b54649e319c7bc99063dfd261251be8fd070040dd54aa04806d1
28,171,1,C8:23CC,22,21,0,0,2,2,a94f5f1100a3206dbe63d98c536e313d166a70726c5cfe7e3c438a02351a4174
28,172,1,C8:23CC,16,15,0,0,2,2,e1a88f1e794156233b040bc0a02bf526f33f07fbea15e171d497087e24827e86
28,173,1,C8:23CC,32,31,0,3,2,2,e5720bd6b2d583ed4694af5ada257d1cf33d37b925d91cacbbaca9c2b3898b5c
28,174,1,C8:23CC,31,30,1,3,2,2,09dd511d3cdf102cf8240eee3bb8aa3a19ad4516046ee2e8c1ff0849a2d1d694
28,175,1,C8:23CC,44,43,0,1,2,2,d36095196cb3161316d4c034a69f31439d0c669ca56feeb4723bbe40e99718aa
28,176,1,C8:23CC,88,87,1,4,5,8,090a8916f437fcf53d52522009797cdd911a8d504a198c0d0cae1606a5994e42
28,177,1,C8:23CC,24,23,0,3,2,2,2db66a302dd3cb470dd227c82eefb38cb76d1a9b0571b9fcf36fc867725c3e31
28,178,1,C8:23CC,23,22,0,2,2,2,f27f14e233acc77c71cda8ae525a8187a4c7ae4cbca4f6e0580b2631cd7d27cf
28,179,1,C8:23CC,33,32,3,2,2,3,9844ba0e78c94a8bc56823ebaeeeb5f16b378122723433b905e61c99985d4c4f
28,180,1,C8:23CC,45,44,1,2,2,7,b4d15c8ea7862d282e561adaa0de33d7d565cba2cc4fb2ea2e23308806b982b3
28,181,1,C8:23CC,40,39,1,2,2,7,6aa2045530891a75a81a4a0291dcfb3c897a046cf6624a677e4849a698d9d836
28,182,1,C8:23CC,29,28,0,2,2,3,844ca9ef507051bde158569ff6bfd2ac79d17808d339dd30f5bd21aface89d5e
28,183,1,C8:23CC,16,15,1,0,2,2,41f7fe0834796525e42840f32e8328fd296f92e772c358d37f5331ba08d428d2
28,184,1,C8:23CC,22,21,0,0,2,4,6a24c7db4c16f4d9b68981b3b3d07c1a3fd343da6a2d6f1c37d1d1c17ab44d4e
28,185,1,C8:23CC,26,25,0,0,2,6,3e84e0e84cb054f4bce841727b3d0c7725811c4fa516131354be0e77da9667f3
28,186,1,C8:23CC,14,13,0,0,2,2,d8558e2f05f2da853602d2d9b6780930246d6c7ce59a40186dbe77f6f31351e6
28,187,1,C8:23CC,25,24,1,0,2,2,82fe354c7892c73ce07de07e5dba3170ac52b56964e87816e14a0665ef878872
28,188,1,C8:23CC,22,21,2,1,2,2,c4c47e3039b8deda609afa0e94b3c5270b89fbac37611531990831720e223e31
28,189,1,C8:23CC,34,33,0,1,2,6,66497bbc9619ae934483a1a1c4eb8207d0e4da7009dfb7d29945b109c4152f61
28,190,1,C8:23CC,29,28,0,1,2,6,f7362b921906bdeefadc65e7f875d0b79c1ce434a22c287627c7e4a83525537c
28,191,1,C8:23CC,43,42,2,2,2,2,7a0c6dddad33be343bac9c54db1d1dabb323a56607d62eb231859254a82d4966
28,192,1,C8:23CC,23,22,1,4,2,2,5e180d7f485c06bd4109063bd7d42c3c75b86abe58f565fc2fb2690af27f1d41
28,193,1,C8:23CC,43,42,2,2,2,2,e9d1c0361d3bd26730059c9a2e4d23e15e7301914b1e2ca8577cca377d084bce
28,194,1,C8:23CC,49,48,1,2,2,4,1b395a89d8cbdc9f8fa6bb0808aa0081169ccaad0dce2a594fdbde319b405666
28,195,1,C8:23CC,53,52,1,2,2,6,5ed4f3df2721b4d78f955a6d881b23c1ec2c56baca05a8d280af5bd6d3e965fd
28,196,1,C8:23CC,52,51,2,3,2,2,3e2d3b82f37b77af4e64a7c4938591e6c3c2b130016303974a540ad436963864
28,197,1,C8:23CC,57,56,1,9,2,2,11fa23ca472207d80edd7e8a41e7b27378999c55bf3dba1a087394dfe1129fb2
28,198,1,C8:23CC,40,39,2,0,2,4,e71c9f6893c4abafc4d54a60fbf41e11d9446c263ba2b22479910c660aeba65d
28,199,1,C8:23CC,46,45,1,0,2,6,a9ec3858402a61f3e418ccdc63eb85a6586b583df5993997b8ffff553fa255b6
28,200,1,C8:23CC,50,49,1,0,2,8,8dc3a8edba2e1e7e70af7816ffab2715848579cc9ab29fe3716097739a84c914
28,201,1,C8:23CC,42,41,1,1,2,2,3b0fc8a5a22bfbd15e169a39aa53be6d20d82308c03a7a74af0f14a1c0d99313
28,202,1,C8:23CC,55,54,1,8,2,2,baaf5f018f87ac877d2ebc2ea37f44c80e371723fda4a41d601ee36a8a03e16e
29,0,1,C8:34CE,18,17,1,0,2,2,42e46f6ec5368d97a8f0f820db82b101b924e4eb1ccf4351d3ad447c6d5aca13
29,1,1,C8:34CE,15,14,0,3,2,2,0015c3fed9561050da7655effdef8abc8caa3bc3c3f0b49076d233272c8e9bdb
29,2,1,C8:34CE,20,19,0,1,2,2,0c6166afd4881149eaca09d5a0d9ac785092d5514840b2288a22f1ddcec4ec1c
29,3,1,C8:34CE,27,26,0,0,2,2,bdc1821eb13603951b6d7613851738bee3d9d160ddec3132ec94c9ddee4452d9
29,4,1,C8:34CE,39,38,0,4,2,2,0ff8618f1c49407137b7bc316030c5bcc05ab578cc307e742b6bb784e24cb8d1
29,5,1,C8:34CE,31,30,0,4,2,2,49563810c990c2af6efe06e492f4c61aa5c57faedbf12f2c5946101bff3078df
29,6,1,C8:34CE,19,18,0,2,2,2,c95174c58ee1c071cb64bc60cc975ee2d4ee3ce8ead85c34aec7c68c4dfec9cd
29,7,1,C8:34CE,22,21,0,4,2,2,5ed53e2d70e904cc6d01ad9609c29d8664a5dfc43b97ec6a01e81a3ba39c6ff4
29,8,1,C8:34CE,24,23,0,2,2,4,8383fc6788ac8845297e89ee1a1c874dc97d6662636654d20525915fcb2dc01d
29,9,1,C8:34CE,18,17,1,0,2,2,ec432bedfe8c7c38812e1595aa1b3241768cdbe52f0022770692e7b2fff320b5
29,10,1,C8:34CE,13,12,0,2,2,2,80355c329bbc164d2ddf19a7781e6692604a440f8d885fea43b61a31224c01fb
29,11,1,C8:34CE,20,19,0,2,2,2,15f9706f806b5d235b1db27ca4407d9e6ce52eb417a204e8f45336d0488a83b7
29,12,1,C8:34CE,15,14,1,0,2,2,5df401de94cb16e7e68a6cfdc13cd266cf9c9ec73f241f05e40addeb74ea7d8f
29,13,1,C8:34CE,20,19,0,1,2,2,b89511beff070b1080be3b2ca961449f904b1c14eef5ae5dae7c9802686d1e49
29,14,1,C8:34CE,18,17,0,1,2,3,f87a1dea0529be7d04c4404eff2b2d4e5d1cfa370f28a16911d686f0268fbf9d
29,15,1,C8:34CE,13,12,1,1,2,3,264271a0b804fb1f5b52ff9c18db940dcaa527d26cd0aba12934df58193f64d1
29,16,1,C8:34CE,20,19,1,1,2,2,6ef24a7b59f9835a8c63a365b60520010c56f9c772fcd8434ed3091c5ddd4a19
29,17,1,C8:34CE,18,17,1,0,2,2,45b7cd4a8f1d4a6dc136f25f07768386e6ca20de6bfdc99031405708cd09d475
29,18,1,C8:34CE,16,15,0,0,2,2,23223eff45d2ed0032d65874d5e29548ed677863fce1d16caba182c6bbc53e98
29,19,1,C8:34CE,18,17,0,0,2,2,56d4136a96c147a4206583f331ec09350b5f30df3183b4678c41f0ec795dbf8e
29,20,1,C8:34CE,18,17,0,4,2,2,739bb7b4d7d55a35e6a6cdfce0bd6a9e88148463bb5fbcec9a4fcd88215b6b5d
29,21,1,C8:34CE,17,16,0,1,2,3,3d695f6858fb7b8d30eefbdb75de48ffc824e071438c1d635704c7f7eef49b5c
29,22,1,C8:34CE,12,11,0,0,2,2,f337a17cbb2e1ac8dcefd86c4f147bfef44a8727e2cbb17afca09830383bf45c
29,23,1,C8:34CE,9,8,0,1,2,2,0b46ec985028da913000acd959bea85296b0773a988966554d2a491249d749ef
29,24,1,C8:34CE,36,35,1,1,2,2,3296740e0e48fca2eb4b34f9b04410e9ea66a78fbdf79d1363948310581cc13b
29,25,1,C8:34CE,28,27,0,0,2,4,3cd1fc79dc234f2898d7e15970ad9bc78ab72be6dce86f51878918c6dbe92841
29,26,1,C8:34CE,17,16,0,1,2,2,6fee317f644d49f4440d6a160d2853f72be21451ed5cba18737e298fcaaed4c3
29,27,1,C8:34CE,43,42,2,0,5,7,6f898e65f3453163856cefb03384489b8ebffeff3c96bd4857c539f6b8f1a5d7
29,28,1,C8:34CE,26,25,1,1,2,2,5e1f928079c3b86339087f01a5b754b0db3240cfc9abf4a0f650d54cee9a4112
29,29,1,C8:34CE,64,63,2,3,5,5,a222107e39061d7d9a7ac4881a0ab297aaf12314759dc6be7496bb80ac2ee3e3
29,30,1,C8:34CE,24,23,1,0,2,2,7b5dc77e956e065ba34a6b7a33ea4599a7dbfa70dca62d2dfedede7719afe31a
29,31,1,C8:34CE,48,47,4,3,6,6,0ed1ddb632261625b90e472dee24e4ef5a4b29800dcfdf922f04f8ba33a16c26
29,32,1,C8:34CE,15,14,0,2,1,1,f556a634665c43f4761369741222062be8390dd281447a9735c80d68a01cc8e9
29,33,1,C8:34CE,29,28,0,1,2,2,15e27bf656c54b11b7a84b668ded2e0b3f886979894290d2d7814f569c09eeb5
29,34,1,C8:34CE,15,14,0,2,1,1,eda007132557b961a59a64ed101dabd52c5c044502b0c77584fba4708a01e4de
29,35,1,C8:34CE,39,38,1,1,2,2,2e9988b2fc8f88966b319cac440a16cfba26c6824def3047984f2365ad28d0f9
29,36,1,C8:34CE,15,14,0,2,1,1,95db84a59bfac494e9aee9410e1bbaff72859833692e7cb694b13650a5f25ccf
29,37,1,C8:34CE,22,21,1,1,2,2,d6f2709029f78da7dd927365b42f6a112404f170ad9d0e4bc0dd7c9d25397a75
29,38,1,C8:34CE,14,13,1,0,2,2,5f442e9a7442c054e742e61d0c53bef00fbdb1f0b29a70c7a473cbf23aec5d56
29,39,1,C8:34CE,82,81,1,2,5,5,dce72855e89bcbb6f743bdd9ec1e3d2b503ac2f27e60fefdd74561d3234bd5c2
29,40,1,C8:34CE,39,38,0,1,2,2,c15c1e5c7fa6801f5d32cb8cf60c5ab3c1aea6f6bc9d779b290de99aeffbf65e
29,41,1,C8:34CE,13,12,0,1,1,1,23c1519e30e433c7a2a0d413d83d23a5050a7507c88a2ca4a63cb0ee93d2cea8
29,42,1,C8:34CE,29,28,0,2,2,2,8e9b9fbb88dfc62a1a0938d3ffafa9f93cb85e75c254ecf3c28994240a841aa6
29,43,1,C8:34CE,18,17,0,3,2,3,a89da29826ce28a9012e8f2750d4a2e59ce934981dc47515fd0456ea93ac3329
29,44,1,C8:34CE,13,12,0,1,2,3,e89673c56fc041927eac154ed1eea184a8f83e6a096455630a93a0677eaa3f2d
29,45,1,C8:34CE,12,11,0,0,2,3,aad9ed4527d589c48c56652dc7582412fea4fa6f60045dbef5aa22cccb7956ef
29,46,1,C8:34CE,101,100,1,7,7,10,3cdee6accb86e641d32e1e5f8a6ea2602161dcaeaa352727b951b75e58df4f16
29,47,1,C8:34CE,54,53,0,2,4,4,545ff3371d71473835f65543c5c15e93c00a19c3225e8731be41b600f3d0ed1a
29,48,1,C8:34CE,14,13,0,0,0,0,9287b48e9511734ef4384059742d4e834855c09e5251af6567c4508c5ff367f3
29,49,1,C8:34CE,24,23,1,3,1,2,552ce257523857cf3af9b1999976189e755db8b74e20772d1de7857e9fac8aef
29,50,1,C8:34CE,29,28,0,2,2,2,8de7c6d45b6a84b26a9d0a0e77fd76e8b165d71f99b8c88d37a18a7bf4a46428
29,51,1,C8:34CE,14,13,0,1,2,2,1c6acf8ece8a9e2b8bd06679c1f68936d1fdb7cb17759ff60045c959a65f5e26
29,52,1,C8:34CE,20,19,0,2,2,2,90b1fc969b50e7249f3f5c0ba760088e6821e5a307562d650f76d94e031f23e1
29,53,1,C8:34CE,42,41,0,2,2,2,58aa12387734c76006f23b0a2089a3be22b627699ba42113c716ebbbb05a1354
29,54,1,C8:34CE,50,49,0,3,2,2,1d85b2cc0d69e219f5085ebfdbec73f5ab0021e4411d734f786011c358d16914
29,55,1,C8:34CE,48,47,0,1,2,2,560072421541ef298f6d40b1a714cf3b3c71c818645c9b6af1fbcb2b0bc99ed4
29,56,1,C8:34CE,47,46,0,1,2,2,a5402d196344e3e2744a7d215730739871c2b447d36fb481088968b1007f9198
29,57,1,C8:34CE,51,50,0,4,2,6,724e8aa265fe707e05048e2eba5fc6a93a81d391d9c9a4fdaf3c2cce2369f95a
29,58,1,C8:34CE,51,50,0,3,2,6,1e637c05a5bdaeacab2a2f85e380bc1bf6421836fa4e5bda6de729470a9f5df9
29,59,1,C8:34CE,51,50,2,3,2,4,2eb5f2dba67baf58260645dbc3d2b4fd898a3c25f9daee58f25499f65cba0915
29,60,1,C8:34CE,51,50,0,3,2,2,290151a031f880a13b8f1d46fb13e5342dc854ab46241cd9012441fdfb48620c
29,61,1,C8:34CE,41,40,1,0,2,2,aa913b7114717acd53e552ba9b8b0075cd3f667848ab4e7cf36015163ee4bd6f
29,62,1,C8:34CE,8,7,0,0,2,2,a8a3aee3951a507bc63b089480b619dd7b3515cd04dc29a6648b23c2e3d661b1
29,63,1,C8:34CE,24,23,1,1,2,3,8f8e6b66e81b48198e9ca3288f33b89886847c1c2da2f6112834609acf2ee779
29,64,1,C8:34CE,37,36,0,4,5,5,eee4d36e1b25f20cc331a9759016d3034a86bb9718e403b08c5a1e025184d969
29,65,1,C8:34CE,28,27,1,3,2,2,7a27726f5c4e1a5228c4bd25835a9cd990b397c5275eeb4af3c0ec0a4df56f3f
29,66,1,C8:34CE,9,8,0,0,2,2,1297b525a2cec46cf5bcac44cb220c2d97485f008d9cd2924c163832b65eedc0
29,67,1,C8:34CE,26,25,1,1,2,2,e563f5e1554e364e17f9e40ed5ff686b3c670236f1c5e57387e99c7c19d1fbbb
29,68,1,C8:34CE,9,8,0,0,2,2,1297b525a2cec46cf5bcac44cb220c2d97485f008d9cd2924c163832b65eedc0
29,69,1,C8:34CE,21,20,1,0,2,4,0c25dbb00e9557a528630c04a3418142e80ce4c7ad12bac3496c3e862bb5b10e
29,70,1,C8:34CE,16,15,1,1,2,2,2760b1c465aaddc1e3d58491ef3da41b1098be649ae1bc633f8cd102c078b6bc
29,71,1,C8:34CE,40,39,0,3,5,9,8b7935b97038521fcd9b9da15f9d91d35083233e29b8820770dbbb9cb2f10014
29,72,1,C8:34CE,14,13,0,0,2,4,e70eb12d46bffa641adcd0a5d106ed9e873a15322af8b186c35978186b2bb7a3
29,73,1,C8:34CE,27,26,1,2,2,2,ca760b8fa26a2278bf070e5ac73007aec57990d3ae22935fc4f15860d490dff9
29,74,1,C8:34CE,44,43,0,5,5,5,925544285982b77dca5562f96fc22500c160f1dc42dac62aba9d9280da3c3c4d
29,75,1,C8:34CE,10,9,0,0,2,3,60c0ea5cec56ede7641b163825b4c1e8951f7fc08498159da5c0982895359573
29,76,1,C8:34CE,19,18,1,2,2,3,d64cc4e5a689a366f483c51a758f016363f2dad5688f66b71184b8186c8cd1f2
29,77,1,C8:34CE,40,39,0,4,2,2,a20fc8c0a77dbab1f8da336e32fb79e94e6111ccf4754dc267c6cffc9b4489fe
29,78,1,C8:34CE,44,43,0,4,2,4,ccbbd68f7ec396b256dd6b88eb9a844dc629d507b3e5d22e91f59610c6bf9e4c
29,79,1,C8:34CE,40,39,0,4,2,2,b6500908bf93768906bc3fe1e1891c8b90f97514b3b93b37c147c3b5b94edfa0
29,80,1,C8:34CE,44,43,0,3,2,4,cdcd981538bf5aff24b909bba7c2122e045821f94b7b17308e6ec9f889aad37b
29,81,1,C8:34CE,41,40,0,5,2,2,fcbba43bae3fa0fcf298d5a0ad1ebb0ce512aafa905428f3937c411f59fc6942
29,82,1,C8:34CE,43,42,0,4,2,4,a7cc75239a1104832cd51a1fa61a6b76245ed4fdac33615c468af26d18e4077f
29,83,1,C8:34CE,42,41,0,3,2,4,582a45fe215ec613b566009b8c9f660ef7d081f3abd1081a836890b10437071a
29,84,1,C8:34CE,40,39,0,4,2,4,4de9e32f60e94dafa1af928bc925f75a4bc3412c4fc7d96a46f7215dccd931ad
29,85,1,C8:34CE,36,35,0,2,2,2,ce983393db28055e17b2357cd028c698f0e975578375eebf16b3e2b478416c7d
29,86,1,C8:34CE,35,34,0,3,2,2,13e11e385215c84e22be4ca5c80e1e6a829813a909f8458660c92a9a01cdac26
29,87,1,C8:34CE,41,40,1,7,2,2,9fb63ac466296c19d0af7c5683af4c5441d707df672f9d8b3f12af2fccf1200b
29,88,1,C8:34CE,43,42,2,2,2,2,7a0c6dddad33be343bac9c54db1d1dabb323a56607d62eb231859254a82d4966
29,89,1,C8:34CE,34,33,0,3,2,2,a3a8810eef077218451a94c5d060f8305bfc019c1ded2f47e9ed36f43d914a3e
29,90,1,C8:34CE,81,80,0,11,5,7,896a213626fe96ffcce6537bc2c1cb7687b77650ba006834990c9d6a55c378a5
29,91,1,C8:34CE,179,178,0,14,14,20,347f804032d7d175457223a7a4e71a31cf15bc7e93e8fb5f6087daa381754c42
29,92,1,C8:34CE,207,206,0,13,14,28,9338790ff72baeb3d3e8d6e972693893568ab8e73e114718ee317d08a9202383
29,93,1,C8:34CE,267,266,0,25,17,23,994effe3bce6c15d84e559e8637573d98a0d46948791416e9f9db973241d0572
29,94,1,C8:34CE,245,244,0,12,14,42,d74a6acc9c603793d1134a9fad68151d49b68319664c66136e4aa83daac8e9b4
29,95,1,C8:34CE,97,96,0,6,5,11,925bd141d032b0c108d571dfece55e4e294f994220ad4f4a59f012f1b5718d59
29,96,1,C8:34CE,243,242,0,17,14,40,1cce0d019e39536a18882d377d15625af36361827600dc95dfafb94537a04176
29,97,1,C8:34CE,42,41,0,3,2,2,c2b95a6236375df848dea40443bafc7a93ca86b4ee2448faba63e032c4b5f3d9
29,98,1,C8:34CE,18,17,0,2,2,2,52395fd04c324417602fadc112589da5618ba2345e2de31576e4d583aeb01222
30,0,1,C8:402D,33,32,0,2,2,2,21ad604f978028008c14d9546f4996a7dbb2673c0333d2f8bf01e755b6bac6db
30,1,1,C8:402D,16,15,1,0,2,2,beae8d99a427149d0e162f186ec33ac49c508e964cb03fb922c614c7c8aa86b1
30,2,1,C8:402D,26,25,1,3,2,2,638888d54f3ecd89ca43ea437dd52db643c989e65b3441493d94559630400678
30,3,1,C8:402D,24,23,1,1,2,2,82b1fc28395ffaf3d899ac2a3bf9423cc0b7ec1202cc7d035e6bf88c4cf9b2de
30,4,1,C8:402D,34,33,0,2,2,3,c263488a95a1e83539d6ce81dfb768a8a6e55944d6877188e36885ad0cdccce5
30,5,1,C8:402D,42,41,0,2,2,3,88b5e2f3614bcdc7a8de4098ce2aed62dab97cfb6fb5c81e2a912b4f21ecddea
30,6,1,C8:402D,44,43,2,2,2,2,bbec634469eada61f62f4c8a237115db033912b35ce65b294100fc9e16a490b8
30,7,1,C8:402D,20,19,0,1,2,2,8d58126243f421da88add8298fefed06fa9cbad69cbd5ec3d025d39a3ed0a884
30,8,1,C8:402D,26,25,0,2,2,2,58bd6b0537f6ce2a1c588de57b56e90856d7e2282212eeae06315e2a339e4f48
30,9,1,C8:402D,32,31,0,2,2,2,d9a5bc43210ae36c9eb28e20ce5a5dc35865a50c5349c8c060691ba00449ffde
30,10,1,C8:402D,25,24,0,2,2,2,19e102699a1f53e693456e609514084e7a1cf990e24a773fd914fbcd17f5be79
30,11,1,C8:402D,30,29,0,3,2,2,b126c2e04e07d2f5f74a18dc8588f257fa32e274dd991da2b990ec04e5109872
30,12,1,C8:402D,33,32,0,3,2,3,ef6a636a5c16e54565405fbeb2de96015a77f1f74233c093b9d7ffcc801b50de
30,13,1,C8:402D,68,67,1,5,5,5,d18094a1a4c48f5aa11ec20fa13d9328f83798db730948a95bbd90995cdecee1
30,14,1,C8:402D,30,29,0,3,2,2,99b2173a79a379429857453ec10abd1bf73867c54e9c97a4f0255f3138a0f609
30,15,1,C8:402D,23,22,1,1,2,2,3afb1e1582d598d044f9933769afa8478baae14efe404b5a60a34e287fa8e661
30,16,1,C8:402D,63,62,1,7,5,5,d3cdeddfaaf51942b4ac2089ec4b52d764a922d290978dd2df348f1519ca42c2
30,17,1,C8:402D,31,30,0,3,2,3,ad5aa47a641f2c905a485a068cac9bc2b6eae22efd46742292d46a9033398aea
30,18,1,C8:402D,66,65,1,5,5,5,d73e1db2a379cb1246206e305fd75aa70df5d71c1c99b832ce94595c20193e40
30,19,1,C8:402D,28,27,0,3,2,2,a4572f9ef5092e4a47bb09564b30f0c9d4a0cfb62ead2e823d655536ad098fc7
30,20,1,C8:402D,34,33,0,3,2,2,f7cb4e656b3062f6979f8b7aee0a5925b18abe49101dca39d13ea6b7b1d7ecf0
30,21,1,C8:402D,46,45,2,5,2,2,46238d49d068fd6496cf3f9bd329c62d101b3d4522d69d8c3219b9334d2c297c
30,22,1,C8:402D,39,38,0,2,2,2,8faceb630e4c332cd4578561fed20014967f11ec1e5d30602f5922d38621606f
30,23,1,C8:402D,28,27,0,0,2,2,18509fc63d8cf89a8d8f16185bfdacca65873de27b2b1cf52f205c4f357eb451
30,24,1,C8:402D,30,29,0,1,2,2,d299bf0ef736f97576f9c69ffb94b6ddd480e08c43d4903cfe1ab24d61889c3b
30,25,1,C8:402D,75,74,0,5,5,5,761b494953ca2d9deaae3f7a02ba37ec11402eecfffe2c526c3feb4959ce1874
30,26,1,C8:402D,83,82,1,7,5,5,88d41fc2c4edcc64727c0d362f6f653843627f1bf10c1f7ffd3156ec2c4af183
30,27,1,C8:402D,40,39,1,3,2,5,3374d5f21281621ea17efadc9e70c462dfedac33203f42b8f9ff28c6e45f8bdd
30,28,1,C8:402D,45,44,0,3,2,2,dc11ccc550cf4a0042a794a78790d55fc25fc13ba857633e0d75af11e3ae48fe
30,29,1,C8:402D,52,51,0,5,2,2,4cba393c790a0637ada9a1e66f63d3be605c9460bd54098b14f0ed20ff54e6d4
30,30,1,C8:402D,41,40,0,5,2,2,203694fd6b6a73d9e2ed5ca8d48627bba377a185c715c2a62860aa07d4c19117
30,31,1,C8:402D,53,52,0,2,2,2,0fb50650c1349283c24bf62e08f56dfae8f7981f0f589667127e6fd98b35c063
30,32,1,C8:402D,51,50,0,4,2,2,3cfbb4536fe2cb9a835cb1a3a965d07c3c75c2bdb0c43bf92ab5f14193633116
30,33,1,C8:402D,71,70,0,6,5,5,d331005e5f41632fbf35f813f611244548f78686a0f38019da97a07e46826f6c
30,34,1,C8:402D,69,68,0,6,5,5,07afaa1f014ab39946c226cb6faf60c9e2025e2f9c197996c53ec8cc130f7690
30,35,1,C8:402D,55,54,0,3,5,5,65a047c93b345389701a5a6ea468e0cc383a19da2ecbdfb9748df26789fac6a0
30,36,1,C8:402D,127,126,1,15,8,10,cacaa6a945b3bb72cddb5d6ba55756d241bcdffa041f2c93189df0fbb5af6614
30,37,1,C8:402D,135,134,1,14,8,10,93d394971a09352cc37ddad177946557b83c4ec537f23dc797323b3cb9db508e
30,38,1,C8:402D,195,194,1,26,14,16,539fee48930f387fecf2ea5d2376131f16ae5141059b09f40396979ec81edbb5
30,39,1,C8:402D,22,21,0,1,2,2,53e823b61a0e11ef4e3a25ebc66807a7e2cd49160ae747073b4d98e61c2f91b2
30,40,1,C8:402D,24,23,0,1,2,2,882d10612436d7f8c15921a2184561e22e7b09771acd6817eb465e153aabe94b
30,41,1,C8:402D,33,32,0,0,2,2,ce9c0509da2d4f0f2554384e53d625f329dc22f8a03604a2be16091caa31a651
30,42,1,C8:402D,31,30,1,3,2,2,09dd511d3cdf102cf8240eee3bb8aa3a19ad4516046ee2e8c1ff0849a2d1d694
30,43,1,C8:402D,82,81,1,7,11,12,e066bae70a7ec993637d5c583cc2b0a8459ad3318eeee92d14697273ecc201cf
30,44,1,C8:402D,98,97,2,2,5,9,b35c4020bbdebc7338f1924abc50e8afeae009d24db6278dbd7c637803140f5e
30,45,1,C8:402D,53,52,0,2,2,2,a1a97754d7983875064f0a6f95a5025133beb468bf5ed902a881a16869f5550b
30,46,1,C8:402D,52,51,1,3,2,2,47c1cecc0ff6b07ae6e9cc2d4d2f4f839aceaf259bec7c82e5c36620a2d7240f
30,47,1,C8:402D,54,53,2,3,2,2,b6216a5ec52cf368ddfa5b10ebfedc91217e5b02b68854fd159cf888fa1b0f72
30,48,1,C8:402D,55,54,1,4,2,2,5727e7a5dfd27bd59b7cb1cff139e445052a4005bc080ec483583f51462b8c7e
30,49,1,C8:402D,84,83,1,1,5,5,38e9eb0581ecefac72f8e7dc0c46c74ff55e85ea36181a1c89dc2a868b48011b
30,50,1,C8:402D,78,77,0,8,5,5,5302fc62796e61037d7f3833d69fc95d0f875db57646bdd6e1540531070b2731
30,51,1,C8:402D,92,91,1,8,5,5,966ee69b2cc839678e9fdb68fa77319a301ad23b5ebf68db1d92b589ee00da69
30,52,1,C8:402D,100,99,2,9,5,5,198aa39de11837711d170caa1c375d28e0998dcdb0e7b5573ede9045d3e93642
30,53,1,C8:402D,109,108,0,5,5,9,a7bf3ffee146c2d1ba49b9e03f6e5d12235dab6c781b3194b13ba144b254c672
30,54,1,C8:402D,104,103,0,15,5,5,e4810c5b14cc63c6d8c1ecc58d9994edaf13383236f93ad9da3ea179b348e0c0
30,55,1,C8:402D,123,122,0,12,5,9,5b40c4468414b65c71a7574ec39c6f43bbe9175523d724759e135c07c9850d2d
30,56,1,C8:402D,101,100,0,15,5,5,1a4a2607cb04d009d8a0c231df824f64e4901018b9b074ea4c6d68a102a724b2
30,57,1,C8:402D,98,97,0,8,5,5,00239d45b864f1bc2bd4eb7f811ad908ff289ac225cff60aa64f1f41acec6d61
30,58,1,C8:402D,98,97,0,12,5,7,1b4c97115523e5a0cda618d60a9bdb8e67a36a643cd2359fac994fcfabcc80b5
30,59,1,C8:402D,122,121,0,11,5,5,acebfc141a58b95a2469f7fc3e1ece1786e7a1c93d3e2b368732bb30401d7ec6
30,60,1,C8:402D,121,120,0,15,5,9,9f20c1349cb5c163a18434acf291f3e1d2778c13d6cc2a520309ea55af4464d9
30,61,1,C8:402D,100,99,0,9,5,5,dfab5d66a129c895fc80123d47a0ea5012a89bd2fbf420e15c77ad17da30c0b7
30,62,1,C8:402D,118,117,0,16,5,7,cf074c1c5756c0c6135b3854b06709d16711417cb36b1285223f140f5911a627
30,63,1,C8:402D,116,115,1,8,5,7,918a9ee01f5098bb12996159a35bd2e96700242ec52ca2ee19b817007217ee56
30,64,1,C8:402D,97,96,0,15,5,5,588c6b0159e975ba2c9b59eedc276a20519fa977470caafed79b9d7e057c6f1b
30,65,1,C8:402D,217,216,0,20,11,11,a4a30610cd38c5ef5dda5383afe3e1a96448ce5293045c814f12649ccf0b180b
30,66,1,C8:402D,115,114,1,18,5,5,0314ef572f231c2bfd048c53d9d8838b451629672dc590939dc95fc91fc2f327
30,67,1,C8:402D,107,106,0,8,5,7,8cc4ad5c2b6626a7f8660935dd13e784a7604c610de62e78e1fa2b87ff6c31c7
30,68,1,C8:402D,111,110,0,16,5,5,772851d2c8a4e0ffa051d7774594b4a4eea74841fd62e08a17feb9de237b0f31
30,69,1,C8:402D,116,115,0,8,5,11,4be70d303445b9f90a3b55e948aca939e4daa65f9f1a5ccb9f942a87835fe05d
30,70,1,C8:402D,120,119,0,9,5,11,dea756353aad23b8edd65ad03ee420b98761e06734d6ee3237b08d06995f3ce1
30,71,1,C8:402D,120,119,0,13,5,5,d8c51529ac208623fc0417c9eac9cc2c9cc0c02e021009a0172fa8006635e535
31,0,2,C8:4F34,74,73,0,3,5,5,1327e88fa838fa6da6f55bbc660d1d26dfe9f8b2998aa224fd791128fa088d89
31,1,2,C8:4F34,33,32,0,0,2,2,6b1c7d8eee9db4e3a0c1651d1c57d3b7e7e221d7d58e5e8986354962de788994
31,2,2,C8:4F34,45,44,0,0,2,2,2ec49b9b55eccec17ab109a739a83c15204469fb63710fe3ae598356694b02b7
31,3,2,C8:4F34,34,33,0,0,2,2,d08cddaf9cfc70c41e4b470ed9e72a7da66f2f366b885fece023bbb506cb326f
31,4,2,C8:4F34,15,14,0,2,2,2,6df913f09977c4556834520951ee9fecfb203fc675ec00afb1d9bdb85c304cae
31,5,2,C8:4F34,43,42,0,3,2,2,1299c66a79658d8b4d444e75501d244568f07a6541013c28538c574a40f976b4
31,6,2,C8:4F34,42,41,0,4,2,2,5d7967b0980830ab182e71e32f1be093a484944ea70ab42789f906871de0fcc7
31,7,2,C8:4F34,39,38,0,7,2,2,6e8390b64835dc30f68e8c5703ae68abf027452003c5d5ae90601b8a09427b17
31,8,2,C8:4F34,49,48,0,2,2,2,d9db781cf29c06eadde190ecc8497e8eb0b62ba9c488a0b6176b4c12ac7f3816
31,9,2,C8:4F34,39,38,0,0,2,2,d9889396cb4364ef2f7ac1538f983d0721a59e3e1006cc5eacd23e289b128880
31,10,2,C8:4F34,7,6,0,1,0,2,be60a89c16009b15410d4f4a41089a45a990de8ef386a5f197b47f7745194e7f
31,11,2,C8:4F34,6,5,0,1,0,2,8ad031d471c2cfe046f524ce3f2080117c7ba0ecae4f0ef3208af86045f22211
31,12,2,C8:4F34,5,4,0,1,0,2,dc7196ce74ce643f9f9b1af95823653de70e48e4e8ac4a8657b862359c344a50
31,13,2,C8:4F34,77,76,0,1,5,5,49f57481d38f3ecede93bfbe5427450e08bd0fefe37c239601ac7cd3c8a0c402
31,14,2,C8:4F34,70,69,0,2,5,7,3cbf2cf4c4bbfc46b4c7cd0f4b63a9a9acb8fc32fc01579a679cf12bf6667f03
31,15,2,C8:4F34,82,81,1,4,5,6,ffa4192a65181564f1f39a72e2e4d9d07d9b916ead029b45a6f5904e855aaf86
31,16,2,C8:4F34,127,126,0,3,8,26,35f4ef7178457d039a7251c3d86aca00e1405cac9323fa995f3f7f52ab2100cb
31,17,2,C8:4F34,37,36,0,1,2,2,ec4cc46cb545003d7463e69642532c98f6ca512a8e0edc94c8f099cb1850b3d3
32,0,2,C8:51AB,36,35,0,0,2,7,eb022d6671dea16b30dc9f3c4e8bb5207df55eaac034d08133969d8a3842ddc8
32,1,2,C8:51AB,15,14,0,0,2,2,8342d975c64a8d0b39cf72f657f6925cad00143e2b7969cea9592dc0a15428f9
32,2,2,C8:51AB,14,13,0,0,0,1,3696fcbfbb82e073e24927c3c511dd60b91b9c842ff204d6415ac6db24729a06
33,0,2,C8:51E3,14,13,0,2,0,1,3707d1948db2bc6f94e3d7cf986cc0180cf8edb1c299f40645287449bad0eb4c
33,1,2,C8:51E3,18,17,0,4,0,0,a7c1dd0136cdee9c213fe60412bcc7f489ea5c1842a1e67d86fbb41803d6c4c1
33,2,2,C8:51E3,99,98,0,2,8,10,a4d40cc43a52aac70b70d5b8de883ab8da163a085ba1cd07b1958fce311dd9ba
33,3,2,C8:51E3,78,77,1,5,5,5,bdd64517f99b880bf1dcff656677292be483e1e8df7efb779ac2ee34dbdb7c9d
33,4,2,C8:51E3,86,85,0,4,5,10,51574afc5a6c9be85ddd85fea4ef14d1cdb603a318d85b97aeb29e0de5745078
33,5,2,C8:51E3,164,163,0,4,11,29,f0c0f4c84a1a660176636c48bae2b19c71f66e258c3cc538ac30f5d9a32d1336
34,0,2,C8:5343,18,17,1,0,0,0,3edcb3aaeeb2721019ab1549bbd320e7f389d03e3874eb851e6eb4b79289f9df
34,1,2,C8:5343,29,28,1,0,1,1,a5cc607eeb0f30ede0a99e1d62d402f2997eb05362ff007b8142531b005e1a49
35,0,2,C8:536D,15,14,0,0,0,0,6cb9061a1ebf7555d962bbc93ce845926df5e8aa375407513ede3e31f36b1b8e
36,0,2,C8:537B,14,13,0,2,0,1,badb4a4384ce3e97a3d9e1c6634375269fcf9906bd2a49476c2fe2580e394f38
36,1,2,C8:537B,13,12,0,2,0,0,7cdc6cd08a941c124b1d4fea7958296a52118b79849d4c9d4dd9b745051d06d5
36,2,2,C8:537B,7,6,0,1,0,2,be60a89c16009b15410d4f4a41089a45a990de8ef386a5f197b47f7745194e7f
36,3,2,C8:537B,6,5,0,1,0,2,8ad031d471c2cfe046f524ce3f2080117c7ba0ecae4f0ef3208af86045f22211
36,4,2,C8:537B,5,4,0,1,0,2,dc7196ce74ce643f9f9b1af95823653de70e48e4e8ac4a8657b862359c344a50
36,5,2,C8:537B,122,121,2,4,8,8,56441a1d5b7224b52b8206b1e82ae63648eaa2bee81d09e9b889fedec932d4f5
36,6,2,C8:537B,58,57,0,3,5,5,55b9b60e640cb8110d48026d13387edfdd09e3e1c8b30dfea7c68bde646db3df
36,7,2,C8:537B,81,80,0,3,5,8,35e0835898f1ee203f5355a04c98dd2b706f405e17b96dfb9379fed88afeb277
36,8,2,C8:537B,127,126,1,6,8,14,c1c49311a3a654b9132995563f1a8227158dd6b5c793d45c231e5942e75b2054
37,0,2,C8:54C6,7,6,0,2,0,1,6c459cd7030c40b57d59c1435f7cf34c56510ee5b3458d3a427a4c44161d74dc
37,1,2,C8:54C6,8,7,0,3,0,0,563ca1ecb6afc9e90940ef11a68eebf62d9d6397122f9e20bfd694fddc06b4df
37,2,2,C8:54C6,7,6,0,1,0,2,be60a89c16009b15410d4f4a41089a45a990de8ef386a5f197b47f7745194e7f
37,3,2,C8:54C6,6,5,0,1,0,2,8ad031d471c2cfe046f524ce3f2080117c7ba0ecae4f0ef3208af86045f22211
37,4,2,C8:54C6,5,4,0,1,0,2,dc7196ce74ce643f9f9b1af95823653de70e48e4e8ac4a8657b862359c344a50
37,5,2,C8:54C6,130,129,0,15,8,8,8d54defe31acf0a38ddaa363236e3a050be6ac8347be27439d178c493635d2f7
37,6,2,C8:54C6,83,82,0,7,5,5,b211718b0456a109da1206f6f311079bac54a988dc0168894b45b2d2c40aab99
37,7,2,C8:54C6,81,80,0,8,5,6,6633feb056cdb668c568e27b184cfaaa4b67b3ddb0acb047e7bb3ede4e71bc81
37,8,2,C8:54C6,107,106,0,6,5,9,6e84cf47c06e73a3a55c9dec2f9acab8fe94e7a61684db6d74af22524d79c06a
38,0,2,C8:561A,22,21,0,0,0,1,ffce71faa5c3cf3f8ea519cdb58adfd9be64d03908598ba738345a84747a9068
38,1,2,C8:561A,41,40,1,0,2,4,9ebc341e0220fc3d5952f8883b51644b751d7c2db826ac712d2abc8974c8d9bd
41,0,2,C8:5653,98,97,1,7,5,5,3c265ea2a1bca7bf9332c2edd559a9992a1079840dcb76aca0b8859f7618f0be
41,1,2,C8:5653,40,39,2,2,2,2,7660a4977b526bda7e63f6443d9aa0268f95497ecc1d1a9c29c1f651499ca521
41,2,2,C8:5653,97,96,0,8,5,5,f70132047a5c963e83b1f3aaecb31805b4742ecfc63d8a58ed1449c20e3c43f5
41,3,2,C8:5653,101,100,0,14,5,7,4487ca21f1b981d1eefbfb46716edc5ccf329e6bcd336f55b72d208a01e177b7
41,4,2,C8:5653,88,87,0,12,5,5,cff1dd28ce2750b354ea31635442ca88986e875b43b1a5edce01dadcd7d6e4d8
41,5,2,C8:5653,90,89,1,16,5,5,ca8185bade4da19c2152b743ddbf19ef2a9a83902d3334a81c621d77c79a6716
41,6,2,C8:5653,60,59,0,4,5,5,d373397e2211ec19586f1b33bc212d0d3bf996ae5c5dbbbb8639f0c2821d0f36
41,7,2,C8:5653,55,54,0,10,2,2,9e56118a1fdc5bde939b8873610fc87f271cb4bf9e787ab3c54f17446ff802b1
41,8,2,C8:5653,80,79,1,11,4,4,961dc9ee950a07bc15f7260ef766d313d2442ed6787db94923f2bba6c3276edb
41,9,2,C8:5653,59,58,0,7,2,2,538f57c1d5ab5889f93595e229c2d53f928c5e376ea2889b1b454243e631fcb4
41,10,2,C8:5653,51,50,0,2,2,2,43d704191ca5c4ff28d8b9e4438caa55409701a619dc60cba4276893b57575e7
41,11,2,C8:5653,51,50,0,1,2,2,e766be0a27203e68aba3bd206149a42be1f0f6f2590af721d3b3655ebe8da584
41,12,2,C8:5653,137,136,1,5,8,8,d48577781be916346a9423ea11000cf6e6fad1f847a0d580bbe791d9b9dccb7e
41,13,2,C8:5653,122,121,0,9,8,16,6f4f65fc2c23c9bafe560a56a409418ae12daa229aeecde45c025bbb7e9365fd
41,14,2,C8:5653,43,42,0,3,2,2,9ef0ad4d2c99d7419da2a7515d7fe2d6dbbedea598e7dcaaad350b206bd2a31c
41,15,2,C8:5653,76,75,2,5,5,7,219c5f0fb3c7602656824bc5685690a7fe6f24cb81a1dedd31d984bf3222b14e
41,16,2,C8:5653,53,52,0,9,2,4,99111ae733f3669846a2ecb2ca84e96400a012724455bc736ce688bf7ca5df4e
41,17,2,C8:5653,59,58,0,9,2,2,aefe3e50dde8ebea545e70ac7af7b50346a44c5daef770ced6601638d3f83c99
41,18,2,C8:5653,78,77,0,8,5,5,d987b7a6501adea386c01f847163b1282ebbd880d157213bf37f69bc9ef87843
41,19,2,C8:5653,46,45,0,3,2,4,c3c9e30c33b85ddb7a5f4d3066ce9be70813ef31138d427d59538bb4704cce7d
41,20,2,C8:5653,112,111,0,17,5,5,6c24c945c479087f8988e1ff198dc8c6d5c5e9adf6c51b1f22281c5ce1312a69
41,21,2,C8:5653,99,98,1,11,5,5,2a6225732e828a65392d0d3d9a380ff263a1704cfa093a0dde7a84b5d46e84e5
41,22,2,C8:5653,92,91,0,8,5,9,5c6f3774f9d4e7d2d9bd18e5293db39bcb8dfcd36915413f44e04fc304f7c7d3
41,23,2,C8:5653,68,67,0,7,5,5,7204a96d6f25eb5c9894f5557b59f1abec61ea4ec831d578ebe77275f5e505af
41,24,2,C8:5653,98,97,0,14,5,5,2d01413b0fe59788617ac6ee40465372a816af60c77b376b0eebc68b35b7680c
41,25,2,C8:5653,30,29,0,3,2,2,4f68d702154b3004f10b56ead92161d65781fce315fe1381119131b96f907b4c
41,26,2,C8:5653,116,115,1,21,5,5,fc22dad24a331882beb26ad8d7e728beb354d478bbefcf117c7dbe5f989050b6
43,0,2,C8:5C98,39,38,2,6,2,2,435a32eea915be0a6d1adc0291952f35cf629b04163bed0614455114719f1fd5
43,1,2,C8:5C98,19,18,0,2,2,2,957f0f6039f7a39ecdce628441cfde00ea2c0c3ceacc91e2f03a802b1fc97a70
43,2,2,C8:5C98,26,25,0,1,2,4,53f9c77bbb6df5a201c7b9f1c581bb151068de25330f6e0a92f94265e12b54a2
43,3,2,C8:5C98,57,56,0,2,5,5,84cc8f941e75260bb0fc46d08ec9e7704d410a336306eae77d063fc149150869
43,4,2,C8:5C98,15,14,0,1,2,2,5482cee1833992fe0c6f804a6bcf5b7d169602eac6a17585ca52b044b8f46b55
43,5,2,C8:5C98,35,34,1,1,2,3,b4623c8205cfb4df24384add953f4e856d233071a1e903e44a4c21cd051ecf4b
43,6,2,C8:5C98,69,68,0,6,8,10,fe68af0d6efd093821e6a3e25627a283c47b1387d5f4704db58243fe98b05f59
43,7,2,C8:5C98,18,17,0,1,2,2,1a279c9f9fd4dd7d86e3b22ce35445b81dc3292928159d4420d2aa166bdb04b2
43,8,2,C8:5C98,21,20,0,3,2,2,afa20f8c18c70077693a8fb68ce11db8d9fbc8564fe453731d44283f8c751d9c
43,9,2,C8:5C98,27,26,0,5,2,2,d0d58d15e93203436ea4adcf599731a77a3d56fdada2b236631ce74e35804e2f
43,10,2,C8:5C98,29,28,1,2,2,2,90e5a3bef30b47849e9d79526c617720db51eee21d7e110038fe2f3376c3ab15
43,11,2,C8:5C98,109,108,0,5,5,5,7d73f7fd73369277f67638671fc786f334cdf707d80fc8a1189f4daa1f3567aa
43,12,2,C8:5C98,51,50,0,4,2,2,dfef35dc0ce377234c55592d3669428c2d475ec093f5687a145146d95a2506f7
43,13,2,C8:5C98,95,94,0,8,5,5,e38c46fd1b6e662fd157c477b2b38bdf09be4265d8fcba361a966245274545c5
43,14,2,C8:5C98,51,50,0,6,2,2,c19991519565748bbc0ff04cb93a57dc8a8fe4c3add9005777f4544ce673147d
43,15,2,C8:5C98,51,50,1,3,2,2,0e1bedf6e5fa5fb7d241266a342d8399743ce110880cdd8947902cfea864a253
43,16,2,C8:5C98,46,45,0,2,2,6,96b1283c37fb184772c795b24983b80ef5878af11695d63d514e26680b89f1ce
43,17,2,C8:5C98,144,143,1,17,11,11,59be3eaa4ec69a5093dd4ed4f2040b053dad1b814ddd1fde31fdbc016b97898f
43,18,2,C8:5C98,37,36,1,6,2,2,2317f6680339f1b97ba815671ac998a8e8795ce6d9ac3826c8d5a82689dfe618
43,19,2,C8:5C98,45,44,0,4,5,5,73bc376244261172d5b5cd247262742bf6c28f90aa161558858da9ea80c5eee5
43,20,2,C8:5C98,43,42,0,0,2,2,43d18e6ae2c3f1c503a3bce045f89265ac46ae9feb5792ccd05ff43bbdf48206
43,21,2,C8:5C98,52,51,0,5,2,4,f6c75143e030f8eb0160fda698a52ced751ae8747f0e3354abbfa1f35104b621
43,22,2,C8:5C98,68,67,0,7,5,7,66cd61dbc63e3fc0c96f166173e0575b0a6230e2e394c36aab3d7fe71f9c2d95
43,23,2,C8:5C98,74,73,0,8,5,7,557d8bf61e4e6f99646cc2a3f5aff4b52a82dd9cdd16c63adcfa3c28733072c3
43,24,2,C8:5C98,105,104,0,14,5,7,a8a7c2e913da82f95c9dcbebe056bc8d37e88a05ab47eee362aa9863967be6d3
43,25,2,C8:5C98,49,48,1,3,2,2,856deff5e027e1d4a4a3d67c16fb8abc8ae853b4ad1cb99df4d36c1aa471d0ed
43,26,2,C8:5C98,23,22,1,0,2,2,ddae8c8b183e58a821aa993a404f1378aa6017388118a820c3c7830fe838382c
43,27,2,C8:5C98,34,33,1,2,2,2,067986464b12a0471e2e43304a50d5ce7ae504bd5251897b300543b9f135a0c6
43,28,2,C8:5C98,89,88,0,9,5,5,f80837037b63684c643b37a6923db960fcb0f4c1bf9c2335e584b55f3317209f
43,29,2,C8:5C98,53,52,0,5,2,2,8224118551762ee09b7176f75ee926ab68be6e9dc40c0838bbd6116fc33f8d19
43,30,2,C8:5C98,81,80,0,2,5,9,cf3bcbc34536c43b5e19b4c26a69dd3305d86482686a35e2474d807cb87ad78c
43,31,2,C8:5C98,57,56,0,2,5,13,1ded3ff3fafe6ff09ecee89744e2c2a684684dc3e328fbf826169b70f53ab501
43,32,2,C8:5C98,125,124,1,7,8,8,1195791d090a9caa62c5fcef71004c537e32e63542a9198b2b9f53c0ee863792
43,33,2,C8:5C98,75,74,0,6,5,11,60644333d8f4a1c337624406a862cef8dccf2a814b27bc98d17300013de20956
43,34,2,C8:5C98,53,52,0,4,2,2,c00ee4fa43dc4c03bff15293d0171d7f60dff018902aac88f33cd97b746fec34
43,35,2,C8:5C98,75,74,1,6,5,5,fcbc8129cd72f499871d29ca09271b1ac7bdd55bbe00fee44c7d76e7a8268058
43,36,2,C8:5C98,49,48,0,6,2,2,a0a482459dbf51eab18e38eba4d4b9800c38f58980b3635f7352db05b76f57af
43,37,2,C8:5C98,112,111,1,7,5,13,5866f32ecc741e98b2d4535d4b5cd8ae98c2d6a66f600523015b5fe69f628afa
43,38,2,C8:5C98,92,91,0,4,5,7,8c8e002f352030c306e0ed77cb935d180326fb0e9f9999f161b7f143b20fdf6e
43,39,2,C8:5C98,82,81,0,13,5,5,83e34eba7c31aa7739546e1796b264c0ad32d99284c6afe09a544a4cb59b5ba3
43,40,2,C8:5C98,98,97,1,10,5,5,2d89483a4760d7d801419eb1773c9a852f9eff09f2e3fa45a00851b2f499a483
43,41,2,C8:5C98,59,58,0,7,5,5,175c6251c01713a87032b6695e688356d89e12ddbb6277823898e4d444f0fe67
45,0,2,C8:6411,43,42,3,4,2,2,ffcf3723cece3ff56e065c20ad1d6f7320e32e22207c2c937a2cdbc82ca4d20d
45,1,2,C8:6411,245,244,2,33,17,19,b3a37a3716377bc3a41e04dd18e4c9951caa219613a85da546531e7e78319715
45,2,2,C8:6411,32,31,0,7,2,2,c5498181992b8c560788668b0449684d7edf3ace24eac1c8d4f2f74acc431ca6
45,3,2,C8:6411,46,45,0,3,2,2,4665c94b5153000960f99622e402f7c57843656aeb2669ba32469eaec017d7ba
45,4,2,C8:6411,50,49,1,1,2,2,7bea1fcfa898b454bd19b095f57e49c89c86cbd1282ce2ea216527118a39d666
45,5,2,C8:6411,18,17,1,0,2,2,bb61e98d16c9864949b0e8dd05804882b861e2ff125a4944ad4a7b802ab1e724
45,6,2,C8:6411,18,17,0,1,2,2,097092d121439a9b4d7e8c80bd81aa04e72607cfd49ec08d2a00a3d317a1cb11
45,7,2,C8:6411,85,84,0,11,5,5,05115bca93e9f134a8f6f3816ba1fb27127f596833882d8678b8abc33bb4b7e6
45,8,2,C8:6411,97,96,1,16,5,5,a347fc517ce21c87328af8d320998321f7f85204dbb058012bc5c8879c6ea27c
45,9,2,C8:6411,33,32,1,2,2,2,cd32b32357f3dd97b15c879c450caf36490093a4d880aaefff7b9f42a0f4ced3
45,10,2,C8:6411,48,47,0,2,2,4,4f179d816f033f5d2eeb13ed82dd7a51bb2298fbb42c77dd549c5561afd4aebf
45,11,2,C8:6411,46,45,0,7,2,2,af5ed5892a8aa7aaabf908a984e4e662f594e75c90b852dfb167a8a7a2da11e6
47,0,2,C8:6663,128,127,0,10,11,14,77f6e76583144a1a14afee71de87e848c44d50fed457ee9bdcf9114140317614
49,0,2,C8:66C5,41,40,1,2,2,2,1459098cb6ead3a0e06c6f83e1ddc7e136edd73c2697b8a8adb63b66e0c2351a
49,1,2,C8:66C5,130,129,2,8,11,11,3711b6e0a7f305bffe0bb376716a089b1d7161d5aa4183730651547ac97c7115
49,2,2,C8:66C5,60,59,0,5,5,5,41578b5289806e06545c9699759c17733eba7ff07dfd3457f8419e2ec81146e0
49,3,2,C8:66C5,99,98,0,7,8,8,86921bf62a493c68165dc37bf5bc2a9b0d4c1a3599c870ee4b0808a35df18204
49,4,2,C8:66C5,40,39,0,3,5,5,5a1929f7396f4547b783d9b91f7fab44d659140bf3304a4970cfcfa996e3b8d2
49,5,2,C8:66C5,155,154,1,14,11,11,e522d2e24472fc4dc223bc37502b23763f24eda48ebd56f7b9d21a0e42d57efe
49,6,2,C8:66C5,60,59,1,7,5,5,6e4f0a4aa96ff1764de2e663489468f2cfc81c630a190bba7a2dffc714cdd415
49,7,2,C8:66C5,145,144,1,12,14,14,a034aa47f533db24d7debc30ab7f68ca37c21edbc6e8cf99591c73843bf16cce
49,8,2,C8:66C5,68,67,1,6,5,5,02cac0e2819d530ea47f120dc23b3e0430b2da4765b15d444b76fe0d8a8aa7e1
49,9,2,C8:66C5,211,210,4,13,17,19,9e347a1a9624bc6ae06d279f0431709f9a68b91867939086a66f148ff7d069fd
49,10,2,C8:66C5,64,63,0,5,5,5,640ccf23c94e877fb33dbb25319131468277340186579596b4d87e4fa66c62f0
49,11,2,C8:66C5,15,14,0,1,2,2,c2ebd853cd7a002d9c3f64c8214bfd0a39b29d34d73f64c110ab6a97ee87e9dd
50,0,2,C8:6A12,67,66,0,14,2,2,2c54d916fd81afeecbb36e2b879c5964d433f04739d57c4c8a05257e51d2ce20
50,1,2,C8:6A12,54,53,0,8,2,2,2845c9b70ccb6b1e19bec1523b74aa023a6fdcae150084c7b357d0a1b598b570
50,2,2,C8:6A12,54,53,0,5,2,4,9198c6666e167a084cf385617f742cc8cd5a8480110838e51ed7ee3347b6db29
50,3,2,C8:6A12,46,45,0,6,2,2,03e5a72278c57241da85171fa249d4bbf3ceaf5489a2d9dabc1b7607290c92bf
50,4,2,C8:6A12,38,37,0,8,2,2,6f8cfafbdd5911ba7c9381e4fa5c2af38281ac4c88fccdd1642f94ba1d2caed8
50,5,2,C8:6A12,57,56,1,8,2,2,8dc2a264a75b7c7a73af1322380a7571460518a638aa3986f08b115ce239fe49
50,6,2,C8:6A12,94,93,1,6,5,5,06f03bc82476f0d90bf8ec263e51e9b7a3ed3426fbf48392128fc04e088d6efc
50,7,2,C8:6A12,45,44,0,1,2,2,f5be92e73be27019f1209fda744f4fc22cc9e52b9fa8f897191dd3a317e18689
50,8,2,C8:6A12,105,104,0,4,5,29,9271cd0a18a5d25c8cf35377b9439cb2e55efa6aad1de361113ba1444a1766a1
50,9,2,C8:6A12,101,100,4,9,8,8,02ca4a18dd81a0729fdbe590f3e58c13d26b91c03c880cb7cfc1ac7a0de568e1
50,10,2,C8:6A12,80,79,2,5,5,5,56b21417e6cf79cddf0091ebcf8206f9d6c2089bd4a3ed5816ad719676652afc
51,0,2,C8:6C51,75,74,0,12,5,5,2381f4702df8a4625ab470c68f3d52e68a0116aa2767cf77ee4a10bae7003b06
51,1,2,C8:6C51,71,70,0,7,5,5,4d3a0462fe004359eeec4191910852c6dcf3a9062b0a1d44a58c7d46307cfa61
51,2,2,C8:6C51,78,77,1,8,5,5,4da0e920134a25cdc4b777408a3a0231b0e535d453270e015a5791ad3d0f49ea
51,3,2,C8:6C51,74,73,2,3,5,5,5a65649ad28fe79b9697aeaab8693a23487034c9e6b0f6daf6efe464a881d29a
51,4,2,C8:6C51,99,98,0,6,8,8,b766a3821068c0e6ed9ecaa4ed4d3a7ff108920c4501da0d4e416d994861a6db
51,5,2,C8:6C51,98,97,2,5,5,5,07138d1474d7046c6c6cb3154b34bf86e78c51c0a2498eee449f7508845e90ce
51,6,2,C8:6C51,60,59,1,8,2,2,0e5f7c7f8655b35c3c3d566790831ebbb36c020d526992aa7f3a03b947007541
51,7,2,C8:6C51,44,43,2,7,2,2,575fcf9bd485d1ba1f84620700d74dd9b6f6b2c2694175df919fafc164eeba1b
51,8,2,C8:6C51,83,82,2,12,5,5,60ca6b49d979e7bf77d1451d6012ab994bed835ee89ed0d2f6adac00e1e13e62
51,9,2,C8:6C51,62,61,2,3,5,5,b32699b5df8730d454e89900f0d115614009353cc1bb9d56e7251b6cdeb87225
51,10,2,C8:6C51,38,37,2,2,2,2,e7652c2f76e736506f17e8eabc7bef65323ff68ecd923d65200cd585c36fc1b8
51,11,2,C8:6C51,136,135,1,13,11,13,1ee3ab0659dba46dda73f4262fbb2e83040706dbd8d452bb600df81c0ad5d6fa
51,12,2,C8:6C51,82,81,1,6,5,5,9006076cebdb478e6434871b13148c6ecf15a542d044e254d1561ccae896168e
60,0,2,C8:6F5C,53,52,0,4,2,4,02baef07715c4b191f82cf6ca1d3d384e6faa9e788691026a4a56c1b1062cd7a
60,1,2,C8:6F5C,54,53,0,7,2,2,a8130e5dd838420196c09d61a7937005f9c9fe01d25f1f0485837d0afd7f0f9e
60,2,2,C8:6F5C,105,104,0,11,5,5,aaba6cc76535e1d556b6857dcc05c45336171a075c7afffe512e2d1a21d53c74
61,0,2,C8:7000,51,50,0,3,2,2,d1c0ccd3fc9f12f00973c5e592c153bd2b7a637a0232be62900d42ae79d1fb63
61,1,2,C8:7000,17,16,0,1,2,2,aa91315054f74ee8343bcf5eba708de63c557fdb22af5240faeea8b31c2b0c9b
61,2,2,C8:7000,13,12,0,0,2,2,f106d41389aa5b578794ca9863a56db21700d1414e512b4c5533f42aae69d2fe
61,3,2,C8:7000,15,14,0,0,2,2,6e90465547bac72c59974ec3767bcc7a52e26e1ac235a3c6b64c1ad644388d61
62,0,2,C8:704B,92,91,0,7,8,8,9762615032da09c7b0e9c66ca8fe2f3983c4e97f249f21dbced2d34e28b99c00
62,1,2,C8:704B,47,46,0,0,2,2,af84448fe23ed30ff14725b72fd290db16f5175edd735e87fc7bbb5a6bac2956
62,2,2,C8:704B,47,46,0,0,2,4,28031353404b0161b5748ea54c6b218f83a300b441fd25fe90ce8ff2546be9f9
62,3,2,C8:704B,36,35,1,0,2,2,5755b5447e27b4bc31cccc7b910f6c03159d8307d691e760d8af45d561a0c4f3
62,4,2,C8:704B,48,47,0,7,2,2,f3918dbae98015a815a08934f85a69188e64c39dc6f8b86318e488398fda3390
62,5,2,C8:704B,41,40,0,3,2,2,ad24388870b7c4f1d6d8ac4e2719dbd0e6625af2a2fdfab45b3a64b494d11308
62,6,2,C8:704B,55,54,2,3,2,4,0edf217bca601001361953938aea71ef6c73fd8dec04780e87c6989f4a64328d
62,7,2,C8:704B,39,38,0,2,2,2,a88a39686f153cc75af9e352e709eaad8332d4d1a301c1044ddf8e36899f8951
62,8,2,C8:704B,39,38,0,4,2,2,3edc0b5065e8bcf24b7e8cbcbc3d84ae9683bdf941aab75d5fa3964510fc78ee
62,9,2,C8:704B,48,47,1,3,2,2,17d6ba15c1618f6586127a08967cb51679cf4e16871eed2814e61e3fa09b0f8b
62,10,2,C8:704B,34,33,0,0,2,2,ecc7bc68b148b2f3706048690127249e80c84f070cba8e0d21e57c945f868057
62,11,2,C8:704B,61,60,1,10,2,2,a387d6cf7af6d23c2c5356c56ec60b4ed73bb8cafebb3b0bd351d82594468b4d
62,12,2,C8:704B,50,49,0,6,2,2,513e07a2c9ba9b75ef58df1e610872fee6045002d7fedf0d52507180923c7ddd
62,13,2,C8:704B,40,39,2,0,2,2,b9a7021495010732d21d4da41937479c7067356e636faa1d1a1d4d4c014e7481
62,14,2,C8:704B,31,30,1,4,2,2,ec85819624cdb41711d381c7b7ed8f95a1c41f7a8b86d996c55d48a15e205749
62,15,2,C8:704B,31,30,0,1,2,2,f91f3c7cee6620912ed1d06ee12beb01b7a9cef9e8f06ea02c86e0856101f1a8
62,16,2,C8:704B,84,83,0,13,5,5,dc2c104d28680ba6292f2b9adfa4a7112ac3fa1d568cff100ebd6268c6731618
62,17,2,C8:704B,52,51,0,4,2,2,1c44542dddb36019b185afb798988be69026c73391cd992e651dde232ff76342
62,18,2,C8:704B,49,48,0,6,2,2,1a444456c71eb7d339cdfff36723ed8e7ceb8e7fc0451273f9be5b9d6be01692
62,19,2,C8:704B,43,42,1,3,2,2,0a8df37fb8e7384e16594ab280ec946b3e8a43f9971e8a5f01fe8c94c6ab2a20
62,20,2,C8:704B,53,52,0,0,2,2,3aeec6e7c133748fa66a46127b0f8aea0d42f56880935735da2138d61e28d1ba
62,21,2,C8:704B,50,49,0,2,2,2,6364b1cc074f427fdc26c9399cbda00b8124ff427aa7506b984c156231842bed
62,22,2,C8:704B,39,38,0,6,2,2,e86b499a03ce76a70ba889d6c159fd866970e3fef4437d2a52fb07c91266b393
62,23,2,C8:704B,77,76,1,5,5,5,f16a710dd6892b1fde4129e26d195816d18819add58ee05e4ec720294a029339
62,24,2,C8:704B,58,57,1,5,2,2,970a7b938876fd09337ce17aa08f45212a1fd2586c78204ac93e9b477ec91557
62,25,2,C8:704B,74,73,3,3,5,5,ba9e133a31eba5bc022102e785a552333b8b227f8f4fe533728a5726a895c00b
62,26,2,C8:704B,164,163,2,17,11,11,d53830fd8846f529407b4f9050a1284269ac285792370679d4f43de26122647c
62,27,2,C8:704B,113,112,2,10,8,10,63f7f5b8660162622d48db99bfc19aca3a8c6612a0cb6a92e2af06546a1dfc6f
62,28,2,C8:704B,53,52,0,3,2,2,09cba27ba3292845742526814427af061f81fe80da9d2559d2a6c48e14915349
62,29,2,C8:704B,102,101,3,8,5,5,21516659e787d327f18466fcfd6c8931b4782ec786ec29e99a1f1a236a56c9a1
62,30,2,C8:704B,80,79,1,5,5,5,f1b7855c121cf4f48799631f688ec1cb8bcb8904b5d7874530817d43137c86ac
62,31,2,C8:704B,71,70,0,3,5,5,79159f37a98582427753ac911d72e41ed5ea7061d2f3e447e3c4a3f5b1e4d2cc
62,32,2,C8:704B,102,101,3,8,5,5,21516659e787d327f18466fcfd6c8931b4782ec786ec29e99a1f1a236a56c9a1
62,33,2,C8:704B,36,35,0,1,2,2,8f4182d731d030aa96dbf44574a1ec77bd82eca9c8cd21e7354b504490e7d21e
62,34,2,C8:704B,30,29,0,4,2,2,4359be8c2ec86aec64c6fa696b0a9bd7d69d79f8104bda604ff7a9660fba5aaf
62,35,2,C8:704B,28,27,0,3,2,2,1b1dba79ffdbedcc035b1fcbde51b8b747cf7dd16c11b9e1383fda502b4eec49
62,36,2,C8:704B,33,32,0,3,2,2,f0b24ea3be3afd1073ec28d157ddb00138bb882d35202691b7a6d0db8ef8865c
62,37,2,C8:704B,343,342,1,30,29,29,8a6562353ea7263374394868d45c4b64dabcf4e9564410a72afb8594b65f6e55
62,38,2,C8:704B,15,14,0,2,2,2,ba4d6d26678b8b99988ba8d2fe49ff2007f95d32719792421b6403f1d79cb179
62,39,2,C8:704B,94,93,3,3,5,5,7725172dcbce09fd992e344be0d41c803311a8eda2cce00b9026504e067fcfce
62,40,2,C8:704B,21,20,1,0,2,2,939274adb00a3d8bfef1f44542f6166bee85b83ad73be5df962d393c2df92e3c
62,41,2,C8:704B,80,79,1,10,5,5,e3aa568d3a1ac0abead437b74003b0919014e56d8b0054892ecc5927ae672d26
62,42,2,C8:704B,96,95,0,11,5,5,6818c37f9f7b1910ec1a7541eff29dbc1209d95f92eab42a74da81a856a5e5e1
62,43,2,C8:704B,37,36,0,1,2,2,3e31549e22ab2952b575d27da6c8e268c6f96e86a75c3d71c30614ce03075218
62,44,2,C8:704B,34,33,1,4,2,4,91427f3bc6a3a9ae9c3d01a4816beb340537871531941837aa4effb994822882
62,45,2,C8:704B,127,126,2,2,8,12,b362b95587bb047668903ac33d7020960e7c539e415824e69d9d04af728c8367
62,46,2,C8:704B,173,172,1,16,11,11,d384268d32bbb71056f9ee4da1ad4dcf493871cc902ff923cac403de3b3465ea
62,47,2,C8:704B,25,24,1,1,2,2,2c3c3a1734997465b7e0b3e947b4229af1c240ac766b7f76ed544a627d835736
62,48,2,C8:704B,33,32,0,0,2,2,399da29828140b99be875595538787fe7ef8509faceaf62e3fbf6bbe5ceeed80
63,0,2,C8:7A27,46,45,0,6,2,2,32414e105b3509494531105b34a566858faae8942f110dfe2004e32adae5d093
63,1,2,C8:7A27,24,23,0,1,2,3,f0906b178d361d537ba86fc5e6b6fd8c0a1e858ec72f3478df474d4a0d57279a
63,2,2,C8:7A27,39,38,0,5,2,2,2428b3218a274142aac13c2fd8b7c3d302e4e938ec593dff1ff52c786dd2d5c6
63,3,2,C8:7A27,46,45,0,5,2,3,b77d9aacd8c00ba837b084b97e4ab9c5badc300244b8e4b4f741d2dbe98b71c4
63,4,2,C8:7A27,30,29,0,5,2,2,4825dc6b237de5a10582c45d2a8892284ee5db76e3300cf038494853eb2a95d8
63,5,2,C8:7A27,43,42,0,1,2,2,0ad62ebf2ea455d38db0b76c6ae89e7c56a7fbeb98b6e31491ac0eebc36644ba
63,6,2,C8:7A27,22,21,0,1,2,4,d40424d968aba9199fb41a50e2fb709b9f2e69085e1ffd9202ea61ee623901d8
63,7,2,C8:7A27,23,22,1,1,2,2,4ca571718637fa2093431bb4330f2787d95254a720eb4e8b252cb3d4166e6ec9
63,8,2,C8:7A27,12,11,1,0,2,2,62792fdfc472d0b0c46733093cb75ae2730a13b889be72198452eaf921b6e181
63,9,2,C8:7A27,20,19,1,0,2,3,271f768ae14ae2ca35555950a8530b8d3e39161fde4a1bc6b1a7f0515d3a1580
63,10,2,C8:7A27,16,15,0,2,2,4,96cb40472763ed31257293200c25a6bd5c8cdb2bd2555be83a253b066b0966f4
63,11,2,C8:7A27,21,20,1,1,2,2,c8fec291a1dbd180bdf7d1302ded0906af7c816166b58c442812ce7ab3a53a39
63,12,2,C8:7A27,114,113,1,11,8,9,b51ce33f619dc357ca08cbfb28da5bf0d2ebbe38bcff8cb3f0959e2e472e848c
63,13,2,C8:7A27,143,142,1,15,11,12,cdf5808605be4f52e078cacdea9219dd730842e8e45ddd745b8cf263f496d774
64,0,1,C8:7BF5,42,41,1,2,2,2,b3acb6d025bc55ed88a749da124684b3cbfb9d5b7116824bb9721d40dac613b5
64,1,1,C8:7BF5,42,41,0,3,2,2,7c419fdef7a867d436979a09691d4002b8f50097e1ab6ae6bc0f804789c01eaf
64,2,1,C8:7BF5,72,71,1,1,5,7,70533cddfb0860377bc802d2a011965a9136ff401a1f3ecbbc432e429b578320
64,3,1,C8:7BF5,33,32,0,0,2,2,2ed1c8c07419102834e0e6ec25f56f00ff899f4341a2c2c8f15bdfc6d7fe839c
64,4,1,C8:7BF5,59,58,1,2,5,5,1bf6661eed87411592f383b8a7314725421ac6d10dd4765f4ab0ced0c08b6875
64,5,1,C8:7BF5,49,48,1,2,2,6,1959205b6dc5464c6fdfabb53c0517fb48f89ab8d34a17a3b78343b36ff22eb4
64,6,1,C8:7BF5,40,39,0,1,2,4,fd266833e24091e8c20b2aed4aaf1d243c6168dff1d44eff9b392087ecd4b600
64,7,1,C8:7BF5,40,39,0,1,2,4,2243319a33ae24f334c1ca6ebd82813810185d7dc6c831ce9f58d1ff0c179b73
64,8,1,C8:7BF5,41,40,1,3,2,7,7408636e52a18fcae980be89b86cf501a68f1ee23abca1d0da26b0ffda27a324
64,9,1,C8:7BF5,63,62,2,4,5,11,4ad7494f6e76e4962542a205735078bfbece77a0746935a9c65ef2827a227e1d
64,10,1,C8:7BF5,35,34,0,3,2,4,46142e9a7870e62feabd248f15044137f4fe80582d5614904a1767077ac1d34d
64,11,1,C8:7BF5,46,45,0,3,2,4,c2f89a259ad97613da511a5421f34076763fc0861ffce25287e1c9f961ce8fe7
64,12,1,C8:7BF5,40,39,0,1,2,4,e3fb3a1acdf9ccde515e81b5d6ca554f3a92c7215e486439009870eac3765ac9
64,13,1,C8:7BF5,48,47,1,1,2,4,4bf9d388fa1ecebe68f6e3cf6996ad2224068d8fe450bb84217c13e0c876ed9c
64,14,1,C8:7BF5,50,49,1,2,2,4,b106eb0739233d43d8e1022e2e944baa31da477bfae799e6948a29d46af21cce
64,15,1,C8:7BF5,53,52,0,5,2,4,3e66cc2049967311b3e6e41a502e85df0cbf9a57f0702a030152fcf22a8b644d
64,16,1,C8:7BF5,40,39,0,1,2,4,fd266833e24091e8c20b2aed4aaf1d243c6168dff1d44eff9b392087ecd4b600
64,17,1,C8:7BF5,22,21,0,2,2,2,074e017b0daba94397dac5e525c0dc235ba0f83ca1bee23d9f46e8936b553070
64,18,1,C8:7BF5,69,68,1,5,5,5,8b2884ce2fb047631e4f3b50357c6abbc86f5783fdc1ed74a3aa784bd2abbc73
64,19,1,C8:7BF5,55,54,0,8,2,4,9fbca8302b689841bff4c232992920b9cb5743293199cde292802b3a48ced1a9
64,20,1,C8:7BF5,29,28,0,0,5,5,dfcfe8e7a978767d13a8b9faaa30c2ee473a29763be99653c1ed1ac7b00fcf2f
64,21,1,C8:7BF5,57,56,0,7,2,2,d9edafd91d0d80528130f5c72162266c3cdbc3403e4bffde8969dbd5adca29c7
64,22,1,C8:7BF5,49,48,0,1,2,4,edc5eb12dc5724de7f8215cf5f9e572172c0c67eb9af3b0cf9a30fd3fcb24ca9
64,23,1,C8:7BF5,45,44,1,2,2,2,4ad0e2b473dfc9f7c23cb58ba81e716fef602ffe45da92be4f6f78be57997120
64,24,1,C8:7BF5,29,28,0,2,2,2,f0c286dc871d8cfbe14060fa2a3b0b6f2e67eaef777bde66763b0dc033c6d95d
64,25,1,C8:7BF5,37,36,0,3,2,2,0e923b8b1eb347ef3dd71bb08b579a5ad07d2065ccc58c89a0e5c4c4e9d4b053
64,26,1,C8:7BF5,69,68,1,6,5,6,a97fc5ce8a275fbd3bb2d2c040f6fd15953523a02b4406de15a2fff655c76152
64,27,1,C8:7BF5,57,56,2,2,5,7,66064adf204a7adba5c6856a0a475891067145857b9a5b41a695732c0504ad74
64,28,1,C8:7BF5,50,49,0,2,2,2,5480e526cf9e01bcfafa89059afbd228b82e6f83db2504ab3341e92f48f7ca8a
64,29,1,C8:7BF5,33,32,1,1,2,2,dac7a2f2d6e2b7b83553e09bade5e20f009f1e95d26e7eb3b1af94f6f14a4281
64,30,1,C8:7BF5,43,42,0,1,2,2,fb0fb3031fdf868a07308ad9c7775c0360b2379337056cb0827a6aacbe4c21d7
64,31,1,C8:7BF5,52,51,0,1,2,8,cdc07af59e4582c1420806f686c7b4cfa20053222474e9ae4303ce19c382eae3
64,32,1,C8:7BF5,47,46,0,1,2,2,5110b45be9176855f3b4fdc225fd71d234d3d4f69e73af573fc77404f87352e5
64,33,1,C8:7BF5,51,50,0,6,2,2,fd0cbcf6490b4e59109d9ff80c843894ec1ad5a9587495f007642f3e76b53c6a
64,34,1,C8:7BF5,47,46,0,2,2,2,b36457fa2789c9b76b894a0c0cc1a1c9ec9e5238dc327f2b77b2f70ab0abe20d
64,35,1,C8:7BF5,41,40,0,1,2,2,99e5e8785056dcdd8c5477904427f9b2b416105bea09c45b2423d504dd6b2abb
64,36,1,C8:7BF5,41,40,0,0,2,2,cf2bfdbc0e22976626179d1499dfb89c021f66b4d478d5f001ab64c2b2ad0d17
64,37,1,C8:7BF5,8,7,0,2,0,1,194383ac6b78b3097f82201abcb4992991d96664ca1572db2d3ca5902a7c62b0
64,38,1,C8:7BF5,22,21,0,2,2,2,074e017b0daba94397dac5e525c0dc235ba0f83ca1bee23d9f46e8936b553070
65,0,2,C8:8112,74,73,0,9,5,5,9b4ddf6a7fef7e9b3088dc6da8881ebb1ac88b4aefd3395ca846d8b73f79c643
65,1,2,C8:8112,44,43,2,2,2,2,bbec634469eada61f62f4c8a237115db033912b35ce65b294100fc9e16a490b8
65,2,2,C8:8112,26,25,0,3,2,2,29a405946be99a0f6e77b5d2ba85a1460380aff810b003d88f000fcb7cb5bdad
65,3,2,C8:8112,20,19,0,3,2,2,a2a067dd8ac1becc3f98aedbe1bbfdd6683512b13df4cf7c4733637a64c10aa8
65,4,2,C8:8112,21,20,0,0,2,3,1d4dc6f3fc8977ce56b3e7a22b9c5beab09db73746c88996a3af708ef955d240
65,5,2,C8:8112,46,45,0,1,5,6,dacd9803df2dfae8821c68b810e0e74d900e78a4a6a41baa11571f10e829531e
65,6,2,C8:8112,15,14,1,0,2,2,041ee749de94f60cb24db5adcb825edff635e1387c9d5d1e0f1889a00eb7a09b
66,0,1,C8:81D5,40,39,0,4,2,4,54bae62196accad9412ac667bac1ef94191393a97f0b40d8a30452f44e779c98
66,1,1,C8:81D5,46,45,0,5,2,2,eb97b7dbc9e35a405ab22e54ce668f3e54fea237c6eac6623d2a5356218821e0
66,2,1,C8:81D5,94,93,0,9,5,9,a16a8d803516a513a5e0f5564adccf25f69786b1065c6c852a99d234d213bba6
66,3,1,C8:81D5,28,27,0,0,2,4,49640d58745fb06a1d801c573973f637be030376c753415cbbebdff50ed1b569
66,4,1,C8:81D5,89,88,0,9,5,7,ae95438bd61024ce63bd88975456d3c4622b48a8a4da0d3f44a5e72c348b052f
66,5,1,C8:81D5,41,40,0,4,2,5,0ebf823872625bc8470811344df0e2099bbc73b0c16f7bbcad80b01009d5172f
66,6,1,C8:81D5,25,24,0,1,2,3,9fb19bd2f3048a08ccc6845f3425581bfc85bdf1a0ebbd578f137e9c08a33291
66,7,1,C8:81D5,136,135,0,13,8,14,40235e2077e59167273c3a2b6d238d9e3f6efb20ff4b79af35b54f9993202503
66,8,1,C8:81D5,50,49,0,6,2,4,34effb6f07f729bdb7eee2c5feb34a0b53c36c1658c30128f73e0fdd214ba8f9
66,9,1,C8:81D5,43,42,0,2,2,5,fc42bc7c641f50e878875fade7df151f235437bd9e5292abb97ab1965b12326a
66,10,1,C8:81D5,31,30,0,2,2,3,b94a306692ec23b96ed062ba95d3480454eed3e759b936825a064daab40f1de2
66,11,1,C8:81D5,36,35,0,3,2,3,61f981c0bd3d599821338aa02bddce4405b7ab7ec2bcfca9ce79cc15a4ffe74a
66,12,1,C8:81D5,23,22,1,2,2,3,08840d488528608dc56191774c293f1ebcaf48f54ed27a7fed6bbc4e4006121b
66,13,1,C8:81D5,18,17,1,0,2,3,7ffcd5f384d158288acd5aefeed4a74d572b0c23880fe5963168cbdec1d6dd46
66,14,1,C8:81D5,43,42,0,2,2,5,fc42bc7c641f50e878875fade7df151f235437bd9e5292abb97ab1965b12326a
66,15,1,C8:81D5,34,33,0,4,2,3,32f257dde9f2811995b67fc3de03a244035ce89052307de7405d8f3829efa045
66,16,1,C8:81D5,39,38,0,6,2,3,3955da7e79130bfd21aadccd708e4b939cd58ebb95231102f25631286a6447da
66,17,1,C8:81D5,25,24,1,2,2,3,3e648ef70f763c9d845dc98e5b1a9317da3b97731ebd5a88088dad882fcfdd2b
66,18,1,C8:81D5,18,17,1,0,2,3,7ffcd5f384d158288acd5aefeed4a74d572b0c23880fe5963168cbdec1d6dd46
67,0,2,C8:83CF,45,44,1,6,2,2,b210c2bef6a73ab739f7425ad1cf7084f739fe6780c700ee804879f55b3233bd
67,1,2,C8:83CF,16,15,1,0,2,2,4f09efc74273492938ae310b0d3a9ffa712cc63fce42cbf3b6a61b3f5957a8a7
67,2,2,C8:83CF,17,16,0,0,2,2,64e5055ed099297928f55096f46d77aea5452430f94f4c172d9c6904c08332dc
67,3,2,C8:83CF,30,29,1,3,2,2,b16fb5e884a5927e8a3ed9aeb1f67b11a4671b2cee8bc4ad9330b6e48f8b1f9b
67,4,2,C8:83CF,16,15,1,0,2,2,4f09efc74273492938ae310b0d3a9ffa712cc63fce42cbf3b6a61b3f5957a8a7
67,5,2,C8:83CF,43,42,2,2,2,2,7a0c6dddad33be343bac9c54db1d1dabb323a56607d62eb231859254a82d4966
67,6,2,C8:83CF,42,41,1,3,2,2,1a3ca3bf89925de2c9535c352d22cf40e11684f4ada82004e5bf1478107cd865
67,7,2,C8:83CF,24,23,0,0,2,2,64979c641728e11d868be16db63a598a82312b21c3fadf6686a44a0ea92851e2
67,8,2,C8:83CF,35,34,1,0,2,2,e3e91443b61955befc4e6557aa44cca213b23078e6d6db34b1a7989ef91d08bd
67,9,2,C8:83CF,61,60,0,11,2,2,6328a70d61d87eb53695919baa5de099c47e40dfacb365bdbd9a39139de542c3
67,10,2,C8:83CF,79,78,0,10,5,5,b470cf7fe32f5675d9fe68feabc02bfd200db4a6967f4e9603758e57e004c29a
67,11,2,C8:83CF,110,109,0,19,5,5,9c226aa0295fd1cde3f0205162c6fbc047ec173f1e70011143826e9a5a342666
67,12,2,C8:83CF,93,92,0,14,5,7,07177496b2c6aeeea55829baee9c7fbce8be75e9b6afbcfb6f026d439e1b2f0b
67,13,2,C8:83CF,71,70,0,5,5,5,d070cf3a4c7baf9525b6418130976ce76b432fa3ddde417f651c6c4548975746
67,14,2,C8:83CF,85,84,0,9,5,9,3a12dc79789aa556cecfb7f3aac15daf173540c8fb6f62bead825d23aa0f88bb
67,15,2,C8:83CF,80,79,0,6,5,5,505a36a071c20619222e3941053e40f8f6ad5cad38d9924889dc629bbd05621f
67,16,2,C8:83CF,66,65,0,7,2,6,549ca45280b2709599bf71e1d1b134b1d543dde29b8c08b1fc2858f8278b03ce
67,17,2,C8:83CF,98,97,0,8,5,7,0101e89c7107ede4452617ac9d669791bbcf9de1b6ef4ceb621f7328968b36b7
67,18,2,C8:83CF,89,88,0,9,5,5,f7e183159da704da1068f3192fdfcb830a0715fe30424e2f5024dfb7a730be93
67,19,2,C8:83CF,30,29,1,1,2,3,e693aa63f84c5960a094d2b3a8487359207f2d98bc602dd6dbc100dd85266d1d
67,20,2,C8:83CF,51,50,1,2,5,7,7b59b9943a065460f61b07a2d65e7097a78d9aa032b3bc3055953648e9661bd3
67,21,2,C8:83CF,38,37,1,1,5,10,c767124cda9a1cb1346ced183c77b51f2fcb1da23a9b5cb794d66681044aae30
67,22,2,C8:83CF,53,52,0,5,2,2,24ef93517005def8ce07c8c3382f5b8927086d6dec53f855e16f277e35fd6be6
67,23,2,C8:83CF,42,41,0,7,2,2,c48bbcc5bc6664a434e10abcb53e008a4930a9c42e048beef938185faf114a94
67,24,2,C8:83CF,37,36,2,4,2,2,ef8d21d59f8f637bbbc1d164b56c5b2d87977131130f4ff8169f582e4f5312d2
67,25,2,C8:83CF,41,40,1,4,2,2,c92298258c3c5ca7a280da03524d3449f04ff5ecb621a0986cfb0a26c01bd7ae
67,26,2,C8:83CF,12,11,0,1,2,4,400ae883567513a42d492c18a96ae8d0d6eca291849c4ed0635051a5d6021a13
67,27,2,C8:83CF,12,11,0,1,2,4,400ae883567513a42d492c18a96ae8d0d6eca291849c4ed0635051a5d6021a13
67,28,2,C8:83CF,12,11,0,1,2,4,400ae883567513a42d492c18a96ae8d0d6eca291849c4ed0635051a5d6021a13
67,29,2,C8:83CF,12,11,0,1,2,4,400ae883567513a42d492c18a96ae8d0d6eca291849c4ed0635051a5d6021a13
67,30,2,C8:83CF,12,11,0,1,2,4,400ae883567513a42d492c18a96ae8d0d6eca291849c4ed0635051a5d6021a13
67,31,2,C8:83CF,28,27,0,2,2,3,0f3600146c1c7ac58bdc871c376ebfcabb4443da863d5718a46a403295592213
67,32,2,C8:83CF,41,40,1,4,2,2,c92298258c3c5ca7a280da03524d3449f04ff5ecb621a0986cfb0a26c01bd7ae
67,33,2,C8:83CF,62,61,1,4,5,7,b8429757fcdf4cab626fb46f3a13408fc55cbb761ea47c69b4bc6dbe307a5754
67,34,2,C8:83CF,88,87,0,12,5,5,a4d92bf6e9738da75e22fcbca79c2d77ba1a252fa6120beffd66a42f108fd048
67,35,2,C8:83CF,114,113,2,8,8,8,43b9fe72e8c5435612c1555a4dc56a0db004aed5c682288eb85b77ca60921d0a
67,36,2,C8:83CF,125,124,2,10,11,11,99f871049229a6ba47d83109bd3dd796d78329c580db17a3ff9d37505f79a637
67,37,2,C8:83CF,92,91,1,13,5,5,9a60539fa2e14128c0c787cb12eafefc5d510f61843eba2ff8192dc1603c50e8
67,38,2,C8:83CF,43,42,0,3,2,2,b5a1bba23058ec5e15fd62fe0221bef08458a01b478d2d96ebbbe2dbea0d93fc
67,39,2,C8:83CF,81,80,0,8,5,5,28f4a921b65ba095b60aaba9c5b7b220c36dfbc07e941fa37b43045d63cc031c
67,40,2,C8:83CF,95,94,2,8,5,7,49b94b2f5e4e9176b7f6ce0b7a76f10e389c6d672afce04cc3294e4cb7e4db7f
67,41,2,C8:83CF,128,127,0,4,11,15,b1da6dfe8f1cc0a95ef3519810a1edf5884c249d9ccb4f07eb5138606ae41f0c
67,42,2,C8:83CF,90,89,2,6,5,5,97c4ebd6f7714ee4f60eac9708a43dac4a139f9d9e0fab63baebaa03ff7f3201
67,43,2,C8:83CF,41,40,0,5,2,4,61a684c1340f181e95a2797ba34a10aa231a9a19c43ff21f2f6e60a2e618769f
67,44,2,C8:83CF,41,40,0,3,2,2,1cafad5948c14e6aaf70f18604fac84bb83dd19d859c2dcc51bd3f35df29020a
67,45,2,C8:83CF,96,95,2,6,5,5,50e4dd4cfbc0be78f0251288315c0df830b09a6b6d48b42adfc9c07bb43a27ae
68,0,1,C8:8BA9,36,35,0,2,2,4,623f22aa69a522d742f4d37fd10688542702d9b8afdad31aba7eadbb94093299
68,1,1,C8:8BA9,34,33,0,1,2,4,464a60b0604f24f9f8d07ff06fc2b6b407a7a1e2b15d046ea6d4ccd13c6c8cef
68,2,1,C8:8BA9,44,43,2,2,2,2,bbec634469eada61f62f4c8a237115db033912b35ce65b294100fc9e16a490b8
68,3,1,C8:8BA9,31,30,0,1,2,2,becd6bb2d565b57f8d5092bcfa769dd30c0f9a95945944e5b5a158008e14f064
68,4,1,C8:8BA9,34,33,0,1,2,4,464a60b0604f24f9f8d07ff06fc2b6b407a7a1e2b15d046ea6d4ccd13c6c8cef
69,0,1,C8:8C2C,59,58,0,6,2,2,7e5076bd45503c9f5a24a4dedf177a0c23f54fad0852a7f5d2557c01776d8c9c
69,1,1,C8:8C2C,44,43,0,2,2,2,f36ca291de3154d9e0c0ebebfea8e3ab8486187b48fd4b01a3f79506893fa584
69,2,1,C8:8C2C,56,55,0,3,2,2,2313679c0ccaa52925977e60d1f7b3af75d649afb6c8605950ac59b7a232bf4a
69,3,1,C8:8C2C,93,92,0,11,5,5,866a160600a9406fa0cca08c4da160e6f6315b699c0349b1e975621b7c075b20
69,4,1,C8:8C2C,94,93,1,10,8,8,758e71b3fca1f855151e18ca2302f9f0d31584b114aebbd1de37560e53064d42
69,5,1,C8:8C2C,73,72,1,8,8,8,1b105d536de8e2a3665d999409fb9cb5511ff26d9f309fe0142fb1a59c476524
69,6,1,C8:8C2C,73,72,1,8,8,8,011075833c7cf22b5253982b29a54e034adf374848ebb0cb05fa66fe77e76e6c
69,7,1,C8:8C2C,44,43,0,2,2,2,d9cb99294e28d6c254d1fecd7a469111f14c368d5e880e5c745aec3c1add064a
69,8,1,C8:8C2C,13,12,0,0,2,2,fb38771b1571329bc49bfa624261bb84f45333f540e1eea2dc7b298c92f8526d
69,9,1,C8:8C2C,30,29,0,2,2,2,4b303b00d25d1382625356c2efece08bcdab66575144de5d254a6cc9b697d8a9
69,10,1,C8:8C2C,92,91,0,7,5,5,ebd0a37c322c6538c0bba5b6d7ff0f07edc407daf024d649150fc9436578dd09
69,11,1,C8:8C2C,52,51,0,1,2,2,cbfd33c93b4bd0e2a0984b6a8d73772a0432163347a3ec11de6d7e7c4c9c5989
69,12,1,C8:8C2C,12,11,0,0,2,2,58b4c18fabccc596725d95ed627bd3d66ebd2f4fb15c7c82ee8f5d704b140b01
69,13,1,C8:8C2C,30,29,0,4,2,2,1213f079ad10f2da7ca5f97b46b05c55e0db63156aa6e065fa0bb8883a7c5c16
69,14,1,C8:8C2C,46,45,0,5,2,2,7d638c51099ad7f0a3ad67de51ed520deba146416b387b30f939f75f49d6e296
69,15,1,C8:8C2C,177,176,0,13,11,23,301f78e28d60933bc7eb6eec950ac250f42dfe365043d8e4e417cdc67888685e
69,16,1,C8:8C2C,28,27,0,4,2,2,208c8a4f1a7861a2bca1effe0b9616c7dd0c65b7aa7d71ba08a753056bd46ef5
69,17,1,C8:8C2C,36,35,0,3,2,2,5713a5a5921ae5895e55113495a64450162d7ea31c4c961e7dafbcc14b759c5b
69,18,1,C8:8C2C,27,26,0,0,2,2,98175ab881d6f497b654b407b8d902c3c05f536a927e7261989f53e8a4de8f88
70,0,2,C8:8F52,88,87,1,3,5,11,f3266dcd83e3494641ddcecdfa3a79aa1e512f938e368ef0b7b26f7401bbf692
70,1,2,C8:8F52,91,90,1,7,5,9,4e7d3f260f3b51e92ebd91b80611884fc275f1826e1d847e5754a5ec4af9007c
70,2,2,C8:8F52,42,41,0,1,2,4,8b0b1566185db8dfbda46b982c15675110c4707da811c44d102f6cfdf36af12a
70,3,2,C8:8F52,49,48,1,1,2,4,e8d9253e76c3f57867c2e88b8c8af449e31db1585b4c44ce33d11d1466ebe7dc
70,4,2,C8:8F52,48,47,0,4,2,4,350402f0a95f496edc72f06aca879870763fa9a0177eb3c88e86b37d7126435f
70,5,2,C8:8F52,55,54,0,5,2,2,22d0e4e0a07e0ffcf91bd6956fae91bb325b2e59ea8aa5489cb3a426a0e56aec
70,6,2,C8:8F52,46,45,1,2,2,2,367860d715a3b1ef8f9ccb1fcd23af0a952b366e0ced361ad1124760407c7fed
70,7,2,C8:8F52,49,48,0,3,2,2,27ffa40cb705b4463a1022a3aef7e7cfd29c69b702f920e1a434fe84d1e22d7e
70,8,2,C8:8F52,75,74,0,5,5,5,1568fdac5ab99ff36310f074a54e37ff2bf4c78fa96fb9858ebb01944c97a4d9
70,9,2,C8:8F52,30,29,0,1,2,4,d928eb5597440ad08bc1dd808e35a1b3fd88ff177a50f87606a03b9218e41883
70,10,2,C8:8F52,35,34,0,1,2,2,e6bbcd427b4049c6e5123ab42e70f7b5b4678e1b7b5c69195829995afd3f1b89
70,11,2,C8:8F52,11,10,0,0,2,2,e74aa90140419bdabfe5eba9e86a556e7af9e01c7f1af163e8e5cddeef4e98b7
70,12,2,C8:8F52,88,87,0,3,5,7,2807e6de77d4b44aa9c72b2c3923088cc3510d0a2deab36e6239c862bb903e7b
70,13,2,C8:8F52,21,20,0,0,2,2,b1224f6953367b1c816f8c2f0302a3c2aedef569cd4acf58665cc554cb1b4e62
70,14,2,C8:8F52,30,29,0,3,2,2,56b526f8ab89f950816f53634422d4600f3eaeb0b8922d9198d1229fded9874c
70,15,2,C8:8F52,30,29,0,3,2,2,8846bb16da9f5955439f98f4612eadacd0c13002f2bd2d4b9ad855df88b8da1b
70,16,2,C8:8F52,46,45,0,3,2,2,3fcbabc3b8af414f937e8d83f3c027463803a38304b02fd2c463d0f9e37b432d
70,17,2,C8:8F52,45,44,1,3,2,2,70358878765e25d25f75c646048f54d3ac4b0c69bfc52979a8cc4cca0e0f05fe
70,18,2,C8:8F52,30,29,0,3,2,2,3c9333718faf2b0261e7277876bddc1db4fb854f4a8c2c9b4b448e5cab1d98bb
70,19,2,C8:8F52,20,19,0,0,2,2,17df4a701ba07758c9857ef04afd739021d2bcba2a593207aba0438d11e33883
71,0,1,C8:920F,88,87,0,7,5,11,2101092d285237e0ceaf1a22c33acd506440ab4341d7392abba32c64860ed9fe
71,1,1,C8:920F,108,107,0,10,5,7,72955b9c35ecf83b5c104808466538e5a8abb1d41452710b83ec22fa49e958da
71,2,1,C8:920F,60,59,0,3,2,6,477ee50cbd8a096236c32d48447a1cce4afb9f917ae3efc976363ad6cf817ce9
71,3,1,C8:920F,62,61,0,4,2,6,10a199b285c05de44bdcaf4d99932d93210f57b00ccdc7becd5d54af5ba44412
71,4,1,C8:920F,91,90,0,5,5,11,fa03ff40424ee9097f9fdc097786556c50339017e7a8b19afef07cb5a7fc37ee
71,5,1,C8:920F,56,55,0,3,2,6,03e711dd9fa2b4b8a928bbf3ea7be6fd4cc7e112ceb2bf02374e8533af06fa50
71,6,1,C8:920F,92,91,0,1,5,29,dc6a760ae8454dd4615f16316d976c4dfe52c82b4039bf3911bde2fbfb74b084
71,7,1,C8:920F,146,145,0,6,5,43,09cb686b82169c05a261b05e8e6a4eb1dc7879e2e1f82de81eafd170d069857f
71,8,1,C8:920F,41,40,0,0,2,12,135a484684fd2bbf580fd39a0534a92ab7d9042663ff1ba311308926b79b3067
71,9,1,C8:920F,117,116,0,0,5,44,ec667b215d500b9fefdb3228e62bd231532354a0047a47bd683ba5b3412d6491
71,10,1,C8:920F,94,93,0,0,5,33,7e78452e7b479fb149ddb12f2a35d238776adf90f3aecb12d6c0ab24e4f13d8c
71,11,1,C8:920F,26,25,0,0,2,8,bec15ac463fae0259b291e69ea77e98bb258d55810450ed0473ad6cfb1a027f0
71,12,1,C8:920F,26,25,0,0,2,8,1ece9353fdd03706ca8d288a79565127d5481adb950b46c155c7ba810faf09fc
71,13,1,C8:920F,34,33,0,0,2,12,c09960a8518bc0db5d3d3c9a5a5c017e43a4ca94543935a648d912565b3c6b16
71,14,1,C8:920F,78,77,0,1,5,24,a0e4649bb1012147942ac0320e3634e8e15653c3451d3a9459b32ab0f4183a07
71,15,1,C8:920F,21,20,0,3,2,3,7a24ed83fe9466966a59ff870449860a094a962fce352bfaee4eeea7427302e6
71,16,1,C8:920F,19,18,0,3,2,3,208ba3e79d2ae7acfa11fe90a8734d71381f2315d0ffe68fa2d07140bb8efd72
71,17,1,C8:920F,15,14,0,0,2,6,9b8581f95b2ce11eeb79a698161c08b23eaec44bef5d71aa586cb9650d995e54
71,18,1,C8:920F,16,15,0,0,2,6,6da53e0ae47771c5ac2da905408f8ad064d6fd7f2cb9be401e03366d53a6d60b
71,19,1,C8:920F,16,15,0,0,2,6,eb8259512e9f0591fb396c65f6d0391b774d426528af1705f425102430205465
72,0,2,C8:955A,17,16,0,1,2,2,d1680dde7accc2325debdc124159548808fb3459064589e231af81836b664f1e
72,1,2,C8:955A,22,21,2,4,2,2,8ccd0be1f04b4639763e5451ada3597ae4d0ae3ec55287ab04f959ac00886449
72,2,2,C8:955A,31,30,1,2,1,1,1d2f0372dde31a43bca971a6ea9900855bc18f68b61cab5fad7960cbc4283dcb
72,3,2,C8:955A,43,42,1,3,2,2,82e1ed3c498a3d45734464b843fc526e93d6b6a14b7c7a6f021039f5eee2c13f
72,4,2,C8:955A,29,28,0,2,1,1,08f4288e0aade215ae0c840c41a537ada5b604d3c0a11e6e5be1e32d2ea940ba
72,5,2,C8:955A,70,69,0,6,5,5,654e6179f0011c0abbb340881a1572100373865180e256285a919d286f8e67cb
72,6,2,C8:955A,39,38,1,0,3,5,5a9a35bfd55a946489cfbd0b0a6d0367e745d182e2192b9a33db4ef647980bc3
72,7,2,C8:955A,34,33,0,1,2,2,292f710920a049e1c63961b25b6efbc3565a4831926357aeb7831cd6856fd7db
72,8,2,C8:955A,41,40,0,3,2,2,fd6f130f18988c7f8328dc97cf5a6cd2b38c60a13e2a2b2751416759d0737cd1
72,9,2,C8:955A,33,32,1,2,2,2,b0e18e94c6a686257e9606d06f935ac30813305cf63675ae27786b322850ae26
72,10,2,C8:955A,44,43,0,3,2,2,e4d61fd7edd42de2186386f69db765dc3bbc7dc8e1ac3684fa14c1cd635f41aa
72,11,2,C8:955A,39,38,0,2,2,4,68df7763623cc2ba077d3d6c1c23852024fdeb8dfba79f08dd14f14414e49731
75,0,2,C8:96AC,54,53,2,2,2,6,25fe9175192b1912013a1cf5ff5b134297987260466b2236c4eb09a499adc8a4
75,1,2,C8:96AC,35,34,2,0,2,2,ea5ac6952ebe50bc51aeeb7c26849cefe6b3d0afa6e3bd5acc1bd7d53bba2aff
75,2,2,C8:96AC,112,111,3,5,8,16,7545846980d94915b0d0d381ee2fde18ac91a4a6d532006276766565a4ca657c
75,3,2,C8:96AC,40,39,1,2,2,2,6aae44106c57dc2f3b615bc40dfbcb96e9fb6883046c9142aafc570861103259
75,4,2,C8:96AC,41,40,0,4,2,4,f2563a357747216a2e38c0dd4e1b523e52358907e4ad42a42d0827e82cbadfc0
75,5,2,C8:96AC,79,78,1,9,5,9,185e8f528c77ad2ec24ab5bc81d6e716d2a86b8ae1dcf1c429468ac03cc88a2c
75,6,2,C8:96AC,84,83,0,10,5,5,ffdc0928053ecef6bceef62ea7515e2f8ee71fff30623cab82e16d92423231de
75,7,2,C8:96AC,81,80,0,14,5,5,4d7f9a7b036921dc8d2c356eb7b0ba67f0b83310bcd0996d955b2f794caf1a3a
75,8,2,C8:96AC,51,50,1,4,2,4,95e0118e0e96b261ff8f18468e477b0957eca9c6356b2af13f6d6c695cdd02c1
75,9,2,C8:96AC,111,110,0,15,5,5,63aec9e55708805be27d6799922faac53514adf037579b3de32fd5010b13e91a
75,10,2,C8:96AC,77,76,1,3,5,5,1a56b73a91f1b034bef14c59c780c98740f37310c1361572a7fc640f5c8d733a
75,11,2,C8:96AC,20,19,0,2,2,2,7b9c81dcf36b659277e6d27e4815811d4b4a5b1e3b572dad49e0089ba195d34c
75,12,2,C8:96AC,47,46,1,2,2,2,1948d0f48a6dc672a48d9438d1919747bdd32ed9532325067fbc18a5835add2a
75,13,2,C8:96AC,54,53,0,3,2,4,50fc960651f33f88147c0e2169ea6226d4a84fdad3ca743141ca048ab9df4bdc
75,14,2,C8:96AC,48,47,0,4,2,2,54ed5c9bbb86b69aa9afceb3ef0f1fd50283ba44896bd6e662da57ceb8038d9d
75,15,2,C8:96AC,99,98,0,18,5,7,72393ef485cfb8a4bd2d0855d1f4257da49a08fd1a9658f7b63a3fd04af4f44f
75,16,2,C8:96AC,38,37,0,8,2,2,827fca9393f65f2dcaa6b2de6953d37f1f68d949b04e657402cb7007c71c357c
75,17,2,C8:96AC,51,50,0,6,2,2,fe587b93a1b18a84ab691ba8c494f3a990948090987f4356f4c2489258745440
75,18,2,C8:96AC,66,65,0,9,5,5,69cd550a82f53319cabf379e9065ccaf09c988a28280840a364ef0f4b94a60a9
75,19,2,C8:96AC,44,43,0,6,2,4,1abd724c3b98c91255ab621d39cd365376dce23c84d85f108860aeada218be61
75,20,2,C8:96AC,43,42,1,6,2,2,f28696c353c79059990a0b96c4af4d52edb84a37c34e199ac3a2205264161f2d
75,21,2,C8:96AC,66,65,1,12,5,5,2429d297c94212ad5271378fe28f7e715d462d4c6cdde3254a62fb01477f199f
75,22,2,C8:96AC,26,25,1,3,2,2,1ca7a8b9facc01c9f09ebc320662575033be9a620cbea48b45d4896ce69ad5f0
75,23,2,C8:96AC,54,53,1,8,2,4,858ec535994b713f27d77778a50f0219fdb056b9211726dccd25a4350111a0ae
75,24,2,C8:96AC,85,84,0,14,5,5,9faf88db47f2b4fd9af86e8151b142db73f1813d4948e6c4ed1b79dfbe6c7c3e
75,25,2,C8:96AC,48,47,2,3,2,4,65746eeaab399cff5a7648ce2140e6c7fe5f495ac80adb383a65fafc0d7b7968
75,26,2,C8:96AC,81,80,0,11,5,5,6c7546c068a7e71dc958fca195e94c24b5f83e7183a0d3b842a72a65e351fb73
75,27,2,C8:96AC,90,89,3,10,5,5,3ceb42a108f8f0208e576767bc82faddae6dfc2e58dfd6d3c6cef318c2b688e7
75,28,2,C8:96AC,78,77,2,9,5,5,d9475d37f9199954bb5c1d580acf3f17650371b19300a76fc0674af15b8728ec
75,29,2,C8:96AC,80,79,1,7,5,5,2427639f7102ed64d3bef5d9fa27b7e1186ab335d9e9bb1450e4a8c59f1fc892
75,30,2,C8:96AC,88,87,0,11,5,7,8ca49cbeadd1a4e1e934e6769b8f919af5ea7a260c0d73b1186b5a8a2eb6d33d
75,31,2,C8:96AC,72,71,0,10,5,7,90b47dc50090b48f340c2544082bf2d5250c1d75bd8601c312a1bce257de878d
75,32,2,C8:96AC,76,75,2,2,5,9,13b4ccedfc0503091739aaad924d0f7b076966e34e79405a6af98626025ca100
75,33,2,C8:96AC,83,82,0,9,5,5,1f4c780594f2b9312ff6290341a6f8cb5c70254e1c01f08e44516881b7f2429e
75,34,2,C8:96AC,108,107,1,16,5,7,960edaabaf74f8f803e49b4c83a6b2ef55b607d53540b95598992a8452e883e0
75,35,2,C8:96AC,44,43,0,5,2,2,966e5697f9837e4e3a97d951c82e0db766b9ce47d281261f88b59cb9114ff13d
75,36,2,C8:96AC,83,82,1,8,5,5,90f68441db3acf06b374247cd082fad214b409e17fadab629d6fadbe1a6d0da3
75,37,2,C8:96AC,89,88,0,13,5,5,59a2347bad10f27e90c3d2c18cf5e9021c6a83d661f3b37650b1f8e03497d489
75,38,2,C8:96AC,45,44,0,5,2,2,47b33771dd1e843b84cf9ab03500016c5ded05bf288043f0655272bd897dcc8f
75,39,2,C8:96AC,56,55,1,7,2,2,f1f584a47e49d199ad91e90870abcac09c7b99f316ce44eb85c55f46d556d9fc
75,40,2,C8:96AC,97,96,2,9,5,5,0af7129a52d7d910428d0dca9b073999931570e7c295270323f6929371121b63
75,41,2,C8:96AC,103,102,2,16,5,5,04ae096e3816c2c445d64aff691ebf01e1d52aa94a16eb4f3db918dcdddd60e2
75,42,2,C8:96AC,46,45,3,2,2,2,2b1ce51d19d63f5ed7d7437265dae3a65b0790c73a382df397dccce1afaeeb4e
75,43,2,C8:96AC,100,99,0,10,5,7,91d527f5e7e861234da8760af08dfbe758aa1392a0c02a67d703017479db2f7c
75,44,2,C8:96AC,56,55,0,8,2,3,3e86d41c2e4f16fc156a37b3a42d534ca8b70a71aa6f2c2a667edb74e1892a20
75,45,2,C8:96AC,54,53,2,8,2,2,7cce15d00373ca5163fe5b7f8d403fa4f232623431cc7f5e819c5fbfbd086696
75,46,2,C8:96AC,53,52,0,5,2,2,d1b5b95f6636745ca4ef3586f783abb43a1b092cce5469a11c51cc703cc7df17
75,47,2,C8:96AC,88,87,0,7,5,5,cf62fcd757fcfc2a0c0338a31cd0c907f30e92bde0217975814c2b037d310fb9
75,48,2,C8:96AC,51,50,0,3,2,2,019eba83a7ec299d63b6a8f20a87a10cddd771002447cebb00ced805b4b617bf
75,49,2,C8:96AC,102,101,0,10,5,5,e14127368bc0ff5a25d74f3b571daed353884af78882d3a50dd56ec030918449
75,50,2,C8:96AC,60,59,1,7,2,2,ada907d5ef8d581949dd00751f1ede347985855e196a7ab663758e820b842644
75,51,2,C8:96AC,48,47,1,2,2,2,395e9f2793232abb20371ace2276cea3167118cc886498da1f606c0d8568b22a
75,52,2,C8:96AC,80,79,2,8,5,5,33959a3257b34ccc4b6d43ce9087db01c104ceb58e35e772da8edd328de471b8
75,53,2,C8:96AC,51,50,0,3,2,2,64c68e8861960f20860111b404bbc20650f69c4889b989e374f0af88c4230f8a
75,54,2,C8:96AC,51,50,1,9,2,2,e29b3e6f7974e12914651da46fd958acbf7d6e2d40d3aa61433a07fcc57b6711
75,55,2,C8:96AC,56,55,0,7,2,2,bcb50bb200de7f7f0d983d8e527b82cee682799864d4102c231fb7c08ba93a77
75,56,2,C8:96AC,87,86,0,8,5,5,8968b172404a679896ab59eaa44ea633fe4234ff0f55121cb3f5f050f856038e
75,57,2,C8:96AC,106,105,2,4,8,8,ccb8ca7b53198a7ea98d33bfc0632bb1e2e019d93dfe3aee77ca2bc123a331a7
75,58,2,C8:96AC,37,36,1,1,2,2,2d9c37fb62df9664f455e516de1e195717f29fa113315cc497dc5e28d98d91be
75,59,2,C8:96AC,19,18,0,2,2,2,2f1159823f3bc5595a710434d4242c094c14b57d172a5386ec1f40d8c0bc2c7b
75,60,2,C8:96AC,30,29,0,2,5,7,e631b3444c8d45a7e3976fd1e82f350d01c2b919bcd7cc3f179f267e9b1097c7
75,61,2,C8:96AC,24,23,0,2,2,3,87cf5620a99ae3390a6774d07bd82fdf07eb6bda0b155ac30056e5fbcaa464bd
75,62,2,C8:96AC,23,22,0,2,2,3,808fd2a784eb1044fe043589b6d104b84562cb65f681eec582e25e1981343019
75,63,2,C8:96AC,19,18,0,2,2,2,2f1159823f3bc5595a710434d4242c094c14b57d172a5386ec1f40d8c0bc2c7b
75,64,2,C8:96AC,32,31,0,2,5,7,a28b57bb473c144246a62589610d9673554396c15c74249efafd886e228e4f5e
75,65,2,C8:96AC,26,25,0,2,2,3,9cf9d9984b157781c3f420d3379b12ab3786324c3da974a352e73d4b95aad016
75,66,2,C8:96AC,25,24,0,2,2,3,7e3c2f6da8a1622e7a0953de8b6db4215ff060f0775265e06ebe146ccd2d6fab
75,67,2,C8:96AC,20,19,0,4,2,3,90790c2aa8ca66c2bb9aca57b1ac7c7ec97b000e443021b9c63643d600e328e7
75,68,2,C8:96AC,36,35,0,7,2,3,ccacf2fefaec08255f4c31caefaba67ceecd176dfbc05b6a8047b0ebe3b40f10
75,69,2,C8:96AC,16,15,0,1,2,2,5f64376e08e8d16b51293d0757dde22f435d586ed6cdb4078d6971845275b7b7
75,70,2,C8:96AC,15,14,0,0,2,2,7619246ca7cd7ddd8e594c5ee9704621dbf190b472bbe6e8ba6ca16f7596ec0a
75,71,2,C8:96AC,52,51,0,6,5,8,1a7dcf23cc8645b4be09df497faba272a5c4a03070a9862212861114f2da39cb
75,72,2,C8:96AC,55,54,0,5,8,11,edf25b1624312ef07c402749a1eef174e63616de0b46ed659946ece37fd8af1d
75,73,2,C8:96AC,37,36,0,4,2,2,6b30fb4ad87329587b606920772f0ccdc0f97af8d5d3537671b95811c601e9e7
77,0,1,C8:A3BF,27,26,2,0,2,4,462102b51852e14c35df6e9e7c1df226268bc674193ad0d4841b39241698f999
77,1,1,C8:A3BF,160,159,3,1,17,29,bf7da89e96e00fb2396f5f8f56e481d999996ae5e3e227f3d997be78ded79f8f
77,2,1,C8:A3BF,25,24,0,1,2,4,e286c68ccd0c2e2d4347c91d2442e2f3336041889a45916ebaf3568695294784
77,3,1,C8:A3BF,40,39,1,2,2,6,994b212fa2f624b22c673068ae117d010f274fa861ecfed4ac3d6fef84128ccb
77,4,1,C8:A3BF,44,43,0,3,2,4,095fd41274db97402c7e17059251614d55afb5bb3bea391dfe487729a661fd50
77,5,1,C8:A3BF,29,28,2,2,2,6,d5b82a50d5a70926d6dd669729dd6ff3dddeb1ec91182f8d4e42b4f0fd7e767f
77,6,1,C8:A3BF,27,26,1,1,2,4,4952e02891fffb251ea197c2e3c68356f9d36c20cbef10a0895d5a2d72890e93
77,7,1,C8:A3BF,40,39,0,0,2,7,a62f5cc9ab1caf88fe27add7db973326deda5965dc4da936bb8b18898b5f00ff
77,8,1,C8:A3BF,37,36,1,4,2,6,079837d8c0ec62fea07673de34d07d9c7de9f33fa53824ca5380a1f42159f2d3
77,9,1,C8:A3BF,154,153,2,23,11,21,80f34482d1875c7e6bb1e5873f254c2fb24c0b25c821261adf505228b6f52209
77,10,1,C8:A3BF,27,26,0,4,2,4,fc8fffa5d2c9b66bccba3d339cd818952629a039a2ee0540c38577648b1d79f8
77,11,1,C8:A3BF,26,25,0,3,2,4,30eb96ec9bc28d4a18e1c6de3b3a966c0ad684d2c98458cdae472e01beafd540
77,12,1,C8:A3BF,124,123,2,21,8,16,454c2dd0c5f6095b2bd60815e7aad9824f57b1f69c5862d98fb366ef9b528f17
77,13,1,C8:A3BF,47,46,0,6,2,4,e968c6dd86e4e615d21f83ed4a03d353d39b2801ac11748eba79d9ce01ac52c7
77,14,1,C8:A3BF,59,58,3,3,5,7,46848a462b176c2a99c591240a4a64c24599caadfd12dd658a26544d20d9c799
77,15,1,C8:A3BF,46,45,1,5,2,4,842b03b06a5f59735b26c80afd0b88fd239c34e2b0d79ec7156b8e5418441a1a
77,16,1,C8:A3BF,36,35,1,2,2,6,5da7ed791ee9a93d8fa0c732d5694877a115349c4efce806f32bc7f8b3264ef9
77,17,1,C8:A3BF,107,106,1,12,8,16,dd55b7f3dea38d02aeb51fb83b8fc0e2dac9d3909ef8079312e9d0b64f3b4a2a
77,18,1,C8:A3BF,35,34,1,3,2,2,fd8b0d2e614db09505d3767a817f2108267177ddf7b4609d960a844f07286ff0
77,19,1,C8:A3BF,29,28,1,2,2,2,e859d2066b0ceac5791bdc934728329761a6103d2813cddf3b2078c691645e85
77,20,1,C8:A3BF,25,24,1,2,2,2,5374a9b365cd0f1654a0e4d19489e02599d1142ac8d9b9d6f7846544b0665261
77,21,1,C8:A3BF,34,33,0,0,2,4,30312a503b33a6d73db86e98f8801ab632765f0550e92af212f6922346506931
77,22,1,C8:A3BF,37,36,0,3,2,4,bdaed55ec3549d4cbe46e494fcfb56d40f9f33de159c8fa23d50e89e66d306a1
77,23,1,C8:A3BF,39,38,2,2,2,2,86a9dde768558e9bbc2b86788c7f8c9f02a92190a8e960cac6d3f737d81ddfb3
78,0,2,C8:A717,202,201,1,23,14,22,583e787d2fb8a84af63f36bdd301935e18eac0a454a992029ec1f155a5bca255
78,1,2,C8:A717,51,50,2,8,2,2,183c94b059dbb40e61b1229ecf12e097868024a82c08cb7cfb6363ca333fc4c5
79,0,2,C8:A7DC,92,91,2,9,5,5,78e95672383e5b1600ea5e6213fb07351cffb28c859fa3f8cd7e052dc547ab6b
79,1,2,C8:A7DC,52,51,0,3,2,6,0a30579b8bf7d567a930242e7e8b19e95c122c1eef620d5817693738b464d037
79,2,2,C8:A7DC,52,51,1,4,2,2,d31be53e66d9f729939d9ce77c9d9d5f239c142b20b67b9f239a29217d4df3f0
79,3,2,C8:A7DC,85,84,1,8,5,5,399e0c92bf38218b83be64934d1fed3b12c1da59b571e432c2d7c4da3fc59d26
79,4,2,C8:A7DC,57,56,1,6,2,2,b7f58827e756249a46b944933c72e30c053273a2c85f57d8022804ebbc7b6236
79,5,2,C8:A7DC,47,46,0,5,2,2,0ba7a416087db450a935ecc3911c2adf30fd07dbb6723208c20911897fe78843
79,6,2,C8:A7DC,54,53,1,6,2,2,6ced2465073406fd43a7b3b335a8e6eb9c18cc3772005da2bb101db735bcdb25
79,7,2,C8:A7DC,43,42,0,2,2,2,dae0d1414f2ba5149457e347e58808fd20e9322df0c0fe74f638e90f8cf9d411
79,8,2,C8:A7DC,56,55,1,3,2,2,d639bf7dfe867e40437a16138277e9c57ab90fd075206f406bbd61a1803816b7
79,9,2,C8:A7DC,33,32,1,1,2,2,f79c1caaa6d51193e160cde5bac725b3a64109c992473ab8923bcaace6b89441
79,10,2,C8:A7DC,92,91,0,6,5,9,d0d92f52936cb76b815227ba71195cdd159f9ed8aff8d4a058b6bce04e5db1d4
79,11,2,C8:A7DC,54,53,1,6,2,4,3f14b7daf05d592b26867cea6018e83343892254bb63c7d307817ec0990b28be
79,12,2,C8:A7DC,75,74,1,4,5,5,fc42378460e2d2d87d89eb6237eb004f7d74391893952e7fc4c9b7b37f7cec1a
79,13,2,C8:A7DC,58,57,1,5,2,2,69836c37b76709b1cce8c2ab0dd8ed25d13e401c0f6e94e54ff8fedeafc5eb54
79,14,2,C8:A7DC,39,38,1,1,2,4,9fe64de36fbeee9a22aee7deed9d303606a25656e11277b275392c24fbc28cc9
79,15,2,C8:A7DC,53,52,0,9,2,2,daaf43b134498169d7dc722208b7383803bbdd90050e5f49108cab26350978e1
79,16,2,C8:A7DC,85,84,1,6,5,5,332b0d8fbd9d006049fd0a6687265c9a8659d1fea95ae7c8ee9851c81926a1ff
79,17,2,C8:A7DC,28,27,0,1,2,4,21ef10287fc919c30d09d6727fb30aee293cd68a8c1c29be194692a2f70bc507
79,18,2,C8:A7DC,97,96,2,8,5,5,5057131b2be490fa37c70ed35cd0b68f50cf1bb7312146817f95cb364f55ccf7
79,19,2,C8:A7DC,94,93,0,1,5,9,2fb61b722a52ca89645348f389048cf06c1481fad81adad76256e88dbaf2bc0e
79,20,2,C8:A7DC,12,11,0,0,2,3,a56cb590637f9c4c3a2f32fee767a348c5865d2be476debdd92ff7a8bddb307e
79,21,2,C8:A7DC,24,23,0,2,2,2,0752650b71f47781f5e8be047450a7ef84c03c21ace62f4a75e5721bfb17f8e7
79,22,2,C8:A7DC,13,12,0,0,2,2,dd8ebddea806396cc9a7c95fa3055b4294ba3b0b48b40f7dd24bd4eec9717a9e
80,0,2,C8:ABC4,53,52,0,5,2,2,a653f4d79c63e7b24e71721dbb797a4ae6f4959f090fe233b81ca6a625d4c459
80,1,2,C8:ABC4,81,80,0,14,5,5,9d0770ae92a2095a5935ac72a8950233b39ff68eb301a66e41dec96fc1785b0a
80,2,2,C8:ABC4,89,88,0,15,5,5,22e194b66137afff01ccd16a107779b693e7ef22b49a7c813663ea7143332329
80,3,2,C8:ABC4,71,70,2,5,5,5,42a6e3db3e352aac3f7a964ccf7d7fbb372f5b6e9bd272e04306833b2b4b8bb4
80,4,2,C8:ABC4,51,50,1,6,2,2,2d3548ff7386af14c2b390cb8e676d6e56ac5fcad65ead8e0b613370a4dd8d71
80,5,2,C8:ABC4,54,53,0,8,2,2,5458bcb82cdeff596033275ec65bb1d667e61c59d2f1be584e315c8e8e6e9fa7
80,6,2,C8:ABC4,89,88,0,10,5,5,6881c726e12b09ee2fa5aef21a2df35c3c560b71429cbe9655091a4950c395bd
80,7,2,C8:ABC4,55,54,1,5,2,4,26e507f80bb956f7ec56677e512a8e505b2f64f753524e0d6d1d9000e627e635
80,8,2,C8:ABC4,53,52,0,7,2,2,9fb6bcd8efb0175f1eec54e2a0709a750f9ef6197f236a2e87c90bc396f68d15
80,9,2,C8:ABC4,86,85,0,7,5,5,15aea0d047319f1b2ee1432911a6e38865e275ea3f149b23fcda6039e72aa624
80,10,2,C8:ABC4,95,94,0,8,5,5,28d769fea8def6f98357a344c5214736d3293dddcdf271bdaa269e41241ba8db
80,11,2,C8:ABC4,239,238,0,30,14,14,871a0a26ec11c9cb99b5b36ee0ad84d94398c614a94b479ad89acba39d063b4b
80,12,2,C8:ABC4,93,92,0,7,5,5,f40b93bc97bd43b9d984c2671ad3da940916aac6648b2da70fee001cd5dd5c13
80,13,2,C8:ABC4,83,82,2,8,5,5,25ee8300e26514128342e2b8472bcfac40145c00e75cdbf2a50552213f08c455
80,14,2,C8:ABC4,34,33,1,1,2,2,44cae582cdd08b1865d6f0d70cdd2f4f192de1298f356d26658a6041ea4e0126
80,15,2,C8:ABC4,33,32,0,6,2,2,2a83f06f2ac29cbee03ff9be798bacf7f677db27d1cf8107c67522b9473a85c9
80,16,2,C8:ABC4,87,86,0,11,5,5,ff65c9813dd4b8dc945a112beaa034cdff65074ec15cf46aecff15bb40fc6c22
80,17,2,C8:ABC4,139,138,1,9,8,10,f1a2fa9b93dddfb4728208e83bad862b23bf6f400bb0e2cd790448b6a61b8944
80,18,2,C8:ABC4,136,135,1,7,8,10,fef9f958df41b286dd1d5d49058951af5bc13a8d2885e8cee0090a59109277f9
80,19,2,C8:ABC4,49,48,1,1,2,2,ec366d383e4b93e958df56aa3d44096c35fd7e2675ac15280e413220c040feff
80,20,2,C8:ABC4,51,50,1,0,2,2,5600dce118e9a5dd19b6e9f4513012323b9e3e6ac08bbeec11b700fc9fa3e7b2
80,21,2,C8:ABC4,42,41,1,1,2,2,398558dbbdb7420c2251579127a69949a98c2076e5f4910b1568d8392b8476e5
80,22,2,C8:ABC4,29,28,1,1,2,2,c82e16ac693c77ce2ca9692a562aa21a81b943096093c58bf03c98858ab79e63
80,23,2,C8:ABC4,129,128,1,3,8,12,7c510892fc7ecf877efdc11d19d6abdfc426a01b455d2974b77632b18d6ca093
80,24,2,C8:ABC4,69,68,0,4,5,11,6991df345a469bc4d7cf90df2626769f4154d9bf758fe35c746ecaf628865e5f
80,25,2,C8:ABC4,75,74,0,10,5,5,17f00278fbfc409bb44177de7fc2b29985a4d108c64cfc66f6969671b5f1c753
81,0,1,C8:B1D5,42,41,0,2,2,11,262bfb46cec558ff456c280b642cee509142cd73f38b23a35859f24bb9413372
81,1,1,C8:B1D5,98,97,1,4,5,19,999e21468da834e4384627f527ccc2a221d36fd949822e57c62aacc5696fe967
81,2,1,C8:B1D5,29,28,0,0,2,10,b39b1d9d055aa2886ebd6b5bb6840c2f41144e27e388ce9e56684cfe2bc39e44
81,3,1,C8:B1D5,47,46,0,2,2,11,ec9706ed8477f60b17ccacfbadb048cc14361480cc0ac0a7eb84d3c5bf05e05f
81,4,1,C8:B1D5,80,79,1,4,8,10,f7ec043c0f21e4d399e94f6e2d41e155f9bf759250b223cb667c2003587a2daf
81,5,1,C8:B1D5,24,23,1,2,2,4,d19ef151924a1bd8e6fa4aca718589da3da4d2c71ea26324dc462297ab7bb33d
81,6,1,C8:B1D5,24,23,1,2,2,4,c56708f16a72034b324032dddf5ef8f708c9fc03228d1c4a32eec5bc424fb48f
81,7,1,C8:B1D5,42,41,0,2,2,11,262bfb46cec558ff456c280b642cee509142cd73f38b23a35859f24bb9413372
81,8,1,C8:B1D5,106,105,2,11,8,12,8a64864e831ca580270cc402e53548caf684ac79288d14d9aaf5ffcdcba2afca
81,9,1,C8:B1D5,51,50,0,1,5,9,8d93a50e96fc74f9513da81523c68bdc5e39e5d7f9f6aec339c5fc2edef51226
81,10,1,C8:B1D5,82,81,0,10,5,5,71515f725929f31f589466bda22d57cfedb368446e8750a576038717fc7f7f88
81,11,1,C8:B1D5,59,58,0,7,2,2,2adc0bd73d2b900cce5f587a6611ba88c2f0ad223eb3d17db030aaa0b0daa92e
81,12,1,C8:B1D5,89,88,1,10,5,5,c7f6ee44a04d1e621ab9cd933532aaad8c7bb8ac2076c095e63a19dd7b7397c8
81,13,1,C8:B1D5,83,82,0,5,5,9,28e91cdfa845cefb7a5a52b14e4501bee0c7179042d5f8b683c7ee5f1ab517f8
81,14,1,C8:B1D5,38,37,1,0,2,2,fc925ba2f99c38b0709684e81370c1c389c928c41f9dc17f6fc596342e9c72f4
81,15,1,C8:B1D5,88,87,2,2,8,12,353c7f89670b00d1ee14fdab1afccf2b8e44ecd4d013cb07d9f904e57c7cb5db
81,16,1,C8:B1D5,52,51,0,3,2,6,e21a85ec1fd56fac2455fe0392a3a5299a197a1424d6cf68027177a3e05999ae
81,17,1,C8:B1D5,22,21,1,0,2,2,7ec1d1ae7da6f568418b88431f7ed6813ddfaeed156d29836033ec9fdb122783
81,18,1,C8:B1D5,13,12,0,0,2,2,a716f2503453e11c96fa3515dc3408993b6783291c33dda4f34d9ea0c3ebde98
81,19,1,C8:B1D5,25,24,0,1,2,4,52cc220acffb347656cad58cf3131c610aac8f7c9c5bc6bd576aa1b799e71894
81,20,1,C8:B1D5,199,198,0,10,14,14,b7f10e492eaaf0163f74bf37dbcf9e4a035f3f5d909f5298370770bb7dc0812f
81,21,1,C8:B1D5,113,112,1,9,8,8,8b91733a12da4b38b28c52152b0fbb8a84c0a21ac710e05b108a423c05a44f55
81,22,1,C8:B1D5,115,114,1,6,8,8,0fd2c648fda5741f92673740b9dae68ded61eaa51fdddc8e1e57a05468bb14ec
81,23,1,C8:B1D5,87,86,0,8,5,5,419d4a191a6caf44a9f399554760d641c9af15ba2e436647cade6f7978d295a8
81,24,1,C8:B1D5,58,57,0,7,2,2,dabad739d4629c5cf3721a53251d2b06451fc458cb861b4d6302d11db1033898
81,25,1,C8:B1D5,53,52,0,6,2,2,00e425679685103637b1c90d3439d6c7e6ea9b342c8845a3afced9c441b5455c
81,26,1,C8:B1D5,41,40,0,3,2,2,b9bf948f75ac49aa339687c7ebf6dfef325670f489ea5509c7785c7d1183ac1b
81,27,1,C8:B1D5,48,47,0,3,2,2,64e34dd6a39c325aba0855ede68ac93ba4340630176c2daeac0a0c47d2fd1b7a
81,28,1,C8:B1D5,44,43,1,1,2,4,ff82db4f9cb03d409bc9812654203f7cca1190dd6f83c99aa27318202885d76c
81,29,1,C8:B1D5,91,90,1,10,5,5,a52cd3883d00fdda2e471a01a02a7a69455388c92d81bab297a183c62edb7598
82,0,1,C8:B783,80,79,1,0,5,13,3cb7a1170a8da05087eeb69932389e88116c2750b67045a7e74af32c81ca0a9d
82,1,1,C8:B783,60,59,1,0,2,10,02e9e48e353687b90f3459bd0a4879cd5f90c0669b60a2d99d689fab0155d414
82,2,1,C8:B783,59,58,2,4,2,6,770d1a4a3f1fc9def0f7ac0892a90d72eb473c10ac862bc72e123c52327c75f8
82,3,1,C8:B783,97,96,2,10,5,9,077d8c2a7440840fe929747190af8f05fdbdb7376613849ce28723568e81838d
82,4,1,C8:B783,94,93,0,8,5,9,8c6cf607b9399d0ef2ebc0349f30e784501794cebfa197910160b2c2b8f889ed
82,5,1,C8:B783,61,60,1,4,2,6,2724b0523a5f50d3dcaecf7a879ee30b9c227abb9f30f0546d5e9b6679b8cb40
82,6,1,C8:B783,104,103,0,11,5,9,c96c4cbcd56bd5bc883839059f4449bddd430e4da7a584ab6760d026a8f70332
82,7,1,C8:B783,100,99,2,9,5,9,96dd19ba9475019dd45a2444e5f8eeb0258f7f338996113f3c9d540e727a0264
82,8,1,C8:B783,50,49,0,6,2,4,1fd94253c2191a43c2807c488d35efc97355cdcc17ea2ea5d5f9dc3ef207f085
82,9,1,C8:B783,49,48,1,4,2,2,764493f37ac11301ed3db5039b15766d1e3c04f2b2b260a875772fdc3332e5c6
82,10,1,C8:B783,41,40,1,1,2,2,d66c19935bf6e0a5b6edb02dc9cc95ad8d1a50dff37f9ce3916fe9d5ff5e9378
82,11,1,C8:B783,80,79,1,3,5,7,1328d30c35545e516c2713909204dcce342809dd1dba4154dd57ece1cdbcce7d
82,12,1,C8:B783,78,77,0,8,5,5,257f0cf8490cb39f307e018eb6e6449350174d7f5711d5fd00a5e8a36230ae73
82,13,1,C8:B783,50,49,1,2,2,2,1f9bf0427ac4285b3783260dac02fc9ba39a630ae59d41b2ff56165fc193af29
82,14,1,C8:B783,50,49,2,4,2,2,764911b6e94cee09cc9533789ab68bfc95723ce399287b746af6982629439359
82,15,1,C8:B783,130,129,3,7,8,12,22466ddb67cd2fdc271bf9331d2d09ac104a52845341e8317e3e4a6767474b7b
82,16,1,C8:B783,80,79,2,3,5,9,aa7161620f9514863245e8d4765fcd0a185ab3a27e2aa9bc864f5b65a4a3c225
82,17,1,C8:B783,36,35,1,2,2,2,1f8614dd07623b0e21f7322e275c7ba8aa243cb737d9ad64411324bb170899ca
82,18,1,C8:B783,45,44,2,3,2,6,09b5f8e0ce75022878fd06cb5a6d491fedd33f88ad8028410c91af159564d66e
82,19,1,C8:B783,15,14,0,0,2,2,bace1a86d16646b211461e25dc7afc024c8a2d618a79ddec90fbf822cf5adf9b
82,20,1,C8:B783,15,14,0,0,2,2,bace1a86d16646b211461e25dc7afc024c8a2d618a79ddec90fbf822cf5adf9b
82,21,1,C8:B783,56,55,1,3,2,6,472c18e6b7d6a2c1a912eebaaf9dc3b94a2b25be8dda627af549c860bdcf16af
82,22,1,C8:B783,47,46,1,1,2,4,ed91fd052a1f2bd5e01413341f17e89a110159c6891aae8d914699a7425d1a4f
82,23,1,C8:B783,61,60,0,4,2,6,f02c1ece83d0fd82e026900b2380f029299d9d88f3a31f479af2e5062270911d
84,0,2,C8:BBD7,153,152,5,12,11,15,70003c402eca3d009d850b59a05d0c1f72256eba31acc77ad7ed8c5dc54a8da3
84,1,2,C8:BBD7,30,29,2,2,2,2,d55880829314546ffcb0e3e7adf04e33bbf9243c1d7ffb9d579bbf9e124cc96c
84,2,2,C8:BBD7,40,39,2,3,2,2,8fde307c1e590813d1c852be70c8fc2f94b0af2a1771937a683f92f301e09fd4
84,3,2,C8:BBD7,37,36,2,1,2,2,1788cd77690952d401331019a6c9a73c532ab67a40546c0d9bc827ff6cf9da8d
84,4,2,C8:BBD7,41,40,2,2,2,2,d1146af7eb84e0cd11c67031d53d338d7f71c1b600aa33dfcfa10cd9d1690165
85,0,2,C8:BCBC,38,37,2,2,2,2,60d9901b47c05d94e418de48f66d994f4f92cc49b201ab1300b0603b2c42b5bd
85,1,2,C8:BCBC,36,35,1,5,2,2,9101e8afd2c5ee92eb26cdb496135166d16f422657251633aada433e08672d68
85,2,2,C8:BCBC,29,28,1,2,2,2,0b44be70e8a9022a4f37f2ca6ea6b2b86fb17fc2f8e51b2c01b18fac76259612
86,0,1,C8:BD0C,45,44,1,1,2,6,2178b1c661d9aac3eeac95924d4a7d25af556d8d375183cbec34e47a73e75a3b
86,1,1,C8:BD0C,44,43,0,1,2,6,0c9fc002c0aabb6fe5150b8610855df8bc22324150f00a60eba79c0a2655a7d2
86,2,1,C8:BD0C,50,49,1,1,2,4,d2bb7128b305e97dfd47bcbbe7a7e10b582e6263590b971a3e62801b86e01f1d
86,3,1,C8:BD0C,45,44,1,0,2,6,664918bdfe83732779139e856d8befb62b6384a6bfd98c94c7d32c163fc6f80e
86,4,1,C8:BD0C,64,63,3,4,5,5,8e31536759249f7703b716bcc7bc3e2440a5bc456f7bb4d5bb580746c1448dee
86,5,1,C8:BD0C,194,193,2,17,14,20,c25ca11b3d8c7ea87a2f66d61ff93e818b9b61956f551e5551316c8e8039aff4
87,0,2,C8:BE4A,99,98,2,2,8,8,f33fe1a8ff98baac53a3ec39ab41b5643571545decf68e3ef42120a18f914288
87,1,2,C8:BE4A,77,76,1,10,5,7,2e8332c3959737ba5cfa5fe75a73108f4bd58373e710e78dbaed488b01fc9123
87,2,2,C8:BE4A,44,43,2,3,2,2,f192280049ce4bbc776611049f429f0448df5ed6d998eb1543f8b366c0d6cfb5
87,3,2,C8:BE4A,27,26,1,4,2,2,d61aa6012e075fbb943f8ec65bd988365f8deb1672f45b956a20e68a699d6c37
87,4,2,C8:BE4A,19,18,0,2,2,2,e06ddc0e47bc6d26b5f7f50d34e7a3645745a1ffcddf13d1998792f6e3c3e8cf
88,0,1,C8:BF12,75,74,5,3,5,5,186777a26914bfcfa83bbc3fe76fbc2ecc506e9913af5586e2de87ccd0666ae3
88,1,1,C8:BF12,40,39,1,2,2,2,c5ba8400d5e345e90ec0f02a357ccddb1d5fab6be27d711c72cf85fa9a241b64
88,2,1,C8:BF12,119,118,5,13,11,11,b8f5642ead08893004abbc897026c6acbf4da1d2018a3cc96f0eaa0c7312b443
88,3,1,C8:BF12,124,123,6,5,14,14,7b73f52171c2e1269032608afab3d97314f1a5e13471f360bf4497d2cc4835a1
88,4,1,C8:BF12,36,35,2,5,2,3,89bd167622a9ef3bdbababc6a60fb402edeb5ac723f966db4dbe26d8326a4b38
88,5,1,C8:BF12,175,174,4,9,14,15,953f58596bcada38a5d837818f278b9e923873aa45612a2b0771cd08f0015538
88,6,1,C8:BF12,82,81,1,6,5,8,4638eaf534d6af014e0043d0da428ad1227ae26fbd3d0c38597c5d6b5bb01d76
88,7,1,C8:BF12,40,39,0,4,2,5,ab365af069be297fa8ed1315e42e0ecd2fd0769391641a52c7d17223a00d1444
88,8,1,C8:BF12,64,63,2,3,5,6,cb88a64a9e99c6b79bd2201f7edacadf99b9547e9b9618a849467988390cf21c
88,9,1,C8:BF12,112,111,1,4,8,11,ad177d285aa0076ad86c5fc171b4deefe563a716e3f266f03f0b5b346573598b
88,10,1,C8:BF12,113,112,3,2,11,12,4292b04814561b2150e20413baa760c0614f62255216e6bc5d33966be70eb27b
88,11,1,C8:BF12,47,46,1,2,2,5,502f1cdb73114dea45b6dd11787870cee6bb1ec1e2c1d94fec13e8461d49df3f
88,12,1,C8:BF12,28,27,0,2,2,3,f1d27eb70e32f63ec476ef2069807e784ca66e9c6ac000b4c99d1daab0b7a98b
88,13,1,C8:BF12,39,38,2,4,2,3,bbd974a5c4a65ac04cf79f37240b6dc793e621764ac15f7bac3e5533aa454f74
88,14,1,C8:BF12,202,201,2,9,14,18,dd2d7f91b673116e27ab322980428bc43071baea4f6ce441f4fe68d7e0acd2bf
88,15,1,C8:BF12,107,106,1,6,8,12,ef6efe1c84d35650c2056820c28a0ac4114feacbe5fa8ac6907250d5128d3fb5
88,16,1,C8:BF12,11,10,1,2,2,3,1107e0921cc8b6c4dc9a9c7a9f1db34a37003f277585aa7316b1ef4d8813e4d0
88,17,1,C8:BF12,87,86,1,4,5,11,b44dda251b216e6e7bdd2414b3079bb630dc0b14212cfb6202d2436a07213550
88,18,1,C8:BF12,6,5,0,0,0,2,b08b7d7b8b4a066585006be4522d07f7b1cdb08c952fd818463c7328fd435a8f
88,19,1,C8:BF12,6,5,0,0,0,2,b08b7d7b8b4a066585006be4522d07f7b1cdb08c952fd818463c7328fd435a8f
88,20,1,C8:BF12,6,5,0,0,0,2,b08b7d7b8b4a066585006be4522d07f7b1cdb08c952fd818463c7328fd435a8f
88,21,1,C8:BF12,10,9,0,0,0,2,73b26b2398952584f151d74c601cf41a9a22f35129e6d4ae40dc0ea3a46ae598
88,22,1,C8:BF12,6,5,0,0,0,2,b08b7d7b8b4a066585006be4522d07f7b1cdb08c952fd818463c7328fd435a8f
88,23,1,C8:BF12,10,9,0,0,0,2,73b26b2398952584f151d74c601cf41a9a22f35129e6d4ae40dc0ea3a46ae598
88,24,1,C8:BF12,10,9,0,0,0,2,73b26b2398952584f151d74c601cf41a9a22f35129e6d4ae40dc0ea3a46ae598
88,25,1,C8:BF12,6,5,0,0,0,2,b08b7d7b8b4a066585006be4522d07f7b1cdb08c952fd818463c7328fd435a8f
88,26,1,C8:BF12,6,5,0,0,0,2,b08b7d7b8b4a066585006be4522d07f7b1cdb08c952fd818463c7328fd435a8f
88,27,1,C8:BF12,10,9,0,0,0,2,73b26b2398952584f151d74c601cf41a9a22f35129e6d4ae40dc0ea3a46ae598
88,28,1,C8:BF12,6,5,0,0,0,2,b08b7d7b8b4a066585006be4522d07f7b1cdb08c952fd818463c7328fd435a8f
88,29,1,C8:BF12,6,5,0,0,0,2,b08b7d7b8b4a066585006be4522d07f7b1cdb08c952fd818463c7328fd435a8f
88,30,1,C8:BF12,71,70,3,4,5,5,27754a3db4cc83ce4ba33d6bfd67f6b4efb2d978a7a08146ab59e7e1f75533b6
88,31,1,C8:BF12,69,68,3,9,5,5,048ccc25ce7d1de90801ee7a0d594b80450ea6b093b1a9405f1dffcd0cd069e5
88,32,1,C8:BF12,145,144,3,17,11,13,e8f022de84e38f24c4b8c4cd623044150aeee760ef56a85572df55c4a6e42e5c
88,33,1,C8:BF12,205,204,5,18,14,14,3cd550d8ac321b55d2c0a92d2899187c3ab0bc8a81302cb4ac02ec49b1d2b871
88,34,1,C8:BF12,26,25,1,2,2,2,69d33e9223b221c8fd5c6868fa2a0dc4e0ddf35d5cd8aeef817b9ab7a48dbb55
88,35,1,C8:BF12,93,92,4,11,8,8,e9d55fc714a248474894b0f87aadc9e7bc030e9809eb340a3b3864aa4c5de90e
88,36,1,C8:BF12,41,40,1,5,2,2,881a43d87dbb86bdd7f159ccdeb558e1c44206b14fb54b0a2e6619be8bb790b2
88,37,1,C8:BF12,28,27,1,1,2,2,08e8f2157e1b82ac35ff4913c63842f05bff0d93b269f3fd7857b580b1dc54a3
88,38,1,C8:BF12,81,80,2,11,5,7,efc8b166cb251bf1c035d51c6d5d9283ceb517787cb05f427ef60741974f84c7
88,39,1,C8:BF12,30,29,0,2,2,2,625312e76d5c5a080b190e2af3dc1315dd4f94160f597a3ce8fce9759ac9699a
88,40,1,C8:BF12,31,30,0,3,2,4,ba66b5902103f2fbce69ce3014cbd0b6614ac5b42e512eb972d1f258aadaf448
88,41,1,C8:BF12,27,26,0,3,2,2,226133d984fa0dbf0c1fc16a71fed023a22e3aac4192abde0e853b92d29a699d
88,42,1,C8:BF12,34,33,0,3,2,2,03872d0fe64f32557f6bf9cd61d6571a56dda88f0531fd785003ad3f27a6cc5e
88,43,1,C8:BF12,29,28,0,2,2,2,f07fa1dc168dd3045cf14cd2334219babf96a7c01b51a65bbec8ad0b94843682
88,44,1,C8:BF12,25,24,0,2,2,2,e2b81962eb72bcd6ecfec862cb21ae1f446de0308ca9b8b42d9ebdf7432272db
88,45,1,C8:BF12,23,22,0,2,2,2,a5d3523b82d2d9889dd6adde91d9a6e48dfed6e8a0540397eac248fcf67eb0fc
88,46,1,C8:BF12,21,20,0,2,2,2,daa8b7645abf51cf8f035def7ef670a8ee9593049a1ed2a51da24703b3be57f4
88,47,1,C8:BF12,26,25,0,1,2,2,7e1cf1ec8da947ef7f882dae3ca9bdb876f7eec0643037af1d7e299d361ffa40
88,48,1,C8:BF12,42,41,0,3,2,2,3ebe2a1b1114c3da1331b1f88f73f8585cbfed344f1d3df6174ee7f7509d4993
88,49,1,C8:BF12,35,34,0,4,2,4,7d8f3929123c9ea8843f0ce0644b11e8337a5f8fbd181cc7acd7a73e349ed929
88,50,1,C8:BF12,32,31,0,4,2,2,ad559acdcfd21650a11685653215c601d1efba6c7d9ef769e9945fe95e1376b0
88,51,1,C8:BF12,39,38,0,3,2,2,7ff882783580a5489ae1f87a58bc9154a135b3dbdd8597da1effc874cc57d33c
88,52,1,C8:BF12,39,38,0,9,2,2,25ebcb92cc4afba33be819bc7acbfd59981c594002cea9e3c2b3551e180b72f3
88,53,1,C8:BF12,46,45,0,2,2,6,78e44d756fd4dba83d425ba47a5a21988a4f445a76dfa92b16c8811ac0ff51f8
88,54,1,C8:BF12,47,46,1,2,2,6,72a75cbfa44f1f1de3f54f10ee2d4486d8f344429f0ac9be4a653a9a09081905
88,55,1,C8:BF12,63,62,0,10,2,8,1d30db649c3b137e91e658d4f36d4c3334647476e8c9acf89902bc62fa20a933
88,56,1,C8:BF12,37,36,0,5,2,2,2ca3d8b4bc5d669478b35702cf00d518b62cadad4a6e8f49b86a5f434a813a4d
88,57,1,C8:BF12,24,23,0,0,2,2,05149b75185ce17bf0abaf1a1f6b0e3bdb095ab1a232ad3af319be91ea4e9262
88,58,1,C8:BF12,29,28,0,0,2,2,783101e548a7093257b28216705146c754b793baffe4acfd0b3466eafcb940f0
88,59,1,C8:BF12,37,36,1,1,2,8,3a7b4f4289ebd554d7d33e7ad935934a08f4d22ed08bf5bf6ab56a4a02ed4165
88,60,1,C8:BF12,34,33,0,5,2,8,2f39e1142a84fe8d94e33529dfc03b16ac217f306215594f6e9b9ff2dca3d81d
88,61,1,C8:BF12,27,26,0,2,2,2,77aefa6659d8b3d4b3e4ba3ec019240c200b1d02749299b11ca87a6464204bbf
88,62,1,C8:BF12,43,42,0,0,2,14,a98891db1f66e13c4ff666e88d7641e1ea955e7263b13ecd98159b19b3cb6da6
88,63,1,C8:BF12,10,9,0,1,2,2,dbb5c1d93c766e40e784b0375a491af75392d0f0c73dfdc55c17328a8f9aa28c
88,64,1,C8:BF12,28,27,0,4,2,2,ce3256937c7a0d4cb3e1488b6e40826fd15d5cba4f93ebf187967a6d440d161d
88,65,1,C8:BF12,33,32,0,1,2,4,42ad9d20597c4f29384f1ad4e63973578ee71e80664854fc73ef3d09e9ab5730
88,66,1,C8:BF12,25,24,0,4,2,4,6c3fbb30f483b6ea35382b1f7c9f95184ef1ee7fe76b18b79b1558347ca9c49d
88,67,1,C8:BF12,21,20,0,2,2,2,0114561e9e3c8cc518809303ce242a247121a83c5e6302836b3365d998b15523
88,68,1,C8:BF12,25,24,0,2,2,4,1836333f7083fe98f26a6dc85acd5ec5f7e65f769e25d0ccac9126a86df7ac7f
88,69,1,C8:BF12,30,29,0,4,2,2,c95212a8802be3a8b44ba0842408a3a08cf53ee99e1415cecca64766a0447c90
88,70,1,C8:BF12,35,34,1,5,2,2,a5e682f745bfa6795f99ef0f9fcd408e4f6790f33b02d3d090f6e51d038298e9
88,71,1,C8:BF12,34,33,0,3,2,2,9b8e03245830f8f540bc1ce26e7ea4c81b3695f923a06d2b17daeee0cf0a0d10
88,72,1,C8:BF12,32,31,1,3,2,2,af98a0180aaf6594ee12d13b1db208c14fae6cd4839f3885c14143a3b4c591e4
88,73,1,C8:BF12,26,25,1,0,2,4,3efb03e3572e9cf96c47dba5bde0009ae310340ab5fcbdb82b6f2e69ec0b1957
88,74,1,C8:BF12,52,51,4,5,5,5,8f5cbbd2935d3658586e1b2594f68477d3d908c014a3e1f1e0750372d17290ca
88,75,1,C8:BF12,212,211,5,16,17,17,d351ba0e9f7f79ea0addc9d69ba01bdf74c82f9b0b76692390f78b2fac15369b
88,76,1,C8:BF12,154,153,5,16,11,13,482ed725a24d0fe5148a954fcc816339a499c76d1d2a9730851b827633776b6b
88,77,1,C8:BF12,142,141,4,13,11,11,dc90f831ad1cd9877da7573a7230c53b026df35e443e7b4e89298011989fab4e
88,78,1,C8:BF12,201,200,5,16,14,16,7b8a4ce98cf1e5797a745a8f0fe690cd0b2aacd439f23c53d6f9214006696c10
88,79,1,C8:BF12,40,39,1,2,2,2,c5ba8400d5e345e90ec0f02a357ccddb1d5fab6be27d711c72cf85fa9a241b64
88,80,1,C8:BF12,60,59,2,4,5,5,c26cc049e92e2816c201d8c48997af613dfe44ef21cb44e76b3b1e63aa11079e
88,81,1,C8:BF12,15,14,1,0,2,3,87e0fea3da3aa5b2af8dcd71cbc098882d30f970c49005bf934ed4872f1ba2b3
88,82,1,C8:BF12,41,40,2,2,2,2,4da84c66365dbf13f13363d760b842c1eb2a62d5ca07c50a06816bb3cf09477e
88,83,1,C8:BF12,22,21,2,1,2,2,f89f1ed5f0c61a49aa8c63183573e76a56779ff043cddea0e519e484368c1309
88,84,1,C8:BF12,90,89,2,8,5,6,4bef205cd9fd748b632a335de5ff7fb8eabaebea916396d0498334821c60db5e
88,85,1,C8:BF12,24,23,1,3,2,2,3a267b53baf99cf7e4a0008354aec780bdf4c773e15729f939880b0cb3783227
88,86,1,C8:BF12,281,280,3,36,17,17,a229daf72599f6f90d454c9441db61f9b33b50012e4e44cff6d25e7307534440
88,87,1,C8:BF12,116,115,2,15,8,8,b8aa87f9fb986b69dbaafd8753496373e99a0af944d95bbaf3df00cb038275fd
88,88,1,C8:BF12,75,74,2,8,5,5,4ac10121862c193505d0a9733a3d8716999f81265524fe88ca0242f19def20b1
88,89,1,C8:BF12,76,75,1,3,8,8,e3d03d1d47286a944557d8602ee1e8b8d23820fd61bac21da93f5d842dcbb160
88,90,1,C8:BF12,127,126,3,12,11,11,1cd415eac20213c8596dd975255da8faa18870ba71255f996c3cc7eefe8a03c4
88,91,1,C8:BF12,62,61,2,6,5,5,6f3d102e543cdcbef74a1432e62d10a9464274b274e7db9aa38a74fb18bba00e
88,92,1,C8:BF12,79,78,2,5,5,5,cb29a0a1e0c49854e52c4b72f6d584f758b224d13265a5afcc3fcbc6d07e7b87
88,93,1,C8:BF12,24,23,1,1,2,2,ef7d1a329c9e8fd5edefebb1ff37559e4d1e58492f726e35beec8216dc6883d2
88,94,1,C8:BF12,102,101,2,3,8,8,107622328548669612e717e8139ecd0e3b9a09226a062f19910c3a2203cdf71d
88,95,1,C8:BF12,122,121,2,11,8,8,c536ac9ffcd46ef9f79f6ec8aa546e4ba6097973b0b59e8950974f5d3ed64ae2
88,96,1,C8:BF12,92,91,2,5,5,5,40fc98537ca61f68f80d32ec82926a2773c153d001c054c459c874cac3cd3232
88,97,1,C8:BF12,115,114,5,3,11,11,e910c3ecdbc68c6d3d0663affc2046269e042292f27188ad6e4a4c69045b8d7c
88,98,1,C8:BF12,59,58,2,6,5,5,87e4e0a005db96ab199b0c48174928effe88e966e622c35595133cab8f47da9f
88,99,1,C8:BF12,24,23,1,1,2,2,0465fa7b3d1fda93c3c98f2345496f981c0bdb3552cbaf122e46391dd8112d98
88,100,1,C8:BF12,106,105,1,8,5,13,06beee44109c8cb4ae5301024727e9842c8bd2ed28c4c74f0b1b0e3790c3cd99
88,101,1,C8:BF12,24,23,2,1,2,2,fb9a74591723f65478d3a2cbff5ce0568b9454d3723e53bd9b65628fc9fc55d1
88,102,1,C8:BF12,94,93,2,10,5,5,f74590932c3e553baf157714a4af2a88f349f0c6caaf8db4c2a76ce818fa0913
88,103,1,C8:BF12,24,23,1,1,2,2,f1e50f0726f6c7b158c1d9ed2f37f8df9efac729348e5ee20e70f42364ae3bf5
88,104,1,C8:BF12,94,93,2,8,5,7,f924e1f6a4ec93a5e3bbbbf6820a5a46bc8a3da82163d488ec6c66f6a2c5a92e
88,105,1,C8:BF12,18,17,1,1,2,3,c367327aa9c9ce5110e6b76db4763aedb3c89eba5a1ce2b6144aca0258450366
89,0,2,C8:D1A0,195,194,1,26,11,11,66c093f45f3c8d9a0613933754e5189b7cc851dce9cc50aa7f6a821c289e1d02
89,1,2,C8:D1A0,51,50,1,6,2,2,9bc9fe8d007b2e3f031f42422d615e70518dfbe6ac81bc06dbbeb0d0b85fb792
89,2,2,C8:D1A0,48,47,1,7,2,2,030d7312890939c3e391581168d2b0fa043bb720291611e9dd65ede8914ba933
89,3,2,C8:D1A0,35,34,1,4,2,2,e952d3e0ef64d63fb89e8f34d283e0d3af029bc77022d6787f62c0d7a328350d
89,4,2,C8:D1A0,38,37,1,2,2,2,17974384ddec991ef8b270d1b4a2f1ba102eafd66c1df107e697c3afb21f9fa1
89,5,2,C8:D1A0,112,111,1,7,5,15,f87677c2229844a7bce677e5893c03432ded3311366843d11510984753338301
90,0,2,C8:D315,111,110,0,12,5,5,3266dab46d8e42d642292d7162ad245c3341bc85bc9bdbbc0014bed122d2c231
90,1,2,C8:D315,111,110,0,14,5,5,fea502a1fcee84a2f1a5e765b11cd5ac217697dd1be6da3b832412408ff0c1c1
90,2,2,C8:D315,50,49,0,7,2,2,71dcb6d258a1c7411ab7e1b8f7061520ae85646d59ad50ce578c6971924ca537
90,3,2,C8:D315,50,49,2,6,2,2,22f8c34ea944b45394222c91a78259f78a17bfbe293e8d1b090e82135d0589bf
90,4,2,C8:D315,76,75,3,7,5,5,9186052f200ac2db7beef708458239c850ac0ac629e02f4a818ba5747d0fe16b
90,5,2,C8:D315,94,93,2,7,5,5,356ed7ee6436704c58e0ccae3decaab51b289cbf275d8ad80d2619bcb37a467e
90,6,2,C8:D315,77,76,3,7,5,5,b23365a35cc0fe20badac0de7097a99e358362fb066225e130ed358de82f2b0a
90,7,2,C8:D315,42,41,1,4,2,2,e1af55561b92cb697965bbd437bb91271f7be156766986ee1e8082ab68b8621d
90,8,2,C8:D315,104,103,2,13,5,7,990e3992e9aed3f6d0caa6bc456b0f3e0c4f4e9b443e24ff8cc0f6d4d8aca470
90,9,2,C8:D315,78,77,1,6,5,5,76694981b47006024c61bdc6fa5587409f0981076358b8ab97c446ee50e4eb2c
90,10,2,C8:D315,82,81,0,10,5,5,90af66fa05d42b12854426a49d3823900baeec3afdeeed3efad359e55611cf7d
90,11,2,C8:D315,52,51,0,3,2,2,f370f62dec4552d1d9d73bc5afe30462ff266ab9d510c133ab764fdad5a833a0
90,12,2,C8:D315,37,36,0,5,2,2,447b5a07362c6cc0d8eb000ad99a5ab659033ea65ce3ef5c728fd436d3496112
90,13,2,C8:D315,56,55,0,9,2,2,ca8d5887cb1bf60a6fb711cba1a6bedaa7760b9333683367064be6297ab5e200
90,14,2,C8:D315,53,52,2,7,2,2,8539bd17c85f97e783caaf96fe4eb110bb3748b3b67f3ec47e3ba8b41863d257
90,15,2,C8:D315,48,47,2,5,2,2,958446ca262b081cf4a28a1380545ac64457a3accda69f97722feced3c2edb2a
90,16,2,C8:D315,96,95,0,10,5,5,93a91e78df5807c56415eb62ef2b23e97245aadd6ae798e40e536c446de69f51
90,17,2,C8:D315,36,35,1,3,2,2,f118bf10834a845699535d742db74c26a34ef455159e4ca8ee73a4af88798032
90,18,2,C8:D315,104,103,1,10,5,5,a78c1423773e5e8312a8b2adac54abbc5ce078067b83e6cbbeb6b709c0a65c77
90,19,2,C8:D315,37,36,0,6,2,4,ea94048d1e21d5eb6b88d0b6306f70ee8cfcb8eb19bce1bbc4bb64762791125d
90,20,2,C8:D315,31,30,1,2,2,2,2fbced93e115d88b5973b120e0ccdad10ab44ed8266a1ed610653ffa41c17367
90,21,2,C8:D315,96,95,1,11,5,5,c2c5af5e9c7d6b78b0f58db2aa551c8d1cf44d2a8e4cee61af5ace672c4a26b3
90,22,2,C8:D315,106,105,1,13,5,5,03f4d77c2e077ff6dc482227d62f68dd76d9ce57bfb78ae1bd3b6408504daecd
91,0,2,C8:D7F6,104,103,2,16,5,5,4a5089d3f3405f8cea9db3d94a612241bba1fa9a698198b7dd151b50418260b9
91,1,2,C8:D7F6,48,47,2,4,2,2,e4eb6e1f3111cb00859d7223a81d232c7824cfa977d1797564dc1aa440f938df
91,2,2,C8:D7F6,47,46,2,2,2,2,562171db1c06953e441d69b97805be7626ac3077f4050ae1bf0be6f8194ce71b
91,3,2,C8:D7F6,114,113,1,15,5,5,c9b8dd5d8024e46dff7c64d1708cfb0a60f7ff8f8a437fe5795df46db924acea
91,4,2,C8:D7F6,76,75,0,4,5,5,4959e9a8cea635807757f745799c9880e43108f11071e4b51e7d99a1f377051e
91,5,2,C8:D7F6,47,46,1,1,2,2,c35eec97dbc48c62c0e0c94ce68e8045e1ab13ff6a3b0a17cd29949172fb0e5c
91,6,2,C8:D7F6,53,52,1,9,2,2,db3caab813aae19666bd022e791d022c9523f988c2adf12cae97ea6823e71fc9
91,7,2,C8:D7F6,95,94,1,11,5,5,20d84fa10b83127cf809b5bfd5e55d8b7f0c96b5739592f1dca2ad1c95ba4b0f
92,0,2,C8:D9B4,62,61,0,9,2,2,3bdba33d6d19887feb932602f591cf50afd024261a37aae95de204c92a245aea
92,1,2,C8:D9B4,97,96,1,11,5,5,ee0da73d3776359e88de18db2dbb45a4a03c716abc1f4ead7f4f5fdfbfdce753
92,2,2,C8:D9B4,41,40,2,6,2,4,052cdee5a4946c602179d295bdad1cd42a140c801ab8c2cc97b78b636d39b9c8
92,3,2,C8:D9B4,105,104,1,10,5,5,218f73d85cfc4ef412e4a22175f89765f94b00856151109d32b49fcc4a548233
92,4,2,C8:D9B4,71,70,1,7,5,7,2da291e782044c3c7548ab05a0be5c8db07c0b9cded9757dff6e87beddc92d0e
92,5,2,C8:D9B4,33,32,0,1,2,2,1ba40cf1364403e3623a8442cdae6593fa84b2a5a04c339d6d8a5f632f900623
92,6,2,C8:D9B4,47,46,1,5,2,2,366ecac3431de4b80868ac2e62b8268327faaaa6e1d35802cabb115166255aba
92,7,2,C8:D9B4,43,42,1,3,2,4,5390705b779a0aa226bc075259859ecd3361c4560c9b9fdb083702c68577abf8
93,0,2,C8:DB35,53,52,1,6,2,2,dbca631dfa02052efc5618765429c4409c53d825354f87abebff8b831b38e73a
93,1,2,C8:DB35,39,38,1,3,2,2,0ef2278dda88df0d567c3f85a0cb014e703cd60b5696e812bd0e7503ec2e0cc5
93,2,2,C8:DB35,91,90,1,14,5,5,0faabfb2aeb2ddaefd38533fe596502f66b5ef792a4d9ba7abd06ee405b949ce
93,3,2,C8:DB35,89,88,1,7,5,7,02b5d76b4579262f0f079552dc6cafb19e985e4b172e2a90cc10b5368992131f
93,4,2,C8:DB35,97,96,1,11,5,5,a352691d25aaa6632946abbe1540a580bae8342944e7168b3fea48472252fe94
93,5,2,C8:DB35,79,78,1,10,5,7,4783c3b45201ae8f99c3e0318406a3f78d1f7e83cd5843b7cd90940342558ba4
93,6,2,C8:DB35,74,73,1,7,5,5,3076a7b8c7e7d27294f2b1eb8208731a0c4c131450168b37a0cebdce2126820b
93,7,2,C8:DB35,54,53,1,6,2,2,46e040d4d6a68dee45e3bf1a31611bbc59b7b72b1750d2c66f15c2ade6cd3507
94,0,1,C8:DCEA,40,39,0,5,2,2,d0e382c9f8ce0891251c2a3e0ad0867780295ec35b76441ffc9d63861dcccb82
94,1,1,C8:DCEA,40,39,0,5,2,2,d0e382c9f8ce0891251c2a3e0ad0867780295ec35b76441ffc9d63861dcccb82
94,2,1,C8:DCEA,47,46,0,7,2,2,5e53e203a7f4c170452131d4ffa487e2eb29f334a45fc6bc67b6759b2a96d227
94,3,1,C8:DCEA,100,99,3,6,8,8,a7c4a64850af93dceaa1c6b4dc23e7a7bd677b604593c87fe9d310a9bfa8301a
94,4,1,C8:DCEA,49,48,2,7,2,2,c249a98ba53e15211b61ccd6685c880f9dd663a9356144760d569a126371f5ae
94,5,1,C8:DCEA,48,47,2,7,2,2,9400aa684151b682a4ce2ab83e1eb06f507d535dc4ff969e037176e26abead89
94,6,1,C8:DCEA,87,86,2,9,5,5,fd2f6a4ffce7b9f65111d2607a6e1c6dde1f112cb820e41f31dad02aa7ad06b5
94,7,1,C8:DCEA,44,43,2,2,2,2,7a4b6320fd37ed68c0955d5e2c17391f53da677009b253c96b5d7f16d32dbd4e
94,8,1,C8:DCEA,34,33,1,2,2,2,3a3d8220bf7dc71d822bad38cb635acc7fd505771491ada1f2eb1b16d0d16a39
94,9,1,C8:DCEA,50,49,0,5,2,2,38ca69e2afc194baa133509eb96a95f01c87c8cd62189cc9f7744b4d200cb56f
94,10,1,C8:DCEA,49,48,0,2,2,2,37f1951d7c60062c01cb76b62e7f3ff2cf0c726368b849423438764e47eb1e0d
94,11,1,C8:DCEA,28,27,0,1,2,2,7e163f5c5d11fa1ea193e8ec0e4175844d996201971a8e309fec2b0c90ea27f6
94,12,1,C8:DCEA,98,97,0,9,5,5,0368690d8f223cbc424e4582ef1ae0c4a00561f1c6e1778b83252b5b85887253
94,13,1,C8:DCEA,75,74,0,7,5,5,a4d87d0c09ba8d94996ffa5319f771744874a95746a3468b7af3fb23f6563bf7
94,14,1,C8:DCEA,36,35,0,3,2,2,c91c7dd10ab0eca6f291c1f7aa85067fdc3b7e5a5969d81a1387eba6354d1be7
94,15,1,C8:DCEA,111,110,2,15,8,8,1e2b067d5f2b6ee5dbc006394097c2c78083d600f1ad379866aead7a3fd86dc7
94,16,1,C8:DCEA,74,73,2,8,5,5,195ed814d06b451d6cddada7f363ed31b0b2c70acb0865422e3a2183f8db4345
94,17,1,C8:DCEA,46,45,1,6,2,2,1c50528a42e8ce2438ff906199a92990257cec970459c131f568b6aa147f0498
94,18,1,C8:DCEA,105,104,1,13,5,5,e5d8dfd94b3b6ed3d6e00a06c262a0a2893e4bbb5c535cf68f2fb3a2317e4c8d
94,19,1,C8:DCEA,47,46,1,4,2,2,0219c86caaa26e2a4ef0b49b4721b259c6eeb459e62d67aa0c485d621f590f7b
94,20,1,C8:DCEA,72,71,4,4,5,5,c71abff017b25599181d88fd4e13900fb09b7bcc85491ea393d393852a85608e
94,21,1,C8:DCEA,34,33,0,4,2,2,2426a643b773dfde9b9733b7b862ec1d8a4242a169f73b8da685e1f96b11eaf1
94,22,1,C8:DCEA,146,145,2,12,11,11,5a4e44a967e577f54fbc88263e2daf9071f6a35bc3d2b23293cd8ca8d7e0be59
94,23,1,C8:DCEA,84,83,0,12,5,7,1e982336a8d65ca97c294f009658061a24b41ce220ed70a68371647860a50584
94,24,1,C8:DCEA,98,97,0,10,8,8,386d20dcb1126ea0e58418b48b64cea692a9c9519ac6565b6f5f734371481ec7
95,0,2,C8:E1C3,51,50,1,4,2,4,dd3288841ddc0321aba29b832b137c7e5d77631160d99fa167562674268828e5
95,1,2,C8:E1C3,39,38,1,0,2,4,e8d294af54618fef51decc7bdfeceaa3759cd09ca9a4a30c704ad1ca82be7cf1
95,2,2,C8:E1C3,46,45,0,4,2,2,710c43b8b400ba3c33afb842864ecba20879bb0d13bb6fab7a0f84e06ddce0a0
95,3,2,C8:E1C3,55,54,0,5,2,2,523ebb812dc782e4feff3a360388e7d121d19712fe5086a7e740c390f6cf995c
95,4,2,C8:E1C3,53,52,0,2,2,2,fcfb402acf28dc76d3c1b85a2d13ad2f5848187e539e289cc9d1bd66d986931d
95,5,2,C8:E1C3,76,75,0,5,5,5,a61b824c7101788993bff63f3f948561e33853c7737f6e151d50b92c0a8d7cfc
95,6,2,C8:E1C3,111,110,0,13,5,5,c087a43bbc9ea38aab1fd0eb884882e13fc7c2ccd0bc2e96ee163de82f6fbddc
95,7,2,C8:E1C3,63,62,1,12,2,2,df9ed5034f85ea5f9c3ca9ad075d3d49a2b264fcb5d096f3a00f74ef6ec9f812
95,8,2,C8:E1C3,52,51,0,2,2,2,e0cf67e56f25f3c86f9e490e36acf1510022ec9db02d8cc0acd1f6dd19106902
95,9,2,C8:E1C3,48,47,0,3,2,2,8918a83a209ab0aeb697579134bb6edc70bef0992420699d38f313464571f3a6
95,10,2,C8:E1C3,36,35,0,4,2,2,883083f877e03510c554d32f4cb638ea0aa6fa26108da7aabff174d077953a49
95,11,2,C8:E1C3,30,29,2,3,2,2,38e0f64c780ce2bcd8c6d8ec5dda428b2da8253be1c431af2ad9b874d99e5861
95,12,2,C8:E1C3,59,58,0,10,2,2,2b5b069949b8a5b0f6ad940b88b62ba0f7df26ca06cbefde5588e8f37104be90
95,13,2,C8:E1C3,54,53,0,5,2,2,ef9fa174325872b09822339ba1643eae580a43148836abe1d2bb757e2a8b937f
95,14,2,C8:E1C3,42,41,0,4,2,2,9fb05d91777b7f468ae4b11bafca33f687a3dd91f3fa4e0f38b4e04f7477d2bb
95,15,2,C8:E1C3,49,48,0,6,2,2,c8846e4ada61fb4b9501bc5197e48f5252a385c462c722fa2a1d9876dbfd906c
95,16,2,C8:E1C3,50,49,0,5,2,2,4ebe5638547f0f25b356f62f6e02a01fb0082fe614d518153996e425c30c9078
95,17,2,C8:E1C3,84,83,0,5,5,5,438917d479df40a6aa936917cb57b19b8d7669ebb22aa7f6a65874bcdb3fb2f4
95,18,2,C8:E1C3,101,100,0,9,5,5,d1b18557b90ce99d53fad93a4f718e4c4cb79d870c40cce575ff8deda2f286e3
95,19,2,C8:E1C3,51,50,0,5,2,5,df30ab565dd9c10ce7097631442294c5609f5e45eb53a8f5f4d2cc0765320bbf
95,20,2,C8:E1C3,40,39,1,1,2,2,177d6f6e7ca5b44e25733b135a999eeaa9adc7e29e848174df9a42f9fda5838e
95,21,2,C8:E1C3,65,64,0,11,2,2,c5a473b5b5697565ba0e5707e1a184da1c761bdfcad14ca26b394302322cda6f
95,22,2,C8:E1C3,177,176,2,6,14,30,a44c4ba09d89dd4f0a35d59532b279e346376533ec36566c4a1ffacc92fb458b
95,23,2,C8:E1C3,40,39,0,2,2,2,5c5e05d495e5674d17018e960b7f7dced32cfb2bc32cfea81502d5b3c0fdf4ac
95,24,2,C8:E1C3,56,55,0,2,2,6,fa3e0ce2cd0b7e10cbe45fc8a0be2dda0c826235b86c1e1bf12bdd1fe52159b5
95,25,2,C8:E1C3,52,51,1,4,2,2,79143eb6d00c960e58b9049451fce647a6d0d7def7036d5f58d061e6d2d597c7
95,26,2,C8:E1C3,54,53,0,4,2,2,898b658dd5ef3c924ebd47fdf4abf8c53c31c606ea3e3397004a371544b23c97
95,27,2,C8:E1C3,53,52,0,8,2,2,068de7bbfe7d029a52be5594d540a403a2d0c55ad7c1654a571a43d62912470f
95,28,2,C8:E1C3,163,162,4,7,14,15,9524de548900713127eec10f43b428a4c2337fedd8f4d1d3bfdfc0bbe392637c
95,29,2,C8:E1C3,59,58,1,3,5,7,0582f97cb557265a10bfde5ff04dafad50af1434d8611cbbbdaeee3b98467d06
95,30,2,C8:E1C3,22,21,1,3,2,2,0f62628dfb2333efe634d63bbeb22b703997f5ee5bc4851479db7c5321933176
95,31,2,C8:E1C3,128,127,1,17,8,8,5952da05146143773f352e3c65a694686bb280b37fc1db69fe138380a1e1b0da
95,32,2,C8:E1C3,140,139,4,4,8,21,3df2189a0f5b0e32d361b966aa65305dfaf2090792663bc3f165fee9a5d3b04a
95,33,2,C8:E1C3,27,26,1,0,2,8,81e7ffbcaf66213c9a546261900f13ea52e22456ddf7e9674b42716c4e165b69
95,34,2,C8:E1C3,27,26,2,0,2,5,3c1c2f18939b3437b21587c983f4e040842e8420cc4bbb95249ab2189d5ff53d
95,35,2,C8:E1C3,33,32,1,0,2,6,36664d471b3057d95023cfd663e4c754804b9e61d329c30dedda3b2817568b2a
96,0,1,C8:E89F,147,146,2,5,11,21,e139f9784e5e6873517759d16438d958aed2fd27322d93bcd184a684e3332a83
96,1,1,C8:E89F,32,31,0,1,2,4,397c24b83426f092c20175be6eccb1b2d58d4bdb922450094ec1840ebae4d4a6
96,2,1,C8:E89F,32,31,0,1,2,4,397c24b83426f092c20175be6eccb1b2d58d4bdb922450094ec1840ebae4d4a6
96,3,1,C8:E89F,32,31,0,1,2,4,397c24b83426f092c20175be6eccb1b2d58d4bdb922450094ec1840ebae4d4a6
96,4,1,C8:E89F,156,155,3,11,11,11,a9f139c896a921c86c039c21d8c803b8304b350fb7b023028c35c8ac0c010e77
97,0,2,C8:E9CB,104,103,1,10,5,7,d3363085430f8b5a28ba79b5c66e50323171862ef82ac33680e1db95d054177e
97,1,2,C8:E9CB,97,96,1,9,5,7,5734cad708038e50b60f912c2606d5a9e2a52f28e8544092f612d66ac5b98db6
97,2,2,C8:E9CB,30,29,0,1,2,6,5c28617a80e382539190558a1f202b17abcdb50530fc375ad5c51a9c2e101798
97,3,2,C8:E9CB,117,116,1,5,8,8,62e21829b41ebb698c4ad88680b3888c2ab2ebf8ba7b141bd09fb38c78769cca
97,4,2,C8:E9CB,50,49,1,3,2,2,1a35a7d1f62c854dd4a58b12ba1fd0c5ecacffbfe91603c9574c82fa7dcb6847
97,5,2,C8:E9CB,45,44,0,6,2,2,4a46fb788d078d2ec5cd5e554f124cd3a810cf8627f3d9a89d92bb6362a82b0d
97,6,2,C8:E9CB,99,98,0,14,5,5,8af79c04925af886e0fc1bfbd3d808c7f3cb5e0b4e36391615f713eab8a4f9a4
97,7,2,C8:E9CB,51,50,1,5,2,2,98e6af77e2f667d70a44b400528d109486bf5c2f7b71a9170749ba5215dd39dc
97,8,2,C8:E9CB,117,116,3,7,8,14,ad3d5dab9e49264b51e70ed9beccc837df4d3d8e61d8decd67b70653dc592b8f
97,9,2,C8:E9CB,47,46,0,0,5,9,85766e617bae2d6d6fa24bf32a4449074bca81aa5bf4091d4f1c795f6284caf5
97,10,2,C8:E9CB,74,73,0,12,5,5,2c8bb98f58fc80d73c73a412cc04d881c3ba04eafe18b81d4f5bf9b493bea3b8
97,11,2,C8:E9CB,127,126,0,6,8,12,a68914989e77795a719b5812d283eafbabf879ac9464370801a0bf800f26f3fd
97,12,2,C8:E9CB,88,87,0,5,5,9,504218e725d6a63735a2be175ea20dccc23b01ad602de035729155b195584221
97,13,2,C8:E9CB,102,101,1,14,5,7,3a882a4be70f5d44a5da575d4dbbbd6beaab863fff68e3cea632af73329ca4cf
97,14,2,C8:E9CB,105,104,1,9,5,5,e869a319e8b3176b7b19a5774bb620c13ea5dcfd0a3c099a174ebd9ca6453a7b
97,15,2,C8:E9CB,56,55,0,2,2,4,33c0fb76498a410b0e9e427ca95649609ddf9d845761642df5400317c92b60f6
97,16,2,C8:E9CB,35,34,1,1,2,4,43ef630d1af7b62ffcd2b72fc674f6f4f170e3202fdfa32a91883b06d8bf9fb5
98,0,2,C8:EDCE,46,45,0,3,2,2,d3b1c16a34a5d6d6985d9f940b3a5c993c12917142c6af718f4c2941be96e230
98,1,2,C8:EDCE,52,51,0,5,2,2,19a5bc92fadf9d321114e2ce907a6125996a1a614ec326edad052c46c451d406
98,2,2,C8:EDCE,187,186,2,6,14,20,204d4defdde6a9f8db188d3539af9afe9ebc4b64589522629f88a13180e8e35a
98,3,2,C8:EDCE,177,176,1,13,11,11,2ecf47f28984aefa18793e1f2488dabee6dd51b42c861929f1b8bf97e2f6bc75
98,4,2,C8:EDCE,53,52,1,5,2,2,d091830b5c97fbe4128924813a5d1492f92ec8e6fed84aea3e25a5e3f867bf43
98,5,2,C8:EDCE,53,52,1,5,2,2,d091830b5c97fbe4128924813a5d1492f92ec8e6fed84aea3e25a5e3f867bf43
98,6,2,C8:EDCE,51,50,0,6,2,2,45a75e72b5d6c0a0c119d7c6b82064af8626ddfb9a05e6ddd9f7ca58c239b062
98,7,2,C8:EDCE,73,72,1,7,5,7,e5856ca87d8c090ebccb7240d8b71bebc932828020912532afa3756ebc39815c
98,8,2,C8:EDCE,32,31,0,1,2,2,1b09233ae5c9384b6d1678e9910f42b6b34feaddfd8e2a9f9542a46587fdf6cc
98,9,2,C8:EDCE,19,18,0,3,2,2,4b87e67dc79989070072b3b2f6be63e458d1b8ecae72ee6859f6f18a3cf7574b
98,10,2,C8:EDCE,39,38,0,2,2,2,44512cd1016be68f3776a50556526b4e9ce1a783c37a48caff377676344c6781
98,11,2,C8:EDCE,77,76,0,7,5,5,c26b6fbb27d3d97fa370f07ef084571d691b16c4fed6ddc6749c6ed9c22d3823
98,12,2,C8:EDCE,106,105,1,10,5,5,219f0feaf06d55d14d190541502ed13e39bcd9fb879c3ce48ce625594a1abae2
98,13,2,C8:EDCE,56,55,0,8,2,2,6254fc1898af10a81405d47f87424dff361fc0b5c9f6cdcbf780e14578b264d2
98,14,2,C8:EDCE,56,55,0,2,2,2,2a3b3ac7649c4da22fdff11d7efd6e6bf1bde6f32010538a3a93c097236134ed
99,0,2,C8:F103,100,99,1,10,5,5,54d4b81809c026ced61442e3067e12fbfdf2ba262d6b1b1c5eee795b5393dd10
99,1,2,C8:F103,30,29,2,3,2,2,38e0f64c780ce2bcd8c6d8ec5dda428b2da8253be1c431af2ad9b874d99e5861
99,2,2,C8:F103,51,50,1,7,2,2,71c7b8227df7fa626d392215937e641902825678f4ea9fbd32f9557dc2a187dd
100,0,2,C8:F193,109,108,1,6,8,8,7bdf3328a61ffd095d26e634fa8579b78ae544bf77a67f0916342891be41c12e
100,1,2,C8:F193,54,53,0,2,5,5,d150e1341bde72a341c47dd5e786142a925be83c45238e01cee74e11bf61427f
100,2,2,C8:F193,122,121,1,12,8,8,9c99a7ef446802ac811c4253fdb1751ec5b42f987931fa4d0658c3c47734b7cf
100,3,2,C8:F193,99,98,0,2,8,20,960d03055b8c4c51ba34f1586270abfb2418d975860139e3244e1f0efc135bf2
100,4,2,C8:F193,21,20,0,0,2,2,bc3f6d21f84b9236a7a1dd34b2b2dcbe94b5e727488f4a94534f87d761a5b948
100,5,2,C8:F193,144,143,2,8,8,8,413928a801c4003c70355154194b2e42284853e3c310558cb5614f8a80df15f1
100,6,2,C8:F193,60,59,0,6,5,9,344711688066edcda3d72a6a1b1dfbe788774cb383efa5b8006e244ab618959e
100,7,2,C8:F193,142,141,0,9,8,20,e917c03eff39fe503c959e03d83377cff3609b57f99eb73cfd62cf733d69aa51
100,8,2,C8:F193,51,50,0,2,5,11,7041cbda032e34088780597c60722c6a2df9b8937e3ed32472c1840cd86a7d28
100,9,2,C8:F193,141,140,1,12,8,8,eda1c6d83c5a4df5410cb6ac854edf1fd591e063b86cfcc75bf0444533749103
100,10,2,C8:F193,41,40,0,2,2,8,7a4d1f20b8dae2fd92d9d5075bfd2605baa85e1b90c8dec33f548026f2a3b755
100,11,2,C8:F193,124,123,1,5,8,8,a3f9dcbb627a79d70680cd49a12f0f551decf3f7542819921ab4ced3c88a459d
100,12,2,C8:F193,129,128,0,10,11,23,3e9aed370e0d56893f0d0554d6ff0c22a772828e956575544cb5a10a9765e7ca
100,13,2,C8:F193,53,52,1,3,2,12,b3169cf75af6e34602b93d879aeb50fb6ea650d10ed196928240cdae437463b7
100,14,2,C8:F193,118,117,0,3,11,27,ed1d45e27fa3ce5e28ec254ae6544b204d1a635f3ab61a42ba78731700598793
100,15,2,C8:F193,133,132,1,6,8,12,e480863c0b99184d646e2a1ba96b796e487557b70250b1c0b1266fe7c53bf034
100,16,2,C8:F193,102,101,0,7,5,5,24403f20ee0b229527c8f09e816dbee166d461dd4bb8f8091ba3e386c4833dab
100,17,2,C8:F193,113,112,0,2,5,21,1ceb7c9ddb3599b76e602f9a635598d5a56404a40a99d2ef817c38adae2625be
100,18,2,C8:F193,41,40,0,1,5,8,d13240519715ad3bfb424ee6342e0427886612d2be126fdddf2d9b56ea4a9b9f
100,19,2,C8:F193,32,31,0,2,2,2,910c078074d086e14e6e20829d629221d9f9d7f148aaa7d44c127be2a42a91a1
100,20,2,C8:F193,44,43,2,3,2,2,b54667cdb63eb4a3491cfde70398322a7eef1cdd84c417970d4013082593c3cd
100,21,2,C8:F193,12,11,1,0,2,2,62792fdfc472d0b0c46733093cb75ae2730a13b889be72198452eaf921b6e181
100,22,2,C8:F193,33,32,1,1,2,2,90a039907cbd383ab6226088e204684364fbe1f35c8b04d62f4c3a628bb02f57
100,23,2,C8:F193,33,32,0,2,5,7,5f044b0693db1cf9fa55fbb1988c6ef5609ca3a17091872d3d8cc11bf3c1e354
101,0,1,C8:F741,87,86,0,7,5,9,c17b45f381dd574b2fc5fa462a1390ccfb99abacca963b3dd2ff4b9bbc784766
101,1,1,C8:F741,54,53,0,2,5,11,3ff076830ecbc16b6ed138f93a74cb0c75d1b1b102995e42c04f010bee06e35f
101,2,1,C8:F741,50,49,0,5,2,2,5801e6332faf8aec8f2d6d934eb3ec2d6d8b3ee28154599d4fb7c40a510bc429
101,3,1,C8:F741,78,77,2,4,5,11,9fdb6298a4650f26bdf098f4adcd361d8633f40cf939e96dea02a635b1057917
101,4,1,C8:F741,50,49,0,1,2,2,8ae9335ab557fbe1fa35c478b8bfba67c0b4ae71fac66e4170e93e6e9eb49037
101,5,1,C8:F741,41,40,0,0,2,4,6becfe02b8ea8a28af89dbc078b7e3aa64bdd352f48e2f9300f094b5afe1626f
101,6,1,C8:F741,77,76,0,5,5,5,e7462a0100742ef9dc83eb3a2b098cdcd0de1a1539a0be1bbc7a3739d37ad996
101,7,1,C8:F741,38,37,0,2,2,2,9afd0f3f9ce682c943afab96ec0c9cfd22aa90f219dd611ce020dd44c7379f70
101,8,1,C8:F741,39,38,0,0,2,4,f9f3cc58fc0bb19fe93e186d87abc0f62413f1b6d8a5276e7644efb1c15fb89c
101,9,1,C8:F741,109,108,0,7,8,8,a96454c5419d22635f16cbbd102557e3fe0565548b1f4e05222cfc70df11eff5
101,10,1,C8:F741,49,48,0,1,2,6,0bb849b939b9c82c555c5bcbe0c8c68b6d652c3350bb2979565191adc532b43e
101,11,1,C8:F741,114,113,0,14,5,5,188d6c4d843b7c9df05a30220a2ac15ee2b022c57483b86b4575b8ce5f4b2fae
101,12,1,C8:F741,19,18,0,0,2,6,1731b270d24438dfc2e1318e9aa596b285fba98e67500f677719bf4306bee702
101,13,1,C8:F741,19,18,0,0,2,6,1731b270d24438dfc2e1318e9aa596b285fba98e67500f677719bf4306bee702
101,14,1,C8:F741,19,18,0,0,2,6,1731b270d24438dfc2e1318e9aa596b285fba98e67500f677719bf4306bee702
101,15,1,C8:F741,19,18,0,0,2,6,1731b270d24438dfc2e1318e9aa596b285fba98e67500f677719bf4306bee702
101,16,1,C8:F741,165,164,0,5,11,31,e17ba104950c1f3e0c667ebdf7b32f0ca9b74fe8952da3df2cee65b8ac816184
101,17,1,C8:F741,440,439,0,19,26,66,6cc6e5f0b4fefa6bdc2cd61e729a50140ace9f3efd4ee90f05f4f2a22beec074
101,18,1,C8:F741,81,80,0,7,5,9,83a235c4e3ce280400e94542e0fb35cf0cd593dcaf5eadf84e2669e1cb279fef
101,19,1,C8:F741,286,285,0,5,23,57,c380b9ad813fe37bad63e65bf0a86dd7a2c0306b075c6263f30ac7e7ee360625
101,20,1,C8:F741,17,16,1,0,2,2,fa53b7eb4e1f5b2f16b350db058002fb6cbb1a38bc9278407eeeab18a4f92e3c
101,21,1,C8:F741,51,50,0,9,2,2,b74209df784f01977e8033386b35f810582e0020eddf738816ddf98b7c203578
101,22,1,C8:F741,43,42,2,2,2,2,7a0c6dddad33be343bac9c54db1d1dabb323a56607d62eb231859254a82d4966
101,23,1,C8:F741,22,21,1,2,2,2,ba7f740408024cb3029838138e7429e483155f6e36bfea15b8005b8b502a1a03
101,24,1,C8:F741,59,58,0,4,2,6,4199a6801961a8c68de1aae6d0dd78800e1605b8deb012720b68fd900558f2df
101,25,1,C8:F741,265,264,1,24,14,32,d1256ffafcee76fe48dc014a1dc9e6e564781a9799ffaea99bae1bd90b6ed80d
101,26,1,C8:F741,48,47,0,10,2,2,eebeddd5cda0da243a6868d9e92438f9ad0ffc9e2b1bb76146b4994531e8a36c
101,27,1,C8:F741,48,47,1,8,2,4,06573ae8b8a5362518c3d5177ba2c248e3c77cbb5bdd525a89c17bc36f629004
101,28,1,C8:F741,54,53,0,6,2,3,28f4571817bc960d6c2e266927a261363cce72bd3e9662376a1d531366e54c67
101,29,1,C8:F741,45,44,0,3,2,3,d68e2e8e924adec537c57b042365793486cdea2eb2ff758f754c0fc4d5d1be7b
101,30,1,C8:F741,54,53,0,6,2,3,7b6dd9403da8d8356de6eece4f9611a84cbe8e18335b47bc6ff39ca7798ccc39
101,31,1,C8:F741,35,34,0,0,2,4,03d8e59b55bd02a780f780d22d32516da4fbe8597fadd9d3bdbbb77827eefbc9
101,32,1,C8:F741,65,64,0,5,5,8,78fe805e0ba419f1a9a065034f353474976d71710a429d718344c9565587cdaa
101,33,1,C8:F741,51,50,0,3,2,3,089c45c2b58cfc16e1694b03f9bc253bd49a1ff96ce45eb035b1255279bca0a4
101,34,1,C8:F741,48,47,1,10,2,6,b7ae93bcb1eac7e77321c51c03e75445ce3a3ce68aaf7179310b1019ff060e78
101,35,1,C8:F741,31,30,0,1,2,2,c988455f9f3b075e73a7fc4124935bd19664d8099a5c759f55301ee075b914e7
101,36,1,C8:F741,28,27,0,0,5,7,74b0d8ccd2bba85800e48f8eebd94ba34daa937f622ae0768ca92458065a1b9e
101,37,1,C8:F741,49,48,0,4,5,8,0697883c2d363769ebfd4f06f6ed873fa7cdc68ab121891d45f38dd8820ecc27
101,38,1,C8:F741,26,25,0,2,2,2,5f362fe9fba70231d549b1e6a1c5ca0af66829065e7a379886292a0ffb44994a
101,39,1,C8:F741,22,21,1,2,2,2,ba7f740408024cb3029838138e7429e483155f6e36bfea15b8005b8b502a1a03
101,40,1,C8:F741,35,34,0,0,2,2,187464766243e3616804d53d18deac93cbba2c6f780f49759ea45c1ca38579ac
101,41,1,C8:F741,16,15,0,1,2,3,915b842b9ce65ed8ebe80ca9b82a22a2734c7bf3ae713483c18a6ab41f8d7b40
101,42,1,C8:F741,16,15,0,1,2,3,a7f62466d111fa6a7621ec1049d9f3704452481c526e5aa2b7c797bc3755a0d1
101,43,1,C8:F741,45,44,1,2,2,4,eec1a8874e95aec4559b14e8f75e859590dd013e64f837595040bbfc1e5662d5
101,44,1,C8:F741,16,15,0,0,2,3,4c102e06401df7437b624cffd107a14ba3dbe12f28fff5432e43250b5da40a54
101,45,1,C8:F741,17,16,0,0,2,8,935b9f7326025dd3d8069fedaa3af9d1fecedf971dd9521c2bf8f691fdd19668
101,46,1,C8:F741,16,15,0,0,2,3,3eeb195498447157675b96207b0dfe08cf55e1d22e975ab74eabba4d9170162a
101,47,1,C8:F741,17,16,0,0,2,8,f5f7908ef26355e4576564ff608692d8536fd7f25bab9e7530f368761efa623b
101,48,1,C8:F741,35,34,0,0,2,4,8e48a3fbecaf4681920aa61f6bda3252e954299386436cd42fdf1d14281ae25c
102,0,2,C9:007E,92,91,1,14,5,5,d4c55fb7bcfdf09b9c35470af8732b586e3d9b96700cc8d61914a9881b75bf1a
102,1,2,C9:007E,93,92,1,11,5,5,5aa2b2443328c86f1fca1e5c243fa8218fa3c5749d90d84aeef649c55864e7ea
102,2,2,C9:007E,86,85,0,9,5,5,4f24375e6a19125a627133e08b4a6e61d9eb6921841b86b6b88bb541c99a8407
102,3,2,C9:007E,46,45,0,2,2,2,e1cdbc16beb2fea1a2b36aaa85a042b07e9873a8d249a3be592738c0c5d1fc75
102,4,2,C9:007E,57,56,0,2,2,2,3d232eac369576511061c034072b73bf8762b217dda64c67fddc0c1c897bd51f
102,5,2,C9:007E,89,88,1,10,5,5,122014a4a5326b7d2e53889a33ff9892de18ce3a1f43058a10b6c1e12f5de714
102,6,2,C9:007E,52,51,0,5,2,2,d2e855c43543c0d7688123d80ad0058b73fb74a574f0babed51861c5275775d7
103,0,2,C9:020C,36,35,1,4,2,2,699ab0a68531c17ae95e4e1d619b0b1418cc8c69ec639f94533bfef761f1d71d
103,1,2,C9:020C,108,107,0,12,5,5,3ee7249825d98fdecb9cc5552718fe1561389bbf616b9e21ea0fbec7fa8c3d72
103,2,2,C9:020C,84,83,1,14,5,5,4a0ca39d943d29e51638ae2f4b6674d0397e147179870964a35ac128d302dbc8
103,3,2,C9:020C,58,57,0,10,2,2,00993e6d0786b065522988cb3b2e889035d111defbb52092e14e5da95dc5c551
103,4,2,C9:020C,55,54,0,2,2,8,6a6ea894d5db4b13b38168cb46ec27626eb9f716580c4851f0f15ed3d14b26bb
103,5,2,C9:020C,56,55,0,4,2,6,b6f88aeefc8c440b01a58633e2693eb2a33cbcf7da20d28cc038fbf6eaf61fac
103,6,2,C9:020C,75,74,0,12,5,5,33215993ff9e8f1cc53aa056be1ff84bd0b4a545499b9194bde7f6aee719cceb
103,7,2,C9:020C,53,52,0,1,2,2,d9ef778f54de4607acb9b4641ae14fa21b0670d4fe8790c6ca8629d3b4cb7575
103,8,2,C9:020C,34,33,0,0,2,10,4371e4129b1bdc16af25c13537267f9c672fbe27208191782f1dd8c6885d7c1a
103,9,2,C9:020C,50,49,0,2,2,2,97b9ad4d76a557befa666fd7c5e515df7eb6a1cdb0bc454808b3913ed8db5c52
103,10,2,C9:020C,40,39,0,0,2,6,5d2bbc845b7214364c88fc82a68a08e755c43b7bf86df8afa046cb7f97458cfe
103,11,2,C9:020C,41,40,0,3,2,2,fe0c6d4ec125e0da64caab0bfa3ba86d6ab0e655a11841346422f07d218e90f7
103,12,2,C9:020C,55,54,1,4,2,4,198076971ee1803c7377777ddf8c7bfab96739206673e995de99c9540d0e7828
103,13,2,C9:020C,49,48,1,1,2,4,38c1e8543a0b83e0dd31a5683dc0d28b4aa517397c0ae710b6173be7715c2276
103,14,2,C9:020C,41,40,2,3,2,2,960ac45fb2f91dfda15c99e21a9978dde9ff79d78b96161f3e8973d074d5f413
103,15,2,C9:020C,60,59,0,3,5,5,aca53465e85af95710ebf0ddf9f18a37eba322fd7a735e182b6ac154947729f7
103,16,2,C9:020C,120,119,0,16,8,8,2dffb1d2118c2aa16d3668e3f4b8ab2e5f358ef8318483c59fe4ec7c5ea77365
103,17,2,C9:020C,53,52,0,5,2,2,57ad7ae46d2ae5afced47e60d58aa4098ff63e689c50fcca7b189d0051d91e48
103,18,2,C9:020C,46,45,1,3,2,2,38d15c1cd69e2139dc435b0d74e02b22ec94891876d700cf611ed287e702bdfd
103,19,2,C9:020C,58,57,1,4,2,2,9776213bc57cf8d1eed1dfffebcdebff2eaa2e2b376a87d9a40f86bcccce4c96
103,20,2,C9:020C,43,42,0,0,2,12,beeea4d97cffe87e3f55667eca94dbca5ef06e0da73a598b953414f23db3f247
103,21,2,C9:020C,53,52,0,1,2,16,a1acf4a22e30b0ead411fcf85f0b98e60f28ed283624e3a5ff762f98d34d6d08
103,22,2,C9:020C,40,39,1,1,2,2,868346b48b8c4eb98443ca763dcf408e01209a292570ba5851a6194d1e6cec16
103,23,2,C9:020C,66,65,0,0,2,18,deb295fe4566468cd95a8b978c59c71fa51a0d246dcff23b20ae1bbc84ccf152
103,24,2,C9:020C,97,96,0,18,5,5,7602e06a86af044c68c532c75e25772848b2192088b752a15b3480b43306a85e
103,25,2,C9:020C,34,33,0,0,2,10,86789d9eb07c3d0d1e18084435a7c3ac3489fd841930c61ca4276f8b607fa270
103,26,2,C9:020C,43,42,0,0,2,14,d5c61717dbd93c7844bbc74437c861ff1b192f3e5e570e676670371b2de723fc
103,27,2,C9:020C,45,44,0,0,2,12,688fe343e50f0c0628d52121598b76e66e5471b9f2938da72f1df7075e20853d
103,28,2,C9:020C,50,49,0,0,2,16,5b6a6365d31dbd4945d5fddc3443c08cd21d5d77feca7b1154395436b7aa56dc
103,29,2,C9:020C,55,54,0,2,2,14,90524780caea0cb8efcabb0353f993188e530c41d00a196629d9ba9dc2f744e2
103,30,2,C9:020C,67,66,1,6,5,5,07b49d7c4dfcdb0e2b489c0f724b9e1a642c90973b4e82de3b4c9b2921f0e6a6
103,31,2,C9:020C,32,31,0,0,2,2,b9daa8f01f062004e8b1fb67e16763e2c67f89f55ed7d7f4e9f6d9b6cc6c59e2
103,32,2,C9:020C,42,41,0,4,2,2,fe56e7ec58d26b23632efd9905cc12d563448baa12cdaf3f610f5b16da62f45e
103,33,2,C9:020C,69,68,1,3,5,11,2c38fe6375c7954cace03765c6b658d5023cd227f39ca27812533765b74f3503
103,34,2,C9:020C,132,131,3,5,8,20,63f1576726a2aa0695a066a7cab1178406d0b8fb135894f2db9ccdc763ba651d
104,0,2,C9:0820,89,88,1,7,6,8,f5124391cdd1e786541dfce1d85eba9d3f0749d8f834e6c74e6ea4ce7b71291f
104,1,2,C9:0820,133,132,2,12,11,13,b99400faac87fc39e3581e57c8ff8047d68308fa9122733c0506b79547081ce5
104,2,2,C9:0820,78,77,1,7,5,7,2412ee540116d64d76afdf4ef65a67b0bd767a22a8305cad6db6266755ccbf36
105,0,2,C9:08FD,52,51,1,5,2,2,4a83c6ff80767d4344eae4c8bbf8bb29efdb4017b94185e51c3e1c2efd9dd2ab
105,1,2,C9:08FD,43,42,1,1,2,4,2e03587f23163e509812c44195b6b63045868d33ef4c0a6fc0a2a6eb02ca52c4
105,2,2,C9:08FD,50,49,0,7,2,2,71dcb6d258a1c7411ab7e1b8f7061520ae85646d59ad50ce578c6971924ca537
105,3,2,C9:08FD,44,43,1,1,2,4,20dc04e71c70d2ed28c97bebb5fca91f020c6b6b26660ca8d5cafbb277f6c062
105,4,2,C9:08FD,46,45,1,4,2,4,318dc83ad6ef497983d0370ae6f955b32111fe07370dc3eaaf1af423705deb6d
105,5,2,C9:08FD,107,106,0,14,5,5,fab2a0e868f57652456edd4b44c977145165f5da1af10240c24b6f3b4e7e9d18
105,6,2,C9:08FD,40,39,1,0,2,2,88b4a24606e58c667c056cf6411c049e66bc83e97c17411ab14f2d1727751deb
105,7,2,C9:08FD,40,39,1,4,2,2,aabb74cc8198dfe7bd64ec04c8d5b8f8c4046669285ab58a37a9501c40b1c232
105,8,2,C9:08FD,94,93,2,11,5,5,cad46331ed1a274309f53c450c35ac1ad73151fc9472de5dfec81dac67bf8ebb
105,9,2,C9:08FD,49,48,0,4,2,2,dca0297d2c5ed38ab4bd685289eab823bdc452744f8d7f3460a87593ce8a258a
105,10,2,C9:08FD,104,103,0,17,5,5,9074d8b43ab8f62a2c453e39253ab2719b5f40b0012ef79da88ac5802b38b241
105,11,2,C9:08FD,101,100,1,10,5,5,1db817a6025a4b05572d2aa948469bfe6f5c2306996f70e0c015ce53f3fb9975
105,12,2,C9:08FD,57,56,0,9,2,2,78e800de2914bba4dea1de8a564363f087d8ad3c6b55ddcafff1ed3ecddbfac5
105,13,2,C9:08FD,40,39,0,2,2,2,7376fd1093994184b0d144c0c077c6d2027b826be0d3ea7d7d38c10c327d2045
105,14,2,C9:08FD,107,106,2,12,8,8,95bbb7d42231aadbabfb211ecb8ad600b2492e040cbb31cae5afb9f47abd5550
105,15,2,C9:08FD,61,60,1,11,2,4,f6208924b3354cd2e134c5d68f54883ffdddb7d082e63eb0ba75a1062a00474e
105,16,2,C9:08FD,73,72,0,6,5,5,50b64cd2bffa77279470bfc33e65de15354d5d3d7d64ef74ef8094907698e51a
105,17,2,C9:08FD,46,45,2,6,2,2,c578d809d7a7119c48fb0b745ab3ebad3a0d402ad9fb747ed177957bec25c737
105,18,2,C9:08FD,104,103,0,10,5,7,bbab9f3b5af54d3f457c24eefa85cb9ed72b30197ac977b928479fa59807053a
105,19,2,C9:08FD,79,78,0,12,5,5,ff329d7fb2f8870395e71e7db8949e66a6c77fcdae83ba6d512872ca49ec8d6c
105,20,2,C9:08FD,80,79,1,10,5,5,b251a39985c72f8ac86a96a92b9b3b1e923900a356b1802da6ff7246b8de03bb
105,21,2,C9:08FD,70,69,1,4,5,7,a1b0f8b7b6c1c6feafbaecbbd426db84692d834a46499a4344ebff2cccc3c6e5
105,22,2,C9:08FD,55,54,2,4,2,4,b2d3ff7187d740978702b3cafe7ffc0f1db91d8226d86c480d1bd92634747a21
105,23,2,C9:08FD,49,48,1,6,2,2,935bd7583f7707603ec22df899d0e03e4e4b9a69487432974bc36522d1de8483
105,24,2,C9:08FD,51,50,0,6,2,2,9a50f715d5ad3c61e07669a554793f2653c402c1aba3b3ff2a5d0c455ecbd91c
105,25,2,C9:08FD,79,78,0,12,5,5,36cd03b47e87403d3b6ee5011248ad300ce0d9a8c760ec834a4b3fcdac00e37b
105,26,2,C9:08FD,41,40,0,4,2,2,e7cf9919fa849a9123d64bf966afdcc7029c0aa3bbafe5d60baff85c7f612c2c
105,27,2,C9:08FD,119,118,3,16,8,8,5d923712b68e83d6c921623084d0bd8984915b78d39d3bd9610d1cad94a20695
105,28,2,C9:08FD,31,30,0,0,5,7,bebb50ad24926795189e80f1ec5da2ee80c69aa875ae7799190063ebca50e4d0
105,29,2,C9:08FD,69,68,1,4,5,5,00c53b1d8645fd292840ead6d371fec6f9bc9ddafb14ff6c6b01918c9346caf7
105,30,2,C9:08FD,113,112,0,12,8,10,4d7a2c54e43a3d93e5e14875c6b180522298e1a894c4282fb2522ecdf033ef67
105,31,2,C9:08FD,102,101,2,6,8,14,1f9bfa906f28fc26de31492255851754ebca827bfea39db4fdb7f8202c538b4c
105,32,2,C9:08FD,31,30,0,0,5,7,bebb50ad24926795189e80f1ec5da2ee80c69aa875ae7799190063ebca50e4d0
105,33,2,C9:08FD,54,53,1,8,2,4,f2955e3c27df47044bf657e58be7f18601d49da6b59d286e5844ded6fb4fd367
105,34,2,C9:08FD,38,37,1,1,2,2,77ed7e4abaa610dddbd28c84b8aa6ef0fc8206002633c0a6c5457ef65e4b7b33
105,35,2,C9:08FD,46,45,1,5,2,2,ce50fa6b2b5e8e800298970173b7feb2bd29a37ee1a74509a0732daf1124132c
105,36,2,C9:08FD,82,81,0,9,5,5,94802ef89e94e89c45cf8f53124103214feabe0e206ee03db0e19a07b12cc9b7
105,37,2,C9:08FD,48,47,0,5,2,2,fdef28a5887700ce051687a7288ed113ee81a0019f4357a4bcbf19432bb030ff
105,38,2,C9:08FD,87,86,2,5,5,9,e150041ee41f0b1dc23787b8182c3805d26b70da53d075c5bfcefcf04956b62b
105,39,2,C9:08FD,53,52,0,2,2,4,2eccd5ccf2e7de55a18966f1008e5bc7e3469e2fc876bba26b66f51b38fdfec3
105,40,2,C9:08FD,86,85,1,6,5,5,0817740f53ec54b94258af60ea44de0814640df0858fa34dabbd998ad5162788
105,41,2,C9:08FD,54,53,0,5,2,4,870476ceb80c87a1a88b5cf460dbdeaa0d707cbc7e7c7cd6a701b485ee9a47cf
105,42,2,C9:08FD,44,43,1,2,2,8,58eebacf5755b7b095da4d5428b0304e3d4eb5f4fdd06149c4855b1184421f83
105,43,2,C9:08FD,152,151,2,13,11,17,42f14b5602407d47718d0b382e289491f75d22fae166f916be2235869a53f688
105,44,2,C9:08FD,6,5,1,0,0,0,f3ddf045ea79f5f431f5660c11a86a3c052fce4f4071b196c2442a59721d7559
105,45,2,C9:08FD,4,3,1,0,0,0,48fbf08eab38d13b5a55100d63b34276daf55e27adff4c74011855aac76d0359
105,46,2,C9:08FD,129,128,1,8,7,13,04f4e15fe691a080f0e85e02212b9c09fcb323c646e27984a581775c3b2bd951
105,47,2,C9:08FD,168,167,1,15,11,25,8fd3777f9e51c922e7bdd193913a9ac9ac81fef293e7f83c6a0d920d1b6e4956
105,48,2,C9:08FD,52,51,0,6,5,5,73b474bbf3c8d7d1bfd03a79129beb1fe2e03929ddfc3b15bf03fe7974a3059d
105,49,2,C9:08FD,40,39,0,4,2,2,2bb909f455963199636a2a13816d8456ba2e6ab5f155014c6d4d36f574466692
105,50,2,C9:08FD,31,30,0,2,2,2,ce991be89a9275babc1c6e435fb50a9f6e3e8a9cedc1860e466649a4c3f39660
105,51,2,C9:08FD,108,107,1,7,8,8,ba871a9167f786292fdf87014341027307a9cfd6c99d5a49965e797b4f6cb9b2
105,52,2,C9:08FD,137,136,2,18,8,12,022cdd10a6376c39e173af8ebcb08eff10cb79763f0eb671a6dafed49a20ce00
105,53,2,C9:08FD,32,31,1,3,2,2,49d294acd1e01c55d66d116aa696ea2ac2843579d2793497fbeed0cebf2d030d
105,54,2,C9:08FD,27,26,1,1,2,4,bb18eeea9d659c161a7960b7553077185197ed97c0fbf51b069e98c52b623f19
106,0,2,C9:1402,85,84,1,9,5,5,3a1e751b0c49d3a42a4687e51b3de56ed17a8d3985f0429e245d7279dadf9248
106,1,2,C9:1402,81,80,0,4,5,7,579a0e274678860c34093a61f2efee423043ce6d47c11872d4e1de988030a4d9
106,2,2,C9:1402,96,95,2,10,5,5,1b356ef62c7b7968cfeb6182ae48f6605e78c5458784933cc9dda74961ca65f5
106,3,2,C9:1402,81,80,0,4,5,5,5da736c5fa47e3a893c5ef4a0e740e7409afed1701764ee0d41b90c882844a9f
106,4,2,C9:1402,81,80,2,6,5,7,e8dd3b59601277db5cf430fdb6ae35e8097ce833e29c97c6a1f3eb82d825ee1b
106,5,2,C9:1402,47,46,1,5,2,2,d62f4b69559840cac6b54e61fee56c5173f16549393bfb0f61d00a23c583417e
106,6,2,C9:1402,91,90,1,4,5,5,dfae6f63e5f778736d221583aefc48c4486182e49ffbedd9164f6af5d5f93620
106,7,2,C9:1402,57,56,0,6,2,2,1eabb27004ed94ace99b664b45a3d0be47fe1a82884ec3cae7cd09be73383e98
106,8,2,C9:1402,46,45,0,4,5,5,d2f680d42e687561114de7a344109813c237c19ddc3fd69497555e67879dc59a
106,9,2,C9:1402,46,45,0,5,2,2,b27638bcbfecceca16c75a0cf841983ea3df0e92888a558be0810fdc225f2998
106,10,2,C9:1402,46,45,0,5,2,2,8642e20fb695dfe906db7b4895d0a3dcc5d3e194e70fdcf7c2b5507595538a8b
106,11,2,C9:1402,39,38,0,3,2,2,f2c62c3a7a1d6345e5d8132d296966b69857ac3da2fddf940808cfb4456ded8b
106,12,2,C9:1402,82,81,0,9,5,5,cd2b0e13b0df467a9ff0dc73b3f6dd9f131276f7d9071194889f7fc276df3e70
106,13,2,C9:1402,36,35,0,2,2,2,0d4ed711ed422897bd2a7b58479ba3d449f045df50ef519191262dd846df858a
106,14,2,C9:1402,54,53,0,8,2,2,034ec507fe2170b392b92388ba6ef833c9812123f479271f97e51dd8218b3610
106,15,2,C9:1402,91,90,1,10,5,7,7df247b4b9e78802da5dd47e077e2716236e89f90ce24f271b9620377746922b
106,16,2,C9:1402,56,55,0,5,2,2,a6bfcf2df2f0b412261b454edf621e7092dca4aa5ff91cfc6b8afccf9441e981
106,17,2,C9:1402,72,71,0,9,5,9,0b95558b3871479b8262ab0a9cccfff645568b91c226acf2a3ae04391ec8d645
106,18,2,C9:1402,39,38,0,4,2,2,8c9dbb6fec35880430c8193f6b27aa82f1935dd00c0d9108e1a6d19f32b2b71f
106,19,2,C9:1402,33,32,0,3,2,8,e7cf058241cbc3ec5e31457296b77138c6d4a40acf511b2d4f8d1a83378d890d
106,20,2,C9:1402,53,52,1,10,2,2,3a1dffe3d9efab79b9e6d24d4cdf7dc57af93da48688b8c2ebe89bcea19ca3bd
106,21,2,C9:1402,35,34,0,3,5,8,5c34f7039c31731b3844e985bcb86cacc3aa56df9cf5a413acf96a1c4c6b58b5
106,22,2,C9:1402,38,37,1,0,2,6,7f37610358db5cc4b09b1def3a9e52a42d088de3cc607e99dd727ff768ab501a
106,23,2,C9:1402,22,21,0,3,2,2,02992cdc053616913e0c5b59fca134533e7d0a7617469143e97683a8d5b3083c
106,24,2,C9:1402,53,52,1,10,2,2,3a1dffe3d9efab79b9e6d24d4cdf7dc57af93da48688b8c2ebe89bcea19ca3bd
106,25,2,C9:1402,35,34,0,3,5,8,5c34f7039c31731b3844e985bcb86cacc3aa56df9cf5a413acf96a1c4c6b58b5
106,26,2,C9:1402,152,151,2,1,17,19,538455ca89edfc8ec167abb07afab4b3be1e36f44f8d8f40798f191939b3b95b
106,27,2,C9:1402,33,32,0,3,2,6,26533bf93c6587f8d969d6e0141e882f8be251ceac1f46a0aa355ef96dd445b7
106,28,2,C9:1402,22,21,0,3,2,2,02992cdc053616913e0c5b59fca134533e7d0a7617469143e97683a8d5b3083c
107,0,2,C9:1918,45,44,0,1,2,2,63241bdaa6b1774bb92925a1466ee2690131cf37f2045d3c031680777c4182e3
107,1,2,C9:1918,39,38,1,3,2,2,4dfd35b01c03bd98c0c892607cdaec55d2daadcd4d2998337c4ce1f5cbdae3a1
107,2,2,C9:1918,56,55,1,6,2,2,5d7c1218d0c9953f832ed8a00907e6d1f558167305651a3b459a44ee4887c450
107,3,2,C9:1918,72,71,0,4,5,5,0bedad2890145c9d896eb24802365891945916ceb4ffd96df5c4e7151a0f4783
107,4,2,C9:1918,50,49,0,2,2,4,98ef3cf0b583665ebdf2490be4ccb1363a599554d9d124c999441dc52715111f
107,5,2,C9:1918,39,38,0,3,2,2,e774110687e7054a7aa0dde0fd7147f4af06fded2db18939bd07d5f5fd38f827
107,6,2,C9:1918,47,46,0,5,2,2,998bac27842a5337751cc1d66108c591e453a143e910aabc3a04e332b1053732
107,7,2,C9:1918,45,44,1,3,2,2,5fb820d06338d88abe76a94f42ea2ce227330378c4879e11cb2da61c101b04e8
107,8,2,C9:1918,106,105,0,8,5,5,63411457d9eb07c8875b47f62229ac2a0c7a48848a42ae2d2bab8b62b47be882
107,9,2,C9:1918,111,110,0,11,8,8,281b0311684d123643c2e3452e6c15706064d7fb095958598db678ba6d8cadeb
107,10,2,C9:1918,76,75,0,7,5,5,08908aac085202d4b6fc8ad6134d9b87b802a6a757df46569465765d9b1ab45e
107,11,2,C9:1918,51,50,0,5,2,2,40bcc83151ab03c370e33d8149b6a194c79112db5cce06426268fe4b79c1c869
107,12,2,C9:1918,72,71,0,5,5,7,00387754bb15d64f8ebfee46b6ef3dda2be492396039c0f519188ea8ff062a49
108,0,2,C9:1B73,423,422,4,31,38,52,baab99c1709d42dd0a067defe4e4a5706463b593a7e6d201dd1fdd86e352d967
108,1,2,C9:1B73,144,143,5,10,11,13,3ceb9afffa9a0f15d4b7dbaacd5a1c0b0d6f04f9fad53f33382d9666e43d4c1f
108,2,2,C9:1B73,70,69,1,5,8,10,4ac696443866183a0c607b7834b2a6881220bd28d0f2ceae9db520840c1a3f32
109,0,2,C9:1D51,43,42,1,4,2,2,64261ae455287e03cd8f37363f6b7ae699a108de15ed321fe837a058545dbe08
109,1,2,C9:1D51,93,92,2,9,5,5,db91f50f13f91689c5f79a6ef549629c1629fc7fa20576bb9b293f00f01b7299
109,2,2,C9:1D51,73,72,0,4,5,5,d257ff483ac5a95cf7f7b9c66d8fcc908c809beecff6bdb6893681787e797360
109,3,2,C9:1D51,22,21,1,1,2,2,11b3895ca0332eb6174b57f3104eff3d355898558085a37059c552c34979d2cd
109,4,2,C9:1D51,36,35,1,2,2,4,f30f86e460f574024497ad8e5ae191867f08bff8c5bfb875ae21af08a9705388
109,5,2,C9:1D51,43,42,1,1,2,4,bcd405a7e8970aae7b94128d505b902ba2c80bead982639691c490f1bcf8f293
109,6,2,C9:1D51,24,23,0,3,2,2,99b1365b03d1e3e695d7d7f77e467f89c4066ad5f0335baec43ca4e6549ef4b4
109,7,2,C9:1D51,138,137,1,21,8,8,826cbe3ed43d0c4ee76ae9ade15e65f85df2fe23c0887a8f2e965b961d7cb60e
109,8,2,C9:1D51,149,148,3,14,11,17,26c3d889f12ea59ae2a2f290aaf1ee830db74a6f970023cbf921e7458dc41d01
109,9,2,C9:1D51,52,51,0,4,2,2,3df9081bc99df738b8039919e8c047130291932a40318ed058e4a02df1dbcd25
109,10,2,C9:1D51,83,82,1,3,5,7,76415cbff05cd75aca192c9ea9b22a3456ce8349d699db0db078903c82750fe5
109,11,2,C9:1D51,53,52,1,5,2,2,327550df07dd124717dcfecded62b52b1199f114ceb232e03ff9b7ed23423cf2
109,12,2,C9:1D51,87,86,0,11,5,5,ff65c9813dd4b8dc945a112beaa034cdff65074ec15cf46aecff15bb40fc6c22
109,13,2,C9:1D51,141,140,1,9,8,10,121f648073912ed74231c7c158b6a45ca35e78e56f9af3eddaa47b62c8ef5954
109,14,2,C9:1D51,45,44,0,3,2,2,631df4270634adf742e313c49ccbd9f187e966d471658ea26a703d7d7762e455
109,15,2,C9:1D51,59,58,0,6,2,6,ab0e189afbbd5014dde226498d9d1accfa6a5d982f0babd92e5794ddae679555
109,16,2,C9:1D51,65,64,0,7,2,6,e4b58946218ab77a87c76a6d37e92ca82a8ef9477bb76357b3d31bd9376a6bbd
109,17,2,C9:1D51,97,96,0,7,5,13,8f0d6136d76f4dbebfebac4349146a07a5d254cd033e599a2a653b42c68aa42c
109,18,2,C9:1D51,86,85,1,4,5,5,ca6a523539a02dad737e098ad08ca6fc4d593936bf8ea2c7c974e16bcb30233e
109,19,2,C9:1D51,40,39,2,0,2,2,3711ed566435b5250ef43a653665dc6376478c4d92c051a2da152b70cb493a7e
109,20,2,C9:1D51,89,88,2,2,5,11,214e3e30cd2db7926e587f8492b3e0fe9cfc17522152b35c0852e3f9c274e7c7
109,21,2,C9:1D51,30,29,0,1,2,2,57b54b1732d615e35354deda2a60a79d7c08b7428f02c23f4149d28c4230eb08
109,22,2,C9:1D51,94,93,1,4,5,5,c6c622e8d02d4dce2c2750ef6c31ff4a7b1f239a55a98fd4f7e06cbd728903a7
109,23,2,C9:1D51,39,38,0,1,2,4,a491781a56f9880504a5d6fe1c2bdfa742eb5679eebefd1ad946df82234168fd
109,24,2,C9:1D51,82,81,3,5,5,5,ae2157a873e32a15f3b8d302a5710e6ca4fb2049d55c8521ef774098c60407ee
109,25,2,C9:1D51,45,44,0,4,2,2,e18fecfca776dfd4bb2d4af7a0d1b889a4abd26341582536f372833d0d82040f
109,26,2,C9:1D51,75,74,1,0,5,5,2e82203ce1ada3bac265aa6dfdf2ffa1d0adb2b987faa0ec252abc3b4c113b87
109,27,2,C9:1D51,44,43,0,3,2,2,191172f0003c24f0be0fa41f942e3063e573f0b329ed5f89d8202d59b3226bc3
109,28,2,C9:1D51,42,41,0,0,2,2,7babf147db145c6b2d1287b8d2c12779b28791942ee93d1e3e5af16a2d012215
109,29,2,C9:1D51,29,28,0,0,2,2,65e98bd4ef22ad02e7226a197eb734764290a0506c0fcdef5ab16f04a5310e9e
109,30,2,C9:1D51,126,125,4,12,11,11,baaee3e9e141665fc3e8030af437bc8562aa21b7eb6f1cbfb0fc59135ec5f7a1
109,31,2,C9:1D51,64,63,1,2,5,5,d3298c151136de89939a31c15790369d86dc2cfcf0f73f7c834c9603a2066d66
110,0,2,C9:23ED,141,140,3,10,11,11,f7a3c697878119a4e616ae2ca5d2d9fa54e0f41a2c86a4dccf7c23e79a526927
110,1,2,C9:23ED,72,71,2,6,5,5,17acbd0408490c02f57246b95c0bc23627af0163236dd0d6cde0ae67593d42a2
110,2,2,C9:23ED,51,50,0,6,2,2,0e6ef6a118ac91f7247eacd5f38fdc04165859fa3c5f2b5257656fd0313a1ab2
110,3,2,C9:23ED,51,50,0,5,2,2,5721b6fbf5cfc5a7c91629dd548be125913f54b58af018c7e292f77ee3a04790
110,4,2,C9:23ED,43,42,1,3,2,2,40d0bde1541bb991285560f41b3143233e6d96364323d123b226962a7409a2e7
110,5,2,C9:23ED,45,44,0,7,2,2,6ee59bead1d552470dd97323f4054ee2e6413f97525311464bc1d3a853b786c2
110,6,2,C9:23ED,45,44,1,3,2,2,0b427ad492abb9dd832e48cd5962dd4c6403656e601443d2269363df994cc0db
110,7,2,C9:23ED,37,36,1,1,2,2,64fd348a786716f9788de4c3d3655f9a5f203d6e930a4f23748d628a2ea914e5
110,8,2,C9:23ED,37,36,1,1,2,2,64fd348a786716f9788de4c3d3655f9a5f203d6e930a4f23748d628a2ea914e5
110,9,2,C9:23ED,37,36,1,1,2,2,64fd348a786716f9788de4c3d3655f9a5f203d6e930a4f23748d628a2ea914e5
110,10,2,C9:23ED,34,33,0,2,2,2,1b8b6dd0b31ef15b7c4b5eb833bf486ca17e1317e66af9cd07a32ce60ce753cc
110,11,2,C9:23ED,30,29,0,0,2,2,c073e49695e2cbc14c9c2dc05958a8fa3048be0b811098f85f31d6c6f1310a23
110,12,2,C9:23ED,89,88,1,6,5,5,9a80384b93113caa593897c1d118353c2a5f07cc1e453702941582532de382c6
110,13,2,C9:23ED,99,98,1,5,8,8,3ec06b3772b87be1a2f06023003e1b9e8dd5753d70910df0901764196341a6c8
110,14,2,C9:23ED,60,59,1,4,5,7,6c36406b9a30238f176e0f68b9589540c009cc3a0d87a7ac3443856640ad196f
110,15,2,C9:23ED,133,132,2,10,11,11,cb16034e5aa0103a820dfc4370e8a36ea06a8869b3db64e310d435b1e776553b
110,16,2,C9:23ED,36,35,0,3,2,2,a144734fb1fe73297ff69a8c7b15d3bbcfa1a1b0318ca4ec568bb9649dd1906c
110,17,2,C9:23ED,37,36,0,2,2,3,e8764738cb323c94b60a0959efa07cfa8ad849b342317cf845f077cfb33154ed
110,18,2,C9:23ED,40,39,0,3,2,2,0ec89adb2b5a1ea0ab3522d4ed01a88d0fe056b09ea022cf5d82656f5fe9bfac
111,0,2,C9:274F,48,47,1,4,2,2,0a49d5f1523cec16c1cccb7399b9b23f10a1bd4cb936f6cd952d415a66b9dff4
111,1,2,C9:274F,99,98,1,11,5,5,16a262eee69026af2893c08d29015f6a74a34b3feca6e55ce660cdf7b9fa5634
111,2,2,C9:274F,81,80,0,11,5,5,5627cb5c752091ca03357b06dffe0020ff670b912fa121f578dfe1fad7c34b60
111,3,2,C9:274F,50,49,0,4,2,4,a34823e18e7e545dd2b3e0a8c1d73c6618b739b13d5c45f616065d1dce937246
111,4,2,C9:274F,84,83,2,8,5,5,22535a50db2f4599563293f48c13d6d78f7ad3fbcb23d35dcb7a438847e953eb
111,5,2,C9:274F,35,34,1,4,2,2,86b2c0a0bee46f7ca9f5f43f9abac93916d432f86fbd673e6be34f8d7f0e7c07
111,6,2,C9:274F,47,46,0,4,2,4,c0cf48f52847bc472c8923ec7f7c3212b5b8cc3ab68b95b008f2b2e03f94af60
111,7,2,C9:274F,58,57,0,1,2,8,54afb9b4126ef847f00fbe8fe48b2d46fe89eadf2f4f0b8bb2a3e400ad135372
111,8,2,C9:274F,92,91,0,12,5,7,e387d7188164998cb4712f7ff9d192874533f1c8d8d7c89a0dc355ba82380216
111,9,2,C9:274F,54,53,0,2,5,5,60ca463036e1029088b2820118f347f8f8e8dbfaa261f4aec876dff01b5a3d6a
111,10,2,C9:274F,83,82,1,9,5,9,a756c86b7a7dd8cc7508df88ee661c88d83ffadab5f46f9c8f05f51c384e609b
111,11,2,C9:274F,108,107,0,14,8,8,280ddf1c1524dd3dc387693b45bca823bf6b7936ae42da65f20c973702780559
111,12,2,C9:274F,48,47,0,3,2,2,ecae39d3c2fc68ba331d1f7295480a84ec03b366ac12d917bd98103bea208dc1
111,13,2,C9:274F,56,55,0,6,2,2,d32988d59829bc5387261667309e315eb7a9ab4fdde86678936c695153b172ef
111,14,2,C9:274F,89,88,1,6,5,5,93d6e3dc11d7aec8e2a18746005a1fc2b063eb5d740f1f5948e5dca2152680db
111,15,2,C9:274F,39,38,0,1,2,2,addd8d9062862dc1846b6ab85ff0e725cbc76d9e1549c224c0d24e7585607070
111,16,2,C9:274F,37,36,0,2,2,2,97911eebb3ce3b0665f63ff4034ea04136da8c99218993bcdce3956ec86eda6c
111,17,2,C9:274F,49,48,0,5,2,2,67caf33ac0b5ed2c148906d96ed19d6ccc99217b59a1f38a2facba5e93578143
111,18,2,C9:274F,64,63,1,8,5,5,73967d4bc9d678f06ba6558da6e94bb81c7594c3cf7263765da0ea7d2d49e995
111,19,2,C9:274F,47,46,0,7,2,4,97b498f98e82f4410325977884bae6fd0dc8ad58fe61650aebdece8a8495f2ff
111,20,2,C9:274F,77,76,0,9,5,7,9da07766d1e76a435a2495364da8b6862a1f0151541865cc7961c359333e6139
111,21,2,C9:274F,50,49,0,4,2,2,d9a3361f937b6ec6ca5d7833637f82a646fd81acf8086bd02ae6357a9115e85e
111,22,2,C9:274F,88,87,0,8,5,7,4bb46bbecb73f38e56e1a533d7bb42f78c9ce513715953263027c955964f7a96
111,23,2,C9:274F,65,64,0,9,5,5,c89f10380906851335438143997df62ee0523b5ce347be6d4376f63c7be0c714
111,24,2,C9:274F,68,67,0,9,5,5,0975f9e283845d4ceb5b94412ec12cd2042e442564a2b735aa14c1c519872d56
111,25,2,C9:274F,60,59,0,8,2,2,7993520ef6bf010d6a1a34bc289c64f6d11fa9e9d1dd2a3592609e69d68a9670
111,26,2,C9:274F,52,51,0,6,2,2,fbd9951c50214ae06a296017fa6b6751896dffc5c235bff59351002fcde5035c
111,27,2,C9:274F,52,51,0,1,5,7,0babb14871ee0df4fb452f958d2403ba4987aa3bd7eba03642d33579f76591ac
111,28,2,C9:274F,89,88,0,10,5,7,889289c3d0dc4f2085447301e31509486d17cd30fa1fcea0a0aee1d569457661
111,29,2,C9:274F,105,104,1,8,5,7,bf870b357f93b46e2711dd4a549f5503239380ccfb9bc468ecb2f276e60c5e23
111,30,2,C9:274F,150,149,3,9,11,11,aa873c224439bbd8d450ad6115ba8a48968f9c0ba6ca63b27b2da58ed0a6343c
111,31,2,C9:274F,22,21,0,2,2,4,fa5657ba86ff1323cfc3a038a6fff48903b838b1f0aabe553ba08338e74d61c9
111,32,2,C9:274F,132,131,2,12,8,12,665790dac00ab3ebe497dc626d1f2210b2e781df783b0f5096785967cfd4e460
111,33,2,C9:274F,38,37,1,2,2,2,2a019925aa6e96923581563030ae57acc13c14d6b6ed1c888d32d001c7bf67bc
111,34,2,C9:274F,43,42,1,5,2,2,6fdf60ff4d79251c4245639d42ee4653e55103a08addc23d81cb7c4dcc03227f
111,35,2,C9:274F,37,36,0,4,2,2,2bf54ab2ecb5ff0e4c5c725e33a05d9a0b053d4443a182f5d5ed5b9b7d0294bf
111,36,2,C9:274F,17,16,0,1,2,2,361e79e891de83d08548d1769ae8427114197940982f5d3b7bc48349385697f3
111,37,2,C9:274F,67,66,1,2,8,8,8caf931fea618d8905c8a97f25ec23dab8c6548a23d71a8549a51b32d1abd337
111,38,2,C9:274F,20,19,0,0,2,4,3bc4fe7180e71af10c8c00cc88506c10b2201ff27c811e585c893be5b458ce39
112,0,2,C9:2EEF,45,44,0,3,2,4,98f42c80d2729c57fd4ad035d4e0c5a7d57c198d3ec29e51593289ecd754414d
112,1,2,C9:2EEF,94,93,1,4,5,9,45f8bb0ce35df2745634f59c2ec830d260f2ac1daada3465bd04338665744e0d
112,2,2,C9:2EEF,39,38,0,0,2,4,2c2a4b8c9d18a5b7db6a5ff6ea9dfd0d1b0b818fe7664083e2ad0d93123bd197
112,3,2,C9:2EEF,38,37,1,0,2,2,72cb795e4bae1ceaabcbb7bca83b8b779b76b20e75bf7cd9236784664a8fa84d
112,4,2,C9:2EEF,91,90,0,11,5,5,04219ee8a6a54444f0273d666a6a18434fd574681b3a4615046d4c7ca584edab
112,5,2,C9:2EEF,44,43,0,2,2,2,547d4374669f8718461b1239a1d9fb9a7157d8e0ce5e9d8fc179e2de58eb5897
113,0,2,C9:3000,53,52,1,4,2,2,f52bab91052c53a8c826df906e5f2cbe456015a398339bb04aaf5181e1b88e9e
113,1,2,C9:3000,63,62,0,5,5,5,2d557c056e6d159240662047dd8159d50c2e45bd9cd130b4cfd358e240b326bc
113,2,2,C9:3000,98,97,1,4,5,7,58f2833a9788842af0ab09abb4d194758ec338acdd219f69ed23aabcec8863ad
113,3,2,C9:3000,44,43,0,1,2,4,bc25c2061e90279a9d4b9143e71166b0c61443442ed1dcf42920a6226b6a8f53
113,4,2,C9:3000,105,104,0,3,5,7,231fc8e13949242d5e3f828113377bd1fb4974d328fb2155fd690d224c44c2e7
113,5,2,C9:3000,68,67,0,2,5,9,3f49550c2d12a7c8ba12df3c8f3a2a560bbe8d3b579fc774477f7ac5d1b2a408
113,6,2,C9:3000,89,88,0,4,5,9,ed35ea8ddf54655485171aa07f5793b2d8f6329cc48eb4f327b699e2f2f0babd
113,7,2,C9:3000,32,31,2,2,2,4,3cbb59271cb470f6250e8c2b6107788ee5d1bb009f632c5c42133c37dddf1117
113,8,2,C9:3000,91,90,0,5,5,7,ed8f856aadcc0c73f89d6515edf073cf5d3159fe3bea59fa0c72d3e7b746d398
113,9,2,C9:3000,48,47,0,4,2,2,48bbc877a57403e6fa200b70e9d52867477848f5fa39d4f2d7a7367a83cb14bd
113,10,2,C9:3000,86,85,2,4,8,8,318c59ee2c6fa29b0d5dfdb3152d22e6cae01c41a99c13c1b097e99b30d2d5b1
113,11,2,C9:3000,33,32,0,3,2,2,409d69304fa2bb6a643a071f20df18354a8cb2a724a05361d0bda7daed912364
114,0,2,C9:3271,32,31,0,3,2,2,6518c6c011519851c533b2e8f0d49c1e853778c8e6b87089f32c5cb515126e23
114,1,2,C9:3271,58,57,0,1,2,6,5853bf684f6b65bc1c5fd9b6e07efb89882d8e688f79ca5b8c31156b69c5d712
114,2,2,C9:3271,99,98,1,8,8,10,1375c25d97fa80eaf99e4b64e215b742d3beec9b8ba1404ac3d885399ea7521d
114,3,2,C9:3271,21,20,0,0,2,4,8d0ea7cf83706771878bd1ba673d3e9abf40418a400bb3316272930ef9d11008
114,4,2,C9:3271,53,52,1,8,2,4,1225654453815e1c9ab960ce588a50a113ce21f61cbe8f94bc94265c4904a00a
114,5,2,C9:3271,91,90,0,15,5,5,b2df9c9c3258b123a193effad569abe37b43291378af2612361b5a912425166c
114,6,2,C9:3271,61,60,0,7,5,5,c5d0367b3bbfe5621003cca33663b6a2713563a473670d2ea4e2227ec55e11d4
114,7,2,C9:3271,75,74,0,8,5,5,eea8ec1faa61ca0d6d7180593a887f48b774170a6bc89e4480d50aaabdb9f3e8
114,8,2,C9:3271,60,59,0,5,5,6,43b39b126a3a1378b52dc702ccbd28806c3ca143abded1cfbe4074779c32262d
114,9,2,C9:3271,16,15,0,2,2,2,1345a0d2b2c6f2b51ff4561aeb28d4c8c565305538191c7343a48c361d8819c3
114,10,2,C9:3271,36,35,0,3,2,2,9169d08a06d1668be8f9446ae6af396ba1f7b4880fca88b4ac0153a407f5b07b
114,11,2,C9:3271,69,68,0,5,5,7,c6325b5900672aa1896081703e70bf6674166d428fa8cffdc36aef0e6071638f
114,12,2,C9:3271,83,82,1,7,5,7,e0873db9697a6efa9fa1f8449d4c93665265ca58eb0dad55811ae09e69fb94e5
114,13,2,C9:3271,75,74,0,10,5,5,17f00278fbfc409bb44177de7fc2b29985a4d108c64cfc66f6969671b5f1c753
115,0,2,C9:3500,315,314,1,28,32,34,0faf5277eae7de387ede68f9d712278b09a1207a1261fb9c6a2be941fb610879
115,1,2,C9:3500,107,106,1,8,8,10,ae6c73d8a2ed0e60f72a3a83b29ce18155a2ba94b3c078df22e551ce1d4f5599
115,2,2,C9:3500,44,43,1,0,2,6,1e8e270c15a65978f35439e5ff6d7de532baa479d23c9a8da8db978d34d1880d
115,3,2,C9:3500,41,40,0,5,2,2,432068548b8664e337d987b73f53831984525ca14a72cbd19889712c3ec7eb67
115,4,2,C9:3500,15,14,0,0,2,2,de30c958ae4bca057de7b0c4173e0e0ec6514bcfa8037154f1a9fe8aa853230b
115,5,2,C9:3500,22,21,0,3,2,2,e9912f53ead8069a6ec5e09060b4d25743881feaad79fd46b1a61812528ce4ae
115,6,2,C9:3500,390,389,7,30,38,42,383f76ccae0fd5d07d1455206f53cc4b2903ba922d43ef4f8ce9656964662298
115,7,2,C9:3500,192,191,3,15,14,16,f7aebdd6ec50b15852cf6422dfc5e46c1fbe449156839322ae79fc99d3d493c9
116,0,1,C9:3874,29,28,0,6,2,2,0fe0f3e88e8e49692ded105b0775aa7c672fb67966895ea2ea0b729992453ab3
116,1,1,C9:3874,22,21,0,2,2,3,b94bc62001c831b2a86ea1e0953ea6a0bedb05fccb384bdc70a27595d2a3522d
116,2,1,C9:3874,45,44,0,1,5,6,78bd8c08ad80bb78d845cf014ef986e17567bddf51cf99f02028fdfe2ccdc160
116,3,1,C9:3874,43,42,0,0,2,2,26e52170ce90384c7853361a8fde4d261d6abe4e69ca6615e4b0e9422e881da2
116,4,1,C9:3874,48,47,1,4,2,2,99725069840ff919c17c2383fddeefef8ebdca26a0c15d3c637486e1995e054d
116,5,1,C9:3874,44,43,0,1,2,2,d36095196cb3161316d4c034a69f31439d0c669ca56feeb4723bbe40e99718aa
116,6,1,C9:3874,47,46,2,0,5,5,21427c0cae384c77858b0fefa8079a7943752c65c7e234f9af019b8a6b782504
116,7,1,C9:3874,14,13,0,0,2,2,a265efc77c376f9c0ac5d6d9336c78feaee6d3e1a9ecd324fbf14965fbda5229
116,8,1,C9:3874,29,28,1,0,2,2,ffb92df4c98503b4da9eeb26768e507aac45d1ece8f42815160dbc295278ae37
116,9,1,C9:3874,92,91,0,7,5,7,ca742620415bff3350467c0224603fd75736b5e9f1d116709decfabcd7891716
116,10,1,C9:3874,56,55,2,7,5,5,667c8b762cc555c0a1d2981574c7c47638b175e3c74adc96184b9c72e9ee8e94
116,11,1,C9:3874,48,47,1,8,5,6,6efc91cea355fc29956edcf3798e65555545faefebf96a746347b3fb0d3e393c
116,12,1,C9:3874,25,24,0,5,2,2,8d749501971401136080ef213e5d164e894502ecf8346eb1949c0bc72240c63b
116,13,1,C9:3874,32,31,0,3,2,2,a9e772769c8ac0ada704055700ed1ba9421807733266b0e9f21425fc6e4dae6c
116,14,1,C9:3874,18,17,1,4,2,4,3768ab15fe6c92e3b9706596983b905d2616251e9418b1143b2ca88ed1e53da9
116,15,1,C9:3874,19,18,1,5,2,3,c30fc9a1d44499e0595d4fe85ed546f35455d0fc3b8f3a35374c1c0e3cee11af
116,16,1,C9:3874,73,72,0,18,5,5,4da02d6348fb3b2ac9c09f6484e870138962df62543b5d64f84d744eebb7efbb
116,17,1,C9:3874,49,48,1,5,2,2,c44ae55ee81f2e294bfe523c6c9cdc5d05ac55ef3c2d6e2419a149016429a32f
116,18,1,C9:3874,46,45,1,7,2,2,5be088270be1d165eed8d84d4e2d022f6d65e238a8f2ffaf1b88bca03f09c90a
116,19,1,C9:3874,27,26,1,1,2,2,7faee93277fc0f84c32083af1fec0f8f0234a466e9ce1ae8960bc9e07aa3d381
116,20,1,C9:3874,449,448,2,77,26,28,19c91cb753069250ce91207ba9b47f1831901f435cc76c0981dfae1d48a94db9
116,21,1,C9:3874,63,62,2,1,5,5,65ffa5e05bd5334d464945b14e049dcc09c4d01c7dca1ab03cd26d6b0f637d33
116,22,1,C9:3874,57,56,2,4,5,5,13aab2033a9ae55f570e4d0b4951f16838db997d2b4e1d4e334f0a7b80cd316b
116,23,1,C9:3874,56,55,2,2,5,5,10208196156dd0194236e269ef9a3775e8a5a2e074d86c88e4d4d364d4601a10
116,24,1,C9:3874,66,65,2,4,5,5,ac4b7ed8ee8e7393bb948cb65fbb7bbf4b65b36cbd3adea1c31b53367689f6b9
116,25,1,C9:3874,59,58,2,3,5,5,0d5308107668c2b46e3df29842355e2c5b7d5e171a17f5b4c688e8ff2fcd32eb
116,26,1,C9:3874,46,45,1,3,2,2,5c978d90f0a05dafdfd54ced774bebfc822d15702ff8e28031924377991a9aaf
116,27,1,C9:3874,58,57,2,3,5,5,abf7de7d0cdab944562d8fa8f50795ef82863d5ce8b743ccd7bddf6dd6bbc4c5
116,28,1,C9:3874,63,62,1,4,5,6,f9484aebfed4ca70621a0c003d5d69c3aeb2b88b2d9700ed7f47b281845a2b67
116,29,1,C9:3874,32,31,1,3,2,2,ec56c16e04c1fa4a77b60c4889ab4934b4b8068619958a40e7086f1f349d8e21
116,30,1,C9:3874,20,19,0,2,2,2,20735a41c880865b184cba923b4cff117beeaf9c83cdc703da0a12c126ddad45
116,31,1,C9:3874,46,45,0,7,2,3,762a7389eff61cf12d56ca614bb32b46598ec281c3d94e344ffe874644ad7632
116,32,1,C9:3874,18,17,0,0,2,2,c07d0ea696dea06591ecaa1c0cca0fbe0b474d3e73d9830a89bdfa3c93e24234
116,33,1,C9:3874,46,45,0,6,2,2,7fc682ccd96ec28363b1476dcdd3120dfb4631cee8b425edd59a9059c19fa8b7
116,34,1,C9:3874,15,14,0,1,2,2,2c956f5cabc9cb56e6a70e5420022fdced622123e0d136e479738710c3ae3a52
116,35,1,C9:3874,19,18,1,4,2,3,98f078d80b6814fb355f6c1c4c2e3a0152bc9c8de1b9a19038c66d76944c1ac3
116,36,1,C9:3874,42,41,1,5,2,3,d956e5bd26836012873d212ca9a5e93493470e22266ec8909736e09b1d736040
116,37,1,C9:3874,28,27,0,2,2,3,19eded464fb5b535ddfde770ce25cc7b410985c2f4c66b660b185c24ee9aa3e3
116,38,1,C9:3874,19,18,0,1,2,2,fe15e89c6a765f696cb65f54f19701a66bcae080945262c0284f49c6f46b8171
116,39,1,C9:3874,13,12,0,0,2,3,e7cf18678cb776462fc73662cdfa0974511780c2f596d6b7c95bcf8ba6eb8338
116,40,1,C9:3874,36,35,1,1,2,2,a67eaa5c1154261bcd588f9d5657fc884301d52dbadc40c42260032a401fbf5c
116,41,1,C9:3874,83,82,3,6,5,7,3a1ee000aa2a1b3ba8d5693c8dd4d3dfee12ebe28ce148b99c9202ad22d86432
116,42,1,C9:3874,45,44,2,3,2,4,8daf2bf724a24c1326d824b245679f151b838be5446f29bf915980cae2b42902
116,43,1,C9:3874,84,83,1,7,5,9,d4a04761e5ce64e9ee7bff52a79201c10215fc96bdfbaf628c25358541fdd5ed
116,44,1,C9:3874,28,27,1,2,2,4,b2945c93e0f380debc0fdda03a39b68d9f415dbf42fb3fdef5dff9df82893a9b
116,45,1,C9:3874,41,40,3,3,2,2,9b0480caf4a3643b51f04fae6866704503de0792c94f2c9d725a7a0a0cb833fb
116,46,1,C9:3874,31,30,2,1,2,2,1e18e83a5220f4b99a6dc411964c8d6f574b38dcde9ed6a906c7694826f0e450
116,47,1,C9:3874,46,45,2,3,2,2,65992ab4156ec4daf45312f11c0a3d3c3f1b00983af74e14ee5c651fbe2d6fa7
116,48,1,C9:3874,32,31,1,1,2,4,e8562ab5cf1abd7909ea308089e922b2abf8b3a48621d8f060ff5b5bf606069d
116,49,1,C9:3874,36,35,1,2,2,2,58171d35c7d4f6766f83ff0db1f10e18e8577f21c1e4d4ae33334efc7e6b9741
116,50,1,C9:3874,54,53,0,1,2,4,6547640b68c483765dbdfab5795f5bedeb535b5a796fe033502b0b1ed245937f
116,51,1,C9:3874,69,68,1,3,5,5,bcc75ffe81e4540db608f38e24a5bd7c1bfed0b20426576c64cb3014a50eaeb2
116,52,1,C9:3874,34,33,0,1,2,2,65ff1e963c33245d83ed0d11f658d77056970dd282bb4dc7e4e0efd3954281e6
116,53,1,C9:3874,47,46,1,3,2,2,261c2876d861f7b67b598c386f484d17302dab44614b49a68b61c275e7ca8278
116,54,1,C9:3874,39,38,0,1,2,4,389a46bfb923858b5809ca47baeda79363afda29f2dd14c59ba91658273c1a33
116,55,1,C9:3874,77,76,2,11,5,9,54fa51f5326b279fd60f37b203fcd8957a6b6e55958a12853a609f51b213054a
116,56,1,C9:3874,55,54,0,0,2,10,b0092961dc01ca2ce7b7915101452e82956bdbb45ace6178c99825495c437d10
116,57,1,C9:3874,43,42,2,3,2,2,7a344a3017e259a2787b8c322978950562e3a7ed303fe785d4c649a8220fb033
116,58,1,C9:3874,41,40,1,2,2,2,5a0c2accf64e6712962a0a09389702513727f950f228e9925b701ede3c681a0c
116,59,1,C9:3874,106,105,2,4,5,9,fa6cd969fe6898c5e375e892546b9d6123ea5af3c7604f95076c9ee1e0f7ce91
116,60,1,C9:3874,31,30,0,2,2,4,93c3e1242b7918f0ba7053f5792fc2d8cbf3c6dc4a13ae3a94ce28508998dc36
116,61,1,C9:3874,70,69,1,2,5,15,78858b3545a18b9ff3f41ca6a746b6024d2987911fd8dd69e21ae7fad959b2fe
116,62,1,C9:3874,70,69,1,1,5,13,6f7376764e850d6ce31eab58266430d03b37e7b5fd724552113ab35475a8ce68
116,63,1,C9:3874,55,54,0,7,2,8,36084271b376f9854b6b7bbf4b4267b18cbd9dac80769fc46d28a3efb0e5e928
116,64,1,C9:3874,33,32,0,2,2,4,dfc37c4507aea0c30275cadee8bcaad2c465da96c47165953205d20491740f9e
116,65,1,C9:3874,43,42,0,0,2,4,4ff0594e8d1f8c80502f8845b1f2d5a4500f84103b9a3221e5a3055c6d65e1db
116,66,1,C9:3874,44,43,0,0,2,4,bd798b1598cbc63d1754939f0e2a26dbb9f4b1dd519be91cdd5d9016a925ebdd
116,67,1,C9:3874,34,33,1,3,2,2,11695d089d507f6ba2db64f5449457839f52de7edcb90973fe367d940e329464
116,68,1,C9:3874,52,51,0,1,2,4,207d4ca0bc6ea90f132319f87aa36ea50df1e81ca413cc05e87471ab5ad0916a
116,69,1,C9:3874,51,50,2,3,2,6,dd86b9d426bf21b0227555a982cd768538dbbf3e650a50fd71c61d88226b913b
116,70,1,C9:3874,38,37,0,3,2,4,f513b5c07ed539e83be2c27da6963b64f2980b82a58b1af1b335624a49857417
116,71,1,C9:3874,83,82,1,2,5,5,80d3b66a0d03179d4dcc5fa4bd9558fe251d267cd04344a09735f49e7b06626b
116,72,1,C9:3874,50,49,0,4,2,4,508c11a05b6d19321256ab3caf4e021f13330fae820f579884c6cacd597141c7
116,73,1,C9:3874,53,52,2,2,2,6,a8146acdcdfac514865fe3c67cf133fcdd678aa87bacc506f46344ceb95c03d8
116,74,1,C9:3874,56,55,0,2,2,12,b4290ec4aee593cb3bb4d23eadde939ee0b3160890db1cd34037fc0cc132a540
116,75,1,C9:3874,43,42,1,1,2,6,211daeb372581ac1dd1f3fcde9ef01a6b59708e2a5a06ca38b88c013fd64933f
116,76,1,C9:3874,51,50,0,0,2,12,49976de6a18f192af43a375e1e36d3e1c4b7841b14d007ca25db74db0502f4b3
116,77,1,C9:3874,55,54,1,1,2,8,d6ec3e1d98d014575edeb1628731b3bf9e2e8c64e2e76e01b050d1160d9690ff
116,78,1,C9:3874,24,23,0,0,2,2,95162ada97dfab9e6ba230d6bb19ab551e6ccbf1de401887e81448709c0cc455
116,79,1,C9:3874,30,29,0,0,2,4,e4d05a9298a1145b4a517c9868ada781ebf878b8eb31452d2aaf6616c9eebce4
116,80,1,C9:3874,34,33,0,4,2,2,66b92c417b41bd93d2ec8f0f341c3180e79b5778ea77662a0448c448410cefa3
116,81,1,C9:3874,33,32,1,0,2,2,10829c3a4c6085b86e4d0c40d10d099f015a934a87e4474c9f012b8862a54df0
116,82,1,C9:3874,20,19,1,0,2,2,9a3326d31d7aaea986d6641bf8b3505b6801511d0f5957d66390e2b81eb3c941
116,83,1,C9:3874,17,16,0,0,2,2,11183e79baf1569f486b648ec59434ba2030aa7fec2c8cad52cbb7e5d430b885
116,84,1,C9:3874,42,41,1,2,2,2,53b0016efefdcf6733681432a9df828374200cd4613f424294948fe6fc9bf538
116,85,1,C9:3874,39,38,1,1,2,2,a36ed66d2e8d5e50544825b24a8d679cd5df9d2189699143d43a79ae20b67c4e
116,86,1,C9:3874,26,25,1,2,2,2,8b16d4b2e389aa971f32233aef996a20e823d6374f269c1bacf812e420195bc7
116,87,1,C9:3874,34,33,2,3,2,2,2d8b3286a1d445960766e5130223d1774e27347d4057f2b947672573ebfb46cc
116,88,1,C9:3874,39,38,1,0,2,2,94399fb570241d3cbf491930a94f593297dff7c5a3db4684d97719e5c807e055
116,89,1,C9:3874,54,53,0,2,2,8,123438aad78c31cc1d1cc14c370c96347e8d09ca4327e33134e351746e51a959
116,90,1,C9:3874,35,34,0,1,2,6,be5e598cc9f056a8d83d24815a858e889e3b2c4ad41efbe67a50b91e30655471
116,91,1,C9:3874,36,35,1,2,2,4,81318d357267484bdc87ef177a819949717ade7974983aaffa7f5977ef23b022
116,92,1,C9:3874,25,24,0,1,2,2,953cd4a76ca371bc2cfc56d0f6b1484d64664aec6c9de4de7c9ee8930c3991e6
116,93,1,C9:3874,37,36,1,1,2,4,3bf7a5e4c712da4349f548bb8daeda93d79168cc23fa94cd74a6bd3df23bef6c
116,94,1,C9:3874,38,37,0,0,2,2,b17f37f9cde64a6632fb32ccd34ce11cbeed8afbc799729aaa72f620ef71ae0d
116,95,1,C9:3874,38,37,1,1,2,6,ed1c39f3ab5e591ddf3c0414984492f8bdf419d5995e1c48ab027d73471b8102
116,96,1,C9:3874,34,33,0,0,2,4,37ce92e33e99efa9eab7768dfb7ef06ea1e6587d4bb372504c49e264b294231e
116,97,1,C9:3874,34,33,0,1,2,6,fecddd8e1373b90576cf2470928024095474f55d5b9a6c3aea4ccba7d0e23c10
116,98,1,C9:3874,83,82,2,2,5,7,9daeb13b3772122eef4125392137a6dfdc53d8e5a8a07999161dbd826993fcc5
116,99,1,C9:3874,54,53,0,2,5,5,65b4f7bd49d0cd414fdcdfc07cebff16bba0fcc0b7a2dfa4045410e01347d5bb
116,100,1,C9:3874,49,48,0,1,2,4,138a37fe6b2ba480afaa3ea2797fd088edb8f2d684e344bb4235377970d8dc31
116,101,1,C9:3874,38,37,0,2,2,2,b2438a40a750b45576a655183a9732f3c65cf1fb09a09cfe178ef0f736d81fd7
116,102,1,C9:3874,62,61,0,2,5,7,39bbec4ac5c37d4b5702539d2ed051d1d8c133b933d00bba2231b42bfacf5290
116,103,1,C9:3874,45,44,0,0,2,4,c9e66b9bec5d7921bd205045a641b89336be77932cd22fb3dce94abe338f8efc
116,104,1,C9:3874,49,48,0,3,2,4,adad00009a37ac9f113ef45dc3f98f98b7d51557b65b2a9f7487d355b079b54b
116,105,1,C9:3874,73,72,0,3,5,17,c7c3e3180347aee4a4e1bba78b555d9764a51b30ed9482a0129c4f8411d21ce7
116,106,1,C9:3874,29,28,0,0,2,2,15df3b22e66e3736b685302db2bc8d181357263e8ab88779b82fecc414d8a718
116,107,1,C9:3874,47,46,0,3,2,4,839b35f55dd04c5f700f671724e990029ae26365e3f64311002c462a13737877
116,108,1,C9:3874,60,59,1,1,5,5,04b159259e6d5c33d49d66e521da3a78b100a2209ce2221b4228d1463a6a1242
116,109,1,C9:3874,58,57,0,4,5,7,53e6adf0fc0606ddd49661c269f1c63a2c2c567d43d2e5ed9600203d30883d7f
116,110,1,C9:3874,40,39,0,3,2,2,ea318bc7eb6d418577f250fa7e70913e5bd22e699c7866ca3730802edecf8799
116,111,1,C9:3874,46,45,0,2,2,6,ca26ed079a99060081f17cdc6cbb23f97efcc64e594f2bf7b4e9c27b48261294
116,112,1,C9:3874,46,45,0,2,2,6,ca26ed079a99060081f17cdc6cbb23f97efcc64e594f2bf7b4e9c27b48261294
116,113,1,C9:3874,67,66,1,4,5,7,74f09b289092aa5f22a91c1196c129d4adb4488c3f1aa015c937b6c2f4286442
116,114,1,C9:3874,82,81,0,5,5,9,4c62dfe0a1617452e5f7e9f292ad792a33d7eba3adeb5a64bf04bfc617b556fb
116,115,1,C9:3874,43,42,0,3,2,2,e69cd9b2e773217e2e1a44c36e7bb8ed9bebbc0437bb5694ed45c391407d3bda
116,116,1,C9:3874,46,45,0,1,2,2,bff371078a4aba5b2c71b88a69339c4185d02ec4dd4bcf57aae6add18ed6dded
117,0,2,C9:4893,44,43,0,1,2,5,47f99438b0b2a3f4be91c9776c494f2a4d994e49ca57ddf42900a9fbc2271b30
117,1,2,C9:4893,57,56,0,6,2,4,23188bca7cbd85b00e544f882b066b9468537b7431ea5acd9f5d001d6e7f145f
117,2,2,C9:4893,31,30,0,6,2,3,32e47a00a478116b1b1dbf9142eebd7d989887ad6dd7cdc6223bae527a395825
117,3,2,C9:4893,26,25,0,4,2,3,d4c65be67f7e1cf8d7d31bd6e62fa6b919cbae2f86551e7428ab29588838dce1
117,4,2,C9:4893,37,36,0,4,2,2,b459342df42788a13fc8c115032587efd7eba25cd10f1cc5b029aa89c78024fd
117,5,2,C9:4893,48,47,0,7,2,2,ff8f167cfba11a3ccd86855d1ab736b8c6ff9cd5e9530b902cd9bfa73741d9cc
117,6,2,C9:4893,39,38,1,2,2,3,7abae6a36177da87d55f682a695cc79ef6fdc94c615e5fecbec2d0a23fe9d3ec
117,7,2,C9:4893,75,74,1,4,5,5,09b569484cd14545212b3ad2a5b4731ec7022da3650631c4979f117a2c6c7ae9
117,8,2,C9:4893,97,96,1,7,5,5,33bffe73c2c653fef663e0f2df0501250dd25115d8dd31879e1c2656f01fd3e7
117,9,2,C9:4893,108,107,3,4,11,16,aecefda0a9c86f7509e15cebb87b11994be6d7e587ca1534668b18248b4d00ea
117,10,2,C9:4893,100,99,1,9,8,13,8e77ba71e463f13aae932e914fa9814d97934ae81443e8459864140341ca4dcc
117,11,2,C9:4893,143,142,0,14,11,15,481ad716982104aea5b6e366fc1a8dd1d08d73154e949e6d9637d109a87f69b2
117,12,2,C9:4893,94,93,3,7,8,8,9fdf7c4551e0b6232a91b23897c158c3b004effbec29f8465b0fdc66289a9e66
117,13,2,C9:4893,35,34,2,2,2,2,c1a9bdcead00e3f91028426a276928c4d552d03d080e0496d22d408173e3fa9e
119,0,1,C9:4B5E,49,48,0,0,2,2,7c69a1d1c2de34c739016d4ed0824d48cca1d0175b041556c20bae4427ded1f7
119,1,1,C9:4B5E,51,50,0,2,2,2,153e1c232d10435eb83ceb91039dfa3ff4c5017ef910cbe95b61b7039f8db140
119,2,1,C9:4B5E,58,57,0,6,2,2,1342a7f7fcd76e1fe3ce5a8141adb57bb260223a12e769fe2385a2a6f1d7a267
119,3,1,C9:4B5E,56,55,0,10,2,2,d5bf3b2e45b8ffa15b319fb2b01a43f6481b2a9f28ea7d2e96f8da93d1054318
119,4,1,C9:4B5E,59,58,0,10,2,2,e361130297ffd4a035b3e5eaf0915b3b2e722db6bb6384da32a4a2659014d210
119,5,1,C9:4B5E,54,53,0,2,2,2,d4e74d3476c4b36ef855825056feb1a6667772198c085f350e39d1d4e33bd703
119,6,1,C9:4B5E,53,52,0,7,2,2,9a029d757b8def77f9558ef559f0082b7fb2f515f5564ad01f2f064b3c2f7a96
120,0,2,C9:4C7A,81,80,1,5,5,5,1fca4349e110040fa04baf6a4091c775d5dcddf4dfe40a7d9622ff707f909ff5
120,1,2,C9:4C7A,51,50,0,6,2,2,17f09fd1eda222fdeccb2c94ba9962aefb68639deccbe5cfbf5aeef707d3721a
120,2,2,C9:4C7A,35,34,0,3,2,2,b606c616d699698b7644839e7faaa089b38aae8b53fc8b66bdb96d6428dfe04a
120,3,2,C9:4C7A,41,40,0,4,2,2,d67b40d62a8d0566a68935851a58718cf422c0bf0b98775e31f4d9e01dad4f38
120,4,2,C9:4C7A,26,25,0,3,2,2,7ea7ed7a617065885e738806973c478092f069a0cf5b2271041fbb1ec1c74cc6
120,5,2,C9:4C7A,56,55,0,5,2,2,256601e8273f14c70fe93464ca55cab5eec7405edc139e8ac51dfdc7e187c3ee
120,6,2,C9:4C7A,18,17,0,0,2,2,af6967ee6d06d759f1632ac1c453f7c50d2336ed6e530cf0047eeb8e7609839e
120,7,2,C9:4C7A,25,24,0,3,2,2,27c390c7341d96ffb3d18de67baeb5d4d5579dce2c8911ecf57ca09223f82405
120,8,2,C9:4C7A,25,24,0,1,2,2,8a15acbcaa54f69a0f19a53866b7a5da9d05a3776a5f2f148d96346c8a89e6b6
120,9,2,C9:4C7A,41,40,0,9,2,2,091273c49da276b58284c65e2fa57d972da5891617a594f77113f055f69c0458
120,10,2,C9:4C7A,43,42,2,2,2,2,7a0c6dddad33be343bac9c54db1d1dabb323a56607d62eb231859254a82d4966
120,11,2,C9:4C7A,12,11,1,0,2,2,62792fdfc472d0b0c46733093cb75ae2730a13b889be72198452eaf921b6e181
120,12,2,C9:4C7A,20,19,1,0,2,3,271f768ae14ae2ca35555950a8530b8d3e39161fde4a1bc6b1a7f0515d3a1580
120,13,2,C9:4C7A,19,18,0,0,2,3,404d45ffef573b4f28d2e85372512a66d42d86c9d40ed2cabd71d389f35514d9
120,14,2,C9:4C7A,29,28,0,4,2,2,63b260e90c3af6150ae96943cde776fbb6c13743db6be3cceb9faed77f548f47
120,15,2,C9:4C7A,99,98,1,8,5,7,44589df814601c0ca5b112cb7318045c0c9c46863bd5b6fb07bbcde96abfb2ad
121,0,1,C9:4E5C,50,49,0,0,2,6,99b8469cba3f4eedba68930d2a059e30c74b48e35c40532acf4c20dddf880845
121,1,1,C9:4E5C,85,84,1,0,5,13,b055d0b4797f717b97c2f2a8fbf6417e1233712f41cf921387e1ab446434b969
121,2,1,C9:4E5C,57,56,1,4,2,4,08a2d9d6bcfaa703f3b88a251f58ade47829300ceb836f8835f299b8ec737b06
121,3,1,C9:4E5C,57,56,1,4,2,4,08a2d9d6bcfaa703f3b88a251f58ade47829300ceb836f8835f299b8ec737b06
122,0,2,C9:4EF3,57,56,1,4,2,4,08a2d9d6bcfaa703f3b88a251f58ade47829300ceb836f8835f299b8ec737b06
122,1,2,C9:4EF3,131,130,1,3,8,18,e6612e03777a119ce1a4a326c98ae0b9300285b716bf549b8200db66deb77570
123,0,2,C9:4F83,89,88,1,2,5,5,1049f2ddaeabfe5a23edfea8995b95ff906a66cc1607a8a696d052b19203ba4f
123,1,2,C9:4F83,35,34,1,3,2,4,74df8244257e27cb0aa8cab7bda511e85723ca13f4cd29cb2b786e132b128249
123,2,2,C9:4F83,37,36,1,2,2,4,8e9c0bcca5144f3af43b4c428c84d731c08d98a1043e41d4cdd3725cdae1b85c
123,3,2,C9:4F83,38,37,0,1,2,2,dc9641990fe17598127abc4a1c1d53b1065b73e1337873e589632fe6ca294a3c
123,4,2,C9:4F83,37,36,1,2,2,4,8e9c0bcca5144f3af43b4c428c84d731c08d98a1043e41d4cdd3725cdae1b85c
123,5,2,C9:4F83,34,33,0,3,2,2,22c72229aa8215ca6d2524cc362bf185fbaa85146ff4943b50707ea1671b4189
123,6,2,C9:4F83,37,36,1,2,2,4,8e9c0bcca5144f3af43b4c428c84d731c08d98a1043e41d4cdd3725cdae1b85c
124,0,2,C9:506E,125,124,3,4,8,18,fc9103ede889af94f1eb729837c83e9367a8040b82b0fea8f28857471c2bd29b
124,1,2,C9:506E,132,131,4,2,8,16,935de10a8576d1d8c914cf46e5b34f9e8bccf6e6a10aa2850bf65735d0bd0e83
124,2,2,C9:506E,28,27,2,1,2,5,51f0c5dd77cbf066a8ad51a70134846485bd7f48ca8e937fb6fcb2794d51fb84
124,3,2,C9:506E,33,32,1,0,2,6,59f4709f51fa2e59fbcea3a892fd9d51ba12ec1a264376a613208b37220ccd75
124,4,2,C9:506E,27,26,1,0,2,8,312b727d5033fca6170cd61592a2ae59f0362ee2d008f72f92f906c4932d85a8
125,0,2,C9:5170,72,71,2,8,5,5,7022bf8f57dfc127400bc8f8a5f2f0f4c7a5d54f6e539f989dfaab1d4d38471b
125,1,2,C9:5170,55,54,1,4,5,5,4bed8c944c779b8a6d09504f2ee754a6893e067d5e4783ad3192dc88393c959f
125,2,2,C9:5170,20,19,0,0,2,2,977729b99b7182d91d63272c16c4ea76c3084e0675810b3e8dcc9066637fe9c0
125,3,2,C9:5170,61,60,3,0,5,5,1076f4179125abc44c41b8d2d4955fd4dc222f43d6b74bd46c8ece525f26255e
125,4,2,C9:5170,40,39,1,1,2,2,11d2537dfee933f74f4032a20c0c293793799556ffad4bd62812488ed56bdc51
126,0,2,C9:522B,14,13,0,2,2,2,4b1c9ad5f3683684c1ff091e955bea5f375afcf45b77c09aa42d80faa36b29fd
126,1,2,C9:522B,21,20,0,2,2,2,998200aa77517c04b3d4a417b5feec5d00e733dbaf055d24c34f07be5868315d
126,2,2,C9:522B,183,182,1,12,14,22,4be750a3c795f26d6a9ce13157b88cf3af6f87d9b3f1acd5e1881726bd04ed63
127,0,2,C9:52D8,85,84,1,11,5,5,91fcbb9dae25dc72b4c012cbdfbc725889312d8adc0769f98e4561fec2d29330
127,1,2,C9:52D8,51,50,1,4,2,8,3207e229a447f3607e3701237c08d8063009a52022b590c04ef7c36ad1c693c0
127,2,2,C9:52D8,48,47,2,7,2,2,6e88a9d32f4b2970271a3eef78f1b167c0d20340a9a97e49cfe80a44147e9572
127,3,2,C9:52D8,85,84,2,9,5,5,9a35038b98da28e8dedff794d3116015c74a9e376ec4b403bc93f20a0545b9fc
127,4,2,C9:52D8,49,48,3,3,2,2,cb28587b07f42944b2a07077a2f25514a7de2e5591af46f326149cd404ee5b01
127,5,2,C9:52D8,42,41,1,4,2,2,d6b2795ab031b43bcfd2073cb482f88856fae6eb543f26edd2639ca2036cc0f2
127,6,2,C9:52D8,44,43,1,4,2,2,b95f92da1bb6c941948d3373f5c7489b461c3be2dcd0e7ca96a7a7889d17d2d5
127,7,2,C9:52D8,86,85,1,14,5,5,00193c9d481474214c408b69769e650ba162eb33b82763bfe79ca9141049605d
127,8,2,C9:52D8,56,55,0,7,2,2,fba1cf89b47104db314541b18fabf909cb50f7c3b4fa3f8af4b163f77f81bc57
127,9,2,C9:52D8,70,69,0,14,2,2,6ff05256aec9356ea9b6e641506fdd6c99591b76fe2ef43b1e7c3728a586c79b
128,0,2,C9:54BB,68,67,1,6,5,7,fa12ed7c5d9ce6dd864cd9d8af21a4434faf3e7a14bae22d349285db7bd9ae31
128,1,2,C9:54BB,46,45,0,7,2,2,f604e9a1f112bf9f760d05707ed553e40ffc4baf8e640163dcd6774021036c72
128,2,2,C9:54BB,46,45,0,7,2,2,f604e9a1f112bf9f760d05707ed553e40ffc4baf8e640163dcd6774021036c72
128,3,2,C9:54BB,52,51,0,4,2,4,846fbec918c330f63705ea6b9b0bb8c908c64fe5d49006fb7c51b3851987583a
128,4,2,C9:54BB,59,58,0,6,2,4,6bdf8f5fb11baf556b2686885d82279908d43cac897f1bebc45b89a5d5ed09b8
128,5,2,C9:54BB,67,66,0,4,5,7,af622113a8963e45344c7d54d34e21438e432ddb2431207943666fd0f7ddf375
128,6,2,C9:54BB,51,50,1,5,2,4,5559bad55b946d4744187cfcacbe33548cddd8b493bdff9dad33e8e040847f99
128,7,2,C9:54BB,44,43,0,1,2,4,5b5652eaee821cbb5771c3c921bdee88eeeedbdc0a6118686507af331dcd0735
128,8,2,C9:54BB,42,41,1,2,2,4,d46ea05e190937d711c47a57b1ac2c3e12aebbb773eb658788669719f1bbc3df
128,9,2,C9:54BB,45,44,0,7,2,4,bde41136fe62564301e0ed04aa08dee5f3a828e0ad1019b0684fb5f9b18f4e6a
128,10,2,C9:54BB,47,46,0,4,2,4,b4ea2c71a99d78e28f381589c75c9921ca1cf0a82b148144e2fead975c20609f
128,11,2,C9:54BB,49,48,0,4,2,2,3fa5f8f85c012ec28ff515f66d9e6829ac8b0b7e9f942bcc86c8c5774b7311c7
128,12,2,C9:54BB,65,64,0,4,5,7,2d3de6f701f9fc3fdcd39738409bf829e66c36d15ae6b7f90760312bc052c9a5
128,13,2,C9:54BB,49,48,0,0,2,4,63135aabf9717061918e347ff8d0f06b97606cffa38884af58602b9a8f69d994
128,14,2,C9:54BB,95,94,0,12,5,7,3914c986897eaac18f3fc1efd402e18b189eacf201d9cd9e34328e867ad026c5
128,15,2,C9:54BB,46,45,0,7,2,4,52ee02a5de51eb8f50fa265e9b3611c6aed4aea87c6300b35d86f0d8e113554d
128,16,2,C9:54BB,66,65,0,4,5,9,fec7716ea717e1322347381d69844634c8b21b79c196bba941ae8fd01de27eb2
128,17,2,C9:54BB,96,95,1,6,5,7,d7cea74d801a1e5617570e38f6c2f8f141c3dfb59ad708bb3f5b58c224058938
128,18,2,C9:54BB,54,53,0,5,2,4,9a1ed2923336105962ee1df70d8929848d72c8a961777133438baee74c021853
128,19,2,C9:54BB,47,46,0,8,2,2,764c9c33ff3bd5d5e40d85cc424133d0883ff7aa61285b186c79514067492b30
128,20,2,C9:54BB,76,75,0,4,5,9,789a5a6bc93bd8da484bf64a1c61b81fbb9eb2fb835d2a3928a28e4749b46b21
128,21,2,C9:54BB,80,79,1,8,5,7,9db204d4c71ab765cdd8fd6a74907660c70fd275ba9c9ddd98b8c95a123248f3
128,22,2,C9:54BB,71,70,0,8,5,7,52e469b7e8b77224eecfebb35b628bc280f70756d35bd69eee5f1032e7f3c9a9
128,23,2,C9:54BB,56,55,0,9,2,2,79340d1ecd7d6813aca23dfbc4783872a64509341bbc638e928a5230d4635a0a
128,24,2,C9:54BB,75,74,0,6,5,7,9ea3a3c84b9872b474b3109052ba922fde2123f79e2667fa897f46898ecf3da0
128,25,2,C9:54BB,57,56,0,0,2,6,943dfad2e4fdbfb30868f62e1b95ea63020831535529c685f18a67bd54183cda
128,26,2,C9:54BB,62,61,1,7,5,9,e5776d9c82f689f3414af9b0c03c133ff0b335f632f048b75a9606d7be09c5a8
128,27,2,C9:54BB,16,15,0,1,2,2,3e5674c7b382c39365890e5dcb961fee34f48359598055953e76588d481f43e5
128,28,2,C9:54BB,179,178,0,16,11,15,05fdef62692127ea3cca364db1bc297f378797649555a5ee013223c67c616389
128,29,2,C9:54BB,22,21,1,0,2,2,ae6b4ee5275f71626a98114132a97e93bc44227a37ceeab16da1d428c38169c7
128,30,2,C9:54BB,40,39,1,3,2,2,70e71c12289186b209d87fcdd846ce555b2fe259f2b667a0ed69734ad32fba22
128,31,2,C9:54BB,25,24,0,3,2,4,595d81a73be80d3b1c96ff87c101bbee646439ddac3504d53bca2eb9114debdc
128,32,2,C9:54BB,35,34,0,4,2,2,4e056a575e70f68df33e88b921ac07f02573c77a7f51f81108ec827d5c33abec
128,33,2,C9:54BB,35,34,0,2,2,2,380a9cfcbc2e9718bd9907080da898534559082056c38ead60639ac9f3a3d34a
128,34,2,C9:54BB,160,159,0,14,14,16,707273e63898fc9fa116e8c085391e8066fac4b329748d7401af7cb9b9034910
128,35,2,C9:54BB,42,41,1,1,2,8,5672757c9e0847783fb3d0e81fc166084cc1f34ade41c2da23e9fa04345e2626
128,36,2,C9:54BB,273,272,4,20,29,41,3de5f9e07fb3cdd8a14866cdc1907d715b73e1a644372247f1c69e0a8a648afb
128,37,2,C9:54BB,261,260,3,19,17,28,87e5701fd4133d302ebcd0f4af828c08ea23d8ce52a92eee038b76f4e51e7ffd
128,38,2,C9:54BB,272,271,1,27,17,29,13aac748b72a8af4b5d46e140d3903d86b56774ef963d64cdf7fe793fbc4a01d
128,39,2,C9:54BB,28,27,0,3,2,2,7a93141fd4b0604faf309fae189b10775b0da13b6d02da9d6a16c486ecace67a
128,40,2,C9:54BB,31,30,0,0,2,8,007e13090b74cfcead1d5a8af5786431a767e917740b323c4d984a10d57fd174
128,41,2,C9:54BB,62,61,0,1,5,11,e6bdb481d539e44d52e1c21e599ac5c50d4d27ad4ab35ab66fbad1fad84336da
128,42,2,C9:54BB,23,22,0,4,2,4,ee537f9cf6865586fe099790deed77f50eaa43ce3581a83d974f40eeb76431a7
128,43,2,C9:54BB,50,49,0,10,2,2,e8c760d5614d250e72ac37e14fafcc0da7cab3de3071e0cb22d5cf0a9ee01f7c
128,44,2,C9:54BB,44,43,0,4,2,6,a8fb2fe2cd5a189136ecc13d3886d3a94a8c37339ef51d5bbece67d5580e9b4c
128,45,2,C9:54BB,17,16,0,4,2,2,33271a2f639b3c1f123e91f699096733f7a9be1d0eeb2b79514f63cd567a4c8f
128,46,2,C9:54BB,24,23,0,3,2,2,9860c17c0a59ac4fc24c27662f2d4e0678b0d24926903ed3d3b1c933b4084f6c
128,47,2,C9:54BB,26,25,1,2,2,6,6c998a75339bb52c80bbc8b7bd32afe992e65d08b68e2e3d7a9180f69a7ee720
128,48,2,C9:54BB,31,30,1,2,2,2,594b6ed0003bce3f39989355c42e063a190e9b0630edcb36c0b71cc4717ea2cd
128,49,2,C9:54BB,29,28,0,3,2,2,d4daac377a898466518f65e692115a1f95cb6437db2a6d05bd6317f0f13783dd
128,50,2,C9:54BB,28,27,0,2,2,4,ff219c5851149ff184097db8b3cf3b7264634fa0b858911b4211e79b1779b56f
128,51,2,C9:54BB,24,23,0,0,2,4,ddf787db38b700039c71c89df2b46145c8a70a49a23f724877484db095aaf9cf
128,52,2,C9:54BB,26,25,0,3,2,2,9fcbd2a5645ae210a52ad5daef7e03c8453cc56f83d5dba97efe42e519dbbb5e
128,53,2,C9:54BB,32,31,0,1,2,2,9361de1d7a7f6270da0916ed43d2830ee8905cc79e392c0e96cb5d7f8ad2e360
128,54,2,C9:54BB,27,26,1,2,2,2,7bf134422aa314d6b84341374dea9020ed75742690decf09c4b69232ed809c80
128,55,2,C9:54BB,53,52,0,6,2,8,065c373e7aecac7f08fd52a3ae2a52a1627a94b5064496f1b2164654e3daf577
128,56,2,C9:54BB,41,40,0,3,2,6,361ee1ab862c60f468bf76eaa0bbffc557f27f66ddf42146293201c2c1b018fd
128,57,2,C9:54BB,46,45,0,6,2,4,074b9b79d80e20050b3458d5937ce580031236d1fd549af185e79bab7abc2ada
128,58,2,C9:54BB,52,51,0,1,2,12,9994650a2e4ee6cdf9e05c5f316cb07bfe867b622d26145432618c7a52bb8986
128,59,2,C9:54BB,23,22,0,1,2,2,13e5c988dd656e25be595c3bccf70fb861094b2e883b62d0dd31df510e72c42a
128,60,2,C9:54BB,47,46,3,4,5,7,869686a8142491e1701f0c4901d81d01041f5bfa2365aec07a08a66316891d37
128,61,2,C9:54BB,188,187,2,22,14,20,1b76b19c24106edc0103fc714b5de313c040f463564bd3f2d3281d7bd29297c0
128,62,2,C9:54BB,45,44,0,6,2,2,a1c73dec84139c332d3218d6440712aab2178edd17b98e1a7b29d46de0d2be70
128,63,2,C9:54BB,34,33,0,5,2,2,acc0cc4e854d35fda39c6d2f80a2b1ee09e48cd908c72176f9262e1c60465f82
128,64,2,C9:54BB,32,31,0,6,2,2,79d8b2749a610ba2bcc1bd24d357c4f99741b26f8bcb3ff48d01537cab20cceb
128,65,2,C9:54BB,31,30,1,0,2,7,3fa997571a2bee00fa29bbac5df5537386a24d9c2b657413dc1ba1f5540e1341
128,66,2,C9:54BB,52,51,2,2,2,2,bd0d512134086044d487892aff705326d45f276d906242397abac147eb4247cd
128,67,2,C9:54BB,54,53,1,4,2,2,14ebe99ebb7b6decd8722c6065f090be375f1c4192b2af81a1e8fed7ed7cf991
128,68,2,C9:54BB,17,16,0,2,2,2,e5ec3a336d0dfb9b32a8a6ab117714d6d35e2fd7217e426812ccab892a3a332e
128,69,2,C9:54BB,17,16,0,2,2,2,e5ec3a336d0dfb9b32a8a6ab117714d6d35e2fd7217e426812ccab892a3a332e
128,70,2,C9:54BB,15,14,0,2,2,3,a903282b06da7fb40faf6fe35c0b62c3f57236e29ab85885bcb48ce74941602e
128,71,2,C9:54BB,15,14,0,2,2,3,a903282b06da7fb40faf6fe35c0b62c3f57236e29ab85885bcb48ce74941602e
128,72,2,C9:54BB,217,216,2,20,20,22,f87b9d47536b5a62e1307b1b008a7d3578eedd1fdb4cc25a93643d65118b0b17
129,0,0,C9:61E4,56,55,1,7,2,4,4b13e18f852a0379e936c3ee846dc28781e8c44bfe9af840b28cfda42bed7c11
129,1,0,C9:61E4,54,53,0,9,2,4,88683e1d420160279f35132ad42b3794b728e487d9739d9ada91dde4084f45f0
129,2,0,C9:61E4,47,46,1,1,2,2,6cac00363bd6669e29138c2d96acfb6d857372505211cd46a3133a304875d5fe
129,3,0,C9:61E4,27,26,0,4,2,3,5bc9ee3fb0c671fca28d55b615ca0f8a28ea3d029731a467174de9cb4aa8cea6
129,4,0,C9:61E4,26,25,0,3,2,3,289fe471fca541a3d78a4fb1af287b1b8f8bd2ebc9a56a2dec4fa9f3f30453d0
129,5,0,C9:61E4,18,17,0,2,2,6,dea6fb2d05729c7adb879c9ad5bfb2a6158778d40c3ade13c11bf66c5307f4b3
129,6,0,C9:61E4,56,55,1,5,2,4,2d23a74f1ddba3f3e59863ad3de211064036f53a75c3c7c85e32d0654966f333
129,7,0,C9:61E4,98,97,0,9,5,5,7b0d0320536dc937b9c83e70bc387c890dbc541dbc491d2aff27a60445cc2f85
129,8,0,C9:61E4,96,95,1,12,5,5,230428454ff1c4a7328d68fe30b3a10fe466625e23d7659f7ff0ccd9b73395f5
129,9,0,C9:61E4,59,58,2,5,5,5,8c60b6518dd24e7964bff95802a9a729d9417f92b8ce791442740310ae17a15b
129,10,0,C9:61E4,66,65,2,4,5,5,4e3a94e83aa63b6523432be45673cea8ba84c3f4fffebd9975b6fa46a6d8805c
129,11,0,C9:61E4,52,51,0,6,2,2,0b0dabb8f7213e70cea5716b389c4b0965e771cf2c944e8244e0b4da5af43b84
129,12,0,C9:61E4,76,75,1,3,5,5,65b239d5f0784466eca5e7b371f8efb3f9eeaa97df51b4d8ae380cd3fe3f6556
129,13,0,C9:61E4,40,39,0,6,2,2,a86052cc61304689ac1bb5f83775ac1a4c8c2f9f561aeb9c39c37924e8909bbe
129,14,0,C9:61E4,40,39,0,6,2,2,a44fbc509f8822899ccf309d3c541d9240d948de1a95d1f315b648721b494d9c
129,15,0,C9:61E4,34,33,0,6,2,2,c96790b1d41bdd2dd7f5d477cbf78df385280aaf585584f5df45237e8bb5b56a
129,16,0,C9:61E4,50,49,0,7,2,2,bf591fab6b0840c89c9b4f180f28cffc370524daa898804ab29447b75a01795c
129,17,0,C9:61E4,80,79,0,12,5,7,76f32305de46e6c8f15e5e9e1a901657817c700f5d6e975c3c6856b4c9a84918
129,18,0,C9:61E4,57,56,1,7,2,2,131f3467954a9f57a21eb5481e55db68d39af207c5bcc038960d9ef6fcd9b707
129,19,0,C9:61E4,50,49,0,4,2,2,fab19bd2758d6f269258c225933a9241de44fba71e4e2860af3e1ba00cdcf956
129,20,0,C9:61E4,105,104,0,11,5,7,caea4b433e48ea955c50fac4eca3e12260547d0e940f58d2a00832ce40d3a0b5
129,21,0,C9:61E4,54,53,0,3,2,4,74111306923061df62ef19020f127ee66818fd2dd0fc68cbb63848c4e6778217
129,22,0,C9:61E4,79,78,2,2,5,7,504c37954affa48627843f71aac1116de1b7911103bf2dcc38016e93e94e02cf
129,23,0,C9:61E4,60,59,0,6,2,4,75eb12cf4be5fd2e72011eb62e249a3b207aa3cf83962ae3ff4f297afcaf4b92
129,24,0,C9:61E4,60,59,0,6,2,4,75eb12cf4be5fd2e72011eb62e249a3b207aa3cf83962ae3ff4f297afcaf4b92
129,25,0,C9:61E4,98,97,0,11,5,7,83fe90def56dcc3cd0082e719e3ccff2720f992af39f1b23c7ca5666bfa714a7
129,26,0,C9:61E4,47,46,0,5,2,2,542435f687e805db148b9e2696ca8f7360c9ba91e94732ccbd3b10ab8070fb81
129,27,0,C9:61E4,119,118,0,14,8,10,4092cb84933744439e0702fd09c172b20cd95b39347df4dfe34df0a340fe5be0
129,28,0,C9:61E4,32,31,0,4,2,2,d4d6fd589cd164288e20817c81c23cef142757dc29152405f87dee7a1d6c031b
129,29,0,C9:61E4,37,36,0,3,2,2,a51715a9468d13057155f1d56bebb23ea20f6bb9a703d236c8c3343e0d1aceb3
129,30,0,C9:61E4,78,77,1,9,5,11,9a67579b92f103dbb3b1e174a088a651b1586de35ce7a16e215899ebe807dc81
129,31,0,C9:61E4,37,36,1,5,2,2,f663f969da9a8e29b210a380d700987ec7085b00655818081b1cffc12e13a166
129,32,0,C9:61E4,42,41,0,5,2,4,094b87b0131a1c4f9f01a8fa6ea694b0210202d78782a1654b7894eac76fc7a9
129,33,0,C9:61E4,111,110,2,19,8,8,95aeb26cf5cc31fbd1b2e0332bf0b6bacf58cefa4a24a569ed8861d3973e8d10
129,34,0,C9:61E4,70,69,0,10,5,7,f2ac82edc5a348a40be5d261adbc0cb37f652f39c0ec8b1cc7a60fd22c00d566
129,35,0,C9:61E4,71,70,0,4,5,5,667d31e3622ccfb9d195681dbf02dd96cfd7dbf32a584777a089817db75a607f
129,36,0,C9:61E4,72,71,0,14,5,5,5fe2aae2aedcdfeb0463b7d423a6b7cd6cf65654d3b274058df13c8db7ee4492
129,37,0,C9:61E4,53,52,0,4,5,7,543af684da7ac80822114cf489ee80e994194557b5a56d35d38c0a65a38b6a53
129,38,0,C9:61E4,65,64,0,3,5,7,81373820490f5aab5b6038eabebc50ee8b68725d3bff81fef7a6e8b03f07976b
129,39,0,C9:61E4,34,33,1,2,2,2,d9cd3c23234ea58a5d380bbec8dec61ae75c954a7dd341ab1cdae4b6411908d6
129,40,0,C9:61E4,36,35,1,5,2,2,163789ab70ca7026b7322c7a321e86a833b90c1203f9efa47e1762b793634fb2
129,41,0,C9:61E4,40,39,0,7,2,2,c37097c929720be775e8cdda41a35df6608b54ed182bdcee1ef6d6191adab91a
129,42,0,C9:61E4,20,19,0,2,2,2,ccbab4953867e3c6fd225a7a7f7dd89cce445b6ba77133e748110caef74ff50e
129,43,0,C9:61E4,23,22,0,3,2,2,7d1f44ce3dbd918e995d554b4b5b82ba8a11427860dcc958f2239ba3a892f06d
129,44,0,C9:61E4,29,28,0,4,2,2,2707b89722ec9db5f75a482ee883d7663ff20e9fd6f7e76b73c1929f820d7f1d
129,45,0,C9:61E4,38,37,0,4,2,2,dbf80766deae8804e90757a2f18f85306ed83fe2b9c3dcf43eb547dc60275d37
129,46,0,C9:61E4,29,28,0,3,2,2,d84b7b1e1243ecac2fd9e14d1db153347e6f0ec8ee5d560b776c10b2cfa1a67a
129,47,0,C9:61E4,108,107,1,15,8,8,27dc33759fa5a410f64361c33afdef5e7f9260d0799427355834ba77fca1034d
129,48,0,C9:61E4,33,32,1,3,2,2,ea20efaabed6d942eb5292f2ba217a905fa6459eb25624c692a3e5ad2eb146dc
129,49,0,C9:61E4,32,31,0,3,2,2,848ad30b6adbaec691174689bf68a631ee2181a5bd5df82d93d831a200ee063a
129,50,0,C9:61E4,20,19,0,3,2,4,8bdff7cc19d316dea9633d41e396b63f570da6bf5ca88b7464d9e393cc5e0f52
129,51,0,C9:61E4,20,19,0,3,2,4,e6558252b452514ede23fff4bbf32662e2c1e0c4d5fcf6bf0d59cfcf48d75915
129,52,0,C9:61E4,35,34,2,4,2,2,c00b7b6fc4c2d54042b83e768e2063e2db0b4ff9147995897757272696d8f12b
130,0,2,C9:6D1A,131,130,2,16,8,8,03b991f5b0d4f60732a0c159dfe0e2a826182767ca15a28f8ca1b0f018954a6c
130,1,2,C9:6D1A,47,46,1,6,2,2,bba4cddd0ca4219646a2d15ea20b55a0c10ec7f72f146ac7d35f297334b77484
130,2,2,C9:6D1A,39,38,0,3,2,4,81cffdd61e8bb287d54dee6f8c8e0b248fec11c2f409f5989c1526f39ca7160f
130,3,2,C9:6D1A,55,54,0,8,2,2,090b0561dc9e036fccab8d1a1c65bb885fa9ed61915cdcc9deda36404c3a5378
130,4,2,C9:6D1A,53,52,0,8,2,2,c601bc687a747e3448b49fa60fd625ac8d75df5014532a626f523012b1c6eb53
130,5,2,C9:6D1A,60,59,0,13,2,2,277225ed33cb1b6862385fc00bc635b57507c12362f954f5ed0dc48a04b9939a
130,6,2,C9:6D1A,118,117,0,16,5,5,731a6b7b04fc0b046fdd15f1c1e30c9168d396201987985918d910b0c89612f1
130,7,2,C9:6D1A,60,59,0,13,2,2,277225ed33cb1b6862385fc00bc635b57507c12362f954f5ed0dc48a04b9939a
130,8,2,C9:6D1A,45,44,0,4,2,2,7ccd2a7a45480659b8753524ff1bfca38c9278dcda05f73f632707806e9284a0
130,9,2,C9:6D1A,48,47,0,3,2,4,7e7d4178e9c3b94cf1b1d1d5f9efd66525ae73fb2c5865b119eac6f6f050446f
130,10,2,C9:6D1A,64,63,0,8,2,2,62b420d3d16e70cf5c9044ab13b79d44288dce967a0309f7482431186216bfab
130,11,2,C9:6D1A,44,43,1,5,2,2,bf6bf45838813d815a511690b6a2eb78587e4f2f24a62cdcc9bceb0f5bb18af8
130,12,2,C9:6D1A,38,37,1,5,2,2,856f68c5d544d2973086cc6fc8dfa3be0310965f75c54658682a59cf11bf682c
130,13,2,C9:6D1A,55,54,0,5,2,2,d64876079742ee55ad9608e695e32845f3d4570632c6c6a680e0920484ec75b0
130,14,2,C9:6D1A,32,31,1,1,2,2,ef7527bb05ebf8196a0ba48c20cbbb198cbe8015b17b23e396954f7ee624e479
130,15,2,C9:6D1A,52,51,0,2,2,4,4b440196203481ad03566caca950383df6cd50851a6dec07d9da9fd5635e21a8
130,16,2,C9:6D1A,45,44,0,7,2,2,a88bd0a21f1a6c09a173902f5185b963dc7dd0897b47996eb496657ae99798ca
130,17,2,C9:6D1A,103,102,2,9,5,9,23abe706cadd9f74ce90e7ebb045b811d20ceaf668bb88af183bb5085232034b
130,18,2,C9:6D1A,73,72,1,8,5,5,c6d5b92d468f2d0d1c5c1531d1e9b35d9c4acc572afb6bfa413f8fbd0dcacc19
130,19,2,C9:6D1A,52,51,0,2,2,2,d4451c909c781cb5874f51dd0740533494111b5b02147182f672b23cd5c5845a
130,20,2,C9:6D1A,94,93,1,7,5,5,b39f247dc47e948d60b3a300a0fb37ec2139f6ac8eedab8a6051c4d03cb905f3
130,21,2,C9:6D1A,99,98,0,6,5,7,bd24979debf0d00201d2fdf2201c9249470e879242a5860d7ddcbeaaee6dbfb2
130,22,2,C9:6D1A,89,88,0,15,5,7,0cf6fda7eac2bbf56be3a0df03e46c8cca831f4d8c87c5005f3a009777e7cb1a
130,23,2,C9:6D1A,48,47,0,5,2,4,c17337d29ffb80b8e8eb92d4988e11531800a18ffae34c52111d10cd406d844a
130,24,2,C9:6D1A,89,88,0,9,5,5,20109b3c9ad024505415538fdb25db4ed83cf9ba7a1de5897ab4b468f33a84e7
130,25,2,C9:6D1A,51,50,0,3,2,2,65ba7c21eff1ecda32d47e90643a765b0f3d37c334bb80737fa9741e1c87e72a
130,26,2,C9:6D1A,94,93,0,11,5,7,22fce86d58b917fc1b7c3bf0743e743c502df097009fcde1a6241402f28dac91
131,0,2,C9:7270,114,113,1,13,8,8,dad7d0d07780370fe13f98cfd15e4b25235b715b1d11db4a031ed8823b695671
131,1,2,C9:7270,57,56,1,3,5,5,45a7476590ca43b868ca58c7790d96999be29cf1df017e4f2676a10bf54ac8a9
131,2,2,C9:7270,112,111,0,5,8,8,eebde39de237c207c70d0ca7c9291fb02a7cef62773bcc0608523182df4b4ac3
131,3,2,C9:7270,97,96,5,4,8,8,bee3d2d8d67a21c72006ae73df3a02e962e50301b520e4c5470c79469ba88fe2
131,4,2,C9:7270,53,52,0,6,2,2,31011c053eff1237e524c309494094f5ccaab49476f72ee14d07ce50954334af
131,5,2,C9:7270,86,85,1,8,5,5,24ff686e974846ea8b12528b1987155e2c601c0eae2eddb01beba17ab40827cc
131,6,2,C9:7270,89,88,0,3,5,5,c604412fdd68c5efd8c4c23c118591ef8c12401d891e8833cae840b76e1f992b
131,7,2,C9:7270,58,57,0,3,5,5,e3aceccd458cde3a107e6cd932724c9abde05f54508f836235da19bdc9fbed10
131,8,2,C9:7270,59,58,1,6,5,7,86d4b54bfebade7ed353fa3acf0a4d7d58721a5b3af39c11215392be4b618d4e
132,0,2,C9:74A2,31,30,0,2,2,2,7aed6ed644d1f2fb98d9557f16a8363b8c6f8468b3afecf0ffd4015385c6f51b
132,1,2,C9:74A2,196,195,1,24,17,19,6b25965bedf9c21b2ea6e2be0bfd0bbf12b1e96a522e6a5f88c9c09f92c40777
132,2,2,C9:74A2,140,139,2,12,11,11,269e260a2d2b08282ded6aaf6baeda729fd1816656032eba84ab40f01691c39a
132,3,2,C9:74A2,29,28,1,0,2,2,efef25d3bca2cbb67e74e3df7621239e50358926439e358b6c9d6533b7bf4e8a
132,4,2,C9:74A2,45,44,1,4,2,2,09ef50808f53148eb040bff6861bf9f7330fe47b32c2f75365f75a4baf72c3c6
132,5,2,C9:74A2,38,37,0,3,5,5,4bbe6e08c63d6f7f3b3262054bb93a1f6cd16fabc2c5ba03d096cb891bb38ff1
132,6,2,C9:74A2,21,20,1,0,2,2,c2a9274a160924bef6a8d6084897c75fca63f790b74c4ac0f59790e5dfeea990
132,7,2,C9:74A2,35,34,0,7,5,5,7edfd79a15ee6b406c85c38645c35fbf713f45e3056c14d6450b2ad37f9d5b38
132,8,2,C9:74A2,30,29,0,4,2,2,f2beaf31f647ec13c6edb48c3d64f4de80963922b983dac2d87d65103a85eb13
132,9,2,C9:74A2,9,8,0,2,0,1,c4c3659d1b8b881bf0730580c0ff05f83a57e6d8de2e8d7262390d252714ef76
132,10,2,C9:74A2,9,8,0,2,0,1,51a78d31ed66dbe41e4b72c9806a6d83b8bb27ccb6a27b2395c7e10d9f7756ca
132,11,2,C9:74A2,10,9,0,2,1,2,055e708a6bad1fa0a6bce3e283f7b1b3cc1fe60bd3367c63e9969e773f6485f9
132,12,2,C9:74A2,10,9,0,2,1,2,f046b01e71706c108c5b18862ca867a107c90bca0d7806202a43a8beecf76873
133,0,2,C9:7676,106,105,3,8,8,14,40fffbf68154bbf787ef7ee63233d073ec1c64b573c81e2de1cee2b9b064a9d9
133,1,2,C9:7676,105,104,3,6,8,12,4a1761a5567b4a9c83e45e28d5a9dfcb7527fb60105e3de4e44b5082ad7c4b0d
133,2,2,C9:7676,292,291,3,23,23,35,a852e3806e009a5a597303d4fe9ef30521574d524b41a17f852cadd5e2a27e98
133,3,2,C9:7676,198,197,3,13,11,32,e4d24a5b32636f1d71b68ffd50e839fee232419f0b41b5b62339c93067d7674c
133,4,2,C9:7676,71,70,0,2,8,16,2899bc64b795fb0c0d99c0f7558153b82dbfd9c06f448f13f51bcfba19c6465c
133,5,2,C9:7676,195,194,1,19,14,20,76aeb80c6020aaca81c9735f97dafbbff57d463aaad3b5674b0ff77864a24a44
134,0,1,C9:795F,79,78,0,4,5,7,02938ff64dd8b03356bffafe63123af50a2fe2b5a9ae57550a8e557809733bc3
134,1,1,C9:795F,58,57,0,7,2,4,9e49862fcc50c2c8a9aee60231f5ab94f6c61f953bc33b34bf807282022fe40c
134,2,1,C9:795F,51,50,0,4,2,2,fb3462142a391245a8f90a9b749904cd63f98781654cc466f0871a7f939e2b4c
134,3,1,C9:795F,43,42,0,5,2,4,e383418abebdb38e84e1a28016ac7eaf68875696ec0fff52d700573ed4ffc344
134,4,1,C9:795F,39,38,0,0,2,12,fbba4acfefddec4318e225aef68864312135b189fe4c9d94a0558086df5b03c3
134,5,1,C9:795F,38,37,0,2,2,2,b608f6f46db26bf4e0afd2ed70844c8d938d0a154f684b0811da7514bf66deb4
134,6,1,C9:795F,56,55,0,7,2,4,c118d4d921468186ba6600e706a166c09643896511bc7be2c69cc940b15f3bfe
135,0,1,C9:7A49,47,46,1,3,2,6,5b32a0827adcff4dd40b573aeb94a0669876c79e4ca1e49d8de69b9285bdf11f
135,1,1,C9:7A49,19,18,0,0,2,2,9665c0d83279957595cd3ce8050ab4f8082ba0e5e253c14ab46ff63638c997a1
135,2,1,C9:7A49,50,49,0,2,2,4,55b987707c2c24613a260518594429d12d941d272148932e3e20c23811f20fd4
135,3,1,C9:7A49,40,39,0,2,2,4,39102c12fc623448ff87bb314f082812d91f271ec158106366dcec1ed5646aa3
135,4,1,C9:7A49,47,46,0,2,2,8,01863697bd235239e2258f21a9999b9ca98ed689de6c95c6fcf627e7b7759ad7
135,5,1,C9:7A49,68,67,2,6,5,5,5a0bdbc8622be1481551a80e9ac2babf0ed6272e4a278abe14796575326728e3
135,6,1,C9:7A49,44,43,2,6,2,2,df3a76bf19b8e4b5ab67e227686b905800627ecc9dd86b2d63a5006e58a4e385
135,7,1,C9:7A49,47,46,0,5,2,6,e20dc7ccbc4c9ef0ed1c5ac92c859d2008df878bbb8d451a9f66c221f5521186
135,8,1,C9:7A49,70,69,0,4,2,14,c0747a2172f77c3b3520ae39bbe7fd069cba3f4f2096f52c2c50275a3cc16f0d
135,9,1,C9:7A49,62,61,0,4,2,12,0bf3d4a187e9204db20337267b387f5b0ee6535176abcca5e63b901511f25ba0
135,10,1,C9:7A49,37,36,0,1,2,6,0835dc1f9ca603acb8425e1317ee700d4d65be5ed6d8ed298dfc024955231f79
135,11,1,C9:7A49,96,95,0,6,5,17,0cc7e76afef0185f98bcea8683437c58230f6b08c25a70ac17c75ae16a4ef73e
135,12,1,C9:7A49,119,118,0,6,8,26,2343dc815ca0afa5b93ae48c609899c8a5ae8c3d9274c677997d6f4f1adc51e2
135,13,1,C9:7A49,128,127,0,5,8,28,9505a102b46d7496d7ee61871d8237518994a8f2076db1e115791166abc02e87
135,14,1,C9:7A49,97,96,0,6,5,21,1ed5205001e24459a6a51e740204154db70dc79b62858530eeba1d41b3f58791
135,15,1,C9:7A49,201,200,0,16,11,25,c7ee8bfdba7155c1ad5d61bf9f33233f8b22ace823720b494bb1a32aceb5f9c3
135,16,1,C9:7A49,100,99,0,2,5,26,09cc91604730906ac988c963acacdb48daf46983ad95722db42c34a57a6ba716
135,17,1,C9:7A49,24,23,1,0,2,2,633855759297c6f63566df74e350b963bdcd28dd8892c429641684b04d55fe3f
135,18,1,C9:7A49,67,66,0,3,2,16,b18e09457865ab621d7daac2e6dd7c6ab45755e49feebec069450be9ce0d1c84
135,19,1,C9:7A49,35,34,0,0,2,8,590f57dd17a5fa07eb579753fd30ca8aa31d3d1b4f6de73a06addc52bd8aac20
135,20,1,C9:7A49,77,76,0,2,5,14,b773a38d4ba49436deb497a954cdda523d0720f8e6d22fd93d28339343c5ced6
136,0,2,C9:7D8A,36,35,1,4,2,2,c8d07b190f8a7545b23a63521593c8fffa1110efdc1e6f37df80891649aad80d
136,1,2,C9:7D8A,67,66,2,10,5,6,aa6f89aaecc08cd41bacd91c3f8df1d028f54a1c6ec9cc7f2e8bb2b88cd928ee
136,2,2,C9:7D8A,43,42,0,6,2,2,1b53595696f21166f1d572d65684b324a5416b7fb60da259c1f63c9d33d8d3b2
136,3,2,C9:7D8A,44,43,1,3,2,2,32cebbdcb59dbad6cbc588985677bf60ef56c1363eeaca49613c4dc4cf8f0b66
136,4,2,C9:7D8A,62,61,0,2,2,6,4b0c7167a01961792de07c1ea94764bbd2923a7989846699615f8321df22f03b
138,0,1,C9:7E49,68,67,0,0,8,10,867e03c49fc7a9d7e9668977242539afbb3e0257ad45dc6b998f2eb09b2e624c
138,1,1,C9:7E49,92,91,1,2,5,5,7ca3b73c2e7eef70853121625ca21ab9ea5ce5ff379ed51f4d510d0f3240faf1
138,2,1,C9:7E49,22,21,1,0,2,2,dd59e0a1dd6b94b9c86795370b030be3e629251907a92f0aa263a68516ed6240
138,3,1,C9:7E49,19,18,0,0,2,2,00b45d38a18686710910e881eaeb030796326ea1017bc3088b8946a3711e9c66
138,4,1,C9:7E49,62,61,1,6,5,5,ec71bf0b07693df5c9669562ac8721c2f6d7dc8c21984c3fd7577ae8d958cb77
138,5,1,C9:7E49,19,18,0,0,2,2,00b45d38a18686710910e881eaeb030796326ea1017bc3088b8946a3711e9c66
138,6,1,C9:7E49,21,20,1,0,2,2,ced1bee59df6bcb126b1289bf2baf3f85802a723ef935e4198050c49e2a68bf7
138,7,1,C9:7E49,86,85,2,0,11,11,9f731f6696416b3e15e802cf496c50e4a64d2423822d01ba4c17f062e5ea9bfe
138,8,1,C9:7E49,140,139,0,59,5,5,9fa14c9c7bb02a5f52873c1104a609a562d95eecff4d509e037044a11145db37
138,9,1,C9:7E49,36,35,1,0,2,2,103e7712908ddfd4bba87e59bb6806ab6f2731d21c6f1e87c02ed2535c136f89
138,10,1,C9:7E49,107,106,0,45,5,5,d8e3697ba849f389e044af75f870fce8d14440ce9b886bc5215e0cb84aa757c3
138,11,1,C9:7E49,34,33,0,0,2,2,22827a219e00e43a680dca83fda513dd68f6fa719801d00307a5570188f36a05
138,12,1,C9:7E49,100,99,0,42,5,5,5fca89939562ec8624526e8e6d5c3f8f9f909d7d6e2782a586509aedff8b8ae4
138,13,1,C9:7E49,43,42,0,0,5,5,9cc22936f22fbd9f20898aaec1a4eb9deb94603cfb583081f39ee79639951b21
138,14,1,C9:7E49,115,114,0,49,5,5,31f79affcbb736c149506d8832f35be7ed55eae9fcad763d61553e4e64796a45
138,15,1,C9:7E49,38,37,0,0,2,2,b7a50c5d4fe27ae00b6725cc31bfc9f6c38d0edef764f117dd4905045458f739
138,16,1,C9:7E49,109,108,0,46,5,5,5248060f07a5d4466d21e6944ead21c6a9f5388c7430ed8c75dcb4f66eb9d15b
138,17,1,C9:7E49,36,35,0,0,2,2,6e3e05624bbcc0e7cd04c610a220f461a8c5d58e7664a4434bdede83030b239d
138,18,1,C9:7E49,103,102,0,43,5,5,4d14ecb1a78fa4aa09307b0c3eac00a5d8af5d1eb839cfd2a527dc2b3492a7c4
138,19,1,C9:7E49,30,29,1,0,2,2,2e117015ad14827c67a3b21c3e9247aa9793e9e6e89a8cca4c913431ff539eca
138,20,1,C9:7E49,86,85,0,35,5,5,a7db19a52729f21e8335c0caa682cc1995d32765df001c35b671dbd44ff65019
138,21,1,C9:7E49,33,32,0,0,2,2,454d2a6e3ded0c5db446c3e00958e3354b49045867ebe945ba492c4703808b92
138,22,1,C9:7E49,94,93,0,39,5,5,2b8f24a0ed0a88d89b5b1fd226384b444ca2720cf66e68c609e2655bd9591d2d
139,0,1,C9:8130,49,48,0,3,2,2,e0a3de3a1b8a7d141c474e2b1c567700fbe82fca845258e3e953eee8b451de85
139,1,1,C9:8130,48,47,0,2,5,7,5e17c4265bc81b97c4ddf684ee486435a84ce1375947b3382eb3c3d33888e477
139,2,1,C9:8130,58,57,0,5,5,7,267da01e0f978f548f5a6d4dabbb7c1854966d4a843682f02e651f5c5a5dc919
139,3,1,C9:8130,72,71,0,4,5,7,51bfda7ce43a2f6b591bcaeab90f6e5ff16b498a15ef0508a4bafe6e2aca5252
139,4,1,C9:8130,60,59,0,5,5,7,09dfdde91ef03acca59bd250c4092bb65a25203d920f631ed16efefd6e313e18
139,5,1,C9:8130,62,61,0,1,5,9,16b9be80161fd558334f8bbac0d477cc8093424d3dc1a1aba8457636c7999ffe
139,6,1,C9:8130,72,71,0,1,5,11,2bba1d8146474875ecb28ce76761aa35065bafc62efb530c9ebca8478ee38622
139,7,1,C9:8130,63,62,0,3,5,9,2fdb76bab87476cbf037d26978a6b20d443f3551150636d8b62065ffaa72c03e
139,8,1,C9:8130,65,64,1,4,5,9,6601d2256ba693ee33567964b52a17d6fce52d2cde437275634bd4b7fae684dd
139,9,1,C9:8130,23,22,1,2,2,5,9e0bbc6b91cb0223df7b909429cb46c63c00fd43de568b170209db40f35cab25
139,10,1,C9:8130,16,15,1,0,2,4,4783cf1d2ce503f4753a2c061e1ee06fe5ee590da1de0d7cd4e7320e70c42c66
139,11,1,C9:8130,30,29,0,2,2,4,0447adb342b7b431dfe04b4b7314cba85bcbfddc2937c62b9f942cda4b3edfa0
139,12,1,C9:8130,102,101,1,5,11,16,1fcf7f9e4ace85ff9de2cbe81adef75e334068c87724e49b9ca524e558e8afb7
139,13,1,C9:8130,49,48,1,1,2,6,53f84d7cf241800f2c016891c28d7294069dca6353ebfe5bd1927ed7f7a243dc
139,14,1,C9:8130,112,111,0,12,8,10,ffe855d0fa00d2ce273713222bfcbae1d081a3c2b59e7cc8dd8b75a0c4e0c1c6
139,15,1,C9:8130,68,67,0,6,5,9,4334d2eee33dbc874ecfb36af84eca4351686721a896d065c5c10530e845e09f
139,16,1,C9:8130,64,63,0,2,5,7,81200a3c2842cecb465ebe5a125f83425be5afe3998f1f0000eddecfbfadee10
139,17,1,C9:8130,260,259,6,15,23,31,e9d7bd8a7d7d1cace881ffe80081d411abe857d9bac19be34c1303ceed4cea71
139,18,1,C9:8130,106,105,1,5,11,17,64fcee4f8333a11b7f6a5a20b6b7854bc3c824f32a78896494a11106d65f6c67
140,0,1,C9:84FE,74,73,0,5,5,7,d79b4c4a4cb180a430070037dcd7c2a01572e2af6cad9f7bfa156f5ed929706f
140,1,1,C9:84FE,68,67,0,2,5,7,51725a378ae4ab5190751444c726fb60ebcdbcd6237dddc60e3bfb2af28faba4
140,2,1,C9:84FE,56,55,0,2,5,9,48a767b3f3af169dd42f31cda5482c7bf0bbd697397879bda94833836df9ae98
140,3,1,C9:84FE,67,66,0,4,5,7,42d3b7a046b177bf81191d9148c3fa2bcd646ea5af6d88f0d9eaee511559b58a
140,4,1,C9:84FE,59,58,1,6,5,7,a5ba5ca29e7e875454648b33b77a3767e7b31cdae93e8092c705593b3caf4b49
140,5,1,C9:84FE,61,60,1,2,5,7,cf9323ed0386a403e9e5052b8396b721c6d81193e96400af011414c88cb80807
140,6,1,C9:84FE,183,182,1,13,17,25,d86dfce8caba033e40b146e3c8f6a1c5c4e4b03076e7a3c6a9ac4ff5dec7d732
140,7,1,C9:84FE,68,67,0,3,5,11,22f227474d6396ab12dab2c0b1040adff9480274e8ffca8f5f83aa4afa7ae609
140,8,1,C9:84FE,28,27,0,0,2,2,307ecd07c703b0a30759657bb348eeecb51e19618afebf47e0456615f7b73163
140,9,1,C9:84FE,24,23,0,0,2,2,cbc9e4a1c158382cbdcbec044f1eeb5ec780422642f3e413857b34e4a7a3acbc
140,10,1,C9:84FE,23,22,0,0,2,2,1d91fd3946e652d98ce46838795495f303ae4c04d95ff23e3ae9aebc41081863
140,11,1,C9:84FE,75,74,0,0,8,10,08ab4642fbde0c5e5f5cf442aad1542d2de963a283551793f6179f1480fe2010
140,12,1,C9:84FE,30,29,0,0,2,2,162b16bc12f59fe51331f7b0a1da6e9c739d4fba3b3dbb182bc0bf98ca767845
140,13,1,C9:84FE,31,30,0,0,2,2,f1844de2e84f27456b4db832452a88b9f14a0245ef51b8108e0148d6cdcf4b9b
140,14,1,C9:84FE,22,21,0,0,2,2,6fe872ae43ae12da3952d2e62ca9cd366cfb4ec89bc7df9a0d5d71a1d1aeb53a
140,15,1,C9:84FE,54,53,0,22,2,2,d0b0dbea44ffd32e197201838f705a656d218728dd6ce751c0c947089f25ae3a
140,16,1,C9:84FE,30,29,0,0,2,2,c18d986b3e3b2852d8c71a014b7005a469f910ddc1105a2d0421e3eff74efdd0
140,17,1,C9:84FE,71,70,0,29,2,2,1c251165ef678794c43e11c3bbe23952e3a8fe8bf52b33a0d6a8309f4ac3871c
140,18,1,C9:84FE,15,14,0,0,2,2,6624c9633ee6ac88c103d7f30d320611f6d3a82752d82c1aa77daaea410e1151
140,19,1,C9:84FE,34,33,0,13,2,2,5c6f0bf94c16789aa8178fb5b30e2fcfe61c7eaeb9800f164a8b42c44b982575
140,20,1,C9:84FE,35,34,0,0,2,2,cd1cfcea079f0a4900954a51666d81b8125d758139d754f27b717b297c790de7
140,21,1,C9:84FE,34,33,0,0,2,2,6ee13660bc5210b2dc5f4b788665bb86a462fcf0e979a1bb8ed5232fe29be338
140,22,1,C9:84FE,34,33,0,0,2,2,be2aebf7852c92124c045e4e99fc526416cadbfc4ee55f4aee872a8f393018b7
140,23,1,C9:84FE,102,101,0,43,5,5,d0d4d904cb0086ff48199ab0818b029998f2f85cd58248077b052f448b7f640b
140,24,1,C9:84FE,96,95,0,40,5,5,a81e7c7a927bfdcc652587f87ed7aca7c9566e36e706d468563ba713de66f744
140,25,1,C9:84FE,100,99,0,42,5,5,b5826289bee8cc48183856dcbeff9bc52d07edc8a1481e0643d8c8ba8d03f86d
140,26,1,C9:84FE,44,43,0,0,5,5,ef5ca64835947e830eb93380e819beeec719e33abc90363034a292d0f91c4997
140,27,1,C9:84FE,34,33,0,0,2,2,6ee13660bc5210b2dc5f4b788665bb86a462fcf0e979a1bb8ed5232fe29be338
140,28,1,C9:84FE,34,33,0,0,2,2,be2aebf7852c92124c045e4e99fc526416cadbfc4ee55f4aee872a8f393018b7
140,29,1,C9:84FE,110,109,0,46,5,5,acb7172a856a8a630ca017f49ba3e99f2bdaf31e8bc9171a81b4149e4a8e60ee
140,30,1,C9:84FE,96,95,0,40,5,5,a81e7c7a927bfdcc652587f87ed7aca7c9566e36e706d468563ba713de66f744
140,31,1,C9:84FE,100,99,0,42,5,5,b5826289bee8cc48183856dcbeff9bc52d07edc8a1481e0643d8c8ba8d03f86d
141,0,2,C9:88C6,44,43,0,6,2,2,82a2ea956855b5bcfea1c18564a7161818e43cf7baa532d92f70344ec0ce200a
141,1,2,C9:88C6,115,114,5,12,8,10,80712363204364d6884961feb385ea6e2f833d2898335927452700e7f9e0ca7f
141,2,2,C9:88C6,85,84,2,12,8,9,32549349db06bec753b2e4814d0104b52e6dab7059d5d6068560d49d10571560
141,3,2,C9:88C6,42,41,1,1,2,2,70629df750c3b9b37d9e5e6b91cba9c748439936d1ad1e7dde4cc377ca43c443
141,4,2,C9:88C6,31,30,0,1,2,2,ca7d26606070501362d89d52838e7833fba151db3262a4dc4c5a4adc4d295667
141,5,2,C9:88C6,41,40,0,5,2,2,84a6c6e8cbf802ae751f73c4b8ef7646f502047a97ca02895f109f8fe003d553
141,6,2,C9:88C6,107,106,2,12,8,8,97ae1f9876c76d48d373747dda080029d5fcbd5a4bd11c13e5e622dbd73e93a1
141,7,2,C9:88C6,91,90,1,9,5,9,0dc840cfde3565f95dfbfa68622b1a7ac932e2a1da5cd506ba8247f71990dee0
141,8,2,C9:88C6,198,197,5,20,14,18,6a2c127f760417a9b549b66ac07eedb013a1eba9c246bdad8886ede272327b35
141,9,2,C9:88C6,39,38,2,2,2,2,3ea995aef4f8a4a60e648ce8b919ab77a7e02bc828259ea9f8e41d6ae091cc5b
141,10,2,C9:88C6,48,47,0,2,2,2,3cb1ac3cf463817c73293c825159f2d29760ad522508362cfb76ef104e8a61bb
141,11,2,C9:88C6,132,131,5,16,8,10,0ee69c2e2f330e19d8a274efadfc9b8947b57a2d6b39f22d869d9b9a2ec4d9f3
141,12,2,C9:88C6,62,61,0,11,2,2,6f9f9ff5bc2ac70304d3a5cdf5957f3e37d0badaf9e1075f32f5988337f56cf1
141,13,2,C9:88C6,72,71,2,10,5,5,d4c7a12e67046233650d5795020f061f3d297e19d9f8ee6266218039dba4a879
142,0,1,C9:8C12,56,55,0,8,2,2,750c226a391b38f86e396f7d5013cdd57e21dd6b6ca32ebd8fe3cff0112138c2
142,1,1,C9:8C12,89,88,1,12,5,5,764f83b1c2e1fc0678b17f0bd59e58d78224bc6730c2bcc9d51ac8e64b09bc6c
142,2,1,C9:8C12,43,42,0,9,2,2,e03068fbc6b143a3049eae219a716d699a367d0a2405eb1327363b964d642c98
142,3,1,C9:8C12,97,96,0,9,5,5,2fabdded36f596953f6656a19cc889f4cdff99048834c9929f8d5f30ca5b6095
142,4,1,C9:8C12,72,71,2,3,5,5,97c2629514431be6aa1f5e558c0ad4b793cb1ccc7f2f1af522406348c6f1a2bb
142,5,1,C9:8C12,43,42,1,2,2,2,8f66f5ea1de8587bda1b65e49d9b101c5c35f700f41d3d9232864a47ad3c4bfb
142,6,1,C9:8C12,201,200,0,34,17,17,ba1119bff0091f2ff00dc6016ee20a5e536d9b8ea14ef00c21630f7f9077cc12
142,7,1,C9:8C12,125,124,0,21,8,12,1280c2e97e648e30f606bab744205723173e4f9a330b3fc191a5a7ca46b5755c
142,8,1,C9:8C12,70,69,0,12,5,5,f767f21768bfe5fe919b4dcd305d57807c9b997ef6b1612300af07fd332db766
142,9,1,C9:8C12,55,54,0,10,2,2,42249eb1fe57b54bebcd238f7be4ff6c4dcc83e8ceed2c78b7e2ac2aac9f626d
142,10,1,C9:8C12,195,194,0,30,14,14,0296130880dfc78fd9dc412105ebcc24c970fad7e055970f538947b24ad6f7ef
142,11,1,C9:8C12,69,68,1,3,5,8,d7b7bc40bee4ff86e2e44044d5cce2dd676850ffec68bcb2520b5768b3240ff2
142,12,1,C9:8C12,63,62,0,12,5,6,ff03b8271e6b050959c0cd16723779909105b29f2cb681798ab50f55bf58d299
142,13,1,C9:8C12,55,54,0,10,2,2,42249eb1fe57b54bebcd238f7be4ff6c4dcc83e8ceed2c78b7e2ac2aac9f626d
142,14,1,C9:8C12,46,45,0,2,2,3,5dcd2647af9ae63409a354cab8abb1276a469d0d40c1259f5d5518510ab5816d
142,15,1,C9:8C12,40,39,0,3,2,5,6b88b55b0f89ba99abd41e025dd3e27438ec3b006c01f67476c21d05285ad0c1
142,16,1,C9:8C12,25,24,0,2,2,2,d33a19e71ae24e4b2fd020055bdb1001b278bf01f79ab533c8a8f271e82eb012
142,17,1,C9:8C12,42,41,0,3,2,2,b0e0325ee303abdd609681c1e056db919276f1d2f090270a5588ea2a0b01361b
142,18,1,C9:8C12,47,46,0,7,2,3,d1315b9185b6789e4cb2fac0702e1276f5b01e87506052180ab29c6983e491bf
142,19,1,C9:8C12,59,58,0,7,5,7,66a1db02c5c2f1d971c655bf43a211afd280bc5fc17f87c4bc4112d2004a1c09
142,20,1,C9:8C12,36,35,0,2,2,4,3b91dcc034107a3716ba4575b5dbcdab3f62b4fb5f9c4838a068c57fb7174fcd
142,21,1,C9:8C12,36,35,0,2,2,4,3b91dcc034107a3716ba4575b5dbcdab3f62b4fb5f9c4838a068c57fb7174fcd
142,22,1,C9:8C12,15,14,0,1,2,5,447ddb03f4e1a57451e6d4a5c7fcffd9ec69019928e09c79ae0262cb94d473e5
143,0,2,C9:906A,35,34,0,4,2,2,ed378a248f6b6cddc0e2a68429f42f2b6c94b21cdcd0fac6b886213fd2a83852
144,0,2,C9:9087,53,52,0,4,2,2,9742971aa795f67f006f1b40c6fd1609f0877dffbd3efe66bac902f9298f1edf
144,1,2,C9:9087,77,76,1,3,5,5,51273668cc0da6173c4ff5b32fc9aa5bbe1472aa1ab762dcb2a57330182455f5
144,2,2,C9:9087,47,46,1,2,2,2,3069e1f03ca616ccd6b98b6908931699198531478c2589ca4ef271fdd8776aa4
144,3,2,C9:9087,46,45,2,6,2,2,f6a59fa698bda44bd3c653a14fa6fc10361ffb61d367c37f71465117d5dd88e5
145,0,2,C9:9133,66,65,1,1,5,9,f50dd118c22a42972a9724146ae6cb2944a50a589e37e020d48848d800acfc3b
145,1,2,C9:9133,52,51,0,2,2,4,54b096418a35d3be537aaea89c49e097b12bf1f22d65dd773e870b30c6bf955b
145,2,2,C9:9133,51,50,0,2,2,6,659b2777fbac7d73b730830118ce90013c7eb02e39b47c55c57b69f520fd6838
145,3,2,C9:9133,193,192,4,11,14,24,c178ca3235811917fe6bb6e153974295c6dd26a94ecb3872ef5e1c853db5d8dc
145,4,2,C9:9133,74,73,1,2,5,11,d9bfb2f7ded09f5d5aea970a2fd66de64ea4c1c787821c45ecd0648072cc956b
145,5,2,C9:9133,32,31,0,2,2,2,0e8e38884a7648570b90151ece864e35615e4fb588847b4825da1f2757f216ba
145,6,2,C9:9133,33,32,1,1,2,2,b15e314304e529b3632c474f8f1a4b558fcf8f701fac007e59006a5ae4d5d67c
145,7,2,C9:9133,48,47,1,2,2,8,60ea3906c2228638a256d5c4917d215e531d46bc7598f5fe970e3aa26500d530
145,8,2,C9:9133,51,50,1,3,2,2,2e4c658ca8aa47aef29106b6fa49b1bf4d11e2285f5adeebcfdf4d64a75c7036
145,9,2,C9:9133,54,53,0,3,2,6,76d12dbe04be146c15c4b85d95a843f4cf6be0a49da282b96ca52db0264f014b
145,10,2,C9:9133,56,55,0,1,2,6,ce937d57792a47d8ed9b31c0ff07cf1d1b01069c6d07356856f2c758e1216792
145,11,2,C9:9133,50,49,0,3,2,2,bb2941957413e06379af668510d89e49e68e75fdc336c550c3a4a7f071c1e01f
145,12,2,C9:9133,53,52,0,6,2,4,946bff89043c4c638000819240576ae8fd17ba19957cdba6633755fd0d1a1a80
145,13,2,C9:9133,39,38,0,4,2,2,b6b7815f6b32d54925bd6fba1c4f5c5ba74ac8a704adb8ccc0efe3b42f982813
146,0,1,C9:93CC,105,104,0,9,5,15,bb5c986a90af32b0b29ddb4a8c515ad5edb672905bde3ad51d971575e1edbc8a
146,1,1,C9:93CC,87,86,0,7,5,9,bf00fbc42d3605e6503289d8ff5b1c8a9c0aad24acb97fa3389331261ae3e6d3
146,2,1,C9:93CC,54,53,1,2,2,6,a41967dcafa1e3fac6e28f76721148f7091ad0178984479a93df76570285a7a4
146,3,1,C9:93CC,56,55,2,1,2,8,aa12041ca3545ff0a1e08ab4b146c9d6e217c64d63e3d8aa344d9cccec4692e8
146,4,1,C9:93CC,61,60,0,1,2,10,b1cd67767309001fc5b63a50ab1a4e70505afa9713489525580f1afbaf5bc3b8
146,5,1,C9:93CC,39,38,1,1,2,2,e64085476af0fa797c79588176b5e70b04d456a81da689d4d8a63420f9d0ae6c
148,0,2,C9:94DE,17,16,0,0,2,4,4fcbd71cd1d7f5d3eb889bf562f0153466cbefc6447aba751adc220f1ce25e1a
148,1,2,C9:94DE,18,17,0,0,2,4,3f2a95de64204faa668bc03048a0cf73739a50b0345a3018915f15c92094572f
148,2,2,C9:94DE,178,177,3,9,11,17,7c90cdec23325811dc70b1ace06086aff4ef687f35530bba1cbff203854aad86
148,3,2,C9:94DE,115,114,0,10,8,12,3730cb45ec4c0c95b35ca9887bd907d4aad11b2c681e5546e4d6e114e3e92821
148,4,2,C9:94DE,27,26,0,1,2,2,e0aee1d74a7637b48251f810b9ab05208c9648a61b606170a55b52e14a9f63f4
148,5,2,C9:94DE,50,49,1,4,2,2,d56ca8f1a0dc467aeb549220ecc6be69ded5ebcd3ee10fafece679291a533ab3
150,0,1,C9:9617,200,199,2,16,11,29,959553a21a251f832088e58a7ad12f9fb5a6450e2c38c7f77516a14fad4eaced
150,1,1,C9:9617,100,99,3,1,5,14,56b82e4727520b530f3a518db3768fe90027b6d980fcf225638412c778059e27
150,2,1,C9:9617,27,26,2,0,2,5,3f6d878d20de67989e7d05ffca7faef8203fc26ec007b0eba89fc6ccbe3ddbca
150,3,1,C9:9617,35,34,1,0,2,6,3a2ee46d1338c5db4a578de7df06ea5c05eeefa36feeb2f6487ea7985684732a
150,4,1,C9:9617,29,28,1,0,2,8,ce1dda1566093ccdac298b403f0e456264ebf51a959c4370963b0c6bb8068bd9
150,5,1,C9:9617,71,70,2,2,5,5,f5dd69a5f6a213ea67a5ee748bd73a0a245541a3114cd217b115b3a9a4309abc
150,6,1,C9:9617,31,30,2,1,2,2,8d4c786a6d7041b8e069e753922a7b2013ebcb887c61e697c7e40ca09f0258c7
150,7,1,C9:9617,102,101,3,6,5,7,ee1df214dc9010daf819dc06b6ee05cb0d1bca060b572cfc88580d2bcd10dfd7
150,8,1,C9:9617,44,43,2,6,2,2,8ca88356d1d707db12efdda9e7ee5f83e4daac857b1d7cb6d890c8dc05241012
152,0,2,C9:97E7,167,166,2,17,14,18,7167339db4344567c1dc2a33f9909de0572f1fc856ed9352adcfaf89fdb45271
152,1,2,C9:97E7,20,19,0,0,2,4,8e477c898bb29f5ab76da0e42adb89e0a9bef377294c03837d3fe657c6881360
152,2,2,C9:97E7,20,19,0,0,2,4,8e477c898bb29f5ab76da0e42adb89e0a9bef377294c03837d3fe657c6881360
152,3,2,C9:97E7,20,19,0,0,2,4,8e477c898bb29f5ab76da0e42adb89e0a9bef377294c03837d3fe657c6881360
152,4,2,C9:97E7,42,41,1,0,2,8,2021f6bdabdb45fae46e5d10d1312fa46a49fe5df3123f398d52b1605d8412e2
152,5,2,C9:97E7,52,51,2,3,5,5,1b5a83570916e3e95302917c8b0130166ff0a76b27098077ee4d38a7912372d5
152,6,2,C9:97E7,43,42,0,2,2,8,8110b749ee53ace66ffb63c05f8f1549c86a917780151589c054e27e48d70369
152,7,2,C9:97E7,38,37,1,3,2,4,d52e68e67f53477ef0645ba856e837d62aa2d8cd34d9df0fd4727b5a9e53ab27
152,8,2,C9:97E7,88,87,0,8,5,11,d8eefd95cdfbb95b2f78407b8015336f5c6ac6349fc5ebd50b1e9a296a4232a9
152,9,2,C9:97E7,97,96,0,3,11,19,2c930dca79613f386ff81550790863fe27bc0458839d6700a88992dd79098f6c
152,10,2,C9:97E7,39,38,1,4,2,6,9b4c1287734b1195096cbb38909109565479f1698e10c6378dedaffb109994b7
153,0,2,C9:99C1,21,20,0,2,2,2,effc80f0d11105662392536cb1defe772ab6e9fc78daef3b4802dd4eb027fe05
153,1,2,C9:99C1,44,43,0,4,2,2,726bd23cda82422d6b54d6c73f82402202368f76175c02ae812943fb5aa42aa8
153,2,2,C9:99C1,142,141,1,14,8,10,57693c0867a80b9dc0e54fcd9c23ec1c48aecd493ce565dd7781f58b84389194
153,3,2,C9:99C1,51,50,0,5,2,2,dac8eab96e3c3e696c8ee313f05f0e98c1b27094897b9ab5d7aaf8668aa28fbb
153,4,2,C9:99C1,22,21,1,0,2,4,a9dd6572f4a8c130be15bf1eff8ea68a1fbfae228f88cd4a62388eb2a5ca244d
153,5,2,C9:99C1,144,143,1,7,11,15,7c732579afebf85f36ecc44522bd43f535021e31087c8d858aa37e6375395774
153,6,2,C9:99C1,27,26,0,1,2,4,0fd195a80e1046921b12b829db19a4dfaec5aaaaf8bc8b1fc843a34f30ed18cf
153,7,2,C9:99C1,35,34,0,2,2,2,49062da0f7cac6395125bbef9fad745e3cd6cd6bc6e30ff0a1ec786964af0af8
153,8,2,C9:99C1,50,49,0,3,2,4,1672c7183c4fabdec79f8381a0f1312efab6e622d789d098ce22e93932a925fd
153,9,2,C9:99C1,52,51,0,8,2,2,8cee0a0363c951541b14c0b9c75a91f604546c7f677663e27f42c1ef40be15e5
153,10,2,C9:99C1,56,55,0,14,2,2,be59751ab2b88ff2f03d3c01811f38a7d816dad6927885d950258dbbc7567e9f
153,11,2,C9:99C1,43,42,0,1,2,6,90b4e56e0b1b6b6650aa94dbd0391ba1565079b9b84e451f9faced8935b1a48b
153,12,2,C9:99C1,45,44,1,2,2,2,50e6dd407076e1f8705650c8c8b2f54398dec5f07ce4cc3f09f54f868289cff5
153,13,2,C9:99C1,89,88,3,3,8,10,4449e10de6edf59cb81c3b142d05eb88c6a2876676a2fe72aec8fec0b5d7d973
153,14,2,C9:99C1,31,30,0,0,2,4,2ecf34dc7dcb188515087b5b2b2dea9228d82b3bf9f3000c33dbd7925d7eff2b
153,15,2,C9:99C1,49,48,0,5,2,2,d7d2267e367825d294f2ac6bb1d689548879f71b6de36ebaa1fbb24cb0774ea4
153,16,2,C9:99C1,52,51,0,3,2,4,3f6deed7d2e0f1370d1fe8e3051836ee6a5e09a55c1df5d677b628fbefa631fb
153,17,2,C9:99C1,55,54,0,4,2,2,2be6248fb27606c09169b04941c9901b202071ec397978649db1fcc10eabb885
154,0,1,C9:9CC6,21,20,0,2,2,2,effc80f0d11105662392536cb1defe772ab6e9fc78daef3b4802dd4eb027fe05
154,1,1,C9:9CC6,42,41,1,4,2,2,802235900735db354020ffc3b1e6fd9eeb2635e76e8ac265d89c79fcc83da418
154,2,1,C9:9CC6,49,48,0,3,2,2,79aed8a15d1194906ec262007d876b42e77f561ccc591b6fe6d65148194bd869
154,3,1,C9:9CC6,35,34,1,3,2,2,8f42a8cb86f0289ddf6d191d958a890fd09f30c3efde8ae1a3c2a142c25365e1
154,4,1,C9:9CC6,22,21,1,0,2,4,a9dd6572f4a8c130be15bf1eff8ea68a1fbfae228f88cd4a62388eb2a5ca244d
154,5,1,C9:9CC6,46,45,0,2,2,2,2c2969a1555fbd6a33b0c44e6fd15b68fabfaf93621a514b4a68275c5193aaa3
154,6,1,C9:9CC6,46,45,0,2,2,2,2c2969a1555fbd6a33b0c44e6fd15b68fabfaf93621a514b4a68275c5193aaa3
154,7,1,C9:9CC6,46,45,0,2,2,2,2c2969a1555fbd6a33b0c44e6fd15b68fabfaf93621a514b4a68275c5193aaa3
154,8,1,C9:9CC6,46,45,0,2,2,2,2c2969a1555fbd6a33b0c44e6fd15b68fabfaf93621a514b4a68275c5193aaa3
154,9,1,C9:9CC6,15,14,0,1,2,2,fbe92c80399acebf98aea3eb7f1bf2224d0a4a76059d74f7b2b96bb9c6c70a06
154,10,1,C9:9CC6,15,14,0,1,2,2,fbe92c80399acebf98aea3eb7f1bf2224d0a4a76059d74f7b2b96bb9c6c70a06
154,11,1,C9:9CC6,15,14,0,1,2,2,fbe92c80399acebf98aea3eb7f1bf2224d0a4a76059d74f7b2b96bb9c6c70a06
154,12,1,C9:9CC6,15,14,0,1,2,2,fbe92c80399acebf98aea3eb7f1bf2224d0a4a76059d74f7b2b96bb9c6c70a06
154,13,1,C9:9CC6,35,34,1,3,2,2,8f42a8cb86f0289ddf6d191d958a890fd09f30c3efde8ae1a3c2a142c25365e1
154,14,1,C9:9CC6,35,34,1,3,2,2,8f42a8cb86f0289ddf6d191d958a890fd09f30c3efde8ae1a3c2a142c25365e1
154,15,1,C9:9CC6,35,34,1,3,2,2,8f42a8cb86f0289ddf6d191d958a890fd09f30c3efde8ae1a3c2a142c25365e1
154,16,1,C9:9CC6,35,34,1,3,2,2,8f42a8cb86f0289ddf6d191d958a890fd09f30c3efde8ae1a3c2a142c25365e1
154,17,1,C9:9CC6,90,89,3,0,8,10,df1ef51603a5c271e0ae781c101d0918aabf5172f1ee20e7d8b6c849eaac5a6e
154,18,1,C9:9CC6,41,40,2,4,4,4,edff4eef2fb2c22ee9e3b54005886830644f72a94914321b2be8802b99804681
154,19,1,C9:9CC6,48,47,0,5,2,4,59dcbc4c2e0ac9ed97a67d4fea0e94de675b87b351c83d9816361b0797054970
154,20,1,C9:9CC6,46,45,0,1,2,2,b466824e7cb39ec8ed7b31ddcdcf1e1eb620f15eca6ae427317b14da55b4fb12
154,21,1,C9:9CC6,34,33,0,3,2,2,aa93bc02c7e320e7693425c02909726be89de8aa5624201b832371e354ad0e9e
154,22,1,C9:9CC6,42,41,3,2,2,2,6e3780618a3594dd2912e5278d1a43d64ecd4a59d4ad1e6274b39f2c395ef421
154,23,1,C9:9CC6,44,43,0,3,2,2,187b001facba841fbe98ca2f2a6f30697097e81725a33a6f42a1e8f63d9970c8
154,24,1,C9:9CC6,27,26,0,1,2,2,7962fdeea6d1e8b82364cd16e344e19fab05457e29b4950c6d649fef94613b4d
154,25,1,C9:9CC6,134,133,2,14,8,16,de59cf2f65cc7b35d904dceecd00c47d630d7bbf77a162f8ebe988cd29bed17a
154,26,1,C9:9CC6,32,31,0,1,2,8,cea736f00db494279516dffcde48f15b422934a6713e7531aac4f538659c780e
154,27,1,C9:9CC6,146,145,1,11,14,22,ac66cfe83410674e45b227a2106ebdc098e449ea2fbdb38ef4384945de91f5cc
154,28,1,C9:9CC6,73,72,1,8,5,5,f06ad64f78f8066ca425159f21b0964c81943186624c5e763f444deec5ee72d7
154,29,1,C9:9CC6,104,103,1,5,11,15,aaaeca88c09774c20761f78c8af6bcaf818025660300d6d3019be8629ad88806
154,30,1,C9:9CC6,33,32,0,6,2,2,b50c62c370af990ba8b421edfa82d5805566294fad34b50d7316766510da102f
154,31,1,C9:9CC6,52,51,1,3,2,10,a497853cc1c34e76d2308982b2af1484a622888962b26e07930da191286975ee
154,32,1,C9:9CC6,38,37,0,4,2,2,0b103c618777bd6d4b9933bcd440307ed9997cae7c90132c505c48f1e28e7b67
154,33,1,C9:9CC6,86,85,0,13,8,10,78d920990fa4c3108dbc5a296bc0ce190402188ee18048105ac34cccc92af002
154,34,1,C9:9CC6,62,61,1,7,5,6,164ccada7cba0e3403ede35130c7b48219f4bd7b6a519cd8965eaba127f6ba81
154,35,1,C9:9CC6,45,44,0,5,2,2,9759175199673c7f3106285d6c04228c1ed356de030b486d18c8a9e99491a414
154,36,1,C9:9CC6,44,43,1,1,2,4,878d128929b2fc509fa8e6575f6538a5c3b7dffffcb55912e913aa21cb566397
154,37,1,C9:9CC6,122,121,0,12,11,19,35f37c67263b107d340ce85f5e9759611817ee721412755ec8905559bbd1f55b
154,38,1,C9:9CC6,41,40,0,2,2,8,ee1b5f8607001624df5cf32bd880682e87f32a1bbcc49e05ab882ae4c053d576
154,39,1,C9:9CC6,38,37,0,4,2,2,0b103c618777bd6d4b9933bcd440307ed9997cae7c90132c505c48f1e28e7b67
154,40,1,C9:9CC6,86,85,0,14,8,10,e061ce5be18ae2b941f5bffe0b985a5969acccfaebb1c82b8142a8db7507ebe4
154,41,1,C9:9CC6,27,26,0,0,2,2,1f775962b6d4c2fb66b1f69a110cca146cbaf20f54849b68cd4483e19884bae2
154,42,1,C9:9CC6,27,26,0,0,2,2,1f775962b6d4c2fb66b1f69a110cca146cbaf20f54849b68cd4483e19884bae2
154,43,1,C9:9CC6,18,17,0,0,2,2,5937fe3836fe23105e8d21adc704789d9d724787105e4670bddae725d3368368
154,44,1,C9:9CC6,18,17,0,0,2,2,5937fe3836fe23105e8d21adc704789d9d724787105e4670bddae725d3368368
154,45,1,C9:9CC6,48,47,0,3,2,2,c43dab902ecbe9a7354b80d50bce6a2788096f907685d5550fb4bb548fb82b1b
154,46,1,C9:9CC6,48,47,0,3,2,2,c43dab902ecbe9a7354b80d50bce6a2788096f907685d5550fb4bb548fb82b1b
156,0,2,C9:A2D4,133,132,1,10,8,16,4b025172c0af409ba418c7e326fe1e5bf52019abe8da7a600ad46a5ba1b873ca
156,1,2,C9:A2D4,35,34,0,1,2,2,bc91977034b948f10199cd7922ba08ed538114dcae3f49ed59effdea99f78e6b
156,2,2,C9:A2D4,65,64,1,5,5,13,b696cfdd3aef6aba6450aebdec1472ae5f8d763fa50d0a87d4da43fc5cf8f7e5
156,3,2,C9:A2D4,39,38,0,6,2,2,ffb4232402c94cb0bc49f57541e6eadbf9acf74e537d249ac0d7d614945d8fc6
156,4,2,C9:A2D4,50,49,1,1,2,2,a26095fe6fba4616dd5932527cc922e08ab155d4c6e02dec2391521625ac8ed2
156,5,2,C9:A2D4,30,29,1,2,2,4,256070db3a7de9bf831041b58cc56222f9a36658e65834054ce913d8addc5d8b
156,6,2,C9:A2D4,49,48,0,3,2,6,248ef9203f178310510a9d966ebaa8e6d00c527e86f634094aaee4ec1c9bad02
156,7,2,C9:A2D4,35,34,0,6,2,2,9b982603274205a1c11a514f24b8b916a6aaeb32e8acbabf57b851f5ac115e41
156,8,2,C9:A2D4,89,88,1,14,5,11,26af0e29527ebb90ab9dcc2322e931fb597e2a61c6fd19fd4c0bbc2e4671ae95
156,9,2,C9:A2D4,55,54,1,9,5,7,d118cf52f8d6cc09601f9349b8d5f2ca13f270b1d7d149bd3f49e4e1928dd5d6
156,10,2,C9:A2D4,130,129,2,11,11,21,ddd36416b1bd4bb3e3a673815fefc5d6e67b17c46ac368ed9db2523164e3e628
156,11,2,C9:A2D4,53,52,0,12,2,2,2bf99937f829fd23fc6aa17025b59acb8108b6cab2aac106d671044d3c13f64f
156,12,2,C9:A2D4,56,55,0,13,2,2,dbffc7573aea827b87ef769019e093f9002b07f9e87d16cf24f23de0ed388154
156,13,2,C9:A2D4,45,44,0,9,2,2,28e1bbecfe4bcb9d4fae3c5b2f86cbe9bee3a6cb485eea023714ea5f50bb221d
156,14,2,C9:A2D4,132,131,3,13,14,18,9b8123377dc03d76314f6f5732e45d2c80fa5c32bc6020ff79925fd6b563a2a4
156,15,2,C9:A2D4,31,30,2,1,2,2,c507353b9b42ae49fb93f0a9026026bbdac62cfb35789bf0cbb209597a270472
156,16,2,C9:A2D4,49,48,0,8,8,11,d7643b8b69bf6b539674fad0df79c5dbc043f662cac1705dee64641c0f7fd941
156,17,2,C9:A2D4,93,92,2,5,8,10,435973f20d3dda5285dfc28a9b6542c961198af6fe82329f65b3f9d5784480e8
157,0,2,C9:A657,157,156,1,16,11,11,1df6980b924fd53ac9860eab70b584a5778299e106d4460e061e0cd32058660f
157,1,2,C9:A657,62,61,2,1,5,5,24699b3d46739cbf67f711a65b87a05121aae45756f22960ffc61fc6755320fa
157,2,2,C9:A657,104,103,1,2,8,8,067cc61bac815b2dc9f4ecb2eea2be745e3f43ec22bf2a7c8c80b72dd14314f9
157,3,2,C9:A657,381,380,3,41,26,46,b5d592f6141fe9483dbb06afba82e0cdf88ab0d06bdb940675d859478d8801ae
157,4,2,C9:A657,95,94,1,7,5,9,a854d2d9afd29bcc6fa9e86b599f6fac805a216b4889089041de6d1dc651910a
157,5,2,C9:A657,44,43,0,0,2,6,1f3cc145f9cec21657f8be1bc4f5829158fa4fd9c14f9a5571bfff2af12ef27d
157,6,2,C9:A657,88,87,2,14,8,8,dae8a950193e2b09f4b9d68a6e219c987d12146ef0ad89c23cedfebaef2a055a
157,7,2,C9:A657,172,171,1,19,14,24,a14592c33f480b3f7f3c7d61659e105c50e82614ead54e9ca9c00789dc6c7c82
157,8,2,C9:A657,28,27,0,1,2,6,3152ab277426d830ce4fe1750189a47646a1ac82bb527be2f6cb18ad40fd4b60
157,9,2,C9:A657,43,42,0,0,2,6,46df969dbe218d4f355adca9b76a78d1c439f2e4842a95b19677f72c51a11339
157,10,2,C9:A657,160,159,2,27,17,17,fe8c7f511b401afa942ef78f1336a757c99570b209ab858e5ed20efbc3c45a28
160,0,2,C9:AA5F,141,140,0,8,11,17,b86fc7e6cac3904493f392438765a6bfff11f9ae633e4e78881d239fcd77b9a8
160,1,2,C9:AA5F,45,44,0,1,2,8,52b13c41670a9107e20226a0c79e0d309b4ba47fef51a8b134b58ec406dac88f
160,2,2,C9:AA5F,24,23,0,0,2,2,2f7ae6dc199c5d5f4cba22449988ee599c7597ef832630c5ca07ee3a4384d1df
160,3,2,C9:AA5F,38,37,0,0,2,8,d4b7eb4a7039f225e5f8fe08d955351cebe2494d81a0cdb21e6f6b8decd0fb5d
160,4,2,C9:AA5F,73,72,2,13,8,8,4339d2248ebaf7ef1fdce670e03d4c4037f77ead52ae7671a201d1366b099227
161,0,1,C9:AB56,126,125,1,6,8,14,180ebd28c15685f25612fe4330b6b5894c87deb8bd8c836fc5fae2b35b280cca
161,1,1,C9:AB56,35,34,0,2,2,6,ce1b13de491080ad4287da5c085f265469e898d267f7e070bd55b24d13e75128
161,2,1,C9:AB56,35,34,0,2,2,6,e6059652844b98d94a2cbb5c8864a61e26eba6d9ebfc3e3010e7cb6a52b5d52c
161,3,1,C9:AB56,35,34,0,2,2,6,d12ce1f248dd8b4b0846cfe2127e9e2de3f3c65944d83d47c3a3c0837912ace3
161,4,1,C9:AB56,79,78,2,7,8,8,2d889e8b3ce97d7fcd6d025418bf5f121fb212078f6b6034bc5421b47954a9bf
161,5,1,C9:AB56,118,117,2,17,11,11,e72bf06bc531e62f2594f36e1e7e0311d5386917aa2225e9a19c46a744d6d473
162,0,2,C9:AC84,188,187,0,16,14,22,7e0cdb1999a1634046e11331f277d8ac004ee9490308b8b8fbcf3591836142fa
162,1,2,C9:AC84,24,23,1,1,2,2,cd1fadd99a997f523025cb4a3ffc48d323452a685776246f07a0795fbcca6b94
163,0,2,C9:AD28,104,103,1,5,11,17,5731d458f2a2648a7d747ebf63e104842645ad03ef54566ff3cb512ad640edee
163,1,2,C9:AD28,49,48,0,3,2,8,4576eb03063e19de135f695a9b33e37c02f2c3eb75c515ec5665675642be75a9
163,2,2,C9:AD28,46,45,0,2,2,6,6d3840a32b784b1cce192c1fdc21aac4cbb4ecb6baaa5c9f52a3f338dfe4254e
164,0,2,C9:ADBF,223,222,2,17,14,28,ef53090668ccd92937cf0e78f2b3e82f689aac2e2401878730b7f5586f019d05
164,1,2,C9:ADBF,104,103,2,18,11,11,ca16365e0a58ee416c6e90d09b1c7e3ae6ef81473711e9da64fdab6bf3c34610
167,0,1,C9:AEBD,138,137,2,15,11,25,1a1dadc90b4ac7632c051adc927bd4618f1b7f2201fd0fd6788322354015c06c
167,1,1,C9:AEBD,41,40,0,2,2,8,a3caf7e5c21457942ceba830c8063e8a07c637bff32ed23a27889be0c71b7970
167,2,1,C9:AEBD,75,74,2,9,5,9,56445e12f29ec5c24e375c6e7c502a5f6d683c077d61885cbaf06e3917717f89
167,3,1,C9:AEBD,114,113,1,5,8,22,0069ad3322415f5e5bffcb7b9b1d43196a2f351468a85d966d2f346b88f5075b
167,4,1,C9:AEBD,77,76,2,5,5,11,7addf9816becbf7d3d6755898056d1ce20cafc127cffe0b1a00b517aa10d9442
167,5,1,C9:AEBD,136,135,1,12,11,21,a117c3a9e683495703a770d3d2c9fabd430fd8b65b4a32fdc84783c2ee7c8cc8
167,6,1,C9:AEBD,110,109,2,11,8,14,450b110eec0d0a9c86fb0a63166987d920a6af197e55422269c33637676a325d
167,7,1,C9:AEBD,39,38,1,4,2,4,59296041fc12e3e49185c4989d29a9232fc15767158ea7df412bc4b19ad214f3
167,8,1,C9:AEBD,218,217,4,45,17,17,e6c0460eb6102c3ccc7a276ee6b6f5b180a9540bffc99b2e99c29ca124f155f8
167,9,1,C9:AEBD,132,131,2,23,11,13,87f277ee1515efc3e0ad45d4c61a114ed94c947d6af8f870ca86bd79c3cadca7
167,10,1,C9:AEBD,174,173,3,34,11,11,71f5e05578a5b7ffdb0162497ff3a016c6882a66316a391bc7a56237c26468cd
167,11,1,C9:AEBD,36,35,2,7,2,2,6af83ce466e567a3ba20e704b40df5623bf969a32d1474d0253d8cf7d5fcf263
167,12,1,C9:AEBD,31,30,0,5,2,3,0e3125646fd8a57aa2c2ca59a2991010c8286c6ddcc3aaab78e5cef64544a376
167,13,1,C9:AEBD,29,28,0,4,2,3,81e3ff1b5a5f9d37654d1b92b52f4d4014d74f1340fede4998fdcc21d7735501
167,14,1,C9:AEBD,70,69,1,7,8,11,434ff34f597a355defcae40a084fec4ff42fdc30940bfe58ad0f03ddc2eec19b
167,15,1,C9:AEBD,25,24,0,1,2,2,b42f6e9533705f71c7e29800dda02f35edd7ffcc954b821e9d5bb21b4b6e05d7
167,16,1,C9:AEBD,47,46,1,1,5,6,b0f7e2d3ee4bb9a17fc095ced8c0a19c44c5a0ac18628cd2ad411579363f919b
167,17,1,C9:AEBD,72,71,0,12,5,7,beca0ed1f8d33e9a3c402ae44c11812e71a62f040f9497c2dd27087fe358d5db
167,18,1,C9:AEBD,30,29,0,6,2,3,ffe19fb3f2458631d30e0a4d372d7bbbfc21fe1cf3b40f3aa8cb7f6d505b87d2
167,19,1,C9:AEBD,39,38,0,3,2,3,99aa41b20cec060047e0d90efa55e3a788334866e08c539787c26f9ee400ccb5
167,20,1,C9:AEBD,30,29,0,6,2,3,ffe19fb3f2458631d30e0a4d372d7bbbfc21fe1cf3b40f3aa8cb7f6d505b87d2
167,21,1,C9:AEBD,115,114,1,15,11,11,b0c0eb6284c2b914afddc392e59f7cd9db5342bcc433c789c6487ea9a83d08ce
167,22,1,C9:AEBD,14,13,1,0,2,2,b989d1525aa457b1eeda78a75dc722b16787930c77c9c8773a5eacdd26ab941a
167,23,1,C9:AEBD,120,119,1,12,11,11,b355b93ef7a3e12ed0b4c26a69cfc2100b5439e0ed9024b170ee42ec87f0a0a1
167,24,1,C9:AEBD,441,440,6,64,35,35,111f880b7ca5a018c69174168459ec65384733da9a34523f5e7c2ee6b0a01fb4
167,25,1,C9:AEBD,40,39,1,8,2,2,16b9775ccaa48d08cf2e56f9a159533d61469254eda73a55567771aa62b35dc9
167,26,1,C9:AEBD,227,226,1,35,17,23,f68505bf1e255b4faad240f2dbdb9295df7938072e3dd0edd6ab691d9f067515
167,27,1,C9:AEBD,206,205,2,27,14,16,68078f6d0c672eaf68c09d3d2f6213218822158a720a1aeb5b870ad2d89843c1
167,28,1,C9:AEBD,143,142,0,17,11,17,b136293b467722f70c6dff0542a3f6f184155f407e30dd3261b180ac74e94fdd
167,29,1,C9:AEBD,225,224,1,21,17,37,7c3e8239ea254f8c1ee6c12c7502d9f825a1667b0dcc35be730b0e39a5b1782c
167,30,1,C9:AEBD,21,20,0,2,2,4,e37c762e8c203c06ec8c685d0b6b90bf89fd39837604d3f88e49ebca9a328a0e
167,31,1,C9:AEBD,17,16,0,2,2,2,fbec3b8651f2768d00bbc5193442e32898dd3f10ac3413800b1c70a9a239d24b
167,32,1,C9:AEBD,20,19,0,5,2,2,aa923358e1b51854e89dd5a68452263a0b0bf2c452bb9093cbe488f97144b1b4
167,33,1,C9:AEBD,34,33,0,6,2,2,91b9e751605e81ad9f7a703baf2f6dc805695f959729fc6c007038d073811008
167,34,1,C9:AEBD,18,17,0,3,2,2,f8fdd807b986604f27bf8692e7b7c9625ec6278d0c6a83740392419bea83ee93
168,0,2,C9:B7AE,45,44,0,1,2,4,3d2482b4385213d1c684d056f0a8fb86623b320880e1a7ea4cf4216e208d693e
168,1,2,C9:B7AE,167,166,2,15,11,15,b06af1ac0e55b74063c0eca2fbae007210f732206e03b6fca48e8a356d2a911e
168,2,2,C9:B7AE,34,33,1,1,2,2,1057d134008978a73e84904ecac149eab573a07698bbbb77f03b009b1bd8420b
168,3,2,C9:B7AE,74,73,1,5,5,5,b94959aa7737700efb13bb80e95c133dfaeefa06b9e99ec48dcc17e6ee0ec5eb
168,4,2,C9:B7AE,29,28,0,0,2,2,e459eabadd24352249d5389d5b4d445b56daf84c96991779e1167da3c65c6418
168,5,2,C9:B7AE,76,75,1,8,5,5,43e615005a2656cd2b3de48afa3f2ea9ef9c551dd0dc850d3d996a4f45c3df6e
168,6,2,C9:B7AE,122,121,3,9,8,8,af717a47866d06f0064b791ca9163c7ab5c9d5f4e4941353e24af9e1c3e1d218
168,7,2,C9:B7AE,19,18,0,0,2,2,056389d516a1013a15c9083e41eb0bd64d408df4eec46a0c49d8046d019c5616
168,8,2,C9:B7AE,42,41,1,1,2,6,e5a854c30dda13e8be538ca24ab2f1c8ad1b1492bbfc2fbc3f6a8363d8fd811d
168,9,2,C9:B7AE,91,90,1,3,5,9,6688523ca5d972daf46175d13f9e8485bf162c4d5284ecd71971a6f5480a289d
168,10,2,C9:B7AE,34,33,0,1,2,6,5b005aeca0beebd59054d29ad37dcc236b972c12a4b02402124c03b33fbc0905
168,11,2,C9:B7AE,49,48,0,3,5,5,9b4437baf0083dffa1c96ebd3987938def07b34cbd868c5f1848349edf101578
168,12,2,C9:B7AE,66,65,2,4,5,9,5bdb113d2e977905fe1082025a926b8dea8e8c256d630cbfc4862ae5c8c2cdd2
168,13,2,C9:B7AE,42,41,1,5,2,2,0369a68b0ad48351ce6ce480e1e30db4fd6009a795c25fdc387e564092a2db6f
168,14,2,C9:B7AE,78,77,0,10,5,5,af276f05d2f0c8b27d398e173e8d048c56517803658981ba3d52165f3cbc5afa
168,15,2,C9:B7AE,83,82,0,9,5,5,098590499b70823f2b06c540781f904e6da47871b4d394bb6b2d1b92a49bb908
168,16,2,C9:B7AE,84,83,1,14,5,5,9ad47c0043fe668845e8d9a7c3ec2fa52cafbdf69166ca979c3bd26812a68c93
168,17,2,C9:B7AE,32,31,1,3,2,2,bbcb22a445085c1971b1ef48d7aab22437740e3e3dd20948ab2557134ac00f18
168,18,2,C9:B7AE,168,167,5,14,14,14,e4f52644dbc583a77903d1a7a441467276affa63b5a4b735ef113575199613b5
168,19,2,C9:B7AE,344,343,4,34,23,29,6cd88db13b36d71b8a58af2aaceea3d3b59ee703a8d04df7ee8367ebbb9f9d13
168,20,2,C9:B7AE,22,21,1,0,2,2,c94fb86210fa62f11be519ca012e1532199810718758c9ace47d9b063354fed9
168,21,2,C9:B7AE,73,72,3,5,5,5,6f5998a65a429e436940f5c001c53807c76d8b6b93b1c8962869356f74438419
168,22,2,C9:B7AE,39,38,3,3,8,8,4d70de89e93277895ad34debdfda9e10b79b154d4468c351975dbfb310e8ad39
168,23,2,C9:B7AE,52,51,1,6,5,5,d17f414f82d61042d2c8b2d07736480a06fd9b2c7a9660611e08a7ce76b405bd
168,24,2,C9:B7AE,99,98,1,9,8,8,ca267b1cf19d562f41dc47da8f075b28cffcfac67ddeeca95c59b4dbd39003c5
168,25,2,C9:B7AE,32,31,1,3,2,2,e8d5fdc8a1f1d9849b99c6ca6a6fc05f20d5b87c359e1c0708bf24ae79ed1074
168,26,2,C9:B7AE,45,44,0,3,2,2,41ecc1138791c1d7671e77c5d1d5adcb9f98bc6874d4fe0a2fb246cef95a472e
168,27,2,C9:B7AE,82,81,1,4,5,11,ecfedc174c18062b8d375a1370e4b1d277171a67cf171c48c05876be1d6a454b
168,28,2,C9:B7AE,76,75,1,3,5,9,23ae93282badab1c66fa129492cee1d35deb7f69abbedd0981f15c45a5fff058
170,0,1,C9:BE1D,121,120,1,10,8,12,d714ddfd6302cf640eed2cceb9ff85e639c6f995eb4cf41e00bfcb4746124194
170,1,1,C9:BE1D,31,30,1,1,2,2,7c279457309a0fa98500159738f80857ccce5afbf5a8033cc56ce0187ecb876e
170,2,1,C9:BE1D,96,95,3,10,11,11,6149583d62bffd77d90cefdd71409100ba144bfc787c9ce2373f082fba2af47a
170,3,1,C9:BE1D,32,31,1,4,2,2,f012e085a3526d3dd37daf447ba04969a4ffa85d6d6c081faff869338c251734
170,4,1,C9:BE1D,54,53,1,7,2,2,fa9e47b224e3fbb034508a8cf83e43b494390ff329ad3a6790056323019db157
170,5,1,C9:BE1D,39,38,1,8,2,2,298fcf40337d64c4e77e4f2354f10b7a53c1219bc8888e556446a62421f9b22e
170,6,1,C9:BE1D,40,39,1,9,2,2,6bb88d0d508bffee0d25579df395ec24ca141f4baae2bc43e3879a5ca4f9af48
170,7,1,C9:BE1D,32,31,1,4,2,2,f012e085a3526d3dd37daf447ba04969a4ffa85d6d6c081faff869338c251734
171,0,2,C9:BF65,257,256,0,16,14,19,28c7eb71064b753d2c4b74c17a5545eef9e2ab1036575d66e3a1c3cea4b785b1
172,0,2,C9:C01F,197,196,0,20,17,21,5214e6ef11fc2219ea9e24d62a0a26bee1e860fe89594276dc53902ad7743923
172,1,2,C9:C01F,24,23,0,0,2,6,da2e23b2c02e3fae0a18270fee430a7bff8a762d863646155fbdd995a85ee97c
172,2,2,C9:C01F,139,138,0,7,11,15,626e5d212911e683b0f17771ba14c533d8ea7af2f4b62eb7d9c57479280cef3e
173,0,2,C9:C141,26,25,1,3,2,4,78d9ae2440527d13523fb20676405994eef9fa8a0d42851749ae78c4bc6fa8e8
173,1,2,C9:C141,70,69,0,9,5,5,35e692405701c8772c43ddefd44a0540dc65ac3ff5b93e91795ceb931d1e62af
173,2,2,C9:C141,29,28,0,3,2,2,0407df9256e34b8048f4a888458a6521164049b975f18620d1c041bd5c1b4b93
173,3,2,C9:C141,39,38,0,1,2,4,e15c75c6308b13f1cf76d392977e5879fbe513ef84cf2016a395a10aee67fde9
173,4,2,C9:C141,52,51,1,8,2,2,912b6d53c238a72029cb3948d50d1d25d39e6591eaeaeaf0f33af77cbc09a61e
173,5,2,C9:C141,56,55,0,7,5,7,6e5be7cc43a0c731a86ac1a39887ccc27311e1d4fe0a5ee9ee9e8f2468ce279f
173,6,2,C9:C141,156,155,3,11,11,17,ac2d997e6405de6f95f55aee802f077487f1d7187463837bfc916db612ddda62
173,7,2,C9:C141,185,184,2,18,14,20,3f231a7d3771114a605477fd7cf27af03854836b290fab7b3823bd27b739089b
173,8,2,C9:C141,49,48,1,6,2,4,d64fb16b4e923519e4bfe39d40ef9d132f3a6e068c3c687f3c16906fc25fbc83
173,9,2,C9:C141,212,211,4,14,17,27,71795050fccd80e9d130d2c05a88edf84ab8853b3cfebb8c2ee01d629d5f5782
173,10,2,C9:C141,78,77,1,4,5,9,1890f334643bdcd17cb48f26d66ca92ba1f176fa6c7568b462b9ef5938710910
173,11,2,C9:C141,68,67,0,9,8,10,93532299d86a84e9c8f0391f09835c080ca6f740243c4133a990f18fca9df5c3
173,12,2,C9:C141,63,62,0,0,8,23,3538dbc1653f51d6c88bf7308ad0fdee81c1445d101b21eb7947f02d82235b23
173,13,2,C9:C141,26,25,0,1,2,2,b4e4f20aa4fcafd66c4efa27e3865cedea01c14a601971006cb0e828368979b7
173,14,2,C9:C141,102,101,1,9,5,7,84265f25df067546ae0f271b5ea84f8fa726884a4db3755f427f2758ce3c988b
173,15,2,C9:C141,42,41,0,0,2,6,d97ce9139bd9fd8abab3cf55e0637a9d445ff2bad1aa4e4d698e8a1ac132443d
173,16,2,C9:C141,78,77,0,3,5,7,1bfc097a2c2ed04f63b9f8f454d5b4d5ca0c9e1d383f95879b2e83c5e543ead8
173,17,2,C9:C141,95,94,1,6,5,9,1846c7ef91fd0d7f3974a7b929a1cedb04c20aa762ef50424227bb3f3fa6a4d4
173,18,2,C9:C141,57,56,0,6,2,8,21c157f6bea4ece00ac996965a7d3822f9bcc3d6b2a21e82f42fc11a5fa834d0
173,19,2,C9:C141,97,96,0,10,5,13,4c39d6bdf38afc80b81c42b0067d734761a909eacc9d0c7f7ad7e8f293c393e9
173,20,2,C9:C141,68,67,0,12,2,6,24b9e0d0b2e913245a62da443077b11a754e09d7bcbb4e9e62116881b299b80a
174,0,2,C9:C616,36,35,1,3,2,4,f008ad051ecf22c4eab9f98d37cba7f40cd72fad59da2c3574654231c56c9994
174,1,2,C9:C616,105,104,2,18,5,11,11188e94fc7be3fa9dbb2be9181d500a1a78afc2ac3fef35c3ad889f6f46b44a
174,2,2,C9:C616,67,66,0,2,5,9,bf3442c3ffd29dca0736c52267789da1977727c892a055b5e32885ed976f7ce8
175,0,2,C9:C6B6,207,206,3,10,17,31,dbcac8020e858aabbf1c0c22522d72eb228e6d6da98171bd16d93fb2d3c993f7
175,1,2,C9:C6B6,27,26,0,3,2,2,6d05bdbb55d4cd356641e42a14eb4d6384a5f80718683b1169a46d313a4af6b6
175,2,2,C9:C6B6,76,75,1,3,8,10,6f271bb7b42736fd96d894550c5a40c18eb535ebe7b2b1734efc14336601379c
175,3,2,C9:C6B6,36,35,0,2,2,2,7e9d9f262e265dfbc422378476506220bf66f55c9c7e57d46c111952f02ee71e
175,4,2,C9:C6B6,39,38,2,0,2,2,a8914dbb36211433d90f1b146f08809308162a1474a914324ae7ab6303cf8c95
175,5,2,C9:C6B6,34,33,1,0,2,2,a258c82218e73840cb9c3604901b52ca7018681852cfc429c951327080370a84
175,6,2,C9:C6B6,52,51,2,4,5,5,a30e037f04a93a0973e2045a5791022f6fc90604b50b03eeedebd924c6b65ed9
175,7,2,C9:C6B6,45,44,0,4,2,6,e66edc85585cb8ded0b9fac41f528e7f46e01218b1a88a063819261a44fb0235
175,8,2,C9:C6B6,91,90,2,8,5,9,30660b46f96c8e9f0020f208064ae06a240c36ff648b629780188085e060b148
175,9,2,C9:C6B6,53,52,1,3,5,7,6adb79534fc43f1caa05e0501069e83aa01fd16c99660c00e392987b70dbc2a0
175,10,2,C9:C6B6,35,34,0,4,2,6,f700de222de581cc6641f0bcfb1c383547373e5dae72b38152ba3a8a1c15aab0
175,11,2,C9:C6B6,32,31,1,0,2,4,1310e9a2d2b6004ce5855afc28cdfe8b8fa79c48acf4aff886b136d7e59cad5d
175,12,2,C9:C6B6,36,35,1,0,2,4,65d578f08e48fcae7010ce677ca25049a06ecf9b864079042e738058b60db25a
175,13,2,C9:C6B6,30,29,2,0,2,4,15fa7f08bda30d4be95b4d0f18a80812d5ff2ed2b14281004ec8356afe022fde
176,0,1,C9:C914,36,35,0,2,2,4,026d7f39e9a59778df6910a62650f3147e289a6cf3a3d4e777211ecbd87f4094
176,1,1,C9:C914,36,35,0,2,2,4,026d7f39e9a59778df6910a62650f3147e289a6cf3a3d4e777211ecbd87f4094
176,2,1,C9:C914,36,35,0,2,2,4,026d7f39e9a59778df6910a62650f3147e289a6cf3a3d4e777211ecbd87f4094
176,3,1,C9:C914,432,431,1,25,26,70,ae7266279c295a91cf6acaff7eb86128718856caef8c4ecb62d4d6c68160a93d
176,4,1,C9:C914,48,47,0,6,2,4,d17d92204b767ab5bec5fe880bb2c2e6afc00fc4a6a48a3649d7e7b3e109c7c4
176,5,1,C9:C914,34,33,0,5,2,4,3180befabfe55ab37c9b768ea9e796838efbf136064695758cbdefc589123148
176,6,1,C9:C914,239,238,2,27,14,36,17f14573de387859d4a38fdd0531ea36795fc849f21b367c8fbf5f674aebb169
176,7,1,C9:C914,125,124,1,14,8,14,ddce4e5e89c77ae104274b707271cb5b95aa5ecb8bba7a7b64b55528a69d1b15
176,8,1,C9:C914,109,108,1,6,8,22,2fb993039760e59a81bb1514123ecaaf630c7fcf17e73ea17b3b1bfe20d4c675
176,9,1,C9:C914,20,19,0,3,2,4,8bdff7cc19d316dea9633d41e396b63f570da6bf5ca88b7464d9e393cc5e0f52
176,10,1,C9:C914,20,19,0,3,2,4,e6558252b452514ede23fff4bbf32662e2c1e0c4d5fcf6bf0d59cfcf48d75915
180,0,2,C9:CC00,157,156,2,12,11,21,2de858cce06e1099249f1f7b9ba9c1437d9b0f88c52d1653c789ddf57690ebb8
180,1,2,C9:CC00,44,43,0,0,2,4,d4bbb9a40291f75bbc1f9fa51c249e2ca661f82119b256666b3917699bca806a
180,2,2,C9:CC00,59,58,0,6,2,4,9e20eccef425a13cab58ad4289e4514b4bd2a5e35c222c396635c681fc0e8062
180,3,2,C9:CC00,50,49,0,2,2,4,acad099d31452c19dba922e511bc0c0b243592e29747ae5847472ab221c09caf
180,4,2,C9:CC00,82,81,1,5,5,5,2bf52d41fc2becf3d6de712e778f5c813028cda6861af58a86796b2047fac397
180,5,2,C9:CC00,59,58,0,2,2,8,f131dd9edca4171605a6baac32456a2c47d3ee0a613b08b9cc366c9cf27d514d
180,6,2,C9:CC00,87,86,0,8,5,7,ee83ccb7a02deac98c9d5c7c43612b1a8559d411a2c48116459b930fee4c0cbf
180,7,2,C9:CC00,224,223,2,19,17,25,dce2112879d4cf7cdf93cb2adeed0a26343a97df95f51dd6d37c50c397122ff4
180,8,2,C9:CC00,50,49,1,3,2,4,8795de9af45553363a603e6d88220bad2a71f7fcda259cd66e6bf1807b26a04e
180,9,2,C9:CC00,35,34,0,3,2,2,db61f88bfa8e4c4d9bd9eda6fc85b27b86f59daaf923208bcb434a64b41064ee
180,10,2,C9:CC00,171,170,3,6,20,26,1fbe1c7b5b368f1f71e4a63b00ac6fbc47e1f8bb302e2cd403f7a3391c9e623a
180,11,2,C9:CC00,37,36,0,5,2,2,93d502393ce42544b3cf60d3b4a8ac28299d6045bca915a6c69bc66031a89273
180,12,2,C9:CC00,107,106,1,11,8,12,0b749acd55ea7cfdb49787295b764f89876fb5e843776e49721af1a07c7ffe03
180,13,2,C9:CC00,38,37,0,3,2,2,729ef66678a256e3b6e8ca6a707e7cb04a93e914de65855eaad7793b12385686
180,14,2,C9:CC00,61,60,1,6,5,5,59b1a2dc05855e024c37665f9434c2dc8bd8fd162f8cb4b188173a888533acd8
180,15,2,C9:CC00,135,134,4,7,11,15,bc8828accb18a9ac7dcde7920ae4e07f609f1ffa5b53b8b2b19e5e8e4974b33f
180,16,2,C9:CC00,45,44,0,6,2,4,6a0164cea616abfd3269ad77d0878f6b92820b07e3236f56a3c83e7320620f8f
180,17,2,C9:CC00,30,29,0,2,2,4,42cead6b9905c554ad5f9e2435adb0479bd5872d9d913c1c3616b9a3aeecaf1e
180,18,2,C9:CC00,30,29,0,3,2,4,a989554d0f5a53cd1ea0da23a652c4f7f37c9253357e2ccb1a21c146d01d78c6
180,19,2,C9:CC00,20,19,1,0,2,4,c695911688fed5129fa0b7109109a7c83361fb8bcd19c77065e359c31b86a08c
180,20,2,C9:CC00,28,27,0,2,2,2,48858d0773ae5d3dc243a260b22125dea99f75860dbf23993bfc2ae381efc758
181,0,2,C9:D0A8,149,148,1,14,8,10,96b53585a6bd71c62f0dca2cff0c51942897b62e4927200527ce8fcb1728eded
182,0,2,C9:D11B,128,127,1,13,11,15,ce50de6d55e137a933de61733e6ca2df3b97eafac6b9df475c1505a7aac3f59d
182,1,2,C9:D11B,40,39,0,6,2,4,65a53acccb77ab28e687ab4d3ede3c9f527531f0a774661305bc66bb2f409c90
182,2,2,C9:D11B,39,38,0,1,2,4,e15c75c6308b13f1cf76d392977e5879fbe513ef84cf2016a395a10aee67fde9
182,3,2,C9:D11B,92,91,2,11,5,9,0b54e7b35a94dc502ffcbc6a8e319045762cff0db9cc280c7c960b6cf9971030
182,4,2,C9:D11B,175,174,0,13,14,20,0425092b0a1ef052dcbc2e47c1e98fa30d8f3abfc2f52017a1b8dee41a43e2b6
182,5,2,C9:D11B,24,23,1,0,2,2,61929cd72c78a09eeee1c3c968d4c3dedcdc644bbc2a2df39c2e65ef22f79294
182,6,2,C9:D11B,36,35,0,2,2,2,5c45c3b6a34d4e321a9f5b48d9875995c8652285f60709bca9ac0649271d1834
182,7,2,C9:D11B,25,24,1,1,2,4,e1b2a324339bb897c249ec80f1e6884540dcd2e38f97be2eb7a939ec730c36d8
182,8,2,C9:D11B,34,33,0,3,2,2,e2e814507f775a255f6fb15e7a3cb47b83ff2cb8403e0be75e94f1e4c9e91aad
182,9,2,C9:D11B,121,120,2,16,11,19,44d9623ffbaee9b65419477509b16f078ad387f3d3ac72fd8fcfbce0c7c2cd96
182,10,2,C9:D11B,78,77,0,9,5,13,746ac63745a5d9422227b78aab1a0db66e4c1272f0c5ac468b7924742fc3229d
182,11,2,C9:D11B,47,46,0,7,2,2,60f51d6e49e6fed2184c5f580035ac262d6cab77480e2e4f8c35fed333930e2f
182,12,2,C9:D11B,43,42,0,5,2,4,5b4935c09a48d7bcbc18c63e505ecd2cab6253578c5abfbfc1054bd3ca534e83
182,13,2,C9:D11B,48,47,0,6,2,4,1f61b05fe136c12c03dc44fd32d94e49bad2fa00354d1990879ae4e8303a253f
182,14,2,C9:D11B,39,38,1,2,2,2,e6c630509d7439e85d1e3e0a6448db1d79935aecc285324471c7fe1c1fececc7
182,15,2,C9:D11B,87,86,1,11,5,7,cd2bf48d35ee24f6e938e626292f3f690e594f6f6d4eab998f1b9a8dc3e086ee
183,0,2,C9:D446,163,162,2,9,11,13,0b0fe1cb091b04f6550f4d9b9a90ce9e46232f35ad2c37f8fe56dd78134d7676
183,1,2,C9:D446,43,42,1,0,2,4,3366cc371d783bc70f2e8e7d6ee8c6ef7c7f3248e3600c8b89e1e105954f1f5b
183,2,2,C9:D446,80,79,0,6,5,7,d010ace327f3ee83fdbd230fc3e099a84d8baf26db1ce3d35c5deae598b5da1b
183,3,2,C9:D446,46,45,0,7,2,2,943781a0f7b1f738681a56f77b3a6d36e0d4402f22e8a379335dff8eadb26123
183,4,2,C9:D446,38,37,1,2,2,4,ba05fa6aaea92412751bf1537f97b2a1350dcfdb3b75def4f82c85615f628b8d
183,5,2,C9:D446,77,76,0,4,5,9,7285541e521c2c61ffe2771bba86311cf5841144fd9df0879c8aa68eef38ef39
183,6,2,C9:D446,36,35,0,2,2,2,91a6951c17667c9d51511ec7d977217d953a922fe3f51283b10f71d5743e6ea5
183,7,2,C9:D446,43,42,0,4,2,2,e32fe78573b5ded10d643776d230ed8f1215e9ab31d12bdccb7474da4da75bc1
183,8,2,C9:D446,116,115,2,2,8,12,5c6fc5c86477a7397b95a9bb570966c206b793642dcf2d16db8c2c2babb4807b
183,9,2,C9:D446,136,135,4,9,14,16,a9183cd79b904e2e9c0a076b281f045a4173fbc28fc9fd9bb4418ab574789be3
183,10,2,C9:D446,96,95,0,14,5,7,2ce5992cf570e987c98ab14225caad87e0b4bb3591dd925c88f0f3956f0599a2
183,11,2,C9:D446,64,63,0,6,2,10,dd86608e9ae298d5438fa674ef57e5d0794e1414e9e8524ce1d58537f9e99da1
183,12,2,C9:D446,179,178,0,26,11,13,1c85e1f14f223b0962c9f4d2c18c0d64e7224269c719fcafeb33a46ebd77f8ba
183,13,2,C9:D446,37,36,0,6,2,2,8b9c1c89b84588f6aa45e6c2908d0497f7161d38843666091d8034862ce37666
183,14,2,C9:D446,54,53,0,8,2,2,224a2bb0ab9328449b8f1f90b9b53d4e7ff1bb8bf4c16261b482433a27633021
183,15,2,C9:D446,50,49,0,4,2,2,28d253c48387cd15c47532d49736b595ff2ccf618adf39d2d72f1e1871bf3a59
183,16,2,C9:D446,56,55,1,0,2,10,cd190290bf04d0360d72ac1c61cf3933d4f1186c3f3efe2ea68461bc520a0019
183,17,2,C9:D446,18,17,0,0,2,2,471f98a8bb2b017b79ebdfd46444c7121ac3e05da66d15ea9b358514255d3a60
183,18,2,C9:D446,47,46,0,5,2,4,07a85257326b68aeb82fd3df5b1ea504310cb0f1225ac8b880e7daba814991c9
183,19,2,C9:D446,49,48,0,3,2,2,339a228129c63652769607e127941f3dccbb04cca40dd9dd40f213290aa6dff0
183,20,2,C9:D446,59,58,0,5,2,10,8abd95bee45239600b1ff2c4a712070d4faf749034bf184ef074956fc0822b25
183,21,2,C9:D446,44,43,0,2,2,2,c4f047e1f877b36646cafd361793e6a134431663d767f466aeca090f0f3d593f
183,22,2,C9:D446,89,88,1,8,5,5,7d892bc3b75a496387592a73118af8105ceb3e1283303ad5aa2075abe8cd4520
183,23,2,C9:D446,21,20,0,0,2,2,f311471093133a3d81777e1e41c2c2460090622134250b689953af2657e753bd
183,24,2,C9:D446,52,51,1,0,2,10,88a5149b7b41cfb63adc11956e6baf80186dc1c7c70638a43405111287b5f80a
183,25,2,C9:D446,32,31,1,3,2,2,c53f7fc332e35f776a9edf1f6f8a042aaff9bbc1041ab49c8668c1fbf37461f4
183,26,2,C9:D446,108,107,1,8,8,10,e411fe326cecba7a8dd97d4d2dc79460137bad1decec807774ef669da9be3e1d
183,27,2,C9:D446,40,39,0,4,2,2,28da504ac563ae2693f75ed1f90b8737210c3bf49658f4f5f372317c273e500b
183,28,2,C9:D446,122,121,0,11,5,15,377f81a5bbef05f4edb85dfcbdd0b99beae0181f1e1b1634f7d8ca1870cf2a5f
183,29,2,C9:D446,38,37,1,4,2,2,cc75ffcd3b893897c0589f7f974bc4a6f7ad25741c56cf68d65f7e022516fa99
183,30,2,C9:D446,32,31,0,4,2,2,3d5048cd58c265e585e2a37aacac81f51ee92e5222a37123653219761098aad8
183,31,2,C9:D446,61,60,1,9,2,2,cbb36152c2cf7c7d125132992204f9f77e972bf64fee1fcdba9049d2dcbbd438
183,32,2,C9:D446,43,42,0,2,2,2,bf13d205fb37c895e674729dd1cd03bf51a7cefbce18cfe1443a4aa545ad230c
183,33,2,C9:D446,46,45,1,1,2,10,f70b3efa73ec6cce1bd39a5719c4e5c867e77b6b548f50cab65f2161a4d0f1be
183,34,2,C9:D446,43,42,2,2,2,2,eb254e253f88b8e3ac2c25afe5af2371985d2529851bb00c15361787983cc4d0
183,35,2,C9:D446,51,50,1,4,2,2,fbcddd5f74d6bb58aded77ffc112ff9d098652025258b413d390339aae7030b3
183,36,2,C9:D446,40,39,0,5,2,2,7898d73de5aa9902e0fae660e07ee72931ba58433c07dd3b1e18dcfc21c88d54
183,37,2,C9:D446,59,58,0,5,2,10,985fdccfa75d8f705e5090937a183b42ac85841ba7c7220f75fabe809412e3c8
183,38,2,C9:D446,124,123,3,6,8,8,fb373da30b00c211ff8ee346f7afdf08586bcfefc6cbe9e416058850d8744aca
183,39,2,C9:D446,72,71,1,7,5,5,82922a835a96500fade1da945d180b286e185c90be323f28c6f547afcf8e7c26
183,40,2,C9:D446,70,69,1,4,5,7,b8f0b9db6b9246a0d7fd13b18c051f7810030c26e03d426b63ceb93e55b58a66
183,41,2,C9:D446,70,69,1,4,5,7,b8f0b9db6b9246a0d7fd13b18c051f7810030c26e03d426b63ceb93e55b58a66
183,42,2,C9:D446,70,69,1,4,5,7,b8f0b9db6b9246a0d7fd13b18c051f7810030c26e03d426b63ceb93e55b58a66
183,43,2,C9:D446,20,19,0,0,2,2,0db1d41536692a71ff1ea2070252a7a857a5de5b148664d5832ef06684b32c0f
183,44,2,C9:D446,23,22,0,0,2,2,b37332d7fc101db86cbda4f9b4881fa0aa3f75fd0047aa68ccd56d137622b0f6
183,45,2,C9:D446,26,25,0,0,2,2,47518e467234f2720449dde781c34120bb3262500cf05b5de903dc809ec726f1
183,46,2,C9:D446,96,95,0,8,8,10,04c221efacc47b9890f75f860d42e66f9d36cb3d4c9a293a9f5b74ff25f0b95c
183,47,2,C9:D446,74,73,0,5,8,8,7f2536f321acec4c0d5c233298984946edb168af0da7589202bdd325c15908aa
183,48,2,C9:D446,67,66,0,9,5,5,0f124d73243e22c6a656cdf48f31ebaf28a71a41107b0a356d888701bca2c9c1
183,49,2,C9:D446,44,43,1,0,2,6,cbb0eaed98358efc70ca4eb2da80ed93cfc4613ef6a726bc7b6e6bf9934c0281
183,50,2,C9:D446,103,102,0,14,8,13,435edb7c8eb9037865462746300a63f32c7eb2d023e787a02350b8445243e77a
183,51,2,C9:D446,32,31,0,0,2,2,b59616f62399ef61c5168aa4f3d863e67adb03f6ab611e73d885f33a4c6f7834
183,52,2,C9:D446,29,28,0,5,2,2,28f09f70830cbddf88b6d687d6b45df617714ae8e4c92b5c8c86587ed349a4d2
183,53,2,C9:D446,163,162,4,19,11,11,7e00860c728c26f23dc25f4023ef4531ec96715da725b89e1ffa1cfeadef90b2
183,54,2,C9:D446,133,132,3,10,8,8,acd5a898787a074efbf8bd9927249d6874fbff5b50d6d5033a8dba32d5dbadde
185,0,1,C9:DF1A,56,55,0,6,2,4,654e91140324509be90b81806478ba8043a2f273a4854a7f2fded5bc8ecdccb2
185,1,1,C9:DF1A,68,67,0,2,5,7,2032d33f9d37abdd0be278d0cb52524057a698df5d3ed7872dc66447c2cfda7f
185,2,1,C9:DF1A,66,65,3,4,5,5,8343e7e97c0e7b6f79768cde46375f841659f268b6de324fe40a7aa1e973c176
185,3,1,C9:DF1A,53,52,0,1,2,4,be372a600178a794307096c7c20fa606f0f32f3981cbcc272e04d210bd0af252
185,4,1,C9:DF1A,50,49,0,2,2,2,5c3d6734068081f5de42b73758216483e5e4e2b5d8c7668d345a6e765195b596
185,5,1,C9:DF1A,58,57,0,3,2,2,8e5f354ad0e4301157b3ad2616f0a2932dc4f30272e3ea6cfaf3a4738a278bea
185,6,1,C9:DF1A,22,21,0,2,2,2,74f57000697750ba6ce33edd1da458654928bc68ccde52276d098e8855cfd907
185,7,1,C9:DF1A,22,21,0,2,2,2,74f57000697750ba6ce33edd1da458654928bc68ccde52276d098e8855cfd907
185,8,1,C9:DF1A,22,21,0,2,2,2,74f57000697750ba6ce33edd1da458654928bc68ccde52276d098e8855cfd907
185,9,1,C9:DF1A,55,54,1,5,2,2,4ebbd146a611de4eb1b40603302bbe4703e934906da55b730693360cff6a3875
185,10,1,C9:DF1A,50,49,1,4,2,2,5ef82aec19ae803f2b6c5ca6e2b130213663b008f2a95966021bea367867fd47
185,11,1,C9:DF1A,90,89,0,8,5,7,63b7fb0126bcd74bde5e64977e8a7238caa9ef75850951ae4e6a06984a383e47
185,12,1,C9:DF1A,78,77,0,6,5,5,93d54f332791277f6f0915f6f1e39671571b3d9d5e2a33bcb3507d9455e4cc50
185,13,1,C9:DF1A,72,71,0,5,5,5,c7fc68bf6e1f5628c94178f54dbfca4d8364358aef53f1b0203360c4c22d5fc0
185,14,1,C9:DF1A,83,82,2,7,5,9,c1bd8019b6840ca86f94038a1a0aa65e55caf0784ec8124bc9abfe6053ce39d0
185,15,1,C9:DF1A,125,124,1,14,8,12,953fc50f5fcb453215b024f097fd18fb909b614a5487352b19e7900270033039
185,16,1,C9:DF1A,87,86,0,6,5,5,9832fbd1f0a3f200a77b62e07787659e35dbbd98606194a7c6ff277004d56c52
185,17,1,C9:DF1A,22,21,0,2,2,2,74f57000697750ba6ce33edd1da458654928bc68ccde52276d098e8855cfd907
185,18,1,C9:DF1A,22,21,0,2,2,2,74f57000697750ba6ce33edd1da458654928bc68ccde52276d098e8855cfd907
185,19,1,C9:DF1A,29,28,0,1,2,2,5a01d352a3d3c1b9aeda0d0111563ca1764f078eb34fa619c899908b0a8b898b
185,20,1,C9:DF1A,22,21,0,2,2,2,74f57000697750ba6ce33edd1da458654928bc68ccde52276d098e8855cfd907
185,21,1,C9:DF1A,22,21,0,2,2,2,74f57000697750ba6ce33edd1da458654928bc68ccde52276d098e8855cfd907
185,22,1,C9:DF1A,90,89,1,7,5,7,c1d41fe541027f8e388551360f155d99de329879fb6067b38bfc2401806be876
185,23,1,C9:DF1A,83,82,1,4,5,7,c6ceff35f7fe6d0b9fc78740a8f02bef1201cc3a3bbfe9dcc397240f6541d5e3
185,24,1,C9:DF1A,69,68,1,0,5,9,86715e82032c37e1404828c7c1c0f9feb8c8a5d6302ee70da22f0ff7bc8a6b29
185,25,1,C9:DF1A,47,46,0,0,2,4,a0c830c979b8a90a5fb20967aa962b504a471baab662fbb2bec12595ff61554c
185,26,1,C9:DF1A,103,102,1,7,8,8,a410ecbddfac076d081e40b00ac696b5737972ba9d6e835939280a0023daafc4
185,27,1,C9:DF1A,63,62,1,6,5,5,77f9705f5cc0a2aae211088cfbbaf263a17cf22c3e04f82bb9aae199d5bea8db
185,28,1,C9:DF1A,84,83,2,3,8,8,bb188b9473716f5888389b75107dcf537fa8873ecd017329023bec95db894738
185,29,1,C9:DF1A,79,78,0,9,5,9,d1b4bae532faa3c04c9a4846df53496544cc5ed14f1188da612ce84b2b3c39e6
185,30,1,C9:DF1A,104,103,0,6,8,12,5f822e382e9d56fc0a9d7c790dd64fbf1ff1591f9b42d9b489098fdd3175a60e
185,31,1,C9:DF1A,22,21,0,2,2,2,74f57000697750ba6ce33edd1da458654928bc68ccde52276d098e8855cfd907
185,32,1,C9:DF1A,22,21,0,2,2,2,74f57000697750ba6ce33edd1da458654928bc68ccde52276d098e8855cfd907
185,33,1,C9:DF1A,22,21,0,2,2,2,74f57000697750ba6ce33edd1da458654928bc68ccde52276d098e8855cfd907
185,34,1,C9:DF1A,81,80,0,4,5,5,4492cba998b3e3aac45bdc675ca8e30b0095e175d8a90d9f0c39bd53e2cb04b6
185,35,1,C9:DF1A,69,68,3,4,5,7,7af340accdd402cc050202151809558b8d009e48ee5ce02618eeaeade4204f9a
185,36,1,C9:DF1A,93,92,0,4,5,5,241fed99223bd4a1eac8db3ebda52c34599d741324fd9b36b8bf1056f74ac4d8
185,37,1,C9:DF1A,47,46,0,4,2,2,f0a06e5d987016ed31f67c5ba142f364c94623e3467242c6b7abfb5022b3c3d2
185,38,1,C9:DF1A,42,41,0,0,2,2,4221cb1621c31c40a42a2b66a35dcbe5075c079d7062c0deb0d707a7798b6743
185,39,1,C9:DF1A,38,37,0,1,2,2,29b6bd68170550992482f813c7822ff15af1975588d4b0065180d5ef63b4831a
185,40,1,C9:DF1A,57,56,0,7,2,2,b24831479ff719f5965a5e7cc2f1394379f61c7937affe16697a6aff2bbcd725
185,41,1,C9:DF1A,49,48,0,6,2,2,d7979e4eb6764880c473dcdebad0150e64a36852e9420d25846a29f1e5ef5fc0
185,42,1,C9:DF1A,84,83,0,9,5,5,faddeb93eceb536f7a3c06a32f0495655eac8936739e0e770797694417c5d42f
185,43,1,C9:DF1A,50,49,0,7,2,2,d41c860b9f6c14b1236931f7f271710936dfc7b26459c343d78b3f3e2cd5501e
186,0,1,C9:E675,22,21,0,2,2,2,74f57000697750ba6ce33edd1da458654928bc68ccde52276d098e8855cfd907
186,1,1,C9:E675,22,21,0,2,2,2,74f57000697750ba6ce33edd1da458654928bc68ccde52276d098e8855cfd907
186,2,1,C9:E675,22,21,0,2,2,2,74f57000697750ba6ce33edd1da458654928bc68ccde52276d098e8855cfd907
186,3,1,C9:E675,48,47,0,4,2,2,20e85a5e79229f13dbb9ccee622bcbf5cc0a24b835721d592f02c646d3ad14b2
186,4,1,C9:E675,49,48,1,3,2,4,03406a8101d5e2c81dda11cd9ef325b2ce54631e83e19602952b6f82d8956222
186,5,1,C9:E675,88,87,0,16,5,5,7a95690d194f03be84360985040585d8980da8e7159e1c7f005edced74c181ce
186,6,1,C9:E675,48,47,0,5,2,2,35affd3ac22d760c266f449cae81ed1437dc391c789bb0a091dd1b8436af7e6e
186,7,1,C9:E675,39,38,0,6,2,2,2478b7887c0a2f6320e6f977d94cb9f906f5791df8e38e0c88a566ae27cf8953
186,8,1,C9:E675,50,49,1,2,2,2,fb0d12f87ecda8d37b2291610ff0848a6c560c5d87a9dd86030213dd5b4e6edc
186,9,1,C9:E675,88,87,0,9,5,7,1b8b17e2c2477116e85d1af6cffb99a6a358c184488fc59d41b3301bfdb954a3
186,10,1,C9:E675,128,127,5,9,8,10,424a4037e52b03bfe874a8b7b05b7a3190e9393642bf73ddf74ec0496d3c64bd
186,11,1,C9:E675,48,47,0,2,2,4,59359eab76311d1d05eaaa25c46df46b3a0a896e8897313788f30c18582cfa40
186,12,1,C9:E675,77,76,0,7,5,7,f2ecf05fc597f336cdcc3366621d8b77cc34e79eec3f2e4645e9984c59989592
186,13,1,C9:E675,22,21,0,2,2,2,74f57000697750ba6ce33edd1da458654928bc68ccde52276d098e8855cfd907
186,14,1,C9:E675,22,21,0,2,2,2,74f57000697750ba6ce33edd1da458654928bc68ccde52276d098e8855cfd907
186,15,1,C9:E675,22,21,0,2,2,2,74f57000697750ba6ce33edd1da458654928bc68ccde52276d098e8855cfd907
186,16,1,C9:E675,22,21,0,2,2,2,74f57000697750ba6ce33edd1da458654928bc68ccde52276d098e8855cfd907
186,17,1,C9:E675,53,52,0,5,2,6,7b43bc034a43e7a7b420cf5eb0a5473356a7420c3951892b4451bedb44286f11
186,18,1,C9:E675,105,104,0,10,8,10,131f88cb2975cb30c1dcbf22dc88542e40a3dfdb01fe325a10be5e1e56516093
186,19,1,C9:E675,94,93,3,14,5,5,fa92532fbf195165ff6570046fda1e7d1447df6e734ad2d596f0b414a05d3dfb
186,20,1,C9:E675,32,31,1,3,2,2,7e22c392c66690845eb14480448f8ae401a2c85708ec387329f55015fb875fbe
186,21,1,C9:E675,41,40,0,5,2,2,937827dfa890718922c073c682f6247369707b1f1817576fa6db471088497d5b
186,22,1,C9:E675,150,149,2,16,11,11,139062ca308e0d82da3b2a066c9dcee443be1851ba1ed29fca7fb8a6eca43ed0
186,23,1,C9:E675,102,101,2,8,5,7,3ef9933ecd356f9e52a10dc290519db1cb09027a08dbe17618ebd0f5bbc5ef53
186,24,1,C9:E675,90,89,0,7,5,5,505285feb95e4f0b6074e042be14cfc1f9ac10da41f5e62032b028ca412eb662
186,25,1,C9:E675,65,64,1,9,5,5,7d7e1ebef02e8d8b86db0fcdf5456e8de2c79d6808969c08869910e10aebbab2
186,26,1,C9:E675,22,21,0,2,2,2,74f57000697750ba6ce33edd1da458654928bc68ccde52276d098e8855cfd907
186,27,1,C9:E675,22,21,0,2,2,2,74f57000697750ba6ce33edd1da458654928bc68ccde52276d098e8855cfd907
186,28,1,C9:E675,22,21,0,2,2,2,74f57000697750ba6ce33edd1da458654928bc68ccde52276d098e8855cfd907
186,29,1,C9:E675,22,21,0,2,2,2,74f57000697750ba6ce33edd1da458654928bc68ccde52276d098e8855cfd907
186,30,1,C9:E675,51,50,0,3,2,6,da0b4dcfedaa4d0014479aebef66a7645339ed0d533475cc6e5a3e018ae7f515
186,31,1,C9:E675,46,45,0,2,2,2,ab75c40e01a2ba7c9495aa59280a50eeb3b122bdba0c65101956461724dc0825
186,32,1,C9:E675,99,98,4,13,5,5,e0d128814379243a41895a71b9d52918a51d932d5e89f4fe4218ff989d39022a
186,33,1,C9:E675,95,94,2,6,5,7,a279dee2bc3f77689f49611bc744081ae54724b7614714daf9812064f771a956
187,0,2,C9:EBE9,86,85,1,8,5,5,f5c6d3525105caa5909279808b775fa81a5923ac137f13a77ec75dd46abbeb3d
187,1,2,C9:EBE9,499,498,4,47,41,53,c6fbfa8b18f8d97f0924a2cfb6f73c3484e6578d18fc5bdbd7c2e5cf3e945fc3
187,2,2,C9:EBE9,84,83,2,10,5,5,ed6dbf0d87a6945e7521556c983c8c83369c6a0b4f946ca385c31f1b951724d9
187,3,2,C9:EBE9,152,151,3,23,8,8,547dec27be92d7a171f4e9be48faf4a776287432b056916743c2d8c6ce054d70
187,4,2,C9:EBE9,120,119,1,20,8,8,cc0ab4927d2bac2260dccaede449ea4e2024fca5fd34bdeeb1e2c46ba022e414
187,5,2,C9:EBE9,72,71,1,10,5,5,d6e6aae174b2cf16f42c384da96bd74dadac087f09275c427687454729bcd1bc
187,6,2,C9:EBE9,110,109,0,21,5,7,84795b10d910930356fa02bd2e8ac5047ac4ab48ad9a9232b0aa85b29675a213
187,7,2,C9:EBE9,64,63,0,8,5,5,463c4e32c0f2287b3370c89802a6f1a0044556a6f66223f305e1f82707bd9ebc
187,8,2,C9:EBE9,77,76,0,12,5,7,4c5328334b8921f7d891f5981839b24385575fc981b82a26e60975b84dafb347
187,9,2,C9:EBE9,55,54,1,7,2,2,a51e61caca7814b27f58b9d23c6054a213bf4aacd4c74243d8de4eed464e476a
187,10,2,C9:EBE9,91,90,0,13,5,5,a03ef7ccf48195f6366974b6a0a809aa272c75b50dfe6feca05163a04486e959
187,11,2,C9:EBE9,100,99,0,15,5,5,9d25c1de73f86cbecad94dfb9814df4de0455f2a25e0763c036cc267ecb03187
189,0,1,C9:F074,20,19,0,3,2,4,8bdff7cc19d316dea9633d41e396b63f570da6bf5ca88b7464d9e393cc5e0f52
189,1,1,C9:F074,20,19,0,3,2,4,e6558252b452514ede23fff4bbf32662e2c1e0c4d5fcf6bf0d59cfcf48d75915
189,2,1,C9:F074,102,101,0,10,8,23,751703f922cffc28f7c9e4c081dbda60fd19745470ee9539f43b6be195c6c8c8
189,3,1,C9:F074,34,33,1,1,2,9,fbf83478f2e77941d538f3c2623eeff335ca6f5e90a33a4b00e75c0d5cff9c67
189,4,1,C9:F074,95,94,2,6,8,8,ef166d9e58cd981ae77966397237692fa90c19e7487d7e03d2fac2b42fe52a79
189,5,1,C9:F074,23,22,0,2,2,4,90c557ecb12b145decfe8fdefbbf08b001e8bea0f5653563fde6ead618ac21bf
189,6,1,C9:F074,43,42,0,1,2,8,72f0608d94defdd58c8549bfd53bd67bd07e7b8a10c366e538c367b12175d6ca
189,7,1,C9:F074,51,50,0,7,2,5,6bad220aac9a506c31c76aca256475e67698fbcc2b430c21f151887cdb8132ed
189,8,1,C9:F074,42,41,2,1,2,3,ddae3ee35fe084b240c1b034ee2f599c5819edbb22f80c1156e4f8f6b8977787
189,9,1,C9:F074,33,32,0,0,2,3,774f642e35de00309d644dfa7a13d68b5113abca08f2b722689a16132e1a0d75
189,10,1,C9:F074,26,25,0,3,2,2,5b4cc5319638178f9ed44b523de4751e875b09c52a30f0525d5cdb854a261e90
189,11,1,C9:F074,45,44,0,4,5,7,2681083bd597139b54267d4c2c33c4280875775b5c495b066b5cfd6bd626b8b9
189,12,1,C9:F074,67,66,0,2,5,11,14275272c9e50abb3e8bc2c47855754981ec9ce038904d62ebf52418a6882602
189,13,1,C9:F074,124,123,0,3,14,22,62a4855bc753122f410ff81badef120b1a2d98af329af2299174cad0c3e364e5
189,14,1,C9:F074,8,7,0,0,2,2,59f6af8ba21735ec3fc12411350c0dce30a49af3daec49665ef6c000fe55653f
189,15,1,C9:F074,8,7,0,0,2,2,ffe5e8d2db6e11de93f76b14f61f4b0ba84df18584d43dbf7e897b898c807ba1
189,16,1,C9:F074,8,7,0,0,2,2,752bffe547d43dc5b0dd66d5a90cff49536b55c11664aeea973f203cebf78c58
189,17,1,C9:F074,37,36,0,2,5,9,e662570217bbe3de3459a0bb9d516764f1b760be2ee4a59d7c316cac09886eda
189,18,1,C9:F074,558,557,1,56,41,59,b69fce248ad2c3c896f1fa4a9eab47d8523ae51917bff091824242ae26200578
189,19,1,C9:F074,21,20,0,2,2,5,b2e37bbb71cb26c32d0557348e47a3ce07ee85383d6e7b7e0472edd8adc73cb5
189,20,1,C9:F074,202,201,2,12,17,30,b85454156fb75984d6213f244102a99bf5b2dd78e292bd6e0a0abe685cf0fbe9
189,21,1,C9:F074,42,41,0,3,2,4,fc71352098f105d8e269e35a03047d2fc1ef6e6f6c1a1f63b92abf47220e9609
189,22,1,C9:F074,48,47,1,3,5,9,014529776dfcdb68dcbad6492bf0216f05c20b7bdeda349b7183e99819bad17f
189,23,1,C9:F074,39,38,0,7,2,2,edd2da85cc17e29883c7beff5cead0ee00d30d73628d7f38cf9ca05318637148
189,24,1,C9:F074,36,35,2,4,2,2,7545d6373e66553bb59f5c80336f23af92916b7f043eb9341c0af33747c94194
189,25,1,C9:F074,43,42,0,5,2,4,54ca822ac79d98d29ebebbc84359476a3cf95c94657588df6a78579be0f3653d
189,26,1,C9:F074,40,39,0,3,2,4,2edd937957ea86ccdd3e71ce75c861a0577dfda00f2c09925f5a625e55ec0591
189,27,1,C9:F074,36,35,1,1,2,4,3af261b9f844931ab544cfaf441c73fa38e20f1b9056cc5b438adc04a01b2bc8
189,28,1,C9:F074,40,39,0,3,2,4,0351415719f86b05ffe128927f25ff408feceab314ecd9255a8ecf500365ed59
189,29,1,C9:F074,42,41,0,4,2,4,2be9ffb3f78cd81205bcb39593146cd5751222b7146bffcc6d1fbc8890793729
189,30,1,C9:F074,37,36,0,4,2,4,0b9ccba5f278fd7d2893b80176045d54bfa9f8464818ce51ea395bc43b9dc220
189,31,1,C9:F074,99,98,0,4,8,23,cf6c3365c5790879e08a9e4951fcc9655ae2580afe70cc928c5330ecaba17f6f
189,32,1,C9:F074,23,22,0,3,2,2,2fde2657e8355f19ace54e5ac8c98d0e0eda2a04ad54ee1ba4fdbbb98e3925af
189,33,1,C9:F074,18,17,0,3,2,2,f4913490f779ad51af8ddd49312c3ebb55652ef6c56ca2792a5b7e750b2a16c7
189,34,1,C9:F074,25,24,0,2,2,2,62727c7450c39b731f93c4e1a1fb7fb0234d7fd13831b4ea7c5fd6dd98737459
189,35,1,C9:F074,18,17,0,1,2,2,377437189281e7aa41029aedefea6544e688cbb24e9ab01ea2df15cd4368e845
189,36,1,C9:F074,18,17,1,0,2,4,8f63325b81f7a0803ac14b3ac4543ba2866598cb8fc5799b2223ace8dbd11ca1
189,37,1,C9:F074,30,29,1,3,2,2,5b6d2883bd18f4360afdd875e6b49cb56b47b2412898bd9fa6774b38c9e01597
189,38,1,C9:F074,30,29,0,2,2,2,0454709b703a82c8602e898f55cb794cf343b0c83c6345b911c4caefc97ea647
189,39,1,C9:F074,22,21,0,2,2,2,c50fb436ac0717ef6775e2386f1c3bb1807ad036a17336cba2af3f7aebd2efee
189,40,1,C9:F074,92,91,0,0,8,25,88121f8cca4bc5d246a2131b0d906bbd447c5d404d88450abd86b3fe5f30ed24
189,41,1,C9:F074,22,21,0,3,2,2,ffafe1dcdb26179cc1da10f2f64603af87027432b4e5be601a400772d81a7b77
189,42,1,C9:F074,18,17,0,3,2,2,f0643b5cc90e61b85ef2072ae39e746780aad4e9a31d01e589bfcec43a20eb86
189,43,1,C9:F074,17,16,1,2,2,2,2f20e3e87c315cf1c03c2e15694f7589232fd8325ad33e48f498b7bb6397a7d4
189,44,1,C9:F074,34,33,1,3,2,4,22f92563044c0c88a33df9bb15f6fdd00e565ff8dce338730247460c289455d8
189,45,1,C9:F074,17,16,1,1,2,2,ddc6028ce867b00d9e2e0de6b946c5e21c8e244336a78a29affec3e9860aea6e
189,46,1,C9:F074,29,28,0,3,2,2,60c7ea4f010c67c46319ff12c616bd39852ed8ee989482e401d1f40e86d18edd
189,47,1,C9:F074,39,38,0,5,2,2,cc3a38c968671b2c2f3f6fe704d8bcd7292a6ba59a7bad6164bb4b591eb549f9
189,48,1,C9:F074,21,20,0,2,2,8,b180591a3cfe4d9f8ba13b8568e95e18efb8df92b1fc5bb25aa82952bc08d081
189,49,1,C9:F074,91,90,0,0,8,29,fdc00fe601464099f8c42c89638f3dc10428d1dca7549deb5a3b7e6c4c42f948
189,50,1,C9:F074,23,22,0,3,2,2,d68602a3059180f96f21cc9401f5444ff4834fce28606d6f60cffb7c50244862
189,51,1,C9:F074,20,19,0,3,2,2,8ea286cf9d137bb65c6236d449e3540e035a07099ffe93a70ade09ad7e5b8ec3
189,52,1,C9:F074,38,37,0,3,2,2,7737819fd5c0538993ddb341b4809eb938f8fffe7de583b896798666ce94f32c
189,53,1,C9:F074,25,24,0,2,2,4,6222cd29a1270ec98c475ff721d720319164c04dad1773b05fce60f42537a31c
189,54,1,C9:F074,22,21,1,0,2,2,e806101701ec6ca46151abfcb0367fbe2f6c8f4267df5416c19f6e11ece1023b
189,55,1,C9:F074,35,34,0,5,2,2,b841caf04662563fe23ccad8e9731d86528624e436e6151a20666af9f90b3f75
189,56,1,C9:F074,36,35,0,3,2,2,60a562545e109cf50b79ea2b610bc139a94300818a4f59feee2c2d14c56f34a6
189,57,1,C9:F074,31,30,0,2,2,8,9970f165fab219d3337ebbb6e137afd9960002028d438c10762f4b246c2ea1ba
189,58,1,C9:F074,80,79,0,1,8,23,62569f7b90cfd2918e97f5c13360111ff6e565b3ba13a8fb0f06812231876491
189,59,1,C9:F074,22,21,0,3,2,2,dbcc3bf367fdd9b3b9aca3a1565dab4269f86e70a95176a25ec530c8c42d9b3e
189,60,1,C9:F074,34,33,0,3,2,4,5eafb93409b6a28036578b11a25dd2d78ef50d550497f00e4558b9e6d9feb704
189,61,1,C9:F074,29,28,0,5,2,2,5886c03775e9032f820d3d76f9573a944d668804e92b72e264aa29a5ccf4dbe6
189,62,1,C9:F074,24,23,0,1,2,2,f5dfe906cdb58f876b8162e888cb6ccd906301cd772f746f893f7f7b2bafebe0
189,63,1,C9:F074,32,31,1,1,2,2,a73dd405911f7d8b38b3e6de4c1fd7d5d14896b9cf47b321c5c26ec17c83ef6e
189,64,1,C9:F074,29,28,0,2,2,2,5aff07f2b9e719d9273d29b1eba8a01f497dde2f77d59fc705b8fa6777532f0b
189,65,1,C9:F074,36,35,0,3,2,2,9d5b13e92b4e957fbef1e53fedf284829f8565633c51fa074a0c6a7814b9ae47
189,66,1,C9:F074,32,31,1,2,2,2,5aa3f78b3edb893342e162ddb2d4b72fc0ffe63b8a2a4287b25bd5534d97c936
189,67,1,C9:F074,81,80,0,1,8,23,b371a7ee16f0af9e74a1cfdd999dba4ba5f94add291f618cdfae265c1ebfdcf0
189,68,1,C9:F074,28,27,0,4,2,2,eaceec270c3fae6989e15227ed455fd81499cc3b10f8f3615f154e1ff542f1b4
189,69,1,C9:F074,33,32,1,4,2,4,e97c68688bde5a7e9e3cfd27592d314a689d4a539c454d3311ecbd462387e341
189,70,1,C9:F074,35,34,0,5,2,2,6c2a4168cc89d71de570db36391c5c5ce8a54f829634e3e7fd30450cf881904b
189,71,1,C9:F074,23,22,0,1,2,4,8f01711b8eab263640436b7be7dddb4f868dabc8a678f6db47c27a0ba5b1a339
189,72,1,C9:F074,36,35,1,2,2,2,195790a35e9994ae22c9b3d38a5b94ce490a4fd8191eba3895d395e21f1680a5
189,73,1,C9:F074,32,31,0,3,2,2,9fa5a33d5ba28465a3a28aa4dfa133622798b44fc93eb191e288ba0182cae73c
189,74,1,C9:F074,33,32,0,3,2,2,6023722b958660b82b6002540d9a1ee7c452ce9a891d9e039a16f93d6e040ff1
189,75,1,C9:F074,20,19,0,2,2,2,c278b78c0b83bbded05a2d5b7ad59961c2ae9558a9ab15c9b976c83936a5003b
189,76,1,C9:F074,89,88,0,0,8,23,ecf3838c3f7293cd74cd56e357d15cef07b15e472c8fbc2f56805f8a09512fc9
189,77,1,C9:F074,24,23,0,3,2,4,456c387d9ca79c74948b644b5072f4a3cedc9f578368b09185716656eb593c69
189,78,1,C9:F074,18,17,0,3,2,2,0f12f283c4917a869bae0d8604ef74fcd2ce91d4a3e31f7ae7e65c6f1e06483b
189,79,1,C9:F074,24,23,0,3,2,4,b205d13d275971949ead4e72b232a0ec30e5a8fa9cf2700313f76f5257a4adf7
189,80,1,C9:F074,17,16,1,0,2,2,9ba18c27b6e40f74dd4c8b373fa565257cf40c181bffa29834ea38d3c6ea200b
189,81,1,C9:F074,21,20,1,0,2,4,8bc86c0c124251f6d28f1547cee31ada4aeb65bf7ef3bbad43f5f1834be5a3ef
189,82,1,C9:F074,26,25,0,2,2,2,49e3fb190169ec74c052acef0211a5257798a85ea5ade06e26c4a3ce9043540b
189,83,1,C9:F074,34,33,0,3,2,2,185b39879c94fe2b55a781927d88f5d33d34cedc7cae288d58bab4c10fa8d019
189,84,1,C9:F074,34,33,0,3,2,4,11230712f734c884e7b7e0be0f85ed866a4e8a1d42e898d9c93921d919db9a9b
189,85,1,C9:F074,81,80,0,1,8,25,97bae315ec9234e9fd1fecf88575aeb68b4b1d8791c095f339e19fb3a4b06fe5
189,86,1,C9:F074,19,18,0,4,2,2,9c1abf0ec6e6e115b5a676e2ece2335e2b7c1b2cd1d381d6b391aa24c1ef47a8
189,87,1,C9:F074,38,37,0,4,2,4,abd367add48fc124e724826e9c44db4f4d1857829201d4ca95cf697606220d78
189,88,1,C9:F074,33,32,1,5,2,2,33e69c4ca6e1b7a011e826cc65f56eb5904924d30dbd1b3d69c16983e953d4b5
189,89,1,C9:F074,17,16,1,0,2,2,9ba18c27b6e40f74dd4c8b373fa565257cf40c181bffa29834ea38d3c6ea200b
189,90,1,C9:F074,32,31,0,6,2,2,7aa3edab978d4a3620e07ef20bea866c9b90873f1190784c61bdef753a846e01
189,91,1,C9:F074,34,33,0,4,2,2,33b500bb118c8bcd8657b0338df40422a7016e4de3f928d52ca9e78f557eda03
189,92,1,C9:F074,25,24,0,1,2,2,a950f69e1611d94c91f456b520466d9e3da5e75c0557b7b49a7429d87247fdb8
189,93,1,C9:F074,40,39,0,3,2,2,238e396194dfede43abc69b79d817c9df07953681cbe0c16c00c981a69499313
189,94,1,C9:F074,96,95,0,3,8,25,8ff645ac7735086619df6e97e5543df0e7f9639dc565eb5794e68d399b0fca08
189,95,1,C9:F074,32,31,0,0,2,8,4affd557373465db1718f430e62b09aba7e84e8dd117699cef8747af684e5148
189,96,1,C9:F074,41,40,0,3,2,4,f0ca137e0069d6850bbae0a9279e27be2ecf393c5f15447fae131ae2d920a1eb
189,97,1,C9:F074,72,71,0,5,8,13,f8d2608764e516775773bd75464271c80d8d0c23cfc05114c21b6a57eca6f26f
189,98,1,C9:F074,16,15,0,0,2,2,56a38e8b2ef049bd9f6b05cd068d0a5683f64a2fc776ae159a94146cf63e271d
189,99,1,C9:F074,29,28,0,3,2,6,e7fef4f2930d4e4357c03e649afa5c461aca2efaf8e995a3ec86cb064de07337
189,100,1,C9:F074,39,38,0,1,2,8,5422512044f232a75cd44be054fe4b511055ce62bed666985d0e888e43180d79
189,101,1,C9:F074,120,119,0,7,14,28,bccbdcbd1e16e452d97ee71d9d82a7be2e29892b4b81fbc7f07c7cc9e22c0a0b
189,102,1,C9:F074,80,79,0,9,8,10,d71bd7703f966b57c7576f859e928edacf0d3450e444bafc73024771893e2162
189,103,1,C9:F074,64,63,0,5,8,12,150e2b645d68ab28b9601280800061555e56911c2efd9ba227db4176282d547d
189,104,1,C9:F074,107,106,2,9,11,13,1b9e3b1d57b68b6dd053f23873f3655bc0d23f340cdd1ff418e105bf763d4464
189,105,1,C9:F074,52,51,1,7,5,7,4c0ebd2f7a7a457ea50469e67593984a949ca798173efdc5d25a97650ef63237
189,106,1,C9:F074,50,49,0,3,2,8,f6c8748d187f04f9bbc1f92ff8f26800a778585fa3b6fbe2b636287ac8ee6bcd
189,107,1,C9:F074,70,69,1,7,5,7,c3a003607e7283f3e47bfb26112d5d85a63f37cbcb22d588d1f46c367d46e4b1
189,108,1,C9:F074,41,40,0,5,2,2,3a482d4ad9d6673dcd90247bcaac498e1d7e9a54f76dbb63690623daeed20f72
189,109,1,C9:F074,60,59,0,4,5,5,72769132ce3e3c12c68b14e794567372d5b902e66477aa8b92d52d5f3af3c707
189,110,1,C9:F074,88,87,1,10,5,7,8644fcaba1b47a8e80451b23edd6b9af68589a5c141c7fd3793a58b965026b6d
189,111,1,C9:F074,74,73,0,7,5,5,2dc68fa9d76c1e27136a4d521e72d382de59430b46b73c786dde7c8ecc3a8114
189,112,1,C9:F074,22,21,1,2,2,2,68d056b2d813abb05e16ad5ab5e6a9aa3159240a694e88c80e7a87d973e7505d
189,113,1,C9:F074,29,28,0,4,2,2,9e69240f9559e487afbf5c44a79e9c9f0bb289d21926400a8705b40c5d40f84e
189,114,1,C9:F074,37,36,0,3,2,2,cf95ab968e792da218209b54643a26d5a875fa4f41cf9a219ec4b349de0ad9ce
189,115,1,C9:F074,36,35,0,5,5,5,ddc862338079d04e5ba3f8b8bdde549818a0eae1fdd23207bef8b028fce57574
189,116,1,C9:F074,31,30,0,1,2,7,cdff8a632e19ef144a993b4836ee09dceb8759da1d825c225715c7bf90a5d2d9
189,117,1,C9:F074,34,33,0,3,2,7,1bb1f0f2cefe44a0e9d2c95b3282198ddde473285c7c38b90b858ca1ecf8b954
189,118,1,C9:F074,35,34,2,0,2,7,168a6b4b4467124274ee03fe3d18cd18b1b2b6ea31aff2bffaa27e2d4d9c9a89
189,119,1,C9:F074,42,41,0,8,2,2,fb116056262c76249143fcd3145a33b87508b3e7eca24431b67b1688bd8f868e
189,120,1,C9:F074,36,35,0,5,2,4,bb74e36fb8c684df03d2c465483468c842156bba8bda1ba8e1a5e830ea1e3c50
189,121,1,C9:F074,32,31,0,4,2,2,3026d7937a8aa7ff202ad79c834b526b570ed0bda719e6c045f947cabc4fb140
189,122,1,C9:F074,44,43,0,4,2,4,2e6f32761db92730f9a234a6316c39431dad9806b022855b2d59d56d67d43a7c
189,123,1,C9:F074,36,35,0,3,2,2,0ce798fff2506b7bca661bde24ad983999a651774491489242280cfb1c9958b2
189,124,1,C9:F074,36,35,0,4,2,4,db9976ec8cd3620e1edb25a1571cab1010570e9b7ecbb8ee28525d5040d83f53
189,125,1,C9:F074,21,20,2,0,2,2,2825bc52e5c47ec5677e6f92c71b0e480ca835c90f671e377b202a5e3bd5e3a9
189,126,1,C9:F074,36,35,0,5,5,5,ddc862338079d04e5ba3f8b8bdde549818a0eae1fdd23207bef8b028fce57574
189,127,1,C9:F074,90,89,0,1,8,23,b46a3e2aaccc4976bd8cb00fa8eba4a90b4afe9a55978104936f728d76bd14e2
189,128,1,C9:F074,42,41,1,7,2,2,a734709a80807f33ec3e97365debbf011777535cdd576cd720be1b2ad00e9ca4
189,129,1,C9:F074,38,37,0,3,2,4,3098c23b9faa919b78860839246b5470cfb99fd1cfd2823652b0a16bff57ec1d
189,130,1,C9:F074,40,39,1,2,2,7,69e296919172b6ac2e59cb791dfba4f5bc16546c261135e005b7203105e5899a
190,0,2,CA:0134,203,202,3,16,14,20,6ec350cf9d8b40d95c267051de299cc1c6dcf8edf7d12546d0227573fd4ecb00
190,1,2,CA:0134,41,40,0,2,2,6,0134b2883c7627d6831e9bbaa97ab461606a8de69dde0d2f1c31001c5fb3ba20
190,2,2,CA:0134,159,158,1,20,8,14,4941a4b3b33f13ab2056769f9c9a5b377a146846ee68d7f48931c1b83f6d4d16
190,3,2,CA:0134,32,31,0,3,2,2,c8bd8a90728c222477d5abd5e0ec5c16d04afda0f595cfe4d48b31a2835d096e
190,4,2,CA:0134,39,38,1,3,5,5,7d87090f6a46b7025e4aed694ad3887927c5a76790b64afcdfe64f3bc6dbe5a4
191,0,2,CA:02A7,61,60,1,4,5,7,a494dc84ac9af58d5177d14150bf3d5e2c6c0df9ddccc6d20f5793c3f0ad420c
191,1,2,CA:02A7,103,102,3,11,5,5,72b28dd188e01f6ae8c0997a7a26c8d388fcf0eeb4c86be7cdbb63b51362f3b1
191,2,2,CA:02A7,48,47,1,3,2,2,8c73399ef1b7751b7fa804249f162c658f67afccbf6ad4f8bc979529ad8294a9
191,3,2,CA:02A7,47,46,0,3,2,2,61e5be2e865837328a2557f625c42f2c09a01e0b3c735af258dc1c642944e93b
192,0,2,CA:036C,48,47,1,3,2,2,f912bf78c1fef19685823f3069c68b52a329cf8a77a4d70bf5d58781bd5adccb
192,1,2,CA:036C,41,40,0,1,2,4,8737ab590f7baa4dc662792e313769e4ff73544253e44d960e833ce37974c28c
192,2,2,CA:036C,50,49,0,6,2,2,fe61a62537d418d0f9c5dbb2929fb9d8a3e65fa64089098168f3901cd1a48017
193,0,2,CA:03D7,66,65,1,5,5,5,ba5121f8d1eebbbb7e00c3e56ed0373974dec6c8a65d3e669d6d5a8e9ab4aab2
193,1,2,CA:03D7,90,89,0,6,5,7,aae5c36d387b5ad96424b828d35a34b3d4a272ac403103f318bd0e84558a6da8
193,2,2,CA:03D7,98,97,1,15,5,5,b77224652de66306b387d33debb2bf6d10b5ae89976822b27d549685414d90e4
193,3,2,CA:03D7,50,49,0,6,2,2,fe61a62537d418d0f9c5dbb2929fb9d8a3e65fa64089098168f3901cd1a48017
194,0,2,CA:04BC,33,32,1,4,2,2,3747d883077e394be8be3f50424bfdf24271e33431803f72ee20d45c95c9b49e
194,1,2,CA:04BC,122,121,1,22,8,8,d28837aef0638cb27016d96bb774bc36a7f5d85532a407951e578ea0870265ac
194,2,2,CA:04BC,96,95,3,9,8,8,8e07643b5a2061816b745318546357bcb1395f384332af6639344fb64f75bda9
195,0,2,CA:057F,44,43,1,0,2,6,16045f1b33990f0660ac5c79ecaada033ffa2568c929cac976108e7913a8e445
195,1,2,CA:057F,41,40,1,2,2,2,5d19c0a58b7c6ad85ed70d9ece65172f573c0d5d38bca1a6200e5247aa17569e
195,2,2,CA:057F,101,100,0,12,5,5,ae92da28f388a1d28e9fa216fef6ae8277d9332d7cd483a9610be52bdb2c4f18
195,3,2,CA:057F,76,75,0,6,5,7,901d0b30b6b3d89442af9f414a3e263e419f16492605b3e06314c4d2d4c15209
195,4,2,CA:057F,66,65,1,4,5,5,c12bfeef10a42ecc71a0bd80cbc1cb5d8f160ceed12d68864ba1055651e5346c
195,5,2,CA:057F,46,45,0,3,2,4,9c9655ab56656cfd4480a603c4e03a603c3e3c494a3945575f4e2bb6a247267b
195,6,2,CA:057F,40,39,0,2,2,4,f0822e618efc527b1fd2eaea3bc1d86807b58150657fbafd1c35dfe68ce93040
196,0,2,CA:06BF,42,41,0,4,2,2,a2155259457b4acba3121cb5aab52a784d3815efdbcdb22f8d3fb77e1cd5f62e
196,1,2,CA:06BF,54,53,0,1,2,4,e4a5d3e2915424b1f662b3cfdeeecb13d5d7e5467355954d177bdb1bf426bfd4
196,2,2,CA:06BF,20,19,0,2,2,2,66c6ed8deaa49f603e06520eed7d6fd17fa376939891ca48790e72ab03d54a52
197,0,1,CA:0719,408,407,0,66,32,34,3e40db9d7455f444fc5c01b1bbf80e678055d988d9e7b37ff587b43d8eaa4143
197,1,1,CA:0719,242,241,1,16,20,24,dce002f6f627ed93b2a92d2a16c5405d8ee549dc207b9fe063bb92932a46a3e6
197,2,1,CA:0719,37,36,1,5,2,2,cbec26d534f6500ae9c9c1f82a22d9019398aca640c89c3e997fb9bc2b31044d
198,0,2,CA:0926,45,44,1,6,2,2,d38e2abc2cbef15246e7cf70ccff9ce058fd3da2abfd113f2d3cb2b9a65a5c05
199,0,1,CA:094A,30,29,0,0,2,8,cd9fe045957d366381d533f12be0d1805dd4a950ac69a86dafb2423713650896
199,1,1,CA:094A,37,36,0,0,2,4,bed1427207df5f124208e6a52c8364b424b0afb618883a7a7c118d5033ab132f
199,2,1,CA:094A,38,37,1,1,2,6,6c26cbbfef529482e3624e343d067706ecbd832527a2b55e6a64775a69e7b53c
199,3,1,CA:094A,52,51,3,7,5,5,0c431c1ccc132af99214b6f377a8b08e3631f8d616d60d9ff14055364153c057
199,4,1,CA:094A,31,30,0,6,2,2,1e14425f4faa831e4cfbc9f1ef31efb5a62653fad92c754acefd44675ad20340
199,5,1,CA:094A,41,40,1,7,2,2,05ea82cd7e3be2695f2bdfa8c45fd58224a6a7d824311c4211c22c53ef9c1bf7
199,6,1,CA:094A,24,23,1,4,2,2,4b895d8562b656b39aec9ee4b15c3f49ca35756e5b16caea1814c8f399506666
199,7,1,CA:094A,34,33,0,2,2,4,e37d4e5e55cb4b145c2d6a41250b8c613f98bbef23341e49d887d523db379cd8
199,8,1,CA:094A,37,36,0,2,2,4,91f1907b96dbfdb81f99d16eb54f7fbb36bc0bd7109fa10c1cabfaa4069bb4e3
199,9,1,CA:094A,38,37,1,6,2,2,00ea160c759ced6d651fe43c2f10b0f987f782e946b5d02f301114f273717028
199,10,1,CA:094A,51,50,1,8,2,2,1b5000f00923444f6291b964b37a5cd9a6f6d938614215b806216c680cdf1fa5
199,11,1,CA:094A,49,48,1,4,2,4,e4f09592a4b3bba724e36e353d19d909d8291a34a1bf4175d5b5355ecfc93716
199,12,1,CA:094A,91,90,1,6,8,10,84e2a959b629acbfadc8901153fa05064fcd4b7caf53902b71a21d8310c5b6ee
199,13,1,CA:094A,103,102,1,5,11,15,1ae133c31e13a16ecf62aa4200839cf677d8fc6f56f5fb57632a19f5ed2dac36
199,14,1,CA:094A,35,34,1,4,2,2,50dbbc4cf98e91c02b76e72ed874e9d37339b04840356cd2694423b8ff1c8aa3
199,15,1,CA:094A,34,33,1,4,2,4,d3874f2633757d50af744ceac99528b686e5ce4d37d1feb34eee2c2c43411446
199,16,1,CA:094A,35,34,0,1,2,4,afca0e626f0c56bdc5d1e977916a16f33f5d1694d1a248284295ad593111c38e
199,17,1,CA:094A,39,38,0,3,2,2,f0487c8b5f9c6127ce2d87d68f13be7723184f33d2e524dab73daa4e8dfe6661
199,18,1,CA:094A,315,314,5,27,26,32,7cd1a5812a9fe30276a5e7af5ebf83590ff20ab8c3f7b1b2203e5bb053804166
199,19,1,CA:094A,487,486,1,32,35,81,4e099939a3d09b5e77723b51b422bfc5d41bc028f486aeac8545cf0a7bab533e
199,20,1,CA:094A,19,18,0,1,2,4,2591850afe63b1f95b042868d926fa6b6dffb571491bcb196c650b874cac14fc
199,21,1,CA:094A,19,18,0,1,2,4,2591850afe63b1f95b042868d926fa6b6dffb571491bcb196c650b874cac14fc
199,22,1,CA:094A,81,80,1,9,8,14,ae6b95cd204493d0730dfcca6170579a0ab6b66d2a3345d669ccbc67f8d312e4
199,23,1,CA:094A,99,98,1,9,8,10,28d260508ea1f33c4a93aa39c180db801a151dd124b62de41797eb6523172324
199,24,1,CA:094A,140,139,2,17,14,16,1d65120638121bb2a9543040067ee2a36824a3b0fc208919cf9ba9d1b8e06d95
199,25,1,CA:094A,44,43,0,5,5,7,80f911f29a8f60f178c4439c1bd6692f2a3dabf1f6eae61d351129b055ecdb4c
199,26,1,CA:094A,26,25,0,4,2,4,742771391ea4034e0e48c1903e56fa45b509ed8bd5e2c7cbe1ecf5e180213a52
199,27,1,CA:094A,38,37,0,4,2,6,66e01f97d6614ac7ade7c05519a7253ea2e906db00d45fbf94967904aa497381
199,28,1,CA:094A,153,152,1,18,11,27,fbe3b8218f3f552659ffadd05fdb25f35008c97b9ca7083a7125b34fafeb4987
199,29,1,CA:094A,22,21,0,3,2,4,788d832c5d796c64a90f96fb761f2d1631261e7a32c500cb9c5dae0430d8645f
199,30,1,CA:094A,35,34,0,0,2,12,8e61a8247b5fa7798929a5a201b22e65dfba8fe6d582c88d33c9b05b828820f4
199,31,1,CA:094A,42,41,1,3,2,4,bab2eb3456e609e48b1252a5eef30f6231d9c513e785187e5e605e8374fd9140
199,32,1,CA:094A,25,24,0,3,2,4,408b945ac6b6d48c7dc50ea27ab19ce4243fee25d4063cca5c47ee3e8f4b298b
199,33,1,CA:094A,38,37,0,5,2,4,88043bb70c4b365dd73c83fdff1df5fd446673052744cf4a605d460bde19a5a1
199,34,1,CA:094A,42,41,1,5,2,4,a06e71275f79fa140ed9c57e2c83d5c3bae5a25d11c0094bd68e392a82fe62fd
199,35,1,CA:094A,38,37,0,5,2,4,8e32d9171f1b1b3f926707a41da3de52c6d36ba087b40a1e55b8d75ae1c7b93b
199,36,1,CA:094A,44,43,0,7,2,2,2923a2569134bb22bc2150aa9d008bd04222f99a00d65c53bb5b5a1fe6e4df98
199,37,1,CA:094A,43,42,0,2,2,4,762b18d435fd4f6985b294b2fe641031eb38f13002697f488b781f1cdc9b76d4
199,38,1,CA:094A,126,125,2,8,20,30,cfcc6508c7474684b37279d77fcab638b4cb1a78ff5bb9d49463a64178989dbc
199,39,1,CA:094A,173,172,3,26,14,16,43f72ecac38758f7ad086ba5c70eb744c98578f75dce80ad4979e1be700b0dec
199,40,1,CA:094A,99,98,1,15,8,10,c6ef8959c9cd4a1d44f73cf774cf91c25d5333f1fb1eb8a1ba5915486b031bf6
199,41,1,CA:094A,24,23,1,0,2,6,5ccf7a7789aa26ce71d604d58a11352fe6ab4cdb9f72e0a3c8d4b29baa9eac31
199,42,1,CA:094A,345,344,3,35,26,40,13d47c38dc5b0723c1df7c965d35bab08c3f31862e3334747901568f688271b5
199,43,1,CA:094A,99,98,2,7,8,12,608624dc2441d051bce54bda9a6c8c064c42264d214b263ebda07a7a4485f1f1
199,44,1,CA:094A,114,113,2,6,11,11,9fccb8bca41761f2bf78a5dd2a71f7fe04d83a3bba07e8d82a80252df17804c8
199,45,1,CA:094A,212,211,1,13,17,33,51b0487082ebd98064f08938263ceee46d5ae94732f41bd732f188014b106188
199,46,1,CA:094A,20,19,0,3,2,4,8bdff7cc19d316dea9633d41e396b63f570da6bf5ca88b7464d9e393cc5e0f52
199,47,1,CA:094A,20,19,0,3,2,4,e6558252b452514ede23fff4bbf32662e2c1e0c4d5fcf6bf0d59cfcf48d75915
200,0,2,CA:145E,71,70,0,11,5,5,bbd839438a48d8713102a4d02f49289096aad5d7ac187620a5175ebd9d9a7880
203,0,2,CA:1499,19,18,0,3,2,2,8e724b40e37daa23cde8d4d8b28c86d336191c9c7b51a4e9ae5b369f07d3f03e
204,0,2,CA:14A9,32,31,1,4,2,2,9fbf72a01f0392924275cf899a7bc6aed8d7820f25015b456061e3a364e9da0b
204,1,2,CA:14A9,47,46,2,5,2,2,6e7d19d8bc83f5162bea1eb8b395a77a17e9ec814feda6cabe16522cb0681df3
204,2,2,CA:14A9,32,31,1,1,2,2,9d2c6b7e94239dba0a62615a562ef79819946f9aea6d9d3fb143b5045917807c
204,3,2,CA:14A9,31,30,2,2,2,2,b31b025ebbd66320eb556c55094901ec214070a814069e944fda641332de7d64
204,4,2,CA:14A9,130,129,1,10,11,11,bd20c74b470becee99b370e8c7c7a013368b63ae3090234db7a436e40c2f225a
206,0,2,CA:157A,19,18,0,3,2,2,50969d2b37ed450b33f6eb0a5818ce641f85488dc196c992e45a93ae6930f33a
207,0,2,CA:158A,88,87,1,4,5,9,ac1335636edbbb47c219e94ae67e195a3dea8535c6b72c3d61c75fbead69c89e
207,1,2,CA:158A,86,85,0,3,5,7,f46c208782f1a187a153a3e2995352d84b7f138bd344695ec0b723fa5dd706ff
207,2,2,CA:158A,75,74,0,8,5,9,edbed67f7b504e7444275ea51791678cf87ecffb50a2b6a027fb94098ec49029
207,3,2,CA:158A,111,110,0,17,5,7,009ac8a12eb23ffc0479da4458a11d2422f4aa9628038efe5a23730216403099
207,4,2,CA:158A,74,73,2,4,5,9,857f3c4a9269ca0f61beeec4c2038cdc2c359abb3a24fe20d8820b003f5d1652
207,5,2,CA:158A,47,46,1,4,2,4,7e7aab44e4afb2c33a26060c193d1f0b269a9d1789fda08b311f3763455d33e5
207,6,2,CA:158A,83,82,0,6,5,5,9dc81cf505f1efe456f9222287ce262738ee0da0d0104dcab35df7d2125dc619
207,7,2,CA:158A,43,42,0,6,2,4,34c2e3a2f118b33b7f3dd2741868126fdae06621bd4e540bc4f57c3971cf90c9
208,0,2,CA:175D,43,42,1,5,2,2,18784efb14eb37f6d0a47157f46fd8ba1dc24e0829af9c7239189b43f8e6e845
208,1,2,CA:175D,52,51,0,3,2,2,c4a6c21001aaf2fbf673d63328c88f1c144b2a4edb442bd50e312441529c2747
208,2,2,CA:175D,326,325,0,42,20,22,8aab2eedfce7f19334e3c2d2a593d84ba80d48072aaadcecbb46e6d9dce7d66e
208,3,2,CA:175D,101,100,1,10,5,5,1dd661261f77ccab61f72bedf8a105d89b1fd3b57e8221f4984d91ccdda07938
208,4,2,CA:175D,54,53,0,5,2,4,bf99f83011dcf587ad38b8742b097e373fc014d0cd3d5990ac778ae11590301b
208,5,2,CA:175D,79,78,2,13,5,5,9bcabd3441ca037a946836ce6661f19bb90fb05b3b66178eff3e323a8485e60b
208,6,2,CA:175D,104,103,0,12,5,7,d8ccca148fd2ccc030c7d15a6698237170fcaea4410d93da19db57179165062e
208,7,2,CA:175D,92,91,0,7,5,7,097e4d7b23c60f2676c24a773e04cf701317432881b4586532171e1e7960617a
208,8,2,CA:175D,74,73,1,1,5,7,9f5f9d7bfd5cf23c3758aeaa960bbd3c2f2c08e5117a2140923212e1952f3306
208,9,2,CA:175D,66,65,0,3,5,5,a3f0122fa8f655893a86307e1e7d8312bfa270a635da1f8ef57d4e6252dfb2d4
208,10,2,CA:175D,82,81,2,8,5,5,15501a75c93b319b82c064249e8dee8a1e5fb1785a41e84f59ee6e871a2ec46d
208,11,2,CA:175D,127,126,2,7,8,8,65fe60fa7d1e09a0bb934ffcc0a0c93e3d6ba963be839b1ee3866676a429da51
208,12,2,CA:175D,34,33,1,0,2,2,3392770e116fb65324c04d24167bc4d36c8ae8edcf7130c42f5d5cdb8a94e5b3
208,13,2,CA:175D,71,70,1,3,5,5,2930f1526efb746038b778c5ca5d187a53ec626d6f2878fbb0af93d957f6de39
208,14,2,CA:175D,97,96,0,10,5,5,0d57600622ceb19a5c651a8ca4d51b20eee0b4b66ca5d6e24b5eae703ec47271
208,15,2,CA:175D,82,81,0,7,5,5,79431b287bbe437aff99727194ed85634899f87db6023a42fdb5abcb9bee10de
208,16,2,CA:175D,81,80,2,5,5,5,8e6f516c56d594034f71e917307f172d9442b5b9e96eaaef7b3d4e0ce520be59
209,0,2,CA:1C0E,148,147,0,22,8,12,d1b263dfa6995a7eef268e40c94a95c1d5549b755f0f034a5b0e2de2e8764647
209,1,2,CA:1C0E,149,148,0,13,8,10,75eddff861636ab77120728cf44ddc1094e590fda47f89a84569ba5593827952
209,2,2,CA:1C0E,73,72,0,5,5,7,6bb5fffa96541219209c93882074fe586f1f9486f20577cac20529b6387751ef
209,3,2,CA:1C0E,97,96,0,9,5,7,1fb0923146c9b84442503a14da502b752d31a797891b803b7f056d007ec399aa
209,4,2,CA:1C0E,49,48,0,5,2,2,4eae44806e9fc8074698e6bdc6be23c4809e65d051d594ae7710dbc81f465e23
209,5,2,CA:1C0E,42,41,0,3,2,2,fad6f3e223a87456d148ef8a09d57cc992eae04ef841ab779e1750b27df63493
209,6,2,CA:1C0E,47,46,0,6,2,2,65c5745bc42b54b507bd77f0a39fe710f93856ee3796f7775af79268a0bda362
210,0,2,CA:1DE0,90,89,1,12,5,5,32603abc2bb341353c97da7e97da0eeb8e676cbf27ca822864cadf9fd941fb25
210,1,2,CA:1DE0,91,90,0,6,5,9,c0d17bc34a91df3b97217df9698a0f13c66aa91678d26fea103a343267b62798
210,2,2,CA:1DE0,110,109,0,11,8,10,e72eebc1b315d914bb3bbf405ff883fc88f30fc1cce2f1e6f7c06dbe6e44079f
210,3,2,CA:1DE0,98,97,1,16,5,7,99fd345795753fdda6c7011410ed4bd34729e09eb2b5290f65ec946ea01365a1
210,4,2,CA:1DE0,74,73,0,8,5,5,6a88b48f1f438b8db57dbeb73e659ee4723a5478f3c317566b0c6b25a1c86772
210,5,2,CA:1DE0,94,93,0,8,8,8,6746cde62198328be36614c5759423d743a90705b8f1bd190683e74a60930906
210,6,2,CA:1DE0,92,91,0,12,5,5,b84ee006147f017ccdf855eb1787bfffd10ae2a4656701a575da55e89744bac0
210,7,2,CA:1DE0,93,92,1,16,5,5,c4ad1e89461e45c2f411eae9d3a0edca451d03d1dad305bfef5448b5087ffb92
210,8,2,CA:1DE0,78,77,0,6,5,5,d25e53fddf573a77cd7500e9b6d9acfa475339199b1a281bfbc8d21b3685472e
210,9,2,CA:1DE0,177,176,1,23,11,11,b649e240cc24f2da1d45136620e9559200f01802b2d0bc5615775600fb4d30fe
210,10,2,CA:1DE0,85,84,1,9,5,5,36025432c1a60a30ab3e65bcb69cebe1ee392d3b1a171c30823fd649420f2ffa
210,11,2,CA:1DE0,74,73,1,5,5,5,72480fa0a41b312b7e73cfb130f2e1219c9ee576d34e2f8ad219c3b2805df613
210,12,2,CA:1DE0,85,84,0,13,5,5,4a7e572d51f45787de426fca52db86050a4f81abd0b59e68faaca072c2e603ba
210,13,2,CA:1DE0,34,33,0,2,2,4,2167c35f0decd2e7e9e1f9fd204af7e887315509d61ef3c7994493b1ff696eab
210,14,2,CA:1DE0,120,119,0,9,8,8,68a95d8ab1ee3826a6139c511cd5291b3d1b9b30e406722484be00d63166852a
210,15,2,CA:1DE0,39,38,0,3,2,4,4ef8109b457082833137118241dc3b419e3c3975d6f23684979ba2d2a95f6250
210,16,2,CA:1DE0,225,224,2,19,20,28,4693beeca1643ec70ebc0887268b9ce672c293e21adc97563f8e027e069fb435
210,17,2,CA:1DE0,57,56,1,3,5,5,0e6c99625084c4c42f829867582836f97cc8327b2645ef571d0c4725dc3dfe54
210,18,2,CA:1DE0,90,89,0,5,8,8,4f9a6e79263cd741866ed044e3a1fce2c10f54e75f4788b83dd6e3cafc979565
210,19,2,CA:1DE0,75,74,2,5,5,5,72a7db8c5dd1fd13c1c5a7ca0ce16db63e6b73403bf985f155d8e4d503932d77
211,0,2,CA:238A,94,93,1,10,5,7,201b30a3410547f0e88a7a04be1d40969d3b67dd9d80f4c83551824747e912e0
211,1,2,CA:238A,105,104,0,13,5,9,d37b9e623725f94568d4d7d39d4bc5212f2c9494718ffb8461bf48f0aa39c17c
211,2,2,CA:238A,66,65,0,4,5,5,8dd4376f6cb657ac1e06f0c165ba2ebbddaaa1e559be4d5c18d91d13f23f0854
211,3,2,CA:238A,41,40,1,2,5,5,7bc71aa5d67f6c46a488031acf2b3816d566ace68b074c3535b5031018e7f43e
211,4,2,CA:238A,18,17,0,1,2,3,fd2e2c5f487a6b42118661b1035a971d9e42f9d074f6f3e11e0543180b2d9bbe
211,5,2,CA:238A,24,23,0,0,2,2,2fb012e336c6d695e03f3e9af45526c634eb5bccc61ca961e48584d42e9992dc
211,6,2,CA:238A,54,53,1,4,5,6,4b33379cac513bdfb1ef4a8367c4bee276c5101fd057d2175e277b3621f7fa0a
211,7,2,CA:238A,119,118,1,13,8,8,0fe966e58a908f08aaaf7c61730db2a4fe057e5c510ea089a918b1acca71a3b2
212,0,2,CA:2517,101,100,0,9,5,5,bf636bba92875556120734588beaefaa38ddb2d8911810875af68d2828c0c8f8
212,1,2,CA:2517,44,43,0,8,2,2,63b68d32355e212b4b82958796112f7b0f337a805eef8d7bfe710aae3a6849c3
212,2,2,CA:2517,47,46,0,5,2,2,57b704266f45f75662078d8e0334029119966ed1e370de344da6f154535821dd
212,3,2,CA:2517,89,88,0,8,5,7,26ba418fc847a30bacba283961521a9d02edba8c8001931a08bdc99888e12426
212,4,2,CA:2517,50,49,0,4,2,4,9a9ea18d7a33bb3ed3840259f6f53726a0c6a1683f5353b29cb77cd0dabb7c0c
212,5,2,CA:2517,48,47,0,4,2,2,1f55baea1837360f02b7f097503eb3dfc318f116c313ba4f1649667961dd1f60
212,6,2,CA:2517,79,78,0,5,5,7,1bdfa0cbaf718e03af5a237d4a48b692fdc913c4e461c6868afc151f5a99ec0c
212,7,2,CA:2517,95,94,0,14,5,7,308f9e3567e167c915bd8613fd8e3bcd716c695c3060929bb30415247d8f781f
213,0,1,CA:26C5,42,41,0,5,2,2,adb07564c0dc7971d90b1f25e6981a2cb3ebfa8ab24d14a23723c18bbaf9a007
213,1,1,CA:26C5,38,37,0,3,2,2,859b78b398a20f7139394afb180391f9a13f3527095d70aac2d3067fe5a35890
213,2,1,CA:26C5,162,161,0,19,8,8,6e265f874509ea49bc9a23a4c8a0e0e97112f561d8455acf95824414b27d0f47
213,3,1,CA:26C5,97,96,0,9,8,9,cc3acaff28db02ac39a649821ae9ade6566c3ec37c14417d1b5dc2b6c8512411
213,4,1,CA:26C5,51,50,0,5,2,2,f7936a877dd305450efe1e783dcb543288e0b93cab07358603d163948c523cdc
213,5,1,CA:26C5,64,63,0,10,5,6,0fed381a8e6c2d881cbb4ec30a726e48c30b6e248d0a8420b616df1db28640ec
214,0,1,CA:281D,106,105,2,9,5,7,2cc86058e761404058e3d356ba396e19355636fd5ff7a1ea8b5ad2bfd4c4ddbd
214,1,1,CA:281D,87,86,2,10,5,7,5834987426a407bbe29a6f5dd7b32f85c33782781505482babc78c3c4e10ebcf
214,2,1,CA:281D,62,61,1,3,5,7,2f4d28e67ea56abf09d9344ccb51d46b03f7c6c88fefe68669d95092db998f52
214,3,1,CA:281D,104,103,1,12,5,7,a1e9987c8741332977fb186ea0b8eae6e4888e1092dc11790c9bad9627bd7a41
214,4,1,CA:281D,82,81,0,8,5,7,1be8fbe7b4a18a5d6091cc7ef8ce95204b14f8b1f93dfc815c2b959bf7fdc95d
214,5,1,CA:281D,69,68,0,7,5,7,4747be5359e5fe436ef951b7ca102dbdf2459f3b6008ffecaffd231c02dae9e4
214,6,1,CA:281D,77,76,2,9,5,5,57a172b47fe26557a2bf203c3e0a1c40c42522d2a716e142ee91f56ecf164641
214,7,1,CA:281D,80,79,2,10,5,7,ae21b091b00ec58cf5cc95ae6e0d2e03d9e2ba71fea6a74772b69549a4e5853e
214,8,1,CA:281D,93,92,0,13,5,5,e9b37e8618ad552b1d3e19dad9112b694c23df614e365dd063d8a1931f1fd2ff
214,9,1,CA:281D,146,145,2,19,8,8,b1b6612f912a952eca9cdb93370410705897cc7926fb1dc7e7ee65fb4c86e459
214,10,1,CA:281D,82,81,2,9,5,5,599dd4f3e2d0bedb0f3cdb54f0b5a793357f6c5d748ecaa58f543e483ec8b531
214,11,1,CA:281D,72,71,1,7,5,5,d04ebc5371bc40b28c0f0c27439ba0013429037e607574533d2f5d0212b7f526
214,12,1,CA:281D,60,59,1,7,2,4,ea35f8feb7fb892eb4b18a5ca24317f6ec4ff3de281a666865ddf78beb25d6c6
214,13,1,CA:281D,46,45,1,1,2,4,c595d024dfee2829e59d07bc326edffb43429ebd9a3a4d434c344fdffa850182
214,14,1,CA:281D,54,53,0,4,5,7,583220d9aa88019509e70aec189701d57d5c3219b0a3dc88fc010deefe027675
214,15,1,CA:281D,41,40,2,3,2,4,ff3e486d4f68efcf099d69990744aa5a308368db525a7a767e98ea2e32672c0f
214,16,1,CA:281D,47,46,2,3,2,4,eefc881f87fb1e18240e1b4a4061781524709527d97e0e7f4f7f03993ae583a0
214,17,1,CA:281D,66,65,0,4,5,7,fc12917d7514e7ada67b7a3fc6028806f64bd68e07f58337653496a16a1c8035
214,18,1,CA:281D,50,49,1,5,2,4,3b0ec4e2133a3994c9636838432da97519ac9f5b57b7da1d7e4b1306f9b99ce7
214,19,1,CA:281D,44,43,1,2,2,4,6f90c132c1135bd112abe4308cbcf45a9f3321115b0d0ccef2c172a16ed3fab5
214,20,1,CA:281D,77,76,0,6,5,7,15b9560927eb7dbfc0f84c6255424267d0f1f89d25e8d8ad05d6c969c566a43f
214,21,1,CA:281D,108,107,2,14,8,8,2b7befdd6b3424b0071efdcf211cf14c7c2706c2dba75805bd947378f492e0da
214,22,1,CA:281D,121,120,1,15,8,8,3513f3f9fb653652391435e1a6ba7c855675bb34d6bed2dbdb24471c8ce4db79
214,23,1,CA:281D,71,70,0,10,5,5,daafa30d35a21633bbe179c26b0c850ba3c575df6eae1ef8f273530cff772c7a
214,24,1,CA:281D,36,35,0,6,2,2,64ccb9d897d0ab3cc280003c37de0f8c8fc0275e0208fffef3405db67478fead
214,25,1,CA:281D,150,149,2,17,11,11,ffcab37c85ad2bedd3ba08d3fafd317e69addfb9e34fd290728fe397e1572faa
215,0,1,CA:2E0A,64,63,2,4,5,7,9764225530e45bf9bff0f972de92c326c0de1d929d7f5c4b96f6e79456a442ad
215,1,1,CA:2E0A,65,64,0,2,5,9,cb2a549057a775b01605afdc991b40ca4cad7e23c12ce9ec1aff2b3291cfe2c1
215,2,1,CA:2E0A,48,47,0,6,2,2,c2483100e60a869509ea8254048c58c6cc83cc8bad1d514a0b61c1d434a73155
215,3,1,CA:2E0A,97,96,0,17,5,5,bd9c9c2b6de79a2ed0bc548a524aff3d610beefaef79523f86dbadd9fb236475
215,4,1,CA:2E0A,82,81,0,6,5,11,a4acfadd755af784435bb5a15026fda49300d2a01c1d7facdd85e597f1ce3e85
215,5,1,CA:2E0A,65,64,0,2,5,9,cb2a549057a775b01605afdc991b40ca4cad7e23c12ce9ec1aff2b3291cfe2c1
215,6,1,CA:2E0A,43,42,0,3,2,2,87a6685bd92d4cdb1fe384a0cc824f8fbc12ca8d05bff7a6952698042525dffb
215,7,1,CA:2E0A,48,47,0,6,2,2,f8d043dd0bb6708854534ad655f0cf8fa210692a7565f26c4cf91e4d3091710c
215,8,1,CA:2E0A,55,54,0,7,2,4,14901f5778f70711fc975fad4e9290d82ca8d471a836b6491f952ad351ec4ea7
215,9,1,CA:2E0A,65,64,0,2,5,9,cb2a549057a775b01605afdc991b40ca4cad7e23c12ce9ec1aff2b3291cfe2c1
215,10,1,CA:2E0A,76,75,1,10,5,5,f92ccf4d82382830e01a828ce665746eb25d2c17b96bbe811f18a602c778bb96
215,11,1,CA:2E0A,42,41,2,4,2,2,c65f8acd04d4a648f486e14db6c4ad23a552a7c9d51433181e27c6fe6d2e5c81
215,12,1,CA:2E0A,45,44,0,3,2,4,b7f88f11302622c598edb2d0a16cd7ae72417514a09984933d8423544ac1f794
215,13,1,CA:2E0A,65,64,0,2,5,9,cb2a549057a775b01605afdc991b40ca4cad7e23c12ce9ec1aff2b3291cfe2c1
217,0,2,CA:304E,45,44,1,5,2,4,def6de24b7620679f8899029d6ef5c9c717ecde01067d89897caeef9d17e564a
218,0,2,CA:3073,403,402,3,37,29,81,752532a3ae76bf62ce7a9273f2e9b0f67375ca4110fd5791b6ec223bc1e13dc3
218,1,2,CA:3073,73,72,0,3,5,5,8f2f5aeff6eabcf58271fba257c4c8f08c0e8d0bcad903356f3477c09949e256
218,2,2,CA:3073,73,72,1,3,5,5,48b79da085afe1e8c5a17b951945efa60fc3dd1d1806c487b95f6cdd83e8c901
218,3,2,CA:3073,59,58,0,9,2,2,2806abd581a38ec3e69899e65da09be14a2d34475179ed8177dbc4f94cd6b9ef
218,4,2,CA:3073,157,156,3,12,14,16,2271202c83ef2f765b957ccb0b5f579d0d60a2202286b8d03f5a5f15cbc63bbe
218,5,2,CA:3073,68,67,0,6,5,7,3def48755acdfe711c300be40b8c9d61012c584cebac99450e7dfe179637f98f
218,6,2,CA:3073,73,72,0,5,5,7,fd2f2e3c857dd8550377a063fd56e7f69bbae81d352f400be11db16f2a5334f3
218,7,2,CA:3073,46,45,0,6,2,4,8bffa8af6fd214bc4f0e273cbbd4a6fa0da651e65565a7c6be7666d09f32178b
218,8,2,CA:3073,81,80,0,9,5,5,73f1f98f4092f96c8a117ff5dd731c34fb0ed61d9608399df3dee231c6f9e88b
218,9,2,CA:3073,41,40,1,3,2,2,db3b5d727149faadb3fe30337312f2b07b7e08f19980af5d273f55df231692b1
218,10,2,CA:3073,73,72,0,6,5,5,5995ce5f409afe6ac431ab224427cb915a90e596d331bc36e436e55dfb75e9b7
218,11,2,CA:3073,76,75,1,7,5,7,016afe4707790b2ecd751b9679e131e5f357b3402bf9971cceae565b50d499f0
218,12,2,CA:3073,76,75,0,3,5,7,3c06755a6a50fa9a103d13d01bc29089c35b59e12cf81eac79b86d3f4ee6fd65
218,13,2,CA:3073,110,109,3,8,8,8,f6b054e920f0c04c6e91cf60ec313668e05f3f0b60c323f940130c736ff4dba1
218,14,2,CA:3073,57,56,0,5,5,5,3bb7769e09ebad45898ad98705b0a47391bf02ca0b61dda31e86a1abe42d3a05
218,15,2,CA:3073,38,37,0,2,2,4,53a6ea4ef372bae66060e64d828dc48d9b9db66b30a119dee03e367cbafc6ced
218,16,2,CA:3073,45,44,0,6,2,4,2c6b4e0be55e7a2b76427331d57c28a4e6cd8379da02c1d383ff15a893a62a68
218,17,2,CA:3073,100,99,3,4,5,9,e4fbb5b53c9f4c9f97c35e914e9993128acb08de3363c151c3365e3eb82c4591
218,18,2,CA:3073,71,70,0,7,5,7,39cfe2b5a070597fd97c2ccff381b4ddd0b0366ae88e577e1fb8bda6e32869f3
219,0,1,CA:35A8,28,27,0,4,2,4,4769fd4967d2cfb063f24a20404036cf22b6363cb5bc1f9a5a358e18670143a5
219,1,1,CA:35A8,192,191,1,18,14,24,e13776d4cc75dc8ed7ab139844e763c92ac66b423cc8544ca7065e95a03b7ffd
219,2,1,CA:35A8,31,30,0,2,2,4,14af8caecd9b8a37f4d371e1d0bc25256ae04f3e30212ba9055e6db9cbfee8f7
219,3,1,CA:35A8,30,29,0,5,2,4,ec1ba791f6d66913253dc9fd4508b51cfd80c68b474ba766ccada04bf9020aa6
219,4,1,CA:35A8,26,25,0,2,2,6,b7ff33b0a4709031d149b06a6893b12f83a93df8e49ae4208bd0323a5fbdbb5e
219,5,1,CA:35A8,45,44,0,2,2,6,b83abd0d4f8e9242df75c7dddda601e7d9e2ba808e43a3374c544101a342f92c
219,6,1,CA:35A8,30,29,1,3,2,4,62f5a45fb71186e847c8f8b6a9fd8783aff33ae32b2fe95bcc86fbd61638599c
219,7,1,CA:35A8,26,25,0,2,2,6,275caca6fbf425d8b17a614640af12e5c6aeafd9e6770051c5bdef32b61ed921
219,8,1,CA:35A8,40,39,0,4,2,4,3fefcf24645c3502e1cbc777e478e40cbf4d6b436afa4a4a071a2e6d1fc406db
219,9,1,CA:35A8,111,110,4,10,8,10,3f185eb2d75fedec460177400ea3bf83f327f5ea2e23a517342c3aad12295bcb
219,10,1,CA:35A8,74,73,2,10,5,11,95067c0fc4c27a8588d0fea1b8fc6bee92ce42afc155062e8806fffa18bb8fb8
219,11,1,CA:35A8,50,49,0,9,2,4,d984a4ac4dbb6c2560ce99b1cdfd4c0b18de08e503caf86bfc4a7bb52a09c71c
219,12,1,CA:35A8,34,33,0,1,2,10,6b53d2d7780c4cfde8eea8bb0b392d52b49584e8672ed087d60919e5b0c809dc
219,13,1,CA:35A8,41,40,0,4,2,10,6318de3e411ae3ba5e41ff40601143a75a92bd15a8411c06d048ada37eeedb32
219,14,1,CA:35A8,29,28,0,3,2,4,a505b9728b0a70d2b355a441c1fe857377510d84394fa562b957492dd7f25277
219,15,1,CA:35A8,24,23,1,1,2,6,582059516953a14fd39c70c07ae7db3e86b7a4b9819fbc11ec71d11991bb88de
219,16,1,CA:35A8,273,272,3,20,20,44,d58c905aeb13b924b2d1d8299b1a97f54e1435c3f79bfedde1382b0220b8527b
219,17,1,CA:35A8,198,197,0,14,14,36,66694b0337c810ac0a0e09248d71f02d52b893fa21181de0f885594e51ecc499
219,18,1,CA:35A8,111,110,1,6,8,12,923c85e1545a175758976b42f8b1789d0b46db5d90bc3b5e128ad903429a3f05
219,19,1,CA:35A8,112,111,1,11,8,14,5e21fb0868aa99e49e1c05c9c5cd14a2529272fd6d608b3e987fb39c94a0cfa6
219,20,1,CA:35A8,72,71,0,11,5,9,50a7dca7be8587525c67582a1b11dfea5f854c91bb65f941b7306a71ee82fcaf
219,21,1,CA:35A8,86,85,3,8,5,9,bbf2d37c65d6085a4e9e5bfaca7124538ec32dc8645ce46bef7dd89b9ee87394
219,22,1,CA:35A8,90,89,0,9,5,9,c0d1a8cea3c4def6f9032af97136a151acde2d2bb90c303bbd367f13f686c902
219,23,1,CA:35A8,34,33,0,4,2,6,44f950034b2c2fba89488ea928d6b8d81b8f5e01ac9edf76e5353c5cd28bcb85
219,24,1,CA:35A8,36,35,0,4,2,6,c3500700820950a7a82d9d3ccecc40a25e8943f726d479b3cdadd4fb4ae9a489
219,25,1,CA:35A8,113,112,1,10,11,19,9ff4ac020d20c1af2c9cfb8f129145ea60d38b6dd63afda5d8de2a796ebcf31e
219,26,1,CA:35A8,75,74,0,6,8,12,2341a4e5fc9011207b945cac701702bc846c7fe4e03819a3c1f4def38db2e580
219,27,1,CA:35A8,166,165,3,14,14,22,9aaa2a3e0abcd8abde75c8326472f03ccabc605156ee435806e2468422f0b7b3
219,28,1,CA:35A8,51,50,0,5,2,6,1a19417a5069bff8683b22b302d88d5e6225c0113be417357f9ec1167d09d115
219,29,1,CA:35A8,83,82,0,7,5,5,dedbdc9ed6909cde6c78a07a339df6c1444ac2bb6560d840812c6b51d4e83147
219,30,1,CA:35A8,98,97,1,10,5,5,a1961be3c424825dcc16f53501dcf10e5dfa5a6044b770536f9478878630df93
219,31,1,CA:35A8,104,103,0,7,11,11,55f09422d40193da5b9fc92df6c27cc75ad9230b175bb47a013f3028842c0e57
219,32,1,CA:35A8,96,95,1,8,5,5,832493d73db49ba2247923594d0259113d4f7463f462cbe0a69260bcfbe9511d
219,33,1,CA:35A8,78,77,0,9,5,5,9d596f6d467959f3c3b6e3b6b198ec023f7334e94ba07b204e5e581564ca1685
219,34,1,CA:35A8,110,109,2,16,8,8,d36eaa08de4f5039eb6b6cc43e2721bccb532ff433d4ec0010a4997d4ac30fa2
219,35,1,CA:35A8,115,114,1,14,8,8,854167c8904e36508a7cecf681f622c17a69d8b3ba33a50a9384a200ec14ab1e
219,36,1,CA:35A8,234,233,3,16,23,23,b2d5760be24e219d18d33ef3792cfcf4f18b1a149ab1d0b9b56b21e156ec1eae
219,37,1,CA:35A8,56,55,1,3,5,5,de91ef033260f8e186ba68420476f22f05dbb0f6561855d7a4e0f479f4a8fdfa
219,38,1,CA:35A8,31,30,0,1,2,2,24a0933ff1fe5467108ac242656d02877d8bd74627c516f734ba2ab8f2211c2d
219,39,1,CA:35A8,47,46,0,4,2,2,69871d2cba7aa0c2ddb796417e6d1ed7b60bd8722992c46377bf329876430220
219,40,1,CA:35A8,157,156,3,12,14,16,2271202c83ef2f765b957ccb0b5f579d0d60a2202286b8d03f5a5f15cbc63bbe
219,41,1,CA:35A8,32,31,2,5,2,2,33be3c838bd06f56c467da4b55d385a44e9fb3f786265f8a0ecb1ce1af493dd6
219,42,1,CA:35A8,58,57,0,7,11,11,26eb506a59915437fdd0b442993d34be030bed2b8b5ba6063bc670d136ba1ec9
219,43,1,CA:35A8,70,69,0,12,8,8,22d3a234b083d22131a2d6bd6ac65c3fc5d7cd8cf1ca1543a09f16825975b841
219,44,1,CA:35A8,14,13,1,2,2,2,ce2e8f9e3106c49832aa3cffc508255d56c5b1cb42ed4596ad995ad85dc286b7
219,45,1,CA:35A8,159,158,2,21,11,11,2863aa8fba610027b9f2be646fedd5c2f9ea7ff9ccd0aaf8d9d8517f917b6b0f
223,0,1,CA:40BA,61,60,1,7,5,7,a7871e61b8e9348af128bee6348f04eafffa2f7bfae33090968495d0c46d84c1
223,1,1,CA:40BA,40,39,1,2,2,2,84de186af1a0435f4645e2b0ae36f697a6199878c2f0cb7984f700fc992138b2
223,2,1,CA:40BA,24,23,0,2,2,2,51fc8fa6bf3fef64b8afeb6ae02df073789ff7fef5332035b82e587e3bbc620c
223,3,1,CA:40BA,46,45,1,8,2,2,5730de9eaaad1639ad404318ed6889cde8f57e3c7afc51e1eefc66c7d655dbfc
223,4,1,CA:40BA,32,31,0,5,2,2,9bde47e19317821ec2e5edac783bb2dee25602daf39314329d62f560e181e3aa
223,5,1,CA:40BA,27,26,1,3,2,2,0b06938937a3a1ffe5ad1e126a26246506104ad458e19d66a10ae9dd2c95ee98
223,6,1,CA:40BA,47,46,1,2,2,2,32a4ffa3eaf873bb1a9e8a687b1352045ed45dc5bccc711d99c5cef9ddfaf0d6
223,7,1,CA:40BA,29,28,2,2,2,2,4b2f71fa6528a41d0e39dded4d86f2022f61fb38384abb188ad245d7f25b467d
223,8,1,CA:40BA,70,69,1,5,5,5,9c340d2ac1bf82c22c04ae20fc93f92969b6fc44d7a5cc4c5497a79219596431
223,9,1,CA:40BA,79,78,1,6,5,5,15bd95ef42e632e90c57e08e6b2233da3385fa8bfc30c8ecd2f43a2043a77223
223,10,1,CA:40BA,26,25,0,2,2,2,5d5aabadad7145aca771d861e233f1afb73a1257f7c6b96edc5f62a90965048b
223,11,1,CA:40BA,40,39,2,4,2,2,50efbe08a0092f90211a11a309cb22830d963e772dad4936140955fcc89cac77
223,12,1,CA:40BA,60,59,2,4,5,5,2c87e2595e5e7d4eb83123cde392b5f7eb88882892d9e20111bdd62b9354fb38
223,13,1,CA:40BA,34,33,1,3,2,2,4e771e316338565fb2348a9161a7711af004cd8102cededae26817033d24c391
223,14,1,CA:40BA,57,56,2,5,5,5,1cf2093f0a2ed37fabd1a3f68573f9dbd28fbcc09bfa91af68095cb2dc4f04cf
223,15,1,CA:40BA,40,39,2,4,2,2,50efbe08a0092f90211a11a309cb22830d963e772dad4936140955fcc89cac77
223,16,1,CA:40BA,60,59,2,4,5,5,2c87e2595e5e7d4eb83123cde392b5f7eb88882892d9e20111bdd62b9354fb38
223,17,1,CA:40BA,79,78,1,6,5,5,38f40db3946b0d77614b097a86e0b60daf5b71f630727b980803024cd4c9f624
223,18,1,CA:40BA,44,43,0,3,2,2,3387aca5ce979b43272bf284f1ded8c0ec426a1629481a1919260dcd681660b2
223,19,1,CA:40BA,40,39,2,4,2,2,50efbe08a0092f90211a11a309cb22830d963e772dad4936140955fcc89cac77
223,20,1,CA:40BA,60,59,2,4,5,5,2c87e2595e5e7d4eb83123cde392b5f7eb88882892d9e20111bdd62b9354fb38
223,21,1,CA:40BA,70,69,2,4,5,5,50ac58188a78ddb7374c96b120166d9e4a6750f935a9d481a1494386eb8c7ba6
223,22,1,CA:40BA,36,35,1,4,2,2,3f2519fa56e8a3eb632bcc19a7223194c0008ebb63efc852e1abe880e8bae170
223,23,1,CA:40BA,40,39,2,4,2,2,50efbe08a0092f90211a11a309cb22830d963e772dad4936140955fcc89cac77
223,24,1,CA:40BA,60,59,2,4,5,5,2c87e2595e5e7d4eb83123cde392b5f7eb88882892d9e20111bdd62b9354fb38
223,25,1,CA:40BA,73,72,1,11,5,5,6439cdbe269fc2fa3b2e1287d6684b7b53502a609a8d61985fbdbc0367acdfd3
223,26,1,CA:40BA,53,52,0,6,2,4,5f260ce0823b1a212652e3c5286a3e0e61a0fc53fcc3f38eea70d1c060510852
223,27,1,CA:40BA,40,39,2,4,2,2,50efbe08a0092f90211a11a309cb22830d963e772dad4936140955fcc89cac77
223,28,1,CA:40BA,64,63,1,4,5,5,6b1e7736bb2efa1decac82299158c8d0839c0139f09f67205da1aea7ffe65574
223,29,1,CA:40BA,105,104,1,14,5,5,114c10606acbb1575e7ea975a55db2cd1daa2c94918e010d6678589f8cbf58b6
223,30,1,CA:40BA,44,43,0,6,2,2,6b580e72734e48e1f8998b7f0c8c6556790f851a9bba44bb676dc8a6e0bb4107
223,31,1,CA:40BA,40,39,2,4,2,2,50efbe08a0092f90211a11a309cb22830d963e772dad4936140955fcc89cac77
223,32,1,CA:40BA,64,63,1,4,5,5,6b1e7736bb2efa1decac82299158c8d0839c0139f09f67205da1aea7ffe65574
223,33,1,CA:40BA,64,63,0,13,2,2,47b9beaf2e556967979f793933b93a2486b26461919369c3b83f2cf99a04c23e
223,34,1,CA:40BA,46,45,0,5,2,4,6016bb51731a439dac66eeedf4dfd4485bce83cd2e1c8d91f176423acfef61cb
223,35,1,CA:40BA,47,46,0,3,2,4,3c0e6389ebc8f1fbaed319e492bf8b8deaae6b5b949ec62eedb3fa017fd7a645
223,36,1,CA:40BA,62,61,2,4,8,10,2dcf841782a59d7b2256f5c0ebe2b5b7f20c20a326d601d387ce643d814ad93d
223,37,1,CA:40BA,50,49,1,1,2,4,39103d7e67eeb6836a1f31956de7b881f80d73357fbfeae70aeae1a0642a1b5a
223,38,1,CA:40BA,81,80,0,6,5,7,7baec4bc3de98df6b6d9d33016d2830e3c3e8e3848ddae4c619f4bc9796fe234
223,39,1,CA:40BA,60,59,0,10,2,4,f636449e2260558fdb8d2803b9ab8321d99158d2021d21ec989ff771a5d0482b
223,40,1,CA:40BA,116,115,0,25,5,5,62ed8ed461bd36c644d1f775a200f275aa033b8037e60d26b4e9154fbed12808
223,41,1,CA:40BA,48,47,1,2,2,2,0eb385270e9402920a090b7c5702000b365aa88f37dbb1314dbb528babdbfae1
223,42,1,CA:40BA,77,76,1,10,5,7,c627895aa06ea1cc51d722cb49c2ddeb8f85d2263fcb1166494ccc14d1a37d97
223,43,1,CA:40BA,57,56,0,12,2,4,7fc7dad23603e0f9794eab5e939c800edc7a6afb806d0802731a410c2fe804b0
223,44,1,CA:40BA,85,84,2,5,5,5,c8df99a8cd69844cdd2c0c53d87e165c4caa4db65c456d23b74bc093311f7786
223,45,1,CA:40BA,14,13,0,0,2,2,d8558e2f05f2da853602d2d9b6780930246d6c7ce59a40186dbe77f6f31351e6
223,46,1,CA:40BA,37,36,1,0,2,2,68764a6c844fdd69c96695121a4db0be610af251dbb2717162a0c25b6adcee5f
223,47,1,CA:40BA,98,97,2,9,5,5,1c15696410504d761bc303dedae1a30000494e75db6839454d8f1a55d8d0aaa8
223,48,1,CA:40BA,169,168,4,18,11,11,32bbbba4a281ab4eac9ba2c9184d32607fd843e98ef9d7d5fdcee717432c9e4f
223,49,1,CA:40BA,55,54,1,4,5,5,e98acbdc5ea9b1101974c86cc50647d7f6cb715ae7f71c27a4cf49abfc5e6497
223,50,1,CA:40BA,26,25,1,2,2,2,4d9e1ea57a9eb50a3c1fe5f908dc733cec9187426f4aeb33126728158011b10b
223,51,1,CA:40BA,14,13,0,0,2,2,d8558e2f05f2da853602d2d9b6780930246d6c7ce59a40186dbe77f6f31351e6
223,52,1,CA:40BA,246,245,1,29,17,17,a996e498ac48a00ffe0dee1e062c3c7a0ff32b2380305be4c89cd1ab2efa635a
224,0,1,CA:4969,75,74,2,3,8,10,e5a8a7f06106340f6ea67262b7bfa7b9b42b586cf16969a4a522728bac65d277
224,1,1,CA:4969,41,40,2,4,2,2,d20402b4a7045a3a55c65c399329905d03d79ecbbecd8de949b7f03f5ea452e8
224,2,1,CA:4969,37,36,1,3,2,2,1b471d578e603a4944938527df0a28667dea059759a208d66559b163422caee9
224,3,1,CA:4969,72,71,1,11,5,5,3bee57e45e8fbf6f9c92011b79a2cc7f200632cda6b6f7e0853ab079921f817d
224,4,1,CA:4969,85,84,1,5,5,5,7f63d8d7aa9930316bb0464069eeeb190bb236b49f04d6e0adbad9d8af4f87dd
224,5,1,CA:4969,37,36,1,3,2,2,1b471d578e603a4944938527df0a28667dea059759a208d66559b163422caee9
224,6,1,CA:4969,72,71,1,11,5,5,3bee57e45e8fbf6f9c92011b79a2cc7f200632cda6b6f7e0853ab079921f817d
224,7,1,CA:4969,59,58,1,7,2,2,03e0da8291f1ab0a50eeb2ba1d07b4897275a8e14de7646695fa95e9236bfc77
224,8,1,CA:4969,37,36,1,3,2,2,1b471d578e603a4944938527df0a28667dea059759a208d66559b163422caee9
224,9,1,CA:4969,96,95,0,10,5,9,6d732d454fc14d5a76b65c445b7a31f76daf01e617196b6179addcf16aa6aeb0
224,10,1,CA:4969,48,47,0,3,2,2,3bd547df2f94b7a221e6c0fdc139c2725974c2eb84b124e9af1ec2a7d519da92
224,11,1,CA:4969,37,36,1,3,2,2,1b471d578e603a4944938527df0a28667dea059759a208d66559b163422caee9
224,12,1,CA:4969,49,48,0,8,2,2,4921f538c83cb919624592a9cea8363e75f75c0fa6a5af809c57036c6cf73d3d
224,13,1,CA:4969,103,102,3,7,8,8,d8bf417fb8ff089cdab56c742ca915a9bbcf48227a6d7d87f3a59a13c4f90eb8
224,14,1,CA:4969,97,96,1,11,5,7,dcd21fa45dfe712f3dd6901ab139e577da0bf70dc12ddeaefdc3d9d29f6439f8
225,0,2,CA:4C18,45,44,0,7,5,5,cce45d2dffe8a84d246daf3a7477ff77842ef21bd4363efa8d908c2e5a5007b6
225,1,2,CA:4C18,166,165,1,17,11,11,dadcde40c260212e5aa9314f066faa4e04f11fbdad418ef510f6956629718532
225,2,2,CA:4C18,151,150,1,5,11,11,323c3a7cd12f80d9719688239e0a23d174fdeda08fc89ebd45cf1614670b21d0
225,3,2,CA:4C18,14,13,0,3,2,2,8b41a55cbc9bd3117eeeb7d3f56784f5b4c8346248a42d550315d0904d444fea
225,4,2,CA:4C18,12,11,0,2,2,2,ae3f5e8bba64d32bbe37bde24231d6648351088d65e33f128739d0fd555c2e3a
225,5,2,CA:4C18,57,56,1,3,5,5,32558def418fccbe56b00740743892dd4072383c77bfc762d28c27a42c06bf06
225,6,2,CA:4C18,163,162,0,23,11,11,5bf30ac811137293aab3fc0894865f68cb21a2a18e5f48071552ef27355f5797
225,7,2,CA:4C18,51,50,0,6,2,2,746113cb90247da097fc7fbaca8386182098885eb60f9cfb927d9bbb523894b6
225,8,2,CA:4C18,54,53,1,6,2,2,70634307c67a44ebcbaeb3a02d33bb0fbda51022424924fbb9c49f767cf04edc
225,9,2,CA:4C18,96,95,0,10,5,9,6d732d454fc14d5a76b65c445b7a31f76daf01e617196b6179addcf16aa6aeb0
225,10,2,CA:4C18,26,25,0,2,2,2,5d5aabadad7145aca771d861e233f1afb73a1257f7c6b96edc5f62a90965048b
225,11,2,CA:4C18,32,31,0,3,2,2,65a7e9654b0a7b037e50436f5b8d14e896c68f08e1ee810bde9887cd789523bb
225,12,2,CA:4C18,49,48,0,8,2,2,4921f538c83cb919624592a9cea8363e75f75c0fa6a5af809c57036c6cf73d3d
225,13,2,CA:4C18,76,75,2,6,8,10,76c75004f31db168fa165cc47baf5d7ded9b96d5759812aa353bc06a1a0e8ace
226,0,2,CA:4F0A,47,46,0,6,5,5,71c1142ee72069062e94f512207151de9526b48daee56d5d328798c21cf19664
227,0,2,CA:4F31,32,31,0,5,2,4,02babbe558c47fd2a260f538acdd1c61193c1107dc7d777fe6d9e338440ae0b0
227,1,2,CA:4F31,119,118,0,9,11,13,b7a385d9bf0a5bcd9c1d5d2cfb3c21597bf0584725a07c9d61a925e75d943648
227,2,2,CA:4F31,192,191,2,18,14,18,4b94b6750d222debdf977a89f12a930e4cf414569d99d6966925b8318990defc
229,0,1,CA:5034,78,77,2,5,8,8,13eb03f53a1f93b48034e85fea235ee30226aff31ac9e9064374620c0fbd63c8
229,1,1,CA:5034,123,122,2,8,14,14,1802278f256f250fefac1749960b1a5d2d11a9240129c0b8ca99dbddfa90aede
229,2,1,CA:5034,121,120,4,12,11,11,34b84907e3d14d26b0191e0d21750df60b2051fa3d5eaaa64982e6f3f8452b7a
229,3,1,CA:5034,91,90,3,14,5,5,5163db4c2ed7b445f182af56f467b387d306448153c1045953100186d1653cb8
229,4,1,CA:5034,61,60,0,7,5,5,7754a7749b576eb53a7ce6dddb0e6bc0a86e5f4c412768fee634b9e345046eef
229,5,1,CA:5034,66,65,0,8,5,5,5bea72f03ce49a6d0967433d60edcb8118b2db645840e763ffe48d457563138b
229,6,1,CA:5034,135,134,0,16,8,10,217e13b021d9e33b6ee9ff9b64ba4316a06ed9af6bb0688001409b50975d1194
229,7,1,CA:5034,47,46,0,3,2,9,fe03762677adca47cde3cc9836f5c2087e5baac3f866d98d0d64d3229fb60119
229,8,1,CA:5034,47,46,0,6,2,7,eb16fa09c23eade4d6859db1ec36fed66dd3b4008cb0652c0ae1e8c125285f40
229,9,1,CA:5034,40,39,0,3,2,7,7abbe206ee76f74e38901b13aaebab0276a587b88b61a82ec3f7c0b99e3e92a5
229,10,1,CA:5034,100,99,0,4,8,8,35a876a314a7767897f216cdf828f05379b93cc66644a1be463936ee9a0afc5b
229,11,1,CA:5034,106,105,4,9,8,8,dbb32a4d486ca1758fe1542373249d0dc371a507075da5d651381b2421484827
229,12,1,CA:5034,26,25,1,1,2,2,b6dd056eefac66fed274cc39c90ef47c01001a4e3798e2c005c7da07f8efcb42
229,13,1,CA:5034,26,25,0,2,2,6,9add4a7f97414c63a1eb9a25a5f6951d6c99f73df408b364fd4b550d8d9d9021
229,14,1,CA:5034,215,214,0,12,14,60,bd07fc77bad505624e11ab78a1b7b1e003115719bddd7c44ad157137bc25eca8
229,15,1,CA:5034,157,156,1,20,11,21,96ec74f13542d0638cce0e841a411aaa037d174022b918834ada944f262e0679
229,16,1,CA:5034,20,19,0,3,2,4,8bdff7cc19d316dea9633d41e396b63f570da6bf5ca88b7464d9e393cc5e0f52
229,17,1,CA:5034,20,19,0,3,2,4,e6558252b452514ede23fff4bbf32662e2c1e0c4d5fcf6bf0d59cfcf48d75915
229,18,1,CA:5034,120,119,1,9,8,14,d30df9a050cebed8ac48cfcda6a90490d96caf79721846b71f60f5be8a8a976c
229,19,1,CA:5034,31,30,0,3,2,4,7c90ca427ad392a32b6cf7aaaea173c4e199756c72515a35d211a873d8cbf55c
229,20,1,CA:5034,170,169,1,16,11,15,c309cfb5f495bb197f10ad40052d968127771ecfb8c1f676ec6be1d36cca1171
229,21,1,CA:5034,31,30,1,3,2,2,d34df89016ef3c4703b325e3ddbf1fa565319dfc6753efb91def3b4372073792
229,22,1,CA:5034,21,20,0,1,2,2,8b0f83bcbc7f494b3ed00e7f1666301bd736976a07ecc1196fd3755de659281d
229,23,1,CA:5034,39,38,2,3,2,2,5b05aeadcba601a3159c2b206346eab176cdd4baa68d6e4d262d407ed521f9a5
229,24,1,CA:5034,50,49,0,8,2,2,c1dfa454f033dbf132f68a06b39fa6ce522b8843eee8dc8547341aeca4610724
229,25,1,CA:5034,49,48,0,5,5,7,17445bbe94ded0e6787b68d11303ad15580140b9102821bb7e902896b3b2c68c
229,26,1,CA:5034,37,36,0,1,5,7,2da03183d3ec8352f0a7f88cac5e9c05cdac615bf7f28f669dc7ba60a134f6f3
229,27,1,CA:5034,31,30,0,4,2,4,15ed38812040a0e835932fb174f2e6126280fbc664786b25db1c019c710e94d7
229,28,1,CA:5034,42,41,1,3,2,2,4bc6625ee9a28980725cd928e60d756e5728f1a4af3cd5515340e1bcdc044709
229,29,1,CA:5034,69,68,2,5,5,9,6b6d72a24a9e67e8ee43bf05f33365b6997af1f45f490e207a4ee967d08b1e84
229,30,1,CA:5034,66,65,0,4,5,5,e08a64d67fae875e49f968ad5909be3be5fdad6f6744752d98dc89b83b1a426b
229,31,1,CA:5034,95,94,0,14,5,7,03c4d13130ac7115e95ecf34efea27619597f06b3f978fabd2b9f3398b1c8655
229,32,1,CA:5034,41,40,1,3,2,4,4dc9cc507673a199ea0f1998dc4e58158e9d94619400586d7d872b07cea9c3f0
229,33,1,CA:5034,45,44,0,3,2,6,46f6211ef4d54d800b4619e3670e2e0cab8b6b04120c3f2e897c74eb20d9e376
229,34,1,CA:5034,38,37,0,3,2,2,4cb96dd5bf8856d9188c68ecfe5f1d1e322c9a10b6e0de63d0b2cf59614a859b
229,35,1,CA:5034,76,75,1,8,5,5,daffb924f8149c9c3dcfe353301a76121775e4662a9e18935c593db88dddc664
229,36,1,CA:5034,37,36,0,7,2,4,bc090ed178fa950bce9aa7708865b6a594646d4057f7a2266ca8860289cc5a3e
229,37,1,CA:5034,38,37,0,1,2,6,7672c6d4f0bbd734911fca05107a91118574e0e8cd2d07ef1c371cf01dd0a377
229,38,1,CA:5034,61,60,0,6,5,5,bb8d0f8f7f5a497f627494fa277aba6af82f0d0eaeb64c1ab28b37596063514e
229,39,1,CA:5034,62,61,0,9,5,5,d4a5ff4611d7a07bf07ee9ebc59fd74d14bd257c27d4d4e0e85300706ed17f4d
229,40,1,CA:5034,58,57,1,5,5,7,6ca49850338a621e92c26bbd02dd1b53effeffdfadd19f3651313c36f6b99dff
229,41,1,CA:5034,51,50,0,1,5,7,dd8fe3399b893faf6fcedceba9c6f939bccdb7f9694b656f6b2f4a778c1f8b07
229,42,1,CA:5034,29,28,0,2,2,2,b6a3287f4390775a1f393db529ef47e64090f634773163b04247c8bf7d18be7a
229,43,1,CA:5034,42,41,1,2,2,2,8850a96b33a67d669f94329b04ca45b0bf906e2fd537698ef36c2b6c47bb4cf9
229,44,1,CA:5034,91,90,0,7,5,5,2f6ee520b949a90093f39668360e2fce9af79a5fe7e5f90c933f8bf5375be317
229,45,1,CA:5034,9,8,0,0,2,2,b9be418f79711321f2d2c83862dc775a6f0e96ad92926725f15db4c7598fe879
229,46,1,CA:5034,8,7,0,0,2,2,848ca4d1e4a4cedd43ef27aad8c3ef90be0e12f0f0cb68c78e02c3893fc6fac3
229,47,1,CA:5034,23,22,0,3,2,2,d1baecb61161efaaadc563d4c9375b3198529516990c3e2ce653e56e05ba9dad
229,48,1,CA:5034,29,28,0,4,2,2,824a85582aa8c546345e03465387ce98bc28c8f64dc7f99f121c2fda6de28ab1
229,49,1,CA:5034,30,29,1,2,2,2,c66ce2b7cebc9db359a6be7fdb72ecb0c37f98aa18633fbc91045e00d7465f23
229,50,1,CA:5034,27,26,0,3,2,2,2a545eef88df68e32ee32b205e08e423cb460e3356aec081ac2f0899ed617777
229,51,1,CA:5034,38,37,0,3,2,2,729ef66678a256e3b6e8ca6a707e7cb04a93e914de65855eaad7793b12385686
229,52,1,CA:5034,37,36,0,3,2,6,a06a239892d004886611902555e1a00e845f8baf4e8b95a1e6fcc296d67642ce
229,53,1,CA:5034,17,16,1,1,2,2,47a64b538d9ef2d0f0e4084eb00706b1a7081ce12a0ecbd7670435fee5735aae
229,54,1,CA:5034,80,79,1,10,11,11,423b40fa3c21ddcc1669475cc434b794acb022d23cd7d5ebfcdec2a88b6b690f
229,55,1,CA:5034,233,232,2,26,17,17,06fd8cd87be6595abb79b69f1047670058697a5e040f8928b0b2b0d641fd194f
229,56,1,CA:5034,43,42,0,6,2,2,110365b38138aa3e9f311f7b0eb7d426737ab3e72b53978699157a916a4685a2
229,57,1,CA:5034,19,18,1,3,2,2,5a18ba1f8039a7d0d64c5563843e6518407f7deeb9a0b08b6d1073b3fd818af2
229,58,1,CA:5034,28,27,0,3,2,2,6a6f771a5ae03efb69ce50b4d1c321a737242da9df0bf60361542933ab08ebe0
229,59,1,CA:5034,24,23,1,2,2,2,2cffdb28f9ae7549a23a89fe21dde1374dfc3db98b54559d299585fcc4d9142f
229,60,1,CA:5034,34,33,0,8,2,4,400a54731c86be43a542283aa24d61c6a390d0bfe1aa8e0281305d84007dd65b
229,61,1,CA:5034,89,88,0,8,5,7,4f7d87107e829453d65fbe2fc0264d87503aeae15676b914ecdf083ce74b925a
229,62,1,CA:5034,85,84,1,8,5,9,e3142a0f512e0ff285d8ebbe080f87db86d0ae14c267b57b54252927bcc67a23
229,63,1,CA:5034,77,76,1,10,5,7,31a421591d71ee3bfb823e450063e034ac69c368f204e2b0f5e240bb31a8d20a
229,64,1,CA:5034,195,194,1,21,14,20,febb9399f53454bb001efdd5b223756fc90da35e70193bcd180de982ab202b1c
229,65,1,CA:5034,28,27,1,4,2,4,6315e7b07f10d9167b0ab35d86a8aba3aad8e065633c9e19e36068df67848dc1
229,66,1,CA:5034,32,31,0,7,2,4,717c2638363a4c192ecadbea9d2891293b1e6b95ecafe1660046aea344bfc9d1
229,67,1,CA:5034,27,26,0,4,2,2,6fddd40a7a8f3168baac910eca68f739b82f1af80170c40c782afdf3d23930d6
229,68,1,CA:5034,30,29,0,6,2,4,8d32e6c91ccb3fd965bb29a38e6264b89e4f347dfedc0841d05ad8a5aed05775
229,69,1,CA:5034,30,29,0,6,2,4,8468d607f2d216622afeeea5cbbfe36f5754bd4b296d7e6ebae463c3c2f04b4f
229,70,1,CA:5034,28,27,0,4,2,7,5a246ffd5ca5b8f1433e509976dfcf3199240fed87f37d0c767835f9fdf7bd5a
229,71,1,CA:5034,30,29,0,4,2,7,9fb8aa5cbc5d8f75d346e57c236dd0bb6b7e35d861c2ae40cbf8aa62caaebd83
229,72,1,CA:5034,28,27,0,4,2,7,79519d7fc7a8d99c0a4aa95f4d052da2a765521bc1a2deb3ba7beee87a5a40c5
229,73,1,CA:5034,62,61,1,9,5,5,98b7e251704214eab1ca90def44e4c3b5f8d1e8c6e5a9dbcd3e9f2dec41e86c0
229,74,1,CA:5034,95,94,1,13,8,10,82f000d6e39c614e94a170d0280671d68abfccb21ad3880137b68325dc863262
229,75,1,CA:5034,44,43,1,7,2,2,5cb3fb07d3633609da141f604819b20392af659e663b0987a51c8e731f0afc55
229,76,1,CA:5034,84,83,0,10,5,9,068db1cef744d4344395a8e567cad3965b1f8c7c0f96692d5f7ea4456a618647
229,77,1,CA:5034,84,83,2,14,5,5,505ecaab71d45b7741b822b17d545b5144b54cb5d0dbbc1aacb0259d828e1829
229,78,1,CA:5034,43,42,0,1,2,2,9e4dea06d839f57a0842884dd14b7596ed2bce28be43dcfab330e3f6918889a3
231,0,1,CA:5DFB,243,242,1,41,17,17,71a0191d652d68c59523eb0d5f2615d7cdba3daed8337b1fc6e776206f3d7ab2
232,0,1,CA:5EB5,88,87,0,5,5,5,e99872b9725709cc5e56712ca5b42f18c3a08ab07452904e27eb36957efabb1e
232,1,1,CA:5EB5,88,87,0,5,5,5,e99872b9725709cc5e56712ca5b42f18c3a08ab07452904e27eb36957efabb1e
232,2,1,CA:5EB5,61,60,0,5,5,5,3933fcdf936eb744b09dada12ec7c1193ab1bd880a600dee7614a253129ba427
232,3,1,CA:5EB5,14,13,0,1,2,2,bc4b18882ca83b8c05bf14930395f871e27f57d7b2b20a90b069afac4448d60b
232,4,1,CA:5EB5,79,78,3,4,5,5,e3f49d3635671ff9b7188233a7455133c3efcbd493fa36f8836aedfeecc324de
232,5,1,CA:5EB5,71,70,0,6,8,8,4732b4d9bedf882770186b84216529c3edcf2a677abb66a53f325f5f74159687
232,6,1,CA:5EB5,14,13,0,1,2,2,bc4b18882ca83b8c05bf14930395f871e27f57d7b2b20a90b069afac4448d60b
232,7,1,CA:5EB5,70,69,2,4,5,5,d583793d1d0dbafdc7634200f83a1b8d402ae316292f3b33156e0fdadc4b6e40
232,8,1,CA:5EB5,35,34,2,1,2,2,d6dbd15cdcd53b82f6b608cec639804bde0b4e0e210831f7d31a77a3cdc12810
232,9,1,CA:5EB5,51,50,0,3,2,6,a70f38347376f9f55b851fc4cf2888cc64a0b6f2a6aea7bebe77316876063653
232,10,1,CA:5EB5,36,35,1,3,2,2,777fe450a54644c6ca88c6f0e89f91ab922152d4d456be024f2effe12a3a9e9b
232,11,1,CA:5EB5,29,28,1,1,2,2,6ffaae011e71aefa4a41f06285f20372f4e498b8c7d38c83aead6c967d70ead9
232,12,1,CA:5EB5,74,73,2,3,5,5,bebfb282c229bba5f0077331b4ab04eac6d2db59deb9d86f1d036e5764ee1eca
232,13,1,CA:5EB5,36,35,1,3,2,2,777fe450a54644c6ca88c6f0e89f91ab922152d4d456be024f2effe12a3a9e9b
232,14,1,CA:5EB5,93,92,1,9,8,16,d2c1f597f0e2c5a550b73669b1d5a3cb89581f2158ac5951e2343e1882773848
232,15,1,CA:5EB5,144,143,2,20,8,8,67e82c16eee486d4399808f416b093d87e4743b14fc02a265425f0c4c1580c9a
232,16,1,CA:5EB5,42,41,0,4,2,2,b67ca2e3a4c3a51597c42db4ff7b31bb588ae43d21d8726b5c9fa79ade171c80
232,17,1,CA:5EB5,104,103,2,9,5,7,a59b86415dc7a81d6c32197831b25e3b1ba3260093287149c4b2efd9e40df7e0
232,18,1,CA:5EB5,75,74,0,7,5,5,681540aa80b75089bcdc39dcf13e24e6b6c6335ca42e2664f6c95b093ee324ee
232,19,1,CA:5EB5,104,103,2,9,5,7,a59b86415dc7a81d6c32197831b25e3b1ba3260093287149c4b2efd9e40df7e0
232,20,1,CA:5EB5,58,57,1,1,5,9,48d40a2ae1c5c618635058daa11a0d0b6195479d3caa0883c8eddebc2d8d4783
232,21,1,CA:5EB5,119,118,4,9,8,10,797ad50d5bf7d922ba57ae509a4b79d87e0a1a5bc61ca88860925b14f670fb05
232,22,1,CA:5EB5,100,99,0,12,5,7,ecb84cc33f1de77fb8c6456997f937340be7d657cfdcfd8afa596c838ce5a316
232,23,1,CA:5EB5,119,118,4,9,8,10,797ad50d5bf7d922ba57ae509a4b79d87e0a1a5bc61ca88860925b14f670fb05
232,24,1,CA:5EB5,92,91,1,7,5,9,57ff015bfc1158e723723e26a7aca3b2a5fee3a025a929f17e88a33bfaace5b7
232,25,1,CA:5EB5,38,37,1,5,2,2,df7e7dd3ef7bf1a88401f28d456fd6bb98487b7f779562e5d3a242d70e4ca233
232,26,1,CA:5EB5,67,66,1,2,5,5,faaa35773dfb5286dab165c1a200fc0835943020dda0dfadb22fd19696267900
232,27,1,CA:5EB5,48,47,1,4,2,2,bbeca8ec319d2390e6e12f5a2050c80e330e85dbb7f057ca557887882f803946
232,28,1,CA:5EB5,38,37,1,5,2,2,df7e7dd3ef7bf1a88401f28d456fd6bb98487b7f779562e5d3a242d70e4ca233
232,29,1,CA:5EB5,41,40,0,2,2,4,15739092dcdb8e99f86e8b8bffc42faedbd00629bf7985edef314147ccf26010
232,30,1,CA:5EB5,152,151,4,12,11,11,bfd770fab9c49e5f474c2c1cad425e9894afc8a29e72ec7fbcce3590186bcc67
232,31,1,CA:5EB5,80,79,4,1,5,11,62260db831b234782dd9be68650c7058958ed959f11614298cbb2cd8471dfe4a
232,32,1,CA:5EB5,101,100,0,15,5,5,a1995444952148b06268b3143a0a37c0fe843c1fcd9fbadbe9a27d65c53d9e74
232,33,1,CA:5EB5,152,151,4,11,11,11,e91f43e26be643af254719bf9c14ae438b8de24a4e9704524b09c31c339b4325
232,34,1,CA:5EB5,70,69,1,7,5,7,43fdd71d388fa1b3e1387503f39bb00d2404ecd0ace73686282e2ee91cac97d8
234,0,1,CA:65F4,421,420,0,31,35,39,cb92cebd3a177790b0ff2884b4439f39bff1a49b495d75493ad9055baaa7c97d
234,1,1,CA:65F4,48,47,0,3,2,2,5e7778549d30776e2086e6687166dc20394029e5c293c7a5a9c6cbc54d06a242
234,2,1,CA:65F4,46,45,0,6,2,2,ddbbeb2c6582e13d16546770abb683d2d582f3eb4564fec65ef3c4b1743740fa
234,3,1,CA:65F4,61,60,0,9,2,2,ebdb13a1a8a089fe8717e1d6546bbc6179be5c9a9962428b954a306a95a56cba
234,4,1,CA:65F4,47,46,0,6,2,2,06d59d7e7f0e1e253bfb66e831e292a908463ffa68a11e302ed835b95d0511cf
234,5,1,CA:65F4,47,46,0,7,2,2,d3d819ae54536724d926c1b009b5aebb7c2b0efbcf116b4df779f7a37cbc333f
234,6,1,CA:65F4,53,52,0,9,2,2,004612a8061f9a2122e06a004276e28abb22feccc15e91271d6465bbda786fe8
234,7,1,CA:65F4,53,52,0,9,2,2,4ad1a059435f85244a44bf44d777682166bac5712c51bc30b5fbf096ae5f97a6
234,8,1,CA:65F4,53,52,0,6,2,2,cc6d2a6c7e0a76b2b543c21f46eb0352bf739990bf02cfc16c62876534fa8fc4
234,9,1,CA:65F4,55,54,1,7,2,2,b4beca90b5dd67323b1b624265cbc7dad7a07a4251eea9b7a258daefe88c0f99
234,10,1,CA:65F4,22,21,0,5,2,2,4dbde7e2f7b23bda2306010372b4b6c4e67b3dd35fdfc9714284bc9baa5b8976
234,11,1,CA:65F4,35,34,0,3,2,2,8c83b6eb03a70e5bcdcb7038e199e0f7c03a0af3fdf23c95c15b547a5947cb4f
234,12,1,CA:65F4,35,34,0,3,2,2,e995f0aa47b77deb40db5f44deefb7716c08d06abfbd86496a7c49d98953b3fe
234,13,1,CA:65F4,102,101,1,10,5,5,8f82a07bf4e5f89f6bd17ca034cf0f458f529500cd76903542dc9c848797786c
235,0,2,CA:68E8,76,75,0,6,5,11,fd0ee2ac903567d2b3756c5a4ab3d358c97af3ee04a3fe4eacd53d58df13905a
235,1,2,CA:68E8,141,140,1,13,8,8,d82135cf4c5a8b0526a8673c6cc89397100ae5f40720c905261985026f33e432
235,2,2,CA:68E8,85,84,4,15,5,5,20de9ed99189341f92c145b9ffd4c8926a31f250ea7b4a712e382530c030a4a5
235,3,2,CA:68E8,46,45,0,2,2,2,7ed21e6f6a113ab217a4ac2b990afc75b2d7bd9cbee9406571d600281f3334e2
235,4,2,CA:68E8,32,31,1,0,5,7,acc0971acef49478337f05b7dc6e8f428c336da4792e02c99bae7b297b72fd94
235,5,2,CA:68E8,74,73,0,2,5,7,e943852916c745164c1b50aee78eeedad9a42a6c875183f8785f0367ddbdb89b
235,6,2,CA:68E8,91,90,3,6,8,12,fbc110a12cb7db8baa9159f36fb719b9d551ec74814c1f5e46ea3aedd5c17ff7
235,7,2,CA:68E8,35,34,2,1,2,3,ba589eb4ae70e64835d992d484b00e22a3d07ed3fb373e018984ec6b68b81228
235,8,2,CA:68E8,49,48,1,4,2,2,c8445d67479ca153f24dcfdad370beb21383f51e6a1be965ac865c33a0fe4f06
235,9,2,CA:68E8,82,81,1,7,5,8,912b65a6743c4a5c5a5f47b9f21dd522a78cf0ac51a9bb20b5577b10997918ea
235,10,2,CA:68E8,14,13,0,0,2,3,7df986a219fbc46faa614d152245e12103498a7372438a594015fbdd3caef08d
235,11,2,CA:68E8,17,16,0,1,2,2,bd2b4032add84fed2c4a59881f4ea738ad6499e680f9214805fce26de512697e
235,12,2,CA:68E8,23,22,1,1,2,2,4ca571718637fa2093431bb4330f2787d95254a720eb4e8b252cb3d4166e6ec9
236,0,1,CA:6B31,55,54,1,7,2,2,fce28648433d45941366fdfd1001e69226f19f600eae7b74e92dfb9935613722
236,1,1,CA:6B31,86,85,1,7,5,20,d625d5c45590a8b5cb4f40269d9ca160a1c5b1a71a9b5c94c3a4a70411c7c290
236,2,1,CA:6B31,137,136,0,10,11,27,1487417f5362c8ecb73a6362a169190271fe37cbd967786573a8ff887737b550
236,3,1,CA:6B31,142,141,5,20,11,20,4a16fa90e2c54661545f9831d9282977b2cb4acc4aa10376ba8caa76df89f5f9
236,4,1,CA:6B31,27,26,0,4,2,6,412b11edb2d0860645da1c5e674faf699335a86367ca82bec66330805d4e6c35
236,5,1,CA:6B31,52,51,0,8,5,10,c8cb2864d1e3cb3aaa043db4682b79987c1df6e894116b13128bc9faac0c7c5c
236,6,1,CA:6B31,35,34,0,4,2,4,626bfbf20450064b7b99801b4047a7809396a8ca53a91e266403d4aba6726609
236,7,1,CA:6B31,48,47,0,8,5,9,1dc776b8d4a4951e288a733b43ea734915d73aceba0088749397e2cbb687dde5
236,8,1,CA:6B31,114,113,0,9,8,25,d157ca1b008a7c0d84ae86b83dd5bb6cca594ff07aa005cb28bc60502098d310
236,9,1,CA:6B31,130,129,0,25,11,24,bf5af6754a07407d3a777641f255f84f8f1acfbe5157c397873c67f3a9b108c1
236,10,1,CA:6B31,16,15,0,0,2,6,fed1cc4905f2352ff9ececc8091c9c94186753e466b3653de7527f0e36eecd9f
236,11,1,CA:6B31,101,100,1,16,8,8,54c7b55225fba45795a7ff35de0884a4e972a01dcc69301c70b020620f471084
236,12,1,CA:6B31,30,29,1,3,2,2,edd30b03840c581b0aea52939fa2a1667fef714159da5d5da63defd0f9cbef80
236,13,1,CA:6B31,26,25,0,3,2,4,c9dc65f06622213265a8163d0d3e0d91a03d7fd46871622224b8de926eeea56c
236,14,1,CA:6B31,21,20,1,2,2,4,8a3300e2d54a46c93e05c22a84ad048ebcaca1c275299fa5b8d66672a17b9b6d
236,15,1,CA:6B31,38,37,1,2,2,6,e227997d81bd5e36d797a31200f5389417ac5e8b77eb0ec463b588cd007fc219
236,16,1,CA:6B31,40,39,0,2,2,4,62c97398a91edef24bf923ac0c62d1d422e072ccd89e6c51059c046bb323f278
236,17,1,CA:6B31,179,178,0,6,17,47,1c378c58d0740998703aeffbb50a2db6c765929bf37d6e013f4d79e26a49acfb
236,18,1,CA:6B31,151,150,1,9,11,35,0c8e4d91ca4477f0a675b18056f683310017d980558460cbc2e13cb4ed6bbdfa
237,0,2,CA:6F15,30,29,1,0,2,2,3f87529f84b45b0b71563946cd437f9828678ae38dced7aa40ea954809119dac
237,1,2,CA:6F15,24,23,0,4,2,4,607dfe05dddda5026aa62dc4457743d939e172100b195bb97bef4575fb137581
237,2,2,CA:6F15,28,27,0,4,2,2,aa659ea662e5c80fab48462fc6c272de4e382b6bc528e4b8a0ab3bf187b07453
237,3,2,CA:6F15,32,31,0,4,2,4,2da55725230122f79925ef726023ddea2804c14e78bed816935a5ba4aa2695f3
237,4,2,CA:6F15,36,35,0,3,2,2,49342027b19727bcdc1102e1d695892ec845a8daa19622c80dd535f58217e13c
237,5,2,CA:6F15,43,42,0,9,2,4,1bba7f46db85372ea8590099242c3e9c417bfbc3571dbf774e555a0390f99ce3
237,6,2,CA:6F15,39,38,0,5,2,4,7ebfa23c6d086e99e9ec791d31b2d4e13b7e39b08b0426a0930059f5ea9933de
237,7,2,CA:6F15,40,39,1,2,2,4,18d623f0c8ef94d0c70713745acce5b403d09082f1e2a6305559588ab38cdc3d
237,8,2,CA:6F15,32,31,0,2,2,2,6474cdc9871a40f102b40688948d72d558bab30b38f3073aa19186069ea0b621
237,9,2,CA:6F15,35,34,0,2,2,2,dfee9dc4dd8b2eac8e1c8127bb093a6eb00b6fd0c6422664000afa335c5ed0ad
237,10,2,CA:6F15,42,41,0,7,2,4,51bf38df29b707f60c418b2ce8e567cb0a0e0ebd273fe49927710bd71455616d
237,11,2,CA:6F15,44,43,1,4,2,4,df955d4916a2a208b439ab765111d7092b8e4e0d179cbae7312ed35f7f6e2cd7
237,12,2,CA:6F15,51,50,0,7,2,4,7ce4d049f563087b309b7a6cb863009d7758053c433b216a7f594b9f0d66940d
237,13,2,CA:6F15,37,36,1,0,2,4,d3950e641cb274d0d84d9123cd4d7ce8e9c98be5bf3141c7012c5f3592af0b2e
237,14,2,CA:6F15,42,41,0,2,2,4,f72cd167e71874b367ed608c5db7341198a55509a8cb21b35956ffd9893c5bc4
237,15,2,CA:6F15,44,43,0,4,2,4,5101115108a8b397359e50e22534fa3f6f0f143f459089dcb9b734af4dd0efe2
237,16,2,CA:6F15,47,46,0,4,2,4,a394a45e50da7cf19fa3e80c400e48431d8a30795d0f65d46a3d8529ea046a5b
237,17,2,CA:6F15,40,39,0,4,2,2,780c067421d7e0dcf8ab217b868b906f4e8ba7517487cc189acbeb43f86dedf8
237,18,2,CA:6F15,49,48,0,4,2,8,2c5276d4caa2fc4f915c3fc594a64bd31a543a9be0d7c1eb942dccba81df2c79
237,19,2,CA:6F15,38,37,0,2,2,7,dae3eee53b92e115c0d693daa2243120461fd04dcd318aec60c24207c53cf3e3
237,20,2,CA:6F15,85,84,1,3,5,15,6e52bd721a21c5baee23f69bc2bec5ed06f5c3fe694083e4d3a5da609c9fd5b2
237,21,2,CA:6F15,30,29,0,1,2,2,704a254353183184c5b537e70e7056c24feaaa82d3a03d7dc55a93f6807acd5b
237,22,2,CA:6F15,43,42,0,2,2,4,c7e62640c86629f7f3447f6d767c735666b408b9596ce5c4bc62eb2893e30432
237,23,2,CA:6F15,53,52,0,5,5,7,01b0b7d633f2f63e689e4a85dfa2df859256985e6f50f432456fafba0b578e53
237,24,2,CA:6F15,24,23,0,4,2,3,5e7a216c5ed118009bc7b4c7154edbb62b86f5f0cd20adcb90db81484b937e75
237,25,2,CA:6F15,6,5,0,0,0,2,388db39d1cbfa9e28701a2e0e5b00c9323362a243e61cdfa9bbc5fc1d2f8a501
237,26,2,CA:6F15,41,40,0,4,2,4,c9583392a7dde247c0e8497e75c33027b9991a8c383a92e6bb345fb6f699c1cb
237,27,2,CA:6F15,50,49,0,9,2,4,e82f11148e1ea634ef120087b3ff2cbd58bceca81a7a9ef803fc310dbd5ab059
237,28,2,CA:6F15,85,84,1,12,5,7,ac079cb28c46ed05d215158ef617f8de9b9197f9b4d375b058096770876c8148
237,29,2,CA:6F15,44,43,0,9,2,2,6ba6a7a56832aefb91f35ad10dc312bb41050588a1299f55ed27ec83a7bceed7
237,30,2,CA:6F15,35,34,2,2,2,2,25769f7f55be21c4212bf0ca11fdcf89d5f669808087e32f78a15a7fa729e07f
237,31,2,CA:6F15,34,33,1,4,2,2,567d9d913c6c8776b6e61df0e34d4ceae1984f6a88c7e4d045e8c4503615b70d
237,32,2,CA:6F15,46,45,0,6,2,2,3fb123fdc009378bf4527f146452c98a4b608a5a81fc5db3cecaa95d5b31fa25
237,33,2,CA:6F15,39,38,0,5,2,2,f1a87d00c5334cb99595d16aa08fe14579042b6e5e37706e2ddf69f9e9987c92
237,34,2,CA:6F15,36,35,0,3,2,2,8a871d77b013707b7caf4a0ff73e25c3f17ddcde4d562d3d2a7cbb28be0a4348
237,35,2,CA:6F15,40,39,0,3,2,6,dfc07e5ca337392920c5340a09c104da6a079cc7efda55937050dcba407925bc
237,36,2,CA:6F15,43,42,0,5,2,2,81007326084c2049633492fbdb7107d596182adb49e8058fa0cdbd073f5b0c8c
237,37,2,CA:6F15,43,42,1,6,2,2,f39423f7de3d3a560f57a123809aaa921f04d0ac90cb3470688e03aa77ad5ce8
237,38,2,CA:6F15,47,46,0,5,2,8,4f77eef7d456af6ba96e7e226fa19acfe80d8dada2d0766f13f55525715e8db4
237,39,2,CA:6F15,43,42,0,8,2,2,6f79c9afca1811872ab03e411d3890d635b793a1c8be67c5fad8b16e6dafaa6b
237,40,2,CA:6F15,43,42,0,6,2,2,8b1515dd6191738223cf7124dbb14a774f4d0c2316e73307df48ab8ca82edc21
237,41,2,CA:6F15,44,43,0,3,2,4,9b79357134b392011954794fa8caf9375677f7ee18374ca234829397769e32bd
237,42,2,CA:6F15,42,41,0,2,2,8,ef43316621f24623e5cf0abe178032948955a2246869127e9afc626928fd8ff6
237,43,2,CA:6F15,38,37,0,3,2,2,ddc9c31799c83e69900de83d8416689aef076951daa9088d029dacbfa528cf60
237,44,2,CA:6F15,44,43,0,2,2,6,e8f84656c8c1a8005e5b0810b315bdf7e283faf67d5344d96177001829a483f1
237,45,2,CA:6F15,73,72,0,10,5,7,abf3eaa7b41b93c15a0041e72b09afbc37467e19a71d939501c0e203d5fb0312
237,46,2,CA:6F15,32,31,0,5,2,2,4560714113c4311e3312b504d10aff03ae3f1fd5dd2b8718c3c5d6ccd7a346ce
237,47,2,CA:6F15,38,37,0,8,2,2,b589f844b3998926a24fb24600333229a32ee395e00da960b22e757c0e265b48
237,48,2,CA:6F15,56,55,0,6,5,9,161dbe6b6c8a0ef2f9a177663cca2528dee3e964eb331d0989ec33666f4fc9f4
237,49,2,CA:6F15,38,37,0,4,2,2,8cd3e057978ebead539818599be9e7aa8dfb5b68f26be6c1ad0ed4e895db61cf
237,50,2,CA:6F15,40,39,0,6,2,2,9a6f2353609b20e6f6aed4e0baac28e4b054937a205c1f1dd16b583e6c69ddde
237,51,2,CA:6F15,33,32,1,2,2,4,5dd90a5f5d7a57cedc8ff87f12ede725deb0d1bf962301a6df275542242e8e2b
237,52,2,CA:6F15,49,48,0,8,2,4,66d0df56916659eb8fb57d1c1bab5bb45d307ec9cf845d634883e409fda8e28e
237,53,2,CA:6F15,32,31,0,3,2,2,cde0b4f63efdd521fd17c5f23327bccd277085165889d9a29a8025a78255f475
237,54,2,CA:6F15,177,176,0,20,11,13,0740079885bc74e062a1310a5cda59e3cf70af923e12fe5f4bbfa3713e75938d
237,55,2,CA:6F15,37,36,0,7,2,2,f115d172eb6026a3fbf6f2c6f8e97e2517a87397795f715f814c664763e6a072
237,56,2,CA:6F15,62,61,1,8,5,5,a37b0a770d79f412505853f9f2f7dc4b954e6ad264f88983fc402887af80e52f
237,57,2,CA:6F15,44,43,0,7,2,2,cf04ebd9f94340962659d085e7d7a960fe835407c248adff0496f6f4db43ee93
237,58,2,CA:6F15,45,44,0,5,2,2,14e2877a4830b7db901930790bef9cd6a56027d8acf0b2f4a4c3d6c7bac410ee
237,59,2,CA:6F15,30,29,1,6,2,2,056a51eebd63793925d614f0c11634c998930513eb7ae60a5bec12eb47d68621
237,60,2,CA:6F15,37,36,0,2,2,2,2d6a185bc1eee85ca57743d1161391af7d883cc08fefc3cae483f670b989418a
237,61,2,CA:6F15,43,42,0,4,2,2,3d998c5dc811eaaab8dc1f1279de4a6842151690d0b91b6420d7f412672966c1
237,62,2,CA:6F15,33,32,0,4,2,2,36d914f7ad0bb339ba0e5f7afe40d5356813b7af2d0fb3b5b8196ec293fe140c
237,63,2,CA:6F15,127,126,0,17,8,8,4ec7206b36887e2b54c1ed270491b712c0216ee0822eb22262693210e48cde68
238,0,1,CA:77CC,9,8,0,4,0,0,ad68e1d68c85202a53499353522ba6f69ef0f5537e117769e51a8f1ca8740537
238,1,1,CA:77CC,21,20,0,3,2,5,07fcb36c4d2c6cef68a407bfe46e85f95ced83b91f8969f2f0fed9d1c3ee7e02
238,2,1,CA:77CC,21,20,0,3,2,5,8443c3065f1a5b69a9a1edd087e9987889c42f3cf0fa90043c7d06994ca43f28
238,3,1,CA:77CC,168,167,2,16,11,16,6004b60daf36e9403082a6ce9f805f3b6533a6280e4eaeb3efe9e3b8b8983a53
238,4,1,CA:77CC,217,216,6,28,19,19,cf654602225d575d646d29d95f5b8dd7549884dc1108d40cb37bafd1b9c55ca3
238,5,1,CA:77CC,21,20,0,4,2,5,b52d70adcd112bf0d4fd909010fb2f4687135e62a94e2ca4614d85e1a2b40872
238,6,1,CA:77CC,62,61,1,8,4,7,2727e3fad00b4f7c2cb81afa45c68103c7ed71211991f1a1c96a03f0d7ee176a
238,7,1,CA:77CC,25,24,0,2,2,4,583e9e7d6d39ed59caba7bcf5712d9025429c3bf88876e3a9829191db15e892b
238,8,1,CA:77CC,49,48,0,6,2,6,1994b06a32bd7f5f04bb276b0849a065c4c8953e0f4825fc0007d2379e1cd891
238,9,1,CA:77CC,37,36,0,2,1,1,042c1de83a5ed01321f42247019dc8beb7b7561330ddfb0e5dc5b6badd3bc99e
238,10,1,CA:77CC,95,94,0,12,11,16,4ede82f8df9496c1c9b02f7550eb9ccac1c1d77ce480d8b339e35793f695812b
238,11,1,CA:77CC,9,8,0,0,1,2,b5231f6c7da0669de74226a0102b31d4b35391d91a74cf70241a32c70083f9f5
238,12,1,CA:77CC,153,152,1,13,14,27,a15bab0b8436ca23f2a1f1255b2036221b3382f972061c744a905fd164c906d0
238,13,1,CA:77CC,176,175,2,28,13,15,162ce5477a001b915fa469567f2a93dc4a71b1a374f9fea31ff314c6ee71cdba
238,14,1,CA:77CC,174,173,1,8,14,32,8ca6112b060fe3ee282bddaea210efd6aa2541c680c80839a3c944b1b75176fc
238,15,1,CA:77CC,37,36,0,7,2,5,e2a52beca347f3994a9633b7022ba8e348130de26ff2095e8a1dfecf11b9d464
238,16,1,CA:77CC,41,40,1,4,2,5,b950d43af43e29de88cb27246bf5c0e831130f7b6d3c73b8c3f27aae66a99d73
238,17,1,CA:77CC,13,12,0,1,1,2,622af8c3ce777341edbe199bdd763c449c85453e53091e2d8d40792ba1ecb94c
238,18,1,CA:77CC,161,160,2,11,11,14,f77d401417cb5f42401bb66dbca41fdc4bb6e9cdb80a5f3920cda3b7b2d07361
238,19,1,CA:77CC,77,76,0,8,7,10,943cba14aee9488c62736aa6ef6bc7d72732939e51e5929ebc918dd75e23f54d
238,20,1,CA:77CC,21,20,0,0,2,5,844886e7eac35ec3714a7a5c94dc4d239b2f8fbb2e39143aa41bbe9db82ffdae
238,21,1,CA:77CC,61,60,0,2,2,11,78b0f51fbb0a84aa673171dbbdb60be74c991a7cdf999629364c9f1219903821
238,22,1,CA:77CC,52,51,0,6,5,8,0c58d3c7bb81d63b936f50761b5084d4c26d7f724413b7a89b9f29e9eaa2d4c8
238,23,1,CA:77CC,40,39,0,6,2,5,a7eb4eb5b7f5ae22221f3e1e60af556fd74f2c43ba0657ba5cc0436505974ec4
238,24,1,CA:77CC,50,49,0,1,4,5,b9e26e6a4a6222328af6c0de1de2036cd26e38d0759027de6547ba436294fcae
238,25,1,CA:77CC,43,42,0,0,2,9,28151d988d2e9be2ad8c08b257885be105a7f9736f108083a13be0ea819bdc02
238,26,1,CA:77CC,157,156,1,6,10,11,3b30431646ec777d5287213ab0f6c5181baf831cdc753ab710e038209e16311e
238,27,1,CA:77CC,86,85,1,7,5,8,67da36d8b2ad1ca4470e7c905d42db715df2cac40ce4b82fb6dc0f1334ae0af2
238,28,1,CA:77CC,116,115,1,3,10,15,305247c3565cef2cf74716f8105b1e9aff7c38d5c1bd4be260b4cc882eb13b42
238,29,1,CA:77CC,33,32,0,1,2,5,c832b268340cd3252dcb5495e96e1ba9ab4da95de07f6adced11e327b64042f3
238,30,1,CA:77CC,82,81,0,4,5,14,77bd5569dff31f6be1a88381fcbe3808e85892920f6e12587a10306b9c1d0c7d
238,31,1,CA:77CC,65,64,1,5,5,8,d86b5180e52454410456696a6ac6519d2531e8548e4670058c6aa2cb1fcb3026
238,32,1,CA:77CC,15,14,0,0,1,2,eccd12f3388a4cc36d9017a6eb73a9dfad46956cc758edb26901b8e103b14303
238,33,1,CA:77CC,46,45,0,5,5,12,d1da28346e91d614fab3076095085915cc74ac032654673b64652256fbd7af81
238,34,1,CA:77CC,22,21,0,0,1,2,40684238fe450e47ee2458d97a82df6cc7579e49e9efb8ce1879be2d59ad57e3
238,35,1,CA:77CC,27,26,1,2,2,3,e9e68d49ac01a5d5b15e5bf46e5bdeb5c3fbfcff0a1962b2f2e47e41f713aea0
238,36,1,CA:77CC,18,17,0,0,1,2,5e2211942915913241cf11b8fe84941b1e1fe0ed9535822464a1c68d5902e207
238,37,1,CA:77CC,273,272,1,16,20,29,e69ff75bc6e94d90d9c6342c5c27348f4c13c90b0f63ce72e315af5687703c0f
238,38,1,CA:77CC,13,12,0,0,1,2,8a06552feb2a5971bf0622e7b5135c79ffe3b44564a9cb9b4a64879cdec09c77
238,39,1,CA:77CC,42,41,1,4,2,5,161e965c2d97d74fe8fa2820c29cc44a4b8264e663bb9de784f5b7375515dafa
238,40,1,CA:77CC,68,67,1,3,4,7,646432dc52f2f1615871cfd059dd78dbb849a3df71a580df868cb2b70efaa62a
238,41,1,CA:77CC,15,14,0,0,2,5,c62e417937dbe0139701cc1982489483cb403759377d951943723120ff874a87
238,42,1,CA:77CC,47,46,1,2,2,11,226f45594d27ea58e42e5239ee9d5ae8a86bd9d58b4655e94de57089de58cfb0
238,43,1,CA:77CC,77,76,1,5,5,10,d3f39b5e7da71e75a87eaaebe007cb9fa3280c7e1248b1b03923ad7e6091fedd
238,44,1,CA:77CC,90,89,2,12,8,9,77493d28da6f34f427e0a1fc0d2e4990c63fe24c3380d1cd9cb8c8258a4c7582
238,45,1,CA:77CC,35,34,0,1,2,9,eb7931f568cce496f7a114103c97ed80a584c50fd0d1d2ce7018ac78eca5db05
238,46,1,CA:77CC,33,32,1,3,2,3,26f89439090f7fad46890ea332c8a26f44b7b01d62c82a1b3d626490720b4387
238,47,1,CA:77CC,52,51,0,4,2,9,61c067e8da4e90f7cb89108c8a4dce0241f017179c0e140b181f7ebace194f22
238,48,1,CA:77CC,79,78,2,13,5,5,1a8ea129a478b29087a1d3f6be6b697c48b51dc48289f133ddfb21c65d987518
238,49,1,CA:77CC,106,105,2,10,11,12,a5b83a73f34cc4aae9bbd8843092afc3279344fc24ec9da322705ef55acdb218
238,50,1,CA:77CC,33,32,0,3,2,3,2daf038739b14a390b7b13ab11bdf789e52dd03d9d64b8f995a25ba5f4bf4804
238,51,1,CA:77CC,34,33,1,3,2,2,3cc7bda80d66fef917bee75eff48b96165bf3b882be71d7e671b3494e12b1da3
238,52,1,CA:77CC,19,18,1,2,2,5,5da1a7f1921443538b8228d32f3e31f72271380710b800917b523645e69de055
238,53,1,CA:77CC,143,142,5,16,11,14,7d3d358ffec00d3dcdb76b0749de63ec13e1fc160a2341e97b0e6d20f2f8aa39
238,54,1,CA:77CC,13,12,1,2,2,2,8c493a3d55e1b9d6ab754b9fca56d7648b7274c0aedd0ca7444e305e3cbc05d4
239,0,1,CA:821F,23,22,0,1,2,2,e334bb6897df085cddf33eb1838df255f33851673cbbe88302c263b3600e6228
239,1,1,CA:821F,42,41,0,3,2,2,f31361537d2c2a748f4132aad43efbe1ccfc1da8063b496fb9ce25f9fef7fc14
239,2,1,CA:821F,82,81,0,11,5,5,a6c3e5e744dca9d05931d744f379c8a36fe7bdb4458b09424695f8df5eae42d3
239,3,1,CA:821F,74,73,0,4,5,7,c822915317e5a37844a8385cce78782a025512226abf51b169a0a4f05bba86dd
239,4,1,CA:821F,148,147,0,4,8,46,092291a0e1149bb42c0bba1bc1c27e9ff3779917ba78e348572870b8d8e99bc4
240,0,2,CA:8302,93,92,1,11,5,5,40e2762d80ffd91babdb37bfc49c2a54cde0557d3815e9e8e9be9873eefd4080
241,0,0,CA:834B,42,41,0,5,2,4,ea057d1924ca9d2df5e145da083f0f0c9d9922f4261e201be4cca46ee09ef7f7
241,1,0,CA:834B,36,35,0,7,2,2,1dfd9655cf6c1f837f21a265e0056453aa156a1e42aec8b00f9f4ab5bf359071
241,2,0,CA:834B,35,34,0,5,2,3,6e616fe44b9d3a578763bc531415aab2c32b39792a727735b0792f8baf69fb50
241,3,0,CA:834B,44,43,0,8,2,2,f3bd5319cb289a52ad92921abe25c7a90444c218b3fe5f54286a52d22d1d60fe
241,4,0,CA:834B,42,41,1,5,2,5,aa209307782f04694e5bdf783fdac30d968a4f1ba5b25c23e05a0139f2ce3a0f
241,5,0,CA:834B,39,38,0,7,2,3,8b791d157f7beaee69b8b6f4b34d0beee3a88548a5583547f9e1cf95e97647e4
241,6,0,CA:834B,39,38,0,5,2,3,567889e7af79a14804b45f53a2450d1a7ab2d09ba67023310c8478a2033a1843
241,7,0,CA:834B,40,39,0,6,2,3,43ba838514ceef6e4ad3ba2a468a860df2947301e54771b61be139899de52e4b
241,8,0,CA:834B,43,42,0,8,2,2,3ef85979499fdb8567406b1b6ee7ee46654e3577c5c58949f676f680bafe9d07
241,9,0,CA:834B,43,42,0,8,2,2,f2a172d448df1333f8d72bce89f1d6dcab9cb9bd625d267e7b13bec89fc110d9
241,10,0,CA:834B,35,34,0,6,2,3,335b5c0fa9142f3aab4450e625c677be8cb019fa6024949fa92cbebbad864625
241,11,0,CA:834B,41,40,0,8,2,2,2df232ce0321201bf6030922e778d0f690dfc23d571a630ecd0b30a7e7f9b4bd
241,12,0,CA:834B,50,49,0,11,2,2,cd1df7eb3f36f842977f34b3b83f80c4e89e55acac5e9acc2e0dd6bea5dfd677
241,13,0,CA:834B,42,41,0,9,2,3,f15a8ad09f45497476836b8b559a40ab6a968bd0e5b7f4ec656b98d813c5b89d
241,14,0,CA:834B,42,41,0,7,2,2,0134fff3dddcfa2567966e8a162d7499498b514b55e2e12a0f227b27baba5688
241,15,0,CA:834B,45,44,0,10,2,2,c8403510f1e1c79964bb9480c8b87296b6bc8b07a46ab53efb1a7c6aebe440d6
241,16,0,CA:834B,36,35,0,8,2,3,20153034ea375e126fb039fa6d5215a247ec47a78a9a89d5abb7b823915c7ef0
241,17,0,CA:834B,41,40,0,5,2,5,5f7149300455e5bbc7f23442e4ec0ce2b176c5b21bf33ce06936555ef4903830
241,18,0,CA:834B,35,34,1,6,2,2,2c0f6885dadca94fcc782fb2e47d23ce68c1dfdde20c09dafbfbca224957008f
241,19,0,CA:834B,45,44,0,8,2,2,385391c308969203cdfef06e4672b097953127a25284f049d4a99356634fac49
241,20,0,CA:834B,47,46,0,11,2,2,76b3ceececaf6686e2c98500b5b8bc8be67694304bea4b602e79b7693ca396ef
241,21,0,CA:834B,47,46,1,9,2,2,2eadfc35c3306cef0f93497eedf8ce4ded5f4c5b8a3119cbf6b63f9021c62e42
241,22,0,CA:834B,46,45,0,8,2,4,22ed87ad75e13dc730eb6108d48c3409f3f5d0b0fc5dc9e1884218906cdc24c4
241,23,0,CA:834B,42,41,0,6,2,6,29681a0c20a99b1b3c35c0d34c04045471eff36b20ed3ee3e592bb1fa44a8dde
241,24,0,CA:834B,45,44,1,4,2,4,dd2a446b4c89ff0f6119d64fd70da24bc3b4e3e2b0b2f09e1fddcdb1be3faeeb
241,25,0,CA:834B,29,28,0,7,2,2,0b809290378f2a58c40457d79563abeb6bed14b77aaef7939b442cfdec685bce
241,26,0,CA:834B,32,31,1,6,2,3,07797d0ad5645b8d29b677fb03b762f0fe8a8d7da6c7f8a1a761dc1c53ddcd0c
241,27,0,CA:834B,44,43,1,6,2,3,e0bc457e38f06d4cc8eb5b332b6c092910f7e28898aebf89f06bff65e84ac114
241,28,0,CA:834B,37,36,0,7,2,3,affb99e8f6277122a6a3ae0378230947d89dab98fcd518f11b8592897d501edb
241,29,0,CA:834B,37,36,1,6,2,3,051bf0dc15d84ab9e26a496bc23dcd8ed9ddfbfaeaa1f98d08a112f6f38ab860
241,30,0,CA:834B,33,32,0,5,2,2,b52e7c6f7e16f5e6dd74e74a8a82595eede30e2fa8a9e1a7eaa8f8f62564ced0
241,31,0,CA:834B,39,38,0,9,2,2,bb80e5a7f264625350235f8356f39f0b28eb3a0095ed01cfc9f3b50a0770ff19
241,32,0,CA:834B,39,38,0,9,2,2,52e2d4f007c521583a287ab07aa6055ca6e9862b4372e91ca94ebf73b69bc318
241,33,0,CA:834B,49,48,0,8,2,6,96fcfcc6ae24b150e1fb8b20920eb57119346285628d2537da9c04b5d79b994a
241,34,0,CA:834B,47,46,0,8,2,4,da5ff31d54dcfb3f48665f4283a2886c41d0d2e1c922f4b818690b51028b8bf6
241,35,0,CA:834B,48,47,0,7,2,4,18c4fa43d75ef97558e66f543960d9427fc52e5bc3fca4c0a4b85b80bbec59be
241,36,0,CA:834B,47,46,0,6,2,4,ebb378576339fe798e856cc2c4f9c54a3aa2a1af1716714103721517d0061258
241,37,0,CA:834B,40,39,0,6,2,3,60e8db7e9382acac74ebc312234917b32a6f909b54ea8f6533930eb28be38ce9
241,38,0,CA:834B,45,44,0,7,2,3,fbeb90fce1b199458a9d9482c2072638e34ab858883ff13df1c1549521c0b9ff
241,39,0,CA:834B,42,41,0,7,2,3,86d4873edeeed1a69b736f3c8f3247be4e6bdd88e78725dfe79641278f47fead
241,40,0,CA:834B,48,47,0,10,2,3,1fdb473c8f4463ba860ecdc39d8cf34e3ae5f60a1ec2cb764c7ac1dd325c7c0e
241,41,0,CA:834B,45,44,0,6,2,2,29dfbf2114037553ce1406155338e208cfd90c7cb3f10af3cc7a8645fb239cff
241,42,0,CA:834B,44,43,0,5,2,2,3723305af5bec4600b689c66aa6313bf80b35438ef6d23a5d0305624256a98f5
241,43,0,CA:834B,47,46,0,9,2,2,776c6f923fb3db91e0f049449c4a1b7b17aa569ed1b54e3f3d02d714b0d50c77
241,44,0,CA:834B,44,43,0,6,2,2,76eac94ab37e4fd33a47d82d3d1aeca76d02ecd2e46a214c6463f05bb111a58e
241,45,0,CA:834B,40,39,0,6,2,2,fe611bdce8251c44336dfb42f86feda6dec4abfa2bae4f7001686c2b19addf64
241,46,0,CA:834B,45,44,0,7,2,2,03891592aeee883b7cfe06f10397eb0109c48c85c1eb2c4c0294bb2c2fcfab60
241,47,0,CA:834B,42,41,0,8,2,2,3d9f382d56b0c4bc9166e9205ffdc2fddf936d239ef723e4fb74b47e1d2edf87
241,48,0,CA:834B,45,44,0,8,2,2,c01e70906cab537c488e44f4886125c464f1d44b5da68afcbf53b44076b1e0d3
241,49,0,CA:834B,28,27,2,3,2,2,e1c57218bfdb0b25e29d44c42cdbed407ff5b482fd903eef29e2d6fe9334f44a
241,50,0,CA:834B,40,39,1,2,2,3,4daab6d92c9fe7dc14fd0d5329e7ffb70d1f295ff09c4229af4751edc581bca4
241,51,0,CA:834B,38,37,1,6,2,4,637ebab241e6afd9977f9b372a9171094daf2b46e6de3763aaeab27a50814661
241,52,0,CA:834B,41,40,1,4,2,5,7f06f57c173112a0778fd3841f6fff30c2096fc7dd2d7190e37ff6bc7054f251
241,53,0,CA:834B,34,33,2,4,2,2,78ecd3b6ee66c8a69a9cbd768292605ab24c4cb179a797ad7a09880f599a5cb2
241,54,0,CA:834B,37,36,2,5,2,2,f47db329055f5510ca9ca2a2c4de240e664f0b514fff7bf1df9263395fa47806
241,55,0,CA:834B,34,33,1,2,2,2,f31110fa478ba2a9d2c996412c3391a45e2b4f5c4aad1d9bd43b07ed8836848a
241,56,0,CA:834B,38,37,1,5,2,2,54362c53f281b277a953d9b776ef589fb42d732e5f2d26d98573724993f95490
241,57,0,CA:834B,39,38,0,4,2,4,f8bc7bb861ec962077537d5b1d3f8adad6881411a52792a0256f5a5e61e906a4
241,58,0,CA:834B,42,41,0,4,2,2,274be2b919041adf935136637349cb2a2d545abf11bb9c8e2ffe9f34dccadb6e
241,59,0,CA:834B,45,44,0,5,2,2,dd3a9518bc83c6816d2049e993a9e9b74a25cae05e9ec545ecbae2d74bb29e30
241,60,0,CA:834B,43,42,0,4,2,4,16410b31a21172680509912351dd7b12802def04eb97afd0a3edf40d4a3dfd05
241,61,0,CA:834B,38,37,0,3,2,2,504af6b9f9f1272126fb0615e4fa2ad264ceca97f1e65950f2cd4c2c57f329ca
241,62,0,CA:834B,44,43,0,4,2,4,d9e36fa2d484902d4b5f64750cec3e59453382fd0deffd848c187d8c4b08f5bf
241,63,0,CA:834B,45,44,0,4,2,2,5424a92857c69b70f67a53bf0128421d3c7816fff17839edc8a950233126fadf
241,64,0,CA:834B,42,41,0,3,2,3,b090c0206c7efe7cf11214e69ac4567f96fdab2ac369914435afd20b043056fc
241,65,0,CA:834B,50,49,0,9,2,4,4d36085af2c2f9d77ec5eea11d0ae3bdbe91a973c4684516c0ffb7b1e71fa10f
241,66,0,CA:834B,34,33,0,3,2,2,3d6b89e63d6762acefd1b31f3cd73f98684eac9ef35b208cfbbd0836e1a5faca
241,67,0,CA:834B,43,42,0,3,2,2,0c49d959793d83f45fbd7f60af61d0a406e6f1c99313509fac80fd672cfa19d8
241,68,0,CA:834B,40,39,0,4,2,5,6053f0ff572e6b117a9b5fcd7cc841e2d179716411635e0800078b7620cd4c00
241,69,0,CA:834B,37,36,0,5,2,2,98d60967a514250e2f909b3a8ca1d109439d7b6f930f6c4645de46f4822f5978
241,70,0,CA:834B,43,42,0,6,2,2,f058b9b1f95a5a6dd63e72df6f357e2521185a61f14326d1fe5d433b418c0b74
241,71,0,CA:834B,45,44,0,3,2,6,c351d35266b4fd0ec3b9f4eec578f57117463d6bea1d97dc088ac27ecf5b7b54
241,72,0,CA:834B,43,42,0,5,2,2,102a61d4d4d5132966c6ebf756457d4f33e410d78494a35f25bcdbf87b7f88da
241,73,0,CA:834B,34,33,2,4,2,2,cf160b75ca4c42cf78e41f37e28267517d6ee59f91818b291ad8f6f255e33391
241,74,0,CA:834B,35,34,1,4,2,2,9bd232ef5c6b6a5a8bd05e1cd1a6cf76c00cb2dae59dcaabb72be78ca8e41fa7
241,75,0,CA:834B,38,37,0,3,2,2,770e96a8c2961b5883bf82742b096c0f4b8710f62ccc5dd004864b25a320e2e8
241,76,0,CA:834B,38,37,1,3,2,2,1b569599a5de433cda7f362ff57fda2dacc6798792c68021cef59210d093c431
241,77,0,CA:834B,48,47,0,7,2,2,407a0c97e210d6a46f50cca56df0817b2b19567f9e644d2d5117c86127c87b0a
241,78,0,CA:834B,50,49,0,7,2,4,d0fef7b0a760fbced1548cb23ce3b9d4b9927a5c9b5c60e190d2eda423981652
241,79,0,CA:834B,26,25,0,2,2,6,171cf557d5e3211b9a9f81830044c59aa08214fc1192c7baf2a301d82a9eae61
241,80,0,CA:834B,29,28,0,2,2,6,2d9c8246a80139f33dc178c32d5e0c1036448fcd6e791a21644e1ff7c5efd87a
241,81,0,CA:834B,49,48,0,10,2,2,c88e23b8d3cffcabfc3c1b7318aeb3f28ebfb7be43b87b2b7e443d3370c7ffaf
241,82,0,CA:834B,48,47,0,8,2,2,b21531768235302576bd5bd3919c7ac04e54cc799d11f5f17192f55b16fb0188
241,83,0,CA:834B,44,43,0,8,2,2,d979afc0a520059eb843ba7f435363209f7d4c4a13ddacfe1bb9929d4f686cd1
241,84,0,CA:834B,39,38,0,4,2,2,e3786dfb1e3b677566a7b077d0f306ca41a1b043d0cb8686a4a6b724d09690b2
241,85,0,CA:834B,44,43,0,8,2,2,9c96f8d6ccc96086b9f0453be27a6a4de8d46bf1cffe6c4a34658c77bb96e654
241,86,0,CA:834B,41,40,0,8,2,2,c484e366e63fc56cb3239e4388555a18f87f4ccb78057ce4ceb5e74ba658db93
241,87,0,CA:834B,42,41,0,6,2,2,9f62d956f412a1f19bc34608af390fc921b38bc9a90c97908f0d34fc78497c57
241,88,0,CA:834B,44,43,0,7,2,2,687f119be291b5bf72f2385abfb0c1cf5649ae90cef188189d5073aa2504d0b0
241,89,0,CA:834B,47,46,0,5,2,4,03368927a38e1b441f492de847167226733b180231a95e7302a363c3e1a61353
241,90,0,CA:834B,40,39,1,5,2,2,f6a1534b4af565a71ac0b23f956b029457983627cec2250939337a866e7c7cb7
241,91,0,CA:834B,42,41,0,4,2,2,1e7620d53fa24932084d92f8961014099e04ac4532f98a5cba9bea050d639610
241,92,0,CA:834B,39,38,0,5,2,2,2d64f5387c8b1c30ca97f6d5ab5e9b75db8c6d405ed31169b71ec144c3d98455
241,93,0,CA:834B,45,44,0,8,2,2,2394568ba874864cfddf168bbcad19e79322500ac21f9a5bb80aa1ff8e398710
241,94,0,CA:834B,43,42,0,6,2,2,4cebd09319d6e80bf5f1f39be19e891df1a8bfba26c7e943d6f8d733b86bf0ca
241,95,0,CA:834B,46,45,0,8,2,2,6c1133e7eb7aab0648624ed8d73c6fb7c4854ddb19ca4db84e4a569ddde678ae
241,96,0,CA:834B,44,43,0,6,2,2,f1d9fcb0b1478d33dc39936bdc37d56e0f893889cd638ee05bef4f8a036a0a05
241,97,0,CA:834B,39,38,0,4,2,2,c1724e599f6604d647baa85f39e0fbb38f1547d88f0cce2e1243d4f3b4fd5cd9
241,98,0,CA:834B,36,35,0,4,2,2,5099db39d38a4ed8b36f5ca80232ac512a6d726e8d96f0d4a19790f14c6395f2
241,99,0,CA:834B,46,45,0,7,2,4,b5b34cb2c99595611150e7fd2202bfd386a117d3e55a34c5e6f2ef03e9d99a69
241,100,0,CA:834B,47,46,0,5,2,6,efba2af6228964bc547b29ffc66902da0cf42bb5c489ea4c616f7e1cce055c65
241,101,0,CA:834B,30,29,0,2,2,5,a8acff25478db1a4874adce4fe06d29c4f437eb41fae6d9786bb9f4f46697058
241,102,0,CA:834B,35,34,0,3,2,5,c49dd9c581ee6bbafbf3e6aa26c0782718dba8d43d6eeb4935026157dbf9750d
241,103,0,CA:834B,20,19,0,2,2,2,6c86b7b73a87bdd0e2280fcca65c39b842bcc7517cd59c02add976e991574a5a
241,104,0,CA:834B,21,20,0,2,2,2,af3dde8757aace9af5deca67cdcba18c42767c18a9dcf1d35c2e66e8e21b3563
242,0,1,CA:9406,75,74,1,7,5,5,1d2b9bc6df288eb18f3d30ad5e473073cde8a304f6c2ae70d662f1f720176fdf
242,1,1,CA:9406,75,74,1,7,5,5,1d2b9bc6df288eb18f3d30ad5e473073cde8a304f6c2ae70d662f1f720176fdf
242,2,1,CA:9406,75,74,1,7,5,5,1d2b9bc6df288eb18f3d30ad5e473073cde8a304f6c2ae70d662f1f720176fdf
242,3,1,CA:9406,52,51,1,5,2,4,1078ced703d91ae66c6c5e95b34a7674b082c8b2867eaa749c7961e0f7e5a408
242,4,1,CA:9406,59,58,1,6,2,2,1ec1a065e5ca7d22fb00ec1c0aafda04f09620f43f0b63a0d344c45d26c05c94
242,5,1,CA:9406,50,49,0,5,2,2,b434b125d7c328789112f08bc42a3c01a080ca1ffa2cda61b7d622123b67b45f
242,6,1,CA:9406,106,105,0,12,5,9,b18eba01cddd55fc316930fde0fbc08a9366d49a7dc03ace2b308743e0838737
242,7,1,CA:9406,98,97,0,8,5,5,6682cce972f7f978618595605abc420cfe2dadb42dbad4c033f797bacab07ce0
242,8,1,CA:9406,116,115,2,16,5,7,67dabd04337cf659e2b3cb43f6562b045810eefeccb9a3738feefd8875d6fd83
242,9,1,CA:9406,81,80,0,8,5,5,d012ef0d0c0f7a3a51eda01f997fad1b19ea36b1f1809534fd942667aec2cf12
242,10,1,CA:9406,97,96,0,17,5,5,008bbc205e8f543833a63be856844abfff986a90f2fa259896882986a8c84239
242,11,1,CA:9406,55,54,0,10,2,2,88afc428bdb53662b1f3abc63b16069806585fd22f66e932650496dc9137899e
243,0,2,CA:96B2,92,91,1,10,5,5,7d1c889dbe4c041cbec186742dd4002f8a35e1c798e115500ee468cf558fdf08
243,1,2,CA:96B2,30,29,1,0,2,2,3f87529f84b45b0b71563946cd437f9828678ae38dced7aa40ea954809119dac
243,2,2,CA:96B2,78,77,4,4,5,5,b8eb43190f2ef431f9cc1b3d619f984f428dfc4ed408b1ec7cdf4542d55b743c
243,3,2,CA:96B2,51,50,1,3,2,2,5d53033dd594e649d1ae95ad858e2e6da35df962ac34968a07e1a2ce9aa858a2
243,4,2,CA:96B2,45,44,1,4,2,4,e295243a769fb1f86b35c02519d30654b3cb4bb944e1472db6f660343091e7d0
243,5,2,CA:96B2,48,47,0,3,2,6,4f89d90865c885f144b92f8ec0dac6cc879ba788337879b9db33b58546e7ca56
243,6,2,CA:96B2,42,41,1,2,2,2,1d74456bcf44c5b40a96d6ff13d9828306af7cfe1ef80b15001406c4abfe331d
243,7,2,CA:96B2,83,82,1,13,5,5,eaefdf68ae81a6252187e17d2a71bc6f52db35253af8de7e32d01477cf2ec28b
243,8,2,CA:96B2,47,46,0,3,2,2,0bd7ae3570eb33f9e9977158329db760c5d8c207b03ccfd298d05637abfd5fdb
243,9,2,CA:96B2,85,84,0,9,5,7,19ea1c11cf6b006a54417e6f77722541e3fb4e6dbf6be9c85c0903661ab406cd
244,0,2,CA:987D,45,44,1,3,2,2,79bc9e9b7d3b1a4079eab336af89c2efb5d3d82f976991c090020f42ea92ed06
244,1,2,CA:987D,35,34,1,2,2,2,b5293a00e32bc291bdda2939fe5bc4950b9098b2f71b763eb94fe4d89e03632a
244,2,2,CA:987D,37,36,1,1,2,2,4b35aa594c54d10ec9bb65be92e3ba8cca630c139db8c3ff59a662b09b47bd11
244,3,2,CA:987D,36,35,0,5,2,2,049ff06fd5f746a6e3d7640185c69cee2d7abd3f662f8f23beb1f4e848cb724f
244,4,2,CA:987D,64,63,2,4,5,5,4b234d6df78499b578d64893bb918c88b075f2f6004ce402c1feee387b9e158a
244,5,2,CA:987D,54,53,0,5,2,2,27559f4d2329464d0eeff8721f9b8551c8b81f2d0e56299cdb03f2971ab881b6
244,6,2,CA:987D,65,64,1,5,5,5,1d3d7599ab7f8a0aeaa65b013d758ac3fd93c073fa261bb177a3ba3aea77eae5
244,7,2,CA:987D,93,92,1,6,8,8,e9e944a29b80d5973e5a990c2b2707a8ef0e20b90242a6bc5e24cea8f4ae7c01
244,8,2,CA:987D,101,100,1,7,11,13,1f33e61cc7371d559128a4b6b81c69aa8c6b823dca1c24e2075b625d2739ae5e
244,9,2,CA:987D,126,125,2,8,11,11,3186070eadacc4504895cfd2511d35e41a65a5fef3b9a758ea001d896f08e0fb
244,10,2,CA:987D,146,145,3,10,11,13,2f944d92d9a4c4c3becec38996a649ca3a416e3d5b2c0db73ef0c190f063ed5c
244,11,2,CA:987D,92,91,4,6,8,8,c705a8b405a0833864c2774baeaef56dba5819e047872ff1b5b8891c741c1cc8
244,12,2,CA:987D,50,49,1,7,5,5,7cda0458fb50859b5964a1e3e6085d7c2c5aaa42cff02118b03c253c839a30c4
244,13,2,CA:987D,125,124,1,10,8,8,13aebd9f10123d4d607c6f9d2f36eedf026cd7a35b1c3c275561916e4acae76e
244,14,2,CA:987D,37,36,0,0,2,8,daeff08947e0dc9312a137fbc9d121ace5b84a4431e2868d11de40d4ba321962
244,15,2,CA:987D,38,37,1,4,2,4,76a0739e455ef8aac936389da2fe06930e55d9d797cacf128f14cd017202574a
244,16,2,CA:987D,40,39,1,0,2,4,c30c9fd2215241e5b5799be80766f343aba307cb5a4ecd91d9547975d890c859
244,17,2,CA:987D,55,54,0,1,2,10,b3b1b18b65ca087606d490980d8c5c2a018f556a1b7c5c602235f12ecf9ce6e0
244,18,2,CA:987D,76,75,0,4,5,9,f4afd94f1615f16ed0235500c7a5a34e2f59bd15e848a52941f43a75b0b4be9f
244,19,2,CA:987D,59,58,0,3,2,4,d34ce2cbf0e19363bc7731a7b4600f9e3187142845783feef68b992edb4b1cb4
244,20,2,CA:987D,155,154,2,10,11,16,309f60735c95be2dae2cd8b28e6389b994587fa3c5c5ba122eb494a026bd04ed
244,21,2,CA:987D,41,40,0,1,2,4,a73031f6af00f80a9cd6d6e4cebe003b252a59ded7e88d1f5201ca05638aefea
244,22,2,CA:987D,51,50,0,3,2,2,04971268fd5f938df5aab8912d8d217320b98eaa833b36bab977440202f3b756
244,23,2,CA:987D,44,43,0,3,2,4,868d742de9c9eb9532b7fa5ce2454a9b8bde83144e7c4ba1d6d4517a6f19d2cd
244,24,2,CA:987D,28,27,0,0,2,4,17255f1039e748af2b715c4bb7089f0d52e858a21887017b9c59c569184d8bba
244,25,2,CA:987D,63,62,0,0,2,10,219f074760db9fd13f1097941d76e02c0cc5fd4950ed47a9feb93c919ad3a7a3
245,0,2,CA:9DB7,70,69,0,8,5,5,7eb3f98d14d7f9051d517a6255b7b4a58c0111f14c257cdd8a6c765b5acd164d
245,1,2,CA:9DB7,42,41,1,2,2,2,f10ad923b519863b41453dde26b7622ca664558ce8746cd491a18d9ccfea9f79
245,2,2,CA:9DB7,491,490,3,64,35,42,03d0cc496633dbea98ca04c404588b7f1dc48cb1136cce6f2bd0e2a67516294c
245,3,2,CA:9DB7,212,211,5,24,14,16,2157c004948be6fb94b627e0787d62780f862c9bc6410e1c8ebe7e9261495d12
246,0,2,CA:A029,95,94,0,4,5,27,cf9ad819383a094522746572b350e3be24b263a85934cfe35f47414c7a668e90
246,1,2,CA:A029,118,117,1,9,8,8,22f63a42a8eb271c241bedcf33c78f00d371fe2028c74d98e9f09d2d79b540c7
246,2,2,CA:A029,114,113,3,4,8,8,a6e35642dbbba3301abe6829c51e0a1a57f36713344f6c6d11fa497030342a79
246,3,2,CA:A029,26,25,2,0,2,2,aea14c8ddd59d853a46000947c270a2e1737d2023866dee04fad564d269dae42
246,4,2,CA:A029,39,38,3,3,2,2,8dc08e1d68e96729932e920ffb3801520a9b29561c73c89b59fcea4444eed6da
246,5,2,CA:A029,48,47,0,3,2,2,7545673e48229e72ad50ce12d9562de4f7e7358257af25e9b02f8192f230f461
246,6,2,CA:A029,89,88,0,11,5,5,b72cd4fa23aea975a4604863b5a15a259ee60ecae32d5b5cf995aac0675d7069
246,7,2,CA:A029,45,44,2,5,2,2,4d031d508f958f8b6f73699629c5725d2840d1a96f882e2608ce5340a8c19643
246,8,2,CA:A029,46,45,0,6,2,2,c474cdb5839e35d5908f4d583382bfbdd418bfba06adcc415cd406c8b423509a
246,9,2,CA:A029,47,46,1,3,2,2,b73257f84a4a4c5af1320927820f8d4701a0a28da3df50ea0aba3d35025e25b6
246,10,2,CA:A029,24,23,1,1,2,2,2070ffee6468788f581257b01f860cf8d833ac042575748e5881c2260185d13d
246,11,2,CA:A029,80,79,2,7,5,7,667e4586705129b7c41b1aa70972dec70b61fe81e7bdf627b49f00e303a80079
246,12,2,CA:A029,45,44,1,5,2,2,3f37a93ff93c8aef7d7c3c9067b1b2388ce293ad241cb620a6dc6ca3675e921a
246,13,2,CA:A029,41,40,0,7,2,2,15bf83961f587ec8bef25a88a17884f6fabc2e970264a90c3d78e8e7bbb43686
246,14,2,CA:A029,46,45,1,6,2,2,a27bb73332bf53f3d13d87ffb70beed84c34f5d2beaf4517c73bd41395daa64a
246,15,2,CA:A029,97,96,0,13,5,5,99b4f3fac7b1c961e4fc40193f5afe7b1373d0d3023864a76a0baa5c0cb589b6
246,16,2,CA:A029,43,42,0,3,2,2,aedc98b3c459b1b30966be504d631290b1a110b2bc866a480261870cd5117a50
246,17,2,CA:A029,47,46,0,3,2,2,9b572fb4e5cf02f46ab32256cb56bbc32a71d1c3984bdc10355a9631693085f4
246,18,2,CA:A029,59,58,0,7,2,2,8dc1c34386185fb456d49caeec631c74ed80e3220ebf19b24e13ac50c8f526b4
246,19,2,CA:A029,76,75,0,3,5,9,4f0caf593de31b320019aaee850700dbfb2b09facade6780b17f40488ad4194e
246,20,2,CA:A029,48,47,0,4,2,2,f4e76edb9ce687a8d001d90fbb12dcc48b2c7efb2a176b43b42e1f85c80eb466
246,21,2,CA:A029,47,46,0,5,2,2,b0513f63c127e9206b57ded683d1694b6962357fdbbea8c92b63c741934b26f9
246,22,2,CA:A029,49,48,1,5,2,2,0a6699c242fb65835f7b9e59f985a603186470e7c1b69e7612ffd8e66ff64bce
246,23,2,CA:A029,46,45,1,4,2,2,a729280e6a1eaa271758031ba83676966fc633998fc87bdbce3dc81dfb6ccb9e
246,24,2,CA:A029,65,64,0,10,2,4,e2e88468f167a4245205192caacd222f14f4dc5cbbc85547c2d16292cf2e5452
246,25,2,CA:A029,57,56,1,8,2,4,b6aad708f3984dafbd043fe89a8435fce345b5b6fae3caa89363cb4c8fb763dd
246,26,2,CA:A029,47,46,0,2,2,2,29e1747915906f82e1a9b2af6fc792be12e37813d9c13c005fe2dc5d27f9427a
248,0,2,CA:A4ED,7,6,0,1,0,0,02c097388723d50ecb30de1d1d31328ae2a1f087daf47f65552ec83396340dad
248,1,2,CA:A4ED,16,15,0,1,0,2,41b4b3eb32df3c86fc17a51209dde8cbb148fd2f1b442846cb34822b8f693e27
248,2,2,CA:A4ED,30,29,0,0,2,8,cc71b56da83b326f2ab7a63a2df29672704755faf40d84fe4930f78061131c3d
248,3,2,CA:A4ED,5,4,0,0,0,1,c08e8523063e074f98c48f8daa4057eeb00322b477e6ecbb7ab3131efc4bc2e1
248,4,2,CA:A4ED,12,11,0,0,2,2,5c39a6f3ce05d7a647cf940892d35042ee0671a51119e5ff19d9590054bce27e
248,5,2,CA:A4ED,15,14,0,0,2,3,2835f81229801d1be3bf4f29d0455d277021a4228f0ddfea8e755d18c794de54
248,6,2,CA:A4ED,15,14,0,0,2,3,f52891b84c9fe7399fe00199ddee7ffa50096624908b7358105ce6663f02219c
248,7,2,CA:A4ED,22,21,0,2,1,2,096c1507ee0168f2b0714d153e25aa0cbe8753a0f7c19087386088cccfe19685
248,8,2,CA:A4ED,16,15,0,0,0,0,811e953b311b37b17e90dfac01edacc0ee294723cdd02b1fa326ae4fe83aa7f2
248,9,2,CA:A4ED,12,11,0,0,2,4,90e48f82afdab4e340139b867b226c569784dcdac17e560acd8ec80a62b57664
249,0,1,CA:A569,13,12,0,2,2,2,31a84c987ddcd8426066ac426014ea2b5f4351a9936834e2ab2e1fa8882a67f5
249,1,1,CA:A569,18,17,1,0,2,4,cbae036da44853ed864c247e0206c4d02f1f7ce2caa0574274826bfc69287592
249,2,1,CA:A569,11,10,1,0,2,2,1dad035e6bec115f169f4b71c3d317c972cff44b08fdb38fa35fac15202193c3
249,3,1,CA:A569,17,16,1,2,2,2,c3c065b03f7c218d4a9a925011c00ad3fcd2ec0c065c79c5eaa9b8f0db1801d1
249,4,1,CA:A569,18,17,1,0,2,4,4d52952a85d945d36ce35b2846fbb4f39011a1212c7d140a20c048c029b15880
249,5,1,CA:A569,15,14,1,1,2,2,120655b07b66bbd7ec993e9238444f5cc864e893d2988245be9baf27cfb339b1
249,6,1,CA:A569,17,16,1,0,2,4,a2ce8bc77c4378f1c9f92698b1fe123abb10520d8e3856ea76490cad68fedf82
249,7,1,CA:A569,18,17,1,0,2,4,08430397f83e43186d9cbff3d73c546bf66e427ee0349568e2f8cbb14abb69e9
