family_id,family_hex,subindex,subindex_hex,evidence_classes,consumer_domains,player_visible,script_pattern_hits,script_callsite_count,patterns,script_cpus,direct_callsite_count,direct_call_cpus,direct_family_sources,source_root,source_mode,selection,selected_source_cpu,token_count,token_sha256,evidence_sources,details
0,0x00,37,0x25,confirmed_static,recursive_token02,unknown,0,0,,,0,,,C7:02EE,0,normal_master,C7:0477,5,93363cb3df5bf4df02f373a96d9da4543553f9e9c523278f208be26c0b33bc85,data/weapon_special/vol015_trace/shinmomo_vol015_dispatch_token_trace/shinmomo_vol015_dispatch_token_trace_report_20260430.md,"token 02 C5 -> value 25 -> family type01 fallback -> C7:0000[0], record C7:0477"
2,0x02,6,0x06,confirmed_direct_source_call,display_token_pipeline,strong_visible_text,0,0,,,1,C5:AEA9,C5:AE9A,C7:0A0A,2,normal_master,C7:0A39,10,e819549ad472cddf787f3f843d06eca6cd67b6a8b95b616cb4d643c4d1fa98d3,,
2,0x02,19,0x13,confirmed_direct_source_call,display_token_pipeline,strong_visible_text,0,0,,,1,C6:9541,C6:9535,C7:0A0A,2,normal_master,C7:0AA5,8,d6c1172b152049a516b18f3702429caf8bb2387bf2d370565c07384985e92441,,
2,0x02,100,0x64,defined_override,AE3A_special_override,unknown,0,0,,,0,,,C7:0A0A,2,special_override,7E:3D50,,,,
2,0x02,103,0x67,confirmed_direct_source_call,generic_family2_selector,unknown,0,0,,,1,C1:B6DF,wrapper_fixed_02,C7:0A0A,2,normal_master,C7:0E07,6,24ec3cac6e5475f7efaf1c563810c63684f7f8de48e48d9aa337339b7c8676a7,,
2,0x02,104,0x68,confirmed_direct_source_call,generic_family2_selector,unknown,0,0,,,1,C1:B89C,wrapper_fixed_02,C7:0A0A,2,normal_master,C7:0E0A,13,e04b7b9a96786792ba1142e4159e8bc8dbddb2d1c6ae586817dbe4562ee7631e,,
2,0x02,108,0x6C,confirmed_direct_source_call,generic_family2_selector,unknown,0,0,,,1,C1:A31F,wrapper_fixed_02,C7:0A0A,2,normal_master,C7:0E3A,1,6e340b9cffb37a989ca544e6bb780a2c78901d3fb33738768511a30617afa01d,,
2,0x02,109,0x6D,confirmed_direct_source_call,generic_family2_selector,unknown,0,0,,,1,C1:B64C,wrapper_fixed_02,C7:0A0A,2,normal_master,C7:0E3A,5,23a43fc25ab8ebf8ea30d937a6864c5bcb783a2b8650a702c0df8235d2b23c8b,,
2,0x02,114,0x72,confirmed_direct_source_call,generic_family2_selector,unknown,0,0,,,1,C3:A5FF,wrapper_fixed_02,C7:0A0A,2,normal_master,C7:0E77,63,b02caaa80104b03aad80256e6367754d21912af1e7cedd6a36938ae7e005f594,,
2,0x02,117,0x75,confirmed_direct_source_call,generic_family2_selector,unknown,0,0,,,1,C5:9E84,wrapper_fixed_02,C7:0A0A,2,normal_master,C7:0EAE,2,0b926620431171ec5fbd44a461a2405ea7c3cd3ff0c30d297edc2599b05d62e1,,
2,0x02,118,0x76,confirmed_direct_source_call,generic_family2_selector,unknown,0,0,,,1,C1:E37C,wrapper_fixed_02,C7:0A0A,2,normal_master,C7:0EAF,7,2ffaa4c74013eaeb174e1046e4c90059786efa63adc3ff00085783bd9ecbc225,,
2,0x02,120,0x78,confirmed_direct_source_call,generic_family2_selector,unknown,0,0,,,1,C1:E41A,wrapper_fixed_02,C7:0A0A,2,normal_master,C7:0EDC,14,3d3f93737ed525753881e19cda9943fd35560ee6d5f54969de33e4461af23de1,,
2,0x02,121,0x79,confirmed_direct_source_call,generic_family2_selector,unknown,0,0,,,1,C1:E434,wrapper_fixed_02,C7:0A0A,2,normal_master,C7:0EE4,113,97ad527c13c751aa014337c070129f868ee5269eb48457d0ffb0d3ffa179c123,,
2,0x02,122,0x7A,confirmed_direct_source_call,generic_family2_selector,unknown,0,0,,,1,C1:E442,wrapper_fixed_02,C7:0A0A,2,normal_master,C7:0F2C,6,ea36dc85a188865ad9ad944ca2617176703e94b036bc7a2017fe35e74a292c41,,
2,0x02,123,0x7B,confirmed_direct_source_call,generic_family2_selector,unknown,0,0,,,1,C3:A0BB,wrapper_fixed_02,C7:0A0A,2,normal_master,C7:0F30,16,2fdc1d770da9c1fc6bc999c5150bc28248bd9966a11f30e6b9988e44bf112b94,,
2,0x02,124,0x7C,confirmed_direct_source_call,generic_family2_selector,unknown,0,0,,,1,C1:F11E,wrapper_fixed_02,C7:0A0A,2,normal_master,C7:0F3A,36,1635d1a401e0e4d9b6fb343a0d02176bbbdab423671db3f42a632ad3c489f1c1,,
2,0x02,125,0x7D,confirmed_direct_source_call,generic_family2_selector,unknown,0,0,,,1,C5:9EE3,wrapper_fixed_02,C7:0A0A,2,normal_master,C7:0F55,11,960f7481478d48f5b561f6394d0b869e7ce74efcffd8d8328bf5f6b0af01146f,,
2,0x02,148,0x94,confirmed_direct_source_call,display_token_pipeline,empty_display_source,0,0,,,1,C5:D0D9,C5:D0C1,C7:0A0A,2,normal_master,C7:10C8,1,6e340b9cffb37a989ca544e6bb780a2c78901d3fb33738768511a30617afa01d,,
2,0x02,163,0xA3,confirmed_direct_source_call,display_token_pipeline,strong_visible_text,0,0,,,1,C5:D6DE,C5:D6D9,C7:0A0A,2,normal_master,C7:1175,2,86c11f10c038a75279e64a09cbc5cacb478a9af27d1b5cce1d1b1cc7e23a1b81,,
4,0x04,16,0x10,defined_override,AE3A_special_override,unknown,0,0,,,0,,,C7:0E5F,0,special_override,7E:3D2B,,,,
4,0x04,23,0x17,defined_override,AE3A_special_override,unknown,0,0,,,0,,,C7:0E5F,0,special_override,7E:3D35,,,,
4,0x04,24,0x18,defined_override,AE3A_special_override,unknown,0,0,,,0,,,C7:0E5F,0,special_override,7E:3D3B,,,,
4,0x04,25,0x19,defined_override,AE3A_special_override,unknown,0,0,,,0,,,C7:0E5F,0,special_override,7E:3D41,,,,
4,0x04,56,0x38,confirmed_direct_source_call,display_token_pipeline,strong_visible_text,0,0,,,1,C4:E720,C4:E70B,C7:0E5F,0,normal_master,C7:0F9C,10,31ff7c4f665d16c199d41a219b2fb43c7204c4e160afa01516f487a32a3540f3,,
5,0x05,0,0x00,confirmed_direct_source_call,generic_source_selector,unknown,0,0,,,1,C2:A06A,C2:A065,C7:1086,0,normal_master,C7:1087,1,6e340b9cffb37a989ca544e6bb780a2c78901d3fb33738768511a30617afa01d,,
6,0x06,120,0x78,defined_override,AE3A_special_override,unknown,0,0,,,0,,,C7:16ED,2,special_override,7E:3D5A,,,,
6,0x06,123,0x7B,defined_override,AE3A_special_override,unknown,0,0,,,0,,,C7:16ED,2,special_override,7E:3D55,,,,
6,0x06,169,0xA9,defined_override,AE3A_special_override,unknown,0,0,,,0,,,C7:16ED,2,special_override,7E:3D5F,,,,
6,0x06,247,0xF7,defined_override,AE3A_special_override,unknown,0,0,,,0,,,C7:16ED,2,special_override,7E:3D64,,,,
8,0x08,12,0x0C,defined_override,AE3A_special_override,unknown,0,0,,,0,,,C7:20D0,0,special_override,7E:3D47,,,,
20,0x14,0,0x00,high_conf_static_A4,script_pack_A4_source_selection,unknown,1,1,A4_xx_B2_dd_A4_yy:first,CA:CC76,0,,,C7:7027,0,normal_master,C7:7028,13,6b763b5fc67f915eaab65847819040cb7fb911c04d0595fc0d2005b5e5dc3d21,,
20,0x14,1,0x01,high_conf_static_A4,script_pack_A4_source_selection,unknown,1,1,A4_xx_B2_dd_A4_yy:second,CA:CC7A,0,,,C7:7027,0,normal_master,C7:7035,26,b9f6768a1d31b50a0e5a5ee825eb7ccb6edf15fe35d1b512f662f1d25d0d77a6,,
20,0x14,2,0x02,high_conf_static_A4,script_pack_A4_source_selection,unknown,1,1,A4_xx_B2_dd_A4_yy:first,CA:CC80,0,,,C7:7027,0,normal_master,C7:704F,19,bbe8fa2d8843c7f804a804c05232ff4ac2f45a58d53d1596c47687528da965f5,,
20,0x14,3,0x03,high_conf_static_A4,script_pack_A4_source_selection,unknown,1,1,A4_xx_B2_dd_A4_yy:second,CA:CC84,0,,,C7:7027,0,normal_master,C7:7062,12,7803aede261645a7442cd586cac4ff3cf000cb3b2a7cc64675060df6dfabc93d,,
20,0x14,4,0x04,high_conf_static_A4,script_pack_A4_source_selection,unknown,1,1,A4_xx_B2_dd_A4_yy:first,CA:CC8A,0,,,C7:7027,0,normal_master,C7:706E,15,569a87e471cd0a2680e11675d7f05f1cab2c9ea5d0c2b59155c02fbb09fe9efb,,
20,0x14,5,0x05,high_conf_static_A4,script_pack_A4_source_selection,unknown,1,1,A4_xx_B2_dd_A4_yy:second,CA:CC8E,0,,,C7:7027,0,normal_master,C7:707D,20,47ec8196fd2c3292e8e460bd62975f0454aedc124dfea9277edd3d8fcd27fb1b,,
20,0x14,6,0x06,high_conf_static_A4,script_pack_A4_source_selection,unknown,1,1,A4_xx_B2_dd_A4_yy:first,CA:CC94,0,,,C7:7027,0,normal_master,C7:7091,19,e141edb71a25e0f2a190f43f16e4961e170cc49cd2649df7d2a49fab707f83b6,,
20,0x14,7,0x07,high_conf_static_A4,script_pack_A4_source_selection,unknown,1,1,A4_xx_B2_dd_A4_yy:second,CA:CC98,0,,,C7:7027,0,normal_master,C7:70A4,21,284a38f1e4e9424472e299a5157acd993898e4e643002b514af5b19bc9d0460f,,
20,0x14,8,0x08,high_conf_static_A4,script_pack_A4_source_selection,unknown,1,1,A4_xx_B2_dd_A4_yy:first,CA:CC9E,0,,,C7:7027,0,normal_master,C7:70B9,15,8930120b2fe4e2617307c264223adac92bb299af98cba2336a7d636ecaca0724,,
20,0x14,9,0x09,high_conf_static_A4,script_pack_A4_source_selection,unknown,1,1,A4_xx_B2_dd_A4_yy:second,CA:CCA2,0,,,C7:7027,0,normal_master,C7:70C8,23,0dbac76629b2df10f8512c7ae61027a2904264f83b2769a6c1ae565ab227873b,,
20,0x14,10,0x0A,high_conf_static_A4,script_pack_A4_source_selection,unknown,1,1,A4_xx_B2_dd_A4_yy:first,CA:CCAD,0,,,C7:7027,0,normal_master,C7:70DF,19,988efc214e7c21b3af3e0af9e24fe4258832e14e699fd4b2151e6ea74214f55c,,
20,0x14,11,0x0B,high_conf_static_A4,script_pack_A4_source_selection,unknown,1,1,A4_xx_B2_dd_A4_yy:second,CA:CCB1,0,,,C7:7027,0,normal_master,C7:70F2,32,ceed62dabfbf2ce24b7c3a6160eae5ade5a6796071ffc76e5f4b20b57ed463ea,,
20,0x14,24,0x18,high_conf_static_A4,script_pack_A4_source_selection,unknown,1,1,A4_xx_B0,CA:CDDE,0,,,C7:7027,0,normal_master,C7:72A7,35,8ee5572f30105dddf7a807e64c7ff8fb7a1ceec67ef42ef7cf303e5dedd53680,,
20,0x14,25,0x19,high_conf_static_A4,script_pack_A4_source_selection,unknown,1,1,A4_xx_B2_dd_A4_yy:first,CA:CE06,0,,,C7:7027,0,normal_master,C7:72CA,46,2d0162a12f63d01a4ab883945f4533f76742713b608b1c4dc4989cdbe7ce8143,,
20,0x14,26,0x1A,high_conf_static_A4,script_pack_A4_source_selection,unknown,1,1,A4_xx_B2_dd_A4_yy:second,CA:CE0A,0,,,C7:7027,0,normal_master,C7:72F8,31,0024a81f10e28a0402bdebe69f7e33a2b0790afae865e2d1a3b092f63a472cfa,,
20,0x14,27,0x1B,high_conf_static_A4,script_pack_A4_source_selection,unknown,1,1,A4_xx_B2_dd_A4_yy:first,CA:CE1D,0,,,C7:7027,0,normal_master,C7:7317,44,3f6ec126531cfe4787dd3b2d947eeff1418d1404dec68ad6cbf028607cc3ba50,,
20,0x14,28,0x1C,high_conf_static_A4,script_pack_A4_source_selection,unknown,1,1,A4_xx_B2_dd_A4_yy:second,CA:CE21,0,,,C7:7027,0,normal_master,C7:7343,25,23a999857bf58fbc70c91283cb8d126644c5da375ed90d249e4e629d2cff3daa,,
20,0x14,29,0x1D,high_conf_static_A4,script_pack_A4_source_selection,unknown,1,1,A4_xx_B2_dd_A4_yy:first,CA:CE34,0,,,C7:7027,0,normal_master,C7:735C,32,0d427b3c10171763280255a2ad403f5b8045ac77cb96be4a3feba1daae5c2053,,
20,0x14,30,0x1E,high_conf_static_A4,script_pack_A4_source_selection,unknown,1,1,A4_xx_B2_dd_A4_yy:second,CA:CE38,0,,,C7:7027,0,normal_master,C7:737C,31,97aa9bedd3eb5e3c2fb2c9502892efb476fdaffe28c7376b677e8cdff7dfdf18,,
20,0x14,33,0x21,high_conf_static_A4,script_pack_A4_source_selection,unknown,1,1,A4_xx_B2_dd_A4_yy:first,CA:CE62,0,,,C7:7027,0,normal_master,C7:73D8,33,00b20242eb05920f8bbbc3b70e373edb6f82388380f18c266b248cce384e653a,,
20,0x14,34,0x22,high_conf_static_A4,script_pack_A4_source_selection,unknown,2,1,A4_xx_B0;A4_xx_B2_dd_A4_yy:second,CA:CE66,0,,,C7:7027,0,normal_master,C7:73F9,32,7ce070f48d668e1c0221112d43c8290540672f4601926041077321ced002db41,,
20,0x14,36,0x24,high_conf_static_A4,script_pack_A4_source_selection,unknown,1,1,A4_xx_B0,CA:CE79,0,,,C7:7027,0,normal_master,C7:743E,16,4debbdb451777c52ef2ff3041ebcbdd18ff6dfa960c58aa794e2676796bae046,,
20,0x14,39,0x27,high_conf_static_A4,script_pack_A4_source_selection,unknown,1,1,A4_xx_B0,CA:CED9,0,,,C7:7027,0,normal_master,C7:7482,24,6356f5b6b169d71c7e9c9f814ed0d2b73c8f22f0330fd7a828b543373ed91aa7,,
20,0x14,40,0x28,high_conf_static_A4,script_pack_A4_source_selection,unknown,1,1,A4_xx_B0,CA:CEDC,0,,,C7:7027,0,normal_master,C7:749A,39,7a44cd9c53f08d2974e6a41ac64ecdb3ab06611b88da7cfe1a388f745d3bcef8,,
20,0x14,41,0x29,high_conf_static_A4,script_pack_A4_source_selection,unknown,1,1,A4_xx_B0,CA:CEE7,0,,,C7:7027,0,normal_master,C7:74C1,26,c4bdf06b4c5aaca52cde61620863488c5b007d1c4d8b238ad8cae6714f25b3e7,,
20,0x14,42,0x2A,high_conf_static_A4,script_pack_A4_source_selection,unknown,1,1,A4_xx_B0,CA:CEF2,0,,,C7:7027,0,normal_master,C7:74DB,33,221c6025f4ba3dea05bea4eb03e8ad23be95aaf9c4be2b3e035110756a1dddf3,,
20,0x14,45,0x2D,high_conf_static_A4,script_pack_A4_source_selection,unknown,1,1,A4_xx_B2_dd_A4_yy:first,CA:CF1B,0,,,C7:7027,0,normal_master,C7:7547,47,8e96f582651800a30aed5cc4ae1b0318025881d5c31670e4cd29405b67b2ac7a,,
20,0x14,46,0x2E,high_conf_static_A4,script_pack_A4_source_selection,unknown,2,1,A4_xx_B0;A4_xx_B2_dd_A4_yy:second,CA:CF1F,0,,,C7:7027,0,normal_master,C7:7576,89,25db27fce149dacc0fd29d1078379096de6c5b3655c02eadf811bc9b370e67e5,,
20,0x14,47,0x2F,high_conf_static_A4,script_pack_A4_source_selection,unknown,1,1,A4_xx_B0,CA:CF26,0,,,C7:7027,0,normal_master,C7:75CF,36,291ae83230529d70f1d646f69a41d57c9f20242279a241d431dcebe282ae3aaa,,
20,0x14,53,0x35,high_conf_static_A4,script_pack_A4_source_selection,unknown,1,1,A4_xx_B0,CA:CF97,0,,,C7:7027,0,normal_master,C7:76C7,44,5b8e8daf0aaecca319c3f5d101c97fcc015d19869a15c6d0ac3b9610cd2debf8,,
20,0x14,54,0x36,high_conf_static_A4,script_pack_A4_source_selection,unknown,1,1,A4_xx_B0,CA:CF9B,0,,,C7:7027,0,normal_master,C7:76F3,26,03e39587c7a58886beb39a4020a7c9889df0486873a331dfe5377dde58220fb1,,
20,0x14,55,0x37,high_conf_static_A4,script_pack_A4_source_selection,unknown,1,1,A4_xx_B0,CA:CF9F,0,,,C7:7027,0,normal_master,C7:770D,42,9d98c366528f44dc31ba28319f7efa6f98c606ef7321d99476c66206793ba1f5,,
20,0x14,58,0x3A,high_conf_static_A4,script_pack_A4_source_selection,unknown,1,1,A4_xx_B0,CA:CFE8,0,,,C7:7027,0,normal_master,C7:7772,21,9b776b684fcb1b2c1041590409692023058a1dbe5ec773090ba4867fb9c71c7c,,
20,0x14,66,0x42,high_conf_static_A4,script_pack_A4_source_selection,unknown,1,1,A4_xx_B0,CA:D0D2,0,,,C7:7027,0,normal_master,C7:783E,40,8cb7f5a027d10efb17543e054ca906c83a67028e0f3118781cbffa6717551b3d,,
20,0x14,72,0x48,high_conf_static_A4,script_pack_A4_source_selection,unknown,1,1,A4_xx_B0,CA:D1B7,0,,,C7:7027,0,normal_master,C7:7924,41,803628876199d5658e5947a996a3510d0f5e2e1c3ae0c401299e6ed59ee70be3,,
20,0x14,73,0x49,high_conf_static_A4,script_pack_A4_source_selection,unknown,1,1,A4_xx_B0,CA:D1BE,0,,,C7:7027,0,normal_master,C7:794D,29,f66c427402978184792f426482022829719d2e7556e75762b23b635530eba242,,
20,0x14,83,0x53,high_conf_static_A4,script_pack_A4_source_selection,unknown,1,1,A4_xx_B2_dd_A4_yy:first,CA:D28F,0,,,C7:7027,0,normal_master,C7:7A9B,42,db81897c382842fdfe812f3936a016fe9cd99e1933dd3ba922975f91ff43b6cc,,
20,0x14,84,0x54,high_conf_static_A4,script_pack_A4_source_selection,unknown,1,1,A4_xx_B2_dd_A4_yy:second,CA:D293,0,,,C7:7027,0,normal_master,C7:7AC5,41,8664a7288fd7f294d38a3afd416bcf7c48d6b46469a530157ae69f597b369ed0,,
20,0x14,85,0x55,high_conf_static_A4,script_pack_A4_source_selection,unknown,1,1,A4_xx_B2_dd_A4_yy:first,CA:D2A1,0,,,C7:7027,0,normal_master,C7:7AEE,43,d602fa89cb7d7e09e6f78e6be012aebc3f25b62bdad9203529197e4dac2f10aa,,
20,0x14,86,0x56,high_conf_static_A4,script_pack_A4_source_selection,unknown,1,1,A4_xx_B2_dd_A4_yy:second,CA:D2A5,0,,,C7:7027,0,normal_master,C7:7B19,41,4c6c1ba0054d9dd52698b6ce251954e924fd5f2a0bb8c20874462432f44c0b55,,
20,0x14,87,0x57,high_conf_static_A4,script_pack_A4_source_selection,unknown,1,1,A4_xx_B2_dd_A4_yy:first,CA:D2B3,0,,,C7:7027,0,normal_master,C7:7B42,27,8fa3d58c16f926f0e1016cbbff89de847a7d2e6bd0a9a9538649f89dac159439,,
20,0x14,88,0x58,high_conf_static_A4,script_pack_A4_source_selection,unknown,1,1,A4_xx_B2_dd_A4_yy:second,CA:D2B7,0,,,C7:7027,0,normal_master,C7:7B5D,43,1a9cdcee875b417fad3e8f2657a61ca2f2aad5a86712461ae1326a727349e0c4,,
20,0x14,89,0x59,high_conf_static_A4,script_pack_A4_source_selection,unknown,1,1,A4_xx_B2_dd_A4_yy:first,CA:D2C5,0,,,C7:7027,0,normal_master,C7:7B88,31,3fc6dd4a33c3033cb7d9f287f7e18fe94138b9bc9930868b277a958607b17019,,
20,0x14,90,0x5A,high_conf_static_A4,script_pack_A4_source_selection,unknown,1,1,A4_xx_B2_dd_A4_yy:second,CA:D2C9,0,,,C7:7027,0,normal_master,C7:7BA7,29,77b8e996df11eb90daa9c54cf3c82a655ecf4df7999cf18a4cd05c71c6943055,,
20,0x14,91,0x5B,high_conf_static_A4,script_pack_A4_source_selection,unknown,1,1,A4_xx_B2_dd_A4_yy:first,CA:D2D7,0,,,C7:7027,0,normal_master,C7:7BC4,20,d7cc51ec598c1d17ff203aa6ef6f6c33b4097b173369f194630dd6f6c56bff62,,
20,0x14,92,0x5C,high_conf_static_A4,script_pack_A4_source_selection,unknown,1,1,A4_xx_B2_dd_A4_yy:second,CA:D2DB,0,,,C7:7027,0,normal_master,C7:7BD8,21,d0db97ad32025e867083dc28cffbd953433c237200573e27aa862a1710ac5080,,
20,0x14,93,0x5D,high_conf_static_A4,script_pack_A4_source_selection,unknown,1,1,A4_xx_B2_dd_A4_yy:first,CA:D2E9,0,,,C7:7027,0,normal_master,C7:7BED,21,4478e4ee2081e96f55041d7ce841b217e0bc70149c45222a9a66e1fa0fc2f234,,
20,0x14,94,0x5E,high_conf_static_A4,script_pack_A4_source_selection,unknown,1,1,A4_xx_B2_dd_A4_yy:second,CA:D2ED,0,,,C7:7027,0,normal_master,C7:7C02,19,e26b79250e52de117c27790950b66d78896440e0fe8c2771572d3bcd46419e47,,
20,0x14,95,0x5F,high_conf_static_A4,script_pack_A4_source_selection,unknown,1,1,A4_xx_B2_dd_A4_yy:first,CA:D2FB,0,,,C7:7027,0,normal_master,C7:7C15,26,ffee9309b2592abaab86f7fb01b075ab7a252a51952c9e11874d322d5382e47e,,
20,0x14,96,0x60,high_conf_static_A4,script_pack_A4_source_selection,unknown,1,1,A4_xx_B2_dd_A4_yy:second,CA:D2FF,0,,,C7:7027,0,normal_master,C7:7C2F,22,65a5d2544b0d301da2011282e4aa37fa94287529ec478111447275530a0e6d6a,,
20,0x14,97,0x61,high_conf_static_A4,script_pack_A4_source_selection,unknown,1,1,A4_xx_B2_dd_A4_yy:first,CA:D30D,0,,,C7:7027,0,normal_master,C7:7C45,19,916e0c381084fea75d9cd7a244936f2a5178a4fc480c06e1f03ea12f22b1881c,,
20,0x14,98,0x62,high_conf_static_A4,script_pack_A4_source_selection,unknown,1,1,A4_xx_B2_dd_A4_yy:second,CA:D311,0,,,C7:7027,0,normal_master,C7:7C58,38,2e22cf7d88aec0bb916ac27dff3564dd9c169a83d0204e5915c9d7656abd7411,,
20,0x14,99,0x63,high_conf_static_A4,script_pack_A4_source_selection,unknown,1,1,A4_xx_B2_dd_A4_yy:first,CA:D317,0,,,C7:7027,0,normal_master,C7:7C7E,15,72540e7e786f512c0c454114dfd92d7164b7d725881e81f2f5dd23f069b5a7da,,
20,0x14,100,0x64,high_conf_static_A4,script_pack_A4_source_selection,unknown,1,1,A4_xx_B2_dd_A4_yy:second,CA:D31B,0,,,C7:7027,0,normal_master,C7:7C8D,32,46b257a4191d3040e4ba2e4ea5b407a5a7ad0132455c48a12bd1d7b3ea4baf56,,
20,0x14,101,0x65,high_conf_static_A4,script_pack_A4_source_selection,unknown,1,1,A4_xx_B2_dd_A4_yy:first,CA:D329,0,,,C7:7027,0,normal_master,C7:7CAD,15,72540e7e786f512c0c454114dfd92d7164b7d725881e81f2f5dd23f069b5a7da,,
20,0x14,102,0x66,high_conf_static_A4,script_pack_A4_source_selection,unknown,1,1,A4_xx_B2_dd_A4_yy:second,CA:D32D,0,,,C7:7027,0,normal_master,C7:7CBC,41,f99be352700acb2e1d01e19664740d98fca32c3baabb6db4df75f6fc297ad0a6,,
20,0x14,103,0x67,high_conf_static_A4,script_pack_A4_source_selection,unknown,1,1,A4_xx_B2_dd_A4_yy:first,CA:D33B,0,,,C7:7027,0,normal_master,C7:7CE5,31,3c9347e30f3534b08ad521578f3c781b10d9bd13ad7f257d3b7b7977ed7394bb,,
20,0x14,104,0x68,high_conf_static_A4,script_pack_A4_source_selection,unknown,1,1,A4_xx_B2_dd_A4_yy:second,CA:D33F,0,,,C7:7027,0,normal_master,C7:7D04,28,4edc20478d2ff8a1d6ee94c04f2bd9bcd82a4ab01a05a55a66e839ed8990d610,,
20,0x14,105,0x69,high_conf_static_A4,script_pack_A4_source_selection,unknown,1,1,A4_xx_B2_dd_A4_yy:first,CA:D34D,0,,,C7:7027,0,normal_master,C7:7D20,35,6fcfced9662c665941bee58b6d0cb56ac138d92b5785d734ef0471c34301766a,,
20,0x14,106,0x6A,high_conf_static_A4,script_pack_A4_source_selection,unknown,1,1,A4_xx_B2_dd_A4_yy:second,CA:D351,0,,,C7:7027,0,normal_master,C7:7D43,35,c07a4f096f71100e89187540cc99839b9f58deafa122acd6c91a5f54b3b9fc02,,
20,0x14,107,0x6B,high_conf_static_A4,script_pack_A4_source_selection,unknown,1,1,A4_xx_B2_dd_A4_yy:first,CA:D35F,0,,,C7:7027,0,normal_master,C7:7D66,32,be65a818aa2479aceb402b1cb24b173f86260b549e713adbefe37ce9b201ab6c,,
20,0x14,108,0x6C,high_conf_static_A4,script_pack_A4_source_selection,unknown,1,1,A4_xx_B2_dd_A4_yy:second,CA:D363,0,,,C7:7027,0,normal_master,C7:7D86,34,eb9025e33d773f28d4a52aac9a883869bf061d56bf3d7c6949b8e950bc3d0eda,,
20,0x14,109,0x6D,high_conf_static_A4,script_pack_A4_source_selection,unknown,1,1,A4_xx_B2_dd_A4_yy:first,CA:D371,0,,,C7:7027,0,normal_master,C7:7DA8,22,e45faae42b67164e48b835e6cad729c00cb9fe80cafa83d51b10595629d878ca,,
20,0x14,110,0x6E,high_conf_static_A4,script_pack_A4_source_selection,unknown,1,1,A4_xx_B2_dd_A4_yy:second,CA:D375,0,,,C7:7027,0,normal_master,C7:7DBE,34,09fc87fc7ddfa3ba6c9cc42bbb0be14fd1eca9e7a201ed6ecaef2ad83b09bd24,,
20,0x14,111,0x6F,high_conf_static_A4,script_pack_A4_source_selection,unknown,1,1,A4_xx_B2_dd_A4_yy:first,CA:D383,0,,,C7:7027,0,normal_master,C7:7DE0,22,4f8039c966fe486dfdfa8bbf0a82e07a119990c9bd47a09c32f90f149e7ab4fc,,
20,0x14,112,0x70,high_conf_static_A4,script_pack_A4_source_selection,unknown,1,1,A4_xx_B2_dd_A4_yy:second,CA:D387,0,,,C7:7027,0,normal_master,C7:7DF6,24,952134035e97f1f15962d2893835bc70d6831b8b8d8994bc1f32575041f5da3a,,
20,0x14,113,0x71,high_conf_static_A4,script_pack_A4_source_selection,unknown,1,1,A4_xx_B2_dd_A4_yy:first,CA:D395,0,,,C7:7027,0,normal_master,C7:7E0E,29,118beaf4a32d03b8c6b004a5f6ee50b8aa67993d46f91f340e4b30baa06c13e0,,
20,0x14,114,0x72,high_conf_static_A4,script_pack_A4_source_selection,unknown,1,1,A4_xx_B2_dd_A4_yy:second,CA:D399,0,,,C7:7027,0,normal_master,C7:7E2B,17,0dddc47012fa2bfbb53d09d155747d36deeeaaba78688b9efa48723d3e553e98,,
20,0x14,115,0x73,high_conf_static_A4,script_pack_A4_source_selection,unknown,1,1,A4_xx_B2_dd_A4_yy:first,CA:D3A7,0,,,C7:7027,0,normal_master,C7:7E3C,32,f93b8462a2d7124ee039accde97651a48a308c1bd894945397cf58e0be13b2b8,,
20,0x14,116,0x74,high_conf_static_A4,script_pack_A4_source_selection,unknown,1,1,A4_xx_B2_dd_A4_yy:second,CA:D3AB,0,,,C7:7027,0,normal_master,C7:7E5C,20,22306d75bac2cbc3b83c8d1795775b999cab986b36a992fabbea85b1db6a7a86,,
20,0x14,117,0x75,high_conf_static_A4,script_pack_A4_source_selection,unknown,1,1,A4_xx_B2_dd_A4_yy:first,CA:D3B9,0,,,C7:7027,0,normal_master,C7:7E70,32,1458690987690b951d54b2a9fd00364a4a113a4af28148dcc6b9dd493718e0ee,,
20,0x14,118,0x76,high_conf_static_A4,script_pack_A4_source_selection,unknown,1,1,A4_xx_B2_dd_A4_yy:second,CA:D3BD,0,,,C7:7027,0,normal_master,C7:7E90,20,afe03a149dc75a122fe56ecc1bdfdbf9ecd735fa3ddcebe0a040cdf67eafb748,,
20,0x14,119,0x77,high_conf_static_A4,script_pack_A4_source_selection,unknown,1,1,A4_xx_B2_dd_A4_yy:first,CA:D3CB,0,,,C7:7027,0,normal_master,C7:7EA4,53,af596698a6a3e0725afa679f4d60136fdca62d60522084ad46d61ebf7bd25d9c,,
20,0x14,120,0x78,high_conf_static_A4,script_pack_A4_source_selection,unknown,1,1,A4_xx_B2_dd_A4_yy:second,CA:D3CF,0,,,C7:7027,0,normal_master,C7:7ED9,22,51593cccd30e63605debd84df9f6da84c427bbc9a1526dc2313f7aa0301c7e18,,
20,0x14,122,0x7A,high_conf_static_A4,script_pack_A4_source_selection,unknown,1,1,A4_xx_B0,CA:D409,0,,,C7:7027,0,normal_master,C7:7F09,24,952134035e97f1f15962d2893835bc70d6831b8b8d8994bc1f32575041f5da3a,,
20,0x14,127,0x7F,high_conf_static_A4,script_pack_A4_source_selection,unknown,1,1,A4_xx_B0,CA:D4BD,0,,,C7:7027,0,normal_master,C7:7FAC,21,39b902b5e6aa9fdf2e66dcfa27acc4d7bc29a34e8a2e7b367be054b4fbd10b32,,
20,0x14,129,0x81,high_conf_static_A4,script_pack_A4_source_selection,unknown,1,1,A4_xx_B0,CA:D4F4,0,,,C7:7027,0,normal_master,C7:7FEC,23,928a8785c3a4165786db9444c73d73b3e3c21aa18490763eafc9f1f98288abc7,,
20,0x14,131,0x83,high_conf_static_A4,script_pack_A4_source_selection,unknown,1,1,A4_xx_B0,CA:D52A,0,,,C7:7027,0,normal_master,C7:802B,17,50c1d82c22aff57432653a4888647eb3bf0769014edb95e456eee1ea1ec8d678,,
20,0x14,134,0x86,high_conf_static_A4,script_pack_A4_source_selection,unknown,1,1,A4_xx_B0,CA:D560,0,,,C7:7027,0,normal_master,C7:807E,32,9e536b036e2b81e55339ec68c92ee64e1bbd105d1aea9a79ec2340fefe157af0,,
20,0x14,135,0x87,high_conf_static_A4,script_pack_A4_source_selection,unknown,1,1,A4_xx_B0,CA:D56D,0,,,C7:7027,0,normal_master,C7:809E,31,f4eaf9c890f5974fdd0216f6efe88467abfa0acc23df4917a9e582cb5e4b4b98,,
20,0x14,140,0x8C,high_conf_static_A4,script_pack_A4_source_selection,unknown,1,1,A4_xx_B2_dd_A4_yy:first,CA:D5DC,0,,,C7:7027,0,normal_master,C7:811C,35,ef452b1050bf01b5e2b2fbf2d9652f23f89ae02dc0a4f3dd8e20c91c60a4f364,,
20,0x14,141,0x8D,high_conf_static_A4,script_pack_A4_source_selection,unknown,1,1,A4_xx_B2_dd_A4_yy:second,CA:D5E0,0,,,C7:7027,0,normal_master,C7:813F,34,c196409c508f2778a851784e5625308424b1ec1fd2801246557133c1a5a75ee2,,
20,0x14,142,0x8E,high_conf_static_A4,script_pack_A4_source_selection,unknown,1,1,A4_xx_B0,CA:D5EF,0,,,C7:7027,0,normal_master,C7:8161,43,a872884ee6d6228189ce76af87ed77a19fb73815270879520139d6e533ac34d9,,
20,0x14,150,0x96,high_conf_static_A4,script_pack_A4_source_selection,unknown,1,1,A4_xx_B0,CA:D65C,0,,,C7:7027,0,normal_master,C7:832A,30,8520ad9316e805332c29a059ddedfdb7751823f19afcc878a06491649b1266af,,
20,0x14,152,0x98,high_conf_static_A4,script_pack_A4_source_selection,unknown,1,1,A4_xx_B0,CA:D693,0,,,C7:7027,0,normal_master,C7:8374,38,dbededea888890db9358d98811bbe0bc4f0aff2fb7f6913c8c3258c2671a99de,,
20,0x14,157,0x9D,high_conf_static_A4,script_pack_A4_source_selection,unknown,1,1,A4_xx_B0,CA:D701,0,,,C7:7027,0,normal_master,C7:8445,29,6961b2601d31cce238d516a813b7e0c4c2361d97abe30231ceb3d8722a2663f4,,
20,0x14,159,0x9F,high_conf_static_A4,script_pack_A4_source_selection,unknown,1,1,A4_xx_B0,CA:D72B,0,,,C7:7027,0,normal_master,C7:8488,35,76b48eeea472a8dcdae360ac189c40207ce0163837b86f2dd87974dd1895fc89,,
20,0x14,168,0xA8,high_conf_static_A4,script_pack_A4_source_selection,unknown,1,1,A4_xx_B0,CA:D7EE,0,,,C7:7027,0,normal_master,C7:85B7,35,f42b78d6ce88b2ada81c926f785ca7521a93b55644e515afb77b7aefe9d4bef7,,
20,0x14,171,0xAB,high_conf_static_A4,script_pack_A4_source_selection,unknown,1,1,A4_xx_B0,CA:D818,0,,,C7:7027,0,normal_master,C7:8625,14,3146611dd848b76a9a887d7956d9c7172ff003d02b7c2f1810f2c80f17b54886,,
20,0x14,173,0xAD,high_conf_static_A4,script_pack_A4_source_selection,unknown,1,1,A4_xx_B0,CA:D847,0,,,C7:7027,0,normal_master,C7:8641,18,9f6751cb7580a91449aa5ebedad54b1eb698eb1e271c38fd268255522bdec6f2,,
20,0x14,174,0xAE,high_conf_static_A4,script_pack_A4_source_selection,unknown,1,1,A4_xx_B0,CA:D854,0,,,C7:7027,0,normal_master,C7:8653,22,101ebb0ca6a1b7f652718fa2ccb024321d5766b0aa5f00c97fcde2bcee9fb4b4,,
20,0x14,184,0xB8,high_conf_static_A4,script_pack_A4_source_selection,unknown,1,1,A4_xx_B0,CA:D92C,0,,,C7:7027,0,normal_master,C7:872E,16,dd41ac4ee41acc6b79c8ef02bd029e997c0b912c7de7ed1b1fd94353531c8c55,,
20,0x14,185,0xB9,high_conf_static_A4,script_pack_A4_source_selection,unknown,1,1,A4_xx_B0,CA:D943,0,,,C7:7027,0,normal_master,C7:873E,13,a8090eccd879d98b02f3f841880679b8cf3e3f735e41b357d88bdbc2081d4174,,
20,0x14,186,0xBA,high_conf_static_A4,script_pack_A4_source_selection,unknown,1,1,A4_xx_B0,CA:D94D,0,,,C7:7027,0,normal_master,C7:874B,15,796ea3a00630c1515798318eb8b97810127b3d9d1fd95d955c39b618ddb38e4c,,
20,0x14,187,0xBB,high_conf_static_A4,script_pack_A4_source_selection,unknown,1,1,A4_xx_B0,CA:D96C,0,,,C7:7027,0,normal_master,C7:875A,35,33a0b16123115ae0f60b5f12d23e0c66aa97254b654067849c8b6d0b6689111c,,
20,0x14,188,0xBC,high_conf_static_A4,script_pack_A4_source_selection,unknown,1,1,A4_xx_B0,CA:D977,0,,,C7:7027,0,normal_master,C7:877D,15,089db8e527dbafd6a09bd22e1fab702ec13aa1cfa1839f0280987db6a97f772a,,
20,0x14,190,0xBE,high_conf_static_A4,script_pack_A4_source_selection,unknown,1,1,A4_xx_C0_B5,CA:D9A7,0,,,C7:7027,0,normal_master,C7:879A,16,d37f3ddfe7f68563f9e305aa6332986101126a6bf27e533254a23f27e2711101,,
20,0x14,191,0xBF,high_conf_static_A4,script_pack_A4_source_selection,unknown,1,1,A4_xx_B0,CA:DA52,0,,,C7:7027,0,normal_master,C7:87AA,14,9fbd95347900818e62603e689b5c68a50693c23aa6192e4737b9a6001e5cab0e,,
21,0x15,1,0x01,high_conf_static_A4,script_pack_A4_source_selection,unknown,1,1,A4_xx_C0_B5,CA:DD05,0,,,C7:88B1,0,normal_master,C7:88CD,27,149092f26c28ebd447f095c4628a15b1d32c4c026159866e76060f365cf147a9,,
21,0x15,2,0x02,high_conf_static_A4,script_pack_A4_source_selection,unknown,1,1,A4_xx_B0,CA:DD09,0,,,C7:88B1,0,normal_master,C7:88E8,27,7417e8267373ed0b66feb86038bd51bda69a6ace7386d1a613a21637f98e510f,,
21,0x15,7,0x07,high_conf_static_A4,script_pack_A4_source_selection,unknown,1,1,A4_xx_B2_dd_A4_yy:first,CA:DDC6,0,,,C7:88B1,0,normal_master,C7:8969,28,bfc164b23598db06566f1a7170f1c852f29b6a7d2d4f4b7c1cafa30245b31a4b,,
21,0x15,8,0x08,high_conf_static_A4,script_pack_A4_source_selection,unknown,1,1,A4_xx_B2_dd_A4_yy:second,CA:DDCA,0,,,C7:88B1,0,normal_master,C7:8985,27,7417e8267373ed0b66feb86038bd51bda69a6ace7386d1a613a21637f98e510f,,
21,0x15,9,0x09,high_conf_static_A4,script_pack_A4_source_selection,unknown,1,1,A4_xx_B2_dd_A4_yy:first,CA:DDD4,0,,,C7:88B1,0,normal_master,C7:89A0,29,cf3d947dfc5c9b5192915938981720cdf124504168e1499119963bb5f57110cc,,
21,0x15,10,0x0A,high_conf_static_A4,script_pack_A4_source_selection,unknown,1,1,A4_xx_B2_dd_A4_yy:second,CA:DDD8,0,,,C7:88B1,0,normal_master,C7:89BD,28,c8189be545abc8e369fb0221f3c5be97d4c918645a42ee773d85d2e118f72218,,
21,0x15,11,0x0B,high_conf_static_A4,script_pack_A4_source_selection,unknown,1,1,A4_xx_B0,CA:DE02,0,,,C7:88B1,0,normal_master,C7:89D9,27,7417e8267373ed0b66feb86038bd51bda69a6ace7386d1a613a21637f98e510f,,
21,0x15,12,0x0C,high_conf_static_A4,script_pack_A4_source_selection,unknown,1,1,A4_xx_B0,CA:DF07,0,,,C7:88B1,0,normal_master,C7:89F4,32,2b47bbd6e61599bdf7434f3cfd573cc4f0bf437b2a6eb12304d6e12af2ce628a,,
21,0x15,14,0x0E,high_conf_static_A4,script_pack_A4_source_selection,unknown,1,1,A4_xx_B0,CA:DF95,0,,,C7:88B1,0,normal_master,C7:8A2F,33,ac6b349786033d17a4885ae5937dfdb14aaf560c7ed814ce13c17196454e1cbd,,
21,0x15,15,0x0F,high_conf_static_A4,script_pack_A4_source_selection,unknown,1,1,A4_xx_B0,CA:E01A,0,,,C7:88B1,0,normal_master,C7:8A50,39,7c095671d349df70c14bd58693946e33b058567b127f98f3a5f99235cba0f48d,,
21,0x15,16,0x10,high_conf_static_A4,script_pack_A4_source_selection,unknown,1,1,A4_xx_B0,CA:E08C,0,,,C7:88B1,0,normal_master,C7:8A77,32,7b72432c6baf5915e7a3d5ff566f33c1fa30daf7268a98220dd536b736cad577,,
21,0x15,18,0x12,high_conf_static_A4,script_pack_A4_source_selection,unknown,1,1,A4_xx_B0,CA:E10A,0,,,C7:88B1,0,normal_master,C7:8AAE,37,644c7710913ab0f1478cd9b7f9f60acd3e95108168c444146ce65c78f154f877,,
21,0x15,19,0x13,high_conf_static_A4,script_pack_A4_source_selection,unknown,1,1,A4_xx_B0,CA:E1A1,0,,,C7:88B1,0,normal_master,C7:8AD3,30,371c61a073c3e0ddb8f1c74017a16b357ce9e8465383e1ab3568c344985f18aa,,
21,0x15,20,0x14,high_conf_static_A4,script_pack_A4_source_selection,unknown,1,1,A4_xx_B0,CA:E220,0,,,C7:88B1,0,normal_master,C7:8AF1,44,cc4af168d6000026bfa7b373ec01b95bff3ef1304050b792dfb5bab9361bfdee,,
21,0x15,21,0x15,high_conf_static_A4,script_pack_A4_source_selection,unknown,1,1,A4_xx_B0,CA:E296,0,,,C7:88B1,0,normal_master,C7:8B1D,40,95acec652b82e85e194b3a90cc1004d36e9274b4748b03a34dc00d8a2bb49a5f,,
21,0x15,22,0x16,high_conf_static_A4,script_pack_A4_source_selection,unknown,1,1,A4_xx_B0,CA:E30C,0,,,C7:88B1,0,normal_master,C7:8B45,36,b9c1d172f25ce26c9739fd1ae545d459447ce61f5465988ab8c197cb4120af49,,
21,0x15,23,0x17,high_conf_static_A4,script_pack_A4_source_selection,unknown,1,1,A4_xx_B0,CA:E37E,0,,,C7:88B1,0,normal_master,C7:8B69,27,0811aa69db11b56071cfb37183cdf6c870847f6bac6996bda456282b317b61fd,,
21,0x15,24,0x18,high_conf_static_A4,script_pack_A4_source_selection,unknown,1,1,A4_xx_B0,CA:E3DE,0,,,C7:88B1,0,normal_master,C7:8B84,43,6517e470eb397591d6191ed6d7f502c4a624e4c732a03da40550c1a7af2d01ae,,
21,0x15,25,0x19,high_conf_static_A4,script_pack_A4_source_selection,unknown,1,1,A4_xx_B0,CA:E42A,0,,,C7:88B1,0,normal_master,C7:8BAF,32,b0bc3621300eab6cecf7227be6fc2e5ad9f0dfe39b575caaeef138bfede76f6a,,
21,0x15,27,0x1B,high_conf_static_A4,script_pack_A4_source_selection,unknown,1,1,A4_xx_B0,CA:E48F,0,,,C7:88B1,0,normal_master,C7:8BEB,31,260b29160a8b4eeb0d161196c1d76eebeae5f1df019ff86976005cd11f683ec7,,
21,0x15,29,0x1D,high_conf_static_A4,script_pack_A4_source_selection,unknown,1,1,A4_xx_B0,CA:E4BE,0,,,C7:88B1,0,normal_master,C7:8C26,34,ebba10722bb2d9ef3500a442cd830cba5c794e94d2bcd136d7c7256de5d91375,,
21,0x15,30,0x1E,high_conf_static_A4,script_pack_A4_source_selection,unknown,1,1,A4_xx_B0,CA:E504,0,,,C7:88B1,0,normal_master,C7:8C48,28,c8189be545abc8e369fb0221f3c5be97d4c918645a42ee773d85d2e118f72218,,
21,0x15,31,0x1F,high_conf_static_A4,script_pack_A4_source_selection,unknown,1,1,A4_xx_B0,CA:E54A,0,,,C7:88B1,0,normal_master,C7:8C64,36,fd65d36f5b8af3c663fa63aeca8c81127dbe3b967ef081ee2ad7a24acee53c0c,,
21,0x15,32,0x20,high_conf_static_A4,script_pack_A4_source_selection,unknown,1,1,A4_xx_B0,CA:E590,0,,,C7:88B1,0,normal_master,C7:8C88,28,c8189be545abc8e369fb0221f3c5be97d4c918645a42ee773d85d2e118f72218,,
21,0x15,34,0x22,high_conf_static_A4,script_pack_A4_source_selection,unknown,1,1,A4_xx_B0,CA:E5C8,0,,,C7:88B1,0,normal_master,C7:8CC6,22,f0e5127b9d6afbff8bb0c43c5199549beb56f7a09a5c10384d800b23f18ea1ab,,
21,0x15,35,0x23,high_conf_static_A4,script_pack_A4_source_selection,unknown,1,1,A4_xx_B0,CA:E62B,0,,,C7:88B1,0,normal_master,C7:8CDC,27,7417e8267373ed0b66feb86038bd51bda69a6ace7386d1a613a21637f98e510f,,
21,0x15,36,0x24,high_conf_static_A4,script_pack_A4_source_selection,unknown,1,1,A4_xx_B0,CA:E6B5,0,,,C7:88B1,0,normal_master,C7:8CF7,28,c8189be545abc8e369fb0221f3c5be97d4c918645a42ee773d85d2e118f72218,,
21,0x15,38,0x26,high_conf_static_A4,script_pack_A4_source_selection,unknown,1,1,A4_xx_B0,CA:E6FC,0,,,C7:88B1,0,normal_master,C7:8D14,16,456b721f5518b09c164d6f1a16b07b66f85fe3a343d0fbbece4d37a0fc2a09d0,,
21,0x15,39,0x27,high_conf_static_A4,script_pack_A4_source_selection,unknown,1,1,A4_xx_B0,CA:E740,0,,,C7:88B1,0,normal_master,C7:8D24,3,2b24df82d0e469a909bcafbfd2e271398216c1afbb6796cb7ff8fdfa897d1eea,,
21,0x15,40,0x28,high_conf_static_A4,script_pack_A4_source_selection,unknown,1,1,A4_xx_B0,CA:E7A7,0,,,C7:88B1,0,normal_master,C7:8D27,16,456b721f5518b09c164d6f1a16b07b66f85fe3a343d0fbbece4d37a0fc2a09d0,,
21,0x15,42,0x2A,high_conf_static_A4,script_pack_A4_source_selection,unknown,1,1,A4_xx_C0_B5,CA:E841,0,,,C7:88B1,0,normal_master,C7:8D39,18,f1dd493e2b82b43ae323676d38183606eb489c7d61cd0cca2fecd077c9d3b5bd,,
21,0x15,43,0x2B,high_conf_static_A4,script_pack_A4_source_selection,unknown,1,1,A4_xx_B0,CA:E845,0,,,C7:88B1,0,normal_master,C7:8D4B,20,fb72931539fa351b052e14f5e1bd7cdd8a35d25faf8727196742bda10f3435c4,,
21,0x15,44,0x2C,high_conf_static_A4,script_pack_A4_source_selection,unknown,1,1,A4_xx_B0,CA:E871,0,,,C7:88B1,0,normal_master,C7:8D5F,26,444b272bb76747cb01d2d1f42b33994c65a790442e39a7a286d3a786f12e3c14,,
21,0x15,45,0x2D,high_conf_static_A4,script_pack_A4_source_selection,unknown,1,1,A4_xx_B0,CA:E8BA,0,,,C7:88B1,0,normal_master,C7:8D79,23,ad9a2147dedcf776f3349af37ef9c79e2e253dc6b2b704f1fb937b99a326881c,,
21,0x15,47,0x2F,high_conf_static_A4,script_pack_A4_source_selection,unknown,1,1,A4_xx_B0,CA:E8E9,0,,,C7:88B1,0,normal_master,C7:8DA4,40,4598f453bdb2e484a0a49d920f67951fa512d2e349a554f78039482fc89e3fb7,,
21,0x15,48,0x30,high_conf_static_A4,script_pack_A4_source_selection,unknown,1,1,A4_xx_B0,CA:E936,0,,,C7:88B1,0,normal_master,C7:8DCC,31,0f7c83d5915abba76a99afaf9de6b1f793451a9f450ce70daee3496155fd1458,,
21,0x15,49,0x31,high_conf_static_A4,script_pack_A4_source_selection,unknown,1,1,A4_xx_B0,CA:E960,0,,,C7:88B1,0,normal_master,C7:8DEB,39,2525fef43317b9da5d82875f9ef6903e35578843b006bffcfd32e6083c22d45c,,
21,0x15,50,0x32,high_conf_static_A4,script_pack_A4_source_selection,unknown,1,1,A4_xx_B0,CA:E9D0,0,,,C7:88B1,0,normal_master,C7:8E12,39,ecfb8824262177a57930c501e6b8ff68d614d0c5735114ddc9a0567cd80fe446,,
21,0x15,51,0x33,high_conf_static_A4,script_pack_A4_source_selection,unknown,1,1,A4_xx_B0,CA:EA05,0,,,C7:88B1,0,normal_master,C7:8E39,38,8be21b80a6bb2c8c61cd1cda6e27b73e239a627db9c3e8eebab824b21689e996,,
21,0x15,52,0x34,high_conf_static_A4,script_pack_A4_source_selection,unknown,1,1,A4_xx_B0,CA:EA3A,0,,,C7:88B1,0,normal_master,C7:8E5F,40,9574d4ab5393bce476e86294ae6e4798a7345d41dd31ed76783663e6e6f4686d,,
21,0x15,53,0x35,high_conf_static_A4,script_pack_A4_source_selection,unknown,1,1,A4_xx_B0,CA:EA6E,0,,,C7:88B1,0,normal_master,C7:8E87,40,4703bb7db7631d287a12a8e0251bdd542511b8ff6b63e438ed0f8d3557714511,,
21,0x15,55,0x37,high_conf_static_A4,script_pack_A4_source_selection,unknown,1,1,A4_xx_B0,CA:EADD,0,,,C7:88B1,0,normal_master,C7:8ED5,43,b3d1bc0477fda516c2080eb31f72eadd86558da24c61bf37cae81ee146c74e78,,
21,0x15,57,0x39,high_conf_static_A4,script_pack_A4_source_selection,unknown,1,1,A4_xx_B0,CA:EB4A,0,,,C7:88B1,0,normal_master,C7:8F18,56,8b1cc15a8e2a7d105d308737978128aa9a08c6252ca1d93db4c649107808a9ca,,
21,0x15,63,0x3F,high_conf_static_A4,script_pack_A4_source_selection,unknown,1,1,A4_xx_B0,CA:EBD8,0,,,C7:88B1,0,normal_master,C7:8FB4,32,d53bfadd0e5e668a2c363e49434039b4903d4516afb7bae1bbf77f2147ff9f77,,
21,0x15,66,0x42,high_conf_static_A4,script_pack_A4_source_selection,unknown,1,1,A4_xx_B0,CA:EC3B,0,,,C7:88B1,0,normal_master,C7:9027,42,568efb7d3dba3a5eeb21c09fac42d3b604db4c309e7c49b9afc4fc019d4df4aa,,
21,0x15,67,0x43,high_conf_static_A4,script_pack_A4_source_selection,unknown,1,1,A4_xx_B0,CA:EC5D,0,,,C7:88B1,0,normal_master,C7:9051,57,ebeff71f1b58ac044bab00c958d84a8676eb8fbb01daa423a99ddae54e5da78d,,
21,0x15,68,0x44,high_conf_static_A4,script_pack_A4_source_selection,unknown,1,1,A4_xx_B0,CA:EC86,0,,,C7:88B1,0,normal_master,C7:908A,38,1e097d541c955ae4099537be30645d4dd83b9b8dc0dce723824ddb5045559d5b,,
21,0x15,69,0x45,high_conf_static_A4,script_pack_A4_source_selection,unknown,1,1,A4_xx_B0,CA:EC9B,0,,,C7:88B1,0,normal_master,C7:90B0,42,56d26694128e39d8adff429bb30b55fed76789320a7a440afd8824ba4f2b3290,,
21,0x15,70,0x46,high_conf_static_A4,script_pack_A4_source_selection,unknown,1,1,A4_xx_B0,CA:ECC0,0,,,C7:88B1,0,normal_master,C7:90DA,40,b06b5486812530c62fa63a15b8c9e0a9c41374c6998abf88b3b0f01ce0a56a0f,,
21,0x15,71,0x47,high_conf_static_A4,script_pack_A4_source_selection,unknown,1,1,A4_xx_B0,CA:ED13,0,,,C7:88B1,0,normal_master,C7:9102,42,c09baa0470609184fa821918fa307a8771f31fb6b006366e32123e63d147057f,,
21,0x15,72,0x48,high_conf_static_A4,script_pack_A4_source_selection,unknown,1,1,A4_xx_B0,CA:ED6D,0,,,C7:88B1,0,normal_master,C7:912C,46,d9828849911033cd66dc4b9f3bf8d396d4042a683993ff610a0fdb70b642ad85,,
21,0x15,73,0x49,high_conf_static_A4,script_pack_A4_source_selection,unknown,1,1,A4_xx_B0,CA:EDA5,0,,,C7:88B1,0,normal_master,C7:915A,45,f9de2d57c6892df1ba080f0ac23d67df8e10a844f4e4ff1665fe174c080cf07e,,
21,0x15,74,0x4A,high_conf_static_A4,script_pack_A4_source_selection,unknown,1,1,A4_xx_B0,CA:EDD3,0,,,C7:88B1,0,normal_master,C7:9187,43,36d46764f3f331f1760c9b7b8126a6ef4eb715b22e1a94458e37c153d635c1c5,,
21,0x15,78,0x4E,high_conf_static_A4,script_pack_A4_source_selection,unknown,1,1,A4_xx_B0,CA:EE31,0,,,C7:88B1,0,normal_master,C7:9240,49,d70e2871a205c76bc11bf03fa7cbc5abaa7154c8969a011ca306ac8879040a7c,,
21,0x15,80,0x50,high_conf_static_A4,script_pack_A4_source_selection,unknown,1,1,A4_xx_B0,CA:EE8C,0,,,C7:88B1,0,normal_master,C7:929D,42,a05debb9fdb07a9f137f9523db36aeb076766e78640d14160d7ce6d6dd1b2e36,,
21,0x15,81,0x51,high_conf_static_A4,script_pack_A4_source_selection,unknown,1,1,A4_xx_B0,CA:EEFF,0,,,C7:88B1,0,normal_master,C7:92C7,48,f3abd4149f663347f84cf0ef490bbb9f31344a01640e7238195956eb4a9916ad,,
21,0x15,82,0x52,high_conf_static_A4,script_pack_A4_source_selection,unknown,1,1,A4_xx_B0,CA:EF21,0,,,C7:88B1,0,normal_master,C7:92F7,73,50745b41224e6572c6158881274bdd7545529e38424a59a2849e05ba41373e4a,,
21,0x15,83,0x53,high_conf_static_A4,script_pack_A4_source_selection,unknown,1,1,A4_xx_B0,CA:EF3F,0,,,C7:88B1,0,normal_master,C7:9340,55,cafed6604e186d9b04a802216bfeace158db80b29acaa746d27fe098d0ea9028,,
21,0x15,84,0x54,high_conf_static_A4,script_pack_A4_source_selection,unknown,1,1,A4_xx_B0,CA:EF5D,0,,,C7:88B1,0,normal_master,C7:9377,68,9d06d5026426e01bfde0c92dc0d47d20a42e8074c7526a1ae0a05a3027d8bf6b,,
21,0x15,85,0x55,high_conf_static_A4,script_pack_A4_source_selection,unknown,1,1,A4_xx_B0,CA:EF7B,0,,,C7:88B1,0,normal_master,C7:93BB,55,8b6f92dcf335c547c24f47cbefc950a29031972202e12d03a2671a33ff7943bf,,
21,0x15,86,0x56,high_conf_static_A4,script_pack_A4_source_selection,unknown,1,1,A4_xx_B0,CA:EF99,0,,,C7:88B1,0,normal_master,C7:93F2,21,b6bacd42d1268e86fd72974ad88205cb570fa8611fd977cae1b3dfc35b50267e,,
21,0x15,87,0x57,high_conf_static_A4,script_pack_A4_source_selection,unknown,1,1,A4_xx_C0_B5,CA:EFC7,0,,,C7:88B1,0,normal_master,C7:9407,48,a464efc86b9828dca5d4e48d1b3a99278d02fdfeb477c8f6f66a077018b75938,,
21,0x15,88,0x58,high_conf_static_A4,script_pack_A4_source_selection,unknown,1,1,A4_xx_B0,CA:EFD0,0,,,C7:88B1,0,normal_master,C7:9437,20,b6921a892cceb6bac7ab243f5ba4afec362c3746f43e224cbcc5ae7758b23d22,,
21,0x15,89,0x59,high_conf_static_A4,script_pack_A4_source_selection,unknown,1,1,A4_xx_B0,CA:EFEE,0,,,C7:88B1,0,normal_master,C7:944B,51,e679d1e572df0cd3306b525cb7490d9aab6add02c1d71288c16c0ccebb7bbb8c,,
21,0x15,98,0x62,high_conf_static_A4,script_pack_A4_source_selection,unknown,1,1,A4_xx_B0,CA:F0C4,0,,,C7:88B1,0,normal_master,C7:9617,54,0752d0753c3d8fa9d2efcd19fc80e0cfd906ea5504331a921836eb6050a6c17f,,
21,0x15,100,0x64,high_conf_static_A4,script_pack_A4_source_selection,unknown,1,1,A4_xx_B0,CA:F13A,0,,,C7:88B1,0,normal_master,C7:9680,43,4e3f257355c16fc33cbbdbcab3bc1adfb2358c9b43148ed44ee382ee7c2a9bb1,,
21,0x15,102,0x66,high_conf_static_A4,script_pack_A4_source_selection,unknown,1,1,A4_xx_B0,CA:F1AE,0,,,C7:88B1,0,normal_master,C7:96CA,40,0739ad2be5420ef0f09dbf446be8d743244c2200802987e26ea9cd7e6a34885f,,
21,0x15,104,0x68,high_conf_static_A4,script_pack_A4_source_selection,unknown,1,1,A4_xx_B0,CA:F1E0,0,,,C7:88B1,0,normal_master,C7:9726,22,603869fac0754b815cc237aad01c67ab18923f41ddfd5cba3809795f04f47ee5,,
21,0x15,105,0x69,high_conf_static_A4,script_pack_A4_source_selection,unknown,1,1,A4_xx_B0,CA:F223,0,,,C7:88B1,0,normal_master,C7:973C,42,f98c2b1a754d35d056e9c049bc8559804d1ef26ca90d84b6d560bba2c02f1478,,
21,0x15,107,0x6B,high_conf_static_A4,script_pack_A4_source_selection,unknown,1,1,A4_xx_B0,CA:F272,0,,,C7:88B1,0,normal_master,C7:9796,18,f1dd493e2b82b43ae323676d38183606eb489c7d61cd0cca2fecd077c9d3b5bd,,
21,0x15,108,0x6C,high_conf_static_A4,script_pack_A4_source_selection,unknown,1,1,A4_xx_B0,CA:F2B7,0,,,C7:88B1,0,normal_master,C7:97A8,55,2114c0bf8b6c9fc15a25b9baa1f011650376fbb86c593cddad27a8d929ba7b6a,,
21,0x15,110,0x6E,high_conf_static_A4,script_pack_A4_source_selection,unknown,1,1,A4_xx_B0,CA:F2FF,0,,,C7:88B1,0,normal_master,C7:981A,17,915829dcff077f3503d884b10bfb6051f69f68bc412f239480655453b69241d5,,
21,0x15,113,0x71,high_conf_static_A4,script_pack_A4_source_selection,unknown,1,1,A4_xx_B0,CA:F35B,0,,,C7:88B1,0,normal_master,C7:987D,28,68d006b37f2bb0a15f56b67b5ffca14f8ed4ee519ddd7a6af7574f92812842fd,,
21,0x15,115,0x73,high_conf_static_A4,script_pack_A4_source_selection,unknown,1,1,A4_xx_B0,CA:F39C,0,,,C7:88B1,0,normal_master,C7:98BB,21,8d78c307dde47d155123c26e5f26ed98a9002d94de5a6b611a3f8540acf00513,,
21,0x15,117,0x75,high_conf_static_A4,script_pack_A4_source_selection,unknown,1,1,A4_xx_B0,CA:F3DD,0,,,C7:88B1,0,normal_master,C7:98FB,40,245b489b41246c1901006ae439d0c0fc3fef2846750b95aa5330e4ef2e9b046c,,
21,0x15,119,0x77,high_conf_static_A4,script_pack_A4_source_selection,unknown,1,1,A4_xx_B0,CA:F41E,0,,,C7:88B1,0,normal_master,C7:9935,28,9750f3af87564b50ac3ccd508b740f6e1fa6a0cc3889c3ab974ea2b563aa73b8,,
21,0x15,121,0x79,high_conf_static_A4,script_pack_A4_source_selection,unknown,1,1,A4_xx_B2_dd_A4_yy:first,CA:F46E,0,,,C7:88B1,0,normal_master,C7:998A,53,934f635db953276dc516903699ff9e1c5c8e2ad009d38733c1f609f79a33b042,,
21,0x15,122,0x7A,high_conf_static_A4,script_pack_A4_source_selection,unknown,1,1,A4_xx_B2_dd_A4_yy:second,CA:F472,0,,,C7:88B1,0,normal_master,C7:99BF,40,68b4e9c6eee453c810c5983c503584455a44219638e11970d0762c59c7ae356d,,
21,0x15,123,0x7B,high_conf_static_A4,script_pack_A4_source_selection,unknown,1,1,A4_xx_B0,CA:F488,0,,,C7:88B1,0,normal_master,C7:99E7,30,5f1ea29542206f985d37729e7331294fd3c48ae5d64d222742dc912e152d9ed6,,
21,0x15,124,0x7C,high_conf_static_A4,script_pack_A4_source_selection,unknown,1,1,A4_xx_B0,CA:F4B4,0,,,C7:88B1,0,normal_master,C7:9A05,38,9bdab17fc84ce3576309a8177a8c7b9e751ee023644cec9c1bc83d63ae0dcca7,,
21,0x15,125,0x7D,high_conf_static_A4,script_pack_A4_source_selection,unknown,1,1,A4_xx_B0,CA:F502,0,,,C7:88B1,0,normal_master,C7:9A2B,19,7be19d6e49e5fafaf07a94caaffdb0e7227100ba4217c8537df0c63ea1ea7801,,
21,0x15,126,0x7E,high_conf_static_A4,script_pack_A4_source_selection,unknown,1,1,A4_xx_B0,CA:F523,0,,,C7:88B1,0,normal_master,C7:9A3E,37,f7a4f1a80a4cbb0cdeb66d5cad0dc150c45a9e2a27908f1649e83d6c938e64be,,
21,0x15,128,0x80,high_conf_static_A4,script_pack_A4_source_selection,unknown,1,1,A4_xx_B0,CA:F557,0,,,C7:88B1,0,normal_master,C7:9A79,42,80129218e42bc75d6ed9537bd789c274a963010f666670c1c41bbf8e1b01084d,,
21,0x15,130,0x82,high_conf_static_A4,script_pack_A4_source_selection,unknown,1,1,A4_xx_B0,CA:F583,0,,,C7:88B1,0,normal_master,C7:9ABE,26,93429360b5de1b27efe7722ee8f9751192b3017306518b506524764113c02885,,
21,0x15,132,0x84,high_conf_static_A4,script_pack_A4_source_selection,unknown,1,1,A4_xx_B0,CA:F5D1,0,,,C7:88B1,0,normal_master,C7:9AE6,24,cdede406e19a1415b4e528107e7d27f916100ecf38fb6701c6ccc1bc5ffdd40b,,
21,0x15,133,0x85,high_conf_static_A4,script_pack_A4_source_selection,unknown,1,1,A4_xx_B0,CA:F604,0,,,C7:88B1,0,normal_master,C7:9AFE,16,b02ac751f20f104b9b26cce46b72790f375f8789d4102abacf35b1d5ac2ec455,,
21,0x15,134,0x86,high_conf_static_A4,script_pack_A4_source_selection,unknown,1,1,A4_xx_B0,CA:F627,0,,,C7:88B1,0,normal_master,C7:9B0E,41,322e1e710c1a9ed2315530e80fb19827d8692c7f4e61a3f276c2146c91ba98e5,,
21,0x15,135,0x87,high_conf_static_A4,script_pack_A4_source_selection,unknown,1,1,A4_xx_B0,CA:F64A,0,,,C7:88B1,0,normal_master,C7:9B37,18,f1dd493e2b82b43ae323676d38183606eb489c7d61cd0cca2fecd077c9d3b5bd,,
21,0x15,136,0x88,high_conf_static_A4,script_pack_A4_source_selection,unknown,1,1,A4_xx_B0,CA:F678,0,,,C7:88B1,0,normal_master,C7:9B49,31,e906e368f7c28e7627aec783a83d588fe3de65181e8535d36f344b18a6ca11b0,,
21,0x15,137,0x89,high_conf_static_A4,script_pack_A4_source_selection,unknown,1,1,A4_xx_B0,CA:F685,0,,,C7:88B1,0,normal_master,C7:9B68,39,a97552b79847fe2da7eff18aba43b138452b62e13a394b50741222b6ee79766b,,
21,0x15,140,0x8C,high_conf_static_A4,script_pack_A4_source_selection,unknown,1,1,A4_xx_B0,CA:F6B7,0,,,C7:88B1,0,normal_master,C7:9BB6,38,a932735be3cd94fa28aca98e592fc3f7831313f4c7ba1a104a7fba66d21c57c6,,
21,0x15,141,0x8D,high_conf_static_A4,script_pack_A4_source_selection,unknown,1,1,A4_xx_B0,CA:F6D7,0,,,C7:88B1,0,normal_master,C7:9BDC,18,f1dd493e2b82b43ae323676d38183606eb489c7d61cd0cca2fecd077c9d3b5bd,,
21,0x15,142,0x8E,high_conf_static_A4,script_pack_A4_source_selection,unknown,1,1,A4_xx_B0,CA:F6FA,0,,,C7:88B1,0,normal_master,C7:9BEE,28,fddad663ec4950c0c32dde76cb9badd04f2c9474f782953b0c495f772209fcd5,,
21,0x15,143,0x8F,high_conf_static_A4,script_pack_A4_source_selection,unknown,1,1,A4_xx_B0,CA:F722,0,,,C7:88B1,0,normal_master,C7:9C0A,23,72578f6e3af638c964e72b683f424d39c37d13c80bc7eaa4656dadcb4988d7d0,,
21,0x15,144,0x90,high_conf_static_A4,script_pack_A4_source_selection,unknown,1,1,A4_xx_B0,CA:F734,0,,,C7:88B1,0,normal_master,C7:9C21,27,8fa3d58c16f926f0e1016cbbff89de847a7d2e6bd0a9a9538649f89dac159439,,
21,0x15,145,0x91,high_conf_static_A4,script_pack_A4_source_selection,unknown,1,1,A4_xx_B0,CA:F755,0,,,C7:88B1,0,normal_master,C7:9C3C,52,ad7b523e790bfdcdb5869b3fd4b00ef515accf05b3f4bd7f47f43b49aa036ad4,,
21,0x15,146,0x92,high_conf_static_A4,script_pack_A4_source_selection,unknown,1,1,A4_xx_B0,CA:F78A,0,,,C7:88B1,0,normal_master,C7:9C70,33,36dd40c60e34cbd50b0bef4ecc451734ac89d12a05fdcad2b7556a87c476fa9b,,
21,0x15,147,0x93,high_conf_static_A4,script_pack_A4_source_selection,unknown,1,1,A4_xx_B0,CA:F7E5,0,,,C7:88B1,0,normal_master,C7:9C91,41,c16f5637919bc223898297612c7d31891bcf8cf4c5e106d63314709b2403f39a,,
21,0x15,148,0x94,high_conf_static_A4,script_pack_A4_source_selection,unknown,1,1,A4_xx_C0_B5,CA:F7F7,0,,,C7:88B1,0,normal_master,C7:9CBA,29,028eae6645802f967879181abbe2369981fbde1a9f28164e4b3ca66560aee19c,,
21,0x15,149,0x95,high_conf_static_A4,script_pack_A4_source_selection,unknown,1,1,A4_xx_B0,CA:F814,0,,,C7:88B1,0,normal_master,C7:9CD7,29,8c0c69aa95d1f0e258c66381ff4e9c5ba13c7c3d59b3d6e8ebcb0ba1f1c5bc61,,
21,0x15,150,0x96,high_conf_static_A4,script_pack_A4_source_selection,unknown,1,1,A4_xx_B0,CA:F837,0,,,C7:88B1,0,normal_master,C7:9CF4,34,86d27df68566c9e2d510970c3aefebbf6d9b8ec0baabe81fdf349c830883951b,,
21,0x15,151,0x97,high_conf_static_A4,script_pack_A4_source_selection,unknown,1,1,A4_xx_B0,CA:F849,0,,,C7:88B1,0,normal_master,C7:9D16,18,f1dd493e2b82b43ae323676d38183606eb489c7d61cd0cca2fecd077c9d3b5bd,,
21,0x15,152,0x98,high_conf_static_A4,script_pack_A4_source_selection,unknown,1,1,A4_xx_B0,CA:F867,0,,,C7:88B1,0,normal_master,C7:9D28,21,dbc94181ffc84c555a34d8ae604d0689feead6a5a8bc716747fecc66edea22e5,,
21,0x15,153,0x99,high_conf_static_A4,script_pack_A4_source_selection,unknown,1,1,A4_xx_B0,CA:F892,0,,,C7:88B1,0,normal_master,C7:9D3D,25,99650fc0ddd19979752595ee0bc181bb7936ddda6a889e285e9d6dd9e7ef6f5f,,
21,0x15,154,0x9A,high_conf_static_A4,script_pack_A4_source_selection,unknown,1,1,A4_xx_B0,CA:F8AE,0,,,C7:88B1,0,normal_master,C7:9D56,13,d42148772c5ae38b4820534b55fcb60f8e2ee283ba4db9aacfef9252909b81f0,,
21,0x15,155,0x9B,high_conf_static_A4,script_pack_A4_source_selection,unknown,1,1,A4_xx_B0,CA:F8C9,0,,,C7:88B1,0,normal_master,C7:9D63,20,c3990c34e8a80a39ec1499d22267ec6ffe10305779676ee2854a5040cbe451ad,,
21,0x15,156,0x9C,high_conf_static_A4,script_pack_A4_source_selection,unknown,1,1,A4_xx_B0,CA:F8E4,0,,,C7:88B1,0,normal_master,C7:9D77,17,298e8cb0d6991ea2335cfd17221ea6ed2072716f9e36190a3ea45fdb2aad15b6,,
21,0x15,157,0x9D,high_conf_static_A4,script_pack_A4_source_selection,unknown,1,1,A4_xx_B0,CA:F8FF,0,,,C7:88B1,0,normal_master,C7:9D88,19,0abb3daf7e6dd341561ab3a90f03d5d9dbfd13f73d86819a80ab66224e648eeb,,
21,0x15,158,0x9E,high_conf_static_A4,script_pack_A4_source_selection,unknown,1,1,A4_xx_B0,CA:F91A,0,,,C7:88B1,0,normal_master,C7:9D9B,14,e7a08ff7c46f8d6bfaf71cf02684cf26d6432000efd8d984d7df7a1a2e94fbf2,,
21,0x15,159,0x9F,high_conf_static_A4,script_pack_A4_source_selection,unknown,1,1,A4_xx_B0,CA:F92C,0,,,C7:88B1,0,normal_master,C7:9DA9,20,c3990c34e8a80a39ec1499d22267ec6ffe10305779676ee2854a5040cbe451ad,,
21,0x15,161,0xA1,high_conf_static_A4,script_pack_A4_source_selection,unknown,1,1,A4_xx_B0,CA:F95F,0,,,C7:88B1,0,normal_master,C7:9DC7,19,2288a710293da503d55e84e307c158ef0b757293c7e74075b543fdc438727dac,,
21,0x15,162,0xA2,high_conf_static_A4,script_pack_A4_source_selection,unknown,1,1,A4_xx_B0,CA:F98F,0,,,C7:88B1,0,normal_master,C7:9DDA,22,f27229c5de198fbe9427128c4af488001dfd2c2bc5340588abead62de59d2689,,
21,0x15,163,0xA3,high_conf_static_A4,script_pack_A4_source_selection,unknown,1,1,A4_xx_B0,CA:F996,0,,,C7:88B1,0,normal_master,C7:9DF0,21,77add204257ba451494ce6642c2fc42200abb07da76fab8185ce3bc9d13c584c,,
21,0x15,164,0xA4,high_conf_static_A4,script_pack_A4_source_selection,unknown,1,1,A4_xx_B0,CA:F9C0,0,,,C7:88B1,0,normal_master,C7:9E05,33,f19d73502652451c4e9dea0c5c67db319dbc0da5af6e8101cefd8760f75f47bf,,
21,0x15,165,0xA5,high_conf_static_A4,script_pack_A4_source_selection,unknown,1,1,A4_xx_B0,CA:F9EF,0,,,C7:88B1,0,normal_master,C7:9E26,107,89074b63924b9b51557b0501e6c7d9598e3518570a78cba5213b441a2fc558a9,,
21,0x15,166,0xA6,high_conf_static_A4,script_pack_A4_source_selection,unknown,1,1,A4_xx_B0,CA:FA06,0,,,C7:88B1,0,normal_master,C7:9E91,19,c904710309440c7a1da0062cda459be90d847dca69979d8e71c9b57ded6ab146,,
21,0x15,167,0xA7,high_conf_static_A4,script_pack_A4_source_selection,unknown,1,1,A4_xx_B0,CA:FA13,0,,,C7:88B1,0,normal_master,C7:9EA4,1,6e340b9cffb37a989ca544e6bb780a2c78901d3fb33738768511a30617afa01d,,
21,0x15,168,0xA8,high_conf_static_A4,script_pack_A4_source_selection,unknown,1,1,A4_xx_B0,CA:FA57,0,,,C7:88B1,0,normal_master,C7:9EA5,11,6114ef5e31a23813e7b570cfdecbfc3cf13635af1f5d4e81c430d5d5c66506bc,,
21,0x15,169,0xA9,high_conf_static_A4,script_pack_A4_source_selection,unknown,1,1,A4_xx_B0,CA:FA85,0,,,C7:88B1,0,normal_master,C7:9EB0,19,0088cdc8f4784ade8b7b763c38d93781efbe68c17e0410ee56923234b5baefbe,,
21,0x15,170,0xAA,high_conf_static_A4,script_pack_A4_source_selection,unknown,1,1,A4_xx_B0,CA:FAA8,0,,,C7:88B1,0,normal_master,C7:9EC3,34,c53c72418a642f6b440a8d236a8a921ece37b8a1b41f6ba9cf50d8e45b80f566,,
21,0x15,173,0xAD,high_conf_static_A4,script_pack_A4_source_selection,unknown,1,1,A4_xx_C0_B5,CA:FC31,0,,,C7:88B1,0,normal_master,C7:9F1C,55,acc44f4d3bffce7aac09b6105e3444628ea852ee8827a687062ecea129f8c180,,
21,0x15,178,0xB2,high_conf_static_A4,script_pack_A4_source_selection,unknown,1,1,A4_xx_C0_B5,CA:FD00,0,,,C7:88B1,0,normal_master,C7:9FCE,25,06e02770ed14660db31a662e1568813a70defabae956e984e9a3091a5cf6b137,,
21,0x15,179,0xB3,high_conf_static_A4,script_pack_A4_source_selection,unknown,1,1,A4_xx_B0,CA:FD10,0,,,C7:88B1,0,normal_master,C7:9FE7,24,83cfe19556c8f0999f88f24dcd873f8680b0ca1739d1e84b4c2fc2e7e4ef8c2d,,
21,0x15,181,0xB5,high_conf_static_A4,script_pack_A4_source_selection,unknown,1,1,A4_xx_B0,CA:FD23,0,,,C7:88B1,0,normal_master,C7:A018,36,61af35c5d07f524152cf8c10c888d452188bc6cd530cf736bf96ec338df1f9fb,,
21,0x15,182,0xB6,high_conf_static_A4,script_pack_A4_source_selection,unknown,1,1,A4_xx_B0,CA:FD29,0,,,C7:88B1,0,normal_master,C7:A03C,23,ce6eaa817a64794a6dcb6009481f0290613ffe462c9e6727f6e1e9d639e618ca,,
21,0x15,185,0xB9,high_conf_static_A4,script_pack_A4_source_selection,unknown,1,1,A4_xx_B0,CA:FD55,0,,,C7:88B1,0,normal_master,C7:A099,17,ed4ba6bcb17226312c7e8ead4fde66d2b21e8ec7b7a9ae30fc92d5346ba3c26d,,
21,0x15,186,0xBA,high_conf_static_A4,script_pack_A4_source_selection,unknown,1,1,A4_xx_B0,CA:FD5C,0,,,C7:88B1,0,normal_master,C7:A0AA,41,c21b909d57e88289e7b195b93b1cbf8963b9aadf3d8132fe28ef80bc8bff2333,,
21,0x15,187,0xBB,high_conf_static_A4,script_pack_A4_source_selection,unknown,1,1,A4_xx_B0,CA:FD73,0,,,C7:88B1,0,normal_master,C7:A0D3,35,36bd06a80999c1fb3648ecdc55e6780e6b60b828cdc85c514821364fc4d968b6,,
21,0x15,194,0xC2,high_conf_static_A4,script_pack_A4_source_selection,unknown,1,1,A4_xx_B0,CA:FF1D,0,,,C7:88B1,0,normal_master,C7:A199,24,0b2d82d59e4f3c1d0d422ad377a3ca9331411d749ac3c282d03096615d222a7f,,
21,0x15,196,0xC4,high_conf_static_A4,script_pack_A4_source_selection,unknown,1,1,A4_xx_B0,CB:004E,0,,,C7:88B1,0,normal_master,C7:A1CB,34,ce9a185cdbde51602fa8dad83b0860339df2b2cfbbdef8376fa728420299a7b9,,
21,0x15,197,0xC5,high_conf_static_A4,script_pack_A4_source_selection,unknown,1,1,A4_xx_C0_B5,CB:0074,0,,,C7:88B1,0,normal_master,C7:A1ED,23,422f93c1084af8604956ca332f445ab660e5277517f6c85768c9c59b199920c8,,
21,0x15,199,0xC7,high_conf_static_A4,script_pack_A4_source_selection,unknown,1,1,A4_xx_C0_B5,CB:00E1,0,,,C7:88B1,0,normal_master,C7:A21F,28,b111e7d8eee101c3c0db3d3cff4fbe40f3f98c3e47178561f7ed31af8caec7f6,,
21,0x15,201,0xC9,high_conf_static_A4,script_pack_A4_source_selection,unknown,1,1,A4_xx_C0_B5,CB:014E,0,,,C7:88B1,0,normal_master,C7:A251,37,370b12ea7e4b9f15357418d9578fed56e64e01dcb72f5ab9331ec6296c1aba13,,
22,0x16,0,0x00,high_conf_static_A4,script_pack_A4_source_selection,unknown,1,1,A4_xx_B2_dd_A4_yy:first,CB:0400,0,,,C7:8D13,0,normal_master,C7:8D14,16,456b721f5518b09c164d6f1a16b07b66f85fe3a343d0fbbece4d37a0fc2a09d0,,
22,0x16,1,0x01,high_conf_static_A4,script_pack_A4_source_selection,unknown,2,1,A4_xx_B2_dd_A4_yy:second;A4_xx_C0_B5,CB:0404,0,,,C7:8D13,0,normal_master,C7:8D24,3,2b24df82d0e469a909bcafbfd2e271398216c1afbb6796cb7ff8fdfa897d1eea,,
22,0x16,2,0x02,high_conf_static_A4,script_pack_A4_source_selection,unknown,1,1,A4_xx_C0_B5,CB:04B4,0,,,C7:8D13,0,normal_master,C7:8D27,16,456b721f5518b09c164d6f1a16b07b66f85fe3a343d0fbbece4d37a0fc2a09d0,,
22,0x16,4,0x04,high_conf_static_A4,script_pack_A4_source_selection,unknown,1,1,A4_xx_C0_B5,CB:04EA,0,,,C7:8D13,0,normal_master,C7:8D39,18,f1dd493e2b82b43ae323676d38183606eb489c7d61cd0cca2fecd077c9d3b5bd,,
22,0x16,6,0x06,high_conf_static_A4,script_pack_A4_source_selection,unknown,1,1,A4_xx_C0_B5,CB:0526,0,,,C7:8D13,0,normal_master,C7:8D5F,26,444b272bb76747cb01d2d1f42b33994c65a790442e39a7a286d3a786f12e3c14,,
22,0x16,8,0x08,high_conf_static_A4,script_pack_A4_source_selection,unknown,1,1,A4_xx_C0_B5,CB:055B,0,,,C7:8D13,0,normal_master,C7:8D90,20,6fed6bbfb85430f20a798de8d1f5faaf2c84ae5ff05fbb653a3a94397c7a10fe,,
22,0x16,10,0x0A,high_conf_static_A4,script_pack_A4_source_selection,unknown,1,1,A4_xx_C0_B5,CB:0590,0,,,C7:8D13,0,normal_master,C7:8DCC,31,0f7c83d5915abba76a99afaf9de6b1f793451a9f450ce70daee3496155fd1458,,
22,0x16,11,0x0B,high_conf_static_A4,script_pack_A4_source_selection,unknown,1,1,A4_xx_C0_B5,CB:0755,0,,,C7:8D13,0,normal_master,C7:8DEB,39,2525fef43317b9da5d82875f9ef6903e35578843b006bffcfd32e6083c22d45c,,
22,0x16,13,0x0D,high_conf_static_A4,script_pack_A4_source_selection,unknown,1,1,A4_xx_C0_B5,CB:0799,0,,,C7:8D13,0,normal_master,C7:8E39,38,8be21b80a6bb2c8c61cd1cda6e27b73e239a627db9c3e8eebab824b21689e996,,
22,0x16,15,0x0F,high_conf_static_A4,script_pack_A4_source_selection,unknown,1,1,A4_xx_C0_B5,CB:09E3,0,,,C7:8D13,0,normal_master,C7:8E87,40,4703bb7db7631d287a12a8e0251bdd542511b8ff6b63e438ed0f8d3557714511,,
22,0x16,17,0x11,high_conf_static_A4,script_pack_A4_source_selection,unknown,1,1,A4_xx_C0_B5,CB:0A16,0,,,C7:8D13,0,normal_master,C7:8ED5,43,b3d1bc0477fda516c2080eb31f72eadd86558da24c61bf37cae81ee146c74e78,,
22,0x16,18,0x12,high_conf_static_A4,script_pack_A4_source_selection,unknown,1,1,A4_xx_C0_B5,CB:0A34,0,,,C7:8D13,0,normal_master,C7:8F00,24,f15e40ab8b3196e6989a88670fa86e640a9f2b273c66322344e2035db9efd851,,
22,0x16,20,0x14,high_conf_static_A4,script_pack_A4_source_selection,unknown,1,1,A4_xx_C0_B5,CB:0A5E,0,,,C7:8D13,0,normal_master,C7:8F50,18,f1dd493e2b82b43ae323676d38183606eb489c7d61cd0cca2fecd077c9d3b5bd,,
22,0x16,21,0x15,high_conf_static_A4,script_pack_A4_source_selection,unknown,1,1,A4_xx_C0_B5,CB:0AA4,0,,,C7:8D13,0,normal_master,C7:8F62,15,45778c0c6b6e8556575711b164bd2bea00ac811486bcca3f85e92097924cf58e,,
22,0x16,22,0x16,high_conf_static_A4,script_pack_A4_source_selection,unknown,1,1,A4_xx_C0_B5,CB:0ABC,0,,,C7:8D13,0,normal_master,C7:8F71,19,7018e563363dd5b8197dcc1dc7f2bd17905df1aaa8de160afc1c8d4955814656,,
22,0x16,24,0x18,high_conf_static_A4,script_pack_A4_source_selection,unknown,1,1,A4_xx_C0_B5,CB:0B18,0,,,C7:8D13,0,normal_master,C7:8FA2,18,f1dd493e2b82b43ae323676d38183606eb489c7d61cd0cca2fecd077c9d3b5bd,,
22,0x16,25,0x19,high_conf_static_A4,script_pack_A4_source_selection,unknown,1,1,A4_xx_C0_B5,CB:0B2D,0,,,C7:8D13,0,normal_master,C7:8FB4,32,d53bfadd0e5e668a2c363e49434039b4903d4516afb7bae1bbf77f2147ff9f77,,
22,0x16,26,0x1A,high_conf_static_A4,script_pack_A4_source_selection,unknown,1,1,A4_xx_C0_B5,CB:0D78,0,,,C7:8D13,0,normal_master,C7:8FD4,39,bfea48dd0f806f320b899f93f88b135ac802b94b213021d063f3208ce1601408,,
22,0x16,28,0x1C,high_conf_static_A4,script_pack_A4_source_selection,unknown,1,1,A4_xx_C0_B5,CB:0DAC,0,,,C7:8D13,0,normal_master,C7:9027,42,568efb7d3dba3a5eeb21c09fac42d3b604db4c309e7c49b9afc4fc019d4df4aa,,
22,0x16,30,0x1E,high_conf_static_A4,script_pack_A4_source_selection,unknown,1,1,A4_xx_C0_B5,CB:0DDF,0,,,C7:8D13,0,normal_master,C7:908A,38,1e097d541c955ae4099537be30645d4dd83b9b8dc0dce723824ddb5045559d5b,,
22,0x16,32,0x20,high_conf_static_A4,script_pack_A4_source_selection,unknown,1,1,A4_xx_C0_B5,CB:0E04,0,,,C7:8D13,0,normal_master,C7:90DA,40,b06b5486812530c62fa63a15b8c9e0a9c41374c6998abf88b3b0f01ce0a56a0f,,
22,0x16,35,0x23,high_conf_static_A4,script_pack_A4_source_selection,unknown,1,1,A4_xx_C0_B5,CB:0EEC,0,,,C7:8D13,0,normal_master,C7:915A,45,f9de2d57c6892df1ba080f0ac23d67df8e10a844f4e4ff1665fe174c080cf07e,,
22,0x16,36,0x24,high_conf_static_A4,script_pack_A4_source_selection,unknown,1,1,A4_xx_C0_B5,CB:0F08,0,,,C7:8D13,0,normal_master,C7:9187,43,36d46764f3f331f1760c9b7b8126a6ef4eb715b22e1a94458e37c153d635c1c5,,
22,0x16,130,0x82,confirmed_static,weapon_descriptor,no,0,0,,,0,,,C7:8D13,0,normal_master,C7:9EA5,11,6114ef5e31a23813e7b570cfdecbfc3cf13635af1f5d4e81c430d5d5c66506bc,data/weapon_special/vol015_trace/shinmomo_vol015_dispatch_token_trace/weapon_index16_corrected_9dbb_record_skip_20260430.csv,corrected 9DBB cursor C7:9EA5
22,0x16,131,0x83,confirmed_static,weapon_descriptor,no,0,0,,,0,,,C7:8D13,0,normal_master,C7:9EB0,19,0088cdc8f4784ade8b7b763c38d93781efbe68c17e0410ee56923234b5baefbe,data/weapon_special/vol015_trace/shinmomo_vol015_dispatch_token_trace/weapon_index16_corrected_9dbb_record_skip_20260430.csv,corrected 9DBB cursor C7:9EB0
22,0x16,132,0x84,confirmed_static,weapon_descriptor,no,0,0,,,0,,,C7:8D13,0,normal_master,C7:9EC3,34,c53c72418a642f6b440a8d236a8a921ece37b8a1b41f6ba9cf50d8e45b80f566,data/weapon_special/vol015_trace/shinmomo_vol015_dispatch_token_trace/weapon_index16_corrected_9dbb_record_skip_20260430.csv,corrected 9DBB cursor C7:9EC3
22,0x16,193,0xC1,confirmed_static,weapon_descriptor,no,0,0,,,0,,,C7:8D13,0,normal_master,C7:A566,23,a94458fdbdabdc0b71709eafca783f3b3104d569f3b56240d18cfd33d5681627,data/weapon_special/vol015_trace/shinmomo_vol015_dispatch_token_trace/weapon_index16_corrected_9dbb_record_skip_20260430.csv,corrected 9DBB cursor C7:A566
22,0x16,194,0xC2,confirmed_static,weapon_descriptor,no,0,0,,,0,,,C7:8D13,0,normal_master,C7:A57D,27,64c57da294a102fdd75c985ff79862b2fe0b4a4e5f4d3ec98eea60459922b80f,data/weapon_special/vol015_trace/shinmomo_vol015_dispatch_token_trace/weapon_index16_corrected_9dbb_record_skip_20260430.csv,corrected 9DBB cursor C7:A57D
22,0x16,200,0xC8,confirmed_static,weapon_descriptor,no,0,0,,,0,,,C7:8D13,0,normal_master,C7:A64D,13,0bab69371d03896ac3bfeef2189988141afa847f9fd64d4b5c2109f68ea53430,data/weapon_special/vol015_trace/shinmomo_vol015_dispatch_token_trace/weapon_index16_corrected_9dbb_record_skip_20260430.csv,corrected 9DBB cursor C7:A64D
23,0x17,4,0x04,high_conf_static_A4,script_pack_A4_source_selection,unknown,1,1,A4_xx_C0_B5,CB:116A,0,,,C7:9EA4,0,normal_master,C7:9EFD,31,519dc9f150c88d3e99b3990ddf0a9d0c4b0781b0083c2a93a24b032c952447d9,,
23,0x17,8,0x08,high_conf_static_A4,script_pack_A4_source_selection,unknown,1,1,A4_xx_C0_B5,CB:11DC,0,,,C7:9EA4,0,normal_master,C7:9F92,25,06e02770ed14660db31a662e1568813a70defabae956e984e9a3091a5cf6b137,,
23,0x17,9,0x09,high_conf_static_A4,script_pack_A4_source_selection,unknown,1,1,A4_xx_C0_B5,CB:120D,0,,,C7:9EA4,0,normal_master,C7:9FAB,35,340097e76bec5b088baf0a744bd15f2ba4cff666ddb8043f7d25f49a3c5ca8ad,,
23,0x17,10,0x0A,high_conf_static_A4,script_pack_A4_source_selection,unknown,1,1,A4_xx_C0_B5,CB:122A,0,,,C7:9EA4,0,normal_master,C7:9FCE,25,06e02770ed14660db31a662e1568813a70defabae956e984e9a3091a5cf6b137,,
23,0x17,11,0x0B,high_conf_static_A4,script_pack_A4_source_selection,unknown,1,1,A4_xx_B0,CB:1259,0,,,C7:9EA4,0,normal_master,C7:9FE7,24,83cfe19556c8f0999f88f24dcd873f8680b0ca1739d1e84b4c2fc2e7e4ef8c2d,,
23,0x17,12,0x0C,high_conf_static_A4,script_pack_A4_source_selection,unknown,1,1,A4_xx_B0,CB:12AA,0,,,C7:9EA4,0,normal_master,C7:9FFF,25,bfa5fb60213f014309dec4cc15bd8c06e0cc95d3ea1459f8b0a52a516745e657,,
23,0x17,13,0x0D,high_conf_static_A4,script_pack_A4_source_selection,unknown,1,1,A4_xx_B0,CB:12BA,0,,,C7:9EA4,0,normal_master,C7:A018,36,61af35c5d07f524152cf8c10c888d452188bc6cd530cf736bf96ec338df1f9fb,,
23,0x17,14,0x0E,high_conf_static_A4,script_pack_A4_source_selection,unknown,1,1,A4_xx_B0,CB:1301,0,,,C7:9EA4,0,normal_master,C7:A03C,23,ce6eaa817a64794a6dcb6009481f0290613ffe462c9e6727f6e1e9d639e618ca,,
23,0x17,15,0x0F,high_conf_static_A4,script_pack_A4_source_selection,unknown,1,1,A4_xx_B0,CB:137F,0,,,C7:9EA4,0,normal_master,C7:A053,38,a2eaa66cc6fcdaee0b2081d8fe3f8993e0a53abb30321c782cbb396b5c1830d4,,
23,0x17,16,0x10,high_conf_static_A4,script_pack_A4_source_selection,unknown,1,1,A4_xx_B0,CB:1392,0,,,C7:9EA4,0,normal_master,C7:A079,32,00faa2e68f0313c1f25175e6c90abf0d7c1365e3c30aad69e5f5592747bb5163,,
23,0x17,17,0x11,high_conf_static_A4,script_pack_A4_source_selection,unknown,1,1,A4_xx_B0,CB:13E6,0,,,C7:9EA4,0,normal_master,C7:A099,17,ed4ba6bcb17226312c7e8ead4fde66d2b21e8ec7b7a9ae30fc92d5346ba3c26d,,
23,0x17,18,0x12,high_conf_static_A4,script_pack_A4_source_selection,unknown,1,1,A4_xx_B0,CB:13F9,0,,,C7:9EA4,0,normal_master,C7:A0AA,41,c21b909d57e88289e7b195b93b1cbf8963b9aadf3d8132fe28ef80bc8bff2333,,
23,0x17,19,0x13,high_conf_static_A4,script_pack_A4_source_selection,unknown,1,1,A4_xx_B0,CB:14A6,0,,,C7:9EA4,0,normal_master,C7:A0D3,35,36bd06a80999c1fb3648ecdc55e6780e6b60b828cdc85c514821364fc4d968b6,,
23,0x17,20,0x14,high_conf_static_A4,script_pack_A4_source_selection,unknown,1,1,A4_xx_B0,CB:14E2,0,,,C7:9EA4,0,normal_master,C7:A0F6,30,f05425b6af10938491f850742143b33bf1a231ae03e3322dec87165c71900809,,
23,0x17,21,0x15,high_conf_static_A4,script_pack_A4_source_selection,unknown,1,1,A4_xx_B2_dd_A4_yy:first,CB:1509,0,,,C7:9EA4,0,normal_master,C7:A114,17,ed4ba6bcb17226312c7e8ead4fde66d2b21e8ec7b7a9ae30fc92d5346ba3c26d,,
23,0x17,22,0x16,high_conf_static_A4,script_pack_A4_source_selection,unknown,2,1,A4_xx_B0;A4_xx_B2_dd_A4_yy:second,CB:150D,0,,,C7:9EA4,0,normal_master,C7:A125,41,c21b909d57e88289e7b195b93b1cbf8963b9aadf3d8132fe28ef80bc8bff2333,,
23,0x17,23,0x17,high_conf_static_A4,script_pack_A4_source_selection,unknown,1,1,A4_xx_B0,CB:1526,0,,,C7:9EA4,0,normal_master,C7:A14E,27,742d89d22266f8de5539ef042ccc17a20706d2f587044351daebd9b8eb5631ef,,
23,0x17,24,0x18,high_conf_static_A4,script_pack_A4_source_selection,unknown,1,1,A4_xx_B0,CB:1559,0,,,C7:9EA4,0,normal_master,C7:A169,24,dc79227d4d2af0deb79694b36533f1b895fcb817d3bdab90bc29e84852d9e133,,
23,0x17,25,0x19,high_conf_static_A4,script_pack_A4_source_selection,unknown,1,1,A4_xx_B0,CB:1582,0,,,C7:9EA4,0,normal_master,C7:A181,24,16dd42ac6fad94c042d91add9334fa5dd1581b0ea69c74d42cf899c52c084ee9,,
23,0x17,26,0x1A,high_conf_static_A4,script_pack_A4_source_selection,unknown,1,1,A4_xx_B0,CB:15D5,0,,,C7:9EA4,0,normal_master,C7:A199,24,0b2d82d59e4f3c1d0d422ad377a3ca9331411d749ac3c282d03096615d222a7f,,
23,0x17,27,0x1B,high_conf_static_A4,script_pack_A4_source_selection,unknown,1,1,A4_xx_B0,CB:164B,0,,,C7:9EA4,0,normal_master,C7:A1B1,26,f0cb4208bd284fedd026288e31fc83f2c47ebe1605ff03525dac49ce082babbb,,
23,0x17,28,0x1C,high_conf_static_A4,script_pack_A4_source_selection,unknown,1,1,A4_xx_B0,CB:165F,0,,,C7:9EA4,0,normal_master,C7:A1CB,34,ce9a185cdbde51602fa8dad83b0860339df2b2cfbbdef8376fa728420299a7b9,,
23,0x17,29,0x1D,high_conf_static_A4,script_pack_A4_source_selection,unknown,1,1,A4_xx_B0,CB:1679,0,,,C7:9EA4,0,normal_master,C7:A1ED,23,422f93c1084af8604956ca332f445ab660e5277517f6c85768c9c59b199920c8,,
23,0x17,30,0x1E,high_conf_static_A4,script_pack_A4_source_selection,unknown,1,1,A4_xx_B0,CB:16C2,0,,,C7:9EA4,0,normal_master,C7:A204,27,77a04cbde3549a9358b71e0832c66d32b169d5c203ee985699bf915a16c4fa74,,
23,0x17,31,0x1F,high_conf_static_A4,script_pack_A4_source_selection,unknown,1,1,A4_xx_B0,CB:16F2,0,,,C7:9EA4,0,normal_master,C7:A21F,28,b111e7d8eee101c3c0db3d3cff4fbe40f3f98c3e47178561f7ed31af8caec7f6,,
23,0x17,32,0x20,high_conf_static_A4,script_pack_A4_source_selection,unknown,1,1,A4_xx_B0,CB:1706,0,,,C7:9EA4,0,normal_master,C7:A23B,22,4665c4876dbc30b572178f4082fa5726ff828bd0ec059ae656e4cd5e49320b9f,,
23,0x17,33,0x21,high_conf_static_A4,script_pack_A4_source_selection,unknown,1,1,A4_xx_B0,CB:1720,0,,,C7:9EA4,0,normal_master,C7:A251,37,370b12ea7e4b9f15357418d9578fed56e64e01dcb72f5ab9331ec6296c1aba13,,
23,0x17,34,0x22,high_conf_static_A4,script_pack_A4_source_selection,unknown,1,1,A4_xx_B0,CB:173C,0,,,C7:9EA4,0,normal_master,C7:A276,30,5b7efd5714ab0f9ece753c35b2dc3b45554914dadac42a7de6f2316bc9a189a7,,
23,0x17,35,0x23,high_conf_static_A4,script_pack_A4_source_selection,unknown,1,1,A4_xx_B0,CB:1750,0,,,C7:9EA4,0,normal_master,C7:A294,35,24bf848ae8c0157bb2ab1e5f7c072d4e9509b6317a807fc82a0e2ee54218145e,,
23,0x17,36,0x24,high_conf_static_A4,script_pack_A4_source_selection,unknown,1,1,A4_xx_B0,CB:176A,0,,,C7:9EA4,0,normal_master,C7:A2B7,44,587cd7b6ffc57518b373c35abfb83796ffabc2eb282b9444b02aeb977e88cfd6,,
23,0x17,37,0x25,high_conf_static_A4,script_pack_A4_source_selection,unknown,1,1,A4_xx_B0,CB:178B,0,,,C7:9EA4,0,normal_master,C7:A2E3,16,bd25613a8ff20ae08b5889132a5ec57340a743ff4cfc080abaf3e446473f15f1,,
23,0x17,38,0x26,high_conf_static_A4,script_pack_A4_source_selection,unknown,1,1,A4_xx_B0,CB:179F,0,,,C7:9EA4,0,normal_master,C7:A2F3,16,bd25613a8ff20ae08b5889132a5ec57340a743ff4cfc080abaf3e446473f15f1,,
23,0x17,39,0x27,high_conf_static_A4,script_pack_A4_source_selection,unknown,1,1,A4_xx_C0_B5,CB:17D0,0,,,C7:9EA4,0,normal_master,C7:A303,16,bd25613a8ff20ae08b5889132a5ec57340a743ff4cfc080abaf3e446473f15f1,,
23,0x17,40,0x28,high_conf_static_A4,script_pack_A4_source_selection,unknown,1,1,A4_xx_B0,CB:17D6,0,,,C7:9EA4,0,normal_master,C7:A313,14,e8efc5c44372e4561b34abb13b52a1059c34c96532c55aef0293c65cbf03c471,,
23,0x17,41,0x29,high_conf_static_A4,script_pack_A4_source_selection,unknown,1,1,A4_xx_B0,CB:17E0,0,,,C7:9EA4,0,normal_master,C7:A321,27,f3b78a5f6cea9d71d2d87a3baae36297588f9875bd221efc3586cec4b5aff3ab,,
23,0x17,42,0x2A,high_conf_static_A4,script_pack_A4_source_selection,unknown,1,1,A4_xx_C0_B5,CB:182D,0,,,C7:9EA4,0,normal_master,C7:A33C,20,01d9d333eef1e0d880d52011b5fc013eae40adb686a88166e201253b9f214306,,
23,0x17,43,0x2B,high_conf_static_A4,script_pack_A4_source_selection,unknown,1,1,A4_xx_B0,CB:1833,0,,,C7:9EA4,0,normal_master,C7:A350,38,67350d66fd7e23ef886eb722c5172ba0d817daa004dbf8e3d9737482605dafe6,,
23,0x17,44,0x2C,high_conf_static_A4,script_pack_A4_source_selection,unknown,1,1,A4_xx_B0,CB:183D,0,,,C7:9EA4,0,normal_master,C7:A376,22,c455f4bad8f491fa426f10f00609fb7a4d1ba0894043fb4f4e2a2151320e360d,,
23,0x17,45,0x2D,high_conf_static_A4,script_pack_A4_source_selection,unknown,1,1,A4_xx_B0,CB:1882,0,,,C7:9EA4,0,normal_master,C7:A38C,23,fa022522266bd5e4c88273d39b376961c7eef5f5692d097419f7aee95dde040a,,
23,0x17,46,0x2E,high_conf_static_A4,script_pack_A4_source_selection,unknown,1,1,A4_xx_B0,CB:1887,0,,,C7:9EA4,0,normal_master,C7:A3A3,27,1861b2378ac3b2152fc55e19edbb378d48bda2f0c93de7c929255bb78283f455,,
23,0x17,47,0x2F,high_conf_static_A4,script_pack_A4_source_selection,unknown,1,1,A4_xx_B0,CB:18CA,0,,,C7:9EA4,0,normal_master,C7:A3BE,18,e8f6090882c7b3575a76893f2c603f33f976af9ed0bf2fffeeaa2d5187ab2fe5,,
23,0x17,48,0x30,high_conf_static_A4,script_pack_A4_source_selection,unknown,1,1,A4_xx_B0,CB:18CF,0,,,C7:9EA4,0,normal_master,C7:A3D0,28,c50f9e37aec504eb1cfe33698c35f079d2ee89a30b406343e806c259f9c8e040,,
23,0x17,49,0x31,high_conf_static_A4,script_pack_A4_source_selection,unknown,1,1,A4_xx_B0,CB:1916,0,,,C7:9EA4,0,normal_master,C7:A3EC,15,169e32e358752388951a6d40821151ed8b1cd27521730facd4676e6652c9be38,,
23,0x17,51,0x33,high_conf_static_A4,script_pack_A4_source_selection,unknown,1,1,A4_xx_B0,CB:198C,0,,,C7:9EA4,0,normal_master,C7:A410,11,05e25df3330e87116709912ca5f4152dd00c22a87aac5fbc39b7284ee1d99dd9,,
23,0x17,52,0x34,high_conf_static_A4,script_pack_A4_source_selection,unknown,1,1,A4_xx_B0,CB:19A5,0,,,C7:9EA4,0,normal_master,C7:A41B,15,ac3920dc97841b2931bbbdc4585e8b7aef08842504dd18a90437c67d79928332,,
23,0x17,54,0x36,high_conf_static_A4,script_pack_A4_source_selection,unknown,1,1,A4_xx_B0,CB:19D6,0,,,C7:9EA4,0,normal_master,C7:A44E,24,8afbd2b90372544a5a97ffcd98f7cc94e754fb498dc25781e5591198d49d33f4,,
23,0x17,55,0x37,high_conf_static_A4,script_pack_A4_source_selection,unknown,1,1,A4_xx_B0,CB:19D9,0,,,C7:9EA4,0,normal_master,C7:A466,24,9a48c23bc0bb9a20814c5005144e45711be44bf7816ce9d116629ae57355ba9e,,
23,0x17,57,0x39,high_conf_static_A4,script_pack_A4_source_selection,unknown,1,1,A4_xx_B0,CB:1A21,0,,,C7:9EA4,0,normal_master,C7:A495,22,ba058e088f83bd9a6ef157279c4ec453ede174ad97ce7d2f7b5732181eec6556,,
23,0x17,58,0x3A,high_conf_static_A4,script_pack_A4_source_selection,unknown,1,1,A4_xx_B0,CB:1A24,0,,,C7:9EA4,0,normal_master,C7:A4AB,25,c230cbf47da52463f2a89b0bb153366180e57410879f613b18bdd8225e06e2f4,,
23,0x17,59,0x3B,high_conf_static_A4,script_pack_A4_source_selection,unknown,1,1,A4_xx_B0,CB:1A4D,0,,,C7:9EA4,0,normal_master,C7:A4C4,82,5cc8ced7ebe3ed24e218d067fa11381bd2b5bfc8dc36def1ab16c4accc57af77,,
23,0x17,60,0x3C,high_conf_static_A4,script_pack_A4_source_selection,unknown,1,1,A4_xx_B0,CB:1A89,0,,,C7:9EA4,0,normal_master,C7:A516,22,76ac2e824df7ee463b4476457a8ed947a82f412305e92bed05536b60d0bc78ef,,
23,0x17,61,0x3D,high_conf_static_A4,script_pack_A4_source_selection,unknown,1,1,A4_xx_B0,CB:1AC6,0,,,C7:9EA4,0,normal_master,C7:A52C,18,b318d34b503b870df81221b64b9a41a2637fc4d5c3972b4f4af4b29e20587da3,,
23,0x17,62,0x3E,high_conf_static_A4,script_pack_A4_source_selection,unknown,1,1,A4_xx_B0,CB:1B00,0,,,C7:9EA4,0,normal_master,C7:A53E,40,2e5fd06ca421b5374a8091b129f2ad72dab9f099e54ede51fb4a572f1ed71592,,
23,0x17,63,0x3F,high_conf_static_A4,script_pack_A4_source_selection,unknown,1,1,A4_xx_B0,CB:1B3E,0,,,C7:9EA4,0,normal_master,C7:A566,23,a94458fdbdabdc0b71709eafca783f3b3104d569f3b56240d18cfd33d5681627,,
23,0x17,64,0x40,high_conf_static_A4,script_pack_A4_source_selection,unknown,1,1,A4_xx_B0,CB:1B74,0,,,C7:9EA4,0,normal_master,C7:A57D,27,64c57da294a102fdd75c985ff79862b2fe0b4a4e5f4d3ec98eea60459922b80f,,
23,0x17,65,0x41,high_conf_static_A4,script_pack_A4_source_selection,unknown,1,1,A4_xx_B0,CB:1BAB,0,,,C7:9EA4,0,normal_master,C7:A598,12,aae93d045b508a1f4b96814315efb2339109cc284c78eac14b1015a9da21c88c,,
23,0x17,68,0x44,high_conf_static_A4,script_pack_A4_source_selection,unknown,1,1,A4_xx_B0,CB:1C2E,0,,,C7:9EA4,0,normal_master,C7:A614,44,89cdb03740ac7c07f7f5a0a805a9e4a20dca2e668f76f285ac4103bf26ad2794,,
23,0x17,70,0x46,high_conf_static_A4,script_pack_A4_source_selection,unknown,1,1,A4_xx_B0,CB:1C51,0,,,C7:9EA4,0,normal_master,C7:A64D,13,0bab69371d03896ac3bfeef2189988141afa847f9fd64d4b5c2109f68ea53430,,
23,0x17,71,0x47,high_conf_static_A4,script_pack_A4_source_selection,unknown,1,1,A4_xx_B0,CB:1C79,0,,,C7:9EA4,0,normal_master,C7:A65A,28,e783cbf697c6043ac5bec4e29f795ac40b7ebf91ce81b25ce7a40fdaa1e8870c,,
23,0x17,72,0x48,high_conf_static_A4,script_pack_A4_source_selection,unknown,1,1,A4_xx_B0,CB:1C98,0,,,C7:9EA4,0,normal_master,C7:A676,15,22fa21d9e15584c8b7ddcfe6866df88a201b0cbcdca070fb03476e0de2af99e4,,
23,0x17,73,0x49,high_conf_static_A4,script_pack_A4_source_selection,unknown,1,1,A4_xx_B0,CB:1CDE,0,,,C7:9EA4,0,normal_master,C7:A685,38,f1a73d6942274d905e9d82379f5a107a3c804f2092f9f51fbc1059375d8cd34a,,
23,0x17,74,0x4A,high_conf_static_A4,script_pack_A4_source_selection,unknown,1,1,A4_xx_B0,CB:1D1B,0,,,C7:9EA4,0,normal_master,C7:A6AB,20,fbcb8044ea2b01a6417e31c35d80ebaab8d695af5fe0d267661253da29a1aed6,,
23,0x17,75,0x4B,high_conf_static_A4,script_pack_A4_source_selection,unknown,1,1,A4_xx_B0,CB:1D5C,0,,,C7:9EA4,0,normal_master,C7:A6BF,16,7575e9552a04301b4db87aa8456200515573ab932834d4d202379c477cd694ce,,
23,0x17,76,0x4C,high_conf_static_A4,script_pack_A4_source_selection,unknown,1,1,A4_xx_B0,CB:1D96,0,,,C7:9EA4,0,normal_master,C7:A6CF,103,c449fc52698d91cce5a19fcf9b7c070f37e4484645b2ae135bbd177e199c6187,,
23,0x17,78,0x4E,high_conf_static_A4,script_pack_A4_source_selection,unknown,1,1,A4_xx_B0,CB:1DFE,0,,,C7:9EA4,0,normal_master,C7:A74E,14,1a73032012a2ec1e0eee2bc9c12273216e2824cb3f97d92a8d29c7995d390053,,
23,0x17,79,0x4F,high_conf_static_A4,script_pack_A4_source_selection,unknown,1,1,A4_xx_B0,CB:1E3F,0,,,C7:9EA4,0,normal_master,C7:A75C,16,5ba16b4291713d5963b7c06d5bc8b74d5876ddcac12023395650af4b5b354960,,
23,0x17,82,0x52,high_conf_static_A4,script_pack_A4_source_selection,unknown,1,1,A4_xx_B0,CB:1E80,0,,,C7:9EA4,0,normal_master,C7:A7A7,34,29355a8db65427053d38046f9d81693e68f88a92752199f15f974041dfda9ac0,,
23,0x17,83,0x53,high_conf_static_A4,script_pack_A4_source_selection,unknown,1,1,A4_xx_B0,CB:1EB4,0,,,C7:9EA4,0,normal_master,C7:A7C9,37,ada4b8c20424d48cb7b35db32652cca20e3c96058985c9f7ac213a2dad5541cb,,
23,0x17,85,0x55,high_conf_static_A4,script_pack_A4_source_selection,unknown,1,1,A4_xx_B0,CB:1EFB,0,,,C7:9EA4,0,normal_master,C7:A80D,39,5bf0023b1ddb1827d9a2a37d1df2c2623577979106162375586f1f2dc85975b7,,
23,0x17,86,0x56,high_conf_static_A4,script_pack_A4_source_selection,unknown,1,1,A4_xx_B0,CB:1F3F,0,,,C7:9EA4,0,normal_master,C7:A834,61,84542761a83e36ff1be829d6e62b184de6fb028ee5593132ad4efaa98ef7f02c,,
23,0x17,87,0x57,high_conf_static_A4,script_pack_A4_source_selection,unknown,1,1,A4_xx_C0_B5,CB:1F5E,0,,,C7:9EA4,0,normal_master,C7:A871,39,dd35360306fb2cd3993051b67bcf126747457f7681e4bc2ab53d06b76f2b1ea7,,
23,0x17,88,0x58,high_conf_static_A4,script_pack_A4_source_selection,unknown,1,1,A4_xx_B0,CB:1FA8,0,,,C7:9EA4,0,normal_master,C7:A898,43,6d34eb34e773dbc3b8531d8201710e9887836b2778b975d862832adb5b329451,,
23,0x17,89,0x59,high_conf_static_A4,script_pack_A4_source_selection,unknown,1,1,A4_xx_B0,CB:1FBF,0,,,C7:9EA4,0,normal_master,C7:A8C3,40,cd91b2d7ed21fca0d276deedb148cebf0ad74e75ebcb56b22e8e6222a55e8414,,
23,0x17,90,0x5A,high_conf_static_A4,script_pack_A4_source_selection,unknown,1,1,A4_xx_B0,CB:1FF7,0,,,C7:9EA4,0,normal_master,C7:A8EB,44,432ac5e434a5eefef64482e6f5bef4b4cf520cb43106e38effa03fe6409b8244,,
23,0x17,91,0x5B,high_conf_static_A4,script_pack_A4_source_selection,unknown,1,1,A4_xx_C0_B5,CB:2034,0,,,C7:9EA4,0,normal_master,C7:A917,61,aa938c4355c70c2cc15350812261f3d7be5f1744999df9b8184cb51225e35839,,
23,0x17,92,0x5C,high_conf_static_A4,script_pack_A4_source_selection,unknown,1,1,A4_xx_B0,CB:203E,0,,,C7:9EA4,0,normal_master,C7:A954,89,6d425f9a05f935244c0663499f0ec6451d1eb837d2203c4bb887fe339090d488,,
23,0x17,94,0x5E,high_conf_static_A4,script_pack_A4_source_selection,unknown,1,1,A4_xx_B2_dd_A4_yy:first,CB:207F,0,,,C7:9EA4,0,normal_master,C7:A9C7,49,5f65793222d09e1b8266ae8e642b7db22e63c54407a8dc8a9bbfe6071131e877,,
23,0x17,95,0x5F,high_conf_static_A4,script_pack_A4_source_selection,unknown,1,1,A4_xx_B2_dd_A4_yy:second,CB:2083,0,,,C7:9EA4,0,normal_master,C7:A9F8,16,6fad7ae6c339eb83786b1c08ae6b88645ac245d1b07cbcbc63f915382cb21046,,
23,0x17,96,0x60,high_conf_static_A4,script_pack_A4_source_selection,unknown,1,1,A4_xx_B0,CB:20A9,0,,,C7:9EA4,0,normal_master,C7:AA08,60,f70798f64be8959ad18392c750e990468630989e2c4c2c5d898591b6f1787e13,,
23,0x17,97,0x61,high_conf_static_A4,script_pack_A4_source_selection,unknown,1,1,A4_xx_B0,CB:20C5,0,,,C7:9EA4,0,normal_master,C7:AA44,32,c992298a4ba4fa264e7dbce85e354e386393992eeb9180652fff5ce334e9b06b,,
23,0x17,98,0x62,high_conf_static_A4,script_pack_A4_source_selection,unknown,1,1,A4_xx_B0,CB:20DB,0,,,C7:9EA4,0,normal_master,C7:AA64,85,a3c0a077cae8220fc113b476a1b708f0e59be12703eed2366c73924a7cad4def,,
23,0x17,99,0x63,high_conf_static_A4,script_pack_A4_source_selection,unknown,1,1,A4_xx_B0,CB:20FA,0,,,C7:9EA4,0,normal_master,C7:AAB9,62,53320104fd2d3c27eddb30e8c9db6dee3af8bea379089ec6e041359ecfab6c53,,
23,0x17,100,0x64,high_conf_static_A4,script_pack_A4_source_selection,unknown,1,1,A4_xx_B0,CB:2111,0,,,C7:9EA4,0,normal_master,C7:AAF7,42,60077f869337054ff160e0e960486b85fab47499075304809e668d8280d23612,,
23,0x17,102,0x66,high_conf_static_A4,script_pack_A4_source_selection,unknown,1,1,A4_xx_B0,CB:216B,0,,,C7:9EA4,0,normal_master,C7:AB61,32,51db096e5a832d38baa741e09d7c831bdd77c2e478396e65d2841b6b3d629917,,
23,0x17,103,0x67,high_conf_static_A4,script_pack_A4_source_selection,unknown,1,1,A4_xx_B2_dd_A4_yy:first,CB:2190,0,,,C7:9EA4,0,normal_master,C7:AB81,37,246bc52a256961ef06d32227820aa1fa73fb63e64281e5301044d3839dcc1eeb,,
23,0x17,104,0x68,high_conf_static_A4,script_pack_A4_source_selection,unknown,1,1,A4_xx_B2_dd_A4_yy:second,CB:2194,0,,,C7:9EA4,0,normal_master,C7:ABA6,43,1015c1274ffbbd842cc801d34b84202c70a2c08b34f86b005533926e076a4297,,
23,0x17,105,0x69,high_conf_static_A4,script_pack_A4_source_selection,unknown,1,1,A4_xx_C0_B5,CB:21AF,0,,,C7:9EA4,0,normal_master,C7:ABD1,33,0307809d815f39d43e5ebc2033d258263cecd7a135070cb1addc0a828e04e6b8,,
23,0x17,106,0x6A,high_conf_static_A4,script_pack_A4_source_selection,unknown,1,1,A4_xx_C0_B5,CB:21EB,0,,,C7:9EA4,0,normal_master,C7:ABF2,34,e6ec066eba0d7435bb5b1b1e8b67b541bef8a275a9ae6d2db491b29428241257,,
23,0x17,107,0x6B,high_conf_static_A4,script_pack_A4_source_selection,unknown,1,1,A4_xx_B0,CB:21FD,0,,,C7:9EA4,0,normal_master,C7:AC14,37,464fbc3643971dd70492e520b31c2fa2c33e667b5be29d70b8f2f6d340325421,,
23,0x17,108,0x6C,high_conf_static_A4,script_pack_A4_source_selection,unknown,1,1,A4_xx_B0,CB:223C,0,,,C7:9EA4,0,normal_master,C7:AC39,85,35827beed2689c7137b76951555b9360ca033ac37731c5f9ee48ac9496eb0ab5,,
23,0x17,110,0x6E,high_conf_static_A4,script_pack_A4_source_selection,unknown,1,1,A4_xx_B0,CB:235A,0,,,C7:9EA4,0,normal_master,C7:ACDE,100,5435eaa1003a062f7f473fd8a8132b1099614f238d85f927ac5139ce8f7b08df,,
23,0x17,111,0x6F,high_conf_static_A4,script_pack_A4_source_selection,unknown,1,1,A4_xx_B0,CB:2389,0,,,C7:9EA4,0,normal_master,C7:AD42,20,3df72e92f5d5c777da8b95d270562c68b4bb5898dbd0e58f5b377470046e0f01,,
23,0x17,113,0x71,high_conf_static_A4,script_pack_A4_source_selection,unknown,1,1,A4_xx_B0,CB:258E,0,,,C7:9EA4,0,normal_master,C7:AD65,25,478465ff80d3ccc8fd1d89b0cc99448fb1597c73ad1f16a98e636c15b6ab6b92,,
23,0x17,115,0x73,high_conf_static_A4,script_pack_A4_source_selection,unknown,1,1,A4_xx_C0_B5,CB:2601,0,,,C7:9EA4,0,normal_master,C7:AD92,20,18d446612468cb294db07cc8005007d8bbdfdba792f4d3e3472e78467758dc24,,
23,0x17,117,0x75,high_conf_static_A4,script_pack_A4_source_selection,unknown,1,1,A4_xx_C0_B5,CB:261F,0,,,C7:9EA4,0,normal_master,C7:ADB9,38,062a501a134637256987df2d94ebc23e1824fc1496db7141c82a9653ef8bbee1,,
23,0x17,118,0x76,high_conf_static_A4,script_pack_A4_source_selection,unknown,1,1,A4_xx_C0_B5,CB:2640,0,,,C7:9EA4,0,normal_master,C7:ADDF,36,a0d9671603d6d9279a45a85e453d1fedbea07df0599f0b1f6f055ff0d24a6cab,,
23,0x17,120,0x78,high_conf_static_A4,script_pack_A4_source_selection,unknown,1,1,A4_xx_C0_B5,CB:2664,0,,,C7:9EA4,0,normal_master,C7:AE1A,29,9b5aa2d0114641e79654f5eb117a08d0f934898772d3b9ed2c8015cb2bebae3d,,
23,0x17,121,0x79,high_conf_static_A4,script_pack_A4_source_selection,unknown,1,1,A4_xx_C0_B5,CB:266E,0,,,C7:9EA4,0,normal_master,C7:AE37,21,006156404aa59ed305f92b29af637da4b7b1ad279e9a32bd957db65698e9c78b,,
23,0x17,122,0x7A,high_conf_static_A4,script_pack_A4_source_selection,unknown,1,1,A4_xx_B0,CB:26F0,0,,,C7:9EA4,0,normal_master,C7:AE4C,84,f5949e4a88de88e6bec1ee6aefb725c755175444422ac0e468ec2c39526c944d,,
23,0x17,123,0x7B,high_conf_static_A4,script_pack_A4_source_selection,unknown,1,1,A4_xx_B2_dd_A4_yy:first,CB:2715,0,,,C7:9EA4,0,normal_master,C7:AEA0,54,75775f87c1c416b6cb85607ff52a1fecee92ea32bba8a7befd661525eb58fdeb,,
23,0x17,124,0x7C,high_conf_static_A4,script_pack_A4_source_selection,unknown,1,1,A4_xx_B2_dd_A4_yy:second,CB:2719,0,,,C7:9EA4,0,normal_master,C7:AED6,38,062a501a134637256987df2d94ebc23e1824fc1496db7141c82a9653ef8bbee1,,
23,0x17,127,0x7F,high_conf_static_A4,script_pack_A4_source_selection,unknown,1,1,A4_xx_B0,CB:2897,0,,,C7:9EA4,0,normal_master,C7:AF31,31,b3c9bce013042921787f10252a02c17e268b36e5c93750aa853a1eb4f1f96ff8,,
23,0x17,128,0x80,high_conf_static_A4,script_pack_A4_source_selection,unknown,1,1,A4_xx_C0_B5,CB:28AC,0,,,C7:9EA4,0,normal_master,C7:AF50,11,05e25df3330e87116709912ca5f4152dd00c22a87aac5fbc39b7284ee1d99dd9,,
24,0x18,0,0x00,high_conf_static_A4,script_pack_A4_source_selection,unknown,1,1,A4_xx_B0,CB:2AD1,0,,,C7:C7F7,0,normal_master,C7:C7F8,18,7e458fc4978c25c096a358645aa5ecda8405842b6c83a5e0fcc7aff74becc2bf,,
24,0x18,1,0x01,high_conf_static_A4,script_pack_A4_source_selection,unknown,1,1,A4_xx_B0,CB:2AD4,0,,,C7:C7F7,0,normal_master,C7:C80A,18,b5d27f29f9b6ab6b45fe33b17b97229f433fa6c6b58defe72893a8485cf3f1b7,,
24,0x18,13,0x0D,high_conf_static_A4,script_pack_A4_source_selection,unknown,1,1,A4_xx_B0,CB:2F1A,0,,,C7:C7F7,0,normal_master,C7:C8D5,16,dfadca26a9d5494f1c70443a746a0412e93a5533c92814b81a1ad0422100d952,,
24,0x18,19,0x13,high_conf_static_A4,script_pack_A4_source_selection,unknown,1,1,A4_xx_B0,CB:304F,0,,,C7:C7F7,0,normal_master,C7:C94D,27,1977f3a4facfaedc4e6f5ef333de6a29ba621cd5f894eb15eab7615d3c84b774,,
24,0x18,25,0x19,high_conf_static_A4,script_pack_A4_source_selection,unknown,1,1,A4_xx_B0,CB:31E5,0,,,C7:C7F7,0,normal_master,C7:C9B7,14,a490852aca630d191b340f5aa30cf8792245b6da3156a4d78aaccc71bf79e6db,,
24,0x18,26,0x1A,high_conf_static_A4,script_pack_A4_source_selection,unknown,1,1,A4_xx_B0,CB:31FE,0,,,C7:C7F7,0,normal_master,C7:C9C5,11,a640b1c6ede54e202aac17100549f77b1a88faa4dd52a4497cc4dc1b4210b003,,
24,0x18,27,0x1B,high_conf_static_A4,script_pack_A4_source_selection,unknown,1,1,A4_xx_B0,CB:321B,0,,,C7:C7F7,0,normal_master,C7:C9D0,10,06f2f4794048dc1a3172d169b8d4f7a572b9234da0ca450a9606e2856a4b61df,,
24,0x18,28,0x1C,high_conf_static_A4,script_pack_A4_source_selection,unknown,1,1,A4_xx_B0,CB:32BC,0,,,C7:C7F7,0,normal_master,C7:C9DA,13,0f9b98c96a4e4b148a12ba0ca913299dfeb576863d9240463d88bc08e99500f3,,
24,0x18,31,0x1F,high_conf_static_A4,script_pack_A4_source_selection,unknown,1,1,A4_xx_B0,CB:3324,0,,,C7:C7F7,0,normal_master,C7:CA0F,16,c45a23e44953324e4e3407203a8f519619cd3a9a8fbdc136b174e36d1c534a9a,,
24,0x18,43,0x2B,high_conf_static_A4,script_pack_A4_source_selection,unknown,1,1,A4_xx_B2_dd_A4_yy:first,CB:37DE,0,,,C7:C7F7,0,normal_master,C7:CB0D,27,2e7efa207548b712aeaef740f835772ad12c2296be9dae9a821fb50e39326c65,,
24,0x18,44,0x2C,high_conf_static_A4,script_pack_A4_source_selection,unknown,2,1,A4_xx_B0;A4_xx_B2_dd_A4_yy:second,CB:37E2,0,,,C7:C7F7,0,normal_master,C7:CB28,28,66c85cc527b8768061de3e201c5d22745294dbbd2ebe4f0514c16e970f9efd31,,
24,0x18,53,0x35,high_conf_static_A4,script_pack_A4_source_selection,unknown,1,1,A4_xx_B0,CB:3ADA,0,,,C7:C7F7,0,normal_master,C7:CC18,16,3ea8c693df33d1cccfffbb437569754223cb2dbdcb139b2c249f4ff593094f7b,,
24,0x18,55,0x37,high_conf_static_A4,script_pack_A4_source_selection,unknown,1,1,A4_xx_B0,CB:3B26,0,,,C7:C7F7,0,normal_master,C7:CC37,13,299e3ca4841eae300e83176b92707ebefe88aca647aaf2f43b69d1ba9baa79db,,
24,0x18,58,0x3A,high_conf_static_A4,script_pack_A4_source_selection,unknown,1,1,A4_xx_B0,CB:3CCB,0,,,C7:C7F7,0,normal_master,C7:CC76,26,62527a3aca0c3e1fc87d7cfec68a5f79259e61a818333ce445b92201bb49c8d9,,
24,0x18,62,0x3E,high_conf_static_A4,script_pack_A4_source_selection,unknown,1,1,A4_xx_B0,CB:3DF0,0,,,C7:C7F7,0,normal_master,C7:CCEC,29,e3997d01ff324f5da1136853a367aee3231df2f0755758cf05b365c9c855fa6e,,
24,0x18,69,0x45,high_conf_static_A4,script_pack_A4_source_selection,unknown,1,1,A4_xx_B0,CB:4108,0,,,C7:C7F7,0,normal_master,C7:CDC7,27,453b5836d7d0635ae49785a13f86c557ab957946c6ac50786411da21b61e6bea,,
24,0x18,72,0x48,high_conf_static_A4,script_pack_A4_source_selection,unknown,1,1,A4_xx_C0_B5,CB:414E,0,,,C7:C7F7,0,normal_master,C7:CE26,21,c526a3bc8f7ee4614e0d1e97d421709f9a68715f3a5f9817188e0bcd1faaf070,,
24,0x18,75,0x4B,high_conf_static_A4,script_pack_A4_source_selection,unknown,1,1,A4_xx_C0_B5,CB:422E,0,,,C7:C7F7,0,normal_master,C7:CE90,57,307b52f288f93a66d47cea4ac4fa11b8ab8d1147966523ad8a6b9b40b049e430,,
24,0x18,82,0x52,high_conf_static_A4,script_pack_A4_source_selection,unknown,1,1,A4_xx_B2_dd_A4_yy:first,CB:4342,0,,,C7:C7F7,0,normal_master,C7:CF55,33,45055e8d860eb41a0ae0b02031fa0c2db7a3a4f3b97791c29eb730e598d0767a,,
24,0x18,83,0x53,high_conf_static_A4,script_pack_A4_source_selection,unknown,2,1,A4_xx_B0;A4_xx_B2_dd_A4_yy:second,CB:4346,0,,,C7:C7F7,0,normal_master,C7:CF76,15,a5cb35686f625c8cdff02902f1138824931fb65f930178e836e235ce057f3e68,,
24,0x18,86,0x56,high_conf_static_A4,script_pack_A4_source_selection,unknown,1,1,A4_xx_B0,CB:43D4,0,,,C7:C7F7,0,normal_master,C7:CFA2,18,fe8f04aa0c70916e79624c06fda14ded3f1540af8085396f3c92e550b2fcfdcb,,
24,0x18,89,0x59,high_conf_static_A4,script_pack_A4_source_selection,unknown,1,1,A4_xx_B2_dd_A4_yy:first,CB:43FA,0,,,C7:C7F7,0,normal_master,C7:CFE3,15,626a56bcaa2bce4cc8187d26a04b5480e9fce6d3fa0a3e5a17ea381037c82c65,,
24,0x18,90,0x5A,high_conf_static_A4,script_pack_A4_source_selection,unknown,2,1,A4_xx_B0;A4_xx_B2_dd_A4_yy:second,CB:43FE,0,,,C7:C7F7,0,normal_master,C7:CFF2,16,cdf9981478479b3f5b9741c03fac1ead01418e526ada0158db130ec137de9366,,
24,0x18,93,0x5D,high_conf_static_A4,script_pack_A4_source_selection,unknown,1,1,A4_xx_B0,CB:441E,0,,,C7:C7F7,0,normal_master,C7:D027,21,4a13e58b5cb54685f64a0f140a1400beec4cc09e1abefca114f3626feaf20cbe,,
24,0x18,97,0x61,high_conf_static_A4,script_pack_A4_source_selection,unknown,1,1,A4_xx_B0,CB:449F,0,,,C7:C7F7,0,normal_master,C7:D0A2,37,3fd5fd2aee60441d4b55298bc2e9c8621c89d45ae3853672dfe361d9e63c92fc,,
24,0x18,107,0x6B,high_conf_static_A4,script_pack_A4_source_selection,unknown,1,1,A4_xx_C0_B5,CB:4564,0,,,C7:C7F7,0,normal_master,C7:D1DF,29,2efd5e601286aa6ac1803eb3c68557fb63181a0d866b8469b3e2bfe87b6490e0,,
24,0x18,110,0x6E,high_conf_static_A4,script_pack_A4_source_selection,unknown,1,1,A4_xx_B0,CB:4580,0,,,C7:C7F7,0,normal_master,C7:D229,26,3e24ddfe560d76f517aa744ee74b4a5cb0dc5126e3ac12714d79e03f93a9a926,,
24,0x18,112,0x70,high_conf_static_A4,script_pack_A4_source_selection,unknown,1,1,A4_xx_C0_B5,CB:45ED,0,,,C7:C7F7,0,normal_master,C7:D25B,23,0018240bdc4b543a49918789b860ef6185d1cc0e84a23bbe78f84be921f1ec2b,,
24,0x18,113,0x71,high_conf_static_A4,script_pack_A4_source_selection,unknown,1,1,A4_xx_B0,CB:4645,0,,,C7:C7F7,0,normal_master,C7:D272,16,a56b868443efc22a3746ab9e6a3b69f7eae9ee6047a84e6057ca19c45187be44,,
24,0x18,126,0x7E,high_conf_static_A4,script_pack_A4_source_selection,unknown,1,1,A4_xx_B2_dd_A4_yy:first,CB:4AF8,0,,,C7:C7F7,0,normal_master,C7:D3D5,38,bcd0b46764c332e45fb908585cad60d72ee7a10f98b0d45a06935800c167d7be,,
24,0x18,127,0x7F,high_conf_static_A4,script_pack_A4_source_selection,unknown,1,1,A4_xx_B2_dd_A4_yy:second,CB:4AFC,0,,,C7:C7F7,0,normal_master,C7:D3FB,45,b6f26d0ab3a69b1da4effd257abf2e5fc2cd1502a64ed5b3fa84a22f0d07e342,,
24,0x18,136,0x88,high_conf_static_A4,script_pack_A4_source_selection,unknown,1,1,A4_xx_B0,CB:4C46,0,,,C7:C7F7,0,normal_master,C7:D502,22,24ab36d2f5852e5124f4f677fd7d78ae8b72962dff740fef4afd0cac10954d27,,
24,0x18,138,0x8A,high_conf_static_A4,script_pack_A4_source_selection,unknown,1,1,A4_xx_B0,CB:4CAD,0,,,C7:C7F7,0,normal_master,C7:D530,22,9377c567a13cfcaa09d5436fac3f66bfc301d1d86008f766fa3e6a0fbc8d6ae7,,
24,0x18,143,0x8F,high_conf_static_A4,script_pack_A4_source_selection,unknown,1,1,A4_xx_C0_B5,CB:4D8B,0,,,C7:C7F7,0,normal_master,C7:D5B9,44,ffa1255632609398bda7290b142805e8898aa52f8ff58fc905c7de8f31d3ad73,,
24,0x18,145,0x91,high_conf_static_A4,script_pack_A4_source_selection,unknown,1,1,A4_xx_B0,CB:4DDF,0,,,C7:C7F7,0,normal_master,C7:D5F8,29,1a5333a965d36801e310e457c705c3d7c2e138f99398560e70e8fbd5d860f7aa,,
24,0x18,155,0x9B,high_conf_static_A4,script_pack_A4_source_selection,unknown,1,1,A4_xx_B2_dd_A4_yy:first,CB:4FAD,0,,,C7:C7F7,0,normal_master,C7:D704,16,c5716d6e564a5c292719ce2ca4e282746719f1849820e9523dfc133dc49f1180,,
24,0x18,156,0x9C,high_conf_static_A4,script_pack_A4_source_selection,unknown,1,1,A4_xx_B2_dd_A4_yy:second,CB:4FB1,0,,,C7:C7F7,0,normal_master,C7:D714,17,fcd58f49de747249b2507c0e6c75006fc1ab771863d2720cb4eecf4289122579,,
24,0x18,166,0xA6,high_conf_static_A4,script_pack_A4_source_selection,unknown,1,1,A4_xx_B0,CB:5358,0,,,C7:C7F7,0,normal_master,C7:D812,30,22b7fcdab9a45b6941835278edea8c3f14327b140e44990ec107dd784a347e38,,
24,0x18,171,0xAB,high_conf_static_A4,script_pack_A4_source_selection,unknown,1,1,A4_xx_B0,CB:542E,0,,,C7:C7F7,0,normal_master,C7:D8BC,18,a8b65b60aeecb1567329db051cb2a62d4a70b3f36d45bc7cd105a9193acb0e5c,,
24,0x18,176,0xB0,high_conf_static_A4,script_pack_A4_source_selection,unknown,1,1,A4_xx_B0,CB:54D6,0,,,C7:C7F7,0,normal_master,C7:D911,27,917375bf9dafdbcf877aaf5525a99289fb600e8b98bf8e6747ad9160d4f0460f,,
24,0x18,179,0xB3,high_conf_static_A4,script_pack_A4_source_selection,unknown,1,1,A4_xx_B0,CB:5572,0,,,C7:C7F7,0,normal_master,C7:D943,21,65a7c23b51ca144bfd34d2869fe61b08b784f0c8ba884b73b027f8076f78971c,,
24,0x18,181,0xB5,high_conf_static_A4,script_pack_A4_source_selection,unknown,1,1,A4_xx_B0,CB:5603,0,,,C7:C7F7,0,normal_master,C7:D98A,1,6e340b9cffb37a989ca544e6bb780a2c78901d3fb33738768511a30617afa01d,,
24,0x18,183,0xB7,high_conf_static_A4,script_pack_A4_source_selection,unknown,1,1,A4_xx_B0,CB:5673,0,,,C7:C7F7,0,normal_master,C7:D9A3,18,4d5cb09496671150c95fa7ea149342e03d9aa0d3bdbeddd1f5a55a55bc5e6f48,,
24,0x18,190,0xBE,high_conf_static_A4,script_pack_A4_source_selection,unknown,1,1,A4_xx_B0,CB:58D7,0,,,C7:C7F7,0,normal_master,C7:DA9E,61,4d2dbdac8e5b370d58b67b8ede18054dd353ee19ec6dd7c30681c88913bd3d47,,
24,0x18,193,0xC1,high_conf_static_A4,script_pack_A4_source_selection,unknown,1,1,A4_xx_B0,CB:594C,0,,,C7:C7F7,0,normal_master,C7:DAF1,12,da9ba61d9d15de5eff4d9bffbaf81b54c988e13b8eaa735866f7b42c35b820a3,,
24,0x18,196,0xC4,high_conf_static_A4,script_pack_A4_source_selection,unknown,1,1,A4_xx_B0,CB:598B,0,,,C7:C7F7,0,normal_master,C7:DB30,41,9e39670a6c59053d3bb5a19e5fc4eb9f02bf3224e801b8da0aa7743e5eb3568a,,
24,0x18,199,0xC7,high_conf_static_A4,script_pack_A4_source_selection,unknown,1,1,A4_xx_B2_dd_A4_yy:first,CB:59B1,0,,,C7:C7F7,0,normal_master,C7:DB93,37,00f48223a9fc09012acadf29a9ca27c7e7b179d9b9eb0b2ad4195179a194c044,,
24,0x18,200,0xC8,high_conf_static_A4,script_pack_A4_source_selection,unknown,2,1,A4_xx_B0;A4_xx_B2_dd_A4_yy:second,CB:59B5,0,,,C7:C7F7,0,normal_master,C7:DBB8,50,12824d23265d6793f7c9bff0f8e0411b690895bd05eec0b068c6420237d8cdeb,,
24,0x18,209,0xD1,high_conf_static_A4,script_pack_A4_source_selection,unknown,1,1,A4_xx_B2_dd_A4_yy:first,CB:5AC8,0,,,C7:C7F7,0,normal_master,C7:DD1F,46,0827e239c2efd7d66bb30342ce63afcadf2daf53c0fb6e3217fdfda480e53533,,
24,0x18,210,0xD2,high_conf_static_A4,script_pack_A4_source_selection,unknown,2,1,A4_xx_B0;A4_xx_B2_dd_A4_yy:second,CB:5ACC,0,,,C7:C7F7,0,normal_master,C7:DD4D,41,10afaee09ae1d8edf94b5f60ba3b6c2a2c98a1c8d8f3f7e9bbadf7bcb14858a6,,
24,0x18,218,0xDA,high_conf_static_A4,script_pack_A4_source_selection,unknown,1,1,A4_xx_B0,CB:6137,0,,,C7:C7F7,0,normal_master,C7:DE0B,29,4c6ba27a9f590cecc0616adf277bfa8b7abf1dbd7a738a80b025a937715081be,,
24,0x18,222,0xDE,high_conf_static_A4,script_pack_A4_source_selection,unknown,1,1,A4_xx_B0,CB:6219,0,,,C7:C7F7,0,normal_master,C7:DE73,12,276b4a653082b789b3d9999d62542ac5dc667c66157ee815a10438e9f1cbab9c,,
24,0x18,226,0xE2,high_conf_static_A4,script_pack_A4_source_selection,unknown,1,1,A4_xx_B0,CB:6289,0,,,C7:C7F7,0,normal_master,C7:DEDF,30,3ce5376be9cdeb1f98b935dba8acd127867bd35eda2035a09f60bdb6743c54d7,,
24,0x18,228,0xE4,high_conf_static_A4,script_pack_A4_source_selection,unknown,1,1,A4_xx_B0,CB:634C,0,,,C7:C7F7,0,normal_master,C7:DF22,42,7d7bed6c6c0fe67f82b0286bf79e154fb46d887525de1e130f259b8195b885d0,,
24,0x18,229,0xE5,high_conf_static_A4,script_pack_A4_source_selection,unknown,1,1,A4_xx_B0,CB:6358,0,,,C7:C7F7,0,normal_master,C7:DF4C,44,3000fea85dcd7cd890b843bf2dd5c2146b4510d017112f35df5b7bb08ffd73c7,,
24,0x18,232,0xE8,high_conf_static_A4,script_pack_A4_source_selection,unknown,1,1,A4_xx_B0,CB:6421,0,,,C7:C7F7,0,normal_master,C7:DFB5,30,c1a9137a2d5891993271f335ac72ca4a1d32cc36f281251bfe44c64f9c84919c,,
24,0x18,236,0xEC,high_conf_static_A4,script_pack_A4_source_selection,unknown,1,1,A4_xx_C0_B5,CB:6617,0,,,C7:C7F7,0,normal_master,C7:E035,14,9ee78676a2580be3f5d3925c3c9437079795e7ff890b479f16e13843471da3a4,,
24,0x18,238,0xEE,high_conf_static_A4,script_pack_A4_source_selection,unknown,1,1,A4_xx_B0,CB:6695,0,,,C7:C7F7,0,normal_master,C7:E067,48,e21f18d1fb54546c71229679057d5c3b179d468ba7e9ef47a9f31a1647129113,,
24,0x18,240,0xF0,high_conf_static_A4,script_pack_A4_source_selection,unknown,1,1,A4_xx_C0_B5,CB:6732,0,,,C7:C7F7,0,normal_master,C7:E0B6,4,5a51f4fe515e328bee72a8a347ab9fa2b379f286a718a84cdc431411c1b4c860,,
24,0x18,242,0xF2,high_conf_static_A4,script_pack_A4_source_selection,unknown,1,1,A4_xx_C0_B5,CB:6838,0,,,C7:C7F7,0,normal_master,C7:E0CC,14,a457e3097717b3f8e9154fa6998fa72dfa7895d83f2bfe1a4a37cf89c3edc71d,,
24,0x18,250,0xFA,high_conf_static_A4,script_pack_A4_source_selection,unknown,1,1,A4_xx_C0_B5,CB:6A30,0,,,C7:C7F7,0,normal_master,C7:E20F,23,6bb2ddd5425b51155f83845e051c4b1eb8a666fb0296acf527b9851482c5e688,,
25,0x19,0,0x00,high_conf_static_A4,script_pack_A4_source_selection,unknown,1,1,A4_xx_B0,CB:6CC6,0,,,C7:D98A,0,normal_master,C7:D98B,24,563b402e2a8a5ed10dd6443494e70f209b4f3dc8b81c49b55686565ce9cb5c09,,
25,0x19,1,0x01,high_conf_static_A4,script_pack_A4_source_selection,unknown,1,1,A4_xx_B0,CB:6CE2,0,,,C7:D98A,0,normal_master,C7:D9A3,18,4d5cb09496671150c95fa7ea149342e03d9aa0d3bdbeddd1f5a55a55bc5e6f48,,
25,0x19,5,0x05,high_conf_static_A4,script_pack_A4_source_selection,unknown,1,1,A4_xx_B0,CB:6F1C,0,,,C7:D98A,0,normal_master,C7:DA01,20,00315033c1b4c326e9b675003d2dbf3ef9044aa7cf263b47e849a2b53ca9f79d,,
25,0x19,8,0x08,high_conf_static_A4,script_pack_A4_source_selection,unknown,1,1,A4_xx_B0,CB:6F90,0,,,C7:D98A,0,normal_master,C7:DA9E,61,4d2dbdac8e5b370d58b67b8ede18054dd353ee19ec6dd7c30681c88913bd3d47,,
25,0x19,11,0x0B,high_conf_static_A4,script_pack_A4_source_selection,unknown,1,1,A4_xx_B0,CB:703F,0,,,C7:D98A,0,normal_master,C7:DAF1,12,da9ba61d9d15de5eff4d9bffbaf81b54c988e13b8eaa735866f7b42c35b820a3,,
25,0x19,12,0x0C,high_conf_static_A4,script_pack_A4_source_selection,unknown,1,1,A4_xx_B0,CB:704F,0,,,C7:D98A,0,normal_master,C7:DAFD,28,b36eb6237c6023c8b5e9714d8d97361cd7edb11717ca512ac47545930cdcd58a,,
25,0x19,13,0x0D,high_conf_static_A4,script_pack_A4_source_selection,unknown,1,1,A4_xx_B0,CB:7057,0,,,C7:D98A,0,normal_master,C7:DB19,23,55c7ffb13b89da342950311d8df0fe8cee37a444c147c231ba77b0186b249055,,
25,0x19,14,0x0E,high_conf_static_A4,script_pack_A4_source_selection,unknown,1,1,A4_xx_B0,CB:706D,0,,,C7:D98A,0,normal_master,C7:DB30,41,9e39670a6c59053d3bb5a19e5fc4eb9f02bf3224e801b8da0aa7743e5eb3568a,,
25,0x19,15,0x0F,high_conf_static_A4,script_pack_A4_source_selection,unknown,1,1,A4_xx_B0,CB:7075,0,,,C7:D98A,0,normal_master,C7:DB59,47,4e20bb5d155c36e17f1eafd4d0e6449579ae566c64c6f05a089b175775725bb6,,
25,0x19,16,0x10,high_conf_static_A4,script_pack_A4_source_selection,unknown,1,1,A4_xx_B0,CB:707D,0,,,C7:D98A,0,normal_master,C7:DB88,11,754d465cb424ad92dd4fe0681f4cca745b9b02a0efa5ad27a1fe4f8ea830cf66,,
25,0x19,17,0x11,high_conf_static_A4,script_pack_A4_source_selection,unknown,1,1,A4_xx_B0,CB:7093,0,,,C7:D98A,0,normal_master,C7:DB93,37,00f48223a9fc09012acadf29a9ca27c7e7b179d9b9eb0b2ad4195179a194c044,,
25,0x19,18,0x12,high_conf_static_A4,script_pack_A4_source_selection,unknown,1,1,A4_xx_B0,CB:709B,0,,,C7:D98A,0,normal_master,C7:DBB8,50,12824d23265d6793f7c9bff0f8e0411b690895bd05eec0b068c6420237d8cdeb,,
25,0x19,19,0x13,high_conf_static_A4,script_pack_A4_source_selection,unknown,1,1,A4_xx_B0,CB:70A3,0,,,C7:D98A,0,normal_master,C7:DBEA,43,648c725237f3e6e2476123f34941b37f8b05f48a2ee6efbbcfd5126fc908b900,,
25,0x19,21,0x15,high_conf_static_A4,script_pack_A4_source_selection,unknown,1,1,A4_xx_B0,CB:713B,0,,,C7:D98A,0,normal_master,C7:DC4A,34,7c17c9ebb9a76a03f7ec028a6489318a0278dec354614b12c851ce8bbc05c4d5,,
25,0x19,22,0x16,high_conf_static_A4,script_pack_A4_source_selection,unknown,1,1,A4_xx_B0,CB:7144,0,,,C7:D98A,0,normal_master,C7:DC6C,48,36bb484541c1af31b9cbd8d4ca0f1c4a27a22b6db49d51abc9b13602bbedeb02,,
25,0x19,23,0x17,high_conf_static_A4,script_pack_A4_source_selection,unknown,1,1,A4_xx_B2_dd_A4_yy:first,CB:715B,0,,,C7:D98A,0,normal_master,C7:DC9C,15,c1080ae9b8997413e704ed366ab97b831c83290361b8b52a9e9a285bce402690,,
25,0x19,24,0x18,high_conf_static_A4,script_pack_A4_source_selection,unknown,1,1,A4_xx_B2_dd_A4_yy:second,CB:715F,0,,,C7:D98A,0,normal_master,C7:DCAB,46,0827e239c2efd7d66bb30342ce63afcadf2daf53c0fb6e3217fdfda480e53533,,
25,0x19,25,0x19,high_conf_static_A4,script_pack_A4_source_selection,unknown,1,1,A4_xx_B2_dd_A4_yy:first,CB:7167,0,,,C7:D98A,0,normal_master,C7:DCD9,21,aa3b08df97c51810af718f08e6e896b8aeccd0ef9ad4fc24dd86af0273b9ac26,,
25,0x19,26,0x1A,high_conf_static_A4,script_pack_A4_source_selection,unknown,1,1,A4_xx_B2_dd_A4_yy:second,CB:716B,0,,,C7:D98A,0,normal_master,C7:DCEE,49,b52661af90f3356e032f0b8ff10de63ef6e937521661345fedec211785a3e7d0,,
25,0x19,29,0x1D,high_conf_static_A4,script_pack_A4_source_selection,unknown,1,1,A4_xx_B0,CB:71D0,0,,,C7:D98A,0,normal_master,C7:DD76,18,ce97f7e27aced230b07503c6800aed29e25882e05e4d52dfe29abd99aa9a153e,,
25,0x19,33,0x21,high_conf_static_A4,script_pack_A4_source_selection,unknown,1,1,A4_xx_B2_dd_A4_yy:first,CB:723B,0,,,C7:D98A,0,normal_master,C7:DDCE,21,700e1608d55da1885af612ec35fd1f6a52fad33a2b0d6c59be472e48cb7548b4,,
25,0x19,34,0x22,high_conf_static_A4,script_pack_A4_source_selection,unknown,1,1,A4_xx_B2_dd_A4_yy:second,CB:723F,0,,,C7:D98A,0,normal_master,C7:DDE3,20,2651718798f65bab4cfacfa13bca11ba981317a54894b0f0dc0b1e4b43859774,,
25,0x19,36,0x24,high_conf_static_A4,script_pack_A4_source_selection,unknown,1,1,A4_xx_B0,CB:7275,0,,,C7:D98A,0,normal_master,C7:DE0B,29,4c6ba27a9f590cecc0616adf277bfa8b7abf1dbd7a738a80b025a937715081be,,
25,0x19,38,0x26,high_conf_static_A4,script_pack_A4_source_selection,unknown,1,1,A4_xx_B0,CB:729C,0,,,C7:D98A,0,normal_master,C7:DE44,34,f96dc0c6fdb2a7e75cd365310369052120dddfe8c1294aa6f866852fc1b16096,,
25,0x19,39,0x27,high_conf_static_A4,script_pack_A4_source_selection,unknown,1,1,A4_xx_B0,CB:72B1,0,,,C7:D98A,0,normal_master,C7:DE66,13,d443a87797647ae5bbeae7e8e8e2954dbc9fde95a41ee423c0ef65550430efa5,,
25,0x19,41,0x29,high_conf_static_A4,script_pack_A4_source_selection,unknown,1,1,A4_xx_B0,CB:72D8,0,,,C7:D98A,0,normal_master,C7:DE7F,29,f0570fef826ac80f7844aabfaabfd3aad58778e92665cb09b944714e742bf524,,
25,0x19,42,0x2A,high_conf_static_A4,script_pack_A4_source_selection,unknown,1,1,A4_xx_B0,CB:72EA,0,,,C7:D98A,0,normal_master,C7:DE9C,36,1c92e087597aee9984e30556127d059e1941b50f17e5f28de467b7d5c584b9e9,,
25,0x19,46,0x2E,high_conf_static_A4,script_pack_A4_source_selection,unknown,1,1,A4_xx_B0,CB:738B,0,,,C7:D98A,0,normal_master,C7:DF22,42,7d7bed6c6c0fe67f82b0286bf79e154fb46d887525de1e130f259b8195b885d0,,
25,0x19,47,0x2F,high_conf_static_A4,script_pack_A4_source_selection,unknown,1,1,A4_xx_B0,CB:73A6,0,,,C7:D98A,0,normal_master,C7:DF4C,44,3000fea85dcd7cd890b843bf2dd5c2146b4510d017112f35df5b7bb08ffd73c7,,
25,0x19,48,0x30,high_conf_static_A4,script_pack_A4_source_selection,unknown,1,1,A4_xx_B0,CB:73B8,0,,,C7:D98A,0,normal_master,C7:DF78,30,14fdeaae88ac3cbd181415fad3d1d22b6c012a41b58d4f109e36153a1e57dcc0,,
25,0x19,49,0x31,high_conf_static_A4,script_pack_A4_source_selection,unknown,1,1,A4_xx_B0,CB:73C5,0,,,C7:D98A,0,normal_master,C7:DF96,31,9b1bce5b989d11701bff358d0b06920afa0b48f17fc63c04fe08a2d5b23f5d2b,,
25,0x19,50,0x32,high_conf_static_A4,script_pack_A4_source_selection,unknown,1,1,A4_xx_B0,CB:73DB,0,,,C7:D98A,0,normal_master,C7:DFB5,30,c1a9137a2d5891993271f335ac72ca4a1d32cc36f281251bfe44c64f9c84919c,,
25,0x19,51,0x33,high_conf_static_A4,script_pack_A4_source_selection,unknown,1,1,A4_xx_B0,CB:73E3,0,,,C7:D98A,0,normal_master,C7:DFD3,32,1ee61f4553aac5002ac50ee68013b7d03556a5a4cc5720941ec6ac04667f4da1,,
25,0x19,52,0x34,high_conf_static_A4,script_pack_A4_source_selection,unknown,1,1,A4_xx_B0,CB:73EB,0,,,C7:D98A,0,normal_master,C7:DFF3,34,2e8cb2c1fd681f4809602fbca50c03ea65ec3414c6c83ad013779894d8168afd,,
25,0x19,54,0x36,high_conf_static_A4,script_pack_A4_source_selection,unknown,1,1,A4_xx_B0,CB:7418,0,,,C7:D98A,0,normal_master,C7:E035,14,9ee78676a2580be3f5d3925c3c9437079795e7ff890b479f16e13843471da3a4,,
25,0x19,55,0x37,high_conf_static_A4,script_pack_A4_source_selection,unknown,1,1,A4_xx_B0,CB:7420,0,,,C7:D98A,0,normal_master,C7:E043,36,dc8edb59cff5f38c7c12d84349e64ff0e911be6e24cb50237c4b4573f4655179,,
25,0x19,56,0x38,high_conf_static_A4,script_pack_A4_source_selection,unknown,1,1,A4_xx_B0,CB:742D,0,,,C7:D98A,0,normal_master,C7:E067,48,e21f18d1fb54546c71229679057d5c3b179d468ba7e9ef47a9f31a1647129113,,
25,0x19,58,0x3A,high_conf_static_A4,script_pack_A4_source_selection,unknown,1,1,A4_xx_B0,CB:744D,0,,,C7:D98A,0,normal_master,C7:E0B6,4,5a51f4fe515e328bee72a8a347ab9fa2b379f286a718a84cdc431411c1b4c860,,
25,0x19,59,0x3B,high_conf_static_A4,script_pack_A4_source_selection,unknown,1,1,A4_xx_B0,CB:7455,0,,,C7:D98A,0,normal_master,C7:E0BA,18,3d40babf23644eb106a2ec0b2f14099955a4a0ae5f595b57289d3cb56bf0ec1e,,
25,0x19,60,0x3C,high_conf_static_A4,script_pack_A4_source_selection,unknown,1,1,A4_xx_B0,CB:7462,0,,,C7:D98A,0,normal_master,C7:E0CC,14,a457e3097717b3f8e9154fa6998fa72dfa7895d83f2bfe1a4a37cf89c3edc71d,,
25,0x19,62,0x3E,high_conf_static_A4,script_pack_A4_source_selection,unknown,1,1,A4_xx_B0,CB:7495,0,,,C7:D98A,0,normal_master,C7:E114,54,2739b1f1882fdd2d69ebbb3ba9e7d27cb139414577303641bf926e2f5c63a586,,
25,0x19,63,0x3F,high_conf_static_A4,script_pack_A4_source_selection,unknown,1,1,A4_xx_B0,CB:74A7,0,,,C7:D98A,0,normal_master,C7:E14A,51,1876d7b33472a5f3c42c829aa11c7d69523887290aff5e52f69f489eff244147,,
25,0x19,64,0x40,high_conf_static_A4,script_pack_A4_source_selection,unknown,1,1,A4_xx_B0,CB:74C0,0,,,C7:D98A,0,normal_master,C7:E17D,47,6bcc049838007868de8d9e9a2e1e591524688d56b15410024540100beaaf20b9,,
25,0x19,65,0x41,high_conf_static_A4,script_pack_A4_source_selection,unknown,1,1,A4_xx_B0,CB:74C8,0,,,C7:D98A,0,normal_master,C7:E1AC,43,ee6ce56064d6f3c30bbe8d8ec9923446ed4317889b424bf44afeb15e6b5a8722,,
25,0x19,67,0x43,high_conf_static_A4,script_pack_A4_source_selection,unknown,1,1,A4_xx_B0,CB:74FF,0,,,C7:D98A,0,normal_master,C7:E1FB,20,5b3df6b5aa18acea137b77d99dd2daadd4d01d50a44a529545aac3cb3100958f,,
25,0x19,68,0x44,high_conf_static_A4,script_pack_A4_source_selection,unknown,1,1,A4_xx_B0,CB:752E,0,,,C7:D98A,0,normal_master,C7:E20F,23,6bb2ddd5425b51155f83845e051c4b1eb8a666fb0296acf527b9851482c5e688,,
25,0x19,69,0x45,high_conf_static_A4,script_pack_A4_source_selection,unknown,1,1,A4_xx_B0,CB:7536,0,,,C7:D98A,0,normal_master,C7:E226,45,2a87bf52a6c0dd390aca165162b881017771423ef3e3f31513ddb99055c06e41,,
25,0x19,70,0x46,high_conf_static_A4,script_pack_A4_source_selection,unknown,1,1,A4_xx_B0,CB:75C3,0,,,C7:D98A,0,normal_master,C7:E253,33,244e12c3d1aaee06aad1ed0d51c9b6afe67699053d094185be2148846dce73db,,
25,0x19,71,0x47,high_conf_static_A4,script_pack_A4_source_selection,unknown,1,1,A4_xx_B0,CB:75CB,0,,,C7:D98A,0,normal_master,C7:E274,23,7a95b8f57215aba70741ab0b01e3dc94f1daa2000be0a251606ed685893c2b94,,
25,0x19,72,0x48,high_conf_static_A4,script_pack_A4_source_selection,unknown,1,1,A4_xx_B0,CB:75DA,0,,,C7:D98A,0,normal_master,C7:E28B,38,1154a8ef6c5bdaeeb590e89019b27240ba00891d1857321d5e593c59aa2ac95e,,
25,0x19,74,0x4A,high_conf_static_A4,script_pack_A4_source_selection,unknown,1,1,A4_xx_B2_dd_A4_yy:first,CB:7621,0,,,C7:D98A,0,normal_master,C7:E316,47,1894581d7b2d12359adc3886d924c618d4c20852c7db01d479c65b3b3a4a13c0,,
25,0x19,75,0x4B,high_conf_static_A4,script_pack_A4_source_selection,unknown,2,1,A4_xx_B0;A4_xx_B2_dd_A4_yy:second,CB:7625,0,,,C7:D98A,0,normal_master,C7:E345,75,017ef2d3a83d984a2b621eb6165410054a8ff31ee958a42a9de94d27df70dd43,,
25,0x19,76,0x4C,high_conf_static_A4,script_pack_A4_source_selection,unknown,1,1,A4_xx_B2_dd_A4_yy:first,CB:7636,0,,,C7:D98A,0,normal_master,C7:E390,47,b0ca24b12629c4903048a9ee9177037a1f3e8bbaec3c2853a2254c9260195d93,,
25,0x19,77,0x4D,high_conf_static_A4,script_pack_A4_source_selection,unknown,1,1,A4_xx_B2_dd_A4_yy:second,CB:763A,0,,,C7:D98A,0,normal_master,C7:E3BF,33,5847e18b05fc698e3ab54523675490a9211e8c99cb1d2b2516e9f2f434a06a29,,
25,0x19,78,0x4E,high_conf_static_A4,script_pack_A4_source_selection,unknown,1,1,A4_xx_B0,CB:7649,0,,,C7:D98A,0,normal_master,C7:E3E0,20,90f8fb7f2182c85a1df76ab242ec7d6b4e4cac00f2c1daaf9ae15e43547d197e,,
25,0x19,79,0x4F,high_conf_static_A4,script_pack_A4_source_selection,unknown,1,1,A4_xx_B0,CB:7658,0,,,C7:D98A,0,normal_master,C7:E3F4,26,ef1dccd1236f019ad99a69de4122b34fb54a286777fe8dd5b627512e9a856f46,,
25,0x19,81,0x51,high_conf_static_A4,script_pack_A4_source_selection,unknown,1,1,A4_xx_B0,CB:768E,0,,,C7:D98A,0,normal_master,C7:E428,28,511b0cac6911a4efda2acb4029935c9f3832b4cf4577ee5193f41cc1ab83992a,,
25,0x19,84,0x54,high_conf_static_A4,script_pack_A4_source_selection,unknown,1,1,A4_xx_B0,CB:7705,0,,,C7:D98A,0,normal_master,C7:E4B3,31,d5a5ae085e7d5aed3d48e602ac190e6ca3fca990b52253656952344935e318e9,,
25,0x19,85,0x55,high_conf_static_A4,script_pack_A4_source_selection,unknown,1,1,A4_xx_B0,CB:770D,0,,,C7:D98A,0,normal_master,C7:E4D2,44,71cbb31529509e868c65825baf2c7d7ccc5b1df90f141494a326b51f31327b17,,
25,0x19,88,0x58,high_conf_static_A4,script_pack_A4_source_selection,unknown,1,1,A4_xx_B0,CB:7733,0,,,C7:D98A,0,normal_master,C7:E530,12,71efd04739143a417872e76c4381628fe6f6bc3090ff3205252e1605475b9043,,
25,0x19,90,0x5A,high_conf_static_A4,script_pack_A4_source_selection,unknown,1,1,A4_xx_B0,CB:7753,0,,,C7:D98A,0,normal_master,C7:E548,15,ba0acba64d5a1fd54691597a134c6f0374711cb777c3b4e51232391ef682e756,,
25,0x19,91,0x5B,high_conf_static_A4,script_pack_A4_source_selection,unknown,1,1,A4_xx_B0,CB:775B,0,,,C7:D98A,0,normal_master,C7:E557,21,a0d4f6810990f566aa54fd59f62b373f0f786938145715db4e0497f0d205aa01,,
25,0x19,94,0x5E,high_conf_static_A4,script_pack_A4_source_selection,unknown,1,1,A4_xx_B0,CB:779F,0,,,C7:D98A,0,normal_master,C7:E594,20,6c9e579f78ee471a73e3390508b7f59ba590511ebe7c2907b02f8add739463ed,,
25,0x19,97,0x61,high_conf_static_A4,script_pack_A4_source_selection,unknown,1,1,A4_xx_B0,CB:77ED,0,,,C7:D98A,0,normal_master,C7:E5E6,68,8835f762e82517be5db0f858998777fdf247dd8afe8dffe800674f9a1f8e5467,,
25,0x19,99,0x63,high_conf_static_A4,script_pack_A4_source_selection,unknown,1,1,A4_xx_B0,CB:783A,0,,,C7:D98A,0,normal_master,C7:E667,73,fcd571f514f7b3cd1a91e33e67c6dd6955b34946d93d7378eaef147216df1466,,
25,0x19,100,0x64,high_conf_static_A4,script_pack_A4_source_selection,unknown,1,1,A4_xx_B0,CB:7842,0,,,C7:D98A,0,normal_master,C7:E6B0,23,38acd61336f36fa15086ee64e6d87eac63af3772ace56742a47aed23c9e546f9,,
25,0x19,102,0x66,high_conf_static_A4,script_pack_A4_source_selection,unknown,1,1,A4_xx_B0,CB:786F,0,,,C7:D98A,0,normal_master,C7:E700,49,597e33f9c525257357b050fad60506343ee9d0be1982a771c2fce49020ffce9d,,
25,0x19,103,0x67,high_conf_static_A4,script_pack_A4_source_selection,unknown,1,1,A4_xx_B0,CB:7877,0,,,C7:D98A,0,normal_master,C7:E731,24,64d6b662dbcd1cdc0acb0ed252726a4923ee87dc700beaf25bdd7954273d555a,,
25,0x19,105,0x69,high_conf_static_A4,script_pack_A4_source_selection,unknown,1,1,A4_xx_B0,CB:78A0,0,,,C7:D98A,0,normal_master,C7:E768,41,6fb07bbd742f4e910fc178f5aab28b905c0c679a343cee561fd1f18c294b9622,,
25,0x19,107,0x6B,high_conf_static_A4,script_pack_A4_source_selection,unknown,1,1,A4_xx_B0,CB:78EF,0,,,C7:D98A,0,normal_master,C7:E7AA,66,d9afcfd4754f6ae30c693dac321fe5655cc3ff67778491a969f26fae6df526e6,,
25,0x19,108,0x6C,high_conf_static_A4,script_pack_A4_source_selection,unknown,1,1,A4_xx_B0,CB:7919,0,,,C7:D98A,0,normal_master,C7:E7EC,93,242f67b62bdb7699b05674c06657057223207c32956da9f02f3e4fa8f22cb91d,,
25,0x19,110,0x6E,high_conf_static_A4,script_pack_A4_source_selection,unknown,1,1,A4_xx_B0,CB:79EB,0,,,C7:D98A,0,normal_master,C7:E86F,36,2a372a5df4917184831477e7933141c81be12327a8f6fc4eb8ac31db461d53db,,
25,0x19,112,0x70,high_conf_static_A4,script_pack_A4_source_selection,unknown,1,1,A4_xx_B0,CB:7A52,0,,,C7:D98A,0,normal_master,C7:E8F7,25,21ceaccbca94a3aa0d3a905808de570d4ec74f132aafbe64c66a033b42370ee4,,
25,0x19,113,0x71,high_conf_static_A4,script_pack_A4_source_selection,unknown,1,1,A4_xx_B0,CB:7A69,0,,,C7:D98A,0,normal_master,C7:E910,71,98f7fc226260d77cc558630357a12a69da195b3fd2bf39c103eb15e9a3d5cab5,,
25,0x19,114,0x72,high_conf_static_A4,script_pack_A4_source_selection,unknown,1,1,A4_xx_B0,CB:7A71,0,,,C7:D98A,0,normal_master,C7:E957,67,0580864cb69c92f6a656e195508e1bc4732108e472e0b8919a0133b0850732ee,,
25,0x19,116,0x74,high_conf_static_A4,script_pack_A4_source_selection,unknown,1,1,A4_xx_C0_B5,CB:7A88,0,,,C7:D98A,0,normal_master,C7:E9AC,31,4895ad050f6c27e3b024641b60f1b430c5376115190511de300dd6ecf15b4873,,
25,0x19,120,0x78,high_conf_static_A4,script_pack_A4_source_selection,unknown,1,1,A4_xx_B0,CB:7B94,0,,,C7:D98A,0,normal_master,C7:EA30,32,84c4953361cc5bf1c38615c64b16da39e8e5cd43126f087b13dccb42ecb9ba30,,
25,0x19,122,0x7A,high_conf_static_A4,script_pack_A4_source_selection,unknown,1,1,A4_xx_B0,CB:7BF4,0,,,C7:D98A,0,normal_master,C7:EA6D,28,5563c9f395721372fdaa8211a415d23f59c8e554a38151d4368f8d1939201ef1,,
25,0x19,123,0x7B,high_conf_static_A4,script_pack_A4_source_selection,unknown,1,1,A4_xx_B0,CB:7BFC,0,,,C7:D98A,0,normal_master,C7:EA89,37,a260f40fd7918f190caa127398bdf89e768d07a78d0731e45f0f5eac2a0e5b88,,
25,0x19,126,0x7E,high_conf_static_A4,script_pack_A4_source_selection,unknown,1,1,A4_xx_B2_dd_A4_yy:first,CB:7C7A,0,,,C7:D98A,0,normal_master,C7:EAF3,25,a31f6af126d982c1b817a6b0dace2a7905b07881f7f44e123d5b1010cf608367,,
25,0x19,127,0x7F,high_conf_static_A4,script_pack_A4_source_selection,unknown,1,1,A4_xx_B2_dd_A4_yy:second,CB:7C7E,0,,,C7:D98A,0,normal_master,C7:EB0C,39,0dd9ea7d26a97bf8b8ca2a18231fade88f72105020cceef3c2252c94582fb5f2,,
25,0x19,128,0x80,high_conf_static_A4,script_pack_A4_source_selection,unknown,1,1,A4_xx_B0,CB:7C8D,0,,,C7:D98A,0,normal_master,C7:EB33,35,866380aac042987704d3d9ace1f57ccf0133450f3eaf49183c2097f55887fba9,,
25,0x19,129,0x81,high_conf_static_A4,script_pack_A4_source_selection,unknown,1,1,A4_xx_B0,CB:7C99,0,,,C7:D98A,0,normal_master,C7:EB56,46,530a74f0e8a4204ddd9f02f392f3f59046766cd51237a340614db00c3422e9ab,,
25,0x19,131,0x83,high_conf_static_A4,script_pack_A4_source_selection,unknown,1,1,A4_xx_B0,CB:7CBA,0,,,C7:D98A,0,normal_master,C7:EB99,69,d0f298541bdfddf500e143bb5c1115f11c775ff658c89c339ecd4419c4730a1e,,
25,0x19,132,0x84,high_conf_static_A4,script_pack_A4_source_selection,unknown,1,1,A4_xx_B0,CB:7CC2,0,,,C7:D98A,0,normal_master,C7:EBDE,57,25db1aa10c2be563506602e47c1009c04e4175827e8d0d5ab109e5c533a578e0,,
25,0x19,133,0x85,high_conf_static_A4,script_pack_A4_source_selection,unknown,1,1,A4_xx_B0,CB:7CD1,0,,,C7:D98A,0,normal_master,C7:EC17,76,5010ac02a1f48076da805c805b7bd85509ee1d62834dd110942ae5d9fabd4086,,
25,0x19,134,0x86,high_conf_static_A4,script_pack_A4_source_selection,unknown,1,1,A4_xx_B0,CB:7CD9,0,,,C7:D98A,0,normal_master,C7:EC63,53,8fe403436cc1ec7949eccc911601600c6fa9518a06ea39f22a8dfb44c5273625,,
25,0x19,137,0x89,high_conf_static_A4,script_pack_A4_source_selection,unknown,1,1,A4_xx_B0,CB:7D3B,0,,,C7:D98A,0,normal_master,C7:ED0B,25,b6dfb7eb02a03997cf34f2a8ff744b9ed9ea15091619fc1bd9e4fe987da91cd1,,
25,0x19,138,0x8A,high_conf_static_A4,script_pack_A4_source_selection,unknown,1,1,A4_xx_B0,CB:7D48,0,,,C7:D98A,0,normal_master,C7:ED24,58,ab4388a27e726d4962572467bd2365a7f6fbe8e99776179ce460df47fe92511e,,
25,0x19,139,0x8B,high_conf_static_A4,script_pack_A4_source_selection,unknown,1,1,A4_xx_B0,CB:7D5A,0,,,C7:D98A,0,normal_master,C7:ED5E,35,9e2f08f97d1602b1c0a65bfea6b3a33ba3e3fea712414a91b91834dceea3fe9a,,
25,0x19,140,0x8C,high_conf_static_A4,script_pack_A4_source_selection,unknown,1,1,A4_xx_B0,CB:7D62,0,,,C7:D98A,0,normal_master,C7:ED81,81,fa85e8dd74a39a620f490c0c4a0761da1d25beada2f61e200fd75918c37f5cc0,,
25,0x19,141,0x8D,high_conf_static_A4,script_pack_A4_source_selection,unknown,1,1,A4_xx_B0,CB:7D6A,0,,,C7:D98A,0,normal_master,C7:EDD2,73,8b67e06c16357d43f2af3e794c26e8c72e8d8cd8836373d4c612c0a1741557f8,,
25,0x19,142,0x8E,high_conf_static_A4,script_pack_A4_source_selection,unknown,1,1,A4_xx_B0,CB:7D82,0,,,C7:D98A,0,normal_master,C7:EE1B,75,3682a8898ff7a5c2460d73050dbf92a354d69deecf3ae969dc519ee7064b1c52,,
25,0x19,144,0x90,high_conf_static_A4,script_pack_A4_source_selection,unknown,1,1,A4_xx_B0,CB:7DC3,0,,,C7:D98A,0,normal_master,C7:EEAF,32,b580fe1d6ea04d2f8727666e4b28d56953496e91487f83b7b70c25a5d437d19e,,
25,0x19,145,0x91,high_conf_static_A4,script_pack_A4_source_selection,unknown,1,1,A4_xx_B0,CB:7DCB,0,,,C7:D98A,0,normal_master,C7:EECF,26,f9fd4ee1e59cb53d56f67884a4ad0ecd3b38214605e905909597d6fc7ae7cc9e,,
25,0x19,147,0x93,high_conf_static_A4,script_pack_A4_source_selection,unknown,1,1,A4_xx_B0,CB:7E05,0,,,C7:D98A,0,normal_master,C7:EF27,23,d7013f5ac00e4341bb98993bdc1d33b11fceea6e1aef7e70758e416b32712435,,
25,0x19,148,0x94,high_conf_static_A4,script_pack_A4_source_selection,unknown,1,1,A4_xx_B0,CB:7E11,0,,,C7:D98A,0,normal_master,C7:EF3E,19,9f474e95f3c8d888281f344008d4142c295446b66480d1e1f107e98be8552d9f,,
25,0x19,149,0x95,high_conf_static_A4,script_pack_A4_source_selection,unknown,1,1,A4_xx_B2_dd_A4_yy:first,CB:7E2C,0,,,C7:D98A,0,normal_master,C7:EF51,74,edf04573ce387a212282fbb9ad61cbb5536d864eaba3a6f070aaeba1349f0943,,
25,0x19,150,0x96,high_conf_static_A4,script_pack_A4_source_selection,unknown,2,1,A4_xx_B0;A4_xx_B2_dd_A4_yy:second,CB:7E30,0,,,C7:D98A,0,normal_master,C7:EF9B,28,dcbdc517036766b785092b75a8690e3ee9fe174b6eaec9af5f1536892c02cd09,,
25,0x19,151,0x97,high_conf_static_A4,script_pack_A4_source_selection,unknown,1,1,A4_xx_B0,CB:7E3C,0,,,C7:D98A,0,normal_master,C7:EFB7,55,1d4b539ba11d15e81adae90eeb72f07c11064473f00eaf0320cb5471b4e815f9,,
25,0x19,154,0x9A,high_conf_static_A4,script_pack_A4_source_selection,unknown,1,1,A4_xx_B0,CB:7F0A,0,,,C7:D98A,0,normal_master,C7:F098,35,040c2b77270cddc46b4aa7fd07a4d11159e05a0c4a3b7e076d22d24883d06e00,,
25,0x19,161,0xA1,high_conf_static_A4,script_pack_A4_source_selection,unknown,1,1,A4_xx_C0_B5,CB:8116,0,,,C7:D98A,0,normal_master,C7:F197,38,960a986bbeefac0e4136809c47083dfda8b0893792479d57ddb435b4f24379dd,,
25,0x19,169,0xA9,high_conf_static_A4,script_pack_A4_source_selection,unknown,1,1,A4_xx_B0,CB:8184,0,,,C7:D98A,0,normal_master,C7:F2BA,1,6e340b9cffb37a989ca544e6bb780a2c78901d3fb33738768511a30617afa01d,,
25,0x19,170,0xAA,high_conf_static_A4,script_pack_A4_source_selection,unknown,1,1,A4_xx_B0,CB:8189,0,,,C7:D98A,0,normal_master,C7:F2BB,30,6bcc11efd20b89c84c29a94bb2590300e3bccfebc869ec9c8d6f37a1db834430,,
25,0x19,171,0xAB,high_conf_static_A4,script_pack_A4_source_selection,unknown,1,1,A4_xx_B0,CB:8192,0,,,C7:D98A,0,normal_master,C7:F2D9,16,8ba58d16fc570e8fc4eda10d8aa4e41fbcfce95c6c13637a63b8779999a7d0be,,
25,0x19,174,0xAE,high_conf_static_A4,script_pack_A4_source_selection,unknown,1,1,A4_xx_B0,CB:81BB,0,,,C7:D98A,0,normal_master,C7:F316,48,0b4fc48f2733422effda37ee4a5177527dccd4bc9b1f731ac218e853217139af,,
25,0x19,177,0xB1,high_conf_static_A4,script_pack_A4_source_selection,unknown,1,1,A4_xx_B0,CB:8257,0,,,C7:D98A,0,normal_master,C7:F369,33,8858be6db408a67107c9477cd4dd09b6aba32a7db672fea547821279bf673d0b,,
26,0x1A,2,0x02,high_conf_static_A4,script_pack_A4_source_selection,unknown,1,1,A4_xx_B0,CB:85F5,0,,,C7:F2BA,0,normal_master,C7:F2E9,22,c455f4bad8f491fa426f10f00609fb7a4d1ba0894043fb4f4e2a2151320e360d,,
26,0x1A,12,0x0C,high_conf_static_A4,script_pack_A4_source_selection,unknown,1,1,A4_xx_B0,CB:88BD,0,,,C7:F2BA,0,normal_master,C7:F3E2,24,9a48c23bc0bb9a20814c5005144e45711be44bf7816ce9d116629ae57355ba9e,,
26,0x1A,14,0x0E,high_conf_static_A4,script_pack_A4_source_selection,unknown,1,1,A4_xx_B0,CB:8C12,0,,,C7:F2BA,0,normal_master,C7:F408,11,c0ec21db9486d68093bc626ff861c8275289a456b459f7b7e21bda8a0962737a,,
26,0x1A,21,0x15,high_conf_static_A4,script_pack_A4_source_selection,unknown,1,1,A4_xx_B0,CB:8DEA,0,,,C7:F2BA,0,normal_master,C7:F4A6,20,6c21f601759584d003972b181f40a81e7c6b9d65910848da0f530c9f68dc31b9,,
26,0x1A,30,0x1E,high_conf_static_A4,script_pack_A4_source_selection,unknown,1,1,A4_xx_B0,CB:90F4,0,,,C7:F2BA,0,normal_master,C7:F56D,1,6e340b9cffb37a989ca544e6bb780a2c78901d3fb33738768511a30617afa01d,,
26,0x1A,35,0x23,high_conf_static_A4,script_pack_A4_source_selection,unknown,1,1,A4_xx_B0,CB:9161,0,,,C7:F2BA,0,normal_master,C7:F621,27,6c2a5d9e39b8e1b669c021041c90ea54eb721dcc08c0b9a010ec5a8ab4184bdf,,
26,0x1A,40,0x28,high_conf_static_A4,script_pack_A4_source_selection,unknown,1,1,A4_xx_B0,CB:9271,0,,,C7:F2BA,0,normal_master,C7:F6C9,34,a52157e29da6019de49c6036630232a68b5ab34dc6c06ecf013b4d3cc6dc27f6,,
26,0x1A,55,0x37,high_conf_static_A4,script_pack_A4_source_selection,unknown,1,1,A4_xx_B0,CB:9665,0,,,C7:F2BA,0,normal_master,C7:FB1D,17,0814827c4070bf9bbea7ff92fe18bad1ab805bbed8b710c2d149576acab8d599,,
26,0x1A,56,0x38,high_conf_static_A4,script_pack_A4_source_selection,unknown,1,1,A4_xx_B0,CB:966E,0,,,C7:F2BA,0,normal_master,C7:FB2E,109,ede013a0809049c8e0025d59d8808a4af62feedfd9037c275e5fa45818e9ece7,,
26,0x1A,57,0x39,high_conf_static_A4,script_pack_A4_source_selection,unknown,1,1,A4_xx_B0,CB:96D4,0,,,C7:F2BA,0,normal_master,C7:FB9B,26,eb784ec4abe7eaba7db61ecb9a6cfb4ea1ae28942de7fa8809915ba39b0ae4c4,,
26,0x1A,59,0x3B,high_conf_static_A4,script_pack_A4_source_selection,unknown,1,1,A4_xx_B2_dd_A4_yy:first,CB:96E8,0,,,C7:F2BA,0,normal_master,C7:FBE1,40,02471eedfc94e99606082066e9945ef96197fe7d42c440db356576e7989f6393,,
26,0x1A,60,0x3C,high_conf_static_A4,script_pack_A4_source_selection,unknown,1,1,A4_xx_B2_dd_A4_yy:second,CB:96EC,0,,,C7:F2BA,0,normal_master,C7:FC09,46,f8e1b4131d2fb3ea4c9265f981863fda7acc66ed95cbe0d96daaae2b74576770,,
26,0x1A,64,0x40,high_conf_static_A4,script_pack_A4_source_selection,unknown,1,1,A4_xx_C0_B5,CB:97B0,0,,,C7:F2BA,0,normal_master,C7:FCC3,42,48487651f7b4bfaa6f5dad01def447b170af436cc45f6fa13fd7b9fb4c1e3fbf,,
26,0x1A,68,0x44,high_conf_static_A4,script_pack_A4_source_selection,unknown,1,1,A4_xx_B0,CB:995E,0,,,C7:F2BA,0,normal_master,C7:FD84,40,2fdf99d4620475c6b9dbccf4782e04ca6d4aa45a671302a96afb9a6b378ab314,,
26,0x1A,71,0x47,high_conf_static_A4,script_pack_A4_source_selection,unknown,1,1,A4_xx_B2_dd_A4_yy:first,CB:99A0,0,,,C7:F2BA,0,normal_master,C7:FE04,54,b4bc0e8118fb84619423549708db8854c12f163c21333f8ad24e580748dd6390,,
26,0x1A,72,0x48,high_conf_static_A4,script_pack_A4_source_selection,unknown,1,1,A4_xx_B2_dd_A4_yy:second,CB:99A4,0,,,C7:F2BA,0,normal_master,C7:FE3A,52,924dd53bf2c6e6a126b6da8243c28a6a4a84c44a15c31d774b871c5c9731db3d,,
26,0x1A,82,0x52,high_conf_static_A4,script_pack_A4_source_selection,unknown,1,1,A4_xx_B0,CB:9A69,0,,,C7:F2BA,0,normal_master,C7:FEC8,4,0282f49077d59b75dc776b033e0784e25b8a6fba0c8874ecc772b58fb4675674,,
26,0x1A,100,0x64,high_conf_static_A4,script_pack_A4_source_selection,unknown,1,1,A4_xx_B0,CB:9D02,0,,,C7:F2BA,0,normal_master,C8:0038,50,d515f9c2e64cef8b163df3123a3e46eb46e3674c7d47c25d20b67031acb0de91,,
26,0x1A,103,0x67,high_conf_static_A4,script_pack_A4_source_selection,unknown,1,1,A4_xx_B0,CB:9D3E,0,,,C7:F2BA,0,normal_master,C8:00BF,58,75b651316db18834b14ab6407631f229a97018cfd38e21bf44a844f74bfa5b98,,
26,0x1A,106,0x6A,high_conf_static_A4,script_pack_A4_source_selection,unknown,1,1,A4_xx_B0,CB:9D66,0,,,C7:F2BA,0,normal_master,C8:0179,66,0ea682c8ba0b7e6ea2145d2ef90f2709b7f02e2ce576bf85890fed502fb0b105,,
26,0x1A,110,0x6E,high_conf_static_A4,script_pack_A4_source_selection,unknown,1,1,A4_xx_B0,CB:9DB7,0,,,C7:F2BA,0,normal_master,C8:0246,57,48b4d16181e0e53c729c623960f9fa793665b1265a672db598eedd816cd2b1d2,,
26,0x1A,115,0x73,high_conf_static_A4,script_pack_A4_source_selection,unknown,1,1,A4_xx_B0,CB:9FD9,0,,,C7:F2BA,0,normal_master,C8:0362,60,65ea6c29d1dd3c86fbd0335e6a62bcfde6b2477b7c88ba060d90d7fd56f82137,,
26,0x1A,119,0x77,high_conf_static_A4,script_pack_A4_source_selection,unknown,1,1,A4_xx_B2_dd_A4_yy:first,CB:A003,0,,,C7:F2BA,0,normal_master,C8:045D,69,85ad957016e2e3735dd335f02fb596cd575d6ad220a8bc34eb7ef7c66c51d23c,,
26,0x1A,120,0x78,high_conf_static_A4,script_pack_A4_source_selection,unknown,1,1,A4_xx_B2_dd_A4_yy:second,CB:A007,0,,,C7:F2BA,0,normal_master,C8:04A2,50,f9ba43e1c74daba30315960c3150a4d1d4224031012d83749fcb1bc83294add9,,
26,0x1A,122,0x7A,high_conf_static_A4,script_pack_A4_source_selection,unknown,1,1,A4_xx_B0,CB:A013,0,,,C7:F2BA,0,normal_master,C8:0514,56,3c4e4d42c47d7af61e4c180b859112e1cdbd78652cf69b07267ca33f6887bebb,,
26,0x1A,130,0x82,high_conf_static_A4,script_pack_A4_source_selection,unknown,1,1,A4_xx_B0,CB:A0B2,0,,,C7:F2BA,0,normal_master,C8:06B5,53,c24999237110dfa6276404cd4429c3a4d0caef9ba7471903bb132f3f54dedb0d,,
26,0x1A,131,0x83,high_conf_static_A4,script_pack_A4_source_selection,unknown,1,1,A4_xx_B0,CB:A0B5,0,,,C7:F2BA,0,normal_master,C8:06EA,61,ff199a14fdfdfab83fc512e2fd1925b9d7b1e1489c4e9df93116e837709c4086,,
26,0x1A,151,0x97,high_conf_static_A4,script_pack_A4_source_selection,unknown,1,1,A4_xx_B0,CB:A28E,0,,,C7:F2BA,0,normal_master,C8:0B25,55,fb89548a6d1a8626e5fecee007a5e720c76b7676947bd8cfddb79c5d75b3cc10,,
26,0x1A,203,0xCB,high_conf_static_A4,script_pack_A4_source_selection,unknown,1,1,A4_xx_B0,CB:A443,0,,,C7:F2BA,0,normal_master,C8:1A16,36,0fa7ee77cb98f66a2c0559fdbaa6ad22744e4280a92c2076583166e52a2ca8c8,,
27,0x1B,0,0x00,high_conf_static_A4,script_pack_A4_source_selection,unknown,1,1,A4_xx_B0,CB:A705,0,,,C7:F56D,0,normal_master,C7:F56E,45,b0245e7cd3f1347fa01a40e4762f2af6e57f153fdd81562ab8698ade003b2702,,
27,0x1B,1,0x01,high_conf_static_A4,script_pack_A4_source_selection,unknown,1,1,A4_xx_B0,CB:A70E,0,,,C7:F56D,0,normal_master,C7:F59B,38,878d8cc9a69ad4a4d0ca23dd8173b633f835fbdb8237c7567954934e1b2d8224,,
27,0x1B,2,0x02,high_conf_static_A4,script_pack_A4_source_selection,unknown,1,1,A4_xx_C0_B5,CB:A713,0,,,C7:F56D,0,normal_master,C7:F5C1,57,63f83fbc300ff429ed245c3e5f7db8583ab2ff9f07155df928e5229fe26723cd,,
27,0x1B,12,0x0C,high_conf_static_A4,script_pack_A4_source_selection,unknown,1,1,A4_xx_B0,CB:A8F1,0,,,C7:F56D,0,normal_master,C7:F73F,35,e0bf720c35fa2a1b240d545b949ffc2c779858f7c32bd6d6231b5d461bc806ee,,
27,0x1B,13,0x0D,high_conf_static_A4,script_pack_A4_source_selection,unknown,1,1,A4_xx_B2_dd_A4_yy:first,CB:A921,0,,,C7:F56D,0,normal_master,C7:F762,38,9938c62f54d19f6a24e6f924d01bda071b0b5329c96f44c72acf2b7106caf1cd,,
27,0x1B,14,0x0E,high_conf_static_A4,script_pack_A4_source_selection,unknown,1,1,A4_xx_B2_dd_A4_yy:second,CB:A925,0,,,C7:F56D,0,normal_master,C7:F788,46,5fd33f3fe3b87a0bbc3acb88d231f93642aa258ed2c55992f6205061522d997c,,
27,0x1B,16,0x10,high_conf_static_A4,script_pack_A4_source_selection,unknown,1,1,A4_xx_B0,CB:A97A,0,,,C7:F56D,0,normal_master,C7:F7E8,198,2327b1dc5f11bcc5f551b448f46dfff22cd0f84388c96281f6048d2d4524e0da,,
27,0x1B,18,0x12,high_conf_static_A4,script_pack_A4_source_selection,unknown,1,1,A4_xx_B0,CB:A9CC,0,,,C7:F56D,0,normal_master,C7:FA72,94,95bd20ca1864597c3d98944e759b333f02349579f5a633e4e99ff8d429c934bb,,
27,0x1B,22,0x16,high_conf_static_A4,script_pack_A4_source_selection,unknown,1,1,A4_xx_B0,CB:AA6A,0,,,C7:F56D,0,normal_master,C7:FB03,12,21d687f2fd19a531adb099051ce06b35df61addd113fff3ba3047be31da8fe74,,
27,0x1B,24,0x18,high_conf_static_A4,script_pack_A4_source_selection,unknown,1,1,A4_xx_B0,CB:AAA3,0,,,C7:F56D,0,normal_master,C7:FB1D,17,0814827c4070bf9bbea7ff92fe18bad1ab805bbed8b710c2d149576acab8d599,,
27,0x1B,25,0x19,high_conf_static_A4,script_pack_A4_source_selection,unknown,1,1,A4_xx_B0,CB:AAE5,0,,,C7:F56D,0,normal_master,C7:FB2E,109,ede013a0809049c8e0025d59d8808a4af62feedfd9037c275e5fa45818e9ece7,,
27,0x1B,29,0x1D,high_conf_static_A4,script_pack_A4_source_selection,unknown,1,1,A4_xx_B0,CB:AB7F,0,,,C7:F56D,0,normal_master,C7:FC09,46,f8e1b4131d2fb3ea4c9265f981863fda7acc66ed95cbe0d96daaae2b74576770,,
28,0x1C,2,0x02,high_conf_static_A4,script_pack_A4_source_selection,unknown,1,1,A4_xx_B2_dd_A4_yy:first,CB:ABE8,0,,,C8:23CC,1,normal_master,C8:245E,11,1f51127f59b35b1932029a6fb415639822a1744d66842de7a558af1551386b4d,,
28,0x1C,3,0x03,high_conf_static_A4,script_pack_A4_source_selection,unknown,2,1,A4_xx_B0;A4_xx_B2_dd_A4_yy:second,CB:ABEC,0,,,C8:23CC,1,normal_master,C8:2469,22,22319b32402dea4003f5b3ff78f547a50c4603e36af107de6b9f437fcc084861,,
28,0x1C,6,0x06,high_conf_static_A4,script_pack_A4_source_selection,unknown,1,1,A4_xx_B2_dd_A4_yy:first,CB:AC0C,0,,,C8:23CC,1,normal_master,C8:24AF,48,15793876e115ce0035d3d959c8c8f5511c4d86ae94537e34e169f0e50df6aad6,,
28,0x1C,7,0x07,high_conf_static_A4,script_pack_A4_source_selection,unknown,2,1,A4_xx_B0;A4_xx_B2_dd_A4_yy:second,CB:AC10,0,,,C8:23CC,1,normal_master,C8:24BD,35,f19623597371780b4dd059e9334f7ba1a97fc9a599f57f6fa04b79988eec6960,,
28,0x1C,10,0x0A,high_conf_static_A4,script_pack_A4_source_selection,unknown,1,1,A4_xx_B2_dd_A4_yy:first,CB:AC30,0,,,C8:23CC,1,normal_master,C8:251F,41,d8cf8ec8c99be6f7cb64492657c3a840f9837024f3ceb398f4b27876cfadfec0,,
28,0x1C,11,0x0B,high_conf_static_A4,script_pack_A4_source_selection,unknown,2,1,A4_xx_B0;A4_xx_B2_dd_A4_yy:second,CB:AC34,0,,,C8:23CC,1,normal_master,C8:2539,26,1b76ca3d849be90e0f766946aa65c0d87ffd66c70921eec18c9ab695900e4ba1,,
28,0x1C,14,0x0E,high_conf_static_A4,script_pack_A4_source_selection,unknown,1,1,A4_xx_B2_dd_A4_yy:first,CB:AC54,0,,,C8:23CC,1,normal_master,C8:255D,19,2f4fe9600ece6224bee747df7cb18188bd8b5a6b5ca8b00afc8bce655aa4cb09,,
28,0x1C,15,0x0F,high_conf_static_A4,script_pack_A4_source_selection,unknown,2,1,A4_xx_B0;A4_xx_B2_dd_A4_yy:second,CB:AC58,0,,,C8:23CC,1,normal_master,C8:2562,23,9fc1d91223ad155b7b8087e76f8196e3f8200198d5b9082ed85f661f7f51bf86,,
28,0x1C,16,0x10,high_conf_static_A4,script_pack_A4_source_selection,unknown,1,1,A4_xx_B0,CB:AC5D,0,,,C8:23CC,1,normal_master,C8:2569,11,1f51127f59b35b1932029a6fb415639822a1744d66842de7a558af1551386b4d,,
28,0x1C,19,0x13,high_conf_static_A4,script_pack_A4_source_selection,unknown,1,1,A4_xx_B0,CB:AC6E,0,,,C8:23CC,1,normal_master,C8:2586,35,1d682814080baa52939b8492011fa1da48cf31dc7e2f5578913d64935f85d1a2,,
28,0x1C,23,0x17,high_conf_static_A4,script_pack_A4_source_selection,unknown,1,1,A4_xx_B2_dd_A4_yy:first,CB:ACAC,0,,,C8:23CC,1,normal_master,C8:25C0,36,97070d8c0252fcb1149cb62c70f21e45973ebe871d8f98ea71a00284ee12b969,,
28,0x1C,24,0x18,high_conf_static_A4,script_pack_A4_source_selection,unknown,2,1,A4_xx_B0;A4_xx_B2_dd_A4_yy:second,CB:ACB0,0,,,C8:23CC,1,normal_master,C8:25E3,42,173428f25aeebe7eab06ce7df5d1beda8180eec315bf8cb72e991210c4458fe7,,
28,0x1C,25,0x19,high_conf_static_A4,script_pack_A4_source_selection,unknown,1,1,A4_xx_B2_dd_A4_yy:first,CB:ACC6,0,,,C8:23CC,1,normal_master,C8:25E8,46,01a5f869eee2a843bfa49d91fbe38e2dee752ce5ce663843de7f91ff50e21215,,
28,0x1C,26,0x1A,high_conf_static_A4,script_pack_A4_source_selection,unknown,2,1,A4_xx_B0;A4_xx_B2_dd_A4_yy:second,CB:ACCA,0,,,C8:23CC,1,normal_master,C8:25EC,27,9356d746be10e6ade20fee7f86457acfc2b6d4e88eb7e2ac9fe31f8c4bd6c0c8,,
28,0x1C,34,0x22,high_conf_static_A4,script_pack_A4_source_selection,unknown,1,1,A4_xx_B0,CB:AD4A,0,,,C8:23CC,1,normal_master,C8:269F,38,d8a056285ee2abf3e1ab6c784fda7dc211ad9ba5fa626d2d2ed365e4cebf7c23,,
28,0x1C,38,0x26,high_conf_static_A4,script_pack_A4_source_selection,unknown,1,1,A4_xx_B0,CB:AD97,0,,,C8:23CC,1,normal_master,C8:26CA,17,7fb81ce096a78f60ac83abbadb71da525abad552a6dc6437f9151520116c95a8,,
28,0x1C,42,0x2A,high_conf_static_A4,script_pack_A4_source_selection,unknown,1,1,A4_xx_B0,CB:ADD0,0,,,C8:23CC,1,normal_master,C8:2709,13,adf417c8dee420e47329af66b5fdebc6105a334dc89a07907a9b7c080cf72478,,
28,0x1C,59,0x3B,high_conf_static_A4,script_pack_A4_source_selection,unknown,1,1,A4_xx_B0,CB:AE6D,0,,,C8:23CC,1,normal_master,C8:2828,69,9e9b37939ab1d6c8c29cb9f47c6319a6b920ca0554a252d0e5c8500158cf5702,,
28,0x1C,62,0x3E,high_conf_static_A4,script_pack_A4_source_selection,unknown,1,1,A4_xx_B2_dd_A4_yy:first,CB:AE9A,0,,,C8:23CC,1,normal_master,C8:287E,31,0b62c97f46eee388cdb6c0d2c19ba824ef20bfcafa33123ffc1e862f486a4d60,,
28,0x1C,63,0x3F,high_conf_static_A4,script_pack_A4_source_selection,unknown,2,1,A4_xx_B0;A4_xx_B2_dd_A4_yy:second,CB:AE9E,0,,,C8:23CC,1,normal_master,C8:288F,45,946818ea487f125ec8342bebf7beb387c6b43ee2a7087ad37076cc76a28a4ec0,,
28,0x1C,68,0x44,high_conf_static_A4,script_pack_A4_source_selection,unknown,1,1,A4_xx_C0_B5,CB:AEFE,0,,,C8:23CC,1,normal_master,C8:28F9,33,f39de6854f78d6d1d26ebcf1809526770cf100487897b7e37dc39a121fc6b269,,
28,0x1C,106,0x6A,high_conf_static_A4,script_pack_A4_source_selection,unknown,1,1,A4_xx_B0,CB:B19B,0,,,C8:23CC,1,normal_master,C8:2C6B,15,9c697a23fcaef4e25b683daae19afe4159e454148f58a45e06b09505a32070c5,,
28,0x1C,109,0x6D,high_conf_static_A4,script_pack_A4_source_selection,unknown,1,1,A4_xx_B0,CB:B1C2,0,,,C8:23CC,1,normal_master,C8:2CAC,18,cd60662893762cc08a07abe718cd2699556197e8dcf857268b7f4493a0464467,,
28,0x1C,125,0x7D,high_conf_static_A4,script_pack_A4_source_selection,unknown,1,1,A4_xx_B0,CB:B280,0,,,C8:23CC,1,normal_master,C8:2EA7,26,e138197d3a4b0635c86e4caff32e58702dfe4e65cfbbf7a4a26f5c7f771fe5df,,
28,0x1C,127,0x7F,high_conf_static_A4,script_pack_A4_source_selection,unknown,1,1,A4_xx_B2_dd_A4_yy:first,CB:B2E1,0,,,C8:23CC,1,normal_master,C8:2EF0,11,526f29b3c8c24587e50b028d599d6f2a6151d142de1ae5b5ce00ffb7cdcf4e8d,,
28,0x1C,128,0x80,high_conf_static_A4,script_pack_A4_source_selection,unknown,1,1,A4_xx_B2_dd_A4_yy:second,CB:B2E5,0,,,C8:23CC,1,normal_master,C8:2EF2,41,708e3176520e2a184250cc28ca6195039589cfa94bef76965a874c676fbb34da,,
28,0x1C,129,0x81,high_conf_static_A4,script_pack_A4_source_selection,unknown,1,1,A4_xx_B2_dd_A4_yy:first,CB:B2F5,0,,,C8:23CC,1,normal_master,C8:2F16,28,4e626ff372298fb585035ad2b594810dea9d254db1ee599f35fac1fe47494bac,,
28,0x1C,130,0x82,high_conf_static_A4,script_pack_A4_source_selection,unknown,1,1,A4_xx_B2_dd_A4_yy:second,CB:B2F9,0,,,C8:23CC,1,normal_master,C8:2F2F,20,6546c57720b2ed65e8b1bec51d1e64026adfb00495fb4b823bc2b520fb477df0,,
28,0x1C,131,0x83,high_conf_static_A4,script_pack_A4_source_selection,unknown,1,1,A4_xx_B2_dd_A4_yy:first,CB:B301,0,,,C8:23CC,1,normal_master,C8:2F3F,57,c85704f51b2b6c7b55fbe573ba48d6f0973c3d41f7f715c28b1508b2b7c3c229,,
28,0x1C,132,0x84,high_conf_static_A4,script_pack_A4_source_selection,unknown,2,1,A4_xx_B0;A4_xx_B2_dd_A4_yy:second,CB:B305,0,,,C8:23CC,1,normal_master,C8:2F63,38,d671899f206dc5224a42fa79491b250fab0f2f3c24ad53b7927011fe0b6364c8,,
28,0x1C,138,0x8A,high_conf_static_A4,script_pack_A4_source_selection,unknown,1,1,A4_xx_B0,CB:B39A,0,,,C8:23CC,1,normal_master,C8:2FBA,51,04a1a46de922540735498c5496b9c447d6d9babd47715756614a5aed0cbdcf3f,,
28,0x1C,139,0x8B,high_conf_static_A4,script_pack_A4_source_selection,unknown,1,1,A4_xx_B2_dd_A4_yy:first,CB:B3AF,0,,,C8:23CC,1,normal_master,C8:2FDE,240,973b34578a19c65113ad04a1b2a73e1368ecc0f77abf5c3d36e2c45bf8219aae,,
28,0x1C,140,0x8C,high_conf_static_A4,script_pack_A4_source_selection,unknown,1,1,A4_xx_B2_dd_A4_yy:second,CB:B3B3,0,,,C8:23CC,1,normal_master,C8:3082,42,cf54ea335e20360044c5ed7ad408e69908174086924ffa4d99fa5f32c2d812f9,,
28,0x1C,141,0x8D,high_conf_static_A4,script_pack_A4_source_selection,unknown,1,1,A4_xx_B2_dd_A4_yy:first,CB:B3BB,0,,,C8:23CC,1,normal_master,C8:30AA,103,cd685c7b4820e83d60ed9152de5c620e62b764957697ff24a3fb1efde5d42e32,,
28,0x1C,142,0x8E,high_conf_static_A4,script_pack_A4_source_selection,unknown,2,1,A4_xx_B0;A4_xx_B2_dd_A4_yy:second,CB:B3BF,0,,,C8:23CC,1,normal_master,C8:3113,31,1635b9eb9bbbd214dbead68e4bdd97b6e7f0305d8c18b6186810e19cde072e4f,,
28,0x1C,143,0x8F,high_conf_static_A4,script_pack_A4_source_selection,unknown,1,1,A4_xx_B0,CB:B3C4,0,,,C8:23CC,1,normal_master,C8:3131,33,9abb289b0b9e7543048b1a08aa02c9b7ebbe2a3a3a145b8f51f912f06908bdfb,,
28,0x1C,146,0x92,high_conf_static_A4,script_pack_A4_source_selection,unknown,1,1,A4_xx_B2_dd_A4_yy:first,CB:B406,0,,,C8:23CC,1,normal_master,C8:316A,29,1caa747d96529224d34c3877d28c83149266a319142174b63ebebff1a362ea4d,,
28,0x1C,147,0x93,high_conf_static_A4,script_pack_A4_source_selection,unknown,1,1,A4_xx_B2_dd_A4_yy:second,CB:B40A,0,,,C8:23CC,1,normal_master,C8:3182,33,300910486ec14ce8e1ef92a5fd4693d845d94c69a13b71fff6521e9416e8bf18,,
28,0x1C,150,0x96,high_conf_static_A4,script_pack_A4_source_selection,unknown,1,1,A4_xx_B2_dd_A4_yy:first,CB:B433,0,,,C8:23CC,1,normal_master,C8:31BF,23,f08742c74e49e3f49d889b3d97edd281105caba0c3f651ff447da27c1bae1088,,
28,0x1C,151,0x97,high_conf_static_A4,script_pack_A4_source_selection,unknown,1,1,A4_xx_B2_dd_A4_yy:second,CB:B437,0,,,C8:23CC,1,normal_master,C8:31C7,16,e1a88f1e794156233b040bc0a02bf526f33f07fbea15e171d497087e24827e86,,
28,0x1C,154,0x9A,high_conf_static_A4,script_pack_A4_source_selection,unknown,1,1,A4_xx_B2_dd_A4_yy:first,CB:B460,0,,,C8:23CC,1,normal_master,C8:31E1,26,ee434c10cad7d2ec503b2def6073c91fdc41f91fc67507f6326082c39a1f54a9,,
28,0x1C,155,0x9B,high_conf_static_A4,script_pack_A4_source_selection,unknown,1,1,A4_xx_B2_dd_A4_yy:second,CB:B464,0,,,C8:23CC,1,normal_master,C8:31E5,33,300910486ec14ce8e1ef92a5fd4693d845d94c69a13b71fff6521e9416e8bf18,,
28,0x1C,158,0x9E,high_conf_static_A4,script_pack_A4_source_selection,unknown,1,1,A4_xx_B2_dd_A4_yy:first,CB:B485,0,,,C8:23CC,1,normal_master,C8:31EE,26,a92a862234d6a6ba2b2018f229dab82ff5df80e1e5441e0f05ab2d063b6ade9b,,
28,0x1C,159,0x9F,high_conf_static_A4,script_pack_A4_source_selection,unknown,2,1,A4_xx_B0;A4_xx_B2_dd_A4_yy:second,CB:B489,0,,,C8:23CC,1,normal_master,C8:31F3,16,e1a88f1e794156233b040bc0a02bf526f33f07fbea15e171d497087e24827e86,,
28,0x1C,160,0xA0,high_conf_static_A4,script_pack_A4_source_selection,unknown,1,1,A4_xx_B0,CB:B48E,0,,,C8:23CC,1,normal_master,C8:31F5,19,112491025b9e45e45358b7d6b6da813717e8e8c4d91798f8578900fef4db1d3f,,
28,0x1C,161,0xA1,high_conf_static_A4,script_pack_A4_source_selection,unknown,1,1,A4_xx_B0,CB:B497,0,,,C8:23CC,1,normal_master,C8:31FA,25,ebfc81807fac344393b973ba47ebe72232d7ef1d3ad0d47a8ff17f2db11b42b2,,
28,0x1C,175,0xAF,high_conf_static_A4,script_pack_A4_source_selection,unknown,1,1,A4_xx_B2_dd_A4_yy:first,CB:B5D9,0,,,C8:23CC,1,normal_master,C8:326F,44,d36095196cb3161316d4c034a69f31439d0c669ca56feeb4723bbe40e99718aa,,
28,0x1C,176,0xB0,high_conf_static_A4,script_pack_A4_source_selection,unknown,1,1,A4_xx_B2_dd_A4_yy:second,CB:B5DD,0,,,C8:23CC,1,normal_master,C8:3299,88,090a8916f437fcf53d52522009797cdd911a8d504a198c0d0cae1606a5994e42,,
28,0x1C,177,0xB1,high_conf_static_A4,script_pack_A4_source_selection,unknown,1,1,A4_xx_B2_dd_A4_yy:first,CB:B5E6,0,,,C8:23CC,1,normal_master,C8:32EB,24,2db66a302dd3cb470dd227c82eefb38cb76d1a9b0571b9fcf36fc867725c3e31,,
28,0x1C,178,0xB2,high_conf_static_A4,script_pack_A4_source_selection,unknown,1,1,A4_xx_B2_dd_A4_yy:second,CB:B5EA,0,,,C8:23CC,1,normal_master,C8:3301,23,f27f14e233acc77c71cda8ae525a8187a4c7ae4cbca4f6e0580b2631cd7d27cf,,
28,0x1C,179,0xB3,high_conf_static_A4,script_pack_A4_source_selection,unknown,1,1,A4_xx_B2_dd_A4_yy:first,CB:B60F,0,,,C8:23CC,1,normal_master,C8:3311,33,9844ba0e78c94a8bc56823ebaeeeb5f16b378122723433b905e61c99985d4c4f,,
28,0x1C,180,0xB4,high_conf_static_A4,script_pack_A4_source_selection,unknown,1,1,A4_xx_B2_dd_A4_yy:second,CB:B613,0,,,C8:23CC,1,normal_master,C8:3330,45,b4d15c8ea7862d282e561adaa0de33d7d565cba2cc4fb2ea2e23308806b982b3,,
28,0x1C,181,0xB5,high_conf_static_A4,script_pack_A4_source_selection,unknown,1,1,A4_xx_B2_dd_A4_yy:first,CB:B61C,0,,,C8:23CC,1,normal_master,C8:333D,40,6aa2045530891a75a81a4a0291dcfb3c897a046cf6624a677e4849a698d9d836,,
28,0x1C,182,0xB6,high_conf_static_A4,script_pack_A4_source_selection,unknown,1,1,A4_xx_B2_dd_A4_yy:second,CB:B620,0,,,C8:23CC,1,normal_master,C8:3348,29,844ca9ef507051bde158569ff6bfd2ac79d17808d339dd30f5bd21aface89d5e,,
28,0x1C,190,0xBE,high_conf_static_A4,script_pack_A4_source_selection,unknown,1,1,A4_xx_B2_dd_A4_yy:first,CB:B776,0,,,C8:23CC,1,normal_master,C8:339B,29,f7362b921906bdeefadc65e7f875d0b79c1ce434a22c287627c7e4a83525537c,,
28,0x1C,191,0xBF,high_conf_static_A4,script_pack_A4_source_selection,unknown,1,1,A4_xx_B2_dd_A4_yy:second,CB:B77A,0,,,C8:23CC,1,normal_master,C8:339E,43,7a0c6dddad33be343bac9c54db1d1dabb323a56607d62eb231859254a82d4966,,
28,0x1C,194,0xC2,high_conf_static_A4,script_pack_A4_source_selection,unknown,1,1,A4_xx_B2_dd_A4_yy:first,CB:B7A3,0,,,C8:23CC,1,normal_master,C8:33F3,49,1b395a89d8cbdc9f8fa6bb0808aa0081169ccaad0dce2a594fdbde319b405666,,
28,0x1C,195,0xC3,high_conf_static_A4,script_pack_A4_source_selection,unknown,1,1,A4_xx_B2_dd_A4_yy:second,CB:B7A7,0,,,C8:23CC,1,normal_master,C8:33F9,53,5ed4f3df2721b4d78f955a6d881b23c1ec2c56baca05a8d280af5bd6d3e965fd,,
28,0x1C,198,0xC6,high_conf_static_A4,script_pack_A4_source_selection,unknown,1,1,A4_xx_B2_dd_A4_yy:first,CB:B7C8,0,,,C8:23CC,1,normal_master,C8:345F,40,e71c9f6893c4abafc4d54a60fbf41e11d9446c263ba2b22479910c660aeba65d,,
28,0x1C,199,0xC7,high_conf_static_A4,script_pack_A4_source_selection,unknown,2,1,A4_xx_B0;A4_xx_B2_dd_A4_yy:second,CB:B7CC,0,,,C8:23CC,1,normal_master,C8:3480,46,a9ec3858402a61f3e418ccdc63eb85a6586b583df5993997b8ffff553fa255b6,,
28,0x1C,200,0xC8,high_conf_static_A4,script_pack_A4_source_selection,unknown,1,1,A4_xx_B0,CB:B7D1,0,,,C8:23CC,1,normal_master,C8:348B,50,8dc3a8edba2e1e7e70af7816ffab2715848579cc9ab29fe3716097739a84c914,,
28,0x1C,203,0xCB,high_conf_static_A4,script_pack_A4_source_selection,unknown,1,1,A4_xx_B2_dd_A4_yy:first,CB:B809,0,,,C8:23CC,1,normal_master,C8:34CE,87,e319498fd32f78c8baf6af69a0f942371823acc275d7b00206433ae0a1174917,,
28,0x1C,204,0xCC,high_conf_static_A4,script_pack_A4_source_selection,unknown,1,1,A4_xx_B2_dd_A4_yy:second,CB:B80D,0,,,C8:23CC,1,normal_master,C8:34DC,111,996b16a9eafa24c4c9aceb7e18529d94557aa28a5125eef181b0f6df3c51781f,,
28,0x1C,207,0xCF,high_conf_static_A4,script_pack_A4_source_selection,unknown,1,1,A4_xx_B2_dd_A4_yy:first,CB:B834,0,,,C8:23CC,1,normal_master,C8:3576,69,ef65cb81c8b3e8820bcfcbe2287f369af1c6a00341895d520e18b6980bb5cce9,,
28,0x1C,208,0xD0,high_conf_static_A4,script_pack_A4_source_selection,unknown,2,1,A4_xx_B0;A4_xx_B2_dd_A4_yy:second,CB:B838,0,,,C8:23CC,1,normal_master,C8:3593,15,98cdc38e4c3f71c6dc2484e713dd124b7d45db0e6ea372368d0483d5f0143531,,
28,0x1C,212,0xD4,high_conf_static_A4,script_pack_A4_source_selection,unknown,1,1,A4_xx_B2_dd_A4_yy:first,CB:B87D,0,,,C8:23CC,1,normal_master,C8:35D4,90,f451a73a56a1c5b9bc4e7c6b605005b8dd4571ff88deb42a151b91fa004766bb,,
28,0x1C,213,0xD5,high_conf_static_A4,script_pack_A4_source_selection,unknown,1,1,A4_xx_B2_dd_A4_yy:second,CB:B881,0,,,C8:23CC,1,normal_master,C8:35EE,24,9aac6e3dd3c1188e2c4bb4df6bde0c7b83556b232540565b303cc8dca5096583,,
28,0x1C,217,0xD9,high_conf_static_A4,script_pack_A4_source_selection,unknown,1,1,A4_xx_B2_dd_A4_yy:first,CB:B8B5,0,,,C8:23CC,1,normal_master,C8:362D,96,fd19d897dacd6efdeab2f2350232c712b29fa6c86ee03e29ce37d98e658dc2f9,,
28,0x1C,218,0xDA,high_conf_static_A4,script_pack_A4_source_selection,unknown,2,1,A4_xx_B0;A4_xx_B2_dd_A4_yy:second,CB:B8B9,0,,,C8:23CC,1,normal_master,C8:3654,98,8b43605f00b08945a5c5c432d31e0e20ff0ca7863eebe88464feba4b64965f01,,
28,0x1C,221,0xDD,high_conf_static_A4,script_pack_A4_source_selection,unknown,1,1,A4_xx_B2_dd_A4_yy:first,CB:B8F1,0,,,C8:23CC,1,normal_master,C8:3673,10,ba94772f0a4a171c21f367939c2e3132e252878730ee7fb53ad0b846850ab5ef,,
28,0x1C,222,0xDE,high_conf_static_A4,script_pack_A4_source_selection,unknown,1,1,A4_xx_B2_dd_A4_yy:second,CB:B8F5,0,,,C8:23CC,1,normal_master,C8:3674,28,ec1dd601d120b984d9245864ed210f7fa5b13f114d9a441144e9169daee402fe,,
28,0x1C,225,0xE1,high_conf_static_A4,script_pack_A4_source_selection,unknown,1,1,A4_xx_B2_dd_A4_yy:first,CB:B91C,0,,,C8:23CC,1,normal_master,C8:36A1,15,e819cd5c24466c256c9621ed4c167ed8ae200b8c5457a4fa40ea2667236178d8,,
28,0x1C,226,0xE2,high_conf_static_A4,script_pack_A4_source_selection,unknown,2,1,A4_xx_B0;A4_xx_B2_dd_A4_yy:second,CB:B920,0,,,C8:23CC,1,normal_master,C8:36A1,20,5b28d3c67945adda8c81617c737407192e0da26aa0421eeeee81279eedd8dd4f,,
28,0x1C,227,0xE3,high_conf_static_A4,script_pack_A4_source_selection,unknown,1,1,A4_xx_B2_dd_A4_yy:first,CB:B937,0,,,C8:23CC,1,normal_master,C8:36AF,16,1b065de5103a8baea3ddd0e13ed997cd236897dbfca19009f66c3fe730c01c38,,
28,0x1C,228,0xE4,high_conf_static_A4,script_pack_A4_source_selection,unknown,1,1,A4_xx_B2_dd_A4_yy:second,CB:B93B,0,,,C8:23CC,1,normal_master,C8:36B5,27,78b2f06d6bc6c26c02c6e05e3935c83c9f2f66fdb31f817a575b8e0587792c15,,
28,0x1C,229,0xE5,high_conf_static_A4,script_pack_A4_source_selection,unknown,1,1,A4_xx_B2_dd_A4_yy:first,CB:B943,0,,,C8:23CC,1,normal_master,C8:36BF,46,acad0935da46dd24ed9f8ab617f56f8b726f3d0542051245b23b58a4c566a718,,
28,0x1C,230,0xE6,high_conf_static_A4,script_pack_A4_source_selection,unknown,2,1,A4_xx_B0;A4_xx_B2_dd_A4_yy:second,CB:B947,0,,,C8:23CC,1,normal_master,C8:36CA,3,f28a2c7718a4579371e82299afc1243f66f878c55f8bdd2d4f6112b88c06c11a,,
29,0x1D,6,0x06,high_conf_static_A4,script_pack_A4_source_selection,unknown,1,1,A4_xx_B2_dd_A4_yy:first,CB:BA2C,0,,,C8:34CE,1,normal_master,C8:354F,19,c95174c58ee1c071cb64bc60cc975ee2d4ee3ce8ead85c34aec7c68c4dfec9cd,,
29,0x1D,7,0x07,high_conf_static_A4,script_pack_A4_source_selection,unknown,1,1,A4_xx_B2_dd_A4_yy:second,CB:BA30,0,,,C8:34CE,1,normal_master,C8:355E,22,5ed53e2d70e904cc6d01ad9609c29d8664a5dfc43b97ec6a01e81a3ba39c6ff4,,
29,0x1D,8,0x08,high_conf_static_A4,script_pack_A4_source_selection,unknown,1,1,A4_xx_B2_dd_A4_yy:first,CB:BA3F,0,,,C8:34CE,1,normal_master,C8:356D,24,8383fc6788ac8845297e89ee1a1c874dc97d6662636654d20525915fcb2dc01d,,
29,0x1D,9,0x09,high_conf_static_A4,script_pack_A4_source_selection,unknown,2,1,A4_xx_B0;A4_xx_B2_dd_A4_yy:second,CB:BA43,0,,,C8:34CE,1,normal_master,C8:3581,18,ec432bedfe8c7c38812e1595aa1b3241768cdbe52f0022770692e7b2fff320b5,,
29,0x1D,15,0x0F,high_conf_static_A4,script_pack_A4_source_selection,unknown,1,1,A4_xx_B2_dd_A4_yy:first,CB:BADA,0,,,C8:34CE,1,normal_master,C8:35D8,13,264271a0b804fb1f5b52ff9c18db940dcaa527d26cd0aba12934df58193f64d1,,
29,0x1D,16,0x10,high_conf_static_A4,script_pack_A4_source_selection,unknown,1,1,A4_xx_B2_dd_A4_yy:second,CB:BADE,0,,,C8:34CE,1,normal_master,C8:35E0,20,6ef24a7b59f9835a8c63a365b60520010c56f9c772fcd8434ed3091c5ddd4a19,,
29,0x1D,19,0x13,high_conf_static_A4,script_pack_A4_source_selection,unknown,1,1,A4_xx_B2_dd_A4_yy:first,CB:BB00,0,,,C8:34CE,1,normal_master,C8:3601,18,56d4136a96c147a4206583f331ec09350b5f30df3183b4678c41f0ec795dbf8e,,
29,0x1D,20,0x14,high_conf_static_A4,script_pack_A4_source_selection,unknown,1,1,A4_xx_B2_dd_A4_yy:second,CB:BB04,0,,,C8:34CE,1,normal_master,C8:360F,18,739bb7b4d7d55a35e6a6cdfce0bd6a9e88148463bb5fbcec9a4fcd88215b6b5d,,
29,0x1D,25,0x19,high_conf_static_A4,script_pack_A4_source_selection,unknown,1,1,A4_xx_B2_dd_A4_yy:first,CB:BB40,0,,,C8:34CE,1,normal_master,C8:3654,28,3cd1fc79dc234f2898d7e15970ad9bc78ab72be6dce86f51878918c6dbe92841,,
29,0x1D,26,0x1A,high_conf_static_A4,script_pack_A4_source_selection,unknown,1,1,A4_xx_B2_dd_A4_yy:second,CB:BB44,0,,,C8:34CE,1,normal_master,C8:366E,17,6fee317f644d49f4440d6a160d2853f72be21451ed5cba18737e298fcaaed4c3,,
29,0x1D,30,0x1E,high_conf_static_A4,script_pack_A4_source_selection,unknown,1,1,A4_xx_B2_dd_A4_yy:first,CB:BB6C,0,,,C8:34CE,1,normal_master,C8:36E3,24,7b5dc77e956e065ba34a6b7a33ea4599a7dbfa70dca62d2dfedede7719afe31a,,
29,0x1D,31,0x1F,high_conf_static_A4,script_pack_A4_source_selection,unknown,1,1,A4_xx_B2_dd_A4_yy:second,CB:BB70,0,,,C8:34CE,1,normal_master,C8:36F8,48,0ed1ddb632261625b90e472dee24e4ef5a4b29800dcfdf922f04f8ba33a16c26,,
29,0x1D,35,0x23,high_conf_static_A4,script_pack_A4_source_selection,unknown,1,1,A4_xx_B2_dd_A4_yy:first,CB:BB8E,0,,,C8:34CE,1,normal_master,C8:374B,39,2e9988b2fc8f88966b319cac440a16cfba26c6824def3047984f2365ad28d0f9,,
29,0x1D,36,0x24,high_conf_static_A4,script_pack_A4_source_selection,unknown,2,1,A4_xx_B0;A4_xx_B2_dd_A4_yy:second,CB:BB92,0,,,C8:34CE,1,normal_master,C8:3772,15,95db84a59bfac494e9aee9410e1bbaff72859833692e7cb694b13650a5f25ccf,,
29,0x1D,37,0x25,high_conf_static_A4,script_pack_A4_source_selection,unknown,1,1,A4_xx_B2_dd_A4_yy:first,CB:BBAA,0,,,C8:34CE,1,normal_master,C8:3775,22,d6f2709029f78da7dd927365b42f6a112404f170ad9d0e4bc0dd7c9d25397a75,,
29,0x1D,38,0x26,high_conf_static_A4,script_pack_A4_source_selection,unknown,1,1,A4_xx_B2_dd_A4_yy:second,CB:BBAE,0,,,C8:34CE,1,normal_master,C8:378A,14,5f442e9a7442c054e742e61d0c53bef00fbdb1f0b29a70c7a473cbf23aec5d56,,
29,0x1D,39,0x27,high_conf_static_A4,script_pack_A4_source_selection,unknown,1,1,A4_xx_B2_dd_A4_yy:first,CB:BBC7,0,,,C8:34CE,1,normal_master,C8:3796,82,dce72855e89bcbb6f743bdd9ec1e3d2b503ac2f27e60fefdd74561d3234bd5c2,,
29,0x1D,40,0x28,high_conf_static_A4,script_pack_A4_source_selection,unknown,1,1,A4_xx_B2_dd_A4_yy:second,CB:BBCB,0,,,C8:34CE,1,normal_master,C8:37D2,39,c15c1e5c7fa6801f5d32cb8cf60c5ab3c1aea6f6bc9d779b290de99aeffbf65e,,
29,0x1D,47,0x2F,high_conf_static_A4,script_pack_A4_source_selection,unknown,1,1,A4_xx_B0,CB:BC5E,0,,,C8:34CE,1,normal_master,C8:3832,54,545ff3371d71473835f65543c5c15e93c00a19c3225e8731be41b600f3d0ed1a,,
29,0x1D,48,0x30,high_conf_static_A4,script_pack_A4_source_selection,unknown,1,1,A4_xx_B0,CB:BC6B,0,,,C8:34CE,1,normal_master,C8:383A,14,9287b48e9511734ef4384059742d4e834855c09e5251af6567c4508c5ff367f3,,
29,0x1D,49,0x31,high_conf_static_A4,script_pack_A4_source_selection,unknown,1,1,A4_xx_B2_dd_A4_yy:first,CB:BC8A,0,,,C8:34CE,1,normal_master,C8:383C,24,552ce257523857cf3af9b1999976189e755db8b74e20772d1de7857e9fac8aef,,
29,0x1D,50,0x32,high_conf_static_A4,script_pack_A4_source_selection,unknown,1,1,A4_xx_B2_dd_A4_yy:second,CB:BC8E,0,,,C8:34CE,1,normal_master,C8:384E,29,8de7c6d45b6a84b26a9d0a0e77fd76e8b165d71f99b8c88d37a18a7bf4a46428,,
29,0x1D,54,0x36,high_conf_static_A4,script_pack_A4_source_selection,unknown,1,1,A4_xx_B2_dd_A4_yy:first,CB:BCCA,0,,,C8:34CE,1,normal_master,C8:38AA,50,1d85b2cc0d69e219f5085ebfdbec73f5ab0021e4411d734f786011c358d16914,,
29,0x1D,55,0x37,high_conf_static_A4,script_pack_A4_source_selection,unknown,1,1,A4_xx_B2_dd_A4_yy:second,CB:BCCE,0,,,C8:34CE,1,normal_master,C8:38DB,48,560072421541ef298f6d40b1a714cf3b3c71c818645c9b6af1fbcb2b0bc99ed4,,
29,0x1D,67,0x43,high_conf_static_A4,script_pack_A4_source_selection,unknown,1,1,A4_xx_B2_dd_A4_yy:first,CB:BD65,0,,,C8:34CE,1,normal_master,C8:3A44,26,e563f5e1554e364e17f9e40ed5ff686b3c670236f1c5e57387e99c7c19d1fbbb,,
29,0x1D,68,0x44,high_conf_static_A4,script_pack_A4_source_selection,unknown,1,1,A4_xx_B2_dd_A4_yy:second,CB:BD69,0,,,C8:34CE,1,normal_master,C8:3A50,9,1297b525a2cec46cf5bcac44cb220c2d97485f008d9cd2924c163832b65eedc0,,
29,0x1D,74,0x4A,high_conf_static_A4,script_pack_A4_source_selection,unknown,1,1,A4_xx_B2_dd_A4_yy:first,CB:BDF8,0,,,C8:34CE,1,normal_master,C8:3AB1,44,925544285982b77dca5562f96fc22500c160f1dc42dac62aba9d9280da3c3c4d,,
29,0x1D,75,0x4B,high_conf_static_A4,script_pack_A4_source_selection,unknown,2,1,A4_xx_B2_dd_A4_yy:first;A4_xx_B2_dd_A4_yy:second,CB:BDFC,0,,,C8:34CE,1,normal_master,C8:3ACC,10,60c0ea5cec56ede7641b163825b4c1e8951f7fc08498159da5c0982895359573,,
29,0x1D,76,0x4C,high_conf_static_A4,script_pack_A4_source_selection,unknown,1,1,A4_xx_B2_dd_A4_yy:second,CB:BE00,0,,,C8:34CE,1,normal_master,C8:3AD3,19,d64cc4e5a689a366f483c51a758f016363f2dad5688f66b71184b8186c8cd1f2,,
29,0x1D,100,0x64,high_conf_static_A4,script_pack_A4_source_selection,unknown,1,1,A4_xx_B2_dd_A4_yy:first,CB:BF63,0,,,C8:34CE,1,normal_master,C8:4031,29,2028b044d9c7c944ce02fb3f9b7244e5606e276b24ff7046905e38a84fb84191,,
29,0x1D,101,0x65,high_conf_static_A4,script_pack_A4_source_selection,unknown,1,1,A4_xx_B2_dd_A4_yy:second,CB:BF67,0,,,C8:34CE,1,normal_master,C8:4038,22,86e38b5093504e7035504d09426ecba5bdbe335e2cc6236b013ab763165bd661,,
29,0x1D,105,0x69,high_conf_static_A4,script_pack_A4_source_selection,unknown,1,1,A4_xx_B0,CB:BFC3,0,,,C8:34CE,1,normal_master,C8:558B,16,cbf7720c46e5aa3fa604e2f2f55f6a7cd8d8ac4bb63707a64924b277fbf8cc9f,,
29,0x1D,113,0x71,high_conf_static_A4,script_pack_A4_source_selection,unknown,1,1,A4_xx_B0,CB:C034,0,,,C8:34CE,1,normal_master,C8:56F9,11,61dd8fd9c321592e4a484dccd07b19d4ba2898ff00b4f03f8cb42105df7732da,,
29,0x1D,126,0x7E,high_conf_static_A4,script_pack_A4_source_selection,unknown,1,1,A4_xx_B0,CB:C11E,0,,,C8:34CE,1,normal_master,C8:5743,9,f4cb879fc8be88227951631b3f68162317cc82fd6fcf8885d3d64ed29d3ebef3,,
29,0x1D,129,0x81,high_conf_static_A4,script_pack_A4_source_selection,unknown,1,1,A4_xx_B0,CB:C160,0,,,C8:34CE,1,normal_master,C8:5755,15,8aa1437b193b9c88fdf78a90fea6559663ba30d66306f5bf9e4eb3eff9279749,,
29,0x1D,130,0x82,high_conf_static_A4,script_pack_A4_source_selection,unknown,1,1,A4_xx_B0,CB:C16D,0,,,C8:34CE,1,normal_master,C8:5757,8,29f5704054eacb1ec65fa213bd82ec1cc6da5c0023c833c87501091ec6e2f15d,,
29,0x1D,131,0x83,high_conf_static_A4,script_pack_A4_source_selection,unknown,1,1,A4_xx_B0,CB:C177,0,,,C8:34CE,1,normal_master,C8:575D,11,61dd8fd9c321592e4a484dccd07b19d4ba2898ff00b4f03f8cb42105df7732da,,
29,0x1D,133,0x85,high_conf_static_A4,script_pack_A4_source_selection,unknown,1,1,A4_xx_B0,CB:C193,0,,,C8:34CE,1,normal_master,C8:5760,31,3b7b1c449a18df087dc4cb413d498157e70029695f1beb4a7dc48b7fe67a90ff,,
29,0x1D,135,0x87,high_conf_static_A4,script_pack_A4_source_selection,unknown,1,1,A4_xx_B0,CB:C1A5,0,,,C8:34CE,1,normal_master,C8:5771,36,8cada9aeb105eebfc5920215fbf1b06362d081eb6746ada884d3b555a91b47c9,,
29,0x1D,137,0x89,high_conf_static_A4,script_pack_A4_source_selection,unknown,1,1,A4_xx_B0,CB:C1B7,0,,,C8:34CE,1,normal_master,C8:5776,9,f4cb879fc8be88227951631b3f68162317cc82fd6fcf8885d3d64ed29d3ebef3,,
29,0x1D,140,0x8C,high_conf_static_A4,script_pack_A4_source_selection,unknown,1,1,A4_xx_B0,CB:C1D8,0,,,C8:34CE,1,normal_master,C8:5782,46,29f936425846cdb96b39f3fee5686d7cc2b7952b008cdb24d5b66b32edc42175,,
29,0x1D,143,0x8F,high_conf_static_A4,script_pack_A4_source_selection,unknown,1,1,A4_xx_B0,CB:C225,0,,,C8:34CE,1,normal_master,C8:5794,10,568fac21dad5dd8a130713bdc6219399f92a5b29aae7bf904cf73795fc347ac8,,
29,0x1D,151,0x97,high_conf_static_A4,script_pack_A4_source_selection,unknown,1,1,A4_xx_B2_dd_A4_yy:first,CB:C291,0,,,C8:34CE,1,normal_master,C8:57C6,14,6f18ed858449bc1863a091dba9a470b83429352123e1bcf0d74e0706eee78125,,
29,0x1D,152,0x98,high_conf_static_A4,script_pack_A4_source_selection,unknown,1,1,A4_xx_B2_dd_A4_yy:second,CB:C295,0,,,C8:34CE,1,normal_master,C8:57C7,44,898ababb39632adfaae7fa1936b1e4f40f2b7f00ef2a0531240df12bebe90c49,,
29,0x1D,159,0x9F,high_conf_static_A4,script_pack_A4_source_selection,unknown,1,1,A4_xx_B2_dd_A4_yy:first,CB:C2FA,0,,,C8:34CE,1,normal_master,C8:58F8,2377,3dc1f84056943e97a9259529f039de86d3059da691d238d6b5d983ab3c4fae9e,,
29,0x1D,160,0xA0,high_conf_static_A4,script_pack_A4_source_selection,unknown,1,1,A4_xx_B2_dd_A4_yy:second,CB:C2FE,0,,,C8:34CE,1,normal_master,C8:5B70,1117,04d18e1a1cd9a7551367a23f4b53c3718bc71df8ce1be9f4e82f3e610bda666d,,
29,0x1D,167,0xA7,high_conf_static_A4,script_pack_A4_source_selection,unknown,1,1,A4_xx_B2_dd_A4_yy:first,CB:C35B,0,,,C8:34CE,1,normal_master,C8:5EC3,495,1ec3a8fa1d7efc14a4c50574c062b95d92a6b8660f095942ea6480edcfc440ec,,
29,0x1D,168,0xA8,high_conf_static_A4,script_pack_A4_source_selection,unknown,1,1,A4_xx_B2_dd_A4_yy:second,CB:C35F,0,,,C8:34CE,1,normal_master,C8:5F4F,29,2c5d7451492d5d329436434c73b6725e58dc94c1df9fa947e566ee8641082e72,,
29,0x1D,171,0xAB,high_conf_static_A4,script_pack_A4_source_selection,unknown,1,1,A4_xx_B2_dd_A4_yy:first,CB:C397,0,,,C8:34CE,1,normal_master,C8:5F8C,44,73ed09795895633f1bf9a6e8d3ee9699c2a7f27455bef529eabf912df4f7420e,,
29,0x1D,172,0xAC,high_conf_static_A4,script_pack_A4_source_selection,unknown,2,1,A4_xx_B2_dd_A4_yy:first;A4_xx_B2_dd_A4_yy:second,CB:C39B,0,,,C8:34CE,1,normal_master,C8:5F99,47,25ae58209c2aacfb019b3232f8f01e029487548534b88f7956eb4c06bd919215,,
29,0x1D,173,0xAD,high_conf_static_A4,script_pack_A4_source_selection,unknown,1,1,A4_xx_B2_dd_A4_yy:second,CB:C39F,0,,,C8:34CE,1,normal_master,C8:5FA6,33,80ffcfc48fe56ef1b9ce270907d269409b4bf34f7c78709e8fd5ab0cad885e05,,
29,0x1D,174,0xAE,high_conf_static_A4,script_pack_A4_source_selection,unknown,1,1,A4_xx_B0,CB:C3A8,0,,,C8:34CE,1,normal_master,C8:5FB4,11,4074ffb43c15ba6e8ad8e590aa2d85530b3c97f16aa5058b6c533ec0ca9ea531,,
29,0x1D,181,0xB5,high_conf_static_A4,script_pack_A4_source_selection,unknown,1,1,A4_xx_B2_dd_A4_yy:first,CB:C401,0,,,C8:34CE,1,normal_master,C8:6029,999,6e52af6408b8e71bc94e1a3e37ff27c58c0b3fbe0bc95af19be73253bd85ced6,,
29,0x1D,182,0xB6,high_conf_static_A4,script_pack_A4_source_selection,unknown,1,1,A4_xx_B2_dd_A4_yy:second,CB:C405,0,,,C8:34CE,1,normal_master,C8:611E,216,d60f48d5ebb5aa86ff6116bdb05bd8dd7af4025ec86fd1ac73ed94e3ffc111bc,,
29,0x1D,185,0xB9,high_conf_static_A4,script_pack_A4_source_selection,unknown,1,1,A4_xx_B2_dd_A4_yy:first,CB:C42E,0,,,C8:34CE,1,normal_master,C8:6172,9,09b602d1990a791a076f2c6d3c82b08d5ed2de81281f7b7e1fa4eab1f34723e7,,
29,0x1D,186,0xBA,high_conf_static_A4,script_pack_A4_source_selection,unknown,1,1,A4_xx_B2_dd_A4_yy:second,CB:C432,0,,,C8:34CE,1,normal_master,C8:6173,115,f0aa2fca37e39f2911b8c171e74c7911f9c5080bd316fddab4aee5cce89c8b56,,
29,0x1D,190,0xBE,high_conf_static_A4,script_pack_A4_source_selection,unknown,1,1,A4_xx_B2_dd_A4_yy:first,CB:C48A,0,,,C8:34CE,1,normal_master,C8:6411,2101,95cf095074e1ded520736835d4b11d3e03777aaa7d2156edbcac7cc4457e31ad,,
29,0x1D,191,0xBF,high_conf_static_A4,script_pack_A4_source_selection,unknown,1,1,A4_xx_B2_dd_A4_yy:second,CB:C48E,0,,,C8:34CE,1,normal_master,C8:6663,331,cb85109ddc35bcfc646498d0bcab148ec999d9164183bbb394297284a6022bdc,,
29,0x1D,195,0xC3,high_conf_static_A4,script_pack_A4_source_selection,unknown,1,1,A4_xx_B2_dd_A4_yy:first,CB:C4B5,0,,,C8:34CE,1,normal_master,C8:704B,75,8375a62a35fe39bf0fb26edf45c6385eec06b20d86a0ff465d46999c7d31a4ce,,
29,0x1D,196,0xC4,high_conf_static_A4,script_pack_A4_source_selection,unknown,1,1,A4_xx_B2_dd_A4_yy:second,CB:C4B9,0,,,C8:34CE,1,normal_master,C8:705B,2616,6f12d25f348e8d5c91134a414893182e879bcc093d6787ef70215a0be1d4fc5e,,
29,0x1D,200,0xC8,high_conf_static_A4,script_pack_A4_source_selection,unknown,1,1,A4_xx_B2_dd_A4_yy:first,CB:C4D3,0,,,C8:34CE,1,normal_master,C8:730C,22,88ccc6cc87d298de3d406952da8407588cc9986a353d203a1ff20c4ac9e1257b,,
29,0x1D,201,0xC9,high_conf_static_A4,script_pack_A4_source_selection,unknown,1,1,A4_xx_B2_dd_A4_yy:second,CB:C4D7,0,,,C8:34CE,1,normal_master,C8:7311,235,81666cf7048885a178eb828e62872a7bb33bfcd59ae16422c222a18509c18a95,,
29,0x1D,202,0xCA,high_conf_static_A4,script_pack_A4_source_selection,unknown,1,1,A4_xx_B0,CB:C4D9,0,,,C8:34CE,1,normal_master,C8:734D,2110,154944bd1b2fefd6b62128ad2c6f3a9a3257acf8c8108a841cba488ea877cab3,,
30,0x1E,8,0x08,high_conf_static_A4,script_pack_A4_source_selection,unknown,1,1,A4_xx_B0,CB:C5F6,0,,,C8:402D,1,normal_master,C8:4109,26,58bd6b0537f6ce2a1c588de57b56e90856d7e2282212eeae06315e2a339e4f48,,
30,0x1E,11,0x0B,high_conf_static_A4,script_pack_A4_source_selection,unknown,1,1,A4_xx_B0,CB:C60B,0,,,C8:402D,1,normal_master,C8:4144,30,b126c2e04e07d2f5f74a18dc8588f257fa32e274dd991da2b990ec04e5109872,,
30,0x1E,18,0x12,high_conf_static_A4,script_pack_A4_source_selection,unknown,1,1,A4_xx_B2_dd_A4_yy:first,CB:C653,0,,,C8:402D,1,normal_master,C8:41ED,66,d73e1db2a379cb1246206e305fd75aa70df5d71c1c99b832ce94595c20193e40,,
30,0x1E,19,0x13,high_conf_static_A4,script_pack_A4_source_selection,unknown,1,1,A4_xx_B2_dd_A4_yy:second,CB:C657,0,,,C8:402D,1,normal_master,C8:41F5,28,a4572f9ef5092e4a47bb09564b30f0c9d4a0cfb62ead2e823d655536ad098fc7,,
30,0x1E,24,0x18,high_conf_static_A4,script_pack_A4_source_selection,unknown,1,1,A4_xx_B2_dd_A4_yy:first,CB:C6C8,0,,,C8:402D,1,normal_master,C8:4277,30,d299bf0ef736f97576f9c69ffb94b6ddd480e08c43d4903cfe1ab24d61889c3b,,
30,0x1E,25,0x19,high_conf_static_A4,script_pack_A4_source_selection,unknown,1,1,A4_xx_B2_dd_A4_yy:second,CB:C6CC,0,,,C8:402D,1,normal_master,C8:4290,75,761b494953ca2d9deaae3f7a02ba37ec11402eecfffe2c526c3feb4959ce1874,,
30,0x1E,29,0x1D,high_conf_static_A4,script_pack_A4_source_selection,unknown,1,1,A4_xx_B0,CB:C6EA,0,,,C8:402D,1,normal_master,C8:434D,52,4cba393c790a0637ada9a1e66f63d3be605c9460bd54098b14f0ed20ff54e6d4,,
30,0x1E,37,0x25,high_conf_static_A4,script_pack_A4_source_selection,unknown,1,1,A4_xx_B2_dd_A4_yy:first,CB:C767,0,,,C8:402D,1,normal_master,C8:44C6,135,93d394971a09352cc37ddad177946557b83c4ec537f23dc797323b3cb9db508e,,
30,0x1E,38,0x26,high_conf_static_A4,script_pack_A4_source_selection,unknown,2,1,A4_xx_B0;A4_xx_B2_dd_A4_yy:second,CB:C76B,0,,,C8:402D,1,normal_master,C8:44F9,195,539fee48930f387fecf2ea5d2376131f16ae5141059b09f40396979ec81edbb5,,
30,0x1E,55,0x37,high_conf_static_A4,script_pack_A4_source_selection,unknown,1,1,A4_xx_B2_dd_A4_yy:first,CB:C8EB,0,,,C8:402D,1,normal_master,C8:48CD,123,5b40c4468414b65c71a7574ec39c6f43bbe9175523d724759e135c07c9850d2d,,
30,0x1E,56,0x38,high_conf_static_A4,script_pack_A4_source_selection,unknown,1,1,A4_xx_B2_dd_A4_yy:second,CB:C8EF,0,,,C8:402D,1,normal_master,C8:4930,101,1a4a2607cb04d009d8a0c231df824f64e4901018b9b074ea4c6d68a102a724b2,,
30,0x1E,59,0x3B,high_conf_static_A4,script_pack_A4_source_selection,unknown,1,1,A4_xx_B2_dd_A4_yy:first,CB:C91A,0,,,C8:402D,1,normal_master,C8:4A0B,122,acebfc141a58b95a2469f7fc3e1ece1786e7a1c93d3e2b368732bb30401d7ec6,,
30,0x1E,60,0x3C,high_conf_static_A4,script_pack_A4_source_selection,unknown,2,1,A4_xx_B0;A4_xx_B2_dd_A4_yy:second,CB:C91E,0,,,C8:402D,1,normal_master,C8:4A73,121,9f20c1349cb5c163a18434acf291f3e1d2778c13d6cc2a520309ea55af4464d9,,
30,0x1E,63,0x3F,high_conf_static_A4,script_pack_A4_source_selection,unknown,1,1,A4_xx_B0,CB:CA36,0,,,C8:402D,1,normal_master,C8:4B85,116,918a9ee01f5098bb12996159a35bd2e96700242ec52ca2ee19b817007217ee56,,
30,0x1E,68,0x44,high_conf_static_A4,script_pack_A4_source_selection,unknown,1,1,A4_xx_B0,CB:CA5C,0,,,C8:402D,1,normal_master,C8:4D96,111,772851d2c8a4e0ffa051d7774594b4a4eea74841fd62e08a17feb9de237b0f31,,
30,0x1E,72,0x48,high_conf_static_A4,script_pack_A4_source_selection,unknown,1,1,A4_xx_B0,CB:CAB4,0,,,C8:402D,1,normal_master,C8:4F34,109,9c184f13be87a7f9a29ff694d4cf0bf902c906972aedb872b299cf839364c68a,,
30,0x1E,76,0x4C,high_conf_static_A4,script_pack_A4_source_selection,unknown,1,1,A4_xx_B0,CB:CAE6,0,,,C8:402D,1,normal_master,C8:4F76,59,c1d17e1ce809c266d3c8ff9037bb6424eb3171338dfd478b0fd58346a6d6ef85,,
30,0x1E,96,0x60,high_conf_static_A4,script_pack_A4_source_selection,unknown,1,1,A4_xx_B2_dd_A4_yy:first,CB:CBF1,0,,,C8:402D,1,normal_master,C8:5CBB,71,e95bb7d0a61c1802fdc3c6c99954b510c30f19f9a4c74f0877f87d81dde3fadf,,
30,0x1E,97,0x61,high_conf_static_A4,script_pack_A4_source_selection,unknown,2,1,A4_xx_B0;A4_xx_B2_dd_A4_yy:second,CB:CBF5,0,,,C8:402D,1,normal_master,C8:5CCE,29,d8d4d4e266ee081997039147b292ff00b1bb943790e61301550cb287e53a7743,,
31,0x1F,6,0x06,high_conf_static_A4,script_pack_A4_source_selection,unknown,1,1,A4_xx_B2_dd_A4_yy:first,CB:CEB0,0,,,C8:4F34,2,normal_master,C8:4FF0,42,5d7967b0980830ab182e71e32f1be093a484944ea70ab42789f906871de0fcc7,,
31,0x1F,7,0x07,high_conf_static_A4,script_pack_A4_source_selection,unknown,1,1,A4_xx_B2_dd_A4_yy:second,CB:CEB4,0,,,C8:4F34,2,normal_master,C8:5011,39,6e8390b64835dc30f68e8c5703ae68abf027452003c5d5ae90601b8a09427b17,,
31,0x1F,8,0x08,high_conf_static_A4,script_pack_A4_source_selection,unknown,1,1,A4_xx_B2_dd_A4_yy:first,CB:CEC2,0,,,C8:4F34,2,normal_master,C8:502F,49,d9db781cf29c06eadde190ecc8497e8eb0b62ba9c488a0b6176b4c12ac7f3816,,
31,0x1F,9,0x09,high_conf_static_A4,script_pack_A4_source_selection,unknown,2,1,A4_xx_B2_dd_A4_yy:first;A4_xx_B2_dd_A4_yy:second,CB:CEC6,0,,,C8:4F34,2,normal_master,C8:5053,39,d9889396cb4364ef2f7ac1538f983d0721a59e3e1006cc5eacd23e289b128880,,
31,0x1F,10,0x0A,high_conf_static_A4,script_pack_A4_source_selection,unknown,1,1,A4_xx_B2_dd_A4_yy:second,CB:CECA,0,,,C8:4F34,2,normal_master,C8:5071,7,be60a89c16009b15410d4f4a41089a45a990de8ef386a5f197b47f7745194e7f,,
31,0x1F,13,0x0D,high_conf_static_A4,script_pack_A4_source_selection,unknown,1,1,A4_xx_B2_dd_A4_yy:first,CB:CEFC,0,,,C8:4F34,2,normal_master,C8:507F,77,49f57481d38f3ecede93bfbe5427450e08bd0fefe37c239601ac7cd3c8a0c402,,
31,0x1F,14,0x0E,high_conf_static_A4,script_pack_A4_source_selection,unknown,1,1,A4_xx_B2_dd_A4_yy:second,CB:CF00,0,,,C8:4F34,2,normal_master,C8:50B9,70,3cbf2cf4c4bbfc46b4c7cd0f4b63a9a9acb8fc32fc01579a679cf12bf6667f03,,
31,0x1F,18,0x12,high_conf_static_A4,script_pack_A4_source_selection,unknown,1,1,A4_xx_B2_dd_A4_yy:first,CB:CF45,0,,,C8:4F34,2,normal_master,C8:51AB,37,a1e580bede06d6ddbdba3d045c3e320c7fcf663c623262e620a27d6549baed8d,,
31,0x1F,19,0x13,high_conf_static_A4,script_pack_A4_source_selection,unknown,1,1,A4_xx_B2_dd_A4_yy:second,CB:CF49,0,,,C8:4F34,2,normal_master,C8:51C9,15,8342d975c64a8d0b39cf72f657f6925cad00143e2b7969cea9592dc0a15428f9,,
31,0x1F,27,0x1B,high_conf_static_A4,script_pack_A4_source_selection,unknown,1,1,A4_xx_B0,CB:D034,0,,,C8:4F34,2,normal_master,C8:5343,53,419b4c48a8e858fd7cdc4abc54d7225fc6ef8741ba010793abe3a318e3d351e9,,
31,0x1F,37,0x25,high_conf_static_A4,script_pack_A4_source_selection,unknown,1,1,A4_xx_B2_dd_A4_yy:first,CB:D0AC,0,,,C8:4F34,2,normal_master,C8:5464,127,c1c49311a3a654b9132995563f1a8227158dd6b5c793d45c231e5942e75b2054,,
31,0x1F,38,0x26,high_conf_static_A4,script_pack_A4_source_selection,unknown,2,1,A4_xx_B0;A4_xx_B2_dd_A4_yy:second,CB:D0B0,0,,,C8:4F34,2,normal_master,C8:54C6,10,c397888ff31f3669d5370e09930bc2b9128fb3d1d13b5183bac13546dca7e040,,
31,0x1F,45,0x2D,high_conf_static_A4,script_pack_A4_source_selection,unknown,1,1,A4_xx_B2_dd_A4_yy:first,CB:D107,0,,,C8:4F34,2,normal_master,C8:5589,81,6633feb056cdb668c568e27b184cfaaa4b67b3ddb0acb047e7bb3ede4e71bc81,,
31,0x1F,46,0x2E,high_conf_static_A4,script_pack_A4_source_selection,unknown,1,1,A4_xx_B2_dd_A4_yy:second,CB:D10B,0,,,C8:4F34,2,normal_master,C8:55C6,107,6e84cf47c06e73a3a55c9dec2f9acab8fe94e7a61684db6d74af22524d79c06a,,
31,0x1F,47,0x2F,high_conf_static_A4,script_pack_A4_source_selection,unknown,1,1,A4_xx_B2_dd_A4_yy:first,CB:D11E,0,,,C8:4F34,2,normal_master,C8:561A,24,bdf2c959f40205f2f8a2092cb140d2d7a29fd4c9acdee665269a13a3c8fdc212,,
31,0x1F,48,0x30,high_conf_static_A4,script_pack_A4_source_selection,unknown,1,1,A4_xx_B2_dd_A4_yy:second,CB:D122,0,,,C8:4F34,2,normal_master,C8:562E,41,9ebc341e0220fc3d5952f8883b51644b751d7c2db826ac712d2abc8974c8d9bd,,
31,0x1F,51,0x33,high_conf_static_A4,script_pack_A4_source_selection,unknown,1,1,A4_xx_B2_dd_A4_yy:first,CB:D146,0,,,C8:4F34,2,normal_master,C8:56BE,97,f70132047a5c963e83b1f3aaecb31805b4742ecfc63d8a58ed1449c20e3c43f5,,
31,0x1F,52,0x34,high_conf_static_A4,script_pack_A4_source_selection,unknown,1,1,A4_xx_B2_dd_A4_yy:second,CB:D14A,0,,,C8:4F34,2,normal_master,C8:570A,101,4487ca21f1b981d1eefbfb46716edc5ccf329e6bcd336f55b72d208a01e177b7,,
31,0x1F,53,0x35,high_conf_static_A4,script_pack_A4_source_selection,unknown,1,1,A4_xx_B0,CB:D158,0,,,C8:4F34,2,normal_master,C8:5757,88,cff1dd28ce2750b354ea31635442ca88986e875b43b1a5edce01dadcd7d6e4d8,,
31,0x1F,54,0x36,high_conf_static_A4,script_pack_A4_source_selection,unknown,1,1,A4_xx_B0,CB:D15F,0,,,C8:4F34,2,normal_master,C8:579C,90,ca8185bade4da19c2152b743ddbf19ef2a9a83902d3334a81c621d77c79a6716,,
31,0x1F,55,0x37,high_conf_static_A4,script_pack_A4_source_selection,unknown,1,1,A4_xx_B0,CB:D166,0,,,C8:4F34,2,normal_master,C8:57E4,60,d373397e2211ec19586f1b33bc212d0d3bf996ae5c5dbbbb8639f0c2821d0f36,,
31,0x1F,56,0x38,high_conf_static_A4,script_pack_A4_source_selection,unknown,1,1,A4_xx_B0,CB:D16D,0,,,C8:4F34,2,normal_master,C8:5811,55,9e56118a1fdc5bde939b8873610fc87f271cb4bf9e787ab3c54f17446ff802b1,,
31,0x1F,57,0x39,high_conf_static_A4,script_pack_A4_source_selection,unknown,1,1,A4_xx_B0,CB:D174,0,,,C8:4F34,2,normal_master,C8:583C,80,961dc9ee950a07bc15f7260ef766d313d2442ed6787db94923f2bba6c3276edb,,
31,0x1F,58,0x3A,high_conf_static_A4,script_pack_A4_source_selection,unknown,1,1,A4_xx_B0,CB:D17B,0,,,C8:4F34,2,normal_master,C8:587A,59,538f57c1d5ab5889f93595e229c2d53f928c5e376ea2889b1b454243e631fcb4,,
31,0x1F,59,0x3B,high_conf_static_A4,script_pack_A4_source_selection,unknown,1,1,A4_xx_B0,CB:D182,0,,,C8:4F34,2,normal_master,C8:58A7,51,43d704191ca5c4ff28d8b9e4438caa55409701a619dc60cba4276893b57575e7,,
31,0x1F,60,0x3C,high_conf_static_A4,script_pack_A4_source_selection,unknown,1,1,A4_xx_B2_dd_A4_yy:first,CB:D18D,0,,,C8:4F34,2,normal_master,C8:58CE,51,e766be0a27203e68aba3bd206149a42be1f0f6f2590af721d3b3655ebe8da584,,
31,0x1F,61,0x3D,high_conf_static_A4,script_pack_A4_source_selection,unknown,1,1,A4_xx_B2_dd_A4_yy:second,CB:D191,0,,,C8:4F34,2,normal_master,C8:58F3,137,d48577781be916346a9423ea11000cf6e6fad1f847a0d580bbe791d9b9dccb7e,,
31,0x1F,62,0x3E,high_conf_static_A4,script_pack_A4_source_selection,unknown,1,1,A4_xx_B0,CB:D197,0,,,C8:4F34,2,normal_master,C8:594B,122,6f4f65fc2c23c9bafe560a56a409418ae12daa229aeecde45c025bbb7e9365fd,,
31,0x1F,63,0x3F,high_conf_static_A4,script_pack_A4_source_selection,unknown,1,1,A4_xx_B0,CB:D1A4,0,,,C8:4F34,2,normal_master,C8:59AC,43,9ef0ad4d2c99d7419da2a7515d7fe2d6dbbedea598e7dcaaad350b206bd2a31c,,
31,0x1F,65,0x41,high_conf_static_A4,script_pack_A4_source_selection,unknown,1,1,A4_xx_B0,CB:D1B4,0,,,C8:4F34,2,normal_master,C8:5A07,53,99111ae733f3669846a2ecb2ca84e96400a012724455bc736ce688bf7ca5df4e,,
31,0x1F,66,0x42,high_conf_static_A4,script_pack_A4_source_selection,unknown,1,1,A4_xx_B0,CB:D1BB,0,,,C8:4F34,2,normal_master,C8:5A32,59,aefe3e50dde8ebea545e70ac7af7b50346a44c5daef770ced6601638d3f83c99,,
31,0x1F,67,0x43,high_conf_static_A4,script_pack_A4_source_selection,unknown,1,1,A4_xx_B0,CB:D1C2,0,,,C8:4F34,2,normal_master,C8:5A62,78,d987b7a6501adea386c01f847163b1282ebbd880d157213bf37f69bc9ef87843,,
31,0x1F,68,0x44,high_conf_static_A4,script_pack_A4_source_selection,unknown,1,1,A4_xx_B0,CB:D1C9,0,,,C8:4F34,2,normal_master,C8:5A9E,46,c3c9e30c33b85ddb7a5f4d3066ce9be70813ef31138d427d59538bb4704cce7d,,
31,0x1F,69,0x45,high_conf_static_A4,script_pack_A4_source_selection,unknown,1,1,A4_xx_B0,CB:D1D0,0,,,C8:4F34,2,normal_master,C8:5AC1,112,6c24c945c479087f8988e1ff198dc8c6d5c5e9adf6c51b1f22281c5ce1312a69,,
31,0x1F,70,0x46,high_conf_static_A4,script_pack_A4_source_selection,unknown,1,1,A4_xx_B0,CB:D1D7,0,,,C8:4F34,2,normal_master,C8:5B18,99,2a6225732e828a65392d0d3d9a380ff263a1704cfa093a0dde7a84b5d46e84e5,,
31,0x1F,71,0x47,high_conf_static_A4,script_pack_A4_source_selection,unknown,1,1,A4_xx_B0,CB:D1E1,0,,,C8:4F34,2,normal_master,C8:5B62,92,5c6f3774f9d4e7d2d9bd18e5293db39bcb8dfcd36915413f44e04fc304f7c7d3,,
32,0x20,11,0x0B,high_conf_static_A4,script_pack_A4_source_selection,unknown,1,1,A4_xx_B2_dd_A4_yy:first,CB:D2DD,0,,,C8:51AB,2,normal_master,C8:537B,16,497728af83ed994d1b4ae268f1508543e7c14e4f5908c339a5eff30b99a55841,,
32,0x20,12,0x0C,high_conf_static_A4,script_pack_A4_source_selection,unknown,1,1,A4_xx_B2_dd_A4_yy:second,CB:D2E1,0,,,C8:51AB,2,normal_master,C8:5388,13,7cdc6cd08a941c124b1d4fea7958296a52118b79849d4c9d4dd9b745051d06d5,,
33,0x21,1,0x01,high_conf_static_A4,script_pack_A4_source_selection,unknown,1,1,A4_xx_B0,CB:D394,0,,,C8:51E3,2,normal_master,C8:51F0,18,a7c1dd0136cdee9c213fe60412bcc7f489ea5c1842a1e67d86fbb41803d6c4c1,,
34,0x22,0,0x00,high_conf_static_A4,script_pack_A4_source_selection,unknown,1,1,A4_xx_B2_dd_A4_yy:first,CB:D3E6,0,,,C8:5343,2,normal_master,C8:5344,18,3edcb3aaeeb2721019ab1549bbd320e7f389d03e3874eb851e6eb4b79289f9df,,
34,0x22,1,0x01,high_conf_static_A4,script_pack_A4_source_selection,unknown,1,1,A4_xx_B2_dd_A4_yy:second,CB:D3EA,0,,,C8:5343,2,normal_master,C8:5354,29,a5cc607eeb0f30ede0a99e1d62d402f2997eb05362ff007b8142531b005e1a49,,
35,0x23,0,0x00,high_conf_static_A4,script_pack_A4_source_selection,unknown,1,1,A4_xx_B0,CB:D492,0,,,C8:536D,2,normal_master,C8:536E,15,6cb9061a1ebf7555d962bbc93ce845926df5e8aa375407513ede3e31f36b1b8e,,
37,0x25,0,0x00,high_conf_static_A4,script_pack_A4_source_selection,unknown,1,1,A4_xx_B2_dd_A4_yy:first,CB:D525,0,,,C8:54C6,2,normal_master,C8:54C7,7,6c459cd7030c40b57d59c1435f7cf34c56510ee5b3458d3a427a4c44161d74dc,,
37,0x25,1,0x01,high_conf_static_A4,script_pack_A4_source_selection,unknown,1,1,A4_xx_B2_dd_A4_yy:second,CB:D529,0,,,C8:54C6,2,normal_master,C8:54CD,8,563ca1ecb6afc9e90940ef11a68eebf62d9d6397122f9e20bfd694fddc06b4df,,
37,0x25,3,0x03,high_conf_static_A4,script_pack_A4_source_selection,unknown,1,1,A4_xx_B2_dd_A4_yy:first,CB:D556,0,,,C8:54C6,2,normal_master,C8:54DA,6,8ad031d471c2cfe046f524ce3f2080117c7ba0ecae4f0ef3208af86045f22211,,
37,0x25,4,0x04,high_conf_static_A4,script_pack_A4_source_selection,unknown,1,1,A4_xx_B2_dd_A4_yy:second,CB:D55A,0,,,C8:54C6,2,normal_master,C8:54DF,5,dc7196ce74ce643f9f9b1af95823653de70e48e4e8ac4a8657b862359c344a50,,
38,0x26,0,0x00,high_conf_static_A4,script_pack_A4_source_selection,unknown,1,1,A4_xx_B2_dd_A4_yy:first,CB:D602,0,,,C8:561A,2,normal_master,C8:561B,22,ffce71faa5c3cf3f8ea519cdb58adfd9be64d03908598ba738345a84747a9068,,
38,0x26,1,0x01,high_conf_static_A4,script_pack_A4_source_selection,unknown,1,1,A4_xx_B2_dd_A4_yy:second,CB:D606,0,,,C8:561A,2,normal_master,C8:562E,41,9ebc341e0220fc3d5952f8883b51644b751d7c2db826ac712d2abc8974c8d9bd,,
38,0x26,3,0x03,high_conf_static_A4,script_pack_A4_source_selection,unknown,1,1,A4_xx_B2_dd_A4_yy:first,CB:D62D,0,,,C8:561A,2,normal_master,C8:56A0,40,7660a4977b526bda7e63f6443d9aa0268f95497ecc1d1a9c29c1f651499ca521,,
38,0x26,4,0x04,high_conf_static_A4,script_pack_A4_source_selection,unknown,1,1,A4_xx_B2_dd_A4_yy:second,CB:D631,0,,,C8:561A,2,normal_master,C8:56BE,97,f70132047a5c963e83b1f3aaecb31805b4742ecfc63d8a58ed1449c20e3c43f5,,
39,0x27,0,0x00,high_conf_static_A4,script_pack_A4_source_selection,unknown,1,1,A4_xx_B0,CB:D6B7,0,,,C8:5651,0,normal_master,C8:5652,1,6e340b9cffb37a989ca544e6bb780a2c78901d3fb33738768511a30617afa01d,,
42,0x2A,3,0x03,high_conf_static_A4,script_pack_A4_source_selection,unknown,1,1,A4_xx_B2_dd_A4_yy:first,CB:D800,0,,,C8:5C97,0,normal_master,C8:5F4F,406,cd3b857f84505d41f324ae56f4d1e6b48719c72b4309d756ed3f9a080a3680ea,,
42,0x2A,4,0x04,high_conf_static_A4,script_pack_A4_source_selection,unknown,2,1,A4_xx_B0;A4_xx_B2_dd_A4_yy:second,CB:D804,0,,,C8:5C97,0,normal_master,C8:60E5,57,20c9bc22608cdcd46496d6b929d98bfb35d0a0112bca84206b780e30e8925dcd,,
42,0x2A,5,0x05,high_conf_static_A4,script_pack_A4_source_selection,unknown,1,1,A4_xx_B2_dd_A4_yy:first,CB:D821,0,,,C8:5C97,0,normal_master,C8:611E,41,20b316a8a3959316a3c59c6598af4cfb451eba66e21c362991ea96b56fcd5b96,,
42,0x2A,6,0x06,high_conf_static_A4,script_pack_A4_source_selection,unknown,2,1,A4_xx_B2_dd_A4_yy:first;A4_xx_B2_dd_A4_yy:second,CB:D825,0,,,C8:5C97,0,normal_master,C8:6147,1,6e340b9cffb37a989ca544e6bb780a2c78901d3fb33738768511a30617afa01d,,
42,0x2A,7,0x07,high_conf_static_A4,script_pack_A4_source_selection,unknown,2,1,A4_xx_B0;A4_xx_B2_dd_A4_yy:second,CB:D829,0,,,C8:5C97,0,normal_master,C8:6148,4,7612ab8115a0871889210bfd7e5c7eb9dca3605111dcb0c8b652d6af4b112e00,,
42,0x2A,8,0x08,high_conf_static_A4,script_pack_A4_source_selection,unknown,1,1,A4_xx_B2_dd_A4_yy:first,CB:D853,0,,,C8:5C97,0,normal_master,C8:614C,2,707bf0b938f307b5c222e670598b865d5e1f8a8003df82c7abbf7c9f8fa4d720,,
42,0x2A,9,0x09,high_conf_static_A4,script_pack_A4_source_selection,unknown,1,1,A4_xx_B2_dd_A4_yy:second,CB:D857,0,,,C8:5C97,0,normal_master,C8:614E,36,652bdd20d632a5aa3fdbf4de1c111bd8e87b266bf24e366fbb2d0be4616c250c,,
42,0x2A,11,0x0B,high_conf_static_A4,script_pack_A4_source_selection,unknown,1,1,A4_xx_B0,CB:D869,0,,,C8:5C97,0,normal_master,C8:61AF,1,6e340b9cffb37a989ca544e6bb780a2c78901d3fb33738768511a30617afa01d,,
42,0x2A,12,0x0C,high_conf_static_A4,script_pack_A4_source_selection,unknown,1,1,A4_xx_B2_dd_A4_yy:first,CB:D882,0,,,C8:5C97,0,normal_master,C8:61B0,1,6e340b9cffb37a989ca544e6bb780a2c78901d3fb33738768511a30617afa01d,,
42,0x2A,13,0x0D,high_conf_static_A4,script_pack_A4_source_selection,unknown,2,1,A4_xx_B0;A4_xx_B2_dd_A4_yy:second,CB:D886,0,,,C8:5C97,0,normal_master,C8:61B1,4,6689111d7c94211b72144522baff0d9a9b1ea910327597e12e08314d559d6f13,,
42,0x2A,14,0x0E,high_conf_static_A4,script_pack_A4_source_selection,unknown,1,1,A4_xx_B0,CB:D89B,0,,,C8:5C97,0,normal_master,C8:61B5,1,6e340b9cffb37a989ca544e6bb780a2c78901d3fb33738768511a30617afa01d,,
42,0x2A,15,0x0F,high_conf_static_A4,script_pack_A4_source_selection,unknown,1,1,A4_xx_B0,CB:D8B0,0,,,C8:5C97,0,normal_master,C8:61B6,1,6e340b9cffb37a989ca544e6bb780a2c78901d3fb33738768511a30617afa01d,,
42,0x2A,16,0x10,high_conf_static_A4,script_pack_A4_source_selection,unknown,1,1,A4_xx_B2_dd_A4_yy:first,CB:D8CE,0,,,C8:5C97,0,normal_master,C8:61B7,3,76bd07984ad93360d44086daa24f69ae8e2feb95c4c7f3db1798e3c71ac02338,,
42,0x2A,17,0x11,high_conf_static_A4,script_pack_A4_source_selection,unknown,1,1,A4_xx_B2_dd_A4_yy:second,CB:D8D2,0,,,C8:5C97,0,normal_master,C8:61BA,599,e25d0c7005b117e5aaef03b10f6473c693a67d4accf008180c99c54b60643cfa,,
42,0x2A,19,0x13,high_conf_static_A4,script_pack_A4_source_selection,unknown,1,1,A4_xx_B0,CB:D8E4,0,,,C8:5C97,0,normal_master,C8:6495,239,0fdc963e0e011497f5d9906364a34c5216cd126ec60a14c932d96bfd278742e2,,
42,0x2A,20,0x14,high_conf_static_A4,script_pack_A4_source_selection,unknown,1,1,A4_xx_B2_dd_A4_yy:first,CB:D900,0,,,C8:5C97,0,normal_master,C8:6584,223,83b2231f3bd9f27802f567538f425bfb67b6e4d7917770d1b6a4a1ade31d15aa,,
42,0x2A,21,0x15,high_conf_static_A4,script_pack_A4_source_selection,unknown,2,1,A4_xx_B0;A4_xx_B2_dd_A4_yy:second,CB:D904,0,,,C8:5C97,0,normal_master,C8:6663,97,c464474c1fae1e826c417e0595038cd1a4b528154210941d8aa32ec145def3e6,,
42,0x2A,22,0x16,high_conf_static_A4,script_pack_A4_source_selection,unknown,1,1,A4_xx_B0,CB:D91C,0,,,C8:5C97,0,normal_master,C8:66C4,1,6e340b9cffb37a989ca544e6bb780a2c78901d3fb33738768511a30617afa01d,,
42,0x2A,24,0x18,high_conf_static_A4,script_pack_A4_source_selection,unknown,1,1,A4_xx_B2_dd_A4_yy:first,CB:D937,0,,,C8:5C97,0,normal_master,C8:6C57,148,38d6401455a20f580f5f6eb81b10c04a15a3b9acd1a4d44edec755739839aabe,,
42,0x2A,25,0x19,high_conf_static_A4,script_pack_A4_source_selection,unknown,2,1,A4_xx_B0;A4_xx_B2_dd_A4_yy:second,CB:D93B,0,,,C8:5C97,0,normal_master,C8:6CEB,349,f353fcbbea07781b02fcf9e20eba60ff651c259e07d630886a242031120da701,,
42,0x2A,26,0x1A,high_conf_static_A4,script_pack_A4_source_selection,unknown,1,1,A4_xx_B0,CB:D950,0,,,C8:5C97,0,normal_master,C8:6E48,268,ca214f21502146baae09f9ef59a7a243a85de1b7c73635c9a88835de39d4842a,,
44,0x2C,11,0x0B,high_conf_static_A4,script_pack_A4_source_selection,unknown,1,1,A4_xx_B2_dd_A4_yy:first,CB:DB43,0,,,C8:6410,0,normal_master,C8:6F56,1,6e340b9cffb37a989ca544e6bb780a2c78901d3fb33738768511a30617afa01d,,
44,0x2C,12,0x0C,high_conf_static_A4,script_pack_A4_source_selection,unknown,2,1,A4_xx_B0;A4_xx_B2_dd_A4_yy:second,CB:DB47,0,,,C8:6410,0,normal_master,C8:6F57,1,6e340b9cffb37a989ca544e6bb780a2c78901d3fb33738768511a30617afa01d,,
44,0x2C,13,0x0D,high_conf_static_A4,script_pack_A4_source_selection,unknown,1,1,A4_xx_B2_dd_A4_yy:first,CB:DB65,0,,,C8:6410,0,normal_master,C8:6F58,1,6e340b9cffb37a989ca544e6bb780a2c78901d3fb33738768511a30617afa01d,,
44,0x2C,14,0x0E,high_conf_static_A4,script_pack_A4_source_selection,unknown,2,1,A4_xx_B0;A4_xx_B2_dd_A4_yy:second,CB:DB69,0,,,C8:6410,0,normal_master,C8:6F59,1,6e340b9cffb37a989ca544e6bb780a2c78901d3fb33738768511a30617afa01d,,
44,0x2C,15,0x0F,high_conf_static_A4,script_pack_A4_source_selection,unknown,1,1,A4_xx_B2_dd_A4_yy:first,CB:DB82,0,,,C8:6410,0,normal_master,C8:6F5A,1,6e340b9cffb37a989ca544e6bb780a2c78901d3fb33738768511a30617afa01d,,
44,0x2C,16,0x10,high_conf_static_A4,script_pack_A4_source_selection,unknown,2,1,A4_xx_B0;A4_xx_B2_dd_A4_yy:second,CB:DB86,0,,,C8:6410,0,normal_master,C8:6F5B,1,6e340b9cffb37a989ca544e6bb780a2c78901d3fb33738768511a30617afa01d,,
44,0x2C,21,0x15,high_conf_static_A4,script_pack_A4_source_selection,unknown,1,1,A4_xx_B2_dd_A4_yy:first,CB:DBE7,0,,,C8:6410,0,normal_master,C8:7234,174,24d882c85e429848e489825543ba1b83c25b3e98776c72924ae012e25a5d5eeb,,
44,0x2C,22,0x16,high_conf_static_A4,script_pack_A4_source_selection,unknown,2,1,A4_xx_B2_dd_A4_yy:first;A4_xx_B2_dd_A4_yy:second,CB:DBEB,0,,,C8:6410,0,normal_master,C8:72E2,422,8feca2e48d4be47fcf5de3b79ba924661ea0960f9cdc5f57126154a388fdac7c,,
44,0x2C,23,0x17,high_conf_static_A4,script_pack_A4_source_selection,unknown,2,1,A4_xx_B0;A4_xx_B2_dd_A4_yy:second,CB:DBEF,0,,,C8:6410,0,normal_master,C8:7488,107,0e08b537b4d7eeb0a20234c1ee355b54dd8a1be0a28d3095d5df9931be69045e,,
44,0x2C,24,0x18,high_conf_static_A4,script_pack_A4_source_selection,unknown,1,1,A4_xx_B2_dd_A4_yy:first,CB:DC0C,0,,,C8:6410,0,normal_master,C8:74F3,104,b0e4313859875f8ecdb2943d5c30d50258f8bf88c4972216b1cbbf334ab8a6cc,,
44,0x2C,25,0x19,high_conf_static_A4,script_pack_A4_source_selection,unknown,1,1,A4_xx_B2_dd_A4_yy:second,CB:DC10,0,,,C8:6410,0,normal_master,C8:755B,109,2d93e09252d9aacfc94d96a5c68b6f74ef3bc6c960243943e1e282207d19362b,,
44,0x2C,27,0x1B,high_conf_static_A4,script_pack_A4_source_selection,unknown,1,1,A4_xx_B0,CB:DC22,0,,,C8:6410,0,normal_master,C8:7665,1234,d4a970b0c8646de4a8ccc093710e937fcf4ebdbdb6be219fa7ea33fb8b8f885d,,
44,0x2C,28,0x1C,high_conf_static_A4,script_pack_A4_source_selection,unknown,1,1,A4_xx_B2_dd_A4_yy:first,CB:DC42,0,,,C8:6410,0,normal_master,C8:7B37,89,ffaacc0a604aaef8d5a780ef0707b81128bcbcc30f76f9e8c5d4a5319e711949,,
44,0x2C,29,0x1D,high_conf_static_A4,script_pack_A4_source_selection,unknown,2,1,A4_xx_B0;A4_xx_B2_dd_A4_yy:second,CB:DC46,0,,,C8:6410,0,normal_master,C8:7B90,101,78ab900b9d9694376278c0027ab0ee3650cc364a5808d8bd8f4b822bdd1090dc,,
44,0x2C,30,0x1E,high_conf_static_A4,script_pack_A4_source_selection,unknown,1,1,A4_xx_B2_dd_A4_yy:first,CB:DC5F,0,,,C8:6410,0,normal_master,C8:7BF5,31,e4587592d62601089a7c4eb17dd2a13ff8be9b2ae82f5d91df8c1fceb3496f4d,,
44,0x2C,31,0x1F,high_conf_static_A4,script_pack_A4_source_selection,unknown,2,1,A4_xx_B0;A4_xx_B2_dd_A4_yy:second,CB:DC63,0,,,C8:6410,0,normal_master,C8:7C14,17,62de621148776d0eb3e3131d05725fbb31cad17eebade489e41d6cf3f2fa6b10,,
44,0x2C,32,0x20,high_conf_static_A4,script_pack_A4_source_selection,unknown,1,1,A4_xx_B2_dd_A4_yy:first,CB:DC7C,0,,,C8:6410,0,normal_master,C8:7C25,14,46fbd5a8ca87ee3b15c673c0e62f290ec0f47ea15705945c86b6ac3db70c8de4,,
44,0x2C,33,0x21,high_conf_static_A4,script_pack_A4_source_selection,unknown,2,1,A4_xx_B0;A4_xx_B2_dd_A4_yy:second,CB:DC80,0,,,C8:6410,0,normal_master,C8:7C33,7,83ff70ff01477ffd53e9a18a7289a95612d436e3daa79000220fef3475e67781,,
44,0x2C,34,0x22,high_conf_static_A4,script_pack_A4_source_selection,unknown,1,1,A4_xx_B0,CB:DC9A,0,,,C8:6410,0,normal_master,C8:7C3A,16,0ff5c902def8e1ce441542ed4bae3482d7797502a465db92cff752b10ffb2912,,
44,0x2C,35,0x23,high_conf_static_A4,script_pack_A4_source_selection,unknown,1,1,A4_xx_B0,CB:DCB4,0,,,C8:6410,0,normal_master,C8:7C4A,10,8c289249d4db7f0e99c927dcc9ebe051ec379e1e8fd031a324cab18013c4bc6f,,
44,0x2C,36,0x24,high_conf_static_A4,script_pack_A4_source_selection,unknown,1,1,A4_xx_B0,CB:DCCE,0,,,C8:6410,0,normal_master,C8:7C54,18,b8599496ccef14180d331041f1a3790b460ac881ab3faf21252d7d14fccefb69,,
44,0x2C,37,0x25,high_conf_static_A4,script_pack_A4_source_selection,unknown,1,1,A4_xx_B2_dd_A4_yy:first,CB:DCE7,0,,,C8:6410,0,normal_master,C8:7C66,8,2bf66f5890b49ed3c54c462ae4b42ff4d5f1eb7683325983c27283f27cb7b49a,,
44,0x2C,38,0x26,high_conf_static_A4,script_pack_A4_source_selection,unknown,2,1,A4_xx_B0;A4_xx_B2_dd_A4_yy:second,CB:DCEB,0,,,C8:6410,0,normal_master,C8:7C6E,81,33602c499c977024b9f69acf9676003d7586c14e3625f5ca4dcce9b1f57547ba,,
44,0x2C,39,0x27,high_conf_static_A4,script_pack_A4_source_selection,unknown,1,1,A4_xx_B0,CB:DD00,0,,,C8:6410,0,normal_master,C8:7CBF,9,c0df3584c14fcb104d18b260a2f743fc3089adb7d1fa643855b429ae37b63752,,
44,0x2C,40,0x28,high_conf_static_A4,script_pack_A4_source_selection,unknown,1,1,A4_xx_B0,CB:DD15,0,,,C8:6410,0,normal_master,C8:7CC8,11,5353e6ce9f30f3609d358e7afd33fe96068222452eca2a623fbf6dfaccd4add9,,
44,0x2C,41,0x29,high_conf_static_A4,script_pack_A4_source_selection,unknown,1,1,A4_xx_B0,CB:DD2A,0,,,C8:6410,0,normal_master,C8:7CD3,11,1a17e961a53db37f8b246948132559fcbd89de3b72631a6e6b2de22d5b2b08db,,
46,0x2E,6,0x06,high_conf_static_A4,script_pack_A4_source_selection,unknown,1,1,A4_xx_B0,CB:DF13,0,,,C8:6662,0,normal_master,C8:6F54,1,6e340b9cffb37a989ca544e6bb780a2c78901d3fb33738768511a30617afa01d,,
46,0x2E,7,0x07,high_conf_static_A4,script_pack_A4_source_selection,unknown,1,1,A4_xx_B2_dd_A4_yy:first,CB:DF30,0,,,C8:6662,0,normal_master,C8:6F55,1,6e340b9cffb37a989ca544e6bb780a2c78901d3fb33738768511a30617afa01d,,
46,0x2E,8,0x08,high_conf_static_A4,script_pack_A4_source_selection,unknown,1,1,A4_xx_B2_dd_A4_yy:second,CB:DF34,0,,,C8:6662,0,normal_master,C8:6F56,1,6e340b9cffb37a989ca544e6bb780a2c78901d3fb33738768511a30617afa01d,,
46,0x2E,10,0x0A,high_conf_static_A4,script_pack_A4_source_selection,unknown,1,1,A4_xx_B0,CB:DF46,0,,,C8:6662,0,normal_master,C8:6F58,1,6e340b9cffb37a989ca544e6bb780a2c78901d3fb33738768511a30617afa01d,,
50,0x32,11,0x0B,high_conf_static_A4,script_pack_A4_source_selection,unknown,1,1,A4_xx_B0,CB:E234,0,,,C8:6A12,2,normal_master,C8:6C51,8,af0e3aa06508869e469a9807943b6e9dce1c6520e6a671394fe335dfdb6db907,,
51,0x33,0,0x00,high_conf_static_A4,script_pack_A4_source_selection,unknown,1,1,A4_xx_B2_dd_A4_yy:first,CB:E2C5,0,,,C8:6C51,2,normal_master,C8:6C52,75,2381f4702df8a4625ab470c68f3d52e68a0116aa2767cf77ee4a10bae7003b06,,
51,0x33,1,0x01,high_conf_static_A4,script_pack_A4_source_selection,unknown,2,1,A4_xx_B0;A4_xx_B2_dd_A4_yy:second,CB:E2C9,0,,,C8:6C51,2,normal_master,C8:6C8F,71,4d3a0462fe004359eeec4191910852c6dcf3a9062b0a1d44a58c7d46307cfa61,,
51,0x33,4,0x04,high_conf_static_A4,script_pack_A4_source_selection,unknown,1,1,A4_xx_B0,CB:E2F4,0,,,C8:6C51,2,normal_master,C8:6D3C,99,b766a3821068c0e6ed9ecaa4ed4d3a7ff108920c4501da0d4e416d994861a6db,,
51,0x33,5,0x05,high_conf_static_A4,script_pack_A4_source_selection,unknown,1,1,A4_xx_B2_dd_A4_yy:first,CB:E30D,0,,,C8:6C51,2,normal_master,C8:6D88,98,07138d1474d7046c6c6cb3154b34bf86e78c51c0a2498eee449f7508845e90ce,,
51,0x33,6,0x06,high_conf_static_A4,script_pack_A4_source_selection,unknown,2,1,A4_xx_B0;A4_xx_B2_dd_A4_yy:second,CB:E311,0,,,C8:6C51,2,normal_master,C8:6DD3,60,0e5f7c7f8655b35c3c3d566790831ebbb36c020d526992aa7f3a03b947007541,,
51,0x33,7,0x07,high_conf_static_A4,script_pack_A4_source_selection,unknown,1,1,A4_xx_B0,CB:E326,0,,,C8:6C51,2,normal_master,C8:6E02,44,575fcf9bd485d1ba1f84620700d74dd9b6f6b2c2694175df919fafc164eeba1b,,
51,0x33,8,0x08,high_conf_static_A4,script_pack_A4_source_selection,unknown,1,1,A4_xx_B0,CB:E33E,0,,,C8:6C51,2,normal_master,C8:6E23,83,60ca6b49d979e7bf77d1451d6012ab994bed835ee89ed0d2f6adac00e1e13e62,,
51,0x33,9,0x09,high_conf_static_A4,script_pack_A4_source_selection,unknown,1,1,A4_xx_B0,CB:E356,0,,,C8:6C51,2,normal_master,C8:6E63,62,b32699b5df8730d454e89900f0d115614009353cc1bb9d56e7251b6cdeb87225,,
51,0x33,10,0x0A,high_conf_static_A4,script_pack_A4_source_selection,unknown,1,1,A4_xx_B0,CB:E36E,0,,,C8:6C51,2,normal_master,C8:6E93,38,e7652c2f76e736506f17e8eabc7bef65323ff68ecd923d65200cd585c36fc1b8,,
52,0x34,0,0x00,high_conf_static_A4,script_pack_A4_source_selection,unknown,1,1,A4_xx_B0,CB:E3DE,0,,,C8:6F54,0,normal_master,C8:6F55,1,6e340b9cffb37a989ca544e6bb780a2c78901d3fb33738768511a30617afa01d,,
52,0x34,1,0x01,high_conf_static_A4,script_pack_A4_source_selection,unknown,1,1,A4_xx_B0,CB:E3F3,0,,,C8:6F54,0,normal_master,C8:6F56,1,6e340b9cffb37a989ca544e6bb780a2c78901d3fb33738768511a30617afa01d,,
52,0x34,2,0x02,high_conf_static_A4,script_pack_A4_source_selection,unknown,1,1,A4_xx_B0,CB:E408,0,,,C8:6F54,0,normal_master,C8:6F57,1,6e340b9cffb37a989ca544e6bb780a2c78901d3fb33738768511a30617afa01d,,
52,0x34,4,0x04,high_conf_static_A4,script_pack_A4_source_selection,unknown,1,1,A4_xx_B2_dd_A4_yy:first,CB:E42A,0,,,C8:6F54,0,normal_master,C8:6F59,1,6e340b9cffb37a989ca544e6bb780a2c78901d3fb33738768511a30617afa01d,,
52,0x34,5,0x05,high_conf_static_A4,script_pack_A4_source_selection,unknown,2,1,A4_xx_B0;A4_xx_B2_dd_A4_yy:second,CB:E42E,0,,,C8:6F54,0,normal_master,C8:6F5A,1,6e340b9cffb37a989ca544e6bb780a2c78901d3fb33738768511a30617afa01d,,
52,0x34,6,0x06,high_conf_static_A4,script_pack_A4_source_selection,unknown,1,1,A4_xx_B0,CB:E443,0,,,C8:6F54,0,normal_master,C8:6F5B,1,6e340b9cffb37a989ca544e6bb780a2c78901d3fb33738768511a30617afa01d,,
52,0x34,7,0x07,high_conf_static_A4,script_pack_A4_source_selection,unknown,1,1,A4_xx_B0,CB:E458,0,,,C8:6F54,0,normal_master,C8:6F5C,239,cd62767de30c0f7b82d5c23b9d7cc47e2e679fc6bbd23a6108efea5642efb62e,,
52,0x34,8,0x08,high_conf_static_A4,script_pack_A4_source_selection,unknown,1,1,A4_xx_B2_dd_A4_yy:first,CB:E475,0,,,C8:6F54,0,normal_master,C8:704B,221,1ddeef4b8a4dbfded517eaf67e3bae719783bb3418b0c9ce0c40995881344fbb,,
52,0x34,9,0x09,high_conf_static_A4,script_pack_A4_source_selection,unknown,2,1,A4_xx_B2_dd_A4_yy:first;A4_xx_B2_dd_A4_yy:second,CB:E479,0,,,C8:6F54,0,normal_master,C8:7128,81,d10a6f874a6be4123d024d12365fdeca73240835c8bf463d34eb3abd32ef0155,,
52,0x34,10,0x0A,high_conf_static_A4,script_pack_A4_source_selection,unknown,2,1,A4_xx_B0;A4_xx_B2_dd_A4_yy:second,CB:E47D,0,,,C8:6F54,0,normal_master,C8:7179,187,f7e0c98374b5b63591f3536ae1dad41630326f1aa1bbc56c506463d78a9f3054,,
52,0x34,11,0x0B,high_conf_static_A4,script_pack_A4_source_selection,unknown,1,1,A4_xx_B0,CB:E495,0,,,C8:6F54,0,normal_master,C8:7234,174,24d882c85e429848e489825543ba1b83c25b3e98776c72924ae012e25a5d5eeb,,
52,0x34,12,0x0C,high_conf_static_A4,script_pack_A4_source_selection,unknown,1,1,A4_xx_B0,CB:E4AD,0,,,C8:6F54,0,normal_master,C8:72E2,422,8feca2e48d4be47fcf5de3b79ba924661ea0960f9cdc5f57126154a388fdac7c,,
61,0x3D,0,0x00,high_conf_static_A4,script_pack_A4_source_selection,unknown,1,1,A4_xx_B0,CB:EAA7,0,,,C8:7000,2,normal_master,C8:7001,51,d1c0ccd3fc9f12f00973c5e592c153bd2b7a637a0232be62900d42ae79d1fb63,,
61,0x3D,1,0x01,high_conf_static_A4,script_pack_A4_source_selection,unknown,1,1,A4_xx_B0,CB:EABC,0,,,C8:7000,2,normal_master,C8:7029,17,aa91315054f74ee8343bcf5eba708de63c557fdb22af5240faeea8b31c2b0c9b,,
61,0x3D,2,0x02,high_conf_static_A4,script_pack_A4_source_selection,unknown,1,1,A4_xx_B0,CB:EAD1,0,,,C8:7000,2,normal_master,C8:7035,13,f106d41389aa5b578794ca9863a56db21700d1414e512b4c5533f42aae69d2fe,,
62,0x3E,1,0x01,high_conf_static_A4,script_pack_A4_source_selection,unknown,1,1,A4_xx_B2_dd_A4_yy:first,CB:EB4F,0,,,C8:704B,2,normal_master,C8:7097,47,af84448fe23ed30ff14725b72fd290db16f5175edd735e87fc7bbb5a6bac2956,,
62,0x3E,2,0x02,high_conf_static_A4,script_pack_A4_source_selection,unknown,1,1,A4_xx_B2_dd_A4_yy:second,CB:EB53,0,,,C8:704B,2,normal_master,C8:70BA,47,28031353404b0161b5748ea54c6b218f83a300b441fd25fe90ce8ff2546be9f9,,
62,0x3E,3,0x03,high_conf_static_A4,script_pack_A4_source_selection,unknown,1,1,A4_xx_B0,CB:EB5B,0,,,C8:704B,2,normal_master,C8:70DE,36,5755b5447e27b4bc31cccc7b910f6c03159d8307d691e760d8af45d561a0c4f3,,
63,0x3F,1,0x01,high_conf_static_A4,script_pack_A4_source_selection,unknown,1,1,A4_xx_B2_dd_A4_yy:first,CB:EBE3,0,,,C8:7A27,2,normal_master,C8:7A4B,24,f0906b178d361d537ba86fc5e6b6fd8c0a1e858ec72f3478df474d4a0d57279a,,
63,0x3F,2,0x02,high_conf_static_A4,script_pack_A4_source_selection,unknown,2,1,A4_xx_B2_dd_A4_yy:first;A4_xx_B2_dd_A4_yy:second,CB:EBE7,0,,,C8:7A27,2,normal_master,C8:7A5C,39,2428b3218a274142aac13c2fd8b7c3d302e4e938ec593dff1ff52c786dd2d5c6,,
63,0x3F,3,0x03,high_conf_static_A4,script_pack_A4_source_selection,unknown,2,1,A4_xx_B0;A4_xx_B2_dd_A4_yy:second,CB:EBEB,0,,,C8:7A27,2,normal_master,C8:7A7B,46,b77d9aacd8c00ba837b084b97e4ab9c5badc300244b8e4b4f741d2dbe98b71c4,,
63,0x3F,5,0x05,high_conf_static_A4,script_pack_A4_source_selection,unknown,1,1,A4_xx_B2_dd_A4_yy:first,CB:EC10,0,,,C8:7A27,2,normal_master,C8:7AB5,43,0ad62ebf2ea455d38db0b76c6ae89e7c56a7fbeb98b6e31491ac0eebc36644ba,,
63,0x3F,6,0x06,high_conf_static_A4,script_pack_A4_source_selection,unknown,2,1,A4_xx_B2_dd_A4_yy:first;A4_xx_B2_dd_A4_yy:second,CB:EC14,0,,,C8:7A27,2,normal_master,C8:7AD5,22,d40424d968aba9199fb41a50e2fb709b9f2e69085e1ffd9202ea61ee623901d8,,
63,0x3F,7,0x07,high_conf_static_A4,script_pack_A4_source_selection,unknown,2,1,A4_xx_B0;A4_xx_B2_dd_A4_yy:second,CB:EC18,0,,,C8:7A27,2,normal_master,C8:7AE5,23,4ca571718637fa2093431bb4330f2787d95254a720eb4e8b252cb3d4166e6ec9,,
63,0x3F,9,0x09,high_conf_static_A4,script_pack_A4_source_selection,unknown,1,1,A4_xx_B2_dd_A4_yy:first,CB:EC3D,0,,,C8:7A27,2,normal_master,C8:7B00,20,271f768ae14ae2ca35555950a8530b8d3e39161fde4a1bc6b1a7f0515d3a1580,,
63,0x3F,10,0x0A,high_conf_static_A4,script_pack_A4_source_selection,unknown,2,1,A4_xx_B2_dd_A4_yy:first;A4_xx_B2_dd_A4_yy:second,CB:EC41,0,,,C8:7A27,2,normal_master,C8:7B0F,16,96cb40472763ed31257293200c25a6bd5c8cdb2bd2555be83a253b066b0966f4,,
63,0x3F,11,0x0B,high_conf_static_A4,script_pack_A4_source_selection,unknown,2,1,A4_xx_B0;A4_xx_B2_dd_A4_yy:second,CB:EC45,0,,,C8:7A27,2,normal_master,C8:7B1C,21,c8fec291a1dbd180bdf7d1302ded0906af7c816166b58c442812ce7ab3a53a39,,
63,0x3F,14,0x0E,high_conf_static_A4,script_pack_A4_source_selection,unknown,1,1,A4_xx_B2_dd_A4_yy:first,CB:EC78,0,,,C8:7A27,2,normal_master,C8:7BF5,18,e463f12acd7b828189e075ed56ee2d61204bc24ba6cba2e218514a083026287f,,
63,0x3F,15,0x0F,high_conf_static_A4,script_pack_A4_source_selection,unknown,2,1,A4_xx_B2_dd_A4_yy:first;A4_xx_B2_dd_A4_yy:second,CB:EC7C,0,,,C8:7A27,2,normal_master,C8:7C01,239,0b16c3ac574c43f1ef0a3e424076e9a3d7c57d309795e5783f3a2132da3d8512,,
63,0x3F,16,0x10,high_conf_static_A4,script_pack_A4_source_selection,unknown,2,1,A4_xx_B0;A4_xx_B2_dd_A4_yy:second,CB:EC80,0,,,C8:7A27,2,normal_master,C8:7CB2,38,826d4766a02a849d22d665f3e4e50ac89f2394fedd97cc12a2d8b055a193eea7,,
63,0x3F,18,0x12,high_conf_static_A4,script_pack_A4_source_selection,unknown,1,1,A4_xx_B2_dd_A4_yy:first,CB:ECA5,0,,,C8:7A27,2,normal_master,C8:7CD3,51,3efb2d84d19c1fd3cd2568bdd4bcc3ec3bdad629f0e7cd56d89cf1adf93faf02,,
63,0x3F,19,0x13,high_conf_static_A4,script_pack_A4_source_selection,unknown,2,1,A4_xx_B2_dd_A4_yy:first;A4_xx_B2_dd_A4_yy:second,CB:ECA9,0,,,C8:7A27,2,normal_master,C8:7CF5,3,f22840cf3efb7d9a1ba37129c40a52eacab7496fcaee8df23f32594db6bff3db,,
63,0x3F,20,0x14,high_conf_static_A4,script_pack_A4_source_selection,unknown,2,1,A4_xx_B0;A4_xx_B2_dd_A4_yy:second,CB:ECAD,0,,,C8:7A27,2,normal_master,C8:7CF6,87,48936f45d4d3c9e5ebb385431ceccd2528835f07de07c59a32b43cc74f41913f,,
63,0x3F,22,0x16,high_conf_static_A4,script_pack_A4_source_selection,unknown,1,1,A4_xx_B2_dd_A4_yy:first,CB:ECD2,0,,,C8:7A27,2,normal_master,C8:7D4A,72,fda917c918b28ed13f7b5fd6f174607f29965c92aa3d67f842a3eb454e502fa8,,
63,0x3F,23,0x17,high_conf_static_A4,script_pack_A4_source_selection,unknown,2,1,A4_xx_B2_dd_A4_yy:first;A4_xx_B2_dd_A4_yy:second,CB:ECD6,0,,,C8:7A27,2,normal_master,C8:7D7C,48,85b2dce92ef6213b155494bc1bb871f0bff6b6c42f8bd710df367163c5db2901,,
63,0x3F,24,0x18,high_conf_static_A4,script_pack_A4_source_selection,unknown,2,1,A4_xx_B0;A4_xx_B2_dd_A4_yy:second,CB:ECDA,0,,,C8:7A27,2,normal_master,C8:7D9F,48,91f9aacf947d73e6f5fe5ad1a93edb34d91c275f7af73147d11c7c753c53544a,,
63,0x3F,28,0x1C,high_conf_static_A4,script_pack_A4_source_selection,unknown,1,1,A4_xx_B2_dd_A4_yy:first,CB:EDC2,0,,,C8:7A27,2,normal_master,C8:7DE3,159,d8665b9f35b8cc679a1cb0fea95ac0dbdcb99e2be7f099c0822aadc9312e7f1f,,
63,0x3F,29,0x1D,high_conf_static_A4,script_pack_A4_source_selection,unknown,1,1,A4_xx_B2_dd_A4_yy:second,CB:EDC6,0,,,C8:7A27,2,normal_master,C8:7E57,35,6ae0bf7f1edf742bc6a3955bd10ab9fd8e51e04662e2d4966c64ebac2fb7f5bf,,
63,0x3F,33,0x21,high_conf_static_A4,script_pack_A4_source_selection,unknown,1,1,A4_xx_B0,CB:EDEA,0,,,C8:7A27,2,normal_master,C8:7EEB,15,d4cf0fa604d487e50da5b562c47ec9bbe05ff4d515bc5f024d0520598a3305d1,,
63,0x3F,43,0x2B,high_conf_static_A4,script_pack_A4_source_selection,unknown,1,1,A4_xx_B0,CB:EECE,0,,,C8:7A27,2,normal_master,C8:8063,6,3a8530e3d787f13a9de28d80d140a059abbaec7ab3937c67474ea9c2c8c53b31,,
63,0x3F,46,0x2E,high_conf_static_A4,script_pack_A4_source_selection,unknown,1,1,A4_xx_B2_dd_A4_yy:first,CB:EF58,0,,,C8:7A27,2,normal_master,C8:808D,4,805082d8053f3a222f52ca735af9470bdd39e33abcfd06e1370667c9f76323f1,,
63,0x3F,47,0x2F,high_conf_static_A4,script_pack_A4_source_selection,unknown,1,1,A4_xx_B2_dd_A4_yy:second,CB:EF5C,0,,,C8:7A27,2,normal_master,C8:8090,29,4db5629401e35b7c24c375ddc6d19e98609eb71145378cf2605dae844bf400b5,,
64,0x40,1,0x01,high_conf_static_A4,script_pack_A4_source_selection,unknown,1,1,A4_xx_B0,CB:EFC3,0,,,C8:7BF5,1,normal_master,C8:7C25,42,7c419fdef7a867d436979a09691d4002b8f50097e1ab6ae6bc0f804789c01eaf,,
64,0x40,3,0x03,high_conf_static_A4,script_pack_A4_source_selection,unknown,1,1,A4_xx_B0,CB:EFE0,0,,,C8:7BF5,1,normal_master,C8:7C8B,33,2ed1c8c07419102834e0e6ec25f56f00ff899f4341a2c2c8f15bdfc6d7fe839c,,
64,0x40,13,0x0D,high_conf_static_A4,script_pack_A4_source_selection,unknown,1,1,A4_xx_B0,CB:F09F,0,,,C8:7BF5,1,normal_master,C8:7DC9,48,4bf9d388fa1ecebe68f6e3cf6996ad2224068d8fe450bb84217c13e0c876ed9c,,
65,0x41,0,0x00,high_conf_static_A4,script_pack_A4_source_selection,unknown,1,1,A4_xx_B0,CB:F151,0,,,C8:8112,2,normal_master,C8:8113,74,9b4ddf6a7fef7e9b3088dc6da8881ebb1ac88b4aefd3395ca846d8b73f79c643,,
65,0x41,1,0x01,high_conf_static_A4,script_pack_A4_source_selection,unknown,1,1,A4_xx_B0,CB:F169,0,,,C8:8112,2,normal_master,C8:8151,44,bbec634469eada61f62f4c8a237115db033912b35ce65b294100fc9e16a490b8,,
65,0x41,2,0x02,high_conf_static_A4,script_pack_A4_source_selection,unknown,1,1,A4_xx_B0,CB:F181,0,,,C8:8112,2,normal_master,C8:8172,26,29a405946be99a0f6e77b5d2ba85a1460380aff810b003d88f000fcb7cb5bdad,,
65,0x41,3,0x03,high_conf_static_A4,script_pack_A4_source_selection,unknown,1,1,A4_xx_B0,CB:F199,0,,,C8:8112,2,normal_master,C8:8187,20,a2a067dd8ac1becc3f98aedbe1bbfdd6683512b13df4cf7c4733637a64c10aa8,,
65,0x41,6,0x06,high_conf_static_A4,script_pack_A4_source_selection,unknown,1,1,A4_xx_B2_dd_A4_yy:first,CB:F1D2,0,,,C8:8112,2,normal_master,C8:81CA,15,041ee749de94f60cb24db5adcb825edff635e1387c9d5d1e0f1889a00eb7a09b,,
65,0x41,7,0x07,high_conf_static_A4,script_pack_A4_source_selection,unknown,1,1,A4_xx_B2_dd_A4_yy:second,CB:F1D6,0,,,C8:8112,2,normal_master,C8:81D5,21,eb6654d197882822294865597e9c57dd31140411946b7c2ae58a1234362e92fa,,
65,0x41,14,0x0E,high_conf_static_A4,script_pack_A4_source_selection,unknown,1,1,A4_xx_B2_dd_A4_yy:first,CB:F28D,0,,,C8:8112,2,normal_master,C8:8239,2,6fd27b6685dd017d06230f819aafdbd609480ce22aa2590ed1ed2f46c6af6716,,
65,0x41,15,0x0F,high_conf_static_A4,script_pack_A4_source_selection,unknown,1,1,A4_xx_B2_dd_A4_yy:second,CB:F291,0,,,C8:8112,2,normal_master,C8:823A,76,e3c4eb3f91abdf3c6afe8c14dcd0c0ce17065d19a90af8d097e8c96f4093aaa5,,
65,0x41,17,0x11,high_conf_static_A4,script_pack_A4_source_selection,unknown,1,1,A4_xx_B0,CB:F2B5,0,,,C8:8112,2,normal_master,C8:8279,18,3193c4ea1828c16d7828a9f8fbe551d6f0144cc92805b16468c5baaadeae346e,,
65,0x41,19,0x13,high_conf_static_A4,script_pack_A4_source_selection,unknown,1,1,A4_xx_B0,CB:F2E8,0,,,C8:8112,2,normal_master,C8:828B,14,3cc6c24239d6467b77ede16a08b6913ec2f3a346451f9e4552a5f0420065cc18,,
65,0x41,20,0x14,high_conf_static_A4,script_pack_A4_source_selection,unknown,1,1,A4_xx_B0,CB:F300,0,,,C8:8112,2,normal_master,C8:8296,3,e61f1c4f9a3ffccd06e008b63ad0ff843dc0c0e9b1901290d8e1da47a9241ae0,,
65,0x41,21,0x15,high_conf_static_A4,script_pack_A4_source_selection,unknown,1,1,A4_xx_B0,CB:F318,0,,,C8:8112,2,normal_master,C8:8298,46,aea9530929f65e521409a4a9a935e16bb7c6211b94ae5bcf657790ea8f2073cf,,
65,0x41,22,0x16,high_conf_static_A4,script_pack_A4_source_selection,unknown,1,1,A4_xx_B0,CB:F330,0,,,C8:8112,2,normal_master,C8:82BE,22,ba7ec65f45e893f3d364eb3e594c3761e4815d9f015d798ae27563f875b34e54,,
65,0x41,24,0x18,high_conf_static_A4,script_pack_A4_source_selection,unknown,1,1,A4_xx_B2_dd_A4_yy:first,CB:F34E,0,,,C8:8112,2,normal_master,C8:8306,57,56d191f64e8fc6511b76ec23c3edde7e9d7287c2a88d5c8015951722da56a1a6,,
65,0x41,25,0x19,high_conf_static_A4,script_pack_A4_source_selection,unknown,1,1,A4_xx_B2_dd_A4_yy:second,CB:F352,0,,,C8:8112,2,normal_master,C8:832E,17,430c0767d9eef52e465efc7f4262f8a0ee2388e1508ce79a540cb6ed91ee443f,,
65,0x41,29,0x1D,high_conf_static_A4,script_pack_A4_source_selection,unknown,1,1,A4_xx_B2_dd_A4_yy:first,CB:F3EA,0,,,C8:8112,2,normal_master,C8:835B,74,b103f6c5e99b6e2e1ffae8e33d9976a631d3bd858703d23bb3b7ea35d2a0220d,,
65,0x41,30,0x1E,high_conf_static_A4,script_pack_A4_source_selection,unknown,1,1,A4_xx_B2_dd_A4_yy:second,CB:F3EE,0,,,C8:8112,2,normal_master,C8:8397,3,36de9e3b5e28041b8ed19b48a290d5bda232899c326541777b2b82ba3c474f9a,,
65,0x41,34,0x22,high_conf_static_A4,script_pack_A4_source_selection,unknown,1,1,A4_xx_B2_dd_A4_yy:first,CB:F423,0,,,C8:8112,2,normal_master,C8:83F7,16,4f09efc74273492938ae310b0d3a9ffa712cc63fce42cbf3b6a61b3f5957a8a7,,
65,0x41,35,0x23,high_conf_static_A4,script_pack_A4_source_selection,unknown,1,1,A4_xx_B2_dd_A4_yy:second,CB:F427,0,,,C8:8112,2,normal_master,C8:8403,17,64e5055ed099297928f55096f46d77aea5452430f94f4c172d9c6904c08332dc,,
65,0x41,38,0x26,high_conf_static_A4,script_pack_A4_source_selection,unknown,1,1,A4_xx_B0,CB:F45F,0,,,C8:8112,2,normal_master,C8:8432,43,7a0c6dddad33be343bac9c54db1d1dabb323a56607d62eb231859254a82d4966,,
66,0x42,6,0x06,high_conf_static_A4,script_pack_A4_source_selection,unknown,1,1,A4_xx_B0,CB:F517,0,,,C8:81D5,1,normal_master,C8:82D8,25,9fb19bd2f3048a08ccc6845f3425581bfc85bdf1a0ebbd578f137e9c08a33291,,
67,0x43,0,0x00,high_conf_static_A4,script_pack_A4_source_selection,unknown,1,1,A4_xx_B0,CB:F562,0,,,C8:83CF,2,normal_master,C8:83D0,45,b210c2bef6a73ab739f7425ad1cf7084f739fe6780c700ee804879f55b3233bd,,
67,0x43,1,0x01,high_conf_static_A4,script_pack_A4_source_selection,unknown,1,1,A4_xx_B0,CB:F573,0,,,C8:83CF,2,normal_master,C8:83F7,16,4f09efc74273492938ae310b0d3a9ffa712cc63fce42cbf3b6a61b3f5957a8a7,,
67,0x43,12,0x0C,high_conf_static_A4,script_pack_A4_source_selection,unknown,1,1,A4_xx_B2_dd_A4_yy:first,CB:F63E,0,,,C8:83CF,2,normal_master,C8:8566,93,07177496b2c6aeeea55829baee9c7fbce8be75e9b6afbcfb6f026d439e1b2f0b,,
67,0x43,13,0x0D,high_conf_static_A4,script_pack_A4_source_selection,unknown,2,1,A4_xx_B0;A4_xx_B2_dd_A4_yy:second,CB:F642,0,,,C8:83CF,2,normal_master,C8:85B0,71,d070cf3a4c7baf9525b6418130976ce76b432fa3ddde417f651c6c4548975746,,
67,0x43,17,0x11,high_conf_static_A4,script_pack_A4_source_selection,unknown,1,1,A4_xx_B2_dd_A4_yy:first,CB:F680,0,,,C8:83CF,2,normal_master,C8:869B,98,0101e89c7107ede4452617ac9d669791bbcf9de1b6ef4ceb621f7328968b36b7,,
67,0x43,18,0x12,high_conf_static_A4,script_pack_A4_source_selection,unknown,2,1,A4_xx_B0;A4_xx_B2_dd_A4_yy:second,CB:F684,0,,,C8:83CF,2,normal_master,C8:86E8,89,f7e183159da704da1068f3192fdfcb830a0715fe30424e2f5024dfb7a730be93,,
68,0x44,1,0x01,high_conf_static_A4,script_pack_A4_source_selection,unknown,1,1,A4_xx_B2_dd_A4_yy:first,CB:F772,0,,,C8:8BA9,1,normal_master,C8:8BD4,34,464a60b0604f24f9f8d07ff06fc2b6b407a7a1e2b15d046ea6d4ccd13c6c8cef,,
68,0x44,2,0x02,high_conf_static_A4,script_pack_A4_source_selection,unknown,1,1,A4_xx_B2_dd_A4_yy:second,CB:F776,0,,,C8:8BA9,1,normal_master,C8:8BE7,44,bbec634469eada61f62f4c8a237115db033912b35ce65b294100fc9e16a490b8,,
68,0x44,7,0x07,high_conf_static_A4,script_pack_A4_source_selection,unknown,1,1,A4_xx_B2_dd_A4_yy:first,CB:F7CE,0,,,C8:8BA9,1,normal_master,C8:8C33,1,6e340b9cffb37a989ca544e6bb780a2c78901d3fb33738768511a30617afa01d,,
68,0x44,8,0x08,high_conf_static_A4,script_pack_A4_source_selection,unknown,1,1,A4_xx_B2_dd_A4_yy:second,CB:F7D2,0,,,C8:8BA9,1,normal_master,C8:8C33,1,6e340b9cffb37a989ca544e6bb780a2c78901d3fb33738768511a30617afa01d,,
68,0x44,10,0x0A,high_conf_static_A4,script_pack_A4_source_selection,unknown,1,1,A4_xx_B2_dd_A4_yy:first,CB:F8C2,0,,,C8:8BA9,1,normal_master,C8:8C33,1,6e340b9cffb37a989ca544e6bb780a2c78901d3fb33738768511a30617afa01d,,
68,0x44,11,0x0B,high_conf_static_A4,script_pack_A4_source_selection,unknown,1,1,A4_xx_B2_dd_A4_yy:second,CB:F8C6,0,,,C8:8BA9,1,normal_master,C8:8C33,1,6e340b9cffb37a989ca544e6bb780a2c78901d3fb33738768511a30617afa01d,,
68,0x44,13,0x0D,high_conf_static_A4,script_pack_A4_source_selection,unknown,1,1,A4_xx_B2_dd_A4_yy:first,CB:F8E3,0,,,C8:8BA9,1,normal_master,C8:8C33,5,d8bb586c5399ac48c33b09e76192d13bb64f0d02ae931cbceb14831b543cae6b,,
68,0x44,14,0x0E,high_conf_static_A4,script_pack_A4_source_selection,unknown,1,1,A4_xx_B2_dd_A4_yy:second,CB:F8E7,0,,,C8:8BA9,1,normal_master,C8:8C35,56,c6f618abb80d410c2ba32542ae195ae3d6fb8f9d00c318d4e1c4b1407c431985,,
68,0x44,17,0x11,high_conf_static_A4,script_pack_A4_source_selection,unknown,1,1,A4_xx_B2_dd_A4_yy:first,CB:F908,0,,,C8:8BA9,1,normal_master,C8:8C47,15,9e5b43a11d000e44fe93ee8744a0e9358a78a80a64a6a6059786e72312837c77,,
68,0x44,18,0x12,high_conf_static_A4,script_pack_A4_source_selection,unknown,1,1,A4_xx_B2_dd_A4_yy:second,CB:F90C,0,,,C8:8BA9,1,normal_master,C8:8C4D,8,312217c502d6af30bdddc74f830409aff8c9d2940cb7709f8a6ca6d631b67522,,
68,0x44,22,0x16,high_conf_static_A4,script_pack_A4_source_selection,unknown,1,1,A4_xx_B0,CB:F9B6,0,,,C8:8BA9,1,normal_master,C8:8C66,5,2c680f0b94b50e19cb45efd8b089fc7c16c044426b9551be5d8b74d86f6e8033,,
68,0x44,33,0x21,high_conf_static_A4,script_pack_A4_source_selection,unknown,1,1,A4_xx_B0,CB:FA2C,0,,,C8:8BA9,1,normal_master,C8:8D0B,39,32bd013947cfb7225066b264ac8c9b1aee5495fb52e64266fa26dd50f07272b8,,
68,0x44,34,0x22,high_conf_static_A4,script_pack_A4_source_selection,unknown,1,1,A4_xx_B0,CB:FA3D,0,,,C8:8BA9,1,normal_master,C8:8D16,60,6a920aa6f7be7f6547da1791840d3b14f2f6048900903a783af289eb0a96087d,,
68,0x44,35,0x23,high_conf_static_A4,script_pack_A4_source_selection,unknown,1,1,A4_xx_B0,CB:FA4E,0,,,C8:8BA9,1,normal_master,C8:8D25,2,6fd27b6685dd017d06230f819aafdbd609480ce22aa2590ed1ed2f46c6af6716,,
68,0x44,36,0x24,high_conf_static_A4,script_pack_A4_source_selection,unknown,1,1,A4_xx_B0,CB:FA5F,0,,,C8:8BA9,1,normal_master,C8:8D27,107,20cf734fa29dea9962b6723d73f7dd6d728efe67fe52e1f6cb3bfe04b1eacfe8,,
68,0x44,37,0x25,high_conf_static_A4,script_pack_A4_source_selection,unknown,1,1,A4_xx_B0,CB:FA70,0,,,C8:8BA9,1,normal_master,C8:8D47,113,7f49781154c6f58e5ba8fbde7d0de84314a28a8b22ee1da9c96abf508c6402b0,,
68,0x44,38,0x26,high_conf_static_A4,script_pack_A4_source_selection,unknown,1,1,A4_xx_B0,CB:FA81,0,,,C8:8BA9,1,normal_master,C8:8D5D,2,6fd27b6685dd017d06230f819aafdbd609480ce22aa2590ed1ed2f46c6af6716,,
68,0x44,39,0x27,high_conf_static_A4,script_pack_A4_source_selection,unknown,1,1,A4_xx_B0,CB:FA92,0,,,C8:8BA9,1,normal_master,C8:8D5D,5,207368a01d9b3e8a5648f973d3eebcc58b166c5cd3b3071a2f60b05cf3d68360,,
68,0x44,40,0x28,high_conf_static_A4,script_pack_A4_source_selection,unknown,1,1,A4_xx_B0,CB:FAA3,0,,,C8:8BA9,1,normal_master,C8:8D5F,2,6fd27b6685dd017d06230f819aafdbd609480ce22aa2590ed1ed2f46c6af6716,,
68,0x44,41,0x29,high_conf_static_A4,script_pack_A4_source_selection,unknown,1,1,A4_xx_B0,CB:FAB4,0,,,C8:8BA9,1,normal_master,C8:8D5F,52,439233de8771c64d613cdeeb8ef5a60ce9b9ab4508a6e0b09c7304a9a9d37476,,
68,0x44,42,0x2A,high_conf_static_A4,script_pack_A4_source_selection,unknown,1,1,A4_xx_B0,CB:FACC,0,,,C8:8BA9,1,normal_master,C8:8D70,7,11ccf166f7761dafc02bbe7332064895e5c5c2e169c3476cb9c9159bc0dc9f98,,
68,0x44,43,0x2B,high_conf_static_A4,script_pack_A4_source_selection,unknown,1,1,A4_xx_B0,CB:FADD,0,,,C8:8BA9,1,normal_master,C8:8D73,2,6fd27b6685dd017d06230f819aafdbd609480ce22aa2590ed1ed2f46c6af6716,,
68,0x44,44,0x2C,high_conf_static_A4,script_pack_A4_source_selection,unknown,1,1,A4_xx_B0,CB:FAEE,0,,,C8:8BA9,1,normal_master,C8:8D73,30,a6b823f2da1cc6f0ce9b922c46a083ed827c666b2e812f3570d7b196637ebd98,,
68,0x44,45,0x2D,high_conf_static_A4,script_pack_A4_source_selection,unknown,1,1,A4_xx_B0,CB:FAFF,0,,,C8:8BA9,1,normal_master,C8:8D79,2,6fd27b6685dd017d06230f819aafdbd609480ce22aa2590ed1ed2f46c6af6716,,
69,0x45,3,0x03,high_conf_static_A4,script_pack_A4_source_selection,unknown,1,1,A4_xx_B2_dd_A4_yy:first,CB:FC81,0,,,C8:8C2C,1,normal_master,C8:8CC2,93,866a160600a9406fa0cca08c4da160e6f6315b699c0349b1e975621b7c075b20,,
69,0x45,4,0x04,high_conf_static_A4,script_pack_A4_source_selection,unknown,2,1,A4_xx_B0;A4_xx_B2_dd_A4_yy:second,CB:FC85,0,,,C8:8C2C,1,normal_master,C8:8D0E,94,758e71b3fca1f855151e18ca2302f9f0d31584b114aebbd1de37560e53064d42,,
70,0x46,18,0x12,high_conf_static_A4,script_pack_A4_source_selection,unknown,1,1,A4_xx_B0,CB:FE40,0,,,C8:8F52,2,normal_master,C8:91EA,30,3c9333718faf2b0261e7277876bddc1db4fb854f4a8c2c9b4b448e5cab1d98bb,,
71,0x47,0,0x00,high_conf_static_A4,script_pack_A4_source_selection,unknown,1,1,A4_xx_B0,CB:FE8B,0,,,C8:920F,1,normal_master,C8:9210,88,2101092d285237e0ceaf1a22c33acd506440ab4341d7392abba32c64860ed9fe,,
71,0x47,1,0x01,high_conf_static_A4,script_pack_A4_source_selection,unknown,1,1,A4_xx_B0,CB:FE9C,0,,,C8:920F,1,normal_master,C8:926E,108,72955b9c35ecf83b5c104808466538e5a8abb1d41452710b83ec22fa49e958da,,
71,0x47,2,0x02,high_conf_static_A4,script_pack_A4_source_selection,unknown,1,1,A4_xx_B0,CB:FEAD,0,,,C8:920F,1,normal_master,C8:92D8,60,477ee50cbd8a096236c32d48447a1cce4afb9f917ae3efc976363ad6cf817ce9,,
71,0x47,3,0x03,high_conf_static_A4,script_pack_A4_source_selection,unknown,1,1,A4_xx_B0,CB:FECD,0,,,C8:920F,1,normal_master,C8:9311,62,10a199b285c05de44bdcaf4d99932d93210f57b00ccdc7becd5d54af5ba44412,,
72,0x48,0,0x00,high_conf_static_A4,script_pack_A4_source_selection,unknown,1,1,A4_xx_B0,CC:005C,0,,,C8:955A,2,normal_master,C8:955B,17,d1680dde7accc2325debdc124159548808fb3459064589e231af81836b664f1e,,
72,0x48,1,0x01,high_conf_static_A4,script_pack_A4_source_selection,unknown,1,1,A4_xx_B0,CC:006D,0,,,C8:955A,2,normal_master,C8:9568,22,8ccd0be1f04b4639763e5451ada3597ae4d0ae3ec55287ab04f959ac00886449,,
72,0x48,2,0x02,high_conf_static_A4,script_pack_A4_source_selection,unknown,1,1,A4_xx_B0,CC:007E,0,,,C8:955A,2,normal_master,C8:9579,31,1d2f0372dde31a43bca971a6ea9900855bc18f68b61cab5fad7960cbc4283dcb,,
72,0x48,3,0x03,high_conf_static_A4,script_pack_A4_source_selection,unknown,1,1,A4_xx_B0,CC:008F,0,,,C8:955A,2,normal_master,C8:9592,43,82e1ed3c498a3d45734464b843fc526e93d6b6a14b7c7a6f021039f5eee2c13f,,
72,0x48,4,0x04,high_conf_static_A4,script_pack_A4_source_selection,unknown,1,1,A4_xx_B0,CC:00A0,0,,,C8:955A,2,normal_master,C8:95B2,29,08f4288e0aade215ae0c840c41a537ada5b604d3c0a11e6e5be1e32d2ea940ba,,
72,0x48,5,0x05,high_conf_static_A4,script_pack_A4_source_selection,unknown,1,1,A4_xx_B0,CC:00B1,0,,,C8:955A,2,normal_master,C8:95C8,70,654e6179f0011c0abbb340881a1572100373865180e256285a919d286f8e67cb,,
72,0x48,6,0x06,high_conf_static_A4,script_pack_A4_source_selection,unknown,1,1,A4_xx_B0,CC:00EB,0,,,C8:955A,2,normal_master,C8:95FD,39,5a9a35bfd55a946489cfbd0b0a6d0367e745d182e2192b9a33db4ef647980bc3,,
72,0x48,8,0x08,high_conf_static_A4,script_pack_A4_source_selection,unknown,1,1,A4_xx_B0,CC:00F4,0,,,C8:955A,2,normal_master,C8:9635,41,fd6f130f18988c7f8328dc97cf5a6cd2b38c60a13e2a2b2751416759d0737cd1,,
72,0x48,16,0x10,high_conf_static_A4,script_pack_A4_source_selection,unknown,1,1,A4_xx_B0,CC:018F,0,,,C8:955A,2,normal_master,C8:9769,41,f2563a357747216a2e38c0dd4e1b523e52358907e4ad42a42d0827e82cbadfc0,,
72,0x48,17,0x11,high_conf_static_A4,script_pack_A4_source_selection,unknown,1,1,A4_xx_B0,CC:01A0,0,,,C8:955A,2,normal_master,C8:9788,79,185e8f528c77ad2ec24ab5bc81d6e716d2a86b8ae1dcf1c429468ac03cc88a2c,,
72,0x48,18,0x12,high_conf_static_A4,script_pack_A4_source_selection,unknown,1,1,A4_xx_B0,CC:01B1,0,,,C8:955A,2,normal_master,C8:97C6,84,ffdc0928053ecef6bceef62ea7515e2f8ee71fff30623cab82e16d92423231de,,
72,0x48,19,0x13,high_conf_static_A4,script_pack_A4_source_selection,unknown,1,1,A4_xx_B0,CC:01C2,0,,,C8:955A,2,normal_master,C8:9805,81,4d7f9a7b036921dc8d2c356eb7b0ba67f0b83310bcd0996d955b2f794caf1a3a,,
73,0x49,10,0x0A,high_conf_static_A4,script_pack_A4_source_selection,unknown,1,1,A4_xx_B2_dd_A4_yy:first,CC:0352,0,,,C8:96AA,0,normal_master,C8:9EDB,172,04875460ff089c0c91307e752de71bb73eb85b0d5321057a4048b436d5f463d8,,
73,0x49,11,0x0B,high_conf_static_A4,script_pack_A4_source_selection,unknown,1,1,A4_xx_B2_dd_A4_yy:second,CC:0356,0,,,C8:96AA,0,normal_master,C8:9F87,434,ec8240ce5a7452a4524b9c23931a08aa4d5d02d02811fa7d6b870214c9e6accf,,
76,0x4C,4,0x04,high_conf_static_A4,script_pack_A4_source_selection,unknown,1,1,A4_xx_B0,CC:119C,0,,,C8:A3BE,0,normal_master,C8:A46B,26,db3f5b7e544348ea6afccd8ef40c1b1e1ba230215520f820ad5987a5e9ba7eb6,,
76,0x4C,5,0x05,high_conf_static_A4,script_pack_A4_source_selection,unknown,1,1,A4_xx_B0,CC:11AA,0,,,C8:A3BE,0,normal_master,C8:A485,8,e2b9e0d4c8fbd833f74bd01a6a08783a7c45f4d3f22ffefba57947ab5f3fd90c,,
76,0x4C,6,0x06,high_conf_static_A4,script_pack_A4_source_selection,unknown,1,1,A4_xx_B0,CC:11B8,0,,,C8:A3BE,0,normal_master,C8:A48D,16,5b5da7dff23b5739fed5e7d627bdea16a3106dcb9eb88b076e11972e9837671b,,
76,0x4C,7,0x07,high_conf_static_A4,script_pack_A4_source_selection,unknown,1,1,A4_xx_B0,CC:11C6,0,,,C8:A3BE,0,normal_master,C8:A49D,44,79bdd80cc7b91af3d3b9b7ee9ee38258b0e3899a5fe5bf6c27c85bbe1b7e7779,,
76,0x4C,8,0x08,high_conf_static_A4,script_pack_A4_source_selection,unknown,1,1,A4_xx_B0,CC:11D4,0,,,C8:A3BE,0,normal_master,C8:A4C9,3,1fc27e4c39598f194b9de4d15f6aaf3078f49d900ef99ccb1c6ccab398400ffa,,
76,0x4C,9,0x09,high_conf_static_A4,script_pack_A4_source_selection,unknown,1,1,A4_xx_B0,CC:11E2,0,,,C8:A3BE,0,normal_master,C8:A4CC,48,3f4ae375e15944aab9a575f9a2fb91fa5ed8ea9079d7567b6cb6f63c525e3ec8,,
76,0x4C,10,0x0A,high_conf_static_A4,script_pack_A4_source_selection,unknown,1,1,A4_xx_B0,CC:11F0,0,,,C8:A3BE,0,normal_master,C8:A4FC,6,435b9b951e6ef16dd977338a3c399371d1b9b9fb3b369d0924b74cbbdacffbb7,,
76,0x4C,11,0x0B,high_conf_static_A4,script_pack_A4_source_selection,unknown,1,1,A4_xx_B0,CC:11FE,0,,,C8:A3BE,0,normal_master,C8:A502,47,8755303f240441ef5625f7d6774f148f65958ed7f2ee3ea0ca674664bd4f4824,,
76,0x4C,12,0x0C,high_conf_static_A4,script_pack_A4_source_selection,unknown,1,1,A4_xx_B0,CC:120C,0,,,C8:A3BE,0,normal_master,C8:A531,62,734830d245fc8cd426f22652520c4aa95e6f43ac7be5e5bc4090dd159bad83fe,,
76,0x4C,13,0x0D,high_conf_static_A4,script_pack_A4_source_selection,unknown,1,1,A4_xx_B0,CC:121A,0,,,C8:A3BE,0,normal_master,C8:A56F,122,3b71ba9424eb181edb74627722132e452f275f5ff7d90c87c7fb20916413dbb8,,
76,0x4C,14,0x0E,high_conf_static_A4,script_pack_A4_source_selection,unknown,1,1,A4_xx_B0,CC:1228,0,,,C8:A3BE,0,normal_master,C8:A5E9,10,834e23cec3513e2fbf9fa0242af520873e0f80561b42d9debb42c73be723601e,,
76,0x4C,15,0x0F,high_conf_static_A4,script_pack_A4_source_selection,unknown,1,1,A4_xx_B0,CC:1236,0,,,C8:A3BE,0,normal_master,C8:A5F3,16,c464d7e6b7fab66b56fd6f6a8200449aeba40ed61e30b7e402abb5672b3d6272,,
76,0x4C,16,0x10,high_conf_static_A4,script_pack_A4_source_selection,unknown,1,1,A4_xx_B0,CC:1244,0,,,C8:A3BE,0,normal_master,C8:A603,20,03d5d6455cc47d5ca2469eaf37ce318fad380bd34863fc848b1063401f31354d,,
76,0x4C,17,0x11,high_conf_static_A4,script_pack_A4_source_selection,unknown,1,1,A4_xx_B2_dd_A4_yy:first,CC:125A,0,,,C8:A3BE,0,normal_master,C8:A617,21,4fd02be6a99ad08ab247549b1b33801001e24a4364259475ab7e3371bb16c6ee,,
76,0x4C,18,0x12,high_conf_static_A4,script_pack_A4_source_selection,unknown,2,1,A4_xx_B2_dd_A4_yy:first;A4_xx_B2_dd_A4_yy:second,CC:125E,0,,,C8:A3BE,0,normal_master,C8:A62C,47,f449bcf56dbff1302f8d0930d820ee0759ebc3a480b53447a9a0b4c2ffe487f9,,
76,0x4C,19,0x13,high_conf_static_A4,script_pack_A4_source_selection,unknown,2,1,A4_xx_B0;A4_xx_B2_dd_A4_yy:second,CC:1262,0,,,C8:A3BE,0,normal_master,C8:A65B,10,3f602d8d11104a07e2ec5505ea5584f8083b1317d3bafc2846a4be2608f84825,,
76,0x4C,20,0x14,high_conf_static_A4,script_pack_A4_source_selection,unknown,1,1,A4_xx_B2_dd_A4_yy:first,CC:1278,0,,,C8:A3BE,0,normal_master,C8:A665,136,863ddd3dab43f553ddcfa007e61359dfad2001e4e011f8f6ed7f12912fc7f320,,
76,0x4C,21,0x15,high_conf_static_A4,script_pack_A4_source_selection,unknown,2,1,A4_xx_B2_dd_A4_yy:first;A4_xx_B2_dd_A4_yy:second,CC:127C,0,,,C8:A3BE,0,normal_master,C8:A6ED,37,32a23acb6e54f871ab37be892377d543fd6f084faebab3b0cc8aadbd46588ac9,,
76,0x4C,22,0x16,high_conf_static_A4,script_pack_A4_source_selection,unknown,2,1,A4_xx_B0;A4_xx_B2_dd_A4_yy:second,CC:1280,0,,,C8:A3BE,0,normal_master,C8:A712,1359,b7c582e8f560fe1449741860d5ea435cb97e2ae0cc6b5a02ec798d6e542154fa,,
76,0x4C,23,0x17,high_conf_static_A4,script_pack_A4_source_selection,unknown,1,1,A4_xx_B2_dd_A4_yy:first,CC:1296,0,,,C8:A3BE,0,normal_master,C8:AC61,225,988d578dc788a30405cde87ebcfd4967441ac974ce1a5887ae44343bc39fbc1b,,
76,0x4C,24,0x18,high_conf_static_A4,script_pack_A4_source_selection,unknown,2,1,A4_xx_B2_dd_A4_yy:first;A4_xx_B2_dd_A4_yy:second,CC:129A,0,,,C8:A3BE,0,normal_master,C8:AD42,42,353eb2ebe4e134e3c508bcc8f9b4e523ebe497192a5c59cc24761408b401cbb3,,
76,0x4C,25,0x19,high_conf_static_A4,script_pack_A4_source_selection,unknown,2,1,A4_xx_B0;A4_xx_B2_dd_A4_yy:second,CC:129E,0,,,C8:A3BE,0,normal_master,C8:AD6C,144,954aa1273aa61a706b9834598e233b79339d39760f64abfa1e7e1921e62e42d5,,
76,0x4C,26,0x1A,high_conf_static_A4,script_pack_A4_source_selection,unknown,1,1,A4_xx_B2_dd_A4_yy:first,CC:12C3,0,,,C8:A3BE,0,normal_master,C8:ADFC,200,431645d0c2fe1a76d8def6cd734a23e1d2be1aeb66f9c144667bba22f2db96b0,,
76,0x4C,27,0x1B,high_conf_static_A4,script_pack_A4_source_selection,unknown,2,1,A4_xx_B2_dd_A4_yy:first;A4_xx_B2_dd_A4_yy:second,CC:12C7,0,,,C8:A3BE,0,normal_master,C8:AEC4,136,1f9bed0828904456a06bbde5b334f24af415dae6d2cd918827ad66d7ef805f8e,,
76,0x4C,28,0x1C,high_conf_static_A4,script_pack_A4_source_selection,unknown,2,1,A4_xx_B0;A4_xx_B2_dd_A4_yy:second,CC:12CB,0,,,C8:A3BE,0,normal_master,C8:AF4C,238,8b2349218a1ec17cd5a29d367f7e13406d12ff02b07c6ad2b1b2c2481b213089,,
76,0x4C,29,0x1D,high_conf_static_A4,script_pack_A4_source_selection,unknown,1,1,A4_xx_B0,CC:12CE,0,,,C8:A3BE,0,normal_master,C8:B03A,1,6e340b9cffb37a989ca544e6bb780a2c78901d3fb33738768511a30617afa01d,,
76,0x4C,30,0x1E,high_conf_static_A4,script_pack_A4_source_selection,unknown,1,1,A4_xx_B2_dd_A4_yy:first,CC:12F0,0,,,C8:A3BE,0,normal_master,C8:B03B,5,0ed2007570100164444d0c842a821a442dfa0e9933e45e9620157a3f242e3121,,
76,0x4C,31,0x1F,high_conf_static_A4,script_pack_A4_source_selection,unknown,2,1,A4_xx_B2_dd_A4_yy:first;A4_xx_B2_dd_A4_yy:second,CC:12F4,0,,,C8:A3BE,0,normal_master,C8:B040,1,6e340b9cffb37a989ca544e6bb780a2c78901d3fb33738768511a30617afa01d,,
76,0x4C,32,0x20,high_conf_static_A4,script_pack_A4_source_selection,unknown,2,1,A4_xx_B0;A4_xx_B2_dd_A4_yy:second,CC:12F8,0,,,C8:A3BE,0,normal_master,C8:B041,1,6e340b9cffb37a989ca544e6bb780a2c78901d3fb33738768511a30617afa01d,,
76,0x4C,33,0x21,high_conf_static_A4,script_pack_A4_source_selection,unknown,1,1,A4_xx_B2_dd_A4_yy:first,CC:131A,0,,,C8:A3BE,0,normal_master,C8:B042,1,6e340b9cffb37a989ca544e6bb780a2c78901d3fb33738768511a30617afa01d,,
76,0x4C,34,0x22,high_conf_static_A4,script_pack_A4_source_selection,unknown,2,1,A4_xx_B2_dd_A4_yy:first;A4_xx_B2_dd_A4_yy:second,CC:131E,0,,,C8:A3BE,0,normal_master,C8:B043,4,aac6d220d2e62bf3a2db8b83b930e665858d36fe426c91603679ac98480273f5,,
76,0x4C,35,0x23,high_conf_static_A4,script_pack_A4_source_selection,unknown,2,1,A4_xx_B0;A4_xx_B2_dd_A4_yy:second,CC:1322,0,,,C8:A3BE,0,normal_master,C8:B047,3,ac47f5188066476baaa741260515cc8d0b5cddab1fb7717a19192ec9fd2b097f,,
76,0x4C,36,0x24,high_conf_static_A4,script_pack_A4_source_selection,unknown,1,1,A4_xx_B2_dd_A4_yy:first,CC:1344,0,,,C8:A3BE,0,normal_master,C8:B04A,1,6e340b9cffb37a989ca544e6bb780a2c78901d3fb33738768511a30617afa01d,,
76,0x4C,37,0x25,high_conf_static_A4,script_pack_A4_source_selection,unknown,2,1,A4_xx_B2_dd_A4_yy:first;A4_xx_B2_dd_A4_yy:second,CC:1348,0,,,C8:A3BE,0,normal_master,C8:B04B,21,96b18f6de8a88a602356c73309ac6022551eac69917e53c884d0ff7c998282e8,,
76,0x4C,38,0x26,high_conf_static_A4,script_pack_A4_source_selection,unknown,2,1,A4_xx_B0;A4_xx_B2_dd_A4_yy:second,CC:134C,0,,,C8:A3BE,0,normal_master,C8:B060,176,c25165a38209e080ff4c5fb66755e506c7364ec75fb14d6745c96f1562967afd,,
76,0x4C,39,0x27,high_conf_static_A4,script_pack_A4_source_selection,unknown,1,1,A4_xx_B2_dd_A4_yy:first,CC:136E,0,,,C8:A3BE,0,normal_master,C8:B110,3,91dabe3134de9d062231ff0e146ab2be3d1a51afc6ee7a819ee6dd83f720f751,,
76,0x4C,40,0x28,high_conf_static_A4,script_pack_A4_source_selection,unknown,2,1,A4_xx_B2_dd_A4_yy:first;A4_xx_B2_dd_A4_yy:second,CC:1372,0,,,C8:A3BE,0,normal_master,C8:B113,1,6e340b9cffb37a989ca544e6bb780a2c78901d3fb33738768511a30617afa01d,,
76,0x4C,41,0x29,high_conf_static_A4,script_pack_A4_source_selection,unknown,2,1,A4_xx_B0;A4_xx_B2_dd_A4_yy:second,CC:1376,0,,,C8:A3BE,0,normal_master,C8:B114,2,869f1dfb999a452f497a4cf7f44db2d6ee661f74a9e7e05251bc1420e50672d4,,
76,0x4C,42,0x2A,high_conf_static_A4,script_pack_A4_source_selection,unknown,1,1,A4_xx_B2_dd_A4_yy:first,CC:1398,0,,,C8:A3BE,0,normal_master,C8:B116,1,6e340b9cffb37a989ca544e6bb780a2c78901d3fb33738768511a30617afa01d,,
76,0x4C,43,0x2B,high_conf_static_A4,script_pack_A4_source_selection,unknown,1,1,A4_xx_B2_dd_A4_yy:second,CC:139C,0,,,C8:A3BE,0,normal_master,C8:B117,1,6e340b9cffb37a989ca544e6bb780a2c78901d3fb33738768511a30617afa01d,,
76,0x4C,44,0x2C,high_conf_static_A4,script_pack_A4_source_selection,unknown,1,1,A4_xx_B0,CC:13A4,0,,,C8:A3BE,0,normal_master,C8:B118,7,f8dd9901382551c3cd84ddc6520b600d37fea96b9ac2de574547f9beaa138d2d,,
76,0x4C,45,0x2D,high_conf_static_A4,script_pack_A4_source_selection,unknown,1,1,A4_xx_B2_dd_A4_yy:first,CC:13C6,0,,,C8:A3BE,0,normal_master,C8:B11F,4,f7faa84de7d408edc88bd10963ea0f002682d4b20c981b11fd0972a18c481bf4,,
76,0x4C,46,0x2E,high_conf_static_A4,script_pack_A4_source_selection,unknown,2,1,A4_xx_B2_dd_A4_yy:first;A4_xx_B2_dd_A4_yy:second,CC:13CA,0,,,C8:A3BE,0,normal_master,C8:B123,20,9844226f93b1828f508a528de25771d45711985ef8a90ac962d23f5b7d10468e,,
76,0x4C,47,0x2F,high_conf_static_A4,script_pack_A4_source_selection,unknown,2,1,A4_xx_B0;A4_xx_B2_dd_A4_yy:second,CC:13CE,0,,,C8:A3BE,0,normal_master,C8:B137,110,57ab384e3042a0d36d35029a6d7ed629367aa02432e5a194184aa3eab050f396,,
76,0x4C,48,0x30,high_conf_static_A4,script_pack_A4_source_selection,unknown,1,1,A4_xx_B2_dd_A4_yy:first,CC:13F0,0,,,C8:A3BE,0,normal_master,C8:B1A5,16,fc7e7b7230f4f000be061709369586cc8969969a2bdf0b4e6685745edc967ce9,,
76,0x4C,49,0x31,high_conf_static_A4,script_pack_A4_source_selection,unknown,2,1,A4_xx_B2_dd_A4_yy:first;A4_xx_B2_dd_A4_yy:second,CC:13F4,0,,,C8:A3BE,0,normal_master,C8:B1B5,72,c6047fc7c6e3c1629101bd040a36cb3b1657b99dfdbb9f982b7d612fc79f1fed,,
76,0x4C,50,0x32,high_conf_static_A4,script_pack_A4_source_selection,unknown,2,1,A4_xx_B0;A4_xx_B2_dd_A4_yy:second,CC:13F8,0,,,C8:A3BE,0,normal_master,C8:B1FD,65,17337adde58cbbcd17c176037099b567e9891dd8da814be0023d3cce32a80edb,,
76,0x4C,51,0x33,high_conf_static_A4,script_pack_A4_source_selection,unknown,1,1,A4_xx_B2_dd_A4_yy:first,CC:141A,0,,,C8:A3BE,0,normal_master,C8:B23E,13,5c4d030765c13b4474b121092c0f996abda7c4043ae2d9e9861128bb170f0ba5,,
76,0x4C,52,0x34,high_conf_static_A4,script_pack_A4_source_selection,unknown,2,1,A4_xx_B2_dd_A4_yy:first;A4_xx_B2_dd_A4_yy:second,CC:141E,0,,,C8:A3BE,0,normal_master,C8:B24B,140,b90d056563c2d691e578531574621f09dda6b8d1f733bc1c9af4e7f8a82e8572,,
76,0x4C,53,0x35,high_conf_static_A4,script_pack_A4_source_selection,unknown,2,1,A4_xx_B0;A4_xx_B2_dd_A4_yy:second,CC:1422,0,,,C8:A3BE,0,normal_master,C8:B2D7,12,e7e8be2de3740eb8aed11f428470bdf302320680bfb2882611e3f329be0d7a59,,
76,0x4C,54,0x36,high_conf_static_A4,script_pack_A4_source_selection,unknown,1,1,A4_xx_B2_dd_A4_yy:first,CC:1444,0,,,C8:A3BE,0,normal_master,C8:B2E3,30,78b16181aa29f58a1c79e8b892ef1bf8cdac7989d061cbd86aaf95cde7d0a5d4,,
76,0x4C,55,0x37,high_conf_static_A4,script_pack_A4_source_selection,unknown,2,1,A4_xx_B2_dd_A4_yy:first;A4_xx_B2_dd_A4_yy:second,CC:1448,0,,,C8:A3BE,0,normal_master,C8:B301,16,4cad6b525fde9bf97c53fbb381643bd1b9546c64ddc332c7c7c0be2264d88717,,
76,0x4C,56,0x38,high_conf_static_A4,script_pack_A4_source_selection,unknown,2,1,A4_xx_B0;A4_xx_B2_dd_A4_yy:second,CC:144C,0,,,C8:A3BE,0,normal_master,C8:B311,33,167d321afa152c4d9fa4b494d2c82f9fae6942ccdfeb20486be955f299c92b44,,
76,0x4C,59,0x3B,high_conf_static_A4,script_pack_A4_source_selection,unknown,1,1,A4_xx_B0,CC:14E9,0,,,C8:A3BE,0,normal_master,C8:B376,6,7203cad22378c44106ed0cdd22a449fc977009e35236c24bd9861a4a39e7a2c6,,
76,0x4C,61,0x3D,high_conf_static_A4,script_pack_A4_source_selection,unknown,1,1,A4_xx_B0,CC:14F3,0,,,C8:A3BE,0,normal_master,C8:B38F,7,24de50744d97433d49ba443afab45d0dcc62258e4e007969906e37666cc3d175,,
76,0x4C,63,0x3F,high_conf_static_A4,script_pack_A4_source_selection,unknown,1,1,A4_xx_B0,CC:1525,0,,,C8:A3BE,0,normal_master,C8:B3A6,14,aafa1aec425cc73c67526028bbf2827a6ff54f208a1f711ed2146ad5c3d9ae94,,
76,0x4C,65,0x41,high_conf_static_A4,script_pack_A4_source_selection,unknown,1,1,A4_xx_B0,CC:152F,0,,,C8:A3BE,0,normal_master,C8:B3D0,22,4e40e16eebc658e310ed0e56bd011bdc47503d33f9775560490f01dd309af764,,
76,0x4C,67,0x43,high_conf_static_A4,script_pack_A4_source_selection,unknown,1,1,A4_xx_B0,CC:15DD,0,,,C8:A3BE,0,normal_master,C8:B3F7,9,6ccc311865edb1e557bd4886af99d7d6f7792e51903aafb9c454caf7e6130f43,,
76,0x4C,68,0x44,high_conf_static_A4,script_pack_A4_source_selection,unknown,1,1,A4_xx_B0,CC:1639,0,,,C8:A3BE,0,normal_master,C8:B400,63,7dcdf677bad8e92594f78d48095942d3d03b6838792ff64c8f193a268161cf9f,,
76,0x4C,69,0x45,high_conf_static_A4,script_pack_A4_source_selection,unknown,1,1,A4_xx_B0,CC:1646,0,,,C8:A3BE,0,normal_master,C8:B43F,12,e71d8cbe42b73a0b9bcdd075560a56db3745551b7e3f31c163b0fd07a85d782c,,
76,0x4C,73,0x49,high_conf_static_A4,script_pack_A4_source_selection,unknown,1,1,A4_xx_B0,CC:17B5,0,,,C8:A3BE,0,normal_master,C8:B477,19,fd4ad9e553ebc441f577a0a6cd98cd73d4d1b6aa5b60236e318c60a3dfcd1127,,
76,0x4C,131,0x83,high_conf_static_A4,script_pack_A4_source_selection,unknown,1,1,A4_xx_B0,CC:11ED,0,,,C8:A3BE,0,normal_master,C8:BAA7,11,729c45ae092ffeec338d589584e80ac2eec75da780640e6c2649786b376aeb75,,
78,0x4E,19,0x13,high_conf_static_A4,script_pack_A4_source_selection,unknown,1,1,A4_xx_B2_dd_A4_yy:first,CC:1AFD,0,,,C8:A717,2,normal_master,C8:AAFC,28,21ef10287fc919c30d09d6727fb30aee293cd68a8c1c29be194692a2f70bc507,,
78,0x4E,20,0x14,high_conf_static_A4,script_pack_A4_source_selection,unknown,2,1,A4_xx_B0;A4_xx_B2_dd_A4_yy:second,CC:1B01,0,,,C8:A717,2,normal_master,C8:AB10,97,5057131b2be490fa37c70ed35cd0b68f50cf1bb7312146817f95cb364f55ccf7,,
78,0x4E,21,0x15,confirmed_vm_boundary_A4;high_conf_static_A4,dialogue_script_A4_source_selection,strong_dialogue,1,1,A4_xx_VM_boundary_proven,CC:1B18,0,,,C8:A717,2,normal_master,C8:AB58,94,2fb61b722a52ca89645348f389048cf06c1481fad81adad76256e88dbaf2bc0e,docs/analysis/family4e_compact_vm_revalidation.md,opcode 09 at CC:1B14 is 4 bytes; A4 handler consumes opcode+operand
78,0x4E,22,0x16,confirmed_vm_boundary_A4;high_conf_static_A4,script_pack_A4_source_selection,strong_visible_text,1,1,A4_xx_VM_boundary_proven,CC:1B1E,0,,,C8:A717,2,normal_master,C8:ABA0,12,a56cb590637f9c4c3a2f32fee767a348c5865d2be476debdd92ff7a8bddb307e,docs/analysis/family4e_compact_vm_revalidation.md,handler-proven A4 selection plus exact retained-v33 token match; parameterized event/system text
78,0x4E,23,0x17,high_conf_static_A4,script_pack_A4_source_selection,unknown,1,1,A4_xx_B0,CC:1B42,0,,,C8:A717,2,normal_master,C8:ABA8,24,0752650b71f47781f5e8be047450a7ef84c03c21ace62f4a75e5721bfb17f8e7,,
79,0x4F,0,0x00,high_conf_static_A4,dialogue_script_A4_source_selection,confirmed_dialogue,1,1,A4_xx_B0,CC:1BC2,0,,,C8:A7DC,2,normal_master,C8:A7DD,92,78e95672383e5b1600ea5e6213fb07351cffb28c859fa3f8cd7e052dc547ab6b,archive/previous_zip_contents/shinmomo_vol013_mode02_mass_dump_v33/shinmomo_mode02_chain_C8_A7DD_v33_sample.csv,
79,0x4F,1,0x01,high_conf_static_A4,dialogue_script_A4_source_selection,strong_dialogue,1,1,A4_xx_B0,CC:1BD9,0,,,C8:A7DC,2,normal_master,C8:A821,52,0a30579b8bf7d567a930242e7e8b19e95c122c1eef620d5817693738b464d037,archive/previous_zip_contents/shinmomo_vol013_mode02_mass_dump_v33/shinmomo_mode02_chain_C8_A7DD_v33_sample.csv,
80,0x50,0,0x00,high_conf_static_A4,script_pack_A4_source_selection,unknown,1,1,A4_xx_B0,CC:1D0C,0,,,C8:ABC4,2,normal_master,C8:ABC5,53,a653f4d79c63e7b24e71721dbb797a4ae6f4959f090fe233b81ca6a625d4c459,,
80,0x50,1,0x01,high_conf_static_A4,script_pack_A4_source_selection,unknown,1,1,A4_xx_B2_dd_A4_yy:first,CC:1D26,0,,,C8:ABC4,2,normal_master,C8:ABEF,81,9d0770ae92a2095a5935ac72a8950233b39ff68eb301a66e41dec96fc1785b0a,,
80,0x50,2,0x02,high_conf_static_A4,script_pack_A4_source_selection,unknown,2,1,A4_xx_B0;A4_xx_B2_dd_A4_yy:second,CC:1D2A,0,,,C8:ABC4,2,normal_master,C8:AC2F,89,22e194b66137afff01ccd16a107779b693e7ef22b49a7c813663ea7143332329,,
80,0x50,3,0x03,high_conf_static_A4,script_pack_A4_source_selection,unknown,1,1,A4_xx_B2_dd_A4_yy:first,CC:1D44,0,,,C8:ABC4,2,normal_master,C8:AC73,71,42a6e3db3e352aac3f7a964ccf7d7fbb372f5b6e9bd272e04306833b2b4b8bb4,,
80,0x50,4,0x04,high_conf_static_A4,script_pack_A4_source_selection,unknown,2,1,A4_xx_B0;A4_xx_B2_dd_A4_yy:second,CC:1D48,0,,,C8:ABC4,2,normal_master,C8:ACA8,51,2d3548ff7386af14c2b390cb8e676d6e56ac5fcad65ead8e0b613370a4dd8d71,,
80,0x50,5,0x05,high_conf_static_A4,script_pack_A4_source_selection,unknown,1,1,A4_xx_B2_dd_A4_yy:first,CC:1D62,0,,,C8:ABC4,2,normal_master,C8:ACCE,54,5458bcb82cdeff596033275ec65bb1d667e61c59d2f1be584e315c8e8e6e9fa7,,
80,0x50,6,0x06,high_conf_static_A4,script_pack_A4_source_selection,unknown,2,1,A4_xx_B0;A4_xx_B2_dd_A4_yy:second,CC:1D66,0,,,C8:ABC4,2,normal_master,C8:ACF8,89,6881c726e12b09ee2fa5aef21a2df35c3c560b71429cbe9655091a4950c395bd,,
80,0x50,8,0x08,high_conf_static_A4,script_pack_A4_source_selection,unknown,1,1,A4_xx_B2_dd_A4_yy:first,CC:1D88,0,,,C8:ABC4,2,normal_master,C8:AD66,53,9fb6bcd8efb0175f1eec54e2a0709a750f9ef6197f236a2e87c90bc396f68d15,,
80,0x50,9,0x09,high_conf_static_A4,script_pack_A4_source_selection,unknown,2,1,A4_xx_B0;A4_xx_B2_dd_A4_yy:second,CC:1D8C,0,,,C8:ABC4,2,normal_master,C8:AD8F,86,15aea0d047319f1b2ee1432911a6e38865e275ea3f149b23fcda6039e72aa624,,
80,0x50,10,0x0A,high_conf_static_A4,script_pack_A4_source_selection,unknown,1,1,A4_xx_B2_dd_A4_yy:first,CC:1DA6,0,,,C8:ABC4,2,normal_master,C8:ADCF,95,28d769fea8def6f98357a344c5214736d3293dddcdf271bdaa269e41241ba8db,,
80,0x50,11,0x0B,high_conf_static_A4,script_pack_A4_source_selection,unknown,2,1,A4_xx_B0;A4_xx_B2_dd_A4_yy:second,CC:1DAA,0,,,C8:ABC4,2,normal_master,C8:AE18,239,871a0a26ec11c9cb99b5b36ee0ad84d94398c614a94b479ad89acba39d063b4b,,
80,0x50,13,0x0D,high_conf_static_A4,script_pack_A4_source_selection,unknown,1,1,A4_xx_B2_dd_A4_yy:first,CC:1DCC,0,,,C8:ABC4,2,normal_master,C8:AF18,83,25ee8300e26514128342e2b8472bcfac40145c00e75cdbf2a50552213f08c455,,
80,0x50,14,0x0E,high_conf_static_A4,script_pack_A4_source_selection,unknown,2,1,A4_xx_B0;A4_xx_B2_dd_A4_yy:second,CC:1DD0,0,,,C8:ABC4,2,normal_master,C8:AF58,34,44cae582cdd08b1865d6f0d70cdd2f4f192de1298f356d26658a6041ea4e0126,,
80,0x50,15,0x0F,high_conf_static_A4,script_pack_A4_source_selection,unknown,1,1,A4_xx_B2_dd_A4_yy:first,CC:1DEA,0,,,C8:ABC4,2,normal_master,C8:AF71,33,2a83f06f2ac29cbee03ff9be798bacf7f677db27d1cf8107c67522b9473a85c9,,
80,0x50,16,0x10,high_conf_static_A4,script_pack_A4_source_selection,unknown,2,1,A4_xx_B0;A4_xx_B2_dd_A4_yy:second,CC:1DEE,0,,,C8:ABC4,2,normal_master,C8:AF88,87,ff65c9813dd4b8dc945a112beaa034cdff65074ec15cf46aecff15bb40fc6c22,,
80,0x50,17,0x11,high_conf_static_A4,script_pack_A4_source_selection,unknown,1,1,A4_xx_B0,CC:1DFF,0,,,C8:ABC4,2,normal_master,C8:AFCC,139,f1a2fa9b93dddfb4728208e83bad862b23bf6f400bb0e2cd790448b6a61b8944,,
80,0x50,18,0x12,high_conf_static_A4,script_pack_A4_source_selection,unknown,1,1,A4_xx_B0,CC:1E10,0,,,C8:ABC4,2,normal_master,C8:B036,136,fef9f958df41b286dd1d5d49058951af5bc13a8d2885e8cee0090a59109277f9,,
81,0x51,0,0x00,high_conf_static_A4,script_pack_A4_source_selection,unknown,1,1,A4_xx_B0,CC:1F67,0,,,C8:B1D5,1,normal_master,C8:B1D6,42,262bfb46cec558ff456c280b642cee509142cd73f38b23a35859f24bb9413372,,
81,0x51,1,0x01,high_conf_static_A4,script_pack_A4_source_selection,unknown,1,1,A4_xx_B0,CC:1F7C,0,,,C8:B1D5,1,normal_master,C8:B200,98,999e21468da834e4384627f527ccc2a221d36fd949822e57c62aacc5696fe967,,
81,0x51,4,0x04,high_conf_static_A4,script_pack_A4_source_selection,unknown,1,1,A4_xx_B2_dd_A4_yy:first,CC:1FAB,0,,,C8:B1D5,1,normal_master,C8:B265,80,f7ec043c0f21e4d399e94f6e2d41e155f9bf759250b223cb667c2003587a2daf,,
81,0x51,5,0x05,high_conf_static_A4,script_pack_A4_source_selection,unknown,2,1,A4_xx_B0;A4_xx_B2_dd_A4_yy:second,CC:1FAF,0,,,C8:B1D5,1,normal_master,C8:B292,24,d19ef151924a1bd8e6fa4aca718589da3da4d2c71ea26324dc462297ab7bb33d,,
81,0x51,6,0x06,high_conf_static_A4,script_pack_A4_source_selection,unknown,1,1,A4_xx_B2_dd_A4_yy:first,CC:1FCC,0,,,C8:B1D5,1,normal_master,C8:B296,24,c56708f16a72034b324032dddf5ef8f708c9fc03228d1c4a32eec5bc424fb48f,,
81,0x51,7,0x07,high_conf_static_A4,script_pack_A4_source_selection,unknown,1,1,A4_xx_B2_dd_A4_yy:second,CC:1FD0,0,,,C8:B1D5,1,normal_master,C8:B29A,42,262bfb46cec558ff456c280b642cee509142cd73f38b23a35859f24bb9413372,,
81,0x51,8,0x08,high_conf_static_A4,script_pack_A4_source_selection,unknown,1,1,A4_xx_B2_dd_A4_yy:first,CC:1FD9,0,,,C8:B1D5,1,normal_master,C8:B2A0,106,8a64864e831ca580270cc402e53548caf684ac79288d14d9aaf5ffcdcba2afca,,
81,0x51,9,0x09,high_conf_static_A4,script_pack_A4_source_selection,unknown,2,1,A4_xx_B0;A4_xx_B2_dd_A4_yy:second,CC:1FDD,0,,,C8:B1D5,1,normal_master,C8:B301,51,8d93a50e96fc74f9513da81523c68bdc5e39e5d7f9f6aec339c5fc2edef51226,,
81,0x51,10,0x0A,high_conf_static_A4,script_pack_A4_source_selection,unknown,1,1,A4_xx_B0,CC:1FF2,0,,,C8:B1D5,1,normal_master,C8:B32D,82,71515f725929f31f589466bda22d57cfedb368446e8750a576038717fc7f7f88,,
81,0x51,11,0x0B,high_conf_static_A4,script_pack_A4_source_selection,unknown,1,1,A4_xx_B2_dd_A4_yy:first,CC:2012,0,,,C8:B1D5,1,normal_master,C8:B376,59,2adc0bd73d2b900cce5f587a6611ba88c2f0ad223eb3d17db030aaa0b0daa92e,,
81,0x51,12,0x0C,high_conf_static_A4,script_pack_A4_source_selection,unknown,2,1,A4_xx_B0;A4_xx_B2_dd_A4_yy:second,CC:2016,0,,,C8:B1D5,1,normal_master,C8:B3A9,89,c7f6ee44a04d1e621ab9cd933532aaad8c7bb8ac2076c095e63a19dd7b7397c8,,
81,0x51,15,0x0F,high_conf_static_A4,script_pack_A4_source_selection,unknown,1,1,A4_xx_B0,CC:2054,0,,,C8:B1D5,1,normal_master,C8:B45F,88,353c7f89670b00d1ee14fdab1afccf2b8e44ecd4d013cb07d9f904e57c7cb5db,,
81,0x51,16,0x10,high_conf_static_A4,script_pack_A4_source_selection,unknown,1,1,A4_xx_B0,CC:2069,0,,,C8:B1D5,1,normal_master,C8:B4A5,52,e21a85ec1fd56fac2455fe0392a3a5299a197a1424d6cf68027177a3e05999ae,,
81,0x51,17,0x11,high_conf_static_A4,script_pack_A4_source_selection,unknown,1,1,A4_xx_B0,CC:207E,0,,,C8:B1D5,1,normal_master,C8:B4BF,22,7ec1d1ae7da6f568418b88431f7ed6813ddfaeed156d29836033ec9fdb122783,,
81,0x51,18,0x12,high_conf_static_A4,script_pack_A4_source_selection,unknown,1,1,A4_xx_B2_dd_A4_yy:first,CC:2097,0,,,C8:B1D5,1,normal_master,C8:B4C3,13,a716f2503453e11c96fa3515dc3408993b6783291c33dda4f34d9ea0c3ebde98,,
81,0x51,19,0x13,high_conf_static_A4,script_pack_A4_source_selection,unknown,1,1,A4_xx_B2_dd_A4_yy:second,CC:209B,0,,,C8:B1D5,1,normal_master,C8:B4CC,25,52cc220acffb347656cad58cf3131c610aac8f7c9c5bc6bd576aa1b799e71894,,
81,0x51,22,0x16,high_conf_static_A4,script_pack_A4_source_selection,unknown,1,1,A4_xx_B0,CC:20B8,0,,,C8:B1D5,1,normal_master,C8:B5BC,115,0fd2c648fda5741f92673740b9dae68ded61eaa51fdddc8e1e57a05468bb14ec,,
81,0x51,23,0x17,high_conf_static_A4,script_pack_A4_source_selection,unknown,1,1,A4_xx_B2_dd_A4_yy:first,CC:20D1,0,,,C8:B1D5,1,normal_master,C8:B60F,87,419d4a191a6caf44a9f399554760d641c9af15ba2e436647cade6f7978d295a8,,
81,0x51,24,0x18,high_conf_static_A4,script_pack_A4_source_selection,unknown,2,1,A4_xx_B0;A4_xx_B2_dd_A4_yy:second,CC:20D5,0,,,C8:B1D5,1,normal_master,C8:B654,58,dabad739d4629c5cf3721a53251d2b06451fc458cb861b4d6302d11db1033898,,
81,0x51,25,0x19,high_conf_static_A4,script_pack_A4_source_selection,unknown,1,1,A4_xx_B0,CC:20EA,0,,,C8:B1D5,1,normal_master,C8:B689,53,00e425679685103637b1c90d3439d6c7e6ea9b342c8845a3afced9c441b5455c,,
82,0x52,9,0x09,high_conf_static_A4,script_pack_A4_source_selection,unknown,1,1,A4_xx_B2_dd_A4_yy:first,CC:2208,0,,,C8:B783,1,normal_master,C8:B960,49,764493f37ac11301ed3db5039b15766d1e3c04f2b2b260a875772fdc3332e5c6,,
82,0x52,10,0x0A,high_conf_static_A4,script_pack_A4_source_selection,unknown,2,1,A4_xx_B2_dd_A4_yy:first;A4_xx_B2_dd_A4_yy:second,CC:220C,0,,,C8:B783,1,normal_master,C8:B986,41,d66c19935bf6e0a5b6edb02dc9cc95ad8d1a50dff37f9ce3916fe9d5ff5e9378,,
82,0x52,11,0x0B,high_conf_static_A4,script_pack_A4_source_selection,unknown,2,1,A4_xx_B0;A4_xx_B2_dd_A4_yy:second,CC:2210,0,,,C8:B783,1,normal_master,C8:B9AA,80,1328d30c35545e516c2713909204dcce342809dd1dba4154dd57ece1cdbcce7d,,
82,0x52,12,0x0C,high_conf_static_A4,script_pack_A4_source_selection,unknown,1,1,A4_xx_B0,CC:2225,0,,,C8:B783,1,normal_master,C8:B9E9,78,257f0cf8490cb39f307e018eb6e6449350174d7f5711d5fd00a5e8a36230ae73,,
82,0x52,16,0x10,high_conf_static_A4,script_pack_A4_source_selection,unknown,1,1,A4_xx_B2_dd_A4_yy:first,CC:225D,0,,,C8:B783,1,normal_master,C8:BAE1,80,aa7161620f9514863245e8d4765fcd0a185ab3a27e2aa9bc864f5b65a4a3c225,,
82,0x52,17,0x11,high_conf_static_A4,script_pack_A4_source_selection,unknown,2,1,A4_xx_B0;A4_xx_B2_dd_A4_yy:second,CC:2261,0,,,C8:B783,1,normal_master,C8:BB13,36,1f8614dd07623b0e21f7322e275c7ba8aa243cb737d9ad64411324bb170899ca,,
82,0x52,18,0x12,high_conf_static_A4,script_pack_A4_source_selection,unknown,1,1,A4_xx_B2_dd_A4_yy:first,CC:227A,0,,,C8:B783,1,normal_master,C8:BB32,45,09b5f8e0ce75022878fd06cb5a6d491fedd33f88ad8028410c91af159564d66e,,
82,0x52,19,0x13,high_conf_static_A4,script_pack_A4_source_selection,unknown,2,1,A4_xx_B0;A4_xx_B2_dd_A4_yy:second,CC:227E,0,,,C8:B783,1,normal_master,C8:BB49,15,bace1a86d16646b211461e25dc7afc024c8a2d618a79ddec90fbf822cf5adf9b,,
82,0x52,20,0x14,high_conf_static_A4,script_pack_A4_source_selection,unknown,1,1,A4_xx_B2_dd_A4_yy:first,CC:229B,0,,,C8:B783,1,normal_master,C8:BB54,15,bace1a86d16646b211461e25dc7afc024c8a2d618a79ddec90fbf822cf5adf9b,,
82,0x52,21,0x15,high_conf_static_A4,script_pack_A4_source_selection,unknown,1,1,A4_xx_B2_dd_A4_yy:second,CC:229F,0,,,C8:B783,1,normal_master,C8:BB54,56,472c18e6b7d6a2c1a912eebaaf9dc3b94a2b25be8dda627af549c860bdcf16af,,
82,0x52,22,0x16,high_conf_static_A4,script_pack_A4_source_selection,unknown,1,1,A4_xx_B2_dd_A4_yy:first,CC:22CB,0,,,C8:B783,1,normal_master,C8:BB7D,47,ed91fd052a1f2bd5e01413341f17e89a110159c6891aae8d914699a7425d1a4f,,
82,0x52,23,0x17,high_conf_static_A4,script_pack_A4_source_selection,unknown,2,1,A4_xx_B0;A4_xx_B2_dd_A4_yy:second,CC:22CF,0,,,C8:B783,1,normal_master,C8:BBAA,61,f02c1ece83d0fd82e026900b2380f029299d9d88f3a31f479af2e5062270911d,,
82,0x52,24,0x18,high_conf_static_A4,script_pack_A4_source_selection,unknown,1,1,A4_xx_B2_dd_A4_yy:first,CC:22EB,0,,,C8:B783,1,normal_master,C8:BBD6,8,c786a8267d05c8bed030a82906d366eb7a64395a97e85658240c558ee726bbbe,,
82,0x52,25,0x19,high_conf_static_A4,script_pack_A4_source_selection,unknown,2,1,A4_xx_B0;A4_xx_B2_dd_A4_yy:second,CC:22EF,0,,,C8:B783,1,normal_master,C8:BBDA,7,bcce7903fe6162cbeba4761f1ca24fb1b28dc61b4287d5b0d00422a2182e8c39,,
82,0x52,26,0x1A,high_conf_static_A4,script_pack_A4_source_selection,unknown,1,1,A4_xx_B2_dd_A4_yy:first,CC:230B,0,,,C8:B783,1,normal_master,C8:BBDB,22,a75aaab59f853cf2f6e96b877fbcd7aba819478690ac3b48d4d25dcbaa039c5d,,
82,0x52,27,0x1B,high_conf_static_A4,script_pack_A4_source_selection,unknown,2,1,A4_xx_B0;A4_xx_B2_dd_A4_yy:second,CC:230F,0,,,C8:B783,1,normal_master,C8:BBDE,22,5552da2d00e79bbb6abbd0000f68f58f5d0d4b46b21bc0166ec322ed82f8e05f,,
82,0x52,28,0x1C,high_conf_static_A4,script_pack_A4_source_selection,unknown,1,1,A4_xx_B0,CC:2327,0,,,C8:B783,1,normal_master,C8:BBE1,10,089a1335c0900c2c0fcfd0a79b96755f951a049d2e5792da1b284ab2f7824bfc,,
82,0x52,29,0x1D,high_conf_static_A4,script_pack_A4_source_selection,unknown,1,1,A4_xx_B0,CC:233F,0,,,C8:B783,1,normal_master,C8:BBE3,8,c786a8267d05c8bed030a82906d366eb7a64395a97e85658240c558ee726bbbe,,
83,0x53,1,0x01,high_conf_static_A4,script_pack_A4_source_selection,unknown,1,1,A4_xx_B0,CC:2603,0,,,C8:BBD6,0,normal_master,C8:BD0C,22,cfae13c88b520d6cb995726b7dca8140aa52c314e46409725b4181060b2a05e1,,
83,0x53,2,0x02,high_conf_static_A4,script_pack_A4_source_selection,unknown,1,1,A4_xx_B0,CC:2614,0,,,C8:BBD6,0,normal_master,C8:BD22,30,4fd139acecf3647b5396092a8e13b2e50432038200d0fb0a2d2bdccbc0b8fc04,,
83,0x53,3,0x03,high_conf_static_A4,script_pack_A4_source_selection,unknown,1,1,A4_xx_B0,CC:2625,0,,,C8:BBD6,0,normal_master,C8:BD40,66,f4871708393641931a719ee18ee46bd4f3879ddec020f5bfb61bc2429e35948f,,
83,0x53,4,0x04,high_conf_static_A4,script_pack_A4_source_selection,unknown,1,1,A4_xx_B0,CC:2636,0,,,C8:BBD6,0,normal_master,C8:BD82,11,fc605883d477068cfb36910ea9b7a7fad0cec5660bc5d23b1cd664ed1b313891,,
83,0x53,5,0x05,high_conf_static_A4,script_pack_A4_source_selection,unknown,1,1,A4_xx_B0,CC:2647,0,,,C8:BBD6,0,normal_master,C8:BD8D,7,f88045d46839d01ba0063bf1f7fb7e755f70de4c9c9e9527e4b135a3df22b8b8,,
83,0x53,6,0x06,high_conf_static_A4,script_pack_A4_source_selection,unknown,1,1,A4_xx_B0,CC:2658,0,,,C8:BBD6,0,normal_master,C8:BD94,32,cf51b8fb04e3c7d5f20776c9039b5e9482501eaaeed25817d3106b0828dd9bdc,,
83,0x53,7,0x07,high_conf_static_A4,script_pack_A4_source_selection,unknown,1,1,A4_xx_B0,CC:2669,0,,,C8:BBD6,0,normal_master,C8:BDB4,15,d298385d74956ed609b2487dbc66829dc0eae3d83970d79a4ac2b26ec240d0ae,,
83,0x53,8,0x08,high_conf_static_A4,script_pack_A4_source_selection,unknown,1,1,A4_xx_B0,CC:267A,0,,,C8:BBD6,0,normal_master,C8:BDC3,61,dfdcba23d31df41aef9fd6ff6f728816e8b6e4cd4162b7d2c4f47d121ece8756,,
83,0x53,9,0x09,high_conf_static_A4,script_pack_A4_source_selection,unknown,1,1,A4_xx_B0,CC:268B,0,,,C8:BBD6,0,normal_master,C8:BE00,44,49f887eec5815eea4db9a190333e8927cf2c99ebeefddad01d024a4c2eb8678c,,
83,0x53,10,0x0A,high_conf_static_A4,script_pack_A4_source_selection,unknown,1,1,A4_xx_B0,CC:269C,0,,,C8:BBD6,0,normal_master,C8:BE2C,5,b0ee2580d3a65ac43f81178a6cc09dacbfbbbd0730179c16cc325c3a508f3e98,,
83,0x53,11,0x0B,high_conf_static_A4,script_pack_A4_source_selection,unknown,1,1,A4_xx_B0,CC:26AD,0,,,C8:BBD6,0,normal_master,C8:BE31,114,5624c598d396fb3f77306ea69a9b7647e3abff867783438ac242a4df399e5d34,,
83,0x53,12,0x0C,high_conf_static_A4,script_pack_A4_source_selection,unknown,1,1,A4_xx_B0,CC:26BE,0,,,C8:BBD6,0,normal_master,C8:BEA3,190,1a3d1281d7f37759e4b1e3fcc0ac9de78ff492eb2f4254112bfa08491467c15a,,
83,0x53,14,0x0E,high_conf_static_A4,script_pack_A4_source_selection,unknown,1,1,A4_xx_B0,CC:26DD,0,,,C8:BBD6,0,normal_master,C8:BFD4,11,3632aa78f72d81d4d8e5a6a54d621ef1c75ab9c0e5087a2fe0a029daa58474f9,,
83,0x53,17,0x11,high_conf_static_A4,script_pack_A4_source_selection,unknown,1,1,A4_xx_B0,CC:26FB,0,,,C8:BBD6,0,normal_master,C8:C03D,16,21cc3818550ef74be27384cd1091eb39e64455f91131f44b80ce725d6ae12757,,
83,0x53,21,0x15,high_conf_static_A4,script_pack_A4_source_selection,unknown,1,1,A4_xx_B0,CC:2726,0,,,C8:BBD6,0,normal_master,C8:C0A2,24,8f0d91844689cade57a23fb406c4176100b8948b5bf865f813cf5ce0fb9f71e0,,
83,0x53,22,0x16,high_conf_static_A4,script_pack_A4_source_selection,unknown,1,1,A4_xx_B0,CC:2737,0,,,C8:BBD6,0,normal_master,C8:C0BA,17,053ff1971a7d204febaa63468a1241b586ac6917ce088200afd49ec688ba6027,,
83,0x53,23,0x17,high_conf_static_A4,script_pack_A4_source_selection,unknown,1,1,A4_xx_B0,CC:2748,0,,,C8:BBD6,0,normal_master,C8:C0CB,58,f994b6349a70ef637bf8caa69b851aa0e63e7f65d1ce9b465fbf5171b405e9b3,,
87,0x57,3,0x03,high_conf_static_A4,script_pack_A4_source_selection,unknown,1,1,A4_xx_B0,CC:29D4,0,,,C8:BE4A,2,normal_master,C8:BEEE,27,d61aa6012e075fbb943f8ec65bd988365f8deb1672f45b956a20e68a699d6c37,,
88,0x58,4,0x04,high_conf_static_A4,script_pack_A4_source_selection,unknown,1,1,A4_xx_B0,CC:2BEC,0,,,C8:BF12,1,normal_master,C8:C02C,36,89bd167622a9ef3bdbababc6a60fb402edeb5ac723f966db4dbe26d8326a4b38,,
89,0x59,8,0x08,high_conf_static_A4,script_pack_A4_source_selection,unknown,1,1,A4_xx_B2_dd_A4_yy:first,CC:2E1A,0,,,C8:D1A0,2,normal_master,C8:D3C2,50,71dcb6d258a1c7411ab7e1b8f7061520ae85646d59ad50ce578c6971924ca537,,
89,0x59,9,0x09,high_conf_static_A4,script_pack_A4_source_selection,unknown,1,1,A4_xx_B2_dd_A4_yy:second,CC:2E1E,0,,,C8:D1A0,2,normal_master,C8:D3EB,50,22f8c34ea944b45394222c91a78259f78a17bfbe293e8d1b090e82135d0589bf,,
89,0x59,32,0x20,high_conf_static_A4,script_pack_A4_source_selection,unknown,1,1,A4_xx_B2_dd_A4_yy:first,CC:2F8A,0,,,C8:D1A0,2,normal_master,C8:D88E,114,c9b8dd5d8024e46dff7c64d1708cfb0a60f7ff8f8a437fe5795df46db924acea,,
89,0x59,33,0x21,high_conf_static_A4,script_pack_A4_source_selection,unknown,1,1,A4_xx_B2_dd_A4_yy:second,CC:2F8E,0,,,C8:D1A0,2,normal_master,C8:D8E5,76,4959e9a8cea635807757f745799c9880e43108f11071e4b51e7d99a1f377051e,,
89,0x59,73,0x49,high_conf_static_A4,script_pack_A4_source_selection,unknown,1,1,A4_xx_B0,CC:30E2,0,,,C8:D1A0,2,normal_master,C8:DF61,19,533c2c680843ddc1aea0ab346371accf1e36b01082ed243e8ac42c2d6e026337,,
89,0x59,79,0x4F,high_conf_static_A4,script_pack_A4_source_selection,unknown,1,1,A4_xx_B0,CC:315B,0,,,C8:D1A0,2,normal_master,C8:DFB7,82,b1c27504f034a683c90b04eb90367e11febabaee465f38c908458bf09b708616,,
89,0x59,81,0x51,high_conf_static_A4,script_pack_A4_source_selection,unknown,1,1,A4_xx_B0,CC:3180,0,,,C8:D1A0,2,normal_master,C8:DFFE,62,b17830648b995ba33669349132be71f0b18ba7efabbeba35a856be2be024f56c,,
90,0x5A,0,0x00,high_conf_static_A4,script_pack_A4_source_selection,unknown,1,1,A4_xx_B0,CC:3353,0,,,C8:D315,2,normal_master,C8:D316,111,3266dab46d8e42d642292d7162ad245c3341bc85bc9bdbbc0014bed122d2c231,,
90,0x5A,1,0x01,high_conf_static_A4,script_pack_A4_source_selection,unknown,1,1,A4_xx_B0,CC:3364,0,,,C8:D315,2,normal_master,C8:D36C,111,fea502a1fcee84a2f1a5e765b11cd5ac217697dd1be6da3b832412408ff0c1c1,,
90,0x5A,2,0x02,high_conf_static_A4,script_pack_A4_source_selection,unknown,1,1,A4_xx_B2_dd_A4_yy:first,CC:3379,0,,,C8:D315,2,normal_master,C8:D3C2,50,71dcb6d258a1c7411ab7e1b8f7061520ae85646d59ad50ce578c6971924ca537,,
90,0x5A,3,0x03,high_conf_static_A4,script_pack_A4_source_selection,unknown,2,1,A4_xx_B0;A4_xx_B2_dd_A4_yy:second,CC:337D,0,,,C8:D315,2,normal_master,C8:D3EB,50,22f8c34ea944b45394222c91a78259f78a17bfbe293e8d1b090e82135d0589bf,,
90,0x5A,4,0x04,high_conf_static_A4,script_pack_A4_source_selection,unknown,1,1,A4_xx_B0,CC:338E,0,,,C8:D315,2,normal_master,C8:D40F,76,9186052f200ac2db7beef708458239c850ac0ac629e02f4a818ba5747d0fe16b,,
90,0x5A,5,0x05,high_conf_static_A4,script_pack_A4_source_selection,unknown,1,1,A4_xx_B0,CC:339F,0,,,C8:D315,2,normal_master,C8:D448,94,356ed7ee6436704c58e0ccae3decaab51b289cbf275d8ad80d2619bcb37a467e,,
91,0x5B,0,0x00,high_conf_static_A4,script_pack_A4_source_selection,unknown,1,1,A4_xx_B2_dd_A4_yy:first,CC:347E,0,,,C8:D7F6,2,normal_master,C8:D7F7,104,4a5089d3f3405f8cea9db3d94a612241bba1fa9a698198b7dd151b50418260b9,,
91,0x5B,1,0x01,high_conf_static_A4,script_pack_A4_source_selection,unknown,2,1,A4_xx_B2_dd_A4_yy:first;A4_xx_B2_dd_A4_yy:second,CC:3482,0,,,C8:D7F6,2,normal_master,C8:D846,48,e4eb6e1f3111cb00859d7223a81d232c7824cfa977d1797564dc1aa440f938df,,
91,0x5B,2,0x02,high_conf_static_A4,script_pack_A4_source_selection,unknown,2,1,A4_xx_B0;A4_xx_B2_dd_A4_yy:second,CC:3486,0,,,C8:D7F6,2,normal_master,C8:D86A,47,562171db1c06953e441d69b97805be7626ac3077f4050ae1bf0be6f8194ce71b,,
91,0x5B,3,0x03,high_conf_static_A4,script_pack_A4_source_selection,unknown,1,1,A4_xx_B2_dd_A4_yy:first,CC:349F,0,,,C8:D7F6,2,normal_master,C8:D88E,114,c9b8dd5d8024e46dff7c64d1708cfb0a60f7ff8f8a437fe5795df46db924acea,,
91,0x5B,4,0x04,high_conf_static_A4,script_pack_A4_source_selection,unknown,2,1,A4_xx_B2_dd_A4_yy:first;A4_xx_B2_dd_A4_yy:second,CC:34A3,0,,,C8:D7F6,2,normal_master,C8:D8E5,76,4959e9a8cea635807757f745799c9880e43108f11071e4b51e7d99a1f377051e,,
91,0x5B,5,0x05,high_conf_static_A4,script_pack_A4_source_selection,unknown,2,1,A4_xx_B0;A4_xx_B2_dd_A4_yy:second,CC:34A7,0,,,C8:D7F6,2,normal_master,C8:D91E,47,c35eec97dbc48c62c0e0c94ce68e8045e1ab13ff6a3b0a17cd29949172fb0e5c,,
91,0x5B,6,0x06,high_conf_static_A4,script_pack_A4_source_selection,unknown,1,1,A4_xx_B2_dd_A4_yy:first,CC:34C0,0,,,C8:D7F6,2,normal_master,C8:D942,53,db3caab813aae19666bd022e791d022c9523f988c2adf12cae97ea6823e71fc9,,
91,0x5B,7,0x07,high_conf_static_A4,script_pack_A4_source_selection,unknown,2,1,A4_xx_B2_dd_A4_yy:first;A4_xx_B2_dd_A4_yy:second,CC:34C4,0,,,C8:D7F6,2,normal_master,C8:D96B,95,20d84fa10b83127cf809b5bfd5e55d8b7f0c96b5739592f1dca2ad1c95ba4b0f,,
91,0x5B,8,0x08,high_conf_static_A4,script_pack_A4_source_selection,unknown,2,1,A4_xx_B0;A4_xx_B2_dd_A4_yy:second,CC:34C8,0,,,C8:D7F6,2,normal_master,C8:D9B4,65,52fee203f95bdba7451206a17c6be06e948dea6c324fff738ea6051d6b91d7db,,
91,0x5B,9,0x09,high_conf_static_A4,script_pack_A4_source_selection,unknown,1,1,A4_xx_B0,CC:34D9,0,,,C8:D7F6,2,normal_master,C8:D9E6,97,ee0da73d3776359e88de18db2dbb45a4a03c716abc1f4ead7f4f5fdfbfdce753,,
91,0x5B,10,0x0A,high_conf_static_A4,script_pack_A4_source_selection,unknown,1,1,A4_xx_B2_dd_A4_yy:first,CC:34F2,0,,,C8:D7F6,2,normal_master,C8:DA30,41,052cdee5a4946c602179d295bdad1cd42a140c801ab8c2cc97b78b636d39b9c8,,
91,0x5B,11,0x0B,high_conf_static_A4,script_pack_A4_source_selection,unknown,1,1,A4_xx_B2_dd_A4_yy:second,CC:34F6,0,,,C8:D7F6,2,normal_master,C8:DA51,105,218f73d85cfc4ef412e4a22175f89765f94b00856151109d32b49fcc4a548233,,
91,0x5B,13,0x0D,high_conf_static_A4,script_pack_A4_source_selection,unknown,1,1,A4_xx_B0,CC:3508,0,,,C8:D7F6,2,normal_master,C8:DAD8,33,1ba40cf1364403e3623a8442cdae6593fa84b2a5a04c339d6d8a5f632f900623,,
91,0x5B,14,0x0E,high_conf_static_A4,script_pack_A4_source_selection,unknown,1,1,A4_xx_B2_dd_A4_yy:first,CC:3521,0,,,C8:D7F6,2,normal_master,C8:DAF1,47,366ecac3431de4b80868ac2e62b8268327faaaa6e1d35802cabb115166255aba,,
91,0x5B,15,0x0F,high_conf_static_A4,script_pack_A4_source_selection,unknown,1,1,A4_xx_B2_dd_A4_yy:second,CC:3525,0,,,C8:D7F6,2,normal_master,C8:DB14,43,5390705b779a0aa226bc075259859ecd3361c4560c9b9fdb083702c68577abf8,,
91,0x5B,17,0x11,high_conf_static_A4,script_pack_A4_source_selection,unknown,1,1,A4_xx_B2_dd_A4_yy:first,CC:352E,0,,,C8:D7F6,2,normal_master,C8:DB61,39,0ef2278dda88df0d567c3f85a0cb014e703cd60b5696e812bd0e7503ec2e0cc5,,
91,0x5B,18,0x12,high_conf_static_A4,script_pack_A4_source_selection,unknown,1,1,A4_xx_B2_dd_A4_yy:second,CC:3532,0,,,C8:D7F6,2,normal_master,C8:DB7E,91,0faabfb2aeb2ddaefd38533fe596502f66b5ef792a4d9ba7abd06ee405b949ce,,
91,0x5B,20,0x14,high_conf_static_A4,script_pack_A4_source_selection,unknown,1,1,A4_xx_B0,CC:353B,0,,,C8:D7F6,2,normal_master,C8:DC03,97,a352691d25aaa6632946abbe1540a580bae8342944e7168b3fea48472252fe94,,
91,0x5B,21,0x15,high_conf_static_A4,script_pack_A4_source_selection,unknown,1,1,A4_xx_B2_dd_A4_yy:first,CC:3550,0,,,C8:D7F6,2,normal_master,C8:DC4C,79,4783c3b45201ae8f99c3e0318406a3f78d1f7e83cd5843b7cd90940342558ba4,,
91,0x5B,22,0x16,high_conf_static_A4,script_pack_A4_source_selection,unknown,2,1,A4_xx_B0;A4_xx_B2_dd_A4_yy:second,CC:3554,0,,,C8:D7F6,2,normal_master,C8:DC88,74,3076a7b8c7e7d27294f2b1eb8208731a0c4c131450168b37a0cebdce2126820b,,
92,0x5C,0,0x00,high_conf_static_A4,script_pack_A4_source_selection,unknown,1,1,A4_xx_B0,CC:3637,0,,,C8:D9B4,2,normal_master,C8:D9B5,62,3bdba33d6d19887feb932602f591cf50afd024261a37aae95de204c92a245aea,,
92,0x5C,1,0x01,high_conf_static_A4,script_pack_A4_source_selection,unknown,1,1,A4_xx_B0,CC:3648,0,,,C8:D9B4,2,normal_master,C8:D9E6,97,ee0da73d3776359e88de18db2dbb45a4a03c716abc1f4ead7f4f5fdfbfdce753,,
92,0x5C,2,0x02,high_conf_static_A4,script_pack_A4_source_selection,unknown,1,1,A4_xx_B0,CC:3659,0,,,C8:D9B4,2,normal_master,C8:DA30,41,052cdee5a4946c602179d295bdad1cd42a140c801ab8c2cc97b78b636d39b9c8,,
92,0x5C,3,0x03,high_conf_static_A4,script_pack_A4_source_selection,unknown,1,1,A4_xx_B0,CC:366A,0,,,C8:D9B4,2,normal_master,C8:DA51,105,218f73d85cfc4ef412e4a22175f89765f94b00856151109d32b49fcc4a548233,,
92,0x5C,5,0x05,high_conf_static_A4,script_pack_A4_source_selection,unknown,1,1,A4_xx_B0,CC:3689,0,,,C8:D9B4,2,normal_master,C8:DAD8,33,1ba40cf1364403e3623a8442cdae6593fa84b2a5a04c339d6d8a5f632f900623,,
92,0x5C,6,0x06,high_conf_static_A4,script_pack_A4_source_selection,unknown,1,1,A4_xx_B0,CC:369A,0,,,C8:D9B4,2,normal_master,C8:DAF1,47,366ecac3431de4b80868ac2e62b8268327faaaa6e1d35802cabb115166255aba,,
92,0x5C,7,0x07,high_conf_static_A4,script_pack_A4_source_selection,unknown,1,1,A4_xx_B0,CC:36AB,0,,,C8:D9B4,2,normal_master,C8:DB14,43,5390705b779a0aa226bc075259859ecd3361c4560c9b9fdb083702c68577abf8,,
93,0x5D,0,0x00,high_conf_static_A4,script_pack_A4_source_selection,unknown,1,1,A4_xx_B0,CC:3773,0,,,C8:DB35,2,normal_master,C8:DB36,53,dbca631dfa02052efc5618765429c4409c53d825354f87abebff8b831b38e73a,,
93,0x5D,1,0x01,high_conf_static_A4,script_pack_A4_source_selection,unknown,1,1,A4_xx_B0,CC:3784,0,,,C8:DB35,2,normal_master,C8:DB61,39,0ef2278dda88df0d567c3f85a0cb014e703cd60b5696e812bd0e7503ec2e0cc5,,
93,0x5D,2,0x02,high_conf_static_A4,script_pack_A4_source_selection,unknown,1,1,A4_xx_B0,CC:3795,0,,,C8:DB35,2,normal_master,C8:DB7E,91,0faabfb2aeb2ddaefd38533fe596502f66b5ef792a4d9ba7abd06ee405b949ce,,
93,0x5D,3,0x03,high_conf_static_A4,script_pack_A4_source_selection,unknown,1,1,A4_xx_B0,CC:37A6,0,,,C8:DB35,2,normal_master,C8:DBC2,89,02b5d76b4579262f0f079552dc6cafb19e985e4b172e2a90cc10b5368992131f,,
93,0x5D,5,0x05,high_conf_static_A4,script_pack_A4_source_selection,unknown,1,1,A4_xx_B0,CC:37C5,0,,,C8:DB35,2,normal_master,C8:DC4C,79,4783c3b45201ae8f99c3e0318406a3f78d1f7e83cd5843b7cd90940342558ba4,,
93,0x5D,6,0x06,high_conf_static_A4,script_pack_A4_source_selection,unknown,1,1,A4_xx_B0,CC:37D6,0,,,C8:DB35,2,normal_master,C8:DC88,74,3076a7b8c7e7d27294f2b1eb8208731a0c4c131450168b37a0cebdce2126820b,,
93,0x5D,7,0x07,high_conf_static_A4,script_pack_A4_source_selection,unknown,1,1,A4_xx_B0,CC:37E7,0,,,C8:DB35,2,normal_master,C8:DCC0,54,46e040d4d6a68dee45e3bf1a31611bbc59b7b72b1750d2c66f15c2ade6cd3507,,
94,0x5E,0,0x00,high_conf_static_A4,script_pack_A4_source_selection,unknown,1,1,A4_xx_B0,CC:38AF,0,,,C8:DCEA,1,normal_master,C8:DCEB,40,d0e382c9f8ce0891251c2a3e0ad0867780295ec35b76441ffc9d63861dcccb82,,
94,0x5E,1,0x01,high_conf_static_A4,script_pack_A4_source_selection,unknown,1,1,A4_xx_B0,CC:38C0,0,,,C8:DCEA,1,normal_master,C8:DD18,40,d0e382c9f8ce0891251c2a3e0ad0867780295ec35b76441ffc9d63861dcccb82,,
94,0x5E,2,0x02,high_conf_static_A4,script_pack_A4_source_selection,unknown,1,1,A4_xx_B0,CC:38D1,0,,,C8:DCEA,1,normal_master,C8:DD1B,47,5e53e203a7f4c170452131d4ffa487e2eb29f334a45fc6bc67b6759b2a96d227,,
94,0x5E,3,0x03,high_conf_static_A4,script_pack_A4_source_selection,unknown,1,1,A4_xx_B0,CC:38E2,0,,,C8:DCEA,1,normal_master,C8:DD2F,100,a7c4a64850af93dceaa1c6b4dc23e7a7bd677b604593c87fe9d310a9bfa8301a,,
94,0x5E,5,0x05,high_conf_static_A4,script_pack_A4_source_selection,unknown,1,1,A4_xx_B0,CC:3901,0,,,C8:DCEA,1,normal_master,C8:DDAD,48,9400aa684151b682a4ce2ab83e1eb06f507d535dc4ff969e037176e26abead89,,
94,0x5E,6,0x06,high_conf_static_A4,script_pack_A4_source_selection,unknown,1,1,A4_xx_B0,CC:3912,0,,,C8:DCEA,1,normal_master,C8:DDCE,87,fd2f6a4ffce7b9f65111d2607a6e1c6dde1f112cb820e41f31dad02aa7ad06b5,,
94,0x5E,7,0x07,high_conf_static_A4,script_pack_A4_source_selection,unknown,1,1,A4_xx_B0,CC:3923,0,,,C8:DCEA,1,normal_master,C8:DE0E,44,7a4b6320fd37ed68c0955d5e2c17391f53da677009b253c96b5d7f16d32dbd4e,,
95,0x5F,0,0x00,high_conf_static_A4,script_pack_A4_source_selection,unknown,1,1,A4_xx_B2_dd_A4_yy:first,CC:39FF,0,,,C8:E1C3,2,normal_master,C8:E1C4,51,dd3288841ddc0321aba29b832b137c7e5d77631160d99fa167562674268828e5,,
95,0x5F,1,0x01,high_conf_static_A4,script_pack_A4_source_selection,unknown,2,1,A4_xx_B2_dd_A4_yy:first;A4_xx_B2_dd_A4_yy:second,CC:3A03,0,,,C8:E1C3,2,normal_master,C8:E1EB,39,e8d294af54618fef51decc7bdfeceaa3759cd09ca9a4a30c704ad1ca82be7cf1,,
95,0x5F,2,0x02,high_conf_static_A4,script_pack_A4_source_selection,unknown,2,1,A4_xx_B0;A4_xx_B2_dd_A4_yy:second,CC:3A07,0,,,C8:E1C3,2,normal_master,C8:E208,46,710c43b8b400ba3c33afb842864ecba20879bb0d13bb6fab7a0f84e06ddce0a0,,
95,0x5F,3,0x03,high_conf_static_A4,script_pack_A4_source_selection,unknown,1,1,A4_xx_B2_dd_A4_yy:first,CC:3A20,0,,,C8:E1C3,2,normal_master,C8:E22D,55,523ebb812dc782e4feff3a360388e7d121d19712fe5086a7e740c390f6cf995c,,
95,0x5F,4,0x04,high_conf_static_A4,script_pack_A4_source_selection,unknown,2,1,A4_xx_B2_dd_A4_yy:first;A4_xx_B2_dd_A4_yy:second,CC:3A24,0,,,C8:E1C3,2,normal_master,C8:E258,53,fcfb402acf28dc76d3c1b85a2d13ad2f5848187e539e289cc9d1bd66d986931d,,
95,0x5F,5,0x05,high_conf_static_A4,script_pack_A4_source_selection,unknown,2,1,A4_xx_B0;A4_xx_B2_dd_A4_yy:second,CC:3A28,0,,,C8:E1C3,2,normal_master,C8:E281,76,a61b824c7101788993bff63f3f948561e33853c7737f6e151d50b92c0a8d7cfc,,
95,0x5F,6,0x06,high_conf_static_A4,script_pack_A4_source_selection,unknown,1,1,A4_xx_B2_dd_A4_yy:first,CC:3A41,0,,,C8:E1C3,2,normal_master,C8:E2BB,111,c087a43bbc9ea38aab1fd0eb884882e13fc7c2ccd0bc2e96ee163de82f6fbddc,,
95,0x5F,7,0x07,high_conf_static_A4,script_pack_A4_source_selection,unknown,2,1,A4_xx_B2_dd_A4_yy:first;A4_xx_B2_dd_A4_yy:second,CC:3A45,0,,,C8:E1C3,2,normal_master,C8:E314,63,df9ed5034f85ea5f9c3ca9ad075d3d49a2b264fcb5d096f3a00f74ef6ec9f812,,
95,0x5F,8,0x08,high_conf_static_A4,script_pack_A4_source_selection,unknown,2,1,A4_xx_B0;A4_xx_B2_dd_A4_yy:second,CC:3A49,0,,,C8:E1C3,2,normal_master,C8:E342,52,e0cf67e56f25f3c86f9e490e36acf1510022ec9db02d8cc0acd1f6dd19106902,,
95,0x5F,9,0x09,high_conf_static_A4,script_pack_A4_source_selection,unknown,1,1,A4_xx_B2_dd_A4_yy:first,CC:3A62,0,,,C8:E1C3,2,normal_master,C8:E36A,48,8918a83a209ab0aeb697579134bb6edc70bef0992420699d38f313464571f3a6,,
95,0x5F,10,0x0A,high_conf_static_A4,script_pack_A4_source_selection,unknown,2,1,A4_xx_B2_dd_A4_yy:first;A4_xx_B2_dd_A4_yy:second,CC:3A66,0,,,C8:E1C3,2,normal_master,C8:E390,36,883083f877e03510c554d32f4cb638ea0aa6fa26108da7aabff174d077953a49,,
95,0x5F,11,0x0B,high_conf_static_A4,script_pack_A4_source_selection,unknown,2,1,A4_xx_B0;A4_xx_B2_dd_A4_yy:second,CC:3A6A,0,,,C8:E1C3,2,normal_master,C8:E3AD,30,38e0f64c780ce2bcd8c6d8ec5dda428b2da8253be1c431af2ad9b874d99e5861,,
95,0x5F,12,0x0C,high_conf_static_A4,script_pack_A4_source_selection,unknown,1,1,A4_xx_B2_dd_A4_yy:first,CC:3A83,0,,,C8:E1C3,2,normal_master,C8:E3C4,59,2b5b069949b8a5b0f6ad940b88b62ba0f7df26ca06cbefde5588e8f37104be90,,
95,0x5F,13,0x0D,high_conf_static_A4,script_pack_A4_source_selection,unknown,2,1,A4_xx_B2_dd_A4_yy:first;A4_xx_B2_dd_A4_yy:second,CC:3A87,0,,,C8:E1C3,2,normal_master,C8:E3F1,54,ef9fa174325872b09822339ba1643eae580a43148836abe1d2bb757e2a8b937f,,
95,0x5F,14,0x0E,high_conf_static_A4,script_pack_A4_source_selection,unknown,2,1,A4_xx_B0;A4_xx_B2_dd_A4_yy:second,CC:3A8B,0,,,C8:E1C3,2,normal_master,C8:E419,42,9fb05d91777b7f468ae4b11bafca33f687a3dd91f3fa4e0f38b4e04f7477d2bb,,
95,0x5F,15,0x0F,high_conf_static_A4,script_pack_A4_source_selection,unknown,1,1,A4_xx_B2_dd_A4_yy:first,CC:3AA4,0,,,C8:E1C3,2,normal_master,C8:E437,49,c8846e4ada61fb4b9501bc5197e48f5252a385c462c722fa2a1d9876dbfd906c,,
95,0x5F,16,0x10,high_conf_static_A4,script_pack_A4_source_selection,unknown,2,1,A4_xx_B2_dd_A4_yy:first;A4_xx_B2_dd_A4_yy:second,CC:3AA8,0,,,C8:E1C3,2,normal_master,C8:E45D,50,4ebe5638547f0f25b356f62f6e02a01fb0082fe614d518153996e425c30c9078,,
95,0x5F,17,0x11,high_conf_static_A4,script_pack_A4_source_selection,unknown,2,1,A4_xx_B0;A4_xx_B2_dd_A4_yy:second,CC:3AAC,0,,,C8:E1C3,2,normal_master,C8:E484,84,438917d479df40a6aa936917cb57b19b8d7669ebb22aa7f6a65874bcdb3fb2f4,,
95,0x5F,18,0x12,high_conf_static_A4,script_pack_A4_source_selection,unknown,1,1,A4_xx_B2_dd_A4_yy:first,CC:3AC5,0,,,C8:E1C3,2,normal_master,C8:E4C3,101,d1b18557b90ce99d53fad93a4f718e4c4cb79d870c40cce575ff8deda2f286e3,,
95,0x5F,19,0x13,high_conf_static_A4,script_pack_A4_source_selection,unknown,2,1,A4_xx_B2_dd_A4_yy:first;A4_xx_B2_dd_A4_yy:second,CC:3AC9,0,,,C8:E1C3,2,normal_master,C8:E514,51,df30ab565dd9c10ce7097631442294c5609f5e45eb53a8f5f4d2cc0765320bbf,,
95,0x5F,20,0x14,high_conf_static_A4,script_pack_A4_source_selection,unknown,2,1,A4_xx_B0;A4_xx_B2_dd_A4_yy:second,CC:3ACD,0,,,C8:E1C3,2,normal_master,C8:E53C,40,177d6f6e7ca5b44e25733b135a999eeaa9adc7e29e848174df9a42f9fda5838e,,
95,0x5F,22,0x16,high_conf_static_A4,script_pack_A4_source_selection,unknown,1,1,A4_xx_B0,CC:3AE9,0,,,C8:E1C3,2,normal_master,C8:E58D,177,a44c4ba09d89dd4f0a35d59532b279e346376533ec36566c4a1ffacc92fb458b,,
95,0x5F,24,0x18,high_conf_static_A4,script_pack_A4_source_selection,unknown,1,1,A4_xx_B0,CC:3B05,0,,,C8:E1C3,2,normal_master,C8:E630,56,fa3e0ce2cd0b7e10cbe45fc8a0be2dda0c826235b86c1e1bf12bdd1fe52159b5,,
96,0x60,0,0x00,high_conf_static_A4,script_pack_A4_source_selection,unknown,1,1,A4_xx_B2_dd_A4_yy:first,CC:3C7B,0,,,C8:E89F,1,normal_master,C8:E8A0,147,e139f9784e5e6873517759d16438d958aed2fd27322d93bcd184a684e3332a83,,
96,0x60,1,0x01,high_conf_static_A4,script_pack_A4_source_selection,unknown,2,1,A4_xx_B0;A4_xx_B2_dd_A4_yy:second,CC:3C7F,0,,,C8:E89F,1,normal_master,C8:E924,32,397c24b83426f092c20175be6eccb1b2d58d4bdb922450094ec1840ebae4d4a6,,
96,0x60,2,0x02,high_conf_static_A4,script_pack_A4_source_selection,unknown,1,1,A4_xx_B2_dd_A4_yy:first,CC:3C94,0,,,C8:E89F,1,normal_master,C8:E942,32,397c24b83426f092c20175be6eccb1b2d58d4bdb922450094ec1840ebae4d4a6,,
96,0x60,3,0x03,high_conf_static_A4,script_pack_A4_source_selection,unknown,2,1,A4_xx_B0;A4_xx_B2_dd_A4_yy:second,CC:3C98,0,,,C8:E89F,1,normal_master,C8:E945,32,397c24b83426f092c20175be6eccb1b2d58d4bdb922450094ec1840ebae4d4a6,,
96,0x60,4,0x04,high_conf_static_A4,script_pack_A4_source_selection,unknown,1,1,A4_xx_B2_dd_A4_yy:first,CC:3CAD,0,,,C8:E89F,1,normal_master,C8:E947,156,a9f139c896a921c86c039c21d8c803b8304b350fb7b023028c35c8ac0c010e77,,
96,0x60,5,0x05,high_conf_static_A4,script_pack_A4_source_selection,unknown,2,1,A4_xx_B0;A4_xx_B2_dd_A4_yy:second,CC:3CB1,0,,,C8:E89F,1,normal_master,C8:E9CB,24,621d6082e0384a0ee6442efb6945a46ab95f9b4398cf037414c24254c7b8d62b,,
96,0x60,6,0x06,high_conf_static_A4,script_pack_A4_source_selection,unknown,1,1,A4_xx_B2_dd_A4_yy:first,CC:3CCA,0,,,C8:E89F,1,normal_master,C8:E9CF,162,3168ca3fed5112b3e36ffcf3fd474b23b83ac132e8d31b60cac3c7cbacd5f4f7,,
96,0x60,7,0x07,high_conf_static_A4,script_pack_A4_source_selection,unknown,2,1,A4_xx_B0;A4_xx_B2_dd_A4_yy:second,CC:3CCE,0,,,C8:E89F,1,normal_master,C8:E9F5,32,9d9ef6dba400ba5ffcea07cdb412cd2ea69186704b1b9ef10c20f1dceb56147e,,
96,0x60,8,0x08,high_conf_static_A4,script_pack_A4_source_selection,unknown,1,1,A4_xx_B2_dd_A4_yy:first,CC:3CE3,0,,,C8:E89F,1,normal_master,C8:EA02,2938,377ab54715f37a17b48c03e7d0bf99aad1f2a6cbd2c4007665c78b04f198aacf,,
96,0x60,9,0x09,high_conf_static_A4,script_pack_A4_source_selection,unknown,2,1,A4_xx_B0;A4_xx_B2_dd_A4_yy:second,CC:3CE7,0,,,C8:E89F,1,normal_master,C8:ED01,432,8d6a660d612f6240c0915b438909675bc2aa743be2aa6bbda94857c835e88234,,
96,0x60,12,0x0C,high_conf_static_A4,script_pack_A4_source_selection,unknown,1,1,A4_xx_B0,CC:3D12,0,,,C8:E89F,1,normal_master,C8:F19A,1726,b5c7f95791003e7b1a162e62a47173eb4720337bb16a902c6b83bda19373407d,,
96,0x60,13,0x0D,high_conf_static_A4,script_pack_A4_source_selection,unknown,1,1,A4_xx_B2_dd_A4_yy:first,CC:3D27,0,,,C8:E89F,1,normal_master,C8:F35B,460,137e14fa9e7f74d85cdd5fbb46c86a5baae3130e30f39f2e356a45ff56009481,,
96,0x60,14,0x0E,high_conf_static_A4,script_pack_A4_source_selection,unknown,2,1,A4_xx_B0;A4_xx_B2_dd_A4_yy:second,CC:3D2B,0,,,C8:E89F,1,normal_master,C8:F3DB,11,96853cdc0657125b51980c09f29b2523dd4e306b2530094620eec4490df17fbc,,
96,0x60,15,0x0F,high_conf_static_A4,script_pack_A4_source_selection,unknown,1,1,A4_xx_B2_dd_A4_yy:first,CC:3D40,0,,,C8:E89F,1,normal_master,C8:F3E3,1,6e340b9cffb37a989ca544e6bb780a2c78901d3fb33738768511a30617afa01d,,
96,0x60,16,0x10,high_conf_static_A4,script_pack_A4_source_selection,unknown,2,1,A4_xx_B0;A4_xx_B2_dd_A4_yy:second,CC:3D44,0,,,C8:E89F,1,normal_master,C8:F3E4,43,78330c05f1dbe59a177f9d493b105e45716d4df499d971f4154c575dfebcd806,,
96,0x60,17,0x11,high_conf_static_A4,script_pack_A4_source_selection,unknown,1,1,A4_xx_B2_dd_A4_yy:first,CC:3D59,0,,,C8:E89F,1,normal_master,C8:F3F1,31,897876368a7a17235195edcaa0fd4cae99b9b2c0f1ec935d7009d5270969a812,,
96,0x60,18,0x12,high_conf_static_A4,script_pack_A4_source_selection,unknown,2,1,A4_xx_B0;A4_xx_B2_dd_A4_yy:second,CC:3D5D,0,,,C8:E89F,1,normal_master,C8:F3FA,17,e348627582a64ee562016a48f4af666e6cdbfbe32bb4813486d38d3f8bafcb90,,
96,0x60,21,0x15,high_conf_static_A4,script_pack_A4_source_selection,unknown,1,1,A4_xx_B0,CC:3D88,0,,,C8:E89F,1,normal_master,C8:F414,8,a4c86e95c925ef591e2fc1b6ee77aa8c1bdbe284bd4fb1f42011e28b96b0652c,,
96,0x60,23,0x17,high_conf_static_A4,script_pack_A4_source_selection,unknown,1,1,A4_xx_B0,CC:3E6C,0,,,C8:E89F,1,normal_master,C8:F417,102,6172ad8a08b15aae16d47871b9d41356383042bfb273cdc9285ba81dac0e846e,,
96,0x60,24,0x18,high_conf_static_A4,script_pack_A4_source_selection,unknown,1,1,A4_xx_B0,CC:3E9D,0,,,C8:E89F,1,normal_master,C8:F43C,13,6109485e21038e0bbe7eb277f6bdd0710bcc8225a184e140987e66de7306d4f6,,
96,0x60,25,0x19,high_conf_static_A4,script_pack_A4_source_selection,unknown,1,1,A4_xx_B0,CC:3EBA,0,,,C8:E89F,1,normal_master,C8:F43E,45,9260de881a8137d78edfae9f1b429b4a7582c946ef733357f659870ece6330a7,,
96,0x60,26,0x1A,high_conf_static_A4,script_pack_A4_source_selection,unknown,1,1,A4_xx_B0,CC:3ECF,0,,,C8:E89F,1,normal_master,C8:F44E,52,99b59f156779fc2e098f0e99e43c2a8f4b1ca4a43e68afa8200b270fccfd1666,,
96,0x60,31,0x1F,high_conf_static_A4,script_pack_A4_source_selection,unknown,1,1,A4_xx_B0,CC:4026,0,,,C8:E89F,1,normal_master,C8:F47E,23,ac7914df255fd8ba68a54f06997d83b444b574b8ff0d3aac29684ee5184d15ec,,
96,0x60,35,0x23,high_conf_static_A4,script_pack_A4_source_selection,unknown,1,1,A4_xx_B0,CC:407D,0,,,C8:E89F,1,normal_master,C8:F4A3,36,4f15d3613ec02687ab56d94f7fd5daac11a8b52722133199f70ebecdc90f9e62,,
97,0x61,1,0x01,high_conf_static_A4,script_pack_A4_source_selection,unknown,1,1,A4_xx_B0,CC:4185,0,,,C8:E9CB,2,normal_master,C8:EA1D,97,5734cad708038e50b60f912c2606d5a9e2a52f28e8544092f612d66ac5b98db6,,
97,0x61,2,0x02,high_conf_static_A4,script_pack_A4_source_selection,unknown,1,1,A4_xx_B0,CC:41A5,0,,,C8:E9CB,2,normal_master,C8:EA67,30,5c28617a80e382539190558a1f202b17abcdb50530fc375ad5c51a9c2e101798,,
97,0x61,3,0x03,high_conf_static_A4,script_pack_A4_source_selection,unknown,1,1,A4_xx_B0,CC:41C5,0,,,C8:E9CB,2,normal_master,C8:EA7F,117,62e21829b41ebb698c4ad88680b3888c2ab2ebf8ba7b141bd09fb38c78769cca,,
98,0x62,0,0x00,high_conf_static_A4,script_pack_A4_source_selection,unknown,1,1,A4_xx_B2_dd_A4_yy:first,CC:429A,0,,,C8:EDCE,2,normal_master,C8:EDCF,46,d3b1c16a34a5d6d6985d9f940b3a5c993c12917142c6af718f4c2941be96e230,,
98,0x62,1,0x01,high_conf_static_A4,script_pack_A4_source_selection,unknown,2,1,A4_xx_B0;A4_xx_B2_dd_A4_yy:second,CC:429E,0,,,C8:EDCE,2,normal_master,C8:EDF2,52,19a5bc92fadf9d321114e2ce907a6125996a1a614ec326edad052c46c451d406,,
98,0x62,4,0x04,high_conf_static_A4,script_pack_A4_source_selection,unknown,1,1,A4_xx_B0,CC:42C9,0,,,C8:EDCE,2,normal_master,C8:EF2D,53,d091830b5c97fbe4128924813a5d1492f92ec8e6fed84aea3e25a5e3f867bf43,,
98,0x62,5,0x05,high_conf_static_A4,script_pack_A4_source_selection,unknown,1,1,A4_xx_B0,CC:42E1,0,,,C8:EDCE,2,normal_master,C8:EF54,53,d091830b5c97fbe4128924813a5d1492f92ec8e6fed84aea3e25a5e3f867bf43,,
98,0x62,6,0x06,high_conf_static_A4,script_pack_A4_source_selection,unknown,1,1,A4_xx_B2_dd_A4_yy:first,CC:42FA,0,,,C8:EDCE,2,normal_master,C8:EF7B,51,45a75e72b5d6c0a0c119d7c6b82064af8626ddfb9a05e6ddd9f7ca58c239b062,,
98,0x62,7,0x07,high_conf_static_A4,script_pack_A4_source_selection,unknown,2,1,A4_xx_B0;A4_xx_B2_dd_A4_yy:second,CC:42FE,0,,,C8:EDCE,2,normal_master,C8:EFA2,73,e5856ca87d8c090ebccb7240d8b71bebc932828020912532afa3756ebc39815c,,
98,0x62,9,0x09,high_conf_static_A4,script_pack_A4_source_selection,unknown,1,1,A4_xx_B2_dd_A4_yy:first,CC:431F,0,,,C8:EDCE,2,normal_master,C8:EFF3,19,4b87e67dc79989070072b3b2f6be63e458d1b8ecae72ee6859f6f18a3cf7574b,,
98,0x62,10,0x0A,high_conf_static_A4,script_pack_A4_source_selection,unknown,2,1,A4_xx_B0;A4_xx_B2_dd_A4_yy:second,CC:4323,0,,,C8:EDCE,2,normal_master,C8:F002,39,44512cd1016be68f3776a50556526b4e9ce1a783c37a48caff377676344c6781,,
98,0x62,11,0x0B,high_conf_static_A4,script_pack_A4_source_selection,unknown,1,1,A4_xx_B2_dd_A4_yy:first,CC:433C,0,,,C8:EDCE,2,normal_master,C8:F01E,77,c26b6fbb27d3d97fa370f07ef084571d691b16c4fed6ddc6749c6ed9c22d3823,,
98,0x62,12,0x0C,high_conf_static_A4,script_pack_A4_source_selection,unknown,2,1,A4_xx_B0;A4_xx_B2_dd_A4_yy:second,CC:4340,0,,,C8:EDCE,2,normal_master,C8:F056,106,219f0feaf06d55d14d190541502ed13e39bcd9fb879c3ce48ce625594a1abae2,,
98,0x62,13,0x0D,high_conf_static_A4,script_pack_A4_source_selection,unknown,1,1,A4_xx_B2_dd_A4_yy:first,CC:435D,0,,,C8:EDCE,2,normal_master,C8:F0A9,56,6254fc1898af10a81405d47f87424dff361fc0b5c9f6cdcbf780e14578b264d2,,
98,0x62,14,0x0E,high_conf_static_A4,script_pack_A4_source_selection,unknown,2,1,A4_xx_B2_dd_A4_yy:first;A4_xx_B2_dd_A4_yy:second,CC:4361,0,,,C8:EDCE,2,normal_master,C8:F0D7,56,2a3b3ac7649c4da22fdff11d7efd6e6bf1bde6f32010538a3a93c097236134ed,,
98,0x62,15,0x0F,high_conf_static_A4,script_pack_A4_source_selection,unknown,2,1,A4_xx_B0;A4_xx_B2_dd_A4_yy:second,CC:4365,0,,,C8:EDCE,2,normal_master,C8:F103,104,bf7412096279c25b88bba9846a28737412d2356d2121574471d8db518208b763,,
98,0x62,16,0x10,high_conf_static_A4,script_pack_A4_source_selection,unknown,1,1,A4_xx_B0,CC:437E,0,,,C8:EDCE,2,normal_master,C8:F153,30,38e0f64c780ce2bcd8c6d8ec5dda428b2da8253be1c431af2ad9b874d99e5861,,
99,0x63,0,0x00,high_conf_static_A4,script_pack_A4_source_selection,unknown,1,1,A4_xx_B2_dd_A4_yy:first,CC:43E3,0,,,C8:F103,2,normal_master,C8:F104,100,54d4b81809c026ced61442e3067e12fbfdf2ba262d6b1b1c5eee795b5393dd10,,
99,0x63,1,0x01,high_conf_static_A4,script_pack_A4_source_selection,unknown,2,1,A4_xx_B0;A4_xx_B2_dd_A4_yy:second,CC:43E7,0,,,C8:F103,2,normal_master,C8:F153,30,38e0f64c780ce2bcd8c6d8ec5dda428b2da8253be1c431af2ad9b874d99e5861,,
99,0x63,2,0x02,high_conf_static_A4,script_pack_A4_source_selection,unknown,1,1,A4_xx_B0,CC:4400,0,,,C8:F103,2,normal_master,C8:F16A,51,71c7b8227df7fa626d392215937e641902825678f4ea9fbd32f9557dc2a187dd,,
99,0x63,5,0x05,high_conf_static_A4,script_pack_A4_source_selection,unknown,1,1,A4_xx_B0,CC:4427,0,,,C8:F103,2,normal_master,C8:F205,122,9c99a7ef446802ac811c4253fdb1751ec5b42f987931fa4d0658c3c47734b7cf,,
99,0x63,6,0x06,high_conf_static_A4,script_pack_A4_source_selection,unknown,1,1,A4_xx_B0,CC:4440,0,,,C8:F103,2,normal_master,C8:F25C,99,960d03055b8c4c51ba34f1586270abfb2418d975860139e3244e1f0efc135bf2,,
99,0x63,7,0x07,high_conf_static_A4,script_pack_A4_source_selection,unknown,1,1,A4_xx_B0,CC:4459,0,,,C8:F103,2,normal_master,C8:F2AD,21,bc3f6d21f84b9236a7a1dd34b2b2dcbe94b5e727488f4a94534f87d761a5b948,,
99,0x63,8,0x08,high_conf_static_A4,script_pack_A4_source_selection,unknown,1,1,A4_xx_B2_dd_A4_yy:first,CC:4476,0,,,C8:F103,2,normal_master,C8:F2BC,144,413928a801c4003c70355154194b2e42284853e3c310558cb5614f8a80df15f1,,
99,0x63,9,0x09,high_conf_static_A4,script_pack_A4_source_selection,unknown,2,1,A4_xx_B2_dd_A4_yy:first;A4_xx_B2_dd_A4_yy:second,CC:447A,0,,,C8:F103,2,normal_master,C8:F31A,60,344711688066edcda3d72a6a1b1dfbe788774cb383efa5b8006e244ab618959e,,
99,0x63,10,0x0A,high_conf_static_A4,script_pack_A4_source_selection,unknown,2,1,A4_xx_B0;A4_xx_B2_dd_A4_yy:second,CC:447E,0,,,C8:F103,2,normal_master,C8:F34A,142,e917c03eff39fe503c959e03d83377cff3609b57f99eb73cfd62cf733d69aa51,,
99,0x63,11,0x0B,high_conf_static_A4,script_pack_A4_source_selection,unknown,1,1,A4_xx_B0,CC:4496,0,,,C8:F103,2,normal_master,C8:F3AD,51,7041cbda032e34088780597c60722c6a2df9b8937e3ed32472c1840cd86a7d28,,
99,0x63,12,0x0C,high_conf_static_A4,script_pack_A4_source_selection,unknown,1,1,A4_xx_B2_dd_A4_yy:first,CC:44B3,0,,,C8:F103,2,normal_master,C8:F3D6,141,eda1c6d83c5a4df5410cb6ac854edf1fd591e063b86cfcc75bf0444533749103,,
99,0x63,13,0x0D,high_conf_static_A4,script_pack_A4_source_selection,unknown,2,1,A4_xx_B2_dd_A4_yy:first;A4_xx_B2_dd_A4_yy:second,CC:44B7,0,,,C8:F103,2,normal_master,C8:F43A,41,7a4d1f20b8dae2fd92d9d5075bfd2605baa85e1b90c8dec33f548026f2a3b755,,
99,0x63,14,0x0E,high_conf_static_A4,script_pack_A4_source_selection,unknown,2,1,A4_xx_B0;A4_xx_B2_dd_A4_yy:second,CC:44BB,0,,,C8:F103,2,normal_master,C8:F45A,124,a3f9dcbb627a79d70680cd49a12f0f551decf3f7542819921ab4ced3c88a459d,,
100,0x64,2,0x02,high_conf_static_A4,script_pack_A4_source_selection,unknown,1,1,A4_xx_B0,CC:4520,0,,,C8:F193,2,normal_master,C8:F205,122,9c99a7ef446802ac811c4253fdb1751ec5b42f987931fa4d0658c3c47734b7cf,,
101,0x65,0,0x00,high_conf_static_A4,script_pack_A4_source_selection,unknown,1,1,A4_xx_B2_dd_A4_yy:first,CC:4679,0,,,C8:F741,1,normal_master,C8:F742,87,c17b45f381dd574b2fc5fa462a1390ccfb99abacca963b3dd2ff4b9bbc784766,,
101,0x65,1,0x01,high_conf_static_A4,script_pack_A4_source_selection,unknown,2,1,A4_xx_B0;A4_xx_B2_dd_A4_yy:second,CC:467D,0,,,C8:F741,1,normal_master,C8:F79E,54,3ff076830ecbc16b6ed138f93a74cb0c75d1b1b102995e42c04f010bee06e35f,,
101,0x65,2,0x02,high_conf_static_A4,script_pack_A4_source_selection,unknown,1,1,A4_xx_B2_dd_A4_yy:first,CC:4692,0,,,C8:F741,1,normal_master,C8:F7D3,50,5801e6332faf8aec8f2d6d934eb3ec2d6d8b3ee28154599d4fb7c40a510bc429,,
101,0x65,3,0x03,high_conf_static_A4,script_pack_A4_source_selection,unknown,1,1,A4_xx_B2_dd_A4_yy:second,CC:4696,0,,,C8:F741,1,normal_master,C8:F802,78,9fdb6298a4650f26bdf098f4adcd361d8633f40cf939e96dea02a635b1057917,,
101,0x65,5,0x05,high_conf_static_A4,script_pack_A4_source_selection,unknown,1,1,A4_xx_B2_dd_A4_yy:first,CC:46CF,0,,,C8:F741,1,normal_master,C8:F86E,41,6becfe02b8ea8a28af89dbc078b7e3aa64bdd352f48e2f9300f094b5afe1626f,,
101,0x65,6,0x06,high_conf_static_A4,script_pack_A4_source_selection,unknown,2,1,A4_xx_B0;A4_xx_B2_dd_A4_yy:second,CC:46D3,0,,,C8:F741,1,normal_master,C8:F898,77,e7462a0100742ef9dc83eb3a2b098cdcd0de1a1539a0be1bbc7a3739d37ad996,,
101,0x65,7,0x07,high_conf_static_A4,script_pack_A4_source_selection,unknown,1,1,A4_xx_B2_dd_A4_yy:first,CC:46E8,0,,,C8:F741,1,normal_master,C8:F8DD,38,9afd0f3f9ce682c943afab96ec0c9cfd22aa90f219dd611ce020dd44c7379f70,,
101,0x65,8,0x08,high_conf_static_A4,script_pack_A4_source_selection,unknown,2,1,A4_xx_B0;A4_xx_B2_dd_A4_yy:second,CC:46EC,0,,,C8:F741,1,normal_master,C8:F8F9,39,f9f3cc58fc0bb19fe93e186d87abc0f62413f1b6d8a5276e7644efb1c15fb89c,,
101,0x65,9,0x09,high_conf_static_A4,script_pack_A4_source_selection,unknown,1,1,A4_xx_B2_dd_A4_yy:first,CC:4705,0,,,C8:F741,1,normal_master,C8:F915,109,a96454c5419d22635f16cbbd102557e3fe0565548b1f4e05222cfc70df11eff5,,
101,0x65,10,0x0A,high_conf_static_A4,script_pack_A4_source_selection,unknown,2,1,A4_xx_B0;A4_xx_B2_dd_A4_yy:second,CC:4709,0,,,C8:F741,1,normal_master,C8:F975,49,0bb849b939b9c82c555c5bcbe0c8c68b6d652c3350bb2979565191adc532b43e,,
101,0x65,13,0x0D,high_conf_static_A4,script_pack_A4_source_selection,unknown,1,1,A4_xx_B0,CC:4730,0,,,C8:F741,1,normal_master,C8:FA04,19,1731b270d24438dfc2e1318e9aa596b285fba98e67500f677719bf4306bee702,,
101,0x65,14,0x0E,high_conf_static_A4,script_pack_A4_source_selection,unknown,1,1,A4_xx_B0,CC:4745,0,,,C8:F741,1,normal_master,C8:FA07,19,1731b270d24438dfc2e1318e9aa596b285fba98e67500f677719bf4306bee702,,
101,0x65,15,0x0F,high_conf_static_A4,script_pack_A4_source_selection,unknown,1,1,A4_xx_B0,CC:475A,0,,,C8:F741,1,normal_master,C8:FA08,19,1731b270d24438dfc2e1318e9aa596b285fba98e67500f677719bf4306bee702,,
101,0x65,16,0x10,high_conf_static_A4,script_pack_A4_source_selection,unknown,1,1,A4_xx_B0,CC:476F,0,,,C8:F741,1,normal_master,C8:FA0A,165,e17ba104950c1f3e0c667ebdf7b32f0ca9b74fe8952da3df2cee65b8ac816184,,
101,0x65,17,0x11,high_conf_static_A4,script_pack_A4_source_selection,unknown,1,1,A4_xx_B0,CC:4789,0,,,C8:F741,1,normal_master,C8:FA96,440,6cc6e5f0b4fefa6bdc2cd61e729a50140ace9f3efd4ee90f05f4f2a22beec074,,
101,0x65,20,0x14,high_conf_static_A4,script_pack_A4_source_selection,unknown,1,1,A4_xx_B0,CC:47C4,0,,,C8:F741,1,normal_master,C8:FCC8,17,fa53b7eb4e1f5b2f16b350db058002fb6cbb1a38bc9278407eeeab18a4f92e3c,,
101,0x65,22,0x16,high_conf_static_A4,script_pack_A4_source_selection,unknown,1,1,A4_xx_B0,CC:47DA,0,,,C8:F741,1,normal_master,C8:FD0B,43,7a0c6dddad33be343bac9c54db1d1dabb323a56607d62eb231859254a82d4966,,
101,0x65,23,0x17,high_conf_static_A4,script_pack_A4_source_selection,unknown,1,1,A4_xx_B0,CC:47E5,0,,,C8:F741,1,normal_master,C8:FD36,22,ba7f740408024cb3029838138e7429e483155f6e36bfea15b8005b8b502a1a03,,
102,0x66,0,0x00,high_conf_static_A4,script_pack_A4_source_selection,unknown,1,1,A4_xx_B2_dd_A4_yy:first,CC:48A8,0,,,C9:007E,2,normal_master,C9:007F,92,d4c55fb7bcfdf09b9c35470af8732b586e3d9b96700cc8d61914a9881b75bf1a,,
102,0x66,1,0x01,high_conf_static_A4,script_pack_A4_source_selection,unknown,1,1,A4_xx_B2_dd_A4_yy:second,CC:48AC,0,,,C9:007E,2,normal_master,C9:00C4,93,5aa2b2443328c86f1fca1e5c243fa8218fa3c5749d90d84aeef649c55864e7ea,,
102,0x66,2,0x02,high_conf_static_A4,script_pack_A4_source_selection,unknown,1,1,A4_xx_B2_dd_A4_yy:first,CC:48D0,0,,,C9:007E,2,normal_master,C9:010D,86,4f24375e6a19125a627133e08b4a6e61d9eb6921841b86b6b88bb541c99a8407,,
102,0x66,3,0x03,high_conf_static_A4,script_pack_A4_source_selection,unknown,1,1,A4_xx_B2_dd_A4_yy:second,CC:48D4,0,,,C9:007E,2,normal_master,C9:0150,46,e1cdbc16beb2fea1a2b36aaa85a042b07e9873a8d249a3be592738c0c5d1fc75,,
102,0x66,4,0x04,high_conf_static_A4,script_pack_A4_source_selection,unknown,1,1,A4_xx_B2_dd_A4_yy:first,CC:48F8,0,,,C9:007E,2,normal_master,C9:0173,57,3d232eac369576511061c034072b73bf8762b217dda64c67fddc0c1c897bd51f,,
102,0x66,5,0x05,high_conf_static_A4,script_pack_A4_source_selection,unknown,1,1,A4_xx_B2_dd_A4_yy:second,CC:48FC,0,,,C9:007E,2,normal_master,C9:019F,89,122014a4a5326b7d2e53889a33ff9892de18ce3a1f43058a10b6c1e12f5de714,,
102,0x66,6,0x06,high_conf_static_A4,script_pack_A4_source_selection,unknown,1,1,A4_xx_B2_dd_A4_yy:first,CC:4920,0,,,C9:007E,2,normal_master,C9:01E4,52,d2e855c43543c0d7688123d80ad0058b73fb74a574f0babed51861c5275775d7,,
102,0x66,7,0x07,high_conf_static_A4,script_pack_A4_source_selection,unknown,1,1,A4_xx_B2_dd_A4_yy:second,CC:4924,0,,,C9:007E,2,normal_master,C9:020C,39,1f85413d4c2d52d7bd4c133b308a2c3ccfe0cba4ee2de5eca609b0110a6e6abd,,
102,0x66,8,0x08,high_conf_static_A4,script_pack_A4_source_selection,unknown,1,1,A4_xx_B2_dd_A4_yy:first,CC:4948,0,,,C9:007E,2,normal_master,C9:0228,108,3ee7249825d98fdecb9cc5552718fe1561389bbf616b9e21ea0fbec7fa8c3d72,,
102,0x66,9,0x09,high_conf_static_A4,script_pack_A4_source_selection,unknown,1,1,A4_xx_B2_dd_A4_yy:second,CC:494C,0,,,C9:007E,2,normal_master,C9:0280,84,4a0ca39d943d29e51638ae2f4b6674d0397e147179870964a35ac128d302dbc8,,
102,0x66,10,0x0A,high_conf_static_A4,script_pack_A4_source_selection,unknown,1,1,A4_xx_B2_dd_A4_yy:first,CC:4970,0,,,C9:007E,2,normal_master,C9:02C3,58,00993e6d0786b065522988cb3b2e889035d111defbb52092e14e5da95dc5c551,,
102,0x66,11,0x0B,high_conf_static_A4,script_pack_A4_source_selection,unknown,1,1,A4_xx_B2_dd_A4_yy:second,CC:4974,0,,,C9:007E,2,normal_master,C9:02EF,55,6a6ea894d5db4b13b38168cb46ec27626eb9f716580c4851f0f15ed3d14b26bb,,
102,0x66,12,0x0C,high_conf_static_A4,script_pack_A4_source_selection,unknown,1,1,A4_xx_B0,CC:498C,0,,,C9:007E,2,normal_master,C9:0319,56,b6f88aeefc8c440b01a58633e2693eb2a33cbcf7da20d28cc038fbf6eaf61fac,,
102,0x66,13,0x0D,high_conf_static_A4,script_pack_A4_source_selection,unknown,1,1,A4_xx_B0,CC:49A1,0,,,C9:007E,2,normal_master,C9:0344,75,33215993ff9e8f1cc53aa056be1ff84bd0b4a545499b9194bde7f6aee719cceb,,
102,0x66,14,0x0E,high_conf_static_A4,script_pack_A4_source_selection,unknown,1,1,A4_xx_B0,CC:49B6,0,,,C9:007E,2,normal_master,C9:037D,53,d9ef778f54de4607acb9b4641ae14fa21b0670d4fe8790c6ca8629d3b4cb7575,,
102,0x66,15,0x0F,high_conf_static_A4,script_pack_A4_source_selection,unknown,1,1,A4_xx_B0,CC:49CB,0,,,C9:007E,2,normal_master,C9:03A4,34,4371e4129b1bdc16af25c13537267f9c672fbe27208191782f1dd8c6885d7c1a,,
102,0x66,22,0x16,high_conf_static_A4,script_pack_A4_source_selection,unknown,1,1,A4_xx_B0,CC:4A74,0,,,C9:007E,2,normal_master,C9:048F,60,aca53465e85af95710ebf0ddf9f18a37eba322fd7a735e182b6ac154947729f7,,
102,0x66,25,0x19,high_conf_static_A4,script_pack_A4_source_selection,unknown,1,1,A4_xx_B2_dd_A4_yy:first,CC:4AA0,0,,,C9:007E,2,normal_master,C9:0541,46,38d15c1cd69e2139dc435b0d74e02b22ec94891876d700cf611ed287e702bdfd,,
102,0x66,26,0x1A,high_conf_static_A4,script_pack_A4_source_selection,unknown,2,1,A4_xx_B0;A4_xx_B2_dd_A4_yy:second,CC:4AA4,0,,,C9:007E,2,normal_master,C9:0564,58,9776213bc57cf8d1eed1dfffebcdebff2eaa2e2b376a87d9a40f86bcccce4c96,,
103,0x67,0,0x00,high_conf_static_A4,script_pack_A4_source_selection,unknown,1,1,A4_xx_B0,CC:4D7A,0,,,C9:020C,2,normal_master,C9:020D,36,699ab0a68531c17ae95e4e1d619b0b1418cc8c69ec639f94533bfef761f1d71d,,
103,0x67,1,0x01,high_conf_static_A4,script_pack_A4_source_selection,unknown,1,1,A4_xx_B0,CC:4D8B,0,,,C9:020C,2,normal_master,C9:0228,108,3ee7249825d98fdecb9cc5552718fe1561389bbf616b9e21ea0fbec7fa8c3d72,,
103,0x67,2,0x02,high_conf_static_A4,script_pack_A4_source_selection,unknown,1,1,A4_xx_B0,CC:4D9C,0,,,C9:020C,2,normal_master,C9:0280,84,4a0ca39d943d29e51638ae2f4b6674d0397e147179870964a35ac128d302dbc8,,
103,0x67,3,0x03,high_conf_static_A4,script_pack_A4_source_selection,unknown,1,1,A4_xx_B0,CC:4DAD,0,,,C9:020C,2,normal_master,C9:02C3,58,00993e6d0786b065522988cb3b2e889035d111defbb52092e14e5da95dc5c551,,
103,0x67,4,0x04,high_conf_static_A4,script_pack_A4_source_selection,unknown,1,1,A4_xx_B0,CC:4DBE,0,,,C9:020C,2,normal_master,C9:02EF,55,6a6ea894d5db4b13b38168cb46ec27626eb9f716580c4851f0f15ed3d14b26bb,,
103,0x67,5,0x05,high_conf_static_A4,script_pack_A4_source_selection,unknown,1,1,A4_xx_B0,CC:4DCF,0,,,C9:020C,2,normal_master,C9:0319,56,b6f88aeefc8c440b01a58633e2693eb2a33cbcf7da20d28cc038fbf6eaf61fac,,
103,0x67,6,0x06,high_conf_static_A4,script_pack_A4_source_selection,unknown,1,1,A4_xx_B0,CC:4DE0,0,,,C9:020C,2,normal_master,C9:0344,75,33215993ff9e8f1cc53aa056be1ff84bd0b4a545499b9194bde7f6aee719cceb,,
104,0x68,0,0x00,high_conf_static_A4,script_pack_A4_source_selection,unknown,1,1,A4_xx_B2_dd_A4_yy:first,CC:4F63,0,,,C9:0820,2,normal_master,C9:0821,89,f5124391cdd1e786541dfce1d85eba9d3f0749d8f834e6c74e6ea4ce7b71291f,,
104,0x68,1,0x01,high_conf_static_A4,script_pack_A4_source_selection,unknown,2,1,A4_xx_B0;A4_xx_B2_dd_A4_yy:second,CC:4F67,0,,,C9:0820,2,normal_master,C9:0863,133,b99400faac87fc39e3581e57c8ff8047d68308fa9122733c0506b79547081ce5,,
104,0x68,2,0x02,high_conf_static_A4,script_pack_A4_source_selection,unknown,1,1,A4_xx_B0,CC:4F75,0,,,C9:0820,2,normal_master,C9:08C4,78,2412ee540116d64d76afdf4ef65a67b0bd767a22a8305cad6db6266755ccbf36,,
104,0x68,6,0x06,high_conf_static_A4,script_pack_A4_source_selection,unknown,1,1,A4_xx_B0,CC:4FD8,0,,,C9:0820,2,normal_master,C9:096F,44,20dc04e71c70d2ed28c97bebb5fca91f020c6b6b26660ca8d5cafbb277f6c062,,
104,0x68,10,0x0A,high_conf_static_A4,script_pack_A4_source_selection,unknown,1,1,A4_xx_B0,CC:503B,0,,,C9:0820,2,normal_master,C9:0A25,40,aabb74cc8198dfe7bd64ec04c8d5b8f8c4046669285ab58a37a9501c40b1c232,,
104,0x68,12,0x0C,high_conf_static_A4,script_pack_A4_source_selection,unknown,1,1,A4_xx_B0,CC:5069,0,,,C9:0820,2,normal_master,C9:0A8C,49,dca0297d2c5ed38ab4bd685289eab823bdc452744f8d7f3460a87593ce8a258a,,
104,0x68,13,0x0D,high_conf_static_A4,script_pack_A4_source_selection,unknown,1,1,A4_xx_B2_dd_A4_yy:first,CC:507E,0,,,C9:0820,2,normal_master,C9:0AB1,104,9074d8b43ab8f62a2c453e39253ab2719b5f40b0012ef79da88ac5802b38b241,,
104,0x68,14,0x0E,high_conf_static_A4,script_pack_A4_source_selection,unknown,2,1,A4_xx_B0;A4_xx_B2_dd_A4_yy:second,CC:5082,0,,,C9:0820,2,normal_master,C9:0AFF,101,1db817a6025a4b05572d2aa948469bfe6f5c2306996f70e0c015ce53f3fb9975,,
104,0x68,16,0x10,high_conf_static_A4,script_pack_A4_source_selection,unknown,1,1,A4_xx_B0,CC:50B0,0,,,C9:0820,2,normal_master,C9:0B76,40,7376fd1093994184b0d144c0c077c6d2027b826be0d3ea7d7d38c10c327d2045,,
104,0x68,17,0x11,high_conf_static_A4,script_pack_A4_source_selection,unknown,1,1,A4_xx_B2_dd_A4_yy:first,CC:50C5,0,,,C9:0820,2,normal_master,C9:0B95,107,95bbb7d42231aadbabfb211ecb8ad600b2492e040cbb31cae5afb9f47abd5550,,
104,0x68,18,0x12,high_conf_static_A4,script_pack_A4_source_selection,unknown,2,1,A4_xx_B0;A4_xx_B2_dd_A4_yy:second,CC:50C9,0,,,C9:0820,2,normal_master,C9:0BE6,61,f6208924b3354cd2e134c5d68f54883ffdddb7d082e63eb0ba75a1062a00474e,,
104,0x68,19,0x13,high_conf_static_A4,script_pack_A4_source_selection,unknown,1,1,A4_xx_B2_dd_A4_yy:first,CC:50EA,0,,,C9:0820,2,normal_master,C9:0C14,73,50b64cd2bffa77279470bfc33e65de15354d5d3d7d64ef74ef8094907698e51a,,
104,0x68,20,0x14,high_conf_static_A4,script_pack_A4_source_selection,unknown,1,1,A4_xx_B2_dd_A4_yy:second,CC:50EE,0,,,C9:0820,2,normal_master,C9:0C4B,46,c578d809d7a7119c48fb0b745ab3ebad3a0d402ad9fb747ed177957bec25c737,,
104,0x68,22,0x16,high_conf_static_A4,script_pack_A4_source_selection,unknown,1,1,A4_xx_B0,CC:5124,0,,,C9:0820,2,normal_master,C9:0CC1,79,ff329d7fb2f8870395e71e7db8949e66a6c77fcdae83ba6d512872ca49ec8d6c,,
104,0x68,24,0x18,high_conf_static_A4,script_pack_A4_source_selection,unknown,1,1,A4_xx_B0,CC:5155,0,,,C9:0820,2,normal_master,C9:0D38,70,a1b0f8b7b6c1c6feafbaecbbd426db84692d834a46499a4344ebff2cccc3c6e5,,
104,0x68,32,0x20,high_conf_static_A4,script_pack_A4_source_selection,unknown,1,1,A4_xx_B0,CC:520B,0,,,C9:0820,2,normal_master,C9:0EAC,69,00c53b1d8645fd292840ead6d371fec6f9bc9ddafb14ff6c6b01918c9346caf7,,
105,0x69,2,0x02,high_conf_static_A4,script_pack_A4_source_selection,unknown,1,1,A4_xx_B0,CC:53E6,0,,,C9:08FD,2,normal_master,C9:0947,50,71dcb6d258a1c7411ab7e1b8f7061520ae85646d59ad50ce578c6971924ca537,,
106,0x6A,0,0x00,high_conf_static_A4,script_pack_A4_source_selection,unknown,1,1,A4_xx_B2_dd_A4_yy:first,CC:5576,0,,,C9:1402,2,normal_master,C9:1403,85,3a1e751b0c49d3a42a4687e51b3de56ed17a8d3985f0429e245d7279dadf9248,,
106,0x6A,1,0x01,high_conf_static_A4,script_pack_A4_source_selection,unknown,2,1,A4_xx_B2_dd_A4_yy:first;A4_xx_B2_dd_A4_yy:second,CC:557A,0,,,C9:1402,2,normal_master,C9:1442,81,579a0e274678860c34093a61f2efee423043ce6d47c11872d4e1de988030a4d9,,
106,0x6A,2,0x02,high_conf_static_A4,script_pack_A4_source_selection,unknown,2,1,A4_xx_B0;A4_xx_B2_dd_A4_yy:second,CC:557E,0,,,C9:1402,2,normal_master,C9:147F,96,1b356ef62c7b7968cfeb6182ae48f6605e78c5458784933cc9dda74961ca65f5,,
106,0x6A,3,0x03,high_conf_static_A4,script_pack_A4_source_selection,unknown,1,1,A4_xx_B2_dd_A4_yy:first,CC:5594,0,,,C9:1402,2,normal_master,C9:14C9,81,5da736c5fa47e3a893c5ef4a0e740e7409afed1701764ee0d41b90c882844a9f,,
106,0x6A,4,0x04,high_conf_static_A4,script_pack_A4_source_selection,unknown,2,1,A4_xx_B2_dd_A4_yy:first;A4_xx_B2_dd_A4_yy:second,CC:5598,0,,,C9:1402,2,normal_master,C9:1507,81,e8dd3b59601277db5cf430fdb6ae35e8097ce833e29c97c6a1f3eb82d825ee1b,,
106,0x6A,5,0x05,high_conf_static_A4,script_pack_A4_source_selection,unknown,2,1,A4_xx_B0;A4_xx_B2_dd_A4_yy:second,CC:559C,0,,,C9:1402,2,normal_master,C9:1544,47,d62f4b69559840cac6b54e61fee56c5173f16549393bfb0f61d00a23c583417e,,
106,0x6A,6,0x06,high_conf_static_A4,script_pack_A4_source_selection,unknown,1,1,A4_xx_B2_dd_A4_yy:first,CC:55B5,0,,,C9:1402,2,normal_master,C9:1568,91,dfae6f63e5f778736d221583aefc48c4486182e49ffbedd9164f6af5d5f93620,,
106,0x6A,7,0x07,high_conf_static_A4,script_pack_A4_source_selection,unknown,1,1,A4_xx_B2_dd_A4_yy:second,CC:55B9,0,,,C9:1402,2,normal_master,C9:15AC,57,1eabb27004ed94ace99b664b45a3d0be47fe1a82884ec3cae7cd09be73383e98,,
106,0x6A,9,0x09,high_conf_static_A4,script_pack_A4_source_selection,unknown,1,1,A4_xx_B0,CC:55D3,0,,,C9:1402,2,normal_master,C9:15FA,46,b27638bcbfecceca16c75a0cf841983ea3df0e92888a558be0810fdc225f2998,,
106,0x6A,12,0x0C,high_conf_static_A4,script_pack_A4_source_selection,unknown,1,1,A4_xx_B2_dd_A4_yy:first,CC:55FE,0,,,C9:1402,2,normal_master,C9:165F,82,cd2b0e13b0df467a9ff0dc73b3f6dd9f131276f7d9071194889f7fc276df3e70,,
106,0x6A,13,0x0D,high_conf_static_A4,script_pack_A4_source_selection,unknown,2,1,A4_xx_B0;A4_xx_B2_dd_A4_yy:second,CC:5602,0,,,C9:1402,2,normal_master,C9:169A,36,0d4ed711ed422897bd2a7b58479ba3d449f045df50ef519191262dd846df858a,,
106,0x6A,14,0x0E,high_conf_static_A4,script_pack_A4_source_selection,unknown,1,1,A4_xx_B2_dd_A4_yy:first,CC:561B,0,,,C9:1402,2,normal_master,C9:16B5,54,034ec507fe2170b392b92388ba6ef833c9812123f479271f97e51dd8218b3610,,
106,0x6A,15,0x0F,high_conf_static_A4,script_pack_A4_source_selection,unknown,1,1,A4_xx_B2_dd_A4_yy:second,CC:561F,0,,,C9:1402,2,normal_master,C9:16DE,91,7df247b4b9e78802da5dd47e077e2716236e89f90ce24f271b9620377746922b,,
106,0x6A,17,0x11,high_conf_static_A4,script_pack_A4_source_selection,unknown,1,1,A4_xx_B0,CC:5631,0,,,C9:1402,2,normal_master,C9:1751,72,0b95558b3871479b8262ab0a9cccfff645568b91c226acf2a3ae04391ec8d645,,
106,0x6A,18,0x12,high_conf_static_A4,script_pack_A4_source_selection,unknown,1,1,A4_xx_B2_dd_A4_yy:first,CC:5646,0,,,C9:1402,2,normal_master,C9:178C,39,8c9dbb6fec35880430c8193f6b27aa82f1935dd00c0d9108e1a6d19f32b2b71f,,
106,0x6A,19,0x13,high_conf_static_A4,script_pack_A4_source_selection,unknown,2,1,A4_xx_B0;A4_xx_B2_dd_A4_yy:second,CC:564A,0,,,C9:1402,2,normal_master,C9:17A9,33,e7cf058241cbc3ec5e31457296b77138c6d4a40acf511b2d4f8d1a83378d890d,,
106,0x6A,20,0x14,high_conf_static_A4,script_pack_A4_source_selection,unknown,1,1,A4_xx_B2_dd_A4_yy:first,CC:5663,0,,,C9:1402,2,normal_master,C9:17C4,53,3a1dffe3d9efab79b9e6d24d4cdf7dc57af93da48688b8c2ebe89bcea19ca3bd,,
106,0x6A,21,0x15,high_conf_static_A4,script_pack_A4_source_selection,unknown,1,1,A4_xx_B2_dd_A4_yy:second,CC:5667,0,,,C9:1402,2,normal_master,C9:17EE,35,5c34f7039c31731b3844e985bcb86cacc3aa56df9cf5a413acf96a1c4c6b58b5,,
106,0x6A,22,0x16,high_conf_static_A4,script_pack_A4_source_selection,unknown,1,1,A4_xx_B2_dd_A4_yy:first,CC:5670,0,,,C9:1402,2,normal_master,C9:1809,38,7f37610358db5cc4b09b1def3a9e52a42d088de3cc607e99dd727ff768ab501a,,
106,0x6A,23,0x17,high_conf_static_A4,script_pack_A4_source_selection,unknown,2,1,A4_xx_B0;A4_xx_B2_dd_A4_yy:second,CC:5674,0,,,C9:1402,2,normal_master,C9:1826,22,02992cdc053616913e0c5b59fca134533e7d0a7617469143e97683a8d5b3083c,,
106,0x6A,24,0x18,high_conf_static_A4,script_pack_A4_source_selection,unknown,1,1,A4_xx_B2_dd_A4_yy:first,CC:568D,0,,,C9:1402,2,normal_master,C9:1836,53,3a1dffe3d9efab79b9e6d24d4cdf7dc57af93da48688b8c2ebe89bcea19ca3bd,,
106,0x6A,25,0x19,high_conf_static_A4,script_pack_A4_source_selection,unknown,2,1,A4_xx_B2_dd_A4_yy:first;A4_xx_B2_dd_A4_yy:second,CC:5691,0,,,C9:1402,2,normal_master,C9:1860,35,5c34f7039c31731b3844e985bcb86cacc3aa56df9cf5a413acf96a1c4c6b58b5,,
106,0x6A,26,0x1A,high_conf_static_A4,script_pack_A4_source_selection,unknown,2,1,A4_xx_B0;A4_xx_B2_dd_A4_yy:second,CC:5695,0,,,C9:1402,2,normal_master,C9:187B,152,538455ca89edfc8ec167abb07afab4b3be1e36f44f8d8f40798f191939b3b95b,,
106,0x6A,28,0x1C,high_conf_static_A4,script_pack_A4_source_selection,unknown,1,1,A4_xx_B2_dd_A4_yy:first,CC:56B6,0,,,C9:1402,2,normal_master,C9:1908,22,02992cdc053616913e0c5b59fca134533e7d0a7617469143e97683a8d5b3083c,,
106,0x6A,29,0x1D,high_conf_static_A4,script_pack_A4_source_selection,unknown,2,1,A4_xx_B2_dd_A4_yy:first;A4_xx_B2_dd_A4_yy:second,CC:56BA,0,,,C9:1402,2,normal_master,C9:1918,50,419a5b55fb264678dbafcff40302bd04124c4a65d016f8e16a59e8ddbcc36d9b,,
106,0x6A,30,0x1E,high_conf_static_A4,script_pack_A4_source_selection,unknown,2,1,A4_xx_B0;A4_xx_B2_dd_A4_yy:second,CC:56BE,0,,,C9:1402,2,normal_master,C9:193B,39,4dfd35b01c03bd98c0c892607cdaec55d2daadcd4d2998337c4ce1f5cbdae3a1,,
106,0x6A,32,0x20,high_conf_static_A4,script_pack_A4_source_selection,unknown,1,1,A4_xx_B2_dd_A4_yy:first,CC:56DF,0,,,C9:1402,2,normal_master,C9:1980,72,0bedad2890145c9d896eb24802365891945916ceb4ffd96df5c4e7151a0f4783,,
106,0x6A,33,0x21,high_conf_static_A4,script_pack_A4_source_selection,unknown,1,1,A4_xx_B2_dd_A4_yy:second,CC:56E3,0,,,C9:1402,2,normal_master,C9:19B5,50,98ef3cf0b583665ebdf2490be4ccb1363a599554d9d124c999441dc52715111f,,
106,0x6A,35,0x23,high_conf_static_A4,script_pack_A4_source_selection,unknown,1,1,A4_xx_B0,CC:56F5,0,,,C9:1402,2,normal_master,C9:19F8,47,998bac27842a5337751cc1d66108c591e453a143e910aabc3a04e332b1053732,,
106,0x6A,36,0x24,high_conf_static_A4,script_pack_A4_source_selection,unknown,1,1,A4_xx_B2_dd_A4_yy:first,CC:570E,0,,,C9:1402,2,normal_master,C9:1A1B,45,5fb820d06338d88abe76a94f42ea2ce227330378c4879e11cb2da61c101b04e8,,
106,0x6A,37,0x25,high_conf_static_A4,script_pack_A4_source_selection,unknown,2,1,A4_xx_B0;A4_xx_B2_dd_A4_yy:second,CC:5712,0,,,C9:1402,2,normal_master,C9:1A3C,106,63411457d9eb07c8875b47f62229ac2a0c7a48848a42ae2d2bab8b62b47be882,,
106,0x6A,38,0x26,high_conf_static_A4,script_pack_A4_source_selection,unknown,1,1,A4_xx_B2_dd_A4_yy:first,CC:572B,0,,,C9:1402,2,normal_master,C9:1A89,111,281b0311684d123643c2e3452e6c15706064d7fb095958598db678ba6d8cadeb,,
106,0x6A,39,0x27,high_conf_static_A4,script_pack_A4_source_selection,unknown,2,1,A4_xx_B0;A4_xx_B2_dd_A4_yy:second,CC:572F,0,,,C9:1402,2,normal_master,C9:1ADF,76,08908aac085202d4b6fc8ad6134d9b87b802a6a757df46569465765d9b1ab45e,,
106,0x6A,40,0x28,high_conf_static_A4,script_pack_A4_source_selection,unknown,1,1,A4_xx_B0,CC:5744,0,,,C9:1402,2,normal_master,C9:1B15,51,40bcc83151ab03c370e33d8149b6a194c79112db5cce06426268fe4b79c1c869,,
106,0x6A,41,0x29,high_conf_static_A4,script_pack_A4_source_selection,unknown,1,1,A4_xx_B0,CC:5759,0,,,C9:1402,2,normal_master,C9:1B3C,72,00387754bb15d64f8ebfee46b6ef3dda2be492396039c0f519188ea8ff062a49,,
106,0x6A,44,0x2C,high_conf_static_A4,script_pack_A4_source_selection,unknown,1,1,A4_xx_B2_dd_A4_yy:first,CC:5811,0,,,C9:1402,2,normal_master,C9:1D1D,70,4ac696443866183a0c607b7834b2a6881220bd28d0f2ceae9db520840c1a3f32,,
106,0x6A,45,0x2D,high_conf_static_A4,script_pack_A4_source_selection,unknown,1,1,A4_xx_B2_dd_A4_yy:second,CC:5815,0,,,C9:1402,2,normal_master,C9:1D51,46,3b3093ad0b637413b33f5bdccb3219c6171cf9de9469de4cab6d2aa7a4d6360d,,
106,0x6A,50,0x32,high_conf_static_A4,script_pack_A4_source_selection,unknown,1,1,A4_xx_B0,CC:58DA,0,,,C9:1402,2,normal_master,C9:1E1C,43,bcd405a7e8970aae7b94128d505b902ba2c80bead982639691c490f1bcf8f293,,
107,0x6B,0,0x00,high_conf_static_A4,script_pack_A4_source_selection,unknown,1,1,A4_xx_B2_dd_A4_yy:first,CC:5B6C,0,,,C9:1918,2,normal_master,C9:1919,45,63241bdaa6b1774bb92925a1466ee2690131cf37f2045d3c031680777c4182e3,,
107,0x6B,1,0x01,high_conf_static_A4,script_pack_A4_source_selection,unknown,2,1,A4_xx_B0;A4_xx_B2_dd_A4_yy:second,CC:5B70,0,,,C9:1918,2,normal_master,C9:193B,39,4dfd35b01c03bd98c0c892607cdaec55d2daadcd4d2998337c4ce1f5cbdae3a1,,
107,0x6B,2,0x02,high_conf_static_A4,script_pack_A4_source_selection,unknown,1,1,A4_xx_B2_dd_A4_yy:first,CC:5B9E,0,,,C9:1918,2,normal_master,C9:1958,56,5d7c1218d0c9953f832ed8a00907e6d1f558167305651a3b459a44ee4887c450,,
107,0x6B,3,0x03,high_conf_static_A4,script_pack_A4_source_selection,unknown,2,1,A4_xx_B0;A4_xx_B2_dd_A4_yy:second,CC:5BA2,0,,,C9:1918,2,normal_master,C9:1980,72,0bedad2890145c9d896eb24802365891945916ceb4ffd96df5c4e7151a0f4783,,
107,0x6B,4,0x04,high_conf_static_A4,script_pack_A4_source_selection,unknown,1,1,A4_xx_B2_dd_A4_yy:first,CC:5BD0,0,,,C9:1918,2,normal_master,C9:19B5,50,98ef3cf0b583665ebdf2490be4ccb1363a599554d9d124c999441dc52715111f,,
107,0x6B,5,0x05,high_conf_static_A4,script_pack_A4_source_selection,unknown,2,1,A4_xx_B0;A4_xx_B2_dd_A4_yy:second,CC:5BD4,0,,,C9:1918,2,normal_master,C9:19DA,39,e774110687e7054a7aa0dde0fd7147f4af06fded2db18939bd07d5f5fd38f827,,
107,0x6B,6,0x06,high_conf_static_A4,script_pack_A4_source_selection,unknown,1,1,A4_xx_B2_dd_A4_yy:first,CC:5C02,0,,,C9:1918,2,normal_master,C9:19F8,47,998bac27842a5337751cc1d66108c591e453a143e910aabc3a04e332b1053732,,
107,0x6B,7,0x07,high_conf_static_A4,script_pack_A4_source_selection,unknown,2,1,A4_xx_B0;A4_xx_B2_dd_A4_yy:second,CC:5C06,0,,,C9:1918,2,normal_master,C9:1A1B,45,5fb820d06338d88abe76a94f42ea2ce227330378c4879e11cb2da61c101b04e8,,
107,0x6B,8,0x08,high_conf_static_A4,script_pack_A4_source_selection,unknown,1,1,A4_xx_B2_dd_A4_yy:first,CC:5C34,0,,,C9:1918,2,normal_master,C9:1A3C,106,63411457d9eb07c8875b47f62229ac2a0c7a48848a42ae2d2bab8b62b47be882,,
107,0x6B,9,0x09,high_conf_static_A4,script_pack_A4_source_selection,unknown,2,1,A4_xx_B0;A4_xx_B2_dd_A4_yy:second,CC:5C38,0,,,C9:1918,2,normal_master,C9:1A89,111,281b0311684d123643c2e3452e6c15706064d7fb095958598db678ba6d8cadeb,,
107,0x6B,10,0x0A,high_conf_static_A4,script_pack_A4_source_selection,unknown,1,1,A4_xx_B2_dd_A4_yy:first,CC:5C66,0,,,C9:1918,2,normal_master,C9:1ADF,76,08908aac085202d4b6fc8ad6134d9b87b802a6a757df46569465765d9b1ab45e,,
107,0x6B,11,0x0B,high_conf_static_A4,script_pack_A4_source_selection,unknown,2,1,A4_xx_B0;A4_xx_B2_dd_A4_yy:second,CC:5C6A,0,,,C9:1918,2,normal_master,C9:1B15,51,40bcc83151ab03c370e33d8149b6a194c79112db5cce06426268fe4b79c1c869,,
107,0x6B,12,0x0C,high_conf_static_A4,script_pack_A4_source_selection,unknown,1,1,A4_xx_B2_dd_A4_yy:first,CC:5C98,0,,,C9:1918,2,normal_master,C9:1B3C,72,00387754bb15d64f8ebfee46b6ef3dda2be492396039c0f519188ea8ff062a49,,
107,0x6B,13,0x0D,high_conf_static_A4,script_pack_A4_source_selection,unknown,2,1,A4_xx_B0;A4_xx_B2_dd_A4_yy:second,CC:5C9C,0,,,C9:1918,2,normal_master,C9:1B73,425,281abacbdedcad798eebdd24bb415cb44b84c143e6c2a54447775c47f094e703,,
107,0x6B,14,0x0E,high_conf_static_A4,script_pack_A4_source_selection,unknown,1,1,A4_xx_B2_dd_A4_yy:first,CC:5CCA,0,,,C9:1918,2,normal_master,C9:1CAF,144,3ceb9afffa9a0f15d4b7dbaacd5a1c0b0d6f04f9fad53f33382d9666e43d4c1f,,
107,0x6B,15,0x0F,high_conf_static_A4,script_pack_A4_source_selection,unknown,2,1,A4_xx_B0;A4_xx_B2_dd_A4_yy:second,CC:5CCE,0,,,C9:1918,2,normal_master,C9:1D1D,70,4ac696443866183a0c607b7834b2a6881220bd28d0f2ceae9db520840c1a3f32,,
107,0x6B,16,0x10,high_conf_static_A4,script_pack_A4_source_selection,unknown,1,1,A4_xx_B2_dd_A4_yy:first,CC:5CFC,0,,,C9:1918,2,normal_master,C9:1D51,46,3b3093ad0b637413b33f5bdccb3219c6171cf9de9469de4cab6d2aa7a4d6360d,,
107,0x6B,17,0x11,high_conf_static_A4,script_pack_A4_source_selection,unknown,2,1,A4_xx_B0;A4_xx_B2_dd_A4_yy:second,CC:5D00,0,,,C9:1918,2,normal_master,C9:1D72,93,db91f50f13f91689c5f79a6ef549629c1629fc7fa20576bb9b293f00f01b7299,,
107,0x6B,18,0x12,high_conf_static_A4,script_pack_A4_source_selection,unknown,1,1,A4_xx_B0,CC:5D26,0,,,C9:1918,2,normal_master,C9:1DB8,73,d257ff483ac5a95cf7f7b9c66d8fcc908c809beecff6bdb6893681787e797360,,
108,0x6C,0,0x00,high_conf_static_A4,script_pack_A4_source_selection,unknown,1,1,A4_xx_B0,CC:6069,0,,,C9:1B73,2,normal_master,C9:1B74,423,baab99c1709d42dd0a067defe4e4a5706463b593a7e6d201dd1fdd86e352d967,,
108,0x6C,1,0x01,high_conf_static_A4,script_pack_A4_source_selection,unknown,1,1,A4_xx_B0,CC:6082,0,,,C9:1B73,2,normal_master,C9:1CAF,144,3ceb9afffa9a0f15d4b7dbaacd5a1c0b0d6f04f9fad53f33382d9666e43d4c1f,,
108,0x6C,2,0x02,high_conf_static_A4,script_pack_A4_source_selection,unknown,1,1,A4_xx_B0,CC:609B,0,,,C9:1B73,2,normal_master,C9:1D1D,70,4ac696443866183a0c607b7834b2a6881220bd28d0f2ceae9db520840c1a3f32,,
108,0x6C,3,0x03,high_conf_static_A4,script_pack_A4_source_selection,unknown,1,1,A4_xx_B0,CC:60B4,0,,,C9:1B73,2,normal_master,C9:1D51,46,3b3093ad0b637413b33f5bdccb3219c6171cf9de9469de4cab6d2aa7a4d6360d,,
108,0x6C,4,0x04,high_conf_static_A4,script_pack_A4_source_selection,unknown,1,1,A4_xx_B0,CC:60CD,0,,,C9:1B73,2,normal_master,C9:1D72,93,db91f50f13f91689c5f79a6ef549629c1629fc7fa20576bb9b293f00f01b7299,,
108,0x6C,5,0x05,high_conf_static_A4,script_pack_A4_source_selection,unknown,1,1,A4_xx_B0,CC:60E6,0,,,C9:1B73,2,normal_master,C9:1DB8,73,d257ff483ac5a95cf7f7b9c66d8fcc908c809beecff6bdb6893681787e797360,,
108,0x6C,6,0x06,high_conf_static_A4,script_pack_A4_source_selection,unknown,1,1,A4_xx_B0,CC:60FF,0,,,C9:1B73,2,normal_master,C9:1DF1,22,11b3895ca0332eb6174b57f3104eff3d355898558085a37059c552c34979d2cd,,
108,0x6C,7,0x07,high_conf_static_A4,script_pack_A4_source_selection,unknown,1,1,A4_xx_B0,CC:6118,0,,,C9:1B73,2,normal_master,C9:1E01,36,f30f86e460f574024497ad8e5ae191867f08bff8c5bfb875ae21af08a9705388,,
108,0x6C,8,0x08,high_conf_static_A4,script_pack_A4_source_selection,unknown,1,1,A4_xx_B0,CC:6131,0,,,C9:1B73,2,normal_master,C9:1E1C,43,bcd405a7e8970aae7b94128d505b902ba2c80bead982639691c490f1bcf8f293,,
108,0x6C,9,0x09,high_conf_static_A4,script_pack_A4_source_selection,unknown,1,1,A4_xx_B0,CC:614A,0,,,C9:1B73,2,normal_master,C9:1E3C,24,99b1365b03d1e3e695d7d7f77e467f89c4066ad5f0335baec43ca4e6549ef4b4,,
108,0x6C,10,0x0A,high_conf_static_A4,script_pack_A4_source_selection,unknown,1,1,A4_xx_B0,CC:6163,0,,,C9:1B73,2,normal_master,C9:1E4E,138,826cbe3ed43d0c4ee76ae9ade15e65f85df2fe23c0887a8f2e965b961d7cb60e,,
108,0x6C,11,0x0B,high_conf_static_A4,script_pack_A4_source_selection,unknown,1,1,A4_xx_B0,CC:6193,0,,,C9:1B73,2,normal_master,C9:1EBC,149,26c3d889f12ea59ae2a2f290aaf1ee830db74a6f970023cbf921e7458dc41d01,,
108,0x6C,12,0x0C,high_conf_static_A4,script_pack_A4_source_selection,unknown,1,1,A4_xx_B0,CC:61CB,0,,,C9:1B73,2,normal_master,C9:1F31,52,3df9081bc99df738b8039919e8c047130291932a40318ed058e4a02df1dbcd25,,
110,0x6E,0,0x00,high_conf_static_A4,script_pack_A4_source_selection,unknown,1,1,A4_xx_B0,CC:6484,0,,,C9:23ED,2,normal_master,C9:23EE,141,f7a3c697878119a4e616ae2ca5d2d9fa54e0f41a2c86a4dccf7c23e79a526927,,
110,0x6E,1,0x01,high_conf_static_A4,script_pack_A4_source_selection,unknown,1,1,A4_xx_B0,CC:6495,0,,,C9:23ED,2,normal_master,C9:2460,72,17acbd0408490c02f57246b95c0bc23627af0163236dd0d6cde0ae67593d42a2,,
110,0x6E,2,0x02,high_conf_static_A4,script_pack_A4_source_selection,unknown,1,1,A4_xx_B0,CC:64A6,0,,,C9:23ED,2,normal_master,C9:2496,51,0e6ef6a118ac91f7247eacd5f38fdc04165859fa3c5f2b5257656fd0313a1ab2,,
110,0x6E,4,0x04,high_conf_static_A4,script_pack_A4_source_selection,unknown,1,1,A4_xx_B0,CC:64C5,0,,,C9:23ED,2,normal_master,C9:24E9,43,40d0bde1541bb991285560f41b3143233e6d96364323d123b226962a7409a2e7,,
110,0x6E,6,0x06,high_conf_static_A4,script_pack_A4_source_selection,unknown,1,1,A4_xx_B0,CC:64EC,0,,,C9:23ED,2,normal_master,C9:252D,45,0b427ad492abb9dd832e48cd5962dd4c6403656e601443d2269363df994cc0db,,
110,0x6E,7,0x07,high_conf_static_A4,script_pack_A4_source_selection,unknown,1,1,A4_xx_B0,CC:64FD,0,,,C9:23ED,2,normal_master,C9:254F,37,64fd348a786716f9788de4c3d3655f9a5f203d6e930a4f23748d628a2ea914e5,,
110,0x6E,8,0x08,high_conf_static_A4,script_pack_A4_source_selection,unknown,1,1,A4_xx_B0,CC:650E,0,,,C9:23ED,2,normal_master,C9:256C,37,64fd348a786716f9788de4c3d3655f9a5f203d6e930a4f23748d628a2ea914e5,,
110,0x6E,9,0x09,high_conf_static_A4,script_pack_A4_source_selection,unknown,1,1,A4_xx_B0,CC:651F,0,,,C9:23ED,2,normal_master,C9:2589,37,64fd348a786716f9788de4c3d3655f9a5f203d6e930a4f23748d628a2ea914e5,,
110,0x6E,11,0x0B,high_conf_static_A4,script_pack_A4_source_selection,unknown,1,1,A4_xx_B0,CC:6546,0,,,C9:23ED,2,normal_master,C9:25C1,30,c073e49695e2cbc14c9c2dc05958a8fa3048be0b811098f85f31d6c6f1310a23,,
110,0x6E,12,0x0C,high_conf_static_A4,script_pack_A4_source_selection,unknown,1,1,A4_xx_B0,CC:6557,0,,,C9:23ED,2,normal_master,C9:25D7,89,9a80384b93113caa593897c1d118353c2a5f07cc1e453702941582532de382c6,,
110,0x6E,13,0x0D,high_conf_static_A4,script_pack_A4_source_selection,unknown,1,1,A4_xx_B0,CC:6568,0,,,C9:23ED,2,normal_master,C9:261A,99,3ec06b3772b87be1a2f06023003e1b9e8dd5753d70910df0901764196341a6c8,,
110,0x6E,14,0x0E,high_conf_static_A4,script_pack_A4_source_selection,unknown,1,1,A4_xx_B0,CC:6579,0,,,C9:23ED,2,normal_master,C9:2665,60,6c36406b9a30238f176e0f68b9589540c009cc3a0d87a7ac3443856640ad196f,,
110,0x6E,15,0x0F,high_conf_static_A4,script_pack_A4_source_selection,unknown,1,1,A4_xx_B0,CC:658A,0,,,C9:23ED,2,normal_master,C9:2694,133,cb16034e5aa0103a820dfc4370e8a36ea06a8869b3db64e310d435b1e776553b,,
110,0x6E,16,0x10,high_conf_static_A4,script_pack_A4_source_selection,unknown,1,1,A4_xx_B0,CC:659B,0,,,C9:23ED,2,normal_master,C9:26F7,36,a144734fb1fe73297ff69a8c7b15d3bbcfa1a1b0318ca4ec568bb9649dd1906c,,
110,0x6E,17,0x11,high_conf_static_A4,script_pack_A4_source_selection,unknown,1,1,A4_xx_B0,CC:65AC,0,,,C9:23ED,2,normal_master,C9:2714,37,e8764738cb323c94b60a0959efa07cfa8ad849b342317cf845f077cfb33154ed,,
110,0x6E,21,0x15,high_conf_static_A4,script_pack_A4_source_selection,unknown,1,1,A4_xx_B0,CC:65DE,0,,,C9:23ED,2,normal_master,C9:27C1,81,5627cb5c752091ca03357b06dffe0020ff670b912fa121f578dfe1fad7c34b60,,
110,0x6E,25,0x19,high_conf_static_A4,script_pack_A4_source_selection,unknown,1,1,A4_xx_B0,CC:660C,0,,,C9:23ED,2,normal_master,C9:2885,47,c0cf48f52847bc472c8923ec7f7c3212b5b8cc3ab68b95b008f2b2e03f94af60,,
110,0x6E,29,0x1D,high_conf_static_A4,script_pack_A4_source_selection,unknown,1,1,A4_xx_B0,CC:663A,0,,,C9:23ED,2,normal_master,C9:294C,83,a756c86b7a7dd8cc7508df88ee661c88d83ffadab5f46f9c8f05f51c384e609b,,
111,0x6F,0,0x00,high_conf_static_A4,script_pack_A4_source_selection,unknown,1,1,A4_xx_B0,CC:6792,0,,,C9:274F,2,normal_master,C9:2750,48,0a49d5f1523cec16c1cccb7399b9b23f10a1bd4cb936f6cd952d415a66b9dff4,,
111,0x6F,1,0x01,high_conf_static_A4,script_pack_A4_source_selection,unknown,1,1,A4_xx_B0,CC:67A0,0,,,C9:274F,2,normal_master,C9:2776,99,16a262eee69026af2893c08d29015f6a74a34b3feca6e55ce660cdf7b9fa5634,,
111,0x6F,2,0x02,high_conf_static_A4,script_pack_A4_source_selection,unknown,1,1,A4_xx_B0,CC:67AE,0,,,C9:274F,2,normal_master,C9:27C1,81,5627cb5c752091ca03357b06dffe0020ff670b912fa121f578dfe1fad7c34b60,,
111,0x6F,3,0x03,high_conf_static_A4,script_pack_A4_source_selection,unknown,1,1,A4_xx_B0,CC:67C5,0,,,C9:274F,2,normal_master,C9:2801,50,a34823e18e7e545dd2b3e0a8c1d73c6618b739b13d5c45f616065d1dce937246,,
111,0x6F,4,0x04,high_conf_static_A4,script_pack_A4_source_selection,unknown,1,1,A4_xx_B0,CC:67DC,0,,,C9:274F,2,normal_master,C9:2829,84,22535a50db2f4599563293f48c13d6d78f7ad3fbcb23d35dcb7a438847e953eb,,
111,0x6F,5,0x05,high_conf_static_A4,script_pack_A4_source_selection,unknown,1,1,A4_xx_B0,CC:67F3,0,,,C9:274F,2,normal_master,C9:286A,35,86b2c0a0bee46f7ca9f5f43f9abac93916d432f86fbd673e6be34f8d7f0e7c07,,
111,0x6F,6,0x06,high_conf_static_A4,script_pack_A4_source_selection,unknown,1,1,A4_xx_B0,CC:680A,0,,,C9:274F,2,normal_master,C9:2885,47,c0cf48f52847bc472c8923ec7f7c3212b5b8cc3ab68b95b008f2b2e03f94af60,,
111,0x6F,7,0x07,high_conf_static_A4,script_pack_A4_source_selection,unknown,1,1,A4_xx_B0,CC:6821,0,,,C9:274F,2,normal_master,C9:28AA,58,54afb9b4126ef847f00fbe8fe48b2d46fe89eadf2f4f0b8bb2a3e400ad135372,,
111,0x6F,8,0x08,high_conf_static_A4,script_pack_A4_source_selection,unknown,1,1,A4_xx_B0,CC:6838,0,,,C9:274F,2,normal_master,C9:28D8,92,e387d7188164998cb4712f7ff9d192874533f1c8d8d7c89a0dc355ba82380216,,
111,0x6F,9,0x09,high_conf_static_A4,script_pack_A4_source_selection,unknown,1,1,A4_xx_B0,CC:684F,0,,,C9:274F,2,normal_master,C9:2923,54,60ca463036e1029088b2820118f347f8f8e8dbfaa261f4aec876dff01b5a3d6a,,
112,0x70,0,0x00,high_conf_static_A4,script_pack_A4_source_selection,unknown,1,1,A4_xx_B0,CC:70C6,0,,,C9:2EEF,2,normal_master,C9:2EF0,45,98f42c80d2729c57fd4ad035d4e0c5a7d57c198d3ec29e51593289ecd754414d,,
112,0x70,1,0x01,high_conf_static_A4,script_pack_A4_source_selection,unknown,1,1,A4_xx_B0,CC:70D4,0,,,C9:2EEF,2,normal_master,C9:2F14,94,45f8bb0ce35df2745634f59c2ec830d260f2ac1daada3465bd04338665744e0d,,
112,0x70,2,0x02,high_conf_static_A4,script_pack_A4_source_selection,unknown,1,1,A4_xx_B0,CC:70E2,0,,,C9:2EEF,2,normal_master,C9:2F5E,39,2c2a4b8c9d18a5b7db6a5ff6ea9dfd0d1b0b818fe7664083e2ad0d93123bd197,,
112,0x70,3,0x03,high_conf_static_A4,script_pack_A4_source_selection,unknown,1,1,A4_xx_B0,CC:70F3,0,,,C9:2EEF,2,normal_master,C9:2F7B,38,72cb795e4bae1ceaabcbb7bca83b8b779b76b20e75bf7cd9236784664a8fa84d,,
112,0x70,5,0x05,high_conf_static_A4,script_pack_A4_source_selection,unknown,1,1,A4_xx_B0,CC:7112,0,,,C9:2EEF,2,normal_master,C9:2FDF,44,547d4374669f8718461b1239a1d9fb9a7157d8e0ce5e9d8fc179e2de58eb5897,,
112,0x70,6,0x06,high_conf_static_A4,script_pack_A4_source_selection,unknown,1,1,A4_xx_B0,CC:7123,0,,,C9:2EEF,2,normal_master,C9:3000,58,043516b72c200ce43b7613c9b6d9490283d5c91fd0312757a1e13380cd03eee5,,
112,0x70,7,0x07,high_conf_static_A4,script_pack_A4_source_selection,unknown,1,1,A4_xx_B0,CC:7134,0,,,C9:2EEF,2,normal_master,C9:302A,63,2d557c056e6d159240662047dd8159d50c2e45bd9cd130b4cfd358e240b326bc,,
112,0x70,8,0x08,high_conf_static_A4,script_pack_A4_source_selection,unknown,1,1,A4_xx_B0,CC:7145,0,,,C9:2EEF,2,normal_master,C9:305B,98,58f2833a9788842af0ab09abb4d194758ec338acdd219f69ed23aabcec8863ad,,
112,0x70,9,0x09,high_conf_static_A4,script_pack_A4_source_selection,unknown,1,1,A4_xx_B0,CC:7156,0,,,C9:2EEF,2,normal_master,C9:30A9,44,bc25c2061e90279a9d4b9143e71166b0c61443442ed1dcf42920a6226b6a8f53,,
112,0x70,10,0x0A,high_conf_static_A4,script_pack_A4_source_selection,unknown,1,1,A4_xx_B0,CC:7167,0,,,C9:2EEF,2,normal_master,C9:30CC,105,231fc8e13949242d5e3f828113377bd1fb4974d328fb2155fd690d224c44c2e7,,
112,0x70,12,0x0C,high_conf_static_A4,script_pack_A4_source_selection,unknown,1,1,A4_xx_B0,CC:7186,0,,,C9:2EEF,2,normal_master,C9:3151,89,ed35ea8ddf54655485171aa07f5793b2d8f6329cc48eb4f327b699e2f2f0babd,,
112,0x70,13,0x0D,high_conf_static_A4,script_pack_A4_source_selection,unknown,1,1,A4_xx_B0,CC:7197,0,,,C9:2EEF,2,normal_master,C9:3197,32,3cbb59271cb470f6250e8c2b6107788ee5d1bb009f632c5c42133c37dddf1117,,
112,0x70,14,0x0E,high_conf_static_A4,script_pack_A4_source_selection,unknown,1,1,A4_xx_B0,CC:71A8,0,,,C9:2EEF,2,normal_master,C9:31B0,91,ed8f856aadcc0c73f89d6515edf073cf5d3159fe3bea59fa0c72d3e7b746d398,,
112,0x70,16,0x10,high_conf_static_A4,script_pack_A4_source_selection,unknown,1,1,A4_xx_B2_dd_A4_yy:first,CC:71BF,0,,,C9:2EEF,2,normal_master,C9:3219,86,318c59ee2c6fa29b0d5dfdb3152d22e6cae01c41a99c13c1b097e99b30d2d5b1,,
112,0x70,17,0x11,high_conf_static_A4,script_pack_A4_source_selection,unknown,2,1,A4_xx_B0;A4_xx_B2_dd_A4_yy:second,CC:71C3,0,,,C9:2EEF,2,normal_master,C9:3257,33,409d69304fa2bb6a643a071f20df18354a8cb2a724a05361d0bda7daed912364,,
112,0x70,18,0x12,high_conf_static_A4,script_pack_A4_source_selection,unknown,1,1,A4_xx_B0,CC:71D4,0,,,C9:2EEF,2,normal_master,C9:3271,8,a612053e1f5438df0fbd36c986f7dfdbd060b3cb9935e8e6d75d16c2add63ab1,,
112,0x70,19,0x13,high_conf_static_A4,script_pack_A4_source_selection,unknown,1,1,A4_xx_B0,CC:71E5,0,,,C9:2EEF,2,normal_master,C9:3275,30,2efd3aa081845ca2fa7db57a38cd1c94cf505944b5aa51d2aaf9962bbac92097,,
112,0x70,21,0x15,high_conf_static_A4,script_pack_A4_source_selection,unknown,1,1,A4_xx_B0,CC:7204,0,,,C9:2EEF,2,normal_master,C9:32B9,99,1375c25d97fa80eaf99e4b64e215b742d3beec9b8ba1404ac3d885399ea7521d,,
112,0x70,22,0x16,high_conf_static_A4,script_pack_A4_source_selection,unknown,1,1,A4_xx_B0,CC:7215,0,,,C9:2EEF,2,normal_master,C9:3307,21,8d0ea7cf83706771878bd1ba673d3e9abf40418a400bb3316272930ef9d11008,,
112,0x70,23,0x17,high_conf_static_A4,script_pack_A4_source_selection,unknown,1,1,A4_xx_B0,CC:7226,0,,,C9:2EEF,2,normal_master,C9:3317,53,1225654453815e1c9ab960ce588a50a113ce21f61cbe8f94bc94265c4904a00a,,
112,0x70,24,0x18,high_conf_static_A4,script_pack_A4_source_selection,unknown,1,1,A4_xx_B0,CC:7237,0,,,C9:2EEF,2,normal_master,C9:3343,91,b2df9c9c3258b123a193effad569abe37b43291378af2612361b5a912425166c,,
112,0x70,25,0x19,high_conf_static_A4,script_pack_A4_source_selection,unknown,1,1,A4_xx_B0,CC:7248,0,,,C9:2EEF,2,normal_master,C9:338C,61,c5d0367b3bbfe5621003cca33663b6a2713563a473670d2ea4e2227ec55e11d4,,
112,0x70,26,0x1A,high_conf_static_A4,script_pack_A4_source_selection,unknown,1,1,A4_xx_B0,CC:7259,0,,,C9:2EEF,2,normal_master,C9:33BB,75,eea8ec1faa61ca0d6d7180593a887f48b774170a6bc89e4480d50aaabdb9f3e8,,
112,0x70,27,0x1B,high_conf_static_A4,script_pack_A4_source_selection,unknown,1,1,A4_xx_B0,CC:726A,0,,,C9:2EEF,2,normal_master,C9:33F6,60,43b39b126a3a1378b52dc702ccbd28806c3ca143abded1cfbe4074779c32262d,,
112,0x70,28,0x1C,high_conf_static_A4,script_pack_A4_source_selection,unknown,1,1,A4_xx_B0,CC:727B,0,,,C9:2EEF,2,normal_master,C9:3424,16,1345a0d2b2c6f2b51ff4561aeb28d4c8c565305538191c7343a48c361d8819c3,,
112,0x70,29,0x1D,high_conf_static_A4,script_pack_A4_source_selection,unknown,1,1,A4_xx_B0,CC:728C,0,,,C9:2EEF,2,normal_master,C9:3431,36,9169d08a06d1668be8f9446ae6af396ba1f7b4880fca88b4ac0153a407f5b07b,,
112,0x70,35,0x23,high_conf_static_A4,script_pack_A4_source_selection,unknown,1,1,A4_xx_B0,CC:730F,0,,,C9:2EEF,2,normal_master,C9:3658,44,1e8e270c15a65978f35439e5ff6d7de532baa479d23c9a8da8db978d34d1880d,,
113,0x71,4,0x04,high_conf_static_A4,script_pack_A4_source_selection,unknown,1,1,A4_xx_B0,CC:7420,0,,,C9:3000,2,normal_master,C9:30CC,105,231fc8e13949242d5e3f828113377bd1fb4974d328fb2155fd690d224c44c2e7,,
113,0x71,5,0x05,high_conf_static_A4,script_pack_A4_source_selection,unknown,1,1,A4_xx_B0,CC:7435,0,,,C9:3000,2,normal_master,C9:311E,68,3f49550c2d12a7c8ba12df3c8f3a2a560bbe8d3b579fc774477f7ac5d1b2a408,,
114,0x72,0,0x00,high_conf_static_A4,script_pack_A4_source_selection,unknown,1,1,A4_xx_B0,CC:74CD,0,,,C9:3271,2,normal_master,C9:3272,32,6518c6c011519851c533b2e8f0d49c1e853778c8e6b87089f32c5cb515126e23,,
114,0x72,1,0x01,high_conf_static_A4,script_pack_A4_source_selection,unknown,1,1,A4_xx_B0,CC:74E9,0,,,C9:3271,2,normal_master,C9:328C,58,5853bf684f6b65bc1c5fd9b6e07efb89882d8e688f79ca5b8c31156b69c5d712,,
114,0x72,2,0x02,high_conf_static_A4,script_pack_A4_source_selection,unknown,1,1,A4_xx_B0,CC:7505,0,,,C9:3271,2,normal_master,C9:32B9,99,1375c25d97fa80eaf99e4b64e215b742d3beec9b8ba1404ac3d885399ea7521d,,
114,0x72,3,0x03,high_conf_static_A4,script_pack_A4_source_selection,unknown,1,1,A4_xx_B0,CC:7521,0,,,C9:3271,2,normal_master,C9:3307,21,8d0ea7cf83706771878bd1ba673d3e9abf40418a400bb3316272930ef9d11008,,
114,0x72,4,0x04,high_conf_static_A4,script_pack_A4_source_selection,unknown,1,1,A4_xx_B0,CC:753D,0,,,C9:3271,2,normal_master,C9:3317,53,1225654453815e1c9ab960ce588a50a113ce21f61cbe8f94bc94265c4904a00a,,
114,0x72,5,0x05,high_conf_static_A4,script_pack_A4_source_selection,unknown,1,1,A4_xx_B0,CC:7559,0,,,C9:3271,2,normal_master,C9:3343,91,b2df9c9c3258b123a193effad569abe37b43291378af2612361b5a912425166c,,
114,0x72,6,0x06,high_conf_static_A4,script_pack_A4_source_selection,unknown,1,1,A4_xx_B0,CC:7575,0,,,C9:3271,2,normal_master,C9:338C,61,c5d0367b3bbfe5621003cca33663b6a2713563a473670d2ea4e2227ec55e11d4,,
114,0x72,7,0x07,high_conf_static_A4,script_pack_A4_source_selection,unknown,1,1,A4_xx_B0,CC:7591,0,,,C9:3271,2,normal_master,C9:33BB,75,eea8ec1faa61ca0d6d7180593a887f48b774170a6bc89e4480d50aaabdb9f3e8,,
114,0x72,8,0x08,high_conf_static_A4,script_pack_A4_source_selection,unknown,1,1,A4_xx_B0,CC:75AD,0,,,C9:3271,2,normal_master,C9:33F6,60,43b39b126a3a1378b52dc702ccbd28806c3ca143abded1cfbe4074779c32262d,,
114,0x72,9,0x09,high_conf_static_A4,script_pack_A4_source_selection,unknown,1,1,A4_xx_B0,CC:75C9,0,,,C9:3271,2,normal_master,C9:3424,16,1345a0d2b2c6f2b51ff4561aeb28d4c8c565305538191c7343a48c361d8819c3,,
114,0x72,11,0x0B,high_conf_static_A4,script_pack_A4_source_selection,unknown,1,1,A4_xx_B0,CC:75F3,0,,,C9:3271,2,normal_master,C9:344D,69,c6325b5900672aa1896081703e70bf6674166d428fa8cffdc36aef0e6071638f,,
115,0x73,0,0x00,high_conf_static_A4,script_pack_A4_source_selection,unknown,1,1,A4_xx_B0,CC:76D2,0,,,C9:3500,2,normal_master,C9:3501,315,0faf5277eae7de387ede68f9d712278b09a1207a1261fb9c6a2be941fb610879,,
115,0x73,2,0x02,high_conf_static_A4,script_pack_A4_source_selection,unknown,1,1,A4_xx_B2_dd_A4_yy:first,CC:76F4,0,,,C9:3500,2,normal_master,C9:3658,44,1e8e270c15a65978f35439e5ff6d7de532baa479d23c9a8da8db978d34d1880d,,
115,0x73,3,0x03,high_conf_static_A4,script_pack_A4_source_selection,unknown,2,1,A4_xx_B0;A4_xx_B2_dd_A4_yy:second,CC:76F8,0,,,C9:3500,2,normal_master,C9:367A,41,432068548b8664e337d987b73f53831984525ca14a72cbd19889712c3ec7eb67,,
115,0x73,4,0x04,high_conf_static_A4,script_pack_A4_source_selection,unknown,1,1,A4_xx_B0,CC:7714,0,,,C9:3500,2,normal_master,C9:3699,15,de30c958ae4bca057de7b0c4173e0e0ec6514bcfa8037154f1a9fe8aa853230b,,
115,0x73,5,0x05,high_conf_static_A4,script_pack_A4_source_selection,unknown,1,1,A4_xx_B0,CC:7730,0,,,C9:3500,2,normal_master,C9:36A3,22,e9912f53ead8069a6ec5e09060b4d25743881feaad79fd46b1a61812528ce4ae,,
115,0x73,6,0x06,high_conf_static_A4,script_pack_A4_source_selection,unknown,1,1,A4_xx_B2_dd_A4_yy:first,CC:7751,0,,,C9:3500,2,normal_master,C9:36B4,390,383f76ccae0fd5d07d1455206f53cc4b2903ba922d43ef4f8ce9656964662298,,
115,0x73,7,0x07,high_conf_static_A4,script_pack_A4_source_selection,unknown,1,1,A4_xx_B2_dd_A4_yy:second,CC:7755,0,,,C9:3500,2,normal_master,C9:37DF,192,f7aebdd6ec50b15852cf6422dfc5e46c1fbe449156839322ae79fc99d3d493c9,,
115,0x73,8,0x08,high_conf_static_A4,script_pack_A4_source_selection,unknown,1,1,A4_xx_B2_dd_A4_yy:first,CC:7767,0,,,C9:3500,2,normal_master,C9:3874,18,7b8ab0a212fff15a38055029a9371749b9ead069201d87986c36c67d0ff9580e,,
115,0x73,9,0x09,high_conf_static_A4,script_pack_A4_source_selection,unknown,2,1,A4_xx_B0;A4_xx_B2_dd_A4_yy:second,CC:776B,0,,,C9:3500,2,normal_master,C9:3880,122,b79baed8c05dcc9c89e2b48a2a95996dc189525f4b4bb7a1eee1712e417a2624,,
115,0x73,10,0x0A,high_conf_static_A4,script_pack_A4_source_selection,unknown,1,1,A4_xx_B0,CC:7787,0,,,C9:3500,2,normal_master,C9:38DB,91,a2b2f969e8c2a04177a082d170de1efc76642f48769772e269e01878b00f782e,,
115,0x73,11,0x0B,high_conf_static_A4,script_pack_A4_source_selection,unknown,1,1,A4_xx_B0,CC:77A3,0,,,C9:3500,2,normal_master,C9:391C,4,405a3bd0425173e729bbe86b8478ef7c880ec9d5dbbcdfc5a81d2027bf04f553,,
115,0x73,12,0x0C,high_conf_static_A4,script_pack_A4_source_selection,unknown,1,1,A4_xx_B0,CC:77BF,0,,,C9:3500,2,normal_master,C9:391F,43,4de89f0ff955d455c44e88b29efe06882f9e809a0b3f10ab8e4e7f64f7c2229e,,
115,0x73,13,0x0D,high_conf_static_A4,script_pack_A4_source_selection,unknown,1,1,A4_xx_B0,CC:77DB,0,,,C9:3500,2,normal_master,C9:393E,24,4fe511f00c9be26b5838d5738b0f4b4cf77522124a6ee3e5d62cc6b30910e78b,,
117,0x75,3,0x03,high_conf_static_A4,script_pack_A4_source_selection,unknown,1,1,A4_xx_B2_dd_A4_yy:first,CC:80A6,0,,,C9:4893,2,normal_master,C9:48FE,26,d4c65be67f7e1cf8d7d31bd6e62fa6b919cbae2f86551e7428ab29588838dce1,,
117,0x75,4,0x04,high_conf_static_A4,script_pack_A4_source_selection,unknown,1,1,A4_xx_B2_dd_A4_yy:second,CC:80AA,0,,,C9:4893,2,normal_master,C9:4912,37,b459342df42788a13fc8c115032587efd7eba25cd10f1cc5b029aa89c78024fd,,
117,0x75,9,0x09,high_conf_static_A4,script_pack_A4_source_selection,unknown,1,1,A4_xx_B2_dd_A4_yy:first,CC:8190,0,,,C9:4893,2,normal_master,C9:49F3,108,aecefda0a9c86f7509e15cebb87b11994be6d7e587ca1534668b18248b4d00ea,,
117,0x75,10,0x0A,high_conf_static_A4,script_pack_A4_source_selection,unknown,2,1,A4_xx_B0;A4_xx_B2_dd_A4_yy:second,CC:8194,0,,,C9:4893,2,normal_master,C9:4A44,100,8e77ba71e463f13aae932e914fa9814d97934ae81443e8459864140341ca4dcc,,
117,0x75,14,0x0E,high_conf_static_A4,script_pack_A4_source_selection,unknown,1,1,A4_xx_B2_dd_A4_yy:first,CC:81D2,0,,,C9:4893,2,normal_master,C9:4B5D,50,89128ded10f09b782e8c8ee47b25e7578679668ad27ad3fc1690f230af814843,,
117,0x75,15,0x0F,high_conf_static_A4,script_pack_A4_source_selection,unknown,2,1,A4_xx_B2_dd_A4_yy:first;A4_xx_B2_dd_A4_yy:second,CC:81D6,0,,,C9:4893,2,normal_master,C9:4B80,51,8e98efed9f4d93c064ada9dd1e06f54eefd8c54110a16ff204503e4307f0efd0,,
117,0x75,16,0x10,high_conf_static_A4,script_pack_A4_source_selection,unknown,2,1,A4_xx_B0;A4_xx_B2_dd_A4_yy:second,CC:81DA,0,,,C9:4893,2,normal_master,C9:4BA9,13,7d1ad8463039c13268d83c6a419ba1a0612542bf916ff6bc186513dc52723441,,
117,0x75,17,0x11,high_conf_static_A4,script_pack_A4_source_selection,unknown,1,1,A4_xx_B2_dd_A4_yy:first,CC:81EF,0,,,C9:4893,2,normal_master,C9:4BB5,7,f16db7c3c5f679a00e7d4edcab60a005a4359e9b4c8f5aac0b3e722c6ef23fab,,
117,0x75,18,0x12,high_conf_static_A4,script_pack_A4_source_selection,unknown,1,1,A4_xx_B2_dd_A4_yy:second,CC:81F3,0,,,C9:4893,2,normal_master,C9:4BB9,9,1a55af7f7990fc16d842a2ac228c9d874e5ae07f10182cd5168685ecc3582d1d,,
117,0x75,19,0x13,high_conf_static_A4,script_pack_A4_source_selection,unknown,1,1,A4_xx_B2_dd_A4_yy:first,CC:81F9,0,,,C9:4893,2,normal_master,C9:4BBF,12,d544cf5edbdbcdeb508dea23a4ba323e32fc28281eb037536ef68b31ab38d1d5,,
117,0x75,20,0x14,high_conf_static_A4,script_pack_A4_source_selection,unknown,2,1,A4_xx_B0;A4_xx_B2_dd_A4_yy:second,CC:81FD,0,,,C9:4893,2,normal_master,C9:4BC7,26,26a80ae99eb7f1965fb50785c71dfa5ebd48e86decda429c57999816de61bc75,,
117,0x75,21,0x15,high_conf_static_A4,script_pack_A4_source_selection,unknown,1,1,A4_xx_B0,CC:8217,0,,,C9:4893,2,normal_master,C9:4BDB,56,090b4de36a531e0174590a5f9c0a76080b90373078ed5f823146adba693ba7a3,,
117,0x75,36,0x24,high_conf_static_A4,script_pack_A4_source_selection,unknown,1,1,A4_xx_B0,CC:84A6,0,,,C9:4893,2,normal_master,C9:4DD0,12,62792fdfc472d0b0c46733093cb75ae2730a13b889be72198452eaf921b6e181,,
117,0x75,40,0x28,high_conf_static_A4,script_pack_A4_source_selection,unknown,1,1,A4_xx_B0,CC:84DC,0,,,C9:4893,2,normal_master,C9:4E0E,99,44589df814601c0ca5b112cb7318045c0c9c46863bd5b6fb07bbcde96abfb2ad,,
117,0x75,41,0x29,high_conf_static_A4,script_pack_A4_source_selection,unknown,1,1,A4_xx_B2_dd_A4_yy:first,CC:850A,0,,,C9:4893,2,normal_master,C9:4E5C,5,2f39f319cfc486f07a3eac46cdf67581cbd198ff33e45dafa09fdc0b6d0dd393,,
117,0x75,42,0x2A,high_conf_static_A4,script_pack_A4_source_selection,unknown,1,1,A4_xx_B2_dd_A4_yy:second,CC:850E,0,,,C9:4893,2,normal_master,C9:4E60,36,45bb308326b3e5f11077347cf9ff7e23c5a09c0fe7d749ea71e495a578f33c7c,,
117,0x75,43,0x2B,high_conf_static_A4,script_pack_A4_source_selection,unknown,1,1,A4_xx_B2_dd_A4_yy:first,CC:8540,0,,,C9:4893,2,normal_master,C9:4E7D,98,cd5fcd95ab1a3fe1d1b63de5106188d324f76709b5deb86bcf0884340ad2ec62,,
117,0x75,44,0x2C,high_conf_static_A4,script_pack_A4_source_selection,unknown,1,1,A4_xx_B2_dd_A4_yy:second,CC:8544,0,,,C9:4893,2,normal_master,C9:4EBD,5,aea3fc048b04fd29bf02879bcb3e3b270284f75ab6f50891b25d6b0124fe2a6e,,
117,0x75,45,0x2D,high_conf_static_A4,script_pack_A4_source_selection,unknown,1,1,A4_xx_B2_dd_A4_yy:first,CC:8576,0,,,C9:4893,2,normal_master,C9:4EC1,22,abb9fe33e75a23f32d3459ea54c391f5c9f5dcabfb953b5339b787ae51eddeef,,
117,0x75,46,0x2E,high_conf_static_A4,script_pack_A4_source_selection,unknown,1,1,A4_xx_B2_dd_A4_yy:second,CC:857A,0,,,C9:4893,2,normal_master,C9:4ED0,16,5aa4f29033b504cd800395dc80b7ad53d594e24f832c8d8680352f38b0d63c8e,,
117,0x75,47,0x2F,high_conf_static_A4,script_pack_A4_source_selection,unknown,1,1,A4_xx_B2_dd_A4_yy:first,CC:85AC,0,,,C9:4893,2,normal_master,C9:4EDB,2,34ad8d8ddb8069126254db5e1fccace0936d305ffee48f29a101ef5c89240419,,
117,0x75,48,0x30,high_conf_static_A4,script_pack_A4_source_selection,unknown,1,1,A4_xx_B2_dd_A4_yy:second,CC:85B0,0,,,C9:4893,2,normal_master,C9:4EDC,94,79eeae9e194d27f8e6ecd39117c8bebcedf863652e72e6d4b27645bf11e71392,,
117,0x75,49,0x31,high_conf_static_A4,script_pack_A4_source_selection,unknown,1,1,A4_xx_B2_dd_A4_yy:first,CC:85E2,0,,,C9:4893,2,normal_master,C9:4F20,131,e6612e03777a119ce1a4a326c98ae0b9300285b716bf549b8200db66deb77570,,
117,0x75,50,0x32,high_conf_static_A4,script_pack_A4_source_selection,unknown,1,1,A4_xx_B2_dd_A4_yy:second,CC:85E6,0,,,C9:4893,2,normal_master,C9:4F83,92,d2aafa4593094c52905b5dafd6ff7cebba483f6519a710c2d99620c9737ccd24,,
117,0x75,51,0x33,high_conf_static_A4,script_pack_A4_source_selection,unknown,1,1,A4_xx_B2_dd_A4_yy:first,CC:8618,0,,,C9:4893,2,normal_master,C9:4FCA,35,74df8244257e27cb0aa8cab7bda511e85723ca13f4cd29cb2b786e132b128249,,
117,0x75,52,0x34,high_conf_static_A4,script_pack_A4_source_selection,unknown,1,1,A4_xx_B2_dd_A4_yy:second,CC:861C,0,,,C9:4893,2,normal_master,C9:4FE3,37,8e9c0bcca5144f3af43b4c428c84d731c08d98a1043e41d4cdd3725cdae1b85c,,
117,0x75,53,0x35,high_conf_static_A4,script_pack_A4_source_selection,unknown,1,1,A4_xx_B2_dd_A4_yy:first,CC:864E,0,,,C9:4893,2,normal_master,C9:4FFF,38,dc9641990fe17598127abc4a1c1d53b1065b73e1337873e589632fe6ca294a3c,,
117,0x75,54,0x36,high_conf_static_A4,script_pack_A4_source_selection,unknown,1,1,A4_xx_B2_dd_A4_yy:second,CC:8652,0,,,C9:4893,2,normal_master,C9:501C,37,8e9c0bcca5144f3af43b4c428c84d731c08d98a1043e41d4cdd3725cdae1b85c,,
117,0x75,55,0x37,high_conf_static_A4,script_pack_A4_source_selection,unknown,1,1,A4_xx_B2_dd_A4_yy:first,CC:8686,0,,,C9:4893,2,normal_master,C9:5039,34,22c72229aa8215ca6d2524cc362bf185fbaa85146ff4943b50707ea1671b4189,,
117,0x75,56,0x38,high_conf_static_A4,script_pack_A4_source_selection,unknown,1,1,A4_xx_B2_dd_A4_yy:second,CC:868A,0,,,C9:4893,2,normal_master,C9:5052,37,8e9c0bcca5144f3af43b4c428c84d731c08d98a1043e41d4cdd3725cdae1b85c,,
117,0x75,57,0x39,high_conf_static_A4,script_pack_A4_source_selection,unknown,1,1,A4_xx_B2_dd_A4_yy:first,CC:86BE,0,,,C9:4893,2,normal_master,C9:506E,128,17a700849c30b36eed22759fa9638b1e4a73bdf740fc094caa83eebd16a05b52,,
117,0x75,58,0x3A,high_conf_static_A4,script_pack_A4_source_selection,unknown,1,1,A4_xx_B2_dd_A4_yy:second,CC:86C2,0,,,C9:4893,2,normal_master,C9:50CC,132,935de10a8576d1d8c914cf46e5b34f9e8bccf6e6a10aa2850bf65735d0bd0e83,,
117,0x75,59,0x3B,high_conf_static_A4,script_pack_A4_source_selection,unknown,1,1,A4_xx_B2_dd_A4_yy:first,CC:86F6,0,,,C9:4893,2,normal_master,C9:512F,28,51f0c5dd77cbf066a8ad51a70134846485bd7f48ca8e937fb6fcb2794d51fb84,,
117,0x75,60,0x3C,high_conf_static_A4,script_pack_A4_source_selection,unknown,1,1,A4_xx_B2_dd_A4_yy:second,CC:86FA,0,,,C9:4893,2,normal_master,C9:5145,33,59f4709f51fa2e59fbcea3a892fd9d51ba12ec1a264376a613208b37220ccd75,,
117,0x75,61,0x3D,high_conf_static_A4,script_pack_A4_source_selection,unknown,1,1,A4_xx_B2_dd_A4_yy:first,CC:872C,0,,,C9:4893,2,normal_master,C9:515D,27,312b727d5033fca6170cd61592a2ae59f0362ee2d008f72f92f906c4932d85a8,,
117,0x75,62,0x3E,high_conf_static_A4,script_pack_A4_source_selection,unknown,1,1,A4_xx_B2_dd_A4_yy:second,CC:8730,0,,,C9:4893,2,normal_master,C9:5170,76,bdd9358cdbeab7558444bfa9c89e15a8a03a8c707bef06d14aa8f24218457dbd,,
117,0x75,63,0x3F,high_conf_static_A4,script_pack_A4_source_selection,unknown,1,1,A4_xx_B2_dd_A4_yy:first,CC:8764,0,,,C9:4893,2,normal_master,C9:51A7,55,4bed8c944c779b8a6d09504f2ee754a6893e067d5e4783ad3192dc88393c959f,,
117,0x75,64,0x40,high_conf_static_A4,script_pack_A4_source_selection,unknown,1,1,A4_xx_B2_dd_A4_yy:second,CC:8768,0,,,C9:4893,2,normal_master,C9:51D1,20,977729b99b7182d91d63272c16c4ea76c3084e0675810b3e8dcc9066637fe9c0,,
117,0x75,65,0x41,high_conf_static_A4,script_pack_A4_source_selection,unknown,1,1,A4_xx_B2_dd_A4_yy:first,CC:879C,0,,,C9:4893,2,normal_master,C9:51E0,61,1076f4179125abc44c41b8d2d4955fd4dc222f43d6b74bd46c8ece525f26255e,,
117,0x75,66,0x42,high_conf_static_A4,script_pack_A4_source_selection,unknown,1,1,A4_xx_B2_dd_A4_yy:second,CC:87A0,0,,,C9:4893,2,normal_master,C9:520E,40,11d2537dfee933f74f4032a20c0c293793799556ffad4bd62812488ed56bdc51,,
117,0x75,67,0x43,high_conf_static_A4,script_pack_A4_source_selection,unknown,1,1,A4_xx_B2_dd_A4_yy:first,CC:87D2,0,,,C9:4893,2,normal_master,C9:522B,38,307b074ed9119d368f2594562071f44853baac79d0dd63518af94c65ec668f3a,,
117,0x75,68,0x44,high_conf_static_A4,script_pack_A4_source_selection,unknown,1,1,A4_xx_B2_dd_A4_yy:second,CC:87D6,0,,,C9:4893,2,normal_master,C9:5248,183,4be750a3c795f26d6a9ce13157b88cf3af6f87d9b3f1acd5e1881726bd04ed63,,
117,0x75,69,0x45,high_conf_static_A4,script_pack_A4_source_selection,unknown,1,1,A4_xx_B2_dd_A4_yy:first,CC:880A,0,,,C9:4893,2,normal_master,C9:52D8,88,a7615ec51859228e42c5b7e3ed9500af53e3e92f5d71ede73144bdd10a875374,,
117,0x75,70,0x46,high_conf_static_A4,script_pack_A4_source_selection,unknown,1,1,A4_xx_B2_dd_A4_yy:second,CC:880E,0,,,C9:4893,2,normal_master,C9:531C,51,3207e229a447f3607e3701237c08d8063009a52022b590c04ef7c36ad1c693c0,,
117,0x75,71,0x47,high_conf_static_A4,script_pack_A4_source_selection,unknown,1,1,A4_xx_B2_dd_A4_yy:first,CC:8842,0,,,C9:4893,2,normal_master,C9:5342,48,6e88a9d32f4b2970271a3eef78f1b167c0d20340a9a97e49cfe80a44147e9572,,
117,0x75,72,0x48,high_conf_static_A4,script_pack_A4_source_selection,unknown,1,1,A4_xx_B2_dd_A4_yy:second,CC:8846,0,,,C9:4893,2,normal_master,C9:5369,85,9a35038b98da28e8dedff794d3116015c74a9e376ec4b403bc93f20a0545b9fc,,
117,0x75,73,0x49,high_conf_static_A4,script_pack_A4_source_selection,unknown,1,1,A4_xx_B2_dd_A4_yy:first,CC:8878,0,,,C9:4893,2,normal_master,C9:53A8,49,cb28587b07f42944b2a07077a2f25514a7de2e5591af46f326149cd404ee5b01,,
117,0x75,74,0x4A,high_conf_static_A4,script_pack_A4_source_selection,unknown,1,1,A4_xx_B2_dd_A4_yy:second,CC:887C,0,,,C9:4893,2,normal_master,C9:53CE,42,d6b2795ab031b43bcfd2073cb482f88856fae6eb543f26edd2639ca2036cc0f2,,
117,0x75,75,0x4B,high_conf_static_A4,script_pack_A4_source_selection,unknown,1,1,A4_xx_B2_dd_A4_yy:first,CC:88AE,0,,,C9:4893,2,normal_master,C9:53EE,44,b95f92da1bb6c941948d3373f5c7489b461c3be2dcd0e7ca96a7a7889d17d2d5,,
117,0x75,76,0x4C,high_conf_static_A4,script_pack_A4_source_selection,unknown,1,1,A4_xx_B2_dd_A4_yy:second,CC:88B2,0,,,C9:4893,2,normal_master,C9:5412,86,00193c9d481474214c408b69769e650ba162eb33b82763bfe79ca9141049605d,,
117,0x75,77,0x4D,high_conf_static_A4,script_pack_A4_source_selection,unknown,1,1,A4_xx_B2_dd_A4_yy:first,CC:88E4,0,,,C9:4893,2,normal_master,C9:5456,56,fba1cf89b47104db314541b18fabf909cb50f7c3b4fa3f8af4b163f77f81bc57,,
117,0x75,78,0x4E,high_conf_static_A4,script_pack_A4_source_selection,unknown,1,1,A4_xx_B2_dd_A4_yy:second,CC:88E8,0,,,C9:4893,2,normal_master,C9:5482,70,6ff05256aec9356ea9b6e641506fdd6c99591b76fe2ef43b1e7c3728a586c79b,,
117,0x75,97,0x61,high_conf_static_A4,script_pack_A4_source_selection,unknown,1,1,A4_xx_B0,CC:89BE,0,,,C9:4893,2,normal_master,C9:57C6,54,9a1ed2923336105962ee1df70d8929848d72c8a961777133438baee74c021853,,
120,0x78,0,0x00,high_conf_static_A4,script_pack_A4_source_selection,unknown,1,1,A4_xx_B0,CC:9310,0,,,C9:4C7A,2,normal_master,C9:4C7B,81,1fca4349e110040fa04baf6a4091c775d5dcddf4dfe40a7d9622ff707f909ff5,,
120,0x78,1,0x01,high_conf_static_A4,script_pack_A4_source_selection,unknown,1,1,A4_xx_B0,CC:9321,0,,,C9:4C7A,2,normal_master,C9:4CBA,51,17f09fd1eda222fdeccb2c94ba9962aefb68639deccbe5cfbf5aeef707d3721a,,
120,0x78,2,0x02,high_conf_static_A4,script_pack_A4_source_selection,unknown,1,1,A4_xx_B0,CC:9332,0,,,C9:4C7A,2,normal_master,C9:4CE2,35,b606c616d699698b7644839e7faaa089b38aae8b53fc8b66bdb96d6428dfe04a,,
120,0x78,3,0x03,high_conf_static_A4,script_pack_A4_source_selection,unknown,1,1,A4_xx_B0,CC:9343,0,,,C9:4C7A,2,normal_master,C9:4CFB,41,d67b40d62a8d0566a68935851a58718cf422c0bf0b98775e31f4d9e01dad4f38,,
120,0x78,4,0x04,high_conf_static_A4,script_pack_A4_source_selection,unknown,1,1,A4_xx_B0,CC:9354,0,,,C9:4C7A,2,normal_master,C9:4D1B,26,7ea7ed7a617065885e738806973c478092f069a0cf5b2271041fbb1ec1c74cc6,,
120,0x78,5,0x05,high_conf_static_A4,script_pack_A4_source_selection,unknown,1,1,A4_xx_B0,CC:9365,0,,,C9:4C7A,2,normal_master,C9:4D2F,56,256601e8273f14c70fe93464ca55cab5eec7405edc139e8ac51dfdc7e187c3ee,,
120,0x78,6,0x06,high_conf_static_A4,script_pack_A4_source_selection,unknown,1,1,A4_xx_B0,CC:9376,0,,,C9:4C7A,2,normal_master,C9:4D59,18,af6967ee6d06d759f1632ac1c453f7c50d2336ed6e530cf0047eeb8e7609839e,,
121,0x79,0,0x00,high_conf_static_A4,script_pack_A4_source_selection,unknown,1,1,A4_xx_B0,CC:9523,0,,,C9:4E5C,1,normal_master,C9:4E5D,50,99b8469cba3f4eedba68930d2a059e30c74b48e35c40532acf4c20dddf880845,,
121,0x79,3,0x03,high_conf_static_A4,script_pack_A4_source_selection,unknown,1,1,A4_xx_B2_dd_A4_yy:first,CC:9553,0,,,C9:4E5C,1,normal_master,C9:4EED,57,08a2d9d6bcfaa703f3b88a251f58ade47829300ceb836f8835f299b8ec737b06,,
121,0x79,4,0x04,high_conf_static_A4,script_pack_A4_source_selection,unknown,1,1,A4_xx_B2_dd_A4_yy:second,CC:9557,0,,,C9:4E5C,1,normal_master,C9:4EF3,3,ee8b6dd09aeaf768ebfe1f77af5fedd1e9552457da23c3bea3aa5d8714779e8b,,
121,0x79,9,0x09,high_conf_static_A4,script_pack_A4_source_selection,unknown,1,1,A4_xx_B0,CC:962F,0,,,C9:4E5C,1,normal_master,C9:4F08,3,ee8b6dd09aeaf768ebfe1f77af5fedd1e9552457da23c3bea3aa5d8714779e8b,,
121,0x79,13,0x0D,high_conf_static_A4,script_pack_A4_source_selection,unknown,1,1,A4_xx_B0,CC:9668,0,,,C9:4E5C,1,normal_master,C9:4F08,47,9d7e01bd6a65694085759442bbe1302725dea833f0f4f26e587b9a5030225310,,
121,0x79,14,0x0E,high_conf_static_A4,script_pack_A4_source_selection,unknown,1,1,A4_xx_B0,CC:967C,0,,,C9:4E5C,1,normal_master,C9:4F14,27,d2f8225018434d5a3d8a72dbf1521eb8c5281ab6ab90727ff66fe51df4b828c7,,
121,0x79,15,0x0F,high_conf_static_A4,script_pack_A4_source_selection,unknown,1,1,A4_xx_B0,CC:973A,0,,,C9:4E5C,1,normal_master,C9:4F1E,84,9c9ddea331dce0f82f93f9fe2ec01c178e41d2c1800cd94bc5ef867573e7ef0a,,
123,0x7B,0,0x00,high_conf_static_A4,script_pack_A4_source_selection,unknown,1,1,A4_xx_B2_dd_A4_yy:first,CC:9899,0,,,C9:4F83,2,normal_master,C9:4F84,89,1049f2ddaeabfe5a23edfea8995b95ff906a66cc1607a8a696d052b19203ba4f,,
123,0x7B,1,0x01,high_conf_static_A4,script_pack_A4_source_selection,unknown,1,1,A4_xx_B2_dd_A4_yy:second,CC:989D,0,,,C9:4F83,2,normal_master,C9:4FCA,35,74df8244257e27cb0aa8cab7bda511e85723ca13f4cd29cb2b786e132b128249,,
125,0x7D,3,0x03,high_conf_static_A4,script_pack_A4_source_selection,unknown,1,1,A4_xx_B2_dd_A4_yy:first,CC:A0C8,0,,,C9:5170,2,normal_master,C9:51E0,61,1076f4179125abc44c41b8d2d4955fd4dc222f43d6b74bd46c8ece525f26255e,,
125,0x7D,4,0x04,high_conf_static_A4,script_pack_A4_source_selection,unknown,2,1,A4_xx_B0;A4_xx_B2_dd_A4_yy:second,CC:A0CC,0,,,C9:5170,2,normal_master,C9:520E,40,11d2537dfee933f74f4032a20c0c293793799556ffad4bd62812488ed56bdc51,,
127,0x7F,1,0x01,high_conf_static_A4,script_pack_A4_source_selection,unknown,1,1,A4_xx_B0,CC:A6B2,0,,,C9:52D8,2,normal_master,C9:531C,51,3207e229a447f3607e3701237c08d8063009a52022b590c04ef7c36ad1c693c0,,
128,0x80,0,0x00,high_conf_static_A4,script_pack_A4_source_selection,unknown,1,1,A4_xx_B2_dd_A4_yy:first,CC:A7E1,0,,,C9:54BB,2,normal_master,C9:54BC,68,fa12ed7c5d9ce6dd864cd9d8af21a4434faf3e7a14bae22d349285db7bd9ae31,,
128,0x80,1,0x01,high_conf_static_A4,script_pack_A4_source_selection,unknown,2,1,A4_xx_B0;A4_xx_B2_dd_A4_yy:second,CC:A7E5,0,,,C9:54BB,2,normal_master,C9:54EF,46,f604e9a1f112bf9f760d05707ed553e40ffc4baf8e640163dcd6774021036c72,,
128,0x80,2,0x02,high_conf_static_A4,script_pack_A4_source_selection,unknown,1,1,A4_xx_B2_dd_A4_yy:first,CC:A7FA,0,,,C9:54BB,2,normal_master,C9:5512,46,f604e9a1f112bf9f760d05707ed553e40ffc4baf8e640163dcd6774021036c72,,
128,0x80,3,0x03,high_conf_static_A4,script_pack_A4_source_selection,unknown,2,1,A4_xx_B0;A4_xx_B2_dd_A4_yy:second,CC:A7FE,0,,,C9:54BB,2,normal_master,C9:5534,52,846fbec918c330f63705ea6b9b0bb8c908c64fe5d49006fb7c51b3851987583a,,
128,0x80,4,0x04,high_conf_static_A4,script_pack_A4_source_selection,unknown,1,1,A4_xx_B2_dd_A4_yy:first,CC:A813,0,,,C9:54BB,2,normal_master,C9:555C,59,6bdf8f5fb11baf556b2686885d82279908d43cac897f1bebc45b89a5d5ed09b8,,
128,0x80,5,0x05,high_conf_static_A4,script_pack_A4_source_selection,unknown,2,1,A4_xx_B0;A4_xx_B2_dd_A4_yy:second,CC:A817,0,,,C9:54BB,2,normal_master,C9:5588,67,af622113a8963e45344c7d54d34e21438e432ddb2431207943666fd0f7ddf375,,
128,0x80,6,0x06,high_conf_static_A4,script_pack_A4_source_selection,unknown,1,1,A4_xx_B2_dd_A4_yy:first,CC:A82C,0,,,C9:54BB,2,normal_master,C9:55BA,51,5559bad55b946d4744187cfcacbe33548cddd8b493bdff9dad33e8e040847f99,,
128,0x80,7,0x07,high_conf_static_A4,script_pack_A4_source_selection,unknown,2,1,A4_xx_B0;A4_xx_B2_dd_A4_yy:second,CC:A830,0,,,C9:54BB,2,normal_master,C9:55DF,44,5b5652eaee821cbb5771c3c921bdee88eeeedbdc0a6118686507af331dcd0735,,
128,0x80,8,0x08,high_conf_static_A4,script_pack_A4_source_selection,unknown,1,1,A4_xx_B2_dd_A4_yy:first,CC:A845,0,,,C9:54BB,2,normal_master,C9:5601,42,d46ea05e190937d711c47a57b1ac2c3e12aebbb773eb658788669719f1bbc3df,,
128,0x80,9,0x09,high_conf_static_A4,script_pack_A4_source_selection,unknown,2,1,A4_xx_B0;A4_xx_B2_dd_A4_yy:second,CC:A849,0,,,C9:54BB,2,normal_master,C9:5620,45,bde41136fe62564301e0ed04aa08dee5f3a828e0ad1019b0684fb5f9b18f4e6a,,
129,0x81,0,0x00,high_conf_static_A4,script_pack_A4_source_selection,unknown,1,1,A4_xx_B2_dd_A4_yy:first,CC:A9E9,0,,,C9:61E4,0,normal_master,C9:61E5,56,4b13e18f852a0379e936c3ee846dc28781e8c44bfe9af840b28cfda42bed7c11,,
129,0x81,1,0x01,high_conf_static_A4,script_pack_A4_source_selection,unknown,2,1,A4_xx_B2_dd_A4_yy:first;A4_xx_B2_dd_A4_yy:second,CC:A9ED,0,,,C9:61E4,0,normal_master,C9:621D,54,88683e1d420160279f35132ad42b3794b728e487d9739d9ada91dde4084f45f0,,
129,0x81,2,0x02,high_conf_static_A4,script_pack_A4_source_selection,unknown,2,1,A4_xx_B0;A4_xx_B2_dd_A4_yy:second,CC:A9F1,0,,,C9:61E4,0,normal_master,C9:6253,47,6cac00363bd6669e29138c2d96acfb6d857372505211cd46a3133a304875d5fe,,
129,0x81,3,0x03,high_conf_static_A4,script_pack_A4_source_selection,unknown,1,1,A4_xx_B2_dd_A4_yy:first,CC:AA12,0,,,C9:61E4,0,normal_master,C9:6282,27,5bc9ee3fb0c671fca28d55b615ca0f8a28ea3d029731a467174de9cb4aa8cea6,,
129,0x81,4,0x04,high_conf_static_A4,script_pack_A4_source_selection,unknown,2,1,A4_xx_B2_dd_A4_yy:first;A4_xx_B2_dd_A4_yy:second,CC:AA16,0,,,C9:61E4,0,normal_master,C9:629D,26,289fe471fca541a3d78a4fb1af287b1b8f8bd2ebc9a56a2dec4fa9f3f30453d0,,
129,0x81,5,0x05,high_conf_static_A4,script_pack_A4_source_selection,unknown,2,1,A4_xx_B2_dd_A4_yy:first;A4_xx_B2_dd_A4_yy:second,CC:AA1A,0,,,C9:61E4,0,normal_master,C9:62B7,18,dea6fb2d05729c7adb879c9ad5bfb2a6158778d40c3ade13c11bf66c5307f4b3,,
129,0x81,6,0x06,high_conf_static_A4,script_pack_A4_source_selection,unknown,2,1,A4_xx_B0;A4_xx_B2_dd_A4_yy:second,CC:AA1E,0,,,C9:61E4,0,normal_master,C9:62C9,56,2d23a74f1ddba3f3e59863ad3de211064036f53a75c3c7c85e32d0654966f333,,
129,0x81,7,0x07,high_conf_static_A4,script_pack_A4_source_selection,unknown,1,1,A4_xx_B2_dd_A4_yy:first,CC:AA41,0,,,C9:61E4,0,normal_master,C9:6301,98,7b0d0320536dc937b9c83e70bc387c890dbc541dbc491d2aff27a60445cc2f85,,
129,0x81,8,0x08,high_conf_static_A4,script_pack_A4_source_selection,unknown,2,1,A4_xx_B2_dd_A4_yy:first;A4_xx_B2_dd_A4_yy:second,CC:AA45,0,,,C9:61E4,0,normal_master,C9:6363,96,230428454ff1c4a7328d68fe30b3a10fe466625e23d7659f7ff0ccd9b73395f5,,
129,0x81,9,0x09,high_conf_static_A4,script_pack_A4_source_selection,unknown,2,1,A4_xx_B0;A4_xx_B2_dd_A4_yy:second,CC:AA49,0,,,C9:61E4,0,normal_master,C9:63C3,59,8c60b6518dd24e7964bff95802a9a729d9417f92b8ce791442740310ae17a15b,,
129,0x81,10,0x0A,high_conf_static_A4,script_pack_A4_source_selection,unknown,1,1,A4_xx_B2_dd_A4_yy:first,CC:AA6A,0,,,C9:61E4,0,normal_master,C9:63FE,66,4e3a94e83aa63b6523432be45673cea8ba84c3f4fffebd9975b6fa46a6d8805c,,
129,0x81,11,0x0B,high_conf_static_A4,script_pack_A4_source_selection,unknown,2,1,A4_xx_B2_dd_A4_yy:first;A4_xx_B2_dd_A4_yy:second,CC:AA6E,0,,,C9:61E4,0,normal_master,C9:6440,52,0b0dabb8f7213e70cea5716b389c4b0965e771cf2c944e8244e0b4da5af43b84,,
129,0x81,12,0x0C,high_conf_static_A4,script_pack_A4_source_selection,unknown,2,1,A4_xx_B2_dd_A4_yy:first;A4_xx_B2_dd_A4_yy:second,CC:AA72,0,,,C9:61E4,0,normal_master,C9:6474,76,65b239d5f0784466eca5e7b371f8efb3f9eeaa97df51b4d8ae380cd3fe3f6556,,
129,0x81,13,0x0D,high_conf_static_A4,script_pack_A4_source_selection,unknown,2,1,A4_xx_B0;A4_xx_B2_dd_A4_yy:second,CC:AA76,0,,,C9:61E4,0,normal_master,C9:64C0,40,a86052cc61304689ac1bb5f83775ac1a4c8c2f9f561aeb9c39c37924e8909bbe,,
129,0x81,14,0x0E,high_conf_static_A4,script_pack_A4_source_selection,unknown,1,1,A4_xx_B2_dd_A4_yy:first,CC:AA97,0,,,C9:61E4,0,normal_master,C9:64E8,40,a44fbc509f8822899ccf309d3c541d9240d948de1a95d1f315b648721b494d9c,,
129,0x81,15,0x0F,high_conf_static_A4,script_pack_A4_source_selection,unknown,2,1,A4_xx_B2_dd_A4_yy:first;A4_xx_B2_dd_A4_yy:second,CC:AA9B,0,,,C9:61E4,0,normal_master,C9:6510,34,c96790b1d41bdd2dd7f5d477cbf78df385280aaf585584f5df45237e8bb5b56a,,
129,0x81,16,0x10,high_conf_static_A4,script_pack_A4_source_selection,unknown,2,1,A4_xx_B2_dd_A4_yy:first;A4_xx_B2_dd_A4_yy:second,CC:AA9F,0,,,C9:61E4,0,normal_master,C9:6532,50,bf591fab6b0840c89c9b4f180f28cffc370524daa898804ab29447b75a01795c,,
129,0x81,17,0x11,high_conf_static_A4,script_pack_A4_source_selection,unknown,2,1,A4_xx_B0;A4_xx_B2_dd_A4_yy:second,CC:AAA3,0,,,C9:61E4,0,normal_master,C9:6564,80,76f32305de46e6c8f15e5e9e1a901657817c700f5d6e975c3c6856b4c9a84918,,
129,0x81,18,0x12,high_conf_static_A4,script_pack_A4_source_selection,unknown,1,1,A4_xx_B2_dd_A4_yy:first,CC:AAC4,0,,,C9:61E4,0,normal_master,C9:65B4,57,131f3467954a9f57a21eb5481e55db68d39af207c5bcc038960d9ef6fcd9b707,,
129,0x81,19,0x13,high_conf_static_A4,script_pack_A4_source_selection,unknown,2,1,A4_xx_B2_dd_A4_yy:first;A4_xx_B2_dd_A4_yy:second,CC:AAC8,0,,,C9:61E4,0,normal_master,C9:65ED,50,fab19bd2758d6f269258c225933a9241de44fba71e4e2860af3e1ba00cdcf956,,
129,0x81,20,0x14,high_conf_static_A4,script_pack_A4_source_selection,unknown,2,1,A4_xx_B2_dd_A4_yy:first;A4_xx_B2_dd_A4_yy:second,CC:AACC,0,,,C9:61E4,0,normal_master,C9:661F,105,caea4b433e48ea955c50fac4eca3e12260547d0e940f58d2a00832ce40d3a0b5,,
129,0x81,21,0x15,high_conf_static_A4,script_pack_A4_source_selection,unknown,2,1,A4_xx_B0;A4_xx_B2_dd_A4_yy:second,CC:AAD0,0,,,C9:61E4,0,normal_master,C9:6688,54,74111306923061df62ef19020f127ee66818fd2dd0fc68cbb63848c4e6778217,,
129,0x81,22,0x16,high_conf_static_A4,script_pack_A4_source_selection,unknown,1,1,A4_xx_B2_dd_A4_yy:first,CC:AAF1,0,,,C9:61E4,0,normal_master,C9:66BE,79,504c37954affa48627843f71aac1116de1b7911103bf2dcc38016e93e94e02cf,,
129,0x81,23,0x17,high_conf_static_A4,script_pack_A4_source_selection,unknown,2,1,A4_xx_B2_dd_A4_yy:first;A4_xx_B2_dd_A4_yy:second,CC:AAF5,0,,,C9:61E4,0,normal_master,C9:670D,60,75eb12cf4be5fd2e72011eb62e249a3b207aa3cf83962ae3ff4f297afcaf4b92,,
129,0x81,24,0x18,high_conf_static_A4,script_pack_A4_source_selection,unknown,2,1,A4_xx_B2_dd_A4_yy:first;A4_xx_B2_dd_A4_yy:second,CC:AAF9,0,,,C9:61E4,0,normal_master,C9:6749,60,75eb12cf4be5fd2e72011eb62e249a3b207aa3cf83962ae3ff4f297afcaf4b92,,
129,0x81,25,0x19,high_conf_static_A4,script_pack_A4_source_selection,unknown,2,1,A4_xx_B0;A4_xx_B2_dd_A4_yy:second,CC:AAFD,0,,,C9:61E4,0,normal_master,C9:6785,98,83fe90def56dcc3cd0082e719e3ccff2720f992af39f1b23c7ca5666bfa714a7,,
129,0x81,37,0x25,high_conf_static_A4,script_pack_A4_source_selection,unknown,1,1,A4_xx_B2_dd_A4_yy:first,CC:ABCC,0,,,C9:61E4,0,normal_master,C9:6AB3,53,543af684da7ac80822114cf489ee80e994194557b5a56d35d38c0a65a38b6a53,,
129,0x81,38,0x26,high_conf_static_A4,script_pack_A4_source_selection,unknown,1,1,A4_xx_B2_dd_A4_yy:second,CC:ABD0,0,,,C9:61E4,0,normal_master,C9:6AE8,65,81373820490f5aab5b6038eabebc50ee8b68725d3bff81fef7a6e8b03f07976b,,
129,0x81,59,0x3B,high_conf_static_A4,script_pack_A4_source_selection,unknown,1,1,A4_xx_B0,CC:AE30,0,,,C9:61E4,0,normal_master,C9:7430,100,6e00a8bd35eec01a2cbaafa17172cfe93c3b94a5ef4e8999731ce72aa82d9a6b,,
129,0x81,60,0x3C,high_conf_static_A4,script_pack_A4_source_selection,unknown,1,1,A4_xx_B0,CC:AE76,0,,,C9:61E4,0,normal_master,C9:7494,138,09053d088d04903cc93ff31cd1c64f1cab5cb92e74338197fe9642fb9e03330e,,
129,0x81,68,0x44,high_conf_static_A4,script_pack_A4_source_selection,unknown,1,1,A4_xx_B0,CC:B09B,0,,,C9:61E4,0,normal_master,C9:7ACC,10,cc03934864b82347106b2e6f0f3456062e7a015feea26e31ef201ec43bff7419,,
129,0x81,69,0x45,high_conf_static_A4,script_pack_A4_source_selection,unknown,1,1,A4_xx_B0,CC:B0B0,0,,,C9:61E4,0,normal_master,C9:7AD6,43,257790b514f2811f26544a6664d77e68e1c9904af884c341c48566a196debfdb,,
129,0x81,70,0x46,high_conf_static_A4,script_pack_A4_source_selection,unknown,1,1,A4_xx_B0,CC:B0E4,0,,,C9:61E4,0,normal_master,C9:7B01,19,777c08f89eb951768d8a44e84f872bc18e98ec9dd059920a03e6059f809a6069,,
129,0x81,71,0x47,high_conf_static_A4,script_pack_A4_source_selection,unknown,1,1,A4_xx_B0,CC:B118,0,,,C9:61E4,0,normal_master,C9:7B14,54,ffea7c7b84cf46e669c462fbbf2022aaaf9721cfe2c27e37be779f3bf2818c12,,
130,0x82,0,0x00,high_conf_static_A4,script_pack_A4_source_selection,unknown,1,1,A4_xx_B2_dd_A4_yy:first,CC:B375,0,,,C9:6D1A,2,normal_master,C9:6D1B,131,03b991f5b0d4f60732a0c159dfe0e2a826182767ca15a28f8ca1b0f018954a6c,,
130,0x82,1,0x01,high_conf_static_A4,script_pack_A4_source_selection,unknown,2,1,A4_xx_B2_dd_A4_yy:first;A4_xx_B2_dd_A4_yy:second,CC:B379,0,,,C9:6D1A,2,normal_master,C9:6D7D,47,bba4cddd0ca4219646a2d15ea20b55a0c10ec7f72f146ac7d35f297334b77484,,
130,0x82,2,0x02,high_conf_static_A4,script_pack_A4_source_selection,unknown,2,1,A4_xx_B0;A4_xx_B2_dd_A4_yy:second,CC:B37D,0,,,C9:6D1A,2,normal_master,C9:6DA2,39,81cffdd61e8bb287d54dee6f8c8e0b248fec11c2f409f5989c1526f39ca7160f,,
130,0x82,6,0x06,high_conf_static_A4,script_pack_A4_source_selection,unknown,1,1,A4_xx_B2_dd_A4_yy:first,CC:B3B7,0,,,C9:6D1A,2,normal_master,C9:6E45,118,731a6b7b04fc0b046fdd15f1c1e30c9168d396201987985918d910b0c89612f1,,
130,0x82,7,0x07,high_conf_static_A4,script_pack_A4_source_selection,unknown,2,1,A4_xx_B2_dd_A4_yy:first;A4_xx_B2_dd_A4_yy:second,CC:B3BB,0,,,C9:6D1A,2,normal_master,C9:6EA0,60,277225ed33cb1b6862385fc00bc635b57507c12362f954f5ed0dc48a04b9939a,,
130,0x82,8,0x08,high_conf_static_A4,script_pack_A4_source_selection,unknown,2,1,A4_xx_B0;A4_xx_B2_dd_A4_yy:second,CC:B3BF,0,,,C9:6D1A,2,normal_master,C9:6ED1,45,7ccd2a7a45480659b8753524ff1bfca38c9278dcda05f73f632707806e9284a0,,
130,0x82,9,0x09,high_conf_static_A4,script_pack_A4_source_selection,unknown,1,1,A4_xx_B2_dd_A4_yy:first,CC:B3D8,0,,,C9:6D1A,2,normal_master,C9:6EF3,48,7e7d4178e9c3b94cf1b1d1d5f9efd66525ae73fb2c5865b119eac6f6f050446f,,
130,0x82,10,0x0A,high_conf_static_A4,script_pack_A4_source_selection,unknown,2,1,A4_xx_B0;A4_xx_B2_dd_A4_yy:second,CC:B3DC,0,,,C9:6D1A,2,normal_master,C9:6F17,64,62b420d3d16e70cf5c9044ab13b79d44288dce967a0309f7482431186216bfab,,
130,0x82,13,0x0D,high_conf_static_A4,script_pack_A4_source_selection,unknown,1,1,A4_xx_B0,CC:B407,0,,,C9:6D1A,2,normal_master,C9:6F88,55,d64876079742ee55ad9608e695e32845f3d4570632c6c6a680e0920484ec75b0,,
130,0x82,14,0x0E,high_conf_static_A4,script_pack_A4_source_selection,unknown,1,1,A4_xx_B2_dd_A4_yy:first,CC:B420,0,,,C9:6D1A,2,normal_master,C9:6FB4,32,ef7527bb05ebf8196a0ba48c20cbbb198cbe8015b17b23e396954f7ee624e479,,
130,0x82,15,0x0F,high_conf_static_A4,script_pack_A4_source_selection,unknown,1,1,A4_xx_B2_dd_A4_yy:second,CC:B424,0,,,C9:6D1A,2,normal_master,C9:6FCC,52,4b440196203481ad03566caca950383df6cd50851a6dec07d9da9fd5635e21a8,,
130,0x82,16,0x10,high_conf_static_A4,script_pack_A4_source_selection,unknown,1,1,A4_xx_B2_dd_A4_yy:first,CC:B441,0,,,C9:6D1A,2,normal_master,C9:6FF3,45,a88bd0a21f1a6c09a173902f5185b963dc7dd0897b47996eb496657ae99798ca,,
130,0x82,17,0x11,high_conf_static_A4,script_pack_A4_source_selection,unknown,1,1,A4_xx_B2_dd_A4_yy:second,CC:B445,0,,,C9:6D1A,2,normal_master,C9:7016,103,23abe706cadd9f74ce90e7ebb045b811d20ceaf668bb88af183bb5085232034b,,
130,0x82,18,0x12,high_conf_static_A4,script_pack_A4_source_selection,unknown,1,1,A4_xx_B2_dd_A4_yy:first,CC:B462,0,,,C9:6D1A,2,normal_master,C9:7064,73,c6d5b92d468f2d0d1c5c1531d1e9b35d9c4acc572afb6bfa413f8fbd0dcacc19,,
130,0x82,19,0x13,high_conf_static_A4,script_pack_A4_source_selection,unknown,2,1,A4_xx_B0;A4_xx_B2_dd_A4_yy:second,CC:B466,0,,,C9:6D1A,2,normal_master,C9:709A,52,d4451c909c781cb5874f51dd0740533494111b5b02147182f672b23cd5c5845a,,
130,0x82,20,0x14,high_conf_static_A4,script_pack_A4_source_selection,unknown,1,1,A4_xx_B2_dd_A4_yy:first,CC:B47F,0,,,C9:6D1A,2,normal_master,C9:70C0,94,b39f247dc47e948d60b3a300a0fb37ec2139f6ac8eedab8a6051c4d03cb905f3,,
130,0x82,21,0x15,high_conf_static_A4,script_pack_A4_source_selection,unknown,2,1,A4_xx_B0;A4_xx_B2_dd_A4_yy:second,CC:B483,0,,,C9:6D1A,2,normal_master,C9:7109,99,bd24979debf0d00201d2fdf2201c9249470e879242a5860d7ddcbeaaee6dbfb2,,
130,0x82,23,0x17,high_conf_static_A4,script_pack_A4_source_selection,unknown,1,1,A4_xx_B2_dd_A4_yy:first,CC:B4AA,0,,,C9:6D1A,2,normal_master,C9:7196,48,c17337d29ffb80b8e8eb92d4988e11531800a18ffae34c52111d10cd406d844a,,
130,0x82,24,0x18,high_conf_static_A4,script_pack_A4_source_selection,unknown,2,1,A4_xx_B0;A4_xx_B2_dd_A4_yy:second,CC:B4AE,0,,,C9:6D1A,2,normal_master,C9:71BB,89,20109b3c9ad024505415538fdb25db4ed83cf9ba7a1de5897ab4b468f33a84e7,,
130,0x82,25,0x19,high_conf_static_A4,script_pack_A4_source_selection,unknown,1,1,A4_xx_B2_dd_A4_yy:first,CC:B4C7,0,,,C9:6D1A,2,normal_master,C9:71FE,51,65ba7c21eff1ecda32d47e90643a765b0f3d37c334bb80737fa9741e1c87e72a,,
130,0x82,26,0x1A,high_conf_static_A4,script_pack_A4_source_selection,unknown,2,1,A4_xx_B0;A4_xx_B2_dd_A4_yy:second,CC:B4CB,0,,,C9:6D1A,2,normal_master,C9:7226,94,22fce86d58b917fc1b7c3bf0743e743c502df097009fcde1a6241402f28dac91,,
131,0x83,0,0x00,high_conf_static_A4,script_pack_A4_source_selection,unknown,1,1,A4_xx_B2_dd_A4_yy:first,CC:B8F6,0,,,C9:7270,2,normal_master,C9:7271,114,dad7d0d07780370fe13f98cfd15e4b25235b715b1d11db4a031ed8823b695671,,
131,0x83,1,0x01,high_conf_static_A4,script_pack_A4_source_selection,unknown,2,1,A4_xx_B2_dd_A4_yy:first;A4_xx_B2_dd_A4_yy:second,CC:B8FA,0,,,C9:7270,2,normal_master,C9:72C9,57,45a7476590ca43b868ca58c7790d96999be29cf1df017e4f2676a10bf54ac8a9,,
131,0x83,2,0x02,high_conf_static_A4,script_pack_A4_source_selection,unknown,2,1,A4_xx_B0;A4_xx_B2_dd_A4_yy:second,CC:B8FE,0,,,C9:7270,2,normal_master,C9:72F6,112,eebde39de237c207c70d0ca7c9291fb02a7cef62773bcc0608523182df4b4ac3,,
131,0x83,3,0x03,high_conf_static_A4,script_pack_A4_source_selection,unknown,1,1,A4_xx_B2_dd_A4_yy:first,CC:B914,0,,,C9:7270,2,normal_master,C9:734C,97,bee3d2d8d67a21c72006ae73df3a02e962e50301b520e4c5470c79469ba88fe2,,
131,0x83,4,0x04,high_conf_static_A4,script_pack_A4_source_selection,unknown,2,1,A4_xx_B2_dd_A4_yy:first;A4_xx_B2_dd_A4_yy:second,CC:B918,0,,,C9:7270,2,normal_master,C9:7396,53,31011c053eff1237e524c309494094f5ccaab49476f72ee14d07ce50954334af,,
131,0x83,5,0x05,high_conf_static_A4,script_pack_A4_source_selection,unknown,2,1,A4_xx_B0;A4_xx_B2_dd_A4_yy:second,CC:B91C,0,,,C9:7270,2,normal_master,C9:73C0,86,24ff686e974846ea8b12528b1987155e2c601c0eae2eddb01beba17ab40827cc,,
131,0x83,6,0x06,high_conf_static_A4,script_pack_A4_source_selection,unknown,1,1,A4_xx_B2_dd_A4_yy:first,CC:B932,0,,,C9:7270,2,normal_master,C9:7402,89,c604412fdd68c5efd8c4c23c118591ef8c12401d891e8833cae840b76e1f992b,,
131,0x83,7,0x07,high_conf_static_A4,script_pack_A4_source_selection,unknown,2,1,A4_xx_B2_dd_A4_yy:first;A4_xx_B2_dd_A4_yy:second,CC:B936,0,,,C9:7270,2,normal_master,C9:7445,58,e3aceccd458cde3a107e6cd932724c9abde05f54508f836235da19bdc9fbed10,,
131,0x83,8,0x08,high_conf_static_A4,script_pack_A4_source_selection,unknown,2,1,A4_xx_B0;A4_xx_B2_dd_A4_yy:second,CC:B93A,0,,,C9:7270,2,normal_master,C9:7473,59,86d4b54bfebade7ed353fa3acf0a4d7d58721a5b3af39c11215392be4b618d4e,,
131,0x83,9,0x09,high_conf_static_A4,script_pack_A4_source_selection,unknown,1,1,A4_xx_B2_dd_A4_yy:first,CC:B953,0,,,C9:7270,2,normal_master,C9:74A2,35,3d8cdbae35ec8d8eaf133be57317c898985f2643fde1404a0e2f6ce777a37681,,
131,0x83,10,0x0A,high_conf_static_A4,script_pack_A4_source_selection,unknown,2,1,A4_xx_B0;A4_xx_B2_dd_A4_yy:second,CC:B957,0,,,C9:7270,2,normal_master,C9:74BB,196,6b25965bedf9c21b2ea6e2be0bfd0bbf12b1e96a522e6a5f88c9c09f92c40777,,
131,0x83,11,0x0B,high_conf_static_A4,script_pack_A4_source_selection,unknown,1,1,A4_xx_B2_dd_A4_yy:first,CC:B97B,0,,,C9:7270,2,normal_master,C9:7556,140,269e260a2d2b08282ded6aaf6baeda729fd1816656032eba84ab40f01691c39a,,
131,0x83,12,0x0C,high_conf_static_A4,script_pack_A4_source_selection,unknown,2,1,A4_xx_B2_dd_A4_yy:first;A4_xx_B2_dd_A4_yy:second,CC:B97F,0,,,C9:7270,2,normal_master,C9:75C0,29,efef25d3bca2cbb67e74e3df7621239e50358926439e358b6c9d6533b7bf4e8a,,
131,0x83,13,0x0D,high_conf_static_A4,script_pack_A4_source_selection,unknown,2,1,A4_xx_B0;A4_xx_B2_dd_A4_yy:second,CC:B983,0,,,C9:7270,2,normal_master,C9:75D5,45,09ef50808f53148eb040bff6861bf9f7330fe47b32c2f75365f75a4baf72c3c6,,
131,0x83,14,0x0E,high_conf_static_A4,script_pack_A4_source_selection,unknown,1,1,A4_xx_B2_dd_A4_yy:first,CC:B99C,0,,,C9:7270,2,normal_master,C9:75F7,38,4bbe6e08c63d6f7f3b3262054bb93a1f6cd16fabc2c5ba03d096cb891bb38ff1,,
131,0x83,15,0x0F,high_conf_static_A4,script_pack_A4_source_selection,unknown,2,1,A4_xx_B0;A4_xx_B2_dd_A4_yy:second,CC:B9A0,0,,,C9:7270,2,normal_master,C9:7613,21,c2a9274a160924bef6a8d6084897c75fca63f790b74c4ac0f59790e5dfeea990,,
131,0x83,16,0x10,high_conf_static_A4,script_pack_A4_source_selection,unknown,1,1,A4_xx_B2_dd_A4_yy:first,CC:B9B9,0,,,C9:7270,2,normal_master,C9:7623,35,7edfd79a15ee6b406c85c38645c35fbf713f45e3056c14d6450b2ad37f9d5b38,,
131,0x83,17,0x11,high_conf_static_A4,script_pack_A4_source_selection,unknown,2,1,A4_xx_B0;A4_xx_B2_dd_A4_yy:second,CC:B9BD,0,,,C9:7270,2,normal_master,C9:763E,30,f2beaf31f647ec13c6edb48c3d64f4de80963922b983dac2d87d65103a85eb13,,
131,0x83,18,0x12,high_conf_static_A4,script_pack_A4_source_selection,unknown,1,1,A4_xx_B2_dd_A4_yy:first,CC:B9D6,0,,,C9:7270,2,normal_master,C9:7656,9,c4c3659d1b8b881bf0730580c0ff05f83a57e6d8de2e8d7262390d252714ef76,,
131,0x83,19,0x13,high_conf_static_A4,script_pack_A4_source_selection,unknown,2,1,A4_xx_B0;A4_xx_B2_dd_A4_yy:second,CC:B9DA,0,,,C9:7270,2,normal_master,C9:765E,9,51a78d31ed66dbe41e4b72c9806a6d83b8bb27ccb6a27b2395c7e10d9f7756ca,,
131,0x83,20,0x14,high_conf_static_A4,script_pack_A4_source_selection,unknown,1,1,A4_xx_B0,CC:B9EF,0,,,C9:7270,2,normal_master,C9:7665,10,055e708a6bad1fa0a6bce3e283f7b1b3cc1fe60bd3367c63e9969e773f6485f9,,
131,0x83,21,0x15,high_conf_static_A4,script_pack_A4_source_selection,unknown,1,1,A4_xx_B0,CC:BA04,0,,,C9:7270,2,normal_master,C9:766E,10,f046b01e71706c108c5b18862ca867a107c90bca0d7806202a43a8beecf76873,,
131,0x83,22,0x16,high_conf_static_A4,script_pack_A4_source_selection,unknown,1,1,A4_xx_B0,CC:BA19,0,,,C9:7270,2,normal_master,C9:7676,109,6cc72ad0f3c46fb1901775bc8bd370456aa07e63539371a7d3292001add0fff3,,
131,0x83,23,0x17,high_conf_static_A4,script_pack_A4_source_selection,unknown,1,1,A4_xx_B0,CC:BA2E,0,,,C9:7270,2,normal_master,C9:76C9,105,4a1761a5567b4a9c83e45e28d5a9dfcb7527fb60105e3de4e44b5082ad7c4b0d,,
131,0x83,24,0x18,high_conf_static_A4,script_pack_A4_source_selection,unknown,1,1,A4_xx_B2_dd_A4_yy:first,CC:BA47,0,,,C9:7270,2,normal_master,C9:771D,292,a852e3806e009a5a597303d4fe9ef30521574d524b41a17f852cadd5e2a27e98,,
131,0x83,25,0x19,high_conf_static_A4,script_pack_A4_source_selection,unknown,2,1,A4_xx_B0;A4_xx_B2_dd_A4_yy:second,CC:BA4B,0,,,C9:7270,2,normal_master,C9:77FD,198,e4d24a5b32636f1d71b68ffd50e839fee232419f0b41b5b62339c93067d7674c,,
131,0x83,26,0x1A,high_conf_static_A4,script_pack_A4_source_selection,unknown,1,1,A4_xx_B0,CC:BA60,0,,,C9:7270,2,normal_master,C9:7895,71,2899bc64b795fb0c0d99c0f7558153b82dbfd9c06f448f13f51bcfba19c6465c,,
132,0x84,0,0x00,high_conf_static_A4,script_pack_A4_source_selection,unknown,1,1,A4_xx_B2_dd_A4_yy:first,CC:BB21,0,,,C9:74A2,2,normal_master,C9:74A3,31,7aed6ed644d1f2fb98d9557f16a8363b8c6f8468b3afecf0ffd4015385c6f51b,,
132,0x84,1,0x01,high_conf_static_A4,script_pack_A4_source_selection,unknown,2,1,A4_xx_B2_dd_A4_yy:first;A4_xx_B2_dd_A4_yy:second,CC:BB25,0,,,C9:74A2,2,normal_master,C9:74BB,196,6b25965bedf9c21b2ea6e2be0bfd0bbf12b1e96a522e6a5f88c9c09f92c40777,,
132,0x84,2,0x02,high_conf_static_A4,script_pack_A4_source_selection,unknown,2,1,A4_xx_B0;A4_xx_B2_dd_A4_yy:second,CC:BB29,0,,,C9:74A2,2,normal_master,C9:7556,140,269e260a2d2b08282ded6aaf6baeda729fd1816656032eba84ab40f01691c39a,,
132,0x84,4,0x04,high_conf_static_A4,script_pack_A4_source_selection,unknown,1,1,A4_xx_B2_dd_A4_yy:first,CC:BB62,0,,,C9:74A2,2,normal_master,C9:75D5,45,09ef50808f53148eb040bff6861bf9f7330fe47b32c2f75365f75a4baf72c3c6,,
132,0x84,5,0x05,high_conf_static_A4,script_pack_A4_source_selection,unknown,2,1,A4_xx_B2_dd_A4_yy:first;A4_xx_B2_dd_A4_yy:second,CC:BB66,0,,,C9:74A2,2,normal_master,C9:75F7,38,4bbe6e08c63d6f7f3b3262054bb93a1f6cd16fabc2c5ba03d096cb891bb38ff1,,
132,0x84,6,0x06,high_conf_static_A4,script_pack_A4_source_selection,unknown,2,1,A4_xx_B0;A4_xx_B2_dd_A4_yy:second,CC:BB6A,0,,,C9:74A2,2,normal_master,C9:7613,21,c2a9274a160924bef6a8d6084897c75fca63f790b74c4ac0f59790e5dfeea990,,
133,0x85,6,0x06,high_conf_static_A4,script_pack_A4_source_selection,unknown,1,1,A4_xx_B2_dd_A4_yy:first,CC:BD80,0,,,C9:7676,2,normal_master,C9:795F,21,9458fdc974addeed9920339931b2a857ea0f810fb2fe4ed2af7aa39158464259,,
133,0x85,7,0x07,high_conf_static_A4,script_pack_A4_source_selection,unknown,1,1,A4_xx_B2_dd_A4_yy:second,CC:BD84,0,,,C9:7676,2,normal_master,C9:796C,1,6e340b9cffb37a989ca544e6bb780a2c78901d3fb33738768511a30617afa01d,,
133,0x85,9,0x09,high_conf_static_A4,script_pack_A4_source_selection,unknown,1,1,A4_xx_B2_dd_A4_yy:first,CC:BDA9,0,,,C9:7676,2,normal_master,C9:79B3,12,edca29230dfc3fa62d100af90d8d539194f1be05aa05c69fd82d3bd72a01c8dc,,
133,0x85,10,0x0A,high_conf_static_A4,script_pack_A4_source_selection,unknown,1,1,A4_xx_B2_dd_A4_yy:second,CC:BDAD,0,,,C9:7676,2,normal_master,C9:79BE,6,dc458fa3c9910d1eee229a6139321d1289d75741259852a8461221c39d994e75,,
133,0x85,11,0x0B,high_conf_static_A4,script_pack_A4_source_selection,unknown,1,1,A4_xx_B2_dd_A4_yy:first,CC:BDBB,0,,,C9:7676,2,normal_master,C9:79C2,9,c5a4c2d4602320c995a9d75b69122d5e7068965ad13fc48a2a887d77f25f7240,,
133,0x85,12,0x0C,high_conf_static_A4,script_pack_A4_source_selection,unknown,2,1,A4_xx_B0;A4_xx_B2_dd_A4_yy:second,CC:BDBF,0,,,C9:7676,2,normal_master,C9:79C8,76,14832bc891da6049fef71681bc33e40a53db27f2ff8757d818825461cf6c3a46,,
135,0x87,4,0x04,high_conf_static_A4,script_pack_A4_source_selection,unknown,1,1,A4_xx_B2_dd_A4_yy:first,CC:C080,0,,,C9:7A49,1,normal_master,C9:7AD0,47,01863697bd235239e2258f21a9999b9ca98ed689de6c95c6fcf627e7b7759ad7,,
135,0x87,5,0x05,high_conf_static_A4,script_pack_A4_source_selection,unknown,2,1,A4_xx_B0;A4_xx_B2_dd_A4_yy:second,CC:C084,0,,,C9:7A49,1,normal_master,C9:7AF2,68,5a0bdbc8622be1481551a80e9ac2babf0ed6272e4a278abe14796575326728e3,,
135,0x87,6,0x06,high_conf_static_A4,script_pack_A4_source_selection,unknown,1,1,A4_xx_B0,CC:C095,0,,,C9:7A49,1,normal_master,C9:7B31,44,df3a76bf19b8e4b5ab67e227686b905800627ecc9dd86b2d63a5006e58a4e385,,
136,0x88,1,0x01,high_conf_static_A4,script_pack_A4_source_selection,unknown,1,1,A4_xx_B2_dd_A4_yy:first,CC:C2B8,0,,,C9:7D8A,2,normal_master,C9:7DA7,67,aa6f89aaecc08cd41bacd91c3f8df1d028f54a1c6ec9cc7f2e8bb2b88cd928ee,,
136,0x88,2,0x02,high_conf_static_A4,script_pack_A4_source_selection,unknown,1,1,A4_xx_B2_dd_A4_yy:second,CC:C2BC,0,,,C9:7D8A,2,normal_master,C9:7DD8,43,1b53595696f21166f1d572d65684b324a5416b7fb60da259c1f63c9d33d8d3b2,,
136,0x88,5,0x05,high_conf_static_A4,script_pack_A4_source_selection,unknown,1,1,A4_xx_B0,CC:C2FF,0,,,C9:7D8A,2,normal_master,C9:7E48,105,2cb83924c5f48762b081b526eb51ddc5a03263fa4b66829b2c048118982a0677,,
136,0x88,6,0x06,high_conf_static_A4,script_pack_A4_source_selection,unknown,1,1,A4_xx_B0,CC:C310,0,,,C9:7D8A,2,normal_master,C9:7E95,47,34026fa0861feb88d1491be3dbeba02b4263167ee6e714c3a4b8d06d7a22b8e9,,
136,0x88,7,0x07,high_conf_static_A4,script_pack_A4_source_selection,unknown,1,1,A4_xx_B0,CC:C321,0,,,C9:7D8A,2,normal_master,C9:7EB5,50,49ff08b41b47f1465950f28f825018ad1912293d81b217f2268ef28f856a4207,,
136,0x88,8,0x08,high_conf_static_A4,script_pack_A4_source_selection,unknown,1,1,A4_xx_B0,CC:C332,0,,,C9:7D8A,2,normal_master,C9:7EDC,15,2bff69ffddf245cb2427ea1fcbe58bd0d1345a1a73b56415fc5c181e8b2a976b,,
136,0x88,10,0x0A,high_conf_static_A4,script_pack_A4_source_selection,unknown,1,1,A4_xx_B0,CC:C359,0,,,C9:7D8A,2,normal_master,C9:7F00,5,fd258459530c76020dcff7c31aed625dfe837bef0947a65bae953cba08afd3c6,,
136,0x88,17,0x11,high_conf_static_A4,script_pack_A4_source_selection,unknown,1,1,A4_xx_B2_dd_A4_yy:first,CC:C421,0,,,C9:7D8A,2,normal_master,C9:7FAB,25,232743a8a7cc3e4e73e1a6bcd7b9afb32a0642af0a391f07a33aab6788a85fcf,,
136,0x88,18,0x12,high_conf_static_A4,script_pack_A4_source_selection,unknown,1,1,A4_xx_B2_dd_A4_yy:second,CC:C425,0,,,C9:7D8A,2,normal_master,C9:7FBA,2,47dc540c94ceb704a23875c11273e16bb0b8a87aed84de911f2133568115f254,,
136,0x88,19,0x13,high_conf_static_A4,script_pack_A4_source_selection,unknown,1,1,A4_xx_B0,CC:C42E,0,,,C9:7D8A,2,normal_master,C9:7FBB,7,e1d91e1af75da28c16cda19dd2ebc76aa4741848c9f674e49974f7f2ff5f6c5f,,
137,0x89,0,0x00,high_conf_static_A4,script_pack_A4_source_selection,unknown,1,1,A4_xx_B0,CC:C5EA,0,,,C9:7E48,0,normal_master,C9:7E49,7,fe25cc0a52813c254014d31a6e66899b5f0ee632a2e501cedf7e0cf73ae24079,,
137,0x89,2,0x02,high_conf_static_A4,script_pack_A4_source_selection,unknown,1,1,A4_xx_B2_dd_A4_yy:first,CC:C60D,0,,,C9:7E48,0,normal_master,C9:7E95,17,cf10bc8a5bbd7c84aca2e662a33b480c0e8c88e8c7530b714a3075b1565dcc51,,
137,0x89,3,0x03,high_conf_static_A4,script_pack_A4_source_selection,unknown,1,1,A4_xx_B2_dd_A4_yy:second,CC:C611,0,,,C9:7E48,0,normal_master,C9:7EA6,8,d9193b5dc3edd288d6952bd0f7a6fcad67c5dba4ff2ed0efe12477c5ea535212,,
137,0x89,4,0x04,high_conf_static_A4,script_pack_A4_source_selection,unknown,1,1,A4_xx_B0,CC:C629,0,,,C9:7E48,0,normal_master,C9:7EAE,21,e0ae0c7d37740ba5f0eb60c193fc61867126520e9062cb19dd7f04bdc185e897,,
139,0x8B,3,0x03,high_conf_static_A4,script_pack_A4_source_selection,unknown,1,1,A4_xx_B2_dd_A4_yy:first,CC:C7B4,0,,,C9:8130,1,normal_master,C9:81B8,72,51bfda7ce43a2f6b591bcaeab90f6e5ff16b498a15ef0508a4bafe6e2aca5252,,
139,0x8B,4,0x04,high_conf_static_A4,script_pack_A4_source_selection,unknown,1,1,A4_xx_B2_dd_A4_yy:second,CC:C7B8,0,,,C9:8130,1,normal_master,C9:81F1,60,09dfdde91ef03acca59bd250c4092bb65a25203d920f631ed16efefd6e313e18,,
139,0x8B,9,0x09,high_conf_static_A4,script_pack_A4_source_selection,unknown,1,1,A4_xx_B2_dd_A4_yy:first,CC:C7E6,0,,,C9:8130,1,normal_master,C9:82AC,23,9e0bbc6b91cb0223df7b909429cb46c63c00fd43de568b170209db40f35cab25,,
139,0x8B,10,0x0A,high_conf_static_A4,script_pack_A4_source_selection,unknown,2,1,A4_xx_B0;A4_xx_B2_dd_A4_yy:second,CC:C7EA,0,,,C9:8130,1,normal_master,C9:82B8,16,4783cf1d2ce503f4753a2c061e1ee06fe5ee590da1de0d7cd4e7320e70c42c66,,
139,0x8B,11,0x0B,high_conf_static_A4,script_pack_A4_source_selection,unknown,1,1,A4_xx_B2_dd_A4_yy:first,CC:C812,0,,,C9:8130,1,normal_master,C9:82C3,30,0447adb342b7b431dfe04b4b7314cba85bcbfddc2937c62b9f942cda4b3edfa0,,
139,0x8B,12,0x0C,high_conf_static_A4,script_pack_A4_source_selection,unknown,1,1,A4_xx_B2_dd_A4_yy:second,CC:C816,0,,,C9:8130,1,normal_master,C9:82DA,102,1fcf7f9e4ace85ff9de2cbe81adef75e334068c87724e49b9ca524e558e8afb7,,
139,0x8B,13,0x0D,high_conf_static_A4,script_pack_A4_source_selection,unknown,1,1,A4_xx_B2_dd_A4_yy:first,CC:C81F,0,,,C9:8130,1,normal_master,C9:831A,49,53f84d7cf241800f2c016891c28d7294069dca6353ebfe5bd1927ed7f7a243dc,,
139,0x8B,14,0x0E,high_conf_static_A4,script_pack_A4_source_selection,unknown,2,1,A4_xx_B0;A4_xx_B2_dd_A4_yy:second,CC:C823,0,,,C9:8130,1,normal_master,C9:8341,112,ffe855d0fa00d2ce273713222bfcbae1d081a3c2b59e7cc8dd8b75a0c4e0c1c6,,
139,0x8B,15,0x0F,high_conf_static_A4,script_pack_A4_source_selection,unknown,1,1,A4_xx_B2_dd_A4_yy:first,CC:C84B,0,,,C9:8130,1,normal_master,C9:8394,68,4334d2eee33dbc874ecfb36af84eca4351686721a896d065c5c10530e845e09f,,
139,0x8B,16,0x10,high_conf_static_A4,script_pack_A4_source_selection,unknown,1,1,A4_xx_B2_dd_A4_yy:second,CC:C84F,0,,,C9:8130,1,normal_master,C9:83BF,64,81200a3c2842cecb465ebe5a125f83425be5afe3998f1f0000eddecfbfadee10,,
139,0x8B,17,0x11,high_conf_static_A4,script_pack_A4_source_selection,unknown,1,1,A4_xx_B2_dd_A4_yy:first,CC:C858,0,,,C9:8130,1,normal_master,C9:83EA,260,e9d7bd8a7d7d1cace881ffe80081d411abe857d9bac19be34c1303ceed4cea71,,
139,0x8B,18,0x12,high_conf_static_A4,script_pack_A4_source_selection,unknown,2,1,A4_xx_B0;A4_xx_B2_dd_A4_yy:second,CC:C85C,0,,,C9:8130,1,normal_master,C9:84A7,106,64fcee4f8333a11b7f6a5a20b6b7854bc3c824f32a78896494a11106d65f6c67,,
139,0x8B,19,0x13,high_conf_static_A4,script_pack_A4_source_selection,unknown,1,1,A4_xx_B2_dd_A4_yy:first,CC:C884,0,,,C9:8130,1,normal_master,C9:84FE,181,b24d88cbfc8ce0e10144dbf5e50f32792199c7ce064c7b11b6aaaf43dc48781f,,
139,0x8B,20,0x14,high_conf_static_A4,script_pack_A4_source_selection,unknown,1,1,A4_xx_B2_dd_A4_yy:second,CC:C888,0,,,C9:8130,1,normal_master,C9:852C,84,86de79e18d3af6aa53cb378b386530a94a8919eca2c5a28b982818691603aef0,,
139,0x8B,21,0x15,high_conf_static_A4,script_pack_A4_source_selection,unknown,1,1,A4_xx_B2_dd_A4_yy:first,CC:C891,0,,,C9:8130,1,normal_master,C9:8538,71,106ac7f18c381904d1d5fd5b41fd31385fcd030c0bb372be833b670b5933d923,,
139,0x8B,22,0x16,high_conf_static_A4,script_pack_A4_source_selection,unknown,2,1,A4_xx_B0;A4_xx_B2_dd_A4_yy:second,CC:C895,0,,,C9:8130,1,normal_master,C9:854B,8,80979bf96a9905efd3534889d88dc78fc10d7ea6ddbb8b1e2ada70433f4bf1ec,,
140,0x8C,0,0x00,high_conf_static_A4,script_pack_A4_source_selection,unknown,1,1,A4_xx_B0,CC:C94B,0,,,C9:84FE,1,normal_master,C9:84FF,74,d79b4c4a4cb180a430070037dcd7c2a01572e2af6cad9f7bfa156f5ed929706f,,
140,0x8C,1,0x01,high_conf_static_A4,script_pack_A4_source_selection,unknown,1,1,A4_xx_B2_dd_A4_yy:first,CC:C960,0,,,C9:84FE,1,normal_master,C9:8551,68,51725a378ae4ab5190751444c726fb60ebcdbcd6237dddc60e3bfb2af28faba4,,
140,0x8C,2,0x02,high_conf_static_A4,script_pack_A4_source_selection,unknown,2,1,A4_xx_B0;A4_xx_B2_dd_A4_yy:second,CC:C964,0,,,C9:84FE,1,normal_master,C9:8574,56,48a767b3f3af169dd42f31cda5482c7bf0bbd697397879bda94833836df9ae98,,
140,0x8C,3,0x03,high_conf_static_A4,script_pack_A4_source_selection,unknown,1,1,A4_xx_B2_dd_A4_yy:first,CC:C979,0,,,C9:84FE,1,normal_master,C9:859C,67,42d3b7a046b177bf81191d9148c3fa2bcd646ea5af6d88f0d9eaee511559b58a,,
140,0x8C,4,0x04,high_conf_static_A4,script_pack_A4_source_selection,unknown,2,1,A4_xx_B0;A4_xx_B2_dd_A4_yy:second,CC:C97D,0,,,C9:84FE,1,normal_master,C9:85C7,59,a5ba5ca29e7e875454648b33b77a3767e7b31cdae93e8092c705593b3caf4b49,,
140,0x8C,5,0x05,high_conf_static_A4,script_pack_A4_source_selection,unknown,1,1,A4_xx_B2_dd_A4_yy:first,CC:C992,0,,,C9:84FE,1,normal_master,C9:85EF,61,cf9323ed0386a403e9e5052b8396b721c6d81193e96400af011414c88cb80807,,
140,0x8C,6,0x06,high_conf_static_A4,script_pack_A4_source_selection,unknown,2,1,A4_xx_B0;A4_xx_B2_dd_A4_yy:second,CC:C996,0,,,C9:84FE,1,normal_master,C9:8612,183,d86dfce8caba033e40b146e3c8f6a1c5c4e4b03076e7a3c6a9ac4ff5dec7d732,,
140,0x8C,7,0x07,high_conf_static_A4,script_pack_A4_source_selection,unknown,1,1,A4_xx_B2_dd_A4_yy:first,CC:C9AB,0,,,C9:84FE,1,normal_master,C9:8696,68,22f227474d6396ab12dab2c0b1040adff9480274e8ffca8f5f83aa4afa7ae609,,
140,0x8C,8,0x08,high_conf_static_A4,script_pack_A4_source_selection,unknown,1,1,A4_xx_B2_dd_A4_yy:second,CC:C9AF,0,,,C9:84FE,1,normal_master,C9:86C6,28,307ecd07c703b0a30759657bb348eeecb51e19618afebf47e0456615f7b73163,,
140,0x8C,11,0x0B,high_conf_static_A4,script_pack_A4_source_selection,unknown,1,1,A4_xx_B0,CC:C9C8,0,,,C9:84FE,1,normal_master,C9:86F3,75,08ab4642fbde0c5e5f5cf442aad1542d2de963a283551793f6179f1480fe2010,,
140,0x8C,13,0x0D,high_conf_static_A4,script_pack_A4_source_selection,unknown,1,1,A4_xx_B2_dd_A4_yy:first,CC:C9E3,0,,,C9:84FE,1,normal_master,C9:8732,31,f1844de2e84f27456b4db832452a88b9f14a0245ef51b8108e0148d6cdcf4b9b,,
140,0x8C,14,0x0E,high_conf_static_A4,script_pack_A4_source_selection,unknown,2,1,A4_xx_B0;A4_xx_B2_dd_A4_yy:second,CC:C9E7,0,,,C9:84FE,1,normal_master,C9:874B,22,6fe872ae43ae12da3952d2e62ca9cd366cfb4ec89bc7df9a0d5d71a1d1aeb53a,,
140,0x8C,15,0x0F,high_conf_static_A4,script_pack_A4_source_selection,unknown,1,1,A4_xx_B2_dd_A4_yy:first,CC:C9FC,0,,,C9:84FE,1,normal_master,C9:874E,54,d0b0dbea44ffd32e197201838f705a656d218728dd6ce751c0c947089f25ae3a,,
140,0x8C,16,0x10,high_conf_static_A4,script_pack_A4_source_selection,unknown,2,1,A4_xx_B0;A4_xx_B2_dd_A4_yy:second,CC:CA00,0,,,C9:84FE,1,normal_master,C9:8772,30,c18d986b3e3b2852d8c71a014b7005a469f910ddc1105a2d0421e3eff74efdd0,,
141,0x8D,1,0x01,high_conf_static_A4,script_pack_A4_source_selection,unknown,1,1,A4_xx_B0,CC:CAD6,0,,,C9:88C6,2,normal_master,C9:88EA,115,80712363204364d6884961feb385ea6e2f833d2898335927452700e7f9e0ca7f,,
141,0x8D,2,0x02,high_conf_static_A4,script_pack_A4_source_selection,unknown,1,1,A4_xx_B2_dd_A4_yy:first,CC:CAF1,0,,,C9:88C6,2,normal_master,C9:8942,85,32549349db06bec753b2e4814d0104b52e6dab7059d5d6068560d49d10571560,,
141,0x8D,3,0x03,high_conf_static_A4,script_pack_A4_source_selection,unknown,2,1,A4_xx_B0;A4_xx_B2_dd_A4_yy:second,CC:CAF5,0,,,C9:88C6,2,normal_master,C9:8984,42,70629df750c3b9b37d9e5e6b91cba9c748439936d1ad1e7dde4cc377ca43c443,,
141,0x8D,4,0x04,high_conf_static_A4,script_pack_A4_source_selection,unknown,1,1,A4_xx_B2_dd_A4_yy:first,CC:CB10,0,,,C9:88C6,2,normal_master,C9:89A3,31,ca7d26606070501362d89d52838e7833fba151db3262a4dc4c5a4adc4d295667,,
141,0x8D,5,0x05,high_conf_static_A4,script_pack_A4_source_selection,unknown,2,1,A4_xx_B0;A4_xx_B2_dd_A4_yy:second,CC:CB14,0,,,C9:88C6,2,normal_master,C9:89BA,41,84a6c6e8cbf802ae751f73c4b8ef7646f502047a97ca02895f109f8fe003d553,,
141,0x8D,6,0x06,high_conf_static_A4,script_pack_A4_source_selection,unknown,1,1,A4_xx_B2_dd_A4_yy:first,CC:CB2F,0,,,C9:88C6,2,normal_master,C9:89D9,107,97ae1f9876c76d48d373747dda080029d5fcbd5a4bd11c13e5e622dbd73e93a1,,
141,0x8D,7,0x07,high_conf_static_A4,script_pack_A4_source_selection,unknown,2,1,A4_xx_B0;A4_xx_B2_dd_A4_yy:second,CC:CB33,0,,,C9:88C6,2,normal_master,C9:8A2B,91,0dc840cfde3565f95dfbfa68622b1a7ac932e2a1da5cd506ba8247f71990dee0,,
141,0x8D,12,0x0C,high_conf_static_A4,script_pack_A4_source_selection,unknown,1,1,A4_xx_B2_dd_A4_yy:first,CC:CB9A,0,,,C9:88C6,2,normal_master,C9:8BAA,62,6f9f9ff5bc2ac70304d3a5cdf5957f3e37d0badaf9e1075f32f5988337f56cf1,,
141,0x8D,13,0x0D,high_conf_static_A4,script_pack_A4_source_selection,unknown,1,1,A4_xx_B2_dd_A4_yy:second,CC:CB9E,0,,,C9:88C6,2,normal_master,C9:8BDA,72,d4c7a12e67046233650d5795020f061f3d297e19d9f8ee6266218039dba4a879,,
141,0x8D,14,0x0E,high_conf_static_A4,script_pack_A4_source_selection,unknown,1,1,A4_xx_B2_dd_A4_yy:first,CC:CBA7,0,,,C9:88C6,2,normal_master,C9:8C12,13,4c413a20da97107283fd6cc531ae807d8d7e58cfb97f7b8f44af08ac8cc04522,,
141,0x8D,15,0x0F,high_conf_static_A4,script_pack_A4_source_selection,unknown,2,1,A4_xx_B0;A4_xx_B2_dd_A4_yy:second,CC:CBAB,0,,,C9:88C6,2,normal_master,C9:8C1A,23,af7de4e9284110e9356a17025eb7837f8a19894945dc718d4e280c9f8c038ba7,,
141,0x8D,16,0x10,high_conf_static_A4,script_pack_A4_source_selection,unknown,1,1,A4_xx_B2_dd_A4_yy:first,CC:CBC7,0,,,C9:88C6,2,normal_master,C9:8C2C,14,9bb1ca654e4e98ca5cbb3df01ad983b67e229f2552026b4e1b34c8b9ee7bbc43,,
141,0x8D,17,0x11,high_conf_static_A4,script_pack_A4_source_selection,unknown,2,1,A4_xx_B0;A4_xx_B2_dd_A4_yy:second,CC:CBCB,0,,,C9:88C6,2,normal_master,C9:8C36,35,6e2be4cc70b526430f350a9c62fdb73ad4c36e9667be468bb09527be14c23af4,,
141,0x8D,18,0x12,high_conf_static_A4,script_pack_A4_source_selection,unknown,1,1,A4_xx_B2_dd_A4_yy:first,CC:CBE7,0,,,C9:88C6,2,normal_master,C9:8C51,105,dcac79e47fc28f8ae659aa63f1e731b6bc490138288e3bb5794bc6a68b7d2a73,,
141,0x8D,19,0x13,high_conf_static_A4,script_pack_A4_source_selection,unknown,2,1,A4_xx_B0;A4_xx_B2_dd_A4_yy:second,CC:CBEB,0,,,C9:88C6,2,normal_master,C9:8CA0,22,6bfc33ee8843c71a6c6d166ab076ea23b0c9e22e069f71d24898a297c4094a68,,
141,0x8D,21,0x15,high_conf_static_A4,script_pack_A4_source_selection,unknown,1,1,A4_xx_B2_dd_A4_yy:first,CC:CC14,0,,,C9:88C6,2,normal_master,C9:8CB9,19,fa00e1965f8c35e0c9d27ea9f999effbefa9f12701c7e2749d414b59ea25b1ae,,
141,0x8D,22,0x16,high_conf_static_A4,script_pack_A4_source_selection,unknown,1,1,A4_xx_B2_dd_A4_yy:second,CC:CC18,0,,,C9:88C6,2,normal_master,C9:8CC8,18,e98dea7819dbb6f32d9e736269291b6494e90f22e9054841c495108db4c3d055,,
141,0x8D,24,0x18,high_conf_static_A4,script_pack_A4_source_selection,unknown,1,1,A4_xx_B2_dd_A4_yy:first,CC:CC29,0,,,C9:88C6,2,normal_master,C9:8D2B,38,9b122b876c35e2d95977dbc075c4499dd313cc3b0af85b6d550367015388cce1,,
141,0x8D,25,0x19,high_conf_static_A4,script_pack_A4_source_selection,unknown,2,1,A4_xx_B0;A4_xx_B2_dd_A4_yy:second,CC:CC2D,0,,,C9:88C6,2,normal_master,C9:8D45,33,820c305babb4fbc3b2f2e23ffe5b6a6c1902c4f2dc45246841df0fe9670453de,,
141,0x8D,27,0x1B,high_conf_static_A4,script_pack_A4_source_selection,unknown,1,1,A4_xx_B2_dd_A4_yy:first,CC:CC56,0,,,C9:88C6,2,normal_master,C9:8D63,71,6cc3484de3d1ec9ddac8f683095c85fc67e9a2d11c16e810d510d6dca56ca9ad,,
141,0x8D,28,0x1C,high_conf_static_A4,script_pack_A4_source_selection,unknown,1,1,A4_xx_B2_dd_A4_yy:second,CC:CC5A,0,,,C9:88C6,2,normal_master,C9:8D95,17,6d40ff3edcb00a3f7d1f68f22ce70126ec747c91b87b067d1f44ac82428be922,,
141,0x8D,30,0x1E,high_conf_static_A4,script_pack_A4_source_selection,unknown,1,1,A4_xx_B2_dd_A4_yy:first,CC:CC6B,0,,,C9:88C6,2,normal_master,C9:8DA9,47,120129115feedec5edb882fc6e872e7d35e462a99ef7c1aa794966a2ccad7d93,,
141,0x8D,31,0x1F,high_conf_static_A4,script_pack_A4_source_selection,unknown,2,1,A4_xx_B0;A4_xx_B2_dd_A4_yy:second,CC:CC6F,0,,,C9:88C6,2,normal_master,C9:8DCC,6,f448a86975acecc75d451bb6a9f3720b531c376885ba4ab8770acedec2889bc5,,
142,0x8E,0,0x00,high_conf_static_A4,script_pack_A4_source_selection,unknown,1,1,A4_xx_B0,CC:CD12,0,,,C9:8C12,1,normal_master,C9:8C13,56,750c226a391b38f86e396f7d5013cdd57e21dd6b6ca32ebd8fe3cff0112138c2,,
142,0x8E,4,0x04,high_conf_static_A4,script_pack_A4_source_selection,unknown,1,1,A4_xx_B2_dd_A4_yy:first,CC:CD6F,0,,,C9:8C12,1,normal_master,C9:8D05,72,97c2629514431be6aa1f5e558c0ad4b793cb1ccc7f2f1af522406348c6f1a2bb,,
142,0x8E,5,0x05,high_conf_static_A4,script_pack_A4_source_selection,unknown,2,1,A4_xx_B0;A4_xx_B2_dd_A4_yy:second,CC:CD73,0,,,C9:8C12,1,normal_master,C9:8D39,43,8f66f5ea1de8587bda1b65e49d9b101c5c35f700f41d3d9232864a47ad3c4bfb,,
142,0x8E,7,0x07,high_conf_static_A4,script_pack_A4_source_selection,unknown,1,1,A4_xx_B0,CC:CD92,0,,,C9:8C12,1,normal_master,C9:8DC3,125,1280c2e97e648e30f606bab744205723173e4f9a330b3fc191a5a7ca46b5755c,,
142,0x8E,8,0x08,high_conf_static_A4,script_pack_A4_source_selection,unknown,1,1,A4_xx_B0,CC:CDA3,0,,,C9:8C12,1,normal_master,C9:8E0F,70,f767f21768bfe5fe919b4dcd305d57807c9b997ef6b1612300af07fd332db766,,
142,0x8E,10,0x0A,high_conf_static_A4,script_pack_A4_source_selection,unknown,1,1,A4_xx_B0,CC:CDC2,0,,,C9:8C12,1,normal_master,C9:8E82,195,0296130880dfc78fd9dc412105ebcc24c970fad7e055970f538947b24ad6f7ef,,
143,0x8F,0,0x00,high_conf_static_A4,script_pack_A4_source_selection,unknown,1,1,A4_xx_B0,CC:CEF7,0,,,C9:906A,2,normal_master,C9:906B,35,ed378a248f6b6cddc0e2a68429f42f2b6c94b21cdcd0fac6b886213fd2a83852,,
143,0x8F,1,0x01,high_conf_static_A4,script_pack_A4_source_selection,unknown,1,1,A4_xx_B0,CC:CF08,0,,,C9:906A,2,normal_master,C9:9087,8,9fed0cb493299e4f5ad4eca98feab86b17de3b9cb1f6ca7c45da5fff9572feb7,,
143,0x8F,2,0x02,high_conf_static_A4,script_pack_A4_source_selection,unknown,1,1,A4_xx_B0,CC:CF19,0,,,C9:906A,2,normal_master,C9:908C,3,9943875ab3ebf80985d628aad383ea24a1d5d95ddb82a20ee4dd47390afce564,,
143,0x8F,3,0x03,high_conf_static_A4,script_pack_A4_source_selection,unknown,1,1,A4_xx_B0,CC:CF2A,0,,,C9:906A,2,normal_master,C9:908F,46,099a489c807bbff7f0b722ac8b0e8fe58ad81e2b842b1a36d593e977700a96a5,,
143,0x8F,5,0x05,high_conf_static_A4,script_pack_A4_source_selection,unknown,1,1,A4_xx_B0,CC:CF49,0,,,C9:906A,2,normal_master,C9:90EC,47,3069e1f03ca616ccd6b98b6908931699198531478c2589ca4ef271fdd8776aa4,,
143,0x8F,6,0x06,high_conf_static_A4,script_pack_A4_source_selection,unknown,1,1,A4_xx_B0,CC:CF5A,0,,,C9:906A,2,normal_master,C9:9110,46,f6a59fa698bda44bd3c653a14fa6fc10361ffb61d367c37f71465117d5dd88e5,,
143,0x8F,7,0x07,high_conf_static_A4,script_pack_A4_source_selection,unknown,1,1,A4_xx_B0,CC:CF6B,0,,,C9:906A,2,normal_master,C9:9133,69,205224f300aa365e95680db3ef6c10684d9930e8c0c79bc9fde0d61d00653b8f,,
143,0x8F,8,0x08,high_conf_static_A4,script_pack_A4_source_selection,unknown,1,1,A4_xx_B0,CC:CF7C,0,,,C9:906A,2,normal_master,C9:9166,52,54b096418a35d3be537aaea89c49e097b12bf1f22d65dd773e870b30c6bf955b,,
143,0x8F,9,0x09,high_conf_static_A4,script_pack_A4_source_selection,unknown,1,1,A4_xx_B0,CC:CF9D,0,,,C9:906A,2,normal_master,C9:918F,51,659b2777fbac7d73b730830118ce90013c7eb02e39b47c55c57b69f520fd6838,,
143,0x8F,11,0x0B,high_conf_static_A4,script_pack_A4_source_selection,unknown,1,1,A4_xx_B0,CC:CFAD,0,,,C9:906A,2,normal_master,C9:924F,74,d9bfb2f7ded09f5d5aea970a2fd66de64ea4c1c787821c45ecd0648072cc956b,,
143,0x8F,13,0x0D,high_conf_static_A4,script_pack_A4_source_selection,unknown,1,1,A4_xx_B0,CC:CFE3,0,,,C9:906A,2,normal_master,C9:92A2,33,b15e314304e529b3632c474f8f1a4b558fcf8f701fac007e59006a5ae4d5d67c,,
143,0x8F,22,0x16,high_conf_static_A4,script_pack_A4_source_selection,unknown,1,1,A4_xx_B0,CC:D144,0,,,C9:906A,2,normal_master,C9:93F1,1,6e340b9cffb37a989ca544e6bb780a2c78901d3fb33738768511a30617afa01d,,
145,0x91,2,0x02,high_conf_static_A4,script_pack_A4_source_selection,unknown,1,1,A4_xx_B0,CC:D3A9,0,,,C9:9133,2,normal_master,C9:918F,51,659b2777fbac7d73b730830118ce90013c7eb02e39b47c55c57b69f520fd6838,,
146,0x92,2,0x02,high_conf_static_A4,script_pack_A4_source_selection,unknown,1,1,A4_xx_B0,CC:D554,0,,,C9:93CC,1,normal_master,C9:945D,54,a41967dcafa1e3fac6e28f76721148f7091ad0178984479a93df76570285a7a4,,
146,0x92,7,0x07,high_conf_static_A4,script_pack_A4_source_selection,unknown,1,1,A4_xx_B2_dd_A4_yy:first,CC:D578,0,,,C9:93CC,1,normal_master,C9:94E7,65,458d8b66116b99dd9ebc1826aeccd5bdd95f83880da1bcfb93bd8058c825f21c,,
146,0x92,8,0x08,high_conf_static_A4,script_pack_A4_source_selection,unknown,2,1,A4_xx_B0;A4_xx_B2_dd_A4_yy:second,CC:D57C,0,,,C9:93CC,1,normal_master,C9:94F2,49,7e7080f153faaff511b81e7ee6757ac1539151fe99843ccbd9167efa4ee8bebb,,
147,0x93,4,0x04,high_conf_static_A4,script_pack_A4_source_selection,unknown,1,1,A4_xx_B0,CC:D797,0,,,C9:94DD,0,normal_master,C9:96B6,15,842395271c19b671551223d6995042dccda22b781f1ad7351490a220a1e455ca,,
147,0x93,5,0x05,high_conf_static_A4,script_pack_A4_source_selection,unknown,1,1,A4_xx_B0,CC:D79E,0,,,C9:94DD,0,normal_master,C9:96C5,3,8a21fdbee8d6562e89a2d48a2f33cf05341f3431f17e80fe89bd1cb2603858da,,
149,0x95,4,0x04,high_conf_static_A4,script_pack_A4_source_selection,unknown,1,1,A4_xx_B0,CC:DB55,0,,,C9:9616,0,normal_master,C9:96C5,3,8a21fdbee8d6562e89a2d48a2f33cf05341f3431f17e80fe89bd1cb2603858da,,
149,0x95,5,0x05,high_conf_static_A4,script_pack_A4_source_selection,unknown,1,1,A4_xx_B0,CC:DB6A,0,,,C9:9616,0,normal_master,C9:96C8,24,404335f6511b9dcdb208b5b286b50564d35d10831375b444d103851991c3e953,,
151,0x97,3,0x03,high_conf_static_A4,script_pack_A4_source_selection,unknown,1,1,A4_xx_B2_dd_A4_yy:first,CC:DEA9,0,,,C9:97E6,0,normal_master,C9:9CE0,57,c2596d786dad21596e47bbfd352a1cc6ec9193ca2cdfb4c089b1116c0c04c7f3,,
151,0x97,4,0x04,high_conf_static_A4,script_pack_A4_source_selection,unknown,2,1,A4_xx_B0;A4_xx_B2_dd_A4_yy:second,CC:DEAD,0,,,C9:97E6,0,normal_master,C9:9D19,31,bc0bd6c76ef88b11c582da46d82843f7c3014569ecae75e0cf730dcf532d3520,,
151,0x97,6,0x06,high_conf_static_A4,script_pack_A4_source_selection,unknown,1,1,A4_xx_B0,CC:DED0,0,,,C9:97E6,0,normal_master,C9:9D69,4,e3fbc3465510c21184541b03660c37a8d5fd9e7ec5bd76c14475c2f6cd477856,,
151,0x97,8,0x08,high_conf_static_A4,script_pack_A4_source_selection,unknown,1,1,A4_xx_B0,CC:DEF3,0,,,C9:97E6,0,normal_master,C9:9D6F,13,9f2c521d6bc07fba072c217a8708b73773dd8750181d91110182f539e47b97bc,,
154,0x9A,5,0x05,high_conf_static_A4,script_pack_A4_source_selection,unknown,1,1,A4_xx_B0,CC:EA98,0,,,C9:9CC6,1,normal_master,C9:9D6F,46,2c2969a1555fbd6a33b0c44e6fd15b68fabfaf93621a514b4a68275c5193aaa3,,
154,0x9A,6,0x06,high_conf_static_A4,script_pack_A4_source_selection,unknown,1,1,A4_xx_B0,CC:EAA9,0,,,C9:9CC6,1,normal_master,C9:9D98,46,2c2969a1555fbd6a33b0c44e6fd15b68fabfaf93621a514b4a68275c5193aaa3,,
154,0x9A,7,0x07,high_conf_static_A4,script_pack_A4_source_selection,unknown,1,1,A4_xx_B0,CC:EABA,0,,,C9:9CC6,1,normal_master,C9:9D9D,46,2c2969a1555fbd6a33b0c44e6fd15b68fabfaf93621a514b4a68275c5193aaa3,,
154,0x9A,8,0x08,high_conf_static_A4,script_pack_A4_source_selection,unknown,1,1,A4_xx_B0,CC:EACB,0,,,C9:9CC6,1,normal_master,C9:9DA2,46,2c2969a1555fbd6a33b0c44e6fd15b68fabfaf93621a514b4a68275c5193aaa3,,
154,0x9A,9,0x09,high_conf_static_A4,script_pack_A4_source_selection,unknown,1,1,A4_xx_B0,CC:EADC,0,,,C9:9CC6,1,normal_master,C9:9DA7,15,fbe92c80399acebf98aea3eb7f1bf2224d0a4a76059d74f7b2b96bb9c6c70a06,,
154,0x9A,10,0x0A,high_conf_static_A4,script_pack_A4_source_selection,unknown,1,1,A4_xx_B0,CC:EAED,0,,,C9:9CC6,1,normal_master,C9:9DB4,15,fbe92c80399acebf98aea3eb7f1bf2224d0a4a76059d74f7b2b96bb9c6c70a06,,
154,0x9A,11,0x0B,high_conf_static_A4,script_pack_A4_source_selection,unknown,1,1,A4_xx_B0,CC:EAFE,0,,,C9:9CC6,1,normal_master,C9:9DB6,15,fbe92c80399acebf98aea3eb7f1bf2224d0a4a76059d74f7b2b96bb9c6c70a06,,
154,0x9A,12,0x0C,high_conf_static_A4,script_pack_A4_source_selection,unknown,1,1,A4_xx_B0,CC:EB0F,0,,,C9:9CC6,1,normal_master,C9:9DB8,15,fbe92c80399acebf98aea3eb7f1bf2224d0a4a76059d74f7b2b96bb9c6c70a06,,
154,0x9A,14,0x0E,high_conf_static_A4,script_pack_A4_source_selection,unknown,1,1,A4_xx_B0,CC:EB9A,0,,,C9:9CC6,1,normal_master,C9:9DDA,35,8f42a8cb86f0289ddf6d191d958a890fd09f30c3efde8ae1a3c2a142c25365e1,,
154,0x9A,15,0x0F,high_conf_static_A4,script_pack_A4_source_selection,unknown,1,1,A4_xx_B0,CC:EBAB,0,,,C9:9CC6,1,normal_master,C9:9DDE,35,8f42a8cb86f0289ddf6d191d958a890fd09f30c3efde8ae1a3c2a142c25365e1,,
154,0x9A,16,0x10,high_conf_static_A4,script_pack_A4_source_selection,unknown,1,1,A4_xx_B0,CC:EBBC,0,,,C9:9CC6,1,normal_master,C9:9DE3,35,8f42a8cb86f0289ddf6d191d958a890fd09f30c3efde8ae1a3c2a142c25365e1,,
154,0x9A,17,0x11,high_conf_static_A4,script_pack_A4_source_selection,unknown,1,1,A4_xx_B0,CC:EBCD,0,,,C9:9CC6,1,normal_master,C9:9DE6,90,df1ef51603a5c271e0ae781c101d0918aabf5172f1ee20e7d8b6c849eaac5a6e,,
155,0x9B,5,0x05,high_conf_static_A4,script_pack_A4_source_selection,unknown,1,1,A4_xx_B0,CC:F1C3,0,,,C9:A2D3,0,normal_master,C9:A8A0,446,b9a7a52b5b43e01cec8280911af19a4f17ce2d23ba339b7517feb8ca6faafa4f,,
155,0x9B,6,0x06,high_conf_static_A4,script_pack_A4_source_selection,unknown,1,1,A4_xx_B0,CC:F1D4,0,,,C9:A2D3,0,normal_master,C9:AA5E,1,6e340b9cffb37a989ca544e6bb780a2c78901d3fb33738768511a30617afa01d,,
155,0x9B,7,0x07,high_conf_static_A4,script_pack_A4_source_selection,unknown,1,1,A4_xx_B0,CC:F1E5,0,,,C9:A2D3,0,normal_master,C9:AA5F,326,5221ffc3b45dab3ea637da06aeb6cc53fbac300132f534818e1e10ad7a797a0c,,
155,0x9B,8,0x08,high_conf_static_A4,script_pack_A4_source_selection,unknown,1,1,A4_xx_B0,CC:F1F6,0,,,C9:A2D3,0,normal_master,C9:ABA5,33,1c8a0e9f78a14877fe44bf4bdf4ab0dc17fe0275b2705e3f37c2a7d33660b99c,,
155,0x9B,9,0x09,high_conf_static_A4,script_pack_A4_source_selection,unknown,1,1,A4_xx_B0,CC:F207,0,,,C9:A2D3,0,normal_master,C9:ABC6,20,f04857749c7df342e2dd6e4db523bcb510d9b7fe08778169e61a361e4ff3f784,,
155,0x9B,10,0x0A,high_conf_static_A4,script_pack_A4_source_selection,unknown,1,1,A4_xx_B0,CC:F218,0,,,C9:A2D3,0,normal_master,C9:ABDA,29,33f2348a6d697b1cdaea326fb2713ed2af5f8a3c704af7e2acfb70580fa34dd5,,
155,0x9B,11,0x0B,high_conf_static_A4,script_pack_A4_source_selection,unknown,1,1,A4_xx_B0,CC:F229,0,,,C9:A2D3,0,normal_master,C9:ABF7,10,c62c060bdf41ec2c853f6ec52e0e5fd26b92b8cc6a196e4b176e32b44029fc2a,,
155,0x9B,12,0x0C,high_conf_static_A4,script_pack_A4_source_selection,unknown,1,1,A4_xx_B0,CC:F23A,0,,,C9:A2D3,0,normal_master,C9:AC01,84,1b9e6e2c87a1e5349ac311d40542c4d9250ff954d8c20cebd93c03c926956081,,
155,0x9B,13,0x0D,high_conf_static_A4,script_pack_A4_source_selection,unknown,1,1,A4_xx_B0,CC:F24B,0,,,C9:A2D3,0,normal_master,C9:AC55,9,f9078a39f6f28ec2ac6bfa58315b6c0d51545eeb85047dbb9431f3457780f01a,,
155,0x9B,14,0x0E,high_conf_static_A4,script_pack_A4_source_selection,unknown,1,1,A4_xx_B0,CC:F25C,0,,,C9:A2D3,0,normal_master,C9:AC5E,28,6d8dfbfb1f016a09a06b8afdb531371c7174622b91d3ee700f4f085a0d495c86,,
155,0x9B,15,0x0F,high_conf_static_A4,script_pack_A4_source_selection,unknown,1,1,A4_xx_B0,CC:F26D,0,,,C9:A2D3,0,normal_master,C9:AC7A,10,a5bc3220c6eb019695554cf0761957a47a93f54713d8729994f2d8ec1eb3c81f,,
155,0x9B,16,0x10,high_conf_static_A4,script_pack_A4_source_selection,unknown,1,1,A4_xx_B0,CC:F27E,0,,,C9:A2D3,0,normal_master,C9:AC84,164,014143b0fa8ef93e2037a6c05e7f13890d8db9fbc4b565b8127d56926f66eae3,,
155,0x9B,25,0x19,high_conf_static_A4,script_pack_A4_source_selection,unknown,1,1,A4_xx_B0,CC:F3DD,0,,,C9:A2D3,0,normal_master,C9:AF65,9,d1caa6f17d1204e2e8e044eb1011c6282e3b7dc94a322c3c44e3697c5afa5a88,,
155,0x9B,40,0x28,high_conf_static_A4,script_pack_A4_source_selection,unknown,1,1,A4_xx_B0,CC:F5AA,0,,,C9:A2D3,0,normal_master,C9:B237,18,70f05eaf7218a13937e8decc9fd0d47cadbf7a572a61fd67e7c23a7abfeedfe3,,
155,0x9B,41,0x29,high_conf_static_A4,script_pack_A4_source_selection,unknown,1,1,A4_xx_B0,CC:F70C,0,,,C9:A2D3,0,normal_master,C9:B249,33,628f932cd5c6a6d801dae2c6556ba25ab3c4289e0cd0e898f700ec3898b8d7bd,,
155,0x9B,42,0x2A,high_conf_static_A4,script_pack_A4_source_selection,unknown,1,1,A4_xx_B0,CC:F730,0,,,C9:A2D3,0,normal_master,C9:B26A,114,bf6d60f82055308beda22dfacb73ac273e89ec597451fa87c379be8a4f317f96,,
155,0x9B,43,0x2B,high_conf_static_A4,script_pack_A4_source_selection,unknown,1,1,A4_xx_B0,CC:F754,0,,,C9:A2D3,0,normal_master,C9:B2DC,8,0dfbf7aea583324a4be97b769168765cb726a0817765cf0480b3b297be2e7718,,
155,0x9B,44,0x2C,high_conf_static_A4,script_pack_A4_source_selection,unknown,1,1,A4_xx_B0,CC:F778,0,,,C9:A2D3,0,normal_master,C9:B2E4,40,f9a16aec5562dd2636ef15876906a7aaf5955dc54d541ce6e14f60f164ba7723,,
155,0x9B,45,0x2D,high_conf_static_A4,script_pack_A4_source_selection,unknown,1,1,A4_xx_B0,CC:F79C,0,,,C9:A2D3,0,normal_master,C9:B30C,34,587e104e79d35ac57d2546031eb93d19324f5bc4e1770710b3b09fcbe4495455,,
155,0x9B,46,0x2E,high_conf_static_A4,script_pack_A4_source_selection,unknown,1,1,A4_xx_B0,CC:F7C0,0,,,C9:A2D3,0,normal_master,C9:B32E,22,1526e7a9af70474922b815252ee8de6a390a66d73fe32eb84b28b25e1bc1c215,,
157,0x9D,5,0x05,high_conf_static_A4,script_pack_A4_source_selection,unknown,1,1,A4_xx_B2_dd_A4_yy:first,CC:FD17,0,,,C9:A657,2,normal_master,C9:A8BE,44,1f3cc145f9cec21657f8be1bc4f5829158fa4fd9c14f9a5571bfff2af12ef27d,,
157,0x9D,6,0x06,high_conf_static_A4,script_pack_A4_source_selection,unknown,1,1,A4_xx_B2_dd_A4_yy:second,CC:FD1B,0,,,C9:A657,2,normal_master,C9:A8DF,88,dae8a950193e2b09f4b9d68a6e219c987d12146ef0ad89c23cedfebaef2a055a,,
158,0x9E,1,0x01,high_conf_static_A4,script_pack_A4_source_selection,unknown,1,1,A4_xx_B2_dd_A4_yy:first,CD:0138,0,,,C9:AA5D,0,normal_master,C9:AA5F,326,5221ffc3b45dab3ea637da06aeb6cc53fbac300132f534818e1e10ad7a797a0c,,
158,0x9E,2,0x02,high_conf_static_A4,script_pack_A4_source_selection,unknown,1,1,A4_xx_B2_dd_A4_yy:second,CD:013C,0,,,C9:AA5D,0,normal_master,C9:ABA5,33,1c8a0e9f78a14877fe44bf4bdf4ab0dc17fe0275b2705e3f37c2a7d33660b99c,,
158,0x9E,4,0x04,high_conf_static_A4,script_pack_A4_source_selection,unknown,1,1,A4_xx_B2_dd_A4_yy:first,CD:0166,0,,,C9:AA5D,0,normal_master,C9:ABDA,29,33f2348a6d697b1cdaea326fb2713ed2af5f8a3c704af7e2acfb70580fa34dd5,,
158,0x9E,5,0x05,high_conf_static_A4,script_pack_A4_source_selection,unknown,1,1,A4_xx_B2_dd_A4_yy:second,CD:016A,0,,,C9:AA5D,0,normal_master,C9:ABF7,10,c62c060bdf41ec2c853f6ec52e0e5fd26b92b8cc6a196e4b176e32b44029fc2a,,
158,0x9E,6,0x06,high_conf_static_A4,script_pack_A4_source_selection,unknown,1,1,A4_xx_B0,CD:017D,0,,,C9:AA5D,0,normal_master,C9:AC01,84,1b9e6e2c87a1e5349ac311d40542c4d9250ff954d8c20cebd93c03c926956081,,
158,0x9E,8,0x08,high_conf_static_A4,script_pack_A4_source_selection,unknown,1,1,A4_xx_B2_dd_A4_yy:first,CD:01A1,0,,,C9:AA5D,0,normal_master,C9:AC5E,28,6d8dfbfb1f016a09a06b8afdb531371c7174622b91d3ee700f4f085a0d495c86,,
158,0x9E,9,0x09,high_conf_static_A4,script_pack_A4_source_selection,unknown,1,1,A4_xx_B2_dd_A4_yy:second,CD:01A5,0,,,C9:AA5D,0,normal_master,C9:AC7A,10,a5bc3220c6eb019695554cf0761957a47a93f54713d8729994f2d8ec1eb3c81f,,
158,0x9E,10,0x0A,high_conf_static_A4,script_pack_A4_source_selection,unknown,1,1,A4_xx_B0,CD:01B8,0,,,C9:AA5D,0,normal_master,C9:AC84,164,014143b0fa8ef93e2037a6c05e7f13890d8db9fbc4b565b8127d56926f66eae3,,
161,0xA1,4,0x04,high_conf_static_A4,script_pack_A4_source_selection,unknown,1,1,A4_xx_B0,CD:07FB,0,,,C9:AB56,1,normal_master,C9:ABF7,79,2d889e8b3ce97d7fcd6d025418bf5f121fb212078f6b6034bc5421b47954a9bf,,
162,0xA2,2,0x02,high_conf_static_A4,script_pack_A4_source_selection,unknown,1,1,A4_xx_B2_dd_A4_yy:first,CD:0C2C,0,,,C9:AC84,2,normal_master,C9:AD28,108,413260dc65bea85ca8ff1f4bce38ed93668935b2b6ce3b310417fce5f5f80d8c,,
162,0xA2,3,0x03,high_conf_static_A4,script_pack_A4_source_selection,unknown,1,1,A4_xx_B2_dd_A4_yy:second,CD:0C30,0,,,C9:AC84,2,normal_master,C9:AD78,49,4576eb03063e19de135f695a9b33e37c02f2c3eb75c515ec5665675642be75a9,,
162,0xA2,5,0x05,high_conf_static_A4,script_pack_A4_source_selection,unknown,1,1,A4_xx_B0,CD:0C4E,0,,,C9:AC84,2,normal_master,C9:ADBF,227,0a93f9d97451cb91f9eeaaa1a105ea90219544b8ca4dcab36c0415e0c9d0ee72,,
163,0xA3,2,0x02,high_conf_static_A4,script_pack_A4_source_selection,unknown,1,1,A4_xx_B0,CD:0DE8,0,,,C9:AD28,2,normal_master,C9:AD9C,46,6d3840a32b784b1cce192c1fdc21aac4cbb4ecb6baaa5c9f52a3f338dfe4254e,,
164,0xA4,1,0x01,high_conf_static_A4,script_pack_A4_source_selection,unknown,1,1,A4_xx_B2_dd_A4_yy:first,CD:1454,0,,,C9:ADBF,2,normal_master,C9:AE6A,104,ca16365e0a58ee416c6e90d09b1c7e3ae6ef81473711e9da64fdab6bf3c34610,,
164,0xA4,2,0x02,high_conf_static_A4,script_pack_A4_source_selection,unknown,1,1,A4_xx_B2_dd_A4_yy:second,CD:1458,0,,,C9:ADBF,2,normal_master,C9:AEBB,129,f23f985c70a742395d1a8f47a8b8e7e55f689c89bfe5a13f88b64921a49b4472,,
165,0xA5,1,0x01,high_conf_static_A4,script_pack_A4_source_selection,unknown,1,1,A4_xx_B0,CD:153F,0,,,C9:AEBB,0,normal_master,C9:AEBD,98,ec495577b1a4e47ed6a959a7beddbe4c69ea59631c89d7d96062a298e35585ff,,
165,0xA5,3,0x03,high_conf_static_A4,script_pack_A4_source_selection,unknown,1,1,A4_xx_B0,CD:1501,0,,,C9:AEBB,0,normal_master,C9:AF52,8,dd7f434283b87b0563a2317fc1f214b14c719f2b996abc05cd5308c076b63939,,
168,0xA8,5,0x05,high_conf_static_A4,script_pack_A4_source_selection,unknown,1,1,A4_xx_B2_dd_A4_yy:first,CD:1FF1,0,,,C9:B7AE,2,normal_master,C9:B8B5,76,43e615005a2656cd2b3de48afa3f2ea9ef9c551dd0dc850d3d996a4f45c3df6e,,
168,0xA8,6,0x06,high_conf_static_A4,script_pack_A4_source_selection,unknown,1,1,A4_xx_B2_dd_A4_yy:second,CD:1FF5,0,,,C9:B7AE,2,normal_master,C9:B8EE,122,af717a47866d06f0064b791ca9163c7ab5c9d5f4e4941353e24af9e1c3e1d218,,
169,0xA9,0,0x00,high_conf_static_A4,script_pack_A4_source_selection,unknown,1,1,A4_xx_B0,CD:275C,0,,,C9:BE1C,0,normal_master,C9:BE1D,69,200eef64b3e68a20755f682d9c578d47647354338675d4c1d828b8bf13450656,,
169,0xA9,3,0x03,high_conf_static_A4,script_pack_A4_source_selection,unknown,1,1,A4_xx_B0,CD:27B9,0,,,C9:BE1C,0,normal_master,C9:BE90,10,2090b82bff31061d1c688b76da661202787eaa6ca01d8ba540894ca8dd8a71da,,
171,0xAB,1,0x01,high_conf_static_A4,script_pack_A4_source_selection,unknown,1,1,A4_xx_B2_dd_A4_yy:first,CD:30F7,0,,,C9:BF65,2,normal_master,C9:C01F,202,fe753907f9b54b15e38e0e249571616d803cb67e7e6dfe673d51d5930c52ef55,,
171,0xAB,2,0x02,high_conf_static_A4,script_pack_A4_source_selection,unknown,1,1,A4_xx_B2_dd_A4_yy:second,CD:30FB,0,,,C9:BF65,2,normal_master,C9:C0BC,24,da2e23b2c02e3fae0a18270fee430a7bff8a762d863646155fbdd995a85ee97c,,
171,0xAB,3,0x03,high_conf_static_A4,script_pack_A4_source_selection,unknown,1,1,A4_xx_B0,CD:3107,0,,,C9:BF65,2,normal_master,C9:C0D4,139,626e5d212911e683b0f17771ba14c533d8ea7af2f4b62eb7d9c57479280cef3e,,
172,0xAC,0,0x00,high_conf_static_A4,script_pack_A4_source_selection,unknown,1,1,A4_xx_B0,CD:34A5,0,,,C9:C01F,2,normal_master,C9:C020,197,5214e6ef11fc2219ea9e24d62a0a26bee1e860fe89594276dc53902ad7743923,,
173,0xAD,1,0x01,high_conf_static_A4,script_pack_A4_source_selection,unknown,1,1,A4_xx_B0,CD:351E,0,,,C9:C141,2,normal_master,C9:C156,70,35e692405701c8772c43ddefd44a0540dc65ac3ff5b93e91795ceb931d1e62af,,
174,0xAE,14,0x0E,high_conf_static_A4,script_pack_A4_source_selection,unknown,1,1,A4_xx_B0,CD:3B8C,0,,,C9:C616,2,normal_master,C9:C8CB,32,1310e9a2d2b6004ce5855afc28cdfe8b8fa79c48acf4aff886b136d7e59cad5d,,
174,0xAE,15,0x0F,high_conf_static_A4,script_pack_A4_source_selection,unknown,1,1,A4_xx_B0,CD:3BA1,0,,,C9:C616,2,normal_master,C9:C8E4,36,65d578f08e48fcae7010ce677ca25049a06ecf9b864079042e738058b60db25a,,
174,0xAE,16,0x10,high_conf_static_A4,script_pack_A4_source_selection,unknown,1,1,A4_xx_B0,CD:3BB6,0,,,C9:C616,2,normal_master,C9:C8FE,30,15fa7f08bda30d4be95b4d0f18a80812d5ff2ed2b14281004ec8356afe022fde,,
174,0xAE,17,0x11,high_conf_static_A4,script_pack_A4_source_selection,unknown,1,1,A4_xx_B0,CD:3BCB,0,,,C9:C616,2,normal_master,C9:C914,13,6319d50b9dd04e81c698633820a7107e35f409da2d38f71796b42e83560ee5ea,,
174,0xAE,18,0x12,high_conf_static_A4,script_pack_A4_source_selection,unknown,1,1,A4_xx_B0,CD:3BE0,0,,,C9:C616,2,normal_master,C9:C91D,1,6e340b9cffb37a989ca544e6bb780a2c78901d3fb33738768511a30617afa01d,,
174,0xAE,19,0x13,high_conf_static_A4,script_pack_A4_source_selection,unknown,1,1,A4_xx_B0,CD:3BF5,0,,,C9:C616,2,normal_master,C9:C91D,65,7bc67858eee43aa99dddc8738d759dd7097586e84f44c6f3dd5c560717203ef3,,
174,0xAE,20,0x14,high_conf_static_A4,script_pack_A4_source_selection,unknown,1,1,A4_xx_B0,CD:3C0A,0,,,C9:C616,2,normal_master,C9:C94C,11,d65ef82b1ebcc23e3008e80459812f40d94f37815c541bfabdc7ffcf39c9b107,,
175,0xAF,1,0x01,high_conf_static_A4,script_pack_A4_source_selection,unknown,1,1,A4_xx_B0,CD:3F9D,0,,,C9:C6B6,2,normal_master,C9:C752,27,6d05bdbb55d4cd356641e42a14eb4d6384a5f80718683b1169a46d313a4af6b6,,
175,0xAF,2,0x02,high_conf_static_A4,script_pack_A4_source_selection,unknown,1,1,A4_xx_B0,CD:3FB2,0,,,C9:C6B6,2,normal_master,C9:C768,76,6f271bb7b42736fd96d894550c5a40c18eb535ebe7b2b1734efc14336601379c,,
177,0xB1,0,0x00,high_conf_static_A4,script_pack_A4_source_selection,unknown,1,1,A4_xx_B0,CD:446E,0,,,C9:CBFD,0,normal_master,C9:CBFE,1,6e340b9cffb37a989ca544e6bb780a2c78901d3fb33738768511a30617afa01d,,
177,0xB1,1,0x01,high_conf_static_A4,script_pack_A4_source_selection,unknown,1,1,A4_xx_B0,CD:4483,0,,,C9:CBFD,0,normal_master,C9:CBFF,1,6e340b9cffb37a989ca544e6bb780a2c78901d3fb33738768511a30617afa01d,,
177,0xB1,2,0x02,high_conf_static_A4,script_pack_A4_source_selection,unknown,1,1,A4_xx_B0,CD:4498,0,,,C9:CBFD,0,normal_master,C9:CC00,399,60e0e6dbbfe00fef59d5c3a90b9c74a292bdb06c3e7b170b1ab9fd0eccac4133,,
177,0xB1,9,0x09,high_conf_static_A4,script_pack_A4_source_selection,unknown,1,1,A4_xx_B0,CD:45AF,0,,,C9:CBFD,0,normal_master,C9:D18C,867,92dd8265bf0230f65bf9af24015c33287f04431de7cda51c55ac717c85fe818a,,
177,0xB1,10,0x0A,high_conf_static_A4,script_pack_A4_source_selection,unknown,1,1,A4_xx_B0,CD:45D2,0,,,C9:CBFD,0,normal_master,C9:D4EF,70,42d4fb75c01913057a9a21ed438058715cef060dcd6344fc2dffd52b0ce6e4cc,,
181,0xB5,1,0x01,high_conf_static_A4,script_pack_A4_source_selection,unknown,1,1,A4_xx_B0,CD:5078,0,,,C9:D0A8,2,normal_master,C9:D11B,9,aa81a57f4044cd9fcc4bf0aca709b36be382549320028555971ed6bc9996ab29,,
181,0xB5,2,0x02,high_conf_static_A4,script_pack_A4_source_selection,unknown,1,1,A4_xx_B0,CD:5089,0,,,C9:D0A8,2,normal_master,C9:D122,121,e7f610908021a08a39d8111d66593db93c3cc5cc3197781c2515dc66da047416,,
181,0xB5,3,0x03,high_conf_static_A4,script_pack_A4_source_selection,unknown,1,1,A4_xx_B0,CD:509A,0,,,C9:D0A8,2,normal_master,C9:D17D,40,65a53acccb77ab28e687ab4d3ede3c9f527531f0a774661305bc66bb2f409c90,,
181,0xB5,4,0x04,high_conf_static_A4,script_pack_A4_source_selection,unknown,1,1,A4_xx_B0,CD:50AB,0,,,C9:D0A8,2,normal_master,C9:D19C,39,e15c75c6308b13f1cf76d392977e5879fbe513ef84cf2016a395a10aee67fde9,,
181,0xB5,5,0x05,high_conf_static_A4,script_pack_A4_source_selection,unknown,1,1,A4_xx_B0,CD:50BC,0,,,C9:D0A8,2,normal_master,C9:D1B9,92,0b54e7b35a94dc502ffcbc6a8e319045762cff0db9cc280c7c960b6cf9971030,,
181,0xB5,6,0x06,high_conf_static_A4,script_pack_A4_source_selection,unknown,1,1,A4_xx_B0,CD:50CD,0,,,C9:D0A8,2,normal_master,C9:D1FF,175,0425092b0a1ef052dcbc2e47c1e98fa30d8f3abfc2f52017a1b8dee41a43e2b6,,
181,0xB5,8,0x08,high_conf_static_A4,script_pack_A4_source_selection,unknown,1,1,A4_xx_B0,CD:50EC,0,,,C9:D0A8,2,normal_master,C9:D297,36,5c45c3b6a34d4e321a9f5b48d9875995c8652285f60709bca9ac0649271d1834,,
181,0xB5,9,0x09,high_conf_static_A4,script_pack_A4_source_selection,unknown,1,1,A4_xx_B0,CD:50FD,0,,,C9:D0A8,2,normal_master,C9:D2B3,25,e1b2a324339bb897c249ec80f1e6884540dcd2e38f97be2eb7a939ec730c36d8,,
183,0xB7,1,0x01,high_conf_static_A4,script_pack_A4_source_selection,unknown,1,1,A4_xx_B2_dd_A4_yy:first,CD:55DC,0,,,C9:D446,2,normal_master,C9:D4C4,43,3366cc371d783bc70f2e8e7d6ee8c6ef7c7f3248e3600c8b89e1e105954f1f5b,,
183,0xB7,2,0x02,high_conf_static_A4,script_pack_A4_source_selection,unknown,1,1,A4_xx_B2_dd_A4_yy:second,CD:55E0,0,,,C9:D446,2,normal_master,C9:D4E5,80,d010ace327f3ee83fdbd230fc3e099a84d8baf26db1ce3d35c5deae598b5da1b,,
183,0xB7,4,0x04,high_conf_static_A4,script_pack_A4_source_selection,unknown,1,1,A4_xx_B2_dd_A4_yy:first,CD:5600,0,,,C9:D446,2,normal_master,C9:D543,38,ba05fa6aaea92412751bf1537f97b2a1350dcfdb3b75def4f82c85615f628b8d,,
183,0xB7,5,0x05,high_conf_static_A4,script_pack_A4_source_selection,unknown,1,1,A4_xx_B2_dd_A4_yy:second,CD:5604,0,,,C9:D446,2,normal_master,C9:D561,77,7285541e521c2c61ffe2771bba86311cf5841144fd9df0879c8aa68eef38ef39,,
183,0xB7,13,0x0D,high_conf_static_A4,script_pack_A4_source_selection,unknown,1,1,A4_xx_B0,CD:5656,0,,,C9:D446,2,normal_master,C9:D79E,37,8b9c1c89b84588f6aa45e6c2908d0497f7161d38843666091d8034862ce37666,,
184,0xB8,10,0x0A,high_conf_static_A4,script_pack_A4_source_selection,unknown,1,1,A4_xx_B2_dd_A4_yy:first,CD:58F3,0,,,C9:DF19,0,normal_master,C9:E04F,11,76181f6d6ddb81cf0494198916cefdf9cb88ee591e0aa783197354db8745f0dd,,
184,0xB8,11,0x0B,high_conf_static_A4,script_pack_A4_source_selection,unknown,1,1,A4_xx_B2_dd_A4_yy:second,CD:58F7,0,,,C9:DF19,0,normal_master,C9:E05A,11,299d08d989c7edf57cb37e17b0d7604a46d35c74d183dc31844fa5ea09704915,,
184,0xB8,12,0x0C,high_conf_static_A4,script_pack_A4_source_selection,unknown,1,1,A4_xx_B2_dd_A4_yy:first,CD:5900,0,,,C9:DF19,0,normal_master,C9:E065,22,d41a233eb6c457f481c883af1ec66629f75b51b64b0d8d7892f0645d1dd6ebf4,,
184,0xB8,13,0x0D,high_conf_static_A4,script_pack_A4_source_selection,unknown,2,1,A4_xx_B2_dd_A4_yy:first;A4_xx_B2_dd_A4_yy:second,CD:5904,0,,,C9:DF19,0,normal_master,C9:E07B,26,6776c21ce70e9ebd2f219507a53c295bab049f7519a49eb4fc8e324348b103c4,,
184,0xB8,14,0x0E,high_conf_static_A4,script_pack_A4_source_selection,unknown,2,1,A4_xx_B0;A4_xx_B2_dd_A4_yy:second,CD:5908,0,,,C9:DF19,0,normal_master,C9:E095,23,c0da448e03ca113a8f5c80ffde18b2ca93959af7db844468e19de6eda20d2e76,,
184,0xB8,15,0x0F,high_conf_static_A4,script_pack_A4_source_selection,unknown,1,1,A4_xx_B2_dd_A4_yy:first,CD:5935,0,,,C9:DF19,0,normal_master,C9:E0AC,15,26d98add1b75fb0fe25362164810c0ee53818f0943d787432f7734787485e455,,
184,0xB8,16,0x10,high_conf_static_A4,script_pack_A4_source_selection,unknown,2,1,A4_xx_B2_dd_A4_yy:first;A4_xx_B2_dd_A4_yy:second,CD:5939,0,,,C9:DF19,0,normal_master,C9:E0BB,14,aee4f5a2714ef4e9e3f4d53c45d3d5c598ed1de7721440dfaf03e4938c726052,,
184,0xB8,17,0x11,high_conf_static_A4,script_pack_A4_source_selection,unknown,2,1,A4_xx_B2_dd_A4_yy:first;A4_xx_B2_dd_A4_yy:second,CD:593D,0,,,C9:DF19,0,normal_master,C9:E0C9,8,d4c71112eca8e8ef6268dbb5291bffe833afac26475433392c497426e759c3b0,,
184,0xB8,18,0x12,high_conf_static_A4,script_pack_A4_source_selection,unknown,2,1,A4_xx_B0;A4_xx_B2_dd_A4_yy:second,CD:5941,0,,,C9:DF19,0,normal_master,C9:E0D1,50,e4d3ca087d1e70df361b72a8c2f95c0a08733276a7229ff59e0d73fe1bcc8135,,
184,0xB8,19,0x13,high_conf_static_A4,script_pack_A4_source_selection,unknown,1,1,A4_xx_B2_dd_A4_yy:first,CD:596E,0,,,C9:DF19,0,normal_master,C9:E103,8,9026f9c11585c2e6814c0e50314f9545890f393b5023a56f9c663dffc4104863,,
184,0xB8,20,0x14,high_conf_static_A4,script_pack_A4_source_selection,unknown,2,1,A4_xx_B2_dd_A4_yy:first;A4_xx_B2_dd_A4_yy:second,CD:5972,0,,,C9:DF19,0,normal_master,C9:E10B,6,b0217b723fc698f98d1341a32f6ab3f714a814f8c2b7d229e8835c406e751649,,
184,0xB8,21,0x15,high_conf_static_A4,script_pack_A4_source_selection,unknown,2,1,A4_xx_B2_dd_A4_yy:first;A4_xx_B2_dd_A4_yy:second,CD:5976,0,,,C9:DF19,0,normal_master,C9:E111,24,d326b2864e53f12650d93aed484f57b24beb1b6cb34864d6adcd2a4ffe579afd,,
184,0xB8,22,0x16,high_conf_static_A4,script_pack_A4_source_selection,unknown,2,1,A4_xx_B0;A4_xx_B2_dd_A4_yy:second,CD:597A,0,,,C9:DF19,0,normal_master,C9:E129,12,e9426c10fa106cca6e7272e9bac6e02b9086dd1e18cb3d9f0f3c4215d932e76a,,
184,0xB8,23,0x17,high_conf_static_A4,script_pack_A4_source_selection,unknown,1,1,A4_xx_B2_dd_A4_yy:first,CD:59A7,0,,,C9:DF19,0,normal_master,C9:E135,13,245d525c69701b898cf12290e4e7a8cc771c4cbba38b84abe644ddc18dab3683,,
184,0xB8,24,0x18,high_conf_static_A4,script_pack_A4_source_selection,unknown,2,1,A4_xx_B2_dd_A4_yy:first;A4_xx_B2_dd_A4_yy:second,CD:59AB,0,,,C9:DF19,0,normal_master,C9:E142,6,bf17ff4a3b259afe331a1e0f4d3480324a6919d04c220118d4d0e77f250a04ae,,
184,0xB8,25,0x19,high_conf_static_A4,script_pack_A4_source_selection,unknown,2,1,A4_xx_B2_dd_A4_yy:first;A4_xx_B2_dd_A4_yy:second,CD:59AF,0,,,C9:DF19,0,normal_master,C9:E148,9,e1914b20de670e42f8efe3736eb0ea15f6ecc2681d41bde6a1e5332a45143f22,,
184,0xB8,26,0x1A,high_conf_static_A4,script_pack_A4_source_selection,unknown,2,1,A4_xx_B0;A4_xx_B2_dd_A4_yy:second,CD:59B3,0,,,C9:DF19,0,normal_master,C9:E151,48,5e126da85e68541d26300a176219b981abfc69cd0385d36403830e2166a74da7,,
184,0xB8,27,0x1B,high_conf_static_A4,script_pack_A4_source_selection,unknown,1,1,A4_xx_B2_dd_A4_yy:first,CD:59E0,0,,,C9:DF19,0,normal_master,C9:E181,11,0a58d34aa84805072f015f8c0d1c6caa98f7e70c2969fab06432ac2e2b213a9d,,
184,0xB8,28,0x1C,high_conf_static_A4,script_pack_A4_source_selection,unknown,1,1,A4_xx_B2_dd_A4_yy:second,CD:59E4,0,,,C9:DF19,0,normal_master,C9:E18C,59,2f279f203cbd57b30a96249db829e5c5dd2e07828a0d11dca638fd8f3e977df9,,
184,0xB8,29,0x1D,high_conf_static_A4,script_pack_A4_source_selection,unknown,1,1,A4_xx_B2_dd_A4_yy:first,CD:59ED,0,,,C9:DF19,0,normal_master,C9:E1C7,33,9e9317a50bacb9a1f2e8276c8144322d61f7af40ac2319110dd1100bd017dea3,,
184,0xB8,30,0x1E,high_conf_static_A4,script_pack_A4_source_selection,unknown,2,1,A4_xx_B2_dd_A4_yy:first;A4_xx_B2_dd_A4_yy:second,CD:59F1,0,,,C9:DF19,0,normal_master,C9:E1E8,17,ad71a07befc2460d4a630d8b24b8232fa2311e919ac5abdf6dea789d6f8bf5c7,,
184,0xB8,31,0x1F,high_conf_static_A4,script_pack_A4_source_selection,unknown,2,1,A4_xx_B0;A4_xx_B2_dd_A4_yy:second,CD:59F5,0,,,C9:DF19,0,normal_master,C9:E1F9,15,89bd9971c6eaf7f6c42f0b10097697f13ad275714e3d23630eb9afe91ce81bc1,,
184,0xB8,32,0x20,high_conf_static_A4,script_pack_A4_source_selection,unknown,1,1,A4_xx_B2_dd_A4_yy:first,CD:5A22,0,,,C9:DF19,0,normal_master,C9:E208,17,cf433b25477e7869078886b53f1b6f1713fe3e4e522cbd04f6f236ae29db8b3b,,
184,0xB8,33,0x21,high_conf_static_A4,script_pack_A4_source_selection,unknown,2,1,A4_xx_B2_dd_A4_yy:first;A4_xx_B2_dd_A4_yy:second,CD:5A26,0,,,C9:DF19,0,normal_master,C9:E219,63,5a15703a2271ee1bf14417eafeb9dca740b5bee0486efd7b872cc2753f7cf39c,,
184,0xB8,34,0x22,high_conf_static_A4,script_pack_A4_source_selection,unknown,2,1,A4_xx_B2_dd_A4_yy:first;A4_xx_B2_dd_A4_yy:second,CD:5A2A,0,,,C9:DF19,0,normal_master,C9:E258,99,4645923a7e53d5e573dadbf5818f01442561c1e5081a42a529bf6c34308b3acb,,
184,0xB8,35,0x23,high_conf_static_A4,script_pack_A4_source_selection,unknown,2,1,A4_xx_B0;A4_xx_B2_dd_A4_yy:second,CD:5A2E,0,,,C9:DF19,0,normal_master,C9:E2BB,4,06c811f400f29ca66440b1d75b9a2b72dd5862a1715f64d2aaa5f3400cf6b899,,
184,0xB8,36,0x24,high_conf_static_A4,script_pack_A4_source_selection,unknown,1,1,A4_xx_B2_dd_A4_yy:first,CD:5A5B,0,,,C9:DF19,0,normal_master,C9:E2BF,48,f8ce01cef9974443fbc3ca297ee32189454389ad755ceb18790b4f1858ec3f84,,
184,0xB8,37,0x25,high_conf_static_A4,script_pack_A4_source_selection,unknown,2,1,A4_xx_B2_dd_A4_yy:first;A4_xx_B2_dd_A4_yy:second,CD:5A5F,0,,,C9:DF19,0,normal_master,C9:E2EF,26,0b90e6d18dcc27851dc825ebde55d31f6714c46cf0871d3610ccfc3065531d21,,
184,0xB8,38,0x26,high_conf_static_A4,script_pack_A4_source_selection,unknown,2,1,A4_xx_B2_dd_A4_yy:first;A4_xx_B2_dd_A4_yy:second,CD:5A63,0,,,C9:DF19,0,normal_master,C9:E309,16,35a23f96d09dc387a94634869b921a1cc0785f4535344888e0b86f0d565201a4,,
184,0xB8,39,0x27,high_conf_static_A4,script_pack_A4_source_selection,unknown,2,1,A4_xx_B0;A4_xx_B2_dd_A4_yy:second,CD:5A67,0,,,C9:DF19,0,normal_master,C9:E319,45,52a8cb0804d9b970bf455746f4a9a5cd49f0ebb1ab7aba9884a00f2db5db1d58,,
184,0xB8,44,0x2C,high_conf_static_A4,script_pack_A4_source_selection,unknown,1,1,A4_xx_B2_dd_A4_yy:first,CD:5AF0,0,,,C9:DF19,0,normal_master,C9:E37A,7,12706b4766fa71b09b8bc36558ba3f02c28373051bd0deb74be832f4ba908fa4,,
184,0xB8,45,0x2D,high_conf_static_A4,script_pack_A4_source_selection,unknown,1,1,A4_xx_B2_dd_A4_yy:second,CD:5AF4,0,,,C9:DF19,0,normal_master,C9:E381,16,4312cc0d08bd35e56e9dad33923b0071ef61a383eb308f1683dc65e9ee1dbead,,
184,0xB8,46,0x2E,high_conf_static_A4,script_pack_A4_source_selection,unknown,1,1,A4_xx_B2_dd_A4_yy:first,CD:5B2A,0,,,C9:DF19,0,normal_master,C9:E391,5,60d15bb680699d95758ab0c8058033224e9e2c0a707519a2cc1ba21ff78fb781,,
184,0xB8,47,0x2F,high_conf_static_A4,script_pack_A4_source_selection,unknown,2,1,A4_xx_B0;A4_xx_B2_dd_A4_yy:second,CD:5B2E,0,,,C9:DF19,0,normal_master,C9:E396,65,d69bda7573a89cbe34377497c6826151cfd89c68a8974502bd28b308f9a2949c,,
186,0xBA,0,0x00,high_conf_static_A4,script_pack_A4_source_selection,unknown,1,1,A4_xx_B0,CD:6176,0,,,C9:E675,1,normal_master,C9:E676,22,74f57000697750ba6ce33edd1da458654928bc68ccde52276d098e8855cfd907,,
186,0xBA,1,0x01,high_conf_static_A4,script_pack_A4_source_selection,unknown,1,1,A4_xx_B0,CD:6192,0,,,C9:E675,1,normal_master,C9:E68F,22,74f57000697750ba6ce33edd1da458654928bc68ccde52276d098e8855cfd907,,
186,0xBA,3,0x03,high_conf_static_A4,script_pack_A4_source_selection,unknown,1,1,A4_xx_B0,CD:61E1,0,,,C9:E675,1,normal_master,C9:E692,48,20e85a5e79229f13dbb9ccee622bcbf5cc0a24b835721d592f02c646d3ad14b2,,
186,0xBA,4,0x04,high_conf_static_A4,script_pack_A4_source_selection,unknown,1,1,A4_xx_B0,CD:621C,0,,,C9:E675,1,normal_master,C9:E6C1,49,03406a8101d5e2c81dda11cd9ef325b2ce54631e83e19602952b6f82d8956222,,
186,0xBA,5,0x05,high_conf_static_A4,script_pack_A4_source_selection,unknown,1,1,A4_xx_B0,CD:6231,0,,,C9:E675,1,normal_master,C9:E6E7,88,7a95690d194f03be84360985040585d8980da8e7159e1c7f005edced74c181ce,,
186,0xBA,6,0x06,high_conf_static_A4,script_pack_A4_source_selection,unknown,1,1,A4_xx_B0,CD:6249,0,,,C9:E675,1,normal_master,C9:E729,48,35affd3ac22d760c266f449cae81ed1437dc391c789bb0a091dd1b8436af7e6e,,
186,0xBA,7,0x07,high_conf_static_A4,script_pack_A4_source_selection,unknown,1,1,A4_xx_B0,CD:6261,0,,,C9:E675,1,normal_master,C9:E753,39,2478b7887c0a2f6320e6f977d94cb9f906f5791df8e38e0c88a566ae27cf8953,,
186,0xBA,8,0x08,high_conf_static_A4,script_pack_A4_source_selection,unknown,1,1,A4_xx_B0,CD:6279,0,,,C9:E675,1,normal_master,C9:E772,50,fb0d12f87ecda8d37b2291610ff0848a6c560c5d87a9dd86030213dd5b4e6edc,,
186,0xBA,9,0x09,high_conf_static_A4,script_pack_A4_source_selection,unknown,1,1,A4_xx_B0,CD:6292,0,,,C9:E675,1,normal_master,C9:E7A2,88,1b8b17e2c2477116e85d1af6cffb99a6a358c184488fc59d41b3301bfdb954a3,,
186,0xBA,10,0x0A,high_conf_static_A4,script_pack_A4_source_selection,unknown,1,1,A4_xx_B0,CD:6295,0,,,C9:E675,1,normal_master,C9:E7E5,128,424a4037e52b03bfe874a8b7b05b7a3190e9393642bf73ddf74ec0496d3c64bd,,
186,0xBA,11,0x0B,high_conf_static_A4,script_pack_A4_source_selection,unknown,1,1,A4_xx_B0,CD:62AE,0,,,C9:E675,1,normal_master,C9:E851,48,59359eab76311d1d05eaaa25c46df46b3a0a896e8897313788f30c18582cfa40,,
186,0xBA,13,0x0D,high_conf_static_A4,script_pack_A4_source_selection,unknown,1,1,A4_xx_B0,CD:62B8,0,,,C9:E675,1,normal_master,C9:E88C,22,74f57000697750ba6ce33edd1da458654928bc68ccde52276d098e8855cfd907,,
186,0xBA,14,0x0E,high_conf_static_A4,script_pack_A4_source_selection,unknown,1,1,A4_xx_B0,CD:62D1,0,,,C9:E675,1,normal_master,C9:E8A0,22,74f57000697750ba6ce33edd1da458654928bc68ccde52276d098e8855cfd907,,
186,0xBA,15,0x0F,high_conf_static_A4,script_pack_A4_source_selection,unknown,1,1,A4_xx_B0,CD:62D4,0,,,C9:E675,1,normal_master,C9:E8A2,22,74f57000697750ba6ce33edd1da458654928bc68ccde52276d098e8855cfd907,,
186,0xBA,16,0x10,high_conf_static_A4,script_pack_A4_source_selection,unknown,1,1,A4_xx_B0,CD:62E9,0,,,C9:E675,1,normal_master,C9:E8A3,22,74f57000697750ba6ce33edd1da458654928bc68ccde52276d098e8855cfd907,,
186,0xBA,17,0x11,high_conf_static_A4,script_pack_A4_source_selection,unknown,1,1,A4_xx_B0,CD:62FE,0,,,C9:E675,1,normal_master,C9:E8A5,53,7b43bc034a43e7a7b420cf5eb0a5473356a7420c3951892b4451bedb44286f11,,
186,0xBA,18,0x12,high_conf_static_A4,script_pack_A4_source_selection,unknown,1,1,A4_xx_B0,CD:6313,0,,,C9:E675,1,normal_master,C9:E8DA,105,131f88cb2975cb30c1dcbf22dc88542e40a3dfdb01fe325a10be5e1e56516093,,
186,0xBA,19,0x13,high_conf_static_A4,script_pack_A4_source_selection,unknown,1,1,A4_xx_B0,CD:6328,0,,,C9:E675,1,normal_master,C9:E91F,94,fa92532fbf195165ff6570046fda1e7d1447df6e734ad2d596f0b414a05d3dfb,,
186,0xBA,20,0x14,high_conf_static_A4,script_pack_A4_source_selection,unknown,1,1,A4_xx_B0,CD:633D,0,,,C9:E675,1,normal_master,C9:E976,32,7e22c392c66690845eb14480448f8ae401a2c85708ec387329f55015fb875fbe,,
186,0xBA,21,0x15,high_conf_static_A4,script_pack_A4_source_selection,unknown,1,1,A4_xx_B0,CD:6352,0,,,C9:E675,1,normal_master,C9:E98E,41,937827dfa890718922c073c682f6247369707b1f1817576fa6db471088497d5b,,
186,0xBA,22,0x16,high_conf_static_A4,script_pack_A4_source_selection,unknown,1,1,A4_xx_B0,CD:636B,0,,,C9:E675,1,normal_master,C9:E9A6,150,139062ca308e0d82da3b2a066c9dcee443be1851ba1ed29fca7fb8a6eca43ed0,,
186,0xBA,23,0x17,high_conf_static_A4,script_pack_A4_source_selection,unknown,1,1,A4_xx_B0,CD:636E,0,,,C9:E675,1,normal_master,C9:EA0D,102,3ef9933ecd356f9e52a10dc290519db1cb09027a08dbe17618ebd0f5bbc5ef53,,
186,0xBA,24,0x18,high_conf_static_A4,script_pack_A4_source_selection,unknown,1,1,A4_xx_B0,CD:6387,0,,,C9:E675,1,normal_master,C9:EA64,90,505285feb95e4f0b6074e042be14cfc1f9ac10da41f5e62032b028ca412eb662,,
186,0xBA,25,0x19,high_conf_static_A4,script_pack_A4_source_selection,unknown,1,1,A4_xx_B0,CD:638A,0,,,C9:E675,1,normal_master,C9:EAA7,65,7d7e1ebef02e8d8b86db0fcdf5456e8de2c79d6808969c08869910e10aebbab2,,
186,0xBA,26,0x1A,high_conf_static_A4,script_pack_A4_source_selection,unknown,1,1,A4_xx_B0,CD:63A3,0,,,C9:E675,1,normal_master,C9:EACE,22,74f57000697750ba6ce33edd1da458654928bc68ccde52276d098e8855cfd907,,
186,0xBA,28,0x1C,high_conf_static_A4,script_pack_A4_source_selection,unknown,1,1,A4_xx_B0,CD:63AD,0,,,C9:E675,1,normal_master,C9:EAE6,22,74f57000697750ba6ce33edd1da458654928bc68ccde52276d098e8855cfd907,,
186,0xBA,29,0x1D,high_conf_static_A4,script_pack_A4_source_selection,unknown,1,1,A4_xx_B0,CD:63C6,0,,,C9:E675,1,normal_master,C9:EAE8,22,74f57000697750ba6ce33edd1da458654928bc68ccde52276d098e8855cfd907,,
186,0xBA,30,0x1E,high_conf_static_A4,script_pack_A4_source_selection,unknown,1,1,A4_xx_B0,CD:63C9,0,,,C9:E675,1,normal_master,C9:EAEA,51,da0b4dcfedaa4d0014479aebef66a7645339ed0d533475cc6e5a3e018ae7f515,,
186,0xBA,31,0x1F,high_conf_static_A4,script_pack_A4_source_selection,unknown,1,1,A4_xx_B0,CD:63DE,0,,,C9:E675,1,normal_master,C9:EB16,46,ab75c40e01a2ba7c9495aa59280a50eeb3b122bdba0c65101956461724dc0825,,
186,0xBA,32,0x20,high_conf_static_A4,script_pack_A4_source_selection,unknown,1,1,A4_xx_B0,CD:63F3,0,,,C9:E675,1,normal_master,C9:EB40,99,e0d128814379243a41895a71b9d52918a51d932d5e89f4fe4218ff989d39022a,,
186,0xBA,33,0x21,high_conf_static_A4,script_pack_A4_source_selection,unknown,1,1,A4_xx_B0,CD:6408,0,,,C9:E675,1,normal_master,C9:EB9F,95,a279dee2bc3f77689f49611bc744081ae54724b7614714daf9812064f771a956,,
186,0xBA,34,0x22,high_conf_static_A4,script_pack_A4_source_selection,unknown,1,1,A4_xx_B0,CD:641D,0,,,C9:E675,1,normal_master,C9:EBE9,92,24607881f00216df0beccda7bdd51bcb5e051a8b5882baf0478e19f8e49d00e5,,
186,0xBA,35,0x23,high_conf_static_A4,script_pack_A4_source_selection,unknown,1,1,A4_xx_B0,CD:6432,0,,,C9:E675,1,normal_master,C9:EC00,243,ba5a14f969c73ac186170bb9d682edda0a1aa4d2501fb8c74704921ddf647be7,,
186,0xBA,36,0x24,high_conf_static_A4,script_pack_A4_source_selection,unknown,1,1,A4_xx_B0,CD:644B,0,,,C9:E675,1,normal_master,C9:EC44,1658,6eae2f942d01547f7032a8df9d3ab80452c7e54b572d6aeaeb24a7bfda8ccb18,,
186,0xBA,37,0x25,high_conf_static_A4,script_pack_A4_source_selection,unknown,1,1,A4_xx_B0,CD:644E,0,,,C9:E675,1,normal_master,C9:EDFF,578,63612938430cd7228b4213e6ad407273becbeed0d57741821d9643210c872aad,,
186,0xBA,38,0x26,high_conf_static_A4,script_pack_A4_source_selection,unknown,1,1,A4_xx_B0,CD:6467,0,,,C9:E675,1,normal_master,C9:EE8D,1162,9b252a42f48de0cd6e26d72d8fd9ef0e5ead0a28828889d8803c7036a1a51e25,,
186,0xBA,39,0x27,high_conf_static_A4,script_pack_A4_source_selection,unknown,1,1,A4_xx_B0,CD:646A,0,,,C9:E675,1,normal_master,C9:EFC0,62,5af1fd87b5033bebc56c379416f1a7ac40e5f33849c4165447210b91754f970c,,
186,0xBA,40,0x28,high_conf_static_A4,script_pack_A4_source_selection,unknown,1,1,A4_xx_B0,CD:6483,0,,,C9:E675,1,normal_master,C9:EFD4,1501,841c73431bc2c4c5c20a5aaa7d3dd3eafca3d348de85d2576b2151ad8642611d,,
186,0xBA,41,0x29,high_conf_static_A4,script_pack_A4_source_selection,unknown,1,1,A4_xx_B0,CD:6486,0,,,C9:E675,1,normal_master,C9:F282,619,cdf29ece177baf0d76b81f72880bc535d5cc64a5ecc68a51db0c7aa2b99a1d74,,
186,0xBA,42,0x2A,high_conf_static_A4,script_pack_A4_source_selection,unknown,1,1,A4_xx_B0,CD:649F,0,,,C9:E675,1,normal_master,C9:F433,21,198742885102aa57a58e8f723d525ff7a9f8f8fa48cffe5083e365b585c84010,,
186,0xBA,43,0x2B,high_conf_static_A4,script_pack_A4_source_selection,unknown,1,1,A4_xx_B0,CD:64A2,0,,,C9:E675,1,normal_master,C9:F43B,111,324cec81fd4b4d4290520a0d238d44399d8e7f6b131be4be8f3e7db4a046551d,,
187,0xBB,0,0x00,high_conf_static_A4,script_pack_A4_source_selection,unknown,1,1,A4_xx_B0,CD:6754,0,,,C9:EBE9,2,normal_master,C9:EBEA,86,f5c6d3525105caa5909279808b775fa81a5923ac137f13a77ec75dd46abbeb3d,,
187,0xBB,1,0x01,high_conf_static_A4,script_pack_A4_source_selection,unknown,1,1,A4_xx_B0,CD:676C,0,,,C9:EBE9,2,normal_master,C9:EC2F,499,c6fbfa8b18f8d97f0924a2cfb6f73c3484e6578d18fc5bdbd7c2e5cf3e945fc3,,
187,0xBB,2,0x02,high_conf_static_A4,script_pack_A4_source_selection,unknown,1,1,A4_xx_B0,CD:6784,0,,,C9:EBE9,2,normal_master,C9:EDAB,84,ed6dbf0d87a6945e7521556c983c8c83369c6a0b4f946ca385c31f1b951724d9,,
187,0xBB,3,0x03,high_conf_static_A4,script_pack_A4_source_selection,unknown,1,1,A4_xx_B0,CD:6799,0,,,C9:EBE9,2,normal_master,C9:EDEA,152,547dec27be92d7a171f4e9be48faf4a776287432b056916743c2d8c6ce054d70,,
187,0xBB,4,0x04,high_conf_static_A4,script_pack_A4_source_selection,unknown,1,1,A4_xx_B0,CD:67AE,0,,,C9:EBE9,2,normal_master,C9:EE5E,120,cc0ab4927d2bac2260dccaede449ea4e2024fca5fd34bdeeb1e2c46ba022e414,,
187,0xBB,5,0x05,high_conf_static_A4,script_pack_A4_source_selection,unknown,1,1,A4_xx_B0,CD:67C3,0,,,C9:EBE9,2,normal_master,C9:EEB8,72,d6e6aae174b2cf16f42c384da96bd74dadac087f09275c427687454729bcd1bc,,
187,0xBB,6,0x06,high_conf_static_A4,script_pack_A4_source_selection,unknown,1,1,A4_xx_B0,CD:67DC,0,,,C9:EBE9,2,normal_master,C9:EEED,110,84795b10d910930356fa02bd2e8ac5047ac4ab48ad9a9232b0aa85b29675a213,,
187,0xBB,7,0x07,high_conf_static_A4,script_pack_A4_source_selection,unknown,1,1,A4_xx_B0,CD:67DF,0,,,C9:EBE9,2,normal_master,C9:EF43,64,463c4e32c0f2287b3370c89802a6f1a0044556a6f66223f305e1f82707bd9ebc,,
187,0xBB,8,0x08,high_conf_static_A4,script_pack_A4_source_selection,unknown,1,1,A4_xx_B0,CD:67F8,0,,,C9:EBE9,2,normal_master,C9:EF74,77,4c5328334b8921f7d891f5981839b24385575fc981b82a26e60975b84dafb347,,
187,0xBB,9,0x09,high_conf_static_A4,script_pack_A4_source_selection,unknown,1,1,A4_xx_B0,CD:67FB,0,,,C9:EBE9,2,normal_master,C9:EFB1,55,a51e61caca7814b27f58b9d23c6054a213bf4aacd4c74243d8de4eed464e476a,,
187,0xBB,10,0x0A,high_conf_static_A4,script_pack_A4_source_selection,unknown,1,1,A4_xx_B0,CD:6814,0,,,C9:EBE9,2,normal_master,C9:EFDC,91,a03ef7ccf48195f6366974b6a0a809aa272c75b50dfe6feca05163a04486e959,,
187,0xBB,12,0x0C,high_conf_static_A4,script_pack_A4_source_selection,unknown,1,1,A4_xx_B0,CD:681E,0,,,C9:EBE9,2,normal_master,C9:F073,91,61d27745f84489816800639a77b9a3f8787750e4cdaf103346e998fcc34b1301,,
187,0xBB,13,0x0D,high_conf_static_A4,script_pack_A4_source_selection,unknown,1,1,A4_xx_B0,CD:6836,0,,,C9:EBE9,2,normal_master,C9:F0B1,24,08fca64662f7d4c77f8eb826ee0a5ec71e7c5dfa78e4097da32872631202cc49,,
187,0xBB,14,0x0E,high_conf_static_A4,script_pack_A4_source_selection,unknown,1,1,A4_xx_B0,CD:684E,0,,,C9:EBE9,2,normal_master,C9:F0C0,99,8b30257b8e161aad7eb37e063f8ce88f994496ae187fc9323937344b9a6fef6c,,
187,0xBB,15,0x0F,high_conf_static_A4,script_pack_A4_source_selection,unknown,1,1,A4_xx_B0,CD:6866,0,,,C9:EBE9,2,normal_master,C9:F109,38,505f98d5395cae1bed994e447615d72a400fc4d85fc641e68573980b6f2c8c49,,
187,0xBB,16,0x10,high_conf_static_A4,script_pack_A4_source_selection,unknown,1,1,A4_xx_B0,CD:687E,0,,,C9:EBE9,2,normal_master,C9:F125,8,9c658932ec69f2e1280fad909d255f69b2da691e4191511602b9e5857d20aebc,,
187,0xBB,17,0x11,high_conf_static_A4,script_pack_A4_source_selection,unknown,1,1,A4_xx_B0,CD:6897,0,,,C9:EBE9,2,normal_master,C9:F12B,47,2d0341a79c6e45436ff89a0eab928b6f4105022f52163eace0d2b67d799ce2a2,,
187,0xBB,18,0x12,high_conf_static_A4,script_pack_A4_source_selection,unknown,1,1,A4_xx_B0,CD:689A,0,,,C9:EBE9,2,normal_master,C9:F14F,7,6f1b21948243bfe7fd6b675dc8acd1216ffd9e2a2773c7120fb81400260de767,,
187,0xBB,20,0x14,high_conf_static_A4,script_pack_A4_source_selection,unknown,1,1,A4_xx_B0,CD:68BA,0,,,C9:EBE9,2,normal_master,C9:F177,130,d8a5cce050cf47a250368c6acba55c3f3c206efbaa33d5cd6ece2fb16a831c75,,
187,0xBB,22,0x16,high_conf_static_A4,script_pack_A4_source_selection,unknown,1,1,A4_xx_B0,CD:68C4,0,,,C9:EBE9,2,normal_master,C9:F1E3,23,d1b62929f272c096af72e8d63a4057f2d97c6810493d524e38d9f5351b17f778,,
187,0xBB,23,0x17,high_conf_static_A4,script_pack_A4_source_selection,unknown,1,1,A4_xx_B0,CD:68DD,0,,,C9:EBE9,2,normal_master,C9:F1F5,23,938644bc63c0b744f762be7aebc8d9baab8e3d50f2b9d7ae5020944ce306c859,,
187,0xBB,25,0x19,high_conf_static_A4,script_pack_A4_source_selection,unknown,1,1,A4_xx_B0,CD:68E7,0,,,C9:EBE9,2,normal_master,C9:F21B,64,c4b0eafb3095e46b2ca18a3fd18bf6ee559c5df20e4d1fc1ac74e7ea2a0628cd,,
187,0xBB,26,0x1A,high_conf_static_A4,script_pack_A4_source_selection,unknown,1,1,A4_xx_B0,CD:68FF,0,,,C9:EBE9,2,normal_master,C9:F24A,11,b5070e6532c6a0d249dee535dd4c7b65a8998d517f94243afdc353e071f53768,,
187,0xBB,27,0x1B,high_conf_static_A4,script_pack_A4_source_selection,unknown,1,1,A4_xx_B0,CD:6917,0,,,C9:EBE9,2,normal_master,C9:F253,22,c9417fa443f94b7927fea01856a0afd1b2a05c5aadb767f500d208e1969c4371,,
187,0xBB,28,0x1C,high_conf_static_A4,script_pack_A4_source_selection,unknown,1,1,A4_xx_B0,CD:692F,0,,,C9:EBE9,2,normal_master,C9:F266,61,d47c7265067cd68aaa8991a546d0007a330f631892a34ff0970fc0b5e065d205,,
187,0xBB,29,0x1D,high_conf_static_A4,script_pack_A4_source_selection,unknown,1,1,A4_xx_B0,CD:6947,0,,,C9:EBE9,2,normal_master,C9:F294,17,8c55ef8429e65e5579d28c9d87fb5e748de7b86a4f3a317dc785bdb6f5fc2d78,,
187,0xBB,30,0x1E,high_conf_static_A4,script_pack_A4_source_selection,unknown,1,1,A4_xx_B0,CD:695C,0,,,C9:EBE9,2,normal_master,C9:F2A1,95,9d98c9880099bb30873167b95c656bffadb08bed3f09d747f1d1bdf72e54eff3,,
187,0xBB,31,0x1F,high_conf_static_A4,script_pack_A4_source_selection,unknown,1,1,A4_xx_B0,CD:6971,0,,,C9:EBE9,2,normal_master,C9:F2E9,1,6e340b9cffb37a989ca544e6bb780a2c78901d3fb33738768511a30617afa01d,,
187,0xBB,32,0x20,high_conf_static_A4,script_pack_A4_source_selection,unknown,1,1,A4_xx_B0,CD:698A,0,,,C9:EBE9,2,normal_master,C9:F2E9,2,86c11f10c038a75279e64a09cbc5cacb478a9af27d1b5cce1d1b1cc7e23a1b81,,
187,0xBB,33,0x21,high_conf_static_A4,script_pack_A4_source_selection,unknown,1,1,A4_xx_B0,CD:698D,0,,,C9:EBE9,2,normal_master,C9:F2EB,9,722356c6fee024938cb0b9ed79b1b87aa13c893ff64249d29215cefa3a5c36de,,
188,0xBC,6,0x06,high_conf_static_A4,script_pack_A4_source_selection,unknown,1,1,A4_xx_B0,CD:6BF4,0,,,C9:F073,0,normal_master,C9:F131,1,6e340b9cffb37a989ca544e6bb780a2c78901d3fb33738768511a30617afa01d,,
188,0xBC,7,0x07,high_conf_static_A4,script_pack_A4_source_selection,unknown,1,1,A4_xx_B0,CD:6BF7,0,,,C9:F073,0,normal_master,C9:F132,9,cff2ec334811c3c0f8f771dbc0991370af34fa222dc2518e91a65ccd0808dffe,,
188,0xBC,8,0x08,high_conf_static_A4,script_pack_A4_source_selection,unknown,1,1,A4_xx_B0,CD:6C10,0,,,C9:F073,0,normal_master,C9:F13B,52,0955ccfe7a8cfec3a362db96a273fc1d7f5e1616dbdf19efab1fc53581e85ca0,,
188,0xBC,9,0x09,high_conf_static_A4,script_pack_A4_source_selection,unknown,1,1,A4_xx_B0,CD:6C13,0,,,C9:F073,0,normal_master,C9:F16F,30,9c093dd1b8cc0f4aa964f1bb5dc874f6fbdc1503d7c449ce9fb3debc2d25fe96,,
188,0xBC,10,0x0A,high_conf_static_A4,script_pack_A4_source_selection,unknown,1,1,A4_xx_B0,CD:6C2C,0,,,C9:F073,0,normal_master,C9:F18D,110,f1933494c739b88d5cb81d9c8700fa59918145821d083e09b4b9a2557e734e6e,,
188,0xBC,11,0x0B,high_conf_static_A4,script_pack_A4_source_selection,unknown,1,1,A4_xx_B0,CD:6C2F,0,,,C9:F073,0,normal_master,C9:F1FB,21,657c36167b14939b7c9d67060eb638c559604af12371ad4affd9b546d35dd2dc,,
190,0xBE,127,0x7F,high_conf_static_A4,script_pack_A4_source_selection,unknown,1,1,A4_xx_B0,CD:7797,0,,,CA:0134,2,normal_master,CA:1120,33,6666e191b8b127afe5dca6eb69b12c54905faf3b1954466efb3fd86f7ebee6e0,,
190,0xBE,130,0x82,high_conf_static_A4,script_pack_A4_source_selection,unknown,1,1,A4_xx_B0,CD:77B7,0,,,CA:0134,2,normal_master,CA:115F,2,8094903f94ffaa75bc82243f7de1f907cc2005bac5f8ee0a55e9f20fc9ffd7e7,,
192,0xC0,0,0x00,high_conf_static_A4,script_pack_A4_source_selection,unknown,1,1,A4_xx_B0,CD:79CB,0,,,CA:036C,2,normal_master,CA:036D,48,f912bf78c1fef19685823f3069c68b52a329cf8a77a4d70bf5d58781bd5adccb,,
192,0xC0,1,0x01,high_conf_static_A4,script_pack_A4_source_selection,unknown,1,1,A4_xx_B0,CD:79DC,0,,,CA:036C,2,normal_master,CA:0392,41,8737ab590f7baa4dc662792e313769e4ff73544253e44d960e833ce37974c28c,,
192,0xC0,2,0x02,high_conf_static_A4,script_pack_A4_source_selection,unknown,1,1,A4_xx_B0,CD:79ED,0,,,CA:036C,2,normal_master,CA:03B3,50,fe61a62537d418d0f9c5dbb2929fb9d8a3e65fa64089098168f3901cd1a48017,,
192,0xC0,3,0x03,high_conf_static_A4,script_pack_A4_source_selection,unknown,1,1,A4_xx_B0,CD:79FE,0,,,CA:036C,2,normal_master,CA:03D7,8,d3ddd878f6ac74d45a0d2668b0d2dcc8312239b88a4ae99e624fcf4ac9ffd39f,,
193,0xC1,0,0x00,high_conf_static_A4,script_pack_A4_source_selection,unknown,1,1,A4_xx_B0,CD:7C94,0,,,CA:03D7,2,normal_master,CA:03D8,66,ba5121f8d1eebbbb7e00c3e56ed0373974dec6c8a65d3e669d6d5a8e9ab4aab2,,
193,0xC1,1,0x01,high_conf_static_A4,script_pack_A4_source_selection,unknown,1,1,A4_xx_B0,CD:7CA5,0,,,CA:03D7,2,normal_master,CA:0409,90,aae5c36d387b5ad96424b828d35a34b3d4a272ac403103f318bd0e84558a6da8,,
193,0xC1,2,0x02,high_conf_static_A4,script_pack_A4_source_selection,unknown,1,1,A4_xx_B0,CD:7CB6,0,,,CA:03D7,2,normal_master,CA:044E,98,b77224652de66306b387d33debb2bf6d10b5ae89976822b27d549685414d90e4,,
194,0xC2,0,0x00,high_conf_static_A4,script_pack_A4_source_selection,unknown,1,1,A4_xx_B0,CD:7D9D,0,,,CA:04BC,2,normal_master,CA:04BD,33,3747d883077e394be8be3f50424bfdf24271e33431803f72ee20d45c95c9b49e,,
194,0xC2,1,0x01,high_conf_static_A4,script_pack_A4_source_selection,unknown,1,1,A4_xx_B0,CD:7DAE,0,,,CA:04BC,2,normal_master,CA:04D7,122,d28837aef0638cb27016d96bb774bc36a7f5d85532a407951e578ea0870265ac,,
194,0xC2,2,0x02,high_conf_static_A4,script_pack_A4_source_selection,unknown,1,1,A4_xx_B0,CD:7DBF,0,,,CA:04BC,2,normal_master,CA:0538,96,8e07643b5a2061816b745318546357bcb1395f384332af6639344fb64f75bda9,,
194,0xC2,3,0x03,high_conf_static_A4,script_pack_A4_source_selection,unknown,1,1,A4_xx_B0,CD:7DD0,0,,,CA:04BC,2,normal_master,CA:057F,46,0b6272a6af006170ca0caabdcd24b3051c697bb53f68c3124d8f05e834fd63bd,,
195,0xC3,0,0x00,high_conf_static_A4,script_pack_A4_source_selection,unknown,1,1,A4_xx_B0,CD:7F04,0,,,CA:057F,2,normal_master,CA:0580,44,16045f1b33990f0660ac5c79ecaada033ffa2568c929cac976108e7913a8e445,,
195,0xC3,1,0x01,high_conf_static_A4,script_pack_A4_source_selection,unknown,1,1,A4_xx_B0,CD:7F15,0,,,CA:057F,2,normal_master,CA:05A2,41,5d19c0a58b7c6ad85ed70d9ece65172f573c0d5d38bca1a6200e5247aa17569e,,
195,0xC3,2,0x02,high_conf_static_A4,script_pack_A4_source_selection,unknown,1,1,A4_xx_B0,CD:7F26,0,,,CA:057F,2,normal_master,CA:05C3,101,ae92da28f388a1d28e9fa216fef6ae8277d9332d7cd483a9610be52bdb2c4f18,,
196,0xC4,2,0x02,high_conf_static_A4,script_pack_A4_source_selection,unknown,1,1,A4_xx_B0,CD:82B2,0,,,CA:06BF,2,normal_master,CA:070A,20,66c6ed8deaa49f603e06520eed7d6fd17fa376939891ca48790e72ab03d54a52,,
196,0xC4,3,0x03,high_conf_static_A4,script_pack_A4_source_selection,unknown,1,1,A4_xx_B0,CD:82C3,0,,,CA:06BF,2,normal_master,CA:0719,142,e13637e6a787eb438691099e9db4269639bf69b9e8742a6f90e5037648c7e5f1,,
196,0xC4,5,0x05,high_conf_static_A4,script_pack_A4_source_selection,unknown,1,1,A4_xx_B0,CD:82E2,0,,,CA:06BF,2,normal_master,CA:078B,7,62158256614935997eb2c74c5519ec376991d1bdfff68ab4760fd789410a3d70,,
196,0xC4,6,0x06,high_conf_static_A4,script_pack_A4_source_selection,unknown,1,1,A4_xx_B0,CD:82F3,0,,,CA:06BF,2,normal_master,CA:0791,13,0f3c390813d79b8ad91317eef51171978f79347c7fa7e140de94d892a8468d16,,
197,0xC5,0,0x00,high_conf_static_A4,script_pack_A4_source_selection,unknown,1,1,A4_xx_B0,CD:8394,0,,,CA:0719,1,normal_master,CA:071A,408,3e40db9d7455f444fc5c01b1bbf80e678055d988d9e7b37ff587b43d8eaa4143,,
197,0xC5,1,0x01,high_conf_static_A4,script_pack_A4_source_selection,unknown,1,1,A4_xx_B2_dd_A4_yy:first,CD:83AB,0,,,CA:0719,1,normal_master,CA:083D,242,dce002f6f627ed93b2a92d2a16c5405d8ee549dc207b9fe063bb92932a46a3e6,,
197,0xC5,2,0x02,high_conf_static_A4,script_pack_A4_source_selection,unknown,2,1,A4_xx_B0;A4_xx_B2_dd_A4_yy:second,CD:83AF,0,,,CA:0719,1,normal_master,CA:0907,37,cbec26d534f6500ae9c9c1f82a22d9019398aca640c89c3e997fb9bc2b31044d,,
199,0xC7,0,0x00,high_conf_static_A4,script_pack_A4_source_selection,unknown,1,1,A4_xx_B0,CD:8670,0,,,CA:094A,1,normal_master,CA:094B,30,cd9fe045957d366381d533f12be0d1805dd4a950ac69a86dafb2423713650896,,
200,0xC8,1,0x01,high_conf_static_A4,script_pack_A4_source_selection,unknown,1,1,A4_xx_B0,CD:88F8,0,,,CA:145E,2,normal_master,CA:1497,29,8bc29a77d312e55a503cc87c374c500f4a80ddf083969847574e91e86732bbe4,,
200,0xC8,2,0x02,high_conf_static_A4,script_pack_A4_source_selection,unknown,1,1,A4_xx_B0,CD:88FF,0,,,CA:145E,2,normal_master,CA:14A9,36,d8d02e4a21e9b982df1c2354bb21c845ff9aa386371ea48e0ffd54d835a44f66,,
200,0xC8,41,0x29,high_conf_static_A4,script_pack_A4_source_selection,unknown,1,1,A4_xx_B0,CD:8B19,0,,,CA:145E,2,normal_master,CA:1E27,91,c0d17bc34a91df3b97217df9698a0f13c66aa91678d26fea103a343267b62798,,
200,0xC8,46,0x2E,high_conf_static_A4,script_pack_A4_source_selection,unknown,1,1,A4_xx_B0,CD:8CCB,0,,,CA:145E,2,normal_master,CA:1F8F,92,b84ee006147f017ccdf855eb1787bfffd10ae2a4656701a575da55e89744bac0,,
200,0xC8,47,0x2F,high_conf_static_A4,script_pack_A4_source_selection,unknown,1,1,A4_xx_B0,CD:8CF6,0,,,CA:145E,2,normal_master,CA:1FD5,93,c4ad1e89461e45c2f411eae9d3a0edca451d03d1dad305bfef5448b5087ffb92,,
208,0xD0,0,0x00,high_conf_static_A4,script_pack_A4_source_selection,unknown,1,1,A4_xx_B0,CD:96CA,0,,,CA:175D,2,normal_master,CA:175E,43,18784efb14eb37f6d0a47157f46fd8ba1dc24e0829af9c7239189b43f8e6e845,,
208,0xD0,1,0x01,high_conf_static_A4,script_pack_A4_source_selection,unknown,1,1,A4_xx_B0,CD:96DB,0,,,CA:175D,2,normal_master,CA:177D,52,c4a6c21001aaf2fbf673d63328c88f1c144b2a4edb442bd50e312441529c2747,,
208,0xD0,2,0x02,high_conf_static_A4,script_pack_A4_source_selection,unknown,1,1,A4_xx_B0,CD:96EC,0,,,CA:175D,2,normal_master,CA:17A5,326,8aab2eedfce7f19334e3c2d2a593d84ba80d48072aaadcecbb46e6d9dce7d66e,,
208,0xD0,3,0x03,high_conf_static_A4,script_pack_A4_source_selection,unknown,1,1,A4_xx_B0,CD:96FD,0,,,CA:175D,2,normal_master,CA:189E,101,1dd661261f77ccab61f72bedf8a105d89b1fd3b57e8221f4984d91ccdda07938,,
208,0xD0,5,0x05,high_conf_static_A4,script_pack_A4_source_selection,unknown,1,1,A4_xx_B0,CD:971C,0,,,CA:175D,2,normal_master,CA:1915,79,9bcabd3441ca037a946836ce6661f19bb90fb05b3b66178eff3e323a8485e60b,,
208,0xD0,6,0x06,high_conf_static_A4,script_pack_A4_source_selection,unknown,1,1,A4_xx_B0,CD:972D,0,,,CA:175D,2,normal_master,CA:1950,104,d8ccca148fd2ccc030c7d15a6698237170fcaea4410d93da19db57179165062e,,
208,0xD0,7,0x07,high_conf_static_A4,script_pack_A4_source_selection,unknown,1,1,A4_xx_B0,CD:973E,0,,,CA:175D,2,normal_master,CA:19A4,92,097e4d7b23c60f2676c24a773e04cf701317432881b4586532171e1e7960617a,,
209,0xD1,1,0x01,high_conf_static_A4,script_pack_A4_source_selection,unknown,1,1,A4_xx_B2_dd_A4_yy:first,CD:9809,0,,,CA:1C0E,2,normal_master,CA:1C80,149,75eddff861636ab77120728cf44ddc1094e590fda47f89a84569ba5593827952,,
209,0xD1,2,0x02,high_conf_static_A4,script_pack_A4_source_selection,unknown,2,1,A4_xx_B0;A4_xx_B2_dd_A4_yy:second,CD:980D,0,,,CA:1C0E,2,normal_master,CA:1CF2,73,6bb5fffa96541219209c93882074fe586f1f9486f20577cac20529b6387751ef,,
209,0xD1,3,0x03,high_conf_static_A4,script_pack_A4_source_selection,unknown,1,1,A4_xx_B0,CD:9822,0,,,CA:1C0E,2,normal_master,CA:1D2D,97,1fb0923146c9b84442503a14da502b752d31a797891b803b7f056d007ec399aa,,
209,0xD1,4,0x04,high_conf_static_A4,script_pack_A4_source_selection,unknown,1,1,A4_xx_B0,CD:9837,0,,,CA:1C0E,2,normal_master,CA:1D78,49,4eae44806e9fc8074698e6bdc6be23c4809e65d051d594ae7710dbc81f465e23,,
209,0xD1,5,0x05,high_conf_static_A4,script_pack_A4_source_selection,unknown,1,1,A4_xx_B0,CD:984C,0,,,CA:1C0E,2,normal_master,CA:1D9C,42,fad6f3e223a87456d148ef8a09d57cc992eae04ef841ab779e1750b27df63493,,
209,0xD1,7,0x07,high_conf_static_A4,script_pack_A4_source_selection,unknown,1,1,A4_xx_B2_dd_A4_yy:first,CD:986E,0,,,CA:1C0E,2,normal_master,CA:1DE0,92,2e0b9aebbda83f6f22a4ae94d37a5b4d89b5503e370d04c3895342fec0afa9ff,,
209,0xD1,8,0x08,high_conf_static_A4,script_pack_A4_source_selection,unknown,2,1,A4_xx_B0;A4_xx_B2_dd_A4_yy:second,CD:9872,0,,,CA:1C0E,2,normal_master,CA:1E27,91,c0d17bc34a91df3b97217df9698a0f13c66aa91678d26fea103a343267b62798,,
209,0xD1,9,0x09,high_conf_static_A4,script_pack_A4_source_selection,unknown,1,1,A4_xx_B2_dd_A4_yy:first,CD:988B,0,,,CA:1C0E,2,normal_master,CA:1E6A,110,e72eebc1b315d914bb3bbf405ff883fc88f30fc1cce2f1e6f7c06dbe6e44079f,,
209,0xD1,10,0x0A,high_conf_static_A4,script_pack_A4_source_selection,unknown,2,1,A4_xx_B0;A4_xx_B2_dd_A4_yy:second,CD:988F,0,,,CA:1C0E,2,normal_master,CA:1EBD,98,99fd345795753fdda6c7011410ed4bd34729e09eb2b5290f65ec946ea01365a1,,
209,0xD1,12,0x0C,high_conf_static_A4,script_pack_A4_source_selection,unknown,1,1,A4_xx_B2_dd_A4_yy:first,CD:98B1,0,,,CA:1C0E,2,normal_master,CA:1F45,94,6746cde62198328be36614c5759423d743a90705b8f1bd190683e74a60930906,,
209,0xD1,13,0x0D,high_conf_static_A4,script_pack_A4_source_selection,unknown,2,1,A4_xx_B0;A4_xx_B2_dd_A4_yy:second,CD:98B5,0,,,CA:1C0E,2,normal_master,CA:1F8F,92,b84ee006147f017ccdf855eb1787bfffd10ae2a4656701a575da55e89744bac0,,
209,0xD1,14,0x0E,high_conf_static_A4,script_pack_A4_source_selection,unknown,1,1,A4_xx_B0,CD:98CA,0,,,CA:1C0E,2,normal_master,CA:1FD5,93,c4ad1e89461e45c2f411eae9d3a0edca451d03d1dad305bfef5448b5087ffb92,,
209,0xD1,15,0x0F,high_conf_static_A4,script_pack_A4_source_selection,unknown,1,1,A4_xx_B2_dd_A4_yy:first,CD:98E3,0,,,CA:1C0E,2,normal_master,CA:201E,78,d25e53fddf573a77cd7500e9b6d9acfa475339199b1a281bfbc8d21b3685472e,,
209,0xD1,16,0x10,high_conf_static_A4,script_pack_A4_source_selection,unknown,2,1,A4_xx_B0;A4_xx_B2_dd_A4_yy:second,CD:98E7,0,,,CA:1C0E,2,normal_master,CA:2058,177,b649e240cc24f2da1d45136620e9559200f01802b2d0bc5615775600fb4d30fe,,
210,0xD2,0,0x00,high_conf_static_A4,script_pack_A4_source_selection,unknown,1,1,A4_xx_B0,CD:99AF,0,,,CA:1DE0,2,normal_master,CA:1DE1,90,32603abc2bb341353c97da7e97da0eeb8e676cbf27ca822864cadf9fd941fb25,,
210,0xD2,1,0x01,high_conf_static_A4,script_pack_A4_source_selection,unknown,1,1,A4_xx_B0,CD:99C4,0,,,CA:1DE0,2,normal_master,CA:1E27,91,c0d17bc34a91df3b97217df9698a0f13c66aa91678d26fea103a343267b62798,,
210,0xD2,2,0x02,high_conf_static_A4,script_pack_A4_source_selection,unknown,1,1,A4_xx_B0,CD:99D9,0,,,CA:1DE0,2,normal_master,CA:1E6A,110,e72eebc1b315d914bb3bbf405ff883fc88f30fc1cce2f1e6f7c06dbe6e44079f,,
210,0xD2,3,0x03,high_conf_static_A4,script_pack_A4_source_selection,unknown,1,1,A4_xx_B0,CD:99EE,0,,,CA:1DE0,2,normal_master,CA:1EBD,98,99fd345795753fdda6c7011410ed4bd34729e09eb2b5290f65ec946ea01365a1,,
210,0xD2,4,0x04,high_conf_static_A4,script_pack_A4_source_selection,unknown,1,1,A4_xx_B0,CD:9A03,0,,,CA:1DE0,2,normal_master,CA:1F0B,74,6a88b48f1f438b8db57dbeb73e659ee4723a5478f3c317566b0c6b25a1c86772,,
210,0xD2,5,0x05,high_conf_static_A4,script_pack_A4_source_selection,unknown,1,1,A4_xx_B2_dd_A4_yy:first,CD:9A1C,0,,,CA:1DE0,2,normal_master,CA:1F45,94,6746cde62198328be36614c5759423d743a90705b8f1bd190683e74a60930906,,
210,0xD2,6,0x06,high_conf_static_A4,script_pack_A4_source_selection,unknown,2,1,A4_xx_B0;A4_xx_B2_dd_A4_yy:second,CD:9A20,0,,,CA:1DE0,2,normal_master,CA:1F8F,92,b84ee006147f017ccdf855eb1787bfffd10ae2a4656701a575da55e89744bac0,,
211,0xD3,0,0x00,high_conf_static_A4,script_pack_A4_source_selection,unknown,1,1,A4_xx_B0,CD:9AF0,0,,,CA:238A,2,normal_master,CA:238B,94,201b30a3410547f0e88a7a04be1d40969d3b67dd9d80f4c83551824747e912e0,,
211,0xD3,1,0x01,high_conf_static_A4,script_pack_A4_source_selection,unknown,1,1,A4_xx_B0,CD:9B05,0,,,CA:238A,2,normal_master,CA:23D3,105,d37b9e623725f94568d4d7d39d4bc5212f2c9494718ffb8461bf48f0aa39c17c,,
211,0xD3,2,0x02,high_conf_static_A4,script_pack_A4_source_selection,unknown,1,1,A4_xx_B0,CD:9B1A,0,,,CA:238A,2,normal_master,CA:2422,66,8dd4376f6cb657ac1e06f0c165ba2ebbddaaa1e559be4d5c18d91d13f23f0854,,
211,0xD3,3,0x03,high_conf_static_A4,script_pack_A4_source_selection,unknown,1,1,A4_xx_B0,CD:9B2F,0,,,CA:238A,2,normal_master,CA:2455,41,7bc71aa5d67f6c46a488031acf2b3816d566ace68b074c3535b5031018e7f43e,,
211,0xD3,5,0x05,high_conf_static_A4,script_pack_A4_source_selection,unknown,1,1,A4_xx_B2_dd_A4_yy:first,CD:9B51,0,,,CA:238A,2,normal_master,CA:2483,24,2fb012e336c6d695e03f3e9af45526c634eb5bccc61ca961e48584d42e9992dc,,
211,0xD3,6,0x06,high_conf_static_A4,script_pack_A4_source_selection,unknown,2,1,A4_xx_B0;A4_xx_B2_dd_A4_yy:second,CD:9B55,0,,,CA:238A,2,normal_master,CA:2495,54,4b33379cac513bdfb1ef4a8367c4bee276c5101fd057d2175e277b3621f7fa0a,,
211,0xD3,8,0x08,high_conf_static_A4,script_pack_A4_source_selection,unknown,1,1,A4_xx_B2_dd_A4_yy:first,CD:9B75,0,,,CA:238A,2,normal_master,CA:2517,104,6287f185c74975bc6a1eb35b24ebc3581b513637b61decfd3de5c84dfc293413,,
211,0xD3,9,0x09,high_conf_static_A4,script_pack_A4_source_selection,unknown,1,1,A4_xx_B2_dd_A4_yy:second,CD:9B79,0,,,CA:238A,2,normal_master,CA:2567,44,63b68d32355e212b4b82958796112f7b0f337a805eef8d7bfe710aae3a6849c3,,
211,0xD3,10,0x0A,high_conf_static_A4,script_pack_A4_source_selection,unknown,1,1,A4_xx_B2_dd_A4_yy:first,CD:9B81,0,,,CA:238A,2,normal_master,CA:2588,47,57b704266f45f75662078d8e0334029119966ed1e370de344da6f154535821dd,,
211,0xD3,11,0x0B,high_conf_static_A4,script_pack_A4_source_selection,unknown,2,1,A4_xx_B0;A4_xx_B2_dd_A4_yy:second,CD:9B85,0,,,CA:238A,2,normal_master,CA:25AE,89,26ba418fc847a30bacba283961521a9d02edba8c8001931a08bdc99888e12426,,
211,0xD3,12,0x0C,high_conf_static_A4,script_pack_A4_source_selection,unknown,1,1,A4_xx_B0,CD:9B9A,0,,,CA:238A,2,normal_master,CA:25F3,50,9a9ea18d7a33bb3ed3840259f6f53726a0c6a1683f5353b29cb77cd0dabb7c0c,,
211,0xD3,13,0x0D,high_conf_static_A4,script_pack_A4_source_selection,unknown,1,1,A4_xx_B0,CD:9BAF,0,,,CA:238A,2,normal_master,CA:261B,48,1f55baea1837360f02b7f097503eb3dfc318f116c313ba4f1649667961dd1f60,,
211,0xD3,17,0x11,high_conf_static_A4,script_pack_A4_source_selection,unknown,1,1,A4_xx_B2_dd_A4_yy:first,CD:9BF3,0,,,CA:238A,2,normal_master,CA:26CA,77,f0a73351bccc9cab5e902ae7ff1a7c6f6a908fafd2767e5ed13c0f48b2b6db5c,,
211,0xD3,18,0x12,high_conf_static_A4,script_pack_A4_source_selection,unknown,2,1,A4_xx_B0;A4_xx_B2_dd_A4_yy:second,CD:9BF7,0,,,CA:238A,2,normal_master,CA:2704,13,04906eadd878dd92862d75014ac586143ca4925a038ddb4bb8397be5553492f4,,
212,0xD4,0,0x00,high_conf_static_A4,script_pack_A4_source_selection,unknown,1,1,A4_xx_B0,CD:9D02,0,,,CA:2517,2,normal_master,CA:2518,101,bf636bba92875556120734588beaefaa38ddb2d8911810875af68d2828c0c8f8,,
212,0xD4,1,0x01,high_conf_static_A4,script_pack_A4_source_selection,unknown,1,1,A4_xx_B0,CD:9D17,0,,,CA:2517,2,normal_master,CA:2567,44,63b68d32355e212b4b82958796112f7b0f337a805eef8d7bfe710aae3a6849c3,,
212,0xD4,7,0x07,high_conf_static_A4,script_pack_A4_source_selection,unknown,1,1,A4_xx_B0,CD:9D91,0,,,CA:2517,2,normal_master,CA:267D,95,308f9e3567e167c915bd8613fd8e3bcd716c695c3060929bb30415247d8f781f,,
213,0xD5,0,0x00,high_conf_static_A4,script_pack_A4_source_selection,unknown,1,1,A4_xx_B0,CD:9F1F,0,,,CA:26C5,1,normal_master,CA:26C6,42,adb07564c0dc7971d90b1f25e6981a2cb3ebfa8ab24d14a23723c18bbaf9a007,,
213,0xD5,1,0x01,high_conf_static_A4,script_pack_A4_source_selection,unknown,1,1,A4_xx_B0,CD:9F30,0,,,CA:26C5,1,normal_master,CA:26F6,38,859b78b398a20f7139394afb180391f9a13f3527095d70aac2d3067fe5a35890,,
213,0xD5,2,0x02,high_conf_static_A4,script_pack_A4_source_selection,unknown,1,1,A4_xx_B0,CD:9F41,0,,,CA:26C5,1,normal_master,CA:271D,162,6e265f874509ea49bc9a23a4c8a0e0e97112f561d8455acf95824414b27d0f47,,
213,0xD5,3,0x03,high_conf_static_A4,script_pack_A4_source_selection,unknown,1,1,A4_xx_B0,CD:9F52,0,,,CA:26C5,1,normal_master,CA:27B1,97,cc3acaff28db02ac39a649821ae9ade6566c3ec37c14417d1b5dc2b6c8512411,,
213,0xD5,4,0x04,high_conf_static_A4,script_pack_A4_source_selection,unknown,1,1,A4_xx_B0,CD:9F63,0,,,CA:26C5,1,normal_master,CA:27EA,51,f7936a877dd305450efe1e783dcb543288e0b93cab07358603d163948c523cdc,,
213,0xD5,5,0x05,high_conf_static_A4,script_pack_A4_source_selection,unknown,1,1,A4_xx_B0,CD:9F74,0,,,CA:26C5,1,normal_master,CA:27EF,64,0fed381a8e6c2d881cbb4ec30a726e48c30b6e248d0a8420b616df1db28640ec,,
213,0xD5,6,0x06,high_conf_static_A4,script_pack_A4_source_selection,unknown,1,1,A4_xx_B0,CD:9F85,0,,,CA:26C5,1,normal_master,CA:281D,2332,30ec3dcd96c3f22b78e62ce41b0a0b9090586c0844798f7cb92ea6585bfa6e85,,
213,0xD5,7,0x07,high_conf_static_A4,script_pack_A4_source_selection,unknown,1,1,A4_xx_B0,CD:9F96,0,,,CA:26C5,1,normal_master,CA:2E12,46,fb903aeb04608629ebe758f1cb289ab27e5c8f109f0acb324a7d0d6d74d71af8,,
214,0xD6,1,0x01,high_conf_static_A4,script_pack_A4_source_selection,unknown,1,1,A4_xx_B2_dd_A4_yy:first,CD:A084,0,,,CA:281D,1,normal_master,CA:2880,87,5834987426a407bbe29a6f5dd7b32f85c33782781505482babc78c3c4e10ebcf,,
214,0xD6,2,0x02,high_conf_static_A4,script_pack_A4_source_selection,unknown,1,1,A4_xx_B2_dd_A4_yy:second,CD:A088,0,,,CA:281D,1,normal_master,CA:28B4,62,2f4d28e67ea56abf09d9344ccb51d46b03f7c6c88fefe68669d95092db998f52,,
215,0xD7,1,0x01,high_conf_static_A4,script_pack_A4_source_selection,unknown,1,1,A4_xx_B2_dd_A4_yy:first,CD:A1A9,0,,,CA:2E0A,1,normal_master,CA:2E51,65,cb2a549057a775b01605afdc991b40ca4cad7e23c12ce9ec1aff2b3291cfe2c1,,
215,0xD7,2,0x02,high_conf_static_A4,script_pack_A4_source_selection,unknown,2,1,A4_xx_B0;A4_xx_B2_dd_A4_yy:second,CD:A1AD,0,,,CA:2E0A,1,normal_master,CA:2E7D,48,c2483100e60a869509ea8254048c58c6cc83cc8bad1d514a0b61c1d434a73155,,
215,0xD7,4,0x04,high_conf_static_A4,script_pack_A4_source_selection,unknown,1,1,A4_xx_B2_dd_A4_yy:first,CD:A1CB,0,,,CA:2E0A,1,normal_master,CA:2EF5,82,a4acfadd755af784435bb5a15026fda49300d2a01c1d7facdd85e597f1ce3e85,,
215,0xD7,5,0x05,high_conf_static_A4,script_pack_A4_source_selection,unknown,2,1,A4_xx_B0;A4_xx_B2_dd_A4_yy:second,CD:A1CF,0,,,CA:2E0A,1,normal_master,CA:2F2E,65,cb2a549057a775b01605afdc991b40ca4cad7e23c12ce9ec1aff2b3291cfe2c1,,
215,0xD7,7,0x07,high_conf_static_A4,script_pack_A4_source_selection,unknown,1,1,A4_xx_B2_dd_A4_yy:first,CD:A1ED,0,,,CA:2E0A,1,normal_master,CA:2F7A,48,f8d043dd0bb6708854534ad655f0cf8fa210692a7565f26c4cf91e4d3091710c,,
215,0xD7,8,0x08,high_conf_static_A4,script_pack_A4_source_selection,unknown,2,1,A4_xx_B0;A4_xx_B2_dd_A4_yy:second,CD:A1F1,0,,,CA:2E0A,1,normal_master,CA:2FA2,55,14901f5778f70711fc975fad4e9290d82ca8d471a836b6491f952ad351ec4ea7,,
215,0xD7,10,0x0A,high_conf_static_A4,script_pack_A4_source_selection,unknown,1,1,A4_xx_B2_dd_A4_yy:first,CD:A20F,0,,,CA:2E0A,1,normal_master,CA:2FC2,76,f92ccf4d82382830e01a828ce665746eb25d2c17b96bbe811f18a602c778bb96,,
215,0xD7,11,0x0B,high_conf_static_A4,script_pack_A4_source_selection,unknown,2,1,A4_xx_B0;A4_xx_B2_dd_A4_yy:second,CD:A213,0,,,CA:2E0A,1,normal_master,CA:3002,42,c65f8acd04d4a648f486e14db6c4ad23a552a7c9d51433181e27c6fe6d2e5c81,,
215,0xD7,13,0x0D,high_conf_static_A4,script_pack_A4_source_selection,unknown,1,1,A4_xx_B2_dd_A4_yy:first,CD:A231,0,,,CA:2E0A,1,normal_master,CA:3047,65,cb2a549057a775b01605afdc991b40ca4cad7e23c12ce9ec1aff2b3291cfe2c1,,
215,0xD7,14,0x0E,high_conf_static_A4,script_pack_A4_source_selection,unknown,2,1,A4_xx_B0;A4_xx_B2_dd_A4_yy:second,CD:A235,0,,,CA:2E0A,1,normal_master,CA:304D,39,4c380d8fc9a82782e2bd12083dee3bcda476f67e81477301249bcb769c654a60,,
215,0xD7,16,0x10,high_conf_static_A4,script_pack_A4_source_selection,unknown,1,1,A4_xx_B2_dd_A4_yy:first,CD:A253,0,,,CA:2E0A,1,normal_master,CA:3064,47,c76e93757190c2c2b457291a44bbd2921b8f1109e22b79bdddcfccd26a0f1673,,
215,0xD7,17,0x11,high_conf_static_A4,script_pack_A4_source_selection,unknown,2,1,A4_xx_B0;A4_xx_B2_dd_A4_yy:second,CD:A257,0,,,CA:2E0A,1,normal_master,CA:3073,54,79ed3c1ce519d66aef375da29e905fa7ec169e5f65d045258c4d62d3fe0d01c8,,
215,0xD7,19,0x13,high_conf_static_A4,script_pack_A4_source_selection,unknown,1,1,A4_xx_B2_dd_A4_yy:first,CD:A275,0,,,CA:2E0A,1,normal_master,CA:308C,78,ad29ff6e257384b84a476c4053befb764e26fb2933d0921b96e36d20f1469ad1,,
215,0xD7,20,0x14,high_conf_static_A4,script_pack_A4_source_selection,unknown,2,1,A4_xx_B0;A4_xx_B2_dd_A4_yy:second,CD:A279,0,,,CA:2E0A,1,normal_master,CA:30A5,56,37a1f589a725e7cb4a8d3f22dd05ebb82bfa45de6e6c12ee80dfa630ae6226a8,,
215,0xD7,22,0x16,high_conf_static_A4,script_pack_A4_source_selection,unknown,1,1,A4_xx_B2_dd_A4_yy:first,CD:A297,0,,,CA:2E0A,1,normal_master,CA:30BD,108,d0614dca136372c5d46390fe2d59e1c4358a76aab5bbf6e0b44acef63bc1d7b5,,
215,0xD7,23,0x17,high_conf_static_A4,script_pack_A4_source_selection,unknown,2,1,A4_xx_B0;A4_xx_B2_dd_A4_yy:second,CD:A29B,0,,,CA:2E0A,1,normal_master,CA:30DE,4175,55619fe9ae2325419074218eed022bfd805385ebcb47e147f5e31e0f52f58b9c,,
216,0xD8,0,0x00,high_conf_static_A4,script_pack_A4_source_selection,unknown,1,1,A4_xx_B2_dd_A4_yy:first,CD:A439,0,,,CA:304D,0,normal_master,CA:304E,37,25337a37cc8b9af9d611ae3b21fee6933acaed56a0c86cbc95ecfe1cb639c4c7,,
216,0xD8,1,0x01,high_conf_static_A4,script_pack_A4_source_selection,unknown,2,1,A4_xx_B0;A4_xx_B2_dd_A4_yy:second,CD:A43D,0,,,CA:304D,0,normal_master,CA:3073,74,b7ead7b28e52760e45ae0e33198d60f53bcc6c39cab9ad32ac9deb6f39dd860a,,
216,0xD8,2,0x02,high_conf_static_A4,script_pack_A4_source_selection,unknown,1,1,A4_xx_B2_dd_A4_yy:first,CD:A452,0,,,CA:304D,0,normal_master,CA:30BD,560,6f25bb09d3198ba68379538a5d7cf8128528bf8918a86e6a81d8154c2fb6f8aa,,
216,0xD8,3,0x03,high_conf_static_A4,script_pack_A4_source_selection,unknown,2,1,A4_xx_B0;A4_xx_B2_dd_A4_yy:second,CD:A456,0,,,CA:304D,0,normal_master,CA:32ED,559,3f638ce9c8ee787fbd64bbb205d4e9761fa4ba5b5738d786e967beebc90cd574,,
216,0xD8,4,0x04,high_conf_static_A4,script_pack_A4_source_selection,unknown,1,1,A4_xx_B2_dd_A4_yy:first,CD:A46B,0,,,CA:304D,0,normal_master,CA:351C,173,e775cd00e3aa8d76fca086342637a237f0c2fea108376c10e8458aa9f5db6847,,
216,0xD8,5,0x05,high_conf_static_A4,script_pack_A4_source_selection,unknown,2,1,A4_xx_B0;A4_xx_B2_dd_A4_yy:second,CD:A46F,0,,,CA:304D,0,normal_master,CA:35C9,85,85524046a57692e3969cf483343a016dead087abdff8187240d51321216a33a3,,
216,0xD8,6,0x06,high_conf_static_A4,script_pack_A4_source_selection,unknown,1,1,A4_xx_B2_dd_A4_yy:first,CD:A484,0,,,CA:304D,0,normal_master,CA:361E,39,34b5fa4b4f74dea2857f2ebf48e4a51ed37a76810bb65fd14b75365388793294,,
216,0xD8,7,0x07,high_conf_static_A4,script_pack_A4_source_selection,unknown,2,1,A4_xx_B0;A4_xx_B2_dd_A4_yy:second,CD:A488,0,,,CA:304D,0,normal_master,CA:3645,26,0d98b00ad9fee09138a26761f7b8cb35cc3ecdd3b9dca3f85448656cc0fe3247,,
216,0xD8,8,0x08,high_conf_static_A4,script_pack_A4_source_selection,unknown,1,1,A4_xx_B2_dd_A4_yy:first,CD:A49D,0,,,CA:304D,0,normal_master,CA:365F,10,6df6538bfb511ce470b253d4699a1916fa8e3007be9afb9d5347a74fddfa728d,,
216,0xD8,9,0x09,high_conf_static_A4,script_pack_A4_source_selection,unknown,2,1,A4_xx_B0;A4_xx_B2_dd_A4_yy:second,CD:A4A1,0,,,CA:304D,0,normal_master,CA:3669,81,17d5707f3bdfe23298d5facd6e57bb55acd9686352d46d91772c578a2b881b90,,
216,0xD8,10,0x0A,high_conf_static_A4,script_pack_A4_source_selection,unknown,1,1,A4_xx_B2_dd_A4_yy:first,CD:A4B6,0,,,CA:304D,0,normal_master,CA:36BA,22,c2257301749cc933aa2405b848b36ac94617dbe64de20df2aec877787d9a90f1,,
216,0xD8,11,0x0B,high_conf_static_A4,script_pack_A4_source_selection,unknown,2,1,A4_xx_B0;A4_xx_B2_dd_A4_yy:second,CD:A4BA,0,,,CA:304D,0,normal_master,CA:36D0,18,f86aa89f5756128e0e3d0cd12e29e965078559dcef0dc1800471b6adc2a46ad3,,
216,0xD8,12,0x0C,high_conf_static_A4,script_pack_A4_source_selection,unknown,1,1,A4_xx_B2_dd_A4_yy:first,CD:A4CF,0,,,CA:304D,0,normal_master,CA:36E2,13,da191df808f78bb957bc1aefb299a8d152141f5710fd4fe7f7ff39744ce3439e,,
216,0xD8,13,0x0D,high_conf_static_A4,script_pack_A4_source_selection,unknown,2,1,A4_xx_B0;A4_xx_B2_dd_A4_yy:second,CD:A4D3,0,,,CA:304D,0,normal_master,CA:36EF,22,223a5d758a129d134434428f6d10e4d638d7b0eaad69e512b6d7d7ef93ff5498,,
219,0xDB,1,0x01,high_conf_static_A4,script_pack_A4_source_selection,unknown,1,1,A4_xx_B2_dd_A4_yy:first,CD:AE48,0,,,CA:35A8,1,normal_master,CA:35C9,192,e13776d4cc75dc8ed7ab139844e763c92ac66b423cc8544ca7065e95a03b7ffd,,
219,0xDB,2,0x02,high_conf_static_A4,script_pack_A4_source_selection,unknown,2,1,A4_xx_B0;A4_xx_B2_dd_A4_yy:second,CD:AE4C,0,,,CA:35A8,1,normal_master,CA:365F,31,14af8caecd9b8a37f4d371e1d0bc25256ae04f3e30212ba9055e6db9cbfee8f7,,
219,0xDB,3,0x03,high_conf_static_A4,script_pack_A4_source_selection,unknown,1,1,A4_xx_B2_dd_A4_yy:first,CD:AE65,0,,,CA:35A8,1,normal_master,CA:367A,30,ec1ba791f6d66913253dc9fd4508b51cfd80c68b474ba766ccada04bf9020aa6,,
219,0xDB,4,0x04,high_conf_static_A4,script_pack_A4_source_selection,unknown,2,1,A4_xx_B0;A4_xx_B2_dd_A4_yy:second,CD:AE69,0,,,CA:35A8,1,normal_master,CA:3690,26,b7ff33b0a4709031d149b06a6893b12f83a93df8e49ae4208bd0323a5fbdbb5e,,
219,0xDB,5,0x05,high_conf_static_A4,script_pack_A4_source_selection,unknown,1,1,A4_xx_B2_dd_A4_yy:first,CD:AE82,0,,,CA:35A8,1,normal_master,CA:369E,45,b83abd0d4f8e9242df75c7dddda601e7d9e2ba808e43a3374c544101a342f92c,,
219,0xDB,6,0x06,high_conf_static_A4,script_pack_A4_source_selection,unknown,2,1,A4_xx_B0;A4_xx_B2_dd_A4_yy:second,CD:AE86,0,,,CA:35A8,1,normal_master,CA:36BF,30,62f5a45fb71186e847c8f8b6a9fd8783aff33ae32b2fe95bcc86fbd61638599c,,
219,0xDB,7,0x07,high_conf_static_A4,script_pack_A4_source_selection,unknown,1,1,A4_xx_B2_dd_A4_yy:first,CD:AE9F,0,,,CA:35A8,1,normal_master,CA:36D4,26,275caca6fbf425d8b17a614640af12e5c6aeafd9e6770051c5bdef32b61ed921,,
219,0xDB,8,0x08,high_conf_static_A4,script_pack_A4_source_selection,unknown,2,1,A4_xx_B0;A4_xx_B2_dd_A4_yy:second,CD:AEA3,0,,,CA:35A8,1,normal_master,CA:36DE,40,3fefcf24645c3502e1cbc777e478e40cbf4d6b436afa4a4a071a2e6d1fc406db,,
219,0xDB,9,0x09,high_conf_static_A4,script_pack_A4_source_selection,unknown,1,1,A4_xx_B2_dd_A4_yy:first,CD:AEBC,0,,,CA:35A8,1,normal_master,CA:36F9,111,3f185eb2d75fedec460177400ea3bf83f327f5ea2e23a517342c3aad12295bcb,,
219,0xDB,10,0x0A,high_conf_static_A4,script_pack_A4_source_selection,unknown,2,1,A4_xx_B0;A4_xx_B2_dd_A4_yy:second,CD:AEC0,0,,,CA:35A8,1,normal_master,CA:374E,74,95067c0fc4c27a8588d0fea1b8fc6bee92ce42afc155062e8806fffa18bb8fb8,,
219,0xDB,11,0x0B,high_conf_static_A4,script_pack_A4_source_selection,unknown,1,1,A4_xx_B2_dd_A4_yy:first,CD:AED9,0,,,CA:35A8,1,normal_master,CA:3775,50,d984a4ac4dbb6c2560ce99b1cdfd4c0b18de08e503caf86bfc4a7bb52a09c71c,,
219,0xDB,12,0x0C,high_conf_static_A4,script_pack_A4_source_selection,unknown,2,1,A4_xx_B0;A4_xx_B2_dd_A4_yy:second,CD:AEDD,0,,,CA:35A8,1,normal_master,CA:3796,34,6b53d2d7780c4cfde8eea8bb0b392d52b49584e8672ed087d60919e5b0c809dc,,
219,0xDB,13,0x0D,high_conf_static_A4,script_pack_A4_source_selection,unknown,1,1,A4_xx_B2_dd_A4_yy:first,CD:AEF6,0,,,CA:35A8,1,normal_master,CA:37AF,41,6318de3e411ae3ba5e41ff40601143a75a92bd15a8411c06d048ada37eeedb32,,
219,0xDB,14,0x0E,high_conf_static_A4,script_pack_A4_source_selection,unknown,2,1,A4_xx_B0;A4_xx_B2_dd_A4_yy:second,CD:AEFA,0,,,CA:35A8,1,normal_master,CA:37CC,29,a505b9728b0a70d2b355a441c1fe857377510d84394fa562b957492dd7f25277,,
219,0xDB,15,0x0F,high_conf_static_A4,script_pack_A4_source_selection,unknown,1,1,A4_xx_B2_dd_A4_yy:first,CD:AF13,0,,,CA:35A8,1,normal_master,CA:37E1,24,582059516953a14fd39c70c07ae7db3e86b7a4b9819fbc11ec71d11991bb88de,,
219,0xDB,16,0x10,high_conf_static_A4,script_pack_A4_source_selection,unknown,2,1,A4_xx_B0;A4_xx_B2_dd_A4_yy:second,CD:AF17,0,,,CA:35A8,1,normal_master,CA:37F2,273,d58c905aeb13b924b2d1d8299b1a97f54e1435c3f79bfedde1382b0220b8527b,,
219,0xDB,17,0x11,high_conf_static_A4,script_pack_A4_source_selection,unknown,1,1,A4_xx_B2_dd_A4_yy:first,CD:AF30,0,,,CA:35A8,1,normal_master,CA:38AC,198,66694b0337c810ac0a0e09248d71f02d52b893fa21181de0f885594e51ecc499,,
219,0xDB,18,0x12,high_conf_static_A4,script_pack_A4_source_selection,unknown,2,1,A4_xx_B0;A4_xx_B2_dd_A4_yy:second,CD:AF34,0,,,CA:35A8,1,normal_master,CA:393D,111,923c85e1545a175758976b42f8b1789d0b46db5d90bc3b5e128ad903429a3f05,,
220,0xDC,28,0x1C,high_conf_static_A4,script_pack_A4_source_selection,unknown,1,1,A4_xx_B2_dd_A4_yy:first,CD:B400,0,,,CA:40B7,0,normal_master,CA:43BB,33,5d339056ef4a00fe1e7815f3d658747566535280acf144d85360e33287fb84d5,,
220,0xDC,29,0x1D,high_conf_static_A4,script_pack_A4_source_selection,unknown,2,1,A4_xx_B2_dd_A4_yy:first;A4_xx_B2_dd_A4_yy:second,CD:B404,0,,,CA:40B7,0,normal_master,CA:43DC,21,6b0c891fabbcabf2248e3ae8d6b48f2b6c4bab8bc9635156380eab9d8a2d8deb,,
220,0xDC,30,0x1E,high_conf_static_A4,script_pack_A4_source_selection,unknown,2,1,A4_xx_B0;A4_xx_B2_dd_A4_yy:second,CD:B408,0,,,CA:40B7,0,normal_master,CA:43F1,3,d89530bab8b4528221a95539f7f950f373a5506314b93408ea557ad3b542a491,,
220,0xDC,31,0x1F,high_conf_static_A4,script_pack_A4_source_selection,unknown,1,1,A4_xx_B2_dd_A4_yy:first,CD:B425,0,,,CA:40B7,0,normal_master,CA:43F4,3,c7e6fd6d0420766b95535e2626e702a0c57039a2ed133e1fe6f33013ebcc61da,,
220,0xDC,32,0x20,high_conf_static_A4,script_pack_A4_source_selection,unknown,2,1,A4_xx_B2_dd_A4_yy:first;A4_xx_B2_dd_A4_yy:second,CD:B429,0,,,CA:40B7,0,normal_master,CA:43F7,30,7ffa70a1d32741e4b11e0a7d295d4f5e9eb5fcdee79e39bf2dee126e06e853cc,,
220,0xDC,33,0x21,high_conf_static_A4,script_pack_A4_source_selection,unknown,2,1,A4_xx_B0;A4_xx_B2_dd_A4_yy:second,CD:B42D,0,,,CA:40B7,0,normal_master,CA:4415,16,130f20e11d42e3d67575a049315dd83c330562ee2a39020c6d1a1bda688b3670,,
220,0xDC,34,0x22,high_conf_static_A4,script_pack_A4_source_selection,unknown,1,1,A4_xx_B2_dd_A4_yy:first,CD:B446,0,,,CA:40B7,0,normal_master,CA:4425,30,99bcdea0762a034651178b51376d7cf41abea8ced8652790e462313043c25e79,,
220,0xDC,35,0x23,high_conf_static_A4,script_pack_A4_source_selection,unknown,2,1,A4_xx_B0;A4_xx_B2_dd_A4_yy:second,CD:B44A,0,,,CA:40B7,0,normal_master,CA:4443,74,5cb5130450f2f869b0cdc0d35b89edab784268831c766180e87aa1d30f282fa9,,
220,0xDC,38,0x26,high_conf_static_A4,script_pack_A4_source_selection,unknown,1,1,A4_xx_B2_dd_A4_yy:first,CD:B48E,0,,,CA:40B7,0,normal_master,CA:44CD,22,dfbfb9d55d175ee36e0307f648f664deda23011b5689b72f6becc2f888a7f497,,
220,0xDC,39,0x27,high_conf_static_A4,script_pack_A4_source_selection,unknown,1,1,A4_xx_B2_dd_A4_yy:second,CD:B492,0,,,CA:40B7,0,normal_master,CA:44E3,11,fc298a782698e44bf686c8b85aaff588d31f0e4ba5498df6a5742467db870208,,
220,0xDC,40,0x28,high_conf_static_A4,script_pack_A4_source_selection,unknown,1,1,A4_xx_B0,CD:B49C,0,,,CA:40B7,0,normal_master,CA:44EE,9,91b817612c09017dab5051029a5dfe8f35935a04361bc5050f9c42cf7ce39d93,,
224,0xE0,3,0x03,high_conf_static_A4,script_pack_A4_source_selection,unknown,1,1,A4_xx_B0,CD:BC70,0,,,CA:4969,1,normal_master,CA:49FA,72,3bee57e45e8fbf6f9c92011b79a2cc7f200632cda6b6f7e0853ab079921f817d,,
224,0xE0,4,0x04,high_conf_static_A4,script_pack_A4_source_selection,unknown,1,1,A4_xx_B2_dd_A4_yy:first,CD:BC85,0,,,CA:4969,1,normal_master,CA:4A3A,85,7f63d8d7aa9930316bb0464069eeeb190bb236b49f04d6e0adbad9d8af4f87dd,,
224,0xE0,5,0x05,high_conf_static_A4,script_pack_A4_source_selection,unknown,2,1,A4_xx_B0;A4_xx_B2_dd_A4_yy:second,CD:BC89,0,,,CA:4969,1,normal_master,CA:4A77,37,1b471d578e603a4944938527df0a28667dea059759a208d66559b163422caee9,,
224,0xE0,6,0x06,high_conf_static_A4,script_pack_A4_source_selection,unknown,1,1,A4_xx_B2_dd_A4_yy:first,CD:BC9E,0,,,CA:4969,1,normal_master,CA:4A7A,72,3bee57e45e8fbf6f9c92011b79a2cc7f200632cda6b6f7e0853ab079921f817d,,
224,0xE0,7,0x07,high_conf_static_A4,script_pack_A4_source_selection,unknown,2,1,A4_xx_B0;A4_xx_B2_dd_A4_yy:second,CD:BCA2,0,,,CA:4969,1,normal_master,CA:4A80,59,03e0da8291f1ab0a50eeb2ba1d07b4897275a8e14de7646695fa95e9236bfc77,,
224,0xE0,8,0x08,high_conf_static_A4,script_pack_A4_source_selection,unknown,1,1,A4_xx_B2_dd_A4_yy:first,CD:BCB7,0,,,CA:4969,1,normal_master,CA:4AB3,37,1b471d578e603a4944938527df0a28667dea059759a208d66559b163422caee9,,
224,0xE0,9,0x09,high_conf_static_A4,script_pack_A4_source_selection,unknown,2,1,A4_xx_B0;A4_xx_B2_dd_A4_yy:second,CD:BCBB,0,,,CA:4969,1,normal_master,CA:4AB7,96,6d732d454fc14d5a76b65c445b7a31f76daf01e617196b6179addcf16aa6aeb0,,
224,0xE0,12,0x0C,high_conf_static_A4,script_pack_A4_source_selection,unknown,1,1,A4_xx_B2_dd_A4_yy:first,CD:BCE6,0,,,CA:4969,1,normal_master,CA:4B3B,49,4921f538c83cb919624592a9cea8363e75f75c0fa6a5af809c57036c6cf73d3d,,
224,0xE0,13,0x0D,high_conf_static_A4,script_pack_A4_source_selection,unknown,2,1,A4_xx_B0;A4_xx_B2_dd_A4_yy:second,CD:BCEA,0,,,CA:4969,1,normal_master,CA:4B68,103,d8bf417fb8ff089cdab56c742ca915a9bbcf48227a6d7d87f3a59a13c4f90eb8,,
224,0xE0,16,0x10,high_conf_static_A4,script_pack_A4_source_selection,unknown,1,1,A4_xx_B2_dd_A4_yy:first,CD:BD15,0,,,CA:4969,1,normal_master,CA:5034,59,ea65a90ded4b99013ac99ab39820959d609feb43d724a7fa2e695927c3f29835,,
224,0xE0,17,0x11,high_conf_static_A4,script_pack_A4_source_selection,unknown,2,1,A4_xx_B0;A4_xx_B2_dd_A4_yy:second,CD:BD19,0,,,CA:4969,1,normal_master,CA:503E,232,e64bc5833c8307a9959c3334c106244909f05e2fe063b97c9bd16a0f60290644,,
224,0xE0,20,0x14,high_conf_static_A4,script_pack_A4_source_selection,unknown,1,1,A4_xx_B2_dd_A4_yy:first,CD:BD44,0,,,CA:4969,1,normal_master,CA:511A,307,c625411a47fbdc4cfc03551ce4ca39ef990984aa39d82bee7a858199e0eff012,,
224,0xE0,21,0x15,high_conf_static_A4,script_pack_A4_source_selection,unknown,2,1,A4_xx_B0;A4_xx_B2_dd_A4_yy:second,CD:BD48,0,,,CA:4969,1,normal_master,CA:5165,53,0818c4570a208f81d2fe01d2d55e2c9443450808522dab04e8cb916953ebe4d7,,
224,0xE0,24,0x18,high_conf_static_A4,script_pack_A4_source_selection,unknown,1,1,A4_xx_B2_dd_A4_yy:first,CD:BD73,0,,,CA:4969,1,normal_master,CA:5423,24,f706e67e8a42002fea1853fcf931db228ca0ce42705ab96b8900e267785a3547,,
224,0xE0,25,0x19,high_conf_static_A4,script_pack_A4_source_selection,unknown,2,1,A4_xx_B0;A4_xx_B2_dd_A4_yy:second,CD:BD77,0,,,CA:4969,1,normal_master,CA:5436,10,95d8cafffdaca45434411bba9ae10dbbbea6e0b3d4f067cfb387ca11b2e962d6,,
224,0xE0,28,0x1C,high_conf_static_A4,script_pack_A4_source_selection,unknown,1,1,A4_xx_B2_dd_A4_yy:first,CD:BDA2,0,,,CA:4969,1,normal_master,CA:5517,227,6528f4befb02ad25ab4bb4ebc8aadd2fc295655a533bdc32f42ca43cdbe56a8d,,
224,0xE0,29,0x1D,high_conf_static_A4,script_pack_A4_source_selection,unknown,2,1,A4_xx_B0;A4_xx_B2_dd_A4_yy:second,CD:BDA6,0,,,CA:4969,1,normal_master,CA:55C9,256,72a69bc248e76b96457498c12134e837881cf66cf9ce998ea77615a314af35a0,,
224,0xE0,32,0x20,high_conf_static_A4,script_pack_A4_source_selection,unknown,1,1,A4_xx_B2_dd_A4_yy:first,CD:BDD1,0,,,CA:4969,1,normal_master,CA:5852,192,27df50da8d2b95735cc6bb5630fbe5d86b20482cd6e532f60d7298d4650d82e2,,
224,0xE0,33,0x21,high_conf_static_A4,script_pack_A4_source_selection,unknown,2,1,A4_xx_B0;A4_xx_B2_dd_A4_yy:second,CD:BDD5,0,,,CA:4969,1,normal_master,CA:58F5,147,9c344cc43512497a775a441d9ef28ae52fd3c9c10d0ee1b55e5993ffb0506ff1,,
224,0xE0,34,0x22,high_conf_static_A4,script_pack_A4_source_selection,unknown,1,1,A4_xx_B2_dd_A4_yy:first,CD:BE01,0,,,CA:4969,1,normal_master,CA:5968,405,28c5456d108be5492ac9ba0acc9e0ea5aee35febb1fdacde873055a831c2c370,,
224,0xE0,35,0x23,high_conf_static_A4,script_pack_A4_source_selection,unknown,2,1,A4_xx_B0;A4_xx_B2_dd_A4_yy:second,CD:BE05,0,,,CA:4969,1,normal_master,CA:5A95,114,f3f95f9a58d73ebaa70e660a3351ed67078b37ded911e4a761b900f8673004cb,,
224,0xE0,37,0x25,high_conf_static_A4,script_pack_A4_source_selection,unknown,1,1,A4_xx_B2_dd_A4_yy:first,CD:BE3D,0,,,CA:4969,1,normal_master,CA:5AF8,70,0348c85695f4376d4eef945d6d6e3a4d89aa11c14923df54add3a43c9a773197,,
224,0xE0,38,0x26,high_conf_static_A4,script_pack_A4_source_selection,unknown,2,1,A4_xx_B0;A4_xx_B2_dd_A4_yy:second,CD:BE41,0,,,CA:4969,1,normal_master,CA:5B2D,56,5e265fbaf2673d60121f930b3483acb30c194b752b0751d7b5d30b74fe75ff80,,
224,0xE0,39,0x27,high_conf_static_A4,script_pack_A4_source_selection,unknown,1,1,A4_xx_B2_dd_A4_yy:first,CD:BE6A,0,,,CA:4969,1,normal_master,CA:5B64,9,5018d2069066b3fdeb3197b0535b93689db6b069c26ef6321545e2db21e3abe3,,
224,0xE0,40,0x28,high_conf_static_A4,script_pack_A4_source_selection,unknown,2,1,A4_xx_B0;A4_xx_B2_dd_A4_yy:second,CD:BE6E,0,,,CA:4969,1,normal_master,CA:5B68,338,a4650fc50eb776366dd46c512fbd9922e4d2a040999f4543828de8806189f1b7,,
224,0xE0,42,0x2A,high_conf_static_A4,script_pack_A4_source_selection,unknown,1,1,A4_xx_B2_dd_A4_yy:first,CD:BE95,0,,,CA:4969,1,normal_master,CA:5CC9,941,b2949eb568059fd843aab2d19342309ceb8f29ba500d29a5b75ab6dcecaedf5f,,
224,0xE0,43,0x2B,high_conf_static_A4,script_pack_A4_source_selection,unknown,2,1,A4_xx_B0;A4_xx_B2_dd_A4_yy:second,CD:BE99,0,,,CA:4969,1,normal_master,CA:5EA9,8,ff16e17eda39d616fa6d915e6dea4c89cc1750195421cfb85fc59ce22d6beb5a,,
224,0xE0,47,0x2F,high_conf_static_A4,script_pack_A4_source_selection,unknown,1,1,A4_xx_B2_dd_A4_yy:first,CD:BEE6,0,,,CA:4969,1,normal_master,CA:5F50,2276,04ace38c3d50f9addc1ee0a051feab55defba9faae2852b80296b03e269c7b3b,,
224,0xE0,48,0x30,high_conf_static_A4,script_pack_A4_source_selection,unknown,1,1,A4_xx_B2_dd_A4_yy:second,CD:BEEA,0,,,CA:4969,1,normal_master,CA:65AE,28,01d02353b6973e90d3ffdb2f9c7952d0e000b4dd83bd9cd65158b2c3efdaba09,,
224,0xE0,49,0x31,high_conf_static_A4,script_pack_A4_source_selection,unknown,1,1,A4_xx_B0,CD:BEF0,0,,,CA:4969,1,normal_master,CA:65C8,42,a4f56c5e3d44486572cb0b6664da78846b2fcc870bc148b42c767b9e4a12f24c,,
225,0xE1,1,0x01,high_conf_static_A4,script_pack_A4_source_selection,unknown,1,1,A4_xx_B2_dd_A4_yy:first,CD:C1DB,0,,,CA:4C18,2,normal_master,CA:4C3B,166,dadcde40c260212e5aa9314f066faa4e04f11fbdad418ef510f6956629718532,,
225,0xE1,2,0x02,high_conf_static_A4,script_pack_A4_source_selection,unknown,2,1,A4_xx_B2_dd_A4_yy:first;A4_xx_B2_dd_A4_yy:second,CD:C1DF,0,,,CA:4C18,2,normal_master,CA:4CBD,151,323c3a7cd12f80d9719688239e0a23d174fdeda08fc89ebd45cf1614670b21d0,,
225,0xE1,3,0x03,high_conf_static_A4,script_pack_A4_source_selection,unknown,2,1,A4_xx_B0;A4_xx_B2_dd_A4_yy:second,CD:C1E3,0,,,CA:4C18,2,normal_master,CA:4D2F,14,8b41a55cbc9bd3117eeeb7d3f56784f5b4c8346248a42d550315d0904d444fea,,
225,0xE1,4,0x04,high_conf_static_A4,script_pack_A4_source_selection,unknown,1,1,A4_xx_B2_dd_A4_yy:first,CD:C1FC,0,,,CA:4C18,2,normal_master,CA:4D38,12,ae3f5e8bba64d32bbe37bde24231d6648351088d65e33f128739d0fd555c2e3a,,
225,0xE1,5,0x05,high_conf_static_A4,script_pack_A4_source_selection,unknown,2,1,A4_xx_B2_dd_A4_yy:first;A4_xx_B2_dd_A4_yy:second,CD:C200,0,,,CA:4C18,2,normal_master,CA:4D41,57,32558def418fccbe56b00740743892dd4072383c77bfc762d28c27a42c06bf06,,
225,0xE1,6,0x06,high_conf_static_A4,script_pack_A4_source_selection,unknown,2,1,A4_xx_B0;A4_xx_B2_dd_A4_yy:second,CD:C204,0,,,CA:4C18,2,normal_master,CA:4D6C,163,5bf30ac811137293aab3fc0894865f68cb21a2a18e5f48071552ef27355f5797,,
225,0xE1,7,0x07,high_conf_static_A4,script_pack_A4_source_selection,unknown,1,1,A4_xx_B2_dd_A4_yy:first,CD:C21D,0,,,CA:4C18,2,normal_master,CA:4DE1,51,746113cb90247da097fc7fbaca8386182098885eb60f9cfb927d9bbb523894b6,,
225,0xE1,8,0x08,high_conf_static_A4,script_pack_A4_source_selection,unknown,2,1,A4_xx_B2_dd_A4_yy:first;A4_xx_B2_dd_A4_yy:second,CD:C221,0,,,CA:4C18,2,normal_master,CA:4E07,54,70634307c67a44ebcbaeb3a02d33bb0fbda51022424924fbb9c49f767cf04edc,,
225,0xE1,9,0x09,high_conf_static_A4,script_pack_A4_source_selection,unknown,2,1,A4_xx_B0;A4_xx_B2_dd_A4_yy:second,CD:C225,0,,,CA:4C18,2,normal_master,CA:4E30,96,6d732d454fc14d5a76b65c445b7a31f76daf01e617196b6179addcf16aa6aeb0,,
225,0xE1,10,0x0A,high_conf_static_A4,script_pack_A4_source_selection,unknown,1,1,A4_xx_B2_dd_A4_yy:first,CD:C23E,0,,,CA:4C18,2,normal_master,CA:4E7F,26,5d5aabadad7145aca771d861e233f1afb73a1257f7c6b96edc5f62a90965048b,,
225,0xE1,11,0x0B,high_conf_static_A4,script_pack_A4_source_selection,unknown,2,1,A4_xx_B2_dd_A4_yy:first;A4_xx_B2_dd_A4_yy:second,CD:C242,0,,,CA:4C18,2,normal_master,CA:4E93,32,65a7e9654b0a7b037e50436f5b8d14e896c68f08e1ee810bde9887cd789523bb,,
225,0xE1,12,0x0C,high_conf_static_A4,script_pack_A4_source_selection,unknown,2,1,A4_xx_B0;A4_xx_B2_dd_A4_yy:second,CD:C246,0,,,CA:4C18,2,normal_master,CA:4EAB,49,4921f538c83cb919624592a9cea8363e75f75c0fa6a5af809c57036c6cf73d3d,,
226,0xE2,7,0x07,high_conf_static_A4,script_pack_A4_source_selection,unknown,1,1,A4_xx_B2_dd_A4_yy:first,CD:C6FB,0,,,CA:4F0A,2,normal_master,CA:5097,21,d5d1d1221a00fd698cbe8c1816b8721b7f95b08c99d2dd2941677324b604f529,,
226,0xE2,8,0x08,high_conf_static_A4,script_pack_A4_source_selection,unknown,2,1,A4_xx_B2_dd_A4_yy:first;A4_xx_B2_dd_A4_yy:second,CD:C6FF,0,,,CA:4F0A,2,normal_master,CA:50A5,16,cb93b79155175bcb15010eb3245a0750bc58385b883b364b90cb53e189651c32,,
226,0xE2,9,0x09,high_conf_static_A4,script_pack_A4_source_selection,unknown,2,1,A4_xx_B0;A4_xx_B2_dd_A4_yy:second,CD:C703,0,,,CA:4F0A,2,normal_master,CA:50B1,5,5bf1b829e36d7c780827afd8cb751677b42380f1e75fcd29aac71a8fb3f3a752,,
226,0xE2,10,0x0A,high_conf_static_A4,script_pack_A4_source_selection,unknown,1,1,A4_xx_B2_dd_A4_yy:first,CD:C71C,0,,,CA:4F0A,2,normal_master,CA:50B5,13,f670d3be4d5cd2ed78856ab52316c9c9724417ad42d060f5ad4d29bca5bba46e,,
226,0xE2,11,0x0B,high_conf_static_A4,script_pack_A4_source_selection,unknown,2,1,A4_xx_B2_dd_A4_yy:first;A4_xx_B2_dd_A4_yy:second,CD:C720,0,,,CA:4F0A,2,normal_master,CA:50BC,8,68d05bb6ebff65d24c29e827f1d27c8b014d40c35b46cbb452832fb9edcba490,,
226,0xE2,12,0x0C,high_conf_static_A4,script_pack_A4_source_selection,unknown,2,1,A4_xx_B0;A4_xx_B2_dd_A4_yy:second,CD:C724,0,,,CA:4F0A,2,normal_master,CA:50C3,46,388304421ceca9590624f87bf5f15790635adb8d2cd2081cc0e55eae5dc78763,,
230,0xE6,20,0x14,high_conf_static_A4,script_pack_A4_source_selection,unknown,1,1,A4_xx_B0,CD:D04C,0,,,CA:5DFA,0,normal_master,CA:60AC,31,9a3146d6722148f087a80638a04dc9038e3f6d88f48169aec1dee7a23a9afab0,,
233,0xE9,0,0x00,high_conf_static_A4,script_pack_A4_source_selection,unknown,1,1,A4_xx_B0,CD:DAA2,0,,,CA:65F3,0,normal_master,CA:65F4,32,e368c13fa83ef72ffcdd35dc78cd6b7e0b6e43394cd9f6a5a37005ceaefd9bef,,
233,0xE9,1,0x01,high_conf_static_A4,script_pack_A4_source_selection,unknown,1,1,A4_xx_B0,CD:DABD,0,,,CA:65F3,0,normal_master,CA:6614,107,c920e461e6ac5c4eb9eb77cb4ae53d8cc42faf1d631cccc658bf242c78725837,,
233,0xE9,3,0x03,high_conf_static_A4,script_pack_A4_source_selection,unknown,1,1,A4_xx_B2_dd_A4_yy:first,CD:DAE8,0,,,CA:65F3,0,normal_master,CA:66A6,128,6366744b53df72d2f8c43b7c336b2174eb50336844074aa876224e73afa445d6,,
233,0xE9,4,0x04,high_conf_static_A4,script_pack_A4_source_selection,unknown,2,1,A4_xx_B0;A4_xx_B2_dd_A4_yy:second,CD:DAEC,0,,,CA:65F3,0,normal_master,CA:6726,1,6e340b9cffb37a989ca544e6bb780a2c78901d3fb33738768511a30617afa01d,,
233,0xE9,8,0x08,high_conf_static_A4,script_pack_A4_source_selection,unknown,1,1,A4_xx_B0,CD:DB29,0,,,CA:65F3,0,normal_master,CA:6755,24,4b2f97cb1a962547580288a405f105f3be32007afc70e1b5f0fc966820d23706,,
233,0xE9,12,0x0C,high_conf_static_A4,script_pack_A4_source_selection,unknown,1,1,A4_xx_B0,CD:DB76,0,,,CA:65F3,0,normal_master,CA:67B5,17,a8128b11f779fb33d3b927a524e86bd2958bac9e56aa75b1578cb537710db436,,
233,0xE9,13,0x0D,high_conf_static_A4,script_pack_A4_source_selection,unknown,1,1,A4_xx_B0,CD:DB8D,0,,,CA:65F3,0,normal_master,CA:67C6,11,65233d9e7f643f31150c1f0a9650d4bbf0a04228864b0ec45095015b96b450ae,,
233,0xE9,16,0x10,high_conf_static_A4,script_pack_A4_source_selection,unknown,1,1,A4_xx_B2_dd_A4_yy:first,CD:DBFC,0,,,CA:65F3,0,normal_master,CA:6815,25,2da9bd3462923879825758b072256cd27bb31878c5d6f06b64cd6280de99181b,,
233,0xE9,17,0x11,high_conf_static_A4,script_pack_A4_source_selection,unknown,2,1,A4_xx_B2_dd_A4_yy:first;A4_xx_B2_dd_A4_yy:second,CD:DC00,0,,,CA:65F3,0,normal_master,CA:682E,34,e34c70cf2f2844a6f63a05e47e7cf26d8a021af5bf039c09593b1b5b41cc053e,,
233,0xE9,18,0x12,high_conf_static_A4,script_pack_A4_source_selection,unknown,2,1,A4_xx_B0;A4_xx_B2_dd_A4_yy:second,CD:DC04,0,,,CA:65F3,0,normal_master,CA:6850,47,7ef19c1fcbb416abab7138434ec157944fa6529f97c86e63ea6a247a4dc4e351,,
233,0xE9,19,0x13,high_conf_static_A4,script_pack_A4_source_selection,unknown,1,1,A4_xx_B0,CD:DC1B,0,,,CA:65F3,0,normal_master,CA:687F,68,24538df7b8e04f499996733f618dc8f94dfe95180f7726aa4a699fc4e3ee9864,,
233,0xE9,20,0x14,high_conf_static_A4,script_pack_A4_source_selection,unknown,1,1,A4_xx_B2_dd_A4_yy:first,CD:DC4B,0,,,CA:65F3,0,normal_master,CA:68C3,22,1ecbe27dfc41a03808616646bbde6bc612d689c5d22c659b713b82a7441c4c5e,,
233,0xE9,21,0x15,high_conf_static_A4,script_pack_A4_source_selection,unknown,2,1,A4_xx_B2_dd_A4_yy:first;A4_xx_B2_dd_A4_yy:second,CD:DC4F,0,,,CA:65F3,0,normal_master,CA:68D9,15,215ec57665993021df1eb5cbc5ec676a1f80315fa5505217428532ed5e806465,,
233,0xE9,22,0x16,high_conf_static_A4,script_pack_A4_source_selection,unknown,2,1,A4_xx_B0;A4_xx_B2_dd_A4_yy:second,CD:DC53,0,,,CA:65F3,0,normal_master,CA:68E8,585,226350aab20f869700bfca911f2d942f0a7a51660c3d9e946fe30bad486b67d0,,
233,0xE9,23,0x17,high_conf_static_A4,script_pack_A4_source_selection,unknown,1,1,A4_xx_B0,CD:DC6A,0,,,CA:65F3,0,normal_master,CA:6B31,54,13220cec79949a693cf764c3e222957c543c6a211dc0f6f870fdd66f38043cd3,,
233,0xE9,24,0x18,high_conf_static_A4,script_pack_A4_source_selection,unknown,1,1,A4_xx_B2_dd_A4_yy:first,CD:DC9A,0,,,CA:65F3,0,normal_master,CA:6B67,7,59b506f3ef41782b68f86ce8e6969d0fdcea0d9548816610fcfde7f5fb521845,,
233,0xE9,25,0x19,high_conf_static_A4,script_pack_A4_source_selection,unknown,1,1,A4_xx_B2_dd_A4_yy:second,CD:DC9E,0,,,CA:65F3,0,normal_master,CA:6B6E,15,55682133753e1ac064f742d63c73a51af44b01ebe4d82f3af0c50a83f37a4a82,,
233,0xE9,27,0x1B,high_conf_static_A4,script_pack_A4_source_selection,unknown,1,1,A4_xx_B0,CD:DCB0,0,,,CA:65F3,0,normal_master,CA:6B84,40,3134b11fd4410aa68ecb3d8778a246069943400d3d931d8e2273a10838ddaa0e,,
233,0xE9,28,0x1C,high_conf_static_A4,script_pack_A4_source_selection,unknown,1,1,A4_xx_B0,CD:DCC7,0,,,CA:65F3,0,normal_master,CA:6BAC,2,319344f14be7a294f789ce6b2d4f50c4cf2a20fda4733255efbe4e6ec48728f0,,
233,0xE9,30,0x1E,high_conf_static_A4,script_pack_A4_source_selection,unknown,1,1,A4_xx_B2_dd_A4_yy:first,CD:DD03,0,,,CA:65F3,0,normal_master,CA:6BD3,86,7e10c1354061257779fe214d277862c6850fb91894945926dd6cda9159b99d9a,,
233,0xE9,31,0x1F,high_conf_static_A4,script_pack_A4_source_selection,unknown,2,1,A4_xx_B2_dd_A4_yy:first;A4_xx_B2_dd_A4_yy:second,CD:DD07,0,,,CA:65F3,0,normal_master,CA:6C29,23,36157b027524ca66a8b70011077648407777facac0d9f04a0450dfbe94f785a3,,
233,0xE9,32,0x20,high_conf_static_A4,script_pack_A4_source_selection,unknown,2,1,A4_xx_B0;A4_xx_B2_dd_A4_yy:second,CD:DD0B,0,,,CA:65F3,0,normal_master,CA:6C40,35,665ec8d6f44ee90c22212a6fd7d4af2b4dee715e63140acb36b59792c5ec372d,,
233,0xE9,33,0x21,high_conf_static_A4,script_pack_A4_source_selection,unknown,1,1,A4_xx_B0,CD:DD22,0,,,CA:65F3,0,normal_master,CA:6C63,38,9f3efc6ca7c9fb484f1b0c4817c346ebb18216acfadd066a3effc9ff730dc749,,
235,0xEB,5,0x05,high_conf_static_A4,script_pack_A4_source_selection,unknown,1,1,A4_xx_B2_dd_A4_yy:first,CD:DFEB,0,,,CA:68E8,2,normal_master,CA:6A0D,74,e943852916c745164c1b50aee78eeedad9a42a6c875183f8785f0367ddbdb89b,,
235,0xEB,6,0x06,high_conf_static_A4,script_pack_A4_source_selection,unknown,1,1,A4_xx_B2_dd_A4_yy:second,CD:DFEF,0,,,CA:68E8,2,normal_master,CA:6A45,91,fbc110a12cb7db8baa9159f36fb719b9d551ec74814c1f5e46ea3aedd5c17ff7,,
235,0xEB,8,0x08,high_conf_static_A4,script_pack_A4_source_selection,unknown,1,1,A4_xx_B0,CD:E002,0,,,CA:68E8,2,normal_master,CA:6AA3,49,c8445d67479ca153f24dcfdad370beb21383f51e6a1be965ac865c33a0fe4f06,,
236,0xEC,1,0x01,high_conf_static_A4,script_pack_A4_source_selection,unknown,1,1,A4_xx_B0,CD:E16D,0,,,CA:6B31,1,normal_master,CA:6B6E,86,d625d5c45590a8b5cb4f40269d9ca160a1c5b1a71a9b5c94c3a4a70411c7c290,,
236,0xEC,5,0x05,high_conf_static_A4,script_pack_A4_source_selection,unknown,1,1,A4_xx_B2_dd_A4_yy:first,CD:E1A0,0,,,CA:6B31,1,normal_master,CA:6C7A,52,c8cb2864d1e3cb3aaa043db4682b79987c1df6e894116b13128bc9faac0c7c5c,,
236,0xEC,6,0x06,high_conf_static_A4,script_pack_A4_source_selection,unknown,1,1,A4_xx_B2_dd_A4_yy:second,CD:E1A4,0,,,CA:6B31,1,normal_master,CA:6C91,35,626bfbf20450064b7b99801b4047a7809396a8ca53a91e266403d4aba6726609,,
236,0xEC,7,0x07,high_conf_static_A4,script_pack_A4_source_selection,unknown,1,1,A4_xx_B2_dd_A4_yy:first,CD:E1B7,0,,,CA:6B31,1,normal_master,CA:6CB1,48,1dc776b8d4a4951e288a733b43ea734915d73aceba0088749397e2cbb687dde5,,
236,0xEC,8,0x08,high_conf_static_A4,script_pack_A4_source_selection,unknown,2,1,A4_xx_B0;A4_xx_B2_dd_A4_yy:second,CD:E1BB,0,,,CA:6B31,1,normal_master,CA:6CC0,114,d157ca1b008a7c0d84ae86b83dd5bb6cca594ff07aa005cb28bc60502098d310,,
238,0xEE,0,0x00,high_conf_static_A4,script_pack_A4_source_selection,unknown,1,1,A4_xx_B0,CD:EBF1,0,,,CA:77CC,1,normal_master,CA:77CD,9,ad68e1d68c85202a53499353522ba6f69ef0f5537e117769e51a8f1ca8740537,,
239,0xEF,1,0x01,high_conf_static_A4,script_pack_A4_source_selection,unknown,1,1,A4_xx_B0,CD:F195,0,,,CA:821F,1,normal_master,CA:8238,42,f31361537d2c2a748f4132aad43efbe1ccfc1da8063b496fb9ce25f9fef7fc14,,
239,0xEF,2,0x02,high_conf_static_A4,script_pack_A4_source_selection,unknown,1,1,A4_xx_B0,CD:F1DC,0,,,CA:821F,1,normal_master,CA:825C,82,a6c3e5e744dca9d05931d744f379c8a36fe7bdb4458b09424695f8df5eae42d3,,
242,0xF2,2,0x02,high_conf_static_A4,script_pack_A4_source_selection,unknown,1,1,A4_xx_B2_dd_A4_yy:first,CD:FCCE,0,,,CA:9406,1,normal_master,CA:945B,75,1d2b9bc6df288eb18f3d30ad5e473073cde8a304f6c2ae70d662f1f720176fdf,,
242,0xF2,3,0x03,high_conf_static_A4,script_pack_A4_source_selection,unknown,2,1,A4_xx_B0;A4_xx_B2_dd_A4_yy:second,CD:FCD2,0,,,CA:9406,1,normal_master,CA:9462,52,1078ced703d91ae66c6c5e95b34a7674b082c8b2867eaa749c7961e0f7e5a408,,
242,0xF2,6,0x06,high_conf_static_A4,script_pack_A4_source_selection,unknown,1,1,A4_xx_B2_dd_A4_yy:first,CD:FCF2,0,,,CA:9406,1,normal_master,CA:94F6,106,b18eba01cddd55fc316930fde0fbc08a9366d49a7dc03ace2b308743e0838737,,
242,0xF2,7,0x07,high_conf_static_A4,script_pack_A4_source_selection,unknown,2,1,A4_xx_B0;A4_xx_B2_dd_A4_yy:second,CD:FCF6,0,,,CA:9406,1,normal_master,CA:9549,98,6682cce972f7f978618595605abc420cfe2dadb42dbad4c033f797bacab07ce0,,
242,0xF2,10,0x0A,high_conf_static_A4,script_pack_A4_source_selection,unknown,1,1,A4_xx_B2_dd_A4_yy:first,CD:FD16,0,,,CA:9406,1,normal_master,CA:9638,97,008bbc205e8f543833a63be856844abfff986a90f2fa259896882986a8c84239,,
242,0xF2,11,0x0B,high_conf_static_A4,script_pack_A4_source_selection,unknown,2,1,A4_xx_B0;A4_xx_B2_dd_A4_yy:second,CD:FD1A,0,,,CA:9406,1,normal_master,CA:968C,55,88afc428bdb53662b1f3abc63b16069806585fd22f66e932650496dc9137899e,,
242,0xF2,14,0x0E,high_conf_static_A4,script_pack_A4_source_selection,unknown,1,1,A4_xx_B2_dd_A4_yy:first,CD:FD3A,0,,,CA:9406,1,normal_master,CA:96E0,188,713fe274b12cb0fd36d6253e9504836f7b9a5c3dd8c093799813ad163e5c326f,,
242,0xF2,15,0x0F,high_conf_static_A4,script_pack_A4_source_selection,unknown,2,1,A4_xx_B0;A4_xx_B2_dd_A4_yy:second,CD:FD3E,0,,,CA:9406,1,normal_master,CA:9718,9,cf62b4df2c97e811b258b8cae24176ef21d0c423c6112e2ceb61f2941b337c9a,,
242,0xF2,19,0x13,high_conf_static_A4,script_pack_A4_source_selection,unknown,1,1,A4_xx_B2_dd_A4_yy:first,CD:FDB8,0,,,CA:9406,1,normal_master,CA:9729,3,36c9ac1e2639f3fbfac9dc7912a806a041cba84c82b3c90ddd2f32fee7cfa8cd,,
242,0xF2,20,0x14,high_conf_static_A4,script_pack_A4_source_selection,unknown,2,1,A4_xx_B0;A4_xx_B2_dd_A4_yy:second,CD:FDBC,0,,,CA:9406,1,normal_master,CA:972C,60,5ddd71b378102806aaa513d2c8a66b9974ca69deac46f8bd3a2e982c418d61e5,,
242,0xF2,23,0x17,high_conf_static_A4,script_pack_A4_source_selection,unknown,1,1,A4_xx_B2_dd_A4_yy:first,CD:FDDC,0,,,CA:9406,1,normal_master,CA:9763,13278,00a1b127c747410ab1f2d338e66a91ff6f6f0576e7b958db58dd427f0939016f,,
243,0xF3,0,0x00,high_conf_static_A4,script_pack_A4_source_selection,unknown,1,1,A4_xx_B0,CE:0336,0,,,CA:96B2,2,normal_master,CA:96B3,92,7d1c889dbe4c041cbec186742dd4002f8a35e1c798e115500ee468cf558fdf08,,
243,0xF3,1,0x01,high_conf_static_A4,script_pack_A4_source_selection,unknown,1,1,A4_xx_B0,CE:0344,0,,,CA:96B2,2,normal_master,CA:96FC,30,3f87529f84b45b0b71563946cd437f9828678ae38dced7aa40ea954809119dac,,
243,0xF3,2,0x02,high_conf_static_A4,script_pack_A4_source_selection,unknown,1,1,A4_xx_B0,CE:0352,0,,,CA:96B2,2,normal_master,CA:9712,78,b8eb43190f2ef431f9cc1b3d619f984f428dfc4ed408b1ec7cdf4542d55b743c,,
243,0xF3,3,0x03,high_conf_static_A4,script_pack_A4_source_selection,unknown,1,1,A4_xx_B0,CE:0363,0,,,CA:96B2,2,normal_master,CA:974C,51,5d53033dd594e649d1ae95ad858e2e6da35df962ac34968a07e1a2ce9aa858a2,,
243,0xF3,4,0x04,high_conf_static_A4,script_pack_A4_source_selection,unknown,1,1,A4_xx_B0,CE:0374,0,,,CA:96B2,2,normal_master,CA:9774,45,e295243a769fb1f86b35c02519d30654b3cb4bb944e1472db6f660343091e7d0,,
243,0xF3,5,0x05,high_conf_static_A4,script_pack_A4_source_selection,unknown,1,1,A4_xx_B0,CE:0385,0,,,CA:96B2,2,normal_master,CA:9796,48,4f89d90865c885f144b92f8ec0dac6cc879ba788337879b9db33b58546e7ca56,,
243,0xF3,6,0x06,high_conf_static_A4,script_pack_A4_source_selection,unknown,1,1,A4_xx_B0,CE:0396,0,,,CA:96B2,2,normal_master,CA:97B9,42,1d74456bcf44c5b40a96d6ff13d9828306af7cfe1ef80b15001406c4abfe331d,,
243,0xF3,7,0x07,high_conf_static_A4,script_pack_A4_source_selection,unknown,1,1,A4_xx_B0,CE:03A7,0,,,CA:96B2,2,normal_master,CA:97DA,83,eaefdf68ae81a6252187e17d2a71bc6f52db35253af8de7e32d01477cf2ec28b,,
243,0xF3,8,0x08,high_conf_static_A4,script_pack_A4_source_selection,unknown,1,1,A4_xx_B0,CE:03B8,0,,,CA:96B2,2,normal_master,CA:981B,47,0bd7ae3570eb33f9e9977158329db760c5d8c207b03ccfd298d05637abfd5fdb,,
243,0xF3,9,0x09,high_conf_static_A4,script_pack_A4_source_selection,unknown,1,1,A4_xx_B0,CE:03C9,0,,,CA:96B2,2,normal_master,CA:983E,85,19ea1c11cf6b006a54417e6f77722541e3fb4e6dbf6be9c85c0903661ab406cd,,
243,0xF3,10,0x0A,high_conf_static_A4,script_pack_A4_source_selection,unknown,1,1,A4_xx_B0,CE:03DA,0,,,CA:96B2,2,normal_master,CA:987D,48,ea5a61342fd45e48842745560e8bd1ca2d6633fb2da3bcdef1f66520d239c5e8,,
243,0xF3,11,0x0B,high_conf_static_A4,script_pack_A4_source_selection,unknown,1,1,A4_xx_B0,CE:03EB,0,,,CA:96B2,2,normal_master,CA:98A3,35,b5293a00e32bc291bdda2939fe5bc4950b9098b2f71b763eb94fe4d89e03632a,,
244,0xF4,0,0x00,high_conf_static_A4,script_pack_A4_source_selection,unknown,1,1,A4_xx_B0,CE:04A5,0,,,CA:987D,2,normal_master,CA:987E,45,79bc9e9b7d3b1a4079eab336af89c2efb5d3d82f976991c090020f42ea92ed06,,
244,0xF4,1,0x01,high_conf_static_A4,script_pack_A4_source_selection,unknown,1,1,A4_xx_B0,CE:04B3,0,,,CA:987D,2,normal_master,CA:98A3,35,b5293a00e32bc291bdda2939fe5bc4950b9098b2f71b763eb94fe4d89e03632a,,
244,0xF4,2,0x02,high_conf_static_A4,script_pack_A4_source_selection,unknown,1,1,A4_xx_B0,CE:04C4,0,,,CA:987D,2,normal_master,CA:98BE,37,4b35aa594c54d10ec9bb65be92e3ba8cca630c139db8c3ff59a662b09b47bd11,,
244,0xF4,3,0x03,high_conf_static_A4,script_pack_A4_source_selection,unknown,1,1,A4_xx_B0,CE:04D5,0,,,CA:987D,2,normal_master,CA:98DA,36,049ff06fd5f746a6e3d7640185c69cee2d7abd3f662f8f23beb1f4e848cb724f,,
244,0xF4,4,0x04,high_conf_static_A4,script_pack_A4_source_selection,unknown,1,1,A4_xx_B0,CE:04E6,0,,,CA:987D,2,normal_master,CA:98F5,64,4b234d6df78499b578d64893bb918c88b075f2f6004ce402c1feee387b9e158a,,
244,0xF4,5,0x05,high_conf_static_A4,script_pack_A4_source_selection,unknown,1,1,A4_xx_B0,CE:04F7,0,,,CA:987D,2,normal_master,CA:9926,54,27559f4d2329464d0eeff8721f9b8551c8b81f2d0e56299cdb03f2971ab881b6,,
244,0xF4,6,0x06,high_conf_static_A4,script_pack_A4_source_selection,unknown,1,1,A4_xx_B0,CE:0508,0,,,CA:987D,2,normal_master,CA:9950,65,1d3d7599ab7f8a0aeaa65b013d758ac3fd93c073fa261bb177a3ba3aea77eae5,,
244,0xF4,7,0x07,high_conf_static_A4,script_pack_A4_source_selection,unknown,1,1,A4_xx_B0,CE:0519,0,,,CA:987D,2,normal_master,CA:9982,93,e9e944a29b80d5973e5a990c2b2707a8ef0e20b90242a6bc5e24cea8f4ae7c01,,
244,0xF4,8,0x08,high_conf_static_A4,script_pack_A4_source_selection,unknown,1,1,A4_xx_B0,CE:052E,0,,,CA:987D,2,normal_master,CA:99C9,101,1f33e61cc7371d559128a4b6b81c69aa8c6b823dca1c24e2075b625d2739ae5e,,
244,0xF4,9,0x09,high_conf_static_A4,script_pack_A4_source_selection,unknown,1,1,A4_xx_B0,CE:0543,0,,,CA:987D,2,normal_master,CA:9A12,126,3186070eadacc4504895cfd2511d35e41a65a5fef3b9a758ea001d896f08e0fb,,
245,0xF5,0,0x00,high_conf_static_A4,script_pack_A4_source_selection,unknown,1,1,A4_xx_B0,CE:08DA,0,,,CA:9DB7,2,normal_master,CA:9DB8,70,7eb3f98d14d7f9051d517a6255b7b4a58c0111f14c257cdd8a6c765b5acd164d,,
245,0xF5,1,0x01,high_conf_static_A4,script_pack_A4_source_selection,unknown,1,1,A4_xx_B0,CE:08EB,0,,,CA:9DB7,2,normal_master,CA:9DEE,42,f10ad923b519863b41453dde26b7622ca664558ce8746cd491a18d9ccfea9f79,,
245,0xF5,2,0x02,high_conf_static_A4,script_pack_A4_source_selection,unknown,1,1,A4_xx_B0,CE:08FC,0,,,CA:9DB7,2,normal_master,CA:9E0D,491,03d0cc496633dbea98ca04c404588b7f1dc48cb1136cce6f2bd0e2a67516294c,,
245,0xF5,3,0x03,high_conf_static_A4,script_pack_A4_source_selection,unknown,1,1,A4_xx_B0,CE:090D,0,,,CA:9DB7,2,normal_master,CA:9F85,212,2157c004948be6fb94b627e0787d62780f862c9bc6410e1c8ebe7e9261495d12,,
245,0xF5,4,0x04,high_conf_static_A4,script_pack_A4_source_selection,unknown,1,1,A4_xx_B0,CE:091E,0,,,CA:9DB7,2,normal_master,CA:A029,99,d02006cb01a75d03ef1b497e1fd4afbf2ee70821ab33b112f4133a90d75e1735,,
245,0xF5,5,0x05,high_conf_static_A4,script_pack_A4_source_selection,unknown,1,1,A4_xx_B0,CE:0977,0,,,CA:9DB7,2,normal_master,CA:A073,118,22f63a42a8eb271c241bedcf33c78f00d371fe2028c74d98e9f09d2d79b540c7,,
245,0xF5,6,0x06,high_conf_static_A4,script_pack_A4_source_selection,unknown,1,1,A4_xx_B0,CE:0988,0,,,CA:9DB7,2,normal_master,CA:A0CE,114,a6e35642dbbba3301abe6829c51e0a1a57f36713344f6c6d11fa497030342a79,,
245,0xF5,7,0x07,high_conf_static_A4,script_pack_A4_source_selection,unknown,1,1,A4_xx_B0,CE:09A3,0,,,CA:9DB7,2,normal_master,CA:A125,26,aea14c8ddd59d853a46000947c270a2e1737d2023866dee04fad564d269dae42,,
245,0xF5,8,0x08,high_conf_static_A4,script_pack_A4_source_selection,unknown,1,1,A4_xx_B0,CE:09BE,0,,,CA:9DB7,2,normal_master,CA:A137,39,8dc08e1d68e96729932e920ffb3801520a9b29561c73c89b59fcea4444eed6da,,
245,0xF5,9,0x09,high_conf_static_A4,script_pack_A4_source_selection,unknown,1,1,A4_xx_B0,CE:09D9,0,,,CA:9DB7,2,normal_master,CA:A154,48,7545673e48229e72ad50ce12d9562de4f7e7358257af25e9b02f8192f230f461,,
245,0xF5,10,0x0A,high_conf_static_A4,script_pack_A4_source_selection,unknown,1,1,A4_xx_B0,CE:09F4,0,,,CA:9DB7,2,normal_master,CA:A17B,89,b72cd4fa23aea975a4604863b5a15a259ee60ecae32d5b5cf995aac0675d7069,,
245,0xF5,11,0x0B,high_conf_static_A4,script_pack_A4_source_selection,unknown,1,1,A4_xx_B0,CE:0A0F,0,,,CA:9DB7,2,normal_master,CA:A1C0,45,4d031d508f958f8b6f73699629c5725d2840d1a96f882e2608ce5340a8c19643,,
245,0xF5,12,0x0C,high_conf_static_A4,script_pack_A4_source_selection,unknown,1,1,A4_xx_B0,CE:0A2A,0,,,CA:9DB7,2,normal_master,CA:A1E2,46,c474cdb5839e35d5908f4d583382bfbdd418bfba06adcc415cd406c8b423509a,,
245,0xF5,13,0x0D,high_conf_static_A4,script_pack_A4_source_selection,unknown,1,1,A4_xx_B0,CE:0A45,0,,,CA:9DB7,2,normal_master,CA:A205,47,b73257f84a4a4c5af1320927820f8d4701a0a28da3df50ea0aba3d35025e25b6,,
245,0xF5,14,0x0E,high_conf_static_A4,script_pack_A4_source_selection,unknown,1,1,A4_xx_B0,CE:0A60,0,,,CA:9DB7,2,normal_master,CA:A22A,24,2070ffee6468788f581257b01f860cf8d833ac042575748e5881c2260185d13d,,
245,0xF5,15,0x0F,high_conf_static_A4,script_pack_A4_source_selection,unknown,1,1,A4_xx_B0,CE:0A7B,0,,,CA:9DB7,2,normal_master,CA:A23C,80,667e4586705129b7c41b1aa70972dec70b61fe81e7bdf627b49f00e303a80079,,
245,0xF5,16,0x10,high_conf_static_A4,script_pack_A4_source_selection,unknown,1,1,A4_xx_B0,CE:0A96,0,,,CA:9DB7,2,normal_master,CA:A279,45,3f37a93ff93c8aef7d7c3c9067b1b2388ce293ad241cb620a6dc6ca3675e921a,,
245,0xF5,17,0x11,high_conf_static_A4,script_pack_A4_source_selection,unknown,1,1,A4_xx_B0,CE:0AB1,0,,,CA:9DB7,2,normal_master,CA:A29B,41,15bf83961f587ec8bef25a88a17884f6fabc2e970264a90c3d78e8e7bbb43686,,
245,0xF5,18,0x12,high_conf_static_A4,script_pack_A4_source_selection,unknown,1,1,A4_xx_B0,CE:0ACC,0,,,CA:9DB7,2,normal_master,CA:A2BB,46,a27bb73332bf53f3d13d87ffb70beed84c34f5d2beaf4517c73bd41395daa64a,,
245,0xF5,19,0x13,high_conf_static_A4,script_pack_A4_source_selection,unknown,1,1,A4_xx_B0,CE:0AE7,0,,,CA:9DB7,2,normal_master,CA:A2DF,97,99b4f3fac7b1c961e4fc40193f5afe7b1373d0d3023864a76a0baa5c0cb589b6,,
245,0xF5,20,0x14,high_conf_static_A4,script_pack_A4_source_selection,unknown,1,1,A4_xx_B0,CE:0B06,0,,,CA:9DB7,2,normal_master,CA:A32A,43,aedc98b3c459b1b30966be504d631290b1a110b2bc866a480261870cd5117a50,,
245,0xF5,21,0x15,high_conf_static_A4,script_pack_A4_source_selection,unknown,1,1,A4_xx_B0,CE:0B21,0,,,CA:9DB7,2,normal_master,CA:A34A,47,9b572fb4e5cf02f46ab32256cb56bbc32a71d1c3984bdc10355a9631693085f4,,
245,0xF5,22,0x16,high_conf_static_A4,script_pack_A4_source_selection,unknown,1,1,A4_xx_B0,CE:0B3C,0,,,CA:9DB7,2,normal_master,CA:A36D,59,8dc1c34386185fb456d49caeec631c74ed80e3220ebf19b24e13ac50c8f526b4,,
245,0xF5,23,0x17,high_conf_static_A4,script_pack_A4_source_selection,unknown,1,1,A4_xx_B0,CE:0B57,0,,,CA:9DB7,2,normal_master,CA:A39B,76,4f0caf593de31b320019aaee850700dbfb2b09facade6780b17f40488ad4194e,,
245,0xF5,24,0x18,high_conf_static_A4,script_pack_A4_source_selection,unknown,1,1,A4_xx_B0,CE:0B72,0,,,CA:9DB7,2,normal_master,CA:A3D5,48,f4e76edb9ce687a8d001d90fbb12dcc48b2c7efb2a176b43b42e1f85c80eb466,,
245,0xF5,25,0x19,high_conf_static_A4,script_pack_A4_source_selection,unknown,1,1,A4_xx_B0,CE:0B8D,0,,,CA:9DB7,2,normal_master,CA:A3FB,47,b0513f63c127e9206b57ded683d1694b6962357fdbbea8c92b63c741934b26f9,,
246,0xF6,0,0x00,high_conf_static_A4,script_pack_A4_source_selection,unknown,1,1,A4_xx_B0,CE:0C21,0,,,CA:A029,2,normal_master,CA:A02A,95,cf9ad819383a094522746572b350e3be24b263a85934cfe35f47414c7a668e90,,
246,0xF6,1,0x01,high_conf_static_A4,script_pack_A4_source_selection,unknown,1,1,A4_xx_B0,CE:0C39,0,,,CA:A029,2,normal_master,CA:A073,118,22f63a42a8eb271c241bedcf33c78f00d371fe2028c74d98e9f09d2d79b540c7,,
249,0xF9,0,0x00,high_conf_static_A4,script_pack_A4_source_selection,unknown,1,1,A4_xx_B0,CE:122E,0,,,CA:A569,1,normal_master,CA:A56A,13,31a84c987ddcd8426066ac426014ea2b5f4351a9936834e2ab2e1fa8882a67f5,,
249,0xF9,7,0x07,high_conf_static_A4,script_pack_A4_source_selection,unknown,1,1,A4_xx_B0,CE:12EA,0,,,CA:A569,1,normal_master,CA:A5AA,18,08430397f83e43186d9cbff3d73c546bf66e427ee0349568e2f8cbb14abb69e9,,
