raw_offset,label_80_mirror,label_c0_mirror,opcode,mnemonic,operand,goal3_range,raw_bank_hi,candidate_strength,bytes,context_bytes
0x0003B8,80:03B8,C0:03B8,0x1E,"ASL abs,X",$201F,wram_201e_2030,0x00,medium_needs_disasm_confirmation,1E 1F 20,1B 1C 46 47 48 49 4A 1D 1E 1F 20 21 4B 4C 4D 4E 4F 22 23
0x0003D7,80:03D7,C0:03D7,0x2E,ROL abs,$302F,wram_3004_303c,0x00,medium_needs_disasm_confirmation,2E 2F 30,2B 55 56 57 58 59 2C 2D 2E 2F 30 5A 5B 5C 5D 5E 31 32 33
0x004163,80:4163,C0:4163,0xAE,LDX abs,$2021,wram_201e_2030,0x00,medium_needs_disasm_confirmation,AE 21 20,32 46 84 18 C6 28 4B 15 AE 21 20 01 C0 4E 60 57 98 02 BE
0x0069F9,80:69F9,C0:69F9,0xAD,LDA abs,$3035,wram_3004_303c,0x00,medium_needs_disasm_confirmation,AD 35 30,48 08 E7 1C 29 29 D6 5A AD 35 30 29 6D 08 94 29 00 00 10
0x00A8B0,80:A8B0,C0:A8B0,0x1E,"ASL abs,X",$201F,wram_201e_2030,0x00,medium_needs_disasm_confirmation,1E 1F 20,16 17 18 19 1A 1B 1C 1D 1E 1F 20 21 22 23 24 25 26 27 28
0x00AA45,80:AA45,C0:AA45,0xDE,"DEC abs,X",$2025,wram_201e_2030,0x00,medium_needs_disasm_confirmation,DE 25 20,43 0C DE 1A 18 DE 57 1B DE 25 20 DE E1 2B DE DA 4A DE 18
0x00AD74,80:AD74,C0:AD74,0x59,"EOR abs,Y",$3004,wram_3004_303c,0x00,medium_needs_disasm_confirmation,59 04 30,04 9E D9 03 9E D9 04 BD 59 04 30 04 AA 9E D9 04 FA 7A 6B
0x00ADF0,80:ADF0,C0:ADF0,0x59,"EOR abs,Y",$3004,wram_3004_303c,0x00,medium_needs_disasm_confirmation,59 04 30,9D 99 05 6B DA A6 67 BD 59 04 30 0B AA 9E D9 04 A6 67 A9
0x00B6E4,80:B6E4,C0:B6E4,0x7E,"ROR abs,X",$2030,wram_201e_2030,0x00,medium_needs_disasm_confirmation,7E 30 20,00 85 04 A2 00 BF DA 23 7E 30 20 E8 EC 25 11 F0 36 8A 29
0x00C20C,80:C20C,C0:C20C,0x1E,"ASL abs,X",$2026,wram_201e_2030,0x00,medium_needs_disasm_confirmation,1E 26 20,A2 20 00 64 26 64 28 26 1E 26 20 26 26 26 28 A5 28 C5 24
0x00C22E,80:C22E,C0:C22E,0x1E,"ASL abs,X",$2026,wram_201e_2030,0x00,medium_needs_disasm_confirmation,1E 26 20,A5 28 E5 24 85 28 38 26 1E 26 20 CA D0 DB FA 6B 9C 39 11
0x00C885,80:C885,C0:C885,0x1E,"ASL abs,X",$2029,wram_201e_2030,0x00,medium_needs_disasm_confirmation,1E 29 20,20 C2 20 A4 22 D0 15 A5 1E 29 20 00 0A 0A 0A 0A 0A 85 00
0x00DA04,80:DA04,C0:DA04,0x19,"ORA abs,Y",$2022,wram_201e_2030,0x00,medium_needs_disasm_confirmation,19 22 20,29 19 22 2A DB 80 AD 29 19 22 20 DB 80 AC 2B 19 CC 27 19
0x00DAE2,80:DAE2,C0:DAE2,0x19,"ORA abs,Y",$2022,wram_201e_2030,0x00,medium_needs_disasm_confirmation,19 22 20,8D 20 16 FA 6B 5A AD 2A 19 22 20 DB 80 AD 2A 19 22 2A DB
0x00DC1C,80:DC1C,C0:DC1C,0x19,"ORA abs,Y",$2022,wram_201e_2030,0x00,medium_needs_disasm_confirmation,19 22 20,29 19 22 2A DB 80 AD 29 19 22 20 DB 80 CC 27 19 B0 0E B7
0x00DC76,80:DC76,C0:DC76,0x19,"ORA abs,Y",$2022,wram_201e_2030,0x00,medium_needs_disasm_confirmation,19 22 20,8D 2A 19 7A 6B 5A AD 29 19 22 20 DB 80 AD 29 19 22 2A DB
0x00DCBC,80:DCBC,C0:DCBC,0x19,"ORA abs,Y",$2022,wram_201e_2030,0x00,medium_needs_disasm_confirmation,19 22 20,80 01 18 7A 6B 5A AD 2A 19 22 20 DB 80 AD 2A 19 22 2A DB
0x013416,81:3416,C1:3416,0x2D,AND abs,$300A,wram_3004_303c,0x01,medium_needs_disasm_confirmation,2D 0A 30,5F 30 5F FF 00 00 30 0A 2D 0A 30 0A 2D 0A 5F 10 62 10 5F
0x013D6A,81:3D6A,C1:3D6A,0x0C,TSB abs,$3010,wram_3004_303c,0x01,medium_needs_disasm_confirmation,0C 10 30,16 06 1C 04 20 06 0C 04 0C 10 30 04 00 10 28 10 28 04 2C
0x01453D,81:453D,C1:453D,0x0C,TSB abs,$202A,wram_201e_2030,0x01,medium_needs_disasm_confirmation,0C 2A 20,04 3A F8 B8 04 6A 18 C8 0C 2A 20 C8 04 2A 08 C8 0A 3A F8
0x0145EA,81:45EA,C1:45EA,0x0C,TSB abs,$202A,wram_201e_2030,0x01,medium_needs_disasm_confirmation,0C 2A 20,04 3A F8 B9 04 6A 18 C9 0C 2A 20 C9 04 2A 08 C9 0A 3A F8
0x014697,81:4697,C1:4697,0x0C,TSB abs,$202A,wram_201e_2030,0x01,medium_needs_disasm_confirmation,0C 2A 20,04 3A F8 BB 04 6A 18 CB 0C 2A 20 CA 04 2A 08 CB 0A 3A F8
0x014744,81:4744,C1:4744,0x0C,TSB abs,$202A,wram_201e_2030,0x01,medium_needs_disasm_confirmation,0C 2A 20,04 3A F8 BB 04 6A 18 CB 0C 2A 20 CA 04 2A 08 CB 0A 3A F8
0x0147F1,81:47F1,C1:47F1,0x0C,TSB abs,$202A,wram_201e_2030,0x01,medium_needs_disasm_confirmation,0C 2A 20,04 3A F8 BB 04 6A 18 CB 0C 2A 20 CA 04 2A 08 CB 0A 3A F8
0x014896,81:4896,C1:4896,0x0C,TSB abs,$202A,wram_201e_2030,0x01,medium_needs_disasm_confirmation,0C 2A 20,04 3A F8 BA 04 6A 18 CA 0C 2A 20 C9 04 2A 08 CA 0A 3A F8
0x014AA1,81:4AA1,C1:4AA1,0x0C,TSB abs,$202A,wram_201e_2030,0x01,medium_needs_disasm_confirmation,0C 2A 20,04 3A F8 BB 04 6A 18 CB 0C 2A 20 CA 04 2A 08 CB 0A 3A F8
0x014B4E,81:4B4E,C1:4B4E,0x0C,TSB abs,$202A,wram_201e_2030,0x01,medium_needs_disasm_confirmation,0C 2A 20,04 3A F8 BB 04 6A 18 CB 0C 2A 20 CA 04 2A 08 CB 0A 3A F8
0x014C82,81:4C82,C1:4C82,0xD9,"CMP abs,Y",$3006,wram_3004_303c,0x01,medium_needs_disasm_confirmation,D9 06 30,D9 08 6A 18 D9 06 3A E8 D9 06 30 2A 08 70 04 3A F8 70 04
0x014DD6,81:4DD6,C1:4DD6,0x0C,TSB abs,$202A,wram_201e_2030,0x01,medium_needs_disasm_confirmation,0C 2A 20,04 3A F8 B8 04 6A 18 C8 0C 2A 20 C8 04 2A 08 C8 0A 3A F8
0x014E73,81:4E73,C1:4E73,0x0C,TSB abs,$202A,wram_201e_2030,0x01,medium_needs_disasm_confirmation,0C 2A 20,04 3A F8 BB 04 6A 18 CB 0C 2A 20 CA 04 2A 08 CB 0A 3A F8
0x0155DD,81:55DD,C1:55DD,0xEE,INC abs,$3030,wram_3004_303c,0x01,medium_needs_disasm_confirmation,EE 30 30,F6 23 38 EE E6 0E 30 FE EE 30 30 FE E6 20 38 EE F6 21 00
0x0156A8,81:56A8,C1:56A8,0xED,SBC abs,$302B,wram_3004_303c,0x01,medium_needs_disasm_confirmation,ED 2B 30,EB 2A 30 EE F5 3B 30 EE ED 2B 30 F6 F3 2C 10 F0 0D 35 10
0x015766,81:5766,C1:5766,0xFE,"INC abs,X",$3028,wram_3004_303c,0x01,medium_needs_disasm_confirmation,FE 28 30,0E 37 10 ED 06 38 30 ED FE 28 30 F5 FE 39 30 F5 F6 29 10
0x01576A,81:576A,C1:576A,0xFE,"INC abs,X",$3039,wram_3004_303c,0x01,medium_needs_disasm_confirmation,FE 39 30,06 38 30 ED FE 28 30 F5 FE 39 30 F5 F6 29 10 F0 0B 35 10
0x015782,81:5782,C1:5782,0xFE,"INC abs,X",$3027,wram_3004_303c,0x01,medium_needs_disasm_confirmation,FE 27 30,0E 36 10 F8 06 26 30 F8 FE 27 30 F8 F6 34 30 F8 EE 24 6F
0x016863,81:6863,C1:6863,0x2D,AND abs,$3010,wram_3004_303c,0x01,medium_needs_disasm_confirmation,2D 10 30,00 00 27 10 28 10 2E 10 2D 10 30 10 2F 10 31 10 32 10 27
0x017728,81:7728,C1:7728,0xDD,"CMP abs,X",$2030,wram_201e_2030,0x01,medium_needs_disasm_confirmation,DD 30 20,05 37 59 3D 1E 1E A4 04 DD 30 20 D6 07 00 B6 0D 7A 00 00
0x0199BB,81:99BB,C1:99BB,0xCE,DEC abs,$3015,wram_3004_303c,0x01,medium_needs_disasm_confirmation,CE 15 30,AD D1 15 8D D3 15 6B AD CE 15 30 0F AD E3 12 0D 66 12 0D
0x01AD7F,81:AD7F,C1:AD7F,0x5E,"LSR abs,X",$3018,wram_3004_303c,0x01,medium_needs_disasm_confirmation,5E 18 30,00 FF 01 5A DA A0 00 B9 5E 18 30 05 AA 22 98 AD 81 C8 C0
0x01ADD7,81:ADD7,C1:ADD7,0x5E,"LSR abs,X",$3018,wram_3004_303c,0x01,medium_needs_disasm_confirmation,5E 18 30,B0 45 9C 68 00 A0 00 B9 5E 18 30 07 C8 C0 20 90 F6 80 2D
0x01B04C,81:B04C,C1:B04C,0x5E,"LSR abs,X",$3018,wram_3004_303c,0x01,medium_needs_disasm_confirmation,5E 18 30,AD 43 15 D0 16 A0 00 BE 5E 18 30 07 BD 59 07 89 40 D0 08
0x01B157,81:B157,C1:B157,0x5E,"LSR abs,X",$3018,wram_3004_303c,0x01,medium_needs_disasm_confirmation,5E 18 30,5A DA 9C 80 18 A0 00 B9 5E 18 30 28 CD 7E 18 F0 23 AA BD
0x01B3ED,81:B3ED,C1:B3ED,0x5E,"LSR abs,X",$3018,wram_3004_303c,0x01,medium_needs_disasm_confirmation,5E 18 30,59 09 60 5A DA A0 00 BE 5E 18 30 15 BD 99 07 C5 A4 D0 0E
0x01CEBE,81:CEBE,C1:CEBE,0x2C,BIT abs,$3022,wram_3004_303c,0x01,medium_needs_disasm_confirmation,2C 22 30,50 50 50 50 50 50 50 01 2C 22 30 03 21 53 37 50 50 50 50
0x01DEE3,81:DEE3,C1:DEE3,0x2C,BIT abs,$2022,wram_201e_2030,0x01,medium_needs_disasm_confirmation,2C 22 20,50 50 50 50 50 50 50 50 2C 22 20 03 50 21 3E 19 A4 19 A5
0x020227,82:0227,C2:0227,0xF9,"SBC abs,Y",$3005,wram_3004_303c,0x02,priority_known_engine_area,F9 05 30,00 30 FF E6 01 02 60 01 F9 05 30 F9 F9 05 02 60 00 F9 05
0x020230,82:0230,C2:0230,0xF9,"SBC abs,Y",$3005,wram_3004_303c,0x02,priority_known_engine_area,F9 05 30,05 30 F9 F9 05 02 60 00 F9 05 30 F8 F9 05 03 16 04 16 00
0x020B2A,82:0B2A,C2:0B2A,0xFE,"INC abs,X",$3025,wram_3004_303c,0x02,priority_known_engine_area,FE 25 30,02 28 30 00 00 09 30 F9 FE 25 30 E8 F1 15 20 08 F6 07 20
0x020B4F,82:0B4F,C2:0B4F,0xFE,"INC abs,X",$2025,wram_201e_2030,0x02,priority_known_engine_area,FE 25 20,02 38 F0 E6 00 0F 30 F9 FE 25 20 08 F6 07 20 00 F6 06 20
0x020B5F,82:0B5F,C2:0B5F,0xEE,INC abs,$3017,wram_3004_303c,0x02,priority_known_engine_area,EE 17 30,F6 06 20 08 EE 13 20 00 EE 17 30 E8 F1 15 20 08 DE 14 30
0x020B67,82:0B67,C2:0B67,0xDE,"DEC abs,X",$3014,wram_3004_303c,0x02,priority_known_engine_area,DE 14 30,EE 17 30 E8 F1 15 20 08 DE 14 30 F8 F6 05 30 F0 F6 04 20
0x020B7B,82:0B7B,C2:0B7B,0xEE,INC abs,$3010,wram_3004_303c,0x02,priority_known_engine_area,EE 10 30,E6 03 20 00 E6 02 30 F0 EE 10 30 F8 EE 16 30 F8 E6 01 30
0x020B7F,82:0B7F,C2:0B7F,0xEE,INC abs,$3016,wram_3004_303c,0x02,priority_known_engine_area,EE 16 30,E6 02 30 F0 EE 10 30 F8 EE 16 30 F8 E6 01 30 F0 E6 00 0F
0x020B8C,82:0B8C,C2:0B8C,0xFE,"INC abs,X",$2025,wram_201e_2030,0x02,priority_known_engine_area,FE 25 20,01 30 F0 E6 00 0F 30 F9 FE 25 20 00 EE 09 30 F8 EE 08 30
0x020B90,82:0B90,C2:0B90,0xEE,INC abs,$3009,wram_3004_303c,0x02,priority_known_engine_area,EE 09 30,00 0F 30 F9 FE 25 20 00 EE 09 30 F8 EE 08 30 E8 F1 15 20
0x020B94,82:0B94,C2:0B94,0xEE,INC abs,$3008,wram_3004_303c,0x02,priority_known_engine_area,EE 08 30,FE 25 20 00 EE 09 30 F8 EE 08 30 E8 F1 15 20 08 DE 14 20
0x020BBC,82:0BBC,C2:0BBC,0xEE,INC abs,$3010,wram_3004_303c,0x02,priority_known_engine_area,EE 10 30,E6 03 20 00 E6 02 30 F0 EE 10 30 F8 E6 01 30 F0 E6 00 0C
0x020BC9,82:0BC9,C2:0BC9,0xFE,"INC abs,X",$3025,wram_3004_303c,0x02,priority_known_engine_area,FE 25 30,01 30 F0 E6 00 0C 30 F9 FE 25 30 E8 F1 15 20 08 DE 14 20
0x020BE9,82:0BE9,C2:0BE9,0xEE,INC abs,$3019,wram_3004_303c,0x02,priority_known_engine_area,EE 19 30,F6 04 28 00 E6 02 30 F8 EE 19 30 F0 EE 10 30 F8 E6 18 30
0x020BED,82:0BED,C2:0BED,0xEE,INC abs,$3010,wram_3004_303c,0x02,priority_known_engine_area,EE 10 30,E6 02 30 F8 EE 19 30 F0 EE 10 30 F8 E6 18 30 F0 E6 00 0C
0x020BFA,82:0BFA,C2:0BFA,0xFE,"INC abs,X",$3025,wram_3004_303c,0x02,priority_known_engine_area,FE 25 30,18 30 F0 E6 00 0C 30 F9 FE 25 30 F8 EE 1A 30 F8 E6 0A 30
0x020BFE,82:0BFE,C2:0BFE,0xEE,INC abs,$301A,wram_3004_303c,0x02,priority_known_engine_area,EE 1A 30,00 0C 30 F9 FE 25 30 F8 EE 1A 30 F8 E6 0A 30 E8 F1 15 20
0x020C22,82:0C22,C2:0C22,0xEE,INC abs,$3010,wram_3004_303c,0x02,priority_known_engine_area,EE 10 30,F6 04 28 00 E6 02 30 F0 EE 10 30 F0 E6 00 09 30 F9 FE 25
0x020C2B,82:0C2B,C2:0C2B,0xFE,"INC abs,X",$3025,wram_3004_303c,0x02,priority_known_engine_area,FE 25 30,10 30 F0 E6 00 09 30 F9 FE 25 30 E8 F2 15 20 08 F6 21 20
0x020C50,82:0C50,C2:0C50,0xFE,"INC abs,X",$3025,wram_3004_303c,0x02,priority_known_engine_area,FE 25 30,0D 38 F0 E6 0B 09 30 F9 FE 25 30 E8 F1 31 20 08 F6 07 20
0x020C75,82:0C75,C2:0C75,0xFE,"INC abs,X",$3025,wram_3004_303c,0x02,priority_known_engine_area,FE 25 30,02 38 F0 E6 00 0C 30 F9 FE 25 30 F8 EE 11 30 F0 EE 32 30
0x020C79,82:0C79,C2:0C79,0xEE,INC abs,$3011,wram_3004_303c,0x02,priority_known_engine_area,EE 11 30,00 0C 30 F9 FE 25 30 F8 EE 11 30 F0 EE 32 30 F8 E6 01 30
0x020C7D,82:0C7D,C2:0C7D,0xEE,INC abs,$3032,wram_3004_303c,0x02,priority_known_engine_area,EE 32 30,FE 25 30 F8 EE 11 30 F0 EE 32 30 F8 E6 01 30 F0 E6 00 30
0x020CA6,82:0CA6,C2:0CA6,0xFE,"INC abs,X",$2025,wram_201e_2030,0x02,priority_known_engine_area,FE 25 20,14 28 00 E6 02 0C 30 F9 FE 25 20 08 E6 03 20 00 E6 23 20
0x020CB6,82:0CB6,C2:0CB6,0xEE,INC abs,$3012,wram_3004_303c,0x02,priority_known_engine_area,EE 12 30,E6 23 20 08 EE 13 20 00 EE 12 30 E8 F1 15 20 08 F6 07 20
0x020CD7,82:0CD7,C2:0CD7,0xFE,"INC abs,X",$2025,wram_201e_2030,0x02,priority_known_engine_area,FE 25 20,14 38 F0 E6 00 0A 30 F9 FE 25 20 08 DE 33 30 E8 F1 15 20
0x020CDB,82:0CDB,C2:0CDB,0xDE,"DEC abs,X",$3033,wram_3004_303c,0x02,priority_known_engine_area,DE 33 30,00 0A 30 F9 FE 25 20 08 DE 33 30 E8 F1 15 20 08 F6 07 20
0x020D00,82:0D00,C2:0D00,0xFE,"INC abs,X",$2025,wram_201e_2030,0x02,priority_known_engine_area,FE 25 20,02 38 F0 E6 00 0A 30 F9 FE 25 20 08 DE 24 30 E8 F1 15 20
0x020D04,82:0D04,C2:0D04,0xDE,"DEC abs,X",$3024,wram_3004_303c,0x02,priority_known_engine_area,DE 24 30,00 0A 30 F9 FE 25 20 08 DE 24 30 E8 F1 15 20 08 F6 07 20
0x020D29,82:0D29,C2:0D29,0xFE,"INC abs,X",$2025,wram_201e_2030,0x02,priority_known_engine_area,FE 25 20,02 38 F0 E6 00 0A 30 F9 FE 25 20 08 DE 34 30 E8 F1 15 20
0x020D2D,82:0D2D,C2:0D2D,0xDE,"DEC abs,X",$3034,wram_3004_303c,0x02,priority_known_engine_area,DE 34 30,00 0A 30 F9 FE 25 20 08 DE 34 30 E8 F1 15 20 08 F6 07 20
0x021214,82:1214,C2:1214,0xCE,DEC abs,$3013,wram_3004_303c,0x02,priority_known_engine_area,CE 13 30,D6 04 20 08 CE 03 20 00 CE 13 30 F8 CE 12 30 F8 C6 02 38
0x021218,82:1218,C2:1218,0xCE,DEC abs,$3012,wram_3004_303c,0x02,priority_known_engine_area,CE 12 30,CE 03 20 00 CE 13 30 F8 CE 12 30 F8 C6 02 38 E8 C6 00 56
0x0212DC,82:12DC,C2:12DC,0xF9,"SBC abs,Y",$3004,wram_3004_303c,0x02,priority_known_engine_area,F9 04 30,04 60 00 F9 04 02 60 01 F9 04 30 F9 F9 04 02 60 02 F9 04
0x0212E5,82:12E5,C2:12E5,0xF9,"SBC abs,Y",$3004,wram_3004_303c,0x02,priority_known_engine_area,F9 04 30,04 30 F9 F9 04 02 60 02 F9 04 30 FA F9 04 02 60 03 F9 04
0x0212EE,82:12EE,C2:12EE,0xF9,"SBC abs,Y",$3004,wram_3004_303c,0x02,priority_known_engine_area,F9 04 30,04 30 FA F9 04 02 60 03 F9 04 30 FB F9 04 02 60 00 F9 04
0x0212F7,82:12F7,C2:12F7,0xF9,"SBC abs,Y",$3004,wram_3004_303c,0x02,priority_known_engine_area,F9 04 30,04 30 FB F9 04 02 60 00 F9 04 30 F8 F9 04 02 70 FF F9 04
0x021300,82:1300,C2:1300,0xF9,"SBC abs,Y",$3004,wram_3004_303c,0x02,priority_known_engine_area,F9 04 30,04 30 F8 F9 04 02 70 FF F9 04 30 F7 F9 04 02 70 FE F9 04
0x021309,82:1309,C2:1309,0xF9,"SBC abs,Y",$3004,wram_3004_303c,0x02,priority_known_engine_area,F9 04 30,04 30 F7 F9 04 02 70 FE F9 04 30 F6 F9 04 02 70 FD F9 04
0x021312,82:1312,C2:1312,0xF9,"SBC abs,Y",$3004,wram_3004_303c,0x02,priority_known_engine_area,F9 04 30,04 30 F6 F9 04 02 70 FD F9 04 30 F5 F9 04 02 70 FC F9 04
0x02131B,82:131B,C2:131B,0xF9,"SBC abs,Y",$3004,wram_3004_303c,0x02,priority_known_engine_area,F9 04 30,04 30 F5 F9 04 02 70 FC F9 04 30 F4 F9 04 02 70 FB F9 04
0x021324,82:1324,C2:1324,0xF9,"SBC abs,Y",$3004,wram_3004_303c,0x02,priority_known_engine_area,F9 04 30,04 30 F4 F9 04 02 70 FB F9 04 30 F3 F9 04 57 06 58 06 59
0x021B6E,82:1B6E,C2:1B6E,0xB9,"LDA abs,Y",$3016,wram_3004_303c,0x02,priority_known_engine_area,B9 16 30,D1 06 38 FB D1 0B 60 0B B9 16 30 F3 B9 16 28 03 C1 09 38
0x021DC5,82:1DC5,C2:1DC5,0x2E,ROL abs,$3012,wram_3004_303c,0x02,priority_known_engine_area,2E 12 30,2C FF 2D 0D 2E 11 2E 2D 2E 12 30 16 30 20 30 2A 30 A0 34
0x021E82,82:1E82,C2:1E82,0xAE,LDX abs,$201F,wram_201e_2030,0x02,priority_known_engine_area,AE 1F 20,00 12 30 E4 B6 2E 30 E4 AE 1F 20 1C B0 2D 20 1C A8 1E 20
0x021E8E,82:1E8E,C2:1E8E,0xCE,DEC abs,$3019,wram_3004_303c,0x02,priority_known_engine_area,CE 19 30,B0 2D 20 1C A8 1E 20 04 CE 19 30 FE CE 18 38 EE CE 16 28
0x021ECB,82:1ECB,C2:1ECB,0xAD,LDA abs,$201F,wram_201e_2030,0x02,priority_known_engine_area,AD 1F 20,00 12 30 E4 B5 2E 30 E4 AD 1F 20 1C AF 2D 20 1C A7 1E 20
0x021ED7,82:1ED7,C2:1ED7,0xCD,CMP abs,$3019,wram_3004_303c,0x02,priority_known_engine_area,CD 19 30,AF 2D 20 1C A7 1E 20 04 CD 19 30 FE CD 18 38 EE CD 16 28
0x021FA5,82:1FA5,C2:1FA5,0xAE,LDX abs,$3013,wram_3004_303c,0x02,priority_known_engine_area,AE 13 30,AE 15 20 0C AE 14 20 04 AE 13 30 FC AE 12 30 F4 AE 11 20
0x021FA9,82:1FA9,C2:1FA9,0xAE,LDX abs,$3012,wram_3004_303c,0x02,priority_known_engine_area,AE 12 30,AE 14 20 04 AE 13 30 FC AE 12 30 F4 AE 11 20 14 A6 05 20
0x021FBD,82:1FBD,C2:1FBD,0x9E,"STZ abs,X",$202C,wram_201e_2030,0x02,priority_known_engine_area,9E 2C 20,A6 1C 20 14 96 1D 20 14 9E 2C 20 0C 96 2B 20 04 96 2A 20
0x021FE9,82:1FE9,C2:1FE9,0xAE,LDX abs,$201F,wram_201e_2030,0x02,priority_known_engine_area,AE 1F 20,96 28 30 E4 B6 2E 30 E4 AE 1F 20 1C B0 2D 20 1C A8 1E 20
0x021FF5,82:1FF5,C2:1FF5,0xCE,DEC abs,$3019,wram_3004_303c,0x02,priority_known_engine_area,CE 19 30,B0 2D 20 1C A8 1E 20 04 CE 19 30 FE CE 18 38 EE CE 16 28
0x022076,82:2076,C2:2076,0xAD,LDA abs,$202D,wram_201e_2030,0x02,priority_known_engine_area,AD 2D 20,B3 2E 30 E4 AB 1F 20 1C AD 2D 20 1C A5 1E 20 04 CB 19 30
0x02218F,82:218F,C2:218F,0xCE,DEC abs,$202D,wram_201e_2030,0x02,priority_known_engine_area,CE 2D 20,D4 2E 30 E4 CC 1F 20 1C CE 2D 20 1C C6 1E 20 04 EC 19 30
0x0222C6,82:22C6,C2:22C6,0xBC,"LDY abs,X",$202C,wram_201e_2030,0x02,priority_known_engine_area,BC 2C 20,C4 1C 20 14 B4 1D 20 14 BC 2C 20 0C B4 2B 20 04 B4 2A 20
0x0222F6,82:22F6,C2:22F6,0xCE,DEC abs,$202D,wram_201e_2030,0x02,priority_known_engine_area,CE 2D 20,D4 2E 30 E4 CC 1F 20 1C CE 2D 20 1C C6 1E 20 04 EC 19 30
0x022481,82:2481,C2:2481,0xFD,"SBC abs,X",$201E,wram_201e_2030,0x02,priority_known_engine_area,FD 1E 20,F6 0E 30 E8 F6 0E 20 08 FD 1E 20 00 FD 1D 30 F8 FD 1C 30
0x022485,82:2485,C2:2485,0xFD,"SBC abs,X",$301D,wram_3004_303c,0x02,priority_known_engine_area,FD 1D 30,F6 0E 20 08 FD 1E 20 00 FD 1D 30 F8 FD 1C 30 F0 FD 0F 28
0x022489,82:2489,C2:2489,0xFD,"SBC abs,X",$301C,wram_3004_303c,0x02,priority_known_engine_area,FD 1C 30,FD 1E 20 00 FD 1D 30 F8 FD 1C 30 F0 FD 0F 28 00 ED 02 38
0x0224CE,82:24CE,C2:24CE,0xFD,"SBC abs,X",$201E,wram_201e_2030,0x02,priority_known_engine_area,FD 1E 20,F6 0E 30 E8 F6 0E 20 08 FD 1E 20 00 FD 1D 30 F8 FD 1C 30
0x0224D2,82:24D2,C2:24D2,0xFD,"SBC abs,X",$301D,wram_3004_303c,0x02,priority_known_engine_area,FD 1D 30,F6 0E 20 08 FD 1E 20 00 FD 1D 30 F8 FD 1C 30 F0 FD 0F 60
0x0224D6,82:24D6,C2:24D6,0xFD,"SBC abs,X",$301C,wram_3004_303c,0x02,priority_known_engine_area,FD 1C 30,FD 1E 20 00 FD 1D 30 F8 FD 1C 30 F0 FD 0F 60 08 E5 0C 60
0x022513,82:2513,C2:2513,0xFD,"SBC abs,X",$201E,wram_201e_2030,0x02,priority_known_engine_area,FD 1E 20,F6 0E 30 E8 F6 0E 20 08 FD 1E 20 00 FD 1D 30 F8 FD 1C 30
0x022517,82:2517,C2:2517,0xFD,"SBC abs,X",$301D,wram_3004_303c,0x02,priority_known_engine_area,FD 1D 30,F6 0E 20 08 FD 1E 20 00 FD 1D 30 F8 FD 1C 30 F0 FD 0F 60
0x02251B,82:251B,C2:251B,0xFD,"SBC abs,X",$301C,wram_3004_303c,0x02,priority_known_engine_area,FD 1C 30,FD 1E 20 00 FD 1D 30 F8 FD 1C 30 F0 FD 0F 60 08 E5 0C 60
0x022558,82:2558,C2:2558,0xFD,"SBC abs,X",$201E,wram_201e_2030,0x02,priority_known_engine_area,FD 1E 20,F6 0E 30 E8 F6 0E 20 08 FD 1E 20 00 FD 1D 30 F8 FD 1C 30
0x02255C,82:255C,C2:255C,0xFD,"SBC abs,X",$301D,wram_3004_303c,0x02,priority_known_engine_area,FD 1D 30,F6 0E 20 08 FD 1E 20 00 FD 1D 30 F8 FD 1C 30 F0 FD 0F 60
0x022560,82:2560,C2:2560,0xFD,"SBC abs,X",$301C,wram_3004_303c,0x02,priority_known_engine_area,FD 1C 30,FD 1E 20 00 FD 1D 30 F8 FD 1C 30 F0 FD 0F 60 08 E5 0C 60
0x023057,82:3057,C2:3057,0xED,SBC abs,$301A,wram_3004_303c,0x02,priority_known_engine_area,ED 1A 30,E1 19 20 00 E0 0A 30 FC ED 1A 30 EF D7 09 E0 13 C9 18 70
0x02312D,82:312D,C2:312D,0xAE,LDX abs,$3010,wram_3004_303c,0x02,priority_known_engine_area,AE 10 30,B6 03 38 F4 B6 01 20 00 AE 10 30 F8 AE 00 14 20 07 DB 0B
0x0231EC,82:31EC,C2:31EC,0xED,SBC abs,$301A,wram_3004_303c,0x02,priority_known_engine_area,ED 1A 30,E1 19 20 00 E1 0A 30 FB ED 1A 30 EE D7 09 E0 13 CA 18 70
0x02323D,82:323D,C2:323D,0xED,SBC abs,$301A,wram_3004_303c,0x02,priority_known_engine_area,ED 1A 30,E1 19 20 00 E0 0A 30 FC ED 1A 30 EF D7 09 E0 13 C9 18 70
0x0232A6,82:32A6,C2:32A6,0xED,SBC abs,$301A,wram_3004_303c,0x02,priority_known_engine_area,ED 1A 30,E1 19 20 00 E0 0A 30 FC ED 1A 30 EF D7 09 E0 13 C9 18 70
0x023303,82:3303,C2:3303,0xED,SBC abs,$301A,wram_3004_303c,0x02,priority_known_engine_area,ED 1A 30,E1 19 20 00 E0 0A 30 FC ED 1A 30 EF D7 09 E0 13 C9 18 70
0x023AF1,82:3AF1,C2:3AF1,0xDE,"DEC abs,X",$302C,wram_3004_303c,0x02,priority_known_engine_area,DE 2C 30,10 64 10 00 00 12 20 05 DE 2C 30 EF F6 2B 30 E7 F5 2A 20
0x023B0D,82:3B0D,C2:3B0D,0xCE,DEC abs,$2023,wram_201e_2030,0x02,priority_known_engine_area,CE 23 20,E7 1C 20 0D DF 0C 20 00 CE 23 20 05 D6 22 20 0E EF 21 30
0x023B3A,82:3B3A,C2:3B3A,0xDE,"DEC abs,X",$302C,wram_3004_303c,0x02,priority_known_engine_area,DE 2C 30,02 38 E0 C6 00 15 20 05 DE 2C 30 EF F6 2B 30 E7 F5 2A 30
0x023B46,82:3B46,C2:3B46,0xDE,"DEC abs,X",$3015,wram_3004_303c,0x02,priority_known_engine_area,DE 15 30,F6 2B 30 E7 F5 2A 30 F0 DE 15 30 E8 DE 14 30 F0 D6 25 30
0x023B4A,82:3B4A,C2:3B4A,0xDE,"DEC abs,X",$3014,wram_3004_303c,0x02,priority_known_engine_area,DE 14 30,F5 2A 30 F0 DE 15 30 E8 DE 14 30 F0 D6 25 30 E8 D6 24 20
0x023B66,82:3B66,C2:3B66,0xCE,DEC abs,$2023,wram_201e_2030,0x02,priority_known_engine_area,CE 23 20,E7 1C 20 0D DF 0C 20 00 CE 23 20 05 D6 22 20 0E EF 21 30
0x023B8F,82:3B8F,C2:3B8F,0xDE,"DEC abs,X",$302C,wram_3004_303c,0x02,priority_known_engine_area,DE 2C 30,02 38 E0 C6 00 15 20 05 DE 2C 30 EF F6 2B 30 E7 F5 2A 30
0x023BA3,82:3BA3,C2:3BA3,0xDE,"DEC abs,X",$3015,wram_3004_303c,0x02,priority_known_engine_area,DE 15 30,D6 28 30 F0 D6 29 30 F0 DE 15 30 E8 DE 14 20 17 DF 0D 20
0x023BBB,82:3BBB,C2:3BBB,0xCE,DEC abs,$2023,wram_201e_2030,0x02,priority_known_engine_area,CE 23 20,E7 1C 20 0D DF 0C 20 00 CE 23 20 05 D6 22 20 0E EF 21 30
0x023BE4,82:3BE4,C2:3BE4,0xDE,"DEC abs,X",$302C,wram_3004_303c,0x02,priority_known_engine_area,DE 2C 30,02 38 E0 C6 00 15 20 05 DE 2C 30 EF F6 2B 30 E7 F5 2A 30
0x023BF8,82:3BF8,C2:3BF8,0xDE,"DEC abs,X",$3015,wram_3004_303c,0x02,priority_known_engine_area,DE 15 30,D6 26 30 F0 D6 27 30 F0 DE 15 30 E8 DE 14 20 17 DF 0D 20
0x023C10,82:3C10,C2:3C10,0xCE,DEC abs,$2023,wram_201e_2030,0x02,priority_known_engine_area,CE 23 20,E7 1C 20 0D DF 0C 20 00 CE 23 20 05 D6 22 20 0E EF 21 30
0x023CEF,82:3CEF,C2:3CEF,0xF9,"SBC abs,Y",$300C,wram_3004_303c,0x02,priority_known_engine_area,F9 0C 30,FF 0C B0 F5 FF 0C 60 03 F9 0C 30 F5 F9 0C 22 90 AC 37 0D
0x023F45,82:3F45,C2:3F45,0xD9,"CMP abs,Y",$300A,wram_3004_303c,0x02,priority_known_engine_area,D9 0A 30,D9 0E 38 F9 D9 0C 38 E9 D9 0A 30 E1 D9 09 30 F1 B1 06 30
0x023F49,82:3F49,C2:3F49,0xD9,"CMP abs,Y",$3009,wram_3004_303c,0x02,priority_known_engine_area,D9 09 30,D9 0C 38 E9 D9 0A 30 E1 D9 09 30 F1 B1 06 30 F9 B1 07 30
0x023F55,82:3F55,C2:3F55,0xB9,"LDA abs,Y",$3017,wram_3004_303c,0x02,priority_known_engine_area,B9 17 30,B1 06 30 F9 B1 07 30 F7 B9 17 30 FF C1 19 30 F7 C1 18 20
0x023F96,82:3F96,C2:3F96,0xD9,"CMP abs,Y",$300A,wram_3004_303c,0x02,priority_known_engine_area,D9 0A 30,D9 0E 38 F8 D9 0C 38 E8 D9 0A 30 E0 D9 09 30 F0 B1 06 30
0x023F9A,82:3F9A,C2:3F9A,0xD9,"CMP abs,Y",$3009,wram_3004_303c,0x02,priority_known_engine_area,D9 09 30,D9 0C 38 E8 D9 0A 30 E0 D9 09 30 F0 B1 06 30 F8 B1 07 30
0x023FA6,82:3FA6,C2:3FA6,0xB9,"LDA abs,Y",$3017,wram_3004_303c,0x02,priority_known_engine_area,B9 17 30,B1 06 30 F8 B1 07 30 F6 B9 17 30 FE C1 19 30 F6 C1 18 20
0x023FE7,82:3FE7,C2:3FE7,0xD9,"CMP abs,Y",$300A,wram_3004_303c,0x02,priority_known_engine_area,D9 0A 30,D9 0E 38 F7 D9 0C 38 E7 D9 0A 30 DF D9 09 30 EF B1 06 30
0x023FEB,82:3FEB,C2:3FEB,0xD9,"CMP abs,Y",$3009,wram_3004_303c,0x02,priority_known_engine_area,D9 09 30,D9 0C 38 E7 D9 0A 30 DF D9 09 30 EF B1 06 30 F7 B1 07 30
0x023FF7,82:3FF7,C2:3FF7,0xB9,"LDA abs,Y",$3017,wram_3004_303c,0x02,priority_known_engine_area,B9 17 30,B1 06 30 F7 B1 07 30 F5 B9 17 30 FD C1 19 30 F5 C1 18 20
0x024239,82:4239,C2:4239,0xAE,LDX abs,$301F,wram_3004_303c,0x02,priority_known_engine_area,AE 1F 30,02 38 E6 E7 00 14 30 EE AE 1F 30 E6 B0 0F 30 EE B6 1A 30
0x024249,82:4249,C2:4249,0xAE,LDX abs,$2027,wram_201e_2030,0x02,priority_known_engine_area,AE 27 20,B6 1A 30 FE AE 36 20 0E AE 27 20 06 AE 26 28 06 B6 24 38
0x02426D,82:426D,C2:426D,0xDE,"DEC abs,X",$3018,wram_3004_303c,0x02,priority_known_engine_area,DE 18 30,D6 0A 20 0E DE 19 20 06 DE 18 30 FE D6 09 30 F6 D6 08 38
0x02428A,82:428A,C2:428A,0xDD,"CMP abs,X",$3017,wram_3004_303c,0x02,priority_known_engine_area,DD 17 30,02 38 E6 E6 00 1A 30 EF DD 17 30 E7 DD 16 30 E7 D5 06 30
0x02428E,82:428E,C2:428E,0xDD,"CMP abs,X",$3016,wram_3004_303c,0x02,priority_known_engine_area,DD 16 30,00 1A 30 EF DD 17 30 E7 DD 16 30 E7 D5 06 30 FF CD 1E 30
0x024296,82:4296,C2:4296,0xCD,CMP abs,$301E,wram_3004_303c,0x02,priority_known_engine_area,CD 1E 30,DD 16 30 E7 D5 06 30 FF CD 1E 30 FF C5 0E 30 F7 C5 0D 30
0x0242A2,82:42A2,C2:42A2,0xCD,CMP abs,$301B,wram_3004_303c,0x02,priority_known_engine_area,CD 1B 30,C5 0E 30 F7 C5 0D 30 E7 CD 1B 30 E7 C5 0B 30 EF C5 0C 38
0x0242AE,82:42AE,C2:42AE,0xCD,CMP abs,$3028,wram_3004_303c,0x02,priority_known_engine_area,CD 28 30,C5 0B 30 EF C5 0C 38 EF CD 28 30 EF AD 1F 30 E7 AF 0F 30
0x0242B2,82:42B2,C2:42B2,0xAD,LDA abs,$301F,wram_3004_303c,0x02,priority_known_engine_area,AD 1F 30,C5 0C 38 EF CD 28 30 EF AD 1F 30 E7 AF 0F 30 EF B5 1A 30
0x0242C2,82:42C2,C2:42C2,0xAD,LDA abs,$2027,wram_201e_2030,0x02,priority_known_engine_area,AD 27 20,B5 1A 30 FF AD 36 20 0F AD 27 20 07 AD 26 28 07 B5 24 38
0x0242DE,82:42DE,C2:42DE,0xDD,"CMP abs,X",$3018,wram_3004_303c,0x02,priority_known_engine_area,DD 18 30,D5 0A 20 0F DD 19 20 07 DD 18 30 FF D5 09 28 07 E5 04 38
0x0242F3,82:42F3,C2:42F3,0xAD,LDA abs,$301F,wram_3004_303c,0x02,priority_known_engine_area,AD 1F 30,02 38 E7 E5 00 14 30 F0 AD 1F 30 E8 AF 0F 30 F0 B5 1A 20
0x024303,82:4303,C2:4303,0xAD,LDA abs,$2027,wram_201e_2030,0x02,priority_known_engine_area,AD 27 20,B5 1A 20 00 AD 36 20 10 AD 27 20 08 AD 26 28 08 B5 24 38
0x024344,82:4344,C2:4344,0xDE,"DEC abs,X",$3017,wram_3004_303c,0x02,priority_known_engine_area,DE 17 30,02 38 E8 E5 00 1A 30 F1 DE 17 30 E9 DE 16 30 E9 D6 06 20
0x024348,82:4348,C2:4348,0xDE,"DEC abs,X",$3016,wram_3004_303c,0x02,priority_known_engine_area,DE 16 30,00 1A 30 F1 DE 17 30 E9 DE 16 30 E9 D6 06 20 01 CE 1E 20
0x024350,82:4350,C2:4350,0xCE,DEC abs,$201E,wram_201e_2030,0x02,priority_known_engine_area,CE 1E 20,DE 16 30 E9 D6 06 20 01 CE 1E 20 01 C6 0E 30 F9 C6 0D 30
0x02435C,82:435C,C2:435C,0xCE,DEC abs,$301B,wram_3004_303c,0x02,priority_known_engine_area,CE 1B 30,C6 0E 30 F9 C6 0D 30 E9 CE 1B 30 E9 C6 0B 30 F1 C6 0C 38
0x024368,82:4368,C2:4368,0xCE,DEC abs,$3028,wram_3004_303c,0x02,priority_known_engine_area,CE 28 30,C6 0B 30 F1 C6 0C 38 F1 CE 28 30 F1 AE 1F 30 E9 B0 0F 30
0x02436C,82:436C,C2:436C,0xAE,LDX abs,$301F,wram_3004_303c,0x02,priority_known_engine_area,AE 1F 30,C6 0C 38 F1 CE 28 30 F1 AE 1F 30 E9 B0 0F 30 F1 B6 1A 20
0x02437C,82:437C,C2:437C,0xAE,LDX abs,$2027,wram_201e_2030,0x02,priority_known_engine_area,AE 27 20,B6 1A 20 01 AE 36 20 11 AE 27 20 09 AE 26 28 09 B6 24 38
0x02446B,82:446B,C2:446B,0xAD,LDA abs,$303B,wram_3004_303c,0x02,priority_known_engine_area,AD 3B 30,02 1A 30 E7 C5 0B 30 EF AD 3B 30 E7 B0 3A 38 E7 E5 00 30
0x02447B,82:447B,C2:447B,0xCD,CMP abs,$301C,wram_3004_303c,0x02,priority_known_engine_area,CD 1C 30,E5 00 30 EF C5 0C 30 EF CD 1C 30 E7 CD 1B 20 07 B5 24 20
0x024493,82:4493,C2:4493,0xAD,LDA abs,$302C,wram_3004_303c,0x02,priority_known_engine_area,AD 2C 30,BD 35 20 0F B5 3C 20 0F AD 2C 30 EF B5 1A 30 FF AD 36 20
0x0244B7,82:44B7,C2:44B7,0xDD,"CMP abs,X",$3018,wram_3004_303c,0x02,priority_known_engine_area,DD 18 30,D5 0A 20 0F DD 19 20 07 DD 18 30 FF D5 09 30 F7 D5 08 38
0x0244D4,82:44D4,C2:44D4,0xAE,LDX abs,$303B,wram_3004_303c,0x02,priority_known_engine_area,AE 3B 30,02 1A 30 E9 C6 0B 30 F1 AE 3B 30 E9 B1 3A 38 E9 E6 00 30
0x0244E4,82:44E4,C2:44E4,0xCE,DEC abs,$301C,wram_3004_303c,0x02,priority_known_engine_area,CE 1C 30,E6 00 30 F1 C6 0C 30 F1 CE 1C 30 E9 CE 1B 20 09 B6 24 20
0x0244FC,82:44FC,C2:44FC,0xAE,LDX abs,$302C,wram_3004_303c,0x02,priority_known_engine_area,AE 2C 30,BE 35 20 11 B6 3C 20 11 AE 2C 30 F1 B6 1A 20 01 AE 36 20
0x024549,82:4549,C2:4549,0xF9,"SBC abs,Y",$202B,wram_201e_2030,0x02,priority_known_engine_area,F9 2B 20,00 2B B0 F0 FF 2B 20 08 F9 2B 20 00 F8 2B 30 F8 F8 2B 30
0x02457A,82:457A,C2:457A,0xF9,"SBC abs,Y",$302B,wram_3004_303c,0x02,priority_known_engine_area,F9 2B 30,00 2B B0 EF FF 2B 20 07 F9 2B 30 FF F8 2B 30 F7 F8 2B 30
0x0245AB,82:45AB,C2:45AB,0xF9,"SBC abs,Y",$302B,wram_3004_303c,0x02,priority_known_engine_area,F9 2B 30,00 2B B0 EE FF 2B 20 06 F9 2B 30 FE F8 2B 30 F6 F8 2B 30
0x0245DC,82:45DC,C2:45DC,0xF9,"SBC abs,Y",$302B,wram_3004_303c,0x02,priority_known_engine_area,F9 2B 30,00 2B B0 ED FF 2B 20 05 F9 2B 30 FD F8 2B 30 F5 F8 2B 30
0x02460D,82:460D,C2:460D,0xF9,"SBC abs,Y",$302B,wram_3004_303c,0x02,priority_known_engine_area,F9 2B 30,00 2B B0 EC FF 2B 20 04 F9 2B 30 FC F8 2B 30 F4 F8 2B 30
0x0249E1,82:49E1,C2:49E1,0xCD,CMP abs,$201E,wram_201e_2030,0x02,priority_known_engine_area,CD 1E 20,D8 0F 30 E7 E7 1E 30 E4 CD 1E 20 08 D0 1E 20 10 C8 0E 30
0x024C00,82:4C00,C2:4C00,0xEE,INC abs,$3007,wram_3004_303c,0x02,priority_known_engine_area,EE 07 30,D6 00 60 00 EB 06 20 00 EE 07 30 F9 EB 06 0F 60 08 FB 07
0x024C3D,82:4C3D,C2:4C3D,0xED,SBC abs,$3007,wram_3004_303c,0x02,priority_known_engine_area,ED 07 30,D5 00 60 00 EB 06 20 00 ED 07 30 F9 EB 06 0F 60 08 FD 07
0x024C46,82:4C46,C2:4C46,0xFD,"SBC abs,X",$3007,wram_3004_303c,0x02,priority_known_engine_area,FD 07 30,07 30 F9 EB 06 0F 60 08 FD 07 30 F1 FD 07 60 00 F4 13 30
0x024F8A,82:4F8A,C2:4F8A,0xDE,"DEC abs,X",$3005,wram_3004_303c,0x02,priority_known_engine_area,DE 05 30,E6 14 30 F8 EE 02 30 F8 DE 05 30 F0 EE 12 30 F0 E6 04 30
0x024F8E,82:4F8E,C2:4F8E,0xEE,INC abs,$3012,wram_3004_303c,0x02,priority_known_engine_area,EE 12 30,EE 02 30 F8 DE 05 30 F0 EE 12 30 F0 E6 04 30 F8 E6 14 0A
0x024FDC,82:4FDC,C2:4FDC,0xDE,"DEC abs,X",$3005,wram_3004_303c,0x02,priority_known_engine_area,DE 05 30,E6 14 30 F6 EE 02 30 F6 DE 05 30 EE EE 12 30 EE E6 04 30
0x024FE0,82:4FE0,C2:4FE0,0xEE,INC abs,$3012,wram_3004_303c,0x02,priority_known_engine_area,EE 12 30,EE 02 30 F6 DE 05 30 EE EE 12 30 EE E6 04 30 F6 E6 14 0A
0x02502E,82:502E,C2:502E,0xDE,"DEC abs,X",$3005,wram_3004_303c,0x02,priority_known_engine_area,DE 05 30,E6 14 30 FA EE 02 30 FA DE 05 30 F2 EE 12 30 F2 E6 04 30
0x025032,82:5032,C2:5032,0xEE,INC abs,$3012,wram_3004_303c,0x02,priority_known_engine_area,EE 12 30,EE 02 30 FA DE 05 30 F2 EE 12 30 F2 E6 04 30 FA E6 14 02
0x025EB1,82:5EB1,C2:5EB1,0x2C,BIT abs,$3004,wram_3004_303c,0x02,priority_known_engine_area,2C 04 30,14 08 20 04 24 04 28 04 2C 04 30 04 34 08 00 0E 06 0C 00
0x029BE6,82:9BE6,C2:9BE6,0x1C,TRB abs,$3038,wram_3004_303c,0x02,priority_known_engine_area,1C 38 30,19 48 AD 25 1C 48 AD 26 1C 38 30 06 9C 25 1C 20 AF 9E 90
0x02A487,82:A487,C2:A487,0xFE,"INC abs,X",$302C,wram_3004_303c,0x02,priority_known_engine_area,FE 2C 30,01 20 FA 10 28 FC 20 2C FE 2C 30 00 34 32 02 38 36 04 3A
0x02A8A3,82:A8A3,C2:A8A3,0x2C,BIT abs,$303B,wram_3004_303c,0x02,priority_known_engine_area,2C 3B 30,7F 10 00 83 00 39 30 3A 2C 3B 30 F2 40 73 40 74 40 77 40
0x02C5EA,82:C5EA,C2:C5EA,0x1D,"ORA abs,X",$3020,wram_3004_303c,0x02,priority_known_engine_area,1D 20 30,01 F0 2F BD D1 1D 8D 8A 1D 20 30 C6 08 68 29 01 CD 51 1F
0x02DC87,82:DC87,C2:DC87,0xD9,"CMP abs,Y",$3005,wram_3004_303c,0x02,priority_known_engine_area,D9 05 30,D0 37 DA BD 85 1B AA BC D9 05 30 0C B9 27 0D 22 DE B4 80
0x02DCB0,82:DCB0,C2:DCB0,0xD9,"CMP abs,Y",$3005,wram_3004_303c,0x02,priority_known_engine_area,D9 05 30,38 E9 1A A8 B9 C2 DC BC D9 05 30 04 22 A3 BC 80 FA 7A 68
0x02DD05,82:DD05,C2:DD05,0xD9,"CMP abs,Y",$3005,wram_3004_303c,0x02,priority_known_engine_area,D9 05 30,1B F0 1A DA 48 DA A8 B9 D9 05 30 04 22 AA AF 80 FA 20 2B
0x02E495,82:E495,C2:E495,0x2C,BIT abs,$2027,wram_201e_2030,0x02,priority_known_engine_area,2C 27 20,50 21 44 32 50 18 73 01 2C 27 20 03 02 21 3E 21 53 38 50
0x02F226,82:F226,C2:F226,0x8C,STY abs,$201F,wram_201e_2030,0x02,priority_known_engine_area,8C 1F 20,E8 E0 40 90 ED A2 00 8E 8C 1F 20 2C F2 60 DA AE 8C 1F A9
0x02F275,82:F275,C2:F275,0x8C,STY abs,$201F,wram_201e_2030,0x02,priority_known_engine_area,8C 1F 20,7E 48 29 7F 8D 24 19 8E 8C 1F 20 2C F2 9C 64 03 68 10 08
0x02F2C6,82:F2C6,C2:F2C6,0x8C,STY abs,$201F,wram_201e_2030,0x02,priority_known_engine_area,8C 1F 20,F8 5F 7E C5 06 D0 06 8E 8C 1F 20 2C F2 E8 E0 40 90 ED 68
0x02F497,82:F497,C2:F497,0xD9,"CMP abs,Y",$3005,wram_3004_303c,0x02,priority_known_engine_area,D9 05 30,85 1B F0 12 DA 48 A8 B9 D9 05 30 04 22 AA AF 80 68 22 39
0x02F655,82:F655,C2:F655,0xD9,"CMP abs,Y",$3005,wram_3004_303c,0x02,priority_known_engine_area,D9 05 30,AD 91 1F F0 10 48 A8 B9 D9 05 30 04 22 AA AF 80 68 22 39
0x02FD34,82:FD34,C2:FD34,0x1E,"ASL abs,X",$201F,wram_201e_2030,0x02,priority_known_engine_area,1E 1F 20,15 17 18 19 1A 1B 1C 1D 1E 1F 20 2B 2C 2D 2E 2F 30 31 32
0x02FD3A,82:FD3A,C2:FD3A,0x2E,ROL abs,$302F,wram_3004_303c,0x02,priority_known_engine_area,2E 2F 30,1C 1D 1E 1F 20 2B 2C 2D 2E 2F 30 31 32 33 34 02 03 04 05
0x030E09,83:0E09,C3:0E09,0x1D,"ORA abs,X",$2020,wram_201e_2030,0x03,priority_known_engine_area,1D 20 20,1F 30 F0 F8 1E 30 E8 F8 1D 20 20 23 CE 3D 20 1B CA 2D 20
0x030E8A,83:0E8A,C3:0E8A,0x1D,"ORA abs,X",$201F,wram_201e_2030,0x03,priority_known_engine_area,1D 1F 20,1F 30 F0 F8 1E 30 E8 F8 1D 1F 20 0B E8 1B 20 13 E8 1C 20
0x030F07,83:0F07,C3:0F07,0x1D,"ORA abs,X",$301F,wram_3004_303c,0x03,priority_known_engine_area,1D 1F 30,22 20 10 F8 32 30 E8 F8 1D 1F 30 F8 F8 3E 20 00 F8 3F 20
0x0312CB,83:12CB,C3:12CB,0xBD,"LDA abs,X",$302D,wram_3004_303c,0x03,priority_known_engine_area,BD 2D 30,ED 63 20 08 ED 62 30 DA BD 2D 30 D2 BD 2C 38 D2 AD 0C 30
0x0312D3,83:12D3,C3:12D3,0xAD,LDA abs,$300C,wram_3004_303c,0x03,priority_known_engine_area,AD 0C 30,BD 2D 30 D2 BD 2C 38 D2 AD 0C 30 F0 ED 58 20 20 CD 55 20
0x03130F,83:130F,C3:130F,0xAD,LDA abs,$201F,wram_201e_2030,0x03,priority_known_engine_area,AD 1F 20,B5 2E 30 FA 95 3C 20 10 AD 1F 20 10 A5 0F 30 E8 AD 1E 30
0x031317,83:1317,C3:1317,0xAD,LDA abs,$301E,wram_3004_303c,0x03,priority_known_engine_area,AD 1E 30,AD 1F 20 10 A5 0F 30 E8 AD 1E 30 E8 A5 0E 28 20 B1 2A 28
0x03131C,83:131C,C3:131C,0x0E,ASL abs,$2028,wram_201e_2030,0x03,priority_known_engine_area,0E 28 20,0F 30 E8 AD 1E 30 E8 A5 0E 28 20 B1 2A 28 10 B5 28 28 00
0x0313B4,83:13B4,C3:13B4,0xBD,"LDA abs,X",$302D,wram_3004_303c,0x03,priority_known_engine_area,BD 2D 30,ED 63 20 08 ED 62 30 DA BD 2D 30 D2 BD 2C 38 D2 AD 0C 30
0x0313BC,83:13BC,C3:13BC,0xAD,LDA abs,$300C,wram_3004_303c,0x03,priority_known_engine_area,AD 0C 30,BD 2D 30 D2 BD 2C 38 D2 AD 0C 30 F0 ED 58 30 E8 EE 57 30
0x0313F4,83:13F4,C3:13F4,0xAD,LDA abs,$201F,wram_201e_2030,0x03,priority_known_engine_area,AD 1F 20,B5 2E 30 FA 95 3C 20 10 AD 1F 20 10 A5 0F 30 E8 AD 1E 30
0x0313FC,83:13FC,C3:13FC,0xAD,LDA abs,$301E,wram_3004_303c,0x03,priority_known_engine_area,AD 1E 30,AD 1F 20 10 A5 0F 30 E8 AD 1E 30 E8 A5 0E 28 20 B1 2A 28
0x031401,83:1401,C3:1401,0x0E,ASL abs,$2028,wram_201e_2030,0x03,priority_known_engine_area,0E 28 20,0F 30 E8 AD 1E 30 E8 A5 0E 28 20 B1 2A 28 10 B5 28 38 F0
0x03143E,83:143E,C3:143E,0x3C,"BIT abs,X",$2020,wram_201e_2030,0x03,priority_known_engine_area,3C 20 20,2D 20 1D D8 3A 20 20 E8 3C 20 20 E0 2C 20 08 B8 2B 20 00
0x0314AB,83:14AB,C3:14AB,0x3C,"BIT abs,X",$2020,wram_201e_2030,0x03,priority_known_engine_area,3C 20 20,2D 20 1D D8 3A 20 20 E8 3C 20 20 E0 2C 20 08 B8 2B 20 00
0x0318B6,83:18B6,C3:18B6,0x3E,"ROL abs,X",$2020,wram_201e_2030,0x03,priority_known_engine_area,3E 20 20,1F 30 F0 B0 1F 30 E8 D0 3E 20 20 D0 3E 20 20 C0 1F 30 E0
0x0318BA,83:18BA,C3:18BA,0x3E,"ROL abs,X",$2020,wram_201e_2030,0x03,priority_known_engine_area,3E 20 20,1F 30 E8 D0 3E 20 20 D0 3E 20 20 C0 1F 30 E0 C0 1F 30 E8
0x03190F,83:190F,C3:190F,0x1E,"ASL abs,X",$2020,wram_201e_2030,0x03,priority_known_engine_area,1E 20 20,38 F8 C4 20 38 F8 B4 00 1E 20 20 F0 1F 20 18 E0 3E 20 20
0x031917,83:1917,C3:1917,0x3E,"ROL abs,X",$2020,wram_201e_2030,0x03,priority_known_engine_area,3E 20 20,1E 20 20 F0 1F 20 18 E0 3E 20 20 D0 1F 20 10 D0 1F 20 20
0x0319B4,83:19B4,C3:19B4,0x2E,ROL abs,$2020,wram_201e_2030,0x03,priority_known_engine_area,2E 20 20,1F 30 D8 C8 2E 20 18 D0 2E 20 20 C0 1F 28 03 F4 06 38 F3
0x031A05,83:1A05,C3:1A05,0x2E,ROL abs,$2020,wram_201e_2030,0x03,priority_known_engine_area,2E 20 20,1E 30 E8 E8 2E 30 E8 C0 2E 20 20 C0 2E 30 D8 E0 3E 20 20
0x031A0D,83:1A0D,C3:1A0D,0x3E,"ROL abs,X",$2020,wram_201e_2030,0x03,priority_known_engine_area,3E 20 20,2E 20 20 C0 2E 30 D8 E0 3E 20 20 E8 3E 20 10 F0 3E 30 F0
0x031DCB,83:1DCB,C3:1DCB,0xCE,DEC abs,$3020,wram_3004_303c,0x03,priority_known_engine_area,CE 20 30,D6 30 30 F9 D6 1F 20 01 CE 20 30 F9 CE 0F 28 07 BE 0B 38
0x031DF8,83:1DF8,C3:1DF8,0xCE,DEC abs,$300E,wram_3004_303c,0x03,priority_known_engine_area,CE 0E 30,10 1A 30 F2 D6 1E 30 F2 CE 0E 30 EA D6 1D 30 EA CE 3E 30
0x031E0C,83:1E0C,C3:1E0C,0xCE,DEC abs,$3020,wram_3004_303c,0x03,priority_known_engine_area,CE 20 30,C6 2E 20 02 D6 30 20 02 CE 20 30 FA D6 1F 30 FA CE 0F 20
0x031E34,83:1E34,C3:1E34,0xBE,"LDX abs,Y",$2029,wram_201e_2030,0x03,priority_known_engine_area,BE 29 20,9E 01 30 F8 A6 10 20 10 BE 29 20 08 BE 28 20 00 BE 37 30
0x031E38,83:1E38,C3:1E38,0xBE,"LDX abs,Y",$2028,wram_201e_2030,0x03,priority_known_engine_area,BE 28 20,A6 10 20 10 BE 29 20 08 BE 28 20 00 BE 37 30 F8 BE 36 30
0x031E3C,83:1E3C,C3:1E3C,0xBE,"LDX abs,Y",$3037,wram_3004_303c,0x03,priority_known_engine_area,BE 37 30,BE 29 20 08 BE 28 20 00 BE 37 30 F8 BE 36 30 F0 BE 27 30
0x031E40,83:1E40,C3:1E40,0xBE,"LDX abs,Y",$3036,wram_3004_303c,0x03,priority_known_engine_area,BE 36 30,BE 28 20 00 BE 37 30 F8 BE 36 30 F0 BE 27 30 E8 BE 26 20
0x031E44,83:1E44,C3:1E44,0xBE,"LDX abs,Y",$3027,wram_3004_303c,0x03,priority_known_engine_area,BE 27 30,BE 37 30 F8 BE 36 30 F0 BE 27 30 E8 BE 26 20 08 B6 35 20
0x031E48,83:1E48,C3:1E48,0xBE,"LDX abs,Y",$2026,wram_201e_2030,0x03,priority_known_engine_area,BE 26 20,BE 36 30 F0 BE 27 30 E8 BE 26 20 08 B6 35 20 08 AE 25 38
0x031E5D,83:1E5D,C3:1E5D,0xAE,LDX abs,$202C,wram_201e_2030,0x03,priority_known_engine_area,AE 2C 20,23 38 E8 AE 21 1C 20 09 AE 2C 20 09 BE 3D 20 09 B6 2D 30
0x031E69,83:1E69,C3:1E69,0xBE,"LDX abs,Y",$302A,wram_3004_303c,0x03,priority_known_engine_area,BE 2A 30,BE 3D 20 09 B6 2D 30 E9 BE 2A 30 F1 C6 3B 30 F1 BE 2B 20
0x031E71,83:1E71,C3:1E71,0xBE,"LDX abs,Y",$202B,wram_201e_2030,0x03,priority_known_engine_area,BE 2B 20,BE 2A 30 F1 C6 3B 30 F1 BE 2B 20 01 BE 3C 30 F9 BE 3A 20
0x031E75,83:1E75,C3:1E75,0xBE,"LDX abs,Y",$303C,wram_3004_303c,0x03,priority_known_engine_area,BE 3C 30,C6 3B 30 F1 BE 2B 20 01 BE 3C 30 F9 BE 3A 20 01 AE 24 30
0x031E7D,83:1E7D,C3:1E7D,0xAE,LDX abs,$3024,wram_3004_303c,0x03,priority_known_engine_area,AE 24 30,BE 3C 30 F9 BE 3A 20 01 AE 24 30 F9 AE 23 20 01 B6 39 30
0x031E81,83:1E81,C3:1E81,0xAE,LDX abs,$2023,wram_201e_2030,0x03,priority_known_engine_area,AE 23 20,BE 3A 20 01 AE 24 30 F9 AE 23 20 01 B6 39 30 F9 B6 38 30
0x031E91,83:1E91,C3:1E91,0xCE,DEC abs,$300E,wram_3004_303c,0x03,priority_known_engine_area,CE 0E 30,B6 38 30 F3 D6 1E 30 F3 CE 0E 30 EB D6 1D 30 EB CE 3E 20
0x031EA1,83:1EA1,C3:1EA1,0xCE,DEC abs,$3020,wram_3004_303c,0x03,priority_known_engine_area,CE 20 30,CE 3E 20 03 D6 30 20 03 CE 20 30 FB D6 1F 30 FB CE 0F 20
0x0320B8,83:20B8,C3:20B8,0xD9,"CMP abs,Y",$301E,wram_3004_303c,0x03,priority_known_engine_area,D9 1E 30,01 30 F8 A8 10 1A 30 F2 D9 1E 30 F2 D1 0E 30 EA D9 1D 30
0x0320C0,83:20C0,C3:20C0,0xD9,"CMP abs,Y",$301D,wram_3004_303c,0x03,priority_known_engine_area,D9 1D 30,D9 1E 30 F2 D1 0E 30 EA D9 1D 30 EA D1 3E 30 F0 C9 2E 20
0x0320CC,83:20CC,C3:20CC,0xD9,"CMP abs,Y",$2030,wram_201e_2030,0x03,priority_known_engine_area,D9 30 20,D1 3E 30 F0 C9 2E 20 02 D9 30 20 02 D1 20 30 FA D9 1F 30
0x0320D4,83:20D4,C3:20D4,0xD9,"CMP abs,Y",$301F,wram_3004_303c,0x03,priority_known_engine_area,D9 1F 30,D9 30 20 02 D1 20 30 FA D9 1F 30 FA D1 0F 20 10 C9 1C 20
0x03224C,83:224C,C3:224C,0xFE,"INC abs,X",$202F,wram_201e_2030,0x03,priority_known_engine_area,FE 2F 20,07 39 07 00 00 19 20 03 FE 2F 20 10 F6 3E 30 F0 F6 2E 30
0x03225C,83:225C,C3:225C,0xDE,"DEC abs,X",$201F,wram_201e_2030,0x03,priority_known_engine_area,DE 1F 20,F6 2E 30 F8 B6 3D 20 18 DE 1F 20 00 F6 29 20 08 F6 38 20
0x032268,83:2268,C3:2268,0xEE,INC abs,$2028,wram_201e_2030,0x03,priority_known_engine_area,EE 28 20,F6 29 20 08 F6 38 20 08 EE 28 20 00 EE 37 30 F8 EE 36 30
0x03226C,83:226C,C3:226C,0xEE,INC abs,$3037,wram_3004_303c,0x03,priority_known_engine_area,EE 37 30,F6 38 20 08 EE 28 20 00 EE 37 30 F8 EE 36 30 F0 EE 27 30
0x032270,83:2270,C3:2270,0xEE,INC abs,$3036,wram_3004_303c,0x03,priority_known_engine_area,EE 36 30,EE 28 20 00 EE 37 30 F8 EE 36 30 F0 EE 27 30 E8 EE 26 28
0x032274,83:2274,C3:2274,0xEE,INC abs,$3027,wram_3004_303c,0x03,priority_known_engine_area,EE 27 30,EE 37 30 F8 EE 36 30 F0 EE 27 30 E8 EE 26 28 08 DE 24 38
0x032284,83:2284,C3:2284,0xDE,"DEC abs,X",$2020,wram_201e_2030,0x03,priority_known_engine_area,DE 20 20,DE 24 38 F8 DE 22 38 E8 DE 20 20 18 CE 0F 20 10 D6 1E 20
0x0322B1,83:22B1,C3:22B1,0xFE,"INC abs,X",$202F,wram_201e_2030,0x03,priority_known_engine_area,FE 2F 20,02 38 E0 BE 00 1F 20 03 FE 2F 20 10 F6 3E 30 F0 F6 2E 30
0x0322E1,83:22E1,C3:22E1,0xDE,"DEC abs,X",$201F,wram_201e_2030,0x03,priority_known_engine_area,DE 1F 20,BE 05 20 08 C6 15 20 18 DE 1F 20 00 F6 29 20 08 F6 38 20
0x0322ED,83:22ED,C3:22ED,0xEE,INC abs,$2028,wram_201e_2030,0x03,priority_known_engine_area,EE 28 20,F6 29 20 08 F6 38 20 08 EE 28 20 00 EE 37 30 F8 EE 36 30
0x0322F1,83:22F1,C3:22F1,0xEE,INC abs,$3037,wram_3004_303c,0x03,priority_known_engine_area,EE 37 30,F6 38 20 08 EE 28 20 00 EE 37 30 F8 EE 36 30 F0 EE 27 30
0x0322F5,83:22F5,C3:22F5,0xEE,INC abs,$3036,wram_3004_303c,0x03,priority_known_engine_area,EE 36 30,EE 28 20 00 EE 37 30 F8 EE 36 30 F0 EE 27 30 E8 EE 26 28
0x0322F9,83:22F9,C3:22F9,0xEE,INC abs,$3027,wram_3004_303c,0x03,priority_known_engine_area,EE 27 30,EE 37 30 F8 EE 36 30 F0 EE 27 30 E8 EE 26 28 08 DE 24 38
0x032309,83:2309,C3:2309,0xDE,"DEC abs,X",$2020,wram_201e_2030,0x03,priority_known_engine_area,DE 20 20,DE 24 38 F8 DE 22 38 E8 DE 20 20 18 CE 0F 20 10 D6 1E 20
0x03232E,83:232E,C3:232E,0xFE,"INC abs,X",$202F,wram_201e_2030,0x03,priority_known_engine_area,FE 2F 20,06 38 E0 BE 00 1F 20 03 FE 2F 20 10 F6 3E 30 F0 F6 2E 30
0x03235E,83:235E,C3:235E,0xDE,"DEC abs,X",$201F,wram_201e_2030,0x03,priority_known_engine_area,DE 1F 20,BE 05 20 08 C6 15 20 18 DE 1F 20 00 F6 29 20 08 F6 38 20
0x03236A,83:236A,C3:236A,0xEE,INC abs,$2028,wram_201e_2030,0x03,priority_known_engine_area,EE 28 20,F6 29 20 08 F6 38 20 08 EE 28 20 00 EE 37 30 F8 EE 36 30
0x03236E,83:236E,C3:236E,0xEE,INC abs,$3037,wram_3004_303c,0x03,priority_known_engine_area,EE 37 30,F6 38 20 08 EE 28 20 00 EE 37 30 F8 EE 36 30 F0 EE 27 30
0x032372,83:2372,C3:2372,0xEE,INC abs,$3036,wram_3004_303c,0x03,priority_known_engine_area,EE 36 30,EE 28 20 00 EE 37 30 F8 EE 36 30 F0 EE 27 30 E8 EE 26 28
0x032376,83:2376,C3:2376,0xEE,INC abs,$3027,wram_3004_303c,0x03,priority_known_engine_area,EE 27 30,EE 37 30 F8 EE 36 30 F0 EE 27 30 E8 EE 26 28 08 DE 24 38
0x032386,83:2386,C3:2386,0xDE,"DEC abs,X",$2020,wram_201e_2030,0x03,priority_known_engine_area,DE 20 20,DE 24 38 F8 DE 22 38 E8 DE 20 20 18 CE 0F 20 10 D6 1E 20
0x0323AB,83:23AB,C3:23AB,0xFE,"INC abs,X",$202F,wram_201e_2030,0x03,priority_known_engine_area,FE 2F 20,06 38 E0 BE 00 19 20 02 FE 2F 20 0F F6 3E 30 EF F6 2E 30
0x0323BB,83:23BB,C3:23BB,0xDE,"DEC abs,X",$301F,wram_3004_303c,0x03,priority_known_engine_area,DE 1F 30,F6 2E 30 F7 B6 3D 20 17 DE 1F 30 FF F6 29 20 07 F6 38 20
0x0323C7,83:23C7,C3:23C7,0xEE,INC abs,$3028,wram_3004_303c,0x03,priority_known_engine_area,EE 28 30,F6 29 20 07 F6 38 20 07 EE 28 30 FF EE 37 30 F7 EE 36 30
0x0323CB,83:23CB,C3:23CB,0xEE,INC abs,$3037,wram_3004_303c,0x03,priority_known_engine_area,EE 37 30,F6 38 20 07 EE 28 30 FF EE 37 30 F7 EE 36 30 EF EE 27 30
0x0323CF,83:23CF,C3:23CF,0xEE,INC abs,$3036,wram_3004_303c,0x03,priority_known_engine_area,EE 36 30,EE 28 30 FF EE 37 30 F7 EE 36 30 EF EE 27 30 E7 EE 26 28
0x0323D3,83:23D3,C3:23D3,0xEE,INC abs,$3027,wram_3004_303c,0x03,priority_known_engine_area,EE 27 30,EE 37 30 F7 EE 36 30 EF EE 27 30 E7 EE 26 28 07 DE 24 38
0x0323E3,83:23E3,C3:23E3,0xDE,"DEC abs,X",$2020,wram_201e_2030,0x03,priority_known_engine_area,DE 20 20,DE 24 38 F7 DE 22 38 E7 DE 20 20 17 CE 0F 20 0F D6 1E 20
0x032410,83:2410,C3:2410,0xFD,"SBC abs,X",$202F,wram_201e_2030,0x03,priority_known_engine_area,FD 2F 20,02 38 DF BE 00 19 20 01 FD 2F 20 0E F5 3E 30 EE F5 2E 30
0x032420,83:2420,C3:2420,0xDD,"CMP abs,X",$301F,wram_3004_303c,0x03,priority_known_engine_area,DD 1F 30,F5 2E 30 F6 B5 3D 20 16 DD 1F 30 FE F5 29 20 06 F5 38 20
0x03242C,83:242C,C3:242C,0xED,SBC abs,$3028,wram_3004_303c,0x03,priority_known_engine_area,ED 28 30,F5 29 20 06 F5 38 20 06 ED 28 30 FE ED 37 30 F6 ED 36 30
0x032430,83:2430,C3:2430,0xED,SBC abs,$3037,wram_3004_303c,0x03,priority_known_engine_area,ED 37 30,F5 38 20 06 ED 28 30 FE ED 37 30 F6 ED 36 30 EE ED 27 30
0x032434,83:2434,C3:2434,0xED,SBC abs,$3036,wram_3004_303c,0x03,priority_known_engine_area,ED 36 30,ED 28 30 FE ED 37 30 F6 ED 36 30 EE ED 27 30 E6 ED 26 28
0x032438,83:2438,C3:2438,0xED,SBC abs,$3027,wram_3004_303c,0x03,priority_known_engine_area,ED 27 30,ED 37 30 F6 ED 36 30 EE ED 27 30 E6 ED 26 28 06 DD 24 38
0x032448,83:2448,C3:2448,0xDD,"CMP abs,X",$2020,wram_201e_2030,0x03,priority_known_engine_area,DD 20 20,DD 24 38 F6 DD 22 38 E6 DD 20 20 16 CD 0F 20 0E D5 1E 20
0x0325A4,83:25A4,C3:25A4,0xFD,"SBC abs,X",$202F,wram_201e_2030,0x03,priority_known_engine_area,FD 2F 20,02 38 E1 BC 00 19 20 05 FD 2F 20 12 F5 3E 30 F2 F5 2E 30
0x0325B4,83:25B4,C3:25B4,0xDD,"CMP abs,X",$201F,wram_201e_2030,0x03,priority_known_engine_area,DD 1F 20,F5 2E 30 FA B5 3D 20 1A DD 1F 20 02 F5 29 20 0A F5 38 20
0x0325C0,83:25C0,C3:25C0,0xED,SBC abs,$2028,wram_201e_2030,0x03,priority_known_engine_area,ED 28 20,F5 29 20 0A F5 38 20 0A ED 28 20 02 ED 37 30 FA ED 36 30
0x0325C4,83:25C4,C3:25C4,0xED,SBC abs,$3037,wram_3004_303c,0x03,priority_known_engine_area,ED 37 30,F5 38 20 0A ED 28 20 02 ED 37 30 FA ED 36 30 F2 ED 27 30
0x0325C8,83:25C8,C3:25C8,0xED,SBC abs,$3036,wram_3004_303c,0x03,priority_known_engine_area,ED 36 30,ED 28 20 02 ED 37 30 FA ED 36 30 F2 ED 27 30 EA ED 26 28
0x0325CC,83:25CC,C3:25CC,0xED,SBC abs,$3027,wram_3004_303c,0x03,priority_known_engine_area,ED 27 30,ED 37 30 FA ED 36 30 F2 ED 27 30 EA ED 26 28 0A DD 24 38
0x0325DC,83:25DC,C3:25DC,0xDD,"CMP abs,X",$2020,wram_201e_2030,0x03,priority_known_engine_area,DD 20 20,DD 24 38 FA DD 22 38 EA DD 20 20 1A CD 0F 20 12 D5 1E 20
0x032609,83:2609,C3:2609,0xFE,"INC abs,X",$202F,wram_201e_2030,0x03,priority_known_engine_area,FE 2F 20,02 38 E2 BD 00 19 20 04 FE 2F 20 11 F6 3E 30 F1 F6 2E 30
0x032619,83:2619,C3:2619,0xDE,"DEC abs,X",$201F,wram_201e_2030,0x03,priority_known_engine_area,DE 1F 20,F6 2E 30 F9 B6 3D 20 19 DE 1F 20 01 F6 29 20 09 F6 38 20
0x032625,83:2625,C3:2625,0xEE,INC abs,$2028,wram_201e_2030,0x03,priority_known_engine_area,EE 28 20,F6 29 20 09 F6 38 20 09 EE 28 20 01 EE 37 30 F9 EE 36 30
0x032629,83:2629,C3:2629,0xEE,INC abs,$3037,wram_3004_303c,0x03,priority_known_engine_area,EE 37 30,F6 38 20 09 EE 28 20 01 EE 37 30 F9 EE 36 30 F1 EE 27 30
0x03262D,83:262D,C3:262D,0xEE,INC abs,$3036,wram_3004_303c,0x03,priority_known_engine_area,EE 36 30,EE 28 20 01 EE 37 30 F9 EE 36 30 F1 EE 27 30 E9 EE 26 28
0x032631,83:2631,C3:2631,0xEE,INC abs,$3027,wram_3004_303c,0x03,priority_known_engine_area,EE 27 30,EE 37 30 F9 EE 36 30 F1 EE 27 30 E9 EE 26 28 09 DE 24 38
0x032641,83:2641,C3:2641,0xDE,"DEC abs,X",$2020,wram_201e_2030,0x03,priority_known_engine_area,DE 20 20,DE 24 38 F9 DE 22 38 E9 DE 20 20 19 CE 0F 20 11 D6 1E 20
0x032C5E,83:2C5E,C3:2C5E,0xFD,"SBC abs,X",$3021,wram_3004_303c,0x03,priority_known_engine_area,FD 21 30,30 03 30 FC FC 31 60 04 FD 21 30 F4 FD 21 5B 10 5C 10 00
0x032F71,83:2F71,C3:2F71,0xCD,CMP abs,$3026,wram_3004_303c,0x03,priority_known_engine_area,CD 26 30,02 38 E0 D6 00 0F 30 F8 CD 26 30 F0 D5 04 30 F8 D5 36 30
0x032F7D,83:2F7D,C3:2F7D,0xDD,"CMP abs,X",$3014,wram_3004_303c,0x03,priority_known_engine_area,DD 14 30,D5 04 30 F8 D5 36 30 F0 DD 14 30 F8 DD 15 28 00 C5 0E 28
0x032FAE,83:2FAE,C3:2FAE,0xCD,CMP abs,$3027,wram_3004_303c,0x03,priority_known_engine_area,CD 27 30,02 38 E0 D6 00 0D 38 F0 CD 27 30 F0 DD 14 30 F8 DD 15 28
0x032FB2,83:2FB2,C3:2FB2,0xDD,"CMP abs,X",$3014,wram_3004_303c,0x03,priority_known_engine_area,DD 14 30,00 0D 38 F0 CD 27 30 F0 DD 14 30 F8 DD 15 28 00 C5 0E 28
0x032FEF,83:2FEF,C3:2FEF,0xDD,"CMP abs,X",$3014,wram_3004_303c,0x03,priority_known_engine_area,DD 14 30,D5 2B 30 F8 D5 2C 30 F0 DD 14 30 F8 DD 15 28 00 C5 0E 28
0x03303C,83:303C,C3:303C,0xDD,"CMP abs,X",$3014,wram_3004_303c,0x03,priority_known_engine_area,DD 14 30,D5 3B 30 F8 D5 3C 30 F0 DD 14 30 F8 DD 15 28 10 C5 20 28
0x03337F,83:337F,C3:337F,0xEE,INC abs,$2030,wram_201e_2030,0x03,priority_known_engine_area,EE 30 20,F6 22 30 ED F6 21 20 0D EE 30 20 0D E6 20 38 FD E6 0E 38
0x0333A0,83:33A0,C3:33A0,0xDE,"DEC abs,X",$3025,wram_3004_303c,0x03,priority_known_engine_area,DE 25 30,09 38 ED D6 07 10 30 ED DE 25 30 ED D6 34 30 F5 D6 08 30
0x0333C4,83:33C4,C3:33C4,0xEE,INC abs,$2030,wram_201e_2030,0x03,priority_known_engine_area,EE 30 20,F6 22 30 ED F6 21 20 0D EE 30 20 0D E6 20 38 FD E6 0E 38
0x0333E1,83:33E1,C3:33E1,0xDE,"DEC abs,X",$3026,wram_3004_303c,0x03,priority_known_engine_area,DE 26 30,0B 38 FD D6 09 10 30 ED DE 26 30 ED D6 35 30 F5 D6 08 30
0x033405,83:3405,C3:3405,0xEE,INC abs,$2030,wram_201e_2030,0x03,priority_known_engine_area,EE 30 20,F6 22 30 ED F6 21 20 0D EE 30 20 0D E6 20 38 FD E6 0E 38
0x033BEB,83:3BEB,C3:3BEB,0x0D,ORA abs,$2020,wram_201e_2030,0x03,priority_known_engine_area,0D 20 20,38 F7 96 00 18 20 18 D7 0D 20 20 D7 1C 20 20 CF 0C 20 20
0x033BEF,83:3BEF,C3:3BEF,0x1C,TRB abs,$2020,wram_201e_2030,0x03,priority_known_engine_area,1C 20 20,18 20 18 D7 0D 20 20 D7 1C 20 20 CF 0C 20 20 C7 1B 20 20
0x033BF3,83:3BF3,C3:3BF3,0x0C,TSB abs,$2020,wram_201e_2030,0x03,priority_known_engine_area,0C 20 20,0D 20 20 D7 1C 20 20 CF 0C 20 20 C7 1B 20 20 BF 0B 28 10
0x033EF7,83:3EF7,C3:3EF7,0xEE,INC abs,$3030,wram_3004_303c,0x03,priority_known_engine_area,EE 30 30,F8 15 30 E3 F6 21 30 E3 EE 30 30 E3 DE 20 30 E3 D6 1F 30
0x033EFB,83:3EFB,C3:3EFB,0xDE,"DEC abs,X",$3020,wram_3004_303c,0x03,priority_known_engine_area,DE 20 30,F6 21 30 E3 EE 30 30 E3 DE 20 30 E3 D6 1F 30 E3 CE 0F 30
0x033F03,83:3F03,C3:3F03,0xCE,DEC abs,$300F,wram_3004_303c,0x03,priority_known_engine_area,CE 0F 30,DE 20 30 E3 D6 1F 30 E3 CE 0F 30 E8 E8 37 30 E8 E0 27 20
0x0354BC,83:54BC,C3:54BC,0x8D,STA abs,$2020,wram_201e_2030,0x03,priority_known_engine_area,8D 20 20,8B 38 D0 88 86 20 20 98 8D 20 20 B0 9E 20 20 A8 8E 20 20
0x0354C0,83:54C0,C3:54C0,0x9E,"STZ abs,X",$2020,wram_201e_2030,0x03,priority_known_engine_area,9E 20 20,86 20 20 98 8D 20 20 B0 9E 20 20 A8 8E 20 20 A0 9D 30 D8
0x0354C4,83:54C4,C3:54C4,0x8E,STX abs,$2020,wram_201e_2030,0x03,priority_known_engine_area,8E 20 20,8D 20 20 B0 9E 20 20 A8 8E 20 20 A0 9D 30 D8 B0 9A 30 D8
0x03808E,83:808E,C3:808E,0xD9,"CMP abs,Y",$3007,wram_3004_303c,0x03,priority_known_engine_area,D9 07 30,FA 6B BD D9 09 10 11 BD D9 07 30 07 A9 0F 9D 99 06 80 10
0x03828D,83:828D,C3:828D,0xD9,"CMP abs,Y",$3007,wram_3004_303c,0x03,priority_known_engine_area,D9 07 30,FA 6B BD D9 08 F0 0D BD D9 07 30 05 FE 99 06 80 03 DE 99
0x0382AB,83:82AB,C3:82AB,0xD9,"CMP abs,Y",$3007,wram_3004_303c,0x03,priority_known_engine_area,D9 07 30,D9 09 10 14 9E 99 09 BD D9 07 30 07 A9 0F 9D 99 06 80 10
0x038431,83:8431,C3:8431,0xD9,"CMP abs,Y",$3009,wram_3004_303c,0x03,priority_known_engine_area,D9 09 30,7A 6B A9 01 8D 33 11 BD D9 09 30 66 BD 19 06 85 6F BD 59
0x03844F,83:844F,C3:844F,0x99,"STA abs,Y",$3007,wram_3004_303c,0x03,priority_known_engine_area,99 07 30,6B BD 19 08 9D D9 07 DE 99 07 30 48 BD 59 07 1A 29 01 9D
0x038555,83:8555,C3:8555,0xD9,"CMP abs,Y",$3009,wram_3004_303c,0x03,priority_known_engine_area,D9 09 30,FA 6B A9 01 8D 33 11 BD D9 09 30 51 BD 19 06 85 6C BD 59
0x0386E6,83:86E6,C3:86E6,0x59,"EOR abs,Y",$3007,wram_3004_303c,0x03,priority_known_engine_area,59 07 30,11 9D 19 07 AD 29 11 9D 59 07 30 03 20 B8 85 A9 20 9D 99
0x0393ED,83:93ED,C3:93ED,0x0E,ASL abs,$300F,wram_3004_303c,0x03,priority_known_engine_area,0E 0F 30,21 25 04 00 FB E8 48 00 0E 0F 30 0F 00 34 E9 48 00 16 17
0x039498,83:9498,C3:9498,0x1C,TRB abs,$201E,wram_201e_2030,0x03,priority_known_engine_area,1C 1E 20,1D 20 47 00 A3 E9 2C 00 1C 1E 20 49 00 B6 E9 2C 00 1C 1E
0x0394A1,83:94A1,C3:94A1,0x1C,TRB abs,$201E,wram_201e_2030,0x03,priority_known_engine_area,1C 1E 20,1E 20 49 00 B6 E9 2C 00 1C 1E 20 48 00 22 E8 2C 00 1C 1E
0x0394AA,83:94AA,C3:94AA,0x1C,TRB abs,$201E,wram_201e_2030,0x03,priority_known_engine_area,1C 1E 20,1E 20 48 00 22 E8 2C 00 1C 1E 20 4A 00 CE E9 48 00 1C 1D
0x0394E9,83:94E9,C3:94E9,0x1D,"ORA abs,X",$201F,wram_201e_2030,0x03,priority_known_engine_area,1D 1F 20,1D 20 44 00 11 EA 0B 00 1D 1F 20 00 00 27 EA 2C 00 25 26
0x0394FB,83:94FB,C3:94FB,0x1E,"ASL abs,X",$2020,wram_201e_2030,0x03,priority_known_engine_area,1E 20 20,26 31 12 00 47 EB 48 00 1E 20 20 4D 00 22 E8 0B 00 1E 20
0x039504,83:9504,C3:9504,0x1E,"ASL abs,X",$2020,wram_201e_2030,0x03,priority_known_engine_area,1E 20 20,20 20 4D 00 22 E8 0B 00 1E 20 20 51 00 5F EB 48 00 0C 0D
0x0396E1,83:96E1,C3:96E1,0x19,"ORA abs,Y",$301A,wram_3004_303c,0x03,priority_known_engine_area,19 1A 30,1A 20 00 00 88 ED 47 00 19 1A 30 00 00 6E ED 2F 00 1A 1B
0x039825,83:9825,C3:9825,0x0E,ASL abs,$300F,wram_3004_303c,0x03,priority_known_engine_area,0E 0F 30,44 31 1B 00 23 F0 48 00 0E 0F 30 0F 00 50 F0 0C 05 01 22
0x03A0C3,83:A0C3,C3:A0C3,0x19,"ORA abs,Y",$2022,wram_201e_2030,0x03,priority_known_engine_area,19 22 20,22 B9 A0 84 80 0E AD 29 19 22 20 DB 80 AD 29 19 22 09 A1
0x03A22C,83:A22C,C3:A22C,0x2C,BIT abs,$2026,wram_201e_2030,0x03,priority_known_engine_area,2C 26 20,50 50 50 50 50 50 50 05 2C 26 20 03 80 06 2C 26 20 03 20
0x03A232,83:A232,C3:A232,0x2C,BIT abs,$2026,wram_201e_2030,0x03,priority_known_engine_area,2C 26 20,50 05 2C 26 20 03 80 06 2C 26 20 03 20 08 2C 26 20 03 40
0x03A238,83:A238,C3:A238,0x2C,BIT abs,$2026,wram_201e_2030,0x03,priority_known_engine_area,2C 26 20,80 06 2C 26 20 03 20 08 2C 26 20 03 40 21 3E 21 53 38 50
0x03A24A,83:A24A,C3:A24A,0x2C,BIT abs,$2026,wram_201e_2030,0x03,priority_known_engine_area,2C 26 20,50 50 50 50 50 50 50 05 2C 26 20 03 40 01 2C 26 22 03 80
0x03A334,83:A334,C3:A334,0x2C,BIT abs,$3026,wram_3004_303c,0x03,priority_known_engine_area,2C 26 30,50 50 50 50 50 50 50 05 2C 26 30 03 80 06 2C 26 30 03 20
0x03A33A,83:A33A,C3:A33A,0x2C,BIT abs,$3026,wram_3004_303c,0x03,priority_known_engine_area,2C 26 30,50 05 2C 26 30 03 80 06 2C 26 30 03 20 08 2C 26 30 03 40
0x03A340,83:A340,C3:A340,0x2C,BIT abs,$3026,wram_3004_303c,0x03,priority_known_engine_area,2C 26 30,80 06 2C 26 30 03 20 08 2C 26 30 03 40 21 3E 21 53 38 50
0x03A352,83:A352,C3:A352,0x2C,BIT abs,$3026,wram_3004_303c,0x03,priority_known_engine_area,2C 26 30,50 50 50 50 50 50 50 05 2C 26 30 03 40 01 2C 26 32 03 80
0x03A8E6,83:A8E6,C3:A8E6,0x2C,BIT abs,$2026,wram_201e_2030,0x03,priority_known_engine_area,2C 26 20,50 50 50 50 50 50 50 05 2C 26 20 03 80 06 2C 26 20 03 20
0x03A8EC,83:A8EC,C3:A8EC,0x2C,BIT abs,$2026,wram_201e_2030,0x03,priority_known_engine_area,2C 26 20,50 05 2C 26 20 03 80 06 2C 26 20 03 20 08 2C 26 20 03 40
0x03A8F2,83:A8F2,C3:A8F2,0x2C,BIT abs,$2026,wram_201e_2030,0x03,priority_known_engine_area,2C 26 20,80 06 2C 26 20 03 20 08 2C 26 20 03 40 21 3E 21 53 38 50
0x03A904,83:A904,C3:A904,0x2C,BIT abs,$2026,wram_201e_2030,0x03,priority_known_engine_area,2C 26 20,50 50 50 50 50 50 50 05 2C 26 20 03 40 01 2C 26 22 03 80
0x03A9EE,83:A9EE,C3:A9EE,0x2C,BIT abs,$3026,wram_3004_303c,0x03,priority_known_engine_area,2C 26 30,50 50 50 50 50 50 50 05 2C 26 30 03 80 06 2C 26 30 03 20
0x03A9F4,83:A9F4,C3:A9F4,0x2C,BIT abs,$3026,wram_3004_303c,0x03,priority_known_engine_area,2C 26 30,50 05 2C 26 30 03 80 06 2C 26 30 03 20 08 2C 26 30 03 40
0x03A9FA,83:A9FA,C3:A9FA,0x2C,BIT abs,$3026,wram_3004_303c,0x03,priority_known_engine_area,2C 26 30,80 06 2C 26 30 03 20 08 2C 26 30 03 40 21 3E 21 53 38 50
0x03AA0C,83:AA0C,C3:AA0C,0x2C,BIT abs,$3026,wram_3004_303c,0x03,priority_known_engine_area,2C 26 30,50 50 50 50 50 50 50 05 2C 26 30 03 40 01 2C 26 32 03 80
0x03D3F4,83:D3F4,C3:D3F4,0x19,"ORA abs,Y",$2022,wram_201e_2030,0x03,priority_known_engine_area,19 22 20,58 19 22 2A DB 80 AD 58 19 22 20 DB 80 64 06 A0 00 B7 2A
0x03DC69,83:DC69,C3:DC69,0x1E,"ASL abs,X",$201F,wram_201e_2030,0x03,priority_known_engine_area,1E 1F 20,4C D6 D2 4C CB D2 1C 1D 1E 1F 20 21 22 23 24 25 00 A0 00
0x03DE92,83:DE92,C3:DE92,0x19,"ORA abs,Y",$2022,wram_201e_2030,0x03,priority_known_engine_area,19 22 20,58 19 22 2A DB 80 AD 58 19 22 20 DB 80 20 11 E2 A2 00 A0
0x03E495,83:E495,C3:E495,0x9E,"STZ abs,X",$201F,wram_201e_2030,0x03,priority_known_engine_area,9E 1F 20,22 1F 88 86 AD 9D 1F 8D 9E 1F 20 9F E4 22 35 AD 80 6B AD
0x03EAB1,83:EAB1,C3:EAB1,0x59,"EOR abs,Y",$3014,wram_3004_303c,0x03,priority_known_engine_area,59 14 30,80 15 80 37 14 29 00 15 59 14 30 00 37 15 01 26 80 30 FB
0x03ED43,83:ED43,C3:ED43,0x2C,BIT abs,$3004,wram_3004_303c,0x03,priority_known_engine_area,2C 04 30,28 29 2C 03 30 11 28 29 2C 04 30 0F 28 29 2C 05 30 0D 06
0x03ED49,83:ED49,C3:ED49,0x2C,BIT abs,$3005,wram_3004_303c,0x03,priority_known_engine_area,2C 05 30,28 29 2C 04 30 0F 28 29 2C 05 30 0D 06 2F 33 0D 06 2C 33
0x03EE23,83:EE23,C3:EE23,0x2C,BIT abs,$3004,wram_3004_303c,0x03,priority_known_engine_area,2C 04 30,15 26 10 2F 19 21 62 15 2C 04 30 F0 21 62 15 2C 08 30 E9
0x03EE2A,83:EE2A,C3:EE2A,0x2C,BIT abs,$3008,wram_3004_303c,0x03,priority_known_engine_area,2C 08 30,15 2C 04 30 F0 21 62 15 2C 08 30 E9 33 16 06 30 15 46 06
0x03EE51,83:EE51,C3:EE51,0x2C,BIT abs,$3004,wram_3004_303c,0x03,priority_known_engine_area,2C 04 30,01 26 08 2F 15 21 62 15 2C 04 30 0A 21 62 15 2C 08 30 03
0x03EE58,83:EE58,C3:EE58,0x2C,BIT abs,$3008,wram_3004_303c,0x03,priority_known_engine_area,2C 08 30,15 2C 04 30 0A 21 62 15 2C 08 30 03 33 EB 02 0C 33 AE 06
0x03EF47,83:EF47,C3:EF47,0x3C,"BIT abs,X",$3011,wram_3004_303c,0x03,priority_known_engine_area,3C 11 30,40 37 07 70 00 7F 00 21 3C 11 30 03 03 14 15 01 35 6B EF
0x03EF5B,83:EF5B,C3:EF5B,0x3C,"BIT abs,X",$3011,wram_3004_303c,0x03,priority_known_engine_area,3C 11 30,62 15 2C 01 30 F5 37 21 3C 11 30 03 03 14 15 01 21 62 15
0x04008A,84:008A,C4:008A,0x1E,"ASL abs,X",$2021,wram_201e_2030,0x04,priority_known_engine_area,1E 21 20,1C FF 1D FF FF FF FF 6F 1E 21 20 22 23 1F 42 70 1E 21 20
0x040092,84:0092,C4:0092,0x1E,"ASL abs,X",$2021,wram_201e_2030,0x04,priority_known_engine_area,1E 21 20,1E 21 20 22 23 1F 42 70 1E 21 20 22 23 1F 42 4D 40 FF FF
0x042824,84:2824,C4:2824,0xDE,"DEC abs,X",$3010,wram_3004_303c,0x04,priority_known_engine_area,DE 10 30,C5 90 2C 01 00 03 03 01 DE 10 30 02 00 02 00 01 F7 90 33
0x0495E8,84:95E8,C4:95E8,0x19,"ORA abs,Y",$3006,wram_3004_303c,0x04,priority_known_engine_area,19 06 30,0D 22 1E AC 80 AA 68 9D 19 06 30 09 A9 01 9D 59 06 A9 00
0x04A903,84:A903,C4:A903,0xAC,LDY abs,$2020,wram_201e_2030,0x04,priority_known_engine_area,AC 20 20,03 60 22 F9 C6 80 20 EE AC 20 20 A9 20 F1 AB AD CD 12 89
0x04B3DA,84:B3DA,C4:B3DA,0x19,"ORA abs,Y",$3008,wram_3004_303c,0x04,priority_known_engine_area,19 08 30,09 AB 60 22 F9 C6 80 BD 19 08 30 3D FE D9 07 FE D9 07 DE
0x04E31B,84:E31B,C4:E31B,0x2E,ROL abs,$302F,wram_3004_303c,0x04,priority_known_engine_area,2E 2F 30,A9 0B 22 A4 BB 80 60 2D 2E 2F 30 31 32 33 34 35 36 37 A9
0x0511EE,85:11EE,C5:11EE,0x4E,LSR abs,$2020,wram_201e_2030,0x05,medium_needs_disasm_confirmation,4E 20 20,38 F0 B8 02 23 28 18 D8 4E 20 20 D0 5D 20 20 C8 4D 28 10
0x0511F2,85:11F2,C5:11F2,0x5D,"EOR abs,X",$2020,wram_201e_2030,0x05,medium_needs_disasm_confirmation,5D 20 20,23 28 18 D8 4E 20 20 D0 5D 20 20 C8 4D 28 10 C0 4B 20 18
0x051653,85:1653,C5:1653,0xDD,"CMP abs,X",$3019,wram_3004_303c,0x05,medium_needs_disasm_confirmation,DD 19 30,02 38 F6 D7 00 0A 30 EE DD 19 30 EE C5 32 38 EE CD 23 20
0x05165B,85:165B,C5:165B,0xCD,CMP abs,$2023,wram_201e_2030,0x05,medium_needs_disasm_confirmation,CD 23 20,DD 19 30 EE C5 32 38 EE CD 23 20 06 DD 18 30 FE DD 17 30
0x05165F,85:165F,C5:165F,0xDD,"CMP abs,X",$3018,wram_3004_303c,0x05,medium_needs_disasm_confirmation,DD 18 30,C5 32 38 EE CD 23 20 06 DD 18 30 FE DD 17 30 F6 DD 08 38
0x051663,85:1663,C5:1663,0xDD,"CMP abs,X",$3017,wram_3004_303c,0x05,medium_needs_disasm_confirmation,DD 17 30,CD 23 20 06 DD 18 30 FE DD 17 30 F6 DD 08 38 FE CD 05 20
0x0516B9,85:16B9,C5:16B9,0x0E,ASL abs,$300C,wram_3004_303c,0x05,medium_needs_disasm_confirmation,0E 0C 30,05 20 06 F0 1E 20 06 E8 0E 0C 30 EE DA 09 30 F6 DF 1A 30
0x05173C,85:173C,C5:173C,0xDE,"DEC abs,X",$3018,wram_3004_303c,0x05,medium_needs_disasm_confirmation,DE 18 30,00 09 38 EE CE 03 20 06 DE 18 30 FE DE 17 30 F6 DE 08 30
0x051740,85:1740,C5:1740,0xDE,"DEC abs,X",$3017,wram_3004_303c,0x05,medium_needs_disasm_confirmation,DE 17 30,CE 03 20 06 DE 18 30 FE DE 17 30 F6 DE 08 30 EE DE 07 38
0x051744,85:1744,C5:1744,0xDE,"DEC abs,X",$3008,wram_3004_303c,0x05,medium_needs_disasm_confirmation,DE 08 30,DE 18 30 FE DE 17 30 F6 DE 08 30 EE DE 07 38 FE CE 05 20
0x051B6D,85:1B6D,C5:1B6D,0x0C,TSB abs,$2028,wram_201e_2030,0x05,medium_needs_disasm_confirmation,0C 28 20,20 28 10 C8 0E 28 00 C8 0C 28 20 B8 20 28 10 B8 0E 28 00
0x051B79,85:1B79,C5:1B79,0x0C,TSB abs,$2028,wram_201e_2030,0x05,medium_needs_disasm_confirmation,0C 28 20,20 28 10 B8 0E 28 00 B8 0C 28 20 A8 0A 28 10 A8 08 28 00
0x05221F,85:221F,C5:221F,0x0C,TSB abs,$2028,wram_201e_2030,0x05,medium_needs_disasm_confirmation,0C 28 20,0C 28 08 E0 0C 28 00 E0 0C 28 20 F0 08 28 18 F0 08 28 10
0x052350,85:2350,C5:2350,0x0E,ASL abs,$3028,wram_3004_303c,0x05,medium_needs_disasm_confirmation,0E 28 30,22 28 10 F0 20 28 00 F0 0E 28 30 E0 0C 28 20 E0 0A 28 10
0x052354,85:2354,C5:2354,0x0C,TSB abs,$2028,wram_201e_2030,0x05,medium_needs_disasm_confirmation,0C 28 20,20 28 00 F0 0E 28 30 E0 0C 28 20 E0 0A 28 10 E0 08 28 00
0x0527B8,85:27B8,C5:27B8,0x0C,TSB abs,$2028,wram_201e_2030,0x05,medium_needs_disasm_confirmation,0C 28 20,20 68 40 D0 00 28 30 D0 0C 28 20 D0 0C 28 10 D0 02 28 10
0x0527F9,85:27F9,C5:27F9,0x0C,TSB abs,$2028,wram_201e_2030,0x05,medium_needs_disasm_confirmation,0C 28 20,20 68 40 D0 00 28 30 D0 0C 28 20 D0 00 28 10 E0 0C 28 00
0x052837,85:2837,C5:2837,0x0E,ASL abs,$3028,wram_3004_303c,0x05,medium_needs_disasm_confirmation,0E 28 30,28 00 D0 0E 0D 28 00 E0 0E 28 30 F0 08 28 20 E0 06 68 10
0x052FCD,85:2FCD,C5:2FCD,0x0C,TSB abs,$301A,wram_3004_303c,0x05,medium_needs_disasm_confirmation,0C 1A 30,04 20 18 72 00 18 18 4E 0C 1A 30 0A 08 18 20 02 0E 02 26
0x053038,85:3038,C5:3038,0x0C,TSB abs,$3028,wram_3004_303c,0x05,medium_needs_disasm_confirmation,0C 28 30,04 20 28 72 02 18 28 4E 0C 28 30 0E 0C 18 30 0C AD 80 00
0x05303C,85:303C,C5:303C,0x0C,TSB abs,$3018,wram_3004_303c,0x05,medium_needs_disasm_confirmation,0C 18 30,02 18 28 4E 0C 28 30 0E 0C 18 30 0C AD 80 00 00 AE 80 00
0x053089,85:3089,C5:3089,0x2C,BIT abs,$3006,wram_3004_303c,0x05,medium_needs_disasm_confirmation,2C 06 30,47 20 04 F4 57 38 F4 EC 2C 06 30 F4 E4 59 32 FC E4 5A 22
0x053186,85:3186,C5:3186,0xFD,"SBC abs,X",$3011,wram_3004_303c,0x05,medium_needs_disasm_confirmation,FD 11 30,02 03 30 FD F5 01 30 FD FD 11 30 F5 FD 10 03 30 FD F5 03
0x053193,85:3193,C5:3193,0xFD,"SBC abs,X",$3013,wram_3004_303c,0x05,medium_needs_disasm_confirmation,FD 13 30,10 03 30 FD F5 03 30 FD FD 13 30 F5 FD 12 04 00 08 00 98
0x053D72,85:3D72,C5:3D72,0x2C,BIT abs,$2028,wram_201e_2030,0x05,medium_needs_disasm_confirmation,2C 28 20,03 28 00 F0 4A 28 10 F0 2C 28 20 F0 2E 04 28 00 F0 4A 28
0x053D83,85:3D83,C5:3D83,0x2C,BIT abs,$3028,wram_3004_303c,0x05,medium_needs_disasm_confirmation,2C 28 30,4A 28 20 F0 2C A8 10 F2 2C 28 30 F0 2E 05 28 00 F0 4A 28
0x053DA1,85:3DA1,C5:3DA1,0x2C,BIT abs,$2028,wram_201e_2030,0x05,medium_needs_disasm_confirmation,2C 28 20,28 40 F0 46 04 A8 30 F2 2C 28 20 F0 2C 28 10 F0 4C 28 40
0x053DB2,85:3DB2,C5:3DB2,0x2C,BIT abs,$2028,wram_201e_2030,0x05,medium_needs_disasm_confirmation,2C 28 20,28 40 F0 46 03 28 30 F0 2C 28 20 F0 4C 28 40 F0 46 02 28
0x054DF0,85:4DF0,C5:4DF0,0xAD,LDA abs,$300E,wram_3004_303c,0x05,medium_needs_disasm_confirmation,AD 0E 30,CD 22 68 07 BD 20 68 07 AD 0E 30 F0 ED 3F 30 F0 E5 2F 30
0x054DFC,85:4DFC,C5:4DFC,0xDD,"CMP abs,X",$302E,wram_3004_303c,0x05,medium_needs_disasm_confirmation,DD 2E 30,ED 3F 30 F0 E5 2F 30 F0 DD 2E 30 E8 DD 48 30 F0 C5 47 38
0x055040,85:5040,C5:5040,0xEE,INC abs,$202B,wram_201e_2030,0x05,medium_needs_disasm_confirmation,EE 2B 20,EB 2A 20 07 EB 2A 60 17 EE 2B 20 10 EE 2C 20 09 EE 2C 20
0x055044,85:5044,C5:5044,0xEE,INC abs,$202C,wram_201e_2030,0x05,medium_needs_disasm_confirmation,EE 2C 20,EB 2A 60 17 EE 2B 20 10 EE 2C 20 09 EE 2C 20 01 EE 2B 28
0x055048,85:5048,C5:5048,0xEE,INC abs,$202C,wram_201e_2030,0x05,medium_needs_disasm_confirmation,EE 2C 20,EE 2B 20 10 EE 2C 20 09 EE 2C 20 01 EE 2B 28 10 DC 06 28
0x055092,85:5092,C5:5092,0xF9,"SBC abs,Y",$3033,wram_3004_303c,0x05,medium_needs_disasm_confirmation,F9 33 30,01 23 00 00 01 23 60 20 F9 33 30 F8 F9 33 60 20 F1 32 30
0x0550B8,85:50B8,C5:50B8,0x0D,ORA abs,$2020,wram_201e_2030,0x05,medium_needs_disasm_confirmation,0D 20 20,28 10 E1 02 28 00 E1 00 0D 20 20 F8 28 30 F8 F8 25 20 10
0x055A08,85:5A08,C5:5A08,0x0C,TSB abs,$302F,wram_3004_303c,0x05,medium_needs_disasm_confirmation,0C 2F 30,1B 30 F0 90 0B 38 F8 90 0C 2F 30 BC B4 7A B8 C8 97 02 F8
0x055F68,85:5F68,C5:5F68,0x0C,TSB abs,$3020,wram_3004_303c,0x05,medium_needs_disasm_confirmation,0C 20 30,1B 60 57 B8 0B 68 47 B8 0C 20 30 D8 24 28 28 C8 22 28 38
0x055F78,85:5F78,C5:5F78,0x0E,ASL abs,$3020,wram_3004_303c,0x05,medium_needs_disasm_confirmation,0E 20 30,22 28 38 D8 20 28 38 C8 0E 20 30 C0 1B 20 30 B8 0B 28 38
0x056061,85:6061,C5:6061,0x3E,"ROL abs,X",$3020,wram_3004_303c,0x05,medium_needs_disasm_confirmation,3E 20 30,3F 20 30 D8 2F 20 30 C0 3E 20 30 B8 2E 28 28 C8 2C 28 38
0x05613E,85:613E,C5:613E,0x79,"ADC abs,Y",$3020,wram_3004_303c,0x05,medium_needs_disasm_confirmation,79 20 30,42 68 47 B0 40 20 30 D8 79 20 30 E0 4B 20 30 C0 5A 20 30
0x05621B,85:621B,C5:621B,0x0C,TSB abs,$3031,wram_3004_303c,0x05,medium_needs_disasm_confirmation,0C 31 30,1B 32 F8 90 0B 2A 00 90 0C 31 30 C4 9C 7A E0 1F EF 17 E0
0x056DD4,85:6DD4,C5:6DD4,0x3E,"ROL abs,X",$2028,wram_201e_2030,0x05,medium_needs_disasm_confirmation,3E 28 20,41 30 F8 E8 40 20 18 F8 3E 28 20 E8 2C 28 10 E8 2A 28 28
0x056E36,85:6E36,C5:6E36,0x39,"AND abs,Y",$3020,wram_3004_303c,0x05,medium_needs_disasm_confirmation,39 20 30,38 F0 E8 47 17 20 30 E0 39 20 30 D8 29 20 28 E0 5F 20 28
0x05DBFC,85:DBFC,C5:DBFC,0xD9,"CMP abs,Y",$3005,wram_3004_303c,0x05,medium_needs_disasm_confirmation,D9 05 30,71 91 83 DA AE 67 00 BD D9 05 30 04 22 AA AF 80 22 35 AD
0x05DF09,85:DF09,C5:DF09,0x2C,BIT abs,$2028,wram_201e_2030,0x05,medium_needs_disasm_confirmation,2C 28 20,03 80 50 50 21 44 31 01 2C 28 20 03 80 07 2B 05 2C 28 1A
0x06060F,86:060F,C6:060F,0x1E,"ASL abs,X",$201F,wram_201e_2030,0x06,priority_known_engine_area,1E 1F 20,1A 1B 1C DD EA 78 7C 1D 1E 1F 20 68 22 7C 57 40 D7 10 11
0x060665,86:0665,C6:0665,0x0C,TSB abs,$3005,wram_3004_303c,0x06,priority_known_engine_area,0C 05 30,02 29 2A 93 E8 32 02 0D 0C 05 30 FD 02 32 37 20 3D 29 60
0x0606A5,86:06A5,C6:06A5,0xFD,"SBC abs,X",$3011,wram_3004_303c,0x06,priority_known_engine_area,FD 11 30,01 2B 1D 2C 00 C1 00 E1 FD 11 30 85 02 35 E1 00 B8 36 35
0x0607D2,86:07D2,C6:07D2,0x1E,"ASL abs,X",$201F,wram_201e_2030,0x06,priority_known_engine_area,1E 1F 20,17 16 FF 15 14 13 12 1D 1E 1F 20 FF 21 22 23 24 25 26 28
0x0607F5,86:07F5,C6:07F5,0x2E,ROL abs,$302F,wram_3004_303c,0x06,priority_known_engine_area,2E 2F 30,22 21 20 1F FF 1E 1D 2D 2E 2F 30 31 32 EF 33 34 35 77 DF
0x06083D,86:083D,C6:083D,0x0C,TSB abs,$2027,wram_201e_2030,0x06,priority_known_engine_area,0C 27 20,FF 60 00 90 FF 82 B2 F5 0C 27 20 00 20 07 00 10 00 94 02
0x060C09,86:0C09,C6:0C09,0x1E,"ASL abs,X",$201F,wram_201e_2030,0x06,priority_known_engine_area,1E 1F 20,17 31 9A 7F 1C 30 1C 1D 1E 1F 20 1E 20 F6 1F 1E 1A 1B 2F
0x060CAF,86:0CAF,C6:0CAF,0x4E,LSR abs,$3016,wram_3004_303c,0x06,priority_known_engine_area,4E 16 30,00 4F FD EF 47 27 0F 80 4E 16 30 FF 13 52 03 01 19 EF 04
0x061363,86:1363,C6:1363,0x2E,ROL abs,$201E,wram_201e_2030,0x06,priority_known_engine_area,2E 1E 20,ED FE 40 FE 49 FE FC 02 2E 1E 20 3E 45 3C 00 2F 89 0F 30
0x0613B8,86:13B8,C6:13B8,0xFE,"INC abs,X",$201E,wram_201e_2030,0x06,priority_known_engine_area,FE 1E 20,CB FF DC 22 9B 21 EF FC FE 1E 20 10 C1 1E 1F 67 10 1C 1D
0x06145E,86:145E,C6:145E,0x2E,ROL abs,$201E,wram_201e_2030,0x06,priority_known_engine_area,2E 1E 20,ED FE 40 FE 49 FE FC 02 2E 1E 20 3E 45 3C 00 2F 89 0F 30
0x063E22,86:3E22,C6:3E22,0xED,SBC abs,$2024,wram_201e_2030,0x06,priority_known_engine_area,ED 24 20,F4 D4 88 02 6B 1B 09 1F ED 24 20 8C 96 A8 85 9A 11 8D 1F
0x064D2D,86:4D2D,C6:4D2D,0x1E,"ASL abs,X",$201F,wram_201e_2030,0x06,priority_known_engine_area,1E 1F 20,18 17 16 7F E3 1B 1C 1D 1E 1F 20 21 FF 23 22 21 20 15 14
0x064D5A,86:4D5A,C6:4D5A,0x2E,ROL abs,$302F,wram_3004_303c,0x06,priority_known_engine_area,2E 2F 30,28 27 26 25 24 7F 23 2D 2E 2F 30 2D 32 31 DE 34 33 34 87
0x064E79,86:4E79,C6:4E79,0x1E,"ASL abs,X",$201F,wram_201e_2030,0x06,priority_known_engine_area,1E 1F 20,17 16 E3 62 1B 1C FF 1D 1E 1F 20 21 23 22 21 FB 20 15 14
0x064EA6,86:4EA6,C6:4EA6,0xFE,"INC abs,X",$302F,wram_3004_303c,0x06,priority_known_engine_area,FE 2F 30,27 26 25 24 23 68 2D 2E FE 2F 30 2D 32 31 34 33 34 F7 2D
0x06913E,86:913E,C6:913E,0x19,"ORA abs,Y",$2029,wram_201e_2030,0x06,priority_known_engine_area,19 29 20,C5 19 D0 F7 80 F7 BD C5 19 29 20 F0 EE 80 EE A9 0C 80 06
0x06B782,86:B782,C6:B782,0xD9,"CMP abs,Y",$3005,wram_3004_303c,0x06,priority_known_engine_area,D9 05 30,00 BC 59 09 BE 85 1B BD D9 05 30 0B 48 A9 FF 9D D9 05 68
0x06B88A,86:B88A,C6:B88A,0xD9,"CMP abs,Y",$3005,wram_3004_303c,0x06,priority_known_engine_area,D9 05 30,BC 59 09 B9 85 1B A8 B9 D9 05 30 2E A8 BD 99 06 29 03 0A
0x06C28C,86:C28C,C6:C28C,0xD9,"CMP abs,Y",$3005,wram_3004_303c,0x06,priority_known_engine_area,D9 05 30,6B 5A DA AA F0 0F 48 BD D9 05 30 04 22 AA AF 80 68 22 39
0x075853,87:5853,C7:5853,0x9D,"STA abs,X",$3022,wram_3004_303c,0x07,low_or_data_possible,9D 22 30,AE 01 1A 00 09 A8 3E 1B 9D 22 30 FF 1B 0B 1B 0C 19 B6 1A
0x076390,87:6390,C7:6390,0xFD,"SBC abs,X",$301D,wram_3004_303c,0x07,low_or_data_possible,FD 1D 30,F7 91 F7 A3 49 9B C4 0C FD 1D 30 40 B6 8E C9 93 27 EC 73
0x083D17,88:3D17,C8:3D17,0xBD,"LDA abs,X",$3019,wram_3004_303c,0x08,medium_needs_disasm_confirmation,BD 19 30,B8 99 A3 B2 BE EF 96 B8 BD 19 30 A9 BD 9F 91 64 ED AE 98
0x0840E7,88:40E7,C8:40E7,0x1E,"ASL abs,X",$3021,wram_3004_303c,0x08,medium_needs_disasm_confirmation,1E 21 30,B5 5C 2A 10 A0 A1 91 32 1E 21 30 3D FA 00 B1 D5 9B A2 34
0x084B6C,88:4B6C,C8:4B6C,0x6E,ROR abs,$3011,wram_3004_303c,0x08,medium_needs_disasm_confirmation,6E 11 30,83 69 2D 18 0F 77 00 B8 6E 11 30 19 86 D9 A9 B4 20 9E B1
0x0857BE,88:57BE,C8:57BE,0x1D,"ORA abs,X",$3008,wram_3004_303c,0x08,medium_needs_disasm_confirmation,1D 08 30,BE 39 88 E8 FE F3 97 BC 1D 08 30 FA FD 0E 80 AF 7E 81 96
0x08AB3A,88:AB3A,C8:AB3A,0x79,"ADC abs,Y",$301F,wram_3004_303c,0x08,medium_needs_disasm_confirmation,79 1F 30,9F 81 2E 7F 19 52 51 7F 79 1F 30 0F 39 8B 2D 62 7F 53 DA
0x08B32A,88:B32A,C8:B32A,0xBC,"LDY abs,X",$302B,wram_3004_303c,0x08,medium_needs_disasm_confirmation,BC 2B 30,E3 BD A0 FA F7 92 99 A3 BC 2B 30 18 AC 34 7D 00 7C 7D A3
0x08B7CF,88:B7CF,C8:B7CF,0x3E,"ROL abs,X",$301F,wram_3004_303c,0x08,medium_needs_disasm_confirmation,3E 1F 30,FF 11 10 90 59 1F AD 7E 3E 1F 30 59 18 FF 14 1A 6F 7B B0
0x08C2B3,88:C2B3,C8:C2B3,0x9C,STZ abs,$2030,wram_201e_2030,0x08,medium_needs_disasm_confirmation,9C 30 20,01 BE BC 6E A1 B5 92 A3 9C 30 20 77 50 A4 95 A5 44 00 BB
0x08C3D7,88:C3D7,C8:C3D7,0xD9,"CMP abs,Y",$3027,wram_3004_303c,0x08,medium_needs_disasm_confirmation,D9 27 30,8C 9A D7 98 A2 B3 B8 BB D9 27 30 A8 90 A3 8C A1 91 E7 A2
0x08E5A7,88:E5A7,C8:E5A7,0xDD,"CMP abs,X",$3035,wram_3004_303c,0x08,medium_needs_disasm_confirmation,DD 35 30,9D 53 51 6A FE 37 51 55 DD 35 30 2D 34 ED 17 9F 9E 4F 1C
0x08F462,88:F462,C8:F462,0x7D,"ADC abs,X",$3030,wram_3004_303c,0x08,medium_needs_disasm_confirmation,7D 30 30,81 B3 80 05 A7 02 00 01 7D 30 30 27 03 FE F4 00 0F D9 60
0x08FDD3,88:FDD3,C8:FDD3,0xAE,LDX abs,$300E,wram_3004_303c,0x08,medium_needs_disasm_confirmation,AE 0E 30,55 A1 C0 AB B7 BB CF 98 AE 0E 30 42 94 BB F5 9F FD B6 50
0x09059D,89:059D,C9:059D,0xBD,"LDA abs,X",$202E,wram_201e_2030,0x09,medium_needs_disasm_confirmation,BD 2E 20,3E D5 F5 E4 B8 0F D9 91 BD 2E 20 3F 65 E9 FB 1F 4B 80 FF
0x093B9E,89:3B9E,C9:3B9E,0x3E,"ROL abs,X",$301B,wram_3004_303c,0x09,medium_needs_disasm_confirmation,3E 1B 30,93 D3 03 B5 62 9F DA 9B 3E 1B 30 92 F5 A2 B8 19 E7 27 40
0x093F3E,89:3F3E,C9:3F3E,0xD9,"CMP abs,Y",$202D,wram_201e_2030,0x09,medium_needs_disasm_confirmation,D9 2D 20,BC FE C3 19 5B 98 9C B8 D9 2D 20 ED BB 9B B2 D7 95 B8 DA
0x094EF0,89:4EF0,C9:4EF0,0x99,"STA abs,Y",$301C,wram_3004_303c,0x09,medium_needs_disasm_confirmation,99 1C 30,03 00 5B 17 9F 77 88 FF 99 1C 30 02 EB 8D FD DA 60 6C AB
0x095075,89:5075,C9:5075,0xBD,"LDA abs,X",$202E,wram_201e_2030,0x09,medium_needs_disasm_confirmation,BD 2E 20,60 02 E9 FA 53 CF 3C F3 BD 2E 20 15 5B 5D C0 E3 7F 1C C4
0x095B95,89:5B95,C9:5B95,0x3D,"AND abs,X",$202E,wram_201e_2030,0x09,medium_needs_disasm_confirmation,3D 2E 20,2E 03 EA 25 92 FA 87 94 3D 2E 20 1D A7 B5 D6 C0 24 3F D6
0x097632,89:7632,C9:7632,0x6E,ROR abs,$2022,wram_201e_2030,0x09,medium_needs_disasm_confirmation,6E 22 20,2D 2F 79 7E 07 4A 53 A5 6E 22 20 BF 16 DA 6C B7 FE BE 22
0x097D4F,89:7D4F,C9:7D4F,0x5E,"LSR abs,X",$3018,wram_3004_303c,0x09,medium_needs_disasm_confirmation,5E 18 30,BD DA AB 0F CD B2 5C 82 5E 18 30 BC 99 A4 B1 A2 BD 9D 1F
0x098C85,89:8C85,C9:8C85,0x3D,"AND abs,X",$201F,wram_201e_2030,0x09,medium_needs_disasm_confirmation,3D 1F 20,A5 19 9C A1 18 1A D0 13 3D 1F 20 FA 09 98 B8 A3 02 00 B5
0x098D93,89:8D93,C9:8D93,0xCE,DEC abs,$3018,wram_3004_303c,0x09,medium_needs_disasm_confirmation,CE 18 30,AA 97 B6 A3 24 CF 05 0F CE 18 30 D6 D2 1E 47 19 B6 EE F3
0x099794,89:9794,C9:9794,0x1D,"ORA abs,X",$2026,wram_201e_2030,0x09,medium_needs_disasm_confirmation,1D 26 20,11 86 00 A4 96 19 D5 1F 1D 26 20 2D A0 D0 91 A4 91 64 91
0x09AB0B,89:AB0B,C9:AB0B,0x3D,"AND abs,X",$202E,wram_201e_2030,0x09,medium_needs_disasm_confirmation,3D 2E 20,F4 FA 89 64 BE F2 87 94 3D 2E 20 2D 5D 6A F5 F5 38 16 6D
0x09C7DD,89:C7DD,C9:C7DD,0x0D,ORA abs,$202B,wram_201e_2030,0x09,medium_needs_disasm_confirmation,0D 2B 20,5E AD 5F AF 8E 59 D5 39 0D 2B 20 53 90 D2 B2 30 38 B9 DF
0x09CD01,89:CD01,C9:CD01,0x7E,"ROR abs,X",$201F,wram_201e_2030,0x09,medium_needs_disasm_confirmation,7E 1F 20,BB 4B B1 03 BF 45 8F 60 7E 1F 20 AC 26 69 6E B8 05 A8 96
0x09E130,89:E130,C9:E130,0xBD,"LDA abs,X",$2024,wram_201e_2030,0x09,medium_needs_disasm_confirmation,BD 24 20,00 DE 19 16 ED 19 9C 9F BD 24 20 FA 00 18 04 18 05 27 94
0x09EA80,89:EA80,C9:EA80,0x7D,"ADC abs,X",$2024,wram_201e_2030,0x09,medium_needs_disasm_confirmation,7D 24 20,B8 99 A3 ED DA AA A3 A1 7D 24 20 A3 DF F5 96 B7 C9 A5 F7
0x0A1244,8A:1244,CA:1244,0x3D,"AND abs,X",$3021,wram_3004_303c,0x0A,low_or_data_possible,3D 21 30,90 D0 F5 9F BE A9 A4 91 3D 21 30 10 93 BD AE B3 97 CE 75
0x0A2FB5,8A:2FB5,CA:2FB5,0xD9,"CMP abs,Y",$3009,wram_3004_303c,0x0A,low_or_data_possible,D9 09 30,5F 11 9C 93 5B 50 C0 1A D9 09 30 6B 0E 2F 51 62 FF 73 0E
0x0A5852,8A:5852,CA:5852,0x3E,"ROL abs,X",$303C,wram_3004_303c,0x0A,low_or_data_possible,3E 3C 30,9C A2 A9 D6 B1 9F 29 00 3E 3C 30 20 A4 BD A3 91 92 7E 01
0x0A5853,8A:5853,CA:5853,0x3C,"BIT abs,X",$2030,wram_201e_2030,0x0A,low_or_data_possible,3C 30 20,A2 A9 D6 B1 9F 29 00 3E 3C 30 20 A4 BD A3 91 92 7E 01 CF
0x0A621C,8A:621C,CA:621C,0xAE,LDX abs,$201E,wram_201e_2030,0x0A,low_or_data_possible,AE 1E 20,00 A9 D2 97 AE B9 46 39 AE 1E 20 9F C7 00 18 95 A3 E7 9C
0x0A8020,8A:8020,CA:8020,0xAD,LDA abs,$3014,wram_3004_303c,0x0A,low_or_data_possible,AD 14 30,A9 90 03 5F 8C 50 52 91 AD 14 30 19 07 19 86 00 3E 30 95
0x0A99D1,8A:99D1,CA:99D1,0x2E,ROL abs,$201E,wram_201e_2030,0x0A,low_or_data_possible,2E 1E 20,71 BF 80 77 3A 7F 8B 51 2E 1E 20 34 68 EF 80 75 D4 90 2F
0x0C3398,8C:3398,CC:3398,0x59,"EOR abs,Y",$202E,wram_201e_2030,0x0C,low_or_data_possible,59 2E 20,B0 7A 98 33 7C 9F 33 00 59 2E 20 13 02 00 B0 A4 05 B0 7A
0x0C3EB3,8C:3EB3,CC:3EB3,0x59,"EOR abs,Y",$3030,wram_3004_303c,0x0C,low_or_data_possible,59 30 30,7C BA 3E 00 A3 24 B3 08 59 30 30 22 02 00 B0 A4 19 B0 7A
0x0C4753,8C:4753,CC:4753,0x59,"EOR abs,Y",$3032,wram_3004_303c,0x0C,low_or_data_possible,59 32 30,7C 5A 47 00 A3 7C B3 08 59 32 30 1F 02 10 B0 A4 0F B0 7A
0x0C4F8B,8C:4F8B,CC:4F8B,0x59,"EOR abs,Y",$2024,wram_201e_2030,0x0C,low_or_data_possible,59 24 20,59 24 3C 2B 02 10 B2 08 59 24 20 25 02 10 B0 A3 3E B4 0F
0x0C5090,8C:5090,CC:5090,0x59,"EOR abs,Y",$2027,wram_201e_2030,0x0C,low_or_data_possible,59 27 20,7C 9F 50 00 A3 3E B4 0A 59 27 20 2B 02 10 B2 08 59 27 1E
0x0C5B4C,8C:5B4C,CC:5B4C,0x2C,BIT abs,$302D,wram_3004_303c,0x0C,low_or_data_possible,2C 2D 30,6C 02 B0 8C 4B 5B 00 5D 2C 2D 30 2E B3 0C A0 F2 D5 CA B6
0x0C71B2,8C:71B2,CC:71B2,0x59,"EOR abs,Y",$2024,wram_201e_2030,0x0C,low_or_data_possible,59 24 20,B0 7A B2 71 7C B9 71 00 59 24 20 41 02 10 B0 A4 0F 01 00
0x0CAB26,8C:AB26,CC:AB26,0x59,"EOR abs,Y",$3021,wram_3004_303c,0x0C,low_or_data_possible,59 21 30,80 7A AD 00 A3 A4 B4 08 59 21 30 1E 02 10 B0 A3 C8 B4 19
0x0CAB8B,8C:AB8B,CC:AB8B,0x59,"EOR abs,Y",$3004,wram_3004_303c,0x0C,low_or_data_possible,59 04 30,1E 17 02 04 09 57 AE CC 59 04 30 1F 01 10 09 9E B0 CC 71
0x0CAE8E,8C:AE8E,CC:AE8E,0x59,"EOR abs,Y",$301E,wram_3004_303c,0x0C,low_or_data_possible,59 1E 30,22 1A 20 E0 09 79 AE CC 59 1E 30 1E 04 10 71 11 00 A0 86
0x0CAEA6,8C:AEA6,CC:AEA6,0x59,"EOR abs,Y",$301E,wram_3004_303c,0x0C,low_or_data_possible,59 1E 30,04 B3 03 B0 09 79 AE CC 59 1E 30 1E 02 10 09 57 AE CC 59
0x0CB457,8C:B457,CC:B457,0x59,"EOR abs,Y",$302F,wram_3004_303c,0x0C,low_or_data_possible,59 2F 30,7C 5E B4 00 A3 AD B3 08 59 2F 30 2E 02 10 B0 A3 B2 B4 06
0x0CC346,8C:C346,CC:C346,0x59,"EOR abs,Y",$3011,wram_3004_303c,0x0C,low_or_data_possible,59 11 30,6C 31 C4 00 A3 94 B4 08 59 11 30 03 04 10 B0 A4 09 01 00
0x0CE98B,8C:E98B,CC:E98B,0x2D,AND abs,$300E,wram_3004_303c,0x0C,low_or_data_possible,2D 0E 30,68 03 B0 77 8A E9 00 5D 2D 0E 30 0F B3 05 56 9A 05 B0 77
0x0DA92C,8D:A92C,CD:A92C,0x5D,"EOR abs,X",$3008,wram_3004_303c,0x0D,low_or_data_possible,5D 08 30,56 DC 02 B0 77 2C A9 00 5D 08 30 09 30 A3 01 E1 E7 B3 1C
0x0E65CE,8E:65CE,CE:65CE,0x0C,TSB abs,$3029,wram_3004_303c,0x0E,low_or_data_possible,0C 29 30,70 0A 00 29 30 29 30 29 0C 29 30 69 00 29 0C 69 30 69 32
0x0E8A50,8E:8A50,CE:8A50,0x2D,AND abs,$300D,wram_3004_303c,0x0E,low_or_data_possible,2D 0D 30,25 4D 26 4D 22 4D 24 4D 2D 0D 30 0D 2E 0D 31 0D 2D 0D 2D
0x0E8A5E,8E:8A5E,CE:8A5E,0x2E,ROL abs,$300D,wram_3004_303c,0x0E,low_or_data_possible,2E 0D 30,31 0D 2D 0D 2D 0D 2E 0D 2E 0D 30 0D 2D 0D 31 0D 2E 0D 38
0x0E8B10,8E:8B10,CE:8B10,0x2D,AND abs,$300D,wram_3004_303c,0x0E,low_or_data_possible,2D 0D 30,42 0D 32 4D 43 0D 33 4D 2D 0D 30 0D 44 0D 44 0D 2D 0D 2D
0x0E8B40,8E:8B40,CE:8B40,0x2D,AND abs,$300D,wram_3004_303c,0x0E,low_or_data_possible,2D 0D 30,30 0D 2D 0D 44 0D 47 0D 2D 0D 30 0D 47 0D 44 0D 1B 16 1C
0x0EC292,8E:C292,CE:C292,0x0D,ORA abs,$300A,wram_3004_303c,0x0E,low_or_data_possible,0D 0A 30,04 09 0A 49 16 09 0C 0A 0D 0A 30 09 31 09 2A 0A 2B 0A 3A
0x0ED082,8E:D082,CE:D082,0x39,"AND abs,Y",$3032,wram_3004_303c,0x0E,low_or_data_possible,39 32 30,00 01 00 01 00 01 30 09 39 32 30 09 39 32 39 32 04 09 39
0x0ED35A,8E:D35A,CE:D35A,0x39,"AND abs,Y",$3012,wram_3004_303c,0x0E,low_or_data_possible,39 12 30,00 01 39 32 00 01 30 09 39 12 30 09 49 12 39 12 14 09 49
0x0ED72E,8E:D72E,CE:D72E,0x9C,STZ abs,$300A,wram_3004_303c,0x0E,low_or_data_possible,9C 0A 30,9B 0A 30 09 30 09 9C 0A 9C 0A 30 09 30 09 9D 0A 04 09 00
0x0EDC9E,8E:DC9E,CE:DC9E,0x99,"STA abs,Y",$300A,wram_3004_303c,0x0E,low_or_data_possible,99 0A 30,00 01 9F 09 30 09 99 0A 99 0A 30 09 30 09 99 0A 99 0A A8
0x0EE21E,8E:E21E,CE:E21E,0x99,"STA abs,Y",$300A,wram_3004_303c,0x0E,low_or_data_possible,99 0A 30,00 01 9F 09 30 09 99 0A 99 0A 30 09 30 09 99 0A 99 0A A8
0x0EE8B4,8E:E8B4,CE:E8B4,0x99,"STA abs,Y",$300A,wram_3004_303c,0x0E,low_or_data_possible,99 0A 30,72 36 73 36 9B 0A 9C 0A 99 0A 30 09 9C 0A 9C 0A 30 09 30
0x0EE8BA,8E:E8BA,CE:E8BA,0x9C,STZ abs,$300A,wram_3004_303c,0x0E,low_or_data_possible,9C 0A 30,9C 0A 99 0A 30 09 9C 0A 9C 0A 30 09 30 09 9C 0A 9D 0A 30
0x0EE8C2,8E:E8C2,CE:E8C2,0x9D,"STA abs,X",$300A,wram_3004_303c,0x0E,low_or_data_possible,9D 0A 30,9C 0A 30 09 30 09 9C 0A 9D 0A 30 09 9A 0A AD 12 AE 12 AD
0x0EE8D2,8E:E8D2,CE:E8D2,0xAE,LDX abs,$3012,wram_3004_303c,0x0E,low_or_data_possible,AE 12 30,AE 12 AD 12 AE 12 AD 12 AE 12 30 09 30 09 42 12 43 12 AB
0x0EE8E2,8E:E8E2,CE:E8E2,0xAC,LDY abs,$3012,wram_3004_303c,0x0E,low_or_data_possible,AC 12 30,43 12 AB 12 AC 12 AB 12 AC 12 30 09 30 09 82 16 83 16 92
0x0EE990,8E:E990,CE:E990,0x99,"STA abs,Y",$300A,wram_3004_303c,0x0E,low_or_data_possible,99 0A 30,4A 0A 30 09 30 09 30 09 99 0A 30 09 99 0A 30 09 41 12 40
0x0EE994,8E:E994,CE:E994,0x99,"STA abs,Y",$300A,wram_3004_303c,0x0E,low_or_data_possible,99 0A 30,30 09 30 09 99 0A 30 09 99 0A 30 09 41 12 40 12 51 12 07
0x0EEA18,8E:EA18,CE:EA18,0x4D,EOR abs,$3009,wram_3004_303c,0x0E,low_or_data_possible,4D 09 30,8C 16 8B 16 8C 16 8B 16 4D 09 30 09 4D 09 30 09 30 09 4C
0x0EEA1C,8E:EA1C,CE:EA1C,0x4D,EOR abs,$3009,wram_3004_303c,0x0E,low_or_data_possible,4D 09 30,8C 16 8B 16 4D 09 30 09 4D 09 30 09 30 09 4C 09 30 09 4C
0x0EEA28,8E:EA28,CE:EA28,0x4D,EOR abs,$3009,wram_3004_303c,0x0E,low_or_data_possible,4D 09 30,30 09 4C 09 30 09 4C 09 4D 09 30 09 4D 09 30 09 30 09 30
0x0EEA2C,8E:EA2C,CE:EA2C,0x4D,EOR abs,$3009,wram_3004_303c,0x0E,low_or_data_possible,4D 09 30,30 09 4C 09 4D 09 30 09 4D 09 30 09 30 09 30 09 30 09 30
0x0EEA48,8E:EA48,CE:EA48,0x4D,EOR abs,$3009,wram_3004_303c,0x0E,low_or_data_possible,4D 09 30,30 09 4C 09 2A 0A 4C 09 4D 09 30 09 C9 0A 30 09 BB 16 8B
0x0EEB02,8E:EB02,CE:EB02,0xED,SBC abs,$3012,wram_3004_303c,0x0E,low_or_data_possible,ED 12 30,07 09 FC 12 AF 12 30 09 ED 12 30 09 30 09 ED 12 30 09 30
0x0EEB08,8E:EB08,CE:EB08,0xED,SBC abs,$3012,wram_3004_303c,0x0E,low_or_data_possible,ED 12 30,30 09 ED 12 30 09 30 09 ED 12 30 09 30 09 30 09 30 09 30
0x0EEB3A,8E:EB3A,CE:EB3A,0xAC,LDY abs,$3012,wram_3004_303c,0x0E,low_or_data_possible,AC 12 30,00 01 DF 2E 00 01 AB 12 AC 12 30 09 30 09 EB 6E EA 2E 76
0x0F8401,8F:8401,CF:8401,0x59,"EOR abs,Y",$300E,wram_3004_303c,0x0F,low_or_data_possible,59 0E 30,6F 6F FD 75 1C 50 51 58 59 0E 30 74 3C 26 26 01 73 12 1A
0x0F8F77,8F:8F77,CF:8F77,0x19,"ORA abs,Y",$2027,wram_201e_2030,0x0F,low_or_data_possible,19 27 20,F8 F2 BE 0B 19 03 81 BD 19 27 20 13 1F 19 23 52 20 F3 48
0x0F9629,8F:9629,CF:9629,0x2E,ROL abs,$301A,wram_3004_303c,0x0F,low_or_data_possible,2E 1A 30,90 09 ED FD 37 40 FF 03 2E 1A 30 3D D1 1C 3F 65 18 00 2E
0x0FA998,8F:A998,CF:A998,0x3E,"ROL abs,X",$2020,wram_201e_2030,0x0F,low_or_data_possible,3E 20 20,0A 24 09 18 A0 64 19 45 3E 20 20 37 BD 00 45 BD BB 11 CB
0x0FAE1F,8F:AE1F,CF:AE1F,0xED,SBC abs,$3030,wram_3004_303c,0x0F,low_or_data_possible,ED 30 30,E9 28 23 23 A8 11 04 B6 ED 30 30 18 B1 B4 18 E8 05 2A A9
0x0FB8D5,8F:B8D5,CF:B8D5,0xCE,DEC abs,$2029,wram_201e_2030,0x0F,low_or_data_possible,CE 29 20,07 05 2A A1 10 28 C7 62 CE 29 20 28 51 AC 00 BA 13 EF 53
0x0FC4BD,8F:C4BD,CF:C4BD,0x1C,TRB abs,$301D,wram_3004_303c,0x0F,low_or_data_possible,1C 1D 30,0A 4E 25 23 F0 64 08 27 1C 1D 30 17 00 22 29 09 07 25 40
0x0FC596,8F:C596,CF:C596,0x1C,TRB abs,$301D,wram_3004_303c,0x0F,low_or_data_possible,1C 1D 30,10 FF 33 4F 49 48 4A 02 1C 1D 30 F5 64 F2 20 21 05 6B 02
0x0FC700,8F:C700,CF:C700,0x19,"ORA abs,Y",$201F,wram_201e_2030,0x0F,low_or_data_possible,19 1F 20,02 1C 1D 22 F1 12 1E 43 19 1F 20 03 28 23 11 F9 20 22 A7
0x0FCA0F,8F:CA0F,CF:CA0F,0x1E,"ASL abs,X",$2021,wram_201e_2030,0x0F,low_or_data_possible,1E 21 20,2F F2 10 05 09 F2 10 01 1E 21 20 F4 54 5B 5D 5E F2 0A 17
0x0FCA41,8F:CA41,CF:CA41,0x1D,"ORA abs,X",$202F,wram_201e_2030,0x0F,low_or_data_possible,1D 2F 20,22 54 5C 2F 53 5A CD 21 1D 2F 20 2F 5C 56 01 03 23 06 79
0x0FCAA7,8F:CAA7,CF:CAA7,0x19,"ORA abs,Y",$2021,wram_201e_2030,0x0F,low_or_data_possible,19 21 20,0F 6C 6D CE 02 0F F7 13 19 21 20 1F FC 13 CC 0F 19 27 1A
0x0FCC55,8F:CC55,CF:CC55,0x0C,TSB abs,$3030,wram_3004_303c,0x0F,low_or_data_possible,0C 30 30,00 F7 E0 49 48 4A FF 30 0C 30 30 37 2F 11 80 1E EF 2D 25
0x0FD21B,8F:D21B,CF:D21B,0x1E,"ASL abs,X",$2021,wram_201e_2030,0x0F,low_or_data_possible,1E 21 20,93 31 EF 21 3E EF F4 21 1E 21 20 1F 47 00 30 FF 23 91 20
0x0FD4E6,8F:D4E6,CF:D4E6,0x8C,STY abs,$3022,wram_3004_303c,0x0F,low_or_data_possible,8C 22 30,1F 28 8F 2A 84 00 1E 54 8C 22 30 14 24 9F 27 95 00 84 01
0x0FD655,8F:D655,CF:D655,0x1E,"ASL abs,X",$2021,wram_201e_2030,0x0F,low_or_data_possible,1E 21 20,59 03 21 5A 54 63 72 F9 1E 21 20 F1 30 03 5C F8 31 E9 1C
0x0FDADF,8F:DADF,CF:DADF,0x1E,"ASL abs,X",$2021,wram_201e_2030,0x0F,low_or_data_possible,1E 21 20,00 24 0C BE 24 EF 30 2E 1E 21 20 1F F6 EF 1D 01 02 EF 31
0x0FE017,8F:E017,CF:E017,0x59,"EOR abs,Y",$3032,wram_3004_303c,0x0F,low_or_data_possible,59 32 30,0D 58 59 37 03 27 30 31 59 32 30 FD 03 03 4D 97 F0 1B A3
0x0FE3F6,8F:E3F6,CF:E3F6,0x0C,TSB abs,$2020,wram_201e_2030,0x0F,low_or_data_possible,0C 20 20,52 13 02 06 EB 0D 08 00 0C 20 20 04 14 E9 07 11 2E 13 33
0x0FE44C,8F:E44C,CF:E44C,0x2C,BIT abs,$3021,wram_3004_303c,0x0F,low_or_data_possible,2C 21 30,36 30 22 23 76 FB CC 2A 2C 21 30 28 29 38 B3 23 41 2A 40
0x0FE708,8F:E708,CF:E708,0x2C,BIT abs,$2021,wram_201e_2030,0x0F,low_or_data_possible,2C 21 20,37 EE DE 0D 09 F3 01 2A 2C 21 20 07 5E F2 04 3F FF 03 28
0x0FEA2C,8F:EA2C,CF:EA2C,0x2C,BIT abs,$3010,wram_3004_303c,0x0F,low_or_data_possible,2C 10 30,24 22 23 05 0D DE 1F 0A 2C 10 30 31 2A 2B 75 A5 36 52 10
0x0FEC4F,8F:EC4F,CF:EC4F,0x3E,"ROL abs,X",$3037,wram_3004_303c,0x0F,low_or_data_possible,3E 37 30,0C 7F EF 00 36 3F 36 04 3E 37 30 D9 27 2E F0 04 05 EE 10
0x0FED03,8F:ED03,CF:ED03,0x2E,ROL abs,$300A,wram_3004_303c,0x0F,low_or_data_possible,2E 0A 30,FD 32 06 0B 46 1D 22 06 2E 0A 30 1D 1A 05 FD 81 00 1D 37
0x0FEEF0,8F:EEF0,CF:EEF0,0x19,"ORA abs,Y",$301D,wram_3004_303c,0x0F,low_or_data_possible,19 1D 30,9F 50 05 07 C8 70 05 18 19 1D 30 9F 01 03 06 07 90 00 D4
0x0FEFA5,8F:EFA5,CF:EFA5,0xEE,INC abs,$300A,wram_3004_303c,0x0F,low_or_data_possible,EE 0A 30,E5 10 0C 48 E3 08 F4 A1 EE 0A 30 DD 20 5D FF 00 6E 7F FF
0x0FF73B,8F:F73B,CF:F73B,0x0E,ASL abs,$302D,wram_3004_303c,0x0F,low_or_data_possible,0E 2D 30,00 13 FD EF 09 1F 09 EF 0E 2D 30 31 5A E4 90 07 EF 38 39
0x1002E7,90:02E7,D0:02E7,0xF9,"SBC abs,Y",$300F,wram_3004_303c,0x10,low_or_data_possible,F9 0F 30,00 FC 00 00 11 17 24 14 F9 0F 30 F0 FC 11 09 32 00 15 19
0x100656,90:0656,D0:0656,0x3E,"ROL abs,X",$301C,wram_3004_303c,0x10,low_or_data_possible,3E 1C 30,36 F3 A1 EC 36 14 E1 CC 3E 1C 30 1B 01 C2 ED 40 64 16 15
0x100A82,90:0A82,D0:0A82,0x3E,"ROL abs,X",$300C,wram_3004_303c,0x10,low_or_data_possible,3E 0C 30,00 83 04 2A F6 2C 24 2B 3E 0C 30 31 F1 10 A1 52 33 29 2C
0x100BE2,90:0BE2,D0:0BE2,0x2C,BIT abs,$3023,wram_3004_303c,0x10,low_or_data_possible,2C 23 30,20 17 21 07 F6 06 28 FE 2C 23 30 31 3E 28 29 0C F8 04 28
0x100CB2,90:0CB2,D0:0CB2,0x1C,TRB abs,$301D,wram_3004_303c,0x10,low_or_data_possible,1C 1D 30,89 1A FD 00 0D 1D 25 36 1C 1D 30 52 5E 0D 3E 1C 21 37 03
0x100F64,90:0F64,D0:0F64,0xFE,"INC abs,X",$3032,wram_3004_303c,0x10,low_or_data_possible,FE 32 30,4A 2D 91 37 EF D3 20 21 FE 32 30 1C FC 23 28 29 72 F0 38
0x100FDB,90:0FDB,D0:0FDB,0x9C,STZ abs,$2026,wram_201e_2030,0x10,low_or_data_possible,9C 26 20,F7 07 10 43 56 56 03 25 9C 26 20 00 49 2D 2F 31 31 14 03
0x10150D,90:150D,D0:150D,0x2C,BIT abs,$3023,wram_3004_303c,0x10,low_or_data_possible,2C 23 30,FC DF 0D 08 F4 13 51 28 2C 23 30 8F 31 FD 01 03 04 24 2B
0x1024EB,90:24EB,D0:24EB,0xCD,CMP abs,$3027,wram_3004_303c,0x10,low_or_data_possible,CD 27 30,B9 16 BF 41 93 9A 36 00 CD 27 30 BB DC 10 13 81 0F 85 09
0x102CAD,90:2CAD,D0:2CAD,0x3E,"ROL abs,X",$2020,wram_201e_2030,0x10,low_or_data_possible,3E 20 20,10 3A 35 0E 07 08 0B 31 3E 20 20 13 0D 0E 0F 09 0A 1B 9F
0x102CC7,90:2CC7,D0:2CC7,0x39,"AND abs,Y",$301B,wram_3004_303c,0x10,low_or_data_possible,39 1B 30,01 4C FD 01 4B 01 4D 01 39 1B 30 34 C7 3B 3B 76 84 33 7A
0x103A4B,90:3A4B,D0:3A4B,0xEE,INC abs,$300B,wram_3004_303c,0x10,low_or_data_possible,EE 0B 30,00 4F CA 7D 01 EA 20 48 EE 0B 30 F1 EF 67 32 F8 07 20 07
0x1040D5,90:40D5,D0:40D5,0x19,"ORA abs,Y",$3013,wram_3004_303c,0x10,low_or_data_possible,19 13 30,BF 20 56 19 85 0B 30 56 19 13 30 12 4D 19 52 4A 55 11 4D
0x10461B,90:461B,D0:461B,0x19,"ORA abs,Y",$3019,wram_3004_303c,0x10,low_or_data_possible,19 19 30,14 FE FF 11 EC 04 B2 13 19 19 30 ED 80 13 19 4A 29 32 A8
0x1059C2,90:59C2,D0:59C2,0x5D,"EOR abs,X",$202D,wram_201e_2030,0x10,low_or_data_possible,5D 2D 20,67 68 EB 88 D3 5C 3F 38 5D 2D 20 F1 31 6B 69 35 01 B8 5E
0x1063B1,90:63B1,D0:63B1,0xFD,"SBC abs,X",$2024,wram_201e_2030,0x10,low_or_data_possible,FD 24 20,FA 06 0B 00 F0 F3 20 ED FD 24 20 07 11 FF FA 03 00 F1 FF
0x10751B,90:751B,D0:751B,0xEE,INC abs,$300B,wram_3004_303c,0x10,low_or_data_possible,EE 0B 30,9F 00 B0 FF C1 D2 B0 48 EE 0B 30 F1 EE 0D 32 F2 F0 CF 0F
0x10773D,90:773D,D0:773D,0x2D,AND abs,$3032,wram_3004_303c,0x10,low_or_data_possible,2D 32 30,17 1C EF 1C 1F 2B FA 24 2D 32 30 76 00 01 1A 00 21 F9 2D
0x107746,90:7746,D0:7746,0xF9,"SBC abs,Y",$302D,wram_3004_303c,0x10,low_or_data_possible,F9 2D 30,32 30 76 00 01 1A 00 21 F9 2D 30 FF 00 50 F0 22 00 01 32
0x10777E,90:777E,D0:777E,0xED,SBC abs,$3012,wram_3004_303c,0x10,low_or_data_possible,ED 12 30,EC 0B 30 F3 45 13 11 49 ED 12 30 00 F3 18 E8 02 18 15 31
0x107B53,90:7B53,D0:7B53,0x3C,"BIT abs,X",$201F,wram_201e_2030,0x10,low_or_data_possible,3C 1F 20,32 1A EE 17 E6 32 C0 32 3C 1F 20 1C E5 91 EE 42 08 34 41
0x1080D6,90:80D6,D0:80D6,0x4E,LSR abs,$3029,wram_3004_303c,0x10,low_or_data_possible,4E 29 30,12 32 32 8D 86 F0 0A 31 4E 29 30 2A 31 86 8C 13 61 00 72
0x10813D,90:813D,D0:813D,0x2C,BIT abs,$3012,wram_3004_303c,0x10,low_or_data_possible,2C 12 30,28 6A 6B 57 30 30 3F 29 2C 12 30 5E 6C 6D 6E 6F A7 5F 37
0x1082C5,90:82C5,D0:82C5,0x1C,TRB abs,$201F,wram_201e_2030,0x10,low_or_data_possible,1C 1F 20,43 EB 0C 10 03 1C 43 EB 1C 1F 20 00 61 FF 02 13 FF 64 35
0x1082E2,90:82E2,D0:82E2,0xFD,"SBC abs,X",$3019,wram_3004_303c,0x10,low_or_data_possible,FD 19 30,F6 15 FD 50 FF 0F 14 00 FD 19 30 0F FF 11 17 12 51 FF 0F
0x108390,90:8390,D0:8390,0xFD,"SBC abs,X",$3019,wram_3004_303c,0x10,low_or_data_possible,FD 19 30,F6 15 FD 50 FF 0F 14 00 FD 19 30 0F FF 11 17 12 51 FF 0F
0x1083C5,90:83C5,D0:83C5,0xFD,"SBC abs,X",$3019,wram_3004_303c,0x10,low_or_data_possible,FD 19 30,F6 15 FD 50 FF 0F 14 00 FD 19 30 0F FF 11 17 12 51 FF 0F
0x1083F6,90:83F6,D0:83F6,0x8D,STA abs,$3032,wram_3004_303c,0x10,low_or_data_possible,8D 32 30,85 38 35 15 89 8A 5D B2 8D 32 30 14 69 6A C2 25 A7 25 C2
0x109B38,90:9B38,D0:9B38,0x19,"ORA abs,Y",$3030,wram_3004_303c,0x10,low_or_data_possible,19 30 30,17 30 20 4C 4B 23 FB 1B 19 30 30 27 EB 2F 25 1F FF 1E 21
0x109F23,90:9F23,D0:9F23,0xFD,"SBC abs,X",$3011,wram_3004_303c,0x10,low_or_data_possible,FD 11 30,FF 00 AF C0 FF D1 E2 A0 FD 11 30 30 72 74 30 F3 02 F0 EF
0x10A02D,90:A02D,D0:A02D,0xDE,"DEC abs,X",$3011,wram_3004_303c,0x10,low_or_data_possible,DE 11 30,32 22 1E 1E 1D 26 00 A6 DE 11 30 F0 42 72 74 30 16 EB DE
0x10ACFE,90:ACFE,D0:ACFE,0x0C,TSB abs,$3018,wram_3004_303c,0x10,low_or_data_possible,0C 18 30,2F 17 10 51 0A EF 08 01 0C 18 30 51 28 65 F8 00 84 40 ED
0x10B382,90:B382,D0:B382,0xFE,"INC abs,X",$2022,wram_201e_2030,0x10,low_or_data_possible,FE 22 20,00 00 EC 42 10 F6 31 F3 FE 22 20 06 31 03 00 0F 31 EF 16
0x10C1B8,90:C1B8,D0:C1B8,0xDD,"CMP abs,X",$2028,wram_201e_2030,0x10,low_or_data_possible,DD 28 20,63 17 17 41 63 28 65 24 DD 28 20 63 15 23 28 27 E8 25 EE
0x10C43B,90:C43B,D0:C43B,0x0C,TSB abs,$2020,wram_201e_2030,0x10,low_or_data_possible,0C 20 20,10 25 08 09 4D F8 DC 0A 0C 20 20 05 07 05 FC FA 31 BD 06
0x10C6E5,90:C6E5,D0:C6E5,0x0E,ASL abs,$3006,wram_3004_303c,0x10,low_or_data_possible,0E 06 30,03 26 00 24 B5 0B 11 12 0E 06 30 07 F6 12 05 52 30 0E 3E
0x10C898,90:C898,D0:C898,0x7D,"ADC abs,X",$3020,wram_3004_303c,0x10,low_or_data_possible,7D 20 30,21 10 46 14 46 08 60 3B 7D 20 30 51 52 50 50 18 61 39 37
0x10C8FE,90:C8FE,D0:C8FE,0xDE,"DEC abs,X",$3030,wram_3004_303c,0x10,low_or_data_possible,DE 30 30,81 D0 FF 30 72 30 DC DD DE 30 30 EF D1 01 81 1C 01 13 01
0x10CB70,90:CB70,D0:CB70,0x0E,ASL abs,$3036,wram_3004_303c,0x10,low_or_data_possible,0E 36 30,06 18 26 61 1F 20 16 0D 0E 36 30 31 F2 06 35 63 1F F0 61
0x10CD57,90:CD57,D0:CD57,0xFE,"INC abs,X",$3036,wram_3004_303c,0x10,low_or_data_possible,FE 36 30,F6 18 26 61 1F 20 16 FD FE 36 30 31 F2 06 35 63 1F F0 61
0x10D7E7,90:D7E7,D0:D7E7,0x1C,TRB abs,$3008,wram_3004_303c,0x10,low_or_data_possible,1C 08 30,40 00 F4 30 02 25 05 41 1C 08 30 08 08 16 00 26 47 32 3F
0x10E5AE,90:E5AE,D0:E5AE,0x0E,ASL abs,$301D,wram_3004_303c,0x10,low_or_data_possible,0E 1D 30,F2 04 12 05 11 23 00 16 0E 1D 30 26 25 33 54 11 2C 33 63
0x10F116,90:F116,D0:F116,0xD9,"CMP abs,Y",$3034,wram_3004_303c,0x10,low_or_data_possible,D9 34 30,8B 4B 39 03 D9 0F 62 4A D9 34 30 80 30 F9 32 36 32 32 35
0x10F497,90:F497,D0:F497,0x39,"AND abs,Y",$3030,wram_3004_303c,0x10,low_or_data_possible,39 30 30,00 D2 E3 90 FF 32 36 31 39 30 30 38 47 BB 36 EF 00 32 32
0x10F733,90:F733,D0:F733,0xAE,LDX abs,$3023,wram_3004_303c,0x10,low_or_data_possible,AE 23 30,9D 37 33 01 90 45 43 4D AE 23 30 E6 33 36 3E C0 91 50 31
0x1103FC,91:03FC,D1:03FC,0x2E,ROL abs,$3020,wram_3004_303c,0x11,low_or_data_possible,2E 20 30,39 FD 02 69 2F 82 37 46 2E 20 30 73 86 38 FE 43 45 88 45
0x1105D8,91:05D8,D1:05D8,0x2E,ROL abs,$3030,wram_3004_303c,0x11,low_or_data_possible,2E 30 30,26 26 2F 3E BA 15 46 10 2E 30 30 4D 3A FF 42 52 55 08 69
0x11116D,91:116D,D1:116D,0x4D,EOR abs,$302A,wram_3004_303c,0x11,low_or_data_possible,4D 2A 30,2D 40 52 36 82 3F 5A 0B 4D 2A 30 40 F7 02 04 44 DF 2B 2A
0x1114C3,91:14C3,D1:14C3,0x2C,BIT abs,$3014,wram_3004_303c,0x11,low_or_data_possible,2C 14 30,08 37 FD 31 4B 0D 0F 09 2C 14 30 71 5A 21 0A 14 2C 2C 00
0x111FF2,91:1FF2,D1:1FF2,0x19,"ORA abs,Y",$202F,wram_201e_2030,0x11,low_or_data_possible,19 2F 20,05 94 1D 35 35 00 1C 35 19 2F 20 0D 48 34 02 19 41 51 30
0x1123EE,91:23EE,D1:23EE,0x3E,"ROL abs,X",$3027,wram_3004_303c,0x11,low_or_data_possible,3E 27 30,13 00 54 5A 02 98 1D 43 3E 27 30 98 10 79 FF 10 10 09 17
0x112456,91:2456,D1:2456,0x19,"ORA abs,Y",$202D,wram_201e_2030,0x11,low_or_data_possible,19 2D 20,00 81 46 03 59 32 31 70 19 2D 20 F9 08 A2 10 B3 00 09 0D
0x11319C,91:319C,D1:319C,0x39,"AND abs,Y",$3032,wram_3004_303c,0x11,low_or_data_possible,39 32 30,0F D0 38 1A FF 01 39 2D 39 32 30 10 02 10 44 3A F2 F3 3A
0x113AFF,91:3AFF,D1:3AFF,0x1E,"ASL abs,X",$2030,wram_201e_2030,0x11,low_or_data_possible,1E 30 20,FD 17 1B 1C 16 20 2A 17 1E 30 20 00 21 34 1C 26 71 30 30
0x113CC1,91:3CC1,D1:3CC1,0x1C,TRB abs,$302E,wram_3004_303c,0x11,low_or_data_possible,1C 2E 30,09 42 01 13 2F 17 51 03 1C 2E 30 25 36 50 2D 2E 06 2E 17
0x113F76,91:3F76,D1:3F76,0x1C,TRB abs,$3019,wram_3004_303c,0x11,low_or_data_possible,1C 19 30,93 B6 11 8A 77 00 B6 16 1C 19 30 A4 24 B7 18 29 CF 00 A8
0x11450D,91:450D,D1:450D,0x0D,ORA abs,$3018,wram_3004_303c,0x11,low_or_data_possible,0D 18 30,14 10 19 FD 03 AC 09 F1 0D 18 30 2D 0C 3C F0 20 6C 04 0A
0x11573E,91:573E,D1:573E,0xEE,INC abs,$2022,wram_201e_2030,0x11,low_or_data_possible,EE 22 20,0B 20 00 1F 00 00 33 78 EE 22 20 1F 1F 21 F2 F5 17 EA 80
0x115D9C,91:5D9C,D1:5D9C,0x0C,TSB abs,$3032,wram_3004_303c,0x11,low_or_data_possible,0C 32 30,EF 01 5A 1C 04 1A EF 0C 0C 32 30 07 1C 78 EF 30 07 02 02
0x116117,91:6117,D1:6117,0x1E,"ASL abs,X",$201F,wram_201e_2030,0x11,low_or_data_possible,1E 1F 20,16 00 08 DE FF FF 10 FB 1E 1F 20 FF 31 51 FF 31 62 70 BF
0x116282,91:6282,D1:6282,0x0D,ORA abs,$2024,wram_201e_2030,0x11,low_or_data_possible,0D 24 20,0D F2 14 13 29 2F 41 34 0D 24 20 30 3A 17 E9 40 17 39 2A
0x1162A9,91:62A9,D1:62A9,0xCD,CMP abs,$3032,wram_3004_303c,0x11,low_or_data_possible,CD 32 30,05 DE FF FF 10 FF 21 30 CD 32 30 33 1E 42 FF 53 30 9D 0D
0x117052,91:7052,D1:7052,0x4E,LSR abs,$3016,wram_3004_303c,0x11,low_or_data_possible,4E 16 30,0F 63 16 17 17 3F 37 48 4E 16 30 00 F8 5F 84 47 6F 93 14
0x11861F,91:861F,D1:861F,0xCE,DEC abs,$302C,wram_3004_303c,0x11,low_or_data_possible,CE 2C 30,2A 28 7B 14 13 5E 21 27 CE 2C 30 8B 1D 81 18 09 0D 9B 20
0x1186B3,91:86B3,D1:86B3,0x8D,STA abs,$3012,wram_3004_303c,0x11,low_or_data_possible,8D 12 30,9A 30 7E 28 11 6F 26 87 8D 12 30 7F 97 61 0E 0D 20 8F 27
0x1188D1,91:88D1,D1:88D1,0x4E,LSR abs,$3029,wram_3004_303c,0x11,low_or_data_possible,4E 29 30,22 89 46 29 63 22 F4 08 4E 29 30 36 3E 0C 29 33 31 FF 29
0x118990,91:8990,D1:8990,0x0D,ORA abs,$2029,wram_201e_2030,0x11,low_or_data_possible,0D 29 20,32 F3 24 35 01 7D F9 18 0D 29 20 21 F3 14 19 BE 11 FB 24
0x1193F4,91:93F4,D1:93F4,0x0E,ASL abs,$2024,wram_201e_2030,0x11,low_or_data_possible,0E 24 20,00 B0 0F 06 10 B2 1D 0D 0E 24 20 EF 71 0D 3F 31 18 1B 37
0x11967F,91:967F,D1:967F,0xB9,"LDA abs,Y",$3018,wram_3004_303c,0x11,low_or_data_possible,B9 18 30,A3 07 56 0F 35 49 1C 77 B9 18 30 D5 30 2F 78 18 75 10 2E
0x119911,91:9911,D1:9911,0x0D,ORA abs,$302E,wram_3004_303c,0x11,low_or_data_possible,0D 2E 30,E0 49 25 48 DC 9E 01 1A 0D 2E 30 63 29 0D 0E 05 98 01 1A
0x11BBA9,91:BBA9,D1:BBA9,0x0E,ASL abs,$2026,wram_201e_2030,0x11,low_or_data_possible,0E 26 20,24 08 43 16 00 20 42 A0 0E 26 20 0A 43 36 03 01 20 0F 5A
0x11C1FC,91:C1FC,D1:C1FC,0x2E,ROL abs,$3011,wram_3004_303c,0x11,low_or_data_possible,2E 11 30,0A 55 24 00 03 55 23 47 2E 11 30 63 74 91 41 48 73 74 42
0x11C670,91:C670,D1:C670,0xF9,"SBC abs,Y",$3020,wram_3004_303c,0x11,low_or_data_possible,F9 20 30,F8 65 10 F8 F7 6F 17 18 F9 20 30 35 36 1D 00 3A 47 3F 44
0x11C8DC,91:C8DC,D1:C8DC,0x3C,"BIT abs,X",$2025,wram_201e_2030,0x11,low_or_data_possible,3C 25 20,15 20 01 0F 9B 04 0E 6E 3C 25 20 11 0F 1C 0F 04 EF 43 A5
0x11DCA0,91:DCA0,D1:DCA0,0x1D,"ORA abs,X",$3014,wram_3004_303c,0x11,low_or_data_possible,1D 14 30,20 2A ED 14 1C 05 3A 06 1D 14 30 01 ED 01 20 29 4A 02 21
0x11DD4B,91:DD4B,D1:DD4B,0x39,"AND abs,Y",$3036,wram_3004_303c,0x11,low_or_data_possible,39 36 30,04 28 46 20 2A CE 1C 05 39 36 30 01 1A 17 49 32 47 F6 08
0x11DEF2,91:DEF2,D1:DEF2,0x39,"AND abs,Y",$3036,wram_3004_303c,0x11,low_or_data_possible,39 36 30,04 28 46 20 2A CE 1C 05 39 36 30 01 1A 17 49 32 47 F6 08
0x11EBD6,91:EBD6,D1:EBD6,0xBD,"LDA abs,X",$301B,wram_3004_303c,0x11,low_or_data_possible,BD 1B 30,1D 20 34 17 0C FE 1F 1F BD 1B 30 32 1F 0C 26 2A FE 02 6F
0x11F282,91:F282,D1:F282,0x19,"ORA abs,Y",$3036,wram_3004_303c,0x11,low_or_data_possible,19 36 30,1F 60 41 16 37 2C 17 3E 19 36 30 3D 3E 56 12 03 66 EF 40
0x11F623,91:F623,D1:F623,0xBD,"LDA abs,X",$301B,wram_3004_303c,0x11,low_or_data_possible,BD 1B 30,1D 20 34 17 0C FE 1F 1F BD 1B 30 32 1F 0C 26 2A FE 02 79
0x12012F,92:012F,D2:012F,0x59,"EOR abs,Y",$2023,wram_201e_2030,0x12,low_or_data_possible,59 23 20,34 FF 45 56 F9 17 BB 1A 59 23 20 21 86 08 22 24 00 7B 86
0x1205FF,92:05FF,D2:05FF,0x2C,BIT abs,$202D,wram_201e_2030,0x12,low_or_data_possible,2C 2D 20,74 75 F7 48 45 2E 2F 81 2C 2D 20 FF 50 7A 7B 55 7C 7D 51
0x120685,92:0685,D2:0685,0x2C,BIT abs,$202D,wram_201e_2030,0x12,low_or_data_possible,2C 2D 20,99 03 24 57 6B 66 7D FF 2C 2D 20 21 6E 0F 88 03 FB 14 03
0x120835,92:0835,D2:0835,0x3C,"BIT abs,X",$201F,wram_201e_2030,0x12,low_or_data_possible,3C 1F 20,68 69 3F 36 6E EB 20 3B 3C 1F 20 21 22 24 12 EF 23 3E 3D
0x120845,92:0845,D2:0845,0xBE,"LDX abs,Y",$2029,wram_201e_2030,0x12,low_or_data_possible,BE 29 20,23 3E 3D EC 03 02 06 28 BE 29 20 01 43 2A 2B 05 08 EC FD
0x120863,92:0863,D2:0863,0x7D,"ADC abs,X",$302F,wram_3004_303c,0x12,low_or_data_possible,7D 2F 30,0C 0D 1A EC 72 73 30 11 7D 2F 30 04 07 04 10 F7 11 76 9A
0x12091B,92:091B,D2:091B,0x0E,ASL abs,$3007,wram_3004_303c,0x12,low_or_data_possible,0E 07 30,06 04 BB 05 EE 50 19 0A 0E 07 30 0E DF 0C 70 EE 55 13 03
0x120CC0,92:0CC0,D2:0CC0,0x2C,BIT abs,$202D,wram_201e_2030,0x12,low_or_data_possible,2C 2D 20,6D 44 6A 6B 4B EE FF 1B 2C 2D 20 4D 4C 51 23 BB 43 09 00
0x120CE4,92:0CE4,D2:0CE4,0xFE,"INC abs,X",$300B,wram_3004_303c,0x12,low_or_data_possible,FE 0B 30,14 00 43 EE 19 62 63 0A FE 0B 30 04 0C 0F 0C 0B 24 00 F7
0x120D8E,92:0D8E,D2:0D8E,0x2C,BIT abs,$202D,wram_201e_2030,0x12,low_or_data_possible,2C 2D 20,51 23 2E 2F 84 85 FF 0A 2C 2D 20 21 6E 6F 23 FF 42 43 2A
0x120E8B,92:0E8B,D2:0E8B,0x2C,BIT abs,$202D,wram_201e_2030,0x12,low_or_data_possible,2C 2D 20,27 37 F4 FC 00 72 73 FC 2C 2D 20 FF 4D 55 51 23 2E 2F 0C
0x120F10,92:0F10,D2:0F10,0x2C,BIT abs,$202D,wram_201e_2030,0x12,low_or_data_possible,2C 2D 20,68 69 40 41 40 3F FF 0A 2C 2D 20 80 81 21 22 7F 05 20 22
0x120F2F,92:0F2F,D2:0F2F,0x0E,ASL abs,$300A,wram_3004_303c,0x12,low_or_data_possible,0E 0A 30,21 2A 2B 07 FF 04 0B 1C 0E 0A 30 0A 0B 7F 24 0E 0C 0D 0C
0x121055,92:1055,D2:1055,0xEE,INC abs,$3019,wram_3004_303c,0x12,low_or_data_possible,EE 19 30,EE 07 11 F3 F2 00 07 04 EE 19 30 03 70 02 0F 0C EF FF 00
0x121074,92:1074,D2:1074,0x2C,BIT abs,$202D,wram_201e_2030,0x12,low_or_data_possible,2C 2D 20,24 25 33 EF 34 44 45 7F 2C 2D 20 21 9F 22 CB 07 8F 14 03
0x12114B,92:114B,D2:114B,0x0E,ASL abs,$3007,wram_3004_303c,0x12,low_or_data_possible,0E 07 30,06 F7 30 F0 0C 13 4A 01 0E 07 30 00 8F F0 DD 97 00 A8 9F
0x12121A,92:121A,D2:121A,0x2C,BIT abs,$202D,wram_201e_2030,0x12,low_or_data_possible,2C 2D 20,24 25 33 EF 45 6C 6D 20 2C 2D 20 21 9F 22 4B 07 0F 14 03
0x12184F,92:184F,D2:184F,0x2E,ROL abs,$302F,wram_3004_303c,0x12,low_or_data_possible,2E 2F 30,10 AF 0C 48 12 DE 12 2D 2E 2F 30 8F 31 54 57 12 4B 33 33
0x1218D4,92:18D4,D2:18D4,0x0C,TSB abs,$302F,wram_3004_303c,0x12,low_or_data_possible,0C 2F 30,13 02 08 1A 18 E5 09 01 0C 2F 30 23 0A F0 17 01 30 3F 33
0x12192C,92:192C,D2:192C,0x39,"AND abs,Y",$3020,wram_3004_303c,0x12,low_or_data_possible,39 20 30,05 04 28 10 18 09 0C 1A 39 20 30 51 38 01 49 33 F9 45 05
0x122F23,92:2F23,D2:2F23,0x6E,ROR abs,$3030,wram_3004_303c,0x12,low_or_data_possible,6E 30 30,02 8C 24 25 20 22 03 38 6E 30 30 22 12 22 49 30 31 20 4D
0x123101,92:3101,D2:3101,0x7E,"ROR abs,X",$3015,wram_3004_303c,0x12,low_or_data_possible,7E 15 30,19 17 08 04 04 2F 01 1F 7E 15 30 0C 1A 18 09 01 01 3F 01
0x1238DE,92:38DE,D2:38DE,0x2C,BIT abs,$3010,wram_3004_303c,0x12,low_or_data_possible,2C 10 30,08 45 18 17 10 F6 17 01 2C 10 30 25 02 17 04 10 3B 3C 42
0x1239A7,92:39A7,D2:39A7,0x2C,BIT abs,$3010,wram_3004_303c,0x12,low_or_data_possible,2C 10 30,08 45 18 17 10 F6 17 01 2C 10 30 25 02 17 04 10 3B 3C 42
0x123D6E,92:3D6E,D2:3D6E,0x0E,ASL abs,$3022,wram_3004_303c,0x12,low_or_data_possible,0E 22 30,06 12 15 04 60 A6 15 00 0E 22 30 25 68 16 14 34 59 11 12
0x1242AC,92:42AC,D2:42AC,0x2C,BIT abs,$202D,wram_201e_2030,0x12,low_or_data_possible,2C 2D 20,20 97 19 09 07 00 0C 04 2C 2D 20 BF 21 EE 00 31 37 46 34
0x1242E4,92:42E4,D2:42E4,0x0D,ORA abs,$3026,wram_3004_303c,0x12,low_or_data_possible,0D 26 30,FA FC 00 02 0C 00 42 06 0D 26 30 0C 0C 03 12 05 73 22 00
0x124555,92:4555,D2:4555,0x2C,BIT abs,$202D,wram_201e_2030,0x12,low_or_data_possible,2C 2D 20,0C 0D 0C 0F 0C 1E FF 0C 2C 2D 20 21 50 4D 3A CF 03 02 F4
0x1247C9,92:47C9,D2:47C9,0x0D,ORA abs,$2023,wram_201e_2030,0x12,low_or_data_possible,0D 23 20,29 00 24 26 D7 27 0F 28 0D 23 20 08 09 01 7B 39 29 2A 2A
0x124882,92:4882,D2:4882,0x2E,ROL abs,$302F,wram_3004_303c,0x12,low_or_data_possible,2E 2F 30,0C 12 00 F7 0E 01 2C 2D 2E 2F 30 E3 2D 31 01 11 00 F3 0F
0x124933,92:4933,D2:4933,0x2E,ROL abs,$302F,wram_3004_303c,0x12,low_or_data_possible,2E 2F 30,36 0E 7F 31 22 01 2C 2D 2E 2F 30 20 5F 46 0F 40 32 32 33
0x1249C6,92:49C6,D2:49C6,0x2E,ROL abs,$302F,wram_3004_303c,0x12,low_or_data_possible,2E 2F 30,12 00 C3 0E 01 2C 2D FE 2E 2F 30 31 01 11 00 C3 0F 01 32
0x124A70,92:4A70,D2:4A70,0x2E,ROL abs,$302F,wram_3004_303c,0x12,low_or_data_possible,2E 2F 30,36 22 0E 31 01 2C 2D F5 2E 2F 30 20 46 23 0F 40 32 FA 33
0x125829,92:5829,D2:5829,0xEE,INC abs,$202F,wram_201e_2030,0x12,low_or_data_possible,EE 2F 20,02 08 3C 48 0E 39 1E 4C EE 2F 20 DE 9A FF AB 00 BC FF CD
0x1258B4,92:58B4,D2:58B4,0x0E,ASL abs,$2020,wram_201e_2030,0x12,low_or_data_possible,0E 20 20,02 09 26 07 EF 29 1E 17 0E 20 20 00 00 6F 0B 00 00 0E 0A
0x128106,92:8106,D2:8106,0xFE,"INC abs,X",$301D,wram_3004_303c,0x12,low_or_data_possible,FE 1D 30,18 1A 26 2B F3 18 27 1B FE 1D 30 36 37 36 7F 64 F0 AB 64
0x128F6B,92:8F6B,D2:8F6B,0xF9,"SBC abs,Y",$2027,wram_201e_2030,0x12,low_or_data_possible,F9 27 20,00 11 A4 3F 35 EF 55 66 F9 27 20 09 93 60 2F 19 B8 A6 A3
0x129581,92:9581,D2:9581,0xBC,"LDY abs,X",$3030,wram_3004_303c,0x12,low_or_data_possible,BC 30 30,2F BF D0 FB E1 B1 36 EF BC 30 30 EF FC 0E FF 3F 00 1E 00
0x129F7C,92:9F7C,D2:9F7C,0x1E,"ASL abs,X",$3020,wram_3004_303c,0x12,low_or_data_possible,1E 20 30,28 25 28 24 97 FE 30 D7 1E 20 30 31 30 CB 0F 1A 30 7F E0
0x12A65B,92:A65B,D2:A65B,0x0C,TSB abs,$300D,wram_3004_303c,0x12,low_or_data_possible,0C 0D 30,04 F0 26 EB 09 0A 0B 13 0C 0D 30 2F 2B C6 2C 2D 13 23 24
0x12A824,92:A824,D2:A824,0x0C,TSB abs,$300D,wram_3004_303c,0x12,low_or_data_possible,0C 0D 30,04 F0 26 EA 09 0A 0B 13 0C 0D 30 2F 13 F7 2B 2C 2C 2D 19
0x12B461,92:B461,D2:B461,0xEE,INC abs,$2030,wram_201e_2030,0x12,low_or_data_possible,EE 30 20,C8 03 18 DF E0 50 4A 6B EE 30 20 21 F5 22 E9 9A 28 54 EE
0x12C34F,92:C34F,D2:C34F,0x3E,"ROL abs,X",$2026,wram_201e_2030,0x12,low_or_data_possible,3E 26 20,51 1A 11 80 4C CD B6 26 3E 26 20 57 EE AD 4C EC 4B FB 82
0x12CA38,92:CA38,D2:CA38,0xAC,LDY abs,$3009,wram_3004_303c,0x12,low_or_data_possible,AC 09 30,99 75 A2 AB 29 6D 73 C2 AC 09 30 EC 00 6D 66 D2 38 43 E0
0x12CB68,92:CB68,D2:CB68,0x0C,TSB abs,$302E,wram_3004_303c,0x12,low_or_data_possible,0C 2E 30,34 1E EE 20 40 1D 1E 71 0C 2E 30 3C 17 1E 3D 50 4B 29 4D
0x12CE7D,92:CE7D,D2:CE7D,0xAC,LDY abs,$3009,wram_3004_303c,0x12,low_or_data_possible,AC 09 30,16 B5 AB 29 6D 73 3D C2 AC 09 30 00 6D 66 D2 38 80 43 E0
0x12D0D9,92:D0D9,D2:D0D9,0xEE,INC abs,$3038,wram_3004_303c,0x12,low_or_data_possible,EE 38 30,5E 5F 76 EE BB 6B 43 43 EE 38 30 1E CC C3 3C 3D 1E FB 0F
0x12D809,92:D809,D2:D809,0xDD,"CMP abs,X",$3013,wram_3004_303c,0x12,low_or_data_possible,DD 13 30,FF 13 24 F8 35 0B 56 30 DD 13 30 51 30 D2 02 17 80 B5 01
0x12DE75,92:DE75,D2:DE75,0x2E,ROL abs,$302F,wram_3004_303c,0x12,low_or_data_possible,2E 2F 30,07 20 21 22 23 24 FF 2D 2E 2F 30 31 32 33 34 F4 35 36 37
0x13044F,93:044F,D3:044F,0x0D,ORA abs,$3010,wram_3004_303c,0x13,low_or_data_possible,0D 10 30,52 FE 30 52 08 08 02 30 0D 10 30 53 53 01 1E 11 07 24 31
0x13057F,93:057F,D3:057F,0x1D,"ORA abs,X",$2027,wram_201e_2030,0x13,low_or_data_possible,1D 27 20,21 1D 00 2F 07 2F 1F 02 1D 27 20 80 22 FC F0 31 03 2F 20
0x130606,93:0606,D3:0606,0xD9,"CMP abs,Y",$303A,wram_3004_303c,0x13,low_or_data_possible,D9 3A 30,24 01 67 F8 58 2F F0 50 D9 3A 30 D9 2E 20 42 30 1A 2D D7
0x130609,93:0609,D3:0609,0xD9,"CMP abs,Y",$202E,wram_201e_2030,0x13,low_or_data_possible,D9 2E 20,F8 58 2F F0 50 D9 3A 30 D9 2E 20 42 30 1A 2D D7 21 10 B6
0x130719,93:0719,D3:0719,0xBE,"LDX abs,Y",$301C,wram_3004_303c,0x13,low_or_data_possible,BE 1C 30,63 12 BA E8 23 64 DF 11 BE 1C 30 3D FB 3C 3A 3A 3B 58 34
0x130A39,93:0A39,D3:0A39,0x0C,TSB abs,$3033,wram_3004_303c,0x13,low_or_data_possible,0C 33 30,03 18 1B 11 C4 BB 39 0C 0C 33 30 B9 04 15 38 65 29 22 B9
0x130F72,93:0F72,D3:0F72,0xB9,"LDA abs,Y",$3008,wram_3004_303c,0x13,low_or_data_possible,B9 08 30,6F 10 F2 A6 11 D4 08 31 B9 08 30 9C 08 8C 20 72 A4 12 21
0x131490,93:1490,D3:1490,0xFE,"INC abs,X",$3022,wram_3004_303c,0x13,low_or_data_possible,FE 22 30,F9 3E F6 00 0D 1B F6 00 FE 22 30 B2 AD 25 3F 62 0B 14 B2
0x13176C,93:176C,D3:176C,0xAD,LDA abs,$301A,wram_3004_303c,0x13,low_or_data_possible,AD 1A 30,09 10 09 64 0F 60 29 3B AD 1A 30 34 20 21 00 A7 29 51 25
0x131DED,93:1DED,D3:1DED,0xCD,CMP abs,$3027,wram_3004_303c,0x13,low_or_data_possible,CD 27 30,2E 2E C0 41 00 D7 F9 13 CD 27 30 0F DE FF FF 10 FB 1E 42
0x131E13,93:1E13,D3:1E13,0x3D,"AND abs,X",$3037,wram_3004_303c,0x13,low_or_data_possible,3D 37 30,43 00 2E 23 05 37 41 11 3D 37 30 33 22 48 10 2D E0 3F 3F
0x132040,93:2040,D3:2040,0x0D,ORA abs,$2023,wram_201e_2030,0x13,low_or_data_possible,0D 23 20,33 F6 10 1D 25 00 80 64 0D 23 20 3B 14 02 2B 0B 00 3C 60
0x132267,93:2267,D3:2267,0x2E,ROL abs,$2023,wram_201e_2030,0x13,low_or_data_possible,2E 23 20,20 04 49 40 6A 0B 33 11 2E 23 20 FD 4F 30 30 63 35 0E 01
0x1322E6,93:22E6,D3:22E6,0x1C,TRB abs,$2023,wram_201e_2030,0x13,low_or_data_possible,1C 23 20,A6 97 31 26 A5 23 31 43 1C 23 20 32 43 8A 00 70 22 3F 1B
0x132318,93:2318,D3:2318,0x7D,"ADC abs,X",$3004,wram_3004_303c,0x13,low_or_data_possible,7D 04 30,03 61 6B 23 43 76 12 58 7D 04 30 2A 01 9E 01 66 E7 10 95
0x13233C,93:233C,D3:233C,0x9E,"STZ abs,X",$2028,wram_201e_2030,0x13,low_or_data_possible,9E 28 20,42 00 C0 92 22 B8 78 11 9E 28 20 94 D9 40 02 8C 7D 00 CF
0x133BCD,93:3BCD,D3:3BCD,0x0E,ASL abs,$3010,wram_3004_303c,0x13,low_or_data_possible,0E 10 30,12 C9 AE 17 08 11 11 21 0E 10 30 24 60 6A 02 63 04 51 02
0x133EE5,93:3EE5,D3:3EE5,0x8C,STY abs,$2024,wram_201e_2030,0x13,low_or_data_possible,8C 24 20,00 47 7B 21 60 23 31 12 8C 24 20 17 20 70 49 66 00 8D 2D
0x134768,93:4768,D3:4768,0x9C,STZ abs,$2022,wram_201e_2030,0x13,low_or_data_possible,9C 22 20,09 7E 62 25 04 1A D7 00 9C 22 20 9C 25 9E 40 A5 34 1F 13
0x134774,93:4774,D3:4774,0x3E,"ROL abs,X",$2022,wram_201e_2030,0x13,low_or_data_possible,3E 22 20,25 9E 40 A5 34 1F 13 21 3E 22 20 41 59 18 BA 30 13 19 F4
0x134960,93:4960,D3:4960,0x5D,"EOR abs,X",$2029,wram_201e_2030,0x13,low_or_data_possible,5D 29 20,01 EA 00 D2 10 6C 62 63 5D 29 20 1B 2F 30 F5 00 36 46 B4
0x13541A,93:541A,D3:541A,0xFD,"SBC abs,X",$3038,wram_3004_303c,0x13,low_or_data_possible,FD 38 30,CE 29 11 93 BB 10 38 93 FD 38 30 38 31 38 11 28 30 09 27
0x135E40,93:5E40,D3:5E40,0x0D,ORA abs,$2020,wram_201e_2030,0x13,low_or_data_possible,0D 20 20,BF E1 E1 F6 94 94 54 54 0D 20 20 DF D3 DE 40 BF D7 08 A0
0x136823,93:6823,D3:6823,0xDE,"DEC abs,X",$2021,wram_201e_2030,0x13,low_or_data_possible,DE 21 20,0E 9E FE 02 F3 0C D0 2F DE 21 20 FF 7B 7F 71 7F 61 63 0C
0x137202,93:7202,D3:7202,0xDD,"CMP abs,X",$2021,wram_201e_2030,0x13,low_or_data_possible,DD 21 20,FB CF 20 DF 1B D3 60 17 DD 21 20 FB E3 BE 65 B7 F7 E9 00
0x138402,93:8402,D3:8402,0xDD,"CMP abs,X",$2027,wram_201e_2030,0x13,low_or_data_possible,DD 27 20,11 78 09 00 1F 00 3B 04 DD 27 20 29 1F 7D 00 CF 5F 43 0B
0x138603,93:8603,D3:8603,0x8C,STY abs,$2021,wram_201e_2030,0x13,low_or_data_possible,8C 21 20,97 00 9D 0A FC A4 8C 20 8C 21 20 A2 70 9F FF 73 00 72 00
0x1391B2,93:91B2,D3:91B2,0xFD,"SBC abs,X",$3006,wram_3004_303c,0x13,low_or_data_possible,FD 06 30,00 3A 0D F6 4D ED 2C 0D FD 06 30 F6 F6 03 06 06 E0 D3 6C
0x13B440,93:B440,D3:B440,0x19,"ORA abs,Y",$201F,wram_201e_2030,0x13,low_or_data_possible,19 1F 20,D0 FF 30 00 F7 8F 0F 10 19 1F 20 2F 77 3F 3F 20 3F 1F 1F
0x13BA6E,93:BA6E,D3:BA6E,0x0C,TSB abs,$3010,wram_3004_303c,0x13,low_or_data_possible,0C 10 30,F7 20 E7 2C EF FF E7 18 0C 10 30 08 04 18 FF 28 10 14 08
0x13EDD5,93:EDD5,D3:EDD5,0x0C,TSB abs,$2030,wram_201e_2030,0x13,low_or_data_possible,0C 30 20,83 8E C1 95 CA A5 FA AA 0C 30 20 26 AA 34 30 20 00 EF D6
0x14070E,94:070E,D4:070E,0x7D,"ADC abs,X",$201F,wram_201e_2030,0x14,low_or_data_possible,7D 1F 20,F0 0F 80 43 FF 00 07 02 7D 1F 20 70 8C CA FF FF EF AF B5
0x1411B8,94:11B8,D4:11B8,0xCE,DEC abs,$3030,wram_3004_303c,0x14,low_or_data_possible,CE 30 30,E1 8D FF 66 9E 10 6E E8 CE 30 30 C2 A7 00 76 EB F0 01 F6
0x141B95,94:1B95,D4:1B95,0x1C,TRB abs,$3007,wram_3004_303c,0x14,low_or_data_possible,1C 07 30,00 00 60 0C FF 80 36 40 1C 07 30 06 04 FF 43 BC 30 CF 34
0x141BD5,94:1BD5,D4:1BD5,0x0C,TSB abs,$300D,wram_3004_303c,0x14,low_or_data_possible,0C 0D 30,00 00 30 10 40 00 06 FF 0C 0D 30 00 32 20 03 02 FD 00 FF
0x141DE5,94:1DE5,D4:1DE5,0x0C,TSB abs,$3018,wram_3004_303c,0x14,low_or_data_possible,0C 18 30,B0 80 60 00 C0 80 AA 06 0C 18 30 AA 60 C0 80 00 FB CC 3B
0x141E26,94:1E26,D4:1E26,0x0C,TSB abs,$3018,wram_3004_303c,0x14,low_or_data_possible,0C 18 30,C0 B0 80 70 00 E0 AA 06 0C 18 30 AA 60 C0 80 40 F0 FF 00
0x142128,94:2128,D4:2128,0x3C,"BIT abs,X",$3038,wram_3004_303c,0x14,low_or_data_possible,3C 38 30,40 F0 00 E0 00 EA 3E 00 3C 38 30 A0 20 00 01 0F 77 13 02
0x1427F3,94:27F3,D4:27F3,0x0C,TSB abs,$3037,wram_3004_303c,0x14,low_or_data_possible,0C 37 30,08 01 04 00 02 01 FE 6F 0C 37 30 1B 00 0D AA 06 03 01 00
0x143B0C,94:3B0C,D4:3B0C,0x5D,"EOR abs,X",$2030,wram_201e_2030,0x14,low_or_data_possible,5D 30 20,D7 74 50 00 00 EA FF 00 5D 30 20 AB 28 8B AF 00 FF 00 08
0x144F99,94:4F99,D4:4F99,0x0C,TSB abs,$2021,wram_201e_2030,0x14,low_or_data_possible,0C 21 20,FE DF BC 22 72 D7 2A DF 0C 21 20 2B 29 21 01 00 E8 00 FF
0x146A83,94:6A83,D4:6A83,0x7D,"ADC abs,X",$301F,wram_3004_303c,0x14,low_or_data_possible,7D 1F 30,C7 C0 C3 55 FF 00 F8 FF 7D 1F 30 FF 00 FC 07 8A FF 07 00
0x147265,94:7265,D4:7265,0xBE,"LDX abs,Y",$3024,wram_3004_303c,0x14,low_or_data_possible,BE 24 30,A6 40 B1 AA 04 4C 7F 33 BE 24 30 80 39 C0 3F FF 10 F0 E0
0x14870D,94:870D,D4:870D,0x9C,STZ abs,$300F,wram_3004_303c,0x14,low_or_data_possible,9C 0F 30,C0 1D 40 2D 01 4E FF 03 9C 0F 30 07 78 03 7C FE FE 7F EC
0x149EA3,94:9EA3,D4:9EA3,0xAC,LDY abs,$2028,wram_201e_2030,0x14,low_or_data_possible,AC 28 20,88 88 94 93 FF C9 C6 B2 AC 28 20 29 21 FF CE 31 8F 70 88
0x14DA31,94:DA31,D4:DA31,0xFE,"INC abs,X",$302F,wram_3004_303c,0x14,low_or_data_possible,FE 2F 30,33 00 DB CC 00 1F AC FA FE 2F 30 07 DB C8 07 3F A2 00 01
0x14DB6B,94:DB6B,D4:DB6B,0xEE,INC abs,$300A,wram_3004_303c,0x14,low_or_data_possible,EE 0A 30,DE 33 00 CC 7F 12 B0 B7 EE 0A 30 FA FE 2F 02 FE FC BB FE
0x14E5E7,94:E5E7,D4:E5E7,0x0C,TSB abs,$3013,wram_3004_303c,0x14,low_or_data_possible,0C 13 30,01 04 04 02 43 B8 30 FC 0C 13 30 4F C0 3F 31 DB 13 7F C8
0x14E8F3,94:E8F3,D4:E8F3,0xFE,"INC abs,X",$202F,wram_201e_2030,0x14,low_or_data_possible,FE 2F 20,3A 80 C0 0F 20 3F 00 07 FE 2F 20 EF 20 60 2F A0 4B F5 36
0x14F331,94:F331,D4:F331,0xFE,"INC abs,X",$302A,wram_3004_303c,0x14,low_or_data_possible,FE 2A 30,31 CE FC 0E F9 FC 03 00 FE 2A 30 3A 73 5F 00 FE 07 F8 80
0x14FABB,94:FABB,D4:FABB,0x7E,"ROR abs,X",$300F,wram_3004_303c,0x14,low_or_data_possible,7E 0F 30,2E 0F C3 0C FF 00 C0 50 7E 0F 30 3C 00 00 BF E0 01 C0 70
0x14FED8,94:FED8,D4:FED8,0x2D,AND abs,$300E,wram_3004_303c,0x14,low_or_data_possible,2D 0E 30,C0 00 00 FB 01 03 1E 10 2D 0E 30 81 00 03 7C 1D 0F 2F 3F
0x14FEE7,94:FEE7,D4:FEE7,0xFE,"INC abs,X",$2020,wram_201e_2030,0x14,low_or_data_possible,FE 20 20,1D 0F 2F 3F 7F C0 00 00 FE 20 20 30 38 10 1C 18 C1 00 00
0x1501CD,95:01CD,D5:01CD,0x1C,TRB abs,$2023,wram_201e_2030,0x15,low_or_data_possible,1C 23 20,6F 4F 60 50 7F 7F EC 22 1C 23 20 1F 3F 3F 00 22 1C 3F 00
0x150E2D,95:0E2D,D5:0E2D,0xF9,"SBC abs,Y",$3020,wram_3004_303c,0x15,low_or_data_possible,F9 20 30,03 07 02 0E FF 04 16 18 F9 20 30 C0 C8 A0 08 00 00 EF 46
0x1529C2,95:29C2,D5:29C2,0x8E,STX abs,$3010,wram_3004_303c,0x15,low_or_data_possible,8E 10 30,80 80 00 C3 08 0F 18 1F 8E 10 30 3F 20 C3 08 F8 10 F0 0C
0x1537C7,95:37C7,D5:37C7,0xFD,"SBC abs,X",$202F,wram_201e_2030,0x15,low_or_data_possible,FD 2F 20,02 00 01 29 18 E8 03 AF FD 2F 20 C0 C1 30 FF 8F 3E CB 22
0x153B83,95:3B83,D5:3B83,0x7E,"ROR abs,X",$2026,wram_201e_2030,0x15,low_or_data_possible,7E 26 20,03 91 36 F0 5F E0 3E 01 7E 26 20 25 24 F4 23 E0 2F B5 32
0x154297,95:4297,D5:4297,0x0D,ORA abs,$3038,wram_3004_303c,0x15,low_or_data_possible,0D 38 30,12 97 FA 00 71 80 0F F0 0D 38 30 50 E7 1E FE 70 8C 20 11
0x156B26,95:6B26,D5:6B26,0x1C,TRB abs,$3018,wram_3004_303c,0x15,low_or_data_possible,1C 18 30,20 E0 40 A0 C0 00 AA 0E 1C 18 30 A2 20 40 00 82 00 01 EF
0x158167,95:8167,D5:8167,0x0C,TSB abs,$2020,wram_201e_2030,0x15,low_or_data_possible,0C 20 20,96 D0 A8 E0 D0 C8 30 67 0C 20 20 FF BF D0 FB 00 E1 FE 02
0x159B9E,95:9B9E,D5:9B9E,0x1E,"ASL abs,X",$202F,wram_201e_2030,0x15,low_or_data_possible,1E 2F 20,D3 2C F0 07 03 77 0C 00 1E 2F 20 CF 7E C7 00 C3 08 E0 0C
0x15BE36,95:BE36,D5:BE36,0xAE,LDX abs,$2020,wram_201e_2030,0x15,low_or_data_possible,AE 20 20,08 00 00 00 00 00 77 EE AE 20 20 51 EC 00 52 01 FF 95 01
0x15C334,95:C334,D5:C334,0x7D,"ADC abs,X",$300F,wram_3004_303c,0x15,low_or_data_possible,7D 0F 30,0E E9 83 FF 0C A0 6B A0 7D 0F 30 C0 FF 0F 20 80 13 C0 10
0x15DE57,95:DE57,D5:DE57,0x39,"AND abs,Y",$3019,wram_3004_303c,0x15,low_or_data_possible,39 19 30,66 19 C3 3C 71 00 C6 BC 39 19 30 0F 1E 01 1D 10 22 07 28
0x15F0AC,95:F0AC,D5:F0AC,0xDE,"DEC abs,X",$3020,wram_3004_303c,0x15,low_or_data_possible,DE 20 30,3F 5B DA BF D7 01 00 51 DE 20 30 9F 80 45 32 46 AF AE 10
0x15F44F,95:F44F,D5:F44F,0x19,"ORA abs,Y",$3004,wram_3004_303c,0x15,low_or_data_possible,19 04 30,27 36 08 13 09 FF 12 05 19 04 30 0E 60 1F FF 0E 0A 1E 06
0x15FEFD,95:FEFD,D5:FEFD,0x7E,"ROR abs,X",$2021,wram_201e_2030,0x15,low_or_data_possible,7E 21 20,CD F5 1A FB FF A0 C1 00 7E 21 20 C1 04 00 00 FF DA 7D D2
0x160978,96:0978,D6:0978,0x1C,TRB abs,$2020,wram_201e_2030,0x16,low_or_data_possible,1C 20 20,15 EE FF 68 40 A5 24 15 1C 20 20 FF A0 00 32 22 04 C4 0E
0x161B47,96:1B47,D6:1B47,0x0D,ORA abs,$2020,wram_201e_2030,0x16,low_or_data_possible,0D 20 20,D1 40 D9 D0 0E 08 81 81 0D 20 20 00 FF 60 40 F0 D0 F9 08
0x161D85,96:1D85,D6:1D85,0xFD,"SBC abs,X",$2030,wram_201e_2030,0x16,low_or_data_possible,FD 30 20,24 00 3E 2C 08 28 00 10 FD 30 20 10 00 18 08 00 1E 08 10
0x16451F,96:451F,D6:451F,0xDE,"DEC abs,X",$2021,wram_201e_2030,0x16,low_or_data_possible,DE 21 20,0C F3 EC DF 24 DF 28 FD DE 21 20 20 12 12 DF 00 00 FE 08
0x164846,96:4846,D6:4846,0x1E,"ASL abs,X",$3038,wram_3004_303c,0x16,low_or_data_possible,1E 38 30,FD FE FE F9 EA F6 AA 8F 1E 38 30 A2 11 00 01 FF E7 00 DB
0x164B6E,96:4B6E,D6:4B6E,0x0C,TSB abs,$2030,wram_201e_2030,0x16,low_or_data_possible,0C 30 20,87 AA E3 0B C7 23 FF EC 0C 30 20 D8 50 F1 11 FF FE 09 FB
0x16562E,96:562E,D6:562E,0xFD,"SBC abs,X",$3018,wram_3004_303c,0x16,low_or_data_possible,FD 18 30,00 CF 01 02 7F BA 79 30 FD 18 30 B7 14 F9 17 00 03 02 03
0x1656E9,96:56E9,D6:56E9,0x1D,"ORA abs,X",$302A,wram_3004_303c,0x16,low_or_data_possible,1D 2A 30,EE 13 C3 20 04 CC 03 08 1D 2A 30 18 10 F1 F1 09 2F A4 1D
0x165893,96:5893,D6:5893,0xDE,"DEC abs,X",$201F,wram_201e_2030,0x16,low_or_data_possible,DE 1F 20,19 19 00 70 00 F1 00 11 DE 1F 20 B5 FF 00 EF 20 66 10 F7
0x1670CA,96:70CA,D6:70CA,0x0C,TSB abs,$2020,wram_201e_2030,0x16,low_or_data_possible,0C 20 20,17 FC 10 10 60 60 00 00 0C 20 20 EA 2E 00 F5 35 2B 88 1A
0x167CEB,96:7CEB,D6:7CEB,0x39,"AND abs,Y",$2020,wram_201e_2030,0x16,low_or_data_possible,39 20 20,9E 9E FD FD 7E 7E 3F 38 39 20 20 00 90 FC F6 00 99 66 06
0x167D29,96:7D29,D6:7D29,0x2C,BIT abs,$3004,wram_3004_303c,0x16,low_or_data_possible,2C 04 30,6D 80 33 50 2C FF 47 18 2C 04 30 00 37 14 55 2C 12 4C 03
0x16893A,96:893A,D6:893A,0xCE,DEC abs,$3031,wram_3004_303c,0x16,low_or_data_possible,CE 31 30,00 B2 C1 52 A1 F6 05 5F CE 31 30 BB 04 85 7F C5 8C AD 0C
0x16D281,96:D281,D6:D281,0xFE,"INC abs,X",$3010,wram_3004_303c,0x16,low_or_data_possible,FE 10 30,42 61 81 D9 01 FD 2D FF FE 10 30 FC 1D 5F 3E BF 7E 7F 3A
0x16D4BE,96:D4BE,D6:D4BE,0x2E,ROL abs,$3036,wram_3004_303c,0x16,low_or_data_possible,2E 36 30,B0 B6 58 FB 6C 60 2C 20 2E 36 30 FD 16 10 07 00 03 80 C0
0x16DAB9,96:DAB9,D6:DAB9,0xBE,"LDX abs,Y",$303A,wram_3004_303c,0x16,low_or_data_possible,BE 3A 30,70 06 40 1F 8A 3A 2A 1A BE 3A 30 30 09 00 20 FD 96 00 9F
0x16EB02,96:EB02,D6:EB02,0xEE,INC abs,$201F,wram_201e_2030,0x16,low_or_data_possible,EE 1F 20,02 11 57 50 28 54 83 E0 EE 1F 20 9F 2E 03 4D BB 07 26 01
0x17089F,97:089F,D7:089F,0x0C,TSB abs,$302F,wram_3004_303c,0x17,low_or_data_possible,0C 2F 30,F8 FC F0 BF 00 01 01 0B 0C 2F 30 FF 03 7C 06 F9 04 FC 00
0x17214A,97:214A,D7:214A,0xFE,"INC abs,X",$3020,wram_3004_303c,0x17,low_or_data_possible,FE 20 30,01 30 CF 87 00 87 ED F2 FE 20 30 BE 23 A7 01 0C 00 D1 A4
0x172E9D,97:2E9D,D7:2E9D,0x0C,TSB abs,$300C,wram_3004_303c,0x17,low_or_data_possible,0C 0C 30,84 09 7B EE 11 FF 03 03 0C 0C 30 30 20 20 A1 40 B7 80 BB
0x172E9E,97:2E9E,D7:2E9E,0x0C,TSB abs,$3030,wram_3004_303c,0x17,low_or_data_possible,0C 30 30,09 7B EE 11 FF 03 03 0C 0C 30 30 20 20 A1 40 B7 80 BB 18
0x1732FB,97:32FB,D7:32FB,0xFD,"SBC abs,X",$3022,wram_3004_303c,0x17,low_or_data_possible,FD 22 30,7D 7E FF 18 EF FF 1C FB FD 22 30 B3 7D 7D DB 39 BB 47 DD
0x1733FF,97:33FF,D7:33FF,0x1E,"ASL abs,X",$3031,wram_3004_303c,0x17,low_or_data_possible,1E 31 30,40 40 7E 7E FF 06 FF 1C 1E 31 30 05 F8 06 06 1C 1C 41 00
0x173482,97:3482,D7:3482,0x3C,"BIT abs,X",$302B,wram_3004_303c,0x17,low_or_data_possible,3C 2B 30,3C 00 2F 42 3E 9D 66 00 3C 2B 30 2F 0B 08 5E 3E 4E F1 02
0x173D48,97:3D48,D7:3D48,0x9E,"STZ abs,X",$3028,wram_3004_303c,0x17,low_or_data_possible,9E 28 30,EB C9 75 1C 9E 11 40 00 9E 28 30 99 FF 06 85 3A 4B 34 97
0x174245,97:4245,D7:4245,0xFE,"INC abs,X",$2020,wram_201e_2030,0x17,low_or_data_possible,FE 20 20,C6 D7 5F 20 40 24 40 11 FE 20 20 D0 D0 BA BA FF 40 3E 6B
0x175B54,97:5B54,D7:5B54,0xD9,"CMP abs,Y",$3032,wram_3004_303c,0x17,low_or_data_possible,D9 32 30,C2 FF F9 2C FF F9 FF F3 D9 32 30 0C 1F 41 41 5E E9 46 9F
0x178774,97:8774,D7:8774,0x1C,TRB abs,$3018,wram_3004_303c,0x17,low_or_data_possible,1C 18 30,30 00 60 7E BD 0F 17 0C 1C 18 30 60 7F 00 B2 50 5F DE FD
0x178FAB,97:8FAB,D7:8FAB,0x19,"ORA abs,Y",$201F,wram_201e_2030,0x17,low_or_data_possible,19 1F 20,00 47 00 45 00 06 F6 06 19 1F 20 53 03 3F 40 57 FF 70 00
0x17923D,97:923D,D7:923D,0x0E,ASL abs,$3026,wram_3004_303c,0x17,low_or_data_possible,0E 26 30,6B F5 06 FE 1C 1F 9C 03 0E 26 30 7F 68 30 E0 FF 80 7F 70
0x17ABBC,97:ABBC,D7:ABBC,0x3C,"BIT abs,X",$2030,wram_201e_2030,0x17,low_or_data_possible,3C 30 20,FE C3 00 00 08 16 D4 00 3C 30 20 57 00 01 3F 0C 73 F5 10
0x17B28A,97:B28A,D7:B28A,0x3E,"ROL abs,X",$3033,wram_3004_303c,0x17,low_or_data_possible,3E 33 30,EF 00 CF 00 E7 3A A9 60 3E 33 30 44 18 4A 10 3B F7 EB 04
0x18072C,98:072C,D8:072C,0xFE,"INC abs,X",$3009,wram_3004_303c,0x18,low_or_data_possible,FE 09 30,BD BF 80 C0 20 40 C8 89 FE 09 30 00 FF 80 00 00 F2 4B B7
0x181126,98:1126,D8:1126,0x0E,ASL abs,$2030,wram_201e_2030,0x18,low_or_data_possible,0E 30 20,00 CF F8 F0 D8 D0 18 10 0E 30 20 3F 0A 20 E0 08 C0 C8 00
0x18188E,98:188E,D8:188E,0xCE,DEC abs,$3030,wram_3004_303c,0x18,low_or_data_possible,CE 30 30,FD E3 0F FE F1 CE 36 FE CE 30 30 AF 42 37 B1 B3 00 1C 14
0x181D30,98:1D30,D8:1D30,0x79,"ADC abs,Y",$201F,wram_201e_2030,0x18,low_or_data_possible,79 1F 20,E1 9F 60 80 7F 40 8F BF 79 1F 20 EE E1 00 7F 1F E7 7F 00
0x182945,98:2945,D8:2945,0xCD,CMP abs,$300E,wram_3004_303c,0x18,low_or_data_possible,CD 0E 30,1E BF 20 0E 90 DF F6 08 CD 0E 30 7E 80 1E FF A0 21 C6 A9
0x182D65,98:2D65,D8:2D65,0xFE,"INC abs,X",$3018,wram_3004_303c,0x18,low_or_data_possible,FE 18 30,00 00 F0 21 11 11 00 BB FE 18 30 04 5E 00 ED FF EC C5 DC
0x183215,98:3215,D8:3215,0xED,SBC abs,$3021,wram_3004_303c,0x18,low_or_data_possible,ED 21 30,7C 54 03 63 CC 5F E0 5B ED 21 30 03 44 69 A6 7E 80 F0 00
0x18348D,98:348D,D8:348D,0xAD,LDA abs,$201F,wram_201e_2030,0x18,low_or_data_possible,AD 1F 20,48 3B 68 18 2A 07 0F 3F AD 1F 20 30 04 07 DF 70 0C 2D 50
0x1848D8,98:48D8,D8:48D8,0xDD,"CMP abs,X",$300E,wram_3004_303c,0x18,low_or_data_possible,DD 0E 30,00 BF 7F 7F FF 07 00 20 DD 0E 30 7F 0E 03 41 EB A6 12 82
0x184936,98:4936,D8:4936,0x0D,ORA abs,$2030,wram_201e_2030,0x18,low_or_data_possible,0D 30 20,38 2F 30 6E 13 01 07 0F 0D 30 20 20 4D 22 FF FE 01 FB 07
0x184A4B,98:4A4B,D8:4A4B,0xFE,"INC abs,X",$2024,wram_201e_2030,0x18,low_or_data_possible,FE 24 20,20 F7 21 FB 00 22 26 26 FE 24 20 20 21 21 2F 30 07 EF 37
0x1852E0,98:52E0,D8:52E0,0xAD,LDA abs,$202D,wram_201e_2030,0x18,low_or_data_possible,AD 2D 20,F0 9F 6F F7 71 C8 93 01 AD 2D 20 77 64 FD FC 03 58 01 F3
0x1854F9,98:54F9,D8:54F9,0x3E,"ROL abs,X",$2030,wram_201e_2030,0x18,low_or_data_possible,3E 30 20,21 61 F9 AF 00 DF 00 77 3E 30 20 70 E5 B0 D8 59 7F E9 01
0x185676,98:5676,D8:5676,0x99,"STA abs,Y",$300F,wram_3004_303c,0x18,low_or_data_possible,99 0F 30,8E 11 E0 8E 4D 12 0D 2F 99 0F 30 01 A4 FF 0A FF 1A FF FF
0x185E1C,98:5E1C,D8:5E1C,0x5D,"EOR abs,X",$302E,wram_3004_303c,0x18,low_or_data_possible,5D 2E 30,04 00 7C 7D 55 02 7A 01 5D 2E 30 F4 FC 01 3A 3D 3E 1F 0F
0x18613E,98:613E,D8:613E,0xAE,LDX abs,$3032,wram_3004_303c,0x18,low_or_data_possible,AE 32 30,A1 3D FF 00 4E 20 EC BA AE 32 30 98 5F 8D 9E F5 00 D0 D1
0x186369,98:6369,D8:6369,0x2D,AND abs,$3031,wram_3004_303c,0x18,low_or_data_possible,2D 31 30,7D 45 F3 F1 35 00 2E AF 2D 31 30 23 AF F4 FF 78 AB A5 00
0x1891F6,98:91F6,D8:91F6,0x0C,TSB abs,$2030,wram_201e_2030,0x18,low_or_data_possible,0C 30 20,E7 07 03 C3 30 20 10 00 0C 30 20 82 C0 E0 08 C0 FF 00 FF
0x1898EB,98:98EB,D8:98EB,0xFE,"INC abs,X",$2030,wram_201e_2030,0x18,low_or_data_possible,FE 30 20,FC F8 EA FF 00 FA F4 68 FE 30 20 E0 80 80 00 00 FF FE FE
0x18B4D8,98:B4D8,D8:B4D8,0x79,"ADC abs,Y",$2022,wram_201e_2030,0x18,low_or_data_possible,79 22 20,10 24 EE 20 1D D7 87 41 79 22 20 F1 0E AF F0 85 0F 2D 05
0x18B6BB,98:B6BB,D8:B6BB,0x8D,STA abs,$2020,wram_201e_2030,0x18,low_or_data_possible,8D 20 20,1F 27 02 B5 E0 E8 0D F2 8D 20 20 33 20 93 0D 65 83 56 F1
0x18B94D,98:B94D,D8:B94D,0xAE,LDX abs,$2029,wram_201e_2030,0x18,low_or_data_possible,AE 29 20,D0 F9 0F 90 0F 78 0F 4D AE 29 20 D8 60 88 89 FD 02 0C 00
0x18C3BE,98:C3BE,D8:C3BE,0x1E,"ASL abs,X",$202B,wram_201e_2030,0x18,low_or_data_possible,1E 2B 20,07 12 EE 08 0F 1B 29 01 1E 2B 20 01 9D 1F 30 FF 41 52 5A
0x18C3C2,98:C3C2,D8:C3C2,0x9D,"STA abs,X",$301F,wram_3004_303c,0x18,low_or_data_possible,9D 1F 30,0F 1B 29 01 1E 2B 20 01 9D 1F 30 FF 41 52 5A 56 F0 A8 A0
0x18C3EE,98:C3EE,D8:C3EE,0x1C,TRB abs,$201F,wram_201e_2030,0x18,low_or_data_possible,1C 1F 20,28 0F 29 0F 16 06 1F 9F 1C 1F 20 A3 1F 1D 3F 38 3F EF 39
0x18CACE,98:CACE,D8:CACE,0x1C,TRB abs,$302E,wram_3004_303c,0x18,low_or_data_possible,1C 2E 30,00 5F 00 D6 2F 1D 2F DF 1C 2E 30 31 AF 1C 6E 1D BF 9F 8C
0x18D459,98:D459,D8:D459,0x0C,TSB abs,$2022,wram_201e_2030,0x18,low_or_data_possible,0C 22 20,E0 35 09 3F 51 10 35 0C 0C 22 20 5E 4E DF AA 8A 4F 64 0F
0x18DEC6,98:DEC6,D8:DEC6,0xDD,"CMP abs,X",$201F,wram_201e_2030,0x18,low_or_data_possible,DD 1F 20,08 54 01 7E 23 5C 13 6C DD 1F 20 DF 0F 30 A3 FF 01 80 95
0x1900D6,99:00D6,D9:00D6,0x2D,AND abs,$2021,wram_201e_2030,0x19,low_or_data_possible,2D 21 20,52 F2 32 F3 4C 4C C4 C4 2D 21 20 EC E0 A2 6C E4 A0 C7 00
0x1901C4,99:01C4,D9:01C4,0xAC,LDY abs,$3020,wram_3004_303c,0x19,low_or_data_possible,AC 20 30,78 37 00 3E CD 3F 30 20 AC 20 30 B0 C2 0C 47 00 CD C7 08
0x190452,99:0452,D9:0452,0xAC,LDY abs,$3020,wram_3004_303c,0x19,low_or_data_possible,AC 20 30,9D 20 49 FE 8C 00 2C 20 AC 20 30 5E 00 9F 40 AD 81 00 01
0x190E20,99:0E20,D9:0E20,0x2D,AND abs,$3030,wram_3004_303c,0x19,low_or_data_possible,2D 30 30,DD 4E 4E 87 87 DC F8 F8 2D 30 30 48 73 10 71 F2 02 02 05
0x190E88,99:0E88,D9:0E88,0xEE,INC abs,$2020,wram_201e_2030,0x19,low_or_data_possible,EE 20 20,EB 09 00 F6 11 11 10 18 EE 20 20 EE 02 FF 98 98 64 FC 2C
0x190FC4,99:0FC4,D9:0FC4,0x3C,"BIT abs,X",$3023,wram_3004_303c,0x19,low_or_data_possible,3C 23 30,AB 9F 05 08 BF 08 E8 00 3C 23 30 2F 78 FF 77 FF FF B0 F0
0x191396,99:1396,D9:1396,0x1E,"ASL abs,X",$301E,wram_3004_303c,0x19,low_or_data_possible,1E 1E 30,EE 00 70 20 57 5E 11 FF 1E 1E 30 6F 1E 02 7A 00 71 42 78
0x1916D3,99:16D3,D9:16D3,0x1C,TRB abs,$301C,wram_3004_303c,0x19,low_or_data_possible,1C 1C 30,8C B0 01 7F 80 01 0F 0F 1C 1C 30 34 FF 21 21 6B 6A 7E 7D
0x1918B5,99:18B5,D9:18B5,0x19,"ORA abs,Y",$3019,wram_3004_303c,0x19,low_or_data_possible,19 19 30,82 DF 18 E4 F2 12 0F 0F 19 19 30 FF 36 2A 2B 6E 6D 7E 77
0x19196B,99:196B,D9:196B,0x1C,TRB abs,$301D,wram_3004_303c,0x19,low_or_data_possible,1C 1D 30,4F E7 50 3C 1C 8C 00 71 1C 1D 30 FF 31 22 2E 43 41 54 57
0x191B8B,99:1B8B,D9:1B8B,0xED,SBC abs,$3030,wram_3004_303c,0x19,low_or_data_possible,ED 30 30,DA FE AA F7 7C 5C 00 40 ED 30 30 78 BF 78 2F 00 BC BC 5C
0x191D82,99:1D82,D9:1D82,0x1C,TRB abs,$301C,wram_3004_303c,0x19,low_or_data_possible,1C 1C 30,08 6B 26 27 20 00 78 71 1C 1C 30 34 ED 80 F6 1E 04 FF 1F
0x1922A1,99:22A1,D9:22A1,0x1C,TRB abs,$302F,wram_3004_303c,0x19,low_or_data_possible,1C 2F 30,13 13 3D 2E FF 3B 2C 1B 1C 2F 30 5F 60 F7 7F 40 5F 7F EC
0x192802,99:2802,D9:2802,0x79,"ADC abs,Y",$2020,wram_201e_2030,0x19,low_or_data_possible,79 20 20,10 1D 9D 00 FF 3E 3A 70 79 20 20 48 5F 7F F3 00 40 62 41
0x1928A7,99:28A7,D9:28A7,0xFE,"INC abs,X",$3016,wram_3004_303c,0x19,low_or_data_possible,FE 16 30,38 1F 00 00 01 06 06 16 FE 16 30 31 70 76 18 18 ED 6F 31
0x192F06,99:2F06,D9:2F06,0xF9,"SBC abs,Y",$3030,wram_3004_303c,0x19,low_or_data_possible,F9 30 30,F8 5B 70 70 80 00 C0 00 F9 30 30 D0 10 A0 45 01 6A 02 CF
0x19386C,99:386C,D9:386C,0x0C,TSB abs,$3036,wram_3004_303c,0x19,low_or_data_possible,0C 36 30,04 06 7D 03 BF 05 91 0E 0C 36 30 55 49 C7 3E 3E 8D 02 7F
0x193DBA,99:3DBA,D9:3DBA,0x1C,TRB abs,$3020,wram_3004_303c,0x19,low_or_data_possible,1C 20 30,20 EB 20 01 01 7F 13 10 1C 20 30 3F 32 5F FA 7F 45 75 60
0x1958A6,99:58A6,D9:58A6,0x1E,"ASL abs,X",$201E,wram_201e_2030,0x19,low_or_data_possible,1E 1E 20,9B 7C 6C 3F 37 3F 2F FD 1E 1E 20 0A 11 14 FC 01 65 FF 07
0x195963,99:5963,D9:5963,0x0C,TSB abs,$202C,wram_201e_2030,0x19,low_or_data_possible,0C 2C 20,64 F4 04 14 0C 4C 0C FB 0C 2C 20 6C 60 80 11 15 3A FF 3A
0x195A61,99:5A61,D9:5A61,0xFE,"INC abs,X",$2020,wram_201e_2030,0x19,low_or_data_possible,FE 20 20,14 3D 24 24 55 21 10 10 FE 20 20 F0 E0 F8 F8 18 6B FF 15
0x196D43,99:6D43,D9:6D43,0xFE,"INC abs,X",$3010,wram_3004_303c,0x19,low_or_data_possible,FE 10 30,0C 0C 00 14 80 80 60 60 FE 10 30 58 18 14 14 0C B8 11 DF
0x196E0A,99:6E0A,D9:6E0A,0x3D,"AND abs,X",$2026,wram_201e_2030,0x19,low_or_data_possible,3D 26 20,05 00 0D 0D 4B 89 02 FF 3D 26 20 3F 29 36 19 1D FF 31 37
0x196EF1,99:6EF1,D9:6EF1,0x3C,"BIT abs,X",$2021,wram_201e_2030,0x19,low_or_data_possible,3C 21 20,38 3F 40 7F 8F 00 20 FE 3C 21 20 17 10 0D 0C 71 5E C1 01
0x1972CD,99:72CD,D9:72CD,0xFD,"SBC abs,X",$2026,wram_201e_2030,0x19,low_or_data_possible,FD 26 20,60 0F 37 A5 CC 10 02 02 FD 26 20 21 FE 3E 1B 15 0E 0F 0D
0x197611,99:7611,D9:7611,0x0C,TSB abs,$3030,wram_3004_303c,0x19,low_or_data_possible,0C 30 30,7F 50 3F 3F A0 14 FF 00 0C 30 30 00 67 00 47 FE 00 2F 06
0x197717,99:7717,D9:7717,0x0D,ORA abs,$3011,wram_3004_303c,0x19,low_or_data_possible,0D 11 30,C1 30 30 F1 C0 0F 01 C0 0D 11 30 11 F3 0F 0E 0B 0E 1B 96
0x197777,99:7777,D9:7777,0xEE,INC abs,$3007,wram_3004_303c,0x19,low_or_data_possible,EE 07 30,0D 00 10 60 10 15 00 20 EE 07 30 07 20 0F 06 06 63 31 7D
0x1980C2,99:80C2,D9:80C2,0x1E,"ASL abs,X",$3009,wram_3004_303c,0x19,low_or_data_possible,1E 09 30,B0 97 90 BF AF D0 D7 1F 1E 09 30 0F 25 60 68 5F FA 5F 1F
0x198676,99:8676,D9:8676,0x7D,"ADC abs,X",$202D,wram_201e_2030,0x19,low_or_data_possible,7D 2D 20,00 B9 C8 28 24 D4 3B 07 7D 2D 20 30 10 18 08 4B 00 24 F8
0x198677,99:8677,D9:8677,0x2D,AND abs,$3020,wram_3004_303c,0x19,low_or_data_possible,2D 20 30,B9 C8 28 24 D4 3B 07 7D 2D 20 30 10 18 08 4B 00 24 F8 F4
0x198B3A,99:8B3A,D9:8B3A,0x4D,EOR abs,$2027,wram_201e_2030,0x19,low_or_data_possible,4D 27 20,0F 00 4C 38 38 60 60 7F 4D 27 20 1F 00 37 00 2B C4 08 3B
0x198F69,99:8F69,D9:8F69,0xFD,"SBC abs,X",$3030,wram_3004_303c,0x19,low_or_data_possible,FD 30 30,55 D9 FF C3 2F 2F 20 20 FD 30 30 7F 7B D0 D0 17 23 39 07
0x1999CF,99:99CF,D9:99CF,0x0E,ASL abs,$2020,wram_201e_2030,0x19,low_or_data_possible,0E 20 20,03 03 07 05 01 FF 05 05 0E 20 20 8B FB 01 F5 0D 17 1D 11
0x199EC6,99:9EC6,D9:9EC6,0xED,SBC abs,$3004,wram_3004_303c,0x19,low_or_data_possible,ED 04 30,03 85 55 34 10 33 33 20 ED 04 30 01 56 C7 02 AA 45 44 01
0x19AE1D,99:AE1D,D9:AE1D,0x0D,ORA abs,$201F,wram_201e_2030,0x19,low_or_data_possible,0D 1F 20,3D 16 16 07 00 0F 0D 1B 0D 1F 20 0D 18 18 27 20 06 06 03
0x19BB74,99:BB74,D9:BB74,0x0D,ORA abs,$202A,wram_201e_2030,0x19,low_or_data_possible,0D 2A 20,0F 0E 0F 09 B6 0D F8 08 0D 2A 20 03 03 B1 6F 03 00 06 04
0x19C18C,99:C18C,D9:C18C,0x6D,ADC abs,$2020,wram_201e_2030,0x19,low_or_data_possible,6D 20 20,E0 04 97 C0 E2 69 00 10 6D 20 20 70 BF 70 6D 00 05 05 0F
0x19C462,99:C462,D9:C462,0x5E,"LSR abs,X",$2021,wram_201e_2030,0x19,low_or_data_possible,5E 21 20,11 11 3D 1B 16 3F D9 21 5E 21 20 FE 01 05 18 08 05 00 19
0x19C51A,99:C51A,D9:C51A,0xFE,"INC abs,X",$3030,wram_3004_303c,0x19,low_or_data_possible,FE 30 30,39 FF DF BF EF AF E7 E7 FE 30 30 E0 E0 18 99 18 21 FF C6
0x19C806,99:C806,D9:C806,0xBE,"LDX abs,Y",$3030,wram_3004_303c,0x19,low_or_data_possible,BE 30 30,00 EB 12 00 78 0A 01 70 BE 30 30 3D D7 00 D7 60 E0 B0 F0
0x19C9C7,99:C9C7,D9:C9C7,0x79,"ADC abs,Y",$3018,wram_3004_303c,0x19,low_or_data_possible,79 18 30,26 F3 4F 0E 5D 3E 92 04 79 18 30 18 79 40 4F 4F 00 03 01
0x19D6BE,99:D6BE,D9:D6BE,0x5D,"EOR abs,X",$2020,wram_201e_2030,0x19,low_or_data_possible,5D 20 20,A0 50 E7 D0 C0 C0 E3 00 5D 20 20 40 FF C0 08 88 00 40 90
0x19E2D8,99:E2D8,D9:E2D8,0x2D,AND abs,$2020,wram_201e_2030,0x19,low_or_data_possible,2D 20 20,2F 00 4D 4B 5F 11 FC 45 2D 20 20 ED 20 20 FF 70 70 A8 A8
0x19E2DB,99:E2DB,D9:E2DB,0xED,SBC abs,$2020,wram_201e_2030,0x19,low_or_data_possible,ED 20 20,4B 5F 11 FC 45 2D 20 20 ED 20 20 FF 70 70 A8 A8 FB FB AD
0x19E91C,99:E91C,D9:E91C,0xEE,INC abs,$2020,wram_201e_2030,0x19,low_or_data_possible,EE 20 20,3F 7F 3B CC 3F 19 9C 1B EE 20 20 50 0E AF 00 CD 20 53 D3
0x19F105,99:F105,D9:F105,0x1C,TRB abs,$302F,wram_3004_303c,0x19,low_or_data_possible,1C 2F 30,FB F8 97 F3 0E FE 90 FF 1C 2F 30 B1 20 C0 0E C8 FF 1F 1B
0x1A0069,9A:0069,DA:0069,0x39,"AND abs,Y",$3010,wram_3004_303c,0x1A,low_or_data_possible,39 10 30,20 EE 38 00 87 3A 67 00 39 10 30 D9 C7 78 49 98 C6 ED 00
0x1A15B3,9A:15B3,DA:15B3,0x3C,"BIT abs,X",$300E,wram_3004_303c,0x1A,low_or_data_possible,3C 0E 30,49 21 EA 3A 37 10 FE 2A 3C 0E 30 11 41 48 02 60 04 C4 C4
0x1A19F3,9A:19F3,DA:19F3,0x0C,TSB abs,$302F,wram_3004_303c,0x1A,low_or_data_possible,0C 2F 30,B2 DE 96 FF 7F EF 00 0B 0C 2F 30 7F 40 3F FB 40 7F 80 FE
0x1A1B91,9A:1B91,DA:1B91,0x9C,STZ abs,$202F,wram_201e_2030,0x1A,low_or_data_possible,9C 2F 20,A7 23 8A FF 29 01 9F 3F 9C 2F 20 CC DC E2 D2 E3 ED AB FC
0x1A1C3E,9A:1C3E,DA:1C3E,0xDE,"DEC abs,X",$3030,wram_3004_303c,0x1A,low_or_data_possible,DE 30 30,2C 37 FF 52 5F 61 6F DE DE 30 30 7F 33 EB 75 BF 45 3C E3
0x1A2044,9A:2044,DA:2044,0x0D,ORA abs,$3004,wram_3004_303c,0x1A,low_or_data_possible,0D 04 30,11 40 EF F4 00 26 EF CE 0D 04 30 EF 11 00 01 EF E3 08 08
0x1A51D9,9A:51D9,DA:51D9,0x2C,BIT abs,$2023,wram_201e_2030,0x1A,low_or_data_possible,2C 23 20,00 00 00 60 20 20 20 30 2C 23 20 20 20 20 00 00 00 00 00
0x1A914B,9A:914B,DA:914B,0x7D,"ADC abs,X",$3010,wram_3004_303c,0x1A,low_or_data_possible,7D 10 30,EE EE EE E0 00 10 10 10 7D 10 30 39 59 12 14 10 10 10 00
0x1AAE99,9A:AE99,DA:AE99,0x3C,"BIT abs,X",$2020,wram_201e_2030,0x1A,low_or_data_possible,3C 20 20,77 77 70 00 7C 04 04 04 3C 20 20 7C 44 04 04 04 18 00 02
0x1AB1A8,9A:B1A8,DA:B1A8,0x0C,TSB abs,$301F,wram_3004_303c,0x1A,low_or_data_possible,0C 1F 30,CC C0 00 04 3F 04 05 7F 0C 1F 30 50 1F 10 10 1F 00 04 C8
0x1AF9E9,9A:F9E9,DA:F9E9,0x7E,"ROR abs,X",$3015,wram_3004_303c,0x1A,low_or_data_possible,7E 15 30,FF FE C8 00 00 09 71 12 7E 15 30 39 5B 11 16 10 11 16 00
0x1AFAFD,9A:FAFD,DA:FAFD,0x7D,"ADC abs,X",$3016,wram_3004_303c,0x1A,low_or_data_possible,7D 16 30,CB 7E C8 00 00 10 10 10 7D 16 30 38 59 16 10 10 11 16 00
0x1B08E9,9B:08E9,DB:08E9,0xDD,"CMP abs,X",$2028,wram_201e_2030,0x1B,low_or_data_possible,DD 28 20,CD 07 0B 21 90 11 FB 86 DD 28 20 F0 0A DD 28 DF D4 86 E8
0x1B0D81,9B:0D81,DB:0D81,0x8E,STX abs,$2028,wram_201e_2030,0x1B,low_or_data_possible,8E 28 20,C4 04 5F 3A 12 F8 32 F4 8E 28 20 D0 10 F4 8E 08 20 D4 8E
0x1B10C9,9B:10C9,DB:10C9,0x7D,"ADC abs,X",$2028,wram_201e_2030,0x1B,low_or_data_possible,7D 28 20,F6 86 00 5D 28 C0 F0 6A 7D 28 20 D0 65 3F 5F 19 F8 32 F4
0x1B112D,9B:112D,DB:112D,0x0E,ASL abs,$300E,wram_3004_303c,0x1B,low_or_data_possible,0E 0E 30,F4 3B 8D 00 4F 00 F5 ED 0E 0E 30 01 2F 06 F6 ED 0E 0E 74
0x1B1797,9B:1797,DB:1797,0xBE,"LDX abs,Y",$2028,wram_201e_2030,0x1B,low_or_data_possible,BE 28 20,F5 D4 03 28 F0 F0 20 F4 BE 28 20 F0 13 F5 A7 03 9F 28 0F
0x1B17B7,9B:17B7,DB:17B7,0xBE,"LDX abs,Y",$2028,wram_201e_2030,0x1B,low_or_data_possible,BE 28 20,F5 ED 0E 0E 91 03 6F F4 BE 28 20 F0 43 F5 7F 03 3F 28 0E
0x1B180F,9B:180F,DB:180F,0xBE,"LDX abs,Y",$2028,wram_201e_2030,0x1B,low_or_data_possible,BE 28 20,C4 04 F5 C8 03 F0 2C F4 BE 28 20 F0 08 E8 00 D5 CC 03 D5
0x1B1C4E,9B:1C4E,DB:1C4E,0xBE,"LDX abs,Y",$3024,wram_3004_303c,0x1B,low_or_data_possible,BE 24 30,F2 46 53 ED F1 0F CA 8A BE 24 30 01 35 51 DB DE 8A 0F EC
0x1B1D0D,9B:1D0D,DB:1D0D,0xAD,LDA abs,$3024,wram_3004_303c,0x1B,low_or_data_possible,AD 24 30,AB F3 53 EC C1 7A 66 1E AD 24 30 A9 F4 63 8A FD E1 43 1E
0x1B1D18,9B:1D18,DB:1D18,0xCD,CMP abs,$2023,wram_201e_2030,0x1B,low_or_data_possible,CD 23 20,A9 F4 63 8A FD E1 43 1E CD 23 20 DC 8A E2 44 FD C0 45 1E
0x1B1D55,9B:1D55,DB:1D55,0xDE,"DEC abs,X",$3013,wram_3004_303c,0x1B,low_or_data_possible,DE 13 30,DC E2 32 FC D0 9A 44 2E DE 13 30 DB E1 43 9A FD D0 25 30
0x1B1D73,9B:1D73,DB:1D73,0xCE,DEC abs,$3014,wram_3004_303c,0x1B,low_or_data_possible,CE 14 30,DB E2 9A 41 EC D0 35 3F CE 14 30 9A DB D1 32 0D D0 35 4F
0x1B2294,9B:2294,DB:2294,0xED,SBC abs,$3036,wram_3004_303c,0x1B,low_or_data_possible,ED 36 30,15 51 DC B8 E0 13 0D 01 ED 36 30 DD A8 E0 FE D3 31 3E F2
0x1B2484,9B:2484,DB:2484,0xEE,INC abs,$3036,wram_3004_303c,0x1B,low_or_data_possible,EE 36 30,F0 43 88 03 2D BB F2 1E EE 36 30 78 12 CA DF F6 63 EB D0
0x1B2EF4,9B:2EF4,DB:2EF4,0xFE,"INC abs,X",$201E,wram_201e_2030,0x1B,low_or_data_possible,FE 1E 20,FF 1E 10 B2 DD 2E 6D 04 FE 1E 20 D1 C2 10 1E 1F D2 C2 F1
0x1B337D,9B:337D,DB:337D,0x3E,"ROL abs,X",$303C,wram_3004_303c,0x1B,low_or_data_possible,3E 3C 30,F0 01 F2 B2 F0 0F 1E 2F 3E 3C 30 F0 A2 EE 5E 11 1F 0D 10
0x1B34E3,9B:34E3,DB:34E3,0xCE,DEC abs,$2021,wram_201e_2030,0x1B,low_or_data_possible,CE 21 20,00 EF F2 2C 51 A2 FE E4 CE 21 20 21 EF 1F A2 DF 1F D2 12
0x1B3562,9B:3562,DB:3562,0x2C,BIT abs,$2020,wram_201e_2030,0x1B,low_or_data_possible,2C 20 20,94 02 D0 1D A2 1C 3F B4 2C 20 20 E1 10 A2 D1 3E 22 00 F1
0x1B35AA,9B:35AA,DB:35AA,0x5D,"EOR abs,X",$301E,wram_3004_303c,0x1B,low_or_data_possible,5D 1E 30,03 FF 0F 10 92 D1 61 D4 5D 1E 30 0B 31 92 B2 01 2C 33 E3
0x1B39F4,9B:39F4,DB:39F4,0x5D,"EOR abs,X",$301E,wram_3004_303c,0x1B,low_or_data_possible,5D 1E 30,F2 EE FE 00 92 E1 50 D4 5D 1E 30 0B 31 92 B2 01 2C 33 E3
0x1B42FF,9B:42FF,DB:42FF,0xCD,CMP abs,$2023,wram_201e_2030,0x1B,low_or_data_possible,CD 23 20,54 1D AA D1 1D AD 36 2E CD 23 20 AA 22 1D E0 FE 02 11 EB
0x1B4480,9B:4480,DB:4480,0xCE,DEC abs,$3012,wram_3004_303c,0x1B,low_or_data_possible,CE 12 30,1D B2 62 EC BA E0 34 1D CE 12 30 EE 12 AA 0B D1 44 2E E0
0x1B4572,9B:4572,DB:4572,0xDE,"DEC abs,X",$3023,wram_3004_303c,0x1B,low_or_data_possible,DE 23 30,1F E1 42 EC D0 BA 33 1E DE 23 30 ED E1 21 AA DC 05 40 FC
0x1B4707,9B:4707,DB:4707,0xCE,DEC abs,$2022,wram_201e_2030,0x1B,low_or_data_possible,CE 22 20,13 1D BF 34 0F BA 02 2E CE 22 20 FD E1 21 BA 01 0F 00 01
0x1B7032,9B:7032,DB:7032,0xFD,"SBC abs,X",$3004,wram_3004_303c,0x1B,low_or_data_possible,FD 04 30,11 B1 9A DF 01 22 1F EC FD 04 30 8A 5D BC F2 14 23 30 FD
0x1B7C99,9B:7C99,DB:7C99,0xEE,INC abs,$3004,wram_3004_303c,0x1B,low_or_data_possible,EE 04 30,27 6E AE 34 BA 1E EF 10 EE 04 30 D0 23 BA 1D DF 1F EE 14
0x1B811B,9B:811B,DB:811B,0xCD,CMP abs,$2022,wram_201e_2030,0x1B,low_or_data_possible,CD 22 20,3E CD C2 25 31 CD 23 31 CD 22 20 C2 FF EF 32 11 ED 12 10
0x1B8174,9B:8174,DB:8174,0xBC,"LDY abs,X",$3024,wram_3004_303c,0x1B,low_or_data_possible,BC 24 30,43 FA C1 B6 20 DB 25 11 BC 24 30 BC B2 D1 54 EB D1 54 EB
0x1B85DB,9B:85DB,DB:85DB,0x1D,"ORA abs,X",$3010,wram_3004_303c,0x1B,low_or_data_possible,1D 10 30,D3 40 0F F1 FC 30 FF 01 1D 10 30 2A 61 F3 2B 14 F0 F0 0F
0x1B864E,9B:864E,DB:864E,0xEE,INC abs,$2021,wram_201e_2030,0x1B,low_or_data_possible,EE 21 20,27 63 FE 8A DD E3 52 10 EE 21 20 11 9A FE EF E0 01 41 43
0x1B8B17,9B:8B17,DB:8B17,0x2D,AND abs,$202F,wram_201e_2030,0x1B,low_or_data_possible,2D 2F 20,33 42 4A 55 35 04 E2 4A 2D 2F 20 7A 0F FF ED CD CD F2 24
0x1B938E,9B:938E,DB:938E,0xCE,DEC abs,$2024,wram_201e_2030,0x1B,low_or_data_possible,CE 24 20,31 FC E3 2F 7A 25 50 BB CE 24 20 DC 03 7A 11 44 2D BC E0
0x1B95B1,9B:95B1,DB:95B1,0xDE,"DEC abs,X",$3024,wram_3004_303c,0x1B,low_or_data_possible,DE 24 30,E2 42 EC 24 21 31 8A 0D DE 24 30 FF 01 02 2E 86 DE 11 FF
0x1B99AE,9B:99AE,DB:99AE,0xFE,"INC abs,X",$3004,wram_3004_303c,0x1B,low_or_data_possible,FE 04 30,40 F4 7A 61 D1 32 01 01 FE 04 30 7A FF E1 32 11 D9 B1 44
0x1B9E19,9B:9E19,DB:9E19,0xBD,"LDA abs,X",$3013,wram_3004_303c,0x1B,low_or_data_possible,BD 13 30,FE DC DF 12 1F 6A BC DD BD 13 30 F1 FF 01 6A 10 FF 10 FF
0x1B9E36,9B:9E36,DB:9E36,0xFE,"INC abs,X",$3014,wram_3004_303c,0x1B,low_or_data_possible,FE 14 30,12 44 20 7A 11 31 0E 0F FE 14 30 F1 7A 22 32 0E CD 02 22
0x1BBCB2,9B:BCB2,DB:BCB2,0xFD,"SBC abs,X",$3004,wram_3004_303c,0x1B,low_or_data_possible,FD 04 30,11 B1 9A DF 01 22 1F EC FD 04 30 8A 5D BC F2 14 23 30 FD
0x1BC6DF,9B:C6DF,DB:C6DF,0xDE,"DEC abs,X",$3014,wram_3004_303c,0x1B,low_or_data_possible,DE 14 30,40 0F EE 01 02 21 EF 78 DE 14 30 FD 0E 01 12 11 68 BA D2
0x1BCAAB,9B:CAAB,DB:CAAB,0x2D,AND abs,$3020,wram_3004_303c,0x1B,low_or_data_possible,2D 20 30,EF 1C F1 2F 20 F1 C2 A8 2D 20 30 D3 2E D2 1B 21 A8 1D EF
0x1BDC52,9B:DC52,DB:DC52,0x5D,"EOR abs,X",$302D,wram_3004_303c,0x1B,low_or_data_possible,5D 2D 30,C0 FF FD DC AA F2 86 BB 5D 2D 30 FA 21 A3 F4 96 20 21 DF
0x1BE441,9B:E441,DB:E441,0xFD,"SBC abs,X",$3022,wram_3004_303c,0x1B,low_or_data_possible,FD 22 30,26 1F 03 3F B0 12 0E 42 FD 22 30 D5 50 10 CD E2 31 00 26
0x1BE4C6,9B:E4C6,DB:E4C6,0xBE,"LDX abs,Y",$301D,wram_3004_303c,0x1B,low_or_data_possible,BE 1D 30,0E DC 26 32 0F EE CE EF BE 1D 30 36 C0 0F FF 1F EE 01 E0
0x1BE507,9B:E507,DB:E507,0xDD,"CMP abs,X",$3036,wram_3004_303c,0x1B,low_or_data_possible,DD 36 30,26 3B EE 20 EE F2 D1 FE DD 36 30 C0 12 ED 20 DE 10 02 36
0x1BE60C,9B:E60C,DB:E60C,0x1E,"ASL abs,X",$2026,wram_201e_2030,0x1B,low_or_data_possible,1E 26 20,26 11 C0 4D F3 FE E2 00 1E 26 20 E0 0C 14 E4 DC 5E 04 26
0x1BE674,9B:E674,DB:E674,0xEE,INC abs,$3004,wram_3004_303c,0x1B,low_or_data_possible,EE 04 30,27 6E AE 34 BA 1E EF 10 EE 04 30 D0 23 BA 1D DF 1F EE 14
0x1BF7F8,9B:F7F8,DB:F7F8,0xCD,CMP abs,$2022,wram_201e_2030,0x1B,low_or_data_possible,CD 22 20,3E CD C2 25 31 CD 23 31 CD 22 20 C2 FF EF 32 11 ED 12 10
0x1BF851,9B:F851,DB:F851,0xBC,"LDY abs,X",$3024,wram_3004_303c,0x1B,low_or_data_possible,BC 24 30,43 FA C1 B6 20 DB 25 11 BC 24 30 BC B2 D1 54 EB D1 54 EB
0x1BFF4F,9B:FF4F,DB:FF4F,0xEE,INC abs,$201E,wram_201e_2030,0x1B,low_or_data_possible,EE 1E 20,32 50 72 20 6A 0E 0F B1 EE 1E 20 E0 1F 5A 13 11 15 1A 0B
0x1BFF72,9B:FF72,DB:FF72,0x0C,TSB abs,$303C,wram_3004_303c,0x1B,low_or_data_possible,0C 3C 30,22 3F 11 FD FD 5A 2E FD 0C 3C 30 00 22 10 5A DB CD 0E E2
0x1C00D9,9C:00D9,DC:00D9,0xCD,CMP abs,$3014,wram_3004_303c,0x1C,low_or_data_possible,CD 14 30,FC CF 44 1D BE 45 AA 1E CD 14 30 CB 04 42 DA AA E4 53 EB
0x1C00EE,9C:00EE,DC:00EE,0xBE,"LDX abs,Y",$3014,wram_3004_303c,0x1C,low_or_data_possible,BE 14 30,0B C0 35 AA 2D BF 24 3E BE 14 30 CD AA F3 51 DC E1 43 EB
0x1C0119,9C:0119,DC:0119,0xCE,DEC abs,$3013,wram_3004_303c,0x1C,low_or_data_possible,CE 13 30,1C C0 33 1E CE AA 34 2E CE 13 30 CB F3 52 AA DB E2 53 EC
0x1C012E,9C:012E,DC:012E,0xCD,CMP abs,$3014,wram_3004_303c,0x1C,low_or_data_possible,CD 14 30,0D DF AA 34 2E CE 14 3F CD 14 30 AA DD 03 31 ED E2 32 FD
0x1C0196,9C:0196,DC:0196,0xDE,"DEC abs,X",$3023,wram_3004_303c,0x1C,low_or_data_possible,DE 23 30,D9 B1 65 FA AE 36 9A 2E DE 23 30 ED 03 31 ED 9A E2 43 0E
0x1C0322,9C:0322,DC:0322,0xBD,"LDA abs,X",$2023,wram_201e_2030,0x1C,low_or_data_possible,BD 23 20,66 66 55 67 65 33 AA 0E BD 23 20 0F 0F 0F FF 7A CC AA AB
0x1C03F9,9C:03F9,DC:03F9,0xBE,"LDX abs,Y",$2023,wram_201e_2030,0x1C,low_or_data_possible,BE 23 20,22 11 22 11 21 11 0A AA BE 23 20 F0 0F FF 0F FF 9A 0F EE
0x1C0593,9C:0593,DC:0593,0x2D,AND abs,$202F,wram_201e_2030,0x1C,low_or_data_possible,2D 2F 20,33 42 4A 55 35 04 E2 4A 2D 2F 20 7A 0F FF ED CD CD F2 24
0x1C0BF4,9C:0BF4,DC:0BF4,0xDD,"CMP abs,X",$3025,wram_3004_303c,0x1C,low_or_data_possible,DD 25 30,02 FE 13 11 EC F4 20 AA DD 25 30 EA E4 6F CE E4 A6 36 4D
0x1C12B7,9C:12B7,DC:12B7,0xCE,DEC abs,$2024,wram_201e_2030,0x1C,low_or_data_possible,CE 24 20,31 FC E3 2F 7A 25 50 BB CE 24 20 DC 03 7A 11 44 2D BC E0
0x1C3112,9C:3112,DC:3112,0xFD,"SBC abs,X",$3004,wram_3004_303c,0x1C,low_or_data_possible,FD 04 30,11 B1 9A DF 01 22 1F EC FD 04 30 8A 5D BC F2 14 23 30 FD
0x1C3746,9C:3746,DC:3746,0xDE,"DEC abs,X",$3014,wram_3004_303c,0x1C,low_or_data_possible,DE 14 30,40 0F EE 01 02 21 EF 78 DE 14 30 FD 0E 01 12 11 68 BA D2
0x1C3F17,9C:3F17,DC:3F17,0xEE,INC abs,$3004,wram_3004_303c,0x1C,low_or_data_possible,EE 04 30,27 6E AE 34 BA 1E EF 10 EE 04 30 D0 23 BA 1D DF 1F EE 14
0x1C4AE0,9C:4AE0,DC:4AE0,0xCD,CMP abs,$2022,wram_201e_2030,0x1C,low_or_data_possible,CD 22 20,3E CD C2 25 31 CD 23 31 CD 22 20 C2 FF EF 32 11 ED 12 10
0x1C4B39,9C:4B39,DC:4B39,0xBC,"LDY abs,X",$3024,wram_3004_303c,0x1C,low_or_data_possible,BC 24 30,43 FA C1 B6 20 DB 25 11 BC 24 30 BC B2 D1 54 EB D1 54 EB
0x1C5237,9C:5237,DC:5237,0xEE,INC abs,$201E,wram_201e_2030,0x1C,low_or_data_possible,EE 1E 20,32 50 72 20 6A 0E 0F B1 EE 1E 20 E0 1F 5A 13 11 15 1A 0B
0x1C525A,9C:525A,DC:525A,0x0C,TSB abs,$303C,wram_3004_303c,0x1C,low_or_data_possible,0C 3C 30,22 3F 11 FD FD 5A 2E FD 0C 3C 30 00 22 10 5A DB CD 0E E2
0x1C53C1,9C:53C1,DC:53C1,0xCD,CMP abs,$3014,wram_3004_303c,0x1C,low_or_data_possible,CD 14 30,FC CF 44 1D BE 45 AA 1E CD 14 30 CB 04 42 DA AA E4 53 EB
0x1C53D6,9C:53D6,DC:53D6,0xBE,"LDX abs,Y",$3014,wram_3004_303c,0x1C,low_or_data_possible,BE 14 30,0B C0 35 AA 2D BF 24 3E BE 14 30 CD AA F3 51 DC E1 43 EB
0x1C5401,9C:5401,DC:5401,0xCE,DEC abs,$3013,wram_3004_303c,0x1C,low_or_data_possible,CE 13 30,1C C0 33 1E CE AA 34 2E CE 13 30 CB F3 52 AA DB E2 53 EC
0x1C5416,9C:5416,DC:5416,0xCD,CMP abs,$3014,wram_3004_303c,0x1C,low_or_data_possible,CD 14 30,0D DF AA 34 2E CE 14 3F CD 14 30 AA DD 03 31 ED E2 32 FD
0x1C547E,9C:547E,DC:547E,0xDE,"DEC abs,X",$3023,wram_3004_303c,0x1C,low_or_data_possible,DE 23 30,D9 B1 65 FA AE 36 9A 2E DE 23 30 ED 03 31 ED 9A E2 43 0E
0x1C5594,9C:5594,DC:5594,0xEE,INC abs,$3013,wram_3004_303c,0x1C,low_or_data_possible,EE 13 30,13 46 1B BF 12 2F FF 9A EE 13 30 F1 1D CE 24 2D 9A E1 1F
0x1C5942,9C:5942,DC:5942,0x1D,"ORA abs,X",$3010,wram_3004_303c,0x1C,low_or_data_possible,1D 10 30,D3 40 0F F1 FC 30 FF 01 1D 10 30 2A 61 F3 2B 14 F0 F0 0F
0x1C5F94,9C:5F94,DC:5F94,0xEE,INC abs,$2021,wram_201e_2030,0x1C,low_or_data_possible,EE 21 20,27 63 FE 8A DD E3 52 10 EE 21 20 11 9A FE EF E0 01 41 43
0x1C97F5,9C:97F5,DC:97F5,0x5D,"EOR abs,X",$302D,wram_3004_303c,0x1C,low_or_data_possible,5D 2D 30,C0 FF FD DC AA F2 86 BB 5D 2D 30 FA 21 A3 F4 96 20 21 DF
0x1C9FE4,9C:9FE4,DC:9FE4,0xFD,"SBC abs,X",$3022,wram_3004_303c,0x1C,low_or_data_possible,FD 22 30,26 1F 03 3F B0 12 0E 42 FD 22 30 D5 50 10 CD E2 31 00 26
0x1CA069,9C:A069,DC:A069,0xBE,"LDX abs,Y",$301D,wram_3004_303c,0x1C,low_or_data_possible,BE 1D 30,0E DC 26 32 0F EE CE EF BE 1D 30 36 C0 0F FF 1F EE 01 E0
0x1CA0AA,9C:A0AA,DC:A0AA,0xDD,"CMP abs,X",$3036,wram_3004_303c,0x1C,low_or_data_possible,DD 36 30,26 3B EE 20 EE F2 D1 FE DD 36 30 C0 12 ED 20 DE 10 02 36
0x1CA1AF,9C:A1AF,DC:A1AF,0x1E,"ASL abs,X",$2026,wram_201e_2030,0x1C,low_or_data_possible,1E 26 20,26 11 C0 4D F3 FE E2 00 1E 26 20 E0 0C 14 E4 DC 5E 04 26
0x1CA23D,9C:A23D,DC:A23D,0xCD,CMP abs,$2022,wram_201e_2030,0x1C,low_or_data_possible,CD 22 20,3E CD C2 25 31 CD 23 31 CD 22 20 C2 FF EF 32 11 ED 12 10
0x1CA296,9C:A296,DC:A296,0xBC,"LDY abs,X",$3024,wram_3004_303c,0x1C,low_or_data_possible,BC 24 30,43 FA C1 B6 20 DB 25 11 BC 24 30 BC B2 D1 54 EB D1 54 EB
0x1CA994,9C:A994,DC:A994,0xEE,INC abs,$201E,wram_201e_2030,0x1C,low_or_data_possible,EE 1E 20,32 50 72 20 6A 0E 0F B1 EE 1E 20 E0 1F 5A 13 11 15 1A 0B
0x1CA9B7,9C:A9B7,DC:A9B7,0x0C,TSB abs,$303C,wram_3004_303c,0x1C,low_or_data_possible,0C 3C 30,22 3F 11 FD FD 5A 2E FD 0C 3C 30 00 22 10 5A DB CD 0E E2
0x1CAB1E,9C:AB1E,DC:AB1E,0xCD,CMP abs,$3014,wram_3004_303c,0x1C,low_or_data_possible,CD 14 30,FC CF 44 1D BE 45 AA 1E CD 14 30 CB 04 42 DA AA E4 53 EB
0x1CAB33,9C:AB33,DC:AB33,0xBE,"LDX abs,Y",$3014,wram_3004_303c,0x1C,low_or_data_possible,BE 14 30,0B C0 35 AA 2D BF 24 3E BE 14 30 CD AA F3 51 DC E1 43 EB
0x1CAB5E,9C:AB5E,DC:AB5E,0xCE,DEC abs,$3013,wram_3004_303c,0x1C,low_or_data_possible,CE 13 30,1C C0 33 1E CE AA 34 2E CE 13 30 CB F3 52 AA DB E2 53 EC
0x1CAB73,9C:AB73,DC:AB73,0xCD,CMP abs,$3014,wram_3004_303c,0x1C,low_or_data_possible,CD 14 30,0D DF AA 34 2E CE 14 3F CD 14 30 AA DD 03 31 ED E2 32 FD
0x1CABDB,9C:ABDB,DC:ABDB,0xDE,"DEC abs,X",$3023,wram_3004_303c,0x1C,low_or_data_possible,DE 23 30,D9 B1 65 FA AE 36 9A 2E DE 23 30 ED 03 31 ED 9A E2 43 0E
0x1CACF1,9C:ACF1,DC:ACF1,0xEE,INC abs,$3013,wram_3004_303c,0x1C,low_or_data_possible,EE 13 30,13 46 1B BF 12 2F FF 9A EE 13 30 F1 1D CE 24 2D 9A E1 1F
0x1CB09F,9C:B09F,DC:B09F,0x1D,"ORA abs,X",$3010,wram_3004_303c,0x1C,low_or_data_possible,1D 10 30,D3 40 0F F1 FC 30 FF 01 1D 10 30 2A 61 F3 2B 14 F0 F0 0F
0x1CB74C,9C:B74C,DC:B74C,0x2D,AND abs,$202F,wram_201e_2030,0x1C,low_or_data_possible,2D 2F 20,33 42 4A 55 35 04 E2 4A 2D 2F 20 7A 0F FF ED CD CD F2 24
0x1CF9D7,9C:F9D7,DC:F9D7,0x5D,"EOR abs,X",$302D,wram_3004_303c,0x1C,low_or_data_possible,5D 2D 30,C0 FF FD DC AA F2 86 BB 5D 2D 30 FA 21 A3 F4 96 20 21 DF
0x1D01C6,9D:01C6,DD:01C6,0xFD,"SBC abs,X",$3022,wram_3004_303c,0x1D,low_or_data_possible,FD 22 30,26 1F 03 3F B0 12 0E 42 FD 22 30 D5 50 10 CD E2 31 00 26
0x1D024B,9D:024B,DD:024B,0xBE,"LDX abs,Y",$301D,wram_3004_303c,0x1D,low_or_data_possible,BE 1D 30,0E DC 26 32 0F EE CE EF BE 1D 30 36 C0 0F FF 1F EE 01 E0
0x1D028C,9D:028C,DD:028C,0xDD,"CMP abs,X",$3036,wram_3004_303c,0x1D,low_or_data_possible,DD 36 30,26 3B EE 20 EE F2 D1 FE DD 36 30 C0 12 ED 20 DE 10 02 36
0x1D0391,9D:0391,DD:0391,0x1E,"ASL abs,X",$2026,wram_201e_2030,0x1D,low_or_data_possible,1E 26 20,26 11 C0 4D F3 FE E2 00 1E 26 20 E0 0C 14 E4 DC 5E 04 26
0x1D11D3,9D:11D3,DD:11D3,0xEE,INC abs,$201E,wram_201e_2030,0x1D,low_or_data_possible,EE 1E 20,32 50 72 20 6A 0E 0F B1 EE 1E 20 E0 1F 5A 13 11 15 1A 0B
0x1D11F6,9D:11F6,DD:11F6,0x0C,TSB abs,$303C,wram_3004_303c,0x1D,low_or_data_possible,0C 3C 30,22 3F 11 FD FD 5A 2E FD 0C 3C 30 00 22 10 5A DB CD 0E E2
0x1D14EE,9D:14EE,DD:14EE,0x1D,"ORA abs,X",$3010,wram_3004_303c,0x1D,low_or_data_possible,1D 10 30,D3 40 0F F1 FC 30 FF 01 1D 10 30 2A 61 F3 2B 14 F0 F0 0F
0x1D560A,9D:560A,DD:560A,0xFD,"SBC abs,X",$3004,wram_3004_303c,0x1D,low_or_data_possible,FD 04 30,11 B1 9A DF 01 22 1F EC FD 04 30 8A 5D BC F2 14 23 30 FD
0x1D6037,9D:6037,DD:6037,0xDE,"DEC abs,X",$3014,wram_3004_303c,0x1D,low_or_data_possible,DE 14 30,40 0F EE 01 02 21 EF 78 DE 14 30 FD 0E 01 12 11 68 BA D2
0x1D6F95,9D:6F95,DD:6F95,0x5D,"EOR abs,X",$302D,wram_3004_303c,0x1D,low_or_data_possible,5D 2D 30,C0 FF FD DC AA F2 86 BB 5D 2D 30 FA 21 A3 F4 96 20 21 DF
0x1D7784,9D:7784,DD:7784,0xFD,"SBC abs,X",$3022,wram_3004_303c,0x1D,low_or_data_possible,FD 22 30,26 1F 03 3F B0 12 0E 42 FD 22 30 D5 50 10 CD E2 31 00 26
0x1D7809,9D:7809,DD:7809,0xBE,"LDX abs,Y",$301D,wram_3004_303c,0x1D,low_or_data_possible,BE 1D 30,0E DC 26 32 0F EE CE EF BE 1D 30 36 C0 0F FF 1F EE 01 E0
0x1D784A,9D:784A,DD:784A,0xDD,"CMP abs,X",$3036,wram_3004_303c,0x1D,low_or_data_possible,DD 36 30,26 3B EE 20 EE F2 D1 FE DD 36 30 C0 12 ED 20 DE 10 02 36
0x1D794F,9D:794F,DD:794F,0x1E,"ASL abs,X",$2026,wram_201e_2030,0x1D,low_or_data_possible,1E 26 20,26 11 C0 4D F3 FE E2 00 1E 26 20 E0 0C 14 E4 DC 5E 04 26
0x1D86A0,9D:86A0,DD:86A0,0xCD,CMP abs,$2022,wram_201e_2030,0x1D,low_or_data_possible,CD 22 20,3E CD C2 25 31 CD 23 31 CD 22 20 C2 FF EF 32 11 ED 12 10
0x1D86F9,9D:86F9,DD:86F9,0xBC,"LDY abs,X",$3024,wram_3004_303c,0x1D,low_or_data_possible,BC 24 30,43 FA C1 B6 20 DB 25 11 BC 24 30 BC B2 D1 54 EB D1 54 EB
0x1D89CF,9D:89CF,DD:89CF,0xCD,CMP abs,$3014,wram_3004_303c,0x1D,low_or_data_possible,CD 14 30,FC CF 44 1D BE 45 AA 1E CD 14 30 CB 04 42 DA AA E4 53 EB
0x1D89E4,9D:89E4,DD:89E4,0xBE,"LDX abs,Y",$3014,wram_3004_303c,0x1D,low_or_data_possible,BE 14 30,0B C0 35 AA 2D BF 24 3E BE 14 30 CD AA F3 51 DC E1 43 EB
0x1D8A0F,9D:8A0F,DD:8A0F,0xCE,DEC abs,$3013,wram_3004_303c,0x1D,low_or_data_possible,CE 13 30,1C C0 33 1E CE AA 34 2E CE 13 30 CB F3 52 AA DB E2 53 EC
0x1D8A24,9D:8A24,DD:8A24,0xCD,CMP abs,$3014,wram_3004_303c,0x1D,low_or_data_possible,CD 14 30,0D DF AA 34 2E CE 14 3F CD 14 30 AA DD 03 31 ED E2 32 FD
0x1D8A8C,9D:8A8C,DD:8A8C,0xDE,"DEC abs,X",$3023,wram_3004_303c,0x1D,low_or_data_possible,DE 23 30,D9 B1 65 FA AE 36 9A 2E DE 23 30 ED 03 31 ED 9A E2 43 0E
0x1D8BA2,9D:8BA2,DD:8BA2,0xEE,INC abs,$3013,wram_3004_303c,0x1D,low_or_data_possible,EE 13 30,13 46 1B BF 12 2F FF 9A EE 13 30 F1 1D CE 24 2D 9A E1 1F
0x1D8F50,9D:8F50,DD:8F50,0x1D,"ORA abs,X",$3010,wram_3004_303c,0x1D,low_or_data_possible,1D 10 30,D3 40 0F F1 FC 30 FF 01 1D 10 30 2A 61 F3 2B 14 F0 F0 0F
0x1D95A2,9D:95A2,DD:95A2,0xEE,INC abs,$2021,wram_201e_2030,0x1D,low_or_data_possible,EE 21 20,27 63 FE 8A DD E3 52 10 EE 21 20 11 9A FE EF E0 01 41 43
0x1D971D,9D:971D,DD:971D,0x2D,AND abs,$202F,wram_201e_2030,0x1D,low_or_data_possible,2D 2F 20,33 42 4A 55 35 04 E2 4A 2D 2F 20 7A 0F FF ED CD CD F2 24
0x1DA51C,9D:A51C,DD:A51C,0xEE,INC abs,$3004,wram_3004_303c,0x1D,low_or_data_possible,EE 04 30,27 6E AE 34 BA 1E EF 10 EE 04 30 D0 23 BA 1D DF 1F EE 14
0x1DAB9B,9D:AB9B,DD:AB9B,0xEE,INC abs,$3023,wram_3004_303c,0x1D,low_or_data_possible,EE 23 30,31 E1 E0 3D DC C1 8A 1F EE 23 30 B2 51 0F 13 8A 31 C0 51
0x1DB9BE,9D:B9BE,DD:B9BE,0x2E,ROL abs,$3025,wram_3004_303c,0x1D,low_or_data_possible,2E 25 30,43 12 1F 34 54 7A 33 F2 2E 25 30 22 E1 4F 7A 12 F0 00 FE
0x1DC2F2,9D:C2F2,DD:C2F2,0xFE,"INC abs,X",$3014,wram_3004_303c,0x1D,low_or_data_possible,FE 14 30,03 11 0B BE FF 42 EF 5A FE 14 30 10 D0 43 25 4C 5A C0 E0
0x1DD5EE,9D:D5EE,DD:D5EE,0xFE,"INC abs,X",$3014,wram_3004_303c,0x1D,low_or_data_possible,FE 14 30,03 01 1C 9E F0 42 EF 5A FE 14 30 00 E0 43 25 4C 5A B1 E0
0x1DE2A9,9D:E2A9,DD:E2A9,0xFD,"SBC abs,X",$3004,wram_3004_303c,0x1D,low_or_data_possible,FD 04 30,11 B1 9A DF 01 22 1F EC FD 04 30 8A 5D BC F2 14 23 30 FD
0x1DF454,9D:F454,DD:F454,0x5D,"EOR abs,X",$302D,wram_3004_303c,0x1D,low_or_data_possible,5D 2D 30,C0 FF FD DC AA F2 86 BB 5D 2D 30 FA 21 A3 F4 96 20 21 DF
0x1DFC43,9D:FC43,DD:FC43,0xFD,"SBC abs,X",$3022,wram_3004_303c,0x1D,low_or_data_possible,FD 22 30,26 1F 03 3F B0 12 0E 42 FD 22 30 D5 50 10 CD E2 31 00 26
0x1DFCC8,9D:FCC8,DD:FCC8,0xBE,"LDX abs,Y",$301D,wram_3004_303c,0x1D,low_or_data_possible,BE 1D 30,0E DC 26 32 0F EE CE EF BE 1D 30 36 C0 0F FF 1F EE 01 E0
0x1DFD09,9D:FD09,DD:FD09,0xDD,"CMP abs,X",$3036,wram_3004_303c,0x1D,low_or_data_possible,DD 36 30,26 3B EE 20 EE F2 D1 FE DD 36 30 C0 12 ED 20 DE 10 02 36
0x1DFE0E,9D:FE0E,DD:FE0E,0x1E,"ASL abs,X",$2026,wram_201e_2030,0x1D,low_or_data_possible,1E 26 20,26 11 C0 4D F3 FE E2 00 1E 26 20 E0 0C 14 E4 DC 5E 04 26
0x1DFE76,9D:FE76,DD:FE76,0xEE,INC abs,$3004,wram_3004_303c,0x1D,low_or_data_possible,EE 04 30,27 6E AE 34 BA 1E EF 10 EE 04 30 D0 23 BA 1D DF 1F EE 14
0x1E08F2,9E:08F2,DE:08F2,0xCD,CMP abs,$2022,wram_201e_2030,0x1E,low_or_data_possible,CD 22 20,3E CD C2 25 31 CD 23 31 CD 22 20 C2 FF EF 32 11 ED 12 10
0x1E094B,9E:094B,DE:094B,0xBC,"LDY abs,X",$3024,wram_3004_303c,0x1E,low_or_data_possible,BC 24 30,43 FA C1 B6 20 DB 25 11 BC 24 30 BC B2 D1 54 EB D1 54 EB
0x1E14CC,9E:14CC,DE:14CC,0xDD,"CMP abs,X",$3017,wram_3004_303c,0x1E,low_or_data_possible,DD 17 30,01 D3 10 01 30 01 D9 28 DD 17 30 01 30 01 DC FE DE D9 1C
0x1E158F,9E:158F,DE:158F,0xDD,"CMP abs,X",$3018,wram_3004_303c,0x1E,low_or_data_possible,DD 18 30,01 60 01 DC FF DE D9 21 DD 18 30 01 30 01 DC FE DE D9 21
0x1E1948,9E:1948,DE:1948,0x3D,"AND abs,X",$303C,wram_3004_303c,0x1E,low_or_data_possible,3D 3C 30,05 65 05 B5 05 D3 15 05 3D 3C 30 01 00 02 D4 BD BC B0 01
0x1E197E,9E:197E,DE:197E,0x2D,AND abs,$202C,wram_201e_2030,0x1E,low_or_data_possible,2D 2C 20,F8 05 5D 5C 50 01 00 02 2D 2C 20 01 00 02 3D 3C 30 01 00
0x1E1984,9E:1984,DE:1984,0x3D,"AND abs,X",$303C,wram_3004_303c,0x1E,low_or_data_possible,3D 3C 30,00 02 2D 2C 20 01 00 02 3D 3C 30 01 00 02 5D 5C 50 01 00
0x1E1996,9E:1996,DE:1996,0x3D,"AND abs,X",$303C,wram_3004_303c,0x1E,low_or_data_possible,3D 3C 30,00 02 7D 7C 70 01 00 02 3D 3C 30 01 00 02 DC E8 D3 3D 3C
0x1E199F,9E:199F,DE:199F,0x3D,"AND abs,X",$303C,wram_3004_303c,0x1E,low_or_data_possible,3D 3C 30,3C 30 01 00 02 DC E8 D3 3D 3C 30 01 00 02 5D 5C 50 01 00
0x1E1A0F,9E:1A0F,DE:1A0F,0x3D,"AND abs,X",$303C,wram_3004_303c,0x1E,low_or_data_possible,3D 3C 30,65 05 BD BC B0 01 00 02 3D 3C 30 01 00 02 5D 5C 50 01 00
0x1E1A35,9E:1A35,DE:1A35,0x2D,AND abs,$202C,wram_201e_2030,0x1E,low_or_data_possible,2D 2C 20,05 55 05 A5 05 C5 05 D3 2D 2C 20 01 00 02 D4 AD AC A0 01
0x1E1A4F,9E:1A4F,DE:1A4F,0x3D,"AND abs,X",$303C,wram_3004_303c,0x1E,low_or_data_possible,3D 3C 30,02 AD AC A0 01 00 02 D3 3D 3C 30 01 00 02 D4 7D 7C 70 01
0x1E1A5D,9E:1A5D,DE:1A5D,0x3D,"AND abs,X",$303C,wram_3004_303c,0x1E,low_or_data_possible,3D 3C 30,D4 7D 7C 70 01 00 02 D3 3D 3C 30 01 00 02 2D 2C 20 01 00
0x1E1A63,9E:1A63,DE:1A63,0x2D,AND abs,$202C,wram_201e_2030,0x1E,low_or_data_possible,2D 2C 20,02 D3 3D 3C 30 01 00 02 2D 2C 20 01 00 02 1B 15 05 15 05
0x1E3542,9E:3542,DE:3542,0x3D,"AND abs,X",$303C,wram_3004_303c,0x1E,low_or_data_possible,3D 3C 30,D4 CD CC C0 02 00 01 D3 3D 3C 30 02 00 01 3D 3C 30 02 00
0x1E3548,9E:3548,DE:3548,0x3D,"AND abs,X",$303C,wram_3004_303c,0x1E,low_or_data_possible,3D 3C 30,01 D3 3D 3C 30 02 00 01 3D 3C 30 02 00 01 2D 2C 20 02 00
0x1E354E,9E:354E,DE:354E,0x2D,AND abs,$202C,wram_201e_2030,0x1E,low_or_data_possible,2D 2C 20,00 01 3D 3C 30 02 00 01 2D 2C 20 02 00 01 3D 3C 30 02 00
0x1E3554,9E:3554,DE:3554,0x3D,"AND abs,X",$303C,wram_3004_303c,0x1E,low_or_data_possible,3D 3C 30,00 01 2D 2C 20 02 00 01 3D 3C 30 02 00 01 5D 5C 50 02 00
0x1E36C2,9E:36C2,DE:36C2,0x3D,"AND abs,X",$303C,wram_3004_303c,0x1E,low_or_data_possible,3D 3C 30,D4 CD CC C0 02 00 01 D3 3D 3C 30 02 00 01 3D 3C 30 02 00
0x1E36C8,9E:36C8,DE:36C8,0x3D,"AND abs,X",$303C,wram_3004_303c,0x1E,low_or_data_possible,3D 3C 30,01 D3 3D 3C 30 02 00 01 3D 3C 30 02 00 01 2D 2C 20 02 00
0x1E36CE,9E:36CE,DE:36CE,0x2D,AND abs,$202C,wram_201e_2030,0x1E,low_or_data_possible,2D 2C 20,00 01 3D 3C 30 02 00 01 2D 2C 20 02 00 01 3D 3C 30 02 00
0x1E36D4,9E:36D4,DE:36D4,0x3D,"AND abs,X",$303C,wram_3004_303c,0x1E,low_or_data_possible,3D 3C 30,00 01 2D 2C 20 02 00 01 3D 3C 30 02 00 01 5D 5C 50 02 00
0x1E3819,9E:3819,DE:3819,0x3D,"AND abs,X",$303C,wram_3004_303c,0x1E,low_or_data_possible,3D 3C 30,B3 D3 1D 1C 10 02 00 01 3D 3C 30 02 00 01 13 D4 A5 05 84
0x1E46DB,9E:46DB,DE:46DB,0x3D,"AND abs,X",$303C,wram_3004_303c,0x1E,low_or_data_possible,3D 3C 30,05 65 05 B5 05 D3 15 05 3D 3C 30 02 00 01 D4 BD BC B0 02
0x1E46EF,9E:46EF,DE:46EF,0x3D,"AND abs,X",$303C,wram_3004_303c,0x1E,low_or_data_possible,3D 3C 30,01 D3 1D 1C 10 02 00 01 3D 3C 30 02 00 01 1D 1C 10 02 00
0x1E470F,9E:470F,DE:470F,0x2D,AND abs,$202C,wram_201e_2030,0x1E,low_or_data_possible,2D 2C 20,35 05 5D 5C 50 02 00 01 2D 2C 20 02 00 01 83 74 54 7B 75
0x1E8A21,9E:8A21,DE:8A21,0xDD,"CMP abs,X",$3006,wram_3004_303c,0x1E,low_or_data_possible,DD 06 30,06 50 01 DC 06 DE D9 13 DD 06 30 01 DC 06 DE D9 09 DD 10
0x1E8BC8,9E:8BC8,DE:8BC8,0xDD,"CMP abs,X",$3012,wram_3004_303c,0x1E,low_or_data_possible,DD 12 30,06 10 01 DC 06 DE D9 13 DD 12 30 01 DC 06 DE D9 10 DD 06
0x1F1005,9F:1005,DF:1005,0x0D,ORA abs,$3031,wram_3004_303c,0x1F,low_or_data_possible,0D 31 30,10 20 D5 01 10 D5 00 D8 0D 31 30 D5 00 E2 01 D7 05 E1 E2
0x1F1023,9F:1023,DF:1023,0x0D,ORA abs,$3031,wram_3004_303c,0x1F,low_or_data_possible,0D 31 30,D5 01 10 D5 00 D7 F0 D8 0D 31 30 D5 00 D7 F1 D9 01 E1 D0
0x1F1C9F,9F:1C9F,DF:1C9F,0xDE,"DEC abs,X",$3028,wram_3004_303c,0x1F,low_or_data_possible,DE 28 30,EB 2C DE 28 DE 28 DE 28 DE 28 30 2D 63 2D 8F 2D 4B 2E 63
0x1F3C2E,9F:3C2E,DF:3C2E,0xD9,"CMP abs,Y",$3028,wram_3004_303c,0x1F,low_or_data_possible,D9 28 30,A5 D3 D1 31 15 D1 5A D4 D9 28 30 01 D9 2D 40 01 D9 32 80
0x1F9ECA,9F:9ECA,DF:9ECA,0x9C,STZ abs,$201F,wram_201e_2030,0x1F,low_or_data_possible,9C 1F 20,31 01 7C 61 CC 40 2F 42 9C 1F 20 31 FF 42 53 FF 64 00 75
0x1FA0C3,9F:A0C3,DF:A0C3,0xF9,"SBC abs,Y",$3037,wram_3004_303c,0x1F,low_or_data_possible,F9 37 30,43 42 84 73 5F 40 3F 38 F9 37 30 2F 29 28 73 92 4B 60 F1
0x1FA1D8,9F:A1D8,DF:A1D8,0xDD,"CMP abs,X",$2020,wram_201e_2030,0x1F,low_or_data_possible,DD 20 20,88 FF 99 AA FF BB CC FF DD 20 20 20 00 00 80 7F EF FF 00
0x1FA1F3,9F:A1F3,DF:A1F3,0x9E,"STZ abs,X",$2020,wram_201e_2030,0x1F,low_or_data_possible,9E 20 20,13 66 77 F4 7E 10 8F FC 9E 20 20 FC 01 02 03 04 05 06 AF
0x1FAF28,9F:AF28,DF:AF28,0x1E,"ASL abs,X",$201F,wram_201e_2030,0x1F,low_or_data_possible,1E 1F 20,19 16 1A 1B 1C 1D FF 00 1E 1F 20 21 22 23 24 FF 25 26 27
0x1FB3F2,9F:B3F2,DF:B3F2,0xDD,"CMP abs,X",$201F,wram_201e_2030,0x1F,low_or_data_possible,DD 1F 20,1F 21 11 28 11 FC E7 E8 DD 1F 20 17 28 12 21 FF 27 25 26
0x1FB741,9F:B741,DF:B741,0x2E,ROL abs,$302F,wram_3004_303c,0x1F,low_or_data_possible,2E 2F 30,60 60 6D C0 07 2D C5 EF 2E 2F 30 BC 31 6E 6F 70 7F C0 10
0x1FB844,9F:B844,DF:B844,0xF9,"SBC abs,Y",$3007,wram_3004_303c,0x1F,low_or_data_possible,F9 07 30,EF 1F F7 00 62 F4 01 F4 F9 07 30 3F 1F 08 9F 32 EF 20 16
0x1FB97D,9F:B97D,DF:B97D,0x1E,"ASL abs,X",$201F,wram_201e_2030,0x1F,low_or_data_possible,1E 1F 20,1F 21 11 7E 28 11 1D 05 1E 1F 20 17 28 7F 12 21 27 25 26
0x1FC645,9F:C645,DF:C645,0x3E,"ROL abs,X",$2027,wram_201e_2030,0x1F,low_or_data_possible,3E 27 20,26 75 49 2E 37 F5 00 4B 3E 27 20 3C B4 6C 3E 20 4F 75 12
0x1FCACE,9F:CACE,DF:CACE,0x3D,"AND abs,X",$3031,wram_3004_303c,0x1F,low_or_data_possible,3D 31 30,2E 00 45 DF 43 40 F3 3F 3D 31 30 2D F7 2C 21 20 17 FE 03
0x1FCAD3,9F:CAD3,DF:CAD3,0x2C,BIT abs,$2021,wram_201e_2030,0x1F,low_or_data_possible,2C 21 20,40 F3 3F 3D 31 30 2D F7 2C 21 20 17 FE 03 15 13 12 7D F1
0x1FCB92,9F:CB92,DF:CB92,0xCE,DEC abs,$202A,wram_201e_2030,0x1F,low_or_data_possible,CE 2A 20,FF EB FC F1 C5 21 60 C6 CE 2A 20 00 2C 00 1E 1A 00 03 00
0x1FFEBC,9F:FEBC,DF:FEBC,0x3E,"ROL abs,X",$2022,wram_201e_2030,0x1F,low_or_data_possible,3E 22 20,E8 C4 FF E4 29 86 89 12 3E 22 20 03 06 D6 00 5A 34 00 2A
